prestashop_product_id,shobi_code,shobi_name,reference,reference_prefix,inspired_by,category,price_from_eur,official_description,url,first_seen,last_seen,status,classification_rule,source
5117,2849-STE,2849-STE N,AR612,AR,HARRODS RUBY NAGA,Niche Perfumes,15.0,"2849-STE Inspired by the fragrance notes of HARRODS RUBY NAGA. Unisex perfume with fruity, floral, sweet, vanilla and amber notes.",https://leparfum.com.gr/en/niche-perfumes/2849-ste-n,2026-08-20,2026-08-20,ACTIVE,Choose+Bottle+Extra Essence,SHOBI_LIVE_SHOW_ALL
5116,2848-PRFRO,2848-PRFRO N,AR611,AR,VANITAS,Niche Perfumes,15.0,"2848-PRFRO Inspired by the fragrance notes of VANITAS. Unisex perfume with vanilla, sweet, balsamic, floral and woody notes.",https://leparfum.com.gr/en/niche-perfumes/2848-prfro-n,2026-08-20,2026-08-20,ACTIVE,Choose+Bottle+Extra Essence,SHOBI_LIVE_SHOW_ALL
5115,2847-NISH,2847-NISH N,AR610,AR,HUNDRED SILENT WAYS X,Niche Perfumes,15.0,"2847-NISH Inspired by the fragrance notes of HUNDRED SILENT WAYS X. Unisex perfume with floral, gourmand, leathery, vanilla and fruity notes.",https://leparfum.com.gr/en/niche-perfumes/2847-nish-n,2026-08-20,2026-08-20,ACTIVE,Choose+Bottle+Extra Essence,SHOBI_LIVE_SHOW_ALL
5114,2846-MIN,2846-MIN N,AR609,AR,COUNTER PLAY,Niche Perfumes,15.0,"2846-MIN Inspired by the fragrance notes of COUNTER PLAY. Unisex perfume with fruity, tropical, floral, woody and sweet notes.",https://leparfum.com.gr/en/niche-perfumes/2846-min-n,2026-08-20,2026-08-20,ACTIVE,Choose+Bottle+Extra Essence,SHOBI_LIVE_SHOW_ALL
5113,2845-LUS,2845-LUS,EL473,EL,WE BELIEVE IN GLINDA,Elegants Fragrances,10.0,"2845-LUS Inspired by the fragrance notes of WE BELIEVE IN GLINDA. Unisex perfume with powdery, floral, violet, vanilla and almond notes.",https://leparfum.com.gr/en/elegants-fragrances/2845-lus,2026-08-20,2026-08-20,ACTIVE,Choose+Bottle+Extra Essence,SHOBI_LIVE_SHOW_ALL
5112,2844-LUS,2844-LUS,EL472,EL,BLACK PEARL,Elegants Fragrances,10.0,"2844-LUS Inspired by the fragrance notes of BLACK PEARL. Unisex perfume with aromatic, herbal, floral, resinous and amber notes.",https://leparfum.com.gr/en/elegants-fragrances/2844-lus,2026-08-20,2026-08-20,ACTIVE,Choose+Bottle+Extra Essence,SHOBI_LIVE_SHOW_ALL
5111,2843-LEL,2843-LEL N,AR608,AR,LABDANUM 18,Niche Perfumes,15.0,"2843-LEL Inspired by the fragrance notes of LABDANUM 18. Unisex perfume with amber, musky, resinous, vanilla and warm spicy notes.",https://leparfum.com.gr/en/niche-perfumes/2843-lel-n,2026-08-20,2026-08-20,ACTIVE,Choose+Bottle+Extra Essence,SHOBI_LIVE_SHOW_ALL
5110,2842-KYLJ,2842-KYLJ W,WP883,WP,VANILLA DEW,Fragrances For Women,9.0,"2842-KYLJ Inspired by the fragrance notes of VANILLA DEW. Women's perfume with creamy, vanilla, milky, floral and almond notes.",https://leparfum.com.gr/en/fragrances-for-women/2842-kylj-w,2026-08-20,2026-08-20,ACTIVE,Choose+Bottle+Extra Essence,SHOBI_LIVE_SHOW_ALL
5109,2841-KYLJ,2841-KYLJ W,WP882,WP,SWEET ECLAIRE,Fragrances For Women,9.0,"2841-KYLJ Inspired by the fragrance notes of SWEET ECLAIRE. Women's perfume with gourmand, chocolate, vanilla, sweet and woody amber notes.",https://leparfum.com.gr/en/fragrances-for-women/2841-kylj-w,2026-08-20,2026-08-20,ACTIVE,Choose+Bottle+Extra Essence,SHOBI_LIVE_SHOW_ALL
5108,2840-KYLJ,2840-KYLJ W,WP881,WP,CARAMEL CLOUD,Fragrances For Women,9.0,"2840-KYLJ Inspired by the fragrance notes of CARAMEL CLOUD. Women's perfume with gourmand, caramel, vanilla, nutty and sweet notes.",https://leparfum.com.gr/en/fragrances-for-women/2840-kylj-w,2026-08-20,2026-08-20,ACTIVE,Choose+Bottle+Extra Essence,SHOBI_LIVE_SHOW_ALL
5107,2839-JUL,2839-JUL N,AR607,AR,POWDER LOVE,Niche Perfumes,15.0,"2839-JUL Inspired by the fragrance notes of POWDER LOVE. Unisex perfume with powdery, gourmand, sweet, musky and soft floral notes.",https://leparfum.com.gr/en/niche-perfumes/2839-jul-n,2026-08-20,2026-08-20,ACTIVE,Choose+Bottle+Extra Essence,SHOBI_LIVE_SHOW_ALL
5106,2838-JIM,2838-JIM W,WP880,WP,I WANT CHOO WITH LOVE,Fragrances For Women,9.0,"2838-JIM Inspired by the fragrance notes of I WANT CHOO WITH LOVE. Women's perfume with floral, fruity, sweet, rosy and musky notes.",https://leparfum.com.gr/en/fragrances-for-women/2838-jim-w,2026-08-20,2026-08-20,ACTIVE,Choose+Bottle+Extra Essence,SHOBI_LIVE_SHOW_ALL
5105,2837-GUL,2837-GUL MP,MP404,MP,SCANDAL POUR HOMME ELIXIR,Fragrances For Men,9.0,"2837-GUL Inspired by the fragrance notes of SCANDAL POUR HOMME ELIXIR. Men's perfume with fruity, sweet, woody, aromatic and warm spicy notes.",https://leparfum.com.gr/en/fragrances-for-men/2837-gul-mp,2026-08-20,2026-08-20,ACTIVE,Choose+Bottle+Extra Essence,SHOBI_LIVE_SHOW_ALL
5104,2836-FRA,2836-FRA N,AR606,AR,MADNESS,Niche Perfumes,15.0,"2836-FRA Inspired by the fragrance notes of MADNESS. Unisex perfume with gourmand, coconut, vanilla, woody and amber notes.",https://leparfum.com.gr/en/niche-perfumes/2836-fra-n,2026-08-20,2026-08-20,ACTIVE,Choose+Bottle+Extra Essence,SHOBI_LIVE_SHOW_ALL
5103,2835-BORN,2835-BORN N,AR605,AR,PURPLE STAIN,Niche Perfumes,15.0,"2835-BORN Inspired by the fragrance notes of PURPLE STAIN. Unisex perfume with warm spicy, sweet, woody, balsamic and oud notes.",https://leparfum.com.gr/en/niche-perfumes/2835-born-n,2026-08-20,2026-08-20,ACTIVE,Choose+Bottle+Extra Essence,SHOBI_LIVE_SHOW_ALL
5102,2834-AMG,2834-AMG N,AR604,AR,SINDBAD,Niche Perfumes,15.0,"2834-AMG Inspired by the fragrance notes of SINDBAD. Unisex perfume with woody, spicy, fruity, sweet and gourmand notes.",https://leparfum.com.gr/en/niche-perfumes/2834-amg-n,2026-08-20,2026-08-20,ACTIVE,Choose+Bottle+Extra Essence,SHOBI_LIVE_SHOW_ALL
5101,2833-AMG,2833-AMG N,AR603,AR,MEANDER,Niche Perfumes,15.0,"2833-AMG Inspired by the fragrance notes of MEANDER. Unisex perfume with woody, powdery, earthy, spicy and balsamic notes. A refined and enveloping scent, admired for its creamy woods and elegant incense character.",https://leparfum.com.gr/en/niche-perfumes/2833-amg-n,2026-08-20,2026-08-20,ACTIVE,Choose+Bottle+Extra Essence,SHOBI_LIVE_SHOW_ALL
5099,2832-ZAD,2832-ZAD W,WP879,WP,Zadig Eau de Parfum,Fragrances For Women,9.0,"2832-ZAD W Inspired by the fragrance notes of Zadig Eau de Parfum. Women's perfume white floral, vanilla, citrus, fresh spicy, powdery, woody, sweet, fresh, warm spicy, soapy.",https://leparfum.com.gr/en/fragrances-for-women/2832-zad-w,2026-08-20,2026-08-20,ACTIVE,Choose+Bottle+Extra Essence,SHOBI_LIVE_SHOW_ALL
5098,2831-GISS,2831-GISS,EL471,EL,Martinique Osmanthus Gissah 2025,Elegants Fragrances,10.0,"2831-GISS Inspired by the fragrance notes of Martinique Osmanthus Gissah 2025. Unisex perfume fruity, floral, caramel, white floral, almond, sweet, nutty, lactonic, soft spicy.",https://leparfum.com.gr/en/elegants-fragrances/Martinique_Osmanthus_Gissah_inspired,2026-08-20,2026-08-20,ACTIVE,Choose+Bottle+Extra Essence,SHOBI_LIVE_SHOW_ALL
5097,2830-VAL,2830-VAL,EL470,EL,Sogno In Rosso,Elegants Fragrances,10.0,"2830-VAL Inspired by the fragrance notes of Sogno In Rosso. Unisex perfume fresh spicy, lactonic, vanilla, woody, aromatic, amber, white floral, warm spicy, powdery, sweet.",https://leparfum.com.gr/en/elegants-fragrances/2830-val,2026-08-20,2026-08-20,ACTIVE,Choose+Bottle+Extra Essence,SHOBI_LIVE_SHOW_ALL
5096,2829-PARF,2829-PARF N,AR602,AR,Athénaïs,Niche Perfumes,15.0,"2829-PARF N Inspired by the fragrance notes of Athénaïs. Women's perfume white floral, citrus, vanilla, sweet, floral, amber, fresh spicy.",https://leparfum.com.gr/en/niche-perfumes/2829-parf-n,2026-08-20,2026-08-20,ACTIVE,Choose+Bottle+Extra Essence,SHOBI_LIVE_SHOW_ALL
5095,2828-ATEL,2828-ATEL N,AR601,AR,Vanille Carbone Atelier Materi,Niche Perfumes,15.0,"2828-ATEL N Inspired by the fragrance notes of Vanille Carbone Atelier Materi. Unisex perfume vanilla, fresh spicy, amber, leather, soft spicy, warm spicy, powdery, sweet, balsamic, animalic.",https://leparfum.com.gr/en/niche-perfumes/Vanille_Carbone_fragrance,2026-08-20,2026-08-20,ACTIVE,Choose+Bottle+Extra Essence,SHOBI_LIVE_SHOW_ALL
5094,2827-BYR,2827-BYR N,AR600,AR,Bal d'Afrique Absolu,Niche Perfumes,15.0,"2827-BYR N Inspired by the fragrance notes of Bal d'Afrique Absolu. Unisex perfume citrus, woody, aromatic, sweet, amber, fruity, powdery, animalic, musky.",https://leparfum.com.gr/en/niche-perfumes/absolu_perfumes,2026-08-20,2026-08-20,ACTIVE,Choose+Bottle+Extra Essence,SHOBI_LIVE_SHOW_ALL
5093,2826-SOL,2826-SOL,EL469,EL,Cheirosa 91 Sol de Janeiro,Elegants Fragrances,10.0,"2826-SOL Inspired by the fragrance notes of Cheirosa 91 Sol de Janeiro. Women's perfume sweet, rose, tropical, floral, fruity, fresh, honey, amber, soft spicy.",https://leparfum.com.gr/en/elegants-fragrances/Cheirosa_91_Sol_fragrances_type,2026-08-20,2026-08-20,ACTIVE,Choose+Bottle+Extra Essence,SHOBI_LIVE_SHOW_ALL
5092,2825-RARB,2825-RARB,EL468,EL,Rare Beauty,Elegants Fragrances,10.0,"2825-RARB Inspired by the fragrance notes of Rare Beauty. Unisex perfume vanilla, sweet, powdery, caramel, woody, musky, fresh spicy, cacao.",https://leparfum.com.gr/en/elegants-fragrances/rare_beauty_perfume_inspired,2026-08-20,2026-08-20,ACTIVE,Choose+Bottle+Extra Essence,SHOBI_LIVE_SHOW_ALL
5091,2824-NRO,2824-NRO W,WP878,WP,Pure Musc Blanc For Her,Fragrances For Women,9.0,"2824-NRO W Inspired by the fragrance notes of Pure Musc Blanc For Her. Women's perfume white floral, fresh, musky, aldehydic, powdery, vanilla, animalic.",https://leparfum.com.gr/en/fragrances-for-women/musc_perfumes,2026-08-20,2026-08-20,ACTIVE,Choose+Bottle+Extra Essence,SHOBI_LIVE_SHOW_ALL
5090,2823-KAY,2823-KAY,EL467,EL,Eden Plush Pear | 23 Kayali,Elegants Fragrances,10.0,"2823-KAY Inspired by the fragrance notes of Eden Plush Pear | 23 Kayali. Women's perfume white floral, fruity, floral, sweet, vanilla, fresh, woody, aquatic, citrus.",https://leparfum.com.gr/en/elegants-fragrances/Eden_Plush_Pear_parfum_type,2026-08-20,2026-08-20,ACTIVE,Choose+Bottle+Extra Essence,SHOBI_LIVE_SHOW_ALL
5089,2822-DRC,2822-DRC W,WP877,WP,Addict Purple Glow Eau De Parfum,Fragrances For Women,9.0,"2822-DRC W Inspired by the fragrance notes of Addict Purple Glow Eau De Parfum. Women's perfume fruity, iris, sweet, powdery, violet, vanilla, earthy.",https://leparfum.com.gr/en/fragrances-for-women/eau_de_parfums,2026-08-20,2026-08-20,ACTIVE,Choose+Bottle+Extra Essence,SHOBI_LIVE_SHOW_ALL
5088,2821-DRC,2821-DRC W,WP876,WP,Addict Peachy Glow Eau de Parfum,Fragrances For Women,9.0,"2821-DRC W Inspired by the fragrance notes of Addict Peachy Glow Eau de Parfum. Women's perfume vanilla, sweet, fruity, white floral, powdery, lactonic.",https://leparfum.com.gr/en/fragrances-for-women/peachy_perfumes,2026-08-20,2026-08-20,ACTIVE,Choose+Bottle+Extra Essence,SHOBI_LIVE_SHOW_ALL
5087,2820-MIN,2820-MIN N,AR599,AR,Queening Mind Games,Niche Perfumes,15.0,"2820-MIN N Inspired by the fragrance notes of Queening Mind Games. Unisex perfume powdery, vanilla, coconut, iris, sweet, musky, fruity.",https://leparfum.com.gr/en/niche-perfumes/Queening_Mind_Games_inspired,2026-08-20,2026-08-20,ACTIVE,Choose+Bottle+Extra Essence,SHOBI_LIVE_SHOW_ALL
5086,2819-AKR,2819-AKR,EL466,EL,Awake Akro,Elegants Fragrances,10.0,"2819-AKR Inspired by the fragrance notes of Awake Akro. Unisex perfume warm spicy, coffee, aromatic, citrus, woody.",https://leparfum.com.gr/en/elegants-fragrances/akro_perfume_type,2026-08-20,2026-08-20,ACTIVE,Choose+Bottle+Extra Essence,SHOBI_LIVE_SHOW_ALL
5085,2818-SWISA,2818-SWISA N,AR598,AR,Shaghaf Oud Swiss Arabian,Niche Perfumes,15.0,"2818-SWISA N Inspired by the fragrance notes of Shaghaf Oud Swiss Arabian. Unisex perfume sweet, oud, vanilla, rose, warm spicy, lactonic, nutty, metallic, powdery.",https://leparfum.com.gr/en/niche-perfumes/Swiss_Arabian_dupe,2026-08-20,2026-08-20,ACTIVE,Choose+Bottle+Extra Essence,SHOBI_LIVE_SHOW_ALL
5084,2817-INI,2817-INI LUX,LUX041,LUX,Oud for Greatness Neo Initio Parfums,Luxury Perfumes,20.0,"2817-INI LUXInspired by the fragrance notes of Oud for Greatness Neo Initio Parfums. Unisex perfume fresh spicy, aromatic, oud, lavender, woody, citrus, warm spicy, conifer.",https://leparfum.com.gr/en/luxury-perfumes/oud_greatness_perfume,2026-08-20,2026-08-20,ACTIVE,Choose+Bottle+Extra Essence,SHOBI_LIVE_SHOW_ALL
5083,2816-MOOD,2816-MOOD,EL465,EL,Blonde Maracuja Mood London,Elegants Fragrances,10.0,"2816-MOOD Inspired by the fragrance notes of Blonde Maracuja Mood London. Unisex perfume with Passion fruit, Peach, Green pear, Lily, Sandalwood, Vanilla, Patchouli.",https://leparfum.com.gr/en/elegants-fragrances/2816-mood,2026-08-20,2026-08-20,ACTIVE,Choose+Bottle+Extra Essence,SHOBI_LIVE_SHOW_ALL
5082,2815-DOL,2815-DOL W,WP875,WP,By for women,Fragrances For Women,9.0,"2815-DOL W Inspired by the fragrance notes of By for women. Women's perfume powdery, woody, fresh spicy, lavender, musky, coffee, white floral, citrus.",https://leparfum.com.gr/en/fragrances-for-women/2815-dol-w,2026-08-20,2026-08-20,ACTIVE,Choose+Bottle+Extra Essence,SHOBI_LIVE_SHOW_ALL
5081,2814-TMFO,2814-TMFO N,AR597,AR,Figue Erotique Tom Ford,Niche Perfumes,15.0,"2814-TMFO N Inspired by the fragrance notes of Figue Erotique Tom Ford. Unisex perfume sweet, woody, green, fruity, yellow floral, citrus, fresh, soft spicy, salty.",https://leparfum.com.gr/en/niche-perfumes/erotique_perfumes,2026-08-20,2026-08-20,ACTIVE,Choose+Bottle+Extra Essence,SHOBI_LIVE_SHOW_ALL
5080,2813-OMA,2813-OMA N,AR596,AR,Caden Omanluxury,Niche Perfumes,15.0,"2813-OMA N Inspired by the fragrance notes of Caden Omanluxury. Unisex perfume warm spicy, amber, vanilla, leather, woody, aromatic, powdery, musky, coffee, metallic.",https://leparfum.com.gr/en/niche-perfumes/oman_parfums,2026-08-20,2026-08-20,ACTIVE,Choose+Bottle+Extra Essence,SHOBI_LIVE_SHOW_ALL
5079,2812-ARM,2812-ARM MP,MP403,MP,Stronger With You Powerfully,Fragrances For Men,9.0,"2812-ARM MP Inspired by the fragrance notes of Stronger With You Powerfully. Men's perfume warm spicy, cherry, vanilla, amber, nutty, sweet, woody, balsamic, lavender, powdery.",https://leparfum.com.gr/en/fragrances-for-men/2812-arm-mp,2026-08-20,2026-08-20,ACTIVE,Choose+Bottle+Extra Essence,SHOBI_LIVE_SHOW_ALL
5078,2811-DRC,2811-DRC MP,MP402,MP,Sauvage Rare Blend,Fragrances For Men,9.0,"2811-DRC MP Inspired by the fragrance notes of Sauvage Rare Blend. Men's perfume amber, oud, vanilla, musky, balsamic, woody, sweet, powdery.",https://leparfum.com.gr/en/fragrances-for-men/2811-drc-mp,2026-08-20,2026-08-20,ACTIVE,Choose+Bottle+Extra Essence,SHOBI_LIVE_SHOW_ALL
5077,2810-MIN,2810-MIN N,AR595,AR,Prodigy Mind Games,Niche Perfumes,15.0,"2810-MIN N Inspired by the fragrance notes of Prodigy Mind Games. Unisex perfume rose, vanilla, woody, warm spicy, powdery, floral, patchouli, citrus.",https://leparfum.com.gr/en/niche-perfumes/prodigy_perfume,2026-08-20,2026-08-20,ACTIVE,Choose+Bottle+Extra Essence,SHOBI_LIVE_SHOW_ALL
5076,2809-AZZ,2809-AZZ MP,MP401,MP,Forever Wanted Elixir Azzaro,Fragrances For Men,9.0,"2809-AZZ MP Inspired by the fragrance notes of Forever Wanted Elixir Azzaro. Men's perfume leather, fruity, sweet, aromatic, animalic, citrus, warm spicy, smoky, lavender.",https://leparfum.com.gr/en/fragrances-for-men/2809-azz-mp,2026-08-20,2026-08-20,ACTIVE,Choose+Bottle+Extra Essence,SHOBI_LIVE_SHOW_ALL
5075,2808-LES,2808-LES N,AR594,AR,Roasted Tangerine Les Liquides Imaginaires,Niche Perfumes,15.0,"2808-LES N Inspired by the fragrance notes of Roasted Tangerine Les Liquides Imaginaires. Unisex perfume citrus, woody, warm spicy, fresh spicy, amber, oud.",https://leparfum.com.gr/en/niche-perfumes/2808-les-n,2026-08-20,2026-08-20,ACTIVE,Choose+Bottle+Extra Essence,SHOBI_LIVE_SHOW_ALL
5074,2807-VIRT,2807-VIRT N,AR593,AR,Buttercream Haze The 7 Virtues,Niche Perfumes,15.0,"2807-VIRT N Inspired by the fragrance notes of Buttercream Haze The 7 Virtues. Unisex perfume woody, caramel, sweet, vanilla.",https://leparfum.com.gr/en/niche-perfumes/Buttercream_fragrance,2026-08-20,2026-08-20,ACTIVE,Choose+Bottle+Extra Essence,SHOBI_LIVE_SHOW_ALL
5073,2806-PHL,2806-PHL N,AR592,AR,Afterglow Phlur,Niche Perfumes,15.0,"2806-PHL N Inspired by the fragrance notes of Afterglow Phlur. Unisex perfume woody, amber, musky, lactonic, floral, powdery, sweet, coconut, balsamic.",https://leparfum.com.gr/en/niche-perfumes/2806-phl-n,2026-08-20,2026-08-20,ACTIVE,Choose+Bottle+Extra Essence,SHOBI_LIVE_SHOW_ALL
5072,2805-MARG,2805-MARG,EL464,EL,Never-ending Summer Margiela,Elegants Fragrances,10.0,"2805-MARG Inspired by the fragrance notes of Never-ending Summer Margiela. Unisex perfume citrus, woody, fresh spicy, fresh, aromatic, warm spicy, green, earthy.",https://leparfum.com.gr/en/elegants-fragrances/summer_fragrances,2026-08-20,2026-08-20,ACTIVE,Choose+Bottle+Extra Essence,SHOBI_LIVE_SHOW_ALL
5071,2804-BOYS,2804-BOYS,EL463,EL,Coco Cream Boy Smells,Elegants Fragrances,10.0,"2804-BOYS Inspired by the fragrance notes of Coco Cream Boy Smells. Unisex perfume vanilla, coconut, white floral, sweet, musky, powdery, lactonic, tropical.",https://leparfum.com.gr/en/elegants-fragrances/coco_cream_fragrance,2026-08-20,2026-08-20,ACTIVE,Choose+Bottle+Extra Essence,SHOBI_LIVE_SHOW_ALL
5070,2803-AKR,2803-AKR,EL462,EL,Crush Akro,Elegants Fragrances,10.0,"2803-AKR Inspired by the fragrance notes of Crush Akro. Unisex perfume rose, sweet, fruity, almond, nutty, vanilla, floral, tropical, lactonic, fresh.",https://leparfum.com.gr/en/elegants-fragrances/dolce_profumo,2026-08-20,2026-08-20,ACTIVE,Choose+Bottle+Extra Essence,SHOBI_LIVE_SHOW_ALL
5069,2802-HER,2802-HER MP,MP400,MP,Terre Intense for men,Fragrances For Men,9.0,"2802-HER MP Inspired by the fragrance notes of Terre Intense for men. Perfume coffee, fresh spicy, warm spicy, woody, soft spicy, citrus, sweet, aromatic, anis, mineral.",https://leparfum.com.gr/en/fragrances-for-men/2802-her-mp,2026-08-20,2026-08-20,ACTIVE,Choose+Bottle+Extra Essence,SHOBI_LIVE_SHOW_ALL
5068,2801-DON,2801-DON W,WP874,WP,Cashmere & Vanilla Essence,Fragrances For Women,9.0,"2801-DON W Inspired by the fragrance notes of Cashmere & Vanilla Essence. Women's perfume vanilla, powdery, woody, violet, amber, soft spicy, fresh, sweet.",https://leparfum.com.gr/en/fragrances-for-women/Cashmere_parfum,2026-08-20,2026-08-20,ACTIVE,Choose+Bottle+Extra Essence,SHOBI_LIVE_SHOW_ALL
5067,2800-ACQ,2800-ACQ N,AR591,AR,Buongiorno,Niche Perfumes,15.0,"2800-ACQ N Inspired by the fragrance notes of Buongiorno. Unisex perfume fresh spicy, green, aromatic, citrus, fresh, woody, herbal, musky.",https://leparfum.com.gr/en/niche-perfumes/2800-acq-n,2026-08-20,2026-08-20,ACTIVE,Choose+Bottle+Extra Essence,SHOBI_LIVE_SHOW_ALL
5066,2799-OBVI,2799-OBVI N,AR590,AR,Milk & Matcha Obvious,Niche Perfumes,15.0,"2799-OBVI N Inspired by the fragrance notes of Milk & Matcha Obvious. Unisex perfume citrus, vanilla, green, powdery, sweet, aromatic, fresh spicy, white , loral, amber, fresh.",https://leparfum.com.gr/en/niche-perfumes/latte_perfumes,2026-08-20,2026-08-20,ACTIVE,Choose+Bottle+Extra Essence,SHOBI_LIVE_SHOW_ALL
5065,2798-NICO,2798-NICO N,AR589,AR,Macaron Bourbon Nicolai Parfumeur Createur,Niche Perfumes,15.0,"2798-NICO N Inspired by the fragrance notes of Macaron Bourbon Nicolai Parfumeur Createur. Unisex perfume rose, warm spicy, sweet, musky, almond, patchouli, fruity, woody, rum, vanilla.",https://leparfum.com.gr/en/niche-perfumes/macaron_perfumes,2026-08-20,2026-08-20,ACTIVE,Choose+Bottle+Extra Essence,SHOBI_LIVE_SHOW_ALL
5064,2795-AMG,2795-AMG N,AR588,AR,Jubilation 40 Man Amouage for men,Niche Perfumes,15.0,"2795-AMG N Inspired by the fragrance notes of Jubilation 40 Man Amouage for men. Men's perfume amber, woody, fruity, warm spicy, balsamic, sweet, fresh spicy, aromatic, oud.",https://leparfum.com.gr/en/niche-perfumes/2795-amg-n,2026-08-20,2026-08-20,ACTIVE,Choose+Bottle+Extra Essence,SHOBI_LIVE_SHOW_ALL
5063,2794-PAC,2794-PAC W,WP873,WP,Lady Million Lucky,Fragrances For Women,9.0,"2794-PAC W Inspired by the fragrance notes of Lady Million Lucky. Women's perfume woody, sweet, fruity, honey, rose, nutty, floral, white floral, powdery.",https://leparfum.com.gr/en/fragrances-for-women/2794-pac-w,2026-08-20,2026-08-20,ACTIVE,Choose+Bottle+Extra Essence,SHOBI_LIVE_SHOW_ALL
5062,2793-FRAG,2793-FRAG N,AR587,AR,Oud Noir Intense Fragrance Du Bois,Niche Perfumes,15.0,"2793-FRAG N Inspired by the fragrance notes of Oud Noir Intense Fragrance Du Bois. Unisex perfume warm spicy, oud, woody, powdery, musky, aromatic, patchouli, rose, citrus.",https://leparfum.com.gr/en/niche-perfumes/oud_perfumes,2026-08-20,2026-08-20,ACTIVE,Choose+Bottle+Extra Essence,SHOBI_LIVE_SHOW_ALL
5061,2792-AJMA,2792-AJMA N,AR586,AR,Musk Silk Ajmal,Niche Perfumes,15.0,"2792-AJMA N Inspired by the fragrance notes of Musk Silk Ajmal. Unisex perfume powdery, white floral, amber, fresh, vanilla, green, sweet, warm spicy.",https://leparfum.com.gr/en/niche-perfumes/2792-ajma-n,2026-08-20,2026-08-20,ACTIVE,Choose+Bottle+Extra Essence,SHOBI_LIVE_SHOW_ALL
5060,2791-LTN,2791-LTN N,AR585,AR,the fragrance notes of,Niche Perfumes,15.0,"2791-LTN N Inspired by the fragrance notes of. Unisex perfume floral, fruity, white floral, fresh, sweet, rose.",https://leparfum.com.gr/en/niche-perfumes/2791-ltn-n,2026-08-20,2026-08-20,ACTIVE,Choose+Bottle+Extra Essence,SHOBI_LIVE_SHOW_ALL
5059,2790-KIL,2790-KIL N,AR584,AR,Old Fashioned By Kilian,Niche Perfumes,15.0,"2790-KIL N Inspired by the fragrance notes of Old Fashioned By Kilian. Unisex perfume amber, warm spicy, sweet, woody, herbal, powdery, balsamic, green, aromatic, nutty.",https://leparfum.com.gr/en/niche-perfumes/Old_Fashioned_perfum,2026-08-20,2026-08-20,ACTIVE,Choose+Bottle+Extra Essence,SHOBI_LIVE_SHOW_ALL
5058,2789-PEN,2789-PEN N,AR583,AR,Fortuitous Finley Penhaligon's,Niche Perfumes,15.0,"2789-PEN N Inspired by the fragrance notes of Fortuitous Finley Penhaligon's. Men's perfume warm spicy, green, woody, ozonic, salty, patchouli, powdery, aromatic, aquatic, leather.",https://leparfum.com.gr/en/niche-perfumes/2789-pen-n,2026-08-20,2026-08-20,ACTIVE,Choose+Bottle+Extra Essence,SHOBI_LIVE_SHOW_ALL
5057,2606-ARM,2606-ARM W,WP872,WP,Ocean di Gioia Giorgio Armani,Fragrances For Women,9.0,"2606-ARM W Inspired by the fragrance notes of Ocean di Gioia Giorgio Armani. Women's perfume white floral, green, fresh, fruity, citrus, sweet, musky, aquatic, salty, powdery.",https://leparfum.com.gr/en/fragrances-for-women/ocean_perfumes,2026-08-20,2026-08-20,ACTIVE,Choose+Bottle+Extra Essence,SHOBI_LIVE_SHOW_ALL
5056,2788-MIN,2788-MIN N,AR582,AR,French Defense Mind Games,Niche Perfumes,15.0,"2788-MIN N Inspired by the fragrance notes of French Defense Mind Games. Unisex perfume cherry, amber, sweet, rose, woody, ozonic, powdery, floral.",https://leparfum.com.gr/en/niche-perfumes/2788-min-n,2026-08-20,2026-08-20,ACTIVE,Choose+Bottle+Extra Essence,SHOBI_LIVE_SHOW_ALL
5055,2787-KAJ,2787-KAJ N,AR581,AR,Lamar Kajal,Niche Perfumes,15.0,"2787-KAJ N Inspired by the fragrance notes of Lamar Kajal. Unisex perfume fruity, sweet, fresh, rose, musky, woody, tropical, powdery, amber, floral.",https://leparfum.com.gr/en/niche-perfumes/Lamar_Kajal_perfume,2026-08-20,2026-08-20,ACTIVE,Choose+Bottle+Extra Essence,SHOBI_LIVE_SHOW_ALL
5054,2786-LTN,2786-LTN N,AR580,AR,the fragrance notes,Niche Perfumes,15.0,"2786-LTN N Inspired by the fragrance notes. Citrus, fresh spicy, green, aromatic, herbal, fresh, ozonic.",https://leparfum.com.gr/en/niche-perfumes/2786-ltn-n,2026-08-20,2026-08-20,ACTIVE,Choose+Bottle+Extra Essence,SHOBI_LIVE_SHOW_ALL
5053,2785-VAL,2785-VAL W,WP871,WP,Born in Roma Extradose Donna Valentino,Fragrances For Women,9.0,"2785-VAL W Inspired by the fragrance notes of Born in Roma Extradose Donna Valentino. Women's perfume vanilla, fruity, rum, woody, soft spicy, powdery, sweet.",https://leparfum.com.gr/en/fragrances-for-women/2785-val-w,2026-08-20,2026-08-20,ACTIVE,Choose+Bottle+Extra Essence,SHOBI_LIVE_SHOW_ALL
5052,2784-MARG,2784-MARG N,AR579,AR,Afternoon Delight Margiela,Niche Perfumes,15.0,"2784-MARG N Inspired by the fragrance notes of Afternoon Delight Margiela. Unisex perfume vanilla, sweet, powdery, woody, musky, lactonic.",https://leparfum.com.gr/en/niche-perfumes/lactonic_perfumes,2026-08-20,2026-08-20,ACTIVE,Choose+Bottle+Extra Essence,SHOBI_LIVE_SHOW_ALL
5051,2783-LTN,2783-LTN N,AR578,AR,the fragrance notes,Niche Perfumes,15.0,"2783-LTN N Inspired by the fragrance notes. Woody, powdery, warm spicy, aromatic, balsamic.",https://leparfum.com.gr/en/niche-perfumes/2783-ltn-n,2026-08-20,2026-08-20,ACTIVE,Choose+Bottle+Extra Essence,SHOBI_LIVE_SHOW_ALL
5050,2782-AJMA,2782-AJMA N,AR577,AR,Musk Silk Supreme Ajmal,Niche Perfumes,15.0,"2782-AJMA Inspired by the fragrance notes of Musk Silk Supreme Ajmal. Unisex perfume musky, white floral, powdery, fresh, green.",https://leparfum.com.gr/en/niche-perfumes/2782-ajma-n,2026-08-20,2026-08-20,ACTIVE,Choose+Bottle+Extra Essence,SHOBI_LIVE_SHOW_ALL
5049,2797-MATIE,2797-MATIE LUX,LUX040,LUX,Vanilla Powder Extrait de Parfum Matiere Premiere,Luxury Perfumes,20.0,"2797-MATIE LUX Inspired by the fragrance notes of Vanilla Powder Extrait de Parfum Matiere Premiere. Unisex perfume vanilla, powdery, sweet, musky, woody, amber, aromatic.",https://leparfum.com.gr/en/luxury-perfumes/2797-matie-lux,2026-08-20,2026-08-20,ACTIVE,Choose+Bottle+Extra Essence,SHOBI_LIVE_SHOW_ALL
5025,2705-KIL,2705-KIL N,AR576,AR,Angels Share On The Rocks Kilian,Niche Perfumes,15.0,"2705-KIL Inspired by the fragrance notes of Angels Share On The Rocks Kilian. Refreshing and cool at first with bright citrus and aldehydes, then warm and boozy with rich cognac, cinnamon spice and amber‑woody depth.",https://leparfum.com.gr/en/niche-perfumes/2705-kil-n,2026-08-20,2026-08-20,ACTIVE,Choose+Bottle+Extra Essence,SHOBI_LIVE_SHOW_ALL
5020,2780-LAT,2780-LAT,EL461,EL,Angham Lattafa Perfumes,Elegants Fragrances,10.0,"2780-LAT Inspired by the fragrance notes of Angham Lattafa Perfumes. Unisex perfume vanilla, sweet, lavender, fresh spicy, powdery, amber, citrus, musky, cacao, aromatic.",https://leparfum.com.gr/en/elegants-fragrances/Angham-Lattafa-Parfums,2026-08-20,2026-08-20,ACTIVE,Choose+Bottle+Extra Essence,SHOBI_LIVE_SHOW_ALL
5019,2778-JOM,2778-JOM,EL460,EL,Fig & Lotus Flower,Elegants Fragrances,10.0,"2778-JOM Inspired by the fragrance notes of Fig & Lotus Flower. Unisex perfume floral, aquatic, ozonic, green, woody.",https://leparfum.com.gr/en/elegants-fragrances/Fig-Lotus-Flower-fragrance,2026-08-20,2026-08-20,ACTIVE,Choose+Bottle+Extra Essence,SHOBI_LIVE_SHOW_ALL
5018,2777-GUR,2777-GUR LUX,LUX039,LUX,Herbes Troublantes,Luxury Perfumes,20.0,"2777-GUR LUX Inspired by the fragrance notes of Herbes Troublantes. Unisex perfume green, citrus, musky, white floral, powdery, fresh spicy, sweet, animalic.",https://leparfum.com.gr/en/luxury-perfumes/spring_perfumes,2026-08-20,2026-08-20,ACTIVE,Choose+Bottle+Extra Essence,SHOBI_LIVE_SHOW_ALL
5017,2776-CELI,2776-CELI N,AR575,AR,Nightclubbing Celine,Niche Perfumes,15.0,"2776-CELI N Inspired by the fragrance notes of Nightclubbing Celine. Unisex perfume powdery, earthy, green, iris, vanilla, woody, mossy, balsamic, aromatic, musky.",https://leparfum.com.gr/en/niche-perfumes/Nightclubbing-perfumes,2026-08-20,2026-08-20,ACTIVE,Choose+Bottle+Extra Essence,SHOBI_LIVE_SHOW_ALL
5016,2775-BOT,2775-BOT MP,MP399,MP,Illusione for Him for men,Fragrances For Men,9.0,"2775-BOT MP Inspired by the fragrance notes of Illusione for Him for men. Perfume woody, citrus, aromatic, fresh, fresh spicy, conifer.",https://leparfum.com.gr/en/fragrances-for-men/Illusione_for_Him_parfum,2026-08-20,2026-08-20,ACTIVE,Choose+Bottle+Extra Essence,SHOBI_LIVE_SHOW_ALL
5015,2774-MIL,2774-MIL,EL459,EL,La Fumee Miller Harris,Elegants Fragrances,10.0,"2774-MIL Inspired by the fragrance notes of La Fumee Miller Harris. Unisex perfume amber, woody, aromatic, smoky, warm spicy, balsamic, fresh spicy, leather, powdery.",https://leparfum.com.gr/en/elegants-fragrances/fummee_parfum,2026-08-20,2026-08-20,ACTIVE,Choose+Bottle+Extra Essence,SHOBI_LIVE_SHOW_ALL
5014,2773-RIT,2773-RIT,EL458,EL,The Rituals of Mehr,Elegants Fragrances,10.0,"2773-RIT Inspired by the fragrance notes of The Rituals of Mehr. Unisex perfume citrus, woody, sweet, fresh spicy, powdery.",https://leparfum.com.gr/en/elegants-fragrances/mehr_parfum,2026-08-20,2026-08-20,ACTIVE,Choose+Bottle+Extra Essence,SHOBI_LIVE_SHOW_ALL
5013,2771-GUR,2771-GUR N,AR574,AR,Santal Royal,Niche Perfumes,15.0,"2771-GUR Inspired by the fragrance notes of Santal Royal. Unisex perfume woody, rose, oud, leather, powdery, white floral, warm spicy, floral, animalic, smoky.",https://leparfum.com.gr/en/niche-perfumes/woody_perfume,2026-08-20,2026-08-20,ACTIVE,Choose+Bottle+Extra Essence,SHOBI_LIVE_SHOW_ALL
5012,2770-DOL,2770-DOL,EL457,EL,Pineapple,Elegants Fragrances,10.0,"2770-DOL Inspired by the fragrance notes of Pineapple. Unisex perfume sweet, fruity, citrus, vanilla, tropical, white floral, amber, fresh, floral, animalic.",https://leparfum.com.gr/en/elegants-fragrances/pineaplle_perfume,2026-08-20,2026-08-20,ACTIVE,Choose+Bottle+Extra Essence,SHOBI_LIVE_SHOW_ALL
5011,2772-DOL,2772-DOL MP,MP398,MP,K Eau de Parfum 2020 for men,Fragrances For Men,9.0,"2772-DOL MP Inspired by the fragrance notes of K Eau de Parfum 2020 for men. Men's perfume aromatic, woody, citrus, fresh spicy, warm spicy, fruity, sweet, earthy, lavender.",https://leparfum.com.gr/en/fragrances-for-men/2772-dol-mp,2026-08-20,2026-08-20,ACTIVE,Choose+Bottle+Extra Essence,SHOBI_LIVE_SHOW_ALL
5003,2744-NISH,2744-NISH LUX,LUX038,LUX,Meant To Be Seen,Luxury Perfumes,20.0,"2744-NISH LUX Inspired by the fragrance notes of Meant To Be Seen. Unisex perfume powdery, woody, iris, violet, musky, oud, earthy, citrus.",https://leparfum.com.gr/en/luxury-perfumes/2744-nish-lux,2026-08-20,2026-08-20,ACTIVE,Choose+Bottle+Extra Essence,SHOBI_LIVE_SHOW_ALL
4995,2768-LAN,2768-LAN W,WP870,WP,La Vie Est Belle Vanille Nude,Fragrances For Women,9.0,"Inspired by the fragrance notes of La Vie Est Belle Vanille Nude. Women's perfume vanilla, powdery, musky, woody, white floral, sweet, aldehydic.",https://leparfum.com.gr/en/fragrances-for-women/2768-lan-w,2026-08-20,2026-08-20,ACTIVE,Choose+Bottle+Extra Essence,SHOBI_LIVE_SHOW_ALL
4994,2767-MATAH,2767-MATAH N,AR573,AR,Printemps Blanc Maison Mataha,Niche Perfumes,15.0,"Inspired by the fragrance notes of Printemps Blanc Maison Mataha. Unisex perfume white floral, citrus, vanilla, powdery, woody, sweet, green.",https://leparfum.com.gr/en/niche-perfumes/2767-matah-n,2026-08-20,2026-08-20,ACTIVE,Choose+Bottle+Extra Essence,SHOBI_LIVE_SHOW_ALL
4993,2766-PARF,2766-PARF N,AR572,AR,Eragon Parfums de Marly,Niche Perfumes,15.0,"Inspired by the fragrance notes of Eragon Parfums de Marly. Unisex perfume warm spicy, vanilla, citrus, aromatic, woody, cinnamon, leather, earthy, sweet.",https://leparfum.com.gr/en/niche-perfumes/2766-parf-n,2026-08-20,2026-08-20,ACTIVE,Choose+Bottle+Extra Essence,SHOBI_LIVE_SHOW_ALL
4992,2765-GUC,2765-GUC N,AR571,AR,Muschio di Luce Gucci,Niche Perfumes,15.0,"Inspired by the fragrance notes of Muschio di Luce Gucci. Unisex perfume woody, aromatic, warm spicy, powdery, musky, amber, earthy.",https://leparfum.com.gr/en/niche-perfumes/2765-guc-n,2026-08-20,2026-08-20,ACTIVE,Choose+Bottle+Extra Essence,SHOBI_LIVE_SHOW_ALL
4991,2764-TMFO,2764-TMFO,EL456,EL,Black Orchid Reserve,Elegants Fragrances,10.0,"Inspired by the fragrance notes of Black Orchid Reserve. Unisex perfume sweet, warm spicy, earthy, patchouli, woody, yellow floral, chocolate, vanilla.",https://leparfum.com.gr/en/elegants-fragrances/2764-tmfo,2026-08-20,2026-08-20,ACTIVE,Choose+Bottle+Extra Essence,SHOBI_LIVE_SHOW_ALL
4974,2732-GIV,2732-GIV MP,MP397,MP,Very Irresistible for men,Fragrances For Men,9.0,"2732-GIV MP Inspired by the fragrance notes of Very Irresistible for men. Men's perfume woody, nutty, coffee, aromatic, green, fresh spicy, citrus, warm spicy.",https://leparfum.com.gr/en/fragrances-for-men/2732-giv-mp,2026-08-20,2026-08-20,ACTIVE,Choose+Bottle+Extra Essence,SHOBI_LIVE_SHOW_ALL
4973,2731-BYRP,2731-BYRP N,AR570,AR,Mula Mula Byron Parfums,Niche Perfumes,15.0,"Inspired by the fragrance notes of Mula Mula Byron Parfums. Unisex perfume sweet, fruity, caramel, vanilla, powdery, musky, fresh spicy, balsamic, oud.",https://leparfum.com.gr/en/niche-perfumes/mula_mula_byr,2026-08-20,2026-08-20,ACTIVE,Choose+Bottle+Extra Essence,SHOBI_LIVE_SHOW_ALL
4972,2730-ARA,2730-ARA W,WP869,WP,New West for Her,Fragrances For Women,9.0,"Inspired by the fragrance notes of New West for Her. Women's perfume ozonic, aquatic, green, woody, aromatic, fruity, floral, fresh spicy, mossy.",https://leparfum.com.gr/en/fragrances-for-women/aramis_perfumes,2026-08-20,2026-08-20,ACTIVE,Choose+Bottle+Extra Essence,SHOBI_LIVE_SHOW_ALL
4971,2759-ARM,2759-ARM W,WP868,WP,Power Of You,Fragrances For Women,9.0,"Inspired by the fragrance notes of Power Of You. Women's perfume tropical, vanilla, sweet, fruity, citrus, fresh, floral, powdery, amber.",https://leparfum.com.gr/en/fragrances-for-women/2759-arm-w,2026-08-20,2026-08-20,ACTIVE,Choose+Bottle+Extra Essence,SHOBI_LIVE_SHOW_ALL
4970,2758-YZLO,2758-YZLO W,WP867,WP,Libre Berry Crush,Fragrances For Women,9.0,"2758-YZLO W Inspired by the fragrance notes of Libre Berry Crush. Women's perfume sweet, white floral, fruity, lavender, citrus, vanilla, musky, powdery, coconut.",https://leparfum.com.gr/en/fragrances-for-women/2758-yzlo-w,2026-08-20,2026-08-20,ACTIVE,Choose+Bottle+Extra Essence,SHOBI_LIVE_SHOW_ALL
4969,2763-KAY,2763-KAY,EL455,EL,Freedom Musk Bouquet 27 Eau de Parfum Kayali Fragrances,Elegants Fragrances,10.0,"Inspired by the fragrance notes of Freedom Musk Bouquet 27 Eau de Parfum Kayali Fragrances. Unisex perfume yellow floral, sweet, musky, woody, white floral, powdery, rose, aldehydic, floral, vanilla.",https://leparfum.com.gr/en/elegants-fragrances/Freedom_Musk_Bouquet_kay,2026-08-20,2026-08-20,ACTIVE,Choose+Bottle+Extra Essence,SHOBI_LIVE_SHOW_ALL
4968,2762-LAT,2762-LAT,EL454,EL,Eclaire Pistache Lattafa Perfumes,Elegants Fragrances,10.0,"Inspired by the fragrance notes of Eclaire Pistache Lattafa Perfumes . Unisex perfume vanilla, sweet, lactonic, cacao, warm spicy, woody, nutty, coconut, powdery, musky.",https://leparfum.com.gr/en/elegants-fragrances/Eclaire_Pistache_Lattafa_Perfumes,2026-08-20,2026-08-20,ACTIVE,Choose+Bottle+Extra Essence,SHOBI_LIVE_SHOW_ALL
4967,2761-LAT,2761-LAT,EL453,EL,Asad Elixir Lattafa Perfumes,Elegants Fragrances,10.0,"Inspired by the fragrance notes of Asad Elixir Lattafa Perfumes. Men's perfume amber, woody, tobacco, warm spicy, vanilla, sweet, powdery.",https://leparfum.com.gr/en/elegants-fragrances/2761-lat,2026-08-20,2026-08-20,ACTIVE,Choose+Bottle+Extra Essence,SHOBI_LIVE_SHOW_ALL
4966,2760-LAT,2760-LAT,EL452,EL,Yara Elixir Lattafa Perfumes,Elegants Fragrances,10.0,"Inspired by the fragrance notes of Yara Elixir Lattafa Perfumes. Women's perfume vanilla, caramel, sweet, white floral, powdery, fruity, amber, musky, soft spicy, animalic.",https://leparfum.com.gr/en/elegants-fragrances/yara-elixir-perfume,2026-08-20,2026-08-20,ACTIVE,Choose+Bottle+Extra Essence,SHOBI_LIVE_SHOW_ALL
4965,2757-LAT,2757-LAT,EL451,EL,Vanilla Freak Lattafa Perfumes,Elegants Fragrances,10.0,"Inspired by the fragrance notes of Vanilla Freak Lattafa Perfumes. Women's perfume sweet, vanilla, almond, lactonic, nutty.",https://leparfum.com.gr/en/elegants-fragrances/2757-lat,2026-08-20,2026-08-20,ACTIVE,Choose+Bottle+Extra Essence,SHOBI_LIVE_SHOW_ALL
4964,2755-ZEG,2755-ZEG MP,MP396,MP,Essenza di Zegna,Fragrances For Men,9.0,"2755-ZEG MP Inspired by the fragrance notes of Essenza di Zegna. Men's perfume aromatic, citrus, fresh spicy, herbal, warm spicy, musky, powdery.",https://leparfum.com.gr/en/fragrances-for-men/2755-zeg-mp,2026-08-20,2026-08-20,ACTIVE,Choose+Bottle+Extra Essence,SHOBI_LIVE_SHOW_ALL
4963,2754-CHL,2754-CHL W,WP866,WP,Rose Naturelle Intense Chloe,Fragrances For Women,9.0,"Inspired by the fragrance notes of Rose Naturelle Intense Chloe. Women's perfume woody, rose, citrus, powdery, aromatic.",https://leparfum.com.gr/en/fragrances-for-women/2754-chl-w,2026-08-20,2026-08-20,ACTIVE,Choose+Bottle+Extra Essence,SHOBI_LIVE_SHOW_ALL
4962,2753-YZLO,2753-YZLO W,WP865,WP,Libre Vanille Couture,Fragrances For Women,9.0,"2753-YZLO W Inspired by the fragrance notes of Libre Vanille Couture. Women's perfume vanilla, white floral, lavender, sweet, citrus, rum.",https://leparfum.com.gr/en/fragrances-for-women/2753-yzlo-w,2026-08-20,2026-08-20,ACTIVE,Choose+Bottle+Extra Essence,SHOBI_LIVE_SHOW_ALL
4961,2752-SAB,2752-SAB W,WP864,WP,Sweet Tooth Caramel Dream Sabrina Carpenter,Fragrances For Women,9.0,"Inspired by the fragrance notes of Sweet Tooth Caramel Dream Sabrina Carpenter. Women's perfume sweet, caramel, vanilla, warm spicy, powdery, woody, chocolate, patchouli, almond.",https://leparfum.com.gr/en/fragrances-for-women/2752-sab-w,2026-08-20,2026-08-20,ACTIVE,Choose+Bottle+Extra Essence,SHOBI_LIVE_SHOW_ALL
4869,2714-BORN,2714-BORN N,AR569,AR,Oud Candy Bornstandout,Niche Perfumes,15.0,2714-BORN N Inspired by the fragrance notes of Oud Candy Bornstandout. Unisex perfume smells like rich caramel-brown-sugar sweetness and creamy milk at first.,https://leparfum.com.gr/en/niche-perfumes/2714-born-n,2026-08-20,2026-08-20,ACTIVE,Choose+Bottle+Extra Essence,SHOBI_LIVE_SHOW_ALL
4848,2751-PRA,2751-PRA MP,MP395,MP,Paradigme,Fragrances For Men,9.0,"2751-PRA MPInspired by the fragrance notes of Paradigme. Men's perfume fresh spicy, amber, aromatic, woody, balsamic, citrus, musky, warm spicy, rose, powdery.",https://leparfum.com.gr/en/fragrances-for-men/2751-pra-mp,2026-08-20,2026-08-20,ACTIVE,Choose+Bottle+Extra Essence,SHOBI_LIVE_SHOW_ALL
4847,2750-NISH,2750-NISH N,AR568,AR,Shem Nishane,Niche Perfumes,15.0,"Inspired by the fragrance notes of Shem Nishane. Unisex perfume aromatic, woody, rose, earthy, leather, floral, fresh spicy, animalic, warm spicy.",https://leparfum.com.gr/en/niche-perfumes/Shem_zapach,2026-08-20,2026-08-20,ACTIVE,Choose+Bottle+Extra Essence,SHOBI_LIVE_SHOW_ALL
4846,2748-BORN,2748-BORN N,AR567,AR,Drunk Saffron BORNTOSTANDOUT,Niche Perfumes,15.0,"Inspired by the fragrance notes of Drunk Saffron BORNTOSTANDOUT. Unisex perfume warm spicy, vanilla, fruity, sweet, woody, leather, powdery, metallic, musky, coffee.",https://leparfum.com.gr/en/niche-perfumes/Drunk_Saffron_sexy_pperfume,2026-08-20,2026-08-20,ACTIVE,Choose+Bottle+Extra Essence,SHOBI_LIVE_SHOW_ALL
4845,2746-DRC,2746-DRC MP,MP394,MP,Fahrenheit Le Parfum,Fragrances For Men,9.0,"2746-DRC Inspired by the fragrance notes of Fahrenheit Le Parfum. Men's perfume vanilla, ozonic, soft spicy, rum, aquatic, leather, powdery, sweet.",https://leparfum.com.gr/en/fragrances-for-men/2746-drc-mp,2026-08-20,2026-08-20,ACTIVE,Choose+Bottle+Extra Essence,SHOBI_LIVE_SHOW_ALL
4844,2747-XER,2747-XER N,AR566,AR,Purple Accento,Niche Perfumes,15.0,"Inspired by the fragrance notes of Purple Accento. Unisex perfume citrus, powdery, oud, sweet, musky, fruity.",https://leparfum.com.gr/en/niche-perfumes/2747-xer-n,2026-08-20,2026-08-20,ACTIVE,Choose+Bottle+Extra Essence,SHOBI_LIVE_SHOW_ALL
4842,2743-BORN,2743-BORN N,AR564,AR,Black Guava BORNTOSTANDOUT,Niche Perfumes,15.0,"Inspired by the fragrance notes of Black Guava BORNTOSTANDOUT. Unisex perfume fruity, oud, tropical, fresh, woody, warm spicy, amber, rose.",https://leparfum.com.gr/en/niche-perfumes/Black_Guava_perfume,2026-08-20,2026-08-20,ACTIVE,Choose+Bottle+Extra Essence,SHOBI_LIVE_SHOW_ALL
4841,2742-XER,2742-XER N,AR563,AR,Torino24,Niche Perfumes,15.0,"Inspired by the fragrance notes of Torino24. Unisex perfume citrus, fruity, sweet, tropical, white floral, musky, floral, powdery, woody.",https://leparfum.com.gr/en/niche-perfumes/Torino24_profumo,2026-08-20,2026-08-20,ACTIVE,Choose+Bottle+Extra Essence,SHOBI_LIVE_SHOW_ALL
4840,2741-ROJ,2741-ROJ N,AR562,AR,Lost In Paris Roja Dove,Niche Perfumes,15.0,"Inspired by the fragrance notes of Lost In Paris Roja Dove. Unisex perfume musky, woody, warm spicy, sweet, powdery, soft spicy, vanilla, cinnamon.",https://leparfum.com.gr/en/niche-perfumes/Lost_In_Paris_perfume,2026-08-20,2026-08-20,ACTIVE,Choose+Bottle+Extra Essence,SHOBI_LIVE_SHOW_ALL
4839,2740-MIN,2740-MIN N,AR561,AR,Check Please Mind Games,Niche Perfumes,15.0,"Inspired by the fragrance notes of Check Please Mind Games. Unisex perfume woody, fruity, sweet, nutty, warm spicy, cinnamon, amber, powdery, vanilla.",https://leparfum.com.gr/en/niche-perfumes/Check_Please_perfume,2026-08-20,2026-08-20,ACTIVE,Choose+Bottle+Extra Essence,SHOBI_LIVE_SHOW_ALL
4838,2739-BORN,2739-BORN N,AR560,AR,Sugar Addict BORNTOSTANDOUT,Niche Perfumes,15.0,"Inspired by the fragrance notes of Sugar Addict BORNTOSTANDOUT. Unisex perfume vanilla, sweet, warm spicy, amber, cinnamon, rum, woody.",https://leparfum.com.gr/en/niche-perfumes/Sugar_Addict_parfum_sweet,2026-08-20,2026-08-20,ACTIVE,Choose+Bottle+Extra Essence,SHOBI_LIVE_SHOW_ALL
4837,2738-LUS,2738-LUS N,AR559,AR,Super Milk Lush,Niche Perfumes,15.0,"Inspired by the fragrance notes of Super Milk Lush. Unisex perfume citrus, vanilla, sweet, fresh, almond, nutty.",https://leparfum.com.gr/en/niche-perfumes/Super_Milk_perfume,2026-08-20,2026-08-20,ACTIVE,Choose+Bottle+Extra Essence,SHOBI_LIVE_SHOW_ALL
4836,2737-BORN,2737-BORN N,AR558,AR,Drunk Lovers BORNTOSTANDOUT,Niche Perfumes,15.0,"Inspired by the fragrance notes of Drunk Lovers BORNTOSTANDOUT. Unisex perfume woody, warm spicy, aromatic, amber, fresh spicy, powdery, vanilla, fruity, citrus, sweet.",https://leparfum.com.gr/en/niche-perfumes/Drunk_Lovers_parfum,2026-08-20,2026-08-20,ACTIVE,Choose+Bottle+Extra Essence,SHOBI_LIVE_SHOW_ALL
4835,2736-NAV,2736-NAV,EL450,EL,Lost in a Dream Navitus Parfums,Elegants Fragrances,10.0,"Inspired by the fragrance notes of Lost in a Dream Navitus Parfums. Unisex perfume sweet, powdery, woody, warm spicy, vanilla, amber, lactonic, musky, cinnamon, savory.",https://leparfum.com.gr/en/elegants-fragrances/2736-nav,2026-08-20,2026-08-20,ACTIVE,Choose+Bottle+Extra Essence,SHOBI_LIVE_SHOW_ALL
4833,2734-ELIZ,2734-ELIZ W,WP863,WP,Green Tea Summer Elizabeth Arden,Fragrances For Women,9.0,"Inspired by the fragrance notes of Green Tea Summer Elizabeth Arden. Women's perfume citrus, floral, fruity, aquatic, fresh, ozonic.",https://leparfum.com.gr/en/fragrances-for-women/Green_Tea_parfum,2026-08-20,2026-08-20,ACTIVE,Choose+Bottle+Extra Essence,SHOBI_LIVE_SHOW_ALL
4832,2733-LES,2733-LES N,AR557,AR,Blanche Bete Les Liquides Imaginaires,Niche Perfumes,15.0,"Inspired by the fragrance notes of Blanche Bete Les Liquides Imaginaires. Unisex perfume vanilla, musky, lactonic, white floral, sweet, powdery, tuberose.",https://leparfum.com.gr/en/niche-perfumes/Blanche_profumo,2026-08-20,2026-08-20,ACTIVE,Choose+Bottle+Extra Essence,SHOBI_LIVE_SHOW_ALL
4823,199-CARO,199-CARO,EL005,EL,Pour Un Homme de Caron,Elegants Fragrances,10.0,"199-CARO Inspired by the fragrance notes of Pour Un Homme de Caron. Men's perfume lavender, vanilla, aromatic, powdery, musky.",https://leparfum.com.gr/en/elegants-fragrances/199-caro,2026-08-20,2026-08-20,ACTIVE,Choose+Bottle+Extra Essence,SHOBI_LIVE_SHOW_ALL
4822,215-CRD,215-CRD,EL018,EL,Silver Mountain Water,Elegants Fragrances,10.0,"Inspired by the fragrance notes of Silver Mountain Water. Unisex perfume citrus, green, fruity, musky, woody, aromatic, powdery.",https://leparfum.com.gr/en/elegants-fragrances/215-crd,2026-08-20,2026-08-20,ACTIVE,Choose+Bottle+Extra Essence,SHOBI_LIVE_SHOW_ALL
4821,196-BELLA,196-BELLA,EL002,EL,1970 Bella Freud for women,Elegants Fragrances,10.0,"Inspired by the fragrance notes of 1970 Bella Freud for women. Warm spicy, amber, woody, rose, balsamic, earthy, powdery, smoky.",https://leparfum.com.gr/en/elegants-fragrances/196-bella,2026-08-20,2026-08-20,ACTIVE,Choose+Bottle+Extra Essence,SHOBI_LIVE_SHOW_ALL
4820,2726-DRC,2726-DRC,EL449,EL,New Look 2024,Elegants Fragrances,10.0,"2726-DRC Inspired by the fragrance notes of New Look 2024. Unisex perfume amber, aldehydic, fresh, fresh spicy, soapy, warm spicy.",https://leparfum.com.gr/en/elegants-fragrances/2726-drc,2026-08-20,2026-08-20,ACTIVE,Choose+Bottle+Extra Essence,SHOBI_LIVE_SHOW_ALL
4790,2729-AMG,2729-AMG N,AR556,AR,Sunshine Man,Niche Perfumes,15.0,"Inspired by the fragrance notes of Sunshine Man. Men's perfume woody, oud, warm spicy, rose, amber, metallic, animalic, powdery, leather, musky.",https://leparfum.com.gr/en/niche-perfumes/sunshine_dupe_fragrance,2026-08-20,2026-08-20,ACTIVE,Choose+Bottle+Extra Essence,SHOBI_LIVE_SHOW_ALL
4789,2728-PEN,2728-PEN N,AR555,AR,The Uncompromising Sohan,Niche Perfumes,15.0,"2728-PEN Inspired by the fragrance notes of The Uncompromising Sohan. Men's perfume woody, oud, warm spicy, rose, amber, metallic, animalic, powdery, leather, musky.",https://leparfum.com.gr/en/niche-perfumes/2728-pen-n,2026-08-20,2026-08-20,ACTIVE,Choose+Bottle+Extra Essence,SHOBI_LIVE_SHOW_ALL
4787,2725-CELI,2725-CELI N,AR553,AR,Reptile Celine,Niche Perfumes,15.0,"Inspired by the fragrance notes of Reptile Celine. Unisex perfume mossy, woody, fresh spicy, leather, musky, earthy, animalic, powdery.",https://leparfum.com.gr/en/niche-perfumes/leather_fragrance,2026-08-20,2026-08-20,ACTIVE,Choose+Bottle+Extra Essence,SHOBI_LIVE_SHOW_ALL
4786,2724-GUR,2724-GUR N,AR552,AR,Shalimar Souffle de Parfum 2014,Niche Perfumes,15.0,"2724-GUR N inspired by the fragrance notes of Shalimar Souffle de Parfum 2014. Women's perfume citrus, white floral, vanilla, musky, powdery, sweet.",https://leparfum.com.gr/en/niche-perfumes/souffle_parfum,2026-08-20,2026-08-20,ACTIVE,Choose+Bottle+Extra Essence,SHOBI_LIVE_SHOW_ALL
4785,2723-LTN,2723-LTN N,AR551,AR,the fragrance notes,Niche Perfumes,15.0,"2723-LTN N Inspired by the fragrance notes. unisex perfume mossy, white floral, earthy, aromatic, fresh, fresh spicy, green.",https://leparfum.com.gr/en/niche-perfumes/2723-ltn-n,2026-08-20,2026-08-20,ACTIVE,Choose+Bottle+Extra Essence,SHOBI_LIVE_SHOW_ALL
4784,2722-CRIVEL,2722-CRIVEL N,AR550,AR,Hibiscus Mahajad Maison Crivelli,Niche Perfumes,15.0,"Inspired by the fragrance notes of Hibiscus Mahajad Maison Crivelli. Unisex perfume floral, rose, vanilla, aromatic, green, fresh spicy, musky, leather.",https://leparfum.com.gr/en/niche-perfumes/2722-crivel-n,2026-08-20,2026-08-20,ACTIVE,Choose+Bottle+Extra Essence,SHOBI_LIVE_SHOW_ALL
4783,2721-STE,2721-STE N,AR549,AR,Sand Dance Stephane Humbert,Niche Perfumes,15.0,"Inspired by the fragrance notes of Sand Dance Stephane Humbert. Unisex perfume woody, warm spicy, amber, cacao, vanilla, whiskey, powdery, balsamic, sweet.",https://leparfum.com.gr/en/niche-perfumes/sand_dance,2026-08-20,2026-08-20,ACTIVE,Choose+Bottle+Extra Essence,SHOBI_LIVE_SHOW_ALL
4782,2720-ROJ,2720-ROJ N,AR548,AR,United Arab Emirates Spirit Of The Union Roja Dove,Niche Perfumes,15.0,"Inspired by the fragrance notes of United Arab Emirates Spirit Of The Union Roja Dove. Unisex perfume rose, amber, woody, warm spicy, musky, oud, powdery, fresh spicy, animalic, smoky.",https://leparfum.com.gr/en/niche-perfumes/zapach,2026-08-20,2026-08-20,ACTIVE,Choose+Bottle+Extra Essence,SHOBI_LIVE_SHOW_ALL
4781,2719-FRAG,2719-FRAG N,AR547,AR,New York 5th Avenue Fragrance Du Bois,Niche Perfumes,15.0,"Inspired by the fragrance notes of New York 5th Avenue Fragrance Du Bois. Unisex perfume woody, rose, powdery, musky, caramel, floral, vanilla, violet, sweet.",https://leparfum.com.gr/en/niche-perfumes/New_York_5th_Avenue_Fragrance,2026-08-20,2026-08-20,ACTIVE,Choose+Bottle+Extra Essence,SHOBI_LIVE_SHOW_ALL
4780,2718-GUR,2718-GUR N,AR546,AR,Shalimar Millesime Tonka,Niche Perfumes,15.0,"2718-GUR Inspired by the fragrance notes of Shalimar Millesime Tonka. Wοmen's perfume vanilla, sweet, almond, powdery, iris, amber, nutty, fruity.",https://leparfum.com.gr/en/niche-perfumes/2718-gur-n,2026-08-20,2026-08-20,ACTIVE,Choose+Bottle+Extra Essence,SHOBI_LIVE_SHOW_ALL
4779,2717-EXN,2717-EXN N,AR545,AR,Brompton Immortals Ex Nihilo,Niche Perfumes,15.0,"Inspired by the fragrance notes of Brompton Immortals Ex Nihilo. Unisex perfume warm spicy, vanilla, woody, rose, patchouli, amber, white floral, metallic, sweet, musky.",https://leparfum.com.gr/en/niche-perfumes/rose_fragrance,2026-08-20,2026-08-20,ACTIVE,Choose+Bottle+Extra Essence,SHOBI_LIVE_SHOW_ALL
4778,2716-ORT,2716-ORT N,AR544,AR,Bergamask Orto Parisi,Niche Perfumes,15.0,"Inspired by the fragrance notes of Bergamask Orto Parisi. Unisex perfume citrus, musky, fresh spicy, powdery, aromatic, woody.",https://leparfum.com.gr/en/niche-perfumes/Bergamask_perfumy,2026-08-20,2026-08-20,ACTIVE,Choose+Bottle+Extra Essence,SHOBI_LIVE_SHOW_ALL
4777,2715-CRD,2715-CRD LUX,LUX037,LUX,Oud Zarian,Luxury Perfumes,20.0,"Inspired by the fragrance notes of Oud Zarian. Unisex perfume warm spicy, amber, fresh spicy, soft spicy, sweet, balsamic, woody.",https://leparfum.com.gr/en/luxury-perfumes/zarian_profumo,2026-08-20,2026-08-20,ACTIVE,Choose+Bottle+Extra Essence,SHOBI_LIVE_SHOW_ALL
4776,2713-KAY,2713-KAY EL,EL448,EL,Sweet Diamond Pink Pepper 25 Kayali,Elegants Fragrances,10.0,"Inspired by the fragrance notes of Sweet Diamond Pink Pepper 25 Kayali. Unisex perfume rose, warm spicy, soft spicy, floral, musky, woody, powdery, amber, sweet.",https://leparfum.com.gr/en/elegants-fragrances/sweet_perfume,2026-08-20,2026-08-20,ACTIVE,Choose+Bottle+Extra Essence,SHOBI_LIVE_SHOW_ALL
4775,2712-TMFO,2712-TMFO N,AR543,AR,Oud Voyager,Niche Perfumes,15.0,"2712-TMFO N Inspired by the fragrance notes of Oud Voyager. Unisex perfume warm spicy, aromatic, floral, oud, fresh spicy, fresh, rose, woody.",https://leparfum.com.gr/en/niche-perfumes/2712-tmfo-n,2026-08-20,2026-08-20,ACTIVE,Choose+Bottle+Extra Essence,SHOBI_LIVE_SHOW_ALL
4774,2711-CLIV,2711-CLIV N,AR542,AR,Matsukita Clive Christian,Niche Perfumes,15.0,"Inspired by the fragrance notes of Matsukita Clive Christian. Unisex perfume woody, fresh spicy, aromatic, citrus, musky, fresh, white floral, powdery.",https://leparfum.com.gr/en/niche-perfumes/Matsukita_Perfume,2026-08-20,2026-08-20,ACTIVE,Choose+Bottle+Extra Essence,SHOBI_LIVE_SHOW_ALL
4773,2709-STE,2709-STE LUX,LUX036,LUX,Le 8 Stéphane Humbert,Luxury Perfumes,20.0,"Inspired by the fragrance notes of Le 8 Stéphane Humbert. Unisex perfume floral, citrus, woody, warm spicy, fresh spicy, fresh, vanilla, sweet.",https://leparfum.com.gr/en/luxury-perfumes/le_8_perfume,2026-08-20,2026-08-20,ACTIVE,Choose+Bottle+Extra Essence,SHOBI_LIVE_SHOW_ALL
4772,2708-BORN,2708-BORN N,AR541,AR,Black Mango BORNTOSTANDOUT,Niche Perfumes,15.0,"Inspired by the fragrance notes of Black Mango BORNTOSTANDOUT. Unisex perfume tropical, sweet, fruity, oud, woody, leather, powdery, amber, terpenic.",https://leparfum.com.gr/en/niche-perfumes/mango_perfumes,2026-08-20,2026-08-20,ACTIVE,Choose+Bottle+Extra Essence,SHOBI_LIVE_SHOW_ALL
4771,2707-ROOM,2707-ROOM EL,EL447,EL,Wavechild Room 1015,Elegants Fragrances,10.0,"Inspired by the fragrance notes of Wavechild Room 1015. Unisex perfume ozonic, aquatic, citrus, amber, coconut, sweet, fruity, animalic, lactonic.",https://leparfum.com.gr/en/elegants-fragrances/wavechild_parfum,2026-08-20,2026-08-20,ACTIVE,Choose+Bottle+Extra Essence,SHOBI_LIVE_SHOW_ALL
4770,2706-LUS,2706-LUS EL,EL446,EL,Let The Good Times Roll Lush,Elegants Fragrances,10.0,"Inspired by the fragrance notes of Let The Good Times Roll Lush. Unisex perfume caramel, lactonic, sweet, cinnamon, warm spicy.",https://leparfum.com.gr/en/elegants-fragrances/2706-lus-el,2026-08-20,2026-08-20,ACTIVE,Choose+Bottle+Extra Essence,SHOBI_LIVE_SHOW_ALL
4755,2704-GUR,2704-GUR N,AR540,AR,Cherry Oud Guerl,Niche Perfumes,15.0,"2704-GUR Inspired by the fragrance notes of Cherry Oud Guerl. Unisex perfume oud, leather, cherry, sweet, fruity, rose, animalic, smoky, nutty.",https://leparfum.com.gr/en/niche-perfumes/2704-gur-n,2026-08-20,2026-08-20,ACTIVE,Choose+Bottle+Extra Essence,SHOBI_LIVE_SHOW_ALL
4754,2703-VER,2703-VER MP,MP392,MP,Eros Najim,Fragrances For Men,9.0,"2703-VER MP Inspired by the fragrance notes of Eros Najim. Men's perfume warm spicy, caramel, citrus, amber, oud, aromatic, balsamic, smoky.",https://leparfum.com.gr/en/fragrances-for-men/2703-ver-mp,2026-08-20,2026-08-20,ACTIVE,Choose+Bottle+Extra Essence,SHOBI_LIVE_SHOW_ALL
4753,2669-SOS,2669-SOS N,AR539,AR,Il Padrino Sospiro Perfumes,Niche Perfumes,15.0,"Inspired by the fragrance notes of Il Padrino Sospiro Perfumes. Unisex perfume fruity, amber, woody, warm spicy, vanilla, rum, almond.",https://leparfum.com.gr/en/niche-perfumes/il_padrino_perfume,2026-08-20,2026-08-20,ACTIVE,Choose+Bottle+Extra Essence,SHOBI_LIVE_SHOW_ALL
4752,2668-LEL,2668-LEL N,AR538,AR,Neroli 36 Le Labo,Niche Perfumes,15.0,"2668-LEL Inspired by the fragrance notes of Neroli 36 Le Labo. Unisex perfume white floral, citrus, aldehydic, musky, sweet, fresh, soapy, vanilla, powdery, animalic.",https://leparfum.com.gr/en/niche-perfumes/2668-lel-n,2026-08-20,2026-08-20,ACTIVE,Choose+Bottle+Extra Essence,SHOBI_LIVE_SHOW_ALL
4751,2667-CHAB,2667-CHAB EL,EL444,EL,Lait Concentre,Elegants Fragrances,10.0,"Inspired by the fragrance notes of Lait Concentre. Women's perfume lactonic, caramel, sweet, coconut, savory.",https://leparfum.com.gr/en/elegants-fragrances/2667-chab-el,2026-08-20,2026-08-20,ACTIVE,Choose+Bottle+Extra Essence,SHOBI_LIVE_SHOW_ALL
4750,2666-CELI,2666-CELI N,AR537,AR,Black Tie Celine,Niche Perfumes,15.0,"Inspired by the fragrance notes of Black Tie Celine. Unisex perfume powdery, vanilla, iris, woody, earthy, musky, mossy, sweet.",https://leparfum.com.gr/en/niche-perfumes/2666-celi-n,2026-08-20,2026-08-20,ACTIVE,Choose+Bottle+Extra Essence,SHOBI_LIVE_SHOW_ALL
4749,2665-KAJ,2665-KAJ LUX,LUX035,LUX,Ruby Kajal,Luxury Perfumes,20.0,"Inspired by the fragrance notes of Ruby Kajal. Unisex perfume sweet, fruity, vanilla, cherry, fresh.",https://leparfum.com.gr/en/luxury-perfumes/Ruby_Kajal_perfume,2026-08-20,2026-08-20,ACTIVE,Choose+Bottle+Extra Essence,SHOBI_LIVE_SHOW_ALL
4748,2664-CHA,2664-CHA W,WP862,WP,Chance Eau Splendide,Fragrances For Women,9.0,"2664-CHA Inspired by the fragrance notes of Chance Eau Splendide. Women's perfume fruity, powdery, rose, sweet, violet, musky, woody.",https://leparfum.com.gr/en/fragrances-for-women/2664-cha-w,2026-08-20,2026-08-20,ACTIVE,Choose+Bottle+Extra Essence,SHOBI_LIVE_SHOW_ALL
4746,2663-ARM,2663-ARM MP,MP391,MP,Stronger With You Parfum,Fragrances For Men,9.0,"Inspired by the fragrance notes of Stronger With You Parfum. Men's perfume citrus, aromatic, fresh spicy, woody, lavender, fresh, musky.",https://leparfum.com.gr/en/fragrances-for-men/2663-arm-mp,2026-08-20,2026-08-20,ACTIVE,Choose+Bottle+Extra Essence,SHOBI_LIVE_SHOW_ALL
4745,2662-LAT,2662-LAT N,AR536,AR,Asad Bourbon Lattafa Perfumes for men,Niche Perfumes,15.0,"2662-LAT N Inspired by the fragrance notes of Asad Bourbon Lattafa Perfumes for men. Main accords vanilla, cacao, sweet, lavender, fresh spicy, amber, warm spicy, aromatic, powdery, soft spicy.",https://leparfum.com.gr/en/niche-perfumes/2662-lat-n,2026-08-20,2026-08-20,ACTIVE,Choose+Bottle+Extra Essence,SHOBI_LIVE_SHOW_ALL
4670,2688-KAY,2688-KAY EL,EL443,EL,The Wedding Silk Santal | 36 Kayali Fragrances,Elegants Fragrances,10.0,"Inspired by the fragrance notes of The Wedding Silk Santal | 36 Kayali Fragrances. Women's perfume sweet, vanilla, powdery, woody, fruity, white floral, musky, Champagne.",https://leparfum.com.gr/en/elegants-fragrances/2688-kay-el,2026-08-20,2026-08-20,ACTIVE,Choose+Bottle+Extra Essence,SHOBI_LIVE_SHOW_ALL
4656,2695-STE,2695-STE N,AR535,AR,Soleil de Jeddah - Mango Kiss Stéphane Humbert,Niche Perfumes,15.0,"Inspired by the fragrance notes of Soleil de Jeddah - Mango Kiss Stéphane Humbert. Unisex perfume sweet, tropical, fruity, amber, herbal, vanilla, coconut.",https://leparfum.com.gr/en/niche-perfumes/Soleil_de_Jeddah_dupe,2026-08-20,2026-08-20,ACTIVE,Choose+Bottle+Extra Essence,SHOBI_LIVE_SHOW_ALL
4655,2694-STE,2694-STE N,AR534,AR,Pink Boa Stéphane Humbert,Niche Perfumes,15.0,"Inspired by the fragrance notes of Pink Boa Stéphane Humbert. Unisex perfume warm, sweet, vanilla-rich, and highly sensual.",https://leparfum.com.gr/en/niche-perfumes/Pink_Boa_clone,2026-08-20,2026-08-20,ACTIVE,Choose+Bottle+Extra Essence,SHOBI_LIVE_SHOW_ALL
4654,2698-SOL,2698-SOL EL,EL442,EL,Beijos de Sol Sol de Janeiro,Elegants Fragrances,10.0,"2698-SOL EL Inspired by the fragrance notes of Beijos de Sol Sol de Janeiro. Women's perfume tropical, coconut, sweet, fruity, lactonic, floral, musky, vanilla, powdery.",https://leparfum.com.gr/en/elegants-fragrances/2698-sol-el,2026-08-20,2026-08-20,ACTIVE,Choose+Bottle+Extra Essence,SHOBI_LIVE_SHOW_ALL
4653,2692-SOL,2692-SOL EL,EL441,EL,Rio Radiance Sol de Janeiro,Elegants Fragrances,10.0,"2692-SOL EL Inspired by the fragrance notes of Rio Radiance Sol de Janeiro. Women's perfume tuberose, coconut, sweet, vanilla, white floral, yellow floral, sand, animalic, lactonic, tropical.",https://leparfum.com.gr/en/elegants-fragrances/2692-sol-el,2026-08-20,2026-08-20,ACTIVE,Choose+Bottle+Extra Essence,SHOBI_LIVE_SHOW_ALL
4652,2693-SOL,2693-SOL EL,EL440,EL,Cheirosa '40 Sol de Janeiro,Elegants Fragrances,10.0,"2693-SOL EL Inspired by the fragrance notes of Cheirosa '40 Sol de Janeiro. Women's perfume fruity, vanilla, sweet, powdery, woody, musky.",https://leparfum.com.gr/en/elegants-fragrances/2693-sol-el,2026-08-20,2026-08-20,ACTIVE,Choose+Bottle+Extra Essence,SHOBI_LIVE_SHOW_ALL
4651,2691-SOL,2691-SOL EL,EL439,EL,Cheirosa '39 Sol de Janeiro,Elegants Fragrances,10.0,"2691-SOL EL Inspired by the fragrance notes of Cheirosa '39 Sol de Janeiro. Women's perfume sweet, coconut, vanilla, lactonic, nutty, powdery, tropical.",https://leparfum.com.gr/en/elegants-fragrances/2691-sol-el,2026-08-20,2026-08-20,ACTIVE,Choose+Bottle+Extra Essence,SHOBI_LIVE_SHOW_ALL
4650,2700-BLG,2700-BLG N,AR533,AR,Amunae Bvlgari,Niche Perfumes,15.0,"2700-BLG N Inspired by the fragrance notes of Amunae Bvlgari. Unisex perfume musky, aldehydic, white floral, floral, woody, fresh, powdery.",https://leparfum.com.gr/en/niche-perfumes/2700-blg-n,2026-08-20,2026-08-20,ACTIVE,Choose+Bottle+Extra Essence,SHOBI_LIVE_SHOW_ALL
4649,2696-AMG,2696-AMG N,AR532,AR,Decision Amouage,Niche Perfumes,15.0,"Inspired by the fragrance notes of Decision Amouage. Unisex perfume amber, aromatic, fresh spicy, warm spicy, woody, balsamic, vanilla, citrus, sweet.",https://leparfum.com.gr/en/niche-perfumes/decision_parfum,2026-08-20,2026-08-20,ACTIVE,Choose+Bottle+Extra Essence,SHOBI_LIVE_SHOW_ALL
4648,2689-LAT,2689-LAT EL,EL438,EL,Khamrah Qahwa Lattafa Perfumes,Elegants Fragrances,10.0,"2689-LAT EL Inspired by the fragrance notes of Khamrah Qahwa Lattafa Perfumes. Unisex perfume warm spicy, sweet, vanilla, cinnamon, coffee, amber, powdery.",https://leparfum.com.gr/en/elegants-fragrances/2689-lat-el,2026-08-20,2026-08-20,ACTIVE,Choose+Bottle+Extra Essence,SHOBI_LIVE_SHOW_ALL
4647,2690-NISH,2690-NISH N,AR531,AR,Oudous Lux Solis Nishane,Niche Perfumes,15.0,"Inspired by the fragrance notes of Oudous Lux Solis Nishane. Unisex perfume citrus, oud, fresh, fruity, tropical, fresh spicy, woody, floral, honey, sweet.",https://leparfum.com.gr/en/niche-perfumes/odous_perfume,2026-08-20,2026-08-20,ACTIVE,Choose+Bottle+Extra Essence,SHOBI_LIVE_SHOW_ALL
4646,2699-RIT,2699-RIT EL,EL437,EL,Ayurveda Rituals,Elegants Fragrances,10.0,"Inspired by the fragrance notes of Ayurveda Rituals. Unisex perfume rose, honey, floral, sweet, animalic.",https://leparfum.com.gr/en/elegants-fragrances/ayurveda_scent,2026-08-20,2026-08-20,ACTIVE,Choose+Bottle+Extra Essence,SHOBI_LIVE_SHOW_ALL
4645,2697-RIT,2697-RIT EL,EL436,EL,Karma Rituals,Elegants Fragrances,10.0,"Inspired by the fragrance notes of Karma Rituals. Unisex perfume floral, citrus, aquatic, ozonic, fresh spicy.",https://leparfum.com.gr/en/elegants-fragrances/parfum_karma,2026-08-20,2026-08-20,ACTIVE,Choose+Bottle+Extra Essence,SHOBI_LIVE_SHOW_ALL
4644,2687-GRIT,2687-GRIT N,AR530,AR,Mango Aoud Gritti,Niche Perfumes,15.0,"Inspired by the fragrance notes of Mango Aoud Gritti. Unisex perfume tropical, fruity, sweet, oud, vanilla, coconut.",https://leparfum.com.gr/en/niche-perfumes/mango_parfum,2026-08-20,2026-08-20,ACTIVE,Choose+Bottle+Extra Essence,SHOBI_LIVE_SHOW_ALL
4642,2702-DIP,2702-DIP EL,EL435,EL,Chantilly,Elegants Fragrances,10.0,"Inspired by the fragrance notes of Chantilly. A hint of honey, tobacco leaves and a handful of spices. Fragrant volutes curl above a narguile, carrying with them a warm, fruity and honeyed scent.",https://leparfum.com.gr/en/elegants-fragrances/2702-dip-el,2026-08-20,2026-08-20,ACTIVE,Choose+Bottle+Extra Essence,SHOBI_LIVE_SHOW_ALL
4640,2701-DIP,2701-DIP EL,EL434,EL,Cafe Verlet,Elegants Fragrances,10.0,Inspired by the fragrance notes of Cafe Verlet. A coffee-flavored scent with woody undertones.,https://leparfum.com.gr/en/elegants-fragrances/cafe_scent,2026-08-20,2026-08-20,ACTIVE,Choose+Bottle+Extra Essence,SHOBI_LIVE_SHOW_ALL
4639,2686-GIV,2686-GIV W,WP861,WP,L'Interdit Tubéreuse Noire,Fragrances For Women,9.0,"2686-GIV Inspired by the fragrance notes of L'Interdit Tubéreuse Noire. Woman perfume white floral, woody, tuberose, animalic, patchouli, earthy, citrus.",https://leparfum.com.gr/en/fragrances-for-women/2686-giv-w,2026-08-20,2026-08-20,ACTIVE,Choose+Bottle+Extra Essence,SHOBI_LIVE_SHOW_ALL
4638,2685-FRAG,2685-FRAG N,AR529,AR,Rude Cherry Fragrance Du Bois,Niche Perfumes,15.0,"Inspired by the fragrance notes of Rude Cherry Fragrance Du Bois. Unisex perfume cherry, oud, sweet, almond, nutty, amber, warm spicy, fruity, vanilla, animalic.",https://leparfum.com.gr/en/niche-perfumes/2685-frag-n,2026-08-20,2026-08-20,ACTIVE,Choose+Bottle+Extra Essence,SHOBI_LIVE_SHOW_ALL
4637,2684-CLIV,2684-CLIV N,AR528,AR,Jump Up And Kiss Me Hedonistic (2021) Clive Christian,Niche Perfumes,15.0,"Inspired by the fragrance notes of Jump Up And Kiss Me Hedonistic (2021) Clive Christian. Unisex perfume woody, amber, cherry, aromatic, vanilla, powdery, leather, sweet, citrus, tobacco.",https://leparfum.com.gr/en/niche-perfumes/2684-cliv-n,2026-08-20,2026-08-20,ACTIVE,Choose+Bottle+Extra Essence,SHOBI_LIVE_SHOW_ALL
4623,1654-ACQ,1654-ACQ MP,MP390,MP,Colonia 1916,Fragrances For Men,9.0,"1654-ACQ Inspired by the fragrance notes of Colonia 1916. A timeless Italian citrus fragrance that feels fresh, elegant, and refined. It opens with bright Mediterranean citrus, develops into aromatic florals, and settles into a soft woody base.",https://leparfum.com.gr/en/fragrances-for-men/1654-acq-mp,2026-08-20,2026-08-20,ACTIVE,Choose+Bottle+Extra Essence,SHOBI_LIVE_SHOW_ALL
4593,2683-CLIV,2683-CLIV LUX,LUX034,LUX,E Cashmere Musk Clive Christian,Luxury Perfumes,20.0,"Inspired by the fragrance notes of E Cashmere Musk Clive Christian. Unisex perfume citrus, musky, fresh spicy, woody, powdery, floral, amber, green, fresh.",https://leparfum.com.gr/en/luxury-perfumes/2683-cliv-lux,2026-08-20,2026-08-20,ACTIVE,Choose+Bottle+Extra Essence,SHOBI_LIVE_SHOW_ALL
4592,2682-BDIK,2682-BDIK N,AR527,AR,Gris Charnel BDK Parfums,Niche Perfumes,15.0,"Inspired by the fragrance notes of Gris Charnel BDK Parfums. Unisex perfume woody, warm spicy, aromatic, powdery, fruity, iris, sweet, earthy, green, vanilla.",https://leparfum.com.gr/en/niche-perfumes/2682-bdik-n,2026-08-20,2026-08-20,ACTIVE,Choose+Bottle+Extra Essence,SHOBI_LIVE_SHOW_ALL
4591,2681-ARB,2681-ARB N,AR526,AR,Madawi Gold Edition Arabian Oud,Niche Perfumes,15.0,"Inspired by the fragrance notes of Madawi Gold Edition Arabian Oud. Unisex perfume vanilla, fruity, warm spicy, sweet, white floral, patchouli.",https://leparfum.com.gr/en/niche-perfumes/2681-arb-n,2026-08-20,2026-08-20,ACTIVE,Choose+Bottle+Extra Essence,SHOBI_LIVE_SHOW_ALL
4590,2680-AMG,2680-AMG N,AR525,AR,Outlands Amouage,Niche Perfumes,15.0,"Inspired by the fragrance notes of Outlands Amouage. Unisex perfume amber, aromatic, warm spicy, fresh spicy, citrus, balsamic, vanilla, woody, sweet.",https://leparfum.com.gr/en/niche-perfumes/2680-amg-n,2026-08-20,2026-08-20,ACTIVE,Choose+Bottle+Extra Essence,SHOBI_LIVE_SHOW_ALL
4579,2679-CAR,2679-CAR W,WP860,WP,La Bomba,Fragrances For Women,9.0,"2679-CAR Inspired by the fragrance notes of La Bomba. Woman perfume floral, tropical, fruity, vanilla, fresh, patchouli, rose.",https://leparfum.com.gr/en/fragrances-for-women/2679-car-w,2026-08-20,2026-08-20,ACTIVE,Choose+Bottle+Extra Essence,SHOBI_LIVE_SHOW_ALL
4539,2678-PARF,2678-PARF N,AR524,AR,Palatine Parfums de Marly,Niche Perfumes,15.0,2678-PARF Inspired by the fragrance notes of Palatine Parfums de Marly.,https://leparfum.com.gr/en/niche-perfumes/2678-parf-n,2026-08-20,2026-08-20,ACTIVE,Choose+Bottle+Extra Essence,SHOBI_LIVE_SHOW_ALL
4528,2618-TMFO,2618-TMFO LUX,LUX033,LUX,Bois Pacifique,Luxury Perfumes,20.0,"2618-TMFO LUX Inspired by the fragrance notes of Bois Pacifique. Men's perfume woody, warm spicy, amber, powdery, aromatic.",https://leparfum.com.gr/en/luxury-perfumes/2618-tmfo-lux,2026-08-20,2026-08-20,ACTIVE,Choose+Bottle+Extra Essence,SHOBI_LIVE_SHOW_ALL
4527,2674-MICA,2674-MICA N,AR523,AR,Note Poudree Micallef,Niche Perfumes,15.0,"2674-MICA Inspired by the fragrance notes of Note Poudree Micallef. Women's perfume fruity, amber, rose, woody, powdery, vanilla, patchouli, sweet.",https://leparfum.com.gr/en/niche-perfumes/2674-mica-n,2026-08-20,2026-08-20,ACTIVE,Choose+Bottle+Extra Essence,SHOBI_LIVE_SHOW_ALL
4526,2673-ARB,2673-ARB N,AR522,AR,Al Fareed Arabian Oud,Niche Perfumes,15.0,"Inspired by the fragrance notes of Al Fareed Arabian Oud. Men's perfume amber, musky, powdery, oud, fresh spicy, animalic, patchouli.",https://leparfum.com.gr/en/niche-perfumes/Al_Fareed_Arabian_Oud_perfumi,2026-08-20,2026-08-20,ACTIVE,Choose+Bottle+Extra Essence,SHOBI_LIVE_SHOW_ALL
4525,2672-MEM,2672-MEM LUX,LUX032,LUX,Abu Dhabi Memo Paris,Luxury Perfumes,20.0,"2672-MEM Inspired by the fragrance notes of Abu Dhabi Memo Paris. Unisex perfume sweet, warm spicy, fruity, aromatic, amber, earthy, woody, metallic, leather.",https://leparfum.com.gr/en/luxury-perfumes/2672-mem-lux,2026-08-20,2026-08-20,ACTIVE,Choose+Bottle+Extra Essence,SHOBI_LIVE_SHOW_ALL
4524,2671-KIL,2671-KIL N,AR521,AR,Cruel Intentions - Kilian,Niche Perfumes,15.0,"2671-KIL Inspired by the fragrance notes of Cruel Intentions - Kilian. A mysterious and seductive unisex fragrance that blends smoky woods, deep florals and rich amber nuances — perfect for evening wear with a bold, elegant character.",https://leparfum.com.gr/en/niche-perfumes/2671-kil-n,2026-08-20,2026-08-20,ACTIVE,Choose+Bottle+Extra Essence,SHOBI_LIVE_SHOW_ALL
4523,2670-CRD,2670-CRD N,AR520,AR,Eladaria,Niche Perfumes,15.0,"Inspired by the fragrance notes of Eladaria. Women's perfume rose, musky, powdery, floral, am, er, fresh, citrus, soft spicy, white floral, vanilla.",https://leparfum.com.gr/en/niche-perfumes/2670-crd-n,2026-08-20,2026-08-20,ACTIVE,Choose+Bottle+Extra Essence,SHOBI_LIVE_SHOW_ALL
4522,2659-MNT,2659-MNT N,AR519,AR,Sensual Instinct Montale,Niche Perfumes,15.0,"2659-MNT Inspired by the fragrance notes of Sensual Instinct Montale. Unisex perfume sweet, mossy, amber, rose, woody, coffee, earthy, lactonic, warm spicy, nutty.",https://leparfum.com.gr/en/niche-perfumes/2659-mnt-n,2026-08-20,2026-08-20,ACTIVE,Choose+Bottle+Extra Essence,SHOBI_LIVE_SHOW_ALL
4521,2657-CRD,2657-CRD N,AR518,AR,Fragaria,Niche Perfumes,15.0,"Inspired by the fragrance notes of Fragaria. Women's perfume citrus, fruity, violet, sweet, woody, powdery.",https://leparfum.com.gr/en/niche-perfumes/2657-crd-n,2026-08-20,2026-08-20,ACTIVE,Choose+Bottle+Extra Essence,SHOBI_LIVE_SHOW_ALL
4520,2656-LAN,2656-LAN W,WP859,WP,Idôle Power,Fragrances For Women,9.0,"2656-LAN W Inspired by the fragrance notes of Idôle Power. Woman perfume rose, woody, powdery, fruity, warm spicy, floral, fresh.",https://leparfum.com.gr/en/fragrances-for-women/2656-lan-w,2026-08-20,2026-08-20,ACTIVE,Choose+Bottle+Extra Essence,SHOBI_LIVE_SHOW_ALL
4519,2655-MNT,2655-MNT N,AR517,AR,Dallachaï Montale,Niche Perfumes,15.0,"2655-MNT Inspired by the fragrance notes of Dallachaï Montale. Unisex perfume warm spicy, coffee, tropical, sweet, fruity, lactonic, musky.",https://leparfum.com.gr/en/niche-perfumes/2655-mnt-n,2026-08-20,2026-08-20,ACTIVE,Choose+Bottle+Extra Essence,SHOBI_LIVE_SHOW_ALL
4518,2654-KUR,2654-KUR N,AR516,AR,Kurky,Niche Perfumes,15.0,"Inspired by the fragrance notes of Kurky. Unisex perfume fruity, sweet, musky, powdery, vanilla.",https://leparfum.com.gr/en/niche-perfumes/2654-kur-n,2026-08-20,2026-08-20,ACTIVE,Choose+Bottle+Extra Essence,SHOBI_LIVE_SHOW_ALL
4517,2653-YZLO,2653-YZLO W,WP858,WP,Black Opium Glitter,Fragrances For Women,9.0,"2653-YZLO W Inspired by the fragrance notes of Black Opium Glitter. Woman perfume sweet, citrus, vanilla, powdery, white floral, coffee, warm spicy, musky.",https://leparfum.com.gr/en/fragrances-for-women/2653-yzlo-w,2026-08-20,2026-08-20,ACTIVE,Choose+Bottle+Extra Essence,SHOBI_LIVE_SHOW_ALL
4492,1145-GUC,1145-GUC MP,MP389,MP,pour Homme (2003),Fragrances For Men,9.0,"Inspired by the fragrance notes of pour Homme (2003). Man fragrance woody, amber, smoky, aromatic, warm spicy, balsamic, powdery, leather.",https://leparfum.com.gr/en/fragrances-for-men/1145-guc-mp,2026-08-20,2026-08-20,ACTIVE,Choose+Bottle+Extra Essence,SHOBI_LIVE_SHOW_ALL
4491,2637-HARM,2637-HARM EL,EL433,EL,Sacred Water,Elegants Fragrances,10.0,"Inspired by the fragrance notes of Sacred Water. Unisex perfume citrus, marine, amber, aquatic, animalic.",https://leparfum.com.gr/en/elegants-fragrances/2637-harm-el,2026-08-20,2026-08-20,ACTIVE,Choose+Bottle+Extra Essence,SHOBI_LIVE_SHOW_ALL
4490,2646-PEN,2646-PEN N,AR515,AR,The Dandy,Niche Perfumes,15.0,"2646-PEN Inspired by the fragrance notes of The Dandy. Unisex perfume woody, whiskey, patchouli, warm spicy, citrus.",https://leparfum.com.gr/en/niche-perfumes/2646-pen-n,2026-08-20,2026-08-20,ACTIVE,Choose+Bottle+Extra Essence,SHOBI_LIVE_SHOW_ALL
4489,2645-LTN,2645-LTN N,AR514,AR,the fragrance notes,Niche Perfumes,15.0,2645-LTN Inspired by the fragrance notes. Oriental Floral fragrance for women.,https://leparfum.com.gr/en/niche-perfumes/2645-ltn-n,2026-08-20,2026-08-20,ACTIVE,Choose+Bottle+Extra Essence,SHOBI_LIVE_SHOW_ALL
4488,2644-PAZZ,2644-PAZZ N,AR513,AR,Summer Hammer Lorenzo Pazzaglia,Niche Perfumes,15.0,"Inspired by the fragrance notes of Summer Hammer Lorenzo Pazzaglia. Unisex perfume tropical, sweet, fruity, woody, coconut, white floral, aromatic, powdery, musky, marine.",https://leparfum.com.gr/en/niche-perfumes/2644-pazz-n,2026-08-20,2026-08-20,ACTIVE,Choose+Bottle+Extra Essence,SHOBI_LIVE_SHOW_ALL
4487,2643-LEL,2643-LEL N,AR512,AR,Iris 39 Le Labo,Niche Perfumes,15.0,"2643-LEL Inspired by the fragrance notes of Iris 39 Le Labo. Unisex perfume powdery, violet, iris, woody, musky, patchouli, earthy, warm spicy, animalic.",https://leparfum.com.gr/en/niche-perfumes/2643-lel-n,2026-08-20,2026-08-20,ACTIVE,Choose+Bottle+Extra Essence,SHOBI_LIVE_SHOW_ALL
4486,2458-LTN,2458-LTN EL,EL432,EL,the fragrance notes,Elegants Fragrances,10.0,2458-LTN Inspired by the fragrance notes.,https://leparfum.com.gr/en/elegants-fragrances/2458-ltn-el,2026-08-20,2026-08-20,ACTIVE,Choose+Bottle+Extra Essence,SHOBI_LIVE_SHOW_ALL
4485,2615-ARMA,2615-ARMA N,AR511,AR,Odyssey Dubai Chocolat,Niche Perfumes,15.0,"Inspired by the fragrance notes of Odyssey Dubai Chocolat. Unisex perfume warm spicy, sweet, coffee, woody, nutty, vanilla, chocolate, amber, caramel.",https://leparfum.com.gr/en/niche-perfumes/2615-arma-n,2026-08-20,2026-08-20,ACTIVE,Choose+Bottle+Extra Essence,SHOBI_LIVE_SHOW_ALL
4484,2648-FUGA,2648-FUGA EL,EL431,EL,Vanilla Haze Fugazzi,Elegants Fragrances,10.0,"Inspired by the fragrance notes of Vanilla Haze Fugazzi. Unisex perfume vanilla, sweet, nutty, caramel, amber, almond, woody, powdery, musky, coconut.",https://leparfum.com.gr/en/elegants-fragrances/2648-fuga-el,2026-08-20,2026-08-20,ACTIVE,Choose+Bottle+Extra Essence,SHOBI_LIVE_SHOW_ALL
4483,2658-CHA,2658-CHA LUX,LUX031,LUX,Sycomore Parfum,Luxury Perfumes,20.0,"Inspired by the fragrance notes of Sycomore Parfum. Unisex perfume woody, earthy, aromatic, powdery, vanilla, iris, leather.",https://leparfum.com.gr/en/luxury-perfumes/2658-cha-lux,2026-08-20,2026-08-20,ACTIVE,Choose+Bottle+Extra Essence,SHOBI_LIVE_SHOW_ALL
4482,2616-TMU,2616-TMU W,WP857,WP,Alien Extraintense,Fragrances For Women,9.0,"Inspired by the fragrance notes of Alien Extraintense. Woman perfume white floral, tuberose, woody, vanilla, amber, powdery, musky.",https://leparfum.com.gr/en/fragrances-for-women/2616-tmu-w,2026-08-20,2026-08-20,ACTIVE,Choose+Bottle+Extra Essence,SHOBI_LIVE_SHOW_ALL
4481,2619-DRC,2619-DRC M,MP388,MP,Homme Parfum 2025,Fragrances For Men,9.0,"2619-DRC Inspired by the fragrance notes of Homme Parfum 2025. Man fragrance amber, woody, earthy, patchouli, iris, powdery, warm spicy, violet.",https://leparfum.com.gr/en/fragrances-for-men/2619-drc-m,2026-08-20,2026-08-20,ACTIVE,Choose+Bottle+Extra Essence,SHOBI_LIVE_SHOW_ALL
4480,2617-DOL,2617-DOL M,MP387,MP,Devotion Pour Homme,Fragrances For Men,9.0,"2617-DOL Inspired by the fragrance notes of Devotion Pour Homme. Man fragrance coffee, warm spicy, citrus, patchouli, woody.",https://leparfum.com.gr/en/fragrances-for-men/2617-dol-m,2026-08-20,2026-08-20,ACTIVE,Choose+Bottle+Extra Essence,SHOBI_LIVE_SHOW_ALL
4479,2622-PHL,2622-PHL N,AR510,AR,Vanilla Skin Phlur,Niche Perfumes,15.0,"Inspired by the fragrance notes of Vanilla Skin Phlur. Unisex perfume vanilla, woody, sweet, amber, powdery, balsamic, musky, soft spicy.",https://leparfum.com.gr/en/niche-perfumes/2622-phl-n,2026-08-20,2026-08-20,ACTIVE,Choose+Bottle+Extra Essence,SHOBI_LIVE_SHOW_ALL
4478,2621-CHAR,2621-CHAR N,AR509,AR,More Sex,Niche Perfumes,15.0,"2621-CHAR N Inspired by the fragrance notes of More Sex. Unisex perfume leather, musky, animalic, woody, fresh spicy, powdery, amber, warm spicy, smoky.",https://leparfum.com.gr/en/niche-perfumes/2621-char-n,2026-08-20,2026-08-20,ACTIVE,Choose+Bottle+Extra Essence,SHOBI_LIVE_SHOW_ALL
4444,2649-BORN,2649-BORN EL,EL430,EL,Naked Laundry BORNTOSTANDOUT®,Elegants Fragrances,10.0,"Inspired by the fragrance notes of Naked Laundry BORNTOSTANDOUT®. Unisex perfume aldehydic, animalic, fresh, sweet, lactonic, amber, honey, caramel.",https://leparfum.com.gr/en/elegants-fragrances/2649-born-el,2026-08-20,2026-08-20,ACTIVE,Choose+Bottle+Extra Essence,SHOBI_LIVE_SHOW_ALL
4443,2620-CHAR,2620-CHAR EL,EL429,EL,Cosmic Power,Elegants Fragrances,10.0,"2620-CHAR EL Inspired by the fragrance notes of Cosmic Power. Unisex perfume amber, fresh spicy, powdery, warm spicy, cinnamon, aromatic, vanilla.",https://leparfum.com.gr/en/elegants-fragrances/2620-char-el,2026-08-20,2026-08-20,ACTIVE,Choose+Bottle+Extra Essence,SHOBI_LIVE_SHOW_ALL
4438,2647-LTN,2647-LTN N,AR508,AR,the fragrance notes,Niche Perfumes,15.0,2647-LTN Inspired by the fragrance notes.,https://leparfum.com.gr/en/niche-perfumes/2647-ltn-n,2026-08-20,2026-08-20,ACTIVE,Choose+Bottle+Extra Essence,SHOBI_LIVE_SHOW_ALL
4436,2623-NES,2623-NES EL,EL428,EL,Santa Barbara Strawberry - Nest,Elegants Fragrances,10.0,"Inspired by the fragrance notes of Santa Barbara Strawberry - Nest. Unisex perfume fruity, sweet.",https://leparfum.com.gr/en/elegants-fragrances/2623-nes-el,2026-08-20,2026-08-20,ACTIVE,Choose+Bottle+Extra Essence,SHOBI_LIVE_SHOW_ALL
4435,2614-AMG,2614-AMG LUX,LUX030,LUX,Guidance 46 Amouagee,Luxury Perfumes,20.0,"Inspired by the fragrance notes of Guidance 46 Amouagee. Unisex perfume woody, fruity, floral, rose, warm spicy, nutty, sweet.",https://leparfum.com.gr/en/luxury-perfumes/2614-amg-lux,2026-08-20,2026-08-20,ACTIVE,Choose+Bottle+Extra Essence,SHOBI_LIVE_SHOW_ALL
4434,2624-BLG,2624-BLG LUX,LUX029,LUX,Rock N Rome,Luxury Perfumes,20.0,"2624-BLG Inspired by the fragrance notes of Rock N Rome. Women perfume fruity, warm spicy, amber, floral, lactonic, woody, powdery.",https://leparfum.com.gr/en/luxury-perfumes/2624-blg-lux,2026-08-20,2026-08-20,ACTIVE,Choose+Bottle+Extra Essence,SHOBI_LIVE_SHOW_ALL
4433,2626-JOM,2626-JOM EL,EL427,EL,English Oak & Redcurrant Jo Malone,Elegants Fragrances,10.0,"2626-JOM Inspired by the fragrance notes of English Oak & Redcurrant Jo Malone. A warm, elegant and slightly fruity fragrance where juicy redcurrant meets rich oak and earthy undertones — sophisticated, cozy and timeless.",https://leparfum.com.gr/en/elegants-fragrances/2626-jom-el,2026-08-20,2026-08-20,ACTIVE,Choose+Bottle+Extra Essence,SHOBI_LIVE_SHOW_ALL
4432,2625-GUR,2625-GUR N,AR507,AR,L'Instant de pour Homme Eau Extreme,Niche Perfumes,15.0,"2625-GUR Inspired by the fragrance notes of L'Instant de pour Homme Eau Extreme. Man perfume warm spicy, woody, cacao, patchouli, anis, soft spicy, citrus, powdery.",https://leparfum.com.gr/en/niche-perfumes/2625-gur-n,2026-08-20,2026-08-20,ACTIVE,Choose+Bottle+Extra Essence,SHOBI_LIVE_SHOW_ALL
4431,2633-KUR,2633-KUR N,AR506,AR,Petit Matin,Niche Perfumes,15.0,"Inspired by the fragrance notes of Petit Matin. Unisex perfume citrus, musky, white floral, aromatic, lavender, sweet, amber.",https://leparfum.com.gr/en/niche-perfumes/2633-kur-n,2026-08-20,2026-08-20,ACTIVE,Choose+Bottle+Extra Essence,SHOBI_LIVE_SHOW_ALL
4430,2611-KAY,2611-KAY EL,EL426,EL,Elixir 11 Kayali Fragrances,Elegants Fragrances,10.0,"Inspired by the fragrance notes of Elixir 11 Kayali Fragrances. Unisex perfume rose, patchouli, fruity, woody, white floral, amber, warm spicy.",https://leparfum.com.gr/en/elegants-fragrances/2611-kay-el,2026-08-20,2026-08-20,ACTIVE,Choose+Bottle+Extra Essence,SHOBI_LIVE_SHOW_ALL
4429,2613-SOS,2613-SOS N,AR505,AR,Vibrato Sospiro Perfume,Niche Perfumes,15.0,"Inspired by the fragrance notes of Vibrato Sospiro Perfume. Unisex perfume citrus, fresh spicy, powdery, woody, green, musky.",https://leparfum.com.gr/en/niche-perfumes/2613-sos-n,2026-08-20,2026-08-20,ACTIVE,Choose+Bottle+Extra Essence,SHOBI_LIVE_SHOW_ALL
4428,2612-LUS,2612-LUS EL,EL425,EL,Sticky Dates Lush,Elegants Fragrances,10.0,"Inspired by the fragrance notes of Sticky Dates Lush. Unisex perfume caramel, sweet, amber, warm spicy, balsamic.",https://leparfum.com.gr/en/elegants-fragrances/2612-lus-el,2026-08-20,2026-08-20,ACTIVE,Choose+Bottle+Extra Essence,SHOBI_LIVE_SHOW_ALL
4426,2599-ACQ,2599-ACQ M,MP386,MP,Sandalo Eau de Parfum,Fragrances For Men,9.0,"2599-ACQ Inspired by the fragrance notes of Sandalo Eau de Parfum. A refined woody fragrance centered on creamy sandalwood, balanced with fresh citrus and warm aromatic notes.",https://leparfum.com.gr/en/fragrances-for-men/2599-acq-m,2026-08-20,2026-08-20,ACTIVE,Choose+Bottle+Extra Essence,SHOBI_LIVE_SHOW_ALL
4425,2598-GLO,2598-GLO W,WP856,WP,You Glossier,Fragrances For Women,9.0,"Inspired by the fragrance notes of You Glossier. Woman perfume musky, iris, amber, owdery, soft spicy, violet, floral.",https://leparfum.com.gr/en/fragrances-for-women/2598-glo-w,2026-08-20,2026-08-20,ACTIVE,Choose+Bottle+Extra Essence,SHOBI_LIVE_SHOW_ALL
4424,2641-LAT,2641-LAT EL,EL424,EL,Eclaire Lattafa Perfumes,Elegants Fragrances,10.0,"2641-LAT EL Inspired by the fragrance notes of Eclaire Lattafa Perfumes. Woman perfume sweet, vanilla, caramel, lactonic, honey.",https://leparfum.com.gr/en/elegants-fragrances/2641-lat-el,2026-08-20,2026-08-20,ACTIVE,Choose+Bottle+Extra Essence,SHOBI_LIVE_SHOW_ALL
4423,2630-SOS,2630-SOS N,AR504,AR,Erba Pura Magica Sospiro,Niche Perfumes,15.0,"Inspired by the fragrance notes of Erba Pura Magica Sospiro. Unisex perfume fruity, citrus, sweet, musky, powdery, woody, caramel.",https://leparfum.com.gr/en/niche-perfumes/2630-sos-n,2026-08-20,2026-08-20,ACTIVE,Choose+Bottle+Extra Essence,SHOBI_LIVE_SHOW_ALL
4422,2627-LTN,2627-LTN N,AR503,AR,the fragrance notes,Niche Perfumes,15.0,2627-LTN Inspired by the fragrance notes.,https://leparfum.com.gr/en/niche-perfumes/2627-ltn-n,2026-08-20,2026-08-20,ACTIVE,Choose+Bottle+Extra Essence,SHOBI_LIVE_SHOW_ALL
4421,2608-KIL,2608-KIL N,AR502,AR,A Taste of Heaven Kilian,Niche Perfumes,15.0,"2608-KIL Inspired by the fragrance notes of A Taste of Heaven Kilian. An indulgent gourmand fragrance that evokes pure sweetness and comfort — creamy, caramel‑rich and irresistibly delicious. A scent that feels like a luxurious dessert in perfume form.",https://leparfum.com.gr/en/niche-perfumes/2608-kil-n,2026-08-20,2026-08-20,ACTIVE,Choose+Bottle+Extra Essence,SHOBI_LIVE_SHOW_ALL
4420,2609-TMFO,2609-TMFO EL,EL423,EL,Ombre de Hyacinth,Elegants Fragrances,10.0,"2609-TMFO EL Inspired by the fragrance notes of Ombre de Hyacinth. Unisex perfume green, floral, ozonic, fresh spicy, aquatic, amber, aromatic.",https://leparfum.com.gr/en/elegants-fragrances/2609-tmfo-el,2026-08-20,2026-08-20,ACTIVE,Choose+Bottle+Extra Essence,SHOBI_LIVE_SHOW_ALL
4419,2605-ARM,2605-ARM EL,EL422,EL,Figuier Eden,Elegants Fragrances,10.0,"Inspired by the fragrance notes of Figuier Eden. Unisex perfume green, fruity, citrus, fresh, sweet, woody, iris, powdery.",https://leparfum.com.gr/en/elegants-fragrances/2605-arm-el,2026-08-20,2026-08-20,ACTIVE,Choose+Bottle+Extra Essence,SHOBI_LIVE_SHOW_ALL
4418,2610-JUL,2610-JUL EL,EL421,EL,Not A Perfume Superdose - Juliette Has A Gun,Elegants Fragrances,10.0,"2610-JUL Inspired by the fragrance notes of Not A Perfume Superdose - Juliette Has A Gun. A clean, modern woody‑amber musk fragrance that feels like a more intense version of your own skin scent — minimal yet elegant, warm, and addictive.",https://leparfum.com.gr/en/elegants-fragrances/2610-jul-el,2026-08-20,2026-08-20,ACTIVE,Choose+Bottle+Extra Essence,SHOBI_LIVE_SHOW_ALL
4417,2632-BDIK,2632-BDIK N,AR501,AR,Velvet Tonka BDK Parfums,Niche Perfumes,15.0,"Inspired by the fragrance notes of Velvet Tonka BDK Parfums. Unisex perfume vanilla, sweet, almond, amber, nutty, fruity, woody, aromatic, tobacco.",https://leparfum.com.gr/en/niche-perfumes/Velvet-Tonka-BDK-Parfums-type,2026-08-20,2026-08-20,ACTIVE,Choose+Bottle+Extra Essence,SHOBI_LIVE_SHOW_ALL
4416,2629-PEN,2629-PEN N,AR500,AR,Sports Car Club,Niche Perfumes,15.0,"2629-PEN Inspired by the fragrance notes of Sports Car Club. Unisex perfume woody, aromatic, musky, amber, patchouli, camphor.",https://leparfum.com.gr/en/niche-perfumes/2629-pen-n,2026-08-20,2026-08-20,ACTIVE,Choose+Bottle+Extra Essence,SHOBI_LIVE_SHOW_ALL
4415,2628-PEN,2628-PEN N,AR499,AR,Roaring Radcliff,Niche Perfumes,15.0,"2628-PEN Inspired by the fragrance notes of Roaring Radcliff. Unisex perfume honey, sweet, tobacco, warm spicy, cinnamon, rum, beeswax, amber, woody, animalic.",https://leparfum.com.gr/en/niche-perfumes/2628-pen-n,2026-08-20,2026-08-20,ACTIVE,Choose+Bottle+Extra Essence,SHOBI_LIVE_SHOW_ALL
4414,2631-TMFO,2631-TMFO N,AR498,AR,Black Lacquer,Niche Perfumes,15.0,"2631-TMFO N Inspired by the fragrance notes of Black Lacquer. Unisex perfume woody, aromatic, fresh spicy, vinyl, warm spicy, amber, balsamic, rum.",https://leparfum.com.gr/en/niche-perfumes/2631-tmfo-n,2026-08-20,2026-08-20,ACTIVE,Choose+Bottle+Extra Essence,SHOBI_LIVE_SHOW_ALL
4413,2639-TRU,2639-TRU W,WP855,WP,Donna Pink Marina,Fragrances For Women,9.0,"2639-TRU W Inspired by the fragrance notes of Donna Pink Marina. Woman perfume citrus, sweet, fruity, fresh, ozonic, woody, salty, aquatic.",https://leparfum.com.gr/en/fragrances-for-women/2639-tru-w,2026-08-20,2026-08-20,ACTIVE,Choose+Bottle+Extra Essence,SHOBI_LIVE_SHOW_ALL
4412,2636-YZLO,2636-YZLO W,WP854,WP,Black Opium Baby Cat Collector,Fragrances For Women,9.0,"2636-YZLO W Inspired by the fragrance notes of Black Opium Baby Cat Collector. Woman perfume woody, sweet, fruity, warm spicy, white floral, coffee, patchouli, vanilla.",https://leparfum.com.gr/en/fragrances-for-women/2636-yzlo-w,2026-08-20,2026-08-20,ACTIVE,Choose+Bottle+Extra Essence,SHOBI_LIVE_SHOW_ALL
4411,2635-SOL,2635-SOL EL,EL420,EL,Cheirosa '76 Sol de Janeiro,Elegants Fragrances,10.0,"2635-SOL EL Inspired by the fragrance notes of Cheirosa '76 Sol de Janeiro. Woman perfume fruity, woody, vanilla, sweet, amber, floral, white floral, caramel.",https://leparfum.com.gr/en/elegants-fragrances/2635-sol-el,2026-08-20,2026-08-20,ACTIVE,Choose+Bottle+Extra Essence,SHOBI_LIVE_SHOW_ALL
4410,2634-NRO,2634-NRO W,WP853,WP,Essence Rodriguez,Fragrances For Women,9.0,"2634-NRO W Inspired by the fragrance notes of Essence Rodriguez. Woman perfume musky, powdery, iris, rose, amber, violet, earthy.",https://leparfum.com.gr/en/fragrances-for-women/2634-nro-w,2026-08-20,2026-08-20,ACTIVE,Choose+Bottle+Extra Essence,SHOBI_LIVE_SHOW_ALL
4409,2638-KEN,2638-KEN W,WP852,WP,Jungle le Tigre Kenzo,Fragrances For Women,9.0,"2638-KEN W Inspired by the fragrance notes of Jungle le Tigre Kenzo. Woman perfume citrus, cinnamon, warm spicy, sweet, amber, fruity.",https://leparfum.com.gr/en/fragrances-for-women/2638-ken-w,2026-08-20,2026-08-20,ACTIVE,Choose+Bottle+Extra Essence,SHOBI_LIVE_SHOW_ALL
4408,2640-CRD,2640-CRD N,AR497,AR,Delphinus,Niche Perfumes,15.0,"Inspired by the fragrance notes of Delphinus. Unisex perfume vanilla, powdery, almond, sweet, amber, iris, floral, nutty, leather.",https://leparfum.com.gr/en/niche-perfumes/2640-crd-n,2026-08-20,2026-08-20,ACTIVE,Choose+Bottle+Extra Essence,SHOBI_LIVE_SHOW_ALL
4407,2642-CRD,2642-CRD LUX,LUX028,LUX,Centaurus,Luxury Perfumes,20.0,"Inspired by the fragrance notes of Centaurus. Unisex perfume warm spicy, amber, vanilla, cinnamon, sweet, powdery, tobacco, woody.",https://leparfum.com.gr/en/luxury-perfumes/2642-crd-lux,2026-08-20,2026-08-20,ACTIVE,Choose+Bottle+Extra Essence,SHOBI_LIVE_SHOW_ALL
4406,2603-JUL,2603-JUL EL,EL419,EL,Lust for Sun Juliette Has A Gun,Elegants Fragrances,10.0,"Inspired by the fragrance notes of Lust for Sun Juliette Has A Gun. Woman perfume white floral, sweet, floral, yellow floral, citrus, lactonic, coconut, musky, vanilla.",https://leparfum.com.gr/en/elegants-fragrances/2603-jul-el,2026-08-20,2026-08-20,ACTIVE,Choose+Bottle+Extra Essence,SHOBI_LIVE_SHOW_ALL
4395,2575-XER,2575-XER LUX,LUX027,LUX,Deified Tony Iommi Parfum,Luxury Perfumes,20.0,"Inspired by the fragrance notes of Deified Tony Iommi Parfum. Unisex perfume leather, warm spicy, woody, rose, patchouli, earthy, fruity, animalic, cinnamon.",https://leparfum.com.gr/en/luxury-perfumes/2575-xer-lux,2026-08-20,2026-08-20,ACTIVE,Choose+Bottle+Extra Essence,SHOBI_LIVE_SHOW_ALL
4394,2604-JILS,2604-JILS M,MP385,MP,Sun Men Jil Sander,Fragrances For Men,9.0,"Inspired by the fragrance notes of Sun Men Jil Sander. Men's fragrance fresh spicy, aromatic, warm spicy, woody, powdery, citrus.",https://leparfum.com.gr/en/fragrances-for-men/Sun-Men-Jil-Sander-perfume,2026-08-20,2026-08-20,ACTIVE,Choose+Bottle+Extra Essence,SHOBI_LIVE_SHOW_ALL
4392,2607-TMU,2607-TMU W,WP851,WP,Angel Eau Croisière,Fragrances For Women,9.0,"Inspired by the fragrance notes of Angel Eau Croisière. Woman perfume sweet, fruity, tropical, citrus, woody, patchouli, terpenic.",https://leparfum.com.gr/en/fragrances-for-women/2607-tmu-w,2026-08-20,2026-08-20,ACTIVE,Choose+Bottle+Extra Essence,SHOBI_LIVE_SHOW_ALL
4391,2602-TMU,2602-TMU W,WP850,WP,Angel Garden Of Stars - Violette Angel,Fragrances For Women,9.0,"Inspired by the fragrance notes of Angel Garden Of Stars - Violette Angel. Woman perfume woody, violet, patchouli, powdery, sweet, vanilla, ozonic.",https://leparfum.com.gr/en/fragrances-for-women/2602-tmu-w,2026-08-20,2026-08-20,ACTIVE,Choose+Bottle+Extra Essence,SHOBI_LIVE_SHOW_ALL
4390,2601-TMU,2601-TMU W,WP849,WP,Angel Passion Star,Fragrances For Women,9.0,"Inspired by the fragrance notes of Angel Passion Star. Woman perfume sweet, fruity, vanilla, caramel, powdery, warm spicy, patchouli, amber.",https://leparfum.com.gr/en/fragrances-for-women/2601-tmu-w,2026-08-20,2026-08-20,ACTIVE,Choose+Bottle+Extra Essence,SHOBI_LIVE_SHOW_ALL
4389,2600-TMU,2600-TMU W,WP848,WP,Angel Lily,Fragrances For Women,9.0,"Inspired by the fragrance notes of Angel Lily. Woman perfume floral, patchouli, fresh spicy, honey, sweet, fresh, woody, aquatic.",https://leparfum.com.gr/en/fragrances-for-women/angel-star,2026-08-20,2026-08-20,ACTIVE,Choose+Bottle+Extra Essence,SHOBI_LIVE_SHOW_ALL
4388,2375-ESC,2375-ESC W,WP847,WP,"Brisa Cubana Escada Woman perfume citrus, green, aromatic, fresh spicy, fresh",Fragrances For Women,9.0,"Inspired by the fragrance notes of Brisa Cubana Escada Woman perfume citrus, green, aromatic, fresh spicy, fresh.",https://leparfum.com.gr/en/fragrances-for-women/Brisa-Cubana-perfume,2026-08-20,2026-08-20,ACTIVE,Choose+Bottle+Extra Essence,SHOBI_LIVE_SHOW_ALL
4387,1702-KUR,1702-KUR N,AR496,AR,Oud,Niche Perfumes,15.0,"Inspired by the fragrance notes of Oud. Unisex perfume warm spicy, oud, aromatic, woody, balsamic, metallic, patchouli, leather, conifer.",https://leparfum.com.gr/en/niche-perfumes/1702-oud,2026-08-20,2026-08-20,ACTIVE,Choose+Bottle+Extra Essence,SHOBI_LIVE_SHOW_ALL
4386,490-CRT,490-CRT W,WP846,WP,Must de Cartier,Fragrances For Women,9.0,"Inspired by the fragrance notes of Must de Cartier. Woman perfume woody, powdery, amber, aromatic, vanilla, green, sweet.",https://leparfum.com.gr/en/fragrances-for-women/must-de-cartier-type,2026-08-20,2026-08-20,ACTIVE,Choose+Bottle+Extra Essence,SHOBI_LIVE_SHOW_ALL
4385,2438-KYLJ,2438-KYLJ W,WP845,WP,Cosmic Kylie Jenner,Fragrances For Women,9.0,"2438-KYLJ W Inspired by the fragrance notes of Cosmic Kylie Jenner. Woman perfume musky, powdery, amber, vanilla, floral, fresh, woody, citrus, animalic.",https://leparfum.com.gr/en/fragrances-for-women/2438-kylj-w,2026-08-20,2026-08-20,ACTIVE,Choose+Bottle+Extra Essence,SHOBI_LIVE_SHOW_ALL
4375,2562-JUSB,2562-JUSB N,AR495,AR,Beat Cafe Jusbox,Niche Perfumes,15.0,"Inspired by the fragrance notes of Beat Cafe Jusbox. Unisex perfume woody, tobacco, amber, sweet, warm spicy, aromatic, leather.",https://leparfum.com.gr/en/niche-perfumes/Beat-Cafe-Jusbox-profumi,2026-08-20,2026-08-20,ACTIVE,Choose+Bottle+Extra Essence,SHOBI_LIVE_SHOW_ALL
4374,2560-JUSB,2560-JUSB N,AR494,AR,Siren & Sailors Jusbox,Niche Perfumes,15.0,"Inspired by the fragrance notes of Siren & Sailors Jusbox. Unisex perfume rose, fruity, woody, vanilla, floral, whiskey, rum, powdery, warm spicy, sweet.",https://leparfum.com.gr/en/niche-perfumes/Siren-Sailors-Jusbox,2026-08-20,2026-08-20,ACTIVE,Choose+Bottle+Extra Essence,SHOBI_LIVE_SHOW_ALL
4373,2555-BON,2555-BON N,AR493,AR,TriBeCa Bond No 9,Niche Perfumes,15.0,"Inspired by the fragrance notes of TriBeCa Bond No 9. Unisex perfume amber, woody, caramel, nutty, sweet, white floral, cacao.",https://leparfum.com.gr/en/niche-perfumes/TriBeCa-Bond-perfumes,2026-08-20,2026-08-20,ACTIVE,Choose+Bottle+Extra Essence,SHOBI_LIVE_SHOW_ALL
4372,2583-INI,2583-INI N,AR492,AR,Paragon Initio Parfums,Niche Perfumes,15.0,"2583-INI Inspired by the fragrance notes of Paragon Initio Parfums. Unisex perfume woody, aromatic, fruity, fresh spicy, citrus, lavender.",https://leparfum.com.gr/en/niche-perfumes/2583-ini-n,2026-08-20,2026-08-20,ACTIVE,Choose+Bottle+Extra Essence,SHOBI_LIVE_SHOW_ALL
4371,2582-PIER,2582-PIER LUX,LUX026,LUX,Carbone Pierre Balmain type,Luxury Perfumes,20.0,"Inspired by the fragrance notes of Carbone Pierre Balmain type. Unisex perfume musky, woody, powdery, rose, patchouli, warm spicy, leather, balsamic.",https://leparfum.com.gr/en/luxury-perfumes/2582-pier-lux,2026-08-20,2026-08-20,ACTIVE,Choose+Bottle+Extra Essence,SHOBI_LIVE_SHOW_ALL
4370,2581-GUR,2581-GUR LUX,LUX025,LUX,Vanille Planifolia Extrait 21,Luxury Perfumes,20.0,"Inspired by the fragrance notes of Vanille Planifolia Extrait 21. Unisex perfume vanilla, amber, sweet, powdery, balsamic, warm spicy.",https://leparfum.com.gr/en/luxury-perfumes/2581-gur-lux,2026-08-20,2026-08-20,ACTIVE,Choose+Bottle+Extra Essence,SHOBI_LIVE_SHOW_ALL
4369,2584-GIV,2584-GIV W,WP844,WP,Eau de,Fragrances For Women,9.0,"2584-GIV W Inspired by the fragrance notes of Eau de. Woman perfume white floral, green, citrus, yellow floral, woody.",https://leparfum.com.gr/en/fragrances-for-women/2584-giv-w,2026-08-20,2026-08-20,ACTIVE,Choose+Bottle+Extra Essence,SHOBI_LIVE_SHOW_ALL
4368,2585-SOL,2585-SOL EL,EL418,EL,Summer e Amor Sol de Janeiro,Elegants Fragrances,10.0,"2585-SOL EL Inspired by the fragrance notes of Summer e Amor Sol de Janeiro. Woman fragrance sweet, almond, nutty, white floral, fruity, vanilla.",https://leparfum.com.gr/en/elegants-fragrances/2585-sol-el,2026-08-20,2026-08-20,ACTIVE,Choose+Bottle+Extra Essence,SHOBI_LIVE_SHOW_ALL
4367,2586-DIP,2586-DIP EL,EL417,EL,Biscuit DIP,Elegants Fragrances,10.0,"Inspired by the fragrance notes of Biscuit DIP. Home fragrance sweet, biscuit, cinnamon and patchouli.",https://leparfum.com.gr/en/elegants-fragrances/biscuit-perfume,2026-08-20,2026-08-20,ACTIVE,Choose+Bottle+Extra Essence,SHOBI_LIVE_SHOW_ALL
4366,2587-MAR,2587-MAR W,WP843,WP,Daisy Dream Sunshine Marc Jacobs,Fragrances For Women,9.0,"2587-MAR W Inspired by the fragrance notes of Daisy Dream Sunshine Marc Jacobs. Woman perfume sweet, fruity, white floral, musky, cherry, aldehydic, citrus, powdery.",https://leparfum.com.gr/en/fragrances-for-women/2587-mar-w,2026-08-20,2026-08-20,ACTIVE,Choose+Bottle+Extra Essence,SHOBI_LIVE_SHOW_ALL
4365,2553-BON,2553-BON N,AR491,AR,Andy Warhol Bond No 9,Niche Perfumes,15.0,"Inspired by the fragrance notes of Andy Warhol Bond No 9. Unisex perfume woody, fruity, amber, vanilla, sweet, fresh spicy, oud, powdery.",https://leparfum.com.gr/en/niche-perfumes/Andy-Warhol-Bond-perfume,2026-08-20,2026-08-20,ACTIVE,Choose+Bottle+Extra Essence,SHOBI_LIVE_SHOW_ALL
4364,2552-SOR,2552-SOR N,AR490,AR,Night Horse (Ночная Кобыла) Siordia Parfums,Niche Perfumes,15.0,"Inspired by the fragrance notes of Night Horse (Ночная Кобыла) Siordia Parfums. Unisex perfume green, herbal, fresh spicy, aquatic, aromatic, animalic, lavender.",https://leparfum.com.gr/en/niche-perfumes/Ночная-Кобыла-Siordia,2026-08-20,2026-08-20,ACTIVE,Choose+Bottle+Extra Essence,SHOBI_LIVE_SHOW_ALL
4363,2529-VER,2529-VER M,MP384,MP,L'Homme,Fragrances For Men,9.0,"2529-VER M Inspired by the fragrance notes of L'Homme. Men's fragrance citrus, warm spicy, woody, aromatic, green, leather.",https://leparfum.com.gr/en/fragrances-for-men/2529-ver-m,2026-08-20,2026-08-20,ACTIVE,Choose+Bottle+Extra Essence,SHOBI_LIVE_SHOW_ALL
4362,2537-DRC,2537-DRC W,WP842,WP,Miss Parfum (2024),Fragrances For Women,9.0,"2537-DRC W Inspired by the fragrance notes of Miss Parfum (2024). Woman perfume woody, fruity, amber, sweet, earthy, patchouli.",https://leparfum.com.gr/en/fragrances-for-women/2537-drc-w,2026-08-20,2026-08-20,ACTIVE,Choose+Bottle+Extra Essence,SHOBI_LIVE_SHOW_ALL
4361,2535-DRC,2535-DRC W,WP841,WP,J'adore L'Or (2023),Fragrances For Women,9.0,"2535-DRC W Inspired by the fragrance notes of J'adore L'Or (2023). Woman perfume white floral, floral, violet, fresh.",https://leparfum.com.gr/en/fragrances-for-women/2535-drc-w,2026-08-20,2026-08-20,ACTIVE,Choose+Bottle+Extra Essence,SHOBI_LIVE_SHOW_ALL
4360,2533-RAL,2533-RAL W,WP840,WP,Safari,Fragrances For Women,9.0,"2533-RAL W Inspired by the fragrance notes of Safari. Woman perfume aromatic, green, woody, fresh spicy, balsamic, floral.",https://leparfum.com.gr/en/fragrances-for-women/ral-safari,2026-08-20,2026-08-20,ACTIVE,Choose+Bottle+Extra Essence,SHOBI_LIVE_SHOW_ALL
4359,2580-KAY,2580-KAY EL,EL416,EL,,Elegants Fragrances,10.0,"2580-KAY EL by the fragrance notes of Yum Boujee Marshmallow | 81 Kayali Fragrances. Women fragrance sweet, vanilla, fruity, powdery.",https://leparfum.com.gr/en/elegants-fragrances/2580-kay-el,2026-08-20,2026-08-20,ACTIVE,Choose+Bottle+Extra Essence,SHOBI_LIVE_SHOW_ALL
4358,2579-SOS,2579-SOS N,AR489,AR,Maraschino Sospiro Perfumes,Niche Perfumes,15.0,"Inspired by the fragrance notes of Maraschino Sospiro Perfumes. Unisex perfume fruity, sweet, cherry, powdery, vanilla, almond, woody, musky, nutty.",https://leparfum.com.gr/en/niche-perfumes/Maraschino-Sospiro-Perfume,2026-08-20,2026-08-20,ACTIVE,Choose+Bottle+Extra Essence,SHOBI_LIVE_SHOW_ALL
4357,2578-DON,2578-DON W,WP839,WP,DKNY 24/7,Fragrances For Women,9.0,"2578-DON W Inspired by the fragrance notes of DKNY 24/7. Woman perfume white floral, green, fruity, rose, sweet, floral.",https://leparfum.com.gr/en/fragrances-for-women/2578-don-w,2026-08-20,2026-08-20,ACTIVE,Choose+Bottle+Extra Essence,SHOBI_LIVE_SHOW_ALL
4356,2577-DOL,2577-DOL W,WP838,WP,Devotion Intense,Fragrances For Women,9.0,"2577-DOL Inspired by the fragrance notes of Devotion Intense. Woman perfume vanilla, nutty, white floral, sweet, woody, citrus, powdery.",https://leparfum.com.gr/en/fragrances-for-women/2577-dol-w,2026-08-20,2026-08-20,ACTIVE,Choose+Bottle+Extra Essence,SHOBI_LIVE_SHOW_ALL
4355,2576-TMFO,2576-TMFO LUX,LUX024,LUX,Eau d'Ombré Leather,Luxury Perfumes,20.0,"2576-TMFO LUX Inspired by the fragrance notes of Eau d'Ombré Leather. Men perfume vanilla, leather, warm spicy, aromatic, animalic, powdery, smoky.",https://leparfum.com.gr/en/luxury-perfumes/2576-tmfo-lux,2026-08-20,2026-08-20,ACTIVE,Choose+Bottle+Extra Essence,SHOBI_LIVE_SHOW_ALL
4353,2574-MEM,2574-MEM N,AR487,AR,Cappadocia Memo Paris,Niche Perfumes,15.0,2574-MEM Inspired by the fragrance notes of Cappadocia Memo Paris.,https://leparfum.com.gr/en/niche-perfumes/2574-mem-n,2026-08-20,2026-08-20,ACTIVE,Choose+Bottle+Extra Essence,SHOBI_LIVE_SHOW_ALL
4352,2573-KAY,2573-KAY EL,EL415,EL,Maldives in a Bottle Ylang Coco | 20 Eau de Parfum Kayali Fragrances,Elegants Fragrances,10.0,"2573-KAY EL Inspired by the fragrance notes of Maldives in a Bottle Ylang Coco | 20 Eau de Parfum Kayali Fragrances. Women sweet, aromatic, coconut, yellow floral, woody, fresh spicy, tropical, citrus, fruity, lactonic.",https://leparfum.com.gr/en/elegants-fragrances/2573-kay-el,2026-08-20,2026-08-20,ACTIVE,Choose+Bottle+Extra Essence,SHOBI_LIVE_SHOW_ALL
4351,2572-KUR,2572-KUR N,AR486,AR,APOM,Niche Perfumes,15.0,"Inspired by the fragrance notes of APOM. Unisex perfume white floral, sweet, musky, yellow floral, powdery, lavender, amber, vanilla.",https://leparfum.com.gr/en/niche-perfumes/2572-kur-n,2026-08-20,2026-08-20,ACTIVE,Choose+Bottle+Extra Essence,SHOBI_LIVE_SHOW_ALL
4350,2597-TMFO,2597-TMFO N,AR485,AR,Amber Intrigue,Niche Perfumes,15.0,"2597-TMFO N Inspired by the fragrance notes of Amber Intrigue. Unisex perfume amber, woody, warm spicy, sweet, cinnamon.",https://leparfum.com.gr/en/niche-perfumes/2597-tmfo-n,2026-08-20,2026-08-20,ACTIVE,Choose+Bottle+Extra Essence,SHOBI_LIVE_SHOW_ALL
4349,2596-PEN,2596-PEN N,AR484,AR,Halfeti Cedar,Niche Perfumes,15.0,"2596-PEN Inspired by the fragrance notes of Halfeti Cedar. Unisex perfume woody, warm spicy, sweet, fruity, rum, vanilla, amber, powdery, cinnamon.",https://leparfum.com.gr/en/niche-perfumes/2596-pen-n,2026-08-20,2026-08-20,ACTIVE,Choose+Bottle+Extra Essence,SHOBI_LIVE_SHOW_ALL
4348,2595-INI,2595-INI N,AR483,AR,Mystic Experience Initio Parfums,Niche Perfumes,15.0,"2595-INI Inspired by the fragrance notes of Mystic Experience Initio Parfums. Unisex perfume woody, amber, powdery, warm spicy, coffee, musky, mossy, earthy, animalic.",https://leparfum.com.gr/en/niche-perfumes/2595-ini-n,2026-08-20,2026-08-20,ACTIVE,Choose+Bottle+Extra Essence,SHOBI_LIVE_SHOW_ALL
4347,2594-HUG,2594-HUG M,MP383,MP,Bottled Oud Saffron,Fragrances For Men,9.0,"2594-HUG M Inspired by the fragrance notes of Bottled Oud Saffron. Men's fragrance oud, rose, warm spicy, amber, metallic, leather, tobacco.",https://leparfum.com.gr/en/fragrances-for-men/2594-hug-m,2026-08-20,2026-08-20,ACTIVE,Choose+Bottle+Extra Essence,SHOBI_LIVE_SHOW_ALL
4346,2593-HUG,2593-HUG M,MP382,MP,Bottled Elixir,Fragrances For Men,9.0,"2593-HUG Inspired by the fragrance notes of Bottled Elixir. Men's fragrance woody, amber, warm spicy, aromatic, patchouli, earthy.",https://leparfum.com.gr/en/fragrances-for-men/2593-hug-m,2026-08-20,2026-08-20,ACTIVE,Choose+Bottle+Extra Essence,SHOBI_LIVE_SHOW_ALL
4345,2592-GOLD,2592-GOLD N,AR482,AR,Pacific Rock Moss Goldfield & Banks Australia,Niche Perfumes,15.0,"Inspired by the fragrance notes of Pacific Rock Moss Goldfield & Banks Australia. Unisex perfume aromatic, citrus, herbal, mossy, woody, fresh spicy, earthy, soft , picy.",https://leparfum.com.gr/en/niche-perfumes/Pacific-Rock-Moss-GOLDFIELD,2026-08-20,2026-08-20,ACTIVE,Choose+Bottle+Extra Essence,SHOBI_LIVE_SHOW_ALL
4344,2591-CRD,2591-CRD EL,EL414,EL,Acqua Fiorentina,Elegants Fragrances,10.0,"Inspired by the fragrance notes of Acqua Fiorentina. Women perfume citrus, fruity, woody, fresh, fresh spicy, sweet.",https://leparfum.com.gr/en/elegants-fragrances/2591-crd-el,2026-08-20,2026-08-20,ACTIVE,Choose+Bottle+Extra Essence,SHOBI_LIVE_SHOW_ALL
4343,2590-BYRP,2590-BYRP N,AR481,AR,Mula Mula Rouge Extreme Byron Parfums,Niche Perfumes,15.0,"2590-BYRP Inspired by the fragrance notes of Mula Mula Rouge Extreme Byron Parfums. Unisex perfume sweet, fruity, caramel, oud, cherry, woody, vanilla, patchouli.",https://leparfum.com.gr/en/niche-perfumes/2590-byrp-n,2026-08-20,2026-08-20,ACTIVE,Choose+Bottle+Extra Essence,SHOBI_LIVE_SHOW_ALL
4342,2589-BYRP,2589-BYRP N,AR480,AR,Mula Mula Double Caramel Byron Parfums,Niche Perfumes,15.0,"2589-BYRP Inspired by the fragrance notes of Mula Mula Double Caramel Byron Parfums. Unisex perfume sweet, fruity, caramel, amber, warm spicy, oud, vanilla.",https://leparfum.com.gr/en/niche-perfumes/2589-byrp-n,2026-08-20,2026-08-20,ACTIVE,Choose+Bottle+Extra Essence,SHOBI_LIVE_SHOW_ALL
4341,2588-BLG,2588-BLG N,AR479,AR,Onekh,Niche Perfumes,15.0,"2588-BLG N Inspired by the fragrance notes of Onekh. Men perfume leather, amber, warm spicy, animalic, smoky, musky, woody.",https://leparfum.com.gr/en/niche-perfumes/2588-blg-n,2026-08-20,2026-08-20,ACTIVE,Choose+Bottle+Extra Essence,SHOBI_LIVE_SHOW_ALL
4340,2568-GIV,2568-GIV W,WP837,WP,L'Interdit Eau de Parfum Rouge Ultime,Fragrances For Women,9.0,"2568-GIV W Inspired by the fragrance notes of L'Interdit Eau de Parfum Rouge Ultime. Woman perfume white floral, tuberose, cacao, warm spicy, sweet, citrus, woody, animalic, patchouli, tobacco.",https://leparfum.com.gr/en/fragrances-for-women/2568-giv-w,2026-08-20,2026-08-20,ACTIVE,Choose+Bottle+Extra Essence,SHOBI_LIVE_SHOW_ALL
4339,2566-VER,2566-VER M,MP381,MP,Eros Energy,Fragrances For Men,9.0,2566-VER Inspired by the fragrance notes of Eros Energy. Men's fragrance citrus.,https://leparfum.com.gr/en/fragrances-for-men/2566-ver-m,2026-08-20,2026-08-20,ACTIVE,Choose+Bottle+Extra Essence,SHOBI_LIVE_SHOW_ALL
4338,2565-GUC,2565-GUC MP,MP380,MP,Guilty Elixir de Parfum pour Homme,Fragrances For Men,9.0,"2565-GUC Inspired by the fragrance notes of Guilty Elixir de Parfum pour Homme. Men's fragrance vanilla, white floral, warm spicy, powdery, amber, iris.",https://leparfum.com.gr/en/fragrances-for-men/2565-guc-mp,2026-08-20,2026-08-20,ACTIVE,Choose+Bottle+Extra Essence,SHOBI_LIVE_SHOW_ALL
4337,2561-SOM,2561-SOM N,AR478,AR,Capriccio Somens,Niche Perfumes,15.0,"Inspired by the fragrance notes of Capriccio Somens. Unisex perfume fruity, sweet, leather, tropical, citrus, smoky, fresh.",https://leparfum.com.gr/en/niche-perfumes/Capriccio-Somens-Perfume,2026-08-20,2026-08-20,ACTIVE,Choose+Bottle+Extra Essence,SHOBI_LIVE_SHOW_ALL
4336,2551-PAR,2551-PAR EL,EL413,EL,Khair Fusion Paris Corner,Elegants Fragrances,10.0,"Inspired by the fragrance notes of Khair Fusion Paris Corner. Unisex perfume fruity, fresh, tropical, powdery, sweet, vanilla.",https://leparfum.com.gr/en/elegants-fragrances/Khair-Fusion-Paris-Corner-perfume,2026-08-20,2026-08-20,ACTIVE,Choose+Bottle+Extra Essence,SHOBI_LIVE_SHOW_ALL
4333,2544-ACQ,2544-ACQ W,WP836,WP,Magnolia Nobile,Fragrances For Women,9.0,2544-ACQ Inspired by the fragrance notes of Magnolia Nobile. An elegant floral fragrance where luminous magnolia blends with fresh citrus and soft woods for a refined and feminine scent.,https://leparfum.com.gr/en/fragrances-for-women/2544-acq-w,2026-08-20,2026-08-20,ACTIVE,Choose+Bottle+Extra Essence,SHOBI_LIVE_SHOW_ALL
4332,2543-HUG,2543-HUG M,MP379,MP,The Scent For Him Magnetic,Fragrances For Men,9.0,"2543-HUG M Inspired by the fragrance notes of The Scent For Him Magnetic. Men's fragrance vanilla, powdery, fruity, sweet.",https://leparfum.com.gr/en/fragrances-for-men/2543-hug-m,2026-08-20,2026-08-20,ACTIVE,Choose+Bottle+Extra Essence,SHOBI_LIVE_SHOW_ALL
4331,2527-GUR,2527-GUR EL,EL412,EL,Angelique Noire,Elegants Fragrances,10.0,"2527-GUR Inspired by the fragrance notes of Angelique Noire. Unisex perfume musky, vanilla, powdery, amber, sweet.",https://leparfum.com.gr/en/elegants-fragrances/2527-gur-el,2026-08-20,2026-08-20,ACTIVE,Choose+Bottle+Extra Essence,SHOBI_LIVE_SHOW_ALL
4330,2525-CAR,2525-CAR EL,EL411,EL,Good Girl Supreme,Elegants Fragrances,10.0,2525-CAR Inspired by the fragrance notes of Good Girl Supreme.,https://leparfum.com.gr/en/elegants-fragrances/2525-car-el,2026-08-20,2026-08-20,ACTIVE,Choose+Bottle+Extra Essence,SHOBI_LIVE_SHOW_ALL
4329,2523-KIL,2523-KIL EL,EL410,EL,Sacred Wood - Kilian,Elegants Fragrances,10.0,"2523-KIL Inspired by the fragrance notes of Sacred Wood - Kilian. A rich, smoky and deeply woody fragrance inspired by sacred ceremonial forests — warm incense, exotic woods, and resinous amber create an elegant, meditative scent with depth and spirituality.",https://leparfum.com.gr/en/elegants-fragrances/2523-kil-el,2026-08-20,2026-08-20,ACTIVE,Choose+Bottle+Extra Essence,SHOBI_LIVE_SHOW_ALL
4328,2548-RIT,2548-RIT EL,EL409,EL,Hammam Rituals,Elegants Fragrances,10.0,Inspired by the fragrance notes of Hammam Rituals. Perfume of eucalyptus and rosemary.,https://leparfum.com.gr/en/elegants-fragrances/Hammam-Rituals,2026-08-20,2026-08-20,ACTIVE,Choose+Bottle+Extra Essence,SHOBI_LIVE_SHOW_ALL
4327,2547-KUR,2547-KUR N,AR477,AR,Aqua Universalis,Niche Perfumes,15.0,"Inspired by the fragrance notes of Aqua Universalis. Unisex perfume citrus, white floral, fresh, musky, aromatic, green.",https://leparfum.com.gr/en/niche-perfumes/Aqua-Universalis,2026-08-20,2026-08-20,ACTIVE,Choose+Bottle+Extra Essence,SHOBI_LIVE_SHOW_ALL
4326,2516-GUL,2516-GUL M,MP378,MP,Scandal Pour Homme Absolu,Fragrances For Men,9.0,"2516-GUL M Inspired by the fragrance notes of Scandal Pour Homme Absolu. Men's fragrance woody, fruity, warm spicy, nutty, balsamic, sweet, powdery, fresh, amber.",https://leparfum.com.gr/en/fragrances-for-men/2516-gul-m,2026-08-20,2026-08-20,ACTIVE,Choose+Bottle+Extra Essence,SHOBI_LIVE_SHOW_ALL
4325,2510-ONE,2510-ONE W,WP835,WP,Our Moment One Direction,Fragrances For Women,9.0,"2510-ONE W Inspired by the fragrance notes of Our Moment One Direction. Unisex perfume fruity, woody, floral, citrus, soft spicy, musky, sour, fresh, tropical.",https://leparfum.com.gr/en/fragrances-for-women/2510-one-w,2026-08-20,2026-08-20,ACTIVE,Choose+Bottle+Extra Essence,SHOBI_LIVE_SHOW_ALL
4324,2508-DRC,2508-DRC N,AR476,AR,Gris,Niche Perfumes,15.0,"2508-DRC N. Inspired by the fragrance notes of Gris. Unisex perfume woody, earthy, mossy, rose, patchouli, citrus, warm spicy, amber, powdery.",https://leparfum.com.gr/en/niche-perfumes/2508-drc-n,2026-08-20,2026-08-20,ACTIVE,Choose+Bottle+Extra Essence,SHOBI_LIVE_SHOW_ALL
4323,2502-MATIE,2502-MATIE N,AR475,AR,Parisian Musc Matiere Premiere,Niche Perfumes,15.0,"Inspired by the fragrance notes of Parisian Musc Matiere Premiere. Unisex perfume musky, amber, woody, floral, powdery.",https://leparfum.com.gr/en/niche-perfumes/Musc-Matiere-Premiere-dupe,2026-08-20,2026-08-20,ACTIVE,Choose+Bottle+Extra Essence,SHOBI_LIVE_SHOW_ALL
4322,2498-TOUZ,2498-TOUZ W,WP834,WP,Baby Tous,Fragrances For Women,9.0,"2498-TOUZ W Inspired by the fragrance notes of Baby Tous. Unisex perfume citrus, fruity, white floral, musky, green, sweet, fresh, powdery.",https://leparfum.com.gr/en/fragrances-for-women/2498-touz-w,2026-08-20,2026-08-20,ACTIVE,Choose+Bottle+Extra Essence,SHOBI_LIVE_SHOW_ALL
4321,2487-PEN,2487-PEN N,AR474,AR,Terrible Teddy,Niche Perfumes,15.0,"2487-PEN Inspired by the fragrance notes of Terrible Teddy. Men's perfume amber, smoky, leather, musky, balsamic, animalic.",https://leparfum.com.gr/en/niche-perfumes/2487-pen-n,2026-08-20,2026-08-20,ACTIVE,Choose+Bottle+Extra Essence,SHOBI_LIVE_SHOW_ALL
4305,1194-KIL,1194-KIL N,AR473,AR,Gold Knight Kilian,Niche Perfumes,15.0,"1194-KIL N Inspired by the fragrance notes of Gold Knight Kilian. Men's perfume honey, sweet, anis, soft spicy, vanilla, floral, patchouli, woody.",https://leparfum.com.gr/en/niche-perfumes/1194-kil-n,2026-08-20,2026-08-20,ACTIVE,Choose+Bottle+Extra Essence,SHOBI_LIVE_SHOW_ALL
4304,2380-CAR,2380-CAR W,WP833,WP,Very Good Girl Glam,Fragrances For Women,9.0,"2380-CAR W Inspired by the fragrance notes of Very Good Girl Glam. Women's perfume sweet, almond, cherry, rose, nutty, vanilla, fruity.",https://leparfum.com.gr/en/fragrances-for-women/2380-car-w,2026-08-20,2026-08-20,ACTIVE,Choose+Bottle+Extra Essence,SHOBI_LIVE_SHOW_ALL
4303,2526-KAY,2526-KAY EL,EL408,EL,Capri in a Bottle Lemon Sugar | 14 Eau de Parfum by Kayali Fragrances,Elegants Fragrances,10.0,"2526-KAY EL Inspired by the fragrance notes of Capri in a Bottle Lemon Sugar | 14 Eau de Parfum by Kayali Fragrances. Woman perfume sweet, vanilla, citrus, fruity, powdery, musky.",https://leparfum.com.gr/en/elegants-fragrances/2526-kay-el,2026-08-20,2026-08-20,ACTIVE,Choose+Bottle+Extra Essence,SHOBI_LIVE_SHOW_ALL
4289,2524-KAY,2524-KAY EL,EL407,EL,Marrakesh in a Bottle Orange Blossom Kayali Fragrances,Elegants Fragrances,10.0,"2524-KAY EL Inspired by the fragrance notes of Marrakesh in a Bottle Orange Blossom Kayali Fragrances. Woman perfume white floral, citrus, rose, woody, sweet, soft spicy, floral.",https://leparfum.com.gr/en/elegants-fragrances/2524-kay-el,2026-08-20,2026-08-20,ACTIVE,Choose+Bottle+Extra Essence,SHOBI_LIVE_SHOW_ALL
4288,2559-LAT,2559-LAT EL,EL406,EL,Ra'ed Silver Lattafa Perfumes,Elegants Fragrances,10.0,"2559-LAT EL Inspired by the fragrance notes of Ra'ed Silver Lattafa Perfumes. Uniesex perfume warm spicy, citrus, vanilla, amber, cinnamon, powdery, animalic.",https://leparfum.com.gr/en/elegants-fragrances/2559-lat-el,2026-08-20,2026-08-20,ACTIVE,Choose+Bottle+Extra Essence,SHOBI_LIVE_SHOW_ALL
4286,2554-JOM,2554-JOM EL,EL405,EL,Orange Marmalade Jo Malone,Elegants Fragrances,10.0,"2554-JOM Inspired by the fragrance notes of Orange Marmalade Jo Malone. A bright, juicy and deliciously sweet citrus fragrance inspired by a jar of freshly made orange marmalade — cheerful, warm and mouth‑watering.",https://leparfum.com.gr/en/elegants-fragrances/2554-jom-el,2026-08-20,2026-08-20,ACTIVE,Choose+Bottle+Extra Essence,SHOBI_LIVE_SHOW_ALL
4285,2556-LAT,2556-LAT EL,EL404,EL,Yara Moi Lattafa Perfumes,Elegants Fragrances,10.0,"2556-LAT EL Inspired by the fragrance notes of Yara Moi Lattafa Perfumes. For women perfume woody, white floral, patchouli, caramel, warm spicy, powdery, sweet, amber.",https://leparfum.com.gr/en/elegants-fragrances/2556-lat-el,2026-08-20,2026-08-20,ACTIVE,Choose+Bottle+Extra Essence,SHOBI_LIVE_SHOW_ALL
4284,2557-ARIA,2557-ARIA W,WP832,WP,God Is A Woman Ariana Grande,Fragrances For Women,9.0,"2557-ARIA W Inspired by the fragrance notes of God Is A Woman Ariana Grande. Women's perfume fruity, sweet, aquatic, powdery, vanilla, musky, floral, fresh, woody, iris.",https://leparfum.com.gr/en/fragrances-for-women/2557-aria-w,2026-08-20,2026-08-20,ACTIVE,Choose+Bottle+Extra Essence,SHOBI_LIVE_SHOW_ALL
4283,2567-SOL,2567-SOL EL,EL403,EL,Cheirosa '71 Sol de Janeiro,Elegants Fragrances,10.0,"2567-SOL EL Inspired by the fragrance notes of Cheirosa '71 Sol de Janeiro. For women perfume sweet, caramel, vanilla, nutty, salty, chocolate, powdery.",https://leparfum.com.gr/en/elegants-fragrances/2567-sol-el,2026-08-20,2026-08-20,ACTIVE,Choose+Bottle+Extra Essence,SHOBI_LIVE_SHOW_ALL
4281,2546-MEM,2546-MEM N,AR472,AR,Moroccan Leather Memo Paris,Niche Perfumes,15.0,2546-MEM Inspired by the fragrance notes of Moroccan Leather Memo Paris.,https://leparfum.com.gr/en/niche-perfumes/2546-mem-n,2026-08-20,2026-08-20,ACTIVE,Choose+Bottle+Extra Essence,SHOBI_LIVE_SHOW_ALL
4280,2545-MEM,2545-MEM N,AR471,AR,Kedu Sesame Memo Paris,Niche Perfumes,15.0,2545-MEM Inspired by the fragrance notes of Kedu Sesame Memo Paris.,https://leparfum.com.gr/en/niche-perfumes/2545-mem-n,2026-08-20,2026-08-20,ACTIVE,Choose+Bottle+Extra Essence,SHOBI_LIVE_SHOW_ALL
4279,2536-PRA,2536-PRA W,WP831,WP,Paradoxe Virtual Flower Prada,Fragrances For Women,9.0,"2536-PRA W Inspired by the fragrance of Paradoxe Virtual Flower Prada. Fragrance white floral, musky, citrus, floral, fresh spicy, aromatic, powdery, fresh.",https://leparfum.com.gr/en/fragrances-for-women/2536-pra-w,2026-08-20,2026-08-20,ACTIVE,Choose+Bottle+Extra Essence,SHOBI_LIVE_SHOW_ALL
4278,2569-GOLD,2569-GOLD N,AR470,AR,Ingenious Ginger Goldfield & Banks Australia,Niche Perfumes,15.0,"Inspired by the fragrance of Ingenious Ginger Goldfield & Banks Australia. Unisex perfume citrus, fresh spicy, powdery, woody, vanilla, fresh, musky, amber.",https://leparfum.com.gr/en/niche-perfumes/2569-gold-n,2026-08-20,2026-08-20,ACTIVE,Choose+Bottle+Extra Essence,SHOBI_LIVE_SHOW_ALL
4277,2571-GOLD,2571-GOLD N,AR469,AR,Silky Woods Goldfield & Banks Australia,Niche Perfumes,15.0,"Inspired by the fragrance of Silky Woods Goldfield & Banks Australia. Unisex perfume vanilla, powdery, warm spicy, leather, musky, woody, tobacco, oud, sweet, cinnamon.",https://leparfum.com.gr/en/niche-perfumes/2571-gold-n,2026-08-20,2026-08-20,ACTIVE,Choose+Bottle+Extra Essence,SHOBI_LIVE_SHOW_ALL
4274,2563-TMFO,2563-TMFO EL,EL401,EL,Rose Exposed,Elegants Fragrances,10.0,"2563-TMFO EL Inspired by the fragrance notes of Rose Exposed. Unisex perfume fresh spicy, rose, musky, amber, woody, leather, warm spicy, powdery, soft spicy, animalic.",https://leparfum.com.gr/en/elegants-fragrances/2563-tmfo-el,2026-08-20,2026-08-20,ACTIVE,Choose+Bottle+Extra Essence,SHOBI_LIVE_SHOW_ALL
4273,2558-LAT,2558-LAT EL,EL400,EL,Bade'e Al Oud Sublime Lattafa Perfumes,Elegants Fragrances,10.0,"2558-LAT EL Inspired by the fragrance notes of Bade'e Al Oud Sublime Lattafa Perfumes. Unisex perfume fruity, fresh, tropical, rose, vanilla, mossy.",https://leparfum.com.gr/en/elegants-fragrances/2558-lat-el,2026-08-20,2026-08-20,ACTIVE,Choose+Bottle+Extra Essence,SHOBI_LIVE_SHOW_ALL
4272,2570-JOM,2570-JOM EL,EL399,EL,English Pear & Sweet Pea Jo Malone,Elegants Fragrances,10.0,"2570-JOM Inspired by the fragrance notes of English Pear & Sweet Pea Jo Malone. A fresh, airy and gently floral fragrance that evokes an English country garden — crisp pears blended with soft sweet peas and dewy greens for a delicate, uplifting scent.",https://leparfum.com.gr/en/elegants-fragrances/2570-jom-el,2026-08-20,2026-08-20,ACTIVE,Choose+Bottle+Extra Essence,SHOBI_LIVE_SHOW_ALL
4270,2550-ARM,2550-ARM M,MP377,MP,Stronger With You Tobacco,Fragrances For Men,9.0,"2550-ARM M Inspired by the fragrance notes of Stronger With You Tobacco. Men's fragrance warm spicy. amber, tobacco, vanilla, sweet, aromatic, soft spicy.",https://leparfum.com.gr/en/fragrances-for-men/2550-arm-m,2026-08-20,2026-08-20,ACTIVE,Choose+Bottle+Extra Essence,SHOBI_LIVE_SHOW_ALL
4269,2549-MARC,2549-MARC EL,EL398,EL,Tilia Marc-Antoine Barrois,Elegants Fragrances,10.0,2549-MARC Inspired by the fragrance notes of Tilia Marc-Antoine Barrois.,https://leparfum.com.gr/en/elegants-fragrances/2549-marc-el,2026-08-20,2026-08-20,ACTIVE,Choose+Bottle+Extra Essence,SHOBI_LIVE_SHOW_ALL
4264,2534-ARM,2534-ARM W,WP830,WP,Sensi,Fragrances For Women,9.0,"2534-ARM Inspired by the fragrance of Sensi. Fragrance white floral, sweet, almond, nutty, amber, woody, fruity, citrus.",https://leparfum.com.gr/en/fragrances-for-women/2534-arm-w,2026-08-20,2026-08-20,ACTIVE,Choose+Bottle+Extra Essence,SHOBI_LIVE_SHOW_ALL
4263,2564-NRO,2564-NRO W,WP829,WP,For Her Musc Nude Narciso Rodriguez,Fragrances For Women,9.0,"2564-NRO W Inspired by the fragrance of For Her Musc Nude Narciso Rodriguez. Fragrance white floral, musky, rose, powdery, sweet, vanilla, animalic, woody.",https://leparfum.com.gr/en/fragrances-for-women/2564-nro-w,2026-08-20,2026-08-20,ACTIVE,Choose+Bottle+Extra Essence,SHOBI_LIVE_SHOW_ALL
4262,2485-ETLR,2485-ETLR N,AR468,AR,The Ghost In The Shell Etat Libre d'Orange,Niche Perfumes,15.0,"Inspired by the fragrance of The Ghost In The Shell Etat Libre d'Orange. Unisex perfume lactonic, citrus, floral, white floral, aldehydic, Pear, sweet.",https://leparfum.com.gr/en/niche-perfumes/2485-etlr-n,2026-08-20,2026-08-20,ACTIVE,Choose+Bottle+Extra Essence,SHOBI_LIVE_SHOW_ALL
4261,2528-JER,2528-JER N,AR467,AR,Gozo Jeroboam,Niche Perfumes,15.0,"Inspired by the fragrance of Gozo Jeroboam. Unisex perfume warm spicy, woody, tuberose, white floral, musky, patchouli, amber.",https://leparfum.com.gr/en/niche-perfumes/2528-jer-n,2026-08-20,2026-08-20,ACTIVE,Choose+Bottle+Extra Essence,SHOBI_LIVE_SHOW_ALL
4260,2542-FUR,2542-FUR W,WP828,WP,Autentica Furla for women,Fragrances For Women,9.0,"Inspired by the fragrance of Autentica Furla for women. Fragrance fresh, floral, fruity, musky, white floral, sweet, rose, woody.",https://leparfum.com.gr/en/fragrances-for-women/2542-fur-w,2026-08-20,2026-08-20,ACTIVE,Choose+Bottle+Extra Essence,SHOBI_LIVE_SHOW_ALL
4259,2531-CAR,2531-CAR M,MP376,MP,Bad Boy Cobalt Elixir,Fragrances For Men,9.0,2531-CAR Inspired by the fragrance notes of Bad Boy Cobalt Elixir.,https://leparfum.com.gr/en/fragrances-for-men/2531-car-m,2026-08-20,2026-08-20,ACTIVE,Choose+Bottle+Extra Essence,SHOBI_LIVE_SHOW_ALL
4258,2532-PRA,2532-PRA N,AR466,AR,Cargo de Nuit Prada,Niche Perfumes,15.0,"2532-PRA N Inspired by the fragrance of Cargo de Nuit Prada. Unisex perfume woody, musky, floral, aromatic, vanilla, powdery, balsamic, amber, sweet.",https://leparfum.com.gr/en/niche-perfumes/2532-pra-n,2026-08-20,2026-08-20,ACTIVE,Choose+Bottle+Extra Essence,SHOBI_LIVE_SHOW_ALL
4257,2539-CRIVEL,2539-CRIVEL N,AR465,AR,Tubéreuse Astrale Maison Crivelli,Niche Perfumes,15.0,"2539-CRIVEL N Inspired by the fragrance of Tubéreuse Astrale Maison Crivelli. Unisex perfume tuberose, white floral, cinnamon, floral, fruity, warm spicy, vanilla, musky, powdery, animalic.",https://leparfum.com.gr/en/niche-perfumes/2539-crivel-n,2026-08-20,2026-08-20,ACTIVE,Choose+Bottle+Extra Essence,SHOBI_LIVE_SHOW_ALL
4256,2538-GUL,2538-GUL M,MP375,MP,Le Male Lover,Fragrances For Men,9.0,"2538-GUL M Inspired by the fragrance notes of Le Male Lover. Men's fragrance vanilla, amber, fresh spicy, powdery, animalic, balsamic, marine, citrus.",https://leparfum.com.gr/en/fragrances-for-men/2538-gul-m,2026-08-20,2026-08-20,ACTIVE,Choose+Bottle+Extra Essence,SHOBI_LIVE_SHOW_ALL
4255,2520-PEN,2520-PEN EL,EL397,EL,Empressa,Elegants Fragrances,10.0,"2520-PEN EL Inspired by the fragrance of Empressa. Women's perfume citrus, fruity, woody, sweet, fresh spicy, patchouli, rose, aromatic, warm spicy, powdery.",https://leparfum.com.gr/en/elegants-fragrances/2520-pen-el,2026-08-20,2026-08-20,ACTIVE,Choose+Bottle+Extra Essence,SHOBI_LIVE_SHOW_ALL
4254,2521-SOL,2521-SOL EL,EL396,EL,Carioca Crush Sol de Janeiro,Elegants Fragrances,10.0,"2521-SOL EL Inspired by the fragrance of Carioca Crush Sol de Janeiro. Women's perfume fruity, sweet, fresh, powdery, aquatic, violet, musky, tropical.",https://leparfum.com.gr/en/elegants-fragrances/2521-sol-el,2026-08-20,2026-08-20,ACTIVE,Choose+Bottle+Extra Essence,SHOBI_LIVE_SHOW_ALL
4253,2540-COM,2540-COM M,MP374,MP,Concrete Comme des Garcons,Fragrances For Men,9.0,"2540-COM M Inspired by the fragrance notes of Concrete Comme des Garcons. Unisex fragrance woody, warm spicy, powdery, musky.",https://leparfum.com.gr/en/fragrances-for-men/2540-com-m,2026-08-20,2026-08-20,ACTIVE,Choose+Bottle+Extra Essence,SHOBI_LIVE_SHOW_ALL
4252,2541-STE,2541-STE N,AR464,AR,God of Fire Stéphane Humbert,Niche Perfumes,15.0,"2541-STE N Inspired by the fragrance of God of Fire Stéphane Humbert. Unisex perfume fruity, tropical, sweet, citrus, fresh, fresh spicy, woody, musky, terpenic.",https://leparfum.com.gr/en/niche-perfumes/2541-ste-n,2026-08-20,2026-08-20,ACTIVE,Choose+Bottle+Extra Essence,SHOBI_LIVE_SHOW_ALL
4251,2481-MARG,2481-MARG EL,EL395,EL,When the Rain Stops,Elegants Fragrances,10.0,2481-MARG Inspired by the fragrance notes of When the Rain Stops.,https://leparfum.com.gr/en/elegants-fragrances/2481-marg-el,2026-08-20,2026-08-20,ACTIVE,Choose+Bottle+Extra Essence,SHOBI_LIVE_SHOW_ALL
4250,2478-MARG,2478-MARG EL,EL394,EL,Untitled,Elegants Fragrances,10.0,"2478-MARG Inspired by the fragrance notes of Untitled. Unisex perfume woody, green, aromatic, fresh, citrus. Floral Woody Musk fragrance for women and men. Balanced green scent.",https://leparfum.com.gr/en/elegants-fragrances/2478-marg-el,2026-08-20,2026-08-20,ACTIVE,Choose+Bottle+Extra Essence,SHOBI_LIVE_SHOW_ALL
4247,2477-MARG,2477-MARG N,AR463,AR,Whispers in the Library,Niche Perfumes,15.0,2477-MARG Inspired by the fragrance notes of Whispers in the Library. Oriental Woody fragrance for women and men.,https://leparfum.com.gr/en/niche-perfumes/2477-marg-n,2026-08-20,2026-08-20,ACTIVE,Choose+Bottle+Extra Essence,SHOBI_LIVE_SHOW_ALL
4246,2476-MARG,2476-MARG N,AR462,AR,At The Barber's,Niche Perfumes,15.0,2476-MARG Inspired by the fragrance notes of At The Barber's.,https://leparfum.com.gr/en/niche-perfumes/2476-marg-n,2026-08-20,2026-08-20,ACTIVE,Choose+Bottle+Extra Essence,SHOBI_LIVE_SHOW_ALL
4245,2522-VIC,2522-VIC M,MP373,MP,Spicebomb Dark Leather,Fragrances For Men,9.0,"Inspired by the fragrance notes of Spicebomb Dark Leather. Man Fragrance fresh spicy, warm spicy, cinnamon, tobacco, amber, sweet.",https://leparfum.com.gr/en/fragrances-for-men/2522-vic-m,2026-08-20,2026-08-20,ACTIVE,Choose+Bottle+Extra Essence,SHOBI_LIVE_SHOW_ALL
4244,2519-MNT,2519-MNT EL,EL393,EL,Starry Nights Montale,Elegants Fragrances,10.0,2519-MNT Inspired by the fragrance notes of Starry Nights Montale.,https://leparfum.com.gr/en/elegants-fragrances/2519-mnt-el,2026-08-20,2026-08-20,ACTIVE,Choose+Bottle+Extra Essence,SHOBI_LIVE_SHOW_ALL
4243,2517-MNTB,2517-MNTB M,MP372,MP,Legend Blue Montblanc,Fragrances For Men,9.0,"2517-MNTB M Inspired by the fragrance notes of Legend Blue Montblanc. Man Fragrance aromatic, woody, lavender, green, amber, fresh spicy, musky, mossy, powdery.",https://leparfum.com.gr/en/fragrances-for-men/2517-mntb-m,2026-08-20,2026-08-20,ACTIVE,Choose+Bottle+Extra Essence,SHOBI_LIVE_SHOW_ALL
4242,2494-BYR,2494-BYR N,AR461,AR,Super Cedar,Niche Perfumes,15.0,"2494-BYR Inspired by the fragrance notes of Super Cedar. Unisex perfume woody, aromatic, musky, powdery, earthy, rose.",https://leparfum.com.gr/en/niche-perfumes/2494-byr-n,2026-08-20,2026-08-20,ACTIVE,Choose+Bottle+Extra Essence,SHOBI_LIVE_SHOW_ALL
4241,2493-SERG,2493-SERG N,AR460,AR,Nuit de Cellophane Serge Lutens,Niche Perfumes,15.0,"Inspired by the fragrance of Nuit de Cellophane Serge Lutens. Unisex perfume white floral, fruity, floral, sweet, soft spicy, green, citrus, honey.",https://leparfum.com.gr/en/niche-perfumes/2493-serg-n,2026-08-20,2026-08-20,ACTIVE,Choose+Bottle+Extra Essence,SHOBI_LIVE_SHOW_ALL
4240,2492-ETLR,2492-ETLR N,AR459,AR,You Or Someone Like You Etat Libre d'Orange,Niche Perfumes,15.0,"Inspired by the fragrance of You Or Someone Like You Etat Libre d'Orange. Unisex perfume green, aromatic, fresh spicy, citrus.",https://leparfum.com.gr/en/niche-perfumes/2492-etlr-n,2026-08-20,2026-08-20,ACTIVE,Choose+Bottle+Extra Essence,SHOBI_LIVE_SHOW_ALL
4239,2490-MARG,2490-MARG N,AR458,AR,On A Date,Niche Perfumes,15.0,"2490-MARG Inspired by the fragrance notes of On A Date. Unisex perfume rose, fruity, aromatic, woody, earthy, soft spicy, floral.",https://leparfum.com.gr/en/niche-perfumes/2490-marg-n,2026-08-20,2026-08-20,ACTIVE,Choose+Bottle+Extra Essence,SHOBI_LIVE_SHOW_ALL
4238,2489-KKWI,2489-KKWI EL,EL392,EL,Red Lips KKW,Elegants Fragrances,10.0,"Inspired by the fragrance of Red Lips KKW. Woman perfume white floral, musky, floral, vanilla, aromatic, lactonic.",https://leparfum.com.gr/en/elegants-fragrances/2489-kkwi-el,2026-08-20,2026-08-20,ACTIVE,Choose+Bottle+Extra Essence,SHOBI_LIVE_SHOW_ALL
4237,2488-ANN,2488-ANN W,WP827,WP,Fantasia Mermaid Anna Sui,Fragrances For Women,9.0,"Inspired by the fragrance of Fantasia Mermaid Anna Sui. Fragrance citrus, honey, fruity, floral, fresh, sweet, warm spicy, tropical, woody, vanilla.",https://leparfum.com.gr/en/fragrances-for-women/2488-ann-w,2026-08-20,2026-08-20,ACTIVE,Choose+Bottle+Extra Essence,SHOBI_LIVE_SHOW_ALL
4236,2486-MA,2486-MA EL,EL391,EL,Velvet Teddy MAC,Elegants Fragrances,10.0,"Inspired by the fragrance of Velvet Teddy MAC. Woman perfume honey, sweet, white floral, floral, warm spicy, vanilla, powdery.",https://leparfum.com.gr/en/elegants-fragrances/2486-ma-el,2026-08-20,2026-08-20,ACTIVE,Choose+Bottle+Extra Essence,SHOBI_LIVE_SHOW_ALL
4235,2483-CLEA,2483-CLEA EL,EL390,EL,Clean Skin Clean,Elegants Fragrances,10.0,"Inspired by the fragrance of Clean Skin Clean. Woman perfume musky, floral, powdery.",https://leparfum.com.gr/en/elegants-fragrances/2483-clea-el,2026-08-20,2026-08-20,ACTIVE,Choose+Bottle+Extra Essence,SHOBI_LIVE_SHOW_ALL
4234,2482-CLEA,2482-CLEA EL,EL389,EL,Cool Cotton Clean,Elegants Fragrances,10.0,"Inspired by the fragrance of Cool Cotton Clean.Unisex perfume powdery, citrus, green, aromatic, floral, fresh spicy, musky.",https://leparfum.com.gr/en/elegants-fragrances/2482-clea-el,2026-08-20,2026-08-20,ACTIVE,Choose+Bottle+Extra Essence,SHOBI_LIVE_SHOW_ALL
4233,2480-JUL,2480-JUL N,AR457,AR,Anyway Juliette Has A Gun,Niche Perfumes,15.0,"Inspired by the fragrance of Anyway Juliette Has A Gun. Unisex perfume citrus, musky, amber, white floral, woody, floral, fresh.",https://leparfum.com.gr/en/niche-perfumes/2480-jul-n,2026-08-20,2026-08-20,ACTIVE,Choose+Bottle+Extra Essence,SHOBI_LIVE_SHOW_ALL
4232,2479-PHL,2479-PHL N,AR456,AR,Father Figure Phlur,Niche Perfumes,15.0,"Inspired by the fragrance of Father Figure Phlur. Unisex perfume powdery, iris, woody, fruity, musky, earthy, sweet.",https://leparfum.com.gr/en/niche-perfumes/2479-phl-n,2026-08-20,2026-08-20,ACTIVE,Choose+Bottle+Extra Essence,SHOBI_LIVE_SHOW_ALL
4231,2503-JUL,2503-JUL EL,EL388,EL,Mad Madame Juliette Has A Gun,Elegants Fragrances,10.0,"Inspired by the fragrance of Mad Madame Juliette Has A Gun.Woman perfume rose, musky, woody, leather, floral, smoky, powdery.",https://leparfum.com.gr/en/elegants-fragrances/2503-jul-el,2026-08-20,2026-08-20,ACTIVE,Choose+Bottle+Extra Essence,SHOBI_LIVE_SHOW_ALL
4230,2504-JUL,2504-JUL EL,EL387,EL,Moscow Mule Juliette Has A Gun,Elegants Fragrances,10.0,"2504-JUL EL Inspired by the fragrance of Moscow Mule Juliette Has A Gun.Unisex perfume citrus, musky, woody, fresh, floral, warm spicy.",https://leparfum.com.gr/en/elegants-fragrances/2504-jul-el,2026-08-20,2026-08-20,ACTIVE,Choose+Bottle+Extra Essence,SHOBI_LIVE_SHOW_ALL
4229,2505-JACFAT,2505-JACFAT N,AR455,AR,Curacao Bay Jacques Fath,Niche Perfumes,15.0,"2505-JACFAT N Inspired by the fragrance notes of Curacao Bay Jacques Fath.Unisex perfume citrus, marine, floral, aromatic, tropical, amber, fruity.",https://leparfum.com.gr/en/niche-perfumes/2505-jacfat-n,2026-08-20,2026-08-20,ACTIVE,Choose+Bottle+Extra Essence,SHOBI_LIVE_SHOW_ALL
4228,2511-CHA,2511-CHA EL,EL386,EL,Comete,Elegants Fragrances,10.0,"2511-CHA EL Inspired by the fragrance of Comete. Woman perfume powdery, floral, iris, musky, fresh, aldehydic, vanilla, violet, almond.",https://leparfum.com.gr/en/elegants-fragrances/2511-cha-el,2026-08-20,2026-08-20,ACTIVE,Choose+Bottle+Extra Essence,SHOBI_LIVE_SHOW_ALL
4227,2506-XER,2506-XER N,AR454,AR,MUSE,Niche Perfumes,15.0,"Inspired by the fragrance of MUSE. Unisex perfume fruity, amber, sweet, white floral, leather, patchouli, animalic.",https://leparfum.com.gr/en/niche-perfumes/2506-xer-n,2026-08-20,2026-08-20,ACTIVE,Choose+Bottle+Extra Essence,SHOBI_LIVE_SHOW_ALL
4226,2512-BRB,2512-BRB W,WP826,WP,GODDESS INTENSE BURBERRY,Fragrances For Women,9.0,"2512-BRB W Inspired by the fragrance of GODDESS INTENSE BURBERRY.Fragrance vanilla, lavender, patchouli, woody, warm spicy, balsamic.",https://leparfum.com.gr/en/fragrances-for-women/2512-brb-w,2026-08-20,2026-08-20,ACTIVE,Choose+Bottle+Extra Essence,SHOBI_LIVE_SHOW_ALL
4224,2515-LAN,2515-LAN W,WP825,WP,LA VIE EST BELLE L'ELIXIR,Fragrances For Women,9.0,"2515-LAN W Inspired by the fragrance notes of LA VIE EST BELLE L'ELIXIR. Fragrance fruity, ozonic, sweet, rose, aquatic, leather, alcohol, green, animalic.",https://leparfum.com.gr/en/fragrances-for-women/2515-lan-w,2026-08-20,2026-08-20,ACTIVE,Choose+Bottle+Extra Essence,SHOBI_LIVE_SHOW_ALL
4223,2501-LOE,2501-LOE W,WP824,WP,AGUA MIAMI LOEWE,Fragrances For Women,9.0,"2501-LOE W Inspired by the fragrance of AGUA MIAMI LOEWE. Unisex perfume citrus, white floral, fresh, aromatic, musky, green.",https://leparfum.com.gr/en/fragrances-for-women/2501-loe-w,2026-08-20,2026-08-20,ACTIVE,Choose+Bottle+Extra Essence,SHOBI_LIVE_SHOW_ALL
4222,2500-BRB,2500-BRB W,WP823,WP,Baby Touch Burberry,Fragrances For Women,9.0,"2500-BRB W Inspired by the fragrance of Baby Touch Burberry. Woman perfume lactonic, citrus, green, vanilla, aromatic, sweet, mossy, fruity.",https://leparfum.com.gr/en/fragrances-for-women/2500-brb-w,2026-08-20,2026-08-20,ACTIVE,Choose+Bottle+Extra Essence,SHOBI_LIVE_SHOW_ALL
4221,2475-DIP,2475-DIP N,AR453,AR,TEMPO DIP,Niche Perfumes,15.0,"Inspired by the fragrance of TEMPO DIP. Unisex perfume aromatic, patchouli, woody, soft spicy, warm spicy, fresh spicy, earthy, ozonic, balsamic, citrus.",https://leparfum.com.gr/en/niche-perfumes/2475-dip-n,2026-08-20,2026-08-20,ACTIVE,Choose+Bottle+Extra Essence,SHOBI_LIVE_SHOW_ALL
4220,2484-ETLR,2484-ETLR N,AR452,AR,THE AFTERNOON OF A FAUN by ETAT LIBRE D'ORANGE,Niche Perfumes,15.0,"Inspired by the fragrance of THE AFTERNOON OF A FAUN by ETAT LIBRE D'ORANGE. Unisex perfume warm spicy, amber, herbal, sweet, mossy, earthy, leather, fresh spicy, rose, iris.",https://leparfum.com.gr/en/niche-perfumes/2484-etlr-n,2026-08-20,2026-08-20,ACTIVE,Choose+Bottle+Extra Essence,SHOBI_LIVE_SHOW_ALL
4219,2495-ETLR,2495-ETLR N,AR451,AR,I AM TRASH - LES FLEURS DU DECHET by ETAT LIBRE D'ORANGE,Niche Perfumes,15.0,"Inspired by the fragrance of I AM TRASH - LES FLEURS DU DECHET by ETAT LIBRE D'ORANGE. Unisex perfume woody, fruity, fresh, musky, green, amber, rose, oud.",https://leparfum.com.gr/en/niche-perfumes/I_AM_TRASH,2026-08-20,2026-08-20,ACTIVE,Choose+Bottle+Extra Essence,SHOBI_LIVE_SHOW_ALL
4218,2496-SERG,2496-SERG N,AR450,AR,LA RELIGIEUSE by SERGE LUTENS,Niche Perfumes,15.0,"Inspired by the fragrance of LA RELIGIEUSE by SERGE LUTENS.Unisex perfume white floral, musky, amber, powdery, animalic, smoky, balsamic.",https://leparfum.com.gr/en/niche-perfumes/2496-serg-n,2026-08-20,2026-08-20,ACTIVE,Choose+Bottle+Extra Essence,SHOBI_LIVE_SHOW_ALL
4217,2507-SERG,2507-SERG N,AR449,AR,FIVE O CLOCK AU GINGEMBRE by SERGE LUTENS,Niche Perfumes,15.0,"Inspired by the fragrance of FIVE O CLOCK AU GINGEMBRE by SERGE LUTENS.Unisex perfume warm spicy, woody, fresh spicy, cinnamon, green, citrus, honey, sweet, amber, cacao.",https://leparfum.com.gr/en/niche-perfumes/2507-serg-n,2026-08-20,2026-08-20,ACTIVE,Choose+Bottle+Extra Essence,SHOBI_LIVE_SHOW_ALL
4216,2518-MATAH,2518-MATAH N,AR448,AR,ESCAPADE GOURMANDE MAISON MATAHA,Niche Perfumes,15.0,"Inspired by the fragrance of ESCAPADE GOURMANDE MAISON MATAHA.Unisex perfume vanilla, sweet, amber, powdery, musky.",https://leparfum.com.gr/en/niche-perfumes/2518-matah-n,2026-08-20,2026-08-20,ACTIVE,Choose+Bottle+Extra Essence,SHOBI_LIVE_SHOW_ALL
4215,,2514 - DRC M,MP371,MP,Sauvage Eau Forte,Fragrances For Men,9.0,"2514 - DRC M Inspired by the fragrance notes of Sauvage Eau Forte.Man Fragrance musky, aromatic, lavender, woody, powdery, warm spicy, fresh spicy, balsamic, conifer.",https://leparfum.com.gr/en/fragrances-for-men/2514-drc-m,2026-08-20,2026-08-20,ACTIVE,Choose+Bottle+Extra Essence,SHOBI_LIVE_SHOW_ALL
4214,2513-PAC,2513-PAC MP,MP370,MP,MILLION GOLD MAN,Fragrances For Men,9.0,"2513-PAC MP inspired by the fragrance notes of MILLION GOLD MAN. Man Fragrance woody, warm spicy, powdery, citrus.",https://leparfum.com.gr/en/fragrances-for-men/2513-pac-mp,2026-08-20,2026-08-20,ACTIVE,Choose+Bottle+Extra Essence,SHOBI_LIVE_SHOW_ALL
4213,2509-CRIVEL,2509-CRIVEL N,AR447,AR,OUD MARACUJA - CRIVELLI,Niche Perfumes,15.0,"2509-CRIVEL N Inspired by the fragrance notes of OUD MARACUJA - CRIVELLI. Unisex perfume oud, fruity, leather, sweet, tropical, warm spicy, amber, woody, animalic.",https://leparfum.com.gr/en/niche-perfumes/2509-crivel-n,2026-08-20,2026-08-20,ACTIVE,Choose+Bottle+Extra Essence,SHOBI_LIVE_SHOW_ALL
4212,2491-LEL,2491-LEL N,AR446,AR,BAIE 19 - LE LABO,Niche Perfumes,15.0,"2491-LEL Inspired by the fragrance notes of BAIE 19 - LE LABO. Unisex perfume patchouli, ozonic, woody, musky, green, aromatic, warm spicy, amber.",https://leparfum.com.gr/en/niche-perfumes/2491-lel-n,2026-08-20,2026-08-20,ACTIVE,Choose+Bottle+Extra Essence,SHOBI_LIVE_SHOW_ALL
4211,2497-XER,2497-XER Ν,AR445,AR,Wardasina,Niche Perfumes,15.0,"Inspired by the fragrance notes of Wardasina. Unisex perfume tobacco, rose, warm spicy, woody, patchouli, sweet, musky, powdery, green, metallic.",https://leparfum.com.gr/en/niche-perfumes/2497-xer-ν,2026-08-20,2026-08-20,ACTIVE,Choose+Bottle+Extra Essence,SHOBI_LIVE_SHOW_ALL
4210,2474-XER,2474-XER EL,EL385,EL,Dama Bianca,Elegants Fragrances,10.0,"Inspired by the fragrance notes of Dama Bianca. Woman perfume powdery, vanilla, violet, floral, citrus, musky, woody, iris, fresh.",https://leparfum.com.gr/en/elegants-fragrances/2474-xer-el,2026-08-20,2026-08-20,ACTIVE,Choose+Bottle+Extra Essence,SHOBI_LIVE_SHOW_ALL
4209,2499-VICT,2499-VICT WP,WP822,WP,FRESH SNOWFALL VICTORIA'S SECRET,Fragrances For Women,9.0,"2499-VICT WP Inspired by the fragrance notes of FRESH SNOWFALL VICTORIA'S SECRET. Woman perfume sweet, fresh, floral, fruity, vanilla, rose.",https://leparfum.com.gr/en/fragrances-for-women/2499-vict-wp,2026-08-20,2026-08-20,ACTIVE,Choose+Bottle+Extra Essence,SHOBI_LIVE_SHOW_ALL
4208,2473-HER,2473-HER W,WP821,WP,BARENIA - HERMES,Fragrances For Women,9.0,"2473-HER W Inspired by the fragrance notes of BARENIA - HERMES. Woman perfume woody, patchouli, warm spicy, oud, floral, citrus, fruity, sweet, earthy.",https://leparfum.com.gr/en/fragrances-for-women/2473-her-w,2026-08-20,2026-08-20,ACTIVE,Choose+Bottle+Extra Essence,SHOBI_LIVE_SHOW_ALL
4207,2470-KAY,2470-KAY EL,EL384,EL,MAUI IN A BOTTLE SWEET BANANA - KAYALI,Elegants Fragrances,10.0,"2470-KAY EL Inspired by the fragrance notes of MAUI IN A BOTTLE SWEET BANANA - KAYALI.Woman perfume sweet, coconut, fruity, vanilla, tropical, white floral, woody, powdery, lactonic.",https://leparfum.com.gr/en/elegants-fragrances/2470-kay-el,2026-08-20,2026-08-20,ACTIVE,Choose+Bottle+Extra Essence,SHOBI_LIVE_SHOW_ALL
4206,2471-SOS,2471-SOS N,AR444,AR,PASTICCIO - SOSPIRO,Niche Perfumes,15.0,"2471-SOS AR Inspired by the fragrance notes of PASTICCIO - SOSPIRO. Unisex perfume powdery, woody, floral, iris, earthy, green, white floral, citrus, violet.",https://leparfum.com.gr/en/niche-perfumes/2471-sos-n,2026-08-20,2026-08-20,ACTIVE,Choose+Bottle+Extra Essence,SHOBI_LIVE_SHOW_ALL
4205,2472-VIC,2472-VIC W,WP820,WP,GOOD FORTUNE,Fragrances For Women,9.0,"2472-VIC W Inspired by the fragrance of GOOD FORTUNE. Woman perfume white floral, vanilla, soft spicy, floral, fresh, sweet, powdery, anis.",https://leparfum.com.gr/en/fragrances-for-women/2472-vic-w,2026-08-20,2026-08-20,ACTIVE,Choose+Bottle+Extra Essence,SHOBI_LIVE_SHOW_ALL
4204,2469-ROJ,2469-ROJ N,AR443,AR,AMBER AOUD - ROJA DOVE,Niche Perfumes,15.0,"2469-ROJ  Inspired by the fragrance notes of AMBER AOUD - ROJA DOVE. Unisex perfume warm spicy, rose, oud, amber, woody, animalic, citrus, leather, powdery, musky.",https://leparfum.com.gr/en/niche-perfumes/2469-roj-n,2026-08-20,2026-08-20,ACTIVE,Choose+Bottle+Extra Essence,SHOBI_LIVE_SHOW_ALL
4203,2468-ESPAR,2468-ESPAR N,AR442,AR,BOIS IMPERIAL - ESSENTIAL PARFUMS,Niche Perfumes,15.0,"2468-ESPAR Inspired by the fragrance notes of BOIS IMPERIAL - ESSENTIAL PARFUMS. Unisex perfume woody, fresh spicy, aromatic, oud, amber, earthy, green, warm spicy.",https://leparfum.com.gr/en/niche-perfumes/2468-espar-n,2026-08-20,2026-08-20,ACTIVE,Choose+Bottle+Extra Essence,SHOBI_LIVE_SHOW_ALL
4202,2467-NISH,2467-NISH N,AR441,AR,EGE / ΑΙΓΑΙΟ - Nishane,Niche Perfumes,15.0,"2467-NISH Inspired by the fragrance notes of EGE / ΑΙΓΑΙΟ - Nishane. Unisex perfume green, fresh spicy, aromatic, citrus, ozonic, soft spicy, aquatic, anis, sweet.",https://leparfum.com.gr/en/niche-perfumes/2467-nish-n,2026-08-20,2026-08-20,ACTIVE,Choose+Bottle+Extra Essence,SHOBI_LIVE_SHOW_ALL
4201,2462-YZLO,2462-YZLO W,WP819,WP,LIBRE FLOWERS & FLAMES,Fragrances For Women,9.0,"2462-YZLO Inspired by the fragrance of LIBRE FLOWERS & FLAMES. Woman perfume white floral, vanilla, citrus, lavender, sweet, coconut, aromatic, fresh spicy, green, animalic.",https://leparfum.com.gr/en/fragrances-for-women/2462-yzlo-w,2026-08-20,2026-08-20,ACTIVE,Choose+Bottle+Extra Essence,SHOBI_LIVE_SHOW_ALL
4200,2463-GUC,2463-GUC WP,WP818,WP,Flora Gorgeous Orchid,Fragrances For Women,9.0,"2463-GUC Inspired by the fragrance notes of Flora Gorgeous Orchid. Woman perfume vanilla, ozonic, floral, powdery, sweet.",https://leparfum.com.gr/en/fragrances-for-women/2463-guc-wp,2026-08-20,2026-08-20,ACTIVE,Choose+Bottle+Extra Essence,SHOBI_LIVE_SHOW_ALL
4199,2465-PAC,2465-PAC MP,MP369,MP,STRONG ME,Fragrances For Men,9.0,"2465-PAC MP inspired by the fragrance notes of STRONG ME. Unisex Fragrance vanilla, fruity, sweet, alcohol, amber, woody, metallic, powdery, balsamic, mineral.",https://leparfum.com.gr/en/fragrances-for-men/2465-pac-mp,2026-08-20,2026-08-20,ACTIVE,Choose+Bottle+Extra Essence,SHOBI_LIVE_SHOW_ALL
4198,2464-ZAD,2464-ZAD MP,MP368,MP,THIS IS REALLY HIM - ZADIG & VOLTAIRE,Fragrances For Men,9.0,"2464-ZAD MPInspired by the fragrance notes of THIS IS REALLY HIM - ZADIG & VOLTAIRE.Men Fragrance woody, citrus, amber, metallic, white floral, mineral, aromatic.",https://leparfum.com.gr/en/fragrances-for-men/2464-zad-mp,2026-08-20,2026-08-20,ACTIVE,Choose+Bottle+Extra Essence,SHOBI_LIVE_SHOW_ALL
4197,374-TMFO,374-TMFO mix 350-TMFO,MIX09,MIX,,Layered Perfumes,20.0,374-TMFO mix 350-TMFO,https://leparfum.com.gr/en/layered-perfumes/374-tmfo-mix-350-tmfo,2026-08-20,2026-08-20,ACTIVE,Choose+Bottle+Extra Essence,SHOBI_LIVE_SHOW_ALL
4191,2466-ELIZ,2466-ELIZ EL,EL383,EL,,Elegants Fragrances,10.0,"WHITE TEA EAU DE PARFUM - ELIZABETH ARDEN.Woman perfume aromatic, green, marine, musky, fresh, soft spicy, amber, fresh spicy, citrus, powdery.",https://leparfum.com.gr/en/elegants-fragrances/white-tea-eau-de-parfum-elizabeth-arden-dupe,2026-08-20,2026-08-20,ACTIVE,Choose+Bottle+Extra Essence,SHOBI_LIVE_SHOW_ALL
4190,2459-MAN,2459-MAN EL,EL382,EL,SAHARIAN WIND - MANCERA,Elegants Fragrances,10.0,2459-MAN Inspired by the fragrance notes of SAHARIAN WIND - MANCERA.,https://leparfum.com.gr/en/elegants-fragrances/2459-man-el,2026-08-20,2026-08-20,ACTIVE,Choose+Bottle+Extra Essence,SHOBI_LIVE_SHOW_ALL
4189,2460-PAC,2460-PAC WP,WP817,WP,OLYMPEA PARFUM,Fragrances For Women,9.0,"2460-PAC WP Inspired by the fragrance notes of OLYMPEA PARFUM. Woman perfume white floral, vanilla, amber. soft spicy, sweet, powdery, musky.",https://leparfum.com.gr/en/fragrances-for-women/2460-pac-wp,2026-08-20,2026-08-20,ACTIVE,Choose+Bottle+Extra Essence,SHOBI_LIVE_SHOW_ALL
4188,2461-BOD,2461-BOD WP,WP816,WP,BLACK MUSK NIGHT BLOOM - BODY SHOP,Fragrances For Women,9.0,"2461-BOD WP Inspired by the fragrance notes of BLACK MUSK NIGHT BLOOM - BODY SHOP. Woman perfume fruity, sweet, woody, powdery, patchouli, musky, warm spicy, vanilla.",https://leparfum.com.gr/en/fragrances-for-women/2461-bod-wp,2026-08-20,2026-08-20,ACTIVE,Choose+Bottle+Extra Essence,SHOBI_LIVE_SHOW_ALL
4187,2456-PAC,2456-PAC WP,WP815,WP,MILLION GOLD,Fragrances For Women,9.0,"2456-PAC WP Inspired by the fragrance notes of MILLION GOLD. Woman perfume sweet, vanilla, yellow floral, musky, powdery, white floral, fruity, woody, rose.",https://leparfum.com.gr/en/fragrances-for-women/2456-pac-wp,2026-08-20,2026-08-20,ACTIVE,Choose+Bottle+Extra Essence,SHOBI_LIVE_SHOW_ALL
4186,2455-YZLO,2455-YZLO W,WP814,WP,BLACK OPIUM OVER RED,Fragrances For Women,9.0,"2455-YZLO Ιnspired by the fragrance of BLACK OPIUM OVER RED. Woman perfume vanilla, cherry, sweet, coffee, white floral, warm spicy, citrus, patchouli, powdery.",https://leparfum.com.gr/en/fragrances-for-women/2455-yzlo-w,2026-08-20,2026-08-20,ACTIVE,Choose+Bottle+Extra Essence,SHOBI_LIVE_SHOW_ALL
4185,2454-KIL,2454-KIL Ν,AR440,AR,CAN'T STOP LOVING YOU - KILIAN,Niche Perfumes,15.0,"2454-KIL Inspired by the fragrance notes of CAN'T STOP LOVING YOU - KILIAN. A sensual and romantic floral‑amber vanilla fragrance centered on luminous orange blossom and honey, with warm vanilla and oakmoss adding depth. It evokes a declaration of love — soft yet magnetic, sweet yet grounded.",https://leparfum.com.gr/en/niche-perfumes/2454-kil-ν,2026-08-20,2026-08-20,ACTIVE,Choose+Bottle+Extra Essence,SHOBI_LIVE_SHOW_ALL
4184,2453-INI,2453-INI N,AR439,AR,NARCOTIC DELIGHT - INITIO,Niche Perfumes,15.0,"2453-INI N Inspired by the fragrance notes of NARCOTIC DELIGHT - INITIO. Unisex perfume sweet, tobacco, cherry, vanilla, woody, warm spicy, fresh spicy, soft spicy.",https://leparfum.com.gr/en/niche-perfumes/2453-ini-n,2026-08-20,2026-08-20,ACTIVE,Choose+Bottle+Extra Essence,SHOBI_LIVE_SHOW_ALL
4183,2451-LEL,2451-LEL N,AR438,AR,Cedrat 37 Berlin,Niche Perfumes,15.0,"2451-LEL Inspired by the fragrance notes of Cedrat 37 Berlin .Unisex perfume citrus, warm spicy, woody, fresh, musky, amber, animalic.",https://leparfum.com.gr/en/niche-perfumes/2451-lel-n,2026-08-20,2026-08-20,ACTIVE,Choose+Bottle+Extra Essence,SHOBI_LIVE_SHOW_ALL
4182,2452-JOM,2452-JOM EL,EL381,EL,Cypress & Grapevine Cologne Intense,Elegants Fragrances,10.0,"2452-JOM Inspired by the fragrance notes of Cypress & Grapevine Cologne Intense. A rich, earthy and aromatic fragrance inspired by a walk through a Mediterranean vineyard — woody cypress melds with sun‑warmed vines for a deep, elegant scent with smoky undertones.",https://leparfum.com.gr/en/elegants-fragrances/2452-jom-el,2026-08-20,2026-08-20,ACTIVE,Choose+Bottle+Extra Essence,SHOBI_LIVE_SHOW_ALL
4181,2450-PEN,2450-PEN N,AR437,AR,ALULA,Niche Perfumes,15.0,"2450-PEN Inspired by the fragrance notes of ALULA. Unisex perfume warm spicy, fruity, sweet, fresh spicy, vanilla, tobacco, amber, aromatic.",https://leparfum.com.gr/en/niche-perfumes/2450-pen-n,2026-08-20,2026-08-20,ACTIVE,Choose+Bottle+Extra Essence,SHOBI_LIVE_SHOW_ALL
4180,2432-ROJ,2432-ROJ N,AR436,AR,DANGER MAN - ROJA DOVE,Niche Perfumes,15.0,"2432-ROJ Inspired by the fragrance notes of DANGER MAN - ROJA DOVE. Men perfume woody, aromatic, lavender, amber, animalic, citrus, fresh spicy, white floral, powdery, earthy.",https://leparfum.com.gr/en/niche-perfumes/2432-roj-n,2026-08-20,2026-08-20,ACTIVE,Choose+Bottle+Extra Essence,SHOBI_LIVE_SHOW_ALL
4179,2413-ARIA,2413-ARIA WP,WP813,WP,THANK U NEXT - ARIANA GRANDE,Fragrances For Women,9.0,"2413-ARIA WP Inspired by the fragrance notes of THANK U NEXT - ARIANA GRANDE. Woman perfume sweet, coconut, fruity, vanilla, almond, rose.",https://leparfum.com.gr/en/fragrances-for-women/2413-aria-wp,2026-08-20,2026-08-20,ACTIVE,Choose+Bottle+Extra Essence,SHOBI_LIVE_SHOW_ALL
4178,2444-ARIA,2444-ARIA WP,WP812,WP,CLOUD PINK - ARIANA GRANDE,Fragrances For Women,9.0,"2444-ARIA WP Inspired by the fragrance notes of CLOUD PINK - ARIANA GRANDE. Woman perfume sweet, fruity, musky, tropical, floral, woody, lactonic, powdery, amber.",https://leparfum.com.gr/en/fragrances-for-women/2444-aria-wp,2026-08-20,2026-08-20,ACTIVE,Choose+Bottle+Extra Essence,SHOBI_LIVE_SHOW_ALL
4177,2446-XER,2446-XER N,AR435,AR,Torino 23,Niche Perfumes,15.0,"Inspired by the fragrance notes of Torino 23. Unisex perfume white floral, citrus, woody, fresh spicy, musky, tuberose, amber, yellow floral, floral, aromatic.",https://leparfum.com.gr/en/niche-perfumes/2446-xer-n,2026-08-20,2026-08-20,ACTIVE,Choose+Bottle+Extra Essence,SHOBI_LIVE_SHOW_ALL
4176,2447-MARC,2447-MARC N,AR434,AR,GANYMEDE EXTRAIT - MARC ANTONIE BARROIS,Niche Perfumes,15.0,"2447-MARC Inspired by the fragrance notes of GANYMEDE EXTRAIT - MARC ANTONIE BARROIS. Unisex perfume warm spicy, herbal, amber, sweet, oud, woody, balsamic, smoky.",https://leparfum.com.gr/en/niche-perfumes/2447-marc-n,2026-08-20,2026-08-20,ACTIVE,Choose+Bottle+Extra Essence,SHOBI_LIVE_SHOW_ALL
4175,2445-CAR,2445-CAR WP,WP811,WP,GOOD GIRL DAZZLING GARDEN,Fragrances For Women,9.0,2445-CAR Inspired by the fragrance notes of GOOD GIRL DAZZLING GARDEN.,https://leparfum.com.gr/en/fragrances-for-women/2445-car-wp,2026-08-20,2026-08-20,ACTIVE,Choose+Bottle+Extra Essence,SHOBI_LIVE_SHOW_ALL
4174,2443-BRB,2443-BRB WP,WP810,WP,BURBERRY HER ELIXIR DE PARFUM,Fragrances For Women,9.0,"2443-BRB WP Inspired by the fragrance notes of BURBERRY HER ELIXIR DE PARFUM. Woman perfume fruity, sweet, vanilla, powdery, amber, woody.",https://leparfum.com.gr/en/fragrances-for-women/2443-brb-wp,2026-08-20,2026-08-20,ACTIVE,Choose+Bottle+Extra Essence,SHOBI_LIVE_SHOW_ALL
4172,2441-PANTRO,2441-PANTRO Ν,AR433,AR,,Niche Perfumes,15.0,"DOLCE PASSIONE - PANTHEON ROMA Dupe PerfumeUnisex perfume sweet, chocolate, vanilla, warm spicy, fruity, earthy, honey, cacao, animalic.",https://leparfum.com.gr/en/niche-perfumes/2441-pantro-ν,2026-08-20,2026-08-20,ACTIVE,Choose+Bottle+Extra Essence,SHOBI_LIVE_SHOW_ALL
4171,2440-MARC,2440-MARC Ν,AR432,AR,ENCELADE - MARC ANTONIE BARROIS,Niche Perfumes,15.0,2440-MARC Inspired by the fragrance notes of ENCELADE - MARC ANTONIE BARROIS.,https://leparfum.com.gr/en/niche-perfumes/2440-marc-ν,2026-08-20,2026-08-20,ACTIVE,Choose+Bottle+Extra Essence,SHOBI_LIVE_SHOW_ALL
4170,2431-ROJ,2431-ROJ Ν,AR431,AR,,Niche Perfumes,15.0,"MUSK AOUD - ROJA DOVE.Unisex perfume musky, woody, leather, oud, floral, powdery, vanilla, rose, smoky, animalic.",https://leparfum.com.gr/en/niche-perfumes/2431-roj-ν,2026-08-20,2026-08-20,ACTIVE,Choose+Bottle+Extra Essence,SHOBI_LIVE_SHOW_ALL
4169,2439-ZEG,2439-ZEG Ν,AR430,AR,,Niche Perfumes,15.0,"INDONESIAN OUD - ERMENEGILDO ZEGNA Dupe PerfumeMen perfume oud, rose, patchouli, floral, fresh spicy, amber.",https://leparfum.com.gr/en/niche-perfumes/2439-zeg-ν,2026-08-20,2026-08-20,ACTIVE,Choose+Bottle+Extra Essence,SHOBI_LIVE_SHOW_ALL
4168,2442-PAC,2442-PAC MP,MP367,MP,INVICTUS VICTORY ELIXIR,Fragrances For Men,9.0,"2442-PAC MP inspired by the fragrance notes of INVICTUS VICTORY ELIXIR. Men Fragrance vanilla, warm spicy, amber, aromatic, sweet, balsamic, lavender.",https://leparfum.com.gr/en/fragrances-for-men/2442-pac-mp,2026-08-20,2026-08-20,ACTIVE,Choose+Bottle+Extra Essence,SHOBI_LIVE_SHOW_ALL
4166,2437-MELA,2437-MELA EL,EL380,EL,,Elegants Fragrances,10.0,"CRY BABY PERFUME MILK - MELANIE MARTINEZ.Women perfume lactonic, fruity, powdery, sweet, caramel, woody, savory.",https://leparfum.com.gr/en/elegants-fragrances/cry-baby-perfume-milk-melanie-martinez-dupe-perfume,2026-08-20,2026-08-20,ACTIVE,Choose+Bottle+Extra Essence,SHOBI_LIVE_SHOW_ALL
4165,2397-CRD,2397-CRD N,AR429,AR,Queen of Silk,Niche Perfumes,15.0,"Inspired by the fragrance notes of Queen of Silk. Women perfume amber, warm spicy, floral, musky, fruity, vanilla, sweet, tuberose, balsamic, powdery.",https://leparfum.com.gr/en/niche-perfumes/2397-crd-n,2026-08-20,2026-08-20,ACTIVE,Choose+Bottle+Extra Essence,SHOBI_LIVE_SHOW_ALL
4164,2427-CLEA,2427-CLEA EL,EL379,EL,,Elegants Fragrances,10.0,"CLEAN WARM COTTON - CLEAN.Women perfume citrus, aromatic, marine, musky, fresh spicy, salty, fresh.",https://leparfum.com.gr/en/elegants-fragrances/clean-warm-cotton-clean-dupe-perfume,2026-08-20,2026-08-20,ACTIVE,Choose+Bottle+Extra Essence,SHOBI_LIVE_SHOW_ALL
4163,2426-MARG,2426-MARG EL,EL378,EL,BEACH WALK,Elegants Fragrances,10.0,2426-MARG Inspired by the fragrance notes of BEACH WALK.,https://leparfum.com.gr/en/elegants-fragrances/2426-marg-el,2026-08-20,2026-08-20,ACTIVE,Choose+Bottle+Extra Essence,SHOBI_LIVE_SHOW_ALL
4162,2425-LEL,2425-LEL LUX,LUX023,LUX,GAIAC 10 TOKYO - LE LABO,Luxury Perfumes,20.0,"2425-LEL LUX Inspired by the fragrance notes of GAIAC 10 TOKYO - LE LABO. Unisex perfume woody, musky, powdery, amber.",https://leparfum.com.gr/en/luxury-perfumes/2425-lel-lux,2026-08-20,2026-08-20,ACTIVE,Choose+Bottle+Extra Essence,SHOBI_LIVE_SHOW_ALL
4161,2424-GUR,2424-GUR W,WP809,WP,AQUA ALLEGORIA PERA GRANITA - GUERLAIN,Fragrances For Women,9.0,"2424-GUR W Inspired by the fragrance notes of AQUA ALLEGORIA PERA GRANITA - GUERLAIN. Woman perfume citrus, fruity, sweet, fresh, fresh spicy, aromatic.",https://leparfum.com.gr/en/fragrances-for-women/2424-gur-w,2026-08-20,2026-08-20,ACTIVE,Choose+Bottle+Extra Essence,SHOBI_LIVE_SHOW_ALL
4160,2419-BAT,2419-BAT WP,WP808,WP,PINK COCONUT CALYPSO - BATH BODY WORKS,Fragrances For Women,9.0,"2419-BAT WP Inspired by the fragrance notes of PINK COCONUT CALYPSO - BATH BODY WORKS.Woman perfume coconut, sweet, woody, fruity, lactonic, vanilla, tropical.",https://leparfum.com.gr/en/fragrances-for-women/2419-bat-wp,2026-08-20,2026-08-20,ACTIVE,Choose+Bottle+Extra Essence,SHOBI_LIVE_SHOW_ALL
4159,2415-ESC,2415-ESC WP,WP807,WP,SEXY GRAFFITY - ESCADA,Fragrances For Women,9.0,"2415-ESC WP Inspired by the fragrance notes of SEXY GRAFFITY - ESCADA. Woman perfume fruity, sweet, woody.",https://leparfum.com.gr/en/fragrances-for-women/2415-esc-wp,2026-08-20,2026-08-20,ACTIVE,Choose+Bottle+Extra Essence,SHOBI_LIVE_SHOW_ALL
4158,2416-HER,2416-HER W,WP806,WP,UN JARDIN APRES LA MOUSSON - HERMES,Fragrances For Women,9.0,"2416-HER Inspired by the fragrance notes of UN JARDIN APRES LA MOUSSON - HERMES. Smells like a fresh tropical garden just after heavy rain — a watery, green, and lightly spicy blend of ginger, citrus, cardamom and vetiver that evokes cool, moist air and lush vegetation.",https://leparfum.com.gr/en/fragrances-for-women/2416-her-w,2026-08-20,2026-08-20,ACTIVE,Choose+Bottle+Extra Essence,SHOBI_LIVE_SHOW_ALL
4157,2429-JUL,2429-JUL WP,WP805,WP,,Fragrances For Women,9.0,"2429-JUL WP MUSC INVISIBLE - JULIETTE HAS A GUN. Women perfume powdery, musky, floral, white floral.",https://leparfum.com.gr/en/fragrances-for-women/2429-jul-wp,2026-08-20,2026-08-20,ACTIVE,Choose+Bottle+Extra Essence,SHOBI_LIVE_SHOW_ALL
4156,2430-CELI,2430-CELI Ν,AR430,AR,,Niche Perfumes,15.0,"PARADE - CELINE Dupe PerfumeUnisex perfume citrus. aromatic, woody, earthy, fresh spicy, white floral, mossy, green, floral, fresh.",https://leparfum.com.gr/en/niche-perfumes/2430-celi-ν,2026-08-20,2026-08-20,ACTIVE,Choose+Bottle+Extra Essence,SHOBI_LIVE_SHOW_ALL
4155,2414-DIP,2414-DIP Ν,AR428,AR,Ilio,Niche Perfumes,15.0,"2414-DIP AR inspired by the fragrance notes of Ilio. Unisex perfume iris, powdery, citrus, white floral, fruity, violet, earthy, floral, fresh spicy, woody.",https://leparfum.com.gr/en/niche-perfumes/2414-dip-ν,2026-08-20,2026-08-20,ACTIVE,Choose+Bottle+Extra Essence,SHOBI_LIVE_SHOW_ALL
4154,2417-ACQ,2417-ACQ WP,WP804,WP,ARANCIA DI CAPRI,Fragrances For Women,9.0,"2417-ACQ Inspired by the fragrance notes of ARANCIA DI CAPRI. A fresh and uplifting citrus fragrance inspired by the sunny landscapes of Capri, blending bright orange with soft aromatic and caramel notes.",https://leparfum.com.gr/en/fragrances-for-women/2417-acq-wp,2026-08-20,2026-08-20,ACTIVE,Choose+Bottle+Extra Essence,SHOBI_LIVE_SHOW_ALL
4153,2423-ACQ,2423-ACQ WP,WP803,WP,GINEPRO DI SARDEGNA,Fragrances For Women,9.0,"2423-ACQ Inspired by the fragrance notes of GINEPRO DI SARDEGNA. A fresh aromatic fragrance inspired by the wild landscapes of Sardinia, combining crisp juniper with spicy and woody notes.",https://leparfum.com.gr/en/fragrances-for-women/2423-acq-wp,2026-08-20,2026-08-20,ACTIVE,Choose+Bottle+Extra Essence,SHOBI_LIVE_SHOW_ALL
4152,2418-ACQ,2418-ACQ WP,WP802,WP,VANIGLIA SIGNATURE,Fragrances For Women,9.0,2418-ACQ WP Inspired by the fragrance notes of VANIGLIA SIGNATURE. A rich and elegant fragrance where creamy vanilla blends with bright citrus and soft floral notes for a warm and sophisticated scent.,https://leparfum.com.gr/en/fragrances-for-women/2418-acq-wp,2026-08-20,2026-08-20,ACTIVE,Choose+Bottle+Extra Essence,SHOBI_LIVE_SHOW_ALL
4151,2428-MARG,2428-MARG Ν,AR427,AR,COFFEE BREAK,Niche Perfumes,15.0,"2428-MARG Inspired by the fragrance notes of COFFEE BREAK. Unisex perfume lavender, vanilla, coffee, warm spicy, aromatic, lactonic, fresh spicy, sweet, woody, amber.",https://leparfum.com.gr/en/niche-perfumes/2428-marg-N,2026-08-20,2026-08-20,ACTIVE,Choose+Bottle+Extra Essence,SHOBI_LIVE_SHOW_ALL
4150,2436-PHL,2436-PHL Ν,AR426,AR,,Niche Perfumes,15.0,"MISSING PERSON - PHLUR Dupe PerfumeUnisex perfume musky, woody, powdery, white floral, citrus, floral.",https://leparfum.com.gr/en/niche-perfumes/2436-phl-ν,2026-08-20,2026-08-20,ACTIVE,Choose+Bottle+Extra Essence,SHOBI_LIVE_SHOW_ALL
4149,2412-LAT,2412-LAT N,AR425,AR,YARA - LATTAFA,Niche Perfumes,15.0,"2412-LAT N Inspired by the fragrance notes of YARA - LATTAFA. Women perfume sweet, vanilla, powdery, tropical, fruity, musky, floral, citrus.",https://leparfum.com.gr/en/niche-perfumes/yara_lattafa_perfumes,2026-08-20,2026-08-20,ACTIVE,Choose+Bottle+Extra Essence,SHOBI_LIVE_SHOW_ALL
4148,2372-GUR,2372-GUR W,WP801,WP,AQUA ALLEGORIA FLORABLOOM - GUERLAIN,Fragrances For Women,9.0,"2372-GUR W Inspired by the fragrance notes of AQUA ALLEGORIA FLORABLOOM - GUERLAIN. Perfume powdery, tuberose, tropical, sweet, white floral, coconut, violet, woody, musky, fruity.",https://leparfum.com.gr/en/fragrances-for-women/2372-gur-w,2026-08-20,2026-08-20,ACTIVE,Choose+Bottle+Extra Essence,SHOBI_LIVE_SHOW_ALL
4147,2411-JAME,2411-JAME EL,EL377,EL,,Elegants Fragrances,10.0,"COCCOBELLO - JAMES HEELEY.Unisex perfume coconut, green, woody, vanilla, lactonic, salty, sweet, fresh, white floral, powdery.",https://leparfum.com.gr/en/elegants-fragrances/coccobello-james-heeley-dupe-perfume,2026-08-20,2026-08-20,ACTIVE,Choose+Bottle+Extra Essence,SHOBI_LIVE_SHOW_ALL
4146,2420-XER,2420-XER N,AR424,AR,Laylati,Niche Perfumes,15.0,"Inspired by the fragrance notes of Laylati. Unisex perfume woody, patchouli, musky, tobacco, powdery, vanilla, sweet, green, warm spicy, balsamic.",https://leparfum.com.gr/en/niche-perfumes/2420-xer-n,2026-08-20,2026-08-20,ACTIVE,Choose+Bottle+Extra Essence,SHOBI_LIVE_SHOW_ALL
4145,2421-XER,2421-XER Ν,AR423,AR,Opera,Niche Perfumes,15.0,"2421-XER Ν Inspired by the fragrance notes of Opera. Unisex perfume woody, sweet, yellow floral, fruity, fresh spicy, leather, powdery, vanilla, amber, patchouli.",https://leparfum.com.gr/en/niche-perfumes/2421-xer-ν,2026-08-20,2026-08-20,ACTIVE,Choose+Bottle+Extra Essence,SHOBI_LIVE_SHOW_ALL
4144,2422-XER,2422-XER N,AR422,AR,Soprano,Niche Perfumes,15.0,"2422-XER Ν Inspired by the fragrance notes of Soprano. Unisex perfume fruity, rose, floral, oud, patchouli, sweet, lactonic, tropical, leather, woody.",https://leparfum.com.gr/en/niche-perfumes/2422-xer-n,2026-08-20,2026-08-20,ACTIVE,Choose+Bottle+Extra Essence,SHOBI_LIVE_SHOW_ALL
4142,2409-TMU,2409-TMU M,MP366,MP,A*MEN PURE MALT,Fragrances For Men,9.0,"2409-TMU M Inspired by the fragrance notes of A*MEN PURE MALT. Men Fragrance fruity, whiskey, woody, sweet, earthy, warm spicy, patchouli.",https://leparfum.com.gr/en/fragrances-for-men/2409-tmu-m,2026-08-20,2026-08-20,ACTIVE,Choose+Bottle+Extra Essence,SHOBI_LIVE_SHOW_ALL
4141,2408-JOM,2408-JOM EL,EL376,EL,Ginger Biscuit Jo Malone,Elegants Fragrances,10.0,"2408-JOM Inspired by the fragrance notes of Ginger Biscuit Jo Malone. Women perfume warm spicy, vanilla, caramel, sweet, nutty, cinnamon, woody, fresh spicy, powdery, balsamic.",https://leparfum.com.gr/en/elegants-fragrances/2408-jom-el,2026-08-20,2026-08-20,ACTIVE,Choose+Bottle+Extra Essence,SHOBI_LIVE_SHOW_ALL
4140,2410-GUL,2410-GUL MP,MP365,MP,LE BEAU PARADISE GARDEN,Fragrances For Men,9.0,2410-GUL Inspired by the fragrance notes of LE BEAU PARADISE GARDEN.,https://leparfum.com.gr/en/fragrances-for-men/2410-gul-mp,2026-08-20,2026-08-20,ACTIVE,Choose+Bottle+Extra Essence,SHOBI_LIVE_SHOW_ALL
4139,2400-MORH,2400-MORH Ν,AR421,AR,,Niche Perfumes,15.0,"ANTIGUA BAY - MORPH Dupe PerfumeUnisex perfume vanilla, woody, fresh spicy, marine, aromatic, citrus, ozonic, patchouli, warm spicy, powdery.",https://leparfum.com.gr/en/niche-perfumes/2400-morh-ν,2026-08-20,2026-08-20,ACTIVE,Choose+Bottle+Extra Essence,SHOBI_LIVE_SHOW_ALL
4138,2399-MORH,2399-MORH Ν,AR420,AR,,Niche Perfumes,15.0,"TONKATONIC - MORPH Dupe PerfumeUnisex perfume with almond, sweet, fruity, white floral, nutty, amber, vanilla, woody, warm spicy, floral.",https://leparfum.com.gr/en/niche-perfumes/2399-morh-ν,2026-08-20,2026-08-20,ACTIVE,Choose+Bottle+Extra Essence,SHOBI_LIVE_SHOW_ALL
4137,2402-AKR,2402-AKR EL,EL375,EL,,Elegants Fragrances,10.0,"BAKE - AKRO.Women perfume sweet, vanilla, citrus, lactonic.",https://leparfum.com.gr/en/elegants-fragrances/bake-akro-dupe-perfume,2026-08-20,2026-08-20,ACTIVE,Choose+Bottle+Extra Essence,SHOBI_LIVE_SHOW_ALL
4136,2398-FRE,2398-FRE LUX,LUX022,LUX,the notes of Acne Studios,Luxury Perfumes,20.0,"2398-FRE LUX inspired by the notes of Acne Studios. Unisex perfume aldehydic, fresh, woody, powdery, fruity, soapy, amber, white floral, sweet, violet.",https://leparfum.com.gr/en/luxury-perfumes/2398-fre-lux,2026-08-20,2026-08-20,ACTIVE,Choose+Bottle+Extra Essence,SHOBI_LIVE_SHOW_ALL
4135,2404-FRANB,2404-FRANB Ν,AR419,AR,ANGEL'S DUST - FRANCESCA BIANCHI,Niche Perfumes,15.0,"Inspired by the fragrance notes of ANGEL'S DUST - FRANCESCA BIANCHI.Unisex perfume powdery, amber, iris, warm spicy, vanilla, yellow floral, woody, sweet, floral, violet.",https://leparfum.com.gr/en/niche-perfumes/2404-franb-ν,2026-08-20,2026-08-20,ACTIVE,Choose+Bottle+Extra Essence,SHOBI_LIVE_SHOW_ALL
4134,2395-XER,2395-XER N,AR418,AR,Erba Gold,Niche Perfumes,15.0,"Inspired by the fragrance notes of Erba Gold. Unisex perfume citrus, fruity, warm spicy, fresh, sweet, aquatic, musky, powdery, amber, vanilla.",https://leparfum.com.gr/en/niche-perfumes/2395-xer-n,2026-08-20,2026-08-20,ACTIVE,Choose+Bottle+Extra Essence,SHOBI_LIVE_SHOW_ALL
4132,2405-JOM,2405-JOM EL,EL373,EL,Yuzu Zest Cologne - Jo Malone,Elegants Fragrances,10.0,"2405-JOM Inspired by the fragrance notes of Yuzu Zest Cologne - Jo Malone.  Unisex perfume citrus, woody, fresh spicy, aromatic, green, sweet, conifer, bitter, fresh.",https://leparfum.com.gr/en/elegants-fragrances/2405-jom-el,2026-08-20,2026-08-20,ACTIVE,Choose+Bottle+Extra Essence,SHOBI_LIVE_SHOW_ALL
4131,2407-LAN,2407-LAN W,WP800,WP,IDOLE NOW,Fragrances For Women,9.0,"2407-LAN W Inspired by the fragrance notes of IDOLE NOW. Perfume rose, floral, vanilla, powdery, sweet.",https://leparfum.com.gr/en/fragrances-for-women/2407-lan-w,2026-08-20,2026-08-20,ACTIVE,Choose+Bottle+Extra Essence,SHOBI_LIVE_SHOW_ALL
4130,2403-MNT,2403-MNT EL Perfume,EL371,EL,BUBBLE FOREVER - MONTALE,Elegants Fragrances,10.0,2403-MNT Inspired by the fragrance notes of BUBBLE FOREVER - MONTALE.,https://leparfum.com.gr/en/elegants-fragrances/2403-mnt-el-perfume,2026-08-20,2026-08-20,ACTIVE,Choose+Bottle+Extra Essence,SHOBI_LIVE_SHOW_ALL
4129,2406-KIL,2406-KIL EL,EL372,EL,SUNKISSED GODDESS - KILIAN,Elegants Fragrances,10.0,"2406-KIL EL Inspired by the fragrance notes of SUNKISSED GODDESS - KILIAN. Women perfume white floral, sweet, yellow floral, coconut, woody, vanilla, citrus, fruity, lactonic, fresh spicy.",https://leparfum.com.gr/en/elegants-fragrances/2406-kil-el,2026-08-20,2026-08-20,ACTIVE,Choose+Bottle+Extra Essence,SHOBI_LIVE_SHOW_ALL
4128,2396-GUL,2396-GUL WP,WP799,WP,SCANDAL LE PARFUM,Fragrances For Women,9.0,"2396-GUL WP Inspired by the fragrance notes of SCANDAL LE PARFUM. Perfume caramel, vanilla, white floral, sweet, salty, powdery, balsamic.",https://leparfum.com.gr/en/fragrances-for-women/2396-gul-wp,2026-08-20,2026-08-20,ACTIVE,Choose+Bottle+Extra Essence,SHOBI_LIVE_SHOW_ALL
4127,2394-MOS,2394-MOS WP,WP798,WP,TOY 2 PEARL - MOSCHINO,Fragrances For Women,9.0,"2394-MOS WP Inspired by the fragrance notes of TOY 2 PEARL - MOSCHINO. Perfume unisex citrus, aromatic, musky, woody, sand, fresh spicy, floral, sweet, powdery, fresh.",https://leparfum.com.gr/en/fragrances-for-women/2394-mos-wp,2026-08-20,2026-08-20,ACTIVE,Choose+Bottle+Extra Essence,SHOBI_LIVE_SHOW_ALL
4126,2401-KAY,2401-KAY EL,EL370,EL,VANILLA CANDY ROCK SUGAR | 44 - KAYALI,Elegants Fragrances,10.0,"2401-KAY EL Inspired by the fragrance notes of VANILLA CANDY ROCK SUGAR | 44 - KAYALI.Women perfume sweet, vanilla, fruity, woody, powdery, aquatic, balsamic.",https://leparfum.com.gr/en/elegants-fragrances/2401-kay-el,2026-08-20,2026-08-20,ACTIVE,Choose+Bottle+Extra Essence,SHOBI_LIVE_SHOW_ALL
4125,2393-KAY,2393-KAY EL,EL369,EL,EDEN SPARKLING LYCHEE | 39 KAYALI,Elegants Fragrances,10.0,"2393-KAY EL Inspired by the fragrance notes of EDEN SPARKLING LYCHEE | 39 KAYALI.Women perfume fruity, sweet, vanilla, fresh, powdery, tropical, floral, violet, citrus.",https://leparfum.com.gr/en/elegants-fragrances/2393-kay-el,2026-08-20,2026-08-20,ACTIVE,Choose+Bottle+Extra Essence,SHOBI_LIVE_SHOW_ALL
4123,2388-PARF,2388-PARF Ν,AR417,AR,PERSEUS - PARFUMS DE MARLY,Niche Perfumes,15.0,2388-PARF Inspired by the fragrance notes of PERSEUS - PARFUMS DE MARLY.,https://leparfum.com.gr/en/niche-perfumes/2388-parf-ν,2026-08-20,2026-08-20,ACTIVE,Choose+Bottle+Extra Essence,SHOBI_LIVE_SHOW_ALL
4122,2391-XER,2391-XER N,AR415,AR,Torino22,Niche Perfumes,15.0,"Inspired by the fragrance notes of Torino22. Unisex perfume woody, aromatic, warm spicy, camphor, fresh spicy, citrus, metallic, leather, musky.",https://leparfum.com.gr/en/niche-perfumes/2391-xer-n,2026-08-20,2026-08-20,ACTIVE,Choose+Bottle+Extra Essence,SHOBI_LIVE_SHOW_ALL
4121,2387-EXN,2387-EXN Ν,AR414,AR,Blue Talisman Ex Nihilo,Niche Perfumes,15.0,"Inspired by the fragrance notes of Blue Talisman Ex Nihilo. Unisex perfume citrus, fruity, sweet, musky, white floral, warm spicy, woody, oud, powdery, fresh.",https://leparfum.com.gr/en/niche-perfumes/2387-exn-ν,2026-08-20,2026-08-20,ACTIVE,Choose+Bottle+Extra Essence,SHOBI_LIVE_SHOW_ALL
4120,2392-ANFAS,2392-ANFAS Ν,AR412,AR,SALAM - ANFAS,Niche Perfumes,15.0,"Inspired by the fragrance notes of SALAM - ANFAS.Unisex arabic perfume citrus, powdery, woody, amber, floral, musky, white floral, warm spicy, animalic.",https://leparfum.com.gr/en/niche-perfumes/2392-anfas-ν,2026-08-20,2026-08-20,ACTIVE,Choose+Bottle+Extra Essence,SHOBI_LIVE_SHOW_ALL
4119,2390-ANFAS,2390-ANFAS Ν,AR413,AR,ISHQ - ANFAS,Niche Perfumes,15.0,"Inspired by the fragrance notes of ISHQ - ANFAS.Unisex arabic perfume fruity, sweet, powdery, amber, warm spicy, white floral.",https://leparfum.com.gr/en/niche-perfumes/2390-anfas-ν,2026-08-20,2026-08-20,ACTIVE,Choose+Bottle+Extra Essence,SHOBI_LIVE_SHOW_ALL
4118,2389-DOL,2389-DOL EL,EL368,EL,VELVET ORIENTAL MUSK,Elegants Fragrances,10.0,"2389-DOL EL Inspired by the fragrance notes of VELVET ORIENTAL MUSK. Unisex fragrance warm spicy, woody, musky, powdery, amber, aromatic, rose, vanilla, metallic.",https://leparfum.com.gr/en/elegants-fragrances/2389-dol-el,2026-08-20,2026-08-20,ACTIVE,Choose+Bottle+Extra Essence,SHOBI_LIVE_SHOW_ALL
4117,2288-BAT,2288-BAT W,WP797,WP,BLACK RASBERRY VANILLA - BATH BODY WORKS,Fragrances For Women,9.0,"2288-BAT W Inspired by the fragrance notes of BLACK RASBERRY VANILLA - BATH BODY WORKS. Perfume fruity, floral, sweet, powdery, woody, citrus, soft spicy.",https://leparfum.com.gr/en/fragrances-for-women/2288-bat-w,2026-08-20,2026-08-20,ACTIVE,Choose+Bottle+Extra Essence,SHOBI_LIVE_SHOW_ALL
4116,2385-SOL,2385-SOL EL,EL366,EL,CHEIROSA 59 BRAZILIAN CRUSH - SOL DE JANEIRO,Elegants Fragrances,10.0,"2385-SOL EL inspired by the fragrance notes of CHEIROSA 59 BRAZILIAN CRUSH - SOL DE JANEIRO.For women fragrance sweet, powdery, violet, floral, woody, vanilla.",https://leparfum.com.gr/en/elegants-fragrances/2385-sol-el,2026-08-20,2026-08-20,ACTIVE,Choose+Bottle+Extra Essence,SHOBI_LIVE_SHOW_ALL
4115,2386-SOL,2386-SOL EL,EL367,EL,CHEIROSA 68 BRAZILIAN CRUSH - SOL DE JANEIRO,Elegants Fragrances,10.0,"2386-SOL EL inspired by the fragrance notes of CHEIROSA 68 BRAZILIAN CRUSH - SOL DE JANEIRO.For women fragrance tropical, fruity, floral, musky, vanilla, white floral, marine, powdery, fresh, aquatic.",https://leparfum.com.gr/en/elegants-fragrances/2386-sol-el,2026-08-20,2026-08-20,ACTIVE,Choose+Bottle+Extra Essence,SHOBI_LIVE_SHOW_ALL
4114,2383-ROCCO,2383-ROCCO W,WP796,WP,ROCCOBAROCCO - ROCCOBAROCCO,Fragrances For Women,9.0,"2383-ROCCO W Inspired by the fragrance notes of ROCCOBAROCCO - ROCCOBAROCCO. Perfume white floral, woody, floral, amber, citrus, warm spicy, powdery, tuberose, green, sweet.",https://leparfum.com.gr/en/fragrances-for-women/2383-rocco-w,2026-08-20,2026-08-20,ACTIVE,Choose+Bottle+Extra Essence,SHOBI_LIVE_SHOW_ALL
4113,2384-MAN,2384-MAN EL,EL365,EL,FRENCH RIVIERA - MANCERA,Elegants Fragrances,10.0,2384-MAN Inspired by the fragrance notes of FRENCH RIVIERA - MANCERA.,https://leparfum.com.gr/en/elegants-fragrances/2384-man-el,2026-08-20,2026-08-20,ACTIVE,Choose+Bottle+Extra Essence,SHOBI_LIVE_SHOW_ALL
4112,2379-CAR,2379-CAR WP,WP795,WP,GOOD GIRL BLUSH ELIXIR,Fragrances For Women,9.0,"2379-CAR WP Inspired by the fragrance notes of GOOD GIRL BLUSH ELIXIR . Perfume vanilla, woody, yellow floral, patchouli, citrus, sweet, rose, warm spicy, balsamic, powdery.",https://leparfum.com.gr/en/fragrances-for-women/2379-car-wp,2026-08-20,2026-08-20,ACTIVE,Choose+Bottle+Extra Essence,SHOBI_LIVE_SHOW_ALL
4111,2377-VICT,2377-VICT WP,WP794,WP,VANILLA LACE - VICTORIA'S SECRET,Fragrances For Women,9.0,"2377-VICT WP Inspired by the fragrance notes of VANILLA LACE - VICTORIA'S SECRET. Perfume vanilla, powdery, musky, sweet.",https://leparfum.com.gr/en/fragrances-for-women/2377-vict-wp,2026-08-20,2026-08-20,ACTIVE,Choose+Bottle+Extra Essence,SHOBI_LIVE_SHOW_ALL
4110,2376-TMU,2376-TMU M,MP364,MP,A*MEN ULTRA ZEST,Fragrances For Men,9.0,"2376-TMU M Inspired by the fragrance notes of A*MEN ULTRA ZEST. Men Fragrance citrus, warm spicy, vanilla, patchouli, sweet, fresh spicy, coffee, fruity, woody, green.",https://leparfum.com.gr/en/fragrances-for-men/2376-tmu-m,2026-08-20,2026-08-20,ACTIVE,Choose+Bottle+Extra Essence,SHOBI_LIVE_SHOW_ALL
4109,2378-GOLD,2378-GOLD Ν,AR411,AR,,Niche Perfumes,15.0,"BOHEMIAN LIME - GOLDFIELD & BANKS AUSTRALIA InspiredUnisex perfume citrus, woody, aromatic, earthy.",https://leparfum.com.gr/en/niche-perfumes/2378-gold-ν,2026-08-20,2026-08-20,ACTIVE,Choose+Bottle+Extra Essence,SHOBI_LIVE_SHOW_ALL
4108,2374-MICA,2374-MICA EL,EL364,EL,GN TONIC - MICALLEF,Elegants Fragrances,10.0,2374-MICA Inspired by the fragrance notes of GN TONIC - MICALLEF.,https://leparfum.com.gr/en/elegants-fragrances/2374-mica-el,2026-08-20,2026-08-20,ACTIVE,Choose+Bottle+Extra Essence,SHOBI_LIVE_SHOW_ALL
4107,2340-BON,2340-BON Ν,AR410,AR,NEW YORK OUD - BOND,Niche Perfumes,15.0,"Inspired by the fragrance notes of NEW YORK OUD - BOND.Unisex perfume rose, oud, fruity, sweet, warm spicy, floral, musky, earthy, honey, citrus.",https://leparfum.com.gr/en/niche-perfumes/2340-bon-ν,2026-08-20,2026-08-20,ACTIVE,Choose+Bottle+Extra Essence,SHOBI_LIVE_SHOW_ALL
4106,2333-XER,2333-XER N,AR409,AR,Mefisto,Niche Perfumes,15.0,"2333-XER Ν Inspired by the fragrance notes of Mefisto. Men perfume citrus, powdery, aromatic, woody, fresh spicy, lavender, iris, rose, musky.",https://leparfum.com.gr/en/niche-perfumes/2333-xer-n,2026-08-20,2026-08-20,ACTIVE,Choose+Bottle+Extra Essence,SHOBI_LIVE_SHOW_ALL
4105,2334-ROJ,2334-ROJ Ν,AR408,AR,,Niche Perfumes,15.0,"MANHATTAN - ROJA DOVE Inspired PerfumeUnisex perfume warm spicy, woody, vanilla, sweet, aromatic, powdery, tobacco, coconut, fresh spicy, patchouli.",https://leparfum.com.gr/en/niche-perfumes/2334-roj-ν,2026-08-20,2026-08-20,ACTIVE,Choose+Bottle+Extra Essence,SHOBI_LIVE_SHOW_ALL
4104,2335-BOA,2335-BOA Ν,AR407,AR,Rose Sapphire,Niche Perfumes,15.0,"2335-BOA AR Inspired by the fragrance notes of Rose Sapphire. Unisex perfume warm spicy, rose, woody, amber, herbal, earthy, aromatic, sweet, fresh spicy, floral.",https://leparfum.com.gr/en/niche-perfumes/2335-boa-ν,2026-08-20,2026-08-20,ACTIVE,Choose+Bottle+Extra Essence,SHOBI_LIVE_SHOW_ALL
4103,2336-THAM,2336-THAM N,AR406,AR,CARVED OUD - THAMEEN,Niche Perfumes,15.0,"2336-THAM N Inspired by the fragrance notes of CARVED OUD - THAMEEN. Unisex perfume woody, oud, warm spicy, powdery, earthy, patchouli, aromatic, musky.",https://leparfum.com.gr/en/niche-perfumes/2336-tham-n,2026-08-20,2026-08-20,ACTIVE,Choose+Bottle+Extra Essence,SHOBI_LIVE_SHOW_ALL
4102,2347-AMG,2347-AMG Ν,AR405,AR,Portrayal Man,Niche Perfumes,15.0,"Inspired by the fragrance notes of Portrayal Man.Man perfume aromatic, ozonic, woody, aquatic, fresh spicy, green, earthy.",https://leparfum.com.gr/en/niche-perfumes/2347-amg-ν,2026-08-20,2026-08-20,ACTIVE,Choose+Bottle+Extra Essence,SHOBI_LIVE_SHOW_ALL
4101,2367-DIP,2367-DIP Ν,AR404,AR,OYEDO EDT,Niche Perfumes,15.0,"2367-DIP AR inspired by the fragrance notes of OYEDO EDT. Unisex perfume citrus, aromatic, fresh spicy.",https://leparfum.com.gr/en/niche-perfumes/2367-dip-ν,2026-08-20,2026-08-20,ACTIVE,Choose+Bottle+Extra Essence,SHOBI_LIVE_SHOW_ALL
4100,2370-VIC,2370-VIC W,WP793,WP,FLOWERBOMB TIGER LILY,Fragrances For Women,9.0,"2370-VIC W Inspired by the fragrance of FLOWERBOMB TIGER LILY. Perfume white floral, tropical, coconut, sweet, fruity, floral, vanilla, amber, citrus, lactonic.",https://leparfum.com.gr/en/fragrances-for-women/2370-vic-w,2026-08-20,2026-08-20,ACTIVE,Choose+Bottle+Extra Essence,SHOBI_LIVE_SHOW_ALL
4099,2363-VER,2363-VER W,WP792,WP,SANTAL BOISE,Fragrances For Women,9.0,"2363-VER W Inspired by the fragrance notes of SANTAL BOISE. Warm spicy, woody, metallic, leather, earthy, powdery, tobacco.",https://leparfum.com.gr/en/fragrances-for-women/2363-ver-w,2026-08-20,2026-08-20,ACTIVE,Choose+Bottle+Extra Essence,SHOBI_LIVE_SHOW_ALL
4098,2362-VER,2362-VER W,WP791,WP,IRIS D'ELITE,Fragrances For Women,9.0,"2362-VER W Inspired by the fragrance notes of IRIS D'ELITE. Perfume amber, iris, powdery, vanilla, violet, earthy.",https://leparfum.com.gr/en/fragrances-for-women/2362-ver-w,2026-08-20,2026-08-20,ACTIVE,Choose+Bottle+Extra Essence,SHOBI_LIVE_SHOW_ALL
4097,2371-MATIE,2371-MATIE EL,EL363,EL,,Elegants Fragrances,10.0,"VANILLA POWDER - MATIERE PREMIERE.Unisex Fragrance vanilla, musky, powdery, woody, citrus, sweet, aromatic.",https://leparfum.com.gr/en/elegants-fragrances/vanilla-powder-matiere-premiere-inspired-perfume,2026-08-20,2026-08-20,ACTIVE,Choose+Bottle+Extra Essence,SHOBI_LIVE_SHOW_ALL
4096,2366-DIP,2366-DIP N,AR403,AR,TAM DAO EDT,Niche Perfumes,15.0,"2366-DIP AP inspired by the fragrance notes of TAM DAO EDT. Unisex perfume woody, aromatic, powdery, warm spicy.",https://leparfum.com.gr/en/niche-perfumes/2366-dip-n,2026-08-20,2026-08-20,ACTIVE,Choose+Bottle+Extra Essence,SHOBI_LIVE_SHOW_ALL
4095,2365-DIP,2365-DIP N,AR402,AR,L'EAU PAPIER,Niche Perfumes,15.0,"2365-DIP AR inspired by the fragrance notes of L'EAU PAPIER. Unisex perfume musky, powdery, yellow floral, woody, sweet, floral.",https://leparfum.com.gr/en/niche-perfumes/2365-dip-n,2026-08-20,2026-08-20,ACTIVE,Choose+Bottle+Extra Essence,SHOBI_LIVE_SHOW_ALL
4094,2339-KIL,2339-KIL EL,EL362,EL,GOOD GIRL GONE BAD EAU FRAICHE - KILIAN,Elegants Fragrances,10.0,"2339-KIL EL Inspired by the fragrance notes of GOOD GIRL GONE BAD EAU FRAICHE - KILIAN. Fragrance for women white floral, aquatic, musky, tuberose, fresh, animalic, rose.",https://leparfum.com.gr/en/elegants-fragrances/2339-kil-el,2026-08-20,2026-08-20,ACTIVE,Choose+Bottle+Extra Essence,SHOBI_LIVE_SHOW_ALL
4093,2368-ESC,2368-ESC WP,WP789,WP,NECTAR DE COSTA RICA - ESCADA,Fragrances For Women,9.0,"2368-ESC WP Inspired by the fragrance notes of NECTAR DE COSTA RICA - ESCADA. Perfume fruity, sweet, tropical, white floral.",https://leparfum.com.gr/en/fragrances-for-women/2368-esc-wp,2026-08-20,2026-08-20,ACTIVE,Choose+Bottle+Extra Essence,SHOBI_LIVE_SHOW_ALL
4092,2364-PEN,2364-PEN N,AR401,AR,VAARA,Niche Perfumes,15.0,"2364-PEN Inspired by the fragrance notes of VAARA. Unisex perfume floral, rose, sweet, fruity, fresh, warm spicy, powdery, musky, aromatic, honey.",https://leparfum.com.gr/en/niche-perfumes/2364-pen-n,2026-08-20,2026-08-20,ACTIVE,Choose+Bottle+Extra Essence,SHOBI_LIVE_SHOW_ALL
4091,2369-MAN,2369-MAN EL,EL361,EL,AMORE CAFFE - MANCERA,Elegants Fragrances,10.0,"2369-MAN EL Inspired by the fragrance notes of AMORE CAFFE - MANCERA. Unisex Fragrance sweet, vanilla, coffee, almond, fruity, warm spicy.",https://leparfum.com.gr/en/elegants-fragrances/2369-man-el,2026-08-20,2026-08-20,ACTIVE,Choose+Bottle+Extra Essence,SHOBI_LIVE_SHOW_ALL
4090,1481-EON,1481-EON MP,MP363,MP,,Fragrances For Men,9.0,JAMES BOND 007 - EON PRODUCTION.,https://leparfum.com.gr/en/fragrances-for-men/james-bond-007-eon-productions-inspired,2026-08-20,2026-08-20,ACTIVE,Choose+Bottle+Extra Essence,SHOBI_LIVE_SHOW_ALL
4089,2088-YZLO,2088-YZLO M,MP362,MP,Y LE PARFUM,Fragrances For Men,9.0,"2088-YZLO M Inspired by the fragrance notes of Y LE PARFUM. Men Fragrance aromatic, fresh spicy, fresh, warm spicy, herbal, fruity, lavender, amber, citrus, aldehydic.",https://leparfum.com.gr/en/fragrances-for-men/2088-yzlo-m,2026-08-20,2026-08-20,ACTIVE,Choose+Bottle+Extra Essence,SHOBI_LIVE_SHOW_ALL
4088,2062-PAC,2062-PAC MP,MP361,MP,ONE MILLION ROYAL,Fragrances For Men,9.0,"2062-PAC MP inspired by the fragrance notes of ONE MILLION ROYAL.  Men Fragrance warm spicy, aromatic, amber, citrus, woody, lavender, patchouli.",https://leparfum.com.gr/en/fragrances-for-men/2062-pac-mp,2026-08-20,2026-08-20,ACTIVE,Choose+Bottle+Extra Essence,SHOBI_LIVE_SHOW_ALL
4087,2356-MARG,2356-MARG N,AR400,AR,LAZY SUNDAY MORNING,Niche Perfumes,15.0,2356-MARG Inspired by the fragrance notes of LAZY SUNDAY MORNING.,https://leparfum.com.gr/en/niche-perfumes/2356-marg-n,2026-08-20,2026-08-20,ACTIVE,Choose+Bottle+Extra Essence,SHOBI_LIVE_SHOW_ALL
4086,2361-ARM,2361-ARM M,MP360,MP,the notes of STRONGER WITH YOU AMBER,Fragrances For Men,9.0,"2361-ARM M inspired by the notes of STRONGER WITH YOU AMBER. Men Fragrance amber, vanilla, lavender, powdery, aromatic, sweet.",https://leparfum.com.gr/en/fragrances-for-men/2361-arm-m,2026-08-20,2026-08-20,ACTIVE,Choose+Bottle+Extra Essence,SHOBI_LIVE_SHOW_ALL
4085,2359-XER,2359-XER N,AR399,AR,Accento,Niche Perfumes,15.0,"Inspired by the fragrance notes of Accento. Unisex perfume musky, powdery, sweet, earthy, fruity, floral, iris, green, woody, fresh spicy.",https://leparfum.com.gr/en/niche-perfumes/2359-xer-n,2026-08-20,2026-08-20,ACTIVE,Choose+Bottle+Extra Essence,SHOBI_LIVE_SHOW_ALL
4084,2354-CRD,2354-CRD EL,EL360,EL,White Amber,Elegants Fragrances,10.0,"Inspired by the fragrance notes of White Amber. Unisex Fragrance white floral, amber, woody, fruity, powdery, warm spicy.",https://leparfum.com.gr/en/elegants-fragrances/2354-crd-el,2026-08-20,2026-08-20,ACTIVE,Choose+Bottle+Extra Essence,SHOBI_LIVE_SHOW_ALL
4083,2355-LEL,2355-LEL Ν,AR398,AR,PATCHOULI 24 - LE LABO,Niche Perfumes,15.0,2355-LEL Inspired by the fragrance notes of PATCHOULI 24 - LE LABO.,https://leparfum.com.gr/en/niche-perfumes/2355-lel-ν,2026-08-20,2026-08-20,ACTIVE,Choose+Bottle+Extra Essence,SHOBI_LIVE_SHOW_ALL
4082,2326-TMFO,2326-TMFO EL,EL359,EL,AMBER ABSOLUTE,Elegants Fragrances,10.0,"2326-TMFO EL Inspired by the fragrance notes of AMBER ABSOLUTE. Fragrance amber, smoky, woody, balsamic.",https://leparfum.com.gr/en/elegants-fragrances/2326-tmfo-el,2026-08-20,2026-08-20,ACTIVE,Choose+Bottle+Extra Essence,SHOBI_LIVE_SHOW_ALL
4081,2360-ARM,2360-ARM W,WP790,WP,CODE ABSOLU FEMME,Fragrances For Women,9.0,"2360-ARM W Inspired by the fragrance notes of CODE ABSOLU FEMME. Perfume white floral, vanilla, citrus, tuberose, sweet, warm spicy, powdery.",https://leparfum.com.gr/en/fragrances-for-women/2360-arm-w,2026-08-20,2026-08-20,ACTIVE,Choose+Bottle+Extra Essence,SHOBI_LIVE_SHOW_ALL
4080,2324-KIL,2324-KIL Ν,AR397,AR,MUSK OUD - KILIAN,Niche Perfumes,15.0,"2324-KIL AR Inspired by the fragrance notes of MUSK OUD - KILIAN. Unisex perfume aromatic, rose, oud, warm spicy, fresh spicy, musky, woody, citrus, herbal, powdery.",https://leparfum.com.gr/en/niche-perfumes/2324-kil-ν,2026-08-20,2026-08-20,ACTIVE,Choose+Bottle+Extra Essence,SHOBI_LIVE_SHOW_ALL
4038,2357-CRD,2357-CRD EL,EL358,EL,Absolu Aven,Elegants Fragrances,10.0,"2357-CRD EL Inspired by the fragrance notes of  Absolu Aven. Fragrance citrus, warm spicy, aromatic, woody, soft spicy, fresh spicy, patchouli, cinnamon, fruity, earthy.",https://leparfum.com.gr/en/elegants-fragrances/2357-crd-el,2026-08-20,2026-08-20,ACTIVE,Choose+Bottle+Extra Essence,SHOBI_LIVE_SHOW_ALL
4037,2358-KAY,2358-KAY EL,EL357,EL,THE WEDDING VELVET SANTAL 35 - KAYALI,Elegants Fragrances,10.0,"2358-KAY EL Inspired by the fragrance notes of THE WEDDING VELVET SANTAL 35 - KAYALI. Men fragrance woody, powdery, warm spicy, amber, musky, green, white floral, balsamic.",https://leparfum.com.gr/en/elegants-fragrances/2358-kay-el,2026-08-20,2026-08-20,ACTIVE,Choose+Bottle+Extra Essence,SHOBI_LIVE_SHOW_ALL
4036,2344-LEL,2344-LEL Ν,AR396,AR,MOUSSE DE CHENE 30 - LE LABO,Niche Perfumes,15.0,2344-LEL Inspired by the fragrance notes of MOUSSE DE CHENE 30 - LE LABO.,https://leparfum.com.gr/en/niche-perfumes/2344-lel-ν,2026-08-20,2026-08-20,ACTIVE,Choose+Bottle+Extra Essence,SHOBI_LIVE_SHOW_ALL
4024,2315-RAM,2315-RAM EL,EL356,EL,,Elegants Fragrances,10.0,"FLAMENCO - RAMON MONEGAL.Unisex fragrance fruity, woody, rose, sweet, aromatic, powdery, violet.",https://leparfum.com.gr/en/elegants-fragrances/flamenco-ramon-monegal-inspired-perfume,2026-08-20,2026-08-20,ACTIVE,Choose+Bottle+Extra Essence,SHOBI_LIVE_SHOW_ALL
4023,2316-ATKI,2316-ATKI Ν,AR395,AR,HER MAJESTY THE OUD - ATKINSONS,Niche Perfumes,15.0,"Inspired by the fragrance notes of HER MAJESTY THE OUD - ATKINSONS.Women perfume fruity, oud, leather, floral, sweet, rose, warm spicy, vanilla, animalic.",https://leparfum.com.gr/en/niche-perfumes/2316-atki-ν,2026-08-20,2026-08-20,ACTIVE,Choose+Bottle+Extra Essence,SHOBI_LIVE_SHOW_ALL
4022,2317-TER,2317-TER Ν,AR394,AR,ORION - TIZIANA TERENZI,Niche Perfumes,15.0,"Inspired by the fragrance notes of ORION - TIZIANA TERENZI.Unisex perfume fruity, woody, smoky, leather, sweet, amber, aromatic, fresh, fresh spicy, tropical.",https://leparfum.com.gr/en/niche-perfumes/2317-ter-ν,2026-08-20,2026-08-20,ACTIVE,Choose+Bottle+Extra Essence,SHOBI_LIVE_SHOW_ALL
4021,2318-NAS,2318-NAS Ν,AR393,AR,,Niche Perfumes,15.0,"NUDIFLORUM - NASOMATTO Inspired PerfumeUnisex perfume animalic, leather, fruity, woody, sweet, mossy, green, rose, musky, earthy.",https://leparfum.com.gr/en/niche-perfumes/2318-nas-ν,2026-08-20,2026-08-20,ACTIVE,Choose+Bottle+Extra Essence,SHOBI_LIVE_SHOW_ALL
4016,2352-MOS,2352-MOS MP,MP359,MP,TOY BOY - MOSCHINO,Fragrances For Men,9.0,"2352-MOS MP Inspired by the fragrance notes of TOY BOY - MOSCHINO. Men Fragrance rose, floral, musky, woody, soft spicy, amber, fresh spicy, aromatic, sweet, citrus.",https://leparfum.com.gr/en/fragrances-for-men/2352-mos-mp,2026-08-20,2026-08-20,ACTIVE,Choose+Bottle+Extra Essence,SHOBI_LIVE_SHOW_ALL
4015,2319-LTN,2319-LTN N,AR392,AR,the fragrance notes,Niche Perfumes,15.0,"2319-LTN Inspired by the fragrance notes. Good for spring and summer heat, or as an everyday signature fragrance.",https://leparfum.com.gr/en/niche-perfumes/2319-ltn-n,2026-08-20,2026-08-20,ACTIVE,Choose+Bottle+Extra Essence,SHOBI_LIVE_SHOW_ALL
4014,2332-LTN,2332-LTN N,AR391,AR,the fragrance notes,Niche Perfumes,15.0,2332-LTN Inspired by the fragrance notes. Great summer scent.,https://leparfum.com.gr/en/niche-perfumes/2332-ltn-n,2026-08-20,2026-08-20,ACTIVE,Choose+Bottle+Extra Essence,SHOBI_LIVE_SHOW_ALL
4013,2320-LTN,2320-LTN N,AR390,AR,the fragrance notes,Niche Perfumes,15.0,2320-LTN Inspired by the fragrance notes.,https://leparfum.com.gr/en/niche-perfumes/2320-ltn-n,2026-08-20,2026-08-20,ACTIVE,Choose+Bottle+Extra Essence,SHOBI_LIVE_SHOW_ALL
4012,2321-PARF,2321-PARF Ν,AR389,AR,NISEAN - PARFUMS DE MARLY,Niche Perfumes,15.0,2321-PARF Inspired by the fragrance notes of NISEAN - PARFUMS DE MARLY.,https://leparfum.com.gr/en/niche-perfumes/2321-parf-ν,2026-08-20,2026-08-20,ACTIVE,Choose+Bottle+Extra Essence,SHOBI_LIVE_SHOW_ALL
4011,2322-MNT,2322-MNT N Perfume,AR388,AR,GOLDEN SAND - MONTALE,Niche Perfumes,15.0,2322-MNT Inspired by the fragrance notes of GOLDEN SAND - MONTALE.,https://leparfum.com.gr/en/niche-perfumes/2322-mnt-n-perfume,2026-08-20,2026-08-20,ACTIVE,Choose+Bottle+Extra Essence,SHOBI_LIVE_SHOW_ALL
4010,2323-MICA,2323-MICA EL,EL355,EL,VANILLE FLEUR - MICALLEF,Elegants Fragrances,10.0,2323-MICA Inspired by the fragrance notes of VANILLE FLEUR - MICALLEF.,https://leparfum.com.gr/en/elegants-fragrances/2323-mica-el,2026-08-20,2026-08-20,ACTIVE,Choose+Bottle+Extra Essence,SHOBI_LIVE_SHOW_ALL
4009,2348-AMG,2348-AMG Ν,AR387,AR,Guidance,Niche Perfumes,15.0,"Inspired by the fragrance notes of Guidance.Perfume woody, amber, fruity, warm spicy, sweet, nutty, powdery, vanilla, floral.",https://leparfum.com.gr/en/niche-perfumes/2348-amg-ν,2026-08-20,2026-08-20,ACTIVE,Choose+Bottle+Extra Essence,SHOBI_LIVE_SHOW_ALL
3989,2351-LOU,2351-LOU WP,WP788,WP,BIKINI QUESTA SERA,Fragrances For Women,9.0,"2351-LOU WP Inspired by the fragrance notes of BIKINI QUESTA SERA. Perfume white floral, tuberose, green, animalic, amber, woody.",https://leparfum.com.gr/en/fragrances-for-women/2351-lou-wp,2026-08-20,2026-08-20,ACTIVE,Choose+Bottle+Extra Essence,SHOBI_LIVE_SHOW_ALL
3988,2350-LOU,2350-LOU WP,WP787,WP,Loubiraj is a Leather fragrance for women,Fragrances For Women,9.0,"2350-LOU inspired by the fragrance notes of Loubiraj is a Leather fragrance for women. Perfume musky, leather, soft spicy, powdery, woody, sweet.",https://leparfum.com.gr/en/fragrances-for-women/2350-lou-wp,2026-08-20,2026-08-20,ACTIVE,Choose+Bottle+Extra Essence,SHOBI_LIVE_SHOW_ALL
3987,2349-LOU,2349-LOU WP,WP786,WP,LOUBIROUGE,Fragrances For Women,9.0,"2349-LOU WP inspired by the fragrance notes of LOUBIROUGE. Perfume vanilla, warm spicy, iris, powdery, aromatic, violet, earthy.",https://leparfum.com.gr/en/fragrances-for-women/2349-lou-wp,2026-08-20,2026-08-20,ACTIVE,Choose+Bottle+Extra Essence,SHOBI_LIVE_SHOW_ALL
3985,2272-TAU,2272-TAU LUX,LUX021,LUX,Au Coeur du Desert Tauer Perfumes,Luxury Perfumes,20.0,2272-TAU LUX Inspired by the fragrance notes of Au Coeur du Desert Tauer Perfumes. Amber Woody fragrance for women and men.,https://leparfum.com.gr/en/luxury-perfumes/2272-tau-lux,2026-08-20,2026-08-20,ACTIVE,Choose+Bottle+Extra Essence,SHOBI_LIVE_SHOW_ALL
3969,2337-LEL,2337-LEL Ν,AR386,AR,TABAC 28 MIAMI- LE LABO,Niche Perfumes,15.0,2337-LEL Inspired by the fragrance notes of TABAC 28 MIAMI- LE LABO.,https://leparfum.com.gr/en/niche-perfumes/2337-lel-ν,2026-08-20,2026-08-20,ACTIVE,Choose+Bottle+Extra Essence,SHOBI_LIVE_SHOW_ALL
3967,2330-JUL,2330-JUL Ν,AR385,AR,LADY VENGEANCE - JULIETTE HAS A GUN,Niche Perfumes,15.0,"Inspired by the fragrance notes of LADY VENGEANCE - JULIETTE HAS A GUN.Perfume rose, musky, woody, patchouli, amber, floral, warm spicy, powdery, fresh spicy, lavender.",https://leparfum.com.gr/en/niche-perfumes/2330-jul-ν,2026-08-20,2026-08-20,ACTIVE,Choose+Bottle+Extra Essence,SHOBI_LIVE_SHOW_ALL
3966,2346-TMFO,2346-TMFO EL,EL354,EL,VANILLA SEX,Elegants Fragrances,10.0,"2346-TMFO EL Inspired by the fragrance notes of VANILLA SEX. Fragrance vanilla, almond, sweet, nutty, powdery, fruity, floral, amber, woody.",https://leparfum.com.gr/en/elegants-fragrances/2346-tmfo-el,2026-08-20,2026-08-20,ACTIVE,Choose+Bottle+Extra Essence,SHOBI_LIVE_SHOW_ALL
3965,2327-SWISA,2327-SWISA Ν,AR384,AR,,Niche Perfumes,15.0,"NOORA - SWISS ARABIAN Inspired PerfumePerfume honey, warm spicy, sweet, powdery, woody, citrus, white floral, vanilla, metallic, floral.",https://leparfum.com.gr/en/niche-perfumes/2327-swisa-ν,2026-08-20,2026-08-20,ACTIVE,Choose+Bottle+Extra Essence,SHOBI_LIVE_SHOW_ALL
3964,2325-CRD,2325-CRD N,AR383,AR,Carmina,Niche Perfumes,15.0,"2325-CRD Ν Inspired by the fragrance notes of Carmina. Perfume rose, amber, musky, floral, warm spicy, fresh, powdery, woody, violet.",https://leparfum.com.gr/en/niche-perfumes/2325-crd-n,2026-08-20,2026-08-20,ACTIVE,Choose+Bottle+Extra Essence,SHOBI_LIVE_SHOW_ALL
3963,2312-YZLO,2312-YZLO W,WP785,WP,VINYLE,Fragrances For Women,9.0,"2312-YZLO W Inspired by the fragrance notes of VINYLE. Perfume unisex amber, sweet, vanilla, warm spicy, balsamic, herbal, soft spicy, anis, powdery.",https://leparfum.com.gr/en/fragrances-for-women/2312-yzlo-w,2026-08-20,2026-08-20,ACTIVE,Choose+Bottle+Extra Essence,SHOBI_LIVE_SHOW_ALL
3962,2311-YVRO,2311-YVRO WP,WP784,WP,PLAIN SOLEIL - YVES ROCHER,Fragrances For Women,9.0,"2311-YVRO WP Inspired by the fragrance notes of PLAIN SOLEIL - YVES ROCHER. Perfume woody, yellow floral, white floral, warm spicy, sweet, animalic, powdery, aromatic.",https://leparfum.com.gr/en/fragrances-for-women/2311-yvro-wp,2026-08-20,2026-08-20,ACTIVE,Choose+Bottle+Extra Essence,SHOBI_LIVE_SHOW_ALL
3961,2345-DIP,2345-DIP WP,WP783,WP,Eau Rihla EDP,Fragrances For Women,9.0,"2345-DIP WP Inspired by the fragrance notes of Eau Rihla EDP. Perfume leather, powdery, sweet, fruity, animalic, woody, iris, vanilla, warm spicy, smoky.",https://leparfum.com.gr/en/fragrances-for-women/2345-dip-wp,2026-08-20,2026-08-20,ACTIVE,Choose+Bottle+Extra Essence,SHOBI_LIVE_SHOW_ALL
3960,2303-EXN,2303-EXN Ν,AR382,AR,FRENCH AFFAIR - EX NIHILO,Niche Perfumes,15.0,"Inspired by the fragrance notes of FRENCH AFFAIR - EX NIHILO.Perfume woody, earthy, mossy, aromatic, rose, musky, patchouli, powdery, ozonic, aquatic.",https://leparfum.com.gr/en/niche-perfumes/2303-exn-ν,2026-08-20,2026-08-20,ACTIVE,Choose+Bottle+Extra Essence,SHOBI_LIVE_SHOW_ALL
3958,,2313 - DRC M,MP358,MP,Sauvage Parfum,Fragrances For Men,9.0,"2313 - DRC M Inspired by the fragrance notes of Sauvage Parfum. Fragrance citrus, woody, amber, aromatic, vanilla, fresh spicy, warm spicy, powdery, balsamic, sweet.",https://leparfum.com.gr/en/fragrances-for-men/2313-drc-m,2026-08-20,2026-08-20,ACTIVE,Choose+Bottle+Extra Essence,SHOBI_LIVE_SHOW_ALL
3957,2314-CAR,2314-CAR WP,WP782,WP,UNDER THE SEA WOMAN,Fragrances For Women,9.0,"2314-CAR WP Inspired by the fragrance notes of UNDER THE SEA WOMAN. Perfume sweet, citrus, vanilla, coconut, woody, marine, yellow floral, rose, aquatic, powdery.",https://leparfum.com.gr/en/fragrances-for-women/2314-car-wp,2026-08-20,2026-08-20,ACTIVE,Choose+Bottle+Extra Essence,SHOBI_LIVE_SHOW_ALL
3956,2310-CAR,2310-CAR MP,MP357,MP,UNDER THE SEA MAN,Fragrances For Men,9.0,2310-CAR Inspired by the fragrance notes of UNDER THE SEA MAN. Woody Aromatic fragrance for men.,https://leparfum.com.gr/en/fragrances-for-men/2310-car-mp,2026-08-20,2026-08-20,ACTIVE,Choose+Bottle+Extra Essence,SHOBI_LIVE_SHOW_ALL
3955,2306-MASQ,2306-MASQ Ν,AR381,AR,,Niche Perfumes,15.0,"TANGO - MASQUE MILANO Inspired PerfumePerfume amber, warm spicy, woody, fresh spicy, vanilla, cinnamon, aromatic, balsamic, animalic, powdery.",https://leparfum.com.gr/en/niche-perfumes/2306-masq-ν,2026-08-20,2026-08-20,ACTIVE,Choose+Bottle+Extra Essence,SHOBI_LIVE_SHOW_ALL
3954,2304-YZLO,2304-YZLO EL,EL353,EL,6 PLACE SAINT SULPICE,Elegants Fragrances,10.0,"2304-YZLO EL Inspired by the fragrance notes of 6 PLACE SAINT SULPICE. Fragrance amber, leather, warm spicy, vanilla, aromatic, lavender, sweet, animalic, musky, metallic.",https://leparfum.com.gr/en/elegants-fragrances/2304-yzlo-el,2026-08-20,2026-08-20,ACTIVE,Choose+Bottle+Extra Essence,SHOBI_LIVE_SHOW_ALL
3953,2308-GUL,2308-GUL MP,MP356,MP,LE MALE LE PARFUM,Fragrances For Men,9.0,"2308-GUL Inspired by the fragrance notes of LE MALE LE PARFUM. Fragrance warm spicy, vanilla, aromatic, lavender, powdery, iris, amber, woody, violet.",https://leparfum.com.gr/en/fragrances-for-men/2308-gul-mp,2026-08-20,2026-08-20,ACTIVE,Choose+Bottle+Extra Essence,SHOBI_LIVE_SHOW_ALL
3952,2302-CARO,2302-CARO MP,MP355,MP,YATAGAN - CARON,Fragrances For Men,9.0,"2302-CARO Inspired by the fragrance notes of YATAGAN - CARON. Fragrance woody, aromatic, green, fresh spicy, smoky, herbal, leather, musky.",https://leparfum.com.gr/en/fragrances-for-men/2302-caro-mp,2026-08-20,2026-08-20,ACTIVE,Choose+Bottle+Extra Essence,SHOBI_LIVE_SHOW_ALL
3951,2305-ATKI,2305-ATKI Ν,AR380,AR,HIS MAJESTY THE OUD - ATKINSONS,Niche Perfumes,15.0,"Inspired by the fragrance notes of HIS MAJESTY THE OUD - ATKINSONS.Perfume woody, oud, vanilla, warm spicy, powdery, amber, animalic, green, balsamic, leather.",https://leparfum.com.gr/en/niche-perfumes/2305-atki-ν,2026-08-20,2026-08-20,ACTIVE,Choose+Bottle+Extra Essence,SHOBI_LIVE_SHOW_ALL
3950,2309-ATKI,2309-ATKI Ν,AR379,AR,OUD SAVE THE QUEEN - ATKINSONS,Niche Perfumes,15.0,"Inspired by the fragrance notes of OUD SAVE THE QUEEN - ATKINSONS.Perfume white floral, oud, warm spicy, vanilla, woody, sweet, citrus, amber, green.",https://leparfum.com.gr/en/niche-perfumes/2309-atki-ν,2026-08-20,2026-08-20,ACTIVE,Choose+Bottle+Extra Essence,SHOBI_LIVE_SHOW_ALL
3949,2307-AQU,2307-AQU WP,WP781,WP,GOLD SUGAR - AQUOLINA,Fragrances For Women,9.0,"2307-AQU WP Inspired by the fragrance notes of GOLD SUGAR - AQUOLINA. Perfume sweet, lactonic, citrus, vanilla, coconut.",https://leparfum.com.gr/en/fragrances-for-women/2307-aqu-wp,2026-08-20,2026-08-20,ACTIVE,Choose+Bottle+Extra Essence,SHOBI_LIVE_SHOW_ALL
3943,2301-DIP,2301-DIP N,AR378,AR,FLEUR DE PEAU,Niche Perfumes,15.0,"2301-DIP AR inspired by the fragrance notes of FLEUR DE PEAU. Perfume musky, powdery, iris, aldehydic, amber, soft spicy, woody, floral, fresh, earthy.",https://leparfum.com.gr/en/niche-perfumes/2301-dip-n,2026-08-20,2026-08-20,ACTIVE,Choose+Bottle+Extra Essence,SHOBI_LIVE_SHOW_ALL
3942,2296-KAY,2296-KAY EL,EL352,EL,OUDGASM CAFÉ OUD 19 -KAYALI,Elegants Fragrances,10.0,"2296-KAY EL Inspired by the fragrance notes of OUDGASM CAFÉ OUD 19 -KAYALI.Fragrance fresh spicy, rose, coffee, oud, musky, vanilla, citrus, aromatic, powdery, sweet.",https://leparfum.com.gr/en/elegants-fragrances/2296-kay-el,2026-08-20,2026-08-20,ACTIVE,Choose+Bottle+Extra Essence,SHOBI_LIVE_SHOW_ALL
3941,2300-MNT,2300-MNT EL,EL351,EL,INFINITY - MONTALE,Elegants Fragrances,10.0,2300-MNT Inspired by the fragrance notes of INFINITY - MONTALE.,https://leparfum.com.gr/en/elegants-fragrances/2300-mnt-el,2026-08-20,2026-08-20,ACTIVE,Choose+Bottle+Extra Essence,SHOBI_LIVE_SHOW_ALL
3940,2299-LEL,2299-LEL EL,EL350,EL,VANILLE 44 PARIS - LE LABO,Elegants Fragrances,10.0,2299-LEL Inspired by the fragrance notes of VANILLE 44 PARIS - LE LABO.,https://leparfum.com.gr/en/elegants-fragrances/2299-lel-el,2026-08-20,2026-08-20,ACTIVE,Choose+Bottle+Extra Essence,SHOBI_LIVE_SHOW_ALL
3939,2297-BYR,2297-BYR N,AR377,AR,Animalique,Niche Perfumes,15.0,"2297-BYR AR inspired by the fragrance notes of Animalique. Perfume powdery, leather, violet, musky, tobacco, amber, yellow floral, sweet, floral.",https://leparfum.com.gr/en/niche-perfumes/2297-byr-n,2026-08-20,2026-08-20,ACTIVE,Choose+Bottle+Extra Essence,SHOBI_LIVE_SHOW_ALL
3938,2298-ELEC,2298-ELEC Ν,AR376,AR,,Niche Perfumes,15.0,"Perfume leather, woody, warm spicy, amber, patchouli, smoky, animalic, musky, balsamic, floral.",https://leparfum.com.gr/en/niche-perfumes/2298-elec-ν,2026-08-20,2026-08-20,ACTIVE,Choose+Bottle+Extra Essence,SHOBI_LIVE_SHOW_ALL
3937,2295-FLOR,2295-FLOR Ν,AR375,AR,ONE UMBRELLA FOR TWO - FLORAIKU,Niche Perfumes,15.0,Inspired by the fragrance notes of ONE UMBRELLA FOR TWO - FLORAIKU.,https://leparfum.com.gr/en/niche-perfumes/2295-flor-ν,2026-08-20,2026-08-20,ACTIVE,Choose+Bottle+Extra Essence,SHOBI_LIVE_SHOW_ALL
3936,2285-BOT,2285-BOT WP,WP780,WP,ILLUSIONE FOR HER - BOTTEGA VENETA,Fragrances For Women,9.0,"2285-BOT WP Inspired by the fragrance notes of ILLUSIONE FOR HER - BOTTEGA VENETA. Perfume green, citrus, woody, fresh, white floral, sweet, fruity, aromatic, fresh, spicy, vanilla.",https://leparfum.com.gr/en/fragrances-for-women/2285-bot-wp,2026-08-20,2026-08-20,ACTIVE,Choose+Bottle+Extra Essence,SHOBI_LIVE_SHOW_ALL
3935,2277-AMG,2277-AMG Ν,AR374,AR,Fate Man,Niche Perfumes,15.0,"Inspired by the fragrance notes of Fate Man.Perfume amber, warm spicy, fresh spicy, balsamic, sweet, woody, herbal, smoky, soft spicy, aromatic.",https://leparfum.com.gr/en/niche-perfumes/2277-amg-ν,2026-08-20,2026-08-20,ACTIVE,Choose+Bottle+Extra Essence,SHOBI_LIVE_SHOW_ALL
3934,2273-TER,2273-TER Ν,AR373,AR,ANDROMEDA - TIZIANA TERENZI,Niche Perfumes,15.0,"Inspired by the fragrance notes of ANDROMEDA - TIZIANA TERENZI.Perfume woody, sweet, vanilla, white floral, amber, fruity, floral, powdery, yellow, green.",https://leparfum.com.gr/en/niche-perfumes/2273-ter-ν,2026-08-20,2026-08-20,ACTIVE,Choose+Bottle+Extra Essence,SHOBI_LIVE_SHOW_ALL
3933,2276-ATKI,2276-ATKI Ν,AR372,AR,OUD SAVE THE KING - ATKINSONS,Niche Perfumes,15.0,"Inspired by the fragrance notes of OUD SAVE THE KING - ATKINSONS.Men perfume powdery, oud, woody, leather, iris, musky, green, fresh spicy, warm spicy, earthy.",https://leparfum.com.gr/en/niche-perfumes/2276-atki-ν,2026-08-20,2026-08-20,ACTIVE,Choose+Bottle+Extra Essence,SHOBI_LIVE_SHOW_ALL
3932,2287-VAL,2287-VAL WP,WP779,WP,DONNA BORN IN ROMA INTENSE - VALENTINO,Fragrances For Women,9.0,"2287-VAL WP Inspired by the fragrance notes of DONNA BORN IN ROMA INTENSE - VALENTINO. Perfume amber, vanilla, white floral, powdery, warm spicy, balsamic.",https://leparfum.com.gr/en/fragrances-for-women/2287-val-wp,2026-08-20,2026-08-20,ACTIVE,Choose+Bottle+Extra Essence,SHOBI_LIVE_SHOW_ALL
3931,2293-ACQ,2293-ACQ EL,EL349,EL,SAKURA EAU DE PARFUM,Elegants Fragrances,10.0,"2293-ACQ inspired by the fragrance notes of SAKURA EAU DE PARFUM. A delicate and luminous floral fragrance inspired by Japanese cherry blossoms, blending soft florals with fresh citrus and elegant musk.",https://leparfum.com.gr/en/elegants-fragrances/2293-acq-el,2026-08-20,2026-08-20,ACTIVE,Choose+Bottle+Extra Essence,SHOBI_LIVE_SHOW_ALL
3930,2294-ACQ,2294-ACQ EL,EL348,EL,YUZU EAU DE PARFUM,Elegants Fragrances,10.0,"2294-ACQ inspired by the fragrance notes of YUZU EAU DE PARFUM. A bright and energizing citrus fragrance inspired by Japanese yuzu, combining zesty citrus with green and woody notes for a fresh, uplifting scent.",https://leparfum.com.gr/en/elegants-fragrances/2294-acq-el,2026-08-20,2026-08-20,ACTIVE,Choose+Bottle+Extra Essence,SHOBI_LIVE_SHOW_ALL
3929,2271-ROJ,2271-ROJ Ν,AR371,AR,,Niche Perfumes,15.0,"ELYSIUM POUR HOMME EAU INTENSE - ROJA DOVE.Men fragrance aromatic, fresh spicy, green, woody, white floral, citrus, fruity, herbal, amber.",https://leparfum.com.gr/en/niche-perfumes/2271-roj-ν,2026-08-20,2026-08-20,ACTIVE,Choose+Bottle+Extra Essence,SHOBI_LIVE_SHOW_ALL
3928,2278-BLG,2278-BLG WP,WP778,WP,AU THE BLANC - BVLGARI,Fragrances For Women,9.0,"2278-BLG WP Inspired by the fragrance notes of AU THE BLANC - BVLGARI. Perfume cfresh spicy, musky, green, citrus, aromatic, white floral, herbal, warm, spicy, fresh, powdery.",https://leparfum.com.gr/en/fragrances-for-women/2278-blg-wp,2026-08-20,2026-08-20,ACTIVE,Choose+Bottle+Extra Essence,SHOBI_LIVE_SHOW_ALL
3926,2274-XER,2274-XER N,AR370,AR,Kobe,Niche Perfumes,15.0,"2274-XER N Inspired by the fragrance notes of Kobe. Men fragrance citrus, amber, white floral, fresh spicy, sweet, woody, aromatic, balsamic, green.",https://leparfum.com.gr/en/niche-perfumes/2274-xer-n,2026-08-20,2026-08-20,ACTIVE,Choose+Bottle+Extra Essence,SHOBI_LIVE_SHOW_ALL
3924,2275-ROJ,2275-ROJ Ν,AR368,AR,,Niche Perfumes,15.0,"BURLINGTON 1819 - ROJA DOVE.Fragrance citrus, fresh spicy, warm spicy, woody, amber, green.",https://leparfum.com.gr/en/niche-perfumes/2275-roj-ν,2026-08-20,2026-08-20,ACTIVE,Choose+Bottle+Extra Essence,SHOBI_LIVE_SHOW_ALL
3923,1925-PEN,1925-PEN N,AR367,AR,BABYLON,Niche Perfumes,15.0,1925-PEN Inspired by the fragrance notes of BABYLON. Warm and spicy with lovely vanilla.,https://leparfum.com.gr/en/niche-perfumes/1925-pen-n,2026-08-20,2026-08-20,ACTIVE,Choose+Bottle+Extra Essence,SHOBI_LIVE_SHOW_ALL
3922,2286-YZLO,2286-YZLO EL,EL347,EL,the fragrance LAVALLIERE,Elegants Fragrances,10.0,"2286-YZLO EL Inspired by the fragrance LAVALLIERE. Fragrance fruity, rose, woody, aromatic, fresh spicy, floral, sweet, musky, citrus.",https://leparfum.com.gr/en/elegants-fragrances/2286-yzlo-el,2026-08-20,2026-08-20,ACTIVE,Choose+Bottle+Extra Essence,SHOBI_LIVE_SHOW_ALL
3921,1532-ROJ,1532-ROJ AR-LUX,LUX020,LUX,,Luxury Perfumes,20.0,"ELYSIUM POUR HOMME PARFUM - ROJA DOVE Inspired PerfumeFragrance citrus, amber, green, aromatic, white floral, fresh, animalic, musky, balsamic.",https://leparfum.com.gr/en/luxury-perfumes/elysium-pour-homme-parfum-roja-dove-inspired-perfume,2026-08-20,2026-08-20,ACTIVE,Choose+Bottle+Extra Essence,SHOBI_LIVE_SHOW_ALL
3920,2270-ORMO,2270-ORMO Ν,AR366,AR,,Niche Perfumes,15.0,"MONTABACO - ORMONDE JAYNE.Fragrance woody, aromatic, fresh, amber, musky, citrus, warm spicy, tobacco, fresh spicy.",https://leparfum.com.gr/en/niche-perfumes/2270-ormo-ν,2026-08-20,2026-08-20,ACTIVE,Choose+Bottle+Extra Essence,SHOBI_LIVE_SHOW_ALL
3919,2269-ARB,2269-ARB Ν,AR365,AR,ARABIAN KNIGHT - ARABIAN OUD,Niche Perfumes,15.0,"Inspired by the fragrance notes of ARABIAN KNIGHT - ARABIAN OUD.Fragrance amber, citrus, cinnamon, woody, warm spicy, powdery, vanilla, rose, white floral, animalic.",https://leparfum.com.gr/en/niche-perfumes/2269-arb-ν,2026-08-20,2026-08-20,ACTIVE,Choose+Bottle+Extra Essence,SHOBI_LIVE_SHOW_ALL
3918,2268-AMG,2268-AMG Ν,AR364,AR,Interlude Black Iris,Niche Perfumes,15.0,"Inspired by the fragrance notes of Interlude Black Iris. Fragrance amber, woody, powdery, iris, fresh spicy, warm spicy, leather, aromatic, balsamic, oud.",https://leparfum.com.gr/en/niche-perfumes/2268-amg-ν,2026-08-20,2026-08-20,ACTIVE,Choose+Bottle+Extra Essence,SHOBI_LIVE_SHOW_ALL
3917,2284-HIS,2284-HIS,AR363,AR,,Niche Perfumes,15.0,"1889 MOULIN ROUGE - HISTOIRES DE PARFUMS.Fragrance iris, powdery, fruity, earthy, sweet, warm spicy, musky, rose, violet, woody.",https://leparfum.com.gr/en/niche-perfumes/1889-moulin-rouge-histoires-de-parfums-inspired-perfume,2026-08-20,2026-08-20,ACTIVE,Choose+Bottle+Extra Essence,SHOBI_LIVE_SHOW_ALL
3916,2283-XER,2283-XER N,AR362,AR,Gran Ballo,Niche Perfumes,15.0,"Inspired by the fragrance notes of Gran Ballo. Fragrance white floral, caramel, vanilla, sweet, fruity.",https://leparfum.com.gr/en/niche-perfumes/2283-xer-n,2026-08-20,2026-08-20,ACTIVE,Choose+Bottle+Extra Essence,SHOBI_LIVE_SHOW_ALL
3915,,2282 - DRC EL,EL346,EL,IVIERA,Elegants Fragrances,10.0,"2282 - DRC EL Inspired by the fragrance notes of IVIERA. Fragrance green, fruity, sweet, woody, rose.",https://leparfum.com.gr/en/elegants-fragrances/2282-drc-el,2026-08-20,2026-08-20,ACTIVE,Choose+Bottle+Extra Essence,SHOBI_LIVE_SHOW_ALL
3914,2281-GUR,2281-GUR N,AR361,AR,TOBACCO HONEY - GUERLAIN,Niche Perfumes,15.0,2281-GUR Inspired by the fragrance notes of TOBACCO HONEY - GUERLAIN.,https://leparfum.com.gr/en/niche-perfumes/2281-gur-n,2026-08-20,2026-08-20,ACTIVE,Choose+Bottle+Extra Essence,SHOBI_LIVE_SHOW_ALL
3913,2279-LEL,2279-LEL LUX,LUX019,LUX,MYRRHE 55 - LE LABO,Luxury Perfumes,20.0,2279-LEL Inspired by the fragrance notes of MYRRHE 55 - LE LABO.,https://leparfum.com.gr/en/luxury-perfumes/2279-lel-lux,2026-08-20,2026-08-20,ACTIVE,Choose+Bottle+Extra Essence,SHOBI_LIVE_SHOW_ALL
3912,2280-XER,2280-XER N,AR360,AR,JTC 400,Niche Perfumes,15.0,"Inspired by the fragrance notes of JTC 400. Fragrance citrus, white floral, sweet, honey, woody, vanilla, yellow floral, floral, animalic, powdery.",https://leparfum.com.gr/en/niche-perfumes/2280-xer-n,2026-08-20,2026-08-20,ACTIVE,Choose+Bottle+Extra Essence,SHOBI_LIVE_SHOW_ALL
3910,2257-YZLO,2257-YZLO W,WP777,WP,LIBRE L'ABSOLU PLATINE,Fragrances For Women,9.0,"2257-YZLO W Inspired by the fragrance notes of LIBRE L'ABSOLU PLATINE. Perfume citrus, lavender, aldehydic, white floral, aromatic, vanilla, fresh spicy, fresh, soapy, sweet.",https://leparfum.com.gr/en/fragrances-for-women/2257-yzlo-w,2026-08-20,2026-08-20,ACTIVE,Choose+Bottle+Extra Essence,SHOBI_LIVE_SHOW_ALL
3909,2260-BON,2260-BON Ν,AR359,AR,GREENWICH VILLAGE - BOND,Niche Perfumes,15.0,"Inspired by the fragrance notes of GREENWICH VILLAGE - BOND.Fragrance fresh, musky, fruity, floral, sweet, amber, vanilla, citrus, aquatic, powdery.",https://leparfum.com.gr/en/niche-perfumes/2260-bon-ν,2026-08-20,2026-08-20,ACTIVE,Choose+Bottle+Extra Essence,SHOBI_LIVE_SHOW_ALL
3908,2254-VER,2254-VER W,WP776,WP,VANITAS,Fragrances For Women,9.0,"2254-VER W Inspired by the fragrance notes of VANITAS. Perfume white floral, citrus, sweet, woody, fruity, vanilla, conifer, aromatic, green.",https://leparfum.com.gr/en/fragrances-for-women/2254-ver-w,2026-08-20,2026-08-20,ACTIVE,Choose+Bottle+Extra Essence,SHOBI_LIVE_SHOW_ALL
3907,2267-KAY,2267-KAY EL,EL345,EL,MUSK 12 - KAYALI,Elegants Fragrances,10.0,"2267-KAY EL Inspired by the fragrance notes of MUSK 12 - KAYALI.Fragrance musky, floral, powdery, vanilla, woody, white floral, sweet, aquatic.",https://leparfum.com.gr/en/elegants-fragrances/2267-kay-el,2026-08-20,2026-08-20,ACTIVE,Choose+Bottle+Extra Essence,SHOBI_LIVE_SHOW_ALL
3906,2264-KAY,2264-KAY EL,EL344,EL,OUDGASM TOBACCO 04 - KAYALI,Elegants Fragrances,10.0,"2264-KAY EL Inspired by the fragrance notes of OUDGASM TOBACCO 04 - KAYALI.Fragrαnce sweet, tobacco, warm spicy, honey, vanilla, oud, amber, aromatic, citrus, fresh spicy.",https://leparfum.com.gr/en/elegants-fragrances/2264-kay-el,2026-08-20,2026-08-20,ACTIVE,Choose+Bottle+Extra Essence,SHOBI_LIVE_SHOW_ALL
3905,2266-KAY,2266-KAY EL,EL343,EL,INVITE ONLY AMBER 23 - KAYALI,Elegants Fragrances,10.0,"2266-KAY EL Inspired by the fragrance notes of INVITE ONLY AMBER 23 - KAYALI.Fragrance sweet, amber, warm spicy, tobacco, cinnamon, woody, cherry, honey, vanilla, nutty.",https://leparfum.com.gr/en/elegants-fragrances/2266-kay-el,2026-08-20,2026-08-20,ACTIVE,Choose+Bottle+Extra Essence,SHOBI_LIVE_SHOW_ALL
3904,2265-KAY,2265-KAY EL,EL342,EL,OUDGASM ROSE OUD 16 - KAYALI,Elegants Fragrances,10.0,"2265-KAY EL Inspired by the fragrance notes of OUDGASM ROSE OUD 16 - KAYALI.Fragrance rose, fresh spicy, floral, aromatic, oud, vanilla, fresh, citrus.",https://leparfum.com.gr/en/elegants-fragrances/2265-kay-el,2026-08-20,2026-08-20,ACTIVE,Choose+Bottle+Extra Essence,SHOBI_LIVE_SHOW_ALL
3902,1866-GUC,1866-GUC WP,WP775,WP,Guilty Intense,Fragrances For Women,9.0,"1866-GUC Inspired by the fragrance notes of Guilty Intense. Perfume floral, soft spicy, powdery, amber, fresh, patchouli, violet, citrus, woody, vanilla.",https://leparfum.com.gr/en/fragrances-for-women/1866-guc-wp,2026-08-20,2026-08-20,ACTIVE,Choose+Bottle+Extra Essence,SHOBI_LIVE_SHOW_ALL
3901,2262-MEM,2262-MEM Ν,AR358,AR,MARFA - MEMO PARIS,Niche Perfumes,15.0,2262-MEM Inspired by the fragrance notes of MARFA - MEMO PARIS.,https://leparfum.com.gr/en/niche-perfumes/2262-mem-ν,2026-08-20,2026-08-20,ACTIVE,Choose+Bottle+Extra Essence,SHOBI_LIVE_SHOW_ALL
3900,2255-VER,2255-VER W,WP774,WP,VERSUS,Fragrances For Women,9.0,"2255-VER W Inspired by the fragrance notes of VERSUS. Perfume citrus, musky, white floral, aromatic, sweet, patchouli, tropical.",https://leparfum.com.gr/en/fragrances-for-women/2255-ver-w,2026-08-20,2026-08-20,ACTIVE,Choose+Bottle+Extra Essence,SHOBI_LIVE_SHOW_ALL
3899,2258-DRC,2258-DRC M,MP354,MP,FAHRENEIT ABSOLUTE,Fragrances For Men,9.0,2258-DRC Inspired by the fragrance notes of FAHRENEIT ABSOLUTE,https://leparfum.com.gr/en/fragrances-for-men/2258-drc-m,2026-08-20,2026-08-20,ACTIVE,Choose+Bottle+Extra Essence,SHOBI_LIVE_SHOW_ALL
3894,2263-NAS,2263-NAS Ν,AR357,AR,,Niche Perfumes,15.0,"The fragrance reveals all its seduction and sensuality with its powerful, oriental, musky, animal trail. The notes of coffee merge with musk and sandalwood, offering a sensation of extreme voluptuousness and passion.",https://leparfum.com.gr/en/niche-perfumes/2263-nas-ν,2026-08-20,2026-08-20,ACTIVE,Choose+Bottle+Extra Essence,SHOBI_LIVE_SHOW_ALL
3891,2259-GIV,2259-GIV M Perfume,MP353,MP,GENTLEMAN RESERVE EAU DE PARFUM PRIVE,Fragrances For Men,9.0,2259-GIV Inspired by the fragrance notes of GENTLEMAN RESERVE EAU DE PARFUM PRIVE.,https://leparfum.com.gr/en/fragrances-for-men/2259-giv-m-perfume,2026-08-20,2026-08-20,ACTIVE,Choose+Bottle+Extra Essence,SHOBI_LIVE_SHOW_ALL
3890,2261-PARF,2261-PARF Ν,AR356,AR,ALTHAIR - PARFUMS DE MARLY,Niche Perfumes,15.0,2261-PARF Inspired by the fragrance notes of ALTHAIR - PARFUMS DE MARLY.,https://leparfum.com.gr/en/niche-perfumes/2261-parf-ν,2026-08-20,2026-08-20,ACTIVE,Choose+Bottle+Extra Essence,SHOBI_LIVE_SHOW_ALL
3857,2003-KIL,2003-KIL EL,EL341,EL,LOVE DON'T BE SHY EXTREME - KILIAN,Elegants Fragrances,10.0,"2003-KIL EL Inspired by the fragrance notes of LOVE DON'T BE SHY EXTREME - KILIAN. Fragrance sweet, white floral, citrus, powdery, vanilla, rose, floral, fresh spicy.",https://leparfum.com.gr/en/elegants-fragrances/2003-kil-el,2026-08-20,2026-08-20,ACTIVE,Choose+Bottle+Extra Essence,SHOBI_LIVE_SHOW_ALL
3842,2249-BYR,2249-BYR N,AR355,AR,Rouge Chaotique,Niche Perfumes,15.0,"2249-BYR AR Inspired by the fragrance notes of Rouge Chaotique. Fragrance fruity, woody, sweet, warm spicy, oud, aromatic, green, leather, earthy, metallic.",https://leparfum.com.gr/en/niche-perfumes/2249-byr-n,2026-08-20,2026-08-20,ACTIVE,Choose+Bottle+Extra Essence,SHOBI_LIVE_SHOW_ALL
3841,2250-ARBAS,2250-ARBAS WP,WP773,WP,IN RED - ARMAND BASI,Fragrances For Women,9.0,"Inspired by the fragrance notes of IN RED - ARMAND BASI.Perfume citrus, warm spicy, woody, white floral, aromatic, fresh spicy.",https://leparfum.com.gr/en/fragrances-for-women/in-red-armand-basi-inspired-perfume,2026-08-20,2026-08-20,ACTIVE,Choose+Bottle+Extra Essence,SHOBI_LIVE_SHOW_ALL
3840,2251-JOVP,2251-JOVP Ν,AR354,AR,,Niche Perfumes,15.0,"REMEMBER ME - JOVOY PARIS.Fragrance warm spicy, lactonic, citrus, vanilla, aromatic, green, woody.",https://leparfum.com.gr/en/niche-perfumes/2251-jovp-ν,2026-08-20,2026-08-20,ACTIVE,Choose+Bottle+Extra Essence,SHOBI_LIVE_SHOW_ALL
3839,2248-BYR,2248-BYR EL,EL340,EL,Pulp,Elegants Fragrances,10.0,"2248-BYR EL Inspired by the fragrance notes of Pulp. Fragrance fruity, sweet, woody, floral.",https://leparfum.com.gr/en/elegants-fragrances/2248-byr-el,2026-08-20,2026-08-20,ACTIVE,Choose+Bottle+Extra Essence,SHOBI_LIVE_SHOW_ALL
3838,2247-LTN,2247-LTN L,LUX017,LUX,the fragrance notes,Luxury Perfumes,20.0,2247-LTN Inspired by the fragrance notes.,https://leparfum.com.gr/en/luxury-perfumes/2247-ltn-l,2026-08-20,2026-08-20,ACTIVE,Choose+Bottle+Extra Essence,SHOBI_LIVE_SHOW_ALL
3837,2246-GUC,2246-GUC WP,WP772,WP,Flora Gorgeous Magnolia,Fragrances For Women,9.0,"2246-GUC Inspired by the fragrance notes of Flora Gorgeous Magnolia. Perfume floral, coconut, fruity, musky, sweet, patchouli, white floral, lactonic, citrus, powdery.",https://leparfum.com.gr/en/fragrances-for-women/2246-guc-wp,2026-08-20,2026-08-20,ACTIVE,Choose+Bottle+Extra Essence,SHOBI_LIVE_SHOW_ALL
3836,2245-KUR,2245-KUR N,AR353,AR,AQUA MEDIA COLOGNE FORTE,Niche Perfumes,15.0,"2245-KUR N Inspired by the fragrance notes of AQUA MEDIA COLOGNE FORTE. Fragrance citrus, green, powdery, fresh, soft spicy, musky, floral, fresh spicy, aromatic, woody.",https://leparfum.com.gr/en/niche-perfumes/2245-kur-n,2026-08-20,2026-08-20,ACTIVE,Choose+Bottle+Extra Essence,SHOBI_LIVE_SHOW_ALL
3835,2244-ARM,2244-ARM N,AR352,AR,MYRRHE IMPERIALE,Niche Perfumes,15.0,"2244-ARM N Inspired by the fragrance notes of MYRRHE IMPERIALE. Fragrance amber, warm spicy, vanilla, balsamic, sweet.",https://leparfum.com.gr/en/niche-perfumes/2244-arm-n,2026-08-20,2026-08-20,ACTIVE,Choose+Bottle+Extra Essence,SHOBI_LIVE_SHOW_ALL
3834,2243-TMFO,2243-TMFO N,AR351,AR,MYRRHE MYSTERE,Niche Perfumes,15.0,"2243-TMFO N Inspired by the fragrance notes of MYRRHE MYSTERE. Fragrance amber, warm spicy, woody, powdery, balsamic, vanilla, sweet, aromatic, musky.",https://leparfum.com.gr/en/niche-perfumes/2243-tmfo-n,2026-08-20,2026-08-20,ACTIVE,Choose+Bottle+Extra Essence,SHOBI_LIVE_SHOW_ALL
3833,2242-THESPD,2242-THESPD Ν,AR350,AR,TURATH - THE SPIRIT OF DUBAI,Niche Perfumes,15.0,"2242-THESPD Inspired by the fragrance notes of TURATH - THE SPIRIT OF DUBAI. Fragrance fruity, woody, amber, warm spicy, sweet, smoky, powdery, balsamic, oud, animalic.",https://leparfum.com.gr/en/niche-perfumes/2242-thespd-ν,2026-08-20,2026-08-20,ACTIVE,Choose+Bottle+Extra Essence,SHOBI_LIVE_SHOW_ALL
3832,2252-KIL,2252-KIL Ν,AR349,AR,SMOKING HOT - KILIAN,Niche Perfumes,15.0,"2252-KIL AR Inspired by the fragrance notes of SMOKING HOT - KILIAN. Fragrance tobacco, fruity, cinnamon, vanilla, smoky, warm spicy, sweet, fresh, green, mossy.",https://leparfum.com.gr/en/niche-perfumes/2252-kil-ν,2026-08-20,2026-08-20,ACTIVE,Choose+Bottle+Extra Essence,SHOBI_LIVE_SHOW_ALL
3831,2253-ALEX,2253-ALEX Ν,AR348,AR,IMPERIAL PEACOCK - ALEXANDRE J,Niche Perfumes,15.0,"Inspired by the fragrance notes of IMPERIAL PEACOCK - ALEXANDRE J. Fragrance vanilla, almond, sweet, powdery, warm spicy, cinnamon, fruity.",https://leparfum.com.gr/en/niche-perfumes/2253-alex-ν,2026-08-20,2026-08-20,ACTIVE,Choose+Bottle+Extra Essence,SHOBI_LIVE_SHOW_ALL
3830,2237-VER,2237-VER W,WP771,WP,GINGEMBRE PETILLANT,Fragrances For Women,9.0,"2237-VER W Inspired by the fragrance notes of GINGEMBRE PETILLANT. Perfume sweet, warm spicy, vanilla, white floral, lactonic, fresh, nutty, citrus.",https://leparfum.com.gr/en/fragrances-for-women/2237-ver-w,2026-08-20,2026-08-20,ACTIVE,Choose+Bottle+Extra Essence,SHOBI_LIVE_SHOW_ALL
3829,2236-NISH,2236-NISH Ν,AR347,AR,KREDO - NISHANE,Niche Perfumes,15.0,"Inspired by the fragrance notes of KREDO - NISHANE.Fragrance warm spicy, oud, woody, soft spicy, aromatic, powdery, musky, leather.",https://leparfum.com.gr/en/niche-perfumes/2236-nish-ν,2026-08-20,2026-08-20,ACTIVE,Choose+Bottle+Extra Essence,SHOBI_LIVE_SHOW_ALL
3828,2235-PRA,2235-PRA WP,WP770,WP,PARADOXE INTENSE - PRADA,Fragrances For Women,9.0,"2235-PRA WP inspired by the fragrance notes of PARADOXE INTENSE - PRADA.  Perfume white floral, vanilla, mossy, amber, citrus, fruity, sweet, earthy, fresh, powdery.",https://leparfum.com.gr/en/fragrances-for-women/2235-pra-wp,2026-08-20,2026-08-20,ACTIVE,Choose+Bottle+Extra Essence,SHOBI_LIVE_SHOW_ALL
3827,2234-MON,2234-MON WP,WP769,WP,,Fragrances For Women,9.0,"MONCLER POUR FEMME Inspired PerfumeMoncler Pour Femme Eau de Parfum is a sophisticated and modern fragrance that exudes femininity and elegance. It opens with bright notes of bergamot and soft white blossom, which give a fresh and clean feeling. At its heart, warm and sensual notes of jasmine and heliotrope are revealed, while its base embraces the skin...",https://leparfum.com.gr/en/fragrances-for-women/moncler-pour-femme-inspired-perfume,2026-08-20,2026-08-20,ACTIVE,Choose+Bottle+Extra Essence,SHOBI_LIVE_SHOW_ALL
3826,2241-GUL,2241-GUL WP,WP768,WP,DIVINE,Fragrances For Women,9.0,2241-GUL Inspired by the fragrance notes of DIVINE. A sensual and radiant fragrance that exudes confidence and feminine power.,https://leparfum.com.gr/en/fragrances-for-women/2241-gul-wp,2026-08-20,2026-08-20,ACTIVE,Choose+Bottle+Extra Essence,SHOBI_LIVE_SHOW_ALL
3825,2240-PAC,2240-PAC M,MP352,MP,ONE MILLION ELIXIR,Fragrances For Men,9.0,"2240-PAC M inspired by the fragrance notes of ONE MILLION ELIXIR. Fragrance vanilla, fruity, rose, sweet, aromatic, green, woody, balsamic, powdery.",https://leparfum.com.gr/en/fragrances-for-men/2240-pac-m,2026-08-20,2026-08-20,ACTIVE,Choose+Bottle+Extra Essence,SHOBI_LIVE_SHOW_ALL
3824,2229-ESCE,2229-ESCE EL,EL339,EL,MOLECULE 01 + PATCHOULI - ESCENTRIC MOLECULES,Elegants Fragrances,10.0,Inspired by the fragrance notes of MOLECULE 01 + PATCHOULI - ESCENTRIC MOLECULES.,https://leparfum.com.gr/en/elegants-fragrances/molecule-01-patchouli-inspired-perfume,2026-08-20,2026-08-20,ACTIVE,Choose+Bottle+Extra Essence,SHOBI_LIVE_SHOW_ALL
3823,2228-ESCE,2228-ESCE EL,EL338,EL,MOLECULE 01 + IRIS - ESCENTRIC MOLECULES,Elegants Fragrances,10.0,"Inspired by the fragrance notes of MOLECULE 01 + IRIS - ESCENTRIC MOLECULES.Fragrance iris, woody, powdery, musky, amber, earthy.",https://leparfum.com.gr/en/elegants-fragrances/molecule-01-iris-inspired-perfume,2026-08-20,2026-08-20,ACTIVE,Choose+Bottle+Extra Essence,SHOBI_LIVE_SHOW_ALL
3822,2223-AMG,2223-AMG Ν,AR346,AR,Reflection 45 Man,Niche Perfumes,15.0,"Inspired by the fragrance notes of Reflection 45 Man.Fragrance amber, aromatic, woody, warm spicy, powdery, balsamic, fresh spicy, white floral, vanilla, iris.",https://leparfum.com.gr/en/niche-perfumes/2223-amg-ν,2026-08-20,2026-08-20,ACTIVE,Choose+Bottle+Extra Essence,SHOBI_LIVE_SHOW_ALL
3821,2226-BON,2226-BON EL,EL337,EL,THE SCENT OF PEACE FOR HIM - BOND,Elegants Fragrances,10.0,"Inspired by the fragrance notes of THE SCENT OF PEACE FOR HIM - BOND.Fragrance aromatic, woody, fruity, fresh spicy, sweet, citrus, green, fresh, tropical.",https://leparfum.com.gr/en/elegants-fragrances/the-scent-of-peace-for-him-bond-n9-inspired-perfume,2026-08-20,2026-08-20,ACTIVE,Choose+Bottle+Extra Essence,SHOBI_LIVE_SHOW_ALL
3820,2225-BON,2225-BON Ν,AR345,AR,LAFAYETTE STREET - BOND,Niche Perfumes,15.0,"Inspired by the fragrance notes of LAFAYETTE STREET - BOND.Fragrance amber, vanilla, aromatic, fruity, floral, citrus, woody, musky.",https://leparfum.com.gr/en/niche-perfumes/2225-bon-ν,2026-08-20,2026-08-20,ACTIVE,Choose+Bottle+Extra Essence,SHOBI_LIVE_SHOW_ALL
3819,2218-ARM,2218-ARM EL,EL336,EL,BLEU TURQUOISE,Elegants Fragrances,10.0,"2218-ARM EL Inspired by the fragrance notes of BLEU TURQUOISE. Fragrance woody, vanilla, salty, warm spicy, amber, balsamic, smoky, powdery.",https://leparfum.com.gr/en/elegants-fragrances/2218-arm-el,2026-08-20,2026-08-20,ACTIVE,Choose+Bottle+Extra Essence,SHOBI_LIVE_SHOW_ALL
3818,2224-ARM,2224-ARM W,WP767,WP,DIAMONDS WOMAN,Fragrances For Women,9.0,"2224-ARM W Inspired by the fragrance notes of DIAMONDS WOMAN. Perfume fruity, woody, sweet, rose, vanilla, floral, fresh, tropical, patchouli, amber.",https://leparfum.com.gr/en/fragrances-for-women/2224-arm-w,2026-08-20,2026-08-20,ACTIVE,Choose+Bottle+Extra Essence,SHOBI_LIVE_SHOW_ALL
3817,2221-AMG,2221-AMG EL,EL335,EL,Beach Hut Man,Elegants Fragrances,10.0,"Inspired by the fragrance notes of Beach Hut Man.Fragrance green, aromatic, woody, earthy, mossy, fresh, fresh spicy.",https://leparfum.com.gr/en/elegants-fragrances/2221-amg-el,2026-08-20,2026-08-20,ACTIVE,Choose+Bottle+Extra Essence,SHOBI_LIVE_SHOW_ALL
3816,2227-CRD,2227-CRD EL,EL334,EL,Tabarome,Elegants Fragrances,10.0,"Inspired by the fragrance notes of Tabarome. Fragrance citrus, warm spicy, woody, tobacco, sweet, animalic, amber, leather, powdery.",https://leparfum.com.gr/en/elegants-fragrances/2227-crd-el,2026-08-20,2026-08-20,ACTIVE,Choose+Bottle+Extra Essence,SHOBI_LIVE_SHOW_ALL
3815,2217-NRO,2217-NRO WP,WP766,WP,ALL OF ME - RODRIG,Fragrances For Women,9.0,"2217-NRO WP inspired by the fragrance notes of ALL OF ME - RODRIG. Perfume floral, rose, musky, powdery, woody, fresh spicy, aromatic, citrus, warm spicy.",https://leparfum.com.gr/en/fragrances-for-women/2217-nro-wp,2026-08-20,2026-08-20,ACTIVE,Choose+Bottle+Extra Essence,SHOBI_LIVE_SHOW_ALL
3814,2216-DOL,2216-DOL WP,WP765,WP,DEVOTION,Fragrances For Women,9.0,"2216-DOL WP Inspired by the fragrance notes of DEVOTION. Perfume vanilla, sweet, white floral, powdery, citrus, rum, lactonic.",https://leparfum.com.gr/en/fragrances-for-women/2216-dol-wp,2026-08-20,2026-08-20,ACTIVE,Choose+Bottle+Extra Essence,SHOBI_LIVE_SHOW_ALL
3813,2213-AMG,2213-AMG EL,EL333,EL,Opus XIV – Royal Tobacco,Elegants Fragrances,10.0,"Inspired by the fragrance notes of Opus XIV – Royal Tobacco. Fragrance amber, sweet, balsamic, soft spicy, aromatic, fresh spicy, warm spicy, vanilla, tobacco, .woody",https://leparfum.com.gr/en/elegants-fragrances/2213-amg-el,2026-08-20,2026-08-20,ACTIVE,Choose+Bottle+Extra Essence,SHOBI_LIVE_SHOW_ALL
3812,2207-BLG,2207-BLG Ν,AR344,AR,SPETTACOLORE,Niche Perfumes,15.0,"2207-BLG inspired by the fragrance notes of SPETTACOLORE. Women's Fragrance amber, iris, powdery, violet, earthy, warm spicy, balsamic.",https://leparfum.com.gr/en/niche-perfumes/2207-blg-ν,2026-08-20,2026-08-20,ACTIVE,Choose+Bottle+Extra Essence,SHOBI_LIVE_SHOW_ALL
3811,2231-NISH,2231-NISH Ν,AR343,AR,SULTAN VETIVER - NISHANE,Niche Perfumes,15.0,"Inspired by the fragrance notes of SULTAN VETIVER - NISHANE.Fragrance aromatic,woody, earthy, citrus, fresh spicy, anis, leather, soft spicy, amber.",https://leparfum.com.gr/en/niche-perfumes/2231-nish-ν,2026-08-20,2026-08-20,ACTIVE,Choose+Bottle+Extra Essence,SHOBI_LIVE_SHOW_ALL
3810,2212-AMG,2212-AMG EL,EL332,EL,Epic 56 Woman,Elegants Fragrances,10.0,"Inspired by the fragrance notes of Epic 56 Woman.Fragrance fresh spicy, woody, rose, amber, warm spicy, powdery, oud, floral, patchouli.",https://leparfum.com.gr/en/elegants-fragrances/2212-amg-el,2026-08-20,2026-08-20,ACTIVE,Choose+Bottle+Extra Essence,SHOBI_LIVE_SHOW_ALL
3809,2222-AMG,2222-AMG EL,EL331,EL,Epic Woman,Elegants Fragrances,10.0,"Inspired by the fragrance notes of Epic Woman.Fragrance fresh spicy, amber, warm spicy, rose, woody, aromatic, smoky, balsamic, oud, powdery.",https://leparfum.com.gr/en/elegants-fragrances/2222-amg-el,2026-08-20,2026-08-20,ACTIVE,Choose+Bottle+Extra Essence,SHOBI_LIVE_SHOW_ALL
3808,2169-ROJ,2169-ROJ Ν,AR342,AR,,Niche Perfumes,15.0,"TI AMO - ROJA DOVE.Fragrance warm spicy, powdery, vanilla, sweet, woody, white floral, amber, citrus, iris, cacao.",https://leparfum.com.gr/en/niche-perfumes/2169-roj-ν,2026-08-20,2026-08-20,ACTIVE,Choose+Bottle+Extra Essence,SHOBI_LIVE_SHOW_ALL
3807,2233-YZLO,2233-YZLO M,MP349,MP,LA NUIT DE L'HOMME BLEU ELECTRIQUE,Fragrances For Men,9.0,"2233-YZLO M Inspired by the fragrance notes of LA NUIT DE L'HOMME BLEU ELECTRIQUE. Fragrance warm spicy, aromatic, lavender, fresh spicy, woody, citrus.",https://leparfum.com.gr/en/fragrances-for-men/2233-yzlo-m,2026-08-20,2026-08-20,ACTIVE,Choose+Bottle+Extra Essence,SHOBI_LIVE_SHOW_ALL
3806,2232-PEN,2232-PEN N,AR341,AR,CLANDESTINE CLARA,Niche Perfumes,15.0,"2232-PEN Inspired by the fragrance notes of CLANDESTINE CLARA. Warm and luxurious scent, mysterious and sexy. Exotic, spicy, sweet-scented.",https://leparfum.com.gr/en/niche-perfumes/2232-pen-n,2026-08-20,2026-08-20,ACTIVE,Choose+Bottle+Extra Essence,SHOBI_LIVE_SHOW_ALL
3805,2230-VAR,2230-VAR MP,MP348,MP,,Fragrances For Men,9.0,DARK REBEL - JOHN VARVATOS Inspired Perfume,https://leparfum.com.gr/en/fragrances-for-men/dark-rebel-john-varvatos-inspired-perfume,2026-08-20,2026-08-20,ACTIVE,Choose+Bottle+Extra Essence,SHOBI_LIVE_SHOW_ALL
3804,,HAYATI - AL HARAMAIN Arabic Perfume,AR340,AR,,Niche Perfumes,15.0,"Fragrance musky, oud, powdery, woody, amber, rose, sweet, animalic.",https://leparfum.com.gr/en/niche-perfumes/hayati-al-haramain-arabic-perfume,2026-08-20,2026-08-20,ACTIVE,Choose+Bottle+Extra Essence,SHOBI_LIVE_SHOW_ALL
3803,2219-AJMA,2219-AJMA EL,EL330,EL,,Elegants Fragrances,10.0,"AMBER WOOD - AJMAL.Fragrance woody, warm spicy, amber, fresh spicy, aromatic, patchouli, powdery.",https://leparfum.com.gr/en/elegants-fragrances/amber-wood-ajmal-arabic-perfume,2026-08-20,2026-08-20,ACTIVE,Choose+Bottle+Extra Essence,SHOBI_LIVE_SHOW_ALL
3802,2214-CAR,2214-CAR EL,EL329,EL,STALLION LEATHER,Elegants Fragrances,10.0,2214-CAR Inspired by the fragrance notes of STALLION LEATHER.,https://leparfum.com.gr/en/elegants-fragrances/2214-car-el,2026-08-20,2026-08-20,ACTIVE,Choose+Bottle+Extra Essence,SHOBI_LIVE_SHOW_ALL
3799,2163-SNI,2163-SNI LUX,LUX016,LUX,,Luxury Perfumes,20.0,"DEAD DINOSAUR - SNIF Inspired PerfumePerfume floral, balsamic, amber, woody, soft spicy, citrus, gasoline, aromatic, green, warm spicy.",https://leparfum.com.gr/en/luxury-perfumes/dead-dinosaur-snif-inspired-perfume,2026-08-20,2026-08-20,ACTIVE,Choose+Bottle+Extra Essence,SHOBI_LIVE_SHOW_ALL
3798,2202-ROJ,2202-ROJ Ν,AR339,AR,,Niche Perfumes,15.0,"ISOLA BLU - ROJA DOVE.Fragrance citrus, aromatic, fresh spicy, green, woody, fresh, fruity.",https://leparfum.com.gr/en/niche-perfumes/2202-roj-ν,2026-08-20,2026-08-20,ACTIVE,Choose+Bottle+Extra Essence,SHOBI_LIVE_SHOW_ALL
3797,2209-MATIE,2209-MATIE MP,MP347,MP,,Fragrances For Men,9.0,CRYSTAL SAFFRON - MATIERE PREMIERE Inspired Perfume,https://leparfum.com.gr/en/fragrances-for-men/crystal-saffron-matiere-premiere-inspired-perfume,2026-08-20,2026-08-20,ACTIVE,Choose+Bottle+Extra Essence,SHOBI_LIVE_SHOW_ALL
3796,2168-MARG,2168-MARG EL,EL328,EL,UNDER THE LEMON TREE,Elegants Fragrances,10.0,2168-MARG Inspired by the fragrance notes of UNDER THE LEMON TREE.,https://leparfum.com.gr/en/elegants-fragrances/2168-marg-el,2026-08-20,2026-08-20,ACTIVE,Choose+Bottle+Extra Essence,SHOBI_LIVE_SHOW_ALL
3795,2215-CAR,2215-CAR WP,WP764,WP,GOOD GIRL FANTASTIC PINK,Fragrances For Women,9.0,2215-CAR WP Inspired by the fragrance notes of GOOD GIRL FANTASTIC PINK. Bold and highly feminine fragrance that combines charm with strength.,https://leparfum.com.gr/en/fragrances-for-women/2215-car-wp,2026-08-20,2026-08-20,ACTIVE,Choose+Bottle+Extra Essence,SHOBI_LIVE_SHOW_ALL
3794,2211-YZLO,2211-YZLO M,MP346,MP,MYSLF,Fragrances For Men,9.0,"2211-YZLO M Inspired by the fragrance notes of MYSLF. Fragrance citrus, white floral, patchouli, fresh spicy, woody, warm spicy.",https://leparfum.com.gr/en/fragrances-for-men/2211-yzlo-m,2026-08-20,2026-08-20,ACTIVE,Choose+Bottle+Extra Essence,SHOBI_LIVE_SHOW_ALL
3793,2210-JOM,2210-JOM EL,EL327,EL,Orange Bitters Cologne (2023) - Jo Malone,Elegants Fragrances,10.0,"2210-JOM  inspired by the fragrance notes of Orange Bitters Cologne (2023) - Jo Malone. Unisex, citrus aroamtic, woody, sweet fragrance.",https://leparfum.com.gr/en/elegants-fragrances/2210-jom-el,2026-08-20,2026-08-20,ACTIVE,Choose+Bottle+Extra Essence,SHOBI_LIVE_SHOW_ALL
3792,2161-GUR,2161-GUR W,WP763,WP,AQUA ALLEGORIA MANDARINE BASILIC - Guerlain,Fragrances For Women,9.0,2161-GUR Inspired by the fragrance notes of AQUA ALLEGORIA MANDARINE BASILIC - Guerlain.,https://leparfum.com.gr/en/fragrances-for-women/2161-gur-w,2026-08-20,2026-08-20,ACTIVE,Choose+Bottle+Extra Essence,SHOBI_LIVE_SHOW_ALL
3791,2206-GIA,2206-GIA LUX,LUX015,LUX,,Luxury Perfumes,20.0,"BIANCO LATTE - GIARDINI DI TOSCANA Inspired PerfumePerfume vanilla, sweet, caramel, balsamic, powdery, honey, musky.",https://leparfum.com.gr/en/luxury-perfumes/2206-gia-lux,2026-08-20,2026-08-20,ACTIVE,Choose+Bottle+Extra Essence,SHOBI_LIVE_SHOW_ALL
3790,2201-LTN,2201-LTN L,LUX014,LUX,the fragrance notes,Luxury Perfumes,20.0,2201-LTN Inspired by the fragrance notes.,https://leparfum.com.gr/en/luxury-perfumes/2201-ltn-l,2026-08-20,2026-08-20,ACTIVE,Choose+Bottle+Extra Essence,SHOBI_LIVE_SHOW_ALL
3789,2203-ARM,2203-ARM EL,EL326,EL,ROSE MILANO,Elegants Fragrances,10.0,"2203-ARM EL Inspired by the fragrance notes of ROSE MILANO. Fragrance rose, citrus, fruity, mossy, earthy, floral, woody, patchouli, sweet.",https://leparfum.com.gr/en/elegants-fragrances/2203-arm-el,2026-08-20,2026-08-20,ACTIVE,Choose+Bottle+Extra Essence,SHOBI_LIVE_SHOW_ALL
3788,2164-LAT,2164-LAT EL,EL325,EL,"KHAMRAH - LATTAFA Inspired Perfume  Fragrance sweet, warm spicy, amber, vanilla, cinnamon, woody, fresh spicy",Elegants Fragrances,10.0,"2164-LAT EL Inspired by the fragrance notes of KHAMRAH - LATTAFA Inspired Perfume  Fragrance sweet, warm spicy, amber, vanilla, cinnamon, woody, fresh spicy.",https://leparfum.com.gr/en/elegants-fragrances/2164-lat-el,2026-08-20,2026-08-20,ACTIVE,Choose+Bottle+Extra Essence,SHOBI_LIVE_SHOW_ALL
3787,2204-TMFO,2204-TMFO N,AR338,AR,the notes SOLEIL DE FEU,Niche Perfumes,15.0,"2204-TMFO Ν inspired by the notes SOLEIL DE FEU. Fragrance amber, woody, warm spicy, tuberose, powdery, white floral, balsamic, animalic.",https://leparfum.com.gr/en/niche-perfumes/2204-tmfo-n,2026-08-20,2026-08-20,ACTIVE,Choose+Bottle+Extra Essence,SHOBI_LIVE_SHOW_ALL
3786,2167-GUL,2167-GUL MP,MP345,MP,LE MALE ELIXIR,Fragrances For Men,9.0,"2167-GUL Inspired by the fragrance notes of LE MALE ELIXIR. Fragrance vanilla, sweet, honey, amber, lavender, tobacco, green, warm spicy.",https://leparfum.com.gr/en/fragrances-for-men/2167-gul-mp,2026-08-20,2026-08-20,ACTIVE,Choose+Bottle+Extra Essence,SHOBI_LIVE_SHOW_ALL
3785,2205-TMU,2205-TMU W,WP761,WP,ALIEN GODDESS INTENSE,Fragrances For Women,9.0,"2205-TMU W Inspired by the fragrance notes of ALIEN GODDESS INTENSE. Perfume vanilla,white floral, amber, coconut, floral, fresh, sweet.",https://leparfum.com.gr/en/fragrances-for-women/2205-tmu-w,2026-08-20,2026-08-20,ACTIVE,Choose+Bottle+Extra Essence,SHOBI_LIVE_SHOW_ALL
3784,2160-ZAR,2160-ZAR WP,WP762,WP,,Fragrances For Women,9.0,BARBIE - ZARA Inspired FRAGRANCES,https://leparfum.com.gr/en/fragrances-for-women/barbie-zara-inspired-perfume,2026-08-20,2026-08-20,ACTIVE,Choose+Bottle+Extra Essence,SHOBI_LIVE_SHOW_ALL
3732,2194-ORT,2194-ORT Ν,AR337,AR,,Niche Perfumes,15.0,"CUOIUM - ORTO PARISI.Fragrance leather, amber, animalic, woody, smoky, balsamic, fresh spicy, warm , picy, musky.",https://leparfum.com.gr/en/niche-perfumes/2194-ort-ν,2026-08-20,2026-08-20,ACTIVE,Choose+Bottle+Extra Essence,SHOBI_LIVE_SHOW_ALL
3731,2197-MNT,2197-MNT EL Perfume,EL324,EL,SOLEIL DE CAPRI - MONTALE,Elegants Fragrances,10.0,2197-MNT Inspired by the fragrance notes of SOLEIL DE CAPRI - MONTALE.,https://leparfum.com.gr/en/elegants-fragrances/2197-mnt-el-perfume,2026-08-20,2026-08-20,ACTIVE,Choose+Bottle+Extra Essence,SHOBI_LIVE_SHOW_ALL
3730,2198-MNT,2198-MNT N Perfume,AR336,AR,WOOD ON FIRE - MONTALE Inspired Perfume,Niche Perfumes,15.0,2198-MNT Inspired by the fragrance notes of WOOD ON FIRE - MONTALE Inspired Perfume,https://leparfum.com.gr/en/niche-perfumes/2198-mnt-n-perfume,2026-08-20,2026-08-20,ACTIVE,Choose+Bottle+Extra Essence,SHOBI_LIVE_SHOW_ALL
3729,2191-XER,2191-XER N,AR335,AR,Bouquet Ideale,Niche Perfumes,15.0,"Inspired by the fragrance notes of Bouquet Ideale. Fragrance woody, vanilla, warm spicy, powdery, cinnamon, fresh spicy, balsamic, sweet.",https://leparfum.com.gr/en/niche-perfumes/2191-xer-n,2026-08-20,2026-08-20,ACTIVE,Choose+Bottle+Extra Essence,SHOBI_LIVE_SHOW_ALL
3728,2193-LTN,2193-LTN N,AR334,AR,the fragrance notes,Niche Perfumes,15.0,2193-LTN Inspired by the fragrance notes.,https://leparfum.com.gr/en/niche-perfumes/2193-ltn-n,2026-08-20,2026-08-20,ACTIVE,Choose+Bottle+Extra Essence,SHOBI_LIVE_SHOW_ALL
3727,2192-LTN,2192-LTN N,AR333,AR,the fragrance notes,Niche Perfumes,15.0,2192-LTN Inspired by the fragrance notes.,https://leparfum.com.gr/en/niche-perfumes/2192-ltn-n,2026-08-20,2026-08-20,ACTIVE,Choose+Bottle+Extra Essence,SHOBI_LIVE_SHOW_ALL
3726,2195-LEL,2195-LEL Ν,AR332,AR,FLEUR D'ORANGER 27 - LE LABO,Niche Perfumes,15.0,2195-LEL Inspired by the fragrance notes of FLEUR D'ORANGER 27 - LE LABO.,https://leparfum.com.gr/en/niche-perfumes/2195-lel-ν,2026-08-20,2026-08-20,ACTIVE,Choose+Bottle+Extra Essence,SHOBI_LIVE_SHOW_ALL
3725,2196-BYR,2196-BYR N,AR331,AR,Open Sky,Niche Perfumes,15.0,"2196-BYR AR Inspired by the fragrance notes of Open Sky. Perfume aromatic, citrus, woody, cannabis, fresh spicy, green.",https://leparfum.com.gr/en/niche-perfumes/2196-byr-n,2026-08-20,2026-08-20,ACTIVE,Choose+Bottle+Extra Essence,SHOBI_LIVE_SHOW_ALL
3724,2208-TMU,2208-TMU W,WP760,WP,Angel Elixir,Fragrances For Women,9.0,"2208-TMU W inspired by the fragrance notes of Angel Elixir. Perfume white floral, woody, vanilla, sweet, yellow floral, powdery.",https://leparfum.com.gr/en/fragrances-for-women/2208-tmu-w,2026-08-20,2026-08-20,ACTIVE,Choose+Bottle+Extra Essence,SHOBI_LIVE_SHOW_ALL
3717,2199-LAT,2199-LAT Ν,AR330,AR,KHALIS MUSK (PURE MUSK) - LATTAFA,Niche Perfumes,15.0,2199-LAT ΝInspired by the fragrance notes of KHALIS MUSK (PURE MUSK) - LATTAFA.,https://leparfum.com.gr/en/niche-perfumes/2199-lat-ν,2026-08-20,2026-08-20,ACTIVE,Choose+Bottle+Extra Essence,SHOBI_LIVE_SHOW_ALL
3687,2162-BRB,2162-BRB WP,WP759,WP,Goddess,Fragrances For Women,9.0,"2162-BRB Inspired by the fragrance notes of Goddess. Perfume vanilla, lavender, warm spicy, cacao.",https://leparfum.com.gr/en/fragrances-for-women/2162-brb-wp,2026-08-20,2026-08-20,ACTIVE,Choose+Bottle+Extra Essence,SHOBI_LIVE_SHOW_ALL
3686,2190-ROJ,2190-ROJ Ν,AR329,AR,,Niche Perfumes,15.0,"Perfume woody, musky, powdery, amber, animalic, earthy.",https://leparfum.com.gr/en/niche-perfumes/2190-roj-ν,2026-08-20,2026-08-20,ACTIVE,Choose+Bottle+Extra Essence,SHOBI_LIVE_SHOW_ALL
3685,2186-PARF,2186-PARF Ν,AR327,AR,GODOLPHIN - PARFUMS DE MARLY,Niche Perfumes,15.0,2186-PARF Inspired by the fragrance notes of GODOLPHIN - PARFUMS DE MARLY.,https://leparfum.com.gr/en/niche-perfumes/2186-parf-ν,2026-08-20,2026-08-20,ACTIVE,Choose+Bottle+Extra Essence,SHOBI_LIVE_SHOW_ALL
3684,2184-KIL,2184-KIL Ν,AR326,AR,INCENSE OUD - KILIAN,Niche Perfumes,15.0,"2184-KIL AR Inspired by the fragrance notes of INCENSE OUD - KILIAN. Perfume warm spicy, woody, amber, smoky, rose, balsamic, oud.",https://leparfum.com.gr/en/niche-perfumes/2184-kil-ν,2026-08-20,2026-08-20,ACTIVE,Choose+Bottle+Extra Essence,SHOBI_LIVE_SHOW_ALL
3683,2187-INI,2187-INI N,AR325,AR,REHAB - INITIO,Niche Perfumes,15.0,"2187-INI N Inspired by the fragrance notes of REHAB - INITIO. Perfume woody, aromatic, lavender, powdery, musky, fresh spicy, citrus, warm spicy.",https://leparfum.com.gr/en/niche-perfumes/2187-ini-n,2026-08-20,2026-08-20,ACTIVE,Choose+Bottle+Extra Essence,SHOBI_LIVE_SHOW_ALL
3682,2188-INI,2188-INI N,AR324,AR,HIGH FREQUENCY - INITIO,Niche Perfumes,15.0,"2188-INI N Inspired by the fragrance notes of HIGH FREQUENCY - INITIO. Perfume floral, almond, fresh, nutty, fruity, green, sweet.",https://leparfum.com.gr/en/niche-perfumes/2188-ini-n,2026-08-20,2026-08-20,ACTIVE,Choose+Bottle+Extra Essence,SHOBI_LIVE_SHOW_ALL
3681,2185-DRC,2185-DRC M,MP344,MP,EAU SAUVAGE EXTREME 2010,Fragrances For Men,9.0,2185-DRC Inspired by the fragrance notes of EAU SAUVAGE EXTREME 2010.,https://leparfum.com.gr/en/fragrances-for-men/2185-drc-m,2026-08-20,2026-08-20,ACTIVE,Choose+Bottle+Extra Essence,SHOBI_LIVE_SHOW_ALL
3676,2180-VAL,2180-VAL WP,WP758,WP,"VOCE VIVA INTENSEPerfume white floral, citrus, vanilla, mossy, sweet, earthy, powdery",Fragrances For Women,9.0,"2180-VAL WP Inspired by the fragrance notes of VOCE VIVA INTENSEPerfume white floral, citrus, vanilla, mossy, sweet, earthy, powdery.",https://leparfum.com.gr/en/fragrances-for-women/2180-val-wp,2026-08-20,2026-08-20,ACTIVE,Choose+Bottle+Extra Essence,SHOBI_LIVE_SHOW_ALL
3675,2181-AMG,2181-AMG Ν,AR323,AR,Love Tuberose,Niche Perfumes,15.0,"Inspired by the fragrance notes of Love Tuberose.Parfum white floral, vanilla, tuberose, sweet, lactonic, animalic.",https://leparfum.com.gr/en/niche-perfumes/2181-amg-ν,2026-08-20,2026-08-20,ACTIVE,Choose+Bottle+Extra Essence,SHOBI_LIVE_SHOW_ALL
3674,2182-JOM,2182-JOM EL,EL323,EL,Honeysuckle & Davana - Jo Malone,Elegants Fragrances,10.0,"2182-JOM  Inspired by the fragrance notes of Honeysuckle & Davana - Jo Malone.  Fragrance white floral, aromatic, fruity, green, mossy, rose, earthy.",https://leparfum.com.gr/en/elegants-fragrances/2182-jom-el,2026-08-20,2026-08-20,ACTIVE,Choose+Bottle+Extra Essence,SHOBI_LIVE_SHOW_ALL
3673,2183-MIY,2183-MIY WP,WP757,WP,Miu Miu Fleur de Lait,Fragrances For Women,9.0,"2183-MIY Inspired by the fragrance notes of Miu Miu Fleur de Lait. Perfume tropical, fruity, sweet, coconut, floral, lactonic, terpenic, vanilla.",https://leparfum.com.gr/en/fragrances-for-women/2183-miy-wp,2026-08-20,2026-08-20,ACTIVE,Choose+Bottle+Extra Essence,SHOBI_LIVE_SHOW_ALL
3672,2178-MON,2178-MON EL,EL322,EL,,Elegants Fragrances,10.0,"POUR HOMME - MONCLER.Fragrance woody, aromatic, green, powdery.",https://leparfum.com.gr/en/elegants-fragrances/pour-homme-moncler-inspired-perfume,2026-08-20,2026-08-20,ACTIVE,Choose+Bottle+Extra Essence,SHOBI_LIVE_SHOW_ALL
3671,2176-TMFO,2176-TMFO EL,EL321,EL,VELVET ORCHID LUMIERE,Elegants Fragrances,10.0,"2176-TMFO EL Inspired by the fragrance notes of VELVET ORCHID LUMIERE. Fragrance sweet, floral, honey, woody, powdery, rum, warm spicy, amber, vanilla.",https://leparfum.com.gr/en/elegants-fragrances/2176-tmfo-el,2026-08-20,2026-08-20,ACTIVE,Choose+Bottle+Extra Essence,SHOBI_LIVE_SHOW_ALL
3670,2177-SERG,2177-SERG Ν,AR322,AR,UN BOIS VANILLE - SERGE LUTENS,Niche Perfumes,15.0,"2177-SERG Inspired by the fragrance notes of UN BOIS VANILLE - SERGE LUTENS. Parfum vanilla, sweet, woody. coconut, powdery, soft spicy.",https://leparfum.com.gr/en/niche-perfumes/2177-serg-ν,2026-08-20,2026-08-20,ACTIVE,Choose+Bottle+Extra Essence,SHOBI_LIVE_SHOW_ALL
3669,2179-PEN,2179-PEN N,AR321,AR,TRALALA,Niche Perfumes,15.0,"2179-PEN Inspired by the fragrance notes of TRALALA. Parfum warm spicy, leather, woody, whiskey, smoky, powdery, vanilla.",https://leparfum.com.gr/en/niche-perfumes/2179-pen-n,2026-08-20,2026-08-20,ACTIVE,Choose+Bottle+Extra Essence,SHOBI_LIVE_SHOW_ALL
3667,1868-VER,1868-VER M,MP342,MP,Pour Homme,Fragrances For Men,9.0,"1868-VER M Inspired by the fragrance notes of Pour Homme. Fragrance citrus, aromatic, fresh spicy, floral, rose, green.",https://leparfum.com.gr/en/fragrances-for-men/1868-ver-m,2026-08-20,2026-08-20,ACTIVE,Choose+Bottle+Extra Essence,SHOBI_LIVE_SHOW_ALL
3661,2165-KAY,2165-KAY EL,EL320,EL,VANILLA ROYALE SUGARED PATCHOULI - KAYALI,Elegants Fragrances,10.0,"2165-KAY EL Inspired by the fragrance notes of VANILLA ROYALE SUGARED PATCHOULI - KAYALI.Fragrance sweet, vanilla, warm spicy, patchouli, woody, rum, amber, oud.",https://leparfum.com.gr/en/elegants-fragrances/2165-kay-el,2026-08-20,2026-08-20,ACTIVE,Choose+Bottle+Extra Essence,SHOBI_LIVE_SHOW_ALL
3660,887-RCAV,887-RCAV WP,WP756,WP,ACQUA - ROBERTO CAVALLI,Fragrances For Women,9.0,"887-RCAV Inspired by the fragrance notes of ACQUA - ROBERTO CAVALLI.Acqua Eau de Toilette is a fresh and clean fragrance that exudes a sense of coolness and freedom. Its aquatic notes combine with subtle floral nuances, creating a light and pleasant effect reminiscent of a summer breeze. Its base remains soft, with notes of musk and light woody elements,...",https://leparfum.com.gr/en/fragrances-for-women/887-rcav-wp,2026-08-20,2026-08-20,ACTIVE,Choose+Bottle+Extra Essence,SHOBI_LIVE_SHOW_ALL
3645,,SUKAR - ANFASIC DOKHOON Arabic Perfrume,UAE001,UAE,,Arabian Perfumes,15.0,"Arabic Perfume. Fragrance sweet, fruity, vanilla, oud, amber, warm spicy, musky, patchouli.",https://leparfum.com.gr/en/arabian-perfumes/sukar-anfasic-dokhoon-arabic-perfrume,2026-08-20,2026-08-20,ACTIVE,Choose+Bottle+Extra Essence,SHOBI_LIVE_SHOW_ALL
3641,,KASHKHA - SWISS ARABIAN Inspired Perfrume,UAE002,UAE,,Arabian Perfumes,15.0,"Arabic Perfume. Fragrance warm spicy, woody, aromatic, oud, fresh spicy, powdery, fruity, balsamic, cinnamon, amber.",https://leparfum.com.gr/en/arabian-perfumes/kashkha-swiss-arabian-inspired-perfrume,2026-08-20,2026-08-20,ACTIVE,Choose+Bottle+Extra Essence,SHOBI_LIVE_SHOW_ALL
3638,2174-ZIE,2174-ZIE WP,WP755,WP,VANILLA BLEND,Fragrances For Women,9.0,2174-ZIE WP Inspired by the fragrance notes of VANILLA BLEND. A warm and sensual fragrance.,https://leparfum.com.gr/en/fragrances-for-women/2174-zie-wp,2026-08-20,2026-08-20,ACTIVE,Choose+Bottle+Extra Essence,SHOBI_LIVE_SHOW_ALL
3635,1771-EMAN,1771-EMAN EL,EL319,EL,DESNUDA - UNGARO EMANUEL,Elegants Fragrances,10.0,"1771-EMAN EL Inspired by the fragrance notes of DESNUDA - UNGARO EMANUEL. Fragrance warm spicy, powdery, fruity, floral, vanilla, sweet.",https://leparfum.com.gr/en/elegants-fragrances/1771-eman-el,2026-08-20,2026-08-20,ACTIVE,Choose+Bottle+Extra Essence,SHOBI_LIVE_SHOW_ALL
3632,2175-ESCE,2175-ESCE AR,EL318,EL,MOLECULE 01 + MANDARIN - ESCENTRIC MOLECULES,Elegants Fragrances,10.0,Inspired by the fragrance notes of MOLECULE 01 + MANDARIN - ESCENTRIC MOLECULES.,https://leparfum.com.gr/en/elegants-fragrances/molecule-01-mandarin-perfume-type,2026-08-20,2026-08-20,ACTIVE,Choose+Bottle+Extra Essence,SHOBI_LIVE_SHOW_ALL
3630,2171-XER,2171-XER N,AR320,AR,,Niche Perfumes,15.0,"Inpsired by the fragrance notes of Nio. Parfum citrus, green, aromatic, woody, fresh spicy, white floral, warm spicy.",https://leparfum.com.gr/en/niche-perfumes/2171-xer-n,2026-08-20,2026-08-20,ACTIVE,Choose+Bottle+Extra Essence,SHOBI_LIVE_SHOW_ALL
3629,2170-BOA,2170-BOA Ν,AR319,AR,Ardent,Niche Perfumes,15.0,"2170-BOA ARInspired by the fragrance notes of Ardent. Parfum amber, rose, warm spicy, vanilla, beeswax, patchouli, floral, honey.",https://leparfum.com.gr/en/niche-perfumes/2170-boa-ν,2026-08-20,2026-08-20,ACTIVE,Choose+Bottle+Extra Essence,SHOBI_LIVE_SHOW_ALL
3628,2097-ACQ,2097-ACQ WP,WP754,WP,Blue Mediterraneo,Fragrances For Women,9.0,"2097-ACQ inspired by the fragrance notes of Blue Mediterraneo. A fresh and vibrant fragrance capturing the spirit of the Mediterranean, with citrus, floral, and aromatic notes that evoke sun, sea, and coastal breezes.",https://leparfum.com.gr/en/fragrances-for-women/2097-acq-wp,2026-08-20,2026-08-20,ACTIVE,Choose+Bottle+Extra Essence,SHOBI_LIVE_SHOW_ALL
3627,412-BOD,412-BOD WP,WP753,WP,WHITE MUSK L'EAU - BODY SHOP,Fragrances For Women,9.0,412-BOD Inspired by the fragrance notes of WHITE MUSK L'EAU - BODY SHOP.,https://leparfum.com.gr/en/fragrances-for-women/412-bod-wp,2026-08-20,2026-08-20,ACTIVE,Choose+Bottle+Extra Essence,SHOBI_LIVE_SHOW_ALL
3623,2157-BLG,2157-BLG EL,EL317,EL,MA MAGNIFICΑ,Elegants Fragrances,10.0,"2157-BLG EL Inspired by the fragrance notes of MA MAGNIFICΑ. Perfume woody, powdery, warm spicy, rose, balsamic.",https://leparfum.com.gr/en/elegants-fragrances/2157-blg-el,2026-08-20,2026-08-20,ACTIVE,Choose+Bottle+Extra Essence,SHOBI_LIVE_SHOW_ALL
3622,2154-KAY,2154-KAY EL,EL315,EL,UTOPIA VANILLA COCO 21 - KAYALI,Elegants Fragrances,10.0,"2154-KAY EL Inspired by the fragrance notes of UTOPIA VANILLA COCO 21 - KAYALI. Perfume white floral, vanilla, coconut, powdery, sweet, lactonic, tuberose, musky.",https://leparfum.com.gr/en/elegants-fragrances/2154-kay-el,2026-08-20,2026-08-20,ACTIVE,Choose+Bottle+Extra Essence,SHOBI_LIVE_SHOW_ALL
3621,2153-KAY,2153-KAY EL,EL314,EL,DEJA VU WHITE FLOWER 57 - KAYALI,Elegants Fragrances,10.0,"2153-KAY EL Inspired by the fragrance notes of DEJA VU WHITE FLOWER 57 - KAYALI.Perfume white floral, tuberose, sweet, woody. vanilla, fruity, powdery, animalic.",https://leparfum.com.gr/en/elegants-fragrances/2153-kay-el,2026-08-20,2026-08-20,ACTIVE,Choose+Bottle+Extra Essence,SHOBI_LIVE_SHOW_ALL
3619,2159-CAR,2159-CAR EL,EL313,EL,CALL ME DARLING,Elegants Fragrances,10.0,"2159-CAR EL Inspired by the fragrance notes of CALL ME DARLING. Perfume white floral, sweet, citrus, vanilla, amber, cherry, soapy, lactonic, animalic.",https://leparfum.com.gr/en/elegants-fragrances/2159-car-el,2026-08-20,2026-08-20,ACTIVE,Choose+Bottle+Extra Essence,SHOBI_LIVE_SHOW_ALL
3618,2155-KAY,2155-KAY EL,EL316,EL,YUM PISTACHIO GELATO - KAYALI,Elegants Fragrances,10.0,"2155-KAY EL Inspired by the fragrance notes of YUM PISTACHIO GELATO - KAYALI.Perfume sweet, woody, vanilla, nutty, powdery.",https://leparfum.com.gr/en/elegants-fragrances/2155-kay-el,2026-08-20,2026-08-20,ACTIVE,Choose+Bottle+Extra Essence,SHOBI_LIVE_SHOW_ALL
3617,2156-NRO,2156-NRO WP,WP752,WP,FOR HER FOREVER - RODRIGUEZ,Fragrances For Women,9.0,"2156-NRO WP inspired by the fragrance notes of FOR HER FOREVER - RODRIGUEZ. Fragrance white floral, musky, patchouli, lactonic, fruity, powdery, animalic, tropical, tuberose.",https://leparfum.com.gr/en/fragrances-for-women/2156-nro-wp,2026-08-20,2026-08-20,ACTIVE,Choose+Bottle+Extra Essence,SHOBI_LIVE_SHOW_ALL
3616,2158-MNT,2158-MNT EL,EL312,EL,RENDEZ VOUS A PARIS - MONTALE,Elegants Fragrances,10.0,"2158-MNT EL Inspired by the fragrance notes of RENDEZ VOUS A PARIS - MONTALE. Unisex parfum sweet, rose, fruity, vanilla, powdery, warm spicy, fresh.",https://leparfum.com.gr/en/elegants-fragrances/2158-mnt-el,2026-08-20,2026-08-20,ACTIVE,Choose+Bottle+Extra Essence,SHOBI_LIVE_SHOW_ALL
3603,2060-BAT,2060-BAT MP,MP341,MP,WHISKEY RESERVE - BATH & BODY WORKS,Fragrances For Men,9.0,2060-BAT Inspired by the fragrance notes of WHISKEY RESERVE - BATH & BODY WORKS.,https://leparfum.com.gr/en/fragrances-for-men/2060-bat-mp,2026-08-20,2026-08-20,ACTIVE,Choose+Bottle+Extra Essence,SHOBI_LIVE_SHOW_ALL
3602,2151-GIV,2151-GIV M,MP340,MP,GENTLEMAN SOCIETY,Fragrances For Men,9.0,"2151-GIV M Inspired by the fragrance notes of GENTLEMAN SOCIETY. Fragrance aromatic, woody, warm spicy, vanilla, yellow floral, herbal, green.",https://leparfum.com.gr/en/fragrances-for-men/2151-giv-m,2026-08-20,2026-08-20,ACTIVE,Choose+Bottle+Extra Essence,SHOBI_LIVE_SHOW_ALL
3601,2063-MNT,2063-MNT EL Perfrume,EL311,EL,HERBAL AQUATICA - MONTALE,Elegants Fragrances,10.0,2063-MNT Inspired by the fragrance notes of  HERBAL AQUATICA - MONTALE.,https://leparfum.com.gr/en/elegants-fragrances/2063-mnt-el-perfrume,2026-08-20,2026-08-20,ACTIVE,Choose+Bottle+Extra Essence,SHOBI_LIVE_SHOW_ALL
3600,2059-NARC,2059-NARC Ν,AR318,AR,,Niche Perfumes,15.0,"Parfum sweet, warm spicy, woody, fruity, vanilla, cacao, rum, chocolate, powdery.",https://leparfum.com.gr/en/niche-perfumes/2059-narc-ν,2026-08-20,2026-08-20,ACTIVE,Choose+Bottle+Extra Essence,SHOBI_LIVE_SHOW_ALL
3599,2061-YZLO,2061-YZLO W,WP751,WP,BLACK OPIUM LE PARFUM,Fragrances For Women,9.0,"2061-YZLO W Inspired by the fragrance notes of BLACK OPIUM LE PARFUM. Fragrance vanilla, warm spicy, coffee, sweet, white floral, powdery.",https://leparfum.com.gr/en/fragrances-for-women/2061-yzlo-w,2026-08-20,2026-08-20,ACTIVE,Choose+Bottle+Extra Essence,SHOBI_LIVE_SHOW_ALL
3597,2152-XER,2152-XER N,AR316,AR,Apollonia,Niche Perfumes,15.0,"Inspired by the fragrance notes of Apollonia. Parfum powdery, musky, iris, white floral, earthy, animalic.",https://leparfum.com.gr/en/niche-perfumes/2152-xer-n,2026-08-20,2026-08-20,ACTIVE,Choose+Bottle+Extra Essence,SHOBI_LIVE_SHOW_ALL
3596,2148-BAT,2148-BAT WP,WP750,WP,PURE WONDER - BATH & BODY WORKS,Fragrances For Women,9.0,2148-BAT Inspired by the fragrance notes of PURE WONDER - BATH & BODY WORKS.,https://leparfum.com.gr/en/fragrances-for-women/2148-bat-wp,2026-08-20,2026-08-20,ACTIVE,Choose+Bottle+Extra Essence,SHOBI_LIVE_SHOW_ALL
3595,2149-ESC,2149-ESC WP,WP749,WP,SANTORINI SUNRISE - ESCADA,Fragrances For Women,9.0,"Inspired by the fragrance notes of SANTORINI SUNRISE - ESCADA.Fragrance citrus, sweet, fruity, earthy, floral, white floral, fresh spicy.",https://leparfum.com.gr/en/fragrances-for-women/santorini-sunrise-escada-similar-fragrance,2026-08-20,2026-08-20,ACTIVE,Choose+Bottle+Extra Essence,SHOBI_LIVE_SHOW_ALL
3593,2150-LEL,2150-LEL EL,EL310,EL,THE MATCHA 26 - LE LABO,Elegants Fragrances,10.0,2150-LEL Inspired by the fragrance notes of THE MATCHA 26 - LE LABO.,https://leparfum.com.gr/en/elegants-fragrances/2150-lel-el,2026-08-20,2026-08-20,ACTIVE,Choose+Bottle+Extra Essence,SHOBI_LIVE_SHOW_ALL
3592,2147-TMFO,2147-TMFO EL,EL309,EL,ELECTRIC CHERRY,Elegants Fragrances,10.0,"2147-TMFO EL Inspired by the fragrance notes of ELECTRIC CHERRY. Fragrance musky, cherry, sweet, soft spicy, amber.",https://leparfum.com.gr/en/elegants-fragrances/2147-tmfo-el,2026-08-20,2026-08-20,ACTIVE,Choose+Bottle+Extra Essence,SHOBI_LIVE_SHOW_ALL
3590,2057-ESCE,2057-ESCE EL,EL308,EL,MOLECULE 01 + BLACK TEA - ESCENTRIC,Elegants Fragrances,10.0,"Inspired by the fragrance notes of MOLECULE 01 + BLACK TEA - ESCENTRIC.Fragrance green, woody, musky, amber, fresh, ozonic.",https://leparfum.com.gr/en/elegants-fragrances/molecule-01-black-tea-similar-fragrance,2026-08-20,2026-08-20,ACTIVE,Choose+Bottle+Extra Essence,SHOBI_LIVE_SHOW_ALL
3589,2143-XER,2143-XER N,AR315,AR,Amber Star,Niche Perfumes,15.0,"Inspired by the fragrance notes of Amber Star. Parfum amber, woody, balsamic, vanilla, sweet, warm spicy, powdery, animalic.",https://leparfum.com.gr/en/niche-perfumes/2143-xer-n,2026-08-20,2026-08-20,ACTIVE,Choose+Bottle+Extra Essence,SHOBI_LIVE_SHOW_ALL
3588,2141-LTN,2141-LTN N,AR314,AR,the fragrance notes,Niche Perfumes,15.0,2141-LTN Inspired by the fragrance notes.,https://leparfum.com.gr/en/niche-perfumes/2141-ltn-n,2026-08-20,2026-08-20,ACTIVE,Choose+Bottle+Extra Essence,SHOBI_LIVE_SHOW_ALL
3587,2144-ARM,2144-ARM M,MP339,MP,STRONGER WITH YOU LIMITED EDITION,Fragrances For Men,9.0,"2144-ARM M Inspired by the fragrance notes of STRONGER WITH YOU LIMITED EDITION. Fragrance sweet, nutty, vanilla, soft spicy, warm spicy.",https://leparfum.com.gr/en/fragrances-for-men/2144-arm-m,2026-08-20,2026-08-20,ACTIVE,Choose+Bottle+Extra Essence,SHOBI_LIVE_SHOW_ALL
3574,2142-PARF,2142-PARF Ν,AR313,AR,PEGASUS EXCLUSIVE - PARFUMS DE MARLY,Niche Perfumes,15.0,2142-PARF Inspired by the fragrance notes of PEGASUS EXCLUSIVE - PARFUMS DE MARLY.,https://leparfum.com.gr/en/niche-perfumes/2142-parf-ν,2026-08-20,2026-08-20,ACTIVE,Choose+Bottle+Extra Essence,SHOBI_LIVE_SHOW_ALL
3573,2140-XER,2140-XER N,AR312,AR,Starlight,Niche Perfumes,15.0,"Inspired by the fragrance notes of Starlight. Parfum warm spicy, cinnamon, almond, aromatic, amber, citrus, nutty.",https://leparfum.com.gr/en/niche-perfumes/2140-xer-n,2026-08-20,2026-08-20,ACTIVE,Choose+Bottle+Extra Essence,SHOBI_LIVE_SHOW_ALL
3572,2139-XER,2139-XER N,AR311,AR,Cruz del Sur I,Niche Perfumes,15.0,"2139-XER N Inspired by the fragrance notes of Cruz del Sur I. Parfum leather, amber, warm spicy, woody, smoky, fruity, animalic, sweet, rum.",https://leparfum.com.gr/en/niche-perfumes/2139-xer-n,2026-08-20,2026-08-20,ACTIVE,Choose+Bottle+Extra Essence,SHOBI_LIVE_SHOW_ALL
3571,2138-TMFO,2138-TMFO EL,EL307,EL,LONDON,Elegants Fragrances,10.0,"2138-TMFO EL Inspired by the fragrance notes of LONDON. Fragrance warm spicy, fresh spicy, woody, smoky, amber, aromatic, leather.",https://leparfum.com.gr/en/elegants-fragrances/2138-tmfo-el,2026-08-20,2026-08-20,ACTIVE,Choose+Bottle+Extra Essence,SHOBI_LIVE_SHOW_ALL
3570,2137-ROJ,2137-ROJ Ν,AR310,AR,,Niche Perfumes,15.0,"GREAT BRITAIN - ROJA DOVE.Parfum leather, amber, animalic, powdery, woody, smoky, musky, violet.",https://leparfum.com.gr/en/niche-perfumes/2137-roj-ν,2026-08-20,2026-08-20,ACTIVE,Choose+Bottle+Extra Essence,SHOBI_LIVE_SHOW_ALL
3569,2135-KUR,2135-KUR N,AR309,AR,AQUA CELESTIA,Niche Perfumes,15.0,"2135-KUR N Inspired by the fragrance notes of AQUA CELESTIA. Parfum green, citrus, aromatic, musky, powdery, fresh spicy, fruity.",https://leparfum.com.gr/en/niche-perfumes/2135-kur-n,2026-08-20,2026-08-20,ACTIVE,Choose+Bottle+Extra Essence,SHOBI_LIVE_SHOW_ALL
3568,2134-MEM,2134-MEM Ν,AR308,AR,OCEAN LEATHER - MEMO PARIS,Niche Perfumes,15.0,2134-MEM Inspired by the fragrance notes of OCEAN LEATHER - MEMO PARIS.,https://leparfum.com.gr/en/niche-perfumes/2134-mem-ν,2026-08-20,2026-08-20,ACTIVE,Choose+Bottle+Extra Essence,SHOBI_LIVE_SHOW_ALL
3567,,2133 - FRE N,AR307,AR,,Niche Perfumes,15.0,"LIPSTICK ROSE - FREDERIC MALLE.Parfum powdery, violet, rose, floral, musky, vanilla, woody, sweet, iris.",https://leparfum.com.gr/en/niche-perfumes/2133-fre-n,2026-08-20,2026-08-20,ACTIVE,Choose+Bottle+Extra Essence,SHOBI_LIVE_SHOW_ALL
3566,2132-DRC,2132-DRC N Perfrume,AR306,AR,OUD ROSEWOOD,Niche Perfumes,15.0,2132-DRC Inspired by the fragrance notes of OUD ROSEWOOD,https://leparfum.com.gr/en/niche-perfumes/2132-drc-n-perfrume,2026-08-20,2026-08-20,ACTIVE,Choose+Bottle+Extra Essence,SHOBI_LIVE_SHOW_ALL
3565,2131-CRD,2131-CRD EL,EL306,EL,Neroli Sauvage,Elegants Fragrances,10.0,"Inspired by the fragrance notes of Neroli Sauvage. Fragrance citrus, fresh spicy, amber.",https://leparfum.com.gr/en/elegants-fragrances/2131-crd-el,2026-08-20,2026-08-20,ACTIVE,Choose+Bottle+Extra Essence,SHOBI_LIVE_SHOW_ALL
3564,2130-AMG,2130-AMG N,AR305,AR,REFLECTION MAN - AMOUAGE,Niche Perfumes,15.0,"2130-AMG N Inspired by the fragrance notes of REFLECTION MAN - AMOUAGE. Parfum woody, white floral, aromatic, powdery, warm spicy, fresh spicy, iris, citrus.",https://leparfum.com.gr/en/niche-perfumes/2130-amg-n,2026-08-20,2026-08-20,ACTIVE,Choose+Bottle+Extra Essence,SHOBI_LIVE_SHOW_ALL
3563,2136-PARF,2136-PARF Ν,AR304,AR,,Niche Perfumes,15.0,"VALAYA - PARFUMS DE MARLEY.Parfum musky, citrus, white floral, fresh, aldehydic, woody, powdery.",https://leparfum.com.gr/en/niche-perfumes/2136-parf-ν,2026-08-20,2026-08-20,ACTIVE,Choose+Bottle+Extra Essence,SHOBI_LIVE_SHOW_ALL
3538,2128-BEN,2128-BEN MP,MP338,MP,,Fragrances For Men,9.0,WE ARE TRIBE - ΒΕΝΕΤΤΟΝ SIMILAR FRAGRANCE,https://leparfum.com.gr/en/fragrances-for-men/we-are-tribe-βενεττον-similar-fragrance,2026-08-20,2026-08-20,ACTIVE,Choose+Bottle+Extra Essence,SHOBI_LIVE_SHOW_ALL
3537,2127-HUG,2127-HUG MP,MP337,MP,BOSS BOTTLED PACIFIC,Fragrances For Men,9.0,2127-HUG Inspired by the fragrance notes of BOSS BOTTLED PACIFIC.,https://leparfum.com.gr/en/fragrances-for-men/2127-hug-mp,2026-08-20,2026-08-20,ACTIVE,Choose+Bottle+Extra Essence,SHOBI_LIVE_SHOW_ALL
3536,2125-TRU,2125-TRU EL,EL305,EL,THE ITALIAN ARTISTS OF VIA SOLFERINO,Elegants Fragrances,10.0,"2125-TRU EL Inspired by the fragrance notes of THE ITALIAN ARTISTS OF VIA SOLFERINO. Fragrance floral, citrus fresh, fresh spicy.",https://leparfum.com.gr/en/elegants-fragrances/2125-tru-el,2026-08-20,2026-08-20,ACTIVE,Choose+Bottle+Extra Essence,SHOBI_LIVE_SHOW_ALL
3535,2126-GIV,2126-GIV EL,EL304,EL,MMW,Elegants Fragrances,10.0,"2126-GIV EL Inspired by the fragrance notes of MMW. Fragrance woody, amber, musky, aromatic.",https://leparfum.com.gr/en/elegants-fragrances/2126-giv-el,2026-08-20,2026-08-20,ACTIVE,Choose+Bottle+Extra Essence,SHOBI_LIVE_SHOW_ALL
3534,2056-ARIA,2056-ARIA WP,WP748,WP,MOD BLUSH - ARIANA GRANDE,Fragrances For Women,9.0,2056-ARIA Inspired by the fragrance notes of MOD BLUSH - ARIANA GRANDE.,https://leparfum.com.gr/en/fragrances-for-women/2056-aria-wp,2026-08-20,2026-08-20,ACTIVE,Choose+Bottle+Extra Essence,SHOBI_LIVE_SHOW_ALL
3533,2055-BAT,2055-BAT WP,WP747,WP,DREAM BRIGHT - BATH & BODY WORKS,Fragrances For Women,9.0,2055-BAT Inspired by the fragrance notes of DREAM BRIGHT - BATH & BODY WORKS.,https://leparfum.com.gr/en/fragrances-for-women/2055-bat-wp,2026-08-20,2026-08-20,ACTIVE,Choose+Bottle+Extra Essence,SHOBI_LIVE_SHOW_ALL
3532,2054-CAR,2054-CAR MP,MP336,MP,BAD BOY GOLD FANTASY,Fragrances For Men,9.0,2054-CAR Inspired by the fragrance notes of BAD BOY GOLD FANTASY.,https://leparfum.com.gr/en/fragrances-for-men/2054-car-mp,2026-08-20,2026-08-20,ACTIVE,Choose+Bottle+Extra Essence,SHOBI_LIVE_SHOW_ALL
3531,2048-KIL,2048-KIL EL,EL303,EL,MADLY IN LOVE - KILIAN,Elegants Fragrances,10.0,"2048-KIL EL Inspired by the fragrance notes of MADLY IN LOVE - KILIAN. Fragrance leather, white floral, fruity, animalic, sweet, smoky.",https://leparfum.com.gr/en/elegants-fragrances/2048-kil-el,2026-08-20,2026-08-20,ACTIVE,Choose+Bottle+Extra Essence,SHOBI_LIVE_SHOW_ALL
3530,2046-VICT,2046-VICT WP,WP746,WP,VERY SEXY OASIS - VICTORIA'S SECRET,Fragrances For Women,9.0,2046-VICT WP inspired by the fragrance notes of VERY SEXY OASIS - VICTORIA'S SECRET.,https://leparfum.com.gr/en/fragrances-for-women/2046-vict-wp,2026-08-20,2026-08-20,ACTIVE,Choose+Bottle+Extra Essence,SHOBI_LIVE_SHOW_ALL
3529,2045-HER,2045-HER W,WP745,WP,EAU D'ORANGE VERTE - HERMES,Fragrances For Women,9.0,"2045-HER W Inspired by the fragrance notes of EAU D'ORANGE VERTE - HERMES. Fragrance citrus, aromatic, green, earthy, mossy, woody.",https://leparfum.com.gr/en/fragrances-for-women/2045-her-w,2026-08-20,2026-08-20,ACTIVE,Choose+Bottle+Extra Essence,SHOBI_LIVE_SHOW_ALL
3528,2053-BDIK,2053-BDIK Ν,AR303,AR,GRIS CHARNEL EXTRAIT - BDK,Niche Perfumes,15.0,"Inspired by the fragrance notes of GRIS CHARNEL EXTRAIT - BDK.Parfum woody, warm spicy, vanilla, powdery, aromatic, sweet, earthy, iris.",https://leparfum.com.gr/en/niche-perfumes/2053-bdik-ν,2026-08-20,2026-08-20,ACTIVE,Choose+Bottle+Extra Essence,SHOBI_LIVE_SHOW_ALL
3527,2040-AMG,2040-AMG EL,EL302,EL,Dia Woman,Elegants Fragrances,10.0,"Inspired by the fragrance notes of Dia Woman.Fragrance fresh, floral, aldehydic, powdery, rose, woody, musky, soapy, iris.",https://leparfum.com.gr/en/elegants-fragrances/2040-amg-el,2026-08-20,2026-08-20,ACTIVE,Choose+Bottle+Extra Essence,SHOBI_LIVE_SHOW_ALL
3526,2038-TMFO,2038-TMFO EL,EL301,EL,CHERRY SMOKE,Elegants Fragrances,10.0,"2038-TMFO EL Inspired by the fragrance notes of CHERRY SMOKE. Cherry, woody, leather, smoky, fruity, sweet, nutty.",https://leparfum.com.gr/en/elegants-fragrances/2038-tmfo-el,2026-08-20,2026-08-20,ACTIVE,Choose+Bottle+Extra Essence,SHOBI_LIVE_SHOW_ALL
3525,2037-VICT,2037-VICT WP,WP744,WP,COCONUT MILK & ROSE - V,Fragrances For Women,9.0,2037-VICT WP inspired by the fragrance notes of COCONUT MILK & ROSE - V.SECRET.,https://leparfum.com.gr/en/fragrances-for-women/2037-vict-wp,2026-08-20,2026-08-20,ACTIVE,Choose+Bottle+Extra Essence,SHOBI_LIVE_SHOW_ALL
3524,2119-ARM,2119-ARM W,WP743,WP,MY WAY PARFUM,Fragrances For Women,9.0,"2119-ARM W Inspired by the fragrance notes of MY WAY PARFUM. Fragrance white floral, citrus, musky, tuberose, powdery, animalic, floral, woody, vanilla, sweet.",https://leparfum.com.gr/en/fragrances-for-women/2119-arm-w,2026-08-20,2026-08-20,ACTIVE,Choose+Bottle+Extra Essence,SHOBI_LIVE_SHOW_ALL
3523,2116-ARM,2116-ARM W,WP742,WP,MY WAY FLORAL,Fragrances For Women,9.0,"2116-ARM W Inspired by the fragrance notes of MY WAY FLORAL. Fragrance citrus, white floral, tuberose, animalic, vanilla, sweet.",https://leparfum.com.gr/en/fragrances-for-women/2116-arm-w,2026-08-20,2026-08-20,ACTIVE,Choose+Bottle+Extra Essence,SHOBI_LIVE_SHOW_ALL
3522,2117-YZLO,2117-YZLO W,WP741,WP,LIBRE LE PARFUM,Fragrances For Women,9.0,"2117-YZLO W Inspired by the fragrance notes of LIBRE LE PARFUM. Fragrance vanilla, sweet, citrus, warm spicy, honey.",https://leparfum.com.gr/en/fragrances-for-women/2117-yzlo-w,2026-08-20,2026-08-20,ACTIVE,Choose+Bottle+Extra Essence,SHOBI_LIVE_SHOW_ALL
3521,2115-EST,2115-EST WP,WP740,WP,OASIS DAWN - ESTEE LAUDER,Fragrances For Women,9.0,2115-EST Inspired by the fragrance notes of OASIS DAWN - ESTEE LAUDER.,https://leparfum.com.gr/en/fragrances-for-women/2115-est-wp,2026-08-20,2026-08-20,ACTIVE,Choose+Bottle+Extra Essence,SHOBI_LIVE_SHOW_ALL
3520,2118-GUC,2118-GUC WP,WP739,WP,Bloom Intense,Fragrances For Women,9.0,"2118-GUC Inspired by the fragrance notes of Bloom Intense. Fragrance white floral, tuberose, fruity, warm spicy, sweet, earthy, patchouli, mossy.",https://leparfum.com.gr/en/fragrances-for-women/2118-guc-wp,2026-08-20,2026-08-20,ACTIVE,Choose+Bottle+Extra Essence,SHOBI_LIVE_SHOW_ALL
3519,2124-CAR,2124-CAR EL,EL300,EL,ALEGRIA DE VIVIR,Elegants Fragrances,10.0,2124-CAR Inspired by the fragrance notes of ALEGRIA DE VIVIR.,https://leparfum.com.gr/en/elegants-fragrances/2124-car-el,2026-08-20,2026-08-20,ACTIVE,Choose+Bottle+Extra Essence,SHOBI_LIVE_SHOW_ALL
3518,2121-CAR,2121-CAR EL,EL299,EL,MAD WORLD,Elegants Fragrances,10.0,2121-CAR Inspired by the fragrance notes of MAD WORLD.,https://leparfum.com.gr/en/elegants-fragrances/2121-car-el,2026-08-20,2026-08-20,ACTIVE,Choose+Bottle+Extra Essence,SHOBI_LIVE_SHOW_ALL
3517,2120-CAR,2120-CAR EL,EL298,EL,LUCKY CHARM,Elegants Fragrances,10.0,2120-CAR Inspired by the fragrance notes of LUCKY CHARM.,https://leparfum.com.gr/en/elegants-fragrances/2120-car-el,2026-08-20,2026-08-20,ACTIVE,Choose+Bottle+Extra Essence,SHOBI_LIVE_SHOW_ALL
3516,2122-GUR,2122-GUR EL,EL297,EL,ROSA ROSSA HARVEST - GUERLAIN,Elegants Fragrances,10.0,2122-GUR Inspired by the fragrance notes of ROSA ROSSA HARVEST - GUERLAIN.,https://leparfum.com.gr/en/elegants-fragrances/2122-gur-el,2026-08-20,2026-08-20,ACTIVE,Choose+Bottle+Extra Essence,SHOBI_LIVE_SHOW_ALL
3515,2114-HER,2114-HER N,AR302,AR,UN JARDIN A CYTHERE - HERMES,Niche Perfumes,15.0,2114-HER Inspired by the fragrance notes of UN JARDIN A CYTHERE - HERMES.,https://leparfum.com.gr/en/niche-perfumes/2114-her-n,2026-08-20,2026-08-20,ACTIVE,Choose+Bottle+Extra Essence,SHOBI_LIVE_SHOW_ALL
3514,2123-KIL,2123-KIL EL,EL296,EL,BLUE MOON GINGER DASH - KILIAN,Elegants Fragrances,10.0,"2123-KIL EL Inspired by the fragrance notes of BLUE MOON GINGER DASH - KILIAN. Fragrance musky, fresh, citrus, amber, warm spicy, vodka, ozonic, powdery.",https://leparfum.com.gr/en/elegants-fragrances/2123-kil-el,2026-08-20,2026-08-20,ACTIVE,Choose+Bottle+Extra Essence,SHOBI_LIVE_SHOW_ALL
3513,2052-CAR,2052-CAR WP,WP738,WP,GOOD GIRL BLUSH,Fragrances For Women,9.0,2052-CAR Inspired by the fragrance notes of GOOD GIRL BLUSH.,https://leparfum.com.gr/en/fragrances-for-women/2052-car-wp,2026-08-20,2026-08-20,ACTIVE,Choose+Bottle+Extra Essence,SHOBI_LIVE_SHOW_ALL
3512,2129-SOL,2129-SOL EL,EL295,EL,BRAZILIAN CRUSH CHEIROSA 62 - SOL DE JANEIRO,Elegants Fragrances,10.0,"2129-SOL EL inspired by the fragrance notes of  BRAZILIAN CRUSH CHEIROSA 62 - SOL DE JANEIRO.Fragrance vanilla, caramel, sweet, almond, nutty, woody, powdery, salty.",https://leparfum.com.gr/en/elegants-fragrances/2129-sol-el,2026-08-20,2026-08-20,ACTIVE,Choose+Bottle+Extra Essence,SHOBI_LIVE_SHOW_ALL
3510,2112-GUC,2112-GUC MP,MP335,MP,Rush Man,Fragrances For Men,9.0,"2112-GUC Inspired by the fragrance notes of Rush Man. Fragrance woody, aromatic, powdery, fresh spicy.",https://leparfum.com.gr/en/fragrances-for-men/2112-guc-mp,2026-08-20,2026-08-20,ACTIVE,Choose+Bottle+Extra Essence,SHOBI_LIVE_SHOW_ALL
3509,2090-MNT,2090-MNT EL Fragrance,EL294,EL,CRAZY IN LOVE - MONTALE,Elegants Fragrances,10.0,2090-MNT Inspired by the fragrance notes of CRAZY IN LOVE - MONTALE.,https://leparfum.com.gr/en/elegants-fragrances/2090-mnt-el-fragrance,2026-08-20,2026-08-20,ACTIVE,Choose+Bottle+Extra Essence,SHOBI_LIVE_SHOW_ALL
3508,2092-MAN,2092-MAN EL,EL293,EL,HINDU KUSH - MANCERA,Elegants Fragrances,10.0,"2092-MAN EL Inspired by the fragrance notes of HINDU KUSH - MANCERA. Fragrance amber, woody, warm spicy, smoky, cannabis, patchouli, musky, powdery.",https://leparfum.com.gr/en/elegants-fragrances/2092-man-el,2026-08-20,2026-08-20,ACTIVE,Choose+Bottle+Extra Essence,SHOBI_LIVE_SHOW_ALL
3507,2091-AMG,2091-AMG EL,EL292,EL,Material,Elegants Fragrances,10.0,"Inspired by the fragrance notes of Material.Fragrance amber, vanilla, balsamic, warm spicy, woody, aromatic, smoky, patchouli, sweet.",https://leparfum.com.gr/en/elegants-fragrances/2091-amg-el,2026-08-20,2026-08-20,ACTIVE,Choose+Bottle+Extra Essence,SHOBI_LIVE_SHOW_ALL
3506,2032-CAR,2032-CAR EL,EL291,EL,TRUE OUD,Elegants Fragrances,10.0,2032-CAR Inspired by the fragrance notes of TRUE OUD.,https://leparfum.com.gr/en/elegants-fragrances/2032-car-el,2026-08-20,2026-08-20,ACTIVE,Choose+Bottle+Extra Essence,SHOBI_LIVE_SHOW_ALL
3505,2036-GIS,2036-GIS M,EL290,EL,,Elegants Fragrances,10.0,"Fragrance fruity, woody, tropical, sweet, warm spicy, aromatic, vanilla.",https://leparfum.com.gr/en/elegants-fragrances/2036-gis-m,2026-08-20,2026-08-20,ACTIVE,Choose+Bottle+Extra Essence,SHOBI_LIVE_SHOW_ALL
3504,2033-ARM,2033-ARM EL,EL289,EL,MAGENTA TANZANITE,Elegants Fragrances,10.0,"2033-ARM EL Inspired by the fragrance notes of MAGENTA TANZANITE. Fragrance warm spicy, vanilla, sweet, tobacco, cinnamon, amber, coffee.",https://leparfum.com.gr/en/elegants-fragrances/2033-arm-el,2026-08-20,2026-08-20,ACTIVE,Choose+Bottle+Extra Essence,SHOBI_LIVE_SHOW_ALL
3503,2034-MAN,2034-MAN EL,EL288,EL,MELODY OF THE SUN - MANCERA,Elegants Fragrances,10.0,"2034-MAN EL Inspired by the fragrance notes of MELODY OF THE SUN - MANCERA. Fragrance citrus, aromatic, fruity, fresh, green, fresh spicy, floral, lavender, white floral, woody.",https://leparfum.com.gr/en/elegants-fragrances/2034-man-el,2026-08-20,2026-08-20,ACTIVE,Choose+Bottle+Extra Essence,SHOBI_LIVE_SHOW_ALL
3502,2035-HER,2035-HER W,WP737,WP,EAU DE BASILIC POURPRE - HERMES,Fragrances For Women,9.0,"2035-HER W Inspired by the fragrance notes of EAU DE BASILIC POURPRE - HERMES. Fragrance fresh spicy, aromatic, warm spicy, herbal, green, citrus, patchouli.",https://leparfum.com.gr/en/fragrances-for-women/2035-her-w,2026-08-20,2026-08-20,ACTIVE,Choose+Bottle+Extra Essence,SHOBI_LIVE_SHOW_ALL
3501,2113-XER,2113-XER N,AR301,AR,Uden,Niche Perfumes,15.0,"Inspired by the fragrance notes of Uden. Fragrance citrus, woody, vanilla, powdery, fresh, warm spicy, rum, coffee.",https://leparfum.com.gr/en/niche-perfumes/2113-xer-n,2026-08-20,2026-08-20,ACTIVE,Choose+Bottle+Extra Essence,SHOBI_LIVE_SHOW_ALL
3500,2111-BLG,2111-BLG MP,MP334,MP,Aqva Pour Homme Atlantiqve,Fragrances For Men,9.0,"2111-BLG MP Inspired by the fragrance notes of Aqva Pour Homme Atlantiqve. Fragrance amber, aromatic, aquatic, marine, citrus, woody, fresh, animalic, salty.",https://leparfum.com.gr/en/fragrances-for-men/2111-blg-mp,2026-08-20,2026-08-20,ACTIVE,Choose+Bottle+Extra Essence,SHOBI_LIVE_SHOW_ALL
3499,2110-AMG,2110-AMG Ν,AR300,AR,Interlude 53 Man,Niche Perfumes,15.0,"Inspired by the fragrance notes of Interlude 53 Man.Fragrance amber, smoky, woody, balsamic, warm spicy, fresh spicy, leather, oud.",https://leparfum.com.gr/en/niche-perfumes/2110-amg-ν,2026-08-20,2026-08-20,ACTIVE,Choose+Bottle+Extra Essence,SHOBI_LIVE_SHOW_ALL
3498,2101-KUR,2101-KUR N,AR299,AR,MASCULIN PLURIEL,Niche Perfumes,15.0,"2101-KUR N Inspired by the fragrance notes of MASCULIN PLURIEL. Fragrance woody, lavender, aromatic, earthy, patchouli, leather.",https://leparfum.com.gr/en/niche-perfumes/2101-kur-n,2026-08-20,2026-08-20,ACTIVE,Choose+Bottle+Extra Essence,SHOBI_LIVE_SHOW_ALL
3497,2093-MNTB,2093-MNTB WP,WP736,WP,LADY EMBLEM - MONTBLANC,Fragrances For Women,9.0,"2093-MNTB WP Inspired by the fragrance notes of  LADY EMBLEM - MONTBLANC.Fragrance fruity, sweet, rose, woody, musky, powdery, soft spicy.",https://leparfum.com.gr/en/fragrances-for-women/2093-mntb-wp,2026-08-20,2026-08-20,ACTIVE,Choose+Bottle+Extra Essence,SHOBI_LIVE_SHOW_ALL
3496,2108-BDIK,2108-BDIK AR,AR298,AR,CREME DE CUIR - BDK,Niche Perfumes,15.0,"Inspired by the fragrance notes of CREME DE CUIR - BDK.Fragrance musky, powdery, leather, woody, citrus, sweet, vanilla, fresh , spicy, fruity, smoky.",https://leparfum.com.gr/en/niche-perfumes/creme-de-cuir-bdk-parfums-inspired,2026-08-20,2026-08-20,ACTIVE,Choose+Bottle+Extra Essence,SHOBI_LIVE_SHOW_ALL
3495,2103-EXN,2103-EXN AR,AR297,AR,VETIVER MOLOKO - EX NIHILO,Niche Perfumes,15.0,"Inspired by the fragrance notes of VETIVER MOLOKO - EX NIHILO.Fragrance woody, aromatic, lactonic, earthy, fresh spicy, vanilla, citrus.",https://leparfum.com.gr/en/niche-perfumes/vetiver-moloko-ex-nihilo-inspired-perfume,2026-08-20,2026-08-20,ACTIVE,Choose+Bottle+Extra Essence,SHOBI_LIVE_SHOW_ALL
3494,2094-SHIS,2094-SHIS WP,WP735,WP,,Fragrances For Women,9.0,"EVER BLOOM - SHISEIDO Inspired FragranceShiseido Ever Bloom Eau de Parfum is an elegant and luminous fragrance that exudes pure femininity and harmony. It opens with subtle, fresh notes that give a sense of purity, while its heart is dominated by white flowers, with jasmine and orange blossom creating a soft and romantic aura. Its base is warm and...",https://leparfum.com.gr/en/fragrances-for-women/ever-bloom-wedding-perfume,2026-08-20,2026-08-20,ACTIVE,Choose+Bottle+Extra Essence,SHOBI_LIVE_SHOW_ALL
3493,2098-MIC,2098-MIC W,WP734,WP,TWILIGHT SHIMMER - MICHAEL KORS,Fragrances For Women,9.0,2098-MIC Inspired by the fragrance notes of TWILIGHT SHIMMER - MICHAEL KORS.,https://leparfum.com.gr/en/fragrances-for-women/2098-mic-w,2026-08-20,2026-08-20,ACTIVE,Choose+Bottle+Extra Essence,SHOBI_LIVE_SHOW_ALL
3492,2100-MARG,2100-MARG EL,EL287,EL,SAILING DAY,Elegants Fragrances,10.0,2100-MARG Inspired by the fragrance notes of SAILING DAY.,https://leparfum.com.gr/en/elegants-fragrances/2100-marg-el,2026-08-20,2026-08-20,ACTIVE,Choose+Bottle+Extra Essence,SHOBI_LIVE_SHOW_ALL
3491,2099-MARG,2099-MARG EL,EL286,EL,AUTUMN VIBES,Elegants Fragrances,10.0,2099-MARG Inspired by the fragrance notes of AUTUMN VIBES.,https://leparfum.com.gr/en/elegants-fragrances/2099-marg-el,2026-08-20,2026-08-20,ACTIVE,Choose+Bottle+Extra Essence,SHOBI_LIVE_SHOW_ALL
3490,2109-LTN,2109-LTN N,AR296,AR,the fragrance notes,Niche Perfumes,15.0,2109-LTN Inspired by the fragrance notes.,https://leparfum.com.gr/en/niche-perfumes/2109-ltn-n,2026-08-20,2026-08-20,ACTIVE,Choose+Bottle+Extra Essence,SHOBI_LIVE_SHOW_ALL
3489,2096-KEN,2096-KEN WP,WP733,WP,PARFUM D'ETE - KENZO,Fragrances For Women,9.0,"2096-KEN WP Inspired by the fragrance notes of PARFUM D'ETE - KENZO. Fragrance green, white floral, floral, fresh, rose, fresh spicy.",https://leparfum.com.gr/en/fragrances-for-women/2096-ken-wp,2026-08-20,2026-08-20,ACTIVE,Choose+Bottle+Extra Essence,SHOBI_LIVE_SHOW_ALL
3488,2095-VICT,2095-VICT WP,WP732,WP,STRAWBERRIES & CHAMPAGNE - VICTORIA'S SECRET,Fragrances For Women,9.0,2095-VICT WP inspired by the fragrance notes of STRAWBERRIES & CHAMPAGNE - VICTORIA'S SECRET.,https://leparfum.com.gr/en/fragrances-for-women/2095-vict-wp,2026-08-20,2026-08-20,ACTIVE,Choose+Bottle+Extra Essence,SHOBI_LIVE_SHOW_ALL
3487,2102-MOS,2102-MOS WP,WP731,WP,FRESH COUTURE - MOSCHINO,Fragrances For Women,9.0,"2102-MOS WP Inspired by the fragrance notes of FRESH COUTURE - MOSCHINO. Fragrance citrus, floral, fruity, fresh, sweet, woody, rose, fresh spicy.",https://leparfum.com.gr/en/fragrances-for-women/2102-mos-wp,2026-08-20,2026-08-20,ACTIVE,Choose+Bottle+Extra Essence,SHOBI_LIVE_SHOW_ALL
3486,2104-CHA,2104-CHA W,EL285,EL,1957,Elegants Fragrances,10.0,"2104-CHA W Inspired by the fragrance notes of 1957. Fragrance powdery, musky, iris, aldehydic, white floral, woody, citrus, fresh.",https://leparfum.com.gr/en/elegants-fragrances/2104-cha-w,2026-08-20,2026-08-20,ACTIVE,Choose+Bottle+Extra Essence,SHOBI_LIVE_SHOW_ALL
3485,,2106 - MARC Ν,AR295,AR,,Niche Perfumes,15.0,"Β683 - MARC ANTOINE BARROIS.Fragrance warm spicy, mber, fresh spicy, musky, woody, ozonic, powdery, aquatic, metallic.",https://leparfum.com.gr/en/niche-perfumes/2106-marc-ν,2026-08-20,2026-08-20,ACTIVE,Choose+Bottle+Extra Essence,SHOBI_LIVE_SHOW_ALL
3484,2107-GUR,2107-GUR N,AR294,AR,TONKA IMPERIALE - GUERLAIN,Niche Perfumes,15.0,"2107-GUR N Inspired by the fragrance notes of TONKA IMPERIALE - GUERLAIN. Fragrance sweet, amber, almond, vanilla, aromatic, woody, tobacco, nutty.",https://leparfum.com.gr/en/niche-perfumes/2107-gur-n,2026-08-20,2026-08-20,ACTIVE,Choose+Bottle+Extra Essence,SHOBI_LIVE_SHOW_ALL
3483,2105-MNT,2105-MNT N Perfume,AR293,AR,OUD PASHMINA - MONTALE,Niche Perfumes,15.0,2105-MNT Inspired by the fragrance notes of OUD PASHMINA - MONTALE.,https://leparfum.com.gr/en/niche-perfumes/2105-mnt-n-perfume,2026-08-20,2026-08-20,ACTIVE,Choose+Bottle+Extra Essence,SHOBI_LIVE_SHOW_ALL
3482,1983-ATTAR,1983-ATTAR AR,EL284,EL,THE QUEEN OF SHEBA - ATTAR,Arabian Perfumes,10.0,"Inspired by the fragrance notes of THE QUEEN OF SHEBA - ATTAR.Fragrance fruity, floral, sweet, tobacco, white floral, powdery, musky, amber, lactonic, tuberose.",https://leparfum.com.gr/en/arabian-perfumes/the-queen-of-sheba-attar-collection-similar-fragrance,2026-08-20,2026-08-20,ACTIVE,Choose+Bottle+Extra Essence,SHOBI_LIVE_SHOW_ALL
3481,2086-VICT,2086-VICT WP,WP730,WP,BARE - VICTORIA'S SECRET,Fragrances For Women,9.0,2086-VICT WP inspired by the fragrance notes of BARE - VICTORIA'S SECRET.,https://leparfum.com.gr/en/fragrances-for-women/2086-vict-wp,2026-08-20,2026-08-20,ACTIVE,Choose+Bottle+Extra Essence,SHOBI_LIVE_SHOW_ALL
3480,2041-TMFO,2041-TMFO EL,EL283,EL,NOIR EXTREME PARFUM,Elegants Fragrances,10.0,"2041-TMFO EL Inspired by the fragrance notes of NOIR EXTREME PARFUM. Fragrance warm spicy, vanilla, leather, sweet, woody, amber, citrus, powdery.",https://leparfum.com.gr/en/elegants-fragrances/2041-tmfo-el,2026-08-20,2026-08-20,ACTIVE,Choose+Bottle+Extra Essence,SHOBI_LIVE_SHOW_ALL
3479,2071-LAN,2071-LAN W,WP729,WP,LA VIE EST BELLE IRIS ABSOLU,Fragrances For Women,9.0,"2071-LAN W Inspired by the fragrance notes of LA VIE EST BELLE IRIS ABSOLU . Fragrance iris, woody, sweet, fruity, powdery, earthy, violet.",https://leparfum.com.gr/en/fragrances-for-women/2071-lan-w,2026-08-20,2026-08-20,ACTIVE,Choose+Bottle+Extra Essence,SHOBI_LIVE_SHOW_ALL
3478,2051-PRFRO,2051-PRFRO Ν,AR292,AR,ACQUA DI SALE - PROFUMUM ROMA,Niche Perfumes,15.0,"Inspired by the fragrance notes of ACQUA DI SALE - PROFUMUM ROMA.Fragrance marine, aromatic, salty, herbal, woody, fresh spicy, aquatic.",https://leparfum.com.gr/en/niche-perfumes/2051-prfro-ν,2026-08-20,2026-08-20,ACTIVE,Choose+Bottle+Extra Essence,SHOBI_LIVE_SHOW_ALL
3477,2050-NISH,2050-NISH Ν,AR291,AR,TEMPFLUO - NISHANE,Niche Perfumes,15.0,"Inspired by the fragrance notes of TEMPFLUO - NISHANE.Fragrance citrus, white floral, woody, sweet, warm spicy, vanilla, metallic, leather, musky.",https://leparfum.com.gr/en/niche-perfumes/2050-nish-ν,2026-08-20,2026-08-20,ACTIVE,Choose+Bottle+Extra Essence,SHOBI_LIVE_SHOW_ALL
3476,2049-NISH,2049-NISH Ν,AR290,AR,PAPILEFIKO - NISHANE,Niche Perfumes,15.0,"Inspired by the fragrance notes of PAPILEFIKO - NISHANE.Fragrance aromatic, fresh spicy, woody, warm spicy, lavender, herbal, fresh, amber, conifer, mossy.",https://leparfum.com.gr/en/niche-perfumes/2049-nish-ν,2026-08-20,2026-08-20,ACTIVE,Choose+Bottle+Extra Essence,SHOBI_LIVE_SHOW_ALL
3475,2047-KIL,2047-KIL Ν,AR289,AR,L'HEURE VERTE - KILIAN,Niche Perfumes,15.0,"2047-KIL Inspired by the fragrance notes of L'HEURE VERTE - KILIAN. Fragrance woody, aromatic, soft spicy, patchouli, bitter, earthy, balsamic, sweet.",https://leparfum.com.gr/en/niche-perfumes/2047-kil-ν,2026-08-20,2026-08-20,ACTIVE,Choose+Bottle+Extra Essence,SHOBI_LIVE_SHOW_ALL
3474,2043-VER,2043-VER W,WP728,WP,DYLAN PURPLE,Fragrances For Women,9.0,"2043-VER W Inspired by the fragrance notes of DYLAN PURPLE. Fragrance fruity, citrus, amber, floral, musky, woody, sweet.",https://leparfum.com.gr/en/fragrances-for-women/2043-ver-w,2026-08-20,2026-08-20,ACTIVE,Choose+Bottle+Extra Essence,SHOBI_LIVE_SHOW_ALL
3473,2039-KAY,2039-KAY EL,EL282,EL,LOVEFEST BURNING CHERRY - KAYALI,Elegants Fragrances,10.0,"2039-KAY EL Inspired by the fragrance notes of LOVEFEST BURNING CHERRY - KAYALI.Fragrance woody, sweet, amber, vanilla, aromatic, balsamic, fruity.",https://leparfum.com.gr/en/elegants-fragrances/2039-kay-el,2026-08-20,2026-08-20,ACTIVE,Choose+Bottle+Extra Essence,SHOBI_LIVE_SHOW_ALL
3472,2075-TMFO,2075-TMFO EL,EL281,EL,COSTA AZZURA ACQUA,Elegants Fragrances,10.0,"2075-TMFO EL Inspired by the fragrance notes of COSTA AZZURA ACQUA. Fragrance aromatic, woody, fresh spicy, citrus.",https://leparfum.com.gr/en/elegants-fragrances/2075-tmfo-el,2026-08-20,2026-08-20,ACTIVE,Choose+Bottle+Extra Essence,SHOBI_LIVE_SHOW_ALL
3471,2067-ROJ,2067-ROJ Ν,AR288,AR,,Niche Perfumes,15.0,"RISQUE POUR FEMME ESSENCE DE PARFUM - ROJA.Fragrance floral, woody, earthy, fresh spicy, herbal, mossy, aromatic, green.",https://leparfum.com.gr/en/niche-perfumes/2067-roj-ν,2026-08-20,2026-08-20,ACTIVE,Choose+Bottle+Extra Essence,SHOBI_LIVE_SHOW_ALL
3470,2074-MAN,2074-MAN EL,EL280,EL,INSTANT CRUSH - MANCERA,Elegants Fragrances,10.0,"2074-MAN EL Inspired by the fragrance notes of INSTANT CRUSH - MANCERA. Fragrance warm spicy, woody, amber, vanilla, powdery, citrus, musky, metallic.",https://leparfum.com.gr/en/elegants-fragrances/2074-man-el,2026-08-20,2026-08-20,ACTIVE,Choose+Bottle+Extra Essence,SHOBI_LIVE_SHOW_ALL
3469,2073-LTN,2073-LTN N,AR287,AR,the fragrance notes,Niche Perfumes,15.0,2073-LTN Inspired by the fragrance notes.,https://leparfum.com.gr/en/niche-perfumes/2073-ltn-n,2026-08-20,2026-08-20,ACTIVE,Choose+Bottle+Extra Essence,SHOBI_LIVE_SHOW_ALL
3468,2066-LEL,2066-LEL Ν,AR286,AR,LIMETTE 37 - LE LABO,Niche Perfumes,15.0,2066-LEL Inspired by the fragrance notes of LIMETTE 37 - LE LABO.,https://leparfum.com.gr/en/niche-perfumes/2066-lel-ν,2026-08-20,2026-08-20,ACTIVE,Choose+Bottle+Extra Essence,SHOBI_LIVE_SHOW_ALL
3467,2072-KIL,2072-KIL EL,EL279,EL,APPLE BRANDY ON THE ROCKS - KILIAN,Elegants Fragrances,10.0,"2072-KIL EL Inspired by the fragrance notes of APPLE BRANDY ON THE ROCKS - KILIAN. Fragrance fruity, woody, warm spicy, fresh, rum, sweet.",https://leparfum.com.gr/en/elegants-fragrances/2072-kil-el,2026-08-20,2026-08-20,ACTIVE,Choose+Bottle+Extra Essence,SHOBI_LIVE_SHOW_ALL
3462,2065-FRA,2065-FRA EL,EL278,EL,,Elegants Fragrances,10.0,"Fragrance sweet, powdery, fruity, white floral, honey, caramel, vanilla.",https://leparfum.com.gr/en/elegants-fragrances/sugar-franck-boclet-clone,2026-08-20,2026-08-20,ACTIVE,Choose+Bottle+Extra Essence,SHOBI_LIVE_SHOW_ALL
3461,1931-TMFO,1931-TMFO EL,EL277,EL,LAVENDER EXTREME,Elegants Fragrances,10.0,"1931-TMFO EL Inspired by the fragrance notes of LAVENDER EXTREME. Fragrance lavender, vanilla, warm spicy, sweet, fresh spicy, cinnamon, amber, woody.",https://leparfum.com.gr/en/elegants-fragrances/1931-tmfo-el,2026-08-20,2026-08-20,ACTIVE,Choose+Bottle+Extra Essence,SHOBI_LIVE_SHOW_ALL
3460,2044-LORV,2044-LORV EL,EL276,EL,,Elegants Fragrances,10.0,"TEINT DE NEIGE - LORENZO VILLORESI.Fragrance powdery, vanilla, sweet, floral, musky, rose.",https://leparfum.com.gr/en/elegants-fragrances/teint-de-neige-lorenzo-villoresi-inspired,2026-08-20,2026-08-20,ACTIVE,Choose+Bottle+Extra Essence,SHOBI_LIVE_SHOW_ALL
3455,2085-CLIV,2085-CLIV Ν,AR285,AR,X NEROLI LIMITED EDITION - CLIVE CHRISTIAN,Niche Perfumes,15.0,"Inspired by the fragrance notes of X NEROLI LIMITED EDITION - CLIVE CHRISTIAN.Fragrance Cashmere, Moss, Musk, Neroli, Petitgrain, Tuberose, Vetiver,",https://leparfum.com.gr/en/niche-perfumes/2085-cliv-ν,2026-08-20,2026-08-20,ACTIVE,Choose+Bottle+Extra Essence,SHOBI_LIVE_SHOW_ALL
3454,2069-NISH,2069-NISH Ν,AR284,AR,KARAGOZ - NISHANE,Niche Perfumes,15.0,"Inspired by the fragrance notes of KARAGOZ - NISHANE.Fragrance fruity, sweet, woody, green, earthy, aromatic, oud, white floral, tropical.",https://leparfum.com.gr/en/niche-perfumes/2069-nish-ν,2026-08-20,2026-08-20,ACTIVE,Choose+Bottle+Extra Essence,SHOBI_LIVE_SHOW_ALL
3453,2028-ZARK,2028-ZARK EL,EL275,EL,YOUTH - ZARKOPERFUME,Elegants Fragrances,10.0,"2028-ZARK EL Inspired by the fragrance notes of YOUTH - ZARKOPERFUME.Fragrance fruity, powdery, woody, sweet, aquatic, fresh, musky.",https://leparfum.com.gr/en/elegants-fragrances/2028-zark-el,2026-08-20,2026-08-20,ACTIVE,Choose+Bottle+Extra Essence,SHOBI_LIVE_SHOW_ALL
3451,2022-ANN,2022-ANN WP,WP727,WP,,Fragrances For Women,9.0,"LUCKY WISH - ANNA SUI Inspired FragranceLucky Wish is a light and romantic fragrance with notes of white flowers, soft fruits and subtle musk. Fresh and sweet, ideal for everyday use.",https://leparfum.com.gr/en/fragrances-for-women/lucky-wish-anna-sui-inspired-fragrance,2026-08-20,2026-08-20,ACTIVE,Choose+Bottle+Extra Essence,SHOBI_LIVE_SHOW_ALL
3450,2027-VICT,2027-VICT WP,WP726,WP,TEASE SUGAR FLEUR - VICTORIA'S SECRET,Fragrances For Women,9.0,2027-VICT WP inspired by the fragrance notes of TEASE SUGAR FLEUR - VICTORIA'S SECRET.,https://leparfum.com.gr/en/fragrances-for-women/2027-vict-wp,2026-08-20,2026-08-20,ACTIVE,Choose+Bottle+Extra Essence,SHOBI_LIVE_SHOW_ALL
3449,2026-HER,2026-HER W,WP725,WP,EAU DE CITRON NOIR - HERMES,Fragrances For Women,9.0,"2026-HER W Inspired by the fragrance notes of EAU DE CITRON NOIR - HERMES. Fragrance citrus, smoky, woody. Unisex.",https://leparfum.com.gr/en/fragrances-for-women/2026-her-w,2026-08-20,2026-08-20,ACTIVE,Choose+Bottle+Extra Essence,SHOBI_LIVE_SHOW_ALL
3448,2029-GUC,2029-GUC Ν,AR283,AR,Tears from the Moon,Niche Perfumes,15.0,"2029-GUC Inspired by the fragrance notes of Tears from the Moon. Fragrance fresh, white floral, floral, rose, green.",https://leparfum.com.gr/en/niche-perfumes/2029-guc-ν,2026-08-20,2026-08-20,ACTIVE,Choose+Bottle+Extra Essence,SHOBI_LIVE_SHOW_ALL
3446,2019-GUC,2019-GUC WP,WP723,WP,Flora Gorgeous Jasmine,Fragrances For Women,9.0,"2019-GUC Inspired by the fragrance notes of Flora Gorgeous Jasmine. Fragrance citrus, white floral, floral, woody, warm spicy, fresh spicy.",https://leparfum.com.gr/en/fragrances-for-women/2019-guc-wp,2026-08-20,2026-08-20,ACTIVE,Choose+Bottle+Extra Essence,SHOBI_LIVE_SHOW_ALL
3445,2023-PEN,2023-PEN N,AR282,AR,LEGACY OF PETRA,Niche Perfumes,15.0,2023-PEN Inspired by the fragrance notes of LEGACY OF PETRA. Woody Spicy fragrance for women and men.,https://leparfum.com.gr/en/niche-perfumes/2023-pen-n,2026-08-20,2026-08-20,ACTIVE,Choose+Bottle+Extra Essence,SHOBI_LIVE_SHOW_ALL
3444,2025-TER,2025-TER Ν,AR281,AR,DRACO - TIZIANA TERENZI,Niche Perfumes,15.0,"Inspired by the fragrance notes of DRACO - TIZIANA TERENZI.Fragrance powdery, vanilla, fruity, sweet, musky, citrus.",https://leparfum.com.gr/en/niche-perfumes/2025-ter-ν,2026-08-20,2026-08-20,ACTIVE,Choose+Bottle+Extra Essence,SHOBI_LIVE_SHOW_ALL
3443,2024-DRC,2024-DRC N,AR280,AR,FEVE DELICIEUSE,Niche Perfumes,15.0,2024-DRC N Inspired by the fragrance notes of FEVE DELICIEUSE,https://leparfum.com.gr/en/niche-perfumes/2024-drc-n,2026-08-20,2026-08-20,ACTIVE,Choose+Bottle+Extra Essence,SHOBI_LIVE_SHOW_ALL
3441,2020-VICT,2020-VICT WP,WP722,WP,VELVET PETALS SUNKISSED - VICTORIA'S SECRET,Fragrances For Women,9.0,2020-VICT WP inspired by the fragrance notes of VELVET PETALS SUNKISSED - VICTORIA'S SECRET.,https://leparfum.com.gr/en/fragrances-for-women/2020-vict-wp,2026-08-20,2026-08-20,ACTIVE,Choose+Bottle+Extra Essence,SHOBI_LIVE_SHOW_ALL
3440,2021-ROJ,2021-ROJ N,AR279,AR,,Niche Perfumes,15.0,"Fragrance woody, aromatic, amber, fresh spicy, citrus, sweet, balsamic, musky, warm spicy.",https://leparfum.com.gr/en/niche-perfumes/apex-men-roja-dove-similar-fragrance,2026-08-20,2026-08-20,ACTIVE,Choose+Bottle+Extra Essence,SHOBI_LIVE_SHOW_ALL
3376,1984-ATTAR,1984-ATTAR AR,EL274,EL,MUSK KASHMIR - ATTAR,Arabian Perfumes,10.0,"Inspired by the fragrance notes of MUSK KASHMIR - ATTAR.Fragrance musky, powdery, warm spicy, fresh spicy, woody, white floral, animalic.",https://leparfum.com.gr/en/arabian-perfumes/musk-kashmir-attar-collection-similar,2026-08-20,2026-08-20,ACTIVE,Choose+Bottle+Extra Essence,SHOBI_LIVE_SHOW_ALL
3375,2014-AZZ,2014-AZZ M,MP333,MP,MOST WANTED,Fragrances For Men,9.0,"2014-AZZ M Inspired by the fragrance notes of MOST WANTED. Fragrance warm spicy, amber, woody, sweet, aromatic, caramel.",https://leparfum.com.gr/en/fragrances-for-men/2014-azz-m,2026-08-20,2026-08-20,ACTIVE,Choose+Bottle+Extra Essence,SHOBI_LIVE_SHOW_ALL
3374,2016-PARELM,2016-PARELM Ν,AR278,AR,,Niche Perfumes,15.0,"ELIXIR D'AMOUR - PARFUMS D'ELMAR.Fragrance sweet, woody, amber, fruity, caramel.",https://leparfum.com.gr/en/niche-perfumes/2016-parelm-ν,2026-08-20,2026-08-20,ACTIVE,Choose+Bottle+Extra Essence,SHOBI_LIVE_SHOW_ALL
3373,1920-XER,1920-XER N,AR277,AR,40 KNOTS,Niche Perfumes,15.0,"1920-XER N Inspired by the fragrance notes of 40 KNOTS. Fragrance woody, marine, salty, aromatic, green.",https://leparfum.com.gr/en/niche-perfumes/1920-xer-n,2026-08-20,2026-08-20,ACTIVE,Choose+Bottle+Extra Essence,SHOBI_LIVE_SHOW_ALL
3372,1926-KOS,1926-KOS Ν,AR276,AR,,Niche Perfumes,15.0,"APRES L'AMOUR - THOMAS KOSMALA.Fragrance musky, amber, woody, powdery, citrus, warm spicy, animalic.",https://leparfum.com.gr/en/niche-perfumes/1926-kos-ν,2026-08-20,2026-08-20,ACTIVE,Choose+Bottle+Extra Essence,SHOBI_LIVE_SHOW_ALL
3371,1990-MNT,1990-MNT EL Perfume,EL273,EL,MUKHALAT - MONTALE,Elegants Fragrances,10.0,1990-MNT Inspired by the fragrance notes of MUKHALAT - MONTALE.,https://leparfum.com.gr/en/elegants-fragrances/1990-mnt-el-perfume,2026-08-20,2026-08-20,ACTIVE,Choose+Bottle+Extra Essence,SHOBI_LIVE_SHOW_ALL
3370,1989-VERT,1989-VERT N,AR275,AR,NARCOS'IS,Niche Perfumes,15.0,"1989-VERT Ν Inspired by the fragrance notes of NARCOS'IS. Fragrance fruity, warm spicy, aromatic, sweet, tropical, amber, green, coffee, woody, animalic.",https://leparfum.com.gr/en/niche-perfumes/1989-vert-n,2026-08-20,2026-08-20,ACTIVE,Choose+Bottle+Extra Essence,SHOBI_LIVE_SHOW_ALL
3369,1988-THEVE,1988-THEVE Ν,AR274,AR,,Niche Perfumes,15.0,"ARABESQUE - THE MERCHANT OF VENICE.Fragrance warm spicy, sweet, fruity, amber, tobacco, cinnamon, vanilla.",https://leparfum.com.gr/en/niche-perfumes/1988-theve-ν,2026-08-20,2026-08-20,ACTIVE,Choose+Bottle+Extra Essence,SHOBI_LIVE_SHOW_ALL
3368,1987-SON,1987-SON WP,WP720,WP,,Fragrances For Women,9.0,LE PARFUM - SONIA RYKIEL Similar Fragrance,https://leparfum.com.gr/en/fragrances-for-women/le-parfum-sonia-rykiel-similar-fragrance,2026-08-20,2026-08-20,ACTIVE,Choose+Bottle+Extra Essence,SHOBI_LIVE_SHOW_ALL
3367,1986-SOO,1986-SOO Ν,AR272,AR,,Niche Perfumes,15.0,"NUR - SoOUD.Fragrance herbal, amber, powdery, aromatic, leather, smoky, animalic, vanilla.",https://leparfum.com.gr/en/niche-perfumes/1986-soo-ν,2026-08-20,2026-08-20,ACTIVE,Choose+Bottle+Extra Essence,SHOBI_LIVE_SHOW_ALL
3366,1985-WID,1985-WID AR,AR273,AR,GOLD II SAHARA - WIDIAN,Arabian Perfumes,15.0,"Inspired by the fragrance notes of GOLD II SAHARA - WIDIAN.Fragrance citrus, aromatic, amber, warm spicy, vanilla, rose, powdery, balsamic, white floral, sweet.",https://leparfum.com.gr/en/arabian-perfumes/gold-ii-sahara-widian-similar-fragrance,2026-08-20,2026-08-20,ACTIVE,Choose+Bottle+Extra Essence,SHOBI_LIVE_SHOW_ALL
3364,1958-DRC,1958-DRC mix 1838-TAU,MIX08,MIX,,Layered Perfumes,20.0,1958-DRC mix 1838-TAU layer.,https://leparfum.com.gr/en/layered-perfumes/1958-drc-mix-1838-tau,2026-08-20,2026-08-20,ACTIVE,Choose+Bottle+Extra Essence,SHOBI_LIVE_SHOW_ALL
3363,1982-ALEX,1982-ALEX Ν,AR270,AR,ZAFEER OUD VANILLE - ALEXANDRE J,Niche Perfumes,15.0,"Inspired by the fragrance notes of ZAFEER OUD VANILLE - ALEXANDRE J. Perfume vanilla, sweet, coconut, oud, powdery, woody.",https://leparfum.com.gr/en/niche-perfumes/1982-alex-ν,2026-08-20,2026-08-20,ACTIVE,Choose+Bottle+Extra Essence,SHOBI_LIVE_SHOW_ALL
3362,1981-KHAL,1981-KHAL AR,AR269,AR,,Arabian Perfumes,15.0,"GRA - KHALTAT.Perfume aromatic, green, fresh spicy, warm spicy, amber, lavender, leather. woody.",https://leparfum.com.gr/en/arabian-perfumes/gra-khaltat-similar-fragrance,2026-08-20,2026-08-20,ACTIVE,Choose+Bottle+Extra Essence,SHOBI_LIVE_SHOW_ALL
3361,1980-HIND,1980-HIND AR,AR268,AR,EMARATI MUSK PARFUM - HIND AL OUD,Arabian Perfumes,15.0,1980-HIND Inspired by the fragrance notes of EMARATI MUSK PARFUM - HIND AL OUD.,https://leparfum.com.gr/en/arabian-perfumes/1980-hind-ar,2026-08-20,2026-08-20,ACTIVE,Choose+Bottle+Extra Essence,SHOBI_LIVE_SHOW_ALL
3360,1979-RAS,1979-RAS AR,AR267,AR,,Arabian Perfumes,15.0,"ARBA WARDAT - RASASI.Perfume white floral, rose, powdery, musky, citrus, woody.",https://leparfum.com.gr/en/arabian-perfumes/arba-wardat-rasasi-arabic-clone,2026-08-20,2026-08-20,ACTIVE,Choose+Bottle+Extra Essence,SHOBI_LIVE_SHOW_ALL
3359,1978-ARM,1978-ARM M,MP332,MP,STRONGER WITH YOU INTENSENLY,Fragrances For Men,9.0,"1978-ARM M Inspired by the fragrance notes of STRONGER WITH YOU INTENSENLY. Fragrance vanilla, sweet, amber, cinnamon, warm spicy, aromatic, powdery.",https://leparfum.com.gr/en/fragrances-for-men/1978-arm-m,2026-08-20,2026-08-20,ACTIVE,Choose+Bottle+Extra Essence,SHOBI_LIVE_SHOW_ALL
3358,1977-SHIS,1977-SHIS WP,WP719,WP,,Fragrances For Women,9.0,"GINZA - SHISEIDO Similar FragranceShiseido Ginza Eau de Parfum is an elegant and dynamic fragrance with notes of pomegranate, jasmine, magnolia and warm woods. Fresh yet sensual, ideal for women with a strong personality.",https://leparfum.com.gr/en/fragrances-for-women/ginza-shiseido-similar-fragrance,2026-08-20,2026-08-20,ACTIVE,Choose+Bottle+Extra Essence,SHOBI_LIVE_SHOW_ALL
3357,1975-ZARK,1975-ZARK EL,EL272,EL,PINK MOLECULE 090,Elegants Fragrances,10.0,"1975-ZARK EL Inspired by the fragrance notes of PINK MOLECULE 090.09 - ZARKOPERFUME.Fragrance sweet, Champagne, floral fruity, lactonic, aldehydic, woody, vanilla.",https://leparfum.com.gr/en/elegants-fragrances/1975-zark-el,2026-08-20,2026-08-20,ACTIVE,Choose+Bottle+Extra Essence,SHOBI_LIVE_SHOW_ALL
3356,1974-MARG,1974-MARG EL,EL271,EL,BUBBLE BATH,Elegants Fragrances,10.0,1974-MARG Inspired by the fragrance notes of BUBBLE BATH. Floral Woody Musk fragrance for women and men.,https://leparfum.com.gr/en/elegants-fragrances/1974-marg-el,2026-08-20,2026-08-20,ACTIVE,Choose+Bottle+Extra Essence,SHOBI_LIVE_SHOW_ALL
3355,1973-ETLR,1973-ETLR Ν,AR266,AR,ARCHIVES 69 - ETAT LIBRE D'ORANGE,Niche Perfumes,15.0,"Inspired by the fragrance notes of ARCHIVES 69 - ETAT LIBRE D'ORANGE.Perfume warm spicy, camphor, amber, sweet, fruity, musky, balsamic, smoky.",https://leparfum.com.gr/en/niche-perfumes/1973-etlr-ν,2026-08-20,2026-08-20,ACTIVE,Choose+Bottle+Extra Essence,SHOBI_LIVE_SHOW_ALL
3354,2015-MAN,2015-MAN EL,EL268,EL,TONKA COLA - MANCERA,Elegants Fragrances,10.0,"2015-MAN EL Inspired by the fragrance notes of TONKA COLA - MANCERA. Perfume warm spicy, coca-cola, cherry, cinnamon, sweet, vanilla, citrus, patchouli.",https://leparfum.com.gr/en/elegants-fragrances/2015-man-el,2026-08-20,2026-08-20,ACTIVE,Choose+Bottle+Extra Essence,SHOBI_LIVE_SHOW_ALL
3353,1972-KAY,1972-KAY EL,EL267,EL,EDEN JUICY APPLE 01 EDP - KAYALI,Elegants Fragrances,10.0,"1972-KAY EL Inspired by the fragrance notes of EDEN JUICY APPLE 01 EDP - KAYALI.Perfume fruity, sweet, vanilla, woody.",https://leparfum.com.gr/en/elegants-fragrances/1972-kay-el,2026-08-20,2026-08-20,ACTIVE,Choose+Bottle+Extra Essence,SHOBI_LIVE_SHOW_ALL
3341,924-TMU,924-TMU W,WP717,WP,Innocent,Fragrances For Women,9.0,"924-TMU W Inspired by the fragrance notes of Innocent. Women's perfume fruity, sweet, citrus, nutty, almond, musky.",https://leparfum.com.gr/en/fragrances-for-women/924-tmu-w,2026-08-20,2026-08-20,ACTIVE,Choose+Bottle+Extra Essence,SHOBI_LIVE_SHOW_ALL
3337,251-JOM,251-JOM mix 780-LAN,MIX06,MIX,,Layered Perfumes,20.0,251-JOM mix 780-LAN . Two fragrances in a perfect mix.,https://leparfum.com.gr/en/layered-perfumes/251-jom-mix-780-lan,2026-08-20,2026-08-20,ACTIVE,Choose+Bottle+Extra Essence,SHOBI_LIVE_SHOW_ALL
3336,1958-DRC,1958-DRC EL,EL266,EL,BOIS D'ARGENT,Elegants Fragrances,10.0,"1958-DRC EL Silver Woods Inspired by the fragrance notes of BOIS D'ARGENT. Perfume woody, amber, powdery, iris, sweet, aromatic, honey.",https://leparfum.com.gr/en/elegants-fragrances/1958-drc-el,2026-08-20,2026-08-20,ACTIVE,Choose+Bottle+Extra Essence,SHOBI_LIVE_SHOW_ALL
3315,401-ARIA,401-ARIA mix 305-KAY,MIX07,MIX,,Layered Perfumes,20.0,401-ARIA mix 305-KAY,https://leparfum.com.gr/en/layered-perfumes/401-aria-mix-305-kay,2026-08-20,2026-08-20,ACTIVE,Choose+Bottle+Extra Essence,SHOBI_LIVE_SHOW_ALL
3312,1156-HER,1156-HER mix 137-KUR,MIX05,MIX,,Layered Perfumes,20.0,1156-HER mix 137-KUR,https://leparfum.com.gr/en/layered-perfumes/1156-her-mix-137-kur,2026-08-20,2026-08-20,ACTIVE,Choose+Bottle+Extra Essence,SHOBI_LIVE_SHOW_ALL
3301,1930-VIC,1930-VIC mix 1039-BLG,MIX04,MIX,,Layered Perfumes,20.0,1930-VIC mix 1039-BLG,https://leparfum.com.gr/en/layered-perfumes/1930-vic-mix-1039-blg,2026-08-20,2026-08-20,ACTIVE,Choose+Bottle+Extra Essence,SHOBI_LIVE_SHOW_ALL
3295,111-BAC,111-BAC mix 204-CRD,MIX03,MIX,,Layered Perfumes,20.0,111-BAC mix 204-CRD,https://leparfum.com.gr/en/layered-perfumes/111-bac-mix-204-crd,2026-08-20,2026-08-20,ACTIVE,Choose+Bottle+Extra Essence,SHOBI_LIVE_SHOW_ALL
3281,1065-CHA,1065-CHA mix 1181-GUL,MIX02,MIX,,Layered Perfumes,20.0,1065-CHA mix 1181-GUL,https://leparfum.com.gr/en/layered-perfumes/1065-cha-mix-1181-gul,2026-08-20,2026-08-20,ACTIVE,Choose+Bottle+Extra Essence,SHOBI_LIVE_SHOW_ALL
3242,2013-CAC,2013-CAC W,WP718,WP,YES I AM DELICIOUS,Fragrances For Women,9.0,"2013-CAC W Inspired by the fragrance notes of YES I AM DELICIOUS. Perfume warm spicy, cacao, sweet, chocolate, nutty, woody.",https://leparfum.com.gr/en/fragrances-for-women/2013-cac-w,2026-08-20,2026-08-20,ACTIVE,Choose+Bottle+Extra Essence,SHOBI_LIVE_SHOW_ALL
3241,2012-DOL,2012-DOL WP,WP716,WP,Q QUEEN,Fragrances For Women,9.0,2012-DOL Inspired by the fragrance notes of Q QUEEN.,https://leparfum.com.gr/en/fragrances-for-women/2012-dol-wp,2026-08-20,2026-08-20,ACTIVE,Choose+Bottle+Extra Essence,SHOBI_LIVE_SHOW_ALL
3233,2011-LTN,2011-LTN N,AR265,AR,the fragrance notes,Niche Perfumes,15.0,2011-LTN Inspired by the fragrance notes.,https://leparfum.com.gr/en/niche-perfumes/2011-ltn-n,2026-08-20,2026-08-20,ACTIVE,Choose+Bottle+Extra Essence,SHOBI_LIVE_SHOW_ALL
3218,2010-LART,2010-LART EL,EL265,EL,MONT DE NARCISSE,Elegants Fragrances,10.0,"2010-LART EL INSPIRED BY THE FRAGRANCE NOTES OF MONT DE NARCISSE. Perfume leather, smoky, fruity, sweet, warm spicy, green, herbal, yellow floral, animalic.",https://leparfum.com.gr/en/elegants-fragrances/2010-lart-el,2026-08-20,2026-08-20,ACTIVE,Choose+Bottle+Extra Essence,SHOBI_LIVE_SHOW_ALL
3217,2008-EXN,2008-EXN EL,EL269,EL,FLEUR NARCOTIQUE EXTRAIT DE PARFUM - EX NIHILO,Elegants Fragrances,10.0,"Inspired by the fragrance notes of FLEUR NARCOTIQUE EXTRAIT DE PARFUM - EX NIHILO.Perfume floral, fresh, citrus, fruity, white floral, tropical, rose, woody.",https://leparfum.com.gr/en/elegants-fragrances/fleur-narcotique-extrait-de-parfum-ex-nihilo-clone,2026-08-20,2026-08-20,ACTIVE,Choose+Bottle+Extra Essence,SHOBI_LIVE_SHOW_ALL
3215,2017-DIE,2017-DIE M,MP331,MP,D - DIESEL,Fragrances For Men,9.0,"2017-DIE M Inspired by the fragrance notes of D - DIESEL. Fragrance vanilla, lavender, warm spicy, aromatic, powdery, fresh spicy.",https://leparfum.com.gr/en/fragrances-for-men/2017-die-m,2026-08-20,2026-08-20,ACTIVE,Choose+Bottle+Extra Essence,SHOBI_LIVE_SHOW_ALL
3214,2018-ARM,2018-ARM M,MP330,MP,the notes CODE PARFUM,Fragrances For Men,9.0,2018-ARM M inspired by the notes CODE PARFUM. Woody Aromatic fragrance for men,https://leparfum.com.gr/en/fragrances-for-men/2018-arm-m,2026-08-20,2026-08-20,ACTIVE,Choose+Bottle+Extra Essence,SHOBI_LIVE_SHOW_ALL
3207,2009-MNT,2009-MNT EL Perfume,EL270,EL,HONEY AOUD - MONTALE,Elegants Fragrances,10.0,2009-MNT Inspired by the fragrance notes of  HONEY AOUD - MONTALE.,https://leparfum.com.gr/en/elegants-fragrances/2009-mnt-el-perfume,2026-08-20,2026-08-20,ACTIVE,Choose+Bottle+Extra Essence,SHOBI_LIVE_SHOW_ALL
3199,2007-SWISA,2007-SWISA AR,AR264,AR,,Arabian Perfumes,15.0,"HABEITAK - SWISS ARABIAN.Fragrance fresh spicy, woody, rose, oud, aromatic, warm spicy, conifer.",https://leparfum.com.gr/en/arabian-perfumes/habeitak-swiss-arabian-clone,2026-08-20,2026-08-20,ACTIVE,Choose+Bottle+Extra Essence,SHOBI_LIVE_SHOW_ALL
3192,2006-NISH,2006-NISH Ν,AR263,AR,HACIVAT - NISHANE,Niche Perfumes,15.0,"Inspired by the fragrance notes of HACIVAT - NISHANE.Fragrance woody, citrus, mossy, fruity, earthy, sweet, fresh spicy, tropical.",https://leparfum.com.gr/en/niche-perfumes/2006-nish-ν,2026-08-20,2026-08-20,ACTIVE,Choose+Bottle+Extra Essence,SHOBI_LIVE_SHOW_ALL
3175,1167-HUG,1167-HUG MP,MP329,MP,HUGO - HUGO BOSS,Fragrances For Men,9.0,1167-HUG Inspired by the fragrance notes of HUGO - HUGO BOSS.,https://leparfum.com.gr/en/fragrances-for-men/1167-hug-mp,2026-08-20,2026-08-20,ACTIVE,Choose+Bottle+Extra Essence,SHOBI_LIVE_SHOW_ALL
3138,2002-DRC,2002-DRC W Perfume,WP715,WP,J'ADORE PARFUM D'EAU,Fragrances For Women,9.0,2002-DRC Inspired by the fragrance notes of J'ADORE PARFUM D'EAU.,https://leparfum.com.gr/en/fragrances-for-women/2002-drc-w-perfume,2026-08-20,2026-08-20,ACTIVE,Choose+Bottle+Extra Essence,SHOBI_LIVE_SHOW_ALL
3121,2004-BYR,2004-BYR N,AR262,AR,Eyes Closed,Niche Perfumes,15.0,"2004-BYR AR Inspired by the fragrance notes of Eyes Closed. Fragrance warm spicy, cinnamon, powdery, iris, woody, earthy, soft, spicy.",https://leparfum.com.gr/en/niche-perfumes/2004-byr-n,2026-08-20,2026-08-20,ACTIVE,Choose+Bottle+Extra Essence,SHOBI_LIVE_SHOW_ALL
3120,2005-EXN,2005-EXN Ν,AR261,AR,SANTAL CALLING - EX NIHILO,Niche Perfumes,15.0,"Inspired by the fragrance notes of SANTAL CALLING - EX NIHILO.Fragrance powdery, woody, iris, lactonic, musky, fresh spicy, warm spicy, violet, vanilla.",https://leparfum.com.gr/en/niche-perfumes/2005-exn-ν,2026-08-20,2026-08-20,ACTIVE,Choose+Bottle+Extra Essence,SHOBI_LIVE_SHOW_ALL
3119,1997-LTN,1997-LTN N,AR260,AR,the fragrance notes,Niche Perfumes,15.0,1997-LTN Inspired by the fragrance notes.,https://leparfum.com.gr/en/niche-perfumes/1997-ltn-n,2026-08-20,2026-08-20,ACTIVE,Choose+Bottle+Extra Essence,SHOBI_LIVE_SHOW_ALL
3118,1996-LTN,1996-LTN N,AR259,AR,the fragrance notes,Niche Perfumes,15.0,1996-LTN Inspired by the fragrance notes.,https://leparfum.com.gr/en/niche-perfumes/1996-ltn-n,2026-08-20,2026-08-20,ACTIVE,Choose+Bottle+Extra Essence,SHOBI_LIVE_SHOW_ALL
3117,1998-LTN,1998-LTN N,AR258,AR,Citrus fragrance for women and men,Niche Perfumes,15.0,1998-LTN Inspired by the fragrance notes of Citrus fragrance for women and men.,https://leparfum.com.gr/en/niche-perfumes/1998-ltn-n,2026-08-20,2026-08-20,ACTIVE,Choose+Bottle+Extra Essence,SHOBI_LIVE_SHOW_ALL
3116,1929-BLG,1929-BLG Ν,AR257,AR,Le Gemme Tygar Eau de Parfum,Niche Perfumes,15.0,"1929-BLG Ν Inspired by the fragrance notes of Le Gemme Tygar Eau de Parfum. Fragrance citrus, amber, woody, musky, fresh spicy.",https://leparfum.com.gr/en/niche-perfumes/1929-blg-ν,2026-08-20,2026-08-20,ACTIVE,Choose+Bottle+Extra Essence,SHOBI_LIVE_SHOW_ALL
3115,2000-BLG,2000-BLG Ν,AR256,AR,Kobraa,Niche Perfumes,15.0,"2000-BLG Ν Inspired by the fragrance notes of Kobraa. Fragrance fresh spicy, amber, aromatic, oud, warm spicy, rose, herbal.",https://leparfum.com.gr/en/niche-perfumes/2000-blg-ν,2026-08-20,2026-08-20,ACTIVE,Choose+Bottle+Extra Essence,SHOBI_LIVE_SHOW_ALL
3114,1999-MAN,1999-MAN EL,EL264,EL,AOUD LEMON MINT - MANCERA,Elegants Fragrances,10.0,"1999-MAN EL Inspired by the fragrance notes of AOUD LEMON MINT - MANCERA. Fragrance citrus, oud, almond, aromatic, vanilla, nutty, fruity, sweet, woody.",https://leparfum.com.gr/en/elegants-fragrances/1999-man-el,2026-08-20,2026-08-20,ACTIVE,Choose+Bottle+Extra Essence,SHOBI_LIVE_SHOW_ALL
3113,2001-TMFO,2001-TMFO EL,EL263,EL,NEROLI PORTOFINO FORTE,Elegants Fragrances,10.0,"2001-TMFO EL Inspired by the fragrance notes of NEROLI PORTOFINO FORTE. Fragrance citrus, white floral, fresh spicy, aromatic, green, woody.",https://leparfum.com.gr/en/elegants-fragrances/2001-tmfo-el,2026-08-20,2026-08-20,ACTIVE,Choose+Bottle+Extra Essence,SHOBI_LIVE_SHOW_ALL
3112,1995-YZLO,1995-YZLO N,AR255,AR,CABAN,Niche Perfumes,15.0,"1995-YZLO N Inspired by the fragrance notes of CABAN. Fragrance woody, amber, warm spicy, aromatic, balsamic, fresh spicy, vanilla, sweet.",https://leparfum.com.gr/en/niche-perfumes/1995-yzlo-n,2026-08-20,2026-08-20,ACTIVE,Choose+Bottle+Extra Essence,SHOBI_LIVE_SHOW_ALL
3111,1994-ROJ,1994-ROJ Ν,AR254,AR,,Niche Perfumes,15.0,"SWEETIE AOUD - ROJA DOVE.Fragrance woody, aromatic, fresh spicy, amber, warm spicy, oud. “THE YUMMY OUD”",https://leparfum.com.gr/en/niche-perfumes/1994-roj-ν,2026-08-20,2026-08-20,ACTIVE,Choose+Bottle+Extra Essence,SHOBI_LIVE_SHOW_ALL
3110,1992-ACQ,1992-ACQ,EL262,EL,ZAFFERANO,Elegants Fragrances,10.0,"1992-ACQ inspired by the fragrance notes of ZAFFERANO. A warm and elegant fragrance highlighting saffron’s rich, spicy aroma, complemented by citrus and soft woody notes for a sophisticated, radiant scent.",https://leparfum.com.gr/en/elegants-fragrances/1992-acq,2026-08-20,2026-08-20,ACTIVE,Choose+Bottle+Extra Essence,SHOBI_LIVE_SHOW_ALL
3108,1993-DRIE,1993-DRIE N,AR253,AR,JARDIN DE L'ORANGERIE,Niche Perfumes,15.0,"1993-DRIE Ν inspired by the fragrance notes of JARDIN DE L'ORANGERIE. Fragrance white floral, citrus, lactonic, woody, sweet.",https://leparfum.com.gr/en/niche-perfumes/1993-drie-n,2026-08-20,2026-08-20,ACTIVE,Choose+Bottle+Extra Essence,SHOBI_LIVE_SHOW_ALL
3107,1941-ARIA,1941-ARIA WP,WP714,WP,CLOUD INTENSE - ARIANA GRANDE,Fragrances For Women,9.0,1941-ARIA Inspired by the fragrance notes of CLOUD INTENSE - ARIANA GRANDE.,https://leparfum.com.gr/en/fragrances-for-women/1941-aria-wp,2026-08-20,2026-08-20,ACTIVE,Choose+Bottle+Extra Essence,SHOBI_LIVE_SHOW_ALL
3106,1991-CHL,1991-CHL WP,WP713,WP,NOMADE NATURELLE EDP - CHLOE,Fragrances For Women,9.0,1991-CHL WP Inspired by the fragrance notes of NOMADE NATURELLE EDP - CHLOE.,https://leparfum.com.gr/en/fragrances-for-women/1991-chl-wp,2026-08-20,2026-08-20,ACTIVE,Choose+Bottle+Extra Essence,SHOBI_LIVE_SHOW_ALL
2987,1967-XER,1967-XER N,AR252,AR,CORO,Niche Perfumes,15.0,"1967-XER N Inspired by the fragrance notes of CORO. Fragrance powdery, fruity, musky, floral, sweet, vanilla, woody, iris, amber.",https://leparfum.com.gr/en/niche-perfumes/1967-xer-n,2026-08-20,2026-08-20,ACTIVE,Choose+Bottle+Extra Essence,SHOBI_LIVE_SHOW_ALL
2986,1966-XER,1966-XER N,AR251,AR,ALEXANDRIA ORIENTALE,Niche Perfumes,15.0,"Inspired by the fragrance notes of ALEXANDRIA ORIENTALE. Fragrance oud, fresh spicy, woody, powdery, aromatic, tobacco, fruity, amber, green, vanilla.",https://leparfum.com.gr/en/niche-perfumes/1966-xer-n,2026-08-20,2026-08-20,ACTIVE,Choose+Bottle+Extra Essence,SHOBI_LIVE_SHOW_ALL
2985,1965-BYRP,1965-BYRP N,AR250,AR,THE CHRONIC - BYRON PARFUMS,Niche Perfumes,15.0,"1965-BYRP Inspired by the fragrance notes of THE CHRONIC - BYRON PARFUMS. Fragrance warm spicy, amber, cinnamon, woody, powdery, fresh, spicy, animalic, musky.",https://leparfum.com.gr/en/niche-perfumes/1965-byrp-n,2026-08-20,2026-08-20,ACTIVE,Choose+Bottle+Extra Essence,SHOBI_LIVE_SHOW_ALL
2984,1921-VIV,1921-VIV N,AR249,AR,BOUDOIR - VIVIENNE WESTWOOD,Niche Perfumes,15.0,"Inspired by the fragrance notes of BOUDOIR - VIVIENNE WESTWOOD.Fragrance warm spicy, floral, aromatic, sweet, rose, balsamic, powdery, tobacco, vanilla, aldehydic.",https://leparfum.com.gr/en/niche-perfumes/1921-viv-n,2026-08-20,2026-08-20,ACTIVE,Choose+Bottle+Extra Essence,SHOBI_LIVE_SHOW_ALL
2983,1964-ARB,1964-ARB AR,AR248,AR,MADAWI - ARABIAN OUD,Arabian Perfumes,15.0,"Inspired by the fragrance notes of MADAWI - ARABIAN OUD.Fragrance fruity, musky, rose, floral, patchouli, powdery, woody, sweet.",https://leparfum.com.gr/en/arabian-perfumes/madawi-arabian-oud-dupe,2026-08-20,2026-08-20,ACTIVE,Choose+Bottle+Extra Essence,SHOBI_LIVE_SHOW_ALL
2982,1930-VIC,1930-VIC M,MP328,MP,SPICEBOMB EXTREME,Fragrances For Men,9.0,"1930-VIC M Inspired by the fragrance of SPICEBOMB EXTREME. Fragrance fresh spicy, vanilla, tobacco, sweet.",https://leparfum.com.gr/en/fragrances-for-men/1930-vic-m,2026-08-20,2026-08-20,ACTIVE,Choose+Bottle+Extra Essence,SHOBI_LIVE_SHOW_ALL
2978,1970-CHA,1970-CHA WP,WP712,WP,PARIS PARIS,Fragrances For Women,9.0,"1970-CHA WP Inspired by the fragrance notes of PARIS PARIS. Fragrance rose, citrus, patchouli, woody, soft spicy, fresh, warm spicy, floral.",https://leparfum.com.gr/en/fragrances-for-women/1970-cha-wp,2026-08-20,2026-08-20,ACTIVE,Choose+Bottle+Extra Essence,SHOBI_LIVE_SHOW_ALL
2977,1971-PAC,1971-PAC MP,MP327,MP,INVICTUS PLATINUM,Fragrances For Men,9.0,"1971-PAC MP inspired by the fragrance notes of INVICTUS PLATINUM. Fragrance aromatic, fresh spicy, green, woody, citrus, lavender.",https://leparfum.com.gr/en/fragrances-for-men/1971-pac-mp,2026-08-20,2026-08-20,ACTIVE,Choose+Bottle+Extra Essence,SHOBI_LIVE_SHOW_ALL
2976,1969-DOL,1969-DOL M,MP326,MP,LIGHT BLUE ITALIAN LOVE POUR HOMME,Fragrances For Men,9.0,1969-DOL Inspired by the fragrance notes of LIGHT BLUE ITALIAN LOVE POUR HOMME.,https://leparfum.com.gr/en/fragrances-for-men/1969-dol-m,2026-08-20,2026-08-20,ACTIVE,Choose+Bottle+Extra Essence,SHOBI_LIVE_SHOW_ALL
2975,1968-DOL,1968-DOL W,WP711,WP,LIGHT BLUE ITALIAN LOVE W,Fragrances For Women,9.0,1968-DOL Inspired by the fragrance notes of LIGHT BLUE ITALIAN LOVE W.,https://leparfum.com.gr/en/fragrances-for-women/1968-dol-w,2026-08-20,2026-08-20,ACTIVE,Choose+Bottle+Extra Essence,SHOBI_LIVE_SHOW_ALL
2974,1937-BIL,1937-BIL AR,WP710,WP,Eilish Billie Eilish,Fragrances For Women,9.0,"Inspired by the fragrance notes of Eilish Billie Eilish. Fragrance vanilla, sweet, warm spicy, cacao, powdery, amber.",https://leparfum.com.gr/en/fragrances-for-women/Eilish_Billie_fragrance,2026-08-20,2026-08-20,ACTIVE,Choose+Bottle+Extra Essence,SHOBI_LIVE_SHOW_ALL
2973,1954-CARN,1954-CARN N,AR247,AR,PALO SANTO - CARNER BARCELONA,Niche Perfumes,15.0,1954-CARN Inspired by the fragrance notes of PALO SANTO - CARNER BARCELONA.,https://leparfum.com.gr/en/niche-perfumes/1954-carn-n,2026-08-20,2026-08-20,ACTIVE,Choose+Bottle+Extra Essence,SHOBI_LIVE_SHOW_ALL
2972,1953-PEN,1953-PEN N,AR246,AR,CHANGING CONSTANCE,Niche Perfumes,15.0,1953-PEN Inspired by the fragrance notes of CHANGING CONSTANCE. This fragrance is stunning. Spicy slightly sweet smoky caramel.,https://leparfum.com.gr/en/niche-perfumes/1953-pen-n,2026-08-20,2026-08-20,ACTIVE,Choose+Bottle+Extra Essence,SHOBI_LIVE_SHOW_ALL
2971,1956-JOM,1956-JOM EL,EL261,EL,Scarlet Poppy Intense Jo Malone,Elegants Fragrances,10.0,"1956-JOM Inspired by the fragrance notes of Scarlet Poppy Intense Jo Malone. Fragrance powdery, vanilla, floral, sweet, iris, musky, fruity.",https://leparfum.com.gr/en/elegants-fragrances/1956-jom-el,2026-08-20,2026-08-20,ACTIVE,Choose+Bottle+Extra Essence,SHOBI_LIVE_SHOW_ALL
2970,1957-PEN,1957-PEN N,AR245,AR,SAVOY STEAM,Niche Perfumes,15.0,"1957-PEN Inspired by the fragrance notes of SAVOY STEAM. Fragrance aromatic, fresh spicy, rose, green, warm spicy, woody, citrus.",https://leparfum.com.gr/en/niche-perfumes/1957-pen-n,2026-08-20,2026-08-20,ACTIVE,Choose+Bottle+Extra Essence,SHOBI_LIVE_SHOW_ALL
2968,1939-BYR,1939-BYR N,AR243,AR,Vanille Antique,Niche Perfumes,15.0,"1939-BYR AR Inspired by the fragrance notes of Vanille Antique. Fragrance amber, woody, vanilla, fruity, powdery, musky, sweet.",https://leparfum.com.gr/en/niche-perfumes/1939-byr-n,2026-08-20,2026-08-20,ACTIVE,Choose+Bottle+Extra Essence,SHOBI_LIVE_SHOW_ALL
2967,1935-PARF,1935-PARF N,AR242,AR,HALTANE - PARFUMS DE MARLY,Niche Perfumes,15.0,1935-PARF Inspired by the fragrance notes of HALTANE - PARFUMS DE MARLY.,https://leparfum.com.gr/en/niche-perfumes/1935-parf-n,2026-08-20,2026-08-20,ACTIVE,Choose+Bottle+Extra Essence,SHOBI_LIVE_SHOW_ALL
2966,1936-AMG,1936-AMG N,AR241,AR,Vanilla Barka,Niche Perfumes,15.0,"Inspired by the fragrance notes of Vanilla Barka.Fragrance vanilla, amber, sweet, fresh spicy, warm spicy.",https://leparfum.com.gr/en/niche-perfumes/1936-amg-n,2026-08-20,2026-08-20,ACTIVE,Choose+Bottle+Extra Essence,SHOBI_LIVE_SHOW_ALL
2965,1938-YZLO,1938-YZLO N,AR240,AR,BABY CAT,Niche Perfumes,15.0,"1938-YZLO N Inspired by the fragrance notes of BABY CAT. Smells like spicy pepper and resinous incense up front → smoky, warm leathery heart → smooth bourbon vanilla with cedarwood and suede in the dry‑down — giving a seductive, bold, and memorable scent experience.",https://leparfum.com.gr/en/niche-perfumes/1938-yzlo-n,2026-08-20,2026-08-20,ACTIVE,Choose+Bottle+Extra Essence,SHOBI_LIVE_SHOW_ALL
2964,1940-FRE,1940-FRE EL,EL261,EL,the notes of SYNTHETIC JUNGLE,Elegants Fragrances,10.0,"1940-FRE EL inspired by the notes of SYNTHETIC JUNGLE. Fragrance green, white floral, fresh spicy, floral.",https://leparfum.com.gr/en/elegants-fragrances/1940-fre-el,2026-08-20,2026-08-20,ACTIVE,Choose+Bottle+Extra Essence,SHOBI_LIVE_SHOW_ALL
2950,1944-KUR,1944-KUR N,AR239,AR,724,Niche Perfumes,15.0,"1944-KUR N Inspired by the fragrance notes of 724. Fragrance white floral, musky, aldehydic, floral, powdery, citrus, sweet.",https://leparfum.com.gr/en/niche-perfumes/1944-kur-n,2026-08-20,2026-08-20,ACTIVE,Choose+Bottle+Extra Essence,SHOBI_LIVE_SHOW_ALL
2949,1943-TMFO,1943-TMFO EL,EL260,EL,ROSE DE CHINE,Elegants Fragrances,10.0,"1943-TMFO EL Inspired by the fragrance notes of ROSE DE CHINE. Fragrance amber, rose, floral, fresh.",https://leparfum.com.gr/en/elegants-fragrances/1943-tmfo-el,2026-08-20,2026-08-20,ACTIVE,Choose+Bottle+Extra Essence,SHOBI_LIVE_SHOW_ALL
2948,1942-LAN,1942-LAN W,WP709,WP,IDOLE NECTAR,Fragrances For Women,9.0,"1942-LAN W Inspired by the fragrance notes of IDOLE NECTAR . Fragrance rose, vanilla, caramel, sweet.",https://leparfum.com.gr/en/fragrances-for-women/1942-lan-w,2026-08-20,2026-08-20,ACTIVE,Choose+Bottle+Extra Essence,SHOBI_LIVE_SHOW_ALL
2944,1951-LAT,1951-LAT AR,AR238,AR,RAGHBA - LATTAFA,Arabian Perfumes,15.0,1951-LAT AR Inspired by the fragrance notes of RAGHBA - LATTAFA.,https://leparfum.com.gr/en/arabian-perfumes/1951-lat-ar,2026-08-20,2026-08-20,ACTIVE,Choose+Bottle+Extra Essence,SHOBI_LIVE_SHOW_ALL
2943,1870-ARDAL,1870-ARDAL AR,AR237,AR,,Arabian Perfumes,15.0,"AMEERAT AL EHSAAS - ARD AL ZAAFARAN.Fragrance warm spicy, coconut, white floral, sweet, lactonic, fresh, citrus, vanilla.",https://leparfum.com.gr/en/arabian-perfumes/ameerat-al-ehsaas-ard-al-zaafaran-dupe,2026-08-20,2026-08-20,ACTIVE,Choose+Bottle+Extra Essence,SHOBI_LIVE_SHOW_ALL
2942,,Dopamine Arabic Perfume العطور,AR236,AR,,Niche Perfumes,15.0,"Fragrance floral, vanilla, fruity, jasmin.",https://leparfum.com.gr/en/niche-perfumes/dopamine-arabic-perfume-العطور,2026-08-20,2026-08-20,ACTIVE,Choose+Bottle+Extra Essence,SHOBI_LIVE_SHOW_ALL
2941,,1950 - SWISA,AR235,AR,AL AMAKEN - SWISS ARABIAN,Arabian Perfumes,15.0,"1950 - SWISA Inspired by the fragrance notes of AL AMAKEN - SWISS ARABIAN. Fragrance floral, vanilla, fruity, woody, fresh, rose, powdery, citrus.",https://leparfum.com.gr/en/arabian-perfumes/1950-swisa,2026-08-20,2026-08-20,ACTIVE,Choose+Bottle+Extra Essence,SHOBI_LIVE_SHOW_ALL
2940,1922-ORT,1922-ORT LUX,LUX013,LUX,,Luxury Perfumes,20.0,"MEGAMARE - ORTO PARISI Type PERFUMEAquatic – Clear & Oceanic, Salty fragrance for women and men.",https://leparfum.com.gr/en/luxury-perfumes/megamare-orto-parisi-type,2026-08-20,2026-08-20,ACTIVE,Choose+Bottle+Extra Essence,SHOBI_LIVE_SHOW_ALL
2939,1946-MARC,1946-MARC N,AR234,AR,GANYMEDE - MARC ANTOINE BARROIS,Niche Perfumes,15.0,1946-MARC Inspired by the fragrance notes of GANYMEDE - MARC ANTOINE BARROIS.,https://leparfum.com.gr/en/niche-perfumes/1946-marc-n,2026-08-20,2026-08-20,ACTIVE,Choose+Bottle+Extra Essence,SHOBI_LIVE_SHOW_ALL
2938,1945-XER,1945-XER N,AR233,AR,RENAISSANCE XJ 1861,Niche Perfumes,15.0,"Inspired by the fragrance notes of RENAISSANCE XJ 1861. Fragrance citrus, green, aromatic, fresh spicy, woody.",https://leparfum.com.gr/en/niche-perfumes/1945-xer-n,2026-08-20,2026-08-20,ACTIVE,Choose+Bottle+Extra Essence,SHOBI_LIVE_SHOW_ALL
2936,1928-ROJ,1928-ROJ N,AR230,AR,OLIGARCH - ROJA DOVE,Niche Perfumes,15.0,"1928-ROJ N Inspired by the fragrance notes of OLIGARCH - ROJA DOVE. Fragrance citrus, aromatic, fresh spicy, woody, amber, green, musky.",https://leparfum.com.gr/en/niche-perfumes/1928-roj-n,2026-08-20,2026-08-20,ACTIVE,Choose+Bottle+Extra Essence,SHOBI_LIVE_SHOW_ALL
2935,1924-PARF,1924-PARF N,AR231,AR,SEDLEY - PARFUMS DE MARLY,Niche Perfumes,15.0,1924-PARF Inspired by the fragrance notes of SEDLEY - PARFUMS DE MARLY.,https://leparfum.com.gr/en/niche-perfumes/1924-parf-n,2026-08-20,2026-08-20,ACTIVE,Choose+Bottle+Extra Essence,SHOBI_LIVE_SHOW_ALL
2934,1923-NISH,1923-NISH N,AR229,AR,AMBRA CALABRIA - NISHANE,Niche Perfumes,15.0,"Inspired by the fragrance notes of AMBRA CALABRIA - NISHANE.Unisex fragrance green, citrus, aromatic, amber, vanilla, powdery, fresh spicy, musky, soft spicy.",https://leparfum.com.gr/en/niche-perfumes/1923-nish-n,2026-08-20,2026-08-20,ACTIVE,Choose+Bottle+Extra Essence,SHOBI_LIVE_SHOW_ALL
2933,1927-AMG,1927-AMG N,AR228,AR,,Niche Perfumes,15.0,"HONOUR - AMOUAGE.Fragrance white floral, green, tuberose, aromatic, animalic.",https://leparfum.com.gr/en/niche-perfumes/1927-amg-n,2026-08-20,2026-08-20,ACTIVE,Choose+Bottle+Extra Essence,SHOBI_LIVE_SHOW_ALL
2911,,SULTAN - AL HARAMAIN,AR227,AR,,Niche Perfumes,15.0,"The leader of nations, the leader of hearts. The elegant Sultan Oil - an essential of royals.",https://leparfum.com.gr/en/niche-perfumes/sultan-al-haramain,2026-08-20,2026-08-20,ACTIVE,Choose+Bottle+Extra Essence,SHOBI_LIVE_SHOW_ALL
2886,1913-CAR,1913-CAR N,AR217,AR,SAFFRON LAZULI,Niche Perfumes,15.0,1913-CAR Inspired by the fragrance notes of SAFFRON LAZULI.,https://leparfum.com.gr/en/niche-perfumes/1913-car-n,2026-08-20,2026-08-20,ACTIVE,Choose+Bottle+Extra Essence,SHOBI_LIVE_SHOW_ALL
2885,1911-KIL,1911-KIL N,AR222,AR,SINGLE MALT - KILIAN,Niche Perfumes,15.0,"1911-KIL AR Inspired by the fragrance notes of SINGLE MALT - KILIAN. Perfume fruity, sweet, powdery, vanilla, amber, woody, balsamic, warm spicy.",https://leparfum.com.gr/en/niche-perfumes/1911-kil-n,2026-08-20,2026-08-20,ACTIVE,Choose+Bottle+Extra Essence,SHOBI_LIVE_SHOW_ALL
2884,1909-XER,1909-XER N,AR221,AR,TORINO 21,Niche Perfumes,15.0,"Inspired by the fragrance notes of TORINO 21. Perfume aromatic, fresh spicy, green, citrus.",https://leparfum.com.gr/en/niche-perfumes/1909-xer-n,2026-08-20,2026-08-20,ACTIVE,Choose+Bottle+Extra Essence,SHOBI_LIVE_SHOW_ALL
2883,1908-XER,1908-XER N,AR220,AR,TONY IOMMI MONKEY SPECIAL,Niche Perfumes,15.0,"Inspired by the fragrance notes of TONY IOMMI MONKEY SPECIAL. Perfume warm spicy, woody, sweet, amber, vanilla, rum, caramel, cinnamon, leather, patchouli.",https://leparfum.com.gr/en/niche-perfumes/1908-xer-n,2026-08-20,2026-08-20,ACTIVE,Choose+Bottle+Extra Essence,SHOBI_LIVE_SHOW_ALL
2882,1906-XER,1906-XER N,AR219,AR,SYMPHONIUM,Niche Perfumes,15.0,"Inspired by the fragrance notes of SYMPHONIUM. Fragrance citrus, warm spicy, oud, sweet, chocolate, vanilla, animalic, powdery, cacao.",https://leparfum.com.gr/en/niche-perfumes/1906-xer-n,2026-08-20,2026-08-20,ACTIVE,Choose+Bottle+Extra Essence,SHOBI_LIVE_SHOW_ALL
2881,1912-AMG,1912-AMG N,AR218,AR,Myths Man,Niche Perfumes,15.0,"Inspired by the fragrance notes of Myths Man.Fragrance smoky, aromatic, woody, leather, herbal, iris, fresh spicy, earthy, animalic, amber.",https://leparfum.com.gr/en/niche-perfumes/1912-amg-n,2026-08-20,2026-08-20,ACTIVE,Choose+Bottle+Extra Essence,SHOBI_LIVE_SHOW_ALL
2880,1905-AMG,1905-AMG LUX,LUX012,LUX,Saffron Hamra,Luxury Perfumes,20.0,"Inspired by the fragrance notes of Saffron Hamra.Fragrance with saffron, pineapple oil and rose.",https://leparfum.com.gr/en/luxury-perfumes/1905-amg-lux,2026-08-20,2026-08-20,ACTIVE,Choose+Bottle+Extra Essence,SHOBI_LIVE_SHOW_ALL
2879,1900-AMG,1900-AMG LUX,LUX011,LUX,Orris Wakan,Luxury Perfumes,20.0,"Inspired by the fragrance notes of Orris Wakan.Powdery, iris, woody, musky, earthy fragrance.",https://leparfum.com.gr/en/luxury-perfumes/1900-amg-lux,2026-08-20,2026-08-20,ACTIVE,Choose+Bottle+Extra Essence,SHOBI_LIVE_SHOW_ALL
2878,1899-ZARK,1899-ZARK EL,EL259,EL,THE MUSE - ZARKOPERFUME,Elegants Fragrances,10.0,"1899-ZARK EL Inspired by the fragrance notes of THE MUSE - ZARKOPERFUME.Fragrance powdery, musky, floral, oud.",https://leparfum.com.gr/en/elegants-fragrances/1899-zark-el,2026-08-20,2026-08-20,ACTIVE,Choose+Bottle+Extra Essence,SHOBI_LIVE_SHOW_ALL
2877,1897-VICT,1897-VICT WP,WP708,WP,BOMBSHELL SUNDRENCHED - VICTORIAS SECRET,Fragrances For Women,9.0,1897-VICT WP inspired by the fragrance notes of BOMBSHELL SUNDRENCHED - VICTORIAS SECRET.,https://leparfum.com.gr/en/fragrances-for-women/1897-vict-wp,2026-08-20,2026-08-20,ACTIVE,Choose+Bottle+Extra Essence,SHOBI_LIVE_SHOW_ALL
2876,1902-CRD,1902-CRD N,AR216,AR,Wind Flowers,Niche Perfumes,15.0,"Inspired by the fragrance notes of Wind Flowers. Fragrance white floral, sweet, powdery, musky, woody, tuberose.",https://leparfum.com.gr/en/niche-perfumes/1902-crd-n,2026-08-20,2026-08-20,ACTIVE,Choose+Bottle+Extra Essence,SHOBI_LIVE_SHOW_ALL
2875,1907-PEN,1907-PEN LUX,LUX010,LUX,THE WORLD ACCORDING TO ARTHUR,Luxury Perfumes,20.0,"1907-PEN Inspired by the fragrance notes of THE WORLD ACCORDING TO ARTHUR. Fragrance vanilla, amber, aromatic, musky, smoky.",https://leparfum.com.gr/en/luxury-perfumes/1907-pen-lux,2026-08-20,2026-08-20,ACTIVE,Choose+Bottle+Extra Essence,SHOBI_LIVE_SHOW_ALL
2874,1904-ARM,1904-ARM N,AR215,AR,A MILANO,Niche Perfumes,15.0,"1904-ARM N Inspired by the fragrance notes of A MILANO. Fragrance citrus, aromatic, fresh, iris, fresh spicy, powdery.",https://leparfum.com.gr/en/niche-perfumes/1904-arm-n,2026-08-20,2026-08-20,ACTIVE,Choose+Bottle+Extra Essence,SHOBI_LIVE_SHOW_ALL
2873,1901-MOS,1901-MOS WP,WP707,WP,TOY 2 BUBBLE GUM - MOSCHINO,Fragrances For Women,9.0,"1901-MOS WP Inspired by the fragrance notes of TOY 2 BUBBLE GUM - MOSCHINO. Fragrance fruity, sweet, rose, tropical.",https://leparfum.com.gr/en/fragrances-for-women/1901-mos-wp,2026-08-20,2026-08-20,ACTIVE,Choose+Bottle+Extra Essence,SHOBI_LIVE_SHOW_ALL
2872,1932-YZLO,1932-YZLO W,WP706,WP,BLACK OPIUM ILLICIT GREEN,Fragrances For Women,9.0,"1932-YZLO W Inspired by the fragrance notes of BLACK OPIUM ILLICIT GREEN. Fragrance vanilla, coffee, sweet, white floral, fruity, warm spicy.",https://leparfum.com.gr/en/fragrances-for-women/1932-yzlo-w,2026-08-20,2026-08-20,ACTIVE,Choose+Bottle+Extra Essence,SHOBI_LIVE_SHOW_ALL
2861,1903-BYR,1903-BYR LUX,LUX009,LUX,De Los Santos,Luxury Perfumes,20.0,"1903-BYR LUX Inspired by the fragrance notes of De Los Santos. Fragrance musky, amber, aromatic, powdery, herbal, iris.",https://leparfum.com.gr/en/luxury-perfumes/1903-byr-lux,2026-08-20,2026-08-20,ACTIVE,Choose+Bottle+Extra Essence,SHOBI_LIVE_SHOW_ALL
2860,1910-PRA,1910-PRA WP,WP705,WP,INFUSION DE VANILLE - PRADA,Fragrances For Women,9.0,"1910-PRA WP inspired by the fragrance notes of INFUSION DE VANILLE - PRADA. Fragrance vanilla, citrus, powdery, smoky, musky.",https://leparfum.com.gr/en/fragrances-for-women/1910-pra-wp,2026-08-20,2026-08-20,ACTIVE,Choose+Bottle+Extra Essence,SHOBI_LIVE_SHOW_ALL
2859,1898-NRO,1898-NRO WP,WP704,WP,CRISTAL EAU DE PARFUM - RODRIGUEZ,Fragrances For Women,9.0,"1898-NRO WP inspired by the fragrance notes of CRISTAL EAU DE PARFUM - RODRIGUEZ. Fragrance white floral, musky, floral, powdery, woody.",https://leparfum.com.gr/en/fragrances-for-women/1898-nro-wp,2026-08-20,2026-08-20,ACTIVE,Choose+Bottle+Extra Essence,SHOBI_LIVE_SHOW_ALL
2858,1918-PAC,1918-PAC WP,WP703,WP,FAME,Fragrances For Women,9.0,"1918-PAC WP inspired by the fragrance notes of FAME. Fragrance tropical, vanilla, fruity, sweet, woody, powdery.",https://leparfum.com.gr/en/fragrances-for-women/1918-pac-wp,2026-08-20,2026-08-20,ACTIVE,Choose+Bottle+Extra Essence,SHOBI_LIVE_SHOW_ALL
2857,1919-PRA,1919-PRA WP,WP702,WP,PARADOXE - PRADA,Fragrances For Women,9.0,"1919-PRA WP inspired by the fragrance notes of PARADOXE - PRADA. Fragrance white floral, citrus, amber, sweet, vanilla.",https://leparfum.com.gr/en/fragrances-for-women/1919-pra-wp,2026-08-20,2026-08-20,ACTIVE,Choose+Bottle+Extra Essence,SHOBI_LIVE_SHOW_ALL
2826,1756-LBI,1756-LBI WP,WP701,WP,,Fragrances For Women,9.0,"ROMA - LAURA BIAGIOTTI Perfume Roma - Laura Biagiotti Eau de Parfum is a classic and aristocratic floral-oriental fragrance. It combines notes of lemon, rose and jasmine in the heart, with a base of vanilla, musk and woods, creating a timeless, warm and feminine aura.",https://leparfum.com.gr/en/fragrances-for-women/roma-laura-biagiotti-perfume-type,2026-08-20,2026-08-20,ACTIVE,Choose+Bottle+Extra Essence,SHOBI_LIVE_SHOW_ALL
2825,1743-LBI,1743-LBI WP,WP700,WP,,Fragrances For Women,9.0,"SOTTO VOCE - LAURA BIAGIOTTI PerfumeSotto Voce - Laura Biagiotti Eau de Parfum is an elegant and mysterious floral-oriental fragrance. It combines notes of mandarin and spices at the top, white flowers at the heart and a warm base of vanilla and woods, offering a feminine and subtly seductive aura.",https://leparfum.com.gr/en/fragrances-for-women/sotto-voce-biagiotti-perfume-type,2026-08-20,2026-08-20,ACTIVE,Choose+Bottle+Extra Essence,SHOBI_LIVE_SHOW_ALL
2824,1753-TEDL,1753-TEDL MP,MP325,MP,,Fragrances For Men,9.0,TED - TED LAPIDUS Perfume Type,https://leparfum.com.gr/en/fragrances-for-men/ted-lapidus-perfume-type,2026-08-20,2026-08-20,ACTIVE,Choose+Bottle+Extra Essence,SHOBI_LIVE_SHOW_ALL
2823,998-ABE,998-ABE MP,MP003,MP,,Fragrances For Men,9.0,FIERCE ICON - ABERCROMBIE & FITCH Type,https://leparfum.com.gr/en/fragrances-for-men/fierce-icon-abercrombie-type,2026-08-20,2026-08-20,ACTIVE,Choose+Bottle+Extra Essence,SHOBI_LIVE_SHOW_ALL
2820,1917-MNTB,1917-MNTB MP,MP324,MP,LEGEND RED - MONT BLANC,Fragrances For Men,9.0,1917-MNTB MP Inspired by the fragrance notes of  LEGEND RED - MONT BLANC.,https://leparfum.com.gr/en/fragrances-for-men/1917-mntb-mp,2026-08-20,2026-08-20,ACTIVE,Choose+Bottle+Extra Essence,SHOBI_LIVE_SHOW_ALL
2819,1916-VICT,1916-VICT WP,WP699,WP,BLISSFUL GARDEN - VICTORIA'S SECRET,Fragrances For Women,9.0,1916-VICT WP inspired by the fragrance notes of BLISSFUL GARDEN - VICTORIA'S SECRET.,https://leparfum.com.gr/en/fragrances-for-women/1916-vict-wp,2026-08-20,2026-08-20,ACTIVE,Choose+Bottle+Extra Essence,SHOBI_LIVE_SHOW_ALL
2818,1915-PAC,1915-PAC WP,WP698,WP,OLYMPEA SOLAR,Fragrances For Women,9.0,"1915-PAC WP inspired by the fragrance notes of OLYMPEA SOLAR. Fragrance white floral, citrus,sweet, yellow floral, amber.",https://leparfum.com.gr/en/fragrances-for-women/1915-pac-wp,2026-08-20,2026-08-20,ACTIVE,Choose+Bottle+Extra Essence,SHOBI_LIVE_SHOW_ALL
2805,1894-MNT,1894-MNT EL Perfume,EL258,EL,FANTASTIC OUD - MONTALE,Elegants Fragrances,10.0,1894-MNT Inspired by the fragrance notes of  FANTASTIC OUD - MONTALE.,https://leparfum.com.gr/en/elegants-fragrances/1894-mnt-el-perfume,2026-08-20,2026-08-20,ACTIVE,Choose+Bottle+Extra Essence,SHOBI_LIVE_SHOW_ALL
2804,1872-DOL,1872-DOL W,WP697,WP,LIGHT BLUE EAU INTENSE,Fragrances For Women,9.0,1872-DOL Inspired by the fragrance notes of LIGHT BLUE EAU INTENSE.,https://leparfum.com.gr/en/fragrances-for-women/1872-dol-w,2026-08-20,2026-08-20,ACTIVE,Choose+Bottle+Extra Essence,SHOBI_LIVE_SHOW_ALL
2803,1828-LAN,1828-LAN W,WP696,WP,"O OUI! Fragrance floral, white floral, fruity, fresh, citrus, aquatic",Fragrances For Women,9.0,"1828-LAN W Inspired by the fragrance notes of O OUI! Fragrance floral, white floral, fruity, fresh, citrus, aquatic.",https://leparfum.com.gr/en/fragrances-for-women/1828-lan-w,2026-08-20,2026-08-20,ACTIVE,Choose+Bottle+Extra Essence,SHOBI_LIVE_SHOW_ALL
2802,1895-HER,1895-HER M,MP323,MP,TERRE D'HERMES EAU GIVREE,Fragrances For Men,9.0,"1895-HER Inspired by the Fragrance of TERRE D'HERMES EAU GIVREE. Fragrance citrus, fresh spicy, woody, aromatic, mineral.",https://leparfum.com.gr/en/fragrances-for-men/1895-her-m,2026-08-20,2026-08-20,ACTIVE,Choose+Bottle+Extra Essence,SHOBI_LIVE_SHOW_ALL
2801,1896-ESC,1896-ESC WP,WP695,WP,CHERRY IN JAPAN - ESCADA,Fragrances For Women,9.0,"Inspired by the fragrance notes of CHERRY IN JAPAN - ESCADA.Fragrance floral, fresh, vanilla, amber, white floral, fruity, sweet.",https://leparfum.com.gr/en/fragrances-for-women/cherry-in-japan-escada-clone,2026-08-20,2026-08-20,ACTIVE,Choose+Bottle+Extra Essence,SHOBI_LIVE_SHOW_ALL
2800,1892-NRO,1892-NRO WP,WP694,WP,MUSC NOIR ROSE FOR HER - RODRIGUEZ,Fragrances For Women,9.0,"1892-NRO WP inspired by the fragrance notes of MUSC NOIR ROSE FOR HER - RODRIGUEZ. Fragrance musky, vanilla, fruity, sweet, powdery, rose, tuberose.",https://leparfum.com.gr/en/fragrances-for-women/1892-nro-wp,2026-08-20,2026-08-20,ACTIVE,Choose+Bottle+Extra Essence,SHOBI_LIVE_SHOW_ALL
2799,1887-XER,1887-XER N,AR214,AR,ERBA PURA,Niche Perfumes,15.0,"Inspired by the fragrance notes of ERBA PURA. Fragrance fruity, citrus, sweet, musky, powdery, vanilla, amber, fresh spicy, animalic.",https://leparfum.com.gr/en/niche-perfumes/1887-xer-n,2026-08-20,2026-08-20,ACTIVE,Choose+Bottle+Extra Essence,SHOBI_LIVE_SHOW_ALL
2798,1885-WID,1885-WID AR,AR213,AR,LONDON - WIDIAN,Arabian Perfumes,15.0,"Inspired by the fragrance notes of LONDON - WIDIAN.Fragrance leather, fruity, sweet, powdery, animalic, oud, vanilla, violet, woody, amber.",https://leparfum.com.gr/en/arabian-perfumes/london-widian-similar-fragrance,2026-08-20,2026-08-20,ACTIVE,Choose+Bottle+Extra Essence,SHOBI_LIVE_SHOW_ALL
2797,1886-PARF,1886-PARF N,AR212,AR,DELINA LA ROSE - PDM,Niche Perfumes,15.0,1886-PARF Inspired by the fragrance notes of DELINA LA ROSE - PDM.,https://leparfum.com.gr/en/niche-perfumes/1886-parf-n,2026-08-20,2026-08-20,ACTIVE,Choose+Bottle+Extra Essence,SHOBI_LIVE_SHOW_ALL
2796,1883-NISH,1883-NISH N,AR211,AR,Fragrance WULONG CHA - NISHANE,Niche Perfumes,15.0,"1883-NISH N Inspired by the fragrance notes of Fragrance WULONG CHA - NISHANE. Citrus, fresh spicy, green, fruity, fresh, sweet.",https://leparfum.com.gr/en/niche-perfumes/1883-nish-n,2026-08-20,2026-08-20,ACTIVE,Choose+Bottle+Extra Essence,SHOBI_LIVE_SHOW_ALL
2795,1884-NISH,1884-NISH N,AR210,AR,FAN YOUR FLAMES - NISHANE,Niche Perfumes,15.0,"1884-NISH N Inspired by the fragrance notes of FAN YOUR FLAMES - NISHANE. Perfume sweet, tobacco, coconut, woody, rum, vanilla, mossy, lactonic, warm spicy, tropical.",https://leparfum.com.gr/en/niche-perfumes/1884-nish-n,2026-08-20,2026-08-20,ACTIVE,Choose+Bottle+Extra Essence,SHOBI_LIVE_SHOW_ALL
2794,1888-MOR,1888-MOR N,AR209,AR,,Niche Perfumes,15.0,"CONTESSA - MORESQUE.Fragrance vanilla, soft spicy, amber, sweet, anis, floral, fresh, spicy, yellow floral, powdery, musky.",https://leparfum.com.gr/en/niche-perfumes/1888-mor-n,2026-08-20,2026-08-20,ACTIVE,Choose+Bottle+Extra Essence,SHOBI_LIVE_SHOW_ALL
2793,1893-CHA,1893-CHA W,WP693,WP,No 1 LEAU ROUGE,Fragrances For Women,9.0,"1893-CHA W Inspired by the fragrance notes of No 1 LEAU ROUGE. Fragrance rose, musky, fruity, powdery, fresh, citrus, sweet, iris.",https://leparfum.com.gr/en/fragrances-for-women/1893-cha-w,2026-08-20,2026-08-20,ACTIVE,Choose+Bottle+Extra Essence,SHOBI_LIVE_SHOW_ALL
2792,1882-MARG,1882-MARG N,AR223,AR,BY THE FIRE PLACE,Niche Perfumes,15.0,1882-MARG Inspired by the fragrance notes of BY THE FIRE PLACE.,https://leparfum.com.gr/en/niche-perfumes/1882-marg-n,2026-08-20,2026-08-20,ACTIVE,Choose+Bottle+Extra Essence,SHOBI_LIVE_SHOW_ALL
2791,1880-KIL,1880-KIL EL,EL257,EL,KISSES DON’T LIE - KILIAN,Elegants Fragrances,10.0,"1880-KIL EL Inspired by the fragrance notes of KISSES DON’T LIE - KILIAN. Fragrance rose, sweet, fruity, floral, chocolate, warm spicy, violet.",https://leparfum.com.gr/en/elegants-fragrances/1880-kil-el,2026-08-20,2026-08-20,ACTIVE,Choose+Bottle+Extra Essence,SHOBI_LIVE_SHOW_ALL
2790,1879-KIL,1879-KIL EL,EL256,EL,GOOD GIRL GONE BAD EXTREME - KILIAN,Elegants Fragrances,10.0,"1879-KIL EL Inspired by the fragrance notes of GOOD GIRL GONE BAD EXTREME - KILIAN. Fragrance white floral, floral, tuberose, lactonic, fruity, yellow floral, green, animalic, amber.",https://leparfum.com.gr/en/elegants-fragrances/1879-kil-el,2026-08-20,2026-08-20,ACTIVE,Choose+Bottle+Extra Essence,SHOBI_LIVE_SHOW_ALL
2789,1878-KIL,1878-KIL EL,EL255,EL,A KISS FROM A ROSE - KILIAN,Elegants Fragrances,10.0,"1878-KIL EL Inspired by the fragrance notes of A KISS FROM A ROSE - KILIAN. Green, rose, woody, fruity, white floral, floral, musky, earthy, powdery fragrance.",https://leparfum.com.gr/en/elegants-fragrances/1878-kil-el,2026-08-20,2026-08-20,ACTIVE,Choose+Bottle+Extra Essence,SHOBI_LIVE_SHOW_ALL
2788,1877-INI,1877-INI N,AR208,AR,OUD FOR HAPPINESS - INITIO PARFUMS,Niche Perfumes,15.0,"1877-INI N Inspired by the fragrance notes of OUD FOR HAPPINESS - INITIO PARFUMS. Fragrance soft spicy, citrus, vanilla, powdery, musky, warm spicy.",https://leparfum.com.gr/en/niche-perfumes/1877-ini-n,2026-08-20,2026-08-20,ACTIVE,Choose+Bottle+Extra Essence,SHOBI_LIVE_SHOW_ALL
2787,1881-INI,1881-INI N,AR224,AR,MUSK THERAPY - INITIO PARFUMS,Niche Perfumes,15.0,"1881-INI N Inspired by the fragrance notes of MUSK THERAPY - INITIO PARFUMS. Aroma citrusy, musky, floral, fruity, powdery, woody.",https://leparfum.com.gr/en/niche-perfumes/1881-ini-n,2026-08-20,2026-08-20,ACTIVE,Choose+Bottle+Extra Essence,SHOBI_LIVE_SHOW_ALL
2786,1876-INI,1876-INI N,AR207,AR,ADDICTIVE VIBRATION - INITIO PARFUMS,Niche Perfumes,15.0,"1876-INI N Inspired by the fragrance notes of ADDICTIVE VIBRATION - INITIO PARFUMS. Floral, honey, sweet, white floral, white floral, musky fragrance, powder.",https://leparfum.com.gr/en/niche-perfumes/1876-ini-n,2026-08-20,2026-08-20,ACTIVE,Choose+Bottle+Extra Essence,SHOBI_LIVE_SHOW_ALL
2785,1875-ESCE,1875-ESCE N,AR206,AR,,Niche Perfumes,15.0,"MOLECULE 05 - ESCENTRIC MOLECULES.Woody aroma, musky aroma, powder, amber.",https://leparfum.com.gr/en/niche-perfumes/1875-esce-n,2026-08-20,2026-08-20,ACTIVE,Choose+Bottle+Extra Essence,SHOBI_LIVE_SHOW_ALL
2784,1873-MAN,1873-MAN EL,EL254,EL,ROSES AND CHOCOLATE - MANCERA,Elegants Fragrances,10.0,"1873-MAN EL Inspired by the fragrance notes of ROSES AND CHOCOLATE - MANCERA. Perfume chocolate, powdery, sweet, rose, warm spicy, vanilla.",https://leparfum.com.gr/en/elegants-fragrances/1873-man-el,2026-08-20,2026-08-20,ACTIVE,Choose+Bottle+Extra Essence,SHOBI_LIVE_SHOW_ALL
2783,1874-LTN,1874-LTN N,AR205,AR,CALIFORNIA Citrus fragrance for women and men,Niche Perfumes,15.0,1874-LTN Inspired by the fragrance notes of CALIFORNIA Citrus fragrance for women and men.,https://leparfum.com.gr/en/niche-perfumes/1874-ltn-n,2026-08-20,2026-08-20,ACTIVE,Choose+Bottle+Extra Essence,SHOBI_LIVE_SHOW_ALL
2782,1891-LEL,1891-LEL N,AR204,AR,TONKA 25 - LE LABO,Niche Perfumes,15.0,1891-LEL Inspired by the fragrance notes of TONKA 25 - LE LABO.,https://leparfum.com.gr/en/niche-perfumes/1891-lel-n,2026-08-20,2026-08-20,ACTIVE,Choose+Bottle+Extra Essence,SHOBI_LIVE_SHOW_ALL
2781,1889-PEN,1889-PEN N,AR203,AR,LUNA,Niche Perfumes,15.0,"1889-PEN Inspired by the fragrance notes of LUNA. Bright floral green scent, seductive and soft.",https://leparfum.com.gr/en/niche-perfumes/1889-pen-n,2026-08-20,2026-08-20,ACTIVE,Choose+Bottle+Extra Essence,SHOBI_LIVE_SHOW_ALL
2780,1861-ACQ,1861-ACQ,WP692,WP,BLU MEDITERRANEO BERGAMOTTO DI CALABRIA,Fragrances For Women,9.0,"1861-ACQ inspired by the fragrance notes of BLU MEDITERRANEO BERGAMOTTO DI CALABRIA. A bright and sparkling citrus fragrance celebrating Calabrian bergamot, with fresh, zesty notes and a clean, uplifting character.",https://leparfum.com.gr/en/fragrances-for-women/1861-acq,2026-08-20,2026-08-20,ACTIVE,Choose+Bottle+Extra Essence,SHOBI_LIVE_SHOW_ALL
2773,1203-LOE,1203-LOE MP,MP187,MP,,Fragrances For Men,9.0,SOLO - LOEWE Inspired Fragrance.,https://leparfum.com.gr/en/fragrances-for-men/solo-loewe-inspired-fragrance,2026-08-20,2026-08-20,ACTIVE,Choose+Bottle+Extra Essence,SHOBI_LIVE_SHOW_ALL
2772,1890-LEL,1890-LEL N,AR202,AR,,Niche Perfumes,15.0,"LYS 41 - LELABO.Fragrance for women white floral, tuberose, animalistic.",https://leparfum.com.gr/en/niche-perfumes/1890-lel-n,2026-08-20,2026-08-20,ACTIVE,Choose+Bottle+Extra Essence,SHOBI_LIVE_SHOW_ALL
2771,1853-KIL,1853-KIL EL,EL253,EL,KILLING ME SLOWLY - KILIAN,Elegants Fragrances,10.0,"1853-KIL EL Inspired by the fragrance notes of KILLING ME SLOWLY - KILIAN. Fragrance fruity, floral, aldehydic, fresh, powdery, tropical, iris, vanilla.",https://leparfum.com.gr/en/elegants-fragrances/1853-kil-el,2026-08-20,2026-08-20,ACTIVE,Choose+Bottle+Extra Essence,SHOBI_LIVE_SHOW_ALL
2770,1862-PRA,1862-PRA MP,MP322,MP,PRADA L'HOMME,Fragrances For Men,10.0,"1862-PRA MP inspired by the fragrance notes of PRADA L'HOMME.  Fragrance powdery, iris, violet, woody, fresh spicy.",https://leparfum.com.gr/en/fragrances-for-men/1862-pra-mp,2026-08-20,2026-08-20,ACTIVE,Choose+Bottle+Extra Essence,SHOBI_LIVE_SHOW_ALL
2769,1863-LAC,1863-LAC W,WP691,WP,POUR FEMME - LACOSTE,Fragrances For Women,9.0,"1863-LAC W Inspired by the fragrance notes of POUR FEMME - LACOSTE. Fragrance floral, powdery, woody, fresh spicy, warm spicy, leather.",https://leparfum.com.gr/en/fragrances-for-women/1863-lac-w,2026-08-20,2026-08-20,ACTIVE,Choose+Bottle+Extra Essence,SHOBI_LIVE_SHOW_ALL
2768,1848-LEL,1848-LEL N,AR201,AR,,Niche Perfumes,15.0,"AMBRETTE 9 - LELABO.Musk aroma, fruity, floral, sweet, powder.",https://leparfum.com.gr/en/niche-perfumes/1848-lel-n,2026-08-20,2026-08-20,ACTIVE,Choose+Bottle+Extra Essence,SHOBI_LIVE_SHOW_ALL
2767,1854-EXN,1854-EXN N,AR200,AR,LUST IN PARADISE - EXNIHILO,Niche Perfumes,15.0,"Inspired by the fragrance notes of LUST IN PARADISE - EXNIHILO.Fragrance fresh, floral, rose, musky, fruity, tropical, powdery.",https://leparfum.com.gr/en/niche-perfumes/1854-exn-n,2026-08-20,2026-08-20,ACTIVE,Choose+Bottle+Extra Essence,SHOBI_LIVE_SHOW_ALL
2766,1859-XER,1859-XER N,AR199,AR,UDEN OVERDOSE,Niche Perfumes,15.0,Inspired by the fragrance notes of UDEN OVERDOSE. Woody Spicy fragrance for women and men.,https://leparfum.com.gr/en/niche-perfumes/1859-xer-n,2026-08-20,2026-08-20,ACTIVE,Choose+Bottle+Extra Essence,SHOBI_LIVE_SHOW_ALL
2765,1860-NAS,1860-NAS N,AR198,AR,,Niche Perfumes,15.0,"ABSINT - NASOMATTO.Aromatic, green, woody, fresh spicy, earthy, bitter fragrance.",https://leparfum.com.gr/en/niche-perfumes/1860-nas-n,2026-08-20,2026-08-20,ACTIVE,Choose+Bottle+Extra Essence,SHOBI_LIVE_SHOW_ALL
2764,583-DON,583-DON WP,WP690,WP,PURE DKNY - DONNA KARAN,Fragrances For Women,9.0,583-DON Inspired by the fragrance notes of PURE DKNY - DONNA KARAN.,https://leparfum.com.gr/en/fragrances-for-women/583-don-wp,2026-08-20,2026-08-20,ACTIVE,Choose+Bottle+Extra Essence,SHOBI_LIVE_SHOW_ALL
2763,1865-YZLO,1865-YZLO W,WP689,WP,MAGNIFICENT GOLD,Fragrances For Women,9.0,"1865-YZLO W Inspired by the fragrance notes of MAGNIFICENT GOLD. Vanilla, powdery, oud, warm spicy, woody fragrance.",https://leparfum.com.gr/en/fragrances-for-women/1865-yzlo-w,2026-08-20,2026-08-20,ACTIVE,Choose+Bottle+Extra Essence,SHOBI_LIVE_SHOW_ALL
2762,1518-RAL,1518-RAL W,WP688,WP,ROMANCE,Fragrances For Women,9.0,"1518-RAL W Inspired by the fragrance notes of ROMANCE. Floral, warm spicy, rose, citrus fragrance.",https://leparfum.com.gr/en/fragrances-for-women/1518-ral-w,2026-08-20,2026-08-20,ACTIVE,Choose+Bottle+Extra Essence,SHOBI_LIVE_SHOW_ALL
2760,1867-VER,1867-VER M,MP320,MP,EROS FLAME,Fragrances For Men,10.0,"1867-VER M Inspired by the fragrance notes of EROS FLAME. Fragrance citrus, vanilla, aromatic, fresh spicy, woody, warm , spicy, sweet, powdery.",https://leparfum.com.gr/en/fragrances-for-men/1867-ver-m,2026-08-20,2026-08-20,ACTIVE,Choose+Bottle+Extra Essence,SHOBI_LIVE_SHOW_ALL
2759,1864-GUC,1864-GUC WP,WP687,WP,Rush 2,Fragrances For Women,9.0,"1864-GUC Inspired by the fragrance notes of Rush 2. Fragrance green, white floral, floral, fruity, fresh.",https://leparfum.com.gr/en/fragrances-for-women/1864-guc-wp,2026-08-20,2026-08-20,ACTIVE,Choose+Bottle+Extra Essence,SHOBI_LIVE_SHOW_ALL
2758,1858-KUR,1858-KUR N,AR225,AR,AQUA UNIVERSALIS FORTE,Niche Perfumes,15.0,"1858-KUR N Inspired by the fragrance notes of AQUA UNIVERSALIS FORTE. Fragrance white floral, citrus, musky, aromatic, powdery.",https://leparfum.com.gr/en/niche-perfumes/1858-kur-n,2026-08-20,2026-08-20,ACTIVE,Choose+Bottle+Extra Essence,SHOBI_LIVE_SHOW_ALL
2757,1871-PEN,1871-PEN N,AR197,AR,CONSTANTINOPLE,Niche Perfumes,15.0,"1871-PEN N inspired by the fragrance notes of CONSTANTINOPLE. Fragrance woody, vanilla, aromatic, earthy, powdery.",https://leparfum.com.gr/en/niche-perfumes/1871-pen-n,2026-08-20,2026-08-20,ACTIVE,Choose+Bottle+Extra Essence,SHOBI_LIVE_SHOW_ALL
2756,1855-LTN,1855-LTN N,AR196,AR,,Niche Perfumes,15.0,1855-LTN Amber Spicy fragrance for men.,https://leparfum.com.gr/en/niche-perfumes/1855-ltn-n,2026-08-20,2026-08-20,ACTIVE,Choose+Bottle+Extra Essence,SHOBI_LIVE_SHOW_ALL
2755,1851-ARM,1851-ARM N,AR195,AR,JASMIN KUSAMONO,Niche Perfumes,15.0,"1851-ARM N Inspired by the fragrance notes of JASMIN KUSAMONO. Aroma white floral, fresh.",https://leparfum.com.gr/en/niche-perfumes/1851-arm-n,2026-08-20,2026-08-20,ACTIVE,Choose+Bottle+Extra Essence,SHOBI_LIVE_SHOW_ALL
2754,1857-ESCE,1857-ESCE N,AR194,AR,ESCENTRIC 05 - ESCENTRIC MOLECULES,Niche Perfumes,15.0,"Inspired by the fragrance notes of ESCENTRIC 05 - ESCENTRIC MOLECULES.Fragrance woody, aromatic, fresh spicy, musky, amber, citrus, powderyragrance fruity, soft spicy, fresh, aromatic, green, sweet, woody.",https://leparfum.com.gr/en/niche-perfumes/1857-esce-n,2026-08-20,2026-08-20,ACTIVE,Choose+Bottle+Extra Essence,SHOBI_LIVE_SHOW_ALL
2753,1856-PARF,1856-PARF N,AR193,AR,MELIORA - PARFUMS DE MARLY,Niche Perfumes,15.0,1856-PARF Inspired by the fragrance notes of MELIORA - PARFUMS DE MARLY.,https://leparfum.com.gr/en/niche-perfumes/1856-parf-n,2026-08-20,2026-08-20,ACTIVE,Choose+Bottle+Extra Essence,SHOBI_LIVE_SHOW_ALL
2752,1852-PRFRO,1852-PRFRO N,AR192,AR,BATTITO D'ALI - PROFUMUM ROMA,Niche Perfumes,15.0,"Inspired by the fragrance notes of BATTITO D'ALI - PROFUMUM ROMA.Aroma sweet, amber, vanilla, warm spicy, cocoa.",https://leparfum.com.gr/en/niche-perfumes/1852-prfro-n,2026-08-20,2026-08-20,ACTIVE,Choose+Bottle+Extra Essence,SHOBI_LIVE_SHOW_ALL
2751,1849-PRFRO,1849-PRFRO N,AR191,AR,ACQUA E ZUCCHERO - PROFUMUM ROMA,Niche Perfumes,15.0,"Inspired by the fragrance notes of ACQUA E ZUCCHERO - PROFUMUM ROMA.Vanilla, fruity, white floral, woody, sweet fragrance.",https://leparfum.com.gr/en/niche-perfumes/1849-prfro-n,2026-08-20,2026-08-20,ACTIVE,Choose+Bottle+Extra Essence,SHOBI_LIVE_SHOW_ALL
2750,1850-LEL,1850-LEL N,AR190,AR,ANOTHER 13 - LE LABO,Niche Perfumes,15.0,1850-LEL Inspired by the fragrance notes of ANOTHER 13 - LE LABO.,https://leparfum.com.gr/en/niche-perfumes/1850-lel-n,2026-08-20,2026-08-20,ACTIVE,Choose+Bottle+Extra Essence,SHOBI_LIVE_SHOW_ALL
2748,1844-BYR,1844-BYR EL,EL252,EL,Oud Immortel,Elegants Fragrances,10.0,"1844-BYR EL Inspired by the fragrance notes of Oud Immortel. Woody, oud, warm spicy, citrus.",https://leparfum.com.gr/en/elegants-fragrances/1844-byr-el,2026-08-20,2026-08-20,ACTIVE,Choose+Bottle+Extra Essence,SHOBI_LIVE_SHOW_ALL
2747,1845-BYR,1845-BYR EL,EL251,EL,Black Saffron,Elegants Fragrances,10.0,"1845-BYR EL Inspired by the fragrance notes of Black Saffron. Leather, fruity, woody fragrance for women and men.",https://leparfum.com.gr/en/elegants-fragrances/1845-byr-el,2026-08-20,2026-08-20,ACTIVE,Choose+Bottle+Extra Essence,SHOBI_LIVE_SHOW_ALL
2746,1846-MAN,1846-MAN EL,EL250,EL,COCO VANILLE - MANCERA,Elegants Fragrances,10.0,"1846-MAN EL Inspired by the fragrance notes of COCO VANILLE - MANCERA. Vanilla, sweet, coconut, white floral for women.",https://leparfum.com.gr/en/elegants-fragrances/1846-man-el,2026-08-20,2026-08-20,ACTIVE,Choose+Bottle+Extra Essence,SHOBI_LIVE_SHOW_ALL
2745,1847-LAN,1847-LAN W,WP686,WP,OUI LA VIE EST BELLE,Fragrances For Women,9.0,"1847-LAN W Inspired by the fragrance notes of OUI LA VIE EST BELLE . Fragrance sweet, fruity, rose, iris, woody.",https://leparfum.com.gr/en/fragrances-for-women/1847-lan-w-,2026-08-20,2026-08-20,ACTIVE,Choose+Bottle+Extra Essence,SHOBI_LIVE_SHOW_ALL
2743,543-DRC,543-DRC EL,EL249,EL,SOUFFLE DE SOIE,Elegants Fragrances,10.0,543-DRC EL Inspired by the fragrance notes of SOUFFLE DE SOIE.,https://leparfum.com.gr/en/elegants-fragrances/543-drc-el,2026-08-20,2026-08-20,ACTIVE,Choose+Bottle+Extra Essence,SHOBI_LIVE_SHOW_ALL
2742,1631-DRC,1631-DRC EL,EL248,EL,VANILLA ORAMA,Elegants Fragrances,10.0,1631-DRC EL Inspired by the fragrance notes of VANILLA ORAMA.,https://leparfum.com.gr/en/elegants-fragrances/1631-drc-el,2026-08-20,2026-08-20,ACTIVE,Choose+Bottle+Extra Essence,SHOBI_LIVE_SHOW_ALL
2741,317-MNT,317-MNT EL Perfume,EL247,EL,BLACK AOUD - MONTALE,Elegants Fragrances,10.0,317-MNT Inspired by the fragrance notes of BLACK AOUD - MONTALE.,https://leparfum.com.gr/en/elegants-fragrances/317-mnt-el-perfume,2026-08-20,2026-08-20,ACTIVE,Choose+Bottle+Extra Essence,SHOBI_LIVE_SHOW_ALL
2740,1542-JOM,1542-JOM,EL246,EL,English Oak & Redcurrant by Jo Malone London,Elegants Fragrances,10.0,1542-JOM Inspired by the fragrance notes of English Oak & Redcurrant by Jo Malone London. Fruity Floral fragrance for women and men.,https://leparfum.com.gr/en/elegants-fragrances/1542-jom,2026-08-20,2026-08-20,ACTIVE,Choose+Bottle+Extra Essence,SHOBI_LIVE_SHOW_ALL
2738,212-CRD,212-CRD EL,EL245,EL,Royal Mayfair,Elegants Fragrances,10.0,212-CRD EL Inspired by the fragrance notes of Royal Mayfair. Fruity Gourmet Floral fragrance for women and men.,https://leparfum.com.gr/en/elegants-fragrances/212-crd-el,2026-08-20,2026-08-20,ACTIVE,Choose+Bottle+Extra Essence,SHOBI_LIVE_SHOW_ALL
2737,209-CRD,209-CRD EL,EL244,EL,Fleurissimo,Elegants Fragrances,10.0,209-CRD EL Inspired by the fragrance notes of Fleurissimo. Floral fragrance for women with notes of violet and tuberose.,https://leparfum.com.gr/en/elegants-fragrances/209-crd-el,2026-08-20,2026-08-20,ACTIVE,Choose+Bottle+Extra Essence,SHOBI_LIVE_SHOW_ALL
2736,206-CRD,206-CRD EL,EL243,EL,Bois du Portu,Elegants Fragrances,10.0,206-CRD EL Inspired by the fragrance notes of Bois du Portu. Woody and botanical fragrance for men.,https://leparfum.com.gr/en/elegants-fragrances/206-crd-el,2026-08-20,2026-08-20,ACTIVE,Choose+Bottle+Extra Essence,SHOBI_LIVE_SHOW_ALL
2735,1706-KIL,1706-KIL WP,EL242,EL,PLAYING WITH THE DEVIL - KILIAN,Elegants Fragrances,10.0,1706-KIL WP Inspired by the fragrance notes of PLAYING WITH THE DEVIL - KILIAN. Fruity and spicy fragrance for women.,https://leparfum.com.gr/en/elegants-fragrances/1706-kil-wp,2026-08-20,2026-08-20,ACTIVE,Choose+Bottle+Extra Essence,SHOBI_LIVE_SHOW_ALL
2734,997-ABE,997-ABE MP,MP002,MP,,Fragrances For Men,9.0,FIERCE - ABERCROMBIE & FITCH Type,https://leparfum.com.gr/en/fragrances-for-men/fierce-abercrombie-fitch-type,2026-08-20,2026-08-20,ACTIVE,Choose+Bottle+Extra Essence,SHOBI_LIVE_SHOW_ALL
2733,191-ARM,191-ARM EL,EL241,EL,ROSE ALEXANDRIE,Elegants Fragrances,10.0,191-ARM EL Inspired by the fragrance notes of ROSE ALEXANDRIE. Citrusy fragrance for women with rose notes.,https://leparfum.com.gr/en/elegants-fragrances/191-arm-el,2026-08-20,2026-08-20,ACTIVE,Choose+Bottle+Extra Essence,SHOBI_LIVE_SHOW_ALL
2732,194-ARM,194-ARM EL,EL240,EL,THE YULONG,Elegants Fragrances,10.0,194-ARM EL Inspired by the fragrance notes of THE YULONG. Citrusy and green fragrance for women and men.,https://leparfum.com.gr/en/elegants-fragrances/194-arm-el,2026-08-20,2026-08-20,ACTIVE,Choose+Bottle+Extra Essence,SHOBI_LIVE_SHOW_ALL
2731,190-ARM,190-ARM EL,EL239,EL,PIVOINE SUZHOU,Elegants Fragrances,10.0,190-ARM EL Inspired by the fragrance notes of PIVOINE SUZHOU. Floral fragrance for women.,https://leparfum.com.gr/en/elegants-fragrances/190-arm-el,2026-08-20,2026-08-20,ACTIVE,Choose+Bottle+Extra Essence,SHOBI_LIVE_SHOW_ALL
2730,1833-SALV,1833-SALV,WP685,WP,,Fragrances For Women,9.0,"DALIMANIA - SALVADOR DALI.DaniMania by Salvatore Ferragamo Eau de Parfum is a playful and fruity floral-fruity fragrance. It opens with notes of red fruits and mandarin, its heart is filled with floral notes of jasmine and rose, while its base adds warmth with musk and woods, creating a sweet and youthful aura.",https://leparfum.com.gr/en/fragrances-for-women/dalimania-salvador-dali-similar-type,2026-08-20,2026-08-20,ACTIVE,Choose+Bottle+Extra Essence,SHOBI_LIVE_SHOW_ALL
2729,1842-YZLO,1842-YZLO W,WP684,WP,Baby Doll,Fragrances For Women,9.0,1842-YZLO W Inspired by the fragrance of Baby Doll. Fruity floral fragrance for women.,https://leparfum.com.gr/en/fragrances-for-women/1842-yzlo-w,2026-08-20,2026-08-20,ACTIVE,Choose+Bottle+Extra Essence,SHOBI_LIVE_SHOW_ALL
2728,1841-BAN,1841-BAN WP,WP683,WP,,Fragrances For Women,9.0,"ROSEWOOD - BANANA REPUBLIC.Rosewood - Banana Republic Eau de Parfum is a floral-woody fragrance. It combines notes of rose and fresh flowers in the heart with warm woods in the base, offering elegance, finesse and a timeless feminine feel.",https://leparfum.com.gr/en/fragrances-for-women/rosewood-banana-republic-similar-type,2026-08-20,2026-08-20,ACTIVE,Choose+Bottle+Extra Essence,SHOBI_LIVE_SHOW_ALL
2727,198-BON,198-BON EL,AR189,AR,HARRODS SWAROVSKI LIMITED EDITION - BOND,Niche Perfumes,15.0,Inspired by the fragrance notes of HARRODS SWAROVSKI LIMITED EDITION - BOND.,https://leparfum.com.gr/en/niche-perfumes/swarovski-bond-no9-similar-fragrance,2026-08-20,2026-08-20,ACTIVE,Choose+Bottle+Extra Essence,SHOBI_LIVE_SHOW_ALL
2726,197-BON,197-BON EL,AR188,AR,HARRODS ROYAL ROSE - BOND,Niche Perfumes,15.0,Inspired by the fragrance notes of HARRODS ROYAL ROSE - BOND.,https://leparfum.com.gr/en/niche-perfumes/harrods-royal-rose-bond-no9-similar-type,2026-08-20,2026-08-20,ACTIVE,Choose+Bottle+Extra Essence,SHOBI_LIVE_SHOW_ALL
2725,322-NAS,322-NAS EL,AR187,AR,,Niche Perfumes,15.0,BLAMAGE - NASOMATTO.Woody and leather fragrance for women and men.,https://leparfum.com.gr/en/niche-perfumes/blamage-nasomatto-clone,2026-08-20,2026-08-20,ACTIVE,Choose+Bottle+Extra Essence,SHOBI_LIVE_SHOW_ALL
2724,329-PEN,329-PEN EL,AR186,AR,JUNIPER SLING,Niche Perfumes,15.0,329-PEN Inspired by the fragrance notes of JUNIPER SLING. Woody Spicy fragrance for women and men.,https://leparfum.com.gr/en/niche-perfumes/329-pen-el,2026-08-20,2026-08-20,ACTIVE,Choose+Bottle+Extra Essence,SHOBI_LIVE_SHOW_ALL
2722,328-PEN,328-PEN EL,AR185,AR,IRIS PRIMA,Niche Perfumes,15.0,328-PEN Inspired by the fragrance notes of IRIS PRIMA. Musky Woody Floral fragrance for women and men.,https://leparfum.com.gr/en/niche-perfumes/328-pen-el,2026-08-20,2026-08-20,ACTIVE,Choose+Bottle+Extra Essence,SHOBI_LIVE_SHOW_ALL
2720,201-CLIV,201-CLIV EL,AR183,AR,No,Niche Perfumes,15.0,Inspired by the fragrance notes of No.1 for MEN - CLIVE CHRISTIAN.,https://leparfum.com.gr/en/niche-perfumes/no1-for-men-clive-christian-similar-type,2026-08-20,2026-08-20,ACTIVE,Choose+Bottle+Extra Essence,SHOBI_LIVE_SHOW_ALL
2719,1840-JOO,1840-JOO WP,WP682,WP,,Fragrances For Women,9.0,ALL ABOUT EVE - JOOP Similar Type,https://leparfum.com.gr/en/fragrances-for-women/all-about-eve-joop-similar-type,2026-08-20,2026-08-20,ACTIVE,Choose+Bottle+Extra Essence,SHOBI_LIVE_SHOW_ALL
2718,1839-JOV,1839-JOV N,AR182,AR,,Niche Perfumes,15.0,INCIDENT DIPLOMATIQUE - JOVOY PARIS.Woody Spicy fragrance for women and men.,https://leparfum.com.gr/en/niche-perfumes/1839-jov-n,2026-08-20,2026-08-20,ACTIVE,Choose+Bottle+Extra Essence,SHOBI_LIVE_SHOW_ALL
2717,1838-TAU,1838-TAU N,AR181,AR,02 L'AIR DU DESERT MAROCAIN - TAUER PERFUMES,Niche Perfumes,15.0,Inspired by the fragrance notes of 02 L'AIR DU DESERT MAROCAIN - TAUER PERFUMES.Botanical and woody fragrance for men and women.,https://leparfum.com.gr/en/niche-perfumes/02-l-air-du-desert-marocain-tauer-perfumes-similar-type,2026-08-20,2026-08-20,ACTIVE,Choose+Bottle+Extra Essence,SHOBI_LIVE_SHOW_ALL
2716,1837-KEI,1837-KEI N,AR180,AR,,Niche Perfumes,15.0,LOUKHOUM - KEIKO MECHERI.A sweet floral fragrance for women with almond notes.,https://leparfum.com.gr/en/niche-perfumes/1837-kei-n,2026-08-20,2026-08-20,ACTIVE,Choose+Bottle+Extra Essence,SHOBI_LIVE_SHOW_ALL
2715,1836-COT,1836-COT,EL238,EL,,Elegants Fragrances,10.0,VANILLA FIELDS - COTY.,https://leparfum.com.gr/en/elegants-fragrances/vanilla-fields-coty-similar-type,2026-08-20,2026-08-20,ACTIVE,Choose+Bottle+Extra Essence,SHOBI_LIVE_SHOW_ALL
2713,1835-JUL,1835-JUL,EL237,EL,,Elegants Fragrances,10.0,MMMM... - JULIETTE HAS A GUN.,https://leparfum.com.gr/en/elegants-fragrances/mmmm-juliette-has-a-gun-similar-type,2026-08-20,2026-08-20,ACTIVE,Choose+Bottle+Extra Essence,SHOBI_LIVE_SHOW_ALL
2712,1834-TMFO,1834-TMFO,EL236,EL,VIOLET BLONDE,Elegants Fragrances,10.0,1834-TMFO Inspired by the fragrance notes of VIOLET BLONDE. Musk scent for women with powder and iris notes.,https://leparfum.com.gr/en/elegants-fragrances/1834-tmfo,2026-08-20,2026-08-20,ACTIVE,Choose+Bottle+Extra Essence,SHOBI_LIVE_SHOW_ALL
2711,1832-TMFO,1832-TMFO,EL235,EL,MUSK PURE,Elegants Fragrances,10.0,1832-TMFO Inspired by the fragrance notes of MUSK PURE. Musk scent fragrance for women.,https://leparfum.com.gr/en/elegants-fragrances/1832-tmfo,2026-08-20,2026-08-20,ACTIVE,Choose+Bottle+Extra Essence,SHOBI_LIVE_SHOW_ALL
2710,1831-TMFO,1831-TMFO EL,EL234,EL,URBAN MUSK,Elegants Fragrances,10.0,1831-TMFO EL Inspired by the fragrance notes of URBAN MUSK. Musk Woody Floral fragrance for women.,https://leparfum.com.gr/en/elegants-fragrances/1831-tmfo-el,2026-08-20,2026-08-20,ACTIVE,Choose+Bottle+Extra Essence,SHOBI_LIVE_SHOW_ALL
2709,1830-TMFO,1830-TMFO,EL233,EL,JASMINE MUSK,Elegants Fragrances,10.0,1830-TMFO Inspired by the fragrance notes of JASMINE MUSK. Musk Woody Floral fragrance for women.,https://leparfum.com.gr/en/elegants-fragrances/1830-tmfo,2026-08-20,2026-08-20,ACTIVE,Choose+Bottle+Extra Essence,SHOBI_LIVE_SHOW_ALL
2708,1829-BOB,1829-BOB W,WP681,WP,Bath,Fragrances For Women,9.0,Inspired by the fragrance notes of Bath.Aquatic Floral fragrance for women.,https://leparfum.com.gr/en/fragrances-for-women/1829-bob-w,2026-08-20,2026-08-20,ACTIVE,Choose+Bottle+Extra Essence,SHOBI_LIVE_SHOW_ALL
2706,1827-JOM,1827-JOM,EL232,EL,Tropical Cherimoya by Jo Malone London,Elegants Fragrances,10.0,1827-JOM Inspired by the fragrance notes of Tropical Cherimoya by Jo Malone London. Fruity Floral fragrance for women and men.,https://leparfum.com.gr/en/elegants-fragrances/1827-jom,2026-08-20,2026-08-20,ACTIVE,Choose+Bottle+Extra Essence,SHOBI_LIVE_SHOW_ALL
2705,1822-MNT,1822-MNT N Perfume,AR179,AR,ORCHID POWDER - MONTALE,Niche Perfumes,15.0,1822-MNT Inspired by the fragrance notes of ORCHID POWDER - MONTALE.,https://leparfum.com.gr/en/niche-perfumes/1822-mnt-n-perfume,2026-08-20,2026-08-20,ACTIVE,Choose+Bottle+Extra Essence,SHOBI_LIVE_SHOW_ALL
2704,1820-KUR,1820-KUR N,AR178,AR,AMYRIS FEMME,Niche Perfumes,15.0,"1820-KUR N Inspired by the fragrance notes of AMYRIS FEMME. Woody, botanical and citrusy fragrance for women.",https://leparfum.com.gr/en/niche-perfumes/1820-kur-n,2026-08-20,2026-08-20,ACTIVE,Choose+Bottle+Extra Essence,SHOBI_LIVE_SHOW_ALL
2703,1826-JOM,1826-JOM,EL231,EL,Iris & White Musk by Jo Malone London,Elegants Fragrances,10.0,1826-JOM Inspired by the fragrance notes of Iris & White Musk by Jo Malone London. A musky scent for women with notes of powder and iris.,https://leparfum.com.gr/en/elegants-fragrances/1826-jom,2026-08-20,2026-08-20,ACTIVE,Choose+Bottle+Extra Essence,SHOBI_LIVE_SHOW_ALL
2702,1825-CRD,1825-CRD N,AR177,AR,Millesime Imperial,Niche Perfumes,15.0,Inspired by the fragrance notes of Millesime Imperial. Woody Musk Floral fragrance for women and men.,https://leparfum.com.gr/en/niche-perfumes/1825-crd-n,2026-08-20,2026-08-20,ACTIVE,Choose+Bottle+Extra Essence,SHOBI_LIVE_SHOW_ALL
2701,1824-VAR,1824-VAR,MP319,MP,,Fragrances For Men,10.0,ARTISAN - JOHN VARVATOS Similar Type.,https://leparfum.com.gr/en/fragrances-for-men/artisan-john-varvatos-similar-type,2026-08-20,2026-08-20,ACTIVE,Choose+Bottle+Extra Essence,SHOBI_LIVE_SHOW_ALL
2700,1819-MIC,1819-MIC W,WP679,WP,Midnight Shimmer,Fragrances For Women,9.0,1819-MIC W Inspired by the fragrance notes of Midnight Shimmer. Floral woody fragrance for women with vanilla notes.,https://leparfum.com.gr/en/fragrances-for-women/1819-mic-w,2026-08-20,2026-08-20,ACTIVE,Choose+Bottle+Extra Essence,SHOBI_LIVE_SHOW_ALL
2699,1823-DOL,1823-DOL W,WP678,WP,LIGHT BLUE SUN,Fragrances For Women,9.0,1823-DOL Inspired by the fragrance notes of LIGHT BLUE SUN.,https://leparfum.com.gr/en/fragrances-for-women/1823-dol-w,2026-08-20,2026-08-20,ACTIVE,Choose+Bottle+Extra Essence,SHOBI_LIVE_SHOW_ALL
2698,1821-TMFO,1821-TMFO,EL230,EL,JASMIN ROUGE,Elegants Fragrances,10.0,"1821-TMFO Inspired by the fragrance notes of JASMIN ROUGE. Musk Spicy floral fragrance characterized by an unexpected composition with precious sepals, combined with sage and rich spices.",https://leparfum.com.gr/en/elegants-fragrances/1821-tmfo,2026-08-20,2026-08-20,ACTIVE,Choose+Bottle+Extra Essence,SHOBI_LIVE_SHOW_ALL
2697,1818-FRE,1818-FRE N,AR176,AR,the notes of MUSC RAVAGEUR,Niche Perfumes,15.0,1818-FRE N inspired by the notes of MUSC RAVAGEUR. Sweet and spicy fragrance for women and men with powder notes.,https://leparfum.com.gr/en/niche-perfumes/1818-fre-n,2026-08-20,2026-08-20,ACTIVE,Choose+Bottle+Extra Essence,SHOBI_LIVE_SHOW_ALL
2696,1801-JUL,1801-JUL EL,EL229,EL,NOT A PERFUME - JULIETTE HAS A GUN,Elegants Fragrances,10.0,Inspired by the fragrance notes of NOT A PERFUME - JULIETTE HAS A GUN.,https://leparfum.com.gr/en/elegants-fragrances/not-a-perfume-juliette-has-a-gun-clone,2026-08-20,2026-08-20,ACTIVE,Choose+Bottle+Extra Essence,SHOBI_LIVE_SHOW_ALL
2695,1817-JUL,1817-JUL,EL228,EL,SUNNY SIDE UP - JULIETTE HAS A GUN,Elegants Fragrances,10.0,1817-JUL Inspired by the fragrance notes of SUNNY SIDE UP - JULIETTE HAS A GUN.,https://leparfum.com.gr/en/elegants-fragrances/1817-jul,2026-08-20,2026-08-20,ACTIVE,Choose+Bottle+Extra Essence,SHOBI_LIVE_SHOW_ALL
2694,1816-TER,1816-TER N,AR175,AR,BIANCO PURO - TIZIANA TERENZI,Niche Perfumes,15.0,Inspired by the fragrance notes of BIANCO PURO - TIZIANA TERENZI.Fruity floral fragrance for women and men with hot spicy notes.,https://leparfum.com.gr/en/niche-perfumes/1816-ter-n,2026-08-20,2026-08-20,ACTIVE,Choose+Bottle+Extra Essence,SHOBI_LIVE_SHOW_ALL
2693,1815-PAC,1815-PAC WP,WP677,WP,BLOSSOM ME,Fragrances For Women,9.0,1815-PAC WP inspired by the fragrance notes of BLOSSOM ME,https://leparfum.com.gr/en/fragrances-for-women/1815-pac-wp,2026-08-20,2026-08-20,ACTIVE,Choose+Bottle+Extra Essence,SHOBI_LIVE_SHOW_ALL
2692,810-LTN,810-LTN N,AR174,AR,the fragrance notes,Niche Perfumes,15.0,810-LTN Inspired by the fragrance notes. Woody Amber fragrance for women.,https://leparfum.com.gr/en/niche-perfumes/810-ltn-n,2026-08-20,2026-08-20,ACTIVE,Choose+Bottle+Extra Essence,SHOBI_LIVE_SHOW_ALL
2691,809-LTN,809-LTN N,AR173,AR,the fragrance notes,Niche Perfumes,15.0,809-LTN Inspired by the fragrance notes.,https://leparfum.com.gr/en/niche-perfumes/809-ltn-n,2026-08-20,2026-08-20,ACTIVE,Choose+Bottle+Extra Essence,SHOBI_LIVE_SHOW_ALL
2690,333-ROJ,333-ROJ EL,AR172,AR,,Niche Perfumes,15.0,A GOODNIGHT KISS - ROJA DOVE.Powder and iris fragrance for women.,https://leparfum.com.gr/en/niche-perfumes/a-goodnight-kiss-roja-dove-perfume-type,2026-08-20,2026-08-20,ACTIVE,Choose+Bottle+Extra Essence,SHOBI_LIVE_SHOW_ALL
2689,1814-AJMA,1814-AJMA,AR171,AR,,Arabian Perfumes,15.0,MIZYAAN - AJMAL.Musky fragrance for women and men.,https://leparfum.com.gr/en/arabian-perfumes/mizyaan-ajmal-arabic-perfume-type,2026-08-20,2026-08-20,ACTIVE,Choose+Bottle+Extra Essence,SHOBI_LIVE_SHOW_ALL
2688,,DANAT AL DUNIYA - AJMAL Perfume Type,AR170,AR,,Arabian Perfumes,15.0,Musk Woody Floral fragrance for women and men.,https://leparfum.com.gr/en/arabian-perfumes/danat-al-duniya-ajmal-perfume-type,2026-08-20,2026-08-20,ACTIVE,Choose+Bottle+Extra Essence,SHOBI_LIVE_SHOW_ALL
2687,1812-ALJA,1812-ALJA AR,AR169,AR,,Arabian Perfumes,15.0,"PALACE - AL JAZEERΑ.Rose, patchouli, woody, amber, musky, warm spicy, balsamic, floral, earthy, animalic fragrance for women and men.",https://leparfum.com.gr/en/arabian-perfumes/palace-al-jazeera-perfumes-type,2026-08-20,2026-08-20,ACTIVE,Choose+Bottle+Extra Essence,SHOBI_LIVE_SHOW_ALL
2686,1811-ALJA,1811-ALJA AR,AR168,AR,,Arabian Perfumes,15.0,"MAGIC - AL JAZEERA.An Amber Floral fragrance for women. Ozonic, salty, vanilla, sweet, rose, amber, woody, patchouli, balsamic, marine.",https://leparfum.com.gr/en/arabian-perfumes/magic-al-jazeera-perfumes-type,2026-08-20,2026-08-20,ACTIVE,Choose+Bottle+Extra Essence,SHOBI_LIVE_SHOW_ALL
2685,1810-RAS,1810-RAS AR,AR167,AR,,Arabian Perfumes,15.0,LA YUQAWAM TOBACCO BLAZE - RASASI.Hot and spicy fragrance for men with notes of leather.,https://leparfum.com.gr/en/arabian-perfumes/la-yuqawam-tobacco-blaze-rasasi-perfume-type,2026-08-20,2026-08-20,ACTIVE,Choose+Bottle+Extra Essence,SHOBI_LIVE_SHOW_ALL
2684,320-NAS,320-NAS EL,AR166,AR,,Niche Perfumes,15.0,Α woody fragrance for men and women with notes wiskey and musk.,https://leparfum.com.gr/en/niche-perfumes/baraonda-nasomatto-perfume-type,2026-08-20,2026-08-20,ACTIVE,Choose+Bottle+Extra Essence,SHOBI_LIVE_SHOW_ALL
2683,1809-PEN,1809-PEN N,AR165,AR,SARTORIAL,Niche Perfumes,15.0,1809-PEN Inspired by the fragrance notes of SARTORIAL. One of the best barbershop fragrance!,https://leparfum.com.gr/en/niche-perfumes/1809-pen-n,2026-08-20,2026-08-20,ACTIVE,Choose+Bottle+Extra Essence,SHOBI_LIVE_SHOW_ALL
2681,1807-PARF,1807-PARF N,AR163,AR,DARCY - PARFUMS DE MARLY,Niche Perfumes,15.0,1807-PARF Inspired by the fragrance notes of DARCY - PARFUMS DE MARLY.,https://leparfum.com.gr/en/niche-perfumes/1807-parf-n,2026-08-20,2026-08-20,ACTIVE,Choose+Bottle+Extra Essence,SHOBI_LIVE_SHOW_ALL
2680,1806-PARF,1806-PARF N,AR162,AR,ORIANA - PARFUMS DE MARLY,Niche Perfumes,15.0,1806-PARF Inspired by the fragrance notes of ORIANA - PARFUMS DE MARLY.,https://leparfum.com.gr/en/niche-perfumes/1806-parf-n,2026-08-20,2026-08-20,ACTIVE,Choose+Bottle+Extra Essence,SHOBI_LIVE_SHOW_ALL
2677,1804-DRC,1804-DRC EL,EL227,EL,TOBACOLOR,Elegants Fragrances,10.0,1804-DRC EL Inspired by the fragrance notes of TOBACOLOR.,https://leparfum.com.gr/en/elegants-fragrances/1804-drc-el,2026-08-20,2026-08-20,ACTIVE,Choose+Bottle+Extra Essence,SHOBI_LIVE_SHOW_ALL
2676,1803-DRC,1803-DRC W,WP676,WP,J'ADORE INFINISSIME,Fragrances For Women,9.0,1803-DRC W Inspired by the fragrance notes of J'ADORE INFINISSIME. White floral fragrance with tuberose notes for women.,https://leparfum.com.gr/en/fragrances-for-women/1803-drc-w,2026-08-20,2026-08-20,ACTIVE,Choose+Bottle+Extra Essence,SHOBI_LIVE_SHOW_ALL
2672,1802-JOM,1802-JOM,EL226,EL,Midnight Musk & Amber by Jo Malone London,Elegants Fragrances,10.0,1802-JOM Inspired by the fragrance notes of Midnight Musk & Amber by Jo Malone London. Musky scent with amber notes.,https://leparfum.com.gr/en/elegants-fragrances/1802-jom,2026-08-20,2026-08-20,ACTIVE,Choose+Bottle+Extra Essence,SHOBI_LIVE_SHOW_ALL
2670,1492-ABE,1492-ABE MP,MP001,MP,,Fragrances For Men,9.0,A&F BEACON - ABERCROMBIE & FITCH Type,https://leparfum.com.gr/en/fragrances-for-men/beacon-abercrombie-fitch-type,2026-08-20,2026-08-20,ACTIVE,Choose+Bottle+Extra Essence,SHOBI_LIVE_SHOW_ALL
2662,1800-XER,1800-XER N,AR161,AR,DOLCE AMALFI,Niche Perfumes,15.0,Inspired by the fragrance notes of DOLCE AMALFI. Amber perfume for women and men.,https://leparfum.com.gr/en/niche-perfumes/1800-xer-n,2026-08-20,2026-08-20,ACTIVE,Choose+Bottle+Extra Essence,SHOBI_LIVE_SHOW_ALL
2661,1799-MAN,1799-MAN N,AR160,AR,AOUD VANILLE - MANCERA,Niche Perfumes,15.0,1799-MAN N Inspired by the fragrance notes of AOUD VANILLE - MANCERA. Oriental Vanilla and Oud fragrance for women and men.,https://leparfum.com.gr/en/niche-perfumes/1799-man-n,2026-08-20,2026-08-20,ACTIVE,Choose+Bottle+Extra Essence,SHOBI_LIVE_SHOW_ALL
2660,1798-AMG,1798-AMG N,AR159,AR,Journey Man,Niche Perfumes,15.0,Inspired by the fragrance notes of Journey Man.A woody spicy fragrance for men with notes of pepper and cardamom.,https://leparfum.com.gr/en/niche-perfumes/1798-amg-n,2026-08-20,2026-08-20,ACTIVE,Choose+Bottle+Extra Essence,SHOBI_LIVE_SHOW_ALL
2659,1797-INI,1797-INI N,AR158,AR,BLESSED BARAKA - INITIO PARFUMS,Niche Perfumes,15.0,1797-INI N Inspired by the fragrance notes of BLESSED BARAKA - INITIO PARFUMS. A powdery and amber perfume for men and women.,https://leparfum.com.gr/en/niche-perfumes/1797-ini-n,2026-08-20,2026-08-20,ACTIVE,Choose+Bottle+Extra Essence,SHOBI_LIVE_SHOW_ALL
2658,1796-SERG,1796-SERG N,AR157,AR,Jeux de Peau Serge Lutens,Niche Perfumes,15.0,1796-SERG Inspired by the fragrance notes of Jeux de Peau Serge Lutens. A milky and woody amber perfume for men and women.,https://leparfum.com.gr/en/niche-perfumes/1796-serg-n,2026-08-20,2026-08-20,ACTIVE,Choose+Bottle+Extra Essence,SHOBI_LIVE_SHOW_ALL
2657,1795-MARG,1795-MARG AR,AR156,AR,Jazz Club edt,Niche Perfumes,15.0,1795-MARG Inspired by the fragrance notes of Jazz Club edt.  A leather perfume for men and women. Notes of pipe smoke and rum.,https://leparfum.com.gr/en/niche-perfumes/1795-marg-ar,2026-08-20,2026-08-20,ACTIVE,Choose+Bottle+Extra Essence,SHOBI_LIVE_SHOW_ALL
2655,1794-ISS,1794-ISS,WP674,WP,L'Eau d'Issey Pure Nectar,Fragrances For Women,9.0,"1794-ISS Inspired by the fragrance notes of L'Eau d'Issey Pure Nectar. Fragrance floral, fresh and watery.",https://leparfum.com.gr/en/fragrances-for-women/1794-iss,2026-08-20,2026-08-20,ACTIVE,Choose+Bottle+Extra Essence,SHOBI_LIVE_SHOW_ALL
2654,1787-JIM,1787-JIM WP,WP673,WP,,Fragrances For Women,9.0,"Fragrance white floral, vanilla, fruity, sweet, powdery. For a sexy night out.",https://leparfum.com.gr/en/fragrances-for-women/i-want-choo-jimmy-similar-type,2026-08-20,2026-08-20,ACTIVE,Choose+Bottle+Extra Essence,SHOBI_LIVE_SHOW_ALL
2653,1785-LAN,1785-LAN W,WP672,WP,IDOLE L'INTENSE,Fragrances For Women,9.0,"1785-LAN W Inspired by the fragrance notes of IDOLE L'INTENSE .Fragrance woody, rose, musky.",https://leparfum.com.gr/en/fragrances-for-women/1785-lan-w,2026-08-20,2026-08-20,ACTIVE,Choose+Bottle+Extra Essence,SHOBI_LIVE_SHOW_ALL
2648,1788-YZLO,1788-YZLO W,WP671,WP,BLACK OPIUM EXTREME,Fragrances For Women,9.0,"1788-YZLO W Inspired by the fragrance notes of BLACK OPIUM EXTREME. Fragrance warm spicy, coffee, cacao, vanilla.",https://leparfum.com.gr/en/fragrances-for-women/1788-yzlo-w,2026-08-20,2026-08-20,ACTIVE,Choose+Bottle+Extra Essence,SHOBI_LIVE_SHOW_ALL
2647,1789-GUC,1789-GUC WP,WP670,WP,Flora Gorgeous Gardenia EDP,Fragrances For Women,9.0,"1789-GUC Inspired by the fragrance notes of Flora Gorgeous Gardenia EDP. Fragrance white floral, sweet, floral, patchouli, fruity.",https://leparfum.com.gr/en/fragrances-for-women/1789-guc-wp,2026-08-20,2026-08-20,ACTIVE,Choose+Bottle+Extra Essence,SHOBI_LIVE_SHOW_ALL
2646,1786-COUR,1786-COUR WP,WP669,WP,,Fragrances For Women,9.0,SLOGAN - COURREGES.,https://leparfum.com.gr/en/fragrances-for-women/slogan-courreges-arwma,2026-08-20,2026-08-20,ACTIVE,Choose+Bottle+Extra Essence,SHOBI_LIVE_SHOW_ALL
2645,1784-ESC,1784-ESC WP,WP668,WP,SUMMER FESTIVAL - ESCADA,Fragrances For Women,9.0,Inspired by the fragrance notes of SUMMER FESTIVAL - ESCADA.,https://leparfum.com.gr/en/fragrances-for-women/summer-festival-escada-similar-type,2026-08-20,2026-08-20,ACTIVE,Choose+Bottle+Extra Essence,SHOBI_LIVE_SHOW_ALL
2637,1782-DIP,1782-DIP EL,EL225,EL,KYOTO,Elegants Fragrances,10.0,"1782-DIP EL inspired by the fragrance notes of KYOTO. Fragrance earthy, rose, woody, aromatic.",https://leparfum.com.gr/en/elegants-fragrances/1782-dip-el,2026-08-20,2026-08-20,ACTIVE,Choose+Bottle+Extra Essence,SHOBI_LIVE_SHOW_ALL
2634,1766-PEN,1766-PEN N,AR154,AR,THE BLAZING MR SAM,Niche Perfumes,15.0,"1766-PEN Inspired by the fragrance notes of THE BLAZING MR SAM. Fragrance warm spicy, tobacco, woody, vanilla, cinnamon, sweet.",https://leparfum.com.gr/en/niche-perfumes/1766-pen-n,2026-08-20,2026-08-20,ACTIVE,Choose+Bottle+Extra Essence,SHOBI_LIVE_SHOW_ALL
2633,1762-ETLR,1762-ETLR N,AR153,AR,PUTAIN DES PALACES - ETAT LIBRE D'ORANGE,Niche Perfumes,15.0,"Inspired by the fragrance notes of PUTAIN DES PALACES - ETAT LIBRE D'ORANGE.Fragrance powder, violet, leather goods, leather goods, animal.",https://leparfum.com.gr/en/niche-perfumes/1762-etlr-n,2026-08-20,2026-08-20,ACTIVE,Choose+Bottle+Extra Essence,SHOBI_LIVE_SHOW_ALL
2632,1761-DIP,1761-DIP N,AR152,AR,L' EAU DES HESPERIDES,Niche Perfumes,15.0,"1761-DIP AR inspired by the fragrance notes of L' EAU DES HESPERIDES. Fragrance citrus, green, aromatic, fresh spicy, fresh.",https://leparfum.com.gr/en/niche-perfumes/1761-dip-n,2026-08-20,2026-08-20,ACTIVE,Choose+Bottle+Extra Essence,SHOBI_LIVE_SHOW_ALL
2631,1758-MNT,1758-MNT N,AR151,AR,ROSES MUSK - MONTALE,Niche Perfumes,15.0,"1758-MNT N Inspired by the fragrance notes of ROSES MUSK - MONTALE. Fragrance rose, musky, powdery, floral.",https://leparfum.com.gr/en/niche-perfumes/1758-mnt-n,2026-08-20,2026-08-20,ACTIVE,Choose+Bottle+Extra Essence,SHOBI_LIVE_SHOW_ALL
2630,1759-LTN,1759-LTN N,AR150,AR,LES,Niche Perfumes,15.0,1759-LTN Inspired by the fragrance notes of LES.,https://leparfum.com.gr/en/niche-perfumes/1759-ltn-n,2026-08-20,2026-08-20,ACTIVE,Choose+Bottle+Extra Essence,SHOBI_LIVE_SHOW_ALL
2629,1780-RCAV,1780-RCAV WP,WP667,WP,JUST - CAVALLI,Fragrances For Women,9.0,1780-RCAV Inspired by the fragrance notes of JUST - CAVALLI.,https://leparfum.com.gr/en/fragrances-for-women/1780-rcav-wp,2026-08-20,2026-08-20,ACTIVE,Choose+Bottle+Extra Essence,SHOBI_LIVE_SHOW_ALL
2628,1776-MNT,1776-MNT N,AR149,AR,DARK VANILLA - MONTALE,Niche Perfumes,15.0,"1776-MNT N Inspired by the fragrance notes of DARK VANILLA - MONTALE. Fragrance woody, vanilla, animalic, warm spicy, leather.",https://leparfum.com.gr/en/niche-perfumes/1776-mnt-n,2026-08-20,2026-08-20,ACTIVE,Choose+Bottle+Extra Essence,SHOBI_LIVE_SHOW_ALL
2627,1774-ARM,1774-ARM W,WP666,WP,a TERRA DI GIOIA,Fragrances For Women,9.0,"1774-ARM W Inspired by the fragrance notes of a TERRA DI GIOIA. A fruity‑floral‑amber fragrance made for women that evokes warm Mediterranean earth, sunshine and natural beauty — blending bright fruit, soft florals and gentle woods into  cozy yet radiant scent.",https://leparfum.com.gr/en/fragrances-for-women/1774-arm-w,2026-08-20,2026-08-20,ACTIVE,Choose+Bottle+Extra Essence,SHOBI_LIVE_SHOW_ALL
2626,1772-TER,1772-TER N,AR148,AR,BURDEL - TIZIANA TERENZI,Niche Perfumes,15.0,"Inspired by the fragrance notes of BURDEL - TIZIANA TERENZI.Fragrance woody, fresh spicy, amber, powdery.",https://leparfum.com.gr/en/niche-perfumes/1772-ter-n,2026-08-20,2026-08-20,ACTIVE,Choose+Bottle+Extra Essence,SHOBI_LIVE_SHOW_ALL
2625,1770-BON,1770-BON N,AR147,AR,NEW YORK NIGHTS - BOND,Niche Perfumes,15.0,Inspired by the fragrance notes of NEW YORK NIGHTS - BOND.,https://leparfum.com.gr/en/niche-perfumes/1770-bon-n,2026-08-20,2026-08-20,ACTIVE,Choose+Bottle+Extra Essence,SHOBI_LIVE_SHOW_ALL
2624,1769-LTN,1769-LTN N,AR146,AR,the fragrance notes Roses,Niche Perfumes,15.0,1769-LTN Inspired by the fragrance notes Roses.,https://leparfum.com.gr/en/niche-perfumes/1769-ltn-n,2026-08-20,2026-08-20,ACTIVE,Choose+Bottle+Extra Essence,SHOBI_LIVE_SHOW_ALL
2623,1768-LTN,1768-LTN N,AR145,AR,the fragrance notes,Niche Perfumes,15.0,1768-LTN Inspired by the fragrance notes.,https://leparfum.com.gr/en/niche-perfumes/1768-ltn-n,2026-08-20,2026-08-20,ACTIVE,Choose+Bottle+Extra Essence,SHOBI_LIVE_SHOW_ALL
2622,,1767 - LTN N,AR144,AR,,Niche Perfumes,15.0,"1767 - LTN Fragrance fresh, floral, rose, warm spicy, fruity, cacao, tropical.",https://leparfum.com.gr/en/niche-perfumes/1767-ltn-n,2026-08-20,2026-08-20,ACTIVE,Choose+Bottle+Extra Essence,SHOBI_LIVE_SHOW_ALL
2620,1764-GUR,1764-GUR W,WP665,WP,AQUA ALLEGORIA COCONUT FIZZ - GUERLAIN,Fragrances For Women,9.0,"1764-GUR W Inspired by the fragrance notes of AQUA ALLEGORIA COCONUT FIZZ - GUERLAIN. One of the limited‑edition releases in Guerlain’s Aqua Allegoria line — a collection known for fresh, effervescent, nature‑inspired fragrances. Coconut Fizz leans into a tropical, creamy‑fresh vibe that’s fun, sunny, and lightly gourmand without being heavy.",https://leparfum.com.gr/en/fragrances-for-women/1764-gur-w,2026-08-20,2026-08-20,ACTIVE,Choose+Bottle+Extra Essence,SHOBI_LIVE_SHOW_ALL
2619,1760-FRE,1760-FRE N,AR142,AR,the notes of IRIS POUDRE,Niche Perfumes,15.0,"1760-FRE N inspired by the notes of IRIS POUDRE. Fragrance powdery, woody, iris, violet, musky.",https://leparfum.com.gr/en/niche-perfumes/1760-fre-n,2026-08-20,2026-08-20,ACTIVE,Choose+Bottle+Extra Essence,SHOBI_LIVE_SHOW_ALL
2618,1755-MNT,1755-MNT N Perfume,AR141,AR,VANILLA CAKE - MONTALE,Niche Perfumes,15.0,1755-MNT Inspired by the fragrance notes of  VANILLA CAKE - MONTALE.,https://leparfum.com.gr/en/niche-perfumes/1755-mnt-n-perfume,2026-08-20,2026-08-20,ACTIVE,Choose+Bottle+Extra Essence,SHOBI_LIVE_SHOW_ALL
2613,1751-GUL,1751-GUL WP,WP664,WP,MADAME,Fragrances For Women,9.0,1751-GUL Inspired by the fragrance notes of MADAME.,https://leparfum.com.gr/en/fragrances-for-women/1751-gul-wp,2026-08-20,2026-08-20,ACTIVE,Choose+Bottle+Extra Essence,SHOBI_LIVE_SHOW_ALL
2612,1763-JILS,1763-JILS WP,WP663,WP,,Fragrances For Women,9.0,SUN - JIL SANDER Similar Type,https://leparfum.com.gr/en/fragrances-for-women/sun-jil-sander-similar-type,2026-08-20,2026-08-20,ACTIVE,Choose+Bottle+Extra Essence,SHOBI_LIVE_SHOW_ALL
2611,1765-JEN,1765-JEN WP,WP662,WP,,Fragrances For Women,9.0,MIAMI GLOW - JENNIFER LOPEZ Similar Type,https://leparfum.com.gr/en/fragrances-for-women/miami-glow-lopez-similar,2026-08-20,2026-08-20,ACTIVE,Choose+Bottle+Extra Essence,SHOBI_LIVE_SHOW_ALL
2610,1757-DIP,1757-DIP N,AR139,AR,EAU DUELLE EAU DE PARFUM,Niche Perfumes,15.0,"1757-DIP AR inspired by the fragrance notes of EAU DUELLE EAU DE PARFUM. Fragrance vanilla, amber, warm spicy.",https://leparfum.com.gr/en/niche-perfumes/1757-dip-n,2026-08-20,2026-08-20,ACTIVE,Choose+Bottle+Extra Essence,SHOBI_LIVE_SHOW_ALL
2609,1754-HER,1754-HER N,AR138,AR,VANILLE GALANTE HERMESSENCE - HERMES,Niche Perfumes,15.0,1754-HER Inspired by the fragrance notes of VANILLE GALANTE HERMESSENCE - HERMES.,https://leparfum.com.gr/en/niche-perfumes/1754-her-n,2026-08-20,2026-08-20,ACTIVE,Choose+Bottle+Extra Essence,SHOBI_LIVE_SHOW_ALL
2607,1775-DIP,1775-DIP N,AR143,AR,ORPHEON EAU DE PARFUM,Niche Perfumes,15.0,"1775-DIP AR inspired by the fragrance notes of ORPHEON EAU DE PARFUM. Fragrance with powdery, woody, aromatic, white floral, fresh spicy, vanilla.",https://leparfum.com.gr/en/niche-perfumes/1775-dip-n,2026-08-20,2026-08-20,ACTIVE,Choose+Bottle+Extra Essence,SHOBI_LIVE_SHOW_ALL
2606,1752-JUL,1752-JUL N,AR137,AR,VANILLA VIBES - JULIETTE HAS A GUN,Niche Perfumes,15.0,Inspired by the fragrance notes of VANILLA VIBES - JULIETTE HAS A GUN.,https://leparfum.com.gr/en/niche-perfumes/1752-jul-n,2026-08-20,2026-08-20,ACTIVE,Choose+Bottle+Extra Essence,SHOBI_LIVE_SHOW_ALL
2605,1773-PRA,1773-PRA MP,MP318,MP,LUNA ROSSA OCEAN - PRADA,Fragrances For Men,9.0,"1773-PRA MP inspired by the fragrance notes of LUNA ROSSA OCEAN - PRADA. Fragrance aromatic, musky, lavender.",https://leparfum.com.gr/en/fragrances-for-men/1773-pra-mp,2026-08-20,2026-08-20,ACTIVE,Choose+Bottle+Extra Essence,SHOBI_LIVE_SHOW_ALL
2604,1750-LTN,1750-LTN N,AR136,AR,the fragrance notes,Niche Perfumes,15.0,1750-LTN Inspired by the fragrance notes.,https://leparfum.com.gr/en/niche-perfumes/1750-ltn-n,2026-08-20,2026-08-20,ACTIVE,Choose+Bottle+Extra Essence,SHOBI_LIVE_SHOW_ALL
2603,1749-BLG,1749-BLG N,AR135,AR,Gyan,Niche Perfumes,15.0,"1749-BLG N Inspired by the fragrance notes of Gyan. Fragrance with patchouli, warm spicy, white floral, woody, balsamic, amber, smoky, earthy.",https://leparfum.com.gr/en/niche-perfumes/1749-blg-n,2026-08-20,2026-08-20,ACTIVE,Choose+Bottle+Extra Essence,SHOBI_LIVE_SHOW_ALL
2602,1748-BYR,1748-BYR N,AR134,AR,Marijuana,Niche Perfumes,15.0,"1748-BYR AR Inspired by the fragrance notes of Marijuana. Warm woody, smoky and slightly sweet.",https://leparfum.com.gr/en/niche-perfumes/1748-byr-n,2026-08-20,2026-08-20,ACTIVE,Choose+Bottle+Extra Essence,SHOBI_LIVE_SHOW_ALL
2601,1747-VICT,1747-VICT WP,WP661,WP,BARE VANILLA - VICTORIA SECRET,Fragrances For Women,9.0,1747-VICT WP inspired by the fragrance notes of BARE VANILLA - VICTORIA SECRET.,https://leparfum.com.gr/en/fragrances-for-women/1747-vict-wp,2026-08-20,2026-08-20,ACTIVE,Choose+Bottle+Extra Essence,SHOBI_LIVE_SHOW_ALL
2600,1746-XER,1746-XER N,AR133,AR,ALEXANDRIA III,Niche Perfumes,15.0,"Inspired by the fragrance notes of ALEXANDRIA III. Perfume woody, oud, rose, animalic, warm spicy.",https://leparfum.com.gr/en/niche-perfumes/1746-xer-n,2026-08-20,2026-08-20,ACTIVE,Choose+Bottle+Extra Essence,SHOBI_LIVE_SHOW_ALL
2599,1745-SERG,1745-SERG Ν,AR132,AR,Chergui Serge Lutens,Niche Perfumes,15.0,"1745-SERG Inspired by the fragrance notes of Chergui Serge Lutens. Perfume amber, sweet, tobacco, honey, powdery, woody, green, smoky, warm spicy.",https://leparfum.com.gr/en/niche-perfumes/1745-serg-ν,2026-08-20,2026-08-20,ACTIVE,Choose+Bottle+Extra Essence,SHOBI_LIVE_SHOW_ALL
2598,1744-CLI,1744-CLI WP,WP660,WP,AROMATICS IN BLACK - CLINIQUE,Fragrances For Women,9.0,Inspired by the fragrance notes of AROMATICS IN BLACK - CLINIQUE.,https://leparfum.com.gr/en/fragrances-for-women/aromatics-black-clinique-clone,2026-08-20,2026-08-20,ACTIVE,Choose+Bottle+Extra Essence,SHOBI_LIVE_SHOW_ALL
2563,451-BYR,451-BYR WP,WP659,WP,Blanche,Fragrances For Women,9.0,"451-BYR WP Inspired by the fragrance notes of Blanche. Fragrance soapy, clean. Fresh, aldehydic, musky, floral, powdery, rose, violet, woody, soapy.",https://leparfum.com.gr/en/fragrances-for-women/451-byr-wp,2026-08-20,2026-08-20,ACTIVE,Choose+Bottle+Extra Essence,SHOBI_LIVE_SHOW_ALL
2555,1737-GIV,1737-GIV W,WP658,WP,L INTERDIT ROUGE EDP,Fragrances For Women,9.0,1737-GIV W Inspired by the fragrance notes of L INTERDIT ROUGE EDP.,https://leparfum.com.gr/en/fragrances-for-women/1737-giv-w,2026-08-20,2026-08-20,ACTIVE,Choose+Bottle+Extra Essence,SHOBI_LIVE_SHOW_ALL
2553,1736-PRFRO,1736-PRFRO N,AR130,AR,ARSO - PROFUMUM ROMA,Niche Perfumes,15.0,"Inspired by the fragrance notes of ARSO - PROFUMUM ROMA.Perfume, woody, amber, balsamic, smoky, aromatic, conifer, leather",https://leparfum.com.gr/en/niche-perfumes/1736-prfro-n,2026-08-20,2026-08-20,ACTIVE,Choose+Bottle+Extra Essence,SHOBI_LIVE_SHOW_ALL
2552,1735-XER,1735-XER N,AR129,AR,ITALICA,Niche Perfumes,15.0,"Inspired by the fragrance notes of ITALICA. Perfume sweet, almond, lactonic, vanilla, nutty, powdery, fruity, warm spicy, caramel.",https://leparfum.com.gr/en/niche-perfumes/1735-xer-n,2026-08-20,2026-08-20,ACTIVE,Choose+Bottle+Extra Essence,SHOBI_LIVE_SHOW_ALL
2518,1732-MIC,1732-MIC W,WP657,WP,SUPER GORGEOUS! - MICHAEL KORS,Fragrances For Women,9.0,"1732-MIC W Inspired by the fragrance notes of SUPER GORGEOUS! - MICHAEL KORS.Fragrance amber, white floral, sweet, citrus, woody, yellow floral, tobacco.",https://leparfum.com.gr/en/fragrances-for-women/1732-mic-w,2026-08-20,2026-08-20,ACTIVE,Choose+Bottle+Extra Essence,SHOBI_LIVE_SHOW_ALL
2516,1731-VICT,1731-VICT WP,WP656,WP,TEASE CREAM CLOUD - VICTORIA'S SECRET,Fragrances For Women,9.0,1731-VICT WP inspired by the fragrance notes of TEASE CREAM CLOUD - VICTORIA'S SECRET.,https://leparfum.com.gr/en/fragrances-for-women/1731-vict-wp,2026-08-20,2026-08-20,ACTIVE,Choose+Bottle+Extra Essence,SHOBI_LIVE_SHOW_ALL
2515,1734-TMFO,1734-TMFO N,AR128,AR,Ebene Fume,Niche Perfumes,15.0,"1734-TMFO N inspired by the fragrance notes of Ebene Fume. Perfume woody, amber, smoky, balsamic, warm spicy.",https://leparfum.com.gr/en/niche-perfumes/1734-tmfo-n,2026-08-20,2026-08-20,ACTIVE,Choose+Bottle+Extra Essence,SHOBI_LIVE_SHOW_ALL
2506,1733-BYR,1733-BYR N,AR127,AR,MUMBAI NOISE,Niche Perfumes,15.0,"1733-BYR AR Inspired by the fragrance notes of MUMBAI NOISE. Perfume oud, aromatic, woody, amber, warm spicy, green, coffee.",https://leparfum.com.gr/en/niche-perfumes/1733-byr-n,2026-08-20,2026-08-20,ACTIVE,Choose+Bottle+Extra Essence,SHOBI_LIVE_SHOW_ALL
2458,1730-HER,1730-HER W,WP655,WP,TWILLY EAU GINGER - HERMES,Fragrances For Women,9.0,1730-HER W Inspired by the fragrance notes of TWILLY EAU GINGER - HERMES.,https://leparfum.com.gr/en/fragrances-for-women/1730-her-w,2026-08-20,2026-08-20,ACTIVE,Choose+Bottle+Extra Essence,SHOBI_LIVE_SHOW_ALL
2457,1728-ARM,1728-ARM W,WP654,WP,MY WAY INTENSE,Fragrances For Women,9.0,"1728-ARM W Inspired by the fragrance notes of MY WAY INTENSE. Fragrance white floral, tuberose, citrus, vanilla, animalic, woody.",https://leparfum.com.gr/en/fragrances-for-women/1728-arm-w,2026-08-20,2026-08-20,ACTIVE,Choose+Bottle+Extra Essence,SHOBI_LIVE_SHOW_ALL
2456,1727-LAN,1727-LAN W,WP653,WP,IDOLE AURA,Fragrances For Women,9.0,"1727-LAN W Inspired by the fragrance notes of IDOLE AURA. Fragrance vanilla, salty, white floral, rose, musky, powdery, marine.",https://leparfum.com.gr/en/fragrances-for-women/1727-lan-w,2026-08-20,2026-08-20,ACTIVE,Choose+Bottle+Extra Essence,SHOBI_LIVE_SHOW_ALL
2455,1729-CAR,1729-CAR WP,WP652,WP,VERY GOOD GIRL,Fragrances For Women,9.0,1729-CAR Inspired by the fragrance notes of VERY GOOD GIRL.,https://leparfum.com.gr/en/fragrances-for-women/1729-car-wp,2026-08-20,2026-08-20,ACTIVE,Choose+Bottle+Extra Essence,SHOBI_LIVE_SHOW_ALL
2454,1726-MNTB,1726-MNTB WP,WP651,WP,,Fragrances For Women,9.0,1726-MNTB WP ispired by fragrance notes of SIGNATURE - MONT BLANC.,https://leparfum.com.gr/en/fragrances-for-women/1726-mntb-wp,2026-08-20,2026-08-20,ACTIVE,Choose+Bottle+Extra Essence,SHOBI_LIVE_SHOW_ALL
2453,1721-BLG,1721-BLG N,AR126,AR,Azaran,Niche Perfumes,15.0,"1721-BLG N Inspired by the fragrance notes of Azaran. Perfume leather, woody, animalic, warm spicy, smoky, beeswax.",https://leparfum.com.gr/en/niche-perfumes/1721-blg-n,2026-08-20,2026-08-20,ACTIVE,Choose+Bottle+Extra Essence,SHOBI_LIVE_SHOW_ALL
2452,1718-TER,1718-TER N,AR125,AR,CASSIOPEA - TIZIANA TERENZI,Niche Perfumes,15.0,"Inspired by the fragrance notes of CASSIOPEA - TIZIANA TERENZI.Sweet, fruity, aromatic, tropical, fresh, vanilla, fragrance for women and men.",https://leparfum.com.gr/en/niche-perfumes/1718-ter-n,2026-08-20,2026-08-20,ACTIVE,Choose+Bottle+Extra Essence,SHOBI_LIVE_SHOW_ALL
2451,1719-MEM,1719-MEM N,AR124,AR,CORFU - MEMO PARIS,Niche Perfumes,15.0,1719-MEM Inspired by the fragrance notes of CORFU - MEMO PARIS.,https://leparfum.com.gr/en/niche-perfumes/1719-mem-n,2026-08-20,2026-08-20,ACTIVE,Choose+Bottle+Extra Essence,SHOBI_LIVE_SHOW_ALL
2450,1720-LEL,1720-LEL N,AR123,AR,VETIVER 46 - LE LABO,Niche Perfumes,15.0,1720-LEL Inspired by the fragrance notes of VETIVER 46 - LE LABO.,https://leparfum.com.gr/en/niche-perfumes/1720-lel-n,2026-08-20,2026-08-20,ACTIVE,Choose+Bottle+Extra Essence,SHOBI_LIVE_SHOW_ALL
2449,1722-CRD,1722-CRD EL,EL224,EL,White Flowers,Elegants Fragrances,10.0,"Inspired by the fragrance notes of White Flowers. Green Apple, Lemon and Violet Leaf, Moroccan Jasmine, Italian Jasmine, Bulgarian Rose and Geranium, Narcissus, Musk and Sandalwood.",https://leparfum.com.gr/en/elegants-fragrances/1722-crd-el,2026-08-20,2026-08-20,ACTIVE,Choose+Bottle+Extra Essence,SHOBI_LIVE_SHOW_ALL
2448,1723-TMFO,1723-TMFO EL,EL223,EL,VERT DES BOIS,Elegants Fragrances,10.0,1723-TMFO EL Inspired by the fragrance notes of VERT DES BOIS.,https://leparfum.com.gr/en/elegants-fragrances/1723-tmfo-el,2026-08-20,2026-08-20,ACTIVE,Choose+Bottle+Extra Essence,SHOBI_LIVE_SHOW_ALL
2440,1703-CAL,1703-CAL MP,MP317,MP,DEFY - CALVIN KLEIN,Fragrances For Men,9.0,1703-CAL MP Inspired by the fragrance notes of DEFY - CALVIN KLEIN.,https://leparfum.com.gr/en/fragrances-for-men/1703-cal-mp,2026-08-20,2026-08-20,ACTIVE,Choose+Bottle+Extra Essence,SHOBI_LIVE_SHOW_ALL
2439,1704-CAR,1704-CAR M,MP316,MP,212 HEROES,Fragrances For Men,9.0,1704-CAR  Inspired by the fragrance notes of 212 HEROES.,https://leparfum.com.gr/en/fragrances-for-men/1704-car-m,2026-08-20,2026-08-20,ACTIVE,Choose+Bottle+Extra Essence,SHOBI_LIVE_SHOW_ALL
2438,1700-MNT,1700-MNT N,AR121,AR,MUSK TO MUSK - MONTALE,Niche Perfumes,15.0,1700-MNT N Inspired by the fragrance notes of MUSK TO MUSK - MONTALE.,https://leparfum.com.gr/en/niche-perfumes/1700-mnt-n,2026-08-20,2026-08-20,ACTIVE,Choose+Bottle+Extra Essence,SHOBI_LIVE_SHOW_ALL
2437,1701-TOSC,1701-TOSC WP,WP650,WP,,Fragrances For Women,9.0,"TOSCA - TOSCA Similar Type
Trademarks and Copyrights are the property of their respective manufactures or brands. Our interpretations should not be confused with the originals and the interpretations have no affiliation with the manufactures or designers. This name is for your reference only to give you our perception and not to mislead, confuse or...",https://leparfum.com.gr/en/fragrances-for-women/tosca-tosca-similar-type,2026-08-20,2026-08-20,ACTIVE,Choose+Bottle+Extra Essence,SHOBI_LIVE_SHOW_ALL
2436,1694-TMFO,1694-TMFO EL,EL222,EL,,Elegants Fragrances,10.0,1694-TMFO EL Εμπνευσμένο από τις αρωματικές νότες του OUD FLEUR.,https://leparfum.com.gr/en/elegants-fragrances/1694-tmfo-el,2026-08-20,2026-08-20,ACTIVE,Choose+Bottle+Extra Essence,SHOBI_LIVE_SHOW_ALL
2430,1697-LEL,1697-LEL N,AR120,AR,THE NOIR 29 - LE LABO,Niche Perfumes,15.0,1697-LEL Inspired by the fragrance notes of THE NOIR 29 - LE LABO.,https://leparfum.com.gr/en/niche-perfumes/1697-lel-n,2026-08-20,2026-08-20,ACTIVE,Choose+Bottle+Extra Essence,SHOBI_LIVE_SHOW_ALL
2429,1698-LEL,1698-LEL N,AR119,AR,OUD 27 - LE LABO,Niche Perfumes,15.0,1698-LEL Inspired by the fragrance notes of OUD 27 - LE LABO.,https://leparfum.com.gr/en/niche-perfumes/1698-lel-n,2026-08-20,2026-08-20,ACTIVE,Choose+Bottle+Extra Essence,SHOBI_LIVE_SHOW_ALL
2428,1699-LTN,1699-LTN N,AR118,AR,the fragrance notes,Niche Perfumes,15.0,1699-LTN Inspired by the fragrance notes.,https://leparfum.com.gr/en/niche-perfumes/1699-ltn-n,2026-08-20,2026-08-20,ACTIVE,Choose+Bottle+Extra Essence,SHOBI_LIVE_SHOW_ALL
2427,1693-BYR,1693-BYR EL,EL221,EL,MIXED EMOTIONS,Elegants Fragrances,10.0,1693-BYR EL Inspired by the fragrance notes of MIXED EMOTIONS.,https://leparfum.com.gr/en/elegants-fragrances/1693-byr-el,2026-08-20,2026-08-20,ACTIVE,Choose+Bottle+Extra Essence,SHOBI_LIVE_SHOW_ALL
2426,1695-TMFO,1695-TMFO EL,EL220,EL,SOLEIL BRULANT,Elegants Fragrances,10.0,1695-TMFO EL Inspired by the fragrance notes of SOLEIL BRULANT.,https://leparfum.com.gr/en/elegants-fragrances/1695-tmfo-el,2026-08-20,2026-08-20,ACTIVE,Choose+Bottle+Extra Essence,SHOBI_LIVE_SHOW_ALL
2425,1696-CRD,1696-CRD EL,EL219,EL,Royal Water,Elegants Fragrances,10.0,Inspired by the fragrance notes of Royal Water.,https://leparfum.com.gr/en/elegants-fragrances/1696-crd-el,2026-08-20,2026-08-20,ACTIVE,Choose+Bottle+Extra Essence,SHOBI_LIVE_SHOW_ALL
2416,1685-FRE,1685-FRE N,AR117,AR,the notes of EN PASSANT Woman's perfume,Niche Perfumes,15.0,1685-FRE N inspired by the notes of EN PASSANT Woman's perfume.,https://leparfum.com.gr/en/niche-perfumes/1685-fre-n,2026-08-20,2026-08-20,ACTIVE,Choose+Bottle+Extra Essence,SHOBI_LIVE_SHOW_ALL
2415,1682-HER,1682-HER W,WP648,WP,24 FAUBOURG - HERMES,Fragrances For Women,9.0,1682-HER W Inspired by the fragrance notes of 24 FAUBOURG - HERMES.,https://leparfum.com.gr/en/fragrances-for-women/1682-her-w,2026-08-20,2026-08-20,ACTIVE,Choose+Bottle+Extra Essence,SHOBI_LIVE_SHOW_ALL
2414,1683-HER,1683-HER W,WP647,WP,UN JARDIN SUR LA LAGUNE - HERMES,Fragrances For Women,9.0,1683-HER W Inspired by the fragrance notes of UN JARDIN SUR LA LAGUNE - HERMES. Amber Floral fragrance for women and men.,https://leparfum.com.gr/en/fragrances-for-women/1683-her-w,2026-08-20,2026-08-20,ACTIVE,Choose+Bottle+Extra Essence,SHOBI_LIVE_SHOW_ALL
2413,1686-PRA,1686-PRA MP,MP315,MP,LUNA ROSSA BLACK - PRADA,Fragrances For Men,9.0,1686-PRA MP inspired by the fragrance notes of LUNA ROSSA BLACK - PRADA.,https://leparfum.com.gr/en/fragrances-for-men/1686-pra-mp,2026-08-20,2026-08-20,ACTIVE,Choose+Bottle+Extra Essence,SHOBI_LIVE_SHOW_ALL
2412,1684-GIV,1684-GIV W Perfume,WP646,WP,YSATIS,Fragrances For Women,9.0,1684-GIV Inspired by the fragrance notes of YSATIS. Chypre Floral fragrance for women.,https://leparfum.com.gr/en/fragrances-for-women/1684-giv-w-perfume,2026-08-20,2026-08-20,ACTIVE,Choose+Bottle+Extra Essence,SHOBI_LIVE_SHOW_ALL
2411,1675-NRO,1675-NRO WP,WP645,WP,AMBREE - NARCISO RODRIGUEZ,Fragrances For Women,9.0,1675-NRO WP inspired by the fragrance notes of AMBREE - NARCISO RODRIGUEZ.,https://leparfum.com.gr/en/fragrances-for-women/1675-nro-wp,2026-08-20,2026-08-20,ACTIVE,Choose+Bottle+Extra Essence,SHOBI_LIVE_SHOW_ALL
2410,1676-CAL,1676-CAL WP,WP644,WP,EUPHORIA BLUSH - CALVIN KLEIN,Fragrances For Women,9.0,1676-CAL WP Inspired by the fragrance notes of EUPHORIA BLUSH - CALVIN KLEIN.,https://leparfum.com.gr/en/fragrances-for-women/1676-cal-wp,2026-08-20,2026-08-20,ACTIVE,Choose+Bottle+Extra Essence,SHOBI_LIVE_SHOW_ALL
2409,1680-DRC,1680-DRC N,AR116,AR,ROUGE TRAFALGAR,Niche Perfumes,15.0,1680-DRC N Inspired by the fragrance notes of ROUGE TRAFALGAR.,https://leparfum.com.gr/en/niche-perfumes/1680-drc-n,2026-08-20,2026-08-20,ACTIVE,Choose+Bottle+Extra Essence,SHOBI_LIVE_SHOW_ALL
2408,1681-MNT,1681-MNT N Perfume,AR115,AR,INTENSE CAFE - MONTALE,Niche Perfumes,15.0,1681-MNT Inspired by the fragrance notes of INTENSE CAFE - MONTALE.,https://leparfum.com.gr/en/niche-perfumes/1681-mnt-n-perfume,2026-08-20,2026-08-20,ACTIVE,Choose+Bottle+Extra Essence,SHOBI_LIVE_SHOW_ALL
2407,1679-BYR,1679-BYR N,AR114,AR,ROSE OF NO MAN'S LAND,Niche Perfumes,15.0,1679-BYR Inspired by the fragrance notes of ROSE OF NO MAN'S LAND.,https://leparfum.com.gr/en/niche-perfumes/1679-byr-n,2026-08-20,2026-08-20,ACTIVE,Choose+Bottle+Extra Essence,SHOBI_LIVE_SHOW_ALL
2406,1677-BYR,1677-BYR N,AR113,AR,ELEVENTH HOUR,Niche Perfumes,15.0,1677-BYR AR Inspired by the fragrance notes of ELEVENTH HOUR.,https://leparfum.com.gr/en/niche-perfumes/1677-byr-n,2026-08-20,2026-08-20,ACTIVE,Choose+Bottle+Extra Essence,SHOBI_LIVE_SHOW_ALL
2405,1678-BYR,1678-BYR N,AR112,AR,SELLIER,Niche Perfumes,15.0,1678-BYR AR Inspired by the fragrance notes of SELLIER.,https://leparfum.com.gr/en/niche-perfumes/1678-byr-n,2026-08-20,2026-08-20,ACTIVE,Choose+Bottle+Extra Essence,SHOBI_LIVE_SHOW_ALL
2404,1672-KIL,1672-KIL N,AR111,AR,VODKA ON THE ROCKS - KILIAN,Niche Perfumes,15.0,1672-KIL AR Inspired by the fragrance notes of VODKA ON THE ROCKS - KILIAN.,https://leparfum.com.gr/en/niche-perfumes/1672-kil-n,2026-08-20,2026-08-20,ACTIVE,Choose+Bottle+Extra Essence,SHOBI_LIVE_SHOW_ALL
2403,1656-LOC,1656-LOC EL,EL218,EL,,Elegants Fragrances,10.0,"TERRE DE LUMIERE - L' OCCITANE Similar Type
Trademarks and Copyrights are the property of their respective manufactures or brands. Our interpretations should not be confused with the originals and the interpretations have no affiliation with the manufactures or designers. This name is for your reference only to give you our perception and not to mislead,...",https://leparfum.com.gr/en/elegants-fragrances/terre-de-lumiere-l-occitane-similar-type,2026-08-20,2026-08-20,ACTIVE,Choose+Bottle+Extra Essence,SHOBI_LIVE_SHOW_ALL
2402,1657-TMU,1657-TMU M,MP314,MP,A*MEN PURE TONKA,Fragrances For Men,9.0,1657-TMU M Inspired by the fragrance notes of A*MEN PURE TONKA.,https://leparfum.com.gr/en/fragrances-for-men/1657-tmu-m,2026-08-20,2026-08-20,ACTIVE,Choose+Bottle+Extra Essence,SHOBI_LIVE_SHOW_ALL
2401,1659-CHRA,1659-CHRA WP,WP643,WP,,Fragrances For Women,9.0,BY NIGHT - AGUILERA CHRISTINA Similar Type,https://leparfum.com.gr/en/fragrances-for-women/by-night-aguilera-christina-aromata,2026-08-20,2026-08-20,ACTIVE,Choose+Bottle+Extra Essence,SHOBI_LIVE_SHOW_ALL
2400,1655-JOM,1655-JOM EL,EL217,EL,Oat & Cornflower by Jo Malone London,Elegants Fragrances,10.0,"1655-JOM Inspired by the fragrance notes of Oat & Cornflower by Jo Malone London. A nutty, savory, woody fragrance.",https://leparfum.com.gr/en/elegants-fragrances/1655-jom-el,2026-08-20,2026-08-20,ACTIVE,Choose+Bottle+Extra Essence,SHOBI_LIVE_SHOW_ALL
2399,1658-GUR,1658-GUR W,WP642,WP,LA PETITE ROBE NOIRE - GUERLAIN,Fragrances For Women,9.0,1658-GUR W Inspired by the fragrance notes of LA PETITE ROBE NOIRE - GUERLAIN.,https://leparfum.com.gr/en/fragrances-for-women/1658-gur-w,2026-08-20,2026-08-20,ACTIVE,Choose+Bottle+Extra Essence,SHOBI_LIVE_SHOW_ALL
2398,1671-KIL,1671-KIL N,AR110,AR,ROLLING IN LOVE - KILIAN,Niche Perfumes,15.0,1671-KIL AR Inspired by the fragrance notes of ROLLING IN LOVE - KILIAN. Amber Floral fragrance for women and men.,https://leparfum.com.gr/en/niche-perfumes/1671-kil-n,2026-08-20,2026-08-20,ACTIVE,Choose+Bottle+Extra Essence,SHOBI_LIVE_SHOW_ALL
2397,1670-NAS,1670-NAS N,AR109,AR,,Niche Perfumes,15.0,NARCOTIC VENUS - NASOMATTO Perfume Type,https://leparfum.com.gr/en/niche-perfumes/1670-nas-n,2026-08-20,2026-08-20,ACTIVE,Choose+Bottle+Extra Essence,SHOBI_LIVE_SHOW_ALL
2396,1669-PARF,1669-PARF N,AR108,AR,GREENLEY - PARFUMS DE MARLY,Niche Perfumes,15.0,1669-PARF Inspired by the fragrance notes of GREENLEY - PARFUMS DE MARLY.,https://leparfum.com.gr/en/niche-perfumes/1669-parf-n,2026-08-20,2026-08-20,ACTIVE,Choose+Bottle+Extra Essence,SHOBI_LIVE_SHOW_ALL
2395,1673-XER,1673-XER N,AR107,AR,MORE THAN WORDS,Niche Perfumes,15.0,Inspired by the fragrance notes of MORE THAN WORDS.,https://leparfum.com.gr/en/niche-perfumes/1673-xer-n,2026-08-20,2026-08-20,ACTIVE,Choose+Bottle+Extra Essence,SHOBI_LIVE_SHOW_ALL
2394,1674-KUR,1674-KUR N,AR106,AR,L'HOMME A LA ROSE,Niche Perfumes,15.0,1674-KUR N Inspired by the fragrance notes of L'HOMME A LA ROSE.,https://leparfum.com.gr/en/niche-perfumes/1674-kur-n,2026-08-20,2026-08-20,ACTIVE,Choose+Bottle+Extra Essence,SHOBI_LIVE_SHOW_ALL
2393,1660-ESCE,1660-ESCE EL,EL216,EL,MOLECULE 01,Elegants Fragrances,10.0,Inspired by the fragrance notes of MOLECULE 01.,https://leparfum.com.gr/en/elegants-fragrances/molecule-01-similar-type,2026-08-20,2026-08-20,ACTIVE,Choose+Bottle+Extra Essence,SHOBI_LIVE_SHOW_ALL
2386,1653-MAN,1653-MAN N,AR105,AR,ROSES VANILLE - MANCERA,Niche Perfumes,15.0,1653-MAN N Inspired by the fragrance notes of ROSES VANILLE - MANCERA.,https://leparfum.com.gr/en/niche-perfumes/1653-man-n,2026-08-20,2026-08-20,ACTIVE,Choose+Bottle+Extra Essence,SHOBI_LIVE_SHOW_ALL
2385,1648-FRE,1648-FRE N,AR104,AR,the notes of CARNAL FLOWER,Niche Perfumes,15.0,1648-FRE N inspired by the notes of CARNAL FLOWER. The perfume contains a larger dose of tuberose absolute than any other perfume.,https://leparfum.com.gr/en/niche-perfumes/1648-fre-n,2026-08-20,2026-08-20,ACTIVE,Choose+Bottle+Extra Essence,SHOBI_LIVE_SHOW_ALL
2384,1652-DRC,1652-DRC W Perfume,WP641,WP,MISS EAU DE PARFUM 2021,Fragrances For Women,9.0,1652-DRC Inspired by the fragrance notes of MISS EAU DE PARFUM 2021,https://leparfum.com.gr/en/fragrances-for-women/1652-drc-w-perfume,2026-08-20,2026-08-20,ACTIVE,Choose+Bottle+Extra Essence,SHOBI_LIVE_SHOW_ALL
2383,1651-TMU,1651-TMU W,WP640,WP,ALIEN GODDESS,Fragrances For Women,9.0,1651-TMU W Inspired by the fragrance notes of ALIEN GODDESS. Amber Floral fragrance for women.,https://leparfum.com.gr/en/fragrances-for-women/1651-tmu-w,2026-08-20,2026-08-20,ACTIVE,Choose+Bottle+Extra Essence,SHOBI_LIVE_SHOW_ALL
2382,1504-DON,1504-DON WP,WP639,WP,BE DELICIOUS ΜΑΙ ΤΑΙ - DKNY,Fragrances For Women,9.0,1504-DON Inspired by the fragrance notes of BE DELICIOUS ΜΑΙ ΤΑΙ - DKNY.,https://leparfum.com.gr/en/fragrances-for-women/1504-don-wp,2026-08-20,2026-08-20,ACTIVE,Choose+Bottle+Extra Essence,SHOBI_LIVE_SHOW_ALL
2381,1650-LAN,1650-LAN W,WP638,WP,LA VIE EST BELLE SOLEIL CRISTAL,Fragrances For Women,9.0,1650-LAN W Inspired by the fragrance notes of LA VIE EST BELLE SOLEIL CRISTAL. A very rich in coconut and vanilla fragrance.,https://leparfum.com.gr/en/fragrances-for-women/1650-lan-w,2026-08-20,2026-08-20,ACTIVE,Choose+Bottle+Extra Essence,SHOBI_LIVE_SHOW_ALL
2377,1639-TER,1639-TER N,AR054,AR,,Niche Perfumes,15.0,"CASANOVA - TIZIANA TERENZI Similar type
Trademarks and Copyrights are the property of their respective manufactures or brands. Our interpretations should not be confused with the originals and the interpretations have no affiliation with the manufactures or designers. This name is for your reference only to give you our perception and not to mislead,...",https://leparfum.com.gr/en/niche-perfumes/1639-ter-n,2026-08-20,2026-08-20,ACTIVE,Choose+Bottle+Extra Essence,SHOBI_LIVE_SHOW_ALL
2376,1641-KHAL,1641-KHAL AR,AR053,AR,,Arabian Perfumes,15.0,"ALOHA - KHALTAT.Oriental perfume coconut, vanilla, sweet, amber, lactonic, tropical.",https://leparfum.com.gr/en/arabian-perfumes/aloha-khaltat-similar-type,2026-08-20,2026-08-20,ACTIVE,Choose+Bottle+Extra Essence,SHOBI_LIVE_SHOW_ALL
2375,1640-GUC,1640-GUC N,AR052,AR,the Voice of the Snake,Niche Perfumes,15.0,1640-GUC Inspired by the fragrance notes of the Voice of the Snake.Trademarks and Copyrights are the property of their respective manufactures or brands. Our interpretations should not be confused with the originals and the interpretations have no affiliation with the manufactures or designers. This name is for your reference only to give you our...,https://leparfum.com.gr/en/niche-perfumes/1640-guc-n,2026-08-20,2026-08-20,ACTIVE,Choose+Bottle+Extra Essence,SHOBI_LIVE_SHOW_ALL
2374,1638-XER,1638-XER N,AR051,AR,STAR MUSK,Niche Perfumes,15.0,Inspired by the fragrance notes of STAR MUSK. Floral Woody Musk fragrance for women and men.,https://leparfum.com.gr/en/niche-perfumes/1638-xer-n,2026-08-20,2026-08-20,ACTIVE,Choose+Bottle+Extra Essence,SHOBI_LIVE_SHOW_ALL
2371,,1644 - DRC M,MP313,MP,SAUVAGE ELIXIR,Fragrances For Men,9.0,1644 - DRC M Inspired by the fragrance notes of SAUVAGE ELIXIR.,https://leparfum.com.gr/en/fragrances-for-men/1644-drc-m,2026-08-20,2026-08-20,ACTIVE,Choose+Bottle+Extra Essence,SHOBI_LIVE_SHOW_ALL
2370,1643-GUL,1643-GUL WP,WP636,WP,CLASSIQUE CABARET,Fragrances For Women,9.0,1643-GUL Inspired by the fragrance notes of CLASSIQUE CABARET.,https://leparfum.com.gr/en/fragrances-for-women/1643-gul-wp,2026-08-20,2026-08-20,ACTIVE,Choose+Bottle+Extra Essence,SHOBI_LIVE_SHOW_ALL
2369,1642-VICT,1642-VICT WP,WP637,WP,ROSE CARAMEL - VICTORIA'S SECRET,Fragrances For Women,9.0,1642-VICT WP inspired by the fragrance notes of ROSE CARAMEL - VICTORIA'S SECRET.,https://leparfum.com.gr/en/fragrances-for-women/1642-vict-wp,2026-08-20,2026-08-20,ACTIVE,Choose+Bottle+Extra Essence,SHOBI_LIVE_SHOW_ALL
2368,1637-CRD,1637-CRD EL,EL215,EL,Love in Black,Elegants Fragrances,10.0,Inspired by the fragrance notes of Love in Black.,https://leparfum.com.gr/en/elegants-fragrances/1637-crd-el,2026-08-20,2026-08-20,ACTIVE,Choose+Bottle+Extra Essence,SHOBI_LIVE_SHOW_ALL
2366,1616-MDI,1616-MDI N,AR050,AR,,Niche Perfumes,15.0,"INVASION BARBARE - MDCI.Fragrance aromatic, warm spicy, lavender, fresh spicy, citrus, ozonic, vanilla, aquatic, musky, powdery.",https://leparfum.com.gr/en/niche-perfumes/1616-mdi-n,2026-08-20,2026-08-20,ACTIVE,Choose+Bottle+Extra Essence,SHOBI_LIVE_SHOW_ALL
2365,1625-KIL,1625-KIL N,AR049,AR,APPLE BRANDY - KILIAN,Niche Perfumes,15.0,"1625-KIL AR Inspired by the fragrance notes of APPLE BRANDY - KILIAN. Fragrance woody, vanilla, amber.",https://leparfum.com.gr/en/niche-perfumes/1625-kil-n,2026-08-20,2026-08-20,ACTIVE,Choose+Bottle+Extra Essence,SHOBI_LIVE_SHOW_ALL
2352,1622-FRA,1622-FRA N,AR048,AR,the notes of COCAINE-FRANCK BOCLET,Niche Perfumes,15.0,"1622-FRA N inspired by the notes of COCAINE-FRANCK BOCLET. Fragrance white floral, tuberose, sweet, caramel, tropical, animalic, vanilla, tobacco, coconut.",https://leparfum.com.gr/en/niche-perfumes/1622-fra-n,2026-08-20,2026-08-20,ACTIVE,Choose+Bottle+Extra Essence,SHOBI_LIVE_SHOW_ALL
2351,1624-XER,1624-XER N,AR047,AR,LA CAPITALE,Niche Perfumes,15.0,Inspired by the fragrance notes of LA CAPITALE. Amber Vanilla fragrance for women and men.,https://leparfum.com.gr/en/niche-perfumes/1624-xer-n,2026-08-20,2026-08-20,ACTIVE,Choose+Bottle+Extra Essence,SHOBI_LIVE_SHOW_ALL
2350,1626-BON,1626-BON N,AR046,AR,NEW HAARLEM - BOND,Niche Perfumes,15.0,Inspired by the fragrance notes of NEW HAARLEM - BOND.,https://leparfum.com.gr/en/niche-perfumes/1626-bon-n,2026-08-20,2026-08-20,ACTIVE,Choose+Bottle+Extra Essence,SHOBI_LIVE_SHOW_ALL
2349,1635-XER,1635-XER N,AR045,AR,LIRA,Niche Perfumes,15.0,Inspired by the fragrance notes of LIRA.,https://leparfum.com.gr/en/niche-perfumes/1635-xer-n,2026-08-20,2026-08-20,ACTIVE,Choose+Bottle+Extra Essence,SHOBI_LIVE_SHOW_ALL
2348,1627-CLIV,1627-CLIV N,AR044,AR,,Niche Perfumes,15.0,"VANILLA ORCHID XXI ART DECO - CLIVE CHRISTIAN Similar type.
Trademarks and Copyrights are the property of their respective manufactures or brands. Our interpretations should not be confused with the originals and the interpretations have no affiliation with the manufactures or designers. This name is for your reference only to give you our perception and...",https://leparfum.com.gr/en/niche-perfumes/1627-cliv-n,2026-08-20,2026-08-20,ACTIVE,Choose+Bottle+Extra Essence,SHOBI_LIVE_SHOW_ALL
2347,1621-NAS,1621-NAS N,AR043,AR,,Niche Perfumes,15.0,"FANTOMAS - NASOMATTO Similar typeTrademarks and Copyrights are the property of their respective manufactures or brands. Our interpretations should not be confused with the originals and the interpretations have no affiliation with the manufactures or designers. This name is for your reference only to give you our perception and not to mislead, confuse or...",https://leparfum.com.gr/en/niche-perfumes/1621-nas-n,2026-08-20,2026-08-20,ACTIVE,Choose+Bottle+Extra Essence,SHOBI_LIVE_SHOW_ALL
2346,1623-ARM,1623-ARM N,AR042,AR,AMBRE ECCENTRICO,Niche Perfumes,15.0,1623-ARM N Inspired by the fragrance notes of AMBRE ECCENTRICO.,https://leparfum.com.gr/en/niche-perfumes/1623-arm-n,2026-08-20,2026-08-20,ACTIVE,Choose+Bottle+Extra Essence,SHOBI_LIVE_SHOW_ALL
2343,1620-GUR,1620-GUR N,AR041,AR,SPIRITUESE DOUBLE VANILLA,Niche Perfumes,15.0,1620-GUR Inspired by the fragrance notes of SPIRITUESE DOUBLE VANILLA.,https://leparfum.com.gr/en/niche-perfumes/1620-gur-n,2026-08-20,2026-08-20,ACTIVE,Choose+Bottle+Extra Essence,SHOBI_LIVE_SHOW_ALL
2341,1630-GUL,1630-GUL MP,MP312,MP,SCANDAL POUR HOMME,Fragrances For Men,9.0,1630-GUL Inspired by the fragrance notes of SCANDAL POUR HOMME. Amber Woody fragrance for men.,https://leparfum.com.gr/en/fragrances-for-men/1630-gul-mp,2026-08-20,2026-08-20,ACTIVE,Choose+Bottle+Extra Essence,SHOBI_LIVE_SHOW_ALL
2340,1634-BRB,1634-BRB MP,MP311,MP,HERO,Fragrances For Men,9.0,1634-BRB Inspired by the fragrance notes of HERO.,https://leparfum.com.gr/en/fragrances-for-men/1634-brb-mp,2026-08-20,2026-08-20,ACTIVE,Choose+Bottle+Extra Essence,SHOBI_LIVE_SHOW_ALL
2339,1632-PAC,1632-PAC MP,MP310,MP,PHANTOM,Fragrances For Men,9.0,1632-PAC MP inspired by the fragrance notes of PHANTOM.,https://leparfum.com.gr/en/fragrances-for-men/1632-pac-mp,2026-08-20,2026-08-20,ACTIVE,Choose+Bottle+Extra Essence,SHOBI_LIVE_SHOW_ALL
2338,1633-PAC,1633-PAC MP,MP309,MP,INVICTUS VICTORY,Fragrances For Men,9.0,1633-PAC MP inspired by the fragrance notes of INVICTUS VICTORY.,https://leparfum.com.gr/en/fragrances-for-men/1633-pac-mp,2026-08-20,2026-08-20,ACTIVE,Choose+Bottle+Extra Essence,SHOBI_LIVE_SHOW_ALL
2337,1619-NISH,1619-NISH N,AR040,AR,HUNDRED SILENT WAYS - NISHANE,Niche Perfumes,15.0,1619-NISH N Inspired by the fragrance notes of HUNDRED SILENT WAYS - NISHANE..,https://leparfum.com.gr/en/niche-perfumes/1619-nish-n,2026-08-20,2026-08-20,ACTIVE,Choose+Bottle+Extra Essence,SHOBI_LIVE_SHOW_ALL
2336,1618-NISH,1618-NISH N,AR039,AR,ANI - NISHANE,Niche Perfumes,15.0,1618-NISH N Inspired by the fragrance notes of ANI - NISHANE.,https://leparfum.com.gr/en/niche-perfumes/1618-nish-n,2026-08-20,2026-08-20,ACTIVE,Choose+Bottle+Extra Essence,SHOBI_LIVE_SHOW_ALL
2334,,WARDIA - AL HARAMAIN Fragrance,AR037,AR,,Niche Perfumes,15.0,"WARDIA - AL HARAMAIN Fragrance.
Trademarks and Copyrights are the property of their respective manufactures or brands. Our interpretations should not be confused with the originals and the interpretations have no affiliation with the manufactures or designers. This name is for your reference only to give you our perception and not to mislead, confuse or...",https://leparfum.com.gr/en/niche-perfumes/wardia-al-haramain-fragrance,2026-08-20,2026-08-20,ACTIVE,Choose+Bottle+Extra Essence,SHOBI_LIVE_SHOW_ALL
2333,1617-MNT,1617-MNT N,AR036,AR,VANILLA EXTASY - MONTALE,Niche Perfumes,15.0,1617-MNT N Inspired by the fragrance notes of VANILLA EXTASY - MONTALE.,https://leparfum.com.gr/en/niche-perfumes/1617-mnt-n,2026-08-20,2026-08-20,ACTIVE,Choose+Bottle+Extra Essence,SHOBI_LIVE_SHOW_ALL
2331,1550-YAN,1550-YAN EL,EL214,EL,,Elegants Fragrances,10.0,"HOME SWEET HOME - YANKEE Home Fragrance Type
Trademarks and Copyrights are the property of their respective manufactures or brands. Our interpretations should not be confused with the originals and the interpretations have no affiliation with the manufactures or designers. This name is for your reference only to give you our perception and not to mislead,...",https://leparfum.com.gr/en/elegants-fragrances/home-sweet-home-yankee-arwmata_xvrou,2026-08-20,2026-08-20,ACTIVE,Choose+Bottle+Extra Essence,SHOBI_LIVE_SHOW_ALL
2329,100-AMG,100-AMG N,AR035,AR,JUBILATION XXV MAN,Niche Perfumes,15.0,Inspired by the fragrance notes of JUBILATION XXV MAN.,https://leparfum.com.gr/en/niche-perfumes/100-amg-n,2026-08-20,2026-08-20,ACTIVE,Choose+Bottle+Extra Essence,SHOBI_LIVE_SHOW_ALL
2328,1614-FRE,1614-FRE LUX,LUX008,LUX,the notes of DAWN,Luxury Perfumes,20.0,1614-FRE LUX inspired by the notes of DAWN. Amber Woody fragrance for women and men.,https://leparfum.com.gr/en/luxury-perfumes/1614-fre-lux,2026-08-20,2026-08-20,ACTIVE,Choose+Bottle+Extra Essence,SHOBI_LIVE_SHOW_ALL
2327,1615-FRE,1615-FRE LUX,LUX007,LUX,the notes of PROMISE,Luxury Perfumes,20.0,1615-FRE LUX inspired by the notes of PROMISE. Amber Floral fragrance for women and men.,https://leparfum.com.gr/en/luxury-perfumes/1615-fre-lux,2026-08-20,2026-08-20,ACTIVE,Choose+Bottle+Extra Essence,SHOBI_LIVE_SHOW_ALL
2326,323-NAS,323-NAS N,AR103,AR,,Niche Perfumes,15.0,DURO - NASOMATTO,https://leparfum.com.gr/en/niche-perfumes/323-nas-n,2026-08-20,2026-08-20,ACTIVE,Choose+Bottle+Extra Essence,SHOBI_LIVE_SHOW_ALL
2325,1612-LTN,1612-LTN N,AR102,AR,the fragrance notes,Niche Perfumes,15.0,1612-LTN Inspired by the fragrance notes.,https://leparfum.com.gr/en/niche-perfumes/1612-ltn-n,2026-08-20,2026-08-20,ACTIVE,Choose+Bottle+Extra Essence,SHOBI_LIVE_SHOW_ALL
2324,1613-FRE,1613-FRE LUX,LUX006,LUX,the notes of THE NIGHT,Luxury Perfumes,20.0,"1613-FRE LUX inspired by the notes of THE NIGHT. Amber Woody fragrance for women and men. Oud. rose, amber, fresh spicy.",https://leparfum.com.gr/en/luxury-perfumes/1613-fre-lux,2026-08-20,2026-08-20,ACTIVE,Choose+Bottle+Extra Essence,SHOBI_LIVE_SHOW_ALL
2323,1558-TMFO,1558-TMFO EL,EL213,EL,TUBEREUSE NUE,Elegants Fragrances,10.0,1558-TMFO EL Inspired by the fragrance notes of TUBEREUSE NUE.,https://leparfum.com.gr/en/elegants-fragrances/1558-tmfo-el,2026-08-20,2026-08-20,ACTIVE,Choose+Bottle+Extra Essence,SHOBI_LIVE_SHOW_ALL
2322,1559-VICT,1559-VICT WP,WP634,WP,ANGEL GOLD - VICTORIA'S SECRET,Fragrances For Women,9.0,1559-VICT WP inspired by the fragrance notes of ANGEL GOLD - VICTORIA'S SECRET.,https://leparfum.com.gr/en/fragrances-for-women/1559-vict-wp,2026-08-20,2026-08-20,ACTIVE,Choose+Bottle+Extra Essence,SHOBI_LIVE_SHOW_ALL
2321,1556-CHA,1556-CHA N,AR101,AR,COROMANDEL PARFUM,Niche Perfumes,15.0,1556-CHA N Inspired by the fragrance of COROMANDEL PARFUM.,https://leparfum.com.gr/en/niche-perfumes/1556-cha-n,2026-08-20,2026-08-20,ACTIVE,Choose+Bottle+Extra Essence,SHOBI_LIVE_SHOW_ALL
2320,1557-FRE,1557-FRE N,AR100,AR,the notes of ROSE & CUIR,Niche Perfumes,15.0,1557-FRE N inspired by the notes of ROSE & CUIR. A Leather fragrance for women and men.,https://leparfum.com.gr/en/niche-perfumes/1557-fre-n,2026-08-20,2026-08-20,ACTIVE,Choose+Bottle+Extra Essence,SHOBI_LIVE_SHOW_ALL
2319,1555-GUR,1555-GUR W,WP633,WP,SHALIMAR PHILTRE DE PARFUM - GUERLAIN,Fragrances For Women,9.0,1555-GUR W Inspired by the fragrance notes of SHALIMAR PHILTRE DE PARFUM - GUERLAIN.,https://leparfum.com.gr/en/fragrances-for-women/1555-gur-w,2026-08-20,2026-08-20,ACTIVE,Choose+Bottle+Extra Essence,SHOBI_LIVE_SHOW_ALL
2318,1554-VICT,1554-VICT WP,WP632,WP,BOMBSHELL GOLD - VICTORIA'S SECRET,Fragrances For Women,9.0,1554-VICT WP inspired by the fragrance notes of BOMBSHELL GOLD - VICTORIA'S SECRET.,https://leparfum.com.gr/en/fragrances-for-women/1554-vict-wp,2026-08-20,2026-08-20,ACTIVE,Choose+Bottle+Extra Essence,SHOBI_LIVE_SHOW_ALL
2317,1551-VICT,1551-VICT WP,WP631,WP,TEASE DREAMER - VICTORIA'S SECRET,Fragrances For Women,9.0,1551-VICT WP inspired by the fragrance notes of TEASE DREAMER - VICTORIA'S SECRET.,https://leparfum.com.gr/en/fragrances-for-women/1551-vict-wp,2026-08-20,2026-08-20,ACTIVE,Choose+Bottle+Extra Essence,SHOBI_LIVE_SHOW_ALL
2316,1552-VER,1552-VER W,WP630,WP,YELLOW DIAMOND,Fragrances For Women,9.0,1552-VER W Inspired by the fragrance notes of YELLOW DIAMOND.,https://leparfum.com.gr/en/fragrances-for-women/1552-ver-w,2026-08-20,2026-08-20,ACTIVE,Choose+Bottle+Extra Essence,SHOBI_LIVE_SHOW_ALL
2315,1553-MNT,1553-MNT N,AR099,AR,ARABIANS TONKA - MONTALE,Niche Perfumes,15.0,1553-MNT N Inspired by the fragrance notes of ARABIANS TONKA - MONTALE.,https://leparfum.com.gr/en/niche-perfumes/1553-mnt-n,2026-08-20,2026-08-20,ACTIVE,Choose+Bottle+Extra Essence,SHOBI_LIVE_SHOW_ALL
2312,1476-NRO,1476-NRO WP,WP629,WP,MUSC NOIR FOR HER - NARCISO RODRIGUEZ,Fragrances For Women,9.0,1476-NRO WP inspired by the fragrance notes of MUSC NOIR FOR HER - NARCISO RODRIGUEZ.,https://leparfum.com.gr/en/fragrances-for-women/1476-nro-wp,2026-08-20,2026-08-20,ACTIVE,Choose+Bottle+Extra Essence,SHOBI_LIVE_SHOW_ALL
2311,1477-HER,1477-HER M,MP308,MP,H24 - HERMES,Fragrances For Men,9.0,1477-HER M Inspired by the fragrance notes of H24 - HERMES.,https://leparfum.com.gr/en/fragrances-for-men/1477-her-m,2026-08-20,2026-08-20,ACTIVE,Choose+Bottle+Extra Essence,SHOBI_LIVE_SHOW_ALL
2310,1537-CHA,1537-CHA LUX,LUX005,LUX,LE LION,Luxury Perfumes,20.0,1537-CHA Inspired by the fragrance of LE LION.,https://leparfum.com.gr/en/luxury-perfumes/1537-cha-lux,2026-08-20,2026-08-20,ACTIVE,Choose+Bottle+Extra Essence,SHOBI_LIVE_SHOW_ALL
2309,1539-ORT,1539-ORT LUX,LUX004,LUX,,Luxury Perfumes,20.0,TERRONI - ORTO PARISI Perfume Type,https://leparfum.com.gr/en/luxury-perfumes/terroni-orto-parisi-aroma,2026-08-20,2026-08-20,ACTIVE,Choose+Bottle+Extra Essence,SHOBI_LIVE_SHOW_ALL
2308,1524-AMG,1524-AMG N,AR098,AR,INTERLUDE WOMAN,Niche Perfumes,15.0,Inspired by the fragrance notes of INTERLUDE WOMAN.,https://leparfum.com.gr/en/niche-perfumes/1524-amg-n,2026-08-20,2026-08-20,ACTIVE,Choose+Bottle+Extra Essence,SHOBI_LIVE_SHOW_ALL
2307,1525-AMG,1525-AMG N,AR097,AR,REFLECTION WOMAN,Niche Perfumes,15.0,Inspired by the fragrance notes of REFLECTION WOMAN.,https://leparfum.com.gr/en/niche-perfumes/1525-amg-n,2026-08-20,2026-08-20,ACTIVE,Choose+Bottle+Extra Essence,SHOBI_LIVE_SHOW_ALL
2306,1514-KIL,1514-KIL WP,EL212,EL,WATER CALIGRAPHY - KILIAN,Elegants Fragrances,10.0,1514-KIL WP Inspired by the fragrance notes of WATER CALIGRAPHY - KILIAN. Floral Aquatic fragrance for women and men.,https://leparfum.com.gr/en/elegants-fragrances/1514-kil-wp,2026-08-20,2026-08-20,ACTIVE,Choose+Bottle+Extra Essence,SHOBI_LIVE_SHOW_ALL
2305,1498-BYR,1498-BYR EL,EL211,EL,GYPSY WATER,Elegants Fragrances,10.0,1498-BYR EL Inspired by the fragrance notes of  GYPSY WATER. A Woody Aromatic fragrance for women and men.,https://leparfum.com.gr/en/elegants-fragrances/1498-byr-el,2026-08-20,2026-08-20,ACTIVE,Choose+Bottle+Extra Essence,SHOBI_LIVE_SHOW_ALL
2304,1512-KIL,1512-KIL WP,WP628,WP,IN THE CITY OF SIN - KILIAN,Fragrances For Women,9.0,1512-KIL WP Inspired by the fragrance notes of IN THE CITY OF SIN - KILIAN. Floral Fruity Gourmand fragrance for women.,https://leparfum.com.gr/en/fragrances-for-women/1512-kil-wp,2026-08-20,2026-08-20,ACTIVE,Choose+Bottle+Extra Essence,SHOBI_LIVE_SHOW_ALL
2303,1497-BYR,1497-BYR EL,EL210,EL,CASABLANCA LILY,Elegants Fragrances,10.0,1497-BYR Inspired by the fragrance notes of CASABLANCA LILY. Amber Floral fragrance for women and men.,https://leparfum.com.gr/en/elegants-fragrances/1497-byr-el,2026-08-20,2026-08-20,ACTIVE,Choose+Bottle+Extra Essence,SHOBI_LIVE_SHOW_ALL
2302,1511-KIL,1511-KIL WP,WP627,WP,FORBIDDEN GAMES - KILIAN,Fragrances For Women,9.0,1511-KIL WP Inspired by the fragrance notes of FORBIDDEN GAMES - KILIAN.,https://leparfum.com.gr/en/fragrances-for-women/1511-kil-wp,2026-08-20,2026-08-20,ACTIVE,Choose+Bottle+Extra Essence,SHOBI_LIVE_SHOW_ALL
2300,1510-KIL,1510-KIL WP,EL209,EL,BAMBOO HARMONY - KILIAN,Elegants Fragrances,10.0,1510-KIL WP Inspired by the fragrance notes of BAMBOO HARMONY - KILIAN.,https://leparfum.com.gr/en/elegants-fragrances/1510-kil-wp,2026-08-20,2026-08-20,ACTIVE,Choose+Bottle+Extra Essence,SHOBI_LIVE_SHOW_ALL
2299,1499-BYR,1499-BYR EL,EL208,EL,MOJAVE GHOST,Elegants Fragrances,10.0,1499-BYR EL Inspired by the fragrance notes of MOJAVE GHOST.  Amber Floral fragrance for women and men.,https://leparfum.com.gr/en/elegants-fragrances/1499-byr-el,2026-08-20,2026-08-20,ACTIVE,Choose+Bottle+Extra Essence,SHOBI_LIVE_SHOW_ALL
2298,1547-TMFO,1547-TMFO EL,EL207,EL,SANTAL BLUSH,Elegants Fragrances,10.0,1547-TMFO EL Inspired by the fragrance notes of SANTAL BLUSH.,https://leparfum.com.gr/en/elegants-fragrances/1547-tmfo-el,2026-08-20,2026-08-20,ACTIVE,Choose+Bottle+Extra Essence,SHOBI_LIVE_SHOW_ALL
2296,1535-BOA,1535-BOA LUX,LUX003,LUX,BLUE SAPPHIRE,Luxury Perfumes,20.0,1535-BOA LUX Inspired by the fragrance notes of BLUE SAPPHIRE.,https://leparfum.com.gr/en/luxury-perfumes/1535-boa-lux,2026-08-20,2026-08-20,ACTIVE,Choose+Bottle+Extra Essence,SHOBI_LIVE_SHOW_ALL
2295,1536-BOA,1536-BOA LUX,LUX002,LUX,HEROINE for women,Luxury Perfumes,20.0,1536-BOA LUX Inspired by the fragrance notes of HEROINE for women.,https://leparfum.com.gr/en/luxury-perfumes/1536-boa-lux,2026-08-20,2026-08-20,ACTIVE,Choose+Bottle+Extra Essence,SHOBI_LIVE_SHOW_ALL
2294,1538-FRE,1538-FRE LUX,LUX001,LUX,the notes of THE MOON,Luxury Perfumes,20.0,"1538-FRE LUX inspired by the notes of THE MOON. Top notes are Raspberry, Saffron and Litchi; middle notes are Turkish Rose, Olibanum, Red Berries, Red Currant and Violet; base notes are Agarwood (Oud), Leather, Patchouli, Amber and Sandalwood.",https://leparfum.com.gr/en/luxury-perfumes/1538-fre-lux,2026-08-20,2026-08-20,ACTIVE,Choose+Bottle+Extra Essence,SHOBI_LIVE_SHOW_ALL
2287,1484-VAL,1484-VAL MP,MP307,MP,UOMO BORN IN ROMA - VALENTINO,Fragrances For Men,9.0,1484-VAL MP Inspired by the fragrance notes of UOMO BORN IN ROMA - VALENTINO.,https://leparfum.com.gr/en/fragrances-for-men/1484-val-mp,2026-08-20,2026-08-20,ACTIVE,Choose+Bottle+Extra Essence,SHOBI_LIVE_SHOW_ALL
2286,1487-PAC,1487-PAC MP,MP306,MP,BLACK XS L'APHRODISIAQUE for men,Fragrances For Men,9.0,"1487-PAC MP Inspired by the fragrance notes of BLACK XS L'APHRODISIAQUE for men. Perfume sweet, honey, warm spicy, leather, cinnamon, nutty, animalic.",https://leparfum.com.gr/en/fragrances-for-men/1487-pac-mp,2026-08-20,2026-08-20,ACTIVE,Choose+Bottle+Extra Essence,SHOBI_LIVE_SHOW_ALL
2285,1488-LBI,1488-LBI MP,MP305,MP,,Fragrances For Men,9.0,ROMA UOMO - LAURA BIAGIOTTI TYPE PERFUME,https://leparfum.com.gr/en/fragrances-for-men/roma-uomo-laura-biagiotti-type-perfume,2026-08-20,2026-08-20,ACTIVE,Choose+Bottle+Extra Essence,SHOBI_LIVE_SHOW_ALL
2284,1480-ARM,1480-ARM M,MP304,MP,STRONGER WITH YOU ABSOLUTELY,Fragrances For Men,9.0,1480-ARM M Inspired by the fragrance notes of STRONGER WITH YOU ABSOLUTELY.,https://leparfum.com.gr/en/fragrances-for-men/1480-arm-m,2026-08-20,2026-08-20,ACTIVE,Choose+Bottle+Extra Essence,SHOBI_LIVE_SHOW_ALL
2283,1483-DSQ,1483-DSQ MP,MP303,MP,,Fragrances For Men,9.0,POTION - DSQUARED TYPE PERFUME,https://leparfum.com.gr/en/fragrances-for-men/potion-dsquared-perfume,2026-08-20,2026-08-20,ACTIVE,Choose+Bottle+Extra Essence,SHOBI_LIVE_SHOW_ALL
2282,1490-DRC,1490-DRC M,MP302,MP,HOMME 2020,Fragrances For Men,9.0,"1490-DRC M Inspired by the fragrance notes of HOMME 2020. Fragrance woody, musky, aromatic, amber, citrus.",https://leparfum.com.gr/en/fragrances-for-men/1490-drc-m,2026-08-20,2026-08-20,ACTIVE,Choose+Bottle+Extra Essence,SHOBI_LIVE_SHOW_ALL
2281,1478-HUG,1478-HUG MP,MP301,MP,BOSS BOTTLED EAU DE PARFUM - BOSS,Fragrances For Men,9.0,1478-HUG Inspired by the fragrance notes of BOSS BOTTLED EAU DE PARFUM - BOSS.,https://leparfum.com.gr/en/fragrances-for-men/1478-hug-mp,2026-08-20,2026-08-20,ACTIVE,Choose+Bottle+Extra Essence,SHOBI_LIVE_SHOW_ALL
2280,1520-YZLO,1520-YZLO W,WP626,WP,LIBRE INTENSE,Fragrances For Women,9.0,1520-YZLO Inspired by the fragrance notes of LIBRE INTENSE.,https://leparfum.com.gr/en/fragrances-for-women/1520-yzlo-w,2026-08-20,2026-08-20,ACTIVE,Choose+Bottle+Extra Essence,SHOBI_LIVE_SHOW_ALL
2279,1517-MOS,1517-MOS WP,WP625,WP,TOY 2 - MOSCHINO,Fragrances For Women,9.0,1517-MOS WP Inspired by the fragrance notes of TOY 2 - MOSCHINO.,https://leparfum.com.gr/en/fragrances-for-women/1517-mos-wp,2026-08-20,2026-08-20,ACTIVE,Choose+Bottle+Extra Essence,SHOBI_LIVE_SHOW_ALL
2278,1515-LAN,1515-LAN W,WP624,WP,LA NUIT TRESOR DENTELLE DE ROSES,Fragrances For Women,9.0,"1515-LAN W Inspired by the fragrance notes of LA NUIT TRESOR DENTELLE DE ROSES . It is floral-fruity and slightly warm, but not heavy.",https://leparfum.com.gr/en/fragrances-for-women/1515-lan-w,2026-08-20,2026-08-20,ACTIVE,Choose+Bottle+Extra Essence,SHOBI_LIVE_SHOW_ALL
2277,1503-DRC,1503-DRC W,WP623,WP,HYPNOTIC POISON EAU SECRETE,Fragrances For Women,9.0,1503-DRC W Inspired by the fragrance notes of HYPNOTIC POISON EAU SECRETE,https://leparfum.com.gr/en/fragrances-for-women/1503-drc-w,2026-08-20,2026-08-20,ACTIVE,Choose+Bottle+Extra Essence,SHOBI_LIVE_SHOW_ALL
2276,1502-CHA,1502-CHA W,WP622,WP,the fragrance COCON MADEM L'EAU PRIVEE,Fragrances For Women,9.0,1502-CHA W Inspired by the fragrance COCON MADEM L'EAU PRIVEE.,https://leparfum.com.gr/en/fragrances-for-women/1502-cha-w,2026-08-20,2026-08-20,ACTIVE,Choose+Bottle+Extra Essence,SHOBI_LIVE_SHOW_ALL
2275,1495-BRB,1495-BRB WP,WP621,WP,Her London Dream,Fragrances For Women,9.0,"Inspired by the fragrance notes of Her London Dream. PERFUME rose, fresh, floral, citrus, musky, warm spicy, amber, powdery, aromatic, animalic.",https://leparfum.com.gr/en/fragrances-for-women/1495-brb-wp,2026-08-20,2026-08-20,ACTIVE,Choose+Bottle+Extra Essence,SHOBI_LIVE_SHOW_ALL
2274,1522-ZAD,1522-ZAD WP,MP300,MP,THIS IS US! - ZADIG & VOLTAIRE TYPE PERFUMEAmber Woody fragrance for women and men,Fragrances For Men,9.0,1522-ZAD WP Inspired by the fragrance notes of THIS IS US! - ZADIG & VOLTAIRE TYPE PERFUMEAmber Woody fragrance for women and men.,https://leparfum.com.gr/en/fragrances-for-men/1522-zad-wp,2026-08-20,2026-08-20,ACTIVE,Choose+Bottle+Extra Essence,SHOBI_LIVE_SHOW_ALL
2271,,MUKHALLAT AL EMIRATES - AL HARAMAIN ORIGINAL PERFUME,AR095,AR,,Niche Perfumes,15.0,"MUKHALLAT AL EMIRATES - AL HARAMAIN ORIGINAL PERFUME.
You have the choice to buy as oil and as eau de parfum in 30ml, 50ml, 100ml.",https://leparfum.com.gr/en/niche-perfumes/mukhallat-al-emirates-al-haramain-original-perfume,2026-08-20,2026-08-20,ACTIVE,Choose+Bottle+Extra Essence,SHOBI_LIVE_SHOW_ALL
2270,1479-HER,1479-HER W,WP620,WP,L'OMBRE DES MERVEILLES - HERMES,Fragrances For Women,9.0,1479-HER W Inspired by the fragrance notes of L'OMBRE DES MERVEILLES - HERMES.,https://leparfum.com.gr/en/fragrances-for-women/1479-her-w,2026-08-20,2026-08-20,ACTIVE,Choose+Bottle+Extra Essence,SHOBI_LIVE_SHOW_ALL
2269,1528-KUR,1528-KUR N,AR094,AR,BACCARAT ROUGE 540 EXTRAIT,Niche Perfumes,15.0,1528-KUR N Inspired by the fragrance notes of BACCARAT ROUGE 540 EXTRAIT.,https://leparfum.com.gr/en/niche-perfumes/1528-kur-n,2026-08-20,2026-08-20,ACTIVE,Choose+Bottle+Extra Essence,SHOBI_LIVE_SHOW_ALL
2267,1507-HUG,1507-HUG WP,WP619,WP,ALIVE EAU DE PARFUM - BOSS,Fragrances For Women,9.0,1507-HUG Inspired by the fragrance notes of ALIVE EAU DE PARFUM - BOSS.,https://leparfum.com.gr/en/fragrances-for-women/1507-hug-wp,2026-08-20,2026-08-20,ACTIVE,Choose+Bottle+Extra Essence,SHOBI_LIVE_SHOW_ALL
2266,1508-KIL,1508-KIL WP,WP618,WP,ANGELS SHARE - KILIAN,Fragrances For Women,9.0,"1508-KIL WP Inspired by the fragrance notes of ANGELS SHARE - KILIAN. Perfume woody, warm spicy, sweet, vanilla, cinnamon, amber, powdery.",https://leparfum.com.gr/en/fragrances-for-women/1508-kil-wp,2026-08-20,2026-08-20,ACTIVE,Choose+Bottle+Extra Essence,SHOBI_LIVE_SHOW_ALL
2254,1533-SERG,1533-SERG Ν,AR093,AR,AMBRE SULTAN - SERGE LUTENS,Niche Perfumes,15.0,1533-SERG Inspired by the fragrance notes of AMBRE SULTAN - SERGE LUTENS.,https://leparfum.com.gr/en/niche-perfumes/1533-serg-ν,2026-08-20,2026-08-20,ACTIVE,Choose+Bottle+Extra Essence,SHOBI_LIVE_SHOW_ALL
2252,1530-INI,1530-INI N,AR091,AR,DIVINE ATTRACTION - INITIO PARFUMS (U) PERFUME,Niche Perfumes,15.0,1530-INI N Inspired by the fragrance notes of DIVINE ATTRACTION - INITIO PARFUMS (U) PERFUME.,https://leparfum.com.gr/en/niche-perfumes/1530-ini-n,2026-08-20,2026-08-20,ACTIVE,Choose+Bottle+Extra Essence,SHOBI_LIVE_SHOW_ALL
2251,1516-LAN,1516-LAN W,WP617,WP,LA NUIT TRESOR NUDE,Fragrances For Women,9.0,1516-LAN W Inspired by the fragrance notes of LA NUIT TRESOR NUDE . A coconut and vanilla fragrance.,https://leparfum.com.gr/en/fragrances-for-women/1516-lan-w,2026-08-20,2026-08-20,ACTIVE,Choose+Bottle+Extra Essence,SHOBI_LIVE_SHOW_ALL
2250,1531-PARF,1531-PARF N,AR090,AR,KALAN - PARFUMS DE MARLY,Niche Perfumes,15.0,1531-PARF Inspired by the fragrance notes of KALAN - PARFUMS DE MARLY.,https://leparfum.com.gr/en/niche-perfumes/1531-parf-n,2026-08-20,2026-08-20,ACTIVE,Choose+Bottle+Extra Essence,SHOBI_LIVE_SHOW_ALL
2249,1500-BYR,1500-BYR WP,WP616,WP,TOBACCO MANDARIN,Fragrances For Women,9.0,1500-BYR Inspired by the fragrance notes of TOBACCO MANDARIN. Amber Woody fragrance for women and men.,https://leparfum.com.gr/en/fragrances-for-women/1500-byr-wp,2026-08-20,2026-08-20,ACTIVE,Choose+Bottle+Extra Essence,SHOBI_LIVE_SHOW_ALL
2248,1521-ZAD,1521-ZAD WP,WP615,WP,GIRLS CAN BE CRAZY - ZADIG & VOLTAIRE,Fragrances For Women,9.0,1521-ZAD WP Inspired by the fragrance notes of GIRLS CAN BE CRAZY - ZADIG & VOLTAIRE.,https://leparfum.com.gr/en/fragrances-for-women/1521-zad-wp,2026-08-20,2026-08-20,ACTIVE,Choose+Bottle+Extra Essence,SHOBI_LIVE_SHOW_ALL
2247,1529-BDIK,1529-BDIK N,AR089,AR,ROUGE SMOKING - BDK,Niche Perfumes,15.0,Inspired by the fragrance notes of ROUGE SMOKING - BDK.,https://leparfum.com.gr/en/niche-perfumes/1529-bdik-n,2026-08-20,2026-08-20,ACTIVE,Choose+Bottle+Extra Essence,SHOBI_LIVE_SHOW_ALL
2246,1519-YZLO,1519-YZLO W,WP614,WP,CAPELINE,Fragrances For Women,9.0,1519-YZLO W Inspired by the fragrance of CAPELINE.,https://leparfum.com.gr/en/fragrances-for-women/1519-yzlo-w,2026-08-20,2026-08-20,ACTIVE,Choose+Bottle+Extra Essence,SHOBI_LIVE_SHOW_ALL
2245,1546-TMFO,1546-TMFO EL,EL206,EL,BITTER PEACH,Elegants Fragrances,10.0,1546-TMFO EL Inspired by the fragrance notes of BITTER PEACH.,https://leparfum.com.gr/en/elegants-fragrances/1546-tmfo-el,2026-08-20,2026-08-20,ACTIVE,Choose+Bottle+Extra Essence,SHOBI_LIVE_SHOW_ALL
2244,1548-TMFO,1548-TMFO EL,EL205,EL,SOLEIL NIEGE,Elegants Fragrances,10.0,1548-TMFO EL Inspired by the fragrance notes of SOLEIL NIEGE.,https://leparfum.com.gr/en/elegants-fragrances/1548-tmfo-el,2026-08-20,2026-08-20,ACTIVE,Choose+Bottle+Extra Essence,SHOBI_LIVE_SHOW_ALL
2243,1545-MNT,1545-MNT EL,EL204,EL,INTENSE TIARE - MONTALE,Elegants Fragrances,10.0,"1545-MNT EL Inspired by the fragrance notes of INTENSE TIARE - MONTALE. Perfume white floral, sweet, vanilla, coconut, yellow floral, fruity, lactonic.",https://leparfum.com.gr/en/elegants-fragrances/1545-mnt-el,2026-08-20,2026-08-20,ACTIVE,Choose+Bottle+Extra Essence,SHOBI_LIVE_SHOW_ALL
2242,1513-KIL,1513-KIL WP,WP613,WP,PRINCESS - KILIAN PERFUME,Fragrances For Women,9.0,1513-KIL WP Inspired by the fragrance notes of PRINCESS - KILIAN PERFUME.,https://leparfum.com.gr/en/fragrances-for-women/1513-kil-wp,2026-08-20,2026-08-20,ACTIVE,Choose+Bottle+Extra Essence,SHOBI_LIVE_SHOW_ALL
2241,1549-TMFO,1549-TMFO EL,EL203,EL,VENETIAN BERGAMOT,Elegants Fragrances,10.0,1549-TMFO EL Inspired by the fragrance notes of VENETIAN BERGAMOT.,https://leparfum.com.gr/en/elegants-fragrances/1549-tmfo-el,2026-08-20,2026-08-20,ACTIVE,Choose+Bottle+Extra Essence,SHOBI_LIVE_SHOW_ALL
2240,164-PEN,164-PEN N,AR087,AR,HALFETI LEATHER,Niche Perfumes,15.0,164-PEN Inspired by the fragrance notes of HALFETI LEATHER. Leather fragrance for women and men.,https://leparfum.com.gr/en/niche-perfumes/164-pen-n,2026-08-20,2026-08-20,ACTIVE,Choose+Bottle+Extra Essence,SHOBI_LIVE_SHOW_ALL
2239,114-CRD,114-CRD N,AR087,AR,EROLFA,Niche Perfumes,15.0,Inspired by the fragrance notes of EROLFA.,https://leparfum.com.gr/en/niche-perfumes/114-crd-n,2026-08-20,2026-08-20,ACTIVE,Choose+Bottle+Extra Essence,SHOBI_LIVE_SHOW_ALL
2238,134-KUR,134-KUR N,AR086,AR,AMYRIS HOMME,Niche Perfumes,15.0,134-KUR N Inspired by the fragrance notes of AMYRIS HOMME.,https://leparfum.com.gr/en/niche-perfumes/134-kur-n,2026-08-20,2026-08-20,ACTIVE,Choose+Bottle+Extra Essence,SHOBI_LIVE_SHOW_ALL
2237,147-NAS,147-NAS N,AR087,AR,,Niche Perfumes,15.0,PARDON - NASOMATTO PERFUME TYPE,https://leparfum.com.gr/en/niche-perfumes/147-nas-n,2026-08-20,2026-08-20,ACTIVE,Choose+Bottle+Extra Essence,SHOBI_LIVE_SHOW_ALL
2236,176-THAM,176-THAM N,AR085,AR,PEREGRINA - THAMEEN,Niche Perfumes,15.0,176-THAM N Inspired by the fragrance notes of PEREGRINA - THAMEEN.,https://leparfum.com.gr/en/niche-perfumes/176-tham-n,2026-08-20,2026-08-20,ACTIVE,Choose+Bottle+Extra Essence,SHOBI_LIVE_SHOW_ALL
2235,170-ROJ,170-ROJ N,AR084,AR,,Niche Perfumes,15.0,ENIGMA WOMAN - ROJA DOVE PERFUME TYPE for women,https://leparfum.com.gr/en/niche-perfumes/170-roj-n,2026-08-20,2026-08-20,ACTIVE,Choose+Bottle+Extra Essence,SHOBI_LIVE_SHOW_ALL
2234,169-ROJ,169-ROJ N,AR083,AR,,Niche Perfumes,15.0,BRITANNIA - ROJA DOVE PERFUME TYPE unisex inspired perfume.,https://leparfum.com.gr/en/niche-perfumes/169-roj-n,2026-08-20,2026-08-20,ACTIVE,Choose+Bottle+Extra Essence,SHOBI_LIVE_SHOW_ALL
2233,161-PEN,161-PEN N,AR082,AR,CAIRO,Niche Perfumes,15.0,161-PEN Inspired by the fragrance notes of CAIRO.,https://leparfum.com.gr/en/niche-perfumes/161-pen-n,2026-08-20,2026-08-20,ACTIVE,Choose+Bottle+Extra Essence,SHOBI_LIVE_SHOW_ALL
2232,129-LEL,129-LEL N,AR081,AR,ROSE 31 - LE LABO,Niche Perfumes,15.0,129-LEL Inspired by the fragrance notes of ROSE 31 - LE LABO.,https://leparfum.com.gr/en/niche-perfumes/129-lel-n,2026-08-20,2026-08-20,ACTIVE,Choose+Bottle+Extra Essence,SHOBI_LIVE_SHOW_ALL
2231,128-LEL,128-LEL N,AR080,AR,BERGAMOTE 22 - LE LABO,Niche Perfumes,15.0,128-LEL Inspired by the fragrance notes of BERGAMOTE 22 - LE LABO .,https://leparfum.com.gr/en/niche-perfumes/128-lel-n,2026-08-20,2026-08-20,ACTIVE,Choose+Bottle+Extra Essence,SHOBI_LIVE_SHOW_ALL
2230,155-PARF,155-PARF N,AR079,AR,LAYTON EXCLUSIF - PARFUMS DE MARLY,Niche Perfumes,15.0,155-PARF Inspired by the fragrance notes of LAYTON EXCLUSIF - PARFUMS DE MARLY.,https://leparfum.com.gr/en/niche-perfumes/155-parf-n,2026-08-20,2026-08-20,ACTIVE,Choose+Bottle+Extra Essence,SHOBI_LIVE_SHOW_ALL
2229,151-PARF,151-PARF N,AR078,AR,DELINA - PARFUMS DE MARLY,Niche Perfumes,15.0,151-PARF Inspired by the fragrance notes of DELINA - PARFUMS DE MARLY.Trademarks and Copyrights are the property of their respective manufactures or brands. Our interpretations should not be confused with the originals and the interpretations have no affiliation with the manufactures or designers. This name is for your reference only to give you our...,https://leparfum.com.gr/en/niche-perfumes/151-parf-n,2026-08-20,2026-08-20,ACTIVE,Choose+Bottle+Extra Essence,SHOBI_LIVE_SHOW_ALL
2228,158-PARF,158-PARF N,AR077,AR,PERCIVAL - PARFUMS DE MARLY,Niche Perfumes,15.0,158-PARF Inspired by the fragrance notes of PERCIVAL - PARFUMS DE MARLY.,https://leparfum.com.gr/en/niche-perfumes/158-parf-n,2026-08-20,2026-08-20,ACTIVE,Choose+Bottle+Extra Essence,SHOBI_LIVE_SHOW_ALL
2227,137-KUR,137-KUR N,AR076,AR,GRAND SOIR,Niche Perfumes,15.0,"137-KUR N Inspired by the fragrance notes of GRAND SOIR. Fragrance amber, vanilla.",https://leparfum.com.gr/en/niche-perfumes/137-kur-n,2026-08-20,2026-08-20,ACTIVE,Choose+Bottle+Extra Essence,SHOBI_LIVE_SHOW_ALL
2226,140-KUR,140-KUR N,AR075,AR,OUD SILK MOOD,Niche Perfumes,15.0,140-KUR N Inspired by the fragrance notes of OUD SILK MOOD.,https://leparfum.com.gr/en/niche-perfumes/140-kur-n,2026-08-20,2026-08-20,ACTIVE,Choose+Bottle+Extra Essence,SHOBI_LIVE_SHOW_ALL
2224,121-INI,121-INI N,AR074,AR,ATOMIC ROSE - INITIO PERFUME,Niche Perfumes,15.0,121-INI N Inspired by the fragrance notes of ATOMIC ROSE - INITIO PERFUME.,https://leparfum.com.gr/en/niche-perfumes/121-ini-n,2026-08-20,2026-08-20,ACTIVE,Choose+Bottle+Extra Essence,SHOBI_LIVE_SHOW_ALL
2223,124-INI,124-INI N,AR073,AR,Side Effect - Initio Parfums Prives,Niche Perfumes,15.0,"124-INI N Inspired by the fragrance notes of  Side Effect - Initio Parfums Prives. Vanilla, rum, tobacco, warm spicy, sweet, cinnamon, woody, powdery.",https://leparfum.com.gr/en/niche-perfumes/124-ini-n,2026-08-20,2026-08-20,ACTIVE,Choose+Bottle+Extra Essence,SHOBI_LIVE_SHOW_ALL
2220,461-CAC,461-CAC W,WP612,WP,GLORIA,Fragrances For Women,9.0,461-CAC W Inspired by the fragrance notes of GLORIA.,https://leparfum.com.gr/en/fragrances-for-women/461-cac-w,2026-08-20,2026-08-20,ACTIVE,Choose+Bottle+Extra Essence,SHOBI_LIVE_SHOW_ALL
2219,1261-TMU,1261-TMU M,MP299,MP,B*MEN,Fragrances For Men,9.0,1261-TMU M Inspired by the fragrance notes of  B*MEN. Oriental Woody fragrance for men.,https://leparfum.com.gr/en/fragrances-for-men/1261-tmu-m,2026-08-20,2026-08-20,ACTIVE,Choose+Bottle+Extra Essence,SHOBI_LIVE_SHOW_ALL
2218,826-MIS,826-MIS WP,WP611,WP,,Fragrances For Women,9.0,"BABE POWER - MISSGUIDED PERFUME TYPE
Trademarks and Copyrights are the property of their respective manufactures or brands. Our interpretations should not be confused with the originals and the interpretations have no affiliation with the manufactures or designers. This name is for your reference only to give you our perception and not to mislead, confuse...",https://leparfum.com.gr/en/fragrances-for-women/babe-power-missguided-perfume-type,2026-08-20,2026-08-20,ACTIVE,Choose+Bottle+Extra Essence,SHOBI_LIVE_SHOW_ALL
2217,1217-MONT,1217-MONT MP,MP298,MP,,Fragrances For Men,9.0,"MONTANA HOMME - MONTANA TYPE PERFUME
Trademarks and Copyrights are the property of their respective manufactures or brands. Our interpretations should not be confused with the originals and the interpretations have no affiliation with the manufactures or designers. This name is for your reference only to give you our perception and not to mislead, confuse...",https://leparfum.com.gr/en/fragrances-for-men/montana-homme-montana-type-perfume,2026-08-20,2026-08-20,ACTIVE,Choose+Bottle+Extra Essence,SHOBI_LIVE_SHOW_ALL
2216,609-ESC,609-ESC WP,WP610,WP,,Fragrances For Women,9.0,"SENTIMENT - ESCADA PERFUME TYPE
Trademarks and Copyrights are the property of their respective manufactures or brands. Our interpretations should not be confused with the originals and the interpretations have no affiliation with the manufactures or designers. This name is for your reference only to give you our perception and not to mislead, confuse or...",https://leparfum.com.gr/en/fragrances-for-women/sentiment-escada-perfume-type,2026-08-20,2026-08-20,ACTIVE,Choose+Bottle+Extra Essence,SHOBI_LIVE_SHOW_ALL
2215,1003-ACQ,1003-ACQ,MP297,MP,COLONIA CLUB,Fragrances For Men,9.0,"1003-ACQ Inspired by the fragrance notes of COLONIA CLUB. A fresh, clean, and elegant scent with bright citrus and aromatic mint. It feels very green and energetic, with smooth lavender and a soft woody-musky base that gives it a classy, refreshing finish.",https://leparfum.com.gr/en/fragrances-for-men/1003-acq,2026-08-20,2026-08-20,ACTIVE,Choose+Bottle+Extra Essence,SHOBI_LIVE_SHOW_ALL
2214,125-JUL,125-JUL N,AR072,AR,LIQUID ILLUSION - JULIETTE HAS A GUN,Niche Perfumes,15.0,125-JUL Inspired by the fragrance notes of LIQUID ILLUSION - JULIETTE HAS A GUN.,https://leparfum.com.gr/en/niche-perfumes/125-jul-n,2026-08-20,2026-08-20,ACTIVE,Choose+Bottle+Extra Essence,SHOBI_LIVE_SHOW_ALL
2213,896-RCAV,896-RCAV WP,WP609,WP,SPLENDID VANILLA - ROBERTO CAVALLI,Fragrances For Women,9.0,896-RCAV Inspired by the fragrance notes of SPLENDID VANILLA - ROBERTO CAVALLI.,https://leparfum.com.gr/en/fragrances-for-women/896-rcav-wp,2026-08-20,2026-08-20,ACTIVE,Choose+Bottle+Extra Essence,SHOBI_LIVE_SHOW_ALL
2212,919-TMU,919-TMU W,WP608,WP,ALIEN ESSENCE ABSOLUE,Fragrances For Women,9.0,919-TMU W Inspired by the fragrance notes of ALIEN ESSENCE ABSOLUE. Oriental Woody fragrance for women.,https://leparfum.com.gr/en/fragrances-for-women/919-tmu-w,2026-08-20,2026-08-20,ACTIVE,Choose+Bottle+Extra Essence,SHOBI_LIVE_SHOW_ALL
2211,454-BYR,454-BYR WP,WP607,WP,SUNDAZED,Fragrances For Women,9.0,454-BYR WP Inspired by the fragrance notes of SUNDAZED. Citrus fragrance for women and men.,https://leparfum.com.gr/en/fragrances-for-women/454-byr-wp,2026-08-20,2026-08-20,ACTIVE,Choose+Bottle+Extra Essence,SHOBI_LIVE_SHOW_ALL
2210,803-LAU,803-LAU WP,WP606,WP,,Fragrances For Women,9.0,EAU GOURMANDE AMBRE VANILLE - LAURA MERCIER PERFUME TYPE,https://leparfum.com.gr/en/fragrances-for-women/eau-gourmande-ambre-vanille-laura-mercier-perfume-type,2026-08-20,2026-08-20,ACTIVE,Choose+Bottle+Extra Essence,SHOBI_LIVE_SHOW_ALL
2209,136-KUR,136-KUR N,AR071,AR,GENTLE FLUIDITY SILVER,Niche Perfumes,15.0,136-KUR N Inspired by the fragrance notes of GENTLE FLUIDITY SILVER.,https://leparfum.com.gr/en/niche-perfumes/136-kur-n,2026-08-20,2026-08-20,ACTIVE,Choose+Bottle+Extra Essence,SHOBI_LIVE_SHOW_ALL
2208,246-JOM,246-JOM EL,EL202,EL,Bronze Wood & Leather by Jo Malone London,Elegants Fragrances,10.0,246-JOM Inspired by the fragrance notes of Bronze Wood & Leather by Jo Malone London. A Leather fragrance for women and men.,https://leparfum.com.gr/en/elegants-fragrances/246-jom-el,2026-08-20,2026-08-20,ACTIVE,Choose+Bottle+Extra Essence,SHOBI_LIVE_SHOW_ALL
2207,180-XER,180-XER N,AR070,AR,CASAMORATI 1888,Niche Perfumes,15.0,Inspired by the fragrance notes of CASAMORATI 1888. Oriental Floral fragrance for women and men.,https://leparfum.com.gr/en/niche-perfumes/180-xer-n,2026-08-20,2026-08-20,ACTIVE,Choose+Bottle+Extra Essence,SHOBI_LIVE_SHOW_ALL
2206,703-HER,703-HER W,WP605,WP,KELLY CALECHE - HERMES,Fragrances For Women,9.0,703-HER W Inspired by the fragrance notes of KELLY CALECHE - HERMES.,https://leparfum.com.gr/en/fragrances-for-women/703-her-w,2026-08-20,2026-08-20,ACTIVE,Choose+Bottle+Extra Essence,SHOBI_LIVE_SHOW_ALL
2205,126-KIL,126-KIL AR,AR069,AR,LIGHT MY FIRE - KILIAN PERFUME,Niche Perfumes,15.0,126-KIL AR Inspired by the fragrance notes of LIGHT MY FIRE - KILIAN PERFUME. Oriental Woody fragrance for women and men.,https://leparfum.com.gr/en/niche-perfumes/126-kil-ar,2026-08-20,2026-08-20,ACTIVE,Choose+Bottle+Extra Essence,SHOBI_LIVE_SHOW_ALL
2204,171-DUP,171-DUP N,AR068,AR,,Niche Perfumes,15.0,SOUVENIRS DE MALLES OUD ORIENTAL - S.T.DUPONT.,https://leparfum.com.gr/en/niche-perfumes/171-dup-n,2026-08-20,2026-08-20,ACTIVE,Choose+Bottle+Extra Essence,SHOBI_LIVE_SHOW_ALL
2201,1501-CAR,1501-CAR WP,WP604,WP,MYSTERY TOBACCO,Fragrances For Women,9.0,"1501-CAR Inspired by the fragrance notes of MYSTERY TOBACCO. Oriental Vanilla, Citrus & Ginger, Vetiver, Tobacco Essence, Osmanthus & Davana, Patchouli, Guaiac wood & Tonka Bean.",https://leparfum.com.gr/en/fragrances-for-women/1501-car-wp,2026-08-20,2026-08-20,ACTIVE,Choose+Bottle+Extra Essence,SHOBI_LIVE_SHOW_ALL
2200,1126-ARM,1126-ARM M,MP296,MP,ACQUA DI GIO PROFONDO,Fragrances For Men,9.0,1126-ARM M Inspired by the fragrance notes of ACQUA DI GIO PROFONDO.,https://leparfum.com.gr/en/fragrances-for-men/1126-arm-m,2026-08-20,2026-08-20,ACTIVE,Choose+Bottle+Extra Essence,SHOBI_LIVE_SHOW_ALL
2199,786-LAN,786-LAN W,WP603,WP,LA VIE EST BELLE INTENSEMENT,Fragrances For Women,9.0,"786-LAN W Inspired by the fragrance notes of LA VIE EST BELLE INTENSEMENT. A deeper, richer, and more sensual version of the original La Vie Est Belle. It’s sweet, warm, and addictive, with a strong feminine and confident vibe. It’s a sweet, fruity-floral gourmand, but more intense and creamy than the classic.",https://leparfum.com.gr/en/fragrances-for-women/786-lan-w,2026-08-20,2026-08-20,ACTIVE,Choose+Bottle+Extra Essence,SHOBI_LIVE_SHOW_ALL
2198,937-VAL,937-VAL WP,WP602,WP,DONNA BORN IN ROMA - VALENTINO,Fragrances For Women,9.0,937-VAL WP Inspired by the fragrance notes of DONNA BORN IN ROMA - VALENTINO.,https://leparfum.com.gr/en/fragrances-for-women/937-val-wp,2026-08-20,2026-08-20,ACTIVE,Choose+Bottle+Extra Essence,SHOBI_LIVE_SHOW_ALL
2196,109-ARM,109-ARM N,AR067,AR,MUSC SHAMAL,Niche Perfumes,15.0,109-ARM N Inspired by the fragrance notes of MUSC SHAMAL. Oriental fragrance for women and men.,https://leparfum.com.gr/en/niche-perfumes/109-arm-n,2026-08-20,2026-08-20,ACTIVE,Choose+Bottle+Extra Essence,SHOBI_LIVE_SHOW_ALL
2194,725-GUL,725-GUL WP,WP601,WP,Scandal by night,Fragrances For Women,9.0,"725-GUL Inspired by the fragrance notes of Scandal by night. Woman perfume sweet, honey, vanilla, white floral, cherry, woody, tuberose, citrus.",https://leparfum.com.gr/en/fragrances-for-women/725-gul-wp,2026-08-20,2026-08-20,ACTIVE,Choose+Bottle+Extra Essence,SHOBI_LIVE_SHOW_ALL
2193,367-TMFO,367-TMFO EL,EL201,EL,ROSE PRICK,Elegants Fragrances,10.0,367-TMFO EL Inspired by the fragrance notes of ROSE PRICK.,https://leparfum.com.gr/en/elegants-fragrances/367-tmfo-el,2026-08-20,2026-08-20,ACTIVE,Choose+Bottle+Extra Essence,SHOBI_LIVE_SHOW_ALL
2192,135-KUR,135-KUR N,AR066,AR,GENTLE FLUIDITY GOLD,Niche Perfumes,15.0,135-KUR N Inspired by the fragrance notes of GENTLE FLUIDITY GOLD.,https://leparfum.com.gr/en/niche-perfumes/135-kur-n,2026-08-20,2026-08-20,ACTIVE,Choose+Bottle+Extra Essence,SHOBI_LIVE_SHOW_ALL
2191,120-INI,120-INI N,AR065,AR,ABSOLUTE APHRODISIAC - INITIO PARFUMS,Niche Perfumes,15.0,120-INI N Inspired by the fragrance notes of ABSOLUTE APHRODISIAC - INITIO PARFUMS,https://leparfum.com.gr/en/niche-perfumes/120-ini-n,2026-08-20,2026-08-20,ACTIVE,Choose+Bottle+Extra Essence,SHOBI_LIVE_SHOW_ALL
2190,123-INI,123-INI N,AR064,AR,PSYCHEDELIC LOVE - INITIO PARFUMS PRIVES,Niche Perfumes,15.0,123-INI N Inspired by the fragrance notes of PSYCHEDELIC LOVE - INITIO PARFUMS PRIVES.,https://leparfum.com.gr/en/niche-perfumes/123-ini-n,2026-08-20,2026-08-20,ACTIVE,Choose+Bottle+Extra Essence,SHOBI_LIVE_SHOW_ALL
2150,922-TMU,922-TMU W,WP600,WP,ANGEL NOVA,Fragrances For Women,9.0,922-TMU W inspired by the fragrance notes of ANGEL NOVA. Oriental Floral fragrance for women.,https://leparfum.com.gr/en/fragrances-for-women/922-tmu-w,2026-08-20,2026-08-20,ACTIVE,Choose+Bottle+Extra Essence,SHOBI_LIVE_SHOW_ALL
2149,689-GUR,689-GUR W,WP599,WP,,Fragrances For Women,9.0,MITSOUKO EAU DE PARFUM - GUERLAIN TYPE,https://leparfum.com.gr/en/fragrances-for-women/689-gur-w,2026-08-20,2026-08-20,ACTIVE,Choose+Bottle+Extra Essence,SHOBI_LIVE_SHOW_ALL
2148,966-VICT,966-VICT WP,WP598,WP,TEASE - VICTORIA'S SECRET,Fragrances For Women,9.0,966-VICT WP inspired by the fragrance notes of TEASE - VICTORIA'S SECRET.,https://leparfum.com.gr/en/fragrances-for-women/966-vict-wp,2026-08-20,2026-08-20,ACTIVE,Choose+Bottle+Extra Essence,SHOBI_LIVE_SHOW_ALL
2146,410-BOD,410-BOD WP,WP596,WP,BLACK MUSK - BODY SHOP,Fragrances For Women,9.0,410-BOD Inspired by the fragrance notes of BLACK MUSK - BODY SHOP.,https://leparfum.com.gr/en/fragrances-for-women/410-bod-wp,2026-08-20,2026-08-20,ACTIVE,Choose+Bottle+Extra Essence,SHOBI_LIVE_SHOW_ALL
2145,637-EST,637-EST WP,WP595,WP,SPELLBOUND - ESTEE LAUDER,Fragrances For Women,9.0,637-EST Inspired by the fragrance notes of SPELLBOUND - ESTEE LAUDER.,https://leparfum.com.gr/en/fragrances-for-women/637-est-wp,2026-08-20,2026-08-20,ACTIVE,Choose+Bottle+Extra Essence,SHOBI_LIVE_SHOW_ALL
2142,1209-MNTB,1209-MNTB MP,MP295,MP,EXPLORER - MONT BLANC,Fragrances For Men,9.0,1209-MNTB MP Inspired by the fragrance notes of EXPLORER - MONT BLANC.,https://leparfum.com.gr/en/fragrances-for-men/1209-mntb-mp,2026-08-20,2026-08-20,ACTIVE,Choose+Bottle+Extra Essence,SHOBI_LIVE_SHOW_ALL
2141,1505-EST,1505-EST WP,WP594,WP,BRONZE GODDESS AZUR - ESTEE LAUDER,Fragrances For Women,9.0,1505-EST Inspired by the fragrance notes of BRONZE GODDESS AZUR - ESTEE LAUDER.,https://leparfum.com.gr/en/fragrances-for-women/1505-est-wp,2026-08-20,2026-08-20,ACTIVE,Choose+Bottle+Extra Essence,SHOBI_LIVE_SHOW_ALL
2140,165-PEN,165-PEN N,AR063,AR,THE TRAGEDY OF LORD GEORGE,Niche Perfumes,15.0,165-PEN Inspired by the fragrance notes of THE TRAGEDY OF LORD GEORGE.,https://leparfum.com.gr/en/niche-perfumes/165-pen-n,2026-08-20,2026-08-20,ACTIVE,Choose+Bottle+Extra Essence,SHOBI_LIVE_SHOW_ALL
2133,142-MAN,142-MAN N,AR062,AR,CEDRAT BOISE - MANCERA,Niche Perfumes,15.0,142-MAN N Inspired by the fragrance notes of CEDRAT BOISE - MANCERA.,https://leparfum.com.gr/en/niche-perfumes/142-man-n,2026-08-20,2026-08-20,ACTIVE,Choose+Bottle+Extra Essence,SHOBI_LIVE_SHOW_ALL
2132,122-INI,122-INI N,AR061,AR,OUD FOR GREATNESS - INITIO PARFUMS PRIVES (U) PERFUME,Niche Perfumes,15.0,"122-INI N Inspired by the fragrance notes of OUD FOR GREATNESS - INITIO PARFUMS PRIVES (U) PERFUME.The concept of “sacred geometry, ” the inspiration behind Oud For Greatness, is that recurring symbols and motifs- including the sacred scent of oud- are so powerful and holy that they are imbued with these hidden connections to the world at large,...",https://leparfum.com.gr/en/niche-perfumes/122-ini-n,2026-08-20,2026-08-20,ACTIVE,Choose+Bottle+Extra Essence,SHOBI_LIVE_SHOW_ALL
2131,132-LTN,132-LTN N,AR060,AR,the fragrance notes,Niche Perfumes,15.0,132-LTN Inspired by the fragrance notes.,https://leparfum.com.gr/en/niche-perfumes/132-ltn-n,2026-08-20,2026-08-20,ACTIVE,Choose+Bottle+Extra Essence,SHOBI_LIVE_SHOW_ALL
2127,178-VIL,178-VIL Ν,AR059,AR,MANGO SKIN - VILHELM PARFUMERIE,Niche Perfumes,15.0,178-VIL Ν Inspired by the fragrance notes of MANGO SKIN - VILHELM PARFUMERIE. Fruity tropical floral sweet woody musky.,https://leparfum.com.gr/en/niche-perfumes/178-vil-ν,2026-08-20,2026-08-20,ACTIVE,Choose+Bottle+Extra Essence,SHOBI_LIVE_SHOW_ALL
2126,133-MICA,133-MICA N,AR058,AR,YLANG IN GOLD - M,Niche Perfumes,15.0,133-MICA Inspired by the fragrance notes of YLANG IN GOLD - M.MICALLEF.,https://leparfum.com.gr/en/niche-perfumes/133-mica-n,2026-08-20,2026-08-20,ACTIVE,Choose+Bottle+Extra Essence,SHOBI_LIVE_SHOW_ALL
2125,159-PARF,159-PARF N,AR057,AR,SAFANAD - PARFUMS DE MARLY,Niche Perfumes,15.0,159-PARF Inspired by the fragrance notes of SAFANAD - PARFUMS DE MARLY.,https://leparfum.com.gr/en/niche-perfumes/159-parf-n,2026-08-20,2026-08-20,ACTIVE,Choose+Bottle+Extra Essence,SHOBI_LIVE_SHOW_ALL
2124,112-BON,112-BON N,AR056,AR,BLEECKER STREET - BOND,Niche Perfumes,15.0,Inspired by the fragrance notes of BLEECKER STREET - BOND.,https://leparfum.com.gr/en/niche-perfumes/112-bon-n,2026-08-20,2026-08-20,ACTIVE,Choose+Bottle+Extra Essence,SHOBI_LIVE_SHOW_ALL
2123,654-ARM,654-ARM W,WP592,WP,MY WAY,Fragrances For Women,9.0,654-ARM W Inspired by the fragrance notes of MY WAY,https://leparfum.com.gr/en/fragrances-for-women/654-arm-w,2026-08-20,2026-08-20,ACTIVE,Choose+Bottle+Extra Essence,SHOBI_LIVE_SHOW_ALL
2122,150-PARF,150-PARF N,AR055,AR,CASSILI - PARFUMS DE MARLY,Niche Perfumes,15.0,150-PARF Inspired by the fragrance notes of CASSILI - PARFUMS DE MARLY.,https://leparfum.com.gr/en/niche-perfumes/150-parf-n,2026-08-20,2026-08-20,ACTIVE,Choose+Bottle+Extra Essence,SHOBI_LIVE_SHOW_ALL
2120,157-PARF,157-PARF N,AR054,AR,PEGASUS - PARFUMS DE MARLY,Niche Perfumes,15.0,157-PARF Inspired by the fragrance notes of PEGASUS - PARFUMS DE MARLY.,https://leparfum.com.gr/en/niche-perfumes/157-parf-n,2026-08-20,2026-08-20,ACTIVE,Choose+Bottle+Extra Essence,SHOBI_LIVE_SHOW_ALL
2119,119-HIS,119-HIS N,AR053,AR,1725 - HISTOIRES DE PARFUMS,Niche Perfumes,15.0,"119-HIS N Inspired by the fragrance notes of 1725 - HISTOIRES DE PARFUMS. Fragrance soft spicy, lavender, anis, citrus, powdery, vanilla, woody, almond, sweet, aromatic.",https://leparfum.com.gr/en/niche-perfumes/119-his-n,2026-08-20,2026-08-20,ACTIVE,Choose+Bottle+Extra Essence,SHOBI_LIVE_SHOW_ALL
2118,179-XER,179-XER N,AR052,AR,1861 NAXOS,Niche Perfumes,15.0,179-XER N inspired by 1861 NAXOS. Oriental sweet fragrance for women and men.,https://leparfum.com.gr/en/niche-perfumes/179-xer-n,2026-08-20,2026-08-20,ACTIVE,Choose+Bottle+Extra Essence,SHOBI_LIVE_SHOW_ALL
2117,144-MAN,144-MAN N,AR051,AR,VANILLE EXCLUSIF - MANCERA,Niche Perfumes,15.0,144-MAN AR Inspired by the fragrance notes of VANILLE EXCLUSIF - MANCERA. Oriental Floral fragrance for women and men.,https://leparfum.com.gr/en/niche-perfumes/144-man-n,2026-08-20,2026-08-20,ACTIVE,Choose+Bottle+Extra Essence,SHOBI_LIVE_SHOW_ALL
2116,1288-YZLO,1288-YZLO M,MP294,MP,TUXEDO,Fragrances For Men,9.0,1288-YZLO M Inspired by the fragrance of TUXEDO.,https://leparfum.com.gr/en/fragrances-for-men/1288-yzlo-m,2026-08-20,2026-08-20,ACTIVE,Choose+Bottle+Extra Essence,SHOBI_LIVE_SHOW_ALL
2115,370-TMFO,370-TMFO EL,EL200,EL,SOLE DI POSITANO,Elegants Fragrances,10.0,370-TMFO EL Inspired by the fragrance notes of  SOLE DI POSITANO,https://leparfum.com.gr/en/elegants-fragrances/370-tmfo-el,2026-08-20,2026-08-20,ACTIVE,Choose+Bottle+Extra Essence,SHOBI_LIVE_SHOW_ALL
2114,306-LAN,306-LAN EL,EL199,EL,,Elegants Fragrances,10.0,306-LAN EL OUD BOUQUET (U).,https://leparfum.com.gr/en/elegants-fragrances/306-lan-el,2026-08-20,2026-08-20,ACTIVE,Choose+Bottle+Extra Essence,SHOBI_LIVE_SHOW_ALL
2113,203-CLIV,203-CLIV N,AR050,AR,X FOR MEN - CLIVE CHRISTIAN,Niche Perfumes,15.0,"Inspired by the fragrance notes of X FOR MEN - CLIVE CHRISTIAN. Men's perfume woody, amber, warm spicy, earthy, aromatic, cinnamon, fruity, powdery, sweet.",https://leparfum.com.gr/en/niche-perfumes/203-cliv-n,2026-08-20,2026-08-20,ACTIVE,Choose+Bottle+Extra Essence,SHOBI_LIVE_SHOW_ALL
2112,108-ARM,108-ARM EL,EL198,EL,BLEU LAZULI,Elegants Fragrances,10.0,108-ARM EL Inspired by the fragrance notes of BLEU LAZULI.,https://leparfum.com.gr/en/elegants-fragrances/108-arm-el,2026-08-20,2026-08-20,ACTIVE,Choose+Bottle+Extra Essence,SHOBI_LIVE_SHOW_ALL
2111,,RED AFRICAN - AL HARAMAIN PERFUMES (U) Original,AR049,AR,,Niche Perfumes,15.0,RED AFRICAN - AL HARAMAIN PERFUMES,https://leparfum.com.gr/en/niche-perfumes/red-african-al-haramain-perfumes-original,2026-08-20,2026-08-20,ACTIVE,Choose+Bottle+Extra Essence,SHOBI_LIVE_SHOW_ALL
2109,143-MAN,143-MAN N,AR048,AR,RED TOBACCO - MANCERA,Niche Perfumes,15.0,143-MAN AR Inspired by the fragrance notes of RED TOBACCO - MANCERA. Woody Spicy fragrance for women and men.,https://leparfum.com.gr/en/niche-perfumes/143-man-n,2026-08-20,2026-08-20,ACTIVE,Choose+Bottle+Extra Essence,SHOBI_LIVE_SHOW_ALL
2108,117-EXN,117-EXN N,AR047,AR,SWEET MORPHINE - EX NIHILO,Niche Perfumes,15.0,Inspired by the fragrance notes of SWEET MORPHINE - EX NIHILO.,https://leparfum.com.gr/en/niche-perfumes/117-exn-n,2026-08-20,2026-08-20,ACTIVE,Choose+Bottle+Extra Essence,SHOBI_LIVE_SHOW_ALL
2105,383-YAN,383-YAN EL,WP590,WP,,Fragrances For Women,9.0,WEDDING DAY - YANKEE TYPE,https://leparfum.com.gr/en/fragrances-for-women/wedding-day-yankee-perfume-type,2026-08-20,2026-08-20,ACTIVE,Choose+Bottle+Extra Essence,SHOBI_LIVE_SHOW_ALL
2104,1017-AZZ,1017-AZZ M,MP293,MP,CHROME,Fragrances For Men,9.0,1017-AZZ M Inspired by the fragrance notes of CHROME. Citrus Aromatic fragrance for men.,https://leparfum.com.gr/en/fragrances-for-men/1017-azz-m,2026-08-20,2026-08-20,ACTIVE,Choose+Bottle+Extra Essence,SHOBI_LIVE_SHOW_ALL
2103,975-YZLO,975-YZLO W,WP589,WP,ATLAS GARDEN,Fragrances For Women,9.0,975-YZLO W Inspired by the fragrance notes of ATLAS GARDEN,https://leparfum.com.gr/en/fragrances-for-women/975-yzlo-w,2026-08-20,2026-08-20,ACTIVE,Choose+Bottle+Extra Essence,SHOBI_LIVE_SHOW_ALL
2101,402-ARIA,402-ARIA WP,WP588,WP,SWEET LIKE CANDY - ARIANA GRANDE,Fragrances For Women,9.0,402-ARIA Inspired by the fragrance notes of SWEET LIKE CANDY - ARIANA GRANDE.,https://leparfum.com.gr/en/fragrances-for-women/402-aria-wp,2026-08-20,2026-08-20,ACTIVE,Choose+Bottle+Extra Essence,SHOBI_LIVE_SHOW_ALL
2100,291-JOM,291-JOM EL,EL197,EL,Tuberose Angelica by Jo Malone London,Elegants Fragrances,10.0,291-JOM Inspired by the fragrance notes of Tuberose Angelica by Jo Malone London. A Floral fragrance for women.,https://leparfum.com.gr/en/elegants-fragrances/291-jom-el,2026-08-20,2026-08-20,ACTIVE,Choose+Bottle+Extra Essence,SHOBI_LIVE_SHOW_ALL
2099,1205-LOL,1205-LOL MP,MP292,MP,,Fragrances For Men,9.0,AU MASCULIN - LOLITA LEMPICKA,https://leparfum.com.gr/en/fragrances-for-men/au-masculin-lolita-lempicka-type,2026-08-20,2026-08-20,ACTIVE,Choose+Bottle+Extra Essence,SHOBI_LIVE_SHOW_ALL
2098,972-VICT,972-VICT WP,WP587,WP,WARM COCONUT SUGAR - VICTORIA'S SECRET,Fragrances For Women,9.0,972-VICT WP inspired by the fragrance notes of WARM COCONUT SUGAR - VICTORIA'S SECRET.,https://leparfum.com.gr/en/fragrances-for-women/972-vict-wp,2026-08-20,2026-08-20,ACTIVE,Choose+Bottle+Extra Essence,SHOBI_LIVE_SHOW_ALL
2097,1234-PAC,1234-PAC MP,MP291,MP,PURE XS NIGHT,Fragrances For Men,9.0,1234-PAC MP inspired by the fragrance notes of PURE XS NIGHT.,https://leparfum.com.gr/en/fragrances-for-men/1234-pac-mp,2026-08-20,2026-08-20,ACTIVE,Choose+Bottle+Extra Essence,SHOBI_LIVE_SHOW_ALL
2096,166-AZ,166-AZ N,AR046,AR,,Niche Perfumes,15.0,"Sequoia Wood is layered around the sensual and deep richness of red sequoia wood. It is enhanced on the top by freshness of neroli and palmarosa with a base of cedar, patchouli and white musk.",https://leparfum.com.gr/en/niche-perfumes/166-az-n,2026-08-20,2026-08-20,ACTIVE,Choose+Bottle+Extra Essence,SHOBI_LIVE_SHOW_ALL
2095,1228-PAC,1228-PAC MP,MP290,MP,INVICTUS LEGEND,Fragrances For Men,9.0,1228-PAC MP inspired by the fragrance notes of INVICTUS LEGEND.,https://leparfum.com.gr/en/fragrances-for-men/1228-pac-mp,2026-08-20,2026-08-20,ACTIVE,Choose+Bottle+Extra Essence,SHOBI_LIVE_SHOW_ALL
2094,160-PEN,160-PEN N,AR045,AR,BEWITCHING YASMINE,Niche Perfumes,15.0,160-PEN Inspired by the fragrance notes of BEWITCHING YASMINE. Oriental Floral fragrance for women.,https://leparfum.com.gr/en/niche-perfumes/160-pen-n,2026-08-20,2026-08-20,ACTIVE,Choose+Bottle+Extra Essence,SHOBI_LIVE_SHOW_ALL
2093,163-PEN,163-PEN N,AR044,AR,HALFETI,Niche Perfumes,15.0,"163-PEN  Inspired by the fragrance notes of HALFETI. The perfume opens with a rich union of citruses, herbs and spices while blending bergamot and grapefruit with saffron, cardamom, atermisia and cypress needles.",https://leparfum.com.gr/en/niche-perfumes/163-pen-n,2026-08-20,2026-08-20,ACTIVE,Choose+Bottle+Extra Essence,SHOBI_LIVE_SHOW_ALL
2092,162-PEN,162-PEN N,AR043,AR,ENDYMION CONCENTRE,Niche Perfumes,15.0,"162-PEN AR Inspired by the fragrance notes of ENDYMION CONCENTRE. Top notes are bergamot, lavender and sage; middle notes are geranium and suede; base notes are leather, incense and nutmeg.",https://leparfum.com.gr/en/niche-perfumes/162-pen-n,2026-08-20,2026-08-20,ACTIVE,Choose+Bottle+Extra Essence,SHOBI_LIVE_SHOW_ALL
2091,1046-CAL,1046-CAL MP,MP289,MP,EVERYONE - CK,Fragrances For Men,9.0,1046-CAL MP Inspired by the fragrance notes of EVERYONE - CK,https://leparfum.com.gr/en/fragrances-for-men/1046-cal-mp,2026-08-20,2026-08-20,ACTIVE,Choose+Bottle+Extra Essence,SHOBI_LIVE_SHOW_ALL
2090,347-TMFO,347-TMFO EL,EL196,EL,GREY VETIVER (M),Elegants Fragrances,10.0,347-TMFO EL Inspired by the fragrance notes of GREY VETIVER (M),https://leparfum.com.gr/en/elegants-fragrances/347-tmfo-el,2026-08-20,2026-08-20,ACTIVE,Choose+Bottle+Extra Essence,SHOBI_LIVE_SHOW_ALL
2089,341-TMFO,341-TMFO EL,EL195,EL,BLACK ORCHID OUD,Elegants Fragrances,10.0,341-TMFO EL Inspired by the fragrance notes of BLACK ORCHID OUD.,https://leparfum.com.gr/en/elegants-fragrances/341-tmfo-el,2026-08-20,2026-08-20,ACTIVE,Choose+Bottle+Extra Essence,SHOBI_LIVE_SHOW_ALL
2087,276-JOM,276-JOM EL,EL194,EL,Oud & Bergamot by Jo Malone London,Elegants Fragrances,10.0,276-JOM Inspired by the fragrance notes of Oud & Bergamot by Jo Malone London. A Oriental fragrance for women and men.,https://leparfum.com.gr/en/elegants-fragrances/276-jom-el,2026-08-20,2026-08-20,ACTIVE,Choose+Bottle+Extra Essence,SHOBI_LIVE_SHOW_ALL
2086,296-JOM,296-JOM EL,EL193,EL,Vetiver & Golden Vanilla Jo Malone,Elegants Fragrances,10.0,"296-JOM Inspired by the fragrance notes of Vetiver & Golden Vanilla Jo Malone. Unisex perfume aromatic, vanilla, warm spicy, woody, earthy, green.",https://leparfum.com.gr/en/elegants-fragrances/296-jom-el,2026-08-20,2026-08-20,ACTIVE,Choose+Bottle+Extra Essence,SHOBI_LIVE_SHOW_ALL
2085,208-CRD,208-CRD EL,EL192,EL,Fantasia de Fleurs,Elegants Fragrances,10.0,208-CRD EL Inspired by the fragrance notes of Fantasia de Fleurs. Rose floral amber powdery citrus.,https://leparfum.com.gr/en/elegants-fragrances/208-crd-el,2026-08-20,2026-08-20,ACTIVE,Choose+Bottle+Extra Essence,SHOBI_LIVE_SHOW_ALL
2084,172-SHALM,172-SHALM AR,AR042,AR,MOROCCAN MUSK - SCENT SALIM,Arabian Perfumes,15.0,"172-SHALM AR Inspired by the fragrance notes of MOROCCAN MUSK - SCENT SALIM. Unisex perfume floral, musky, sweet, powdery.",https://leparfum.com.gr/en/arabian-perfumes/172-shalm-ar,2026-08-20,2026-08-20,ACTIVE,Choose+Bottle+Extra Essence,SHOBI_LIVE_SHOW_ALL
2083,932-TRU,932-TRU WP,WP584,WP,INSIDE DELIGHT,Fragrances For Women,9.0,932-TRU WP Inspired by the fragrance notes of INSIDE DELIGHT.,https://leparfum.com.gr/en/fragrances-for-women/932-tru-wp,2026-08-20,2026-08-20,ACTIVE,Choose+Bottle+Extra Essence,SHOBI_LIVE_SHOW_ALL
2082,861-PAC,861-PAC WP,WP585,WP,LADY MILLION EMPIRE,Fragrances For Women,9.0,861-PAC WP inspired by the fragrance notes of LADY MILLION EMPIRE. MAIN ACCORDS fruity sweet woody floral fresh warm spicy,https://leparfum.com.gr/en/fragrances-for-women/861-pac-wp,2026-08-20,2026-08-20,ACTIVE,Choose+Bottle+Extra Essence,SHOBI_LIVE_SHOW_ALL
2081,789-LAN,789-LAN W,WP586,WP,MAGNOLIA ROSAE,Fragrances For Women,9.0,789-LAN W Inspired by the fragrance notes of MAGNOLIA ROSAE.,https://leparfum.com.gr/en/fragrances-for-women/789-lan-w,2026-08-20,2026-08-20,ACTIVE,Choose+Bottle+Extra Essence,SHOBI_LIVE_SHOW_ALL
2080,726-GUL,726-GUL WP,WP583,WP,SO SCANDAL,Fragrances For Women,9.0,726-GUL Inspired by the fragrance notes of SO SCANDAL.,https://leparfum.com.gr/en/fragrances-for-women/726-gul-wp,2026-08-20,2026-08-20,ACTIVE,Choose+Bottle+Extra Essence,SHOBI_LIVE_SHOW_ALL
2079,683-GUR,683-GUR W,WP582,WP,,Fragrances For Women,9.0,"The composition contains citrus notes like lemon, grapefruit, mandarin juice and bergamot. Along with ylang-ylang, the floral heart also features accents of orange blossom. The scent invites you to ""wake up with the dawn, taste a sunny passion fruit, and take a dip in the steel blue water of the lagoon.”",https://leparfum.com.gr/en/fragrances-for-women/683-gur-w,2026-08-20,2026-08-20,ACTIVE,Choose+Bottle+Extra Essence,SHOBI_LIVE_SHOW_ALL
2078,677-GUC,677-GUC WP,WP581,WP,G by G,Fragrances For Women,9.0,677-GUC Inspired by the fragrance notes of G by G. edp. MAIN ACCORDS fruity patchouli honey sweet woody.,https://leparfum.com.gr/en/fragrances-for-women/677-guc-wp,2026-08-20,2026-08-20,ACTIVE,Choose+Bottle+Extra Essence,SHOBI_LIVE_SHOW_ALL
2077,659-ARM,659-ARM W,WP580,WP,SI PASSIONE INTENSE,Fragrances For Women,9.0,"659-ARM W Inspired by the fragrance notes of  SI PASSIONE INTENSE. Top note is blackcurrant syrup, middle note is jasmine, base notes are white musk, patchouli, vanilla and cedar.",https://leparfum.com.gr/en/fragrances-for-women/659-arm-w,2026-08-20,2026-08-20,ACTIVE,Choose+Bottle+Extra Essence,SHOBI_LIVE_SHOW_ALL
2075,539-DRC,539-DRC W,WP579,WP,MISS ROSE & ROSES,Fragrances For Women,9.0,539-DRC W Inspired by the fragrance notes of MISS ROSE & ROSES.,https://leparfum.com.gr/en/fragrances-for-women/539-drc-w,2026-08-20,2026-08-20,ACTIVE,Choose+Bottle+Extra Essence,SHOBI_LIVE_SHOW_ALL
2062,685-GUR,685-GUR W,WP578,WP,CHAMPS ELYSEES EAU DE PARFUM - GUERLAIN,Fragrances For Women,9.0,685-GUR Inspired by the fragrance notes of CHAMPS ELYSEES EAU DE PARFUM - GUERLAIN.,https://leparfum.com.gr/en/fragrances-for-women/685-gur-w,2026-08-20,2026-08-20,ACTIVE,Choose+Bottle+Extra Essence,SHOBI_LIVE_SHOW_ALL
2061,401-ARIA,401-ARIA WP,WP577,WP,CLOUD - ARIANA GRANDE,Fragrances For Women,9.0,401-ARIA Inspired by the fragrance notes of CLOUD - ARIANA GRANDE.,https://leparfum.com.gr/en/fragrances-for-women/401-aria-wp,2026-08-20,2026-08-20,ACTIVE,Choose+Bottle+Extra Essence,SHOBI_LIVE_SHOW_ALL
2059,283-JOM,283-JOM EL,EL191,EL,Poppy & Barley Jo Malone,Elegants Fragrances,10.0,283-JOM Inspired by the fragrance notes of Poppy & Barley Jo Malone.,https://leparfum.com.gr/en/elegants-fragrances/283-jom-el,2026-08-20,2026-08-20,ACTIVE,Choose+Bottle+Extra Essence,SHOBI_LIVE_SHOW_ALL
2058,141-MAN,141-MAN N,AR041,AR,BLACK VANILLA - MANCERA,Niche Perfumes,15.0,141-MAN AR Inspired by the fragrance notes of BLACK VANILLA - MANCERA. Powdery vanilla floral fruity sweet.,https://leparfum.com.gr/en/niche-perfumes/141-man-n,2026-08-20,2026-08-20,ACTIVE,Choose+Bottle+Extra Essence,SHOBI_LIVE_SHOW_ALL
2057,152-PARF,152-PARF N,AR040,AR,DELINA EXCLUSIF - PARFUMS DE MARLY,Niche Perfumes,15.0,152-PARF AR Inspired by the fragrance notes of DELINA EXCLUSIF - PARFUMS DE MARLY. Rose fruity vanilla balsamic floral.,https://leparfum.com.gr/en/niche-perfumes/152-parf-n,2026-08-20,2026-08-20,ACTIVE,Choose+Bottle+Extra Essence,SHOBI_LIVE_SHOW_ALL
2053,1178-GUL,1178-GUL MP,MP286,MP,LE BEAU,Fragrances For Men,9.0,1178-GUL Inspired by the fragrance notes of LE BEAU. Woody Aromatic fragrance for men.,https://leparfum.com.gr/en/fragrances-for-men/1178-gul-mp,2026-08-20,2026-08-20,ACTIVE,Choose+Bottle+Extra Essence,SHOBI_LIVE_SHOW_ALL
2052,601-ESC,601-ESC WP,WP575,WP,FLOR DEL SOL - ESCADA,Fragrances For Women,9.0,Inspired by the fragrance notes of FLOR DEL SOL - ESCADA.,https://leparfum.com.gr/en/fragrances-for-women/flor-del-sol-escada-arwma-typou,2026-08-20,2026-08-20,ACTIVE,Choose+Bottle+Extra Essence,SHOBI_LIVE_SHOW_ALL
2051,174-SOS,174-SOS N,AR039,AR,ERBA PURA - SOSPIRO,Niche Perfumes,15.0,174-SOS AR Inspired by the fragrance notes of ERBA PURA - SOSPIRO. Fruity musky powdery sweet amber citrus.,https://leparfum.com.gr/en/niche-perfumes/174-sos-n,2026-08-20,2026-08-20,ACTIVE,Choose+Bottle+Extra Essence,SHOBI_LIVE_SHOW_ALL
2050,231-DIP,231-DIP EL,EL190,EL,Oud Palao,Elegants Fragrances,10.0,231-DIP EL inspired by the fragrance notes of Oud Palao. Oriental Woody fragrance for women and men.,https://leparfum.com.gr/en/elegants-fragrances/231-dip-el,2026-08-20,2026-08-20,ACTIVE,Choose+Bottle+Extra Essence,SHOBI_LIVE_SHOW_ALL
1950,145-MEM,145-MEM N,AR038,AR,AFRICAN LEATHER - MEMO PARIS,Niche Perfumes,15.0,"145-MEM Inspired by the fragrance notes of AFRICAN LEATHER - MEMO PARIS.African Leather by Memo Paris is a Leather fragrance for women and men. African Leather was launched in 2015. The fragrance features bergamot, cardamom, saffron, cumin, geranium, patchouli, agarwood (oud), leather, vetiver and musk.",https://leparfum.com.gr/en/niche-perfumes/145-mem-n,2026-08-20,2026-08-20,ACTIVE,Choose+Bottle+Extra Essence,SHOBI_LIVE_SHOW_ALL
1949,130-LEL,130-LEL N,AR037,AR,SANTAL 26 - LE LABO,Niche Perfumes,15.0,130-LEL Inspired by the fragrance notes of SANTAL 26 - LE LABO.,https://leparfum.com.gr/en/niche-perfumes/130-lel-n,2026-08-20,2026-08-20,ACTIVE,Choose+Bottle+Extra Essence,SHOBI_LIVE_SHOW_ALL
1948,102-AMG,102-AMG N,AR036,AR,Interlude Man,Niche Perfumes,15.0,"Inspired by the fragrance notes of Interlude Man.A spicy – woody fragrance that opens with zesty bergamot, oregano and pimento berry oil, perpetuating intervals of conflict which are countered by aromatic notes of amber, frankincense, opoponax, cistus and myrrh. Eternal notes of leather, agarwood smoke, patchouli and sandalwood in the base add lasting...",https://leparfum.com.gr/en/niche-perfumes/102-amg-n,2026-08-20,2026-08-20,ACTIVE,Choose+Bottle+Extra Essence,SHOBI_LIVE_SHOW_ALL
1945,385-YAR,385-YAR EL,EL189,EL,,Elegants Fragrances,10.0,"LILY OF THE VALLEY - YARDLEY.Fragrance white floral, green, fresh.",https://leparfum.com.gr/en/elegants-fragrances/lily-of-the-valley-yardley-type,2026-08-20,2026-08-20,ACTIVE,Choose+Bottle+Extra Essence,SHOBI_LIVE_SHOW_ALL
1944,357-TMFO,357-TMFO EL,EL188,EL,NOIR MEN,Elegants Fragrances,10.0,"357-TMFO EL Inspired by the fragrance notes of NOIR MEN. Top notes: Italian bergamot, verbena, caraway, baie rose (pink pepper), violet flower. Heart notes: black pepper, nutmeg, Tuscan Iris resin, Egyptian Geranium, Bulgarian Rose, Clary Sage. Base notes: Opoponax, amber, Indonesian patchouli, vetiver, civet, vanilla.",https://leparfum.com.gr/en/elegants-fragrances/357-tmfo-el,2026-08-20,2026-08-20,ACTIVE,Choose+Bottle+Extra Essence,SHOBI_LIVE_SHOW_ALL
1943,356-TMFO,356-TMFO EL,EL187,EL,Neroli Portofino Acqua,Elegants Fragrances,10.0,"356-TMFO EL Inspired by the fragrance notes of Neroli Portofino Acqua. Citrus fragrance for women and men, that was launched in 2016. Top notes are bergamot, lemon and petitgrain; middle notes are neroli and orange blossom; base notes are amberwood and white musk.",https://leparfum.com.gr/en/elegants-fragrances/356-tmfo-el,2026-08-20,2026-08-20,ACTIVE,Choose+Bottle+Extra Essence,SHOBI_LIVE_SHOW_ALL
1940,523-DRC,523-DRC W,WP574,WP,ISSIMO,Fragrances For Women,9.0,"523-DRC W Inspired by the fragrance notes of ISSIMO. Fragrance for women white floral, green, fresh, floral.",https://leparfum.com.gr/en/fragrances-for-women/523-drc-w,2026-08-20,2026-08-20,ACTIVE,Choose+Bottle+Extra Essence,SHOBI_LIVE_SHOW_ALL
1939,1100-DOL,1100-DOL MP,MP285,MP,THE ONE GREY,Fragrances For Men,9.0,1100-DOL Inspired by the fragrance notes of THE ONE GREY.,https://leparfum.com.gr/en/fragrances-for-men/1100-dol-mp,2026-08-20,2026-08-20,ACTIVE,Choose+Bottle+Extra Essence,SHOBI_LIVE_SHOW_ALL
1938,1097-DOL,1097-DOL M,MP284,MP,LIGHT BLUE DISCOVER VULCANO,Fragrances For Men,9.0,1097-DOL Inspired by the fragrance notes of LIGHT BLUE DISCOVER VULCANO.,https://leparfum.com.gr/en/fragrances-for-men/1097-dol-m,2026-08-20,2026-08-20,ACTIVE,Choose+Bottle+Extra Essence,SHOBI_LIVE_SHOW_ALL
1937,564-DOL,564-DOL WP,WP573,WP,SEXY CHOCLATE,Fragrances For Women,9.0,564-DOL WP Inspired by the fragrance notes of SEXY CHOCLATE. A gorgeous perfume that gives charm and chic to any woman.,https://leparfum.com.gr/en/fragrances-for-women/564-dol-wp,2026-08-20,2026-08-20,ACTIVE,Choose+Bottle+Extra Essence,SHOBI_LIVE_SHOW_ALL
1936,589-ELI,589-ELI WP,WP572,WP,,Fragrances For Women,9.0,GIRL OF NOW - ELIE SAAB,https://leparfum.com.gr/en/fragrances-for-women/girl-of-now-elie-saab-type,2026-08-20,2026-08-20,ACTIVE,Choose+Bottle+Extra Essence,SHOBI_LIVE_SHOW_ALL
1935,1088-COM,1088-COM MP,MP283,MP,,Fragrances For Men,9.0,ODEUR 53.,https://leparfum.com.gr/en/fragrances-for-men/odeur-53-comme-des-garcons-type,2026-08-20,2026-08-20,ACTIVE,Choose+Bottle+Extra Essence,SHOBI_LIVE_SHOW_ALL
1934,1072-DRC,1072-DRC M,MP287,MP,BALADE SAUVAGE,Fragrances For Men,9.0,"1072-DRC M Inspired by the fragrance notes of BALADE SAUVAGE. Top notes are bergamot, petitgrain and ozonic notes.",https://leparfum.com.gr/en/fragrances-for-men/1072-drc-m,2026-08-20,2026-08-20,ACTIVE,Choose+Bottle+Extra Essence,SHOBI_LIVE_SHOW_ALL
1933,1509-KIL,1509-KIL WP,WP571,WP,AMBER OUD - KILIAN,Fragrances For Women,9.0,"1509-KIL WP Inspired by the fragrance notes of AMBER OUD - KILIAN. Amber and oud, Madagascar vanilla.",https://leparfum.com.gr/en/fragrances-for-women/1509-kil-wp,2026-08-20,2026-08-20,ACTIVE,Choose+Bottle+Extra Essence,SHOBI_LIVE_SHOW_ALL
1932,608-ESC,608-ESC WP,WP571,WP,,Fragrances For Women,9.0,"It opens with notes of strawberry, black currant, citruses and red fruits. Middle notes reveal sweet pea, freesia, jasmine and rose, and this fragrant floral bouquet is followed by raspberry, musk, sandalwood and amber in the base.",https://leparfum.com.gr/en/fragrances-for-women/moon-sparkle-escada-type,2026-08-20,2026-08-20,ACTIVE,Choose+Bottle+Extra Essence,SHOBI_LIVE_SHOW_ALL
1931,993-ZAD,993-ZAD WP,WP571,WP,JUST ROCK FOR HER - ZADIG & VOLTAIRE,Fragrances For Women,9.0,"993-ZAD WP Inspired by the fragrance notes of JUST ROCK FOR HER - ZADIG & VOLTAIRE.Just Rock! for Her by Zadig & Voltaire is a Oriental Floral fragrance for women. Just Rock! for Her was launched in 2017. Just Rock! for Her. The fragrance features jasmine, tuberose, patchouli, vanilla and woody notes.",https://leparfum.com.gr/en/fragrances-for-women/993-zad-wp,2026-08-20,2026-08-20,ACTIVE,Choose+Bottle+Extra Essence,SHOBI_LIVE_SHOW_ALL
1930,967-VICT,967-VICT WP,WP570,WP,VELVET PETALS- VICTORIA'S SECRET,Fragrances For Women,9.0,967-VICT WP inspired by the fragrance notes of VELVET PETALS- VICTORIA'S SECRET.,https://leparfum.com.gr/en/fragrances-for-women/967-vict-wp,2026-08-20,2026-08-20,ACTIVE,Choose+Bottle+Extra Essence,SHOBI_LIVE_SHOW_ALL
1929,970-VICT,970-VICT WP,WP569,WP,VERY SEXY NOW WILD PALM,Fragrances For Women,9.0,970-VICT WP inspired by the fragrance notes of VERY SEXY NOW WILD PALM.,https://leparfum.com.gr/en/fragrances-for-women/970-vict-wp,2026-08-20,2026-08-20,ACTIVE,Choose+Bottle+Extra Essence,SHOBI_LIVE_SHOW_ALL
1928,969-VICT,969-VICT WP,WP568,WP,VERY SEXY NOW BEACH - VICTORIA'S SECRET,Fragrances For Women,9.0,969-VICT WP inspired by the fragrance notes of VERY SEXY NOW BEACH - VICTORIA'S SECRET.,https://leparfum.com.gr/en/fragrances-for-women/969-vict-wp,2026-08-20,2026-08-20,ACTIVE,Choose+Bottle+Extra Essence,SHOBI_LIVE_SHOW_ALL
1927,952-VICT,952-VICT WP,WP567,WP,BOMBSHELL - VICTORIA'S SECRET,Fragrances For Women,9.0,952-VICT WP inspired by the fragrance notes of BOMBSHELL - VICTORIA'S SECRET.,https://leparfum.com.gr/en/fragrances-for-women/952-vict-wp,2026-08-20,2026-08-20,ACTIVE,Choose+Bottle+Extra Essence,SHOBI_LIVE_SHOW_ALL
1926,1482-VIC,1482-VIC M,MP282,MP,ANTIDOTE,Fragrances For Men,9.0,1482-VIC M Inspired by the fragrance of ANTIDOTE. Oriental – woody.,https://leparfum.com.gr/en/fragrances-for-men/1482-vic-m,2026-08-20,2026-08-20,ACTIVE,Choose+Bottle+Extra Essence,SHOBI_LIVE_SHOW_ALL
1924,1485-TMU,1485-TMU M,MP281,MP,ALIEN MAN,Fragrances For Men,9.0,"1485-TMU M Inspired by the fragrance notes of ALIEN MAN. Fresh spicy, woody, aromatic, amber, green, musky.",https://leparfum.com.gr/en/fragrances-for-men/1485-tmu-m,2026-08-20,2026-08-20,ACTIVE,Choose+Bottle+Extra Essence,SHOBI_LIVE_SHOW_ALL
1923,173-SOS,173-SOS N,AR034,AR,,Niche Perfumes,15.0,"Accento by Sospiro Perfumes Type is a Oriental Woody fragrance for women and men. Accento was launched in 2011. Top notes are hyacinth and pineapple; middle notes are iris, jasmine and pink pepper; base notes are vetiver, musk, patchouli, amber and vanille.",https://leparfum.com.gr/en/niche-perfumes/accento-sospiro-perfumes-u-type,2026-08-20,2026-08-20,ACTIVE,Choose+Bottle+Extra Essence,SHOBI_LIVE_SHOW_ALL
1922,1157-HER,1157-HER M,MP280,MP,TERRE D'HERMES EAU INTENSE VETIVER - HERMES,Fragrances For Men,9.0,"1157-HER M Inspired by the fragrance notes of TERRE D'HERMES EAU INTENSE VETIVER - HERMES.Vetiver, Sichuan pepper. It is a fresher interpretation of the original. citrus woody aromatic fresh spicy.",https://leparfum.com.gr/en/fragrances-for-men/1157-her-m,2026-08-20,2026-08-20,ACTIVE,Choose+Bottle+Extra Essence,SHOBI_LIVE_SHOW_ALL
1921,687-GUR,687-GUR W,WP565,WP,L'INSTANT DE GUERLAIN - GUERLAIN,Fragrances For Women,9.0,"687-GUR Inspired by the fragrance notes of L'INSTANT DE GUERLAIN - GUERLAIN.The perfume opens with fresh citrus notes – mandarin and bergamot as one fragrant composition, while the other one gives out the shine of white flowers – magnolia, ylang-ylang, and sambac jasmine. The sensuality comes later with vanilla, benzoin, and musk, which leave magical...",https://leparfum.com.gr/en/fragrances-for-women/687-gur-w,2026-08-20,2026-08-20,ACTIVE,Choose+Bottle+Extra Essence,SHOBI_LIVE_SHOW_ALL
1920,679-GUC,679-GUC WP,WP564,WP,Guilty Black Pour Femme,Fragrances For Women,9.0,679-GUC Inspired by the fragrance notes of Guilty Black Pour Femme . An intense oriental floral perfume.,https://leparfum.com.gr/en/fragrances-for-women/679-guc-wp,2026-08-20,2026-08-20,ACTIVE,Choose+Bottle+Extra Essence,SHOBI_LIVE_SHOW_ALL
1919,903-SALV,903-SALV W,WP563,WP,the fragrance notes LAGUNA - SALVADOR DALI,Fragrances For Women,9.0,903-SALV Inspired by the fragrance notes LAGUNA - SALVADOR DALI.,https://leparfum.com.gr/en/fragrances-for-women/903-salv-w,2026-08-20,2026-08-20,ACTIVE,Choose+Bottle+Extra Essence,SHOBI_LIVE_SHOW_ALL
1918,1236-PAL,1236-PAL MP,MP279,MP,,Fragrances For Men,9.0,"MINOTAURE - PALOMA PICASSO perfume type.
Trademarks and Copyrights are the property of their respective manufactures or brands. Our interpretations should not be confused with the originals and the interpretations have no affiliation with the manufactures or designers. This name is for your reference only to give you our perception and not to mislead,...",https://leparfum.com.gr/en/fragrances-for-men/minotaure-paloma-picasso-type,2026-08-20,2026-08-20,ACTIVE,Choose+Bottle+Extra Essence,SHOBI_LIVE_SHOW_ALL
1917,884-RAL,884-RAL W,WP562,WP,BIG PONY 2,Fragrances For Women,9.0,884-RAL W Inspired by the fragrance notes of BIG PONY 2. Floral-fruity-oriental perfume provides a blend of cranberry and tonka.,https://leparfum.com.gr/en/fragrances-for-women/884-ral-w,2026-08-20,2026-08-20,ACTIVE,Choose+Bottle+Extra Essence,SHOBI_LIVE_SHOW_ALL
1916,1230-PAC,1230-PAC MP,MP278,MP,ONE MILLION LUCKY,Fragrances For Men,9.0,"1230-PAC MP inspired by the fragrance notes of ONE MILLION LUCKY. Fragrance woody, sweet, nutty, honey, fruity, citrus, ozonic, amber, floral, white floral.",https://leparfum.com.gr/en/fragrances-for-men/1230-pac-mp,2026-08-20,2026-08-20,ACTIVE,Choose+Bottle+Extra Essence,SHOBI_LIVE_SHOW_ALL
1915,808-LOL,808-LOL WP,WP561,WP,,Fragrances For Women,9.0,"It opens with accords of candied cherries that lead to the heart of cocoa absolute, which flirts with angelica, both wrapped up in elegant iris. The final signature of strength and sensuality is provided by accords of musk and cashmere wood.",https://leparfum.com.gr/en/fragrances-for-women/sweet-lolita-lempicka-type,2026-08-20,2026-08-20,ACTIVE,Choose+Bottle+Extra Essence,SHOBI_LIVE_SHOW_ALL
1914,1201-LBI,1201-LBI MP,MP277,MP,,Fragrances For Men,9.0,VENEZIA UOMO - LAURA BIAGIOTTI.,https://leparfum.com.gr/en/fragrances-for-men/venezia-uomo-laura-biagiotti-type,2026-08-20,2026-08-20,ACTIVE,Choose+Bottle+Extra Essence,SHOBI_LIVE_SHOW_ALL
1913,802-LBI,802-LBI WP,WP560,WP,,Fragrances For Women,9.0,"Warm, woody-spicy, oriental, very Italian. Top notes include succulent Italian fruit with some green accord; peach, plums and bergamot. At its heart; rose, spicy carnation, intense cinnamon and iris. Sandalwood, Tonka bean, vanilla and benzoin.",https://leparfum.com.gr/en/fragrances-for-women/venezia-laura-biagiotti-aroma,2026-08-20,2026-08-20,ACTIVE,Choose+Bottle+Extra Essence,SHOBI_LIVE_SHOW_ALL
1912,795-LAN,795-LAN W,WP559,WP,LA NUIT TRESOR MUSC DIAMANT,Fragrances For Women,9.0,"795-LAN W Inspired by the fragrance notes of LA NUIT TRESOR MUSC DIAMANT. A floriental musk fragrance for women that feels luminous, sensual, and slightly sweet, with a soft fruity-floral heart wrapped in a veil of white musk.",https://leparfum.com.gr/en/fragrances-for-women/795-lan-w,2026-08-20,2026-08-20,ACTIVE,Choose+Bottle+Extra Essence,SHOBI_LIVE_SHOW_ALL
1911,775-LAL,775-LAL WP,WP558,WP,,Fragrances For Women,9.0,"The notes are voluptuous, intoxicating, feminine and very seductive. Bulgarin rose shines with its sweet and spicy nuances. At its heart, the note of sensual and powdery iris caressed by bourbon pepper which offers the wave of some modern colouring seguing into patchouli and musks. The casmir note gives off its elegant and refined character.",https://leparfum.com.gr/en/fragrances-for-women/perles-de-lalique-lalique-type,2026-08-20,2026-08-20,ACTIVE,Choose+Bottle+Extra Essence,SHOBI_LIVE_SHOW_ALL
1910,740-JUI,740-JUI WP,WP558,WP,,Fragrances For Women,9.0,"Opening notes of the composition provide a blend of forest fruit and mandarin. The heart is rich and floral, composed of honeysuckle, gardenia and jasmine, resting on a creamy and warm base created of amber, caramel, vanilla, sandalwood and praline.",https://leparfum.com.gr/en/fragrances-for-women/viva-la-juicy-luxe-parfum-juicy-couture-type,2026-08-20,2026-08-20,ACTIVE,Choose+Bottle+Extra Essence,SHOBI_LIVE_SHOW_ALL
1909,318-MNT,318-MNT EL Perfume,EL185,EL,,Elegants Fragrances,10.0,318-MNT EL CHOCOLATE GREEDY Inspired.Oriental Vanilla fragrance for women and men.,https://leparfum.com.gr/en/elegants-fragrances/318-mnt-el-perfume,2026-08-20,2026-08-20,ACTIVE,Choose+Bottle+Extra Essence,SHOBI_LIVE_SHOW_ALL
1908,265-JOM,265-JOM EL,EL184,EL,Lotus Blossom and Water Lily Jo Malone,Elegants Fragrances,10.0,265-JOM Inspired by the fragrance notes of Lotus Blossom and Water Lily Jo Malone. A floral fragrance for women.,https://leparfum.com.gr/en/elegants-fragrances/265-jom-el,2026-08-20,2026-08-20,ACTIVE,Choose+Bottle+Extra Essence,SHOBI_LIVE_SHOW_ALL
1907,269-JOM,269-JOM EL,EL183,EL,Nashi Blossom Jo Malone,Elegants Fragrances,10.0,269-JOM Inspired by the fragrance notes of Nashi Blossom Jo Malone,https://leparfum.com.gr/en/elegants-fragrances/269-jom-el,2026-08-20,2026-08-20,ACTIVE,Choose+Bottle+Extra Essence,SHOBI_LIVE_SHOW_ALL
1904,314-MOL,314-MOL EL,EL182,EL,,Elegants Fragrances,10.0,ZIAO JAO - MOLTON BROWN.,https://leparfum.com.gr/en/elegants-fragrances/ziao-jao-molton-brown-type,2026-08-20,2026-08-20,ACTIVE,Choose+Bottle+Extra Essence,SHOBI_LIVE_SHOW_ALL
1903,538-DRC,538-DRC W,WP557,WP,MISS EAU DE PARFUM (2017),Fragrances For Women,9.0,538-DRC W Inspired by the fragrance notes of  MISS EAU DE PARFUM (2017),https://leparfum.com.gr/en/fragrances-for-women/538-drc-w,2026-08-20,2026-08-20,ACTIVE,Choose+Bottle+Extra Essence,SHOBI_LIVE_SHOW_ALL
1902,522-DRC,522-DRC W,WP556,WP,ADDICT EAU DE TOILETTE,Fragrances For Women,9.0,522-DRC W Inspired by the fragrance notes of ADDICT EAU DE TOILETTE,https://leparfum.com.gr/en/fragrances-for-women/522-drc-w,2026-08-20,2026-08-20,ACTIVE,Choose+Bottle+Extra Essence,SHOBI_LIVE_SHOW_ALL
1901,1053-CAR,1053-CAR M,MP276,MP,212 MEN,Fragrances For Men,9.0,"1053-CAR M Inspired by the fragrance notes of 212 MEN. Citrus, green, fresh spicy, aromatic, woody, powdery.",https://leparfum.com.gr/en/fragrances-for-men/1053-car-m,2026-08-20,2026-08-20,ACTIVE,Choose+Bottle+Extra Essence,SHOBI_LIVE_SHOW_ALL
1900,486-CAR,486-CAR WP,WP555,WP,Good Girl Légère,Fragrances For Women,9.0,486-CAR Inspired by the fragrance notes of Good Girl Légère.,https://leparfum.com.gr/en/fragrances-for-women/486-car-wp,2026-08-20,2026-08-20,ACTIVE,Choose+Bottle+Extra Essence,SHOBI_LIVE_SHOW_ALL
1899,479-CAR,479-CAR W,WP554,WP,212,Fragrances For Women,9.0,479-CAR Inspired by the fragrance notes of 212.,https://leparfum.com.gr/en/fragrances-for-women/479-car-w,2026-08-20,2026-08-20,ACTIVE,Choose+Bottle+Extra Essence,SHOBI_LIVE_SHOW_ALL
1898,452-BYR,452-BYR WP,WP553,WP,LA TULIPE,Fragrances For Women,9.0,"452-BYR Inspired by the fragrance notes of LA TULIPE. A fresh and clean floral fragrance with top notes of rhubarb, cyclamen and freesia. a fragrance for women.",https://leparfum.com.gr/en/fragrances-for-women/452-byr-wp,2026-08-20,2026-08-20,ACTIVE,Choose+Bottle+Extra Essence,SHOBI_LIVE_SHOW_ALL
1897,1037-BLG,1037-BLG M,MP275,MP,Bvl Man,Fragrances For Men,9.0,1037-BLG M Inspired by the fragrance notes of Bvl Man. An Oriental Woody fragrance for men.,https://leparfum.com.gr/en/fragrances-for-men/1037-blg-m,2026-08-20,2026-08-20,ACTIVE,Choose+Bottle+Extra Essence,SHOBI_LIVE_SHOW_ALL
1896,444-BLG,444-BLG WP,WP552,WP,Omnia,Fragrances For Women,9.0,444-BLG WP Inspired by the fragrance notes of Omnia. An Oriental fragrance for women.,https://leparfum.com.gr/en/fragrances-for-women/444-blg-wp,2026-08-20,2026-08-20,ACTIVE,Choose+Bottle+Extra Essence,SHOBI_LIVE_SHOW_ALL
1895,999-ABE,999-ABE MP,MP274,MP,,Fragrances For Men,9.0,FIRST INSTINCT - ABERCROMBIE & FITCH,https://leparfum.com.gr/en/fragrances-for-men/first-instinct-abercrombie-fitch-type,2026-08-20,2026-08-20,ACTIVE,Choose+Bottle+Extra Essence,SHOBI_LIVE_SHOW_ALL
1894,1006-ACQ,1006-ACQ,MP273,MP,COLONIA INTENSA OUD,Fragrances For Men,9.0,"1006-ACQ Inspired by the fragrance notes of COLONIA INTENSA OUD. A fresh citrus opening that blends with rich oud and warm woods, finishing with smooth leather and musk for a dark, elegant masculine scent.",https://leparfum.com.gr/en/fragrances-for-men/1006-acq,2026-08-20,2026-08-20,ACTIVE,Choose+Bottle+Extra Essence,SHOBI_LIVE_SHOW_ALL
1893,1127-ARM,1127-ARM M,MP119,MP,ACQUA DI GIO PROFUMO,Fragrances For Men,9.0,"1127-ARM M Inspired by the fragrance notes of ACQUA DI GIO PROFUMO. An aquatic, aromatic, woody and spicy composition.",https://leparfum.com.gr/en/fragrances-for-men/1127-arm-m,2026-08-20,2026-08-20,ACTIVE,Choose+Bottle+Extra Essence,SHOBI_LIVE_SHOW_ALL
1891,353-TMFO,353-TMFO EL,EL181,EL,METALLIQUE,Elegants Fragrances,10.0,"353-TMFO EL Inspired by the fragrance notes of METALLIQUE. Top notes are aldehydes, bergamot and pink pepper; middle notes are hawthorn, lily-of-the-valley and heliotrope; base notes are ambrette (musk mallow), peru balsam, vanilla and sandalwood.",https://leparfum.com.gr/en/elegants-fragrances/353-tmfo-el,2026-08-20,2026-08-20,ACTIVE,Choose+Bottle+Extra Essence,SHOBI_LIVE_SHOW_ALL
1890,834-MOS,834-MOS WP,WP551,WP,So Real Cheap & Chic Moschino,Fragrances For Women,9.0,834-MOS WP Inspired by the fragrance notes of So Real Cheap & Chic Moschino. Fresh floral-fruity-woody scent.,https://leparfum.com.gr/en/fragrances-for-women/834-mos-wp,2026-08-20,2026-08-20,ACTIVE,Choose+Bottle+Extra Essence,SHOBI_LIVE_SHOW_ALL
1889,762-KIL,762-KIL WP,WP550,WP,INTOXICATED - KILIAN,Fragrances For Women,9.0,762-KIL WP Inspired by the fragrance notes of INTOXICATED - KILIAN. Aromatic Spicy fragrance for women and men.,https://leparfum.com.gr/en/fragrances-for-women/762-kil-wp,2026-08-20,2026-08-20,ACTIVE,Choose+Bottle+Extra Essence,SHOBI_LIVE_SHOW_ALL
1888,252-JOM,252-JOM EL,EL180,EL,Frangipani Flower Cologne Jo Malone,Elegants Fragrances,10.0,252-JOM Inspired by the fragrance notes of Frangipani Flower Cologne Jo Malone. A Floral fragrance for women and men.,https://leparfum.com.gr/en/elegants-fragrances/252-jom-el,2026-08-20,2026-08-20,ACTIVE,Choose+Bottle+Extra Essence,SHOBI_LIVE_SHOW_ALL
1883,652-ARM,652-ARM W,WP549,WP,IN LOVE WITH YOU,Fragrances For Women,9.0,"652-ARM W Inspired by the fragrance notes of IN LOVE WITH YOU. Opens with ripe berries, developing with the heart of rose and bitter wormwood.",https://leparfum.com.gr/en/fragrances-for-women/652-arm-w,2026-08-20,2026-08-20,ACTIVE,Choose+Bottle+Extra Essence,SHOBI_LIVE_SHOW_ALL
1882,1090-COS,1090-COS MP,MP272,MP,,Fragrances For Men,9.0,Warm spicy cinnamon balsamic woody citrus. An original and captivating fragrance for an essential and timeless man with a metropolitan spirit and energetic personality.,https://leparfum.com.gr/en/fragrances-for-men/costume-national-fragrance-type,2026-08-20,2026-08-20,ACTIVE,Choose+Bottle+Extra Essence,SHOBI_LIVE_SHOW_ALL
1881,1091-COS,1091-COS MP,WP548,WP,,Fragrances For Women,9.0,SCENT INTENSE - CoSTUME NATIONAL,https://leparfum.com.gr/en/fragrances-for-women/scent-intense-costume-national-u-type,2026-08-20,2026-08-20,ACTIVE,Choose+Bottle+Extra Essence,SHOBI_LIVE_SHOW_ALL
1880,177-TER,177-TER N,AR032,AR,KIRKE - TIZIANA TERENZI,Niche Perfumes,15.0,Inspired by the fragrance notes of KIRKE - TIZIANA TERENZI,https://leparfum.com.gr/en/niche-perfumes/177-ter-n,2026-08-20,2026-08-20,ACTIVE,Choose+Bottle+Extra Essence,SHOBI_LIVE_SHOW_ALL
1879,305-KAY,305-KAY EL,EL179,EL,VANILLA 28 - KAYALI,Elegants Fragrances,10.0,"305-KAY EL Inspired by the fragrance notes of VANILLA 28 - KAYALI.Fragrance sweet, amber, vanilla, woody, powdery.",https://leparfum.com.gr/en/elegants-fragrances/305-kay-el,2026-08-20,2026-08-20,ACTIVE,Choose+Bottle+Extra Essence,SHOBI_LIVE_SHOW_ALL
1878,337-TIFF,337-TIFF WP,EL178,EL,SHEER - TIFFANY & CO,Elegants Fragrances,10.0,337-TIFF Inspired by the fragrance notes of SHEER - TIFFANY & CO. MAIN ACCORDS musky woody floral powdery rose.,https://leparfum.com.gr/en/elegants-fragrances/337-tiff-wp,2026-08-20,2026-08-20,ACTIVE,Choose+Bottle+Extra Essence,SHOBI_LIVE_SHOW_ALL
1877,453-BYR,453-BYR WP,WP547,WP,Slow Dance,Fragrances For Women,9.0,"453-BYR WP Inspired by the fragrance notes of Slow Dance. Fragrance amber, woody, balsamic, sweet, vanilla, warm spicy, powdery, patchouli, violet.",https://leparfum.com.gr/en/fragrances-for-women/453-byr-wp,2026-08-20,2026-08-20,ACTIVE,Choose+Bottle+Extra Essence,SHOBI_LIVE_SHOW_ALL
1839,233-ESCE,233-ESCE EL,EL177,EL,,Elegants Fragrances,10.0,"ESCENTRIC 02 Type contains only ambroxan, which is a great fixation, and therefore stays with you all day, very pleasant, velvety, warm and delightfully sweet, non-obtrusive.",https://leparfum.com.gr/en/elegants-fragrances/escentric-02-dupe-perfume,2026-08-20,2026-08-20,ACTIVE,Choose+Bottle+Extra Essence,SHOBI_LIVE_SHOW_ALL
1833,271-JOM,271-JOM EL,EL176,EL,Nectarine Blossom & Honey,Elegants Fragrances,10.0,"271-JOM Inspired by the fragrance notes of Nectarine Blossom & Honey. A fruity, sweet, green, powdery fragrance.",https://leparfum.com.gr/en/elegants-fragrances/271-jom-el,2026-08-20,2026-08-20,ACTIVE,Choose+Bottle+Extra Essence,SHOBI_LIVE_SHOW_ALL
1832,116-EXN,116-EXN N,AR031,AR,midnight special-ex nihilo,Niche Perfumes,15.0,"Inspired by the fragrance notes of midnight special-ex nihilo.Top notes are cinnamon, saffron and black pepper; middle notes are turkish rose, rose and grapefruit; base notes are agarwood (oud), patchouli and vanilla.",https://leparfum.com.gr/en/niche-perfumes/midnight-special-ex-nihilo-u-type,2026-08-20,2026-08-20,ACTIVE,Choose+Bottle+Extra Essence,SHOBI_LIVE_SHOW_ALL
1831,115-EXN,115-EXN N,AR030,AR,fleur narcotique-ex nihilo,Niche Perfumes,15.0,"Inspired by the fragrance notes of fleur narcotique-ex nihilo.Top notes are bergamot, litchi and peach; middle notes are jasmine, peony and orange blossom; base notes are woody notes, moss and musk.",https://leparfum.com.gr/en/niche-perfumes/115-exn-n,2026-08-20,2026-08-20,ACTIVE,Choose+Bottle+Extra Essence,SHOBI_LIVE_SHOW_ALL
1822,722-GUL,722-GUL WP,WP546,WP,La Belle,Fragrances For Women,9.0,722-GUL Inspired by the fragrance notes of La Belle. Amber Vanilla fragrance for women.,https://leparfum.com.gr/en/fragrances-for-women/722-gul-wp,2026-08-20,2026-08-20,ACTIVE,Choose+Bottle+Extra Essence,SHOBI_LIVE_SHOW_ALL
1821,339-TMFO,339-TMFO EL,EL175,EL,BEAU DE JOUR,Elegants Fragrances,10.0,"339-TMFO EL Inspired by the fragrance notes of BEAU DE JOUR. Sophisticated barbershop scent aromatic, fresh spicy, lavender, woody, green, earthy, patchouli, mossy, herbal, warm spicy.",https://leparfum.com.gr/en/elegants-fragrances/339-tmfo-el,2026-08-20,2026-08-20,ACTIVE,Choose+Bottle+Extra Essence,SHOBI_LIVE_SHOW_ALL
1819,854-NIN,854-NIN WP,WP545,WP,the fragrance otes of NINA ROUGE,Fragrances For Women,9.0,854-NIN WP inspired by the fragrance otes of NINA ROUGE. Top notes are citron and raspberry; middle notes are gardenia and ginger flower; base notes are bourbon vanilla and caramel.,https://leparfum.com.gr/en/fragrances-for-women/854-nin-wp,2026-08-20,2026-08-20,ACTIVE,Choose+Bottle+Extra Essence,SHOBI_LIVE_SHOW_ALL
1818,352-TMFO,352-TMFO EL,EL174,EL,MEN EXTREME,Elegants Fragrances,10.0,"352-TMFO EL Inspired by the fragrance notes of MEN EXTREME. Woody, earthy, patchouli, savory, fruity.",https://leparfum.com.gr/en/elegants-fragrances/352-tmfo-el,2026-08-20,2026-08-20,ACTIVE,Choose+Bottle+Extra Essence,SHOBI_LIVE_SHOW_ALL
1817,1094-DOL,1094-DOL MP,MP271,MP,K KING (2019),Summer Fragrances,9.0,"1094-DOL MP Inspired by the fragrance notes of K KING (2019). Fragrance aromatic, citrus, fresh spicy, woody, warm spicy.",https://leparfum.com.gr/en/summer-fragrances/1094-dol-mp,2026-08-20,2026-08-20,ACTIVE,Choose+Bottle+Extra Essence,SHOBI_LIVE_SHOW_ALL
1816,181-XER,181-XER N,AR029,AR,ALEXANDRIA II,Niche Perfumes,15.0,Inspired by the fragrance notes of ALEXANDRIA II. Woody balsamic warm spicy fresh spicy aromatic powdery.,https://leparfum.com.gr/en/niche-perfumes/181-xer-n,2026-08-20,2026-08-20,ACTIVE,Choose+Bottle+Extra Essence,SHOBI_LIVE_SHOW_ALL
1815,131-LEL,131-LEL N,AR028,AR,Le Labo Santal 33,Niche Perfumes,15.0,131-LEL Inspired by the fragrance notes of Le Labo Santal 33.,https://leparfum.com.gr/en/niche-perfumes/131-lel-n,2026-08-20,2026-08-20,ACTIVE,Choose+Bottle+Extra Essence,SHOBI_LIVE_SHOW_ALL
1814,153-PARF,153-PARF N,AR027,AR,Straigh to Heaven,Niche Perfumes,15.0,"153-PARF Inspired by the fragrance notes of Straigh to Heaven. Top notes: cinnamon and pepper wood. Heart: osmanthus, tobacco leaf, labdanum and incense. Base: vanilla, cedar, vetiver, patchouli, iso e super, cypriol and musk.",https://leparfum.com.gr/en/niche-perfumes/153-parf-n,2026-08-20,2026-08-20,ACTIVE,Choose+Bottle+Extra Essence,SHOBI_LIVE_SHOW_ALL
1813,694-GUR,694-GUR W,WP544,WP,TERRACOTTA LE PARFUM - GUERLAIN,Fragrances For Women,9.0,"694-GUR Inspired by the fragrance notes of TERRACOTTA LE PARFUM - GUERLAIN.It opens with accords of bergamot, coconut and tiare flower. Its heart includes white florals such as jasmine, ylang-ylang and orange blossom, laid on the sultry base of musk and vanilla.",https://leparfum.com.gr/en/fragrances-for-women/694-gur-w,2026-08-20,2026-08-20,ACTIVE,Choose+Bottle+Extra Essence,SHOBI_LIVE_SHOW_ALL
1811,449-BYR,449-BYR WP,WP543,WP,BAL D'AFRIQUE,Fragrances For Women,9.0,449-BYR Inspired by the fragrance notes of BAL D'AFRIQUE. Woody citrus aromatic.,https://leparfum.com.gr/en/fragrances-for-women/449-byr-wp,2026-08-20,2026-08-20,ACTIVE,Choose+Bottle+Extra Essence,SHOBI_LIVE_SHOW_ALL
1810,1161-HUG,1161-HUG MP,MP270,MP,BOSS BOTTLED OUD - HUGO BOSS,Fragrances For Men,9.0,1161-HUG Inspired by the fragrance notes of BOSS BOTTLED OUD - HUGO BOSS.,https://leparfum.com.gr/en/fragrances-for-men/1161-hug-mp,2026-08-20,2026-08-20,ACTIVE,Choose+Bottle+Extra Essence,SHOBI_LIVE_SHOW_ALL
1808,127-KIL,127-KIL N,AR026,AR,STRAIGHT TO HEAVEN - KILIAN,Niche Perfumes,15.0,"127-KIL AR Inspired by the fragrance notes of STRAIGHT TO HEAVEN - KILIAN. The fragrance features musk, jasmine, patchouli, virginia cedar, amber, nutmeg, vanille, rum and dried fruits.",https://leparfum.com.gr/en/niche-perfumes/127-kil-n,2026-08-20,2026-08-20,ACTIVE,Choose+Bottle+Extra Essence,SHOBI_LIVE_SHOW_ALL
1807,111-BAC,111-BAC N,AR025,AR,ROUGE 540 - BACCARAT,Niche Perfumes,15.0,"111-BAC AR Inspired by the fragrance notes of ROUGE 540 - BACCARAT. Fragrance woody, amber, warm spicy, fresh spicy, aromatic, animalic, metallic.",https://leparfum.com.gr/en/niche-perfumes/111-bac-n,2026-08-20,2026-08-20,ACTIVE,Choose+Bottle+Extra Essence,SHOBI_LIVE_SHOW_ALL
1806,195-ARM,195-ARM EL,EL173,EL,VERT MALACHITE,Elegants Fragrances,10.0,195-ARM EL Inspired by the fragrance notes of VERT MALACHITE. Woody Aromatic fragrance for women and men.,https://leparfum.com.gr/en/elegants-fragrances/195-arm-el,2026-08-20,2026-08-20,ACTIVE,Choose+Bottle+Extra Essence,SHOBI_LIVE_SHOW_ALL
1805,763-KIL,763-KIL WP,WP542,WP,KISSING BURNS 6,Fragrances For Women,9.0,"763-KIL WP Inspired by the fragrance notes of KISSING BURNS 6.4 CALORIES AN HOUR. Vanilla, lactonic, sweet, white floral, green, fresh, powdery, savory.",https://leparfum.com.gr/en/fragrances-for-women/763-kil-wp,2026-08-20,2026-08-20,ACTIVE,Choose+Bottle+Extra Essence,SHOBI_LIVE_SHOW_ALL
1804,767-KIL,767-KIL WP,WP541,WP,VOULEZ-VOUS COUCHER AVEC MOI - KILIAN,Fragrances For Women,9.0,767-KIL WP Inspired by the fragrance notes of VOULEZ-VOUS COUCHER AVEC MOI - KILIAN. Fragrance white floral woody yellow floral tuberose vanilla rose.,https://leparfum.com.gr/en/fragrances-for-women/767-kil-wp,2026-08-20,2026-08-20,ACTIVE,Choose+Bottle+Extra Essence,SHOBI_LIVE_SHOW_ALL
1803,759-KIL,759-KIL WP,WP540,WP,BAD BOYS ARE NO GOOD BUT GOOD BOYS ARE NO FUN-KILIAN,Fragrances For Women,9.0,"759-KIL WP Inspired by the fragrance notes of BAD BOYS ARE NO GOOD BUT GOOD BOYS ARE NO FUN-KILIAN. Coca-cola, woody, citrus, cinnamon, fresh spicy.",https://leparfum.com.gr/en/fragrances-for-women/759-kil-wp,2026-08-20,2026-08-20,ACTIVE,Choose+Bottle+Extra Essence,SHOBI_LIVE_SHOW_ALL
1802,781-LAN,781-LAN W,WP539,WP,JASMINS MARZIPANE,Fragrances For Women,9.0,"781-LAN W Inspired by the fragrance notes of JASMINS MARZIPANE. A luxurious, elegant white-floral fragrance. It focuses on jasmine with a creamy, almond-sweet twist, giving a soft and refined feeling.",https://leparfum.com.gr/en/fragrances-for-women/781-lan-w,2026-08-20,2026-08-20,ACTIVE,Choose+Bottle+Extra Essence,SHOBI_LIVE_SHOW_ALL
1801,765-KIL,765-KIL WP,WP538,WP,LOVE DONT BE SHY - KILIAN,Fragrances For Women,9.0,"765-KIL WP Inspired by the fragrance notes of LOVE DONT BE SHY - KILIAN. Oriental fragrance for women. White floral, sweet, vanilla, caramel, citrus.",https://leparfum.com.gr/en/fragrances-for-women/765-kil-wp,2026-08-20,2026-08-20,ACTIVE,Choose+Bottle+Extra Essence,SHOBI_LIVE_SHOW_ALL
1796,110-ARM,110-ARM N,AR024,AR,ROSE D'ARABIE,Niche Perfumes,15.0,"110-ARM N Inspired by the fragrance notes of ROSE D'ARABIE. Damascus rose with patchouli, vanilla and Arab woods.",https://leparfum.com.gr/en/niche-perfumes/110-arm-n,2026-08-20,2026-08-20,ACTIVE,Choose+Bottle+Extra Essence,SHOBI_LIVE_SHOW_ALL
1795,1058-CAR,1058-CAR MP,MP268,MP,BAD BOY,Fragrances For Men,9.0,1058-CAR Inspired by the fragrance notes of BAD BOY.,https://leparfum.com.gr/en/fragrances-for-men/1058-car-mp,2026-08-20,2026-08-20,ACTIVE,Choose+Bottle+Extra Essence,SHOBI_LIVE_SHOW_ALL
1794,780-LAN,780-LAN W,WP537,WP,IDOLE,Fragrances For Women,9.0,"780-LAN W Inspired by the fragrance notes of IDOLE . A modern, clean, fresh floral perfume. It smells light, elegant, and slightly sweet, with a strong rose and clean musk character. It feels feminine but also minimal and fresh, like fresh skin after a shower with a soft floral touch.",https://leparfum.com.gr/en/fragrances-for-women/780-lan-w,2026-08-20,2026-08-20,ACTIVE,Choose+Bottle+Extra Essence,SHOBI_LIVE_SHOW_ALL
1793,981-YZLO,981-YZLO W,WP536,WP,LIBRE,Fragrances For Women,9.0,"981-YZLO Inspired by the fragrance notes of LIBRE. Top notes are mandarin orange, lavender, black currant and petitgrain; middle notes are jasmine, lavender and orange blossom; base notes are madagascar vanilla, cedar, ambergris and musk.",https://leparfum.com.gr/en/fragrances-for-women/981-yzlo-w,2026-08-20,2026-08-20,ACTIVE,Choose+Bottle+Extra Essence,SHOBI_LIVE_SHOW_ALL
1792,760-KIL,760-KIL WP,WP535,WP,BLACK PHANTOM - KILIAN,Fragrances For Women,9.0,"760-KIL WP Inspired by the fragrance notes of BLACK PHANTOM - KILIAN. Rum, sugar cane, dark chocolate, coffee, caramel, almond, heliotrope and sandalwood.",https://leparfum.com.gr/en/fragrances-for-women/760-kil-wp,2026-08-20,2026-08-20,ACTIVE,Choose+Bottle+Extra Essence,SHOBI_LIVE_SHOW_ALL
1791,138-KUR,138-KUR N,AR023,AR,OUD CASHMERE MOOD,Niche Perfumes,15.0,"138-KUR N Inspired by the fragrance notes of OUD CASHMERE MOOD. Agarwood (oud), bulgarian rose, benzoin, turkish rose, violet and vanilla.",https://leparfum.com.gr/en/niche-perfumes/138-kur-n,2026-08-20,2026-08-20,ACTIVE,Choose+Bottle+Extra Essence,SHOBI_LIVE_SHOW_ALL
1790,139-KUR,139-KUR N,AR022,AR,OUD SATIN MOOD,Niche Perfumes,15.0,"139-KUR N Inspired by the fragrance notes of OUD SATIN MOOD. Fragrance with Agarwood (oud), bulgarian rose, benzoin, turkish rose, violet and vanilla.",https://leparfum.com.gr/en/niche-perfumes/139-kur-n,2026-08-20,2026-08-20,ACTIVE,Choose+Bottle+Extra Essence,SHOBI_LIVE_SHOW_ALL
1789,495-CHA,495-CHA W,WP534,WP,ALLURE SENSUELLE,Fragrances For Women,9.0,"495-CHA W Inspired by the fragrance of ALLURE SENSUELLE. Warm spicy, woody.",https://leparfum.com.gr/en/fragrances-for-women/495-cha-w,2026-08-20,2026-08-20,ACTIVE,Choose+Bottle+Extra Essence,SHOBI_LIVE_SHOW_ALL
1788,350-TMFO,350-TMFO EL,EL171,EL,LOST CHERRY,Elegants Fragrances,10.0,"350-TMFO EL Inspired by the fragrance notes of LOST CHERRY. Black cherry, cherry liquer, bitter almonds.",https://leparfum.com.gr/en/elegants-fragrances/350-tmfo-el,2026-08-20,2026-08-20,ACTIVE,Choose+Bottle+Extra Essence,SHOBI_LIVE_SHOW_ALL
1787,792-LAN,792-LAN W,WP533,WP,OUD AMBROISIE,Fragrances For Women,9.0,"792-LAN W Inspired by the fragrance notes of OUD AMBROISIE. A rich, warm, sweet oriental fragrance with honey, rose, and oud.",https://leparfum.com.gr/en/fragrances-for-women/792-lan-w,2026-08-20,2026-08-20,ACTIVE,Choose+Bottle+Extra Essence,SHOBI_LIVE_SHOW_ALL
1786,154-PARF,154-PARF N,AR020,AR,LAYTON - PARFUMS DE MARLY,Niche Perfumes,15.0,"154-PARF Inspired by the fragrance notes of LAYTON - PARFUMS DE MARLY. Top notes are bergamot, lavender, apple and mandarin orange; middle notes are violet, jasmine and geranium; base notes are guaiac wood, patchouli, sandalwood, cardamom, vanilla and pepper.",https://leparfum.com.gr/en/niche-perfumes/154-parf-n,2026-08-20,2026-08-20,ACTIVE,Choose+Bottle+Extra Essence,SHOBI_LIVE_SHOW_ALL
1782,757-KIL,757-KIL WP,WP532,WP,ADULTS - KILIAN,Fragrances For Women,9.0,757-KIL WP Inspired by the fragrance notes of ADULTS - KILIAN.,https://leparfum.com.gr/en/fragrances-for-women/757-kil-wp,2026-08-20,2026-08-20,ACTIVE,Choose+Bottle+Extra Essence,SHOBI_LIVE_SHOW_ALL
1781,408-BAT,408-BAT WP,WP531,WP,WARM VANILLA SUGAR,Fragrances For Women,9.0,408-BAT Inspired by the fragrance notes of WARM VANILLA SUGAR.,https://leparfum.com.gr/en/fragrances-for-women/408-bat-wp,2026-08-20,2026-08-20,ACTIVE,Choose+Bottle+Extra Essence,SHOBI_LIVE_SHOW_ALL
1780,699-HER,699-HER W,WP530,WP,EAU DES MERVEILLES BLEUE - HERMES,Fragrances For Women,9.0,"699-HER W Inspired by the fragrance notes of EAU DES MERVEILLES BLEUE - HERMES. Fragrance marine, woody, aromatic, salty, aquatic.",https://leparfum.com.gr/en/fragrances-for-women/699-her-w,2026-08-20,2026-08-20,ACTIVE,Choose+Bottle+Extra Essence,SHOBI_LIVE_SHOW_ALL
1779,466-CAL,466-CAL WP,WP529,WP,CALVIN KLEIN WOMEN - CALVIN KLEIN,Fragrances For Women,9.0,466-CAL WP Inspired by the fragrance notes of CALVIN KLEIN WOMEN - CALVIN KLEIN.,https://leparfum.com.gr/en/fragrances-for-women/466-cal-wp,2026-08-20,2026-08-20,ACTIVE,Choose+Bottle+Extra Essence,SHOBI_LIVE_SHOW_ALL
1778,990-YZLO,990-YZLO W,WP528,WP,Supreme Bouquet,Fragrances For Women,9.0,"990-YZLO W Inspired by the fragrance of Supreme Bouquet.Fragrance white floral, fruity, tuberose, sweet, yellow floral, animalic, woody, amber, musky, patchouli.",https://leparfum.com.gr/en/fragrances-for-women/990-yzlo-w,2026-08-20,2026-08-20,ACTIVE,Choose+Bottle+Extra Essence,SHOBI_LIVE_SHOW_ALL
1777,615-EST,615-EST WP,WP527,WP,BEAUTIFUL BELLE - ESTEE LAUDER,Fragrances For Women,9.0,615-EST Inspired by the fragrance notes of BEAUTIFUL BELLE - ESTEE LAUDER.,https://leparfum.com.gr/en/fragrances-for-women/615-est-wp,2026-08-20,2026-08-20,ACTIVE,Choose+Bottle+Extra Essence,SHOBI_LIVE_SHOW_ALL
1776,1187-JOV,1187-JOV MP,MP267,MP,,Fragrances For Men,9.0,WHITE MUSK - JOVAN,https://leparfum.com.gr/en/fragrances-for-men/white-musk-jovan-type,2026-08-20,2026-08-20,ACTIVE,Choose+Bottle+Extra Essence,SHOBI_LIVE_SHOW_ALL
1775,848-NRO,848-NRO WP,WP526,WP,,Fragrances For Women,9.0,PURE MUSK FOR HER - NARCISO RODRIGUEZ,https://leparfum.com.gr/en/fragrances-for-women/pure-musk-for-her-narciso-rodriguez-type,2026-08-20,2026-08-20,ACTIVE,Choose+Bottle+Extra Essence,SHOBI_LIVE_SHOW_ALL
1774,647-ARM,647-ARM W,WP525,WP,CODE CASHMERE,Fragrances For Women,9.0,647-ARM W Inspired by the fragrance notes of CODE CASHMERE.,https://leparfum.com.gr/en/fragrances-for-women/647-arm-w,2026-08-20,2026-08-20,ACTIVE,Choose+Bottle+Extra Essence,SHOBI_LIVE_SHOW_ALL
1771,731-JIM,731-JIM WP,WP523,WP,,Fragrances For Women,9.0,FEVER - JIMMY CHOO Dupe,https://leparfum.com.gr/en/fragrances-for-women/fever-jimmy-choo-dupe,2026-08-20,2026-08-20,ACTIVE,Choose+Bottle+Extra Essence,SHOBI_LIVE_SHOW_ALL
1769,656-ARM,656-ARM W,WP521,WP,SI FIORI,Fragrances For Women,9.0,656-ARM W Inspired by the fragrance notes of SI FIORI.,https://leparfum.com.gr/en/fragrances-for-women/656-arm-w,2026-08-20,2026-08-20,ACTIVE,Choose+Bottle+Extra Essence,SHOBI_LIVE_SHOW_ALL
1768,785-LAN,785-LAN W,WP520,WP,LA VIE EST BELLE EN ROSE,Fragrances For Women,9.0,"785-LAN W Inspired by the fragrance notes of LA VIE EST BELLE EN ROSE. A fresh, luminous, fruity-floral perfume. It smells like sparkling berries and soft roses with a clean musky finish. Compared to the original La Vie Est Belle, this version is lighter, brighter, and more youthful. It gives a happy, romantic, and glowing vibe.",https://leparfum.com.gr/en/fragrances-for-women/785-lan-w,2026-08-20,2026-08-20,ACTIVE,Choose+Bottle+Extra Essence,SHOBI_LIVE_SHOW_ALL
1766,605-ESC,605-ESC WP,WP519,WP,MIAMI BLOSSOM - ESCADA,Fragrances For Women,9.0,Inspired by the fragrance notes of MIAMI BLOSSOM - ESCADA.,https://leparfum.com.gr/en/fragrances-for-women/miami-blossom-escada-type,2026-08-20,2026-08-20,ACTIVE,Choose+Bottle+Extra Essence,SHOBI_LIVE_SHOW_ALL
1765,936-VAL,936-VAL WP,WP518,WP,DONNA - VALENTINO,Fragrances For Women,9.0,936-VAL WP Inspired by the fragrance notes of DONNA - VALENTINO,https://leparfum.com.gr/en/fragrances-for-women/936-val-wp,2026-08-20,2026-08-20,ACTIVE,Choose+Bottle+Extra Essence,SHOBI_LIVE_SHOW_ALL
1764,345-TMFO,345-TMFO EL,EL168,EL,FOUGERE D ARGENT,Elegants Fragrances,10.0,345-TMFO EL Inspired by the fragrance notes of FOUGERE D ARGENT.,https://leparfum.com.gr/en/elegants-fragrances/345-tmfo-el,2026-08-20,2026-08-20,ACTIVE,Choose+Bottle+Extra Essence,SHOBI_LIVE_SHOW_ALL
1763,391-ACQ,391-ACQ,WP517,WP,peonia nobile,Fragrances For Women,9.0,391-ACQ Inspired by the fragrance notes of peonia nobile. It is a refined and luminous floral fragrance that captures the elegance of blooming peonies in full spring.,https://leparfum.com.gr/en/fragrances-for-women/391-acq,2026-08-20,2026-08-20,ACTIVE,Choose+Bottle+Extra Essence,SHOBI_LIVE_SHOW_ALL
1762,1188-KAR,1188-KAR MP,MP266,MP,,Fragrances For Men,9.0,BOIS DE VETIVER - KARL LAGERFELD TYPE,https://leparfum.com.gr/en/fragrances-for-men/bois-de-vetiver-karl-lagerfeld-type,2026-08-20,2026-08-20,ACTIVE,Choose+Bottle+Extra Essence,SHOBI_LIVE_SHOW_ALL
1419,,Huboob - YAS Arabic Perfume,AR019,AR,,Arabian Perfumes,15.0,"Fragrance with citrus, white floral, amber, rose.",https://leparfum.com.gr/en/arabian-perfumes/huboob-yas-arabic-perfume,2026-08-20,2026-08-20,ACTIVE,Choose+Bottle+Extra Essence,SHOBI_LIVE_SHOW_ALL
1418,182-XER,182-XER N,AR018,AR,Comandante,Niche Perfumes,15.0,Inspired by the fragrance notes of Comandante.,https://leparfum.com.gr/en/niche-perfumes/182-xer-n,2026-08-20,2026-08-20,ACTIVE,Choose+Bottle+Extra Essence,SHOBI_LIVE_SHOW_ALL
1417,183-XER,183-XER N,AR017,AR,Don,Niche Perfumes,15.0,Inspired by the fragrance notes of Don.,https://leparfum.com.gr/en/niche-perfumes/183-xer-n,2026-08-20,2026-08-20,ACTIVE,Choose+Bottle+Extra Essence,SHOBI_LIVE_SHOW_ALL
1416,175-SHA,175-SHA AR,AR016,AR,,Arabian Perfumes,15.0,"OPULENT SHAIK CLASSIC No 33 - SHAIK.Arabic perfume vanilla, powdery, floral, musky, rose, amber, sweet.",https://leparfum.com.gr/en/arabian-perfumes/opulent-shaik-classic-no-33-shaik-type,2026-08-20,2026-08-20,ACTIVE,Choose+Bottle+Extra Essence,SHOBI_LIVE_SHOW_ALL
1415,168-RAS,168-RAS AR,AR015,AR,,Arabian Perfumes,15.0,"Arabic perfume powdery, white floral, woody, floral, sweet, caramel, vanilla, green.",https://leparfum.com.gr/en/arabian-perfumes/daarej-for-women-rasasi-perfume-type,2026-08-20,2026-08-20,ACTIVE,Choose+Bottle+Extra Essence,SHOBI_LIVE_SHOW_ALL
1414,167-RAS,167-RAS N,AR014,AR,,Niche Perfumes,15.0,"DAAREJ FOR MEN-Perfume.vanilla, warm spicy, powdery, amber, aromatic, fresh spicy, woody, sweet, rose.",https://leparfum.com.gr/en/niche-perfumes/167-ras-n,2026-08-20,2026-08-20,ACTIVE,Choose+Bottle+Extra Essence,SHOBI_LIVE_SHOW_ALL
1413,156-PARF,156-PARF N,AR013,AR,OAJAN (U) - Parfums de Marly,Niche Perfumes,15.0,156-PARF Inspired by the fragrance notes of OAJAN (U) - Parfums de Marly.,https://leparfum.com.gr/en/niche-perfumes/156-parf-n,2026-08-20,2026-08-20,ACTIVE,Choose+Bottle+Extra Essence,SHOBI_LIVE_SHOW_ALL
1412,149-PARF,149-PARF N,AR012,AR,CARLISLE (U) - PARFUMS DE MARLY,Niche Perfumes,15.0,149-PARF Inspired by the fragrance notes of CARLISLE (U) - PARFUMS DE MARLY.,https://leparfum.com.gr/en/niche-perfumes/149-parf-n,2026-08-20,2026-08-20,ACTIVE,Choose+Bottle+Extra Essence,SHOBI_LIVE_SHOW_ALL
1411,148-PARF,148-PARF N,AR011,AR,ATHALIA (W) - PARFUMS DE MARLY,Niche Perfumes,15.0,148-PARF Inspired by the fragrance notes of ATHALIA (W) - PARFUMS DE MARLY.,https://leparfum.com.gr/en/niche-perfumes/148-parf-n,2026-08-20,2026-08-20,ACTIVE,Choose+Bottle+Extra Essence,SHOBI_LIVE_SHOW_ALL
1410,146-MEM,146-MEM N,AR010,AR,RUSSIAN LEATHER - MEMO PARIS,Niche Perfumes,15.0,"146-MEM AR Inspired by the fragrance notes of RUSSIAN LEATHER - MEMO PARIS. Leather fragrance for women and men, was launched in 2016. Top notes are Pine Tree,Cypress, Russian Leather, Fern, Basil, Cedar Needles, Lavender, Rosemary, Clary Sage, Mint, Guaiac Wood, Coriander, Patchouli, Nutmeg, Tonka Bean.",https://leparfum.com.gr/en/niche-perfumes/146-mem-n,2026-08-20,2026-08-20,ACTIVE,Choose+Bottle+Extra Essence,SHOBI_LIVE_SHOW_ALL
1409,118-HAM,118-HAM AR,AR009,AR,REHAN - HAMIDI OUD,Arabian Perfumes,15.0,Inspired by the fragrance notes of REHAN - HAMIDI OUD.,https://leparfum.com.gr/en/arabian-perfumes/rehan-hamidi-oud-similar,2026-08-20,2026-08-20,ACTIVE,Choose+Bottle+Extra Essence,SHOBI_LIVE_SHOW_ALL
1408,113-DRC,113-DRC N,AR008,AR,OUD ISPAHAN,Niche Perfumes,15.0,113-DRC N Inspired by the fragrance notes of OUD ISPAHAN,https://leparfum.com.gr/en/niche-perfumes/113-drc-n,2026-08-20,2026-08-20,ACTIVE,Choose+Bottle+Extra Essence,SHOBI_LIVE_SHOW_ALL
1407,107-ARB,107-ARB AR,AR007,AR,TITANIUM - ARABIAN OUD,Arabian Perfumes,15.0,"Inspired by the fragrance notes of TITANIUM - ARABIAN OUD.Arabian perfume with bergamot, pink pepper, mint, geranium, patchouli, oud, amber.",https://leparfum.com.gr/en/arabian-perfumes/titanium-arabian-oud-clone,2026-08-20,2026-08-20,ACTIVE,Choose+Bottle+Extra Essence,SHOBI_LIVE_SHOW_ALL
1406,106-ARB,106-ARB AR,AR006,AR,SULTAN - ARABIAN OUD,Arabian Perfumes,15.0,Inspired by the fragrance notes of SULTAN - ARABIAN OUD.,https://leparfum.com.gr/en/arabian-perfumes/sultan-arabian-oud-type,2026-08-20,2026-08-20,ACTIVE,Choose+Bottle+Extra Essence,SHOBI_LIVE_SHOW_ALL
1405,105-ARB,105-ARB AR,AR005,AR,PRESTIGE CLASSIC - ARABIAN OUD,Arabian Perfumes,15.0,"Inspired by the fragrance notes of PRESTIGE CLASSIC - ARABIAN OUD.Arabic fragrance with vanilla, woody, powdery, warm spicy, patchouli, balsamic. Unisex.",https://leparfum.com.gr/en/arabian-perfumes/arabski-parfjumi-arabian,2026-08-20,2026-08-20,ACTIVE,Choose+Bottle+Extra Essence,SHOBI_LIVE_SHOW_ALL
1404,104-ARB,104-ARB AR,AR004,AR,KASHMIR - ARABIAN OUD,Arabian Perfumes,15.0,"Inspired by the fragrance notes of KASHMIR - ARABIAN OUD.Fruity, musky, woody, citrus, sweet, oud arabic fragrance.",https://leparfum.com.gr/en/arabian-perfumes/104-arb-ar,2026-08-20,2026-08-20,ACTIVE,Choose+Bottle+Extra Essence,SHOBI_LIVE_SHOW_ALL
1403,103-ARB,103-ARB AR,AR003,AR,KALEMAT - ARABIAN OUD,Arabian Perfumes,15.0,Inspired by the fragrance notes of KALEMAT - ARABIAN OUD.,https://leparfum.com.gr/en/arabian-perfumes/kalemat-arabian-oud-type,2026-08-20,2026-08-20,ACTIVE,Choose+Bottle+Extra Essence,SHOBI_LIVE_SHOW_ALL
1402,101-AHW,101-AHW N,AR002,AR,KING'S HAREM - AHWAZ,Niche Perfumes,15.0,"101-AHW AR Inspired by the fragrance notes of KING'S HAREM - AHWAZ. Fragrance amber, warm spicy, rose, vanilla, smoky, balsamic, powdery.",https://leparfum.com.gr/en/niche-perfumes/101-ahw-n,2026-08-20,2026-08-20,ACTIVE,Choose+Bottle+Extra Essence,SHOBI_LIVE_SHOW_ALL
1267,384-YAR,384-YAR EL,EL167,EL,,Elegants Fragrances,10.0,ENGLISH ROSE - YARDLEY.,https://leparfum.com.gr/en/elegants-fragrances/english-rose-yardley-perfume-type,2026-08-20,2026-08-20,ACTIVE,Choose+Bottle+Extra Essence,SHOBI_LIVE_SHOW_ALL
1266,382-YAN,382-YAN EL,EL166,EL,,Elegants Fragrances,10.0,POMEGRANATE CIDER - YANKEE CANDLES Clones,https://leparfum.com.gr/en/elegants-fragrances/pomegranate-cider-yankee-candles-clones,2026-08-20,2026-08-20,ACTIVE,Choose+Bottle+Extra Essence,SHOBI_LIVE_SHOW_ALL
1265,381-YAN,381-YAN EL,EL165,EL,,Elegants Fragrances,10.0,FRESH CUT ROSES - YANKEE CANDLES Dupe,https://leparfum.com.gr/en/elegants-fragrances/fresh-cut-roses-yankee-candles-dupe,2026-08-20,2026-08-20,ACTIVE,Choose+Bottle+Extra Essence,SHOBI_LIVE_SHOW_ALL
1264,380-YAN,380-YAN EL,EL164,EL,,Elegants Fragrances,10.0,FALL FESTIVAL - YANKEE CANDLES Similar,https://leparfum.com.gr/en/elegants-fragrances/fall-festival-yankee-candles-smells,2026-08-20,2026-08-20,ACTIVE,Choose+Bottle+Extra Essence,SHOBI_LIVE_SHOW_ALL
1263,379-YAN,379-YAN EL,EL163,EL,,Elegants Fragrances,10.0,CLEAN COTTON - YANKEE CANDLES Type,https://leparfum.com.gr/en/elegants-fragrances/clean-cotton-yankee-candles-fragrance,2026-08-20,2026-08-20,ACTIVE,Choose+Bottle+Extra Essence,SHOBI_LIVE_SHOW_ALL
1262,378-TMFO,378-TMFO EL,EL162,EL,WHITE SUEDE,Elegants Fragrances,10.0,378-TMFO EL Inspired by the fragrance notes of WHITE SUEDE. Musky leather floral powdery balsamic.,https://leparfum.com.gr/en/elegants-fragrances/378-tmfo-el,2026-08-20,2026-08-20,ACTIVE,Choose+Bottle+Extra Essence,SHOBI_LIVE_SHOW_ALL
1261,377-TMFO,377-TMFO EL,EL161,EL,WHITE PATCHOULI,Elegants Fragrances,10.0,377-TMFO EL Inspired by the fragrance notes of WHITE PATCHOULI.,https://leparfum.com.gr/en/elegants-fragrances/377-tmfo-el,2026-08-20,2026-08-20,ACTIVE,Choose+Bottle+Extra Essence,SHOBI_LIVE_SHOW_ALL
1260,376-TMFO,376-TMFO EL,EL160,EL,VELVET ORCHID,Elegants Fragrances,10.0,"376-TMFO EL Inspired by the fragrance notes of VELVET ORCHID. Floral, sweet, powdery, amber, woody, vanilla, honey, balsamic, rum.",https://leparfum.com.gr/en/elegants-fragrances/376-tmfo-el,2026-08-20,2026-08-20,ACTIVE,Choose+Bottle+Extra Essence,SHOBI_LIVE_SHOW_ALL
1259,375-TMFO,375-TMFO EL,EL159,EL,TUSCAN LEATHER,Elegants Fragrances,10.0,"375-TMFO EL Inspired by the fragrance notes of TUSCAN LEATHER. An oriental intense and powerful, blend of rich leathery accords.",https://leparfum.com.gr/en/elegants-fragrances/375-tmfo-el,2026-08-20,2026-08-20,ACTIVE,Choose+Bottle+Extra Essence,SHOBI_LIVE_SHOW_ALL
1258,374-TMFO,374-TMFO EL,EL158,EL,TOBACCO VANILLE,Elegants Fragrances,10.0,"374-TMFO EL Inspired by the fragrance notes of TOBACCO VANILLE. Spicy oriental, coriander, cool lime,dried fruits, cinnamon, ginger , vanilla ,nutmeg, tonka and musk.",https://leparfum.com.gr/en/elegants-fragrances/374-tmfo-el,2026-08-20,2026-08-20,ACTIVE,Choose+Bottle+Extra Essence,SHOBI_LIVE_SHOW_ALL
1257,373-TMFO,373-TMFO EL,EL157,EL,TOBACCO OUD,Elegants Fragrances,10.0,373-TMFO EL Inspired by the fragrance notes of TOBACCO OUD.,https://leparfum.com.gr/en/elegants-fragrances/373-tmfo-el,2026-08-20,2026-08-20,ACTIVE,Choose+Bottle+Extra Essence,SHOBI_LIVE_SHOW_ALL
1256,372-TMFO,372-TMFO EL,EL156,EL,VANILLE FATALE,Fragrances For Men,9.0,372-TMFO EL Inspired by the fragrance notes of VANILLE FATALE.,https://leparfum.com.gr/en/fragrances-for-men/372-tmfo-el,2026-08-20,2026-08-20,ACTIVE,Choose+Bottle+Extra Essence,SHOBI_LIVE_SHOW_ALL
1255,371-TMFO,371-TMFO EL,EL155,EL,SOLEIL BLANC,Elegants Fragrances,10.0,371-TMFO EL Inspired by the fragrance notes of SOLEIL BLANC. A summer fragrance with coconut.,https://leparfum.com.gr/en/elegants-fragrances/371-tmfo-el,2026-08-20,2026-08-20,ACTIVE,Choose+Bottle+Extra Essence,SHOBI_LIVE_SHOW_ALL
1254,369-TMFO,369-TMFO EL,EL154,EL,SHANGHAI LILY,Elegants Fragrances,10.0,"369-TMFO EL Inspired by the fragrance notes of SHANGHAI LILY. Warm spicy, amber, floral,woody, smoky, fresh spicy, balsamic,white floral, vanilla, musky.",https://leparfum.com.gr/en/elegants-fragrances/369-tmfo-el,2026-08-20,2026-08-20,ACTIVE,Choose+Bottle+Extra Essence,SHOBI_LIVE_SHOW_ALL
1253,368-TMFO,368-TMFO EL,EL153,EL,SAHARA NOIR,Elegants Fragrances,10.0,"368-TMFO EL Inspired by the fragrance notes of SAHARA NOIR. Amber, woody, balsamic, warm spicy, smoky.",https://leparfum.com.gr/en/elegants-fragrances/368-tmfo-el,2026-08-20,2026-08-20,ACTIVE,Choose+Bottle+Extra Essence,SHOBI_LIVE_SHOW_ALL
1252,366-TMFO,366-TMFO EL,EL152,EL,PLUM JAPONAIS,Elegants Fragrances,10.0,"366-TMFO EL Inspired by the fragrance notes of PLUM JAPONAIS. Heady and rich, dark and beautiful scent of smoke and dried plums.",https://leparfum.com.gr/en/elegants-fragrances/366-tmfo-el,2026-08-20,2026-08-20,ACTIVE,Choose+Bottle+Extra Essence,SHOBI_LIVE_SHOW_ALL
1251,365-TMFO,365-TMFO EL,EL151,EL,PATCHOULI ABSOLU,Elegants Fragrances,10.0,365-TMFO EL Inspired by the fragrance notes of PATCHOULI ABSOLU.,https://leparfum.com.gr/en/elegants-fragrances/365-tmfo-el,2026-08-20,2026-08-20,ACTIVE,Choose+Bottle+Extra Essence,SHOBI_LIVE_SHOW_ALL
1250,364-TMFO,364-TMFO EL,EL150,EL,OUD WOOD,Elegants Fragrances,10.0,"364-TMFO EL Sensual Oudh Woods Inspired by the fragrance notes of OUD WOOD. Warm, strong, sensual, refined & inviting.",https://leparfum.com.gr/en/elegants-fragrances/364-tmfo-el,2026-08-20,2026-08-20,ACTIVE,Choose+Bottle+Extra Essence,SHOBI_LIVE_SHOW_ALL
1249,363-TMFO,363-TMFO EL,EL149,EL,OUD MINERALΕ,Elegants Fragrances,10.0,"363-TMFO EL Inspired by the fragrance notes of OUD MINERALΕ. Marine, salty, aromatic, amber, aquatic, oud, woody, fresh spicy.",https://leparfum.com.gr/en/elegants-fragrances/363-tmfo-el,2026-08-20,2026-08-20,ACTIVE,Choose+Bottle+Extra Essence,SHOBI_LIVE_SHOW_ALL
1247,361-TMFO,361-TMFO EL,EL147,EL,OMBRE LEATHER,Elegants Fragrances,10.0,361-TMFO EL Ombre Inspired by the fragrance notes of OMBRE LEATHER.,https://leparfum.com.gr/en/elegants-fragrances/361-tmfo-el,2026-08-20,2026-08-20,ACTIVE,Choose+Bottle+Extra Essence,SHOBI_LIVE_SHOW_ALL
1246,360-TMFO,360-TMFO EL,EL146,EL,NOIR POUR FEMME,Elegants Fragrances,10.0,"360-TMFO EL Inspired by the fragrance notes of NOIR POUR FEMME. Sweet, vanilla, amber, woody, powdery, balsamic, citrus, warm spicy, lactonic, aromatic.",https://leparfum.com.gr/en/elegants-fragrances/360-tmfo-el,2026-08-20,2026-08-20,ACTIVE,Choose+Bottle+Extra Essence,SHOBI_LIVE_SHOW_ALL
1245,359-TMFO,359-TMFO EL,EL145,EL,NOIR EXTREME,Elegants Fragrances,10.0,359-TMFO EL Inspired by the fragrance notes of NOIR EXTREME.,https://leparfum.com.gr/en/elegants-fragrances/359-tmfo-el,2026-08-20,2026-08-20,ACTIVE,Choose+Bottle+Extra Essence,SHOBI_LIVE_SHOW_ALL
1244,358-TMFO,358-TMFO EL,EL144,EL,NOIR DE NOIR,Elegants Fragrances,10.0,358-TMFO EL Inspired by the fragrance notes of NOIR DE NOIR.,https://leparfum.com.gr/en/elegants-fragrances/358-tmfo-el,2026-08-20,2026-08-20,ACTIVE,Choose+Bottle+Extra Essence,SHOBI_LIVE_SHOW_ALL
1243,355-TMFO,355-TMFO EL,EL143,EL,NEROLI PORTOFINO,Elegants Fragrances,10.0,355-TMFO EL Neroli Blossom Inspired by the fragrance notes of NEROLI PORTOFINO. A Citrus Aromatic fragrance for women and men.,https://leparfum.com.gr/en/elegants-fragrances/355-tmfo-el,2026-08-20,2026-08-20,ACTIVE,Choose+Bottle+Extra Essence,SHOBI_LIVE_SHOW_ALL
1242,354-TMFO,354-TMFO EL,EL142,EL,NOIR ANTHRACITE,Elegants Fragrances,10.0,354-TMFO EL Inspired by the fragrance notes of NOIR ANTHRACITE.,https://leparfum.com.gr/en/elegants-fragrances/354-tmfo-el,2026-08-20,2026-08-20,ACTIVE,Choose+Bottle+Extra Essence,SHOBI_LIVE_SHOW_ALL
1241,351-TMFO,351-TMFO EL,EL141,EL,MANDARINO DI AMALFI,Elegants Fragrances,10.0,351-TMFO EL Inspired by the fragrance notes of MANDARINO DI AMALFI.,https://leparfum.com.gr/en/elegants-fragrances/351-tmfo-el,2026-08-20,2026-08-20,ACTIVE,Choose+Bottle+Extra Essence,SHOBI_LIVE_SHOW_ALL
1240,349-TMFO,349-TMFO EL,EL140,EL,JAPON NOIR,Elegants Fragrances,10.0,349-TMFO EL Inspired by the fragrance notes of JAPON NOIR.,https://leparfum.com.gr/en/elegants-fragrances/349-tmfo-el,2026-08-20,2026-08-20,ACTIVE,Choose+Bottle+Extra Essence,SHOBI_LIVE_SHOW_ALL
1239,348-TMFO,348-TMFO EL,EL139,EL,ITALIAN CYPRESS,Elegants Fragrances,10.0,"348-TMFO EL Inspired by the fragrance notes of ITALIAN CYPRESS. WOODY, FRESH SPICY.",https://leparfum.com.gr/en/elegants-fragrances/348-tmfo-el,2026-08-20,2026-08-20,ACTIVE,Choose+Bottle+Extra Essence,SHOBI_LIVE_SHOW_ALL
1238,346-TMFO,346-TMFO EL,EL138,EL,FUCKING FABULOUS,Elegants Fragrances,10.0,"346-TMFO EL Inspired by the fragrance notes of FUCKING FABULOUS. Fragrance aromatic, leather, vanilla, almond, amber, woody, sweet, lavender, powdery, nutty.",https://leparfum.com.gr/en/elegants-fragrances/346-tmfo-el,2026-08-20,2026-08-20,ACTIVE,Choose+Bottle+Extra Essence,SHOBI_LIVE_SHOW_ALL
1237,344-TMFO,344-TMFO EL,EL137,EL,COSTA AZZURA,Elegants Fragrances,10.0,344-TMFO EL Inspired by the fragrance notes of COSTA AZZURA.,https://leparfum.com.gr/en/elegants-fragrances/344-tmfo-el,2026-08-20,2026-08-20,ACTIVE,Choose+Bottle+Extra Essence,SHOBI_LIVE_SHOW_ALL
1236,343-TMFO,343-TMFO EL,EL136,EL,CAFÉ ROSE,Elegants Fragrances,10.0,343-TMFO EL Inspired by the fragrance notes of CAFÉ ROSE.,https://leparfum.com.gr/en/elegants-fragrances/343-tmfo-el,2026-08-20,2026-08-20,ACTIVE,Choose+Bottle+Extra Essence,SHOBI_LIVE_SHOW_ALL
1235,342-TMFO,342-TMFO EL,EL135,EL,BLACK VIOLET,Elegants Fragrances,10.0,342-TMFO EL Inspired by the fragrance notes of BLACK VIOLET.,https://leparfum.com.gr/en/elegants-fragrances/342-tmfo-el,2026-08-20,2026-08-20,ACTIVE,Choose+Bottle+Extra Essence,SHOBI_LIVE_SHOW_ALL
1234,340-TMFO,340-TMFO EL,EL134,EL,BLACK ORCHID,Elegants Fragrances,10.0,340-TMFO EL Inspired by the fragrance notes of BLACK ORCHID. Aroma of Mexican chocolate and a variety of fruits with flowers and spices.,https://leparfum.com.gr/en/elegants-fragrances/340-tmfo-el,2026-08-20,2026-08-20,ACTIVE,Choose+Bottle+Extra Essence,SHOBI_LIVE_SHOW_ALL
1233,338-TMFO,338-TMFO EL,EL133,EL,ARABIAN WOOD,Elegants Fragrances,10.0,"338-TMFO EL Inspired by the fragrance notes of ARABIAN WOOD. WOODY, FLORAL.",https://leparfum.com.gr/en/elegants-fragrances/338-tmfo-el,2026-08-20,2026-08-20,ACTIVE,Choose+Bottle+Extra Essence,SHOBI_LIVE_SHOW_ALL
1232,336-THCO,336-THCO EL,EL132,EL,NARCISSUS NOIR - THE WHITE COMPANY,Elegants Fragrances,10.0,336-THCO Inspired by the fragrance notes of NARCISSUS NOIR - THE WHITE COMPANY.,https://leparfum.com.gr/en/elegants-fragrances/336-thco-el,2026-08-20,2026-08-20,ACTIVE,Choose+Bottle+Extra Essence,SHOBI_LIVE_SHOW_ALL
1231,335-THCO,335-THCO EL,EL131,EL,CASHMERE BLANC - THE WHITE COMPANY,Elegants Fragrances,10.0,335-THCO Inspired by the fragrance notes of CASHMERE BLANC - THE WHITE COMPANY.,https://leparfum.com.gr/en/elegants-fragrances/335-thco-el,2026-08-20,2026-08-20,ACTIVE,Choose+Bottle+Extra Essence,SHOBI_LIVE_SHOW_ALL
1230,334-SHI,334-SHI EL,EL130,EL,,Elegants Fragrances,10.0,SHIRLEY MAY - SHIRLEY MAY.,https://leparfum.com.gr/en/elegants-fragrances/shirley-may-fragrance-dupe,2026-08-20,2026-08-20,ACTIVE,Choose+Bottle+Extra Essence,SHOBI_LIVE_SHOW_ALL
1226,332-RAM,332-RAM EL,EL126,EL,,Elegants Fragrances,10.0,DRY WOOD - RAMON MONEGAL Clone.,https://leparfum.com.gr/en/elegants-fragrances/dry-wood-ramon-monegal-clone,2026-08-20,2026-08-20,ACTIVE,Choose+Bottle+Extra Essence,SHOBI_LIVE_SHOW_ALL
1225,331-PG,331-PG EL,EL125,EL,,Elegants Fragrances,10.0,CRYSTAL WATER & WATER LILY - P&G Similar,https://leparfum.com.gr/en/elegants-fragrances/crystal-water-water-lily-pg-similar,2026-08-20,2026-08-20,ACTIVE,Choose+Bottle+Extra Essence,SHOBI_LIVE_SHOW_ALL
1224,330-PG,330-PG EL,EL124,EL,,Elegants Fragrances,10.0,ORIENTAL BLOSSOM - P&G Type,https://leparfum.com.gr/en/elegants-fragrances/oriental-blossom-pg-type,2026-08-20,2026-08-20,ACTIVE,Choose+Bottle+Extra Essence,SHOBI_LIVE_SHOW_ALL
1222,327-PECK,327-PECK EL,EL122,EL,,Elegants Fragrances,10.0,MISTRAAL - PECKSNIFF'S Perfumes Type,https://leparfum.com.gr/en/elegants-fragrances/mistraal-pecksniff-eaudeparfum,2026-08-20,2026-08-20,ACTIVE,Choose+Bottle+Extra Essence,SHOBI_LIVE_SHOW_ALL
1221,326-PECK,326-PECK EL,EL121,EL,,Elegants Fragrances,10.0,CALM - PECKSNIFF'S Clones fragrances,https://leparfum.com.gr/en/elegants-fragrances/calm-pecksniff-s-clones-fragrances,2026-08-20,2026-08-20,ACTIVE,Choose+Bottle+Extra Essence,SHOBI_LIVE_SHOW_ALL
1220,325-PECK,325-PECK EL,EL120,EL,,Elegants Fragrances,10.0,BLACK OAK & CEDAR - PECKSNIFF'S Type,https://leparfum.com.gr/en/elegants-fragrances/black-oak-cedar-pecksniff-s-aroma,2026-08-20,2026-08-20,ACTIVE,Choose+Bottle+Extra Essence,SHOBI_LIVE_SHOW_ALL
1219,324-PARFD,324-PARFD EL,EL119,EL,BOIS DE PARADIS - PARFUMS DELRAE,Elegants Fragrances,10.0,324-PARFD Inspired by the fragrance notes of BOIS DE PARADIS - PARFUMS DELRAE.,https://leparfum.com.gr/en/elegants-fragrances/324-parfd-el,2026-08-20,2026-08-20,ACTIVE,Choose+Bottle+Extra Essence,SHOBI_LIVE_SHOW_ALL
1216,321-NAS,321-NAS EL,EL116,EL,,Elegants Fragrances,10.0,BLACK AFGANO - NASOMATTO CLONE,https://leparfum.com.gr/en/elegants-fragrances/black-afgano-nasomatto-clone,2026-08-20,2026-08-20,ACTIVE,Choose+Bottle+Extra Essence,SHOBI_LIVE_SHOW_ALL
1214,319-MNT,319-MNT EL,EL114,EL,THE NEW ROSE - MONTALE,Elegants Fragrances,10.0,319-MNT EL Inspired by the fragrance notes of THE NEW ROSE - MONTALE.,https://leparfum.com.gr/en/elegants-fragrances/319-mnt-el,2026-08-20,2026-08-20,ACTIVE,Choose+Bottle+Extra Essence,SHOBI_LIVE_SHOW_ALL
1213,316-MNT,316-MNT EL Fragrance,EL113,EL,,Elegants Fragrances,10.0,316-MNT EL AOUD VELVET Fragrance inspired.,https://leparfum.com.gr/en/elegants-fragrances/316-mnt-el-fragrance,2026-08-20,2026-08-20,ACTIVE,Choose+Bottle+Extra Essence,SHOBI_LIVE_SHOW_ALL
1212,315-MNT,315-MNT EL Perfume,EL112,EL,AOUD ORANGE - MONTALE,Elegants Fragrances,10.0,315-MNT EL Inspired by the fragrance notes of  AOUD ORANGE - MONTALE.,https://leparfum.com.gr/en/elegants-fragrances/315-mnt-el-perfume,2026-08-20,2026-08-20,ACTIVE,Choose+Bottle+Extra Essence,SHOBI_LIVE_SHOW_ALL
1210,313-MOL,313-MOL EL,EL110,EL,,Elegants Fragrances,10.0,thai vert-mol,https://leparfum.com.gr/en/elegants-fragrances/thai-vert-molton-brown-type,2026-08-20,2026-08-20,ACTIVE,Choose+Bottle+Extra Essence,SHOBI_LIVE_SHOW_ALL
1209,312-MOL,312-MOL EL,EL109,EL,,Elegants Fragrances,10.0,black pepper-molΞυλώδες Πικάντικο,https://leparfum.com.gr/en/elegants-fragrances/black-pepper-molton-brown-type,2026-08-20,2026-08-20,ACTIVE,Choose+Bottle+Extra Essence,SHOBI_LIVE_SHOW_ALL
1208,311-MOL,311-MOL EL,EL108,EL,amber cocoon-mol,Elegants Fragrances,10.0,Inspired by the fragrance notes of amber cocoon-mol.,https://leparfum.com.gr/en/elegants-fragrances/amber-cocoon-molton-brown-type,2026-08-20,2026-08-20,ACTIVE,Choose+Bottle+Extra Essence,SHOBI_LIVE_SHOW_ALL
1206,309-LOC,309-LOC EL,EL106,EL,,Elegants Fragrances,10.0,MAGNOLIA & MURE - L' OCCITANE Type,https://leparfum.com.gr/en/elegants-fragrances/309-loc-el,2026-08-20,2026-08-20,ACTIVE,Choose+Bottle+Extra Essence,SHOBI_LIVE_SHOW_ALL
1205,308-LOC,308-LOC EL,EL105,EL,,Elegants Fragrances,10.0,CITRUS VERBENA - L' OCCITANE Dupe,https://leparfum.com.gr/en/elegants-fragrances/citrus-verbena-l-occitane-dupe,2026-08-20,2026-08-20,ACTIVE,Choose+Bottle+Extra Essence,SHOBI_LIVE_SHOW_ALL
1204,307-LOC,307-LOC EL,EL104,EL,,Elegants Fragrances,10.0,PEONY - L' OCCITANE Type,https://leparfum.com.gr/en/elegants-fragrances/peony-occitane-type,2026-08-20,2026-08-20,ACTIVE,Choose+Bottle+Extra Essence,SHOBI_LIVE_SHOW_ALL
1203,304-KIE,304-KIE EL,EL103,EL,ORIGINAL MUSK - KIEHL'S,Elegants Fragrances,10.0,304-KIE EL Inspired by the fragrance notes of ORIGINAL MUSK - KIEHL'S.,https://leparfum.com.gr/en/elegants-fragrances/304-kie-el,2026-08-20,2026-08-20,ACTIVE,Choose+Bottle+Extra Essence,SHOBI_LIVE_SHOW_ALL
1202,303-JOM,303-JOM EL,EL102,EL,Wood Sage & Sea Salt Jo Malone,Elegants Fragrances,10.0,303-JOM Inspired by the fragrance notes of Wood Sage & Sea Salt Jo Malone. A marine aromatic fragrance for women & men.,https://leparfum.com.gr/en/elegants-fragrances/303-jom-el,2026-08-20,2026-08-20,ACTIVE,Choose+Bottle+Extra Essence,SHOBI_LIVE_SHOW_ALL
1201,302-JOM,302-JOM EL,EL101,EL,WISTERIA VIOLET - JO MALONE Clone,Elegants Fragrances,10.0,"302-JOM EL Inspired by the fragrance notes of WISTERIA VIOLET - JO MALONE Clone. It smells like rain on flowers, fresh purple petals, clean skin with a floral touch.",https://leparfum.com.gr/en/elegants-fragrances/302-jom-el,2026-08-20,2026-08-20,ACTIVE,Choose+Bottle+Extra Essence,SHOBI_LIVE_SHOW_ALL
1200,301-JOM,301-JOM EL,EL100,EL,"Wild Fig & Cassis Jo Malone Fragrance green, woody, fresh, fruity",Elegants Fragrances,10.0,"301-JOM Inspired by the fragrance notes of Wild Fig & Cassis Jo Malone Fragrance green, woody, fresh, fruity.",https://leparfum.com.gr/en/elegants-fragrances/wild-fig-cassis-jo-malone-type,2026-08-20,2026-08-20,ACTIVE,Choose+Bottle+Extra Essence,SHOBI_LIVE_SHOW_ALL
1199,300-JOM,300-JOM EL,EL099,EL,WILD BLUEBELL - JO MALONE Type,Elegants Fragrances,10.0,300-JOM Inspired by the fragrance notes of WILD BLUEBELL - JO MALONE Type,https://leparfum.com.gr/en/elegants-fragrances/300-jom-el,2026-08-20,2026-08-20,ACTIVE,Choose+Bottle+Extra Essence,SHOBI_LIVE_SHOW_ALL
1198,299-JOM,299-JOM EL,EL098,EL,WHITE LILAC & RHUBARB - JO MALONE Clone,Elegants Fragrances,10.0,299-JOM Inspired by the fragrance notes of WHITE LILAC & RHUBARB - JO MALONE Clone,https://leparfum.com.gr/en/elegants-fragrances/299-jom-el,2026-08-20,2026-08-20,ACTIVE,Choose+Bottle+Extra Essence,SHOBI_LIVE_SHOW_ALL
1197,298-JOM,298-JOM EL,EL097,EL,WHITE JASMINE & MINT - JO MALONE,Elegants Fragrances,10.0,298-JOM  Inspired by the fragrance notes of WHITE JASMINE & MINT - JO MALONE,https://leparfum.com.gr/en/elegants-fragrances/298-jom-el,2026-08-20,2026-08-20,ACTIVE,Choose+Bottle+Extra Essence,SHOBI_LIVE_SHOW_ALL
1196,297-JOM,297-JOM EL,EL096,EL,VINTAGE GARDENIA - JO MALONE type is a Floral fragrance for women,Elegants Fragrances,10.0,297-JOM Inspired by the fragrance notes of VINTAGE GARDENIA - JO MALONE type is a Floral fragrance for women.,https://leparfum.com.gr/en/elegants-fragrances/297-jom-el,2026-08-20,2026-08-20,ACTIVE,Choose+Bottle+Extra Essence,SHOBI_LIVE_SHOW_ALL
1195,295-JOM,295-JOM EL,EL095,EL,VETYVER - JO MALONE is a Woody Aromatic fragrance for women and men,Elegants Fragrances,10.0,295-JOM Inspired by the fragrance notes of VETYVER - JO MALONE is a Woody Aromatic fragrance for women and men,https://leparfum.com.gr/en/elegants-fragrances/295-jom-el,2026-08-20,2026-08-20,ACTIVE,Choose+Bottle+Extra Essence,SHOBI_LIVE_SHOW_ALL
1194,294-JOM,294-JOM EL,EL094,EL,VERBENAS OF PROVENCE - JO MALONE is a Citrus Aromatic fragrance for women,Elegants Fragrances,10.0,294-JOM Inspired by the fragrance notes of VERBENAS OF PROVENCE - JO MALONE is a Citrus Aromatic fragrance for women.,https://leparfum.com.gr/en/elegants-fragrances/294-jom-el,2026-08-20,2026-08-20,ACTIVE,Choose+Bottle+Extra Essence,SHOBI_LIVE_SHOW_ALL
1193,293-JOM,293-JOM EL,EL093,EL,VELVET ROSE OUD - JO MALONE Type is a Oriental Floral fragrance for women and men,Elegants Fragrances,10.0,293-JOM Inspired by the fragrance notes of VELVET ROSE OUD - JO MALONE Type is a Oriental Floral fragrance for women and men,https://leparfum.com.gr/en/elegants-fragrances/293-jom-el,2026-08-20,2026-08-20,ACTIVE,Choose+Bottle+Extra Essence,SHOBI_LIVE_SHOW_ALL
1192,292-JOM,292-JOM EL,EL092,EL,VANILLA & ANISE - JO MALONE,Elegants Fragrances,10.0,292-JOM inspired by the fragrance notes of VANILLA & ANISE - JO MALONE. An elegant vanilla with spice and floral warmth.,https://leparfum.com.gr/en/elegants-fragrances/292-jom-el,2026-08-20,2026-08-20,ACTIVE,Choose+Bottle+Extra Essence,SHOBI_LIVE_SHOW_ALL
1191,290-JOM,290-JOM EL,EL091,EL,SWEET LIME & CEDAR - JO MALONE,Elegants Fragrances,10.0,290-JOM inspired by the fragrance notes of SWEET LIME & CEDAR - JO MALONE. Α woody-aromatic unisex fragrance with a fresh yet warm character.,https://leparfum.com.gr/en/elegants-fragrances/290-jom-el,2026-08-20,2026-08-20,ACTIVE,Choose+Bottle+Extra Essence,SHOBI_LIVE_SHOW_ALL
1190,289-JOM,289-JOM EL,EL090,EL,SWEET ALMON & MACARRON - JO MALONE,Elegants Fragrances,10.0,289-JOM Inspired by the fragrance notes of  SWEET ALMON & MACARRON - JO MALONE. A warm and delicious gourmand fragrance where creamy sweet almond blends with sugary macaroon and soft vanilla.,https://leparfum.com.gr/en/elegants-fragrances/289-jom-el,2026-08-20,2026-08-20,ACTIVE,Choose+Bottle+Extra Essence,SHOBI_LIVE_SHOW_ALL
1189,288-JOM,288-JOM EL,EL089,EL,SORREL & LEMON THYME - JO MALONE,Elegants Fragrances,10.0,"288-JOM Inspired by the fragrance notes of SORREL & LEMON THYME - JO MALONE. A refreshing fragrance where aromatic lemon thyme blends with crisp green sorrel and earthy moss, creating a clean, herbaceous scent.",https://leparfum.com.gr/en/elegants-fragrances/288-jom-el,2026-08-20,2026-08-20,ACTIVE,Choose+Bottle+Extra Essence,SHOBI_LIVE_SHOW_ALL
1188,287-JOM,287-JOM EL,EL088,EL,SILK BLOSSOM - JO MALONE,Elegants Fragrances,10.0,287-JOM Inspired by the fragrance notes of SILK BLOSSOM - JO MALONE. A soft and elegant floral fragrance.,https://leparfum.com.gr/en/elegants-fragrances/287-jom-el,2026-08-20,2026-08-20,ACTIVE,Choose+Bottle+Extra Essence,SHOBI_LIVE_SHOW_ALL
1187,286-JOM,286-JOM EL,EL087,EL,SHARDS OF CEDAR & RED THYME - JO MALONE,Elegants Fragrances,10.0,286-JOM Inspired by the fragrance notes of  SHARDS OF CEDAR & RED THYME - JO MALONE. A warm woody fragrance combining aromatic red thyme and spices with rich cedarwood.,https://leparfum.com.gr/en/elegants-fragrances/286-jom-el,2026-08-20,2026-08-20,ACTIVE,Choose+Bottle+Extra Essence,SHOBI_LIVE_SHOW_ALL
1186,285-JOM,285-JOM EL,EL086,EL,SAFFRON - JO MALONE,Elegants Fragrances,10.0,285-JOM Inspired by the fragrance notes of SAFFRON - JO MALONE. A rich and warm fragrance where the exotic spice of saffron blends with soft rose.,https://leparfum.com.gr/en/elegants-fragrances/285-jom-el,2026-08-20,2026-08-20,ACTIVE,Choose+Bottle+Extra Essence,SHOBI_LIVE_SHOW_ALL
1185,284-JOM,284-JOM EL,EL085,EL,RED ROSES - JO MALONE,Elegants Fragrances,10.0,284-JOM Inspired by the fragrance notes of RED ROSES - JO MALONE. A fresh floral fragrance capturing the scent of blooming red roses.,https://leparfum.com.gr/en/elegants-fragrances/284-jom-el,2026-08-20,2026-08-20,ACTIVE,Choose+Bottle+Extra Essence,SHOBI_LIVE_SHOW_ALL
1184,282-JOM,282-JOM EL,EL084,EL,POMELO - JO MALONE,Elegants Fragrances,10.0,"282-JOM Inspired by the fragrance notes of POMELO - JO MALONE. A fresh, vibrant citrus fragrance that feels bright, juicy, and energizing — like a burst of sun‑ripened pomelo fruit with a clean, refreshing finish.",https://leparfum.com.gr/en/elegants-fragrances/282-jom-el,2026-08-20,2026-08-20,ACTIVE,Choose+Bottle+Extra Essence,SHOBI_LIVE_SHOW_ALL
1183,281-JOM,281-JOM EL,EL083,EL,POMEGRANATE NOIR - JO MALONE,Elegants Fragrances,10.0,"281-JOM Inspired by the fragrance notes of POMEGRANATE NOIR - JO MALONE. A rich and seductive fragrance where juicy pomegranate and vibrant red fruits meet spicy pink pepper and warm woods — deep, sensual, and mysteriously elegant.",https://leparfum.com.gr/en/elegants-fragrances/281-jom-el,2026-08-20,2026-08-20,ACTIVE,Choose+Bottle+Extra Essence,SHOBI_LIVE_SHOW_ALL
1182,280-JOM,280-JOM EL,EL082,EL,PLUM BLOSSOM - JO MALONE,Elegants Fragrances,10.0,"280-JOM Inspired by the fragrance notes of PLUM BLOSSOM - JO MALONE. A delicate and luminous floral fragrance inspired by plum blossoms in bloom — soft, bright, and elegantly fresh with a subtle fruity floral character.",https://leparfum.com.gr/en/elegants-fragrances/280-jom-el,2026-08-20,2026-08-20,ACTIVE,Choose+Bottle+Extra Essence,SHOBI_LIVE_SHOW_ALL
1181,279-JOM,279-JOM EL,EL081,EL,PINK VETIVER - JO MALONE,Elegants Fragrances,10.0,"279-JOM  Inspired by the fragrance notes of PINK VETIVER - JO MALONE. A modern, fresh and sophisticated scent — bright citrus meets aromatic pink pepper and smooth vetiver for a clean, elegant, lightly spicy fragrance.",https://leparfum.com.gr/en/elegants-fragrances/279-jom-el,2026-08-20,2026-08-20,ACTIVE,Choose+Bottle+Extra Essence,SHOBI_LIVE_SHOW_ALL
1180,278-JOM,278-JOM EL,EL080,EL,PEONY & MOSS - JO MALONE,Elegants Fragrances,10.0,"278-JOM Inspired by the fragrance notes of PEONY & MOSS - JO MALONE. A fresh, green twist on classic floral — soft peony petals meet earthy moss and crisp citrus for a clean, vibrant scent that feels like a spring garden after rain.",https://leparfum.com.gr/en/elegants-fragrances/278-jom-el,2026-08-20,2026-08-20,ACTIVE,Choose+Bottle+Extra Essence,SHOBI_LIVE_SHOW_ALL
1179,277-JOM,277-JOM EL,EL079,EL,PEONY & BLUSH SUEDE - JO MALONE,Elegants Fragrances,10.0,"277-JOM  Inspired by the fragrance notes of PEONY & BLUSH SUEDE - JO MALONE. Fresh, floral, and softly luxurious — juicy red apple and peony blooms mingle with delicate jasmine and soft suede for an elegant, feminine fragrance.",https://leparfum.com.gr/en/elegants-fragrances/277-jom-el,2026-08-20,2026-08-20,ACTIVE,Choose+Bottle+Extra Essence,SHOBI_LIVE_SHOW_ALL
1178,275-JOM,275-JOM EL,EL078,EL,ORRIS & SANDALWOOD LIMITED EDITION - JO MALONE,Elegants Fragrances,10.0,"275-JOM Inspired by the fragrance notes of ORRIS & SANDALWOOD LIMITED EDITION - JO MALONE. Elegant and powdery floral with warm woody depth — a refined blend of iris (orris) and creamy sandalwood that feels timeless, sophisticated, and softly luxurious.",https://leparfum.com.gr/en/elegants-fragrances/275-jom-el,2026-08-20,2026-08-20,ACTIVE,Choose+Bottle+Extra Essence,SHOBI_LIVE_SHOW_ALL
1177,274-JOM,274-JOM EL,EL077,EL,ORANGE BLOSSOM - JO MALONE,Elegants Fragrances,10.0,"274-JOM Inspired by the fragrance notes of ORANGE BLOSSOM - JO MALONE. Fresh and floral fragrance with bright notes of orange blossom and lemon. Light, cheerful, and elegant — perfect for spring and summer.",https://leparfum.com.gr/en/elegants-fragrances/274-jom-el,2026-08-20,2026-08-20,ACTIVE,Choose+Bottle+Extra Essence,SHOBI_LIVE_SHOW_ALL
1176,273-JOM,273-JOM EL,EL076,EL,OOLONG TEA - JO MALONE,Elegants Fragrances,10.0,"273-JOM Inspired by the fragrance notes of OOLONG TEA - JO MALONE. It smells warm, slightly smoky, sweet, and tea-like with roasted and honeyed nuances.",https://leparfum.com.gr/en/elegants-fragrances/273-jom-el,2026-08-20,2026-08-20,ACTIVE,Choose+Bottle+Extra Essence,SHOBI_LIVE_SHOW_ALL
1175,272-JOM,272-JOM EL,EL075,EL,NUTMEG & GINGER - JO MALONE,Elegants Fragrances,10.0,"272-JOM Inspired by the fragrance notes of NUTMEG & GINGER - JO MALONE. It smells spicy, fresh, and warm with soft woods. It’s a simple spicy-woody scent that feels clean but cozy at the same time.",https://leparfum.com.gr/en/elegants-fragrances/272-jom-el,2026-08-20,2026-08-20,ACTIVE,Choose+Bottle+Extra Essence,SHOBI_LIVE_SHOW_ALL
1174,270-JOM,270-JOM EL,EL074,EL,NASTURTIUM & CLOVER - JO MALONE,Elegants Fragrances,10.0,"270-JOM Inspired by the fragrance notes of NASTURTIUM & CLOVER - JO MALONE. It's very green and botanical, light floral with a peppery edge.",https://leparfum.com.gr/en/elegants-fragrances/270-jom-el,2026-08-20,2026-08-20,ACTIVE,Choose+Bottle+Extra Essence,SHOBI_LIVE_SHOW_ALL
1173,268-JOM,268-JOM EL,EL073,EL,MYRRH & TONKA - JO MALONE,Elegants Fragrances,10.0,"268-JOM Inspired by the fragrance notes of MYRRH & TONKA - JO MALONE. A cozy, rich, slightly mysterious scent often associated with autumn or evening wear.",https://leparfum.com.gr/en/elegants-fragrances/268-jom-el,2026-08-20,2026-08-20,ACTIVE,Choose+Bottle+Extra Essence,SHOBI_LIVE_SHOW_ALL
1172,267-JOM,267-JOM EL,EL072,EL,MIMOSA & CARDAMON - JO MALONE,Elegants Fragrances,10.0,"267-JOM inspired by the fragrance notes of MIMOSA & CARDAMON - JO MALONE. It's a soft, warm floral scent with spicy creamy, and slightly powdery character",https://leparfum.com.gr/en/elegants-fragrances/267-jom-el,2026-08-20,2026-08-20,ACTIVE,Choose+Bottle+Extra Essence,SHOBI_LIVE_SHOW_ALL
1171,266-JOM,266-JOM EL,EL071,EL,MIDNIGHT BLACK TEA - JO MALONE,Elegants Fragrances,10.0,"266-JOM inspired by the fragrance notes of MIDNIGHT BLACK TEA - JO MALONE. A  deep, warm, resinous, and a bit smoky with rich amber and woody undertones.",https://leparfum.com.gr/en/elegants-fragrances/266-jom-el,2026-08-20,2026-08-20,ACTIVE,Choose+Bottle+Extra Essence,SHOBI_LIVE_SHOW_ALL
1170,264-JOM,264-JOM EL,EL070,EL,LIME BASIL & MANDARIN - JO MALONE,Elegants Fragrances,10.0,"264-JOM inspired by the fragrance notes of LIME BASIL & MANDARIN - JO MALONE. A fresh, vibrant citrus‑herbal breeze scent.",https://leparfum.com.gr/en/elegants-fragrances/264-jom-el,2026-08-20,2026-08-20,ACTIVE,Choose+Bottle+Extra Essence,SHOBI_LIVE_SHOW_ALL
1169,263-JOM,263-JOM EL,EL069,EL,JADE LEAF TEA - JO MALONE,Elegants Fragrances,10.0,"263-JOM inspired by the fragrance notes of JADE LEAF TEA - JO MALONE. A green, fresh, aromatic tea‑inspired scent.",https://leparfum.com.gr/en/elegants-fragrances/263-jom-el,2026-08-20,2026-08-20,ACTIVE,Choose+Bottle+Extra Essence,SHOBI_LIVE_SHOW_ALL
1168,262-JOM,262-JOM EL,EL068,EL,IRIS & LADY MOORE - JO MALONE,Elegants Fragrances,10.0,"262-JOM inspired by the fragrance notes of IRIS & LADY MOORE - JO MALONE. A soft, elegant floral woody scent.",https://leparfum.com.gr/en/elegants-fragrances/262-jom-el,2026-08-20,2026-08-20,ACTIVE,Choose+Bottle+Extra Essence,SHOBI_LIVE_SHOW_ALL
1167,261-JOM,261-JOM EL,EL067,EL,INCENSE & EMBERS - JO MALONE,Elegants Fragrances,10.0,"261-JOM inspired by the fragrance notes of INCENSE & EMBERS - JO MALONE. A rich, smoky, and atmospheric incense experience with warm, spicy and woody depth.",https://leparfum.com.gr/en/elegants-fragrances/261-jom-el,2026-08-20,2026-08-20,ACTIVE,Choose+Bottle+Extra Essence,SHOBI_LIVE_SHOW_ALL
1166,260-JOM,260-JOM EL,EL066,EL,INCENSE CEDRAT - JO MALONE,Elegants Fragrances,10.0,"260-JOM inspired by the fragrance notes of INCENSE CEDRAT - JO MALONE. Is a warm, amber‑smoky, resinous unisex fragrance.",https://leparfum.com.gr/en/elegants-fragrances/260-jom-el,2026-08-20,2026-08-20,ACTIVE,Choose+Bottle+Extra Essence,SHOBI_LIVE_SHOW_ALL
1165,259-JOM,259-JOM EL,EL065,EL,HONEYSUCKLE & JASMINE - JO MALONE,Elegants Fragrances,10.0,"259-JOM inspired by the fragrance notes of HONEYSUCKLE & JASMINE - JO MALONE. Is a light, fresh, floral and softly feminine scent.",https://leparfum.com.gr/en/elegants-fragrances/259-jom-el,2026-08-20,2026-08-20,ACTIVE,Choose+Bottle+Extra Essence,SHOBI_LIVE_SHOW_ALL
1164,258-JOM,258-JOM EL,EL064,EL,GREEN TOMATO LEAF - JO MALONE,Elegants Fragrances,10.0,"258-JOM inspired by the fragrance notes of GREEN TOMATO LEAF - JO MALONE. A  green, fresh, and evocative of nature and gardens scent.",https://leparfum.com.gr/en/elegants-fragrances/258-jom-el,2026-08-20,2026-08-20,ACTIVE,Choose+Bottle+Extra Essence,SHOBI_LIVE_SHOW_ALL
1163,257-JOM,257-JOM EL,EL063,EL,GREEN ORANGE & CORIANDER - JO MALONE,Elegants Fragrances,10.0,"257-JOM  inspired by the fragrance notes of GREEN ORANGE & CORIANDER - JO MALONE. Is a fresh, green‑citrus aromatic scent with an earthy, spicy twist.",https://leparfum.com.gr/en/elegants-fragrances/257-jom-el,2026-08-20,2026-08-20,ACTIVE,Choose+Bottle+Extra Essence,SHOBI_LIVE_SHOW_ALL
1162,256-JOM,256-JOM EL,EL062,EL,GRAPEFRUIT - JO MALONE,Elegants Fragrances,10.0,"256-JOM inspired by the fragrance notes of GRAPEFRUIT - JO MALONE. Unisex fragrance, light, easy‑to‑wear, and uplifting.",https://leparfum.com.gr/en/elegants-fragrances/256-jom-el,2026-08-20,2026-08-20,ACTIVE,Choose+Bottle+Extra Essence,SHOBI_LIVE_SHOW_ALL
1161,255-JOM,255-JOM EL,EL061,EL,GOLDEN NEEDLE TEA - JO MALONE,Elegants Fragrances,10.0,"255-JOM inspired by the fragrance notes of GOLDEN NEEDLE TEA - JO MALONE. Is a unique, warm and slightly mysterious scent.",https://leparfum.com.gr/en/elegants-fragrances/255-jom-el,2026-08-20,2026-08-20,ACTIVE,Choose+Bottle+Extra Essence,SHOBI_LIVE_SHOW_ALL
1160,254-JOM,254-JOM EL,EL060,EL,GARDENIA - JO MALONE,Elegants Fragrances,10.0,"254-JOM inspired by the fragrance notes of GARDENIA - JO MALONE. White floral, yellow floral, lactonic, sweet, floral.",https://leparfum.com.gr/en/elegants-fragrances/254-jom-el,2026-08-20,2026-08-20,ACTIVE,Choose+Bottle+Extra Essence,SHOBI_LIVE_SHOW_ALL
1159,253-JOM,253-JOM EL,EL059,EL,FRENCH LIME BLOSSOM - JO MALONE,Elegants Fragrances,10.0,253-JOM inspired by the fragrance notes of FRENCH LIME BLOSSOM - JO MALONE.,https://leparfum.com.gr/en/elegants-fragrances/253-jom-el,2026-08-20,2026-08-20,ACTIVE,Choose+Bottle+Extra Essence,SHOBI_LIVE_SHOW_ALL
1158,251-JOM,251-JOM EL,EL058,EL,ENGLISH PEAR & FREESIA - JO MALONE,Elegants Fragrances,10.0,"251-JOM inspired by the fragrance notes of ENGLISH PEAR & FREESIA - JO MALONE. A fresh fruity start, soft floral middle, warm, clean base vibe.",https://leparfum.com.gr/en/elegants-fragrances/251-jom-el,2026-08-20,2026-08-20,ACTIVE,Choose+Bottle+Extra Essence,SHOBI_LIVE_SHOW_ALL
1157,250-JOM,250-JOM EL,EL057,EL,English Oak & Hazelnut - Jo Malone,Elegants Fragrances,10.0,"250-JOM Inspired by the fragrance notes of English Oak & Hazelnut - Jo Malone. It's a woody, earthy, and naturally warm unisex scent.",https://leparfum.com.gr/en/elegants-fragrances/250-jom-el,2026-08-20,2026-08-20,ACTIVE,Choose+Bottle+Extra Essence,SHOBI_LIVE_SHOW_ALL
1156,249-JOM,249-JOM EL,EL056,EL,Earl Grey & Cucumber - Jo Malone,Elegants Fragrances,10.0,"249-JOM Inspired by the fragrance notes of Earl Grey & Cucumber - Jo Malone. Unisex fragrance, fresh, clean and aromatic.",https://leparfum.com.gr/en/elegants-fragrances/249-jom-el,2026-08-20,2026-08-20,ACTIVE,Choose+Bottle+Extra Essence,SHOBI_LIVE_SHOW_ALL
1155,248-JOM,248-JOM EL,EL055,EL,Dark Amber & Ginger Lily - Jo Malone,Elegants Fragrances,10.0,"248-JOM Inspired by the fragrance notes of Dark Amber & Ginger Lily - Jo Malone. Spicy, Floral, Warm & woody",https://leparfum.com.gr/en/elegants-fragrances/248-jom-el,2026-08-20,2026-08-20,ACTIVE,Choose+Bottle+Extra Essence,SHOBI_LIVE_SHOW_ALL
1154,247-JOM,247-JOM EL,EL054,EL,Carrot blossom & Fennel - Jo Malone,Elegants Fragrances,10.0,"247-JOM Inspired by the fragrance notes of Carrot blossom & Fennel - Jo Malone. Green, fresh, Light floral and fruity touches.",https://leparfum.com.gr/en/elegants-fragrances/247-jom-el,2026-08-20,2026-08-20,ACTIVE,Choose+Bottle+Extra Essence,SHOBI_LIVE_SHOW_ALL
1153,245-JOM,245-JOM EL,EL053,EL,Blue Agava & Cacao - Jo Malone,Elegants Fragrances,10.0,245-JOM Inspired by the fragrance notes of Blue Agava & Cacao - Jo Malone. Warm and slightly gourmand-oriental.,https://leparfum.com.gr/en/elegants-fragrances/245-jom-el,2026-08-20,2026-08-20,ACTIVE,Choose+Bottle+Extra Essence,SHOBI_LIVE_SHOW_ALL
1152,244-JOM,244-JOM EL,EL052,EL,Black Vetyver Cafe - Jo Malone,Elegants Fragrances,10.0,"244-JOM Inspired by the fragrance notes of Black Vetyver Cafe - Jo Malone. Woody-spicy and aromatic, with a coffee-inspired character.",https://leparfum.com.gr/en/elegants-fragrances/244-jom-el,2026-08-20,2026-08-20,ACTIVE,Choose+Bottle+Extra Essence,SHOBI_LIVE_SHOW_ALL
1151,243-JOM,243-JOM EL,EL051,EL,Black Cedarwood & Juniper - Jo Malone,Elegants Fragrances,10.0,"243-JOM  Inspired by the fragrance notes of Black Cedarwood & Juniper - Jo Malone. Unisex fragrance, Atmospheric and woody.",https://leparfum.com.gr/en/elegants-fragrances/243-jom-el,2026-08-20,2026-08-20,ACTIVE,Choose+Bottle+Extra Essence,SHOBI_LIVE_SHOW_ALL
1150,242-JOM,242-JOM EL,EL050,EL,Blackberry & Bay - Jo Malone,Elegants Fragrances,10.0,"242-JOM Inspired by the fragrance notes of Blackberry & Bay - Jo Malone. Unisex fragrance, Fresh & green-fruity",https://leparfum.com.gr/en/elegants-fragrances/242-jom-el,2026-08-20,2026-08-20,ACTIVE,Choose+Bottle+Extra Essence,SHOBI_LIVE_SHOW_ALL
1149,241-JOM,241-JOM EL,EL049,EL,Basil & Neroli Jo Malone,Elegants Fragrances,10.0,"241-JOM Inspired by the fragrance notes of Basil & Neroli Jo Malone. Fresh, green, aromatic, and uplifting with a breezy, daytime feel.",https://leparfum.com.gr/en/elegants-fragrances/241-jom-el,2026-08-20,2026-08-20,ACTIVE,Choose+Bottle+Extra Essence,SHOBI_LIVE_SHOW_ALL
1148,240-JOM,240-JOM EL,EL048,EL,Amber & Patchouli - Jo Malone,Elegants Fragrances,10.0,"240-JOM  Inspired by the fragrance notes of Amber & Patchouli - Jo Malone. Warm, woody, deep and slightly spicy from the start.",https://leparfum.com.gr/en/elegants-fragrances/240-jom-el,2026-08-20,2026-08-20,ACTIVE,Choose+Bottle+Extra Essence,SHOBI_LIVE_SHOW_ALL
1147,239-JOM,239-JOM EL,EL047,EL,Amber & Lavender - Jo Malone,Elegants Fragrances,10.0,239-JOM Inspired by the fragrance notes of Amber & Lavender - Jo Malone. Fresh and aromatic fragrance.,https://leparfum.com.gr/en/elegants-fragrances/239-jom-el,2026-08-20,2026-08-20,ACTIVE,Choose+Bottle+Extra Essence,SHOBI_LIVE_SHOW_ALL
1146,238-JOM,238-JOM EL,EL046,EL,A Shot Of Oud Over Mango - Jo Malone,Elegants Fragrances,10.0,"238-JOM  Inspired by the fragrance notes of A Shot Of Oud Over Mango - Jo Malone. Unisex fragrance, warm, smoky, and sophisticated.",https://leparfum.com.gr/en/elegants-fragrances/238-jom-el,2026-08-20,2026-08-20,ACTIVE,Choose+Bottle+Extra Essence,SHOBI_LIVE_SHOW_ALL
1145,237-JOM,237-JOM EL,EL045,EL,A Shot Of Thai Over Mango - Jo Malone,Elegants Fragrances,10.0,"237-JOM Inspired by the fragrance notes of A Shot Of Thai Over Mango - Jo Malone. Unisex fragrance, fresh, fruity, great for everyday wear.",https://leparfum.com.gr/en/elegants-fragrances/237-jom-el,2026-08-20,2026-08-20,ACTIVE,Choose+Bottle+Extra Essence,SHOBI_LIVE_SHOW_ALL
1144,236-IND,236-IND EL,EL044,EL,,Elegants Fragrances,10.0,ZUM FRANKINCENSE & MYRRH - INDIGO WILD.,https://leparfum.com.gr/en/elegants-fragrances/236-ind-el,2026-08-20,2026-08-20,ACTIVE,Choose+Bottle+Extra Essence,SHOBI_LIVE_SHOW_ALL
1143,235-HOLL,235-HOLL EL,EL043,EL,,Elegants Fragrances,10.0,SOCAL - HOLLISTER Woman Fragrance Clone,https://leparfum.com.gr/en/elegants-fragrances/235-holl-el,2026-08-20,2026-08-20,ACTIVE,Choose+Bottle+Extra Essence,SHOBI_LIVE_SHOW_ALL
1142,193-ARM,193-ARM EL,EL042,EL,ROYAL OUD,Elegants Fragrances,10.0,"193-ARM EL Inspired by the fragrance notes of ROYAL OUD. A deep, warm and spicy elixir of agar wood.",https://leparfum.com.gr/en/elegants-fragrances/193-arm-el,2026-08-20,2026-08-20,ACTIVE,Choose+Bottle+Extra Essence,SHOBI_LIVE_SHOW_ALL
1140,189-ARM,189-ARM EL,EL040,EL,CUIR NOIR,Elegants Fragrances,10.0,189-ARM EL Inspired by the fragrance notes of CUIR NOIR.,https://leparfum.com.gr/en/elegants-fragrances/189-arm-el,2026-08-20,2026-08-20,ACTIVE,Choose+Bottle+Extra Essence,SHOBI_LIVE_SHOW_ALL
1139,188-ARM,188-ARM EL,EL039,EL,CUIR AMETHYSTE,Elegants Fragrances,10.0,188-ARM EL Inspired by the fragrance notes of CUIR AMETHYSTE.,https://leparfum.com.gr/en/elegants-fragrances/188-arm-el,2026-08-20,2026-08-20,ACTIVE,Choose+Bottle+Extra Essence,SHOBI_LIVE_SHOW_ALL
1138,187-ARM,187-ARM EL,EL038,EL,BOIS D'ENCENS,Elegants Fragrances,10.0,187-ARM EL Inspired by the fragrance notes of BOIS D'ENCENS.,https://leparfum.com.gr/en/elegants-fragrances/187-arm-el,2026-08-20,2026-08-20,ACTIVE,Choose+Bottle+Extra Essence,SHOBI_LIVE_SHOW_ALL
1137,192-ARM,192-ARM EL,EL037,EL,ROUGE MALACHITE,Elegants Fragrances,10.0,192-ARM EL Inspired by the fragrance notes of ROUGE MALACHITE.,https://leparfum.com.gr/en/elegants-fragrances/192-arm-el,2026-08-20,2026-08-20,ACTIVE,Choose+Bottle+Extra Essence,SHOBI_LIVE_SHOW_ALL
1136,186-ARM,186-ARM EL,EL036,EL,AMBRE SOIE,Elegants Fragrances,10.0,186-ARM EL Inspired by the fragrance notes of AMBRE SOIE.,https://leparfum.com.gr/en/elegants-fragrances/186-arm-el,2026-08-20,2026-08-20,ACTIVE,Choose+Bottle+Extra Essence,SHOBI_LIVE_SHOW_ALL
1135,234-ESCE,234-ESCE EL,EL035,EL,ESCENTRIC 04,Elegants Fragrances,10.0,Inspired by the fragrance notes of ESCENTRIC 04.,https://leparfum.com.gr/en/elegants-fragrances/234-esce-el,2026-08-20,2026-08-20,ACTIVE,Choose+Bottle+Extra Essence,SHOBI_LIVE_SHOW_ALL
1134,232-ESCE,232-ESCE EL,EL034,EL,ESCENTRIC 01 - ESCENTRIC MOLECULES,Elegants Fragrances,10.0,"Inspired by the fragrance notes of ESCENTRIC 01 - ESCENTRIC MOLECULES.Unisex perfume woody, musky, citrus, amber, soft spicy, iris, powdery, aromatic, violet.",https://leparfum.com.gr/en/elegants-fragrances/232-esce-el,2026-08-20,2026-08-20,ACTIVE,Choose+Bottle+Extra Essence,SHOBI_LIVE_SHOW_ALL
1133,230-DIP,230-DIP EL,EL033,EL,OPOPANAX,Elegants Fragrances,10.0,230-DIP EL inspired by the fragrance notes of OPOPANAX.,https://leparfum.com.gr/en/elegants-fragrances/230-dip-el,2026-08-20,2026-08-20,ACTIVE,Choose+Bottle+Extra Essence,SHOBI_LIVE_SHOW_ALL
1132,229-DIP,229-DIP EL,EL032,EL,Philosykos Eau de Parfum,Elegants Fragrances,10.0,"229-DIP EL inspired by the fragrance notes of Philosykos Eau de Parfum. Unisex perfume green, woody, sweet, fresh, fruity, lactonic, coconut.",https://leparfum.com.gr/en/elegants-fragrances/229-dip-el,2026-08-20,2026-08-20,ACTIVE,Choose+Bottle+Extra Essence,SHOBI_LIVE_SHOW_ALL
1131,228-DIP,228-DIP EL,EL031,EL,FEUILLE DE LAVANDE,Elegants Fragrances,10.0,228-DIP EL inspired by the fragrance notes of FEUILLE DE LAVANDE.,https://leparfum.com.gr/en/elegants-fragrances/228-dip-el,2026-08-20,2026-08-20,ACTIVE,Choose+Bottle+Extra Essence,SHOBI_LIVE_SHOW_ALL
1130,227-DIP,227-DIP EL,EL030,EL,FEU DE BOIS / WOOD FIRE,Elegants Fragrances,10.0,"227-DIP EL inspired by the fragrance notes of FEU DE BOIS / WOOD FIRE. An intense, rich intoxicating smoky woody accord with guaicwood, birch tar, amber and cedarwood.",https://leparfum.com.gr/en/elegants-fragrances/227-dip-el,2026-08-20,2026-08-20,ACTIVE,Choose+Bottle+Extra Essence,SHOBI_LIVE_SHOW_ALL
1129,226-DIP,226-DIP EL,EL029,EL,EAU LENTE,Elegants Fragrances,10.0,226-DIP EL inspired by the fragrance notes of EAU LENTE.,https://leparfum.com.gr/en/elegants-fragrances/226-dip-el,2026-08-20,2026-08-20,ACTIVE,Choose+Bottle+Extra Essence,SHOBI_LIVE_SHOW_ALL
1128,225-DIP,225-DIP EL,EL028,EL,EL EAU DES SENS,Elegants Fragrances,10.0,225-DIP inspired by the fragrance notes of EL EAU DES SENS.,https://leparfum.com.gr/en/elegants-fragrances/225-dip-el,2026-08-20,2026-08-20,ACTIVE,Choose+Bottle+Extra Essence,SHOBI_LIVE_SHOW_ALL
1127,224-DIP,224-DIP EL,EL027,EL,Do Son Eau de Toilette,Elegants Fragrances,10.0,"224-DIP inspired by the fragrance notes of Do Son Eau de Toilette. Women's perfume white floral, tuberose, animalic, musky, citrus.",https://leparfum.com.gr/en/elegants-fragrances/224-dip-el,2026-08-20,2026-08-20,ACTIVE,Choose+Bottle+Extra Essence,SHOBI_LIVE_SHOW_ALL
1126,223-DIP,223-DIP EL,EL026,EL,BAIES,Elegants Fragrances,10.0,223-DIP EL inspired by the fragrance notes of BAIES.,https://leparfum.com.gr/en/elegants-fragrances/223-dip-el,2026-08-20,2026-08-20,ACTIVE,Choose+Bottle+Extra Essence,SHOBI_LIVE_SHOW_ALL
1125,222-DIP,222-DIP EL,EL025,EL,AMBRE,Elegants Fragrances,10.0,"222-DIP inspired by the fragrance notes of AMBRE. Home fragrance oil. A rich dark amber fragrance with vanilla, tonka and hints of musk",https://leparfum.com.gr/en/elegants-fragrances/222-dip-el,2026-08-20,2026-08-20,ACTIVE,Choose+Bottle+Extra Essence,SHOBI_LIVE_SHOW_ALL
1124,221-DIP,221-DIP EL,EL024,EL,34 BOULEVARD SAINT GERMAIN 2011,Elegants Fragrances,10.0,"221-DIP inspired by the fragrance notes of 34 BOULEVARD SAINT GERMAIN 2011. Unisex perfume warm spicy, woody, green, aromatic, amber, cinnamon, fruity.",https://leparfum.com.gr/en/elegants-fragrances/221-dip-el,2026-08-20,2026-08-20,ACTIVE,Choose+Bottle+Extra Essence,SHOBI_LIVE_SHOW_ALL
1123,220-CRD,220-CRD EL,EL023,EL,Virgin Island Water,Elegants Fragrances,10.0,Inspired by the fragrance notes of Virgin Island Water. Pina colada on the beach. Tropical vacation must have! Amazing summer / vacation scent.,https://leparfum.com.gr/en/elegants-fragrances/220-crd-el,2026-08-20,2026-08-20,ACTIVE,Choose+Bottle+Extra Essence,SHOBI_LIVE_SHOW_ALL
1122,219-CRD,219-CRD EL,EL022,EL,Viking,Elegants Fragrances,10.0,"219-CRD EL Inspired by the fragrance notes of Viking. Fragrance aromatic, fresh spicy, green, citrus, soft spicy, lavender, woody, rose, musky, sweet.",https://leparfum.com.gr/en/elegants-fragrances/219-crd-el,2026-08-20,2026-08-20,ACTIVE,Choose+Bottle+Extra Essence,SHOBI_LIVE_SHOW_ALL
1121,218-CRD,218-CRD EL,EL021,EL,VETIVER,Elegants Fragrances,10.0,"Inspired by the fragrance notes of VETIVER. Citrus, woody, fresh spicy, aromatic, amber, fresh, earthy, animalic.",https://leparfum.com.gr/en/elegants-fragrances/218-crd-el,2026-08-20,2026-08-20,ACTIVE,Choose+Bottle+Extra Essence,SHOBI_LIVE_SHOW_ALL
1120,217-CRD,217-CRD EL,EL020,EL,the notes of SUBLIME VANILLE,Elegants Fragrances,10.0,"217-CRD EL inspired by the notes of SUBLIME VANILLE. Vanilla, citrus, powdery, aromatic, sweet, musky, amber.",https://leparfum.com.gr/en/elegants-fragrances/217-crd-el,2026-08-20,2026-08-20,ACTIVE,Choose+Bottle+Extra Essence,SHOBI_LIVE_SHOW_ALL
1119,216-CRD,216-CRD EL,EL019,EL,Spring Flower,Elegants Fragrances,10.0,Inspired by the fragrance notes of Spring Flower. Fruity white floral fresh musky rose.,https://leparfum.com.gr/en/elegants-fragrances/216-crd-el,2026-08-20,2026-08-20,ACTIVE,Choose+Bottle+Extra Essence,SHOBI_LIVE_SHOW_ALL
1117,214-CRD,214-CRD,EL017,EL,Original Santal,Elegants Fragrances,10.0,"Inspired by the fragrance notes of Original Santal. Perfume aromatic, warm spicy, woody, fresh spicy, vanilla, cinnamon.",https://leparfum.com.gr/en/elegants-fragrances/214-crd,2026-08-20,2026-08-20,ACTIVE,Choose+Bottle+Extra Essence,SHOBI_LIVE_SHOW_ALL
1116,213-CRD,213-CRD EL,EL016,EL,ROYAL OUD,Elegants Fragrances,10.0,213-CRD EL inspired by the fragrance notes of ROYAL OUD.,https://leparfum.com.gr/en/elegants-fragrances/213-crd-el,2026-08-20,2026-08-20,ACTIVE,Choose+Bottle+Extra Essence,SHOBI_LIVE_SHOW_ALL
1115,211-CRD,211-CRD EL,EL015,EL,LOVE IN WHITE,Elegants Fragrances,10.0,Inspired by the fragrance notes of LOVE IN WHITE. Romantic floral Eau de Parfum.,https://leparfum.com.gr/en/elegants-fragrances/211-crd-el,2026-08-20,2026-08-20,ACTIVE,Choose+Bottle+Extra Essence,SHOBI_LIVE_SHOW_ALL
1114,210-CRD,210-CRD EL,EL014,EL,GREEN IRISH TWEED,Elegants Fragrances,10.0,210-CRD EL inspired by the fragrance notes of GREEN IRISH TWEED.,https://leparfum.com.gr/en/elegants-fragrances/210-crd-el,2026-08-20,2026-08-20,ACTIVE,Choose+Bottle+Extra Essence,SHOBI_LIVE_SHOW_ALL
1113,207-CRD,207-CRD EL,EL013,EL,HIMALAYIA,Elegants Fragrances,10.0,"207-CRD EL inspired by the fragrance notes of HIMALAYIA. Men's perfume citrus, woody, powdery, musky, amber, aromatic, animalic.",https://leparfum.com.gr/en/elegants-fragrances/207-crd-el,2026-08-20,2026-08-20,ACTIVE,Choose+Bottle+Extra Essence,SHOBI_LIVE_SHOW_ALL
1111,205-CRD,205-CRD EL,EL011,EL,aven for her,Elegants Fragrances,10.0,"205-CRD EL inspired by the fragrance notes of aven for her. Women's perfume fruity, citrus, woody, powdery, musky, floral, fresh, amber.",https://leparfum.com.gr/en/elegants-fragrances/205-crd-el,2026-08-20,2026-08-20,ACTIVE,Choose+Bottle+Extra Essence,SHOBI_LIVE_SHOW_ALL
1110,204-CRD,204-CRD EL,EL010,EL,Avent,Elegants Fragrances,10.0,"204-CRD EL inspired by the fragrance notes of Avent. Men's Fragrance fruity, sweet, leather, woody, smoky, tropical, fresh, musky, citrus, mossy.",https://leparfum.com.gr/en/elegants-fragrances/204-crd-el,2026-08-20,2026-08-20,ACTIVE,Choose+Bottle+Extra Essence,SHOBI_LIVE_SHOW_ALL
1106,200-CIR,200-CIR EL,EL006,EL,,Elegants Fragrances,10.0,ERNESTO CHE GUEVARA - CIRE TRUDON.,https://leparfum.com.gr/en/elegants-fragrances/200-cir-el,2026-08-20,2026-08-20,ACTIVE,Choose+Bottle+Extra Essence,SHOBI_LIVE_SHOW_ALL
1015,994-ZAD,994-ZAD WP,WP515,WP,THIS IS HER - ZADIG & VOLTAIRE,Fragrances For Women,9.0,994-ZAD WP Inspired by the fragrance notes of THIS IS HER - ZADIG & VOLTAIRE.,https://leparfum.com.gr/en/fragrances-for-women/994-zad-wp,2026-08-20,2026-08-20,ACTIVE,Choose+Bottle+Extra Essence,SHOBI_LIVE_SHOW_ALL
1014,992-ZAD,992-ZAD WP,WP514,WP,GIRLS CAN DO ANYTHING - ZADIG & VOLTAIRE,Fragrances For Women,9.0,992-ZAD WP Inspired by the fragrance notes of GIRLS CAN DO ANYTHING - ZADIG & VOLTAIRE.,https://leparfum.com.gr/en/fragrances-for-women/992-zad-wp,2026-08-20,2026-08-20,ACTIVE,Choose+Bottle+Extra Essence,SHOBI_LIVE_SHOW_ALL
1013,991-YZLO,991-YZLO W,WP513,WP,YVRESSE (CHAMPAGNE),Fragrances For Women,9.0,991-YZLO W Inspired by the fragrance of YVRESSE (CHAMPAGNE),https://leparfum.com.gr/en/fragrances-for-women/991-yzlo-w,2026-08-20,2026-08-20,ACTIVE,Choose+Bottle+Extra Essence,SHOBI_LIVE_SHOW_ALL
1012,989-YZLO,989-YZLO W,WP512,WP,RIVE GAUCHE,Fragrances For Women,9.0,989-YZLO W Inspired by the fragrance notes of RIVE GAUCHE,https://leparfum.com.gr/en/fragrances-for-women/989-yzlo-w,2026-08-20,2026-08-20,ACTIVE,Choose+Bottle+Extra Essence,SHOBI_LIVE_SHOW_ALL
1011,988-YZLO,988-YZLO W,WP511,WP,PARISIENNE,Fragrances For Women,9.0,988-YZLO W Inspired by the fragrance of  PARISIENNE,https://leparfum.com.gr/en/fragrances-for-women/988-yzlo-w,2026-08-20,2026-08-20,ACTIVE,Choose+Bottle+Extra Essence,SHOBI_LIVE_SHOW_ALL
1010,987-YZLO,987-YZLO W,WP510,WP,PARIS,Fragrances For Women,9.0,987-YZLO W Inspired by the fragrance of  PARIS.,https://leparfum.com.gr/en/fragrances-for-women/987-yzlo-w,2026-08-20,2026-08-20,ACTIVE,Choose+Bottle+Extra Essence,SHOBI_LIVE_SHOW_ALL
1009,986-YZLO,986-YZLO W,WP509,WP,OPIUM,Fragrances For Women,9.0,"986-YZLO W Inspired by the fragrance of OPIUM. Fragrance warm spicy, amber, woody, balsamic.",https://leparfum.com.gr/en/fragrances-for-women/986-yzlo-w,2026-08-20,2026-08-20,ACTIVE,Choose+Bottle+Extra Essence,SHOBI_LIVE_SHOW_ALL
1008,985-YZLO,985-YZLO W,WP508,WP,MON PARIS,Fragrances For Women,9.0,985-YZLO W Inspired by the fragrance of MON PARIS,https://leparfum.com.gr/en/fragrances-for-women/985-yzlo-w,2026-08-20,2026-08-20,ACTIVE,Choose+Bottle+Extra Essence,SHOBI_LIVE_SHOW_ALL
1007,984-YZLO,984-YZLO W,WP507,WP,MANIFESTO L' ELIXIR,Fragrances For Women,9.0,984-YZLO W Inspired by the fragrance of  MANIFESTO L' ELIXIR,https://leparfum.com.gr/en/fragrances-for-women/984-yzlo-w,2026-08-20,2026-08-20,ACTIVE,Choose+Bottle+Extra Essence,SHOBI_LIVE_SHOW_ALL
1006,983-YZLO,983-YZLO W,WP506,WP,MANIFESTO,Fragrances For Women,9.0,983-YZLO W Inspired by the fragrance of MANIFESTO.,https://leparfum.com.gr/en/fragrances-for-women/983-yzlo-w,2026-08-20,2026-08-20,ACTIVE,Choose+Bottle+Extra Essence,SHOBI_LIVE_SHOW_ALL
1005,1285-YZLO,1285-YZLO W,WP505,WP,MAGNIFICENT BLOSSOM,Fragrances For Women,9.0,1285-YZLO W Inspired by the fragrance of MAGNIFICENT BLOSSOM.,https://leparfum.com.gr/en/fragrances-for-women/1285-yzlo-w,2026-08-20,2026-08-20,ACTIVE,Choose+Bottle+Extra Essence,SHOBI_LIVE_SHOW_ALL
1004,980-YZLO,980-YZLO W,WP504,WP,ELLE,Fragrances For Women,9.0,980-YZLO W Inspired by the fragrance of ELLE,https://leparfum.com.gr/en/fragrances-for-women/980-yzlo-w,2026-08-20,2026-08-20,ACTIVE,Choose+Bottle+Extra Essence,SHOBI_LIVE_SHOW_ALL
1003,979-YZLO,979-YZLO W,WP503,WP,CINEMA,Fragrances For Women,9.0,"979-YZLO W Inspired by the fragrance of CINEMA. Women's perfume floral, vanilla, amber, sweet, citrusy, powdery, fresh, white floral.",https://leparfum.com.gr/en/fragrances-for-women/979-yzlo-w,2026-08-20,2026-08-20,ACTIVE,Choose+Bottle+Extra Essence,SHOBI_LIVE_SHOW_ALL
1002,978-YZLO,978-YZLO WP,WP502,WP,the notes of the fragrance BLACK OPIUM NUIT BLANCHE,Fragrances For Women,9.0,978-YZLO WP Inspired by the notes of the fragrance BLACK OPIUM NUIT BLANCHE.,https://leparfum.com.gr/en/fragrances-for-women/978-yzlo-wp,2026-08-20,2026-08-20,ACTIVE,Choose+Bottle+Extra Essence,SHOBI_LIVE_SHOW_ALL
1001,977-YZLO,977-YZLO W,WP501,WP,BLACK OPIUM,Fragrances For Women,9.0,977-YZLO W Inspired by the fragrance of BLACK OPIUM. One of the BEST GOURMAND PERFUME.,https://leparfum.com.gr/en/fragrances-for-women/977-yzlo-w,2026-08-20,2026-08-20,ACTIVE,Choose+Bottle+Extra Essence,SHOBI_LIVE_SHOW_ALL
1000,976-YZLO,976-YZLO W,WP500,WP,BELLE D'OPIUM,Fragrances For Women,9.0,976-YZLO W Inspired by the fragrance of BELLE D'OPIUM.,https://leparfum.com.gr/en/fragrances-for-women/976-yzlo-w,2026-08-20,2026-08-20,ACTIVE,Choose+Bottle+Extra Essence,SHOBI_LIVE_SHOW_ALL
999,,WHITE MUSK Perfume,WP499,WP,,Fragrances For Women,9.0,WHITE MUSK Shobi Perfume,https://leparfum.com.gr/en/fragrances-for-women/white-musk-perfume,2026-08-20,2026-08-20,ACTIVE,Choose+Bottle+Extra Essence,SHOBI_LIVE_SHOW_ALL
998,973-VICT,973-VICT WP,WP498,WP,WICKED - VICTORIA'S SECRET,Fragrances For Women,9.0,973-VICT WP inspired by the fragrance notes of WICKED - VICTORIA'S SECRET.,https://leparfum.com.gr/en/fragrances-for-women/973-vict-wp,2026-08-20,2026-08-20,ACTIVE,Choose+Bottle+Extra Essence,SHOBI_LIVE_SHOW_ALL
997,971-VICT,971-VICT WP,WP497,WP,VERY SEXY TOUCH - VICTORIA'S SECRET,Fragrances For Women,9.0,971-VICT WP Inspired by the fragrance notes of VERY SEXY TOUCH - VICTORIA'S SECRET.,https://leparfum.com.gr/en/fragrances-for-women/971-vict-wp,2026-08-20,2026-08-20,ACTIVE,Choose+Bottle+Extra Essence,SHOBI_LIVE_SHOW_ALL
996,968-VICT,968-VICT WP,WP496,WP,VERY SEXY NOW - VICTORIAS SECRET,Fragrances For Women,9.0,968-VICT WP Inspired by the fragrance notes of VERY SEXY NOW - VICTORIAS SECRET.,https://leparfum.com.gr/en/fragrances-for-women/968-vict-wp,2026-08-20,2026-08-20,ACTIVE,Choose+Bottle+Extra Essence,SHOBI_LIVE_SHOW_ALL
995,965-VICT,965-VICT WP,WP495,WP,the fragrance notes ofSEXY LITTLE THINGS-NOIR TEASE TEMPTATION - VICTORIA'S SECRET,Fragrances For Women,9.0,965-VICT WP Inspired by the fragrance notes ofSEXY LITTLE THINGS-NOIR TEASE TEMPTATION - VICTORIA'S SECRET.,https://leparfum.com.gr/en/fragrances-for-women/965-vict-wp,2026-08-20,2026-08-20,ACTIVE,Choose+Bottle+Extra Essence,SHOBI_LIVE_SHOW_ALL
994,964-VICT,964-VICT WP,WP494,WP,SCANDALOUS - VICTORIA'S SECRET,Fragrances For Women,9.0,964-VICT WP Inspired by the fragrance notes of SCANDALOUS - VICTORIA'S SECRET.,https://leparfum.com.gr/en/fragrances-for-women/964-vict-wp,2026-08-20,2026-08-20,ACTIVE,Choose+Bottle+Extra Essence,SHOBI_LIVE_SHOW_ALL
993,963-VICT,963-VICT WP,WP493,WP,PURE SEDUCTION - VICTORIA'S SECRET,Fragrances For Women,9.0,963-VICT WP Inspired by the fragrance notes of PURE SEDUCTION - VICTORIA'S SECRET.,https://leparfum.com.gr/en/fragrances-for-women/963-vict-wp,2026-08-20,2026-08-20,ACTIVE,Choose+Bottle+Extra Essence,SHOBI_LIVE_SHOW_ALL
992,962-VICT,962-VICT WP,WP492,WP,No1 FEATHERED MUSK - VICTORIA'S SECRET,Fragrances For Women,9.0,962-VICT WP Inspired by the fragrance notes of No1 FEATHERED MUSK - VICTORIA'S SECRET.,https://leparfum.com.gr/en/fragrances-for-women/962-vict-wp,2026-08-20,2026-08-20,ACTIVE,Choose+Bottle+Extra Essence,SHOBI_LIVE_SHOW_ALL
991,961-VICT,961-VICT WP,WP491,WP,LOVE SPELL - VICTORIA'S SECRΕΤ,Fragrances For Women,9.0,961-VICT WP Inspired by the fragrance notes of LOVE SPELL - VICTORIA'S SECRΕΤ.,https://leparfum.com.gr/en/fragrances-for-women/961-vict-wp,2026-08-20,2026-08-20,ACTIVE,Choose+Bottle+Extra Essence,SHOBI_LIVE_SHOW_ALL
990,960-VICT,960-VICT WP,WP490,WP,the fragrance notes ofLOVE ME - VICTORIA'S SECRET,Fragrances For Women,9.0,960-VICT WP Inspired by the fragrance notes ofLOVE ME - VICTORIA'S SECRET.,https://leparfum.com.gr/en/fragrances-for-women/960-vict-wp,2026-08-20,2026-08-20,ACTIVE,Choose+Bottle+Extra Essence,SHOBI_LIVE_SHOW_ALL
989,959-VICT,959-VICT WP,WP489,WP,FORBIDDEN  - VICTORIA'S SECRET,Fragrances For Women,9.0,959-VICT WP Inspired by the fragrance notes of FORBIDDEN  - VICTORIA'S SECRET.,https://leparfum.com.gr/en/fragrances-for-women/959-vict-wp,2026-08-20,2026-08-20,ACTIVE,Choose+Bottle+Extra Essence,SHOBI_LIVE_SHOW_ALL
988,958-VICT,958-VICT WP,WP488,WP,FABULOUS - VICTORIA'S SECRET,Fragrances For Women,9.0,958-VICT WP Inspired by the fragrance notes of FABULOUS - VICTORIA'S SECRET.,https://leparfum.com.gr/en/fragrances-for-women/958-vict-wp,2026-08-20,2026-08-20,ACTIVE,Choose+Bottle+Extra Essence,SHOBI_LIVE_SHOW_ALL
987,957-VICT,957-VICT WP,WP487,WP,DREAM ANGELS GLOW - VICTORIA'S SECRET,Fragrances For Women,9.0,957-VICT WP Inspired by the fragrance notes of DREAM ANGELS GLOW - VICTORIA'S SECRET.,https://leparfum.com.gr/en/fragrances-for-women/957-vict-wp,2026-08-20,2026-08-20,ACTIVE,Choose+Bottle+Extra Essence,SHOBI_LIVE_SHOW_ALL
986,956-VICT,956-VICT WP,WP486,WP,CRUSH - VICTORIA'S SECRET,Fragrances For Women,9.0,956-VICT WP Inspired by the fragrance notes of CRUSH - VICTORIA'S SECRET.,https://leparfum.com.gr/en/fragrances-for-women/956-vict-wp,2026-08-20,2026-08-20,ACTIVE,Choose+Bottle+Extra Essence,SHOBI_LIVE_SHOW_ALL
985,955-VICT,955-VICT WP,WP485,WP,COCONUT PASSION - VICTORIA'S SECRET,Fragrances For Women,9.0,955-VICT WP Inspired by the fragrance notes of COCONUT PASSION - VICTORIA'S SECRET.,https://leparfum.com.gr/en/fragrances-for-women/955-vict-wp,2026-08-20,2026-08-20,ACTIVE,Choose+Bottle+Extra Essence,SHOBI_LIVE_SHOW_ALL
984,954-VICT,954-VICT WP,WP484,WP,BOMBSHELL PINK DIAMOND - VICTORIA'S SECRET,Fragrances For Women,9.0,954-VICT WP Inspired by the fragrance notes of BOMBSHELL PINK DIAMOND - VICTORIA'S SECRET.,https://leparfum.com.gr/en/fragrances-for-women/954-vict-wp,2026-08-20,2026-08-20,ACTIVE,Choose+Bottle+Extra Essence,SHOBI_LIVE_SHOW_ALL
983,953-VICT,953-VICT WP,WP483,WP,BOMBSHELL FOREVER - VICTORIA'S SECRET,Fragrances For Women,9.0,953-VICT WP Inspired by the fragrance notes of BOMBSHELL FOREVER - VICTORIA'S SECRET.,https://leparfum.com.gr/en/fragrances-for-women/953-vict-wp,2026-08-20,2026-08-20,ACTIVE,Choose+Bottle+Extra Essence,SHOBI_LIVE_SHOW_ALL
981,950-VICT,950-VICT WP,WP481,WP,AMBER ROMANCE - VICTORIA'S SECRET,Fragrances For Women,9.0,950-VICT WP Inspired by the fragrance notes of AMBER ROMANCE - VICTORIA'S SECRET.,https://leparfum.com.gr/en/fragrances-for-women/950-vict-wp,2026-08-20,2026-08-20,ACTIVE,Choose+Bottle+Extra Essence,SHOBI_LIVE_SHOW_ALL
980,949-VIC,949-VIC W,WP480,WP,FLOWER BOMB BLOOM,Fragrances For Women,9.0,949-VIC W Inspired by the fragrance of FLOWER BOMB BLOOM.,https://leparfum.com.gr/en/fragrances-for-women/949-vic-w,2026-08-20,2026-08-20,ACTIVE,Choose+Bottle+Extra Essence,SHOBI_LIVE_SHOW_ALL
979,948-VIC,948-VIC W,WP479,WP,FLOWER BOMB,Fragrances For Women,9.0,948-VIC W Inspired by the fragrance of FLOWER BOMB. MOST POPULAR PERFUME.,https://leparfum.com.gr/en/fragrances-for-women/948-vic-w,2026-08-20,2026-08-20,ACTIVE,Choose+Bottle+Extra Essence,SHOBI_LIVE_SHOW_ALL
978,947-VIC,947-VIC W,WP478,WP,BON BON,Fragrances For Women,9.0,"947-VIC W Inspired by the fragrance notes of BON BON. Fragrance caramel, sweet.",https://leparfum.com.gr/en/fragrances-for-women/947-vic-w,2026-08-20,2026-08-20,ACTIVE,Choose+Bottle+Extra Essence,SHOBI_LIVE_SHOW_ALL
977,946-VER,946-VER W,WP477,WP,ORIENTAL OUD,Fragrances For Women,9.0,946-VER W Inspired by the fragrance notes of ORIENTAL OUD,https://leparfum.com.gr/en/fragrances-for-women/946-ver-w,2026-08-20,2026-08-20,ACTIVE,Choose+Bottle+Extra Essence,SHOBI_LIVE_SHOW_ALL
976,945-VER,945-VER W,WP476,WP,EROS POUR FEMME,Fragrances For Women,9.0,945-VER W Inspired by the fragrance notes of EROS POUR FEMME. A fruity floral fragrance for young women Sparkling,https://leparfum.com.gr/en/fragrances-for-women/945-ver-w,2026-08-20,2026-08-20,ACTIVE,Choose+Bottle+Extra Essence,SHOBI_LIVE_SHOW_ALL
975,944-VER,944-VER W,WP475,WP,CRYSTAL NOIR,Fragrances For Women,9.0,944-VER W Inspired by the fragrance notes of CRYSTAL NOIR,https://leparfum.com.gr/en/fragrances-for-women/944-ver-w,2026-08-20,2026-08-20,ACTIVE,Choose+Bottle+Extra Essence,SHOBI_LIVE_SHOW_ALL
974,943-VER,943-VER W,WP474,WP,BRIGHT CRYSTAL,Fragrances For Women,9.0,943-VER W Inspired by the fragrance notes of BRIGHT CRYSTAL.,https://leparfum.com.gr/en/fragrances-for-women/943-ver-w,2026-08-20,2026-08-20,ACTIVE,Choose+Bottle+Extra Essence,SHOBI_LIVE_SHOW_ALL
973,942-VERW,942-VERW WP,WP473,WP,PRINCESS,Fragrances For Women,9.0,942-VERW WP Inspired by the fragrance notes of PRINCESS. Amber Floral fragrance for women.,https://leparfum.com.gr/en/fragrances-for-women/942-verw-wp,2026-08-20,2026-08-20,ACTIVE,Choose+Bottle+Extra Essence,SHOBI_LIVE_SHOW_ALL
972,941-VAN,941-VAN WP,WP472,WP,,Fragrances For Women,9.0,FEERIE SPING BLOSSOM - VAN CLEEF & ARPELS Type,https://leparfum.com.gr/en/fragrances-for-women/feerie-sping-blossom-van-cleef-arpels-type,2026-08-20,2026-08-20,ACTIVE,Choose+Bottle+Extra Essence,SHOBI_LIVE_SHOW_ALL
971,1270-VAN,1270-VAN WP,WP471,WP,,Fragrances For Women,9.0,BOIS DORE - VAN CLEEF & ARPELS.,https://leparfum.com.gr/en/fragrances-for-women/bois-dore-van-cleef-arpels-type,2026-08-20,2026-08-20,ACTIVE,Choose+Bottle+Extra Essence,SHOBI_LIVE_SHOW_ALL
970,939-VAL,939-VAL WP,WP470,WP,VALENTINA PINK - VALENTINO,Fragrances For Women,9.0,939-VAL WP Inspired by the fragrance notes of VALENTINA PINK - VALENTINO.,https://leparfum.com.gr/en/fragrances-for-women/939-val-wp,2026-08-20,2026-08-20,ACTIVE,Choose+Bottle+Extra Essence,SHOBI_LIVE_SHOW_ALL
969,938-VAL,938-VAL WP,WP469,WP,VALENTINA - VALENTINO,Fragrances For Women,9.0,938-VAL WP Inspired by the fragrance notes of VALENTINA - VALENTINO.,https://leparfum.com.gr/en/fragrances-for-women/938-val-wp,2026-08-20,2026-08-20,ACTIVE,Choose+Bottle+Extra Essence,SHOBI_LIVE_SHOW_ALL
968,935-TRU,935-TRU WP,WP468,WP,SKIN,Fragrances For Women,9.0,935-TRU WP Inspired by the fragrance notes of SKIN,https://leparfum.com.gr/en/fragrances-for-women/935-tru-wp,2026-08-20,2026-08-20,ACTIVE,Choose+Bottle+Extra Essence,SHOBI_LIVE_SHOW_ALL
967,934-TRU,934-TRU WP,WP467,WP,MY SCENT,Fragrances For Women,9.0,934-TRU WP Inspired by the fragrance notes of MY SCENT,https://leparfum.com.gr/en/fragrances-for-women/934-tru-wp,2026-08-20,2026-08-20,ACTIVE,Choose+Bottle+Extra Essence,SHOBI_LIVE_SHOW_ALL
966,933-TRU,933-TRU WP,WP466,WP,MY NAME,Fragrances For Women,9.0,933-TRU WP Inspired by the fragrance notes of MY NAME.,https://leparfum.com.gr/en/fragrances-for-women/933-tru-wp,2026-08-20,2026-08-20,ACTIVE,Choose+Bottle+Extra Essence,SHOBI_LIVE_SHOW_ALL
965,931-TRU,931-TRU WP,WP465,WP,INSIDE,Fragrances For Women,9.0,931-TRU WP Inspired by the fragrance notes of INSIDE.,https://leparfum.com.gr/en/fragrances-for-women/931-tru-wp,2026-08-20,2026-08-20,ACTIVE,Choose+Bottle+Extra Essence,SHOBI_LIVE_SHOW_ALL
964,930-TRU,930-TRU WP,WP464,WP,ESSENZA DEL TEMPO,Fragrances For Women,9.0,930-TRU WP Inspired by the fragrance notes of  ESSENZA DEL TEMPO.,https://leparfum.com.gr/en/fragrances-for-women/930-tru-wp,2026-08-20,2026-08-20,ACTIVE,Choose+Bottle+Extra Essence,SHOBI_LIVE_SHOW_ALL
963,929-TRU,929-TRU WP,WP463,WP,DONNA,Fragrances For Women,9.0,929-TRU WP Inspired by the fragrance notes of DONNA.,https://leparfum.com.gr/en/fragrances-for-women/929-tru-wp,2026-08-20,2026-08-20,ACTIVE,Choose+Bottle+Extra Essence,SHOBI_LIVE_SHOW_ALL
962,928-TRU,928-TRU WP,WP462,WP,DELICATE ROSE,Fragrances For Women,9.0,928-TRU WP Inspired by the fragrance notes of DELICATE ROSE.,https://leparfum.com.gr/en/fragrances-for-women/928-tru-wp,2026-08-20,2026-08-20,ACTIVE,Choose+Bottle+Extra Essence,SHOBI_LIVE_SHOW_ALL
961,927-TOUZ,927-TOUZ WP,WP461,WP,,Fragrances For Women,9.0,ROSA - TOUS Type,https://leparfum.com.gr/en/fragrances-for-women/rosa-tous-type,2026-08-20,2026-08-20,ACTIVE,Choose+Bottle+Extra Essence,SHOBI_LIVE_SHOW_ALL
960,926-TOM,926-TOM WP,WP460,WP,,Fragrances For Women,9.0,TOMY GIRL - TOMMY HILFIGER Type,https://leparfum.com.gr/en/fragrances-for-women/tomy-girl-tommy-hilfiger-type,2026-08-20,2026-08-20,ACTIVE,Choose+Bottle+Extra Essence,SHOBI_LIVE_SHOW_ALL
959,925-TMU,925-TMU W,WP459,WP,WOMANITY,Fragrances For Women,9.0,"925-TMU W Inspired by the fragrance notes of WOMANITY. Aroma woody, fruity, salty, animal, green, sweet.",https://leparfum.com.gr/en/fragrances-for-women/925-tmu-w,2026-08-20,2026-08-20,ACTIVE,Choose+Bottle+Extra Essence,SHOBI_LIVE_SHOW_ALL
957,923-TMU,923-TMU W,WP457,WP,notes AURA,Fragrances For Women,9.0,"923-TMU W Inspired by the fragrance of notes AURA. Green, woody, vanilla, sweet, fruity, aromatic, white floral, citrus, powdery.",https://leparfum.com.gr/en/fragrances-for-women/923-tmu-w,2026-08-20,2026-08-20,ACTIVE,Choose+Bottle+Extra Essence,SHOBI_LIVE_SHOW_ALL
956,921-TMU,921-TMU W,WP456,WP,ANGEL MUSE,Fragrances For Women,9.0,"921-TMU W Inspired by the fragrance notes of ANGEL MUSE. Α combination of fruit and hazelnut cream (type nutella) with red pepper, grapefruit, patchouli and vetiver.",https://leparfum.com.gr/en/fragrances-for-women/921-tmu-w,2026-08-20,2026-08-20,ACTIVE,Choose+Bottle+Extra Essence,SHOBI_LIVE_SHOW_ALL
955,920-TMU,920-TMU W,WP455,WP,ANGEL,Fragrances For Women,9.0,"920-TMU inspired by the fragrance notes of ANGEL. Women's perfume sweet, patchouli, fruity, warm spicy, caramel, vanilla, woody, honey, powdery, chocolate.",https://leparfum.com.gr/en/fragrances-for-women/920-tmu-w,2026-08-20,2026-08-20,ACTIVE,Choose+Bottle+Extra Essence,SHOBI_LIVE_SHOW_ALL
954,918-TMU,918-TMU W,WP454,WP,ALIEN Eau de Toilette,Fragrances For Women,9.0,"918-TMU W Inspired by the fragrance of ALIEN Eau de Toilette. Woman fragrance white floral, citrus, amber, woody, powdery, musky, fresh.",https://leparfum.com.gr/en/fragrances-for-women/918-tmu-w,2026-08-20,2026-08-20,ACTIVE,Choose+Bottle+Extra Essence,SHOBI_LIVE_SHOW_ALL
953,917-SWA,917-SWA WP,WP453,WP,,Fragrances For Women,9.0,AURA INTENSE - SWAROVSKI Type,https://leparfum.com.gr/en/fragrances-for-women/aura-intense-swarovski-type,2026-08-20,2026-08-20,ACTIVE,Choose+Bottle+Extra Essence,SHOBI_LIVE_SHOW_ALL
952,916-SOF,916-SOF WP,WP452,WP,,Fragrances For Women,9.0,LOVE - SOFIA VERGARA Type,https://leparfum.com.gr/en/fragrances-for-women/love-sofia-vergara-type,2026-08-20,2026-08-20,ACTIVE,Choose+Bottle+Extra Essence,SHOBI_LIVE_SHOW_ALL
951,915-SIS,915-SIS WP,WP451,WP,,Fragrances For Women,9.0,IZIA - SISLEY Type,https://leparfum.com.gr/en/fragrances-for-women/izia-sisley-type,2026-08-20,2026-08-20,ACTIVE,Choose+Bottle+Extra Essence,SHOBI_LIVE_SHOW_ALL
950,914-SIS,914-SIS WP,WP450,WP,,Fragrances For Women,9.0,EAU TROPICALE - SISLEY Type perfume,https://leparfum.com.gr/en/fragrances-for-women/eau-tropicale-sisley-type-perfume,2026-08-20,2026-08-20,ACTIVE,Choose+Bottle+Extra Essence,SHOBI_LIVE_SHOW_ALL
949,913-SIS,913-SIS WP,WP449,WP,,Fragrances For Women,9.0,EAU DU SOIR - SISLEY Type,https://leparfum.com.gr/en/fragrances-for-women/eau-du-soir-sisley-type,2026-08-20,2026-08-20,ACTIVE,Choose+Bottle+Extra Essence,SHOBI_LIVE_SHOW_ALL
948,912-SHIS,912-SHIS WP,WP448,WP,,Fragrances For Women,9.0,ZEN - SHISEIDO Clone fragrance.,https://leparfum.com.gr/en/fragrances-for-women/zen-shiseido-clone-fragrance,2026-08-20,2026-08-20,ACTIVE,Choose+Bottle+Extra Essence,SHOBI_LIVE_SHOW_ALL
947,911-SEPH,911-SEPH WP,WP447,WP,,Fragrances For Women,9.0,FLEUR DE COTON (COTTON FLOWER) - SEPHORA Clone,https://leparfum.com.gr/en/fragrances-for-women/fleur-de-coton-sephora-perfumes,2026-08-20,2026-08-20,ACTIVE,Choose+Bottle+Extra Essence,SHOBI_LIVE_SHOW_ALL
946,910-SARJ,910-SARJ WP,WP446,WP,,Fragrances For Women,9.0,LOVELY - SARA JESSICA PARKER Clone.,https://leparfum.com.gr/en/fragrances-for-women/lovely-sara-jessica-parker-clone,2026-08-20,2026-08-20,ACTIVE,Choose+Bottle+Extra Essence,SHOBI_LIVE_SHOW_ALL
945,909-SFER,909-SFER WP,WP445,WP,,Fragrances For Women,9.0,TUSCAN SCENT WHITE MIMOSA - FERRAGAMO Dupe,https://leparfum.com.gr/en/fragrances-for-women/tuscan-scent-white-mimosa-ferragamo-dupe,2026-08-20,2026-08-20,ACTIVE,Choose+Bottle+Extra Essence,SHOBI_LIVE_SHOW_ALL
944,908-SFER,908-SFER WP,WP444,WP,,Fragrances For Women,9.0,SIGNORINA MISTERIOSA - FERRAGAMO CLONE,https://leparfum.com.gr/en/fragrances-for-women/signorina-misteriosa-ferragamo-clone,2026-08-20,2026-08-20,ACTIVE,Choose+Bottle+Extra Essence,SHOBI_LIVE_SHOW_ALL
943,907-SFER,907-SFER WP,WP443,WP,,Fragrances For Women,9.0,SIGNORINA - FERRAGAMO Dupe,https://leparfum.com.gr/en/fragrances-for-women/signorina-ferragamo-dupe-fragrance,2026-08-20,2026-08-20,ACTIVE,Choose+Bottle+Extra Essence,SHOBI_LIVE_SHOW_ALL
942,906-SFER,906-SFER WP,WP442,WP,,Fragrances For Women,9.0,EMOZIONE - S.FERRAGAMO Dupe,https://leparfum.com.gr/en/fragrances-for-women/emozione-sferragamo-dupe,2026-08-20,2026-08-20,ACTIVE,Choose+Bottle+Extra Essence,SHOBI_LIVE_SHOW_ALL
941,905-SFER,905-SFER WP,WP441,WP,,Fragrances For Women,9.0,AMO - S.FERRAGAMO Type.,https://leparfum.com.gr/en/fragrances-for-women/amo-ferragamo-perfume,2026-08-20,2026-08-20,ACTIVE,Choose+Bottle+Extra Essence,SHOBI_LIVE_SHOW_ALL
940,902-SALV,902-SALV WP,WP440,WP,,Fragrances For Women,9.0,DALISSIME - SALVADOR DALI Clone,https://leparfum.com.gr/en/fragrances-for-women/dalissime-salvador-dali-clone,2026-08-20,2026-08-20,ACTIVE,Choose+Bottle+Extra Essence,SHOBI_LIVE_SHOW_ALL
939,904-SALV,904-SALV W,WP439,WP,,Fragrances For Women,9.0,SALVADOR DALI fragrances,https://leparfum.com.gr/en/fragrances-for-women/dali-parfum-salvador-dali-similar-fragrance,2026-08-20,2026-08-20,ACTIVE,Choose+Bottle+Extra Essence,SHOBI_LIVE_SHOW_ALL
938,901-ROG,901-ROG WP,WP438,WP,ROSE - ROGER & GALLET Type,Fragrances For Women,9.0,Inspired by the fragrance notes of ROSE - ROGER & GALLET Type.,https://leparfum.com.gr/en/fragrances-for-women/rose-roger-gallet-type,2026-08-20,2026-08-20,ACTIVE,Choose+Bottle+Extra Essence,SHOBI_LIVE_SHOW_ALL
936,899-ROC,899-ROC W,WP436,WP,MADEMOISSELE - ROCHAS,Fragrances For Women,9.0,"899-ROC W Inspired by the fragrance notes of MADEMOISSELE - ROCHAS. Red fruits, Candied apple, Ivy, Egyptian jasmine, Rose, Violet.",https://leparfum.com.gr/en/fragrances-for-women/899-roc-w,2026-08-20,2026-08-20,ACTIVE,Choose+Bottle+Extra Essence,SHOBI_LIVE_SHOW_ALL
935,898-ROC,898-ROC W,WP435,WP,AQUA WOMAN - ROCHAS,Fragrances For Women,9.0,898-ROC W Inspired by the fragrance notes of AQUA WOMAN - ROCHAS.,https://leparfum.com.gr/en/fragrances-for-women/898-roc-w,2026-08-20,2026-08-20,ACTIVE,Choose+Bottle+Extra Essence,SHOBI_LIVE_SHOW_ALL
934,897-RCAV,897-RCAV WP,WP434,WP,TIGER OUD - ROBERTO CAVALLI,Fragrances For Women,9.0,897-RCAV Inspired by the fragrance notes of TIGER OUD - ROBERTO CAVALLI.,https://leparfum.com.gr/en/fragrances-for-women/897-rcav-wp,2026-08-20,2026-08-20,ACTIVE,Choose+Bottle+Extra Essence,SHOBI_LIVE_SHOW_ALL
933,895-RCAV,895-RCAV WP,WP433,WP,SERPENTINE - CAVALLI,Fragrances For Women,9.0,895-RCAV Inspired by the fragrance notes of SERPENTINE - CAVALLI.,https://leparfum.com.gr/en/fragrances-for-women/895-rcav-wp,2026-08-20,2026-08-20,ACTIVE,Choose+Bottle+Extra Essence,SHOBI_LIVE_SHOW_ALL
932,894-RCAV,894-RCAV WP,WP432,WP,PARADISO - ROBERTO CAVALLI,Fragrances For Women,9.0,894-RCAV Inspired by the fragrance notes of PARADISO - ROBERTO CAVALLI.,https://leparfum.com.gr/en/fragrances-for-women/894-rcav-wp,2026-08-20,2026-08-20,ACTIVE,Choose+Bottle+Extra Essence,SHOBI_LIVE_SHOW_ALL
931,893-RCAV,893-RCAV WP,WP431,WP,NERO ASSOLUTO - CAVALLI,Fragrances For Women,9.0,893-RCAV Inspired by the fragrance notes of NERO ASSOLUTO - CAVALLI.,https://leparfum.com.gr/en/fragrances-for-women/893-rcav-wp,2026-08-20,2026-08-20,ACTIVE,Choose+Bottle+Extra Essence,SHOBI_LIVE_SHOW_ALL
930,892-RCAV,892-RCAV WP,WP430,WP,JUST HER - ROBERTO CAVALLI,Fragrances For Women,9.0,892-RCAV Inspired by the fragrance notes of JUST HER - ROBERTO CAVALLI.,https://leparfum.com.gr/en/fragrances-for-women/892-rcav-wp,2026-08-20,2026-08-20,ACTIVE,Choose+Bottle+Extra Essence,SHOBI_LIVE_SHOW_ALL
929,891-RCAV,891-RCAV WP,WP429,WP,JUST GOLD FOR HER - ROBERTO CAVALLI,Fragrances For Women,9.0,891-RCAV Inspired by the fragrance notes of JUST GOLD FOR HER - ROBERTO CAVALLI.,https://leparfum.com.gr/en/fragrances-for-women/891-rcav-wp,2026-08-20,2026-08-20,ACTIVE,Choose+Bottle+Extra Essence,SHOBI_LIVE_SHOW_ALL
928,890-RCAV,890-RCAV WP,WP428,WP,EXOTICA - CAVALLI,Fragrances For Women,9.0,890-RCAV Inspired by the fragrance notes of EXOTICA - CAVALLI.,https://leparfum.com.gr/en/fragrances-for-women/890-rcav-wp,2026-08-20,2026-08-20,ACTIVE,Choose+Bottle+Extra Essence,SHOBI_LIVE_SHOW_ALL
927,889-RCAV,889-RCAV WP,WP427,WP,ESSENZA - ROBERTO CAVALLI,Fragrances For Women,9.0,889-RCAV Inspired by the fragrance notes of ESSENZA - ROBERTO CAVALLI.,https://leparfum.com.gr/en/fragrances-for-women/889-rcav-wp,2026-08-20,2026-08-20,ACTIVE,Choose+Bottle+Extra Essence,SHOBI_LIVE_SHOW_ALL
926,888-RCAV,888-RCAV WP,WP426,WP,DIVINE OUD (U) - ROBERTO CAVALLI,Fragrances For Women,9.0,888-RCAV Inspired by the fragrance notes of DIVINE OUD (U) - ROBERTO CAVALLI.,https://leparfum.com.gr/en/fragrances-for-women/888-rcav-wp,2026-08-20,2026-08-20,ACTIVE,Choose+Bottle+Extra Essence,SHOBI_LIVE_SHOW_ALL
924,886-RIH,886-RIH WP,WP424,WP,RIRI - RIHANNA,Fragrances For Women,9.0,886-RIH Inspired by the fragrance notes of RIRI - RIHANNA.,https://leparfum.com.gr/en/fragrances-for-women/886-rih-wp,2026-08-20,2026-08-20,ACTIVE,Choose+Bottle+Extra Essence,SHOBI_LIVE_SHOW_ALL
923,885-REP,885-REP WP,WP423,WP,,Fragrances For Women,9.0,REPETTO L'EAU FLORALE Type,https://leparfum.com.gr/en/fragrances-for-women/repetto-eau-florale-fragrance,2026-08-20,2026-08-20,ACTIVE,Choose+Bottle+Extra Essence,SHOBI_LIVE_SHOW_ALL
921,883-PRA,883-PRA WP,WP421,WP,PRADA LA FEMME,Fragrances For Women,9.0,883-PRA WP inspired by the fragrance notes of PRADA LA FEMME.,https://leparfum.com.gr/en/fragrances-for-women/883-pra-wp,2026-08-20,2026-08-20,ACTIVE,Choose+Bottle+Extra Essence,SHOBI_LIVE_SHOW_ALL
920,882-PRA,882-PRA WP,WP420,WP,PRADA AMBER MAN,Fragrances For Women,9.0,"882-PRA WP inspired by the fragrance notes of PRADA AMBER MAN. Fragrance warm spicy, amber, aromatic, citrus, woody, musky, vanilla, sweet, leather, white floral.",https://leparfum.com.gr/en/fragrances-for-women/882-pra-wp,2026-08-20,2026-08-20,ACTIVE,Choose+Bottle+Extra Essence,SHOBI_LIVE_SHOW_ALL
919,881-PRA,881-PRA WP,WP419,WP,L'EAU AMBREE,Fragrances For Women,9.0,881-PRA WP inspired by the fragrance notes of L'EAU AMBREE.,https://leparfum.com.gr/en/fragrances-for-women/881-pra-wp,2026-08-20,2026-08-20,ACTIVE,Choose+Bottle+Extra Essence,SHOBI_LIVE_SHOW_ALL
918,1239-PRA,1239-PRA WP,WP418,WP,INFUSION D'OEILLET - PRADA,Fragrances For Women,9.0,1239-PRA WP inspired by the fragrance notes of INFUSION D'OEILLET - PRADA.,https://leparfum.com.gr/en/fragrances-for-women/1239-pra-wp,2026-08-20,2026-08-20,ACTIVE,Choose+Bottle+Extra Essence,SHOBI_LIVE_SHOW_ALL
917,879-PRA,879-PRA WP,WP417,WP,INFUSION D'IRIS - PRADA,Fragrances For Women,9.0,879-PRA WP inspired by the fragrance notes of INFUSION D'IRIS - PRADA.,https://leparfum.com.gr/en/fragrances-for-women/879-pra-wp,2026-08-20,2026-08-20,ACTIVE,Choose+Bottle+Extra Essence,SHOBI_LIVE_SHOW_ALL
916,878-PRA,878-PRA WP,WP416,WP,INFUSION DE MIMOSA - PRADA,Fragrances For Women,9.0,878-PRA WP inspired by the fragrance notes of INFUSION DE MIMOSA - PRADA.,https://leparfum.com.gr/en/fragrances-for-women/878-pra-wp,2026-08-20,2026-08-20,ACTIVE,Choose+Bottle+Extra Essence,SHOBI_LIVE_SHOW_ALL
915,875-PRA,875-PRA WP,WP415,WP,CANDY KISS - PRADA,Fragrances For Women,9.0,875-PRA WP inspired by the fragrance notes of CANDY KISS - PRADA.,https://leparfum.com.gr/en/fragrances-for-women/875-pra-wp,2026-08-20,2026-08-20,ACTIVE,Choose+Bottle+Extra Essence,SHOBI_LIVE_SHOW_ALL
914,874-PRA,874-PRA WP,WP414,WP,,Fragrances For Women,9.0,874-PRA WP inspired  by the fragrance notes of CANDY GLOSS - PRADA.,https://leparfum.com.gr/en/fragrances-for-women/874-pra-wp,2026-08-20,2026-08-20,ACTIVE,Choose+Bottle+Extra Essence,SHOBI_LIVE_SHOW_ALL
913,873-PRA,873-PRA WP,WP413,WP,CANDY FLORALE - PRADA,Fragrances For Women,9.0,873-PRA WP inspired by the fragrance notes of CANDY FLORALE - PRADA.,https://leparfum.com.gr/en/fragrances-for-women/873-pra-wp,2026-08-20,2026-08-20,ACTIVE,Choose+Bottle+Extra Essence,SHOBI_LIVE_SHOW_ALL
912,872-PRA,872-PRA WP,WP412,WP,Candy,Fragrances For Women,9.0,872-PRA WP inspired by the fragrance notes of Candy.,https://leparfum.com.gr/en/fragrances-for-women/872-pra-wp,2026-08-20,2026-08-20,ACTIVE,Choose+Bottle+Extra Essence,SHOBI_LIVE_SHOW_ALL
911,871-PIER,871-PIER WP,WP411,WP,,Fragrances For Women,9.0,IVOIRE - PIERRE BALMAIN.,https://leparfum.com.gr/en/fragrances-for-women/ivoire-pierre-balmain-type-arvmata,2026-08-20,2026-08-20,ACTIVE,Choose+Bottle+Extra Essence,SHOBI_LIVE_SHOW_ALL
910,870-PIER,870-PIER WP,WP410,WP,,Fragrances For Women,9.0,EXTATIC INTENSE GOLD - PIERRE BALMAIN Type,https://leparfum.com.gr/en/fragrances-for-women/extatic-intense-gold-pierre-balmain-type,2026-08-20,2026-08-20,ACTIVE,Choose+Bottle+Extra Essence,SHOBI_LIVE_SHOW_ALL
909,869-PIER,869-PIER WP,WP409,WP,,Fragrances For Women,9.0,EXTATIC - PIERRE BALMAIN Type,https://leparfum.com.gr/en/fragrances-for-women/extatic-pierre-balmain-type,2026-08-20,2026-08-20,ACTIVE,Choose+Bottle+Extra Essence,SHOBI_LIVE_SHOW_ALL
908,868-PARH,868-PARH WP,WP408,WP,,Fragrances For Women,9.0,HEIRLESS LIMITED EDITION - PARIS HILTON Clone,https://leparfum.com.gr/en/fragrances-for-women/heirless-paris-hilton-clone,2026-08-20,2026-08-20,ACTIVE,Choose+Bottle+Extra Essence,SHOBI_LIVE_SHOW_ALL
907,867-PAL,867-PAL WP,WP407,WP,,Fragrances For Women,9.0,PALOMA PICASSO Perfume Type,https://leparfum.com.gr/en/fragrances-for-women/paloma-picasso-perfume-type,2026-08-20,2026-08-20,ACTIVE,Choose+Bottle+Extra Essence,SHOBI_LIVE_SHOW_ALL
906,866-PAC,866-PAC WP,WP406,WP,ULTRA VIOLET for women,Fragrances For Women,9.0,866-PAC WP inspired by the fragrance notes of ULTRA VIOLET for women.,https://leparfum.com.gr/en/fragrances-for-women/866-pac-wp,2026-08-20,2026-08-20,ACTIVE,Choose+Bottle+Extra Essence,SHOBI_LIVE_SHOW_ALL
905,865-PAC,865-PAC WP,WP405,WP,PURE XS FOR HER,Fragrances For Women,9.0,Inspired by the fragrance notes of PURE XS FOR HER.,https://leparfum.com.gr/en/fragrances-for-women/865-pac-wp,2026-08-20,2026-08-20,ACTIVE,Choose+Bottle+Extra Essence,SHOBI_LIVE_SHOW_ALL
904,864-PAC,864-PAC WP,WP404,WP,OLYMPEA INTENSE,Fragrances For Women,9.0,864-PAC WP inspired by the fragrance notes of OLYMPEA INTENSE.,https://leparfum.com.gr/en/fragrances-for-women/864-pac-wp,2026-08-20,2026-08-20,ACTIVE,Choose+Bottle+Extra Essence,SHOBI_LIVE_SHOW_ALL
903,863-PAC,863-PAC WP,WP403,WP,OLYMPEA,Fragrances For Women,9.0,863-PAC WP inspired by the fragrance notes of OLYMPEA.,https://leparfum.com.gr/en/fragrances-for-women/863-pac-wp,2026-08-20,2026-08-20,ACTIVE,Choose+Bottle+Extra Essence,SHOBI_LIVE_SHOW_ALL
902,862-PAC,862-PAC WP,WP402,WP,LADY MILLION PRIVE,Fragrances For Women,9.0,"862-PAC WP inspired by the fragrance notes of LADY MILLION PRIVE. Fragrance sweet, woody, cacao, warm spicy, honey, vanilla.",https://leparfum.com.gr/en/fragrances-for-women/862-pac-wp,2026-08-20,2026-08-20,ACTIVE,Choose+Bottle+Extra Essence,SHOBI_LIVE_SHOW_ALL
901,860-PAC,860-PAC WP,WP401,WP,LADY MILLION,Fragrances For Women,9.0,860-PAC WP Inspired by the fragrance notes of LADY MILLION.,https://leparfum.com.gr/en/fragrances-for-women/860-pac-wp,2026-08-20,2026-08-20,ACTIVE,Choose+Bottle+Extra Essence,SHOBI_LIVE_SHOW_ALL
900,859-PAC,859-PAC WP,WP400,WP,Black XS L'Aphrodisiaque for Women,Fragrances For Women,9.0,"859-PAC WP Inspired by the fragrance notes of Black XS L'Aphrodisiaque for Women. Perfume white floral, vanilla, citrus, amber, floral, sweet.",https://leparfum.com.gr/en/fragrances-for-women/859-pac-wp,2026-08-20,2026-08-20,ACTIVE,Choose+Bottle+Extra Essence,SHOBI_LIVE_SHOW_ALL
899,858-PAC,858-PAC WP,WP399,WP,BLACK XS FOR HER,Fragrances For Women,9.0,"858-PAC  Inspired by the fragrance notes of BLACK XS FOR HER. A dark, sweet, sexy, and slightly rebellious fragrance. It has a mysterious, modern vibe with a mix of fruity, floral, and warm gourmand notes. The scent opens fresh but spicy, then becomes creamy, chocolate-like and feminine, and finishes warm and sensual.",https://leparfum.com.gr/en/fragrances-for-women/858-pac-wp,2026-08-20,2026-08-20,ACTIVE,Choose+Bottle+Extra Essence,SHOBI_LIVE_SHOW_ALL
898,857-ONE,857-ONE WP,WP398,WP,YOU & I - ONE DIRECTION,Fragrances For Women,9.0,"857-ONE Inspired by the fragrance notes of YOU & I - ONE DIRECTION. A youthful, fruity-floral fragrance with a bright, romantic and vibrant personality — perfect if you like sweet, uplifting scents with a pretty floral heart. It was released by the British pop group One Direction and reflects a playful, lively vibe with a mix of fruits, blossoms and...",https://leparfum.com.gr/en/fragrances-for-women/you-i-one-direction-perfume,2026-08-20,2026-08-20,ACTIVE,Choose+Bottle+Extra Essence,SHOBI_LIVE_SHOW_ALL
897,856-NIN,856-NIN WP,WP397,WP,RICCI RICCI,Fragrances For Women,9.0,"856-NIN Inspired by the fragrance notes of RICCI RICCI. A romantic, feminine and slightly mysterious floral-chypre fragrance. It feels elegant but playful at the same time.",https://leparfum.com.gr/en/fragrances-for-women/856-nin-wp,2026-08-20,2026-08-20,ACTIVE,Choose+Bottle+Extra Essence,SHOBI_LIVE_SHOW_ALL
896,855-NIN,855-NIN WP,WP396,WP,PREMIER JOUR,Fragrances For Women,9.0,"855-NIN Inspired by the fragrance notes of PREMIER JOUR. A soft, elegant, floral-musky perfume that feels romantic, warm, and feminine. It represents a woman’s first day in love — delicate, intimate, and glowing.",https://leparfum.com.gr/en/fragrances-for-women/855-nin-wp,2026-08-20,2026-08-20,ACTIVE,Choose+Bottle+Extra Essence,SHOBI_LIVE_SHOW_ALL
895,853-NIN,853-NIN WP,WP395,WP,NINA,Fragrances For Women,9.0,"853-NIN Inspired by the fragrance notes of NINA. A fresh, sweet, fruity-floral perfume that feels cheerful, youthful, and luminous — like a bright garden of apples and flowers on a warm sunny day.",https://leparfum.com.gr/en/fragrances-for-women/853-nin-wp,2026-08-20,2026-08-20,ACTIVE,Choose+Bottle+Extra Essence,SHOBI_LIVE_SHOW_ALL
894,852-NIN,852-NIN WP,WP394,WP,LUNA,Fragrances For Women,9.0,"852-NIN Inspired by the fragrance notes of LUNA. A sweet, mysterious, gourmand floral fragrance inspired by fantasy and moonlight. It feels dreamy, sensual, and a little magical, with warm caramel and soft florals.",https://leparfum.com.gr/en/fragrances-for-women/852-nin-wp,2026-08-20,2026-08-20,ACTIVE,Choose+Bottle+Extra Essence,SHOBI_LIVE_SHOW_ALL
893,851-NIN,851-NIN WP,WP393,WP,L'EXTASE,Fragrances For Women,9.0,"851-NIN Inspired by the fragrance notes of L'EXTASE. A sensual, warm floral-oriental fragrance created to express feminine desire, elegance, and confidence. It’s smooth, rich, and romantic, with a velvety character that feels luxurious and intimate.",https://leparfum.com.gr/en/fragrances-for-women/851-nin-wp,2026-08-20,2026-08-20,ACTIVE,Choose+Bottle+Extra Essence,SHOBI_LIVE_SHOW_ALL
892,850-NIN,850-NIN WP,WP392,WP,L'AIR DU TEMPS,Fragrances For Women,9.0,"850-NIN Inspired by the fragrance notes of L'AIR DU TEMPS. A classic, romantic floral fragrance that feels soft, elegant, and timeless.",https://leparfum.com.gr/en/fragrances-for-women/850-nin-wp,2026-08-20,2026-08-20,ACTIVE,Choose+Bottle+Extra Essence,SHOBI_LIVE_SHOW_ALL
891,849-NRO,849-NRO WP,WP391,WP,ROSE MUSC - RODRIGUEZ,Fragrances For Women,9.0,"849-NRO Inspired by the fragrance notes of ROSE MUSC - RODRIGUEZ. A musky floral perfume with a rosy heart. It’s soft, elegant, and feminine — focusing on rose but grounded in the brand’s signature musk character.",https://leparfum.com.gr/en/fragrances-for-women/rose-musc-rodriguez-clone,2026-08-20,2026-08-20,ACTIVE,Choose+Bottle+Extra Essence,SHOBI_LIVE_SHOW_ALL
890,847-NRO,847-NRO WP,WP390,WP,POUDREE NARCISO - NARCISO RODRIGUEZ,Fragrances For Women,9.0,"847-NRO Inspired by the fragrance notes of POUDREE NARCISO - NARCISO RODRIGUEZ. A powdery floral‑woody musk fragrance for women that wraps the wearer in a soft, elegant, and sensuous aura. It’s designed to feel cozy and intimate while still sophisticated, with a velvety, nuanced presence.",https://leparfum.com.gr/en/fragrances-for-women/poudree-narciso-narciso-rodriguez-poudre-aroma,2026-08-20,2026-08-20,ACTIVE,Choose+Bottle+Extra Essence,SHOBI_LIVE_SHOW_ALL
889,846-NRO,846-NRO WP,WP389,WP,NARCISO ROUGE - RODRIGUEZ,Fragrances For Women,9.0,"846-NRO Inspired by the fragrance notes of NARCISO ROUGE - RODRIGUEZ. A sensual, deep, and elegant musk‑rich floral‑oriental fragrance. It’s romantic, warm, and glossy — a bolder, more dramatic version in the Narciso line with a rich red‑toned personality.",https://leparfum.com.gr/en/fragrances-for-women/narciso-rouge-rodriguez-clone,2026-08-20,2026-08-20,ACTIVE,Choose+Bottle+Extra Essence,SHOBI_LIVE_SHOW_ALL
888,845-NRO,845-NRO WP,WP388,WP,NARCISO (WHITE) - NARCISO RODRIGUEZ,Fragrances For Women,9.0,"845-NRO Inspired by the fragrance notes of NARCISO (WHITE) - NARCISO RODRIGUEZ. A soft, elegant, clean musk‑woody floral perfume. It’s often called the “white cube” Narciso because of its milky/white bottle and focused, refined scent profile. It wears fresh, intimate, and polished — ideal when you want something clean but still luxurious on the skin.",https://leparfum.com.gr/en/fragrances-for-women/narciso-white-narciso-rodriguez-poudra,2026-08-20,2026-08-20,ACTIVE,Choose+Bottle+Extra Essence,SHOBI_LIVE_SHOW_ALL
887,843-NRO,843-NRO WP,WP387,WP,FOR HER PINK EAU DE TOILETTE - RODRIGUEZ,Fragrances For Women,9.0,"843-NRO Inspired by the fragrance notes of FOR HER PINK EAU DE TOILETTE - RODRIGUEZ. A musky floral‑woody fragrance celebrated for its “clean‑skin,” feminine elegance and intimate aura. It was originally launched in 2003 and has become an iconic scent known for its musky signature and soft glow on skin.",https://leparfum.com.gr/en/fragrances-for-women/for-her-eau-de-toilet-rodriguez-type,2026-08-20,2026-08-20,ACTIVE,Choose+Bottle+Extra Essence,SHOBI_LIVE_SHOW_ALL
886,844-NRO,844-NRO WP,WP386,WP,L'ABSOLU FOR HER  - NARCISO RODRIGUEZ,Fragrances For Women,9.0,"844-NRO Inspired by the fragrance notes of L'ABSOLU FOR HER  - NARCISO RODRIGUEZ. A deep, sensual, musky floral fragrance. Compared with the classic For Her, L’Absolu is richer, darker, and more seductive.",https://leparfum.com.gr/en/fragrances-for-women/l-absolu-for-her-narciso-rodriguez-type,2026-08-20,2026-08-20,ACTIVE,Choose+Bottle+Extra Essence,SHOBI_LIVE_SHOW_ALL
885,841-NRO,841-NRO WP,WP385,WP,FLEUR MUSK FOR HER - RODRIGUEZ,Fragrances For Women,9.0,"841-NRO Inspired by the fragrance notes of FLEUR MUSK FOR HER - RODRIGUEZ. A modern, feminine, musky floral fragrance. It’s elegant but also sensual and confident. Compared with the classic For Her, it feels brighter, fresher, and more floral.",https://leparfum.com.gr/en/fragrances-for-women/fleur-musk-for-her-rodriguez-type,2026-08-20,2026-08-20,ACTIVE,Choose+Bottle+Extra Essence,SHOBI_LIVE_SHOW_ALL
884,842-NRO,842-NRO WP,WP384,WP,FOR HER BLACK EDP - NARCISO RODRIGUEZ,Fragrances For Women,9.0,"842-NRO Inspired by the fragrance notes of FOR HER BLACK EDP - NARCISO RODRIGUEZ. A sensual, elegant, and very feminine perfume. It’s famous for its signature musk that feels clean but also deep and seductive.",https://leparfum.com.gr/en/fragrances-for-women/for-her-black-edp-narciso-rodriguez-type,2026-08-20,2026-08-20,ACTIVE,Choose+Bottle+Extra Essence,SHOBI_LIVE_SHOW_ALL
883,840-NAO,840-NAO WP,WP383,WP,NAOMI - CAMPBELL,Fragrances For Women,9.0,"840-NAO Inspired by the fragrance notes of NAOMI - CAMPBELL. A warm, sweet, and slightly spicy floral fragrance. It’s quite feminine, sensual, and cozy rather than fresh or sporty.",https://leparfum.com.gr/en/fragrances-for-women/naomi-campbell-perfume-clone,2026-08-20,2026-08-20,ACTIVE,Choose+Bottle+Extra Essence,SHOBI_LIVE_SHOW_ALL
881,838-MOS,838-MOS WP,WP381,WP,STARS - MOSCHINO,Fragrances For Women,9.0,"838-MOS Inspired by the fragrance notes of STARS - MOSCHINO. A fresh floral‑woody perfume that blends bright citrus and delicate flowers with a soft woody base. It’s elegant but lighter and not overly complex — more of a fresh, everyday floral than a heavy, statement scent.",https://leparfum.com.gr/en/fragrances-for-women/stars-moschino-type,2026-08-20,2026-08-20,ACTIVE,Choose+Bottle+Extra Essence,SHOBI_LIVE_SHOW_ALL
880,837-MOS,837-MOS WP,WP380,WP,PINK BOUQUET - MOSCHINO,Fragrances For Women,9.0,"837-MOS Inspired by the fragrance notes of PINK BOUQUET - MOSCHINO. A sweet, fruity-floral fragrance that feels very feminine, romantic and youthful. It’s playful and bright but also soft and pretty — like a bouquet of pink flowers and juicy fruits.",https://leparfum.com.gr/en/fragrances-for-women/pink-bouquet-moschino-perfume-sweet,2026-08-20,2026-08-20,ACTIVE,Choose+Bottle+Extra Essence,SHOBI_LIVE_SHOW_ALL
879,836-MOS,836-MOS WP,WP379,WP,L'EAU CHEAP & CHIC - MOSCHINO,Fragrances For Women,9.0,"836-MOS Inspired by the fragrance notes of L'EAU CHEAP & CHIC - MOSCHINO. A fresh, clean, fruity-floral fragrance — a lighter, more casual take on the classic Cheap & Chic line. It’s breezy, cheerful, and ideal for everyday wear, especially when you want something that feels airy and bright.",https://leparfum.com.gr/en/fragrances-for-women/eau-cheap-chic-moschino-dupe,2026-08-20,2026-08-20,ACTIVE,Choose+Bottle+Extra Essence,SHOBI_LIVE_SHOW_ALL
878,835-MOS,835-MOS WP,WP378,WP,FUNNY MOSCHINO,Fragrances For Women,9.0,"835-MOS Inspired by the fragrance notes of FUNNY MOSCHINO. A fresh, sparkling, citrus-floral perfume. It feels youthful, playful, and energetic—perfect for everyday wear, especially spring and summer.",https://leparfum.com.gr/en/fragrances-for-women/funny-moschino-clone,2026-08-20,2026-08-20,ACTIVE,Choose+Bottle+Extra Essence,SHOBI_LIVE_SHOW_ALL
877,833-MOS,833-MOS WP,WP377,WP,CHEAP & CHIC LIGHT CLOUDS - MOSCHINO,Fragrances For Women,9.0,"833-MOS Inspired by the fragrance notes of CHEAP & CHIC LIGHT CLOUDS - MOSCHINO. A soft, airy, slightly sweet floral-fruity perfume. It feels dreamy, romantic and very feminine — like the name suggests, it has a “light, floating” and comforting vibe.",https://leparfum.com.gr/en/fragrances-for-women/cheap-chic-light-clouds-moschino-type,2026-08-20,2026-08-20,ACTIVE,Choose+Bottle+Extra Essence,SHOBI_LIVE_SHOW_ALL
876,832-MOS,832-MOS WP,WP376,WP,CHEAP & CHIC I LOVE LOVE - MOSCHINO,Fragrances For Women,9.0,"832-MOS Inspired by the fragrance notes of CHEAP & CHIC I LOVE LOVE - MOSCHINO. A fresh citrus-fruity floral perfume. It’s bright, energetic, happy and very youthful. Many people compare it to a Mediterranean summer vibe — like sunshine, holidays and positive energy.",https://leparfum.com.gr/en/fragrances-for-women/cheap-chic-love-moschino-clone,2026-08-20,2026-08-20,ACTIVE,Choose+Bottle+Extra Essence,SHOBI_LIVE_SHOW_ALL
875,831-MOS,831-MOS WP,WP375,WP,CHEAP & CHIC - MOSCHINO,Fragrances For Women,9.0,"831-MOS Inspired by the fragrance notes of CHEAP & CHIC - MOSCHINO. A classic floral-fruity fragrance that feels feminine, playful and slightly vintage but still cheerful. It’s elegant but also youthful and bright, inspired by the cartoon character Olive Oyl (the bottle design).",https://leparfum.com.gr/en/fragrances-for-women/cheap-chic-moschino-type,2026-08-20,2026-08-20,ACTIVE,Choose+Bottle+Extra Essence,SHOBI_LIVE_SHOW_ALL
874,830-MNTB,830-MNTB WP,WP374,WP,LEGEND POUR FEMME - MONT BLANC,Fragrances For Women,9.0,"830-MNTB Inspired by the fragrance notes of LEGEND POUR FEMME - MONT BLANC. A soft, elegant, feminine floral-fruity perfume. It smells classy, smooth, and romantic without being too heavy or sweet.",https://leparfum.com.gr/en/fragrances-for-women/legend-pour-femme-mont-blanc-clone,2026-08-20,2026-08-20,ACTIVE,Choose+Bottle+Extra Essence,SHOBI_LIVE_SHOW_ALL
873,829-MNTB,829-MNTB WP,WP373,WP,FEMME - MONT BLANC,Fragrances For Women,9.0,"829-MNTB Inspired by the fragrance notes of FEMME - MONT BLANC. A warm, fruity-floral oriental fragrance. It’s elegant, soft and cozy, with a unique mix of fruity sweetness and powdery warmth. Is loved for its feminine and slightly comforting vibe.",https://leparfum.com.gr/en/fragrances-for-women/femme-mont-blanc-dupe,2026-08-20,2026-08-20,ACTIVE,Choose+Bottle+Extra Essence,SHOBI_LIVE_SHOW_ALL
872,828-MIY,828-MIY WP,WP372,WP,L’Eau Bleue Miu Miu,Fragrances For Women,9.0,"828-MIY Inspired by the fragrance notes of L’Eau Bleue Miu Miu. A fresh, green floral fragrance that feels soft, modern and a little powdery. It’s lighter and more airy than the original Miu Miu perfume, with a clean, slightly cool elegance.",https://leparfum.com.gr/en/fragrances-for-women/828-miy-wp,2026-08-20,2026-08-20,ACTIVE,Choose+Bottle+Extra Essence,SHOBI_LIVE_SHOW_ALL
871,827-MISN,827-MISN WP,WP371,WP,MISSONI - MISSONI,Fragrances For Women,9.0,"827-MISN Inspired by the fragrance notes of MISSONI - MISSONI. A modern fruity-floral with soft woody warmth. It’s bright, feminine and elegant, but also cheerful and youthful.",https://leparfum.com.gr/en/fragrances-for-women/missoni-fragrance-type,2026-08-20,2026-08-20,ACTIVE,Choose+Bottle+Extra Essence,SHOBI_LIVE_SHOW_ALL
870,825-MIC,825-MIC W,WP370,WP,WONDERLUST - MICHAEL KORS,Fragrances For Women,9.0,"825-MIC W Inspired by the fragrance notes of WONDERLUST - MICHAEL KORS. A warm, floral‑woody fragrance with a creamy and slightly spicy feel — designed to evoke a sense of adventure, luxury, and escape. It’s not a sharp fresh scent but rather a soft, warm, slightly exotic and elegant perfume.",https://leparfum.com.gr/en/fragrances-for-women/825-mic-w,2026-08-20,2026-08-20,ACTIVE,Choose+Bottle+Extra Essence,SHOBI_LIVE_SHOW_ALL
869,824-MIC,824-MIC W,WP369,WP,WHITE LUMINOUS GOLD - MICHAEL KORS,Fragrances For Women,9.0,"824-MIC W Inspired by the fragrance notes of WHITE LUMINOUS GOLD - MICHAEL KORS. A warm, elegant, amber‑floral fragrance with a refined balance of fresh fruit, white florals and sensual amber. It comes from the Gold Collection and was launched in 2015 as a more sophisticated, radiant scent in the line.",https://leparfum.com.gr/en/fragrances-for-women/824-mic-w,2026-08-20,2026-08-20,ACTIVE,Choose+Bottle+Extra Essence,SHOBI_LIVE_SHOW_ALL
868,823-MIC,823-MIC W,WP368,WP,SPORTY CITRUS - MICHAEL KORS,Fragrances For Women,9.0,"823-MIC W Inspired by the fragrance notes of SPORTY CITRUS - MICHAEL KORS. A citrus‑aromatic fresh perfume with vibrant citrus and light floral elements and a musky, clean finish. It was created by perfumer Honorine Blanc.",https://leparfum.com.gr/en/fragrances-for-women/823-mic-w,2026-08-20,2026-08-20,ACTIVE,Choose+Bottle+Extra Essence,SHOBI_LIVE_SHOW_ALL
867,822-MIC,822-MIC W,WP367,WP,SEXY RUBY - KORS,Fragrances For Women,9.0,"822-MIC W Inspired by the fragrance notes of SEXY RUBY - KORS. A fruity‑floral‑woody perfume that blends juicy berries with warm, elegant woods for a sensual, confident vibe. It’s often described as bright, feminine and bold, with a rich fruity heart and a smooth warm base.",https://leparfum.com.gr/en/fragrances-for-women/822-mic-w,2026-08-20,2026-08-20,ACTIVE,Choose+Bottle+Extra Essence,SHOBI_LIVE_SHOW_ALL
866,821-MIC,821-MIC W,WP366,WP,SEXY SUNSET - KORS,Fragrances For Women,9.0,"821-MIC W Inspired by the fragrance notes of SEXY SUNSET - KORS. A floral‑fruity, fresh but warm fragrance from Michael Kors (released in 2015). It’s designed to evoke a warm, glowing sunset vibe — think bright fruits, soft blossoms, and a gentle finish that feels sunny and glowing.",https://leparfum.com.gr/en/fragrances-for-women/821-mic-w,2026-08-20,2026-08-20,ACTIVE,Choose+Bottle+Extra Essence,SHOBI_LIVE_SHOW_ALL
865,820-MIC,820-MIC W,WP365,WP,SEXY RIO DE JANEIRO KORS,Fragrances For Women,9.0,"820-MIC W Inspired by the fragrance notes of SEXY RIO DE JANEIRO KORS. A floral‑fruity, tropical style fragrance that was released in 2014. It aims to capture a sunny, exotic beach vibe with a mix of juicy fruit and white floral notes — perfect for warm weather and casual daytime wear.",https://leparfum.com.gr/en/fragrances-for-women/820-mic-w,2026-08-20,2026-08-20,ACTIVE,Choose+Bottle+Extra Essence,SHOBI_LIVE_SHOW_ALL
864,819-MIC,819-MIC W,WP364,WP,SEXY AMBER - KORS,Fragrances For Women,9.0,"819-MIC W Inspired by the fragrance notes of SEXY AMBER - KORS. A warm, sensual, amber‑oriental fragrance — richer and more evening‑ready than many of the brighter floral or fruity scents in the brand. It’s cozy, slightly sweet, and has a smooth amber warmth that makes it feel sexy and sophisticated without being too heavy.",https://leparfum.com.gr/en/fragrances-for-women/819-mic-w,2026-08-20,2026-08-20,ACTIVE,Choose+Bottle+Extra Essence,SHOBI_LIVE_SHOW_ALL
863,818-MIC,818-MIC W,WP363,WP,CORAL - KORS,Fragrances For Women,9.0,"818-MIC W Inspired by the fragrance notes of CORAL - KORS. A fruity‑floral, bright, sunny scent that feels fresh, juicy and perfect for warm weather. It’s not deep or heavy — more like a cheerful, easy‑to‑wear everyday perfume with a playful edge.",https://leparfum.com.gr/en/fragrances-for-women/818-mic-w,2026-08-20,2026-08-20,ACTIVE,Choose+Bottle+Extra Essence,SHOBI_LIVE_SHOW_ALL
862,817-MIC,817-MIC W,WP362,WP,24K BRILLIANT GOLD - KORS,Fragrances For Women,9.0,"817-MIC W Inspired by the fragrance notes of 24K BRILLIANT GOLD - KORS. A floral‑woody‑fruity fragrance that leans toward a classic white floral bouquet with citrus brightness, perfect for spring and summer daytime wear.",https://leparfum.com.gr/en/fragrances-for-women/817-mic-w,2026-08-20,2026-08-20,ACTIVE,Choose+Bottle+Extra Essence,SHOBI_LIVE_SHOW_ALL
861,816-MAX,816-MAX,WP361,WP,MAX MARA,Fragrances For Women,9.0,"816-MAX Inspired by the fragrance notes of MAX MARA. A soft, elegant floral‑woody musk fragrance that feels both feminine and warm, with a balance of fresh citrus and creamy floral tones.",https://leparfum.com.gr/en/fragrances-for-women/816-max,2026-08-20,2026-08-20,ACTIVE,Choose+Bottle+Extra Essence,SHOBI_LIVE_SHOW_ALL
860,815-MAR,815-MAR WP,WP360,WP,HONEY - MARC JACOBS,Fragrances For Women,9.0,"815-MAR Inspired by the fragrance notes of HONEY - MARC JACOBS. A fruity‑floral, sweet and cheerful perfume that feels bright and uplifting. It’s lighter and more playful than deeper gourmand scents, with a sunny personality that’s reminiscent of spring and summer.",https://leparfum.com.gr/en/fragrances-for-women/815-mar-wp,2026-08-20,2026-08-20,ACTIVE,Choose+Bottle+Extra Essence,SHOBI_LIVE_SHOW_ALL
859,814-MAR,814-MAR WP,WP359,WP,DOT - MARC JACOBS,Fragrances For Women,9.0,"Inspired by the fragrance notes of DOT - MARC JACOBS. A fruity‑floral, playful and cheerful perfume with a tropical twist. It’s lighter and more joyful than deep, heavy scents — perfect if you like something fresh, sweet and vibrant with a hint of sunshine.",https://leparfum.com.gr/en/fragrances-for-women/814-mar-wp,2026-08-20,2026-08-20,ACTIVE,Choose+Bottle+Extra Essence,SHOBI_LIVE_SHOW_ALL
858,813-MAR,813-MAR WP,WP358,WP,DECADENCE - MARC JACOBS,Fragrances For Women,9.0,"Inspired by the fragrance notes of DECADENCE - MARC JACOBS. One of Marc Jacobs’ most iconic oriental‑woody gourmand fragrances. A rich, luxurious, and a bit bold — far deeper and more sensual than the fresh floral Daisy series. Think velvety, glamorous, sexy, and sophisticated.",https://leparfum.com.gr/en/fragrances-for-women/813-mar-wp,2026-08-20,2026-08-20,ACTIVE,Choose+Bottle+Extra Essence,SHOBI_LIVE_SHOW_ALL
856,812-MAR,812-MAR WP,WP356,WP,DAISY DREAM - MARC JACOBS,Fragrances For Women,9.0,"Inspired by the fragrance notes of DAISY DREAM - MARC JACOBS. A soft, airy, fruity-floral perfume. It feels lighter, more delicate, and more “dreamy” than the original Daisy. Many people describe it as romantic, gentle, and slightly sweet but very fresh.",https://leparfum.com.gr/en/fragrances-for-women/812-mar-wp,2026-08-20,2026-08-20,ACTIVE,Choose+Bottle+Extra Essence,SHOBI_LIVE_SHOW_ALL
855,811-MAR,811-MAR WP,WP355,WP,DAISY - MARC JACOBS,Fragrances For Women,9.0,"Inspired by the fragrance notes of DAISY - MARC JACOBS. This is one of the most famous fresh floral perfumes. It’s very feminine, soft, and youthful, with a clean, pretty vibe. Many people describe it as “smelling like fresh flowers on sunny skin.”",https://leparfum.com.gr/en/fragrances-for-women/811-mar-wp,2026-08-20,2026-08-20,ACTIVE,Choose+Bottle+Extra Essence,SHOBI_LIVE_SHOW_ALL
852,807-LOL,807-LOL WP,WP352,WP,LOLITA - LOLITA LEMPICKA,Fragrances For Women,9.0,"Inspired by the fragrance notes of LOLITA - LOLITA LEMPICKA. A sweet, feminine, slightly spicy & gourmand floral fragrance with a fairy-tale feel — whimsical, romantic and a bit mysterious. It’s known for being very distinctive and instantly recognizable once you’ve smelled it.",https://leparfum.com.gr/en/fragrances-for-women/lolita-lolita-lempicka-perfume-type,2026-08-20,2026-08-20,ACTIVE,Choose+Bottle+Extra Essence,SHOBI_LIVE_SHOW_ALL
851,806-LOL,806-LOL WP,WP351,WP,L'EAU JOLIE - LOLITA LEMPICKA,Fragrances For Women,9.0,"Inspired by the fragrance notes of L'EAU JOLIE - LOLITA LEMPICKA. A fresh, fruity-floral, soft and youthful perfume. It’s very different from the darker, sweet, licorice Lolita Lempicka perfumes. This one is light, clean, and easy, made mainly for spring and summer.",https://leparfum.com.gr/en/fragrances-for-women/eau-jolie-lolita-lempicka-type,2026-08-20,2026-08-20,ACTIVE,Choose+Bottle+Extra Essence,SHOBI_LIVE_SHOW_ALL
850,805-LOL,805-LOL WP,WP350,WP,L DE LOLITA LEMPICKA,Fragrances For Women,9.0,"Inspired by the fragrance notes of L DE LOLITA LEMPICKA. A warm, sweet, salty-vanilla perfume. It’s very unique and sensual, famous for its sea, vanilla and cinnamon combination. Many people say it smells like a sweet dessert on the beach at sunset.",https://leparfum.com.gr/en/fragrances-for-women/l-lolita-lempicka-type,2026-08-20,2026-08-20,ACTIVE,Choose+Bottle+Extra Essence,SHOBI_LIVE_SHOW_ALL
849,804-LOE,804-LOE WP,WP349,WP,,Fragrances For Women,9.0,A MI AIRE LOEWE Perfume type,https://leparfum.com.gr/en/fragrances-for-women/804-loe-wp,2026-08-20,2026-08-20,ACTIVE,Choose+Bottle+Extra Essence,SHOBI_LIVE_SHOW_ALL
848,801-LANV,801-LANV WP,WP348,WP,MARRY ME,Fragrances For Women,9.0,"801-LANV WP Inspired by the fragrance notes of MARRY ME. A fresh, romantic, floral-fruity perfume. It’s softer, brighter, and more “classic romantic”. Many people describe it as light, feminine, and easy to wear.",https://leparfum.com.gr/en/fragrances-for-women/801-lanv-wp,2026-08-20,2026-08-20,ACTIVE,Choose+Bottle+Extra Essence,SHOBI_LIVE_SHOW_ALL
847,800-LANV,800-LANV WP,WP347,WP,LANVIN ME,Fragrances For Women,9.0,"800-LANV WP Inspired by the fragrance notes of LANVIN ME. A fruity-floral, sweet and slightly unusual perfume. It’s not a typical “fresh fruity” scent because it has a special twist: licorice, which gives it a unique, elegant vibe.",https://leparfum.com.gr/en/fragrances-for-women/800-lanv-wp,2026-08-20,2026-08-20,ACTIVE,Choose+Bottle+Extra Essence,SHOBI_LIVE_SHOW_ALL
846,799-LANV,799-LANV WP,WP346,WP,ECLAT D'ARPEGE,Fragrances For Women,9.0,"799-LANV WP Inspired by the fragrance notes of ECLAT D'ARPEGE. A fresh, floral-fruity, green daytime perfume — think spring blossoms with a light citrusy lift and clean, soft undertones. It’s elegant, airy, and gentle rather than heavy or intense.",https://leparfum.com.gr/en/fragrances-for-women/799-lanv-wp,2026-08-20,2026-08-20,ACTIVE,Choose+Bottle+Extra Essence,SHOBI_LIVE_SHOW_ALL
845,798-LAN,798-LAN W,WP345,WP,TRESOR MIDNIGHT ROSE,Fragrances For Women,9.0,"798-LAN W Inspired by the fragrance notes of TRESOR MIDNIGHT ROSE. A vibrant, romantic and feminine fruit-floral fragrance with a sweet berry heart and a warm, silky finish.",https://leparfum.com.gr/en/fragrances-for-women/798-lan-w,2026-08-20,2026-08-20,ACTIVE,Choose+Bottle+Extra Essence,SHOBI_LIVE_SHOW_ALL
844,797-LAN,797-LAN W,WP344,WP,TRESOR,Fragrances For Women,9.0,"797-LAN W Inspired by the fragrance notes of TRESOR. A classic, romantic floral-oriental perfume with soft warm depth.",https://leparfum.com.gr/en/fragrances-for-women/797-lan-w,2026-08-20,2026-08-20,ACTIVE,Choose+Bottle+Extra Essence,SHOBI_LIVE_SHOW_ALL
843,796-LAN,796-LAN W,WP343,WP,POEME,Fragrances For Women,9.0,"796-LAN W Inspired by the fragrance notes of POEME. A sensual, artistic floral perfume that feels romantic, poetic, and expressive.",https://leparfum.com.gr/en/fragrances-for-women/796-lan-w,2026-08-20,2026-08-20,ACTIVE,Choose+Bottle+Extra Essence,SHOBI_LIVE_SHOW_ALL
842,794-LAN,794-LAN W,WP342,WP,LA NUIT TRESOR A LA FOLIE,Fragrances For Women,9.0,"794-LAN W Inspired by the fragrance notes of LA NUIT TRESOR A LA FOLIE. A sensual, sweet, and fruity‑floral gourmand perfume that feels romantic, bold and a little mischievous.",https://leparfum.com.gr/en/fragrances-for-women/794-lan-w,2026-08-20,2026-08-20,ACTIVE,Choose+Bottle+Extra Essence,SHOBI_LIVE_SHOW_ALL
841,793-LAN,793-LAN W,WP341,WP,LA NUIT TRESOR,Fragrances For Women,9.0,"793-LAN W Inspired by the fragrance notes of LA NUIT TRESOR. A sensual, emotive and modern floral‑oriental gourmand fragrance.",https://leparfum.com.gr/en/fragrances-for-women/793-lan-w,2026-08-20,2026-08-20,ACTIVE,Choose+Bottle+Extra Essence,SHOBI_LIVE_SHOW_ALL
840,791-LAN,791-LAN W,WP340,WP,O DE L'ORANGERIE,Fragrances For Women,9.0,"791-LAN W Inspired by the fragrance notes of O DE L'ORANGERIE. A fresh, floral‑citrus fragrance that captures the scent of a sunny orchard in bloom — bright, uplifting, and elegant. It’s designed to feel natural and refreshing, like a gentle stroll through flowering orange trees in spring or summer.",https://leparfum.com.gr/en/fragrances-for-women/791-lan-w,2026-08-20,2026-08-20,ACTIVE,Choose+Bottle+Extra Essence,SHOBI_LIVE_SHOW_ALL
839,790-LAN,790-LAN W,WP339,WP,MIRACLE,Fragrances For Women,9.0,"790-LAN W Inspired by the fragrance notes of MIRACLE. A fresh, floral‑spicy fragrance with a luminous, joyful energy. It feels bright and feminine — not heavy or sweet — and is known for being fresh, radiant, and elegant.",https://leparfum.com.gr/en/fragrances-for-women/790-lan-w,2026-08-20,2026-08-20,ACTIVE,Choose+Bottle+Extra Essence,SHOBI_LIVE_SHOW_ALL
838,788-LAN,788-LAN W,WP338,WP,MAGNIFIQUE,Fragrances For Women,9.0,"788-LAN W Inspired by the fragrance notes of MAGNIFIQUE. A warm floral oriental fragrance with a romantic and sensual character. It’s elegant, feminine, and a bit creamy — richer than fresh florals but not as heavy as deep orientals. The scent blends soft petals, warm amber, and gentle sweetness into a luxurious bouquet.",https://leparfum.com.gr/en/fragrances-for-women/788-lan-w,2026-08-20,2026-08-20,ACTIVE,Choose+Bottle+Extra Essence,SHOBI_LIVE_SHOW_ALL
837,787-LAN,787-LAN W,WP337,WP,MAGIE NOIRE,Fragrances For Women,9.0,"787-LAN W Inspired by the fragrance notes of MAGIE NOIRE. A classic, rich, mysterious floral‑oriental perfume with a dramatic and elegant personality. It’s known for its deep, sensual, and slightly intoxicating character — elegant yet bold, and beautifully layered. Originally launched in 1978, it became one of Lancôme’s most iconic fragrances, cherished...",https://leparfum.com.gr/en/fragrances-for-women/787-lan-w,2026-08-20,2026-08-20,ACTIVE,Choose+Bottle+Extra Essence,SHOBI_LIVE_SHOW_ALL
836,784-LAN,784-LAN W,WP336,WP,LA VIE EST BELLE L'ECLAT,Fragrances For Women,9.0,"784-LAN W Inspired by the fragrance notes of LA VIE EST BELLE L'ECLAT. A bright, joyful, and radiant floral‑fruity perfume that captures the idea of light, happiness, and effortless elegance. It’s a softer, fresher take on the La Vie Est Belle family — luminous, feminine, and easy to wear.",https://leparfum.com.gr/en/fragrances-for-women/784-lan-w,2026-08-20,2026-08-20,ACTIVE,Choose+Bottle+Extra Essence,SHOBI_LIVE_SHOW_ALL
835,783-LAN,783-LAN W,WP335,WP,LA VIE EST BELLE L'EAU DE TOILETTE FLORALE,Fragrances For Women,9.0,"783-LAN W Inspired by the fragrance notes of LA VIE EST BELLE L'EAU DE TOILETTE FLORALE . A bright, floral‑fruity version of the classic La Vie Est Belle family. It feels lighter, airier, and more luminous than the original, with a softer floral heart and a gentle sweetness that’s very wearable and uplifting.",https://leparfum.com.gr/en/fragrances-for-women/783-lan-w,2026-08-20,2026-08-20,ACTIVE,Choose+Bottle+Extra Essence,SHOBI_LIVE_SHOW_ALL
834,782-LAN,782-LAN W,WP334,WP,LA VIE EST BELLE,Fragrances For Women,9.0,"782-LAN W Inspired by the fragrance notes of LA VIE EST BELLE. A sweet, floral‑gourmand fragrance.",https://leparfum.com.gr/en/fragrances-for-women/782-lan-w,2026-08-20,2026-08-20,ACTIVE,Choose+Bottle+Extra Essence,SHOBI_LIVE_SHOW_ALL
833,779-LAN,779-LAN W,WP333,WP,HYPNOSE,Fragrances For Women,9.0,"779-LAN W Inspired by the fragrance of HYPNOSE.A sensual, warm, floral‑oriental perfume with a focus on amber, vanilla, and creamy florals. It feels deep, cozy, and quite alluring — like a warm embrace that gently draws you in. It’s elegant, feminine, and slightly mysterious.",https://leparfum.com.gr/en/fragrances-for-women/779-lan-w,2026-08-20,2026-08-20,ACTIVE,Choose+Bottle+Extra Essence,SHOBI_LIVE_SHOW_ALL
832,778-LAN,778-LAN W,WP332,WP,CLIMAT,Fragrances For Women,9.0,"778-LAN W Inspired by the fragrance notes of CLIMAT. A timeless classic floral perfume — elegant, delicate, fresh, and quietly sophisticated. It was originally launched in 1967 and became one of Lancôme’s most iconic fragrances for women. Unlike modern gourmand or sweet scents, Climat is clean, airy, and beautifully floral, with a green elegance that...",https://leparfum.com.gr/en/fragrances-for-women/778-lan-w,2026-08-20,2026-08-20,ACTIVE,Choose+Bottle+Extra Essence,SHOBI_LIVE_SHOW_ALL
831,777-LAL,777-LAL WP,WP331,WP,SCULPTEUR D' EPICES - LALIQUE,Fragrances For Women,9.0,"Inspired by the fragrance notes of SCULPTEUR D' EPICES - LALIQUE. A warm, spicy, slightly woody and subtly floral fragrance that bridges fresh spice with rich warmth — it’s elegant and a bit sophisticated rather than sugary sweet.",https://leparfum.com.gr/en/fragrances-for-women/sculpteur-epices-lalique-woman,2026-08-20,2026-08-20,ACTIVE,Choose+Bottle+Extra Essence,SHOBI_LIVE_SHOW_ALL
830,776-LAL,776-LAL WP,WP330,WP,SATINE - LALIQUE,Fragrances For Women,9.0,"Inspired by the fragrance notes of SATINE - LALIQUE. A floral-oriental woody fragrance for women that most people describe as soft, warm, powdery, and subtly sweet — elegant and gently sensual rather than loud or overpowering.",https://leparfum.com.gr/en/fragrances-for-women/satine-lalique-dupe-perfume,2026-08-20,2026-08-20,ACTIVE,Choose+Bottle+Extra Essence,SHOBI_LIVE_SHOW_ALL
829,774-LAL,774-LAL WP,WP329,WP,LIVING LALIQUE - LALIQUE,Fragrances For Women,9.0,"Inspired by the fragrance notes of LIVING LALIQUE - LALIQUE. A fresh-woody, slightly spicy and softly creamy scent with both masculine and feminine elements — more elegant and understated than super sweet or floral.",https://leparfum.com.gr/en/fragrances-for-women/living-lalique-type,2026-08-20,2026-08-20,ACTIVE,Choose+Bottle+Extra Essence,SHOBI_LIVE_SHOW_ALL
828,773-LAL,773-LAL WP,WP328,WP,AMETHYST - LALIQUE,Fragrances For Women,9.0,"Inspired by the fragrance notes of AMETHYST - LALIQUE. A luxurious fruity-floral fragrance that feels elegant, sophisticated, and subtly sensual — much like a polished purple gemstone.",https://leparfum.com.gr/en/fragrances-for-women/amethyst-lalique-parfum,2026-08-20,2026-08-20,ACTIVE,Choose+Bottle+Extra Essence,SHOBI_LIVE_SHOW_ALL
827,772-LAD,772-LAD WP,WP327,WP,,Fragrances For Women,9.0,FAME - LADY GAGA Similar,https://leparfum.com.gr/en/fragrances-for-women/fame-lady-gaga-similar-parfum,2026-08-20,2026-08-20,ACTIVE,Choose+Bottle+Extra Essence,SHOBI_LIVE_SHOW_ALL
826,771-LAP,771-LAP WP,WP326,WP,,Fragrances For Women,9.0,SILVER RAIN - LA PRAIRIE.,https://leparfum.com.gr/en/fragrances-for-women/silver-rain-la-prairie-type,2026-08-20,2026-08-20,ACTIVE,Choose+Bottle+Extra Essence,SHOBI_LIVE_SHOW_ALL
825,770-LAP,770-LAP WP,WP325,WP,,Fragrances For Women,9.0,MIDNIGHT RAIN - LA PRAIRIE Type,https://leparfum.com.gr/en/fragrances-for-women/midnight-rain-la-prairie-type,2026-08-20,2026-08-20,ACTIVE,Choose+Bottle+Extra Essence,SHOBI_LIVE_SHOW_ALL
824,1195-LART,1195-LART WP,WP324,WP,PREMIER FIGUIER,Fragrances For Women,9.0,1195-LART WP INSPIRED BY THE FRAGRANCE NOTES OF PREMIER FIGUIER. Green woody sweet fruity fresh milky perfume.,https://leparfum.com.gr/en/fragrances-for-women/1195-lart-wp,2026-08-20,2026-08-20,ACTIVE,Choose+Bottle+Extra Essence,SHOBI_LIVE_SHOW_ALL
823,768-KIL,768-KIL WP,WP323,WP,WOMAN IN GOLD - KILIAN,Fragrances For Women,9.0,768-KIL WP Inspired by the fragrance notes of WOMAN IN GOLD - KILIAN.,https://leparfum.com.gr/en/fragrances-for-women/768-kil-wp,2026-08-20,2026-08-20,ACTIVE,Choose+Bottle+Extra Essence,SHOBI_LIVE_SHOW_ALL
822,766-KIL,766-KIL WP,WP322,WP,MOONLIGHT IN HEAVEN - KILIAN,Fragrances For Women,9.0,"766-KIL WP Inspired by the fragrance notes of MOONLIGHT IN HEAVEN - KILIAN. Seet, tropical, citrus, aromatic, coconut.",https://leparfum.com.gr/en/fragrances-for-women/766-kil-wp,2026-08-20,2026-08-20,ACTIVE,Choose+Bottle+Extra Essence,SHOBI_LIVE_SHOW_ALL
821,764-KIL,764-KIL WP,WP321,WP,LIAISONS DANGEREUSES - KILIAN,Fragrances For Women,9.0,764-KIL Inspired by the fragrance notes of LIAISONS DANGEREUSES - KILIAN.,https://leparfum.com.gr/en/fragrances-for-women/764-kil-wp,2026-08-20,2026-08-20,ACTIVE,Choose+Bottle+Extra Essence,SHOBI_LIVE_SHOW_ALL
820,761-KIL,761-KIL WP,WP320,WP,GOOD GIRL GONE BAD - KILIAN,Fragrances For Women,9.0,761-KIL WP Inspired by the fragrance notes of GOOD GIRL GONE BAD - KILIAN.,https://leparfum.com.gr/en/fragrances-for-women/761-kil-wp,2026-08-20,2026-08-20,ACTIVE,Choose+Bottle+Extra Essence,SHOBI_LIVE_SHOW_ALL
819,758-KIL,758-KIL WP,WP319,WP,BACK TO BLACK - KILIAN,Fragrances For Women,9.0,758-KIL WP Inspired by the fragrance notes of  BACK TO BLACK - KILIAN.,https://leparfum.com.gr/en/fragrances-for-women/758-kil-wp,2026-08-20,2026-08-20,ACTIVE,Choose+Bottle+Extra Essence,SHOBI_LIVE_SHOW_ALL
818,756-KEN,756-KEN WP,WP318,WP,WORLD - KENZO,Fragrances For Women,9.0,"756-KEN WP Inspired by the fragrance notes of WORLD - KENZO. Peony, Egyptian jasmine.",https://leparfum.com.gr/en/fragrances-for-women/756-ken-wp,2026-08-20,2026-08-20,ACTIVE,Choose+Bottle+Extra Essence,SHOBI_LIVE_SHOW_ALL
817,755-KEN,755-KEN WP,WP317,WP,SUMMER - KENZO,Fragrances For Women,9.0,755-KEN WP Inspired by the fragrance notes of SUMMER - KENZO. Cool summer fragrance with notes of powder and cleanliness.,https://leparfum.com.gr/en/fragrances-for-women/755-ken-wp,2026-08-20,2026-08-20,ACTIVE,Choose+Bottle+Extra Essence,SHOBI_LIVE_SHOW_ALL
816,754-KEN,754-KEN WP,WP316,WP,L'EAU PAR -KENZO,Fragrances For Women,9.0,754-KEN WP Inspired by the fragrance notes of L'EAU PAR -KENZO.,https://leparfum.com.gr/en/fragrances-for-women/754-ken-wp,2026-08-20,2026-08-20,ACTIVE,Choose+Bottle+Extra Essence,SHOBI_LIVE_SHOW_ALL
815,753-KEN,753-KEN W,WP315,WP,KENZO-ΚΕΝΖΟ,Fragrances For Women,9.0,753-KEN W Inspired by the fragrance notes of KENZO-ΚΕΝΖΟ. Women's Floral.,https://leparfum.com.gr/en/fragrances-for-women/753-ken-w,2026-08-20,2026-08-20,ACTIVE,Choose+Bottle+Extra Essence,SHOBI_LIVE_SHOW_ALL
814,752-KEN,752-KEN WP,WP314,WP,JUNGLE L'ELEPHANT - KENZO,Fragrances For Women,9.0,752-KEN WP Inspired by the fragrance notes of JUNGLE L'ELEPHANT - KENZO.,https://leparfum.com.gr/en/fragrances-for-women/752-ken-wp,2026-08-20,2026-08-20,ACTIVE,Choose+Bottle+Extra Essence,SHOBI_LIVE_SHOW_ALL
813,751-KEN,751-KEN WP,WP313,WP,JEU D'AMOUR - KENZO,Fragrances For Women,9.0,751-KEN WP Inspired by the fragrance notes of JEU D'AMOUR - KENZO.,https://leparfum.com.gr/en/fragrances-for-women/751-ken-wp,2026-08-20,2026-08-20,ACTIVE,Choose+Bottle+Extra Essence,SHOBI_LIVE_SHOW_ALL
812,750-KEN,750-KEN W Perfume,WP312,WP,FLOWER L ELIXIR - KENZO,Fragrances For Women,9.0,750-KEN W Inspired by the fragrance notes of FLOWER L ELIXIR - KENZO.,https://leparfum.com.gr/en/fragrances-for-women/750-ken-w-perfume,2026-08-20,2026-08-20,ACTIVE,Choose+Bottle+Extra Essence,SHOBI_LIVE_SHOW_ALL
811,749-KEN,749-KEN WP,WP311,WP,FLOWER - KENZO,Fragrances For Women,9.0,749-KEN WP Inspired by the fragrance notes of FLOWER - KENZO.,https://leparfum.com.gr/en/fragrances-for-women/749-ken-wp,2026-08-20,2026-08-20,ACTIVE,Choose+Bottle+Extra Essence,SHOBI_LIVE_SHOW_ALL
810,748-KEN,748-KEN WP,WP310,WP,COULEUR VIOLET - KENZO,Fragrances For Women,9.0,748-KEN WP Inspired by the fragrance notes of COULEUR VIOLET - KENZO.,https://leparfum.com.gr/en/fragrances-for-women/748-ken-wp,2026-08-20,2026-08-20,ACTIVE,Choose+Bottle+Extra Essence,SHOBI_LIVE_SHOW_ALL
809,747-KEN,747-KEN WP,WP309,WP,AMOUR LE PARFUM - KENZO,Fragrances For Women,9.0,747-KEN WP Inspired by the fragrance notes of AMOUR LE PARFUM - KENZO.,https://leparfum.com.gr/en/fragrances-for-women/747-ken-wp,2026-08-20,2026-08-20,ACTIVE,Choose+Bottle+Extra Essence,SHOBI_LIVE_SHOW_ALL
808,746-KAR,746-KAR WP,WP308,WP,,Fragrances For Women,9.0,OCEAN VIEW - KARL LAGERFELD Type,https://leparfum.com.gr/en/fragrances-for-women/ocean-view-karl-lagerfeld-type,2026-08-20,2026-08-20,ACTIVE,Choose+Bottle+Extra Essence,SHOBI_LIVE_SHOW_ALL
807,745-KAR,745-KAR WP,WP307,WP,,Fragrances For Women,9.0,KARL LAGERFELD FOR HER Type,https://leparfum.com.gr/en/fragrances-for-women/karl-lagerfeld-for-her-type,2026-08-20,2026-08-20,ACTIVE,Choose+Bottle+Extra Essence,SHOBI_LIVE_SHOW_ALL
806,744-JUS,744-JUS WP,WP306,WP,,Fragrances For Women,9.0,THE KEY - JUSTIN BIEBER Clone,https://leparfum.com.gr/en/fragrances-for-women/the-key-justin-bieber-clone,2026-08-20,2026-08-20,ACTIVE,Choose+Bottle+Extra Essence,SHOBI_LIVE_SHOW_ALL
805,743-JUS,743-JUS WP,WP305,WP,,Fragrances For Women,9.0,GIRLFRIEND - JUSTIN BIEBER Type,https://leparfum.com.gr/en/fragrances-for-women/girlfriend-justin-bieber-perfume,2026-08-20,2026-08-20,ACTIVE,Choose+Bottle+Extra Essence,SHOBI_LIVE_SHOW_ALL
804,742-JUI,742-JUI WP,WP304,WP,,Fragrances For Women,9.0,VIVA LA JUICY SUCRE - COUTURE Type,https://leparfum.com.gr/en/fragrances-for-women/viva-la-juicy-sucre-couture-type,2026-08-20,2026-08-20,ACTIVE,Choose+Bottle+Extra Essence,SHOBI_LIVE_SHOW_ALL
803,741-JUI,741-JUI WP,WP303,WP,,Fragrances For Women,9.0,VIVA LA JUICY ROSE - JUICY COUTURE Type,https://leparfum.com.gr/en/fragrances-for-women/viva-la-juicy-rose-couture-type,2026-08-20,2026-08-20,ACTIVE,Choose+Bottle+Extra Essence,SHOBI_LIVE_SHOW_ALL
802,739-JUI,739-JUI WP,WP302,WP,,Fragrances For Women,9.0,VIVA LA JUICY GOLD COUTURE - JUICY COUTURE Similar Type,https://leparfum.com.gr/en/fragrances-for-women/viva-la-juicy-gold-couture-juicy-couture-similar-type,2026-08-20,2026-08-20,ACTIVE,Choose+Bottle+Extra Essence,SHOBI_LIVE_SHOW_ALL
801,738-JUI,738-JUI WP,WP301,WP,,Fragrances For Women,9.0,VIVA LA JUICY - JUICY COUTURE Similar,https://leparfum.com.gr/en/fragrances-for-women/viva-la-juicy-couture-similar,2026-08-20,2026-08-20,ACTIVE,Choose+Bottle+Extra Essence,SHOBI_LIVE_SHOW_ALL
800,737-JUI,737-JUI WP,WP300,WP,,Fragrances For Women,9.0,JUICY COUTURE MALIBU - JUICY COUTURE Similar Type,https://leparfum.com.gr/en/fragrances-for-women/juicy-couture-malibu-juicy-couture-arwma,2026-08-20,2026-08-20,ACTIVE,Choose+Bottle+Extra Essence,SHOBI_LIVE_SHOW_ALL
799,736-JUI,736-JUI WP,WP299,WP,,Fragrances For Women,9.0,COUTURE COUTURE - JUICY COUTURE Similar Type,https://leparfum.com.gr/en/fragrances-for-women/couture-couture-juicy-couture-similar-type,2026-08-20,2026-08-20,ACTIVE,Choose+Bottle+Extra Essence,SHOBI_LIVE_SHOW_ALL
798,735-JIM,735-JIM WP,WP298,WP,,Fragrances For Women,9.0,STARS - JIMMY CHOO Type,https://leparfum.com.gr/en/fragrances-for-women/stars-jimmy-choo-dupe,2026-08-20,2026-08-20,ACTIVE,Choose+Bottle+Extra Essence,SHOBI_LIVE_SHOW_ALL
797,734-JIM,734-JIM WP,WP297,WP,,Fragrances For Women,9.0,JIMMY CHOO - JIMMY CHOO Similar,https://leparfum.com.gr/en/fragrances-for-women/jimmy-choo-similar,2026-08-20,2026-08-20,ACTIVE,Choose+Bottle+Extra Essence,SHOBI_LIVE_SHOW_ALL
796,733-JIM,733-JIM WP,WP296,WP,,Fragrances For Women,9.0,ILLICIT - JIMMY CHOO Fragrance Clone,https://leparfum.com.gr/en/fragrances-for-women/illicit-jimmy-choo-fragrance-clone,2026-08-20,2026-08-20,ACTIVE,Choose+Bottle+Extra Essence,SHOBI_LIVE_SHOW_ALL
795,732-JIM,732-JIM WP,WP295,WP,,Fragrances For Women,9.0,JIMMY CHOO Clone,https://leparfum.com.gr/en/fragrances-for-women/flash-jimmy-choo-clone,2026-08-20,2026-08-20,ACTIVE,Choose+Bottle+Extra Essence,SHOBI_LIVE_SHOW_ALL
794,730-JIM,730-JIM WP,WP294,WP,,Fragrances For Women,9.0,EXOTIC - JIMMY CHOO Type,https://leparfum.com.gr/en/fragrances-for-women/exotic-jimmy-choo-clone,2026-08-20,2026-08-20,ACTIVE,Choose+Bottle+Extra Essence,SHOBI_LIVE_SHOW_ALL
793,729-JIM,729-JIM WP,WP293,WP,,Fragrances For Women,9.0,BLOSSOM - JIMMY CHOO Type.,https://leparfum.com.gr/en/fragrances-for-women/blossom-jimmy-choo-similar,2026-08-20,2026-08-20,ACTIVE,Choose+Bottle+Extra Essence,SHOBI_LIVE_SHOW_ALL
791,727-JEN,727-JEN WP,WP291,WP,,Fragrances For Women,9.0,JLUXE - JENNIFER LOPEZ Type,https://leparfum.com.gr/en/fragrances-for-women/jluxe-jennifer-lopez-type,2026-08-20,2026-08-20,ACTIVE,Choose+Bottle+Extra Essence,SHOBI_LIVE_SHOW_ALL
790,724-GUL,724-GUL WP,WP290,WP,SCANDAL,Fragrances For Women,9.0,724-GUL Inspired by the fragrance notes of SCANDAL.,https://leparfum.com.gr/en/fragrances-for-women/724-gul-wp,2026-08-20,2026-08-20,ACTIVE,Choose+Bottle+Extra Essence,SHOBI_LIVE_SHOW_ALL
789,723-GUL,723-GUL WP,WP289,WP,X CLASSIQUE,Fragrances For Women,9.0,723-GUL Inspired by the fragrance notes of X CLASSIQUE.,https://leparfum.com.gr/en/fragrances-for-women/723-gul-wp,2026-08-20,2026-08-20,ACTIVE,Choose+Bottle+Extra Essence,SHOBI_LIVE_SHOW_ALL
788,721-GUL,721-GUL WP,WP288,WP,CLASSIQUE ESSENCE DE PARFUM,Fragrances For Women,9.0,721-GUL Inspired by the fragrance notes of CLASSIQUE ESSENCE DE PARFUM.,https://leparfum.com.gr/en/fragrances-for-women/721-gul-wp,2026-08-20,2026-08-20,ACTIVE,Choose+Bottle+Extra Essence,SHOBI_LIVE_SHOW_ALL
786,719-ISS,719-ISS WP,WP286,WP,PLEATS PLEASE - ISSEY MIYAKE,Fragrances For Women,9.0,719-ISS Inspired by the fragrance notes of PLEATS PLEASE - ISSEY MIYAKE.,https://leparfum.com.gr/en/fragrances-for-women/719-iss-wp,2026-08-20,2026-08-20,ACTIVE,Choose+Bottle+Extra Essence,SHOBI_LIVE_SHOW_ALL
785,718-ISS,718-ISS WP,WP285,WP,L'EAU D' ISSEY,Fragrances For Women,9.0,718-ISS Inspired by the fragrance notes of L'EAU D' ISSEY.,https://leparfum.com.gr/en/fragrances-for-women/718-iss-wp,2026-08-20,2026-08-20,ACTIVE,Choose+Bottle+Extra Essence,SHOBI_LIVE_SHOW_ALL
784,717-ISS,717-ISS WP,WP284,WP,CLASSIC - ISSEY MIYAKE,Fragrances For Women,9.0,717-ISS Inspired by the fragrance notes of CLASSIC - ISSEY MIYAKE.,https://leparfum.com.gr/en/fragrances-for-women/717-iss-wp,2026-08-20,2026-08-20,ACTIVE,Choose+Bottle+Extra Essence,SHOBI_LIVE_SHOW_ALL
783,716-ISS,716-ISS W,WP283,WP,A SCENT - ISSEY MIYAKE,Fragrances For Women,9.0,716-ISS Inspired by the fragrance notes of A SCENT - ISSEY MIYAKE.,https://leparfum.com.gr/en/fragrances-for-women/716-iss-w,2026-08-20,2026-08-20,ACTIVE,Choose+Bottle+Extra Essence,SHOBI_LIVE_SHOW_ALL
782,715-HUG,715-HUG WP,WP282,WP,WOMAN EXTREME - HUGO BOSS,Fragrances For Women,9.0,715-HUG Inspired by the fragrance notes of WOMAN EXTREME - HUGO BOSS.,https://leparfum.com.gr/en/fragrances-for-women/715-hug-wp,2026-08-20,2026-08-20,ACTIVE,Choose+Bottle+Extra Essence,SHOBI_LIVE_SHOW_ALL
781,714-HUG,714-HUG WP,WP281,WP,THE SCENT FOR HER - HUGO BOSS,Fragrances For Women,9.0,714-HUG Inspired by the fragrance notes of THE SCENT FOR HER - HUGO BOSS.,https://leparfum.com.gr/en/fragrances-for-women/714-hug-wp,2026-08-20,2026-08-20,ACTIVE,Choose+Bottle+Extra Essence,SHOBI_LIVE_SHOW_ALL
780,713-HUG,713-HUG WP,WP280,WP,MA VIE - HUGO BOSS,Fragrances For Women,9.0,713-HUG Inspired by the fragrance notes of MA VIE - HUGO BOSS.,https://leparfum.com.gr/en/fragrances-for-women/713-hug-wp,2026-08-20,2026-08-20,ACTIVE,Choose+Bottle+Extra Essence,SHOBI_LIVE_SHOW_ALL
779,712-HUG,712-HUG WP,WP279,WP,HUGO BOSS WOMAN,Fragrances For Women,9.0,712-HUG Inspired by the fragrance notes of HUGO BOSS WOMAN.,https://leparfum.com.gr/en/fragrances-for-women/712-hug-wp,2026-08-20,2026-08-20,ACTIVE,Choose+Bottle+Extra Essence,SHOBI_LIVE_SHOW_ALL
778,711-HUG,711-HUG WP,WP278,WP,BOSS ORANGE FEMME - HUGO BOSS,Fragrances For Women,9.0,711-HUG Inspired by the fragrance notes of BOSS ORANGE FEMME - HUGO BOSS.,https://leparfum.com.gr/en/fragrances-for-women/711-hug-wp,2026-08-20,2026-08-20,ACTIVE,Choose+Bottle+Extra Essence,SHOBI_LIVE_SHOW_ALL
777,710-HUG,710-HUG WP,WP277,WP,BOSS JOUR - HUGO BOSS,Fragrances For Women,9.0,710-HUG Inspired by the fragrance notes of BOSS JOUR - HUGO BOSS.,https://leparfum.com.gr/en/fragrances-for-women/710-hug-wp,2026-08-20,2026-08-20,ACTIVE,Choose+Bottle+Extra Essence,SHOBI_LIVE_SHOW_ALL
776,709-HER,709-HER W,WP276,WP,VOYAGE D'HERMES - HERMES,Fragrances For Women,9.0,709-HER W Inspired by the fragrance notes of VOYAGE D'HERMES - HERMES.,https://leparfum.com.gr/en/fragrances-for-women/709-her-w,2026-08-20,2026-08-20,ACTIVE,Choose+Bottle+Extra Essence,SHOBI_LIVE_SHOW_ALL
775,708-HER,708-HER W,WP275,WP,UN JARDIN SUR LE NIL - HERMES Unisex,Fragrances For Women,9.0,708-HER W Inspired by the fragrance notes of UN JARDIN SUR LE NIL - HERMES Unisex.,https://leparfum.com.gr/en/fragrances-for-women/708-her-w,2026-08-20,2026-08-20,ACTIVE,Choose+Bottle+Extra Essence,SHOBI_LIVE_SHOW_ALL
774,707-HER,707-HER W,WP274,WP,TWILLY D'HERMES,Fragrances For Women,9.0,707-HER W Inspired by the fragrance notes of TWILLY D'HERMES.,https://leparfum.com.gr/en/fragrances-for-women/707-her-w,2026-08-20,2026-08-20,ACTIVE,Choose+Bottle+Extra Essence,SHOBI_LIVE_SHOW_ALL
773,706-HER,706-HER W,WP273,WP,OSMANTHE YUNNAN - HERMES,Fragrances For Women,9.0,706-HER W Inspired by the fragrance notes of OSMANTHE YUNNAN - HERMES.Floral Fruity fragrance for women and men.,https://leparfum.com.gr/en/fragrances-for-women/706-her-w,2026-08-20,2026-08-20,ACTIVE,Choose+Bottle+Extra Essence,SHOBI_LIVE_SHOW_ALL
772,705-HER,705-HER W,WP272,WP,LE JARDIN DE MONSIEUR LI - HERMES,Fragrances For Women,9.0,705-HER W Inspired by the fragrance notes of LE JARDIN DE MONSIEUR LI - HERMES.,https://leparfum.com.gr/en/fragrances-for-women/705-her-w,2026-08-20,2026-08-20,ACTIVE,Choose+Bottle+Extra Essence,SHOBI_LIVE_SHOW_ALL
771,704-HER,704-HER W,WP271,WP,L'AMBRE DES MERVEILLES - HERMES,Fragrances For Women,9.0,704-HER W Inspired by the fragrance notes of L'AMBRE DES MERVEILLES - HERMES.,https://leparfum.com.gr/en/fragrances-for-women/704-her-w,2026-08-20,2026-08-20,ACTIVE,Choose+Bottle+Extra Essence,SHOBI_LIVE_SHOW_ALL
770,702-HER,702-HER W,WP270,WP,JOUR D'HERMES,Fragrances For Women,9.0,702-HER W Inspired by the fragrance notes of JOUR D'HERMES.,https://leparfum.com.gr/en/fragrances-for-women/702-her-w,2026-08-20,2026-08-20,ACTIVE,Choose+Bottle+Extra Essence,SHOBI_LIVE_SHOW_ALL
769,701-HER,701-HER W,WP269,WP,GALOP D'HERMES,Fragrances For Women,9.0,701-HER W Inspired by the fragrance notes of GALOP D'HERMES.,https://leparfum.com.gr/en/fragrances-for-women/701-her-w,2026-08-20,2026-08-20,ACTIVE,Choose+Bottle+Extra Essence,SHOBI_LIVE_SHOW_ALL
768,700-HER,700-HER W,WP268,WP,ELIXIR DES MERVEILLES - HERMES,Fragrances For Women,9.0,700-HER W Inspired by the fragrance notes of ELIXIR DES MERVEILLES - HERMES.,https://leparfum.com.gr/en/fragrances-for-women/700-her-w,2026-08-20,2026-08-20,ACTIVE,Choose+Bottle+Extra Essence,SHOBI_LIVE_SHOW_ALL
767,698-HER,698-HER W,WP267,WP,EAU DES MERVEILLES,Fragrances For Women,9.0,698-HER W Inspired by the fragrance notes of EAU DES MERVEILLES.,https://leparfum.com.gr/en/fragrances-for-women/698-her-w,2026-08-20,2026-08-20,ACTIVE,Choose+Bottle+Extra Essence,SHOBI_LIVE_SHOW_ALL
766,697-HER,697-HER W,WP266,WP,AMBRE NARGUILE - HERMES,Fragrances For Women,9.0,697-HER Inspired by the fragrance notes of AMBRE NARGUILE - HERMES.,https://leparfum.com.gr/en/fragrances-for-women/697-her-w,2026-08-20,2026-08-20,ACTIVE,Choose+Bottle+Extra Essence,SHOBI_LIVE_SHOW_ALL
765,696-GLA,696-GLA WP,WP265,WP,,Fragrances For Women,9.0,FIDJI - GUY LAROCHE.,https://leparfum.com.gr/en/fragrances-for-women/fidji-eau-de-toilette-guy-laroche-type,2026-08-20,2026-08-20,ACTIVE,Choose+Bottle+Extra Essence,SHOBI_LIVE_SHOW_ALL
764,695-GUE,695-GUE WP,WP264,WP,,Fragrances For Women,9.0,DARE - GUESS Similar fragrance,https://leparfum.com.gr/en/fragrances-for-women/dare-guess-similar-fragrance,2026-08-20,2026-08-20,ACTIVE,Choose+Bottle+Extra Essence,SHOBI_LIVE_SHOW_ALL
763,693-GUR,693-GUR W,WP263,WP,SHALIMAR PARFUM - GUERLAIN,Fragrances For Women,9.0,693-GUR Inspired by the fragrance notes of SHALIMAR PARFUM - GUERLAIN.,https://leparfum.com.gr/en/fragrances-for-women/693-gur-w,2026-08-20,2026-08-20,ACTIVE,Choose+Bottle+Extra Essence,SHOBI_LIVE_SHOW_ALL
762,692-GUR,692-GUR W,WP262,WP,SAMSARA - GUERLAIN,Fragrances For Women,9.0,692-GUR W Inspired by the fragrance notes of SAMSARA - GUERLAIN.,https://leparfum.com.gr/en/fragrances-for-women/692-gur-w,2026-08-20,2026-08-20,ACTIVE,Choose+Bottle+Extra Essence,SHOBI_LIVE_SHOW_ALL
761,691-GUR,691-GUR W,WP261,WP,MUGUET - GUERLAIN,Fragrances For Women,9.0,691-GUR Inspired by the fragrance notes of MUGUET - GUERLAIN.,https://leparfum.com.gr/en/fragrances-for-women/691-gur-w,2026-08-20,2026-08-20,ACTIVE,Choose+Bottle+Extra Essence,SHOBI_LIVE_SHOW_ALL
760,690-GUR,690-GUR W,WP260,WP,MON GUERLAIN - GUERLAIN,Fragrances For Women,9.0,690-GUR W Inspired by the fragrance notes of MON GUERLAIN - GUERLAIN.,https://leparfum.com.gr/en/fragrances-for-women/690-gur-w,2026-08-20,2026-08-20,ACTIVE,Choose+Bottle+Extra Essence,SHOBI_LIVE_SHOW_ALL
759,688-GUR,688-GUR W,WP259,WP,L'INSTANT MAGIC - GUERLAIN,Fragrances For Women,9.0,688-GUR W Inspired by the fragrance notes of L'INSTANT MAGIC - GUERLAIN.,https://leparfum.com.gr/en/fragrances-for-women/688-gur-w,2026-08-20,2026-08-20,ACTIVE,Choose+Bottle+Extra Essence,SHOBI_LIVE_SHOW_ALL
758,686-GUR,686-GUR W,WP258,WP,INSOLENCE - GUERLAIN,Fragrances For Women,9.0,686-GUR W Inspired by the fragrance notes of INSOLENCE - GUERLAIN.,https://leparfum.com.gr/en/fragrances-for-women/686-gur-w,2026-08-20,2026-08-20,ACTIVE,Choose+Bottle+Extra Essence,SHOBI_LIVE_SHOW_ALL
757,684-GUR,684-GUR W,WP257,WP,BAISER DE RUSSIE - GUERLAIN,Fragrances For Women,9.0,684-GUR W Inspired by the fragrance notes of BAISER DE RUSSIE - GUERLAIN.,https://leparfum.com.gr/en/fragrances-for-women/684-gur-w,2026-08-20,2026-08-20,ACTIVE,Choose+Bottle+Extra Essence,SHOBI_LIVE_SHOW_ALL
756,682-GUR,682-GUR W,WP256,WP,AQUA ALLEGORIA FLORA ROSA - GUERLAIN,Fragrances For Women,9.0,682-GUR W Inspired by the fragrance notes of AQUA ALLEGORIA FLORA ROSA - GUERLAIN.,https://leparfum.com.gr/en/fragrances-for-women/682-gur-w,2026-08-20,2026-08-20,ACTIVE,Choose+Bottle+Extra Essence,SHOBI_LIVE_SHOW_ALL
755,681-GUC,681-GUC WP,WP255,WP,Rush,Fragrances For Women,9.0,681-GUC Inspired by the fragrance notes of Rush.,https://leparfum.com.gr/en/fragrances-for-women/681-guc-wp,2026-08-20,2026-08-20,ACTIVE,Choose+Bottle+Extra Essence,SHOBI_LIVE_SHOW_ALL
754,680-GUC,680-GUC WP,WP254,WP,G,Fragrances For Women,9.0,680-GUC Inspired by the fragrance notes of G.PREMIERE.,https://leparfum.com.gr/en/fragrances-for-women/680-guc-wp,2026-08-20,2026-08-20,ACTIVE,Choose+Bottle+Extra Essence,SHOBI_LIVE_SHOW_ALL
753,678-GUC,678-GUC WP,WP253,WP,Guilty,Fragrances For Women,9.0,678-GUC Inspired by the fragrance notes of Guilty. Spicy Floral Perfume.,https://leparfum.com.gr/en/fragrances-for-women/678-guc-wp,2026-08-20,2026-08-20,ACTIVE,Choose+Bottle+Extra Essence,SHOBI_LIVE_SHOW_ALL
752,676-GUC,676-GUC WP,WP252,WP,Flora,Fragrances For Women,9.0,676-GUC Inspired by the fragrance notes of Flora. Flower fragrance.,https://leparfum.com.gr/en/fragrances-for-women/676-guc-wp,2026-08-20,2026-08-20,ACTIVE,Choose+Bottle+Extra Essence,SHOBI_LIVE_SHOW_ALL
751,675-GUC,675-GUC WP,WP251,WP,Bloom,Fragrances For Women,9.0,"675-GUC Inspired by the fragrance notes of Bloom. Perfume with notes of Jasmine, Tuberose, Iris, Rangoon creeper.",https://leparfum.com.gr/en/fragrances-for-women/675-guc-wp,2026-08-20,2026-08-20,ACTIVE,Choose+Bottle+Extra Essence,SHOBI_LIVE_SHOW_ALL
750,674-GUC,674-GUC WP,WP250,WP,Bamboo,Fragrances For Women,9.0,674-GUC Inspired by the fragrance notes of Bamboo.,https://leparfum.com.gr/en/fragrances-for-women/674-guc-wp,2026-08-20,2026-08-20,ACTIVE,Choose+Bottle+Extra Essence,SHOBI_LIVE_SHOW_ALL
749,673-GRS,673-GRS WP,WP249,WP,,Fragrances For Women,9.0,CABOTIN - GRES Type Perfume,https://leparfum.com.gr/en/fragrances-for-women/cabotin-gres-type-perfume,2026-08-20,2026-08-20,ACTIVE,Choose+Bottle+Extra Essence,SHOBI_LIVE_SHOW_ALL
747,671-GIV,671-GIV W,WP247,WP,PLAY FOR HER,Fragrances For Women,9.0,671-GIV W Inspired by the fragrance notes of PLAY FOR HER.,https://leparfum.com.gr/en/fragrances-for-women/671-giv-w,2026-08-20,2026-08-20,ACTIVE,Choose+Bottle+Extra Essence,SHOBI_LIVE_SHOW_ALL
746,670-GIV,670-GIV W,WP246,WP,ORGANZA,Fragrances For Women,9.0,670-GIV W Inspired by the fragrance notes of ORGANZA.,https://leparfum.com.gr/en/fragrances-for-women/670-giv-w,2026-08-20,2026-08-20,ACTIVE,Choose+Bottle+Extra Essence,SHOBI_LIVE_SHOW_ALL
745,669-GIV,669-GIV W,WP245,WP,L'INTERDIT,Fragrances For Women,9.0,669-GIV W Inspired by the fragrance notes of L'INTERDIT.,https://leparfum.com.gr/en/fragrances-for-women/669-giv-w,2026-08-20,2026-08-20,ACTIVE,Choose+Bottle+Extra Essence,SHOBI_LIVE_SHOW_ALL
744,668-GIV,668-GIV W,WP244,WP,HOT COUTURE,Fragrances For Women,9.0,668-GIV W Inspired by the fragrance notes of HOT COUTURE.,https://leparfum.com.gr/en/fragrances-for-women/668-giv-w,2026-08-20,2026-08-20,ACTIVE,Choose+Bottle+Extra Essence,SHOBI_LIVE_SHOW_ALL
743,667-GIV,667-GIV W,WP243,WP,Dahlia Noir,Fragrances For Women,9.0,"667-GIV W Inspired by the fragrance notes of Dahlia Noir. Women's perfume powdery, woody, iris, rose, earthy, vanilla, sweet, patchouli.",https://leparfum.com.gr/en/fragrances-for-women/667-giv-w,2026-08-20,2026-08-20,ACTIVE,Choose+Bottle+Extra Essence,SHOBI_LIVE_SHOW_ALL
742,666-GIV,666-GIV W,WP242,WP,DAHLIA DIVIN,Fragrances For Women,9.0,666-GIV W Inspired by the fragrance notes of DAHLIA DIVIN.,https://leparfum.com.gr/en/fragrances-for-women/666-giv-w,2026-08-20,2026-08-20,ACTIVE,Choose+Bottle+Extra Essence,SHOBI_LIVE_SHOW_ALL
741,665-GIV,665-GIV W,WP241,WP,BLOOM,Fragrances For Women,9.0,665-GIV W Inspired by the fragrance notes of BLOOM.,https://leparfum.com.gr/en/fragrances-for-women/665-giv-w,2026-08-20,2026-08-20,ACTIVE,Choose+Bottle+Extra Essence,SHOBI_LIVE_SHOW_ALL
740,664-GIV,664-GIV W,WP240,WP,ANGE OU DEMON,Fragrances For Women,9.0,664-GIV W Inspired by the fragrance notes of ANGE OU DEMON.,https://leparfum.com.gr/en/fragrances-for-women/664-giv-w,2026-08-20,2026-08-20,ACTIVE,Choose+Bottle+Extra Essence,SHOBI_LIVE_SHOW_ALL
739,663-GIV,663-GIV W,WP239,WP,the fragrance Amarige Mariage,Fragrances For Women,9.0,"663-GIV W Inspired by the fragrance Amarige Mariage. Fragrance warm spicy, citrus, woody, cinnamon, amber, patchouli, floral.",https://leparfum.com.gr/en/fragrances-for-women/663-giv-w,2026-08-20,2026-08-20,ACTIVE,Choose+Bottle+Extra Essence,SHOBI_LIVE_SHOW_ALL
738,662-GIV,662-GIV W,WP238,WP,AMARIGE,Fragrances For Women,9.0,662-GIV W Inspired by the fragrance notes of AMARIGE.,https://leparfum.com.gr/en/fragrances-for-women/662-giv-w,2026-08-20,2026-08-20,ACTIVE,Choose+Bottle+Extra Essence,SHOBI_LIVE_SHOW_ALL
737,661-ARM,661-ARM W,WP237,WP,SUN DI GIOIA,Fragrances For Women,9.0,"661-ARM W Inspired by the fragrance notes of SUN DI GIOIA. White floral,vanilla,amber,powdery.",https://leparfum.com.gr/en/fragrances-for-women/661-arm-w,2026-08-20,2026-08-20,ACTIVE,Choose+Bottle+Extra Essence,SHOBI_LIVE_SHOW_ALL
736,660-ARM,660-ARM WP,WP236,WP,SI ROSE SIGNATURE,Fragrances For Women,9.0,660-ARM Inspired by the fragrance notes of SI ROSE SIGNATURE.,https://leparfum.com.gr/en/fragrances-for-women/660-arm-wp,2026-08-20,2026-08-20,ACTIVE,Choose+Bottle+Extra Essence,SHOBI_LIVE_SHOW_ALL
735,658-ARM,658-ARM W,WP235,WP,SI PASSIONE,Fragrances For Women,9.0,"658-ARM W Inspired by the fragrance notes of SI PASSIONE. Pink pepper, pear, gooseberry, grapefruit, pineapple, cedar, rose.",https://leparfum.com.gr/en/fragrances-for-women/658-arm-w,2026-08-20,2026-08-20,ACTIVE,Choose+Bottle+Extra Essence,SHOBI_LIVE_SHOW_ALL
734,657-ARM,657-ARM W,WP234,WP,SI INTENSE,Fragrances For Women,9.0,657-ARM W Inspired by the fragrance notes of SI INTENSE.,https://leparfum.com.gr/en/fragrances-for-women/657-arm-w,2026-08-20,2026-08-20,ACTIVE,Choose+Bottle+Extra Essence,SHOBI_LIVE_SHOW_ALL
733,655-ARM,655-ARM W,WP233,WP,SI,Fragrances For Women,9.0,"655-ARM W Inspired by the fragrance notes of SI. Perfume woody, vanilla, aromatic, soft spicy, fruity.",https://leparfum.com.gr/en/fragrances-for-women/655-arm-w,2026-08-20,2026-08-20,ACTIVE,Choose+Bottle+Extra Essence,SHOBI_LIVE_SHOW_ALL
732,653-ARM,653-ARM W,WP232,WP,MANIA,Fragrances For Women,9.0,653-ARM W Inspired by the fragrance notes of MANIA.,https://leparfum.com.gr/en/fragrances-for-women/653-arm-w,2026-08-20,2026-08-20,ACTIVE,Choose+Bottle+Extra Essence,SHOBI_LIVE_SHOW_ALL
731,651-ARM,651-ARM W,WP231,WP,LEI/ELLE/SHE/ELLA,Fragrances For Women,9.0,651-ARM W Inspired by the fragrance notes of LEI/ELLE/SHE/ELLA.,https://leparfum.com.gr/en/fragrances-for-women/651-arm-w,2026-08-20,2026-08-20,ACTIVE,Choose+Bottle+Extra Essence,SHOBI_LIVE_SHOW_ALL
730,650-ARM,650-ARM W,WP230,WP,BECAUSE IT'S YOU,Fragrances For Women,9.0,"650-ARM W Inspired by the fragrance notes of BECAUSE IT'S YOU. Woman fragrance fruity, sweet, rose, vanilla, citrus, powdery, musky.",https://leparfum.com.gr/en/fragrances-for-women/650-arm-w,2026-08-20,2026-08-20,ACTIVE,Choose+Bottle+Extra Essence,SHOBI_LIVE_SHOW_ALL
729,649-ARM,649-ARM W,WP229,WP,CODE TURQUOISE,Fragrances For Women,9.0,649-ARM W Inspired by the fragrance notes of CODE TURQUOISE.,https://leparfum.com.gr/en/fragrances-for-women/649-arm-w,2026-08-20,2026-08-20,ACTIVE,Choose+Bottle+Extra Essence,SHOBI_LIVE_SHOW_ALL
728,648-ARM,648-ARM W,WP228,WP,CODE SATIN,Fragrances For Women,9.0,648-ARM W Inspired by the fragrance notes of CODE SATIN.,https://leparfum.com.gr/en/fragrances-for-women/648-arm-w,2026-08-20,2026-08-20,ACTIVE,Choose+Bottle+Extra Essence,SHOBI_LIVE_SHOW_ALL
727,646-ARM,646-ARM W,WP227,WP,CODE,Fragrances For Women,9.0,646-ARM W Inspired by the fragrance notes of CODE. Women's Perfume.,https://leparfum.com.gr/en/fragrances-for-women/646-arm-w,2026-08-20,2026-08-20,ACTIVE,Choose+Bottle+Extra Essence,SHOBI_LIVE_SHOW_ALL
726,645-ARM,645-ARM W,WP226,WP,ACQUA DI GIOIA JASMINE,Fragrances For Women,9.0,645-ARM W Inspired by the fragrance notes of ACQUA DI GIOIA JASMINE.,https://leparfum.com.gr/en/fragrances-for-women/645-arm-w,2026-08-20,2026-08-20,ACTIVE,Choose+Bottle+Extra Essence,SHOBI_LIVE_SHOW_ALL
725,644-ARM,644-ARM W,WP225,WP,ACQUA DI GIOIA ESSENZA,Fragrances For Women,9.0,644-ARM W Inspired by the fragrance notes of ACQUA DI GIOIA ESSENZA .,https://leparfum.com.gr/en/fragrances-for-women/644-arm-w,2026-08-20,2026-08-20,ACTIVE,Choose+Bottle+Extra Essence,SHOBI_LIVE_SHOW_ALL
724,643-ARM,643-ARM W,WP224,WP,ACQUA DI GIOIA,Fragrances For Women,9.0,643-ARM W Inspired by the fragrance notes of ACQUA DI GIOIA.,https://leparfum.com.gr/en/fragrances-for-women/643-arm-w,2026-08-20,2026-08-20,ACTIVE,Choose+Bottle+Extra Essence,SHOBI_LIVE_SHOW_ALL
723,641-FRE,641-FRE WP,WP223,WP,the notes of PORTRAIT OF A LADY,Fragrances For Women,9.0,641-FRE WP inspired by the notes of PORTRAIT OF A LADY. One of the best perfume for women.,https://leparfum.com.gr/en/fragrances-for-women/641-fre-wp,2026-08-20,2026-08-20,ACTIVE,Choose+Bottle+Extra Essence,SHOBI_LIVE_SHOW_ALL
722,640-FEN,640-FEN WP,WP222,WP,,Fragrances For Women,9.0,L'ACQUA ROSSA - FENDI Type,https://leparfum.com.gr/en/fragrances-for-women/acqua-rossa-fendi-type,2026-08-20,2026-08-20,ACTIVE,Choose+Bottle+Extra Essence,SHOBI_LIVE_SHOW_ALL
721,639-FEN,639-FEN WP,WP221,WP,,Fragrances For Women,9.0,FENDI Woman Similar Fragrance,https://leparfum.com.gr/en/fragrances-for-women/fendi-woman-similar-fragrance,2026-08-20,2026-08-20,ACTIVE,Choose+Bottle+Extra Essence,SHOBI_LIVE_SHOW_ALL
720,638-EST,638-EST WP,WP220,WP,WHITE LINEN - ESTEE LAUDER,Fragrances For Women,9.0,638-EST Inspired by the fragrance notes of WHITE LINEN - ESTEE LAUDER.,https://leparfum.com.gr/en/fragrances-for-women/638-est-wp,2026-08-20,2026-08-20,ACTIVE,Choose+Bottle+Extra Essence,SHOBI_LIVE_SHOW_ALL
719,636-EST,636-EST WP,WP219,WP,SENSUOUS NUDE - ESTEE LAUDER,Fragrances For Women,9.0,636-EST Inspired by the fragrance notes of SENSUOUS NUDE - ESTEE LAUDER.,https://leparfum.com.gr/en/fragrances-for-women/636-est-wp,2026-08-20,2026-08-20,ACTIVE,Choose+Bottle+Extra Essence,SHOBI_LIVE_SHOW_ALL
718,635-EST,635-EST WP,WP218,WP,SENSUOUS NOIR - ESTEE LAUDER,Fragrances For Women,9.0,635-EST Inspired by the fragrance notes of SENSUOUS NOIR - ESTEE LAUDER.,https://leparfum.com.gr/en/fragrances-for-women/635-est-wp,2026-08-20,2026-08-20,ACTIVE,Choose+Bottle+Extra Essence,SHOBI_LIVE_SHOW_ALL
717,634-EST,634-EST WP,WP217,WP,sensuous,Fragrances For Women,9.0,inspired by the fragrance notes of sensuous,https://leparfum.com.gr/en/fragrances-for-women/sensuous-estee-lauder-type,2026-08-20,2026-08-20,ACTIVE,Choose+Bottle+Extra Essence,SHOBI_LIVE_SHOW_ALL
716,633-EST,633-EST W,WP216,WP,TUBEROSE GARDENIA - ESTEE LAUDER,Fragrances For Women,9.0,633-EST Inspired by the fragrance notes of TUBEROSE GARDENIA - ESTEE LAUDER.,https://leparfum.com.gr/en/fragrances-for-women/633-est-w,2026-08-20,2026-08-20,ACTIVE,Choose+Bottle+Extra Essence,SHOBI_LIVE_SHOW_ALL
715,632-EST,632-EST WP,WP215,WP,JASMIN WHITE MOSS - ESTEE LAUDER,Fragrances For Women,9.0,632-EST Inspired by the fragrance notes of JASMIN WHITE MOSS - ESTEE LAUDER.,https://leparfum.com.gr/en/fragrances-for-women/632-est-wp,2026-08-20,2026-08-20,ACTIVE,Choose+Bottle+Extra Essence,SHOBI_LIVE_SHOW_ALL
714,631-EST,631-EST WP,WP214,WP,PRIVATE COLLECTION - ESTEE LAUDER,Fragrances For Women,9.0,631-EST Inspired by the fragrance notes of PRIVATE COLLECTION - ESTEE LAUDER.,https://leparfum.com.gr/en/fragrances-for-women/631-est-wp,2026-08-20,2026-08-20,ACTIVE,Choose+Bottle+Extra Essence,SHOBI_LIVE_SHOW_ALL
713,630-EST,630-EST WP,WP213,WP,PLEASURES DELIGHT - ESTEE LAUDER,Fragrances For Women,9.0,630-EST Inspired by the fragrance notes of PLEASURES DELIGHT - ESTEE LAUDER.,https://leparfum.com.gr/en/fragrances-for-women/630-est-wp,2026-08-20,2026-08-20,ACTIVE,Choose+Bottle+Extra Essence,SHOBI_LIVE_SHOW_ALL
712,629-EST,629-EST WP,WP212,WP,PLEASURES - ESTEE LAUDER,Fragrances For Women,9.0,629-EST Inspired by the fragrance notes of PLEASURES - ESTEE LAUDER.,https://leparfum.com.gr/en/fragrances-for-women/629-est-wp,2026-08-20,2026-08-20,ACTIVE,Choose+Bottle+Extra Essence,SHOBI_LIVE_SHOW_ALL
711,628-EST,628-EST WP,WP211,WP,MODERN MUSE NUIT,Fragrances For Women,9.0,628-EST Inspired by the fragrance notes of MODERN MUSE NUIT.,https://leparfum.com.gr/en/fragrances-for-women/628-est-wp,2026-08-20,2026-08-20,ACTIVE,Choose+Bottle+Extra Essence,SHOBI_LIVE_SHOW_ALL
710,627-EST,627-EST WP,WP210,WP,MODERN MUSE LE ROUGE - ESTEE LAUDER,Fragrances For Women,9.0,627-EST Inspired by the fragrance notes of MODERN MUSE LE ROUGE - ESTEE LAUDER.,https://leparfum.com.gr/en/fragrances-for-women/627-est-wp,2026-08-20,2026-08-20,ACTIVE,Choose+Bottle+Extra Essence,SHOBI_LIVE_SHOW_ALL
709,626-EST,626-EST WP,WP209,WP,MODERN MUSE - ESTEE LAUDER,Fragrances For Women,9.0,626-EST Inspired by the fragrance notes of MODERN MUSE - ESTEE LAUDER.,https://leparfum.com.gr/en/fragrances-for-women/626-est-wp,2026-08-20,2026-08-20,ACTIVE,Choose+Bottle+Extra Essence,SHOBI_LIVE_SHOW_ALL
708,625-EST,625-EST WP,WP208,WP,KNOWING  - ESTEE LAUDER,Fragrances For Women,9.0,625-EST Inspired by the fragrance notes of KNOWING  - ESTEE LAUDER.,https://leparfum.com.gr/en/fragrances-for-women/625-est-wp,2026-08-20,2026-08-20,ACTIVE,Choose+Bottle+Extra Essence,SHOBI_LIVE_SHOW_ALL
707,624-EST,624-EST WP,WP207,WP,INTUITION - ESTEE LAUDER,Fragrances For Women,9.0,624-EST Inspired by the fragrance notes of INTUITION - ESTEE LAUDER.,https://leparfum.com.gr/en/fragrances-for-women/624-est-wp,2026-08-20,2026-08-20,ACTIVE,Choose+Bottle+Extra Essence,SHOBI_LIVE_SHOW_ALL
706,623-EST,623-EST WP,WP206,WP,ESTEE - ESTEE LAUDER,Fragrances For Women,9.0,623-EST Inspired by the fragrance notes of ESTEE - ESTEE LAUDER.,https://leparfum.com.gr/en/fragrances-for-women/623-est-wp,2026-08-20,2026-08-20,ACTIVE,Choose+Bottle+Extra Essence,SHOBI_LIVE_SHOW_ALL
705,622-EST,622-EST WP,WP205,WP,CINNABAR - ESTEE LAUDER,Fragrances For Women,9.0,622-EST Inspired by the fragrance notes of CINNABAR - ESTEE LAUDER.,https://leparfum.com.gr/en/fragrances-for-women/622-est-wp,2026-08-20,2026-08-20,ACTIVE,Choose+Bottle+Extra Essence,SHOBI_LIVE_SHOW_ALL
704,621-EST,621-EST WP,WP204,WP,BR,Fragrances For Women,9.0,621-EST Inspired by the fragrance notes of BR.GOD. SUMMER LIM.EDITION - ESTEE LAUDER.,https://leparfum.com.gr/en/fragrances-for-women/621-est-wp,2026-08-20,2026-08-20,ACTIVE,Choose+Bottle+Extra Essence,SHOBI_LIVE_SHOW_ALL
703,620-EST,620-EST WP,WP203,WP,BRONZE GODDESS SOLEIL - ESTEE LAUDER,Fragrances For Women,9.0,620-EST Inspired by the fragrance notes of BRONZE GODDESS SOLEIL - ESTEE LAUDER.,https://leparfum.com.gr/en/fragrances-for-women/620-est-wp,2026-08-20,2026-08-20,ACTIVE,Choose+Bottle+Extra Essence,SHOBI_LIVE_SHOW_ALL
702,619-EST,619-EST WP,WP202,WP,BR,Fragrances For Women,9.0,619-EST Inspired by the fragrance notes of BR.GOD. EAU FRAICHE SKINSCHENT - ESTEE LAUDER.,https://leparfum.com.gr/en/fragrances-for-women/619-est-wp,2026-08-20,2026-08-20,ACTIVE,Choose+Bottle+Extra Essence,SHOBI_LIVE_SHOW_ALL
701,618-EST,618-EST WP,WP201,WP,BRONZE GODDESS CAPRI - ESTEE LAUDER,Fragrances For Women,9.0,618-EST Inspired by the fragrance notes of BRONZE GODDESS CAPRI - ESTEE LAUDER.,https://leparfum.com.gr/en/fragrances-for-women/618-est-wp,2026-08-20,2026-08-20,ACTIVE,Choose+Bottle+Extra Essence,SHOBI_LIVE_SHOW_ALL
700,617-EST,617-EST WP,WP200,WP,BRASIL DREAM - ESTEE LAUDER,Fragrances For Women,9.0,617-EST Inspired by the fragrance notes of BRASIL DREAM - ESTEE LAUDER.,https://leparfum.com.gr/en/fragrances-for-women/617-est-wp,2026-08-20,2026-08-20,ACTIVE,Choose+Bottle+Extra Essence,SHOBI_LIVE_SHOW_ALL
699,616-EST,616-EST WP,WP199,WP,BEYOND PARADISE - ESTEE LAUDER,Fragrances For Women,9.0,616-EST Inspired by the fragrance notes of BEYOND PARADISE - ESTEE LAUDER.,https://leparfum.com.gr/en/fragrances-for-women/616-est-wp,2026-08-20,2026-08-20,ACTIVE,Choose+Bottle+Extra Essence,SHOBI_LIVE_SHOW_ALL
698,614-EST,614-EST WP,WP198,WP,BEAUTIFUL - ESTEE LAUDER,Fragrances For Women,9.0,614-EST Inspired by the fragrance notes of BEAUTIFUL - ESTEE LAUDER.,https://leparfum.com.gr/en/fragrances-for-women/614-est-wp,2026-08-20,2026-08-20,ACTIVE,Choose+Bottle+Extra Essence,SHOBI_LIVE_SHOW_ALL
697,613-ESC,613-ESC WP,WP197,WP,,Fragrances For Women,9.0,TURQUOISE SUMMER - ESCADA.,https://leparfum.com.gr/en/fragrances-for-women/turquoise-summer-escada-fragrance,2026-08-20,2026-08-20,ACTIVE,Choose+Bottle+Extra Essence,SHOBI_LIVE_SHOW_ALL
696,612-ESC,612-ESC WP,WP196,WP,,Fragrances For Women,9.0,TURQUOISE - ESCADA Type,https://leparfum.com.gr/en/fragrances-for-women/turquoise-escada-type,2026-08-20,2026-08-20,ACTIVE,Choose+Bottle+Extra Essence,SHOBI_LIVE_SHOW_ALL
695,611-ESC,611-ESC WP,WP195,WP,TAJ SUNSET - ESCADA,Fragrances For Women,9.0,Inspired by the fragrance notes of TAJ SUNSET - ESCADA.,https://leparfum.com.gr/en/fragrances-for-women/taj-sunset-escada-type,2026-08-20,2026-08-20,ACTIVE,Choose+Bottle+Extra Essence,SHOBI_LIVE_SHOW_ALL
694,610-ESC,610-ESC WP,WP194,WP,SORBETTO ROSSO - ESCADA,Fragrances For Women,9.0,Inspired by the fragrance notes of SORBETTO ROSSO - ESCADA.,https://leparfum.com.gr/en/fragrances-for-women/sorbetto-rosso-escada-type,2026-08-20,2026-08-20,ACTIVE,Choose+Bottle+Extra Essence,SHOBI_LIVE_SHOW_ALL
693,607-ESC,607-ESC WP,WP193,WP,MARINE GROOVE - ESCADA,Fragrances For Women,9.0,Inspired by the fragrance notes of MARINE GROOVE - ESCADA.,https://leparfum.com.gr/en/fragrances-for-women/marine-groove-escada-type,2026-08-20,2026-08-20,ACTIVE,Choose+Bottle+Extra Essence,SHOBI_LIVE_SHOW_ALL
692,606-ESC,606-ESC WP,WP192,WP,MARGARETHA LEY (CLASSIC) - ESCADA,Fragrances For Women,9.0,Inspired by the fragrance notes of MARGARETHA LEY (CLASSIC) - ESCADA.,https://leparfum.com.gr/en/fragrances-for-women/margaretha-ley-classic-escada-type,2026-08-20,2026-08-20,ACTIVE,Choose+Bottle+Extra Essence,SHOBI_LIVE_SHOW_ALL
691,604-ESC,604-ESC WP,WP191,WP,MAGNETISM - ESCADA,Fragrances For Women,9.0,604-ESC WP Inspired by the fragrance notes of MAGNETISM - ESCADA.,https://leparfum.com.gr/en/fragrances-for-women/604-esc-wp,2026-08-20,2026-08-20,ACTIVE,Choose+Bottle+Extra Essence,SHOBI_LIVE_SHOW_ALL
690,603-ESC,603-ESC WP,WP190,WP,INCREDIBLE ME - ESCADA,Fragrances For Women,9.0,603-ESC WP Inspired by the fragrance notes of INCREDIBLE ME - ESCADA.,https://leparfum.com.gr/en/fragrances-for-women/603-esc-wp,2026-08-20,2026-08-20,ACTIVE,Choose+Bottle+Extra Essence,SHOBI_LIVE_SHOW_ALL
689,602-ESC,602-ESC WP,WP189,WP,JOYFUL - ESCADA,Fragrances For Women,9.0,602-ESC WP Inspired by the fragrance notes of JOYFUL - ESCADA.,https://leparfum.com.gr/en/fragrances-for-women/602-esc-wp,2026-08-20,2026-08-20,ACTIVE,Choose+Bottle+Extra Essence,SHOBI_LIVE_SHOW_ALL
688,600-ESC,600-ESC WP,WP188,WP,FIESTA CARIOCA - ESCADA,Fragrances For Women,9.0,600-ESC WP Inspired by the fragrance notes of FIESTA CARIOCA - ESCADA.,https://leparfum.com.gr/en/fragrances-for-women/600-esc-wp,2026-08-20,2026-08-20,ACTIVE,Choose+Bottle+Extra Essence,SHOBI_LIVE_SHOW_ALL
687,599-ESC,599-ESC WP,WP187,WP,CHERRY IN THE AIR - ESCADA,Fragrances For Women,9.0,599-ESC WP Inspired by the fragrance notes of CHERRY IN THE AIR - ESCADA.,https://leparfum.com.gr/en/fragrances-for-women/599-esc-wp,2026-08-20,2026-08-20,ACTIVE,Choose+Bottle+Extra Essence,SHOBI_LIVE_SHOW_ALL
686,598-ESC,598-ESC WP,WP186,WP,the fragrance notes ofCELEBRATE NOW - ESCADA,Fragrances For Women,9.0,598-ESC WP Inspired by the fragrance notes ofCELEBRATE NOW - ESCADA.,https://leparfum.com.gr/en/fragrances-for-women/598-esc-wp,2026-08-20,2026-08-20,ACTIVE,Choose+Bottle+Extra Essence,SHOBI_LIVE_SHOW_ALL
685,597-ESC,597-ESC WP,WP185,WP,BORN IN PARADISE,Fragrances For Women,9.0,"597-ESC WP Inspired by the fragrance notes of BORN IN PARADISE. Summer, tropical, coconut, pina colada perfume!",https://leparfum.com.gr/en/fragrances-for-women/summer_fragrance,2026-08-20,2026-08-20,ACTIVE,Choose+Bottle+Extra Essence,SHOBI_LIVE_SHOW_ALL
684,596-ESC,596-ESC WP,WP184,WP,AGUA DEL SOL,Fragrances For Women,9.0,596-ESC WP Inspired by the fragrance notes of AGUA DEL SOL.,https://leparfum.com.gr/en/fragrances-for-women/596-esc-wp,2026-08-20,2026-08-20,ACTIVE,Choose+Bottle+Extra Essence,SHOBI_LIVE_SHOW_ALL
683,595-EMIL,595-EMIL WP,WP183,WP,EMILIO PUCCI,Fragrances For Women,9.0,595-EMIL WP Inspired by the fragrance notes of EMILIO PUCCI.,https://leparfum.com.gr/en/fragrances-for-women/595-emil-wp,2026-08-20,2026-08-20,ACTIVE,Choose+Bottle+Extra Essence,SHOBI_LIVE_SHOW_ALL
682,594-EMAN,594-EMAN WP,WP182,WP,DIVA - EMANOUEL UNGARO,Fragrances For Women,9.0,594-EMAN WP Inspired by the fragrance notes of DIVA - EMANOUEL UNGARO.,https://leparfum.com.gr/en/fragrances-for-women/594-eman-wp,2026-08-20,2026-08-20,ACTIVE,Choose+Bottle+Extra Essence,SHOBI_LIVE_SHOW_ALL
681,593-ELZT,593-ELZT WP,WP181,WP,,Fragrances For Women,9.0,"Elizabeth Taylor's inspired fragrance has motivated many other celebrities to launch their own perfumes. White Diamonds is a sheer floral fragrance, an example of top classics. The harmony of flowers and aldehydes in the top notes, together with the sharp base, give this fragrance an elegant vintage nuance.",https://leparfum.com.gr/en/fragrances-for-women/white-diamonds-elizabeth-taylor-type,2026-08-20,2026-08-20,ACTIVE,Choose+Bottle+Extra Essence,SHOBI_LIVE_SHOW_ALL
680,592-ELIZ,592-ELIZ WP,WP180,WP,,Fragrances For Women,9.0,RED DOOR - ELIZABETH ARDEN Type,https://leparfum.com.gr/en/fragrances-for-women/red-door-elizabeth-arden-type,2026-08-20,2026-08-20,ACTIVE,Choose+Bottle+Extra Essence,SHOBI_LIVE_SHOW_ALL
679,591-ELIZ,591-ELIZ WP,WP179,WP,,Fragrances For Women,9.0,GREEN TEA YUZU - ELIZABETH ARDEN Type,https://leparfum.com.gr/en/fragrances-for-women/green-tea-yuzu-elizabeth-arden-type,2026-08-20,2026-08-20,ACTIVE,Choose+Bottle+Extra Essence,SHOBI_LIVE_SHOW_ALL
678,590-ELIZ,590-ELIZ WP,WP178,WP,,Fragrances For Women,9.0,5th AVENUE - ELIZABETH.,https://leparfum.com.gr/en/fragrances-for-women/avenue-elizabeth-arden-type,2026-08-20,2026-08-20,ACTIVE,Choose+Bottle+Extra Essence,SHOBI_LIVE_SHOW_ALL
677,588-ELI,588-ELI WP,WP177,WP,,Fragrances For Women,9.0,"With notes of orange blossom, jasmine absolute and edarwood-honey rose accord, Elie Saab Le Parfum celebrates the splendour and radiance of a glowing feminity.",https://leparfum.com.gr/en/fragrances-for-women/elie-saab-la-parfum-elie-saab-type,2026-08-20,2026-08-20,ACTIVE,Choose+Bottle+Extra Essence,SHOBI_LIVE_SHOW_ALL
676,587-DSQ,587-DSQ WP,WP176,WP,,Fragrances For Women,9.0,WANT PINK GINGER - DSQUARED Type,https://leparfum.com.gr/en/fragrances-for-women/want-pink-ginger-dsquared-type,2026-08-20,2026-08-20,ACTIVE,Choose+Bottle+Extra Essence,SHOBI_LIVE_SHOW_ALL
675,586-DSQ,586-DSQ WP,WP175,WP,,Fragrances For Women,9.0,WANT - DSQUARED.,https://leparfum.com.gr/en/fragrances-for-women/want-dsquared-type,2026-08-20,2026-08-20,ACTIVE,Choose+Bottle+Extra Essence,SHOBI_LIVE_SHOW_ALL
674,585-DSQ,585-DSQ WP,WP174,WP,,Fragrances For Women,9.0,SHE WOOD - DSQUARED Type,https://leparfum.com.gr/en/fragrances-for-women/she-wood-dsquared-type,2026-08-20,2026-08-20,ACTIVE,Choose+Bottle+Extra Essence,SHOBI_LIVE_SHOW_ALL
673,584-DSQ,584-DSQ WP,WP173,WP,,Fragrances For Women,9.0,POTION FOR WOMEN - DSQUARED Clone,https://leparfum.com.gr/en/fragrances-for-women/potion-for-women-dsquared-clone,2026-08-20,2026-08-20,ACTIVE,Choose+Bottle+Extra Essence,SHOBI_LIVE_SHOW_ALL
671,582-DON,582-DON WP,WP171,WP,,Fragrances For Women,9.0,NECTAR LOVE - DKNY Similar,https://leparfum.com.gr/en/fragrances-for-women/nectar-love-dkny-similar,2026-08-20,2026-08-20,ACTIVE,Choose+Bottle+Extra Essence,SHOBI_LIVE_SHOW_ALL
670,581-DON,581-DON WP,WP170,WP,MY NY - Donna Karan,Fragrances For Women,9.0,581-DON Inspired by the fragrance notes of MY NY - Donna Karan.,https://leparfum.com.gr/en/fragrances-for-women/581-don-wp,2026-08-20,2026-08-20,ACTIVE,Choose+Bottle+Extra Essence,SHOBI_LIVE_SHOW_ALL
669,580-DON,580-DON WP,WP169,WP,GOLDEN DELICIOUS - DKNY,Fragrances For Women,9.0,580-DON Inspired by the fragrance notes of GOLDEN DELICIOUS - DKNY.,https://leparfum.com.gr/en/fragrances-for-women/580-don-wp,2026-08-20,2026-08-20,ACTIVE,Choose+Bottle+Extra Essence,SHOBI_LIVE_SHOW_ALL
668,579-DON,579-DON WP,WP168,WP,FRUITY ROOTY - DKNY,Fragrances For Women,9.0,579-DON Inspired by the fragrance notes of FRUITY ROOTY - DKNY.,https://leparfum.com.gr/en/fragrances-for-women/579-don-wp,2026-08-20,2026-08-20,ACTIVE,Choose+Bottle+Extra Essence,SHOBI_LIVE_SHOW_ALL
667,578-DON,578-DON WP,WP167,WP,DKNY,Fragrances For Women,9.0,578-DON Inspired by the fragrance notes of DKNY.,https://leparfum.com.gr/en/fragrances-for-women/578-don-wp,2026-08-20,2026-08-20,ACTIVE,Choose+Bottle+Extra Essence,SHOBI_LIVE_SHOW_ALL
666,577-DON,577-DON WP,WP166,WP,CASHMERE MIST - DKNY,Fragrances For Women,9.0,577-DON Inspired by the fragrance notes of CASHMERE MIST - DKNY.,https://leparfum.com.gr/en/fragrances-for-women/577-don-wp,2026-08-20,2026-08-20,ACTIVE,Choose+Bottle+Extra Essence,SHOBI_LIVE_SHOW_ALL
665,576-DON,576-DON WP,WP165,WP,,Fragrances For Women,9.0,BLACK CASHMERE - DKNY Clone,https://leparfum.com.gr/en/fragrances-for-women/black-cashmere-dkny-clone,2026-08-20,2026-08-20,ACTIVE,Choose+Bottle+Extra Essence,SHOBI_LIVE_SHOW_ALL
664,575-DON,575-DON WP,WP164,WP,BE TEMPTED - DKNY,Fragrances For Women,9.0,575-DON Inspired by the fragrance notes of BE TEMPTED - DKNY.,https://leparfum.com.gr/en/fragrances-for-women/575-don-wp,2026-08-20,2026-08-20,ACTIVE,Choose+Bottle+Extra Essence,SHOBI_LIVE_SHOW_ALL
663,574-DON,574-DON WP,WP163,WP,BE DELICIOUS - DKNY,Fragrances For Women,9.0,574-DON Inspired by the fragrance notes of BE DELICIOUS - DKNY.,https://leparfum.com.gr/en/fragrances-for-women/574-don-wp,2026-08-20,2026-08-20,ACTIVE,Choose+Bottle+Extra Essence,SHOBI_LIVE_SHOW_ALL
662,573-DIE,573-DIE W,WP162,WP,LOVERDOSE RED KISS - DIESEL,Fragrances For Women,9.0,573-DIE W Inspired by the fragrance notes of LOVERDOSE RED KISS - DIESEL.,https://leparfum.com.gr/en/fragrances-for-women/573-die-w,2026-08-20,2026-08-20,ACTIVE,Choose+Bottle+Extra Essence,SHOBI_LIVE_SHOW_ALL
661,572-DIE,572-DIE W Fragrance,WP161,WP,LOVERDOS,Fragrances For Women,9.0,Inspired by the fragrance notes of LOVERDOS,https://leparfum.com.gr/en/fragrances-for-women/572-die-w-fragrance,2026-08-20,2026-08-20,ACTIVE,Choose+Bottle+Extra Essence,SHOBI_LIVE_SHOW_ALL
660,571-DAV,571-DAV WP,WP160,WP,,Fragrances For Women,9.0,COOL WATER - DAVIDOFF Perfume Type,https://leparfum.com.gr/en/fragrances-for-women/woman-cool-water-davidoff-type,2026-08-20,2026-08-20,ACTIVE,Choose+Bottle+Extra Essence,SHOBI_LIVE_SHOW_ALL
659,570-DOL,570-DOL WP,WP159,WP,(RED CUP),Fragrances For Women,9.0,570-DOL Inspired by the fragrance notes of (RED CUP).,https://leparfum.com.gr/en/fragrances-for-women/570-dol-wp,2026-08-20,2026-08-20,ACTIVE,Choose+Bottle+Extra Essence,SHOBI_LIVE_SHOW_ALL
658,569-DOL,569-DOL W,WP158,WP,THE ONLY ONE,Fragrances For Women,9.0,569-DOL W Inspired by the fragrance notes of THE ONLY ONE.,https://leparfum.com.gr/en/fragrances-for-women/569-dol-w,2026-08-20,2026-08-20,ACTIVE,Choose+Bottle+Extra Essence,SHOBI_LIVE_SHOW_ALL
657,568-DOL,568-DOL WP,WP157,WP,THE ONE ESSENCE,Fragrances For Women,9.0,568-DOL Inspired by the fragrance notes of THE ONE ESSENCE.,https://leparfum.com.gr/en/fragrances-for-women/568-dol-wp,2026-08-20,2026-08-20,ACTIVE,Choose+Bottle+Extra Essence,SHOBI_LIVE_SHOW_ALL
656,567-DOL,567-DOL WP,WP156,WP,THE ONE DESIRE,Fragrances For Women,9.0,567-DOL Inspired by the fragrance notes of THE ONE DESIRE.,https://leparfum.com.gr/en/fragrances-for-women/567-dol-wp,2026-08-20,2026-08-20,ACTIVE,Choose+Bottle+Extra Essence,SHOBI_LIVE_SHOW_ALL
655,566-DOL,566-DOL WP,WP155,WP,The One,Fragrances For Women,9.0,"566-DOL WP inspired by the fragrance notes of The One. Woman fragrance fruity, white floral, vanilla, powdery, sweet, amber, citrus.",https://leparfum.com.gr/en/fragrances-for-women/566-dol-wp,2026-08-20,2026-08-20,ACTIVE,Choose+Bottle+Extra Essence,SHOBI_LIVE_SHOW_ALL
654,565-DOL,565-DOL WP,WP154,WP,SICILY,Fragrances For Women,9.0,"565-DOL WP Inspired by the fragrance notes of SICILY. Woman fragrance white floral, fruity, fresh spicy, powdery, floral, sweet, citrus, musky.",https://leparfum.com.gr/en/fragrances-for-women/565-dol-wp,2026-08-20,2026-08-20,ACTIVE,Choose+Bottle+Extra Essence,SHOBI_LIVE_SHOW_ALL
653,563-DOL,563-DOL WP,WP153,WP,ROSE THE ONE,Fragrances For Women,9.0,563-DOL Inspired by the fragrance notes of ROSE THE ONE.,https://leparfum.com.gr/en/fragrances-for-women/563-dol-wp,2026-08-20,2026-08-20,ACTIVE,Choose+Bottle+Extra Essence,SHOBI_LIVE_SHOW_ALL
652,562-DOL,562-DOL WP,WP152,WP,POUR FEMME INTENSE,Fragrances For Women,9.0,562-DOL Inspired by the fragrance notes of POUR FEMME INTENSE.,https://leparfum.com.gr/en/fragrances-for-women/562-dol-wp,2026-08-20,2026-08-20,ACTIVE,Choose+Bottle+Extra Essence,SHOBI_LIVE_SHOW_ALL
651,561-DOL,561-DOL WP,WP151,WP,Pour Femme,Fragrances For Women,9.0,"561-DOL WP Inspired by the fragrance notes of Pour Femme. Perfume sweet, powdery, vanilla, fruity, white floral, citrus.",https://leparfum.com.gr/en/fragrances-for-women/561-dol-wp,2026-08-20,2026-08-20,ACTIVE,Choose+Bottle+Extra Essence,SHOBI_LIVE_SHOW_ALL
650,560-DOL,560-DOL W,WP150,WP,LIGHT BLUE SUNSET IN SALINA,Fragrances For Women,9.0,560-DOL W Inspired by the fragrance notes of LIGHT BLUE SUNSET IN SALINA.,https://leparfum.com.gr/en/fragrances-for-women/560-dol-w,2026-08-20,2026-08-20,ACTIVE,Choose+Bottle+Extra Essence,SHOBI_LIVE_SHOW_ALL
649,559-DOL,559-DOL W,WP149,WP,LIGHT BLUE LOVE IN CAPRI,Fragrances For Women,9.0,559-DOL Inspired by the fragrance notes of LIGHT BLUE LOVE IN CAPRI.,https://leparfum.com.gr/en/fragrances-for-women/559-dol-w,2026-08-20,2026-08-20,ACTIVE,Choose+Bottle+Extra Essence,SHOBI_LIVE_SHOW_ALL
648,558-DOL,558-DOL W,WP148,WP,LIGHT BLUE ESCAPE TO PANAREA,Fragrances For Women,9.0,558-DOL Inspired by the fragrance notes of LIGHT BLUE ESCAPE TO PANAREA.,https://leparfum.com.gr/en/fragrances-for-women/558-dol-w,2026-08-20,2026-08-20,ACTIVE,Choose+Bottle+Extra Essence,SHOBI_LIVE_SHOW_ALL
647,557-DOL,557-DOL W,WP147,WP,LIGHT BLUE,Fragrances For Women,9.0,557-DOL W Inspired by the fragrance notes of LIGHT BLUE.,https://leparfum.com.gr/en/fragrances-for-women/557-dol-w,2026-08-20,2026-08-20,ACTIVE,Choose+Bottle+Extra Essence,SHOBI_LIVE_SHOW_ALL
646,556-DOL,556-DOL WP,WP146,WP,L' EAU THE ONE,Fragrances For Women,9.0,556-DOL Inspired by the fragrance notes of L' EAU THE ONE.,https://leparfum.com.gr/en/fragrances-for-women/556-dol-wp,2026-08-20,2026-08-20,ACTIVE,Choose+Bottle+Extra Essence,SHOBI_LIVE_SHOW_ALL
645,555-DOL,555-DOL WP,WP145,WP,DOLCE GARDEN,Fragrances For Women,9.0,555-DOL WP Inspired by the fragrance notes of DOLCE GARDEN. A floral-gourmand fragrance,https://leparfum.com.gr/en/fragrances-for-women/555-dol-wp,2026-08-20,2026-08-20,ACTIVE,Choose+Bottle+Extra Essence,SHOBI_LIVE_SHOW_ALL
644,554-DOL,554-DOL WP,WP144,WP,DOLCE FLORAL DROPS,Fragrances For Women,9.0,554-DOL Inspired by the fragrance notes of DOLCE FLORAL DROPS.,https://leparfum.com.gr/en/fragrances-for-women/554-dol-wp,2026-08-20,2026-08-20,ACTIVE,Choose+Bottle+Extra Essence,SHOBI_LIVE_SHOW_ALL
642,552-DOL,552-DOL WP,WP142,WP,ANTHOLOGY L'IMPERATRICE 3,Fragrances For Women,9.0,552-DOL Inspired by the fragrance notes of ANTHOLOGY L'IMPERATRICE 3.,https://leparfum.com.gr/en/fragrances-for-women/552-dol-wp,2026-08-20,2026-08-20,ACTIVE,Choose+Bottle+Extra Essence,SHOBI_LIVE_SHOW_ALL
641,551-COUR,551-COUR WP,WP141,WP,HYPERBOLE - COURREGES,Fragrances For Women,9.0,inspired by the fragrance notes of HYPERBOLE - COURREGES.,https://leparfum.com.gr/en/fragrances-for-women/hyperbole-courreges-type,2026-08-20,2026-08-20,ACTIVE,Choose+Bottle+Extra Essence,SHOBI_LIVE_SHOW_ALL
640,550-COA,550-COA WP,WP140,WP,COACH THE FRAGRANCE - COACH,Fragrances For Women,9.0,inspired by the fragrance notes of COACH THE FRAGRANCE - COACH.,https://leparfum.com.gr/en/fragrances-for-women/coach-the-fragrance-coach-clone,2026-08-20,2026-08-20,ACTIVE,Choose+Bottle+Extra Essence,SHOBI_LIVE_SHOW_ALL
639,549-CLI,549-CLI WP,WP139,WP,SIMPLY - CLINIQUE,Fragrances For Women,9.0,Inspired by the fragrance notes of SIMPLY - CLINIQUE.,https://leparfum.com.gr/en/fragrances-for-women/simply-clinique-fragrance-dupe,2026-08-20,2026-08-20,ACTIVE,Choose+Bottle+Extra Essence,SHOBI_LIVE_SHOW_ALL
638,548-CLI,548-CLI WP,WP138,WP,HAPPY - CLINIQUE,Fragrances For Women,9.0,Inspired by the fragrance notes of HAPPY - CLINIQUE.,https://leparfum.com.gr/en/fragrances-for-women/happy-woman-clinique-type,2026-08-20,2026-08-20,ACTIVE,Choose+Bottle+Extra Essence,SHOBI_LIVE_SHOW_ALL
637,547-CLI,547-CLI WP,WP137,WP,BEYOND ROSE - CLINIQUE,Fragrances For Women,9.0,Inspired by the fragrance notes of BEYOND ROSE - CLINIQUE.,https://leparfum.com.gr/en/fragrances-for-women/beyond-rose-clinique-clone,2026-08-20,2026-08-20,ACTIVE,Choose+Bottle+Extra Essence,SHOBI_LIVE_SHOW_ALL
636,546-CLI,546-CLI WP,WP136,WP,AROMATICS IN WHITE - CLINIQUE,Fragrances For Women,9.0,Inspired by the fragrance notes of AROMATICS IN WHITE - CLINIQUE.,https://leparfum.com.gr/en/fragrances-for-women/aromatics-in-white-clinique-type,2026-08-20,2026-08-20,ACTIVE,Choose+Bottle+Extra Essence,SHOBI_LIVE_SHOW_ALL
635,545-CLI,545-CLI WP,WP135,WP,AROMATICS ELIXIR - CLINIQUE,Fragrances For Women,9.0,Inspired by the fragrance notes of AROMATICS ELIXIR - CLINIQUE.,https://leparfum.com.gr/en/fragrances-for-women/aromatics-elixir-clinique-clone,2026-08-20,2026-08-20,ACTIVE,Choose+Bottle+Extra Essence,SHOBI_LIVE_SHOW_ALL
634,544-DRC,544-DRC W,WP134,WP,TENDRE POISON,Fragrances For Women,9.0,544-DRC W Inspired by the fragrance notes of TENDRE POISON.,https://leparfum.com.gr/en/fragrances-for-women/544-drc-w,2026-08-20,2026-08-20,ACTIVE,Choose+Bottle+Extra Essence,SHOBI_LIVE_SHOW_ALL
633,542-DRC,542-DRC W,WP133,WP,PURE POISON,Fragrances For Women,9.0,542-DRC W Inspired by the fragrance notes of PURE POISON.,https://leparfum.com.gr/en/fragrances-for-women/542-drc-w,2026-08-20,2026-08-20,ACTIVE,Choose+Bottle+Extra Essence,SHOBI_LIVE_SHOW_ALL
632,541-DRC,541-DRC W,WP132,WP,POISON GIRL,Fragrances For Women,9.0,541-DRC W Inspired by the fragrance notes of POISON GIRL,https://leparfum.com.gr/en/fragrances-for-women/541-drc-w,2026-08-20,2026-08-20,ACTIVE,Choose+Bottle+Extra Essence,SHOBI_LIVE_SHOW_ALL
631,540-DRC,540-DRC W,WP131,WP,POISON,Fragrances For Women,9.0,540-DRC W Inspired by the fragrance notes of POISON,https://leparfum.com.gr/en/fragrances-for-women/540-drc-w,2026-08-20,2026-08-20,ACTIVE,Choose+Bottle+Extra Essence,SHOBI_LIVE_SHOW_ALL
630,537-DRC,537-DRC W,WP130,WP,Fragrance MISS CHERIE,Fragrances For Women,9.0,537-DRC W Inspired by the fragrance notes of Fragrance MISS CHERIE,https://leparfum.com.gr/en/fragrances-for-women/537-drc-w,2026-08-20,2026-08-20,ACTIVE,Choose+Bottle+Extra Essence,SHOBI_LIVE_SHOW_ALL
629,536-DRC,536-DRC W,WP129,WP,BLOOMING BOUQUET,Fragrances For Women,9.0,"536-DRC W Inspired by the fragrance notes of BLOOMING BOUQUET. Fragrance floral, rose, fresh, fruity, musky, powdery, citrus, sweet.",https://leparfum.com.gr/en/fragrances-for-women/536-drc-w,2026-08-20,2026-08-20,ACTIVE,Choose+Bottle+Extra Essence,SHOBI_LIVE_SHOW_ALL
628,535-DRC,535-DRC W,WP128,WP,MISS ABSOLUTELY BLOOMING,Fragrances For Women,9.0,535-DRC W Inspired by the fragrance notes of MISS ABSOLUTELY BLOOMING,https://leparfum.com.gr/en/fragrances-for-women/535-drc-w,2026-08-20,2026-08-20,ACTIVE,Choose+Bottle+Extra Essence,SHOBI_LIVE_SHOW_ALL
627,534-DRC,534-DRC W,WP127,WP,MISS,Fragrances For Women,9.0,534-DRC W Inspired by the fragrance notes of MISS. Flowery fragrance.,https://leparfum.com.gr/en/fragrances-for-women/534-drc-w,2026-08-20,2026-08-20,ACTIVE,Choose+Bottle+Extra Essence,SHOBI_LIVE_SHOW_ALL
626,533-DRC,533-DRC W,WP126,WP,MIDNIGHT POISON,Fragrances For Women,9.0,533-DRC W Inspired by the fragrance notes of MIDNIGHT POISON.,https://leparfum.com.gr/en/fragrances-for-women/533-drc-w,2026-08-20,2026-08-20,ACTIVE,Choose+Bottle+Extra Essence,SHOBI_LIVE_SHOW_ALL
625,532-DRC,532-DRC W,WP125,WP,JOY,Fragrances For Women,9.0,"532-DRC W Inspired by the fragrance notes of JOY. Vibrant smile of flowers and citrus fruits, the smooth caress of woods and the serenity of musks.",https://leparfum.com.gr/en/fragrances-for-women/532-drc-w,2026-08-20,2026-08-20,ACTIVE,Choose+Bottle+Extra Essence,SHOBI_LIVE_SHOW_ALL
624,531-DRC,531-DRC W,WP124,WP,J' ADORE IN JOY,Fragrances For Women,9.0,531-DRC W Inspired by the fragrance notes of J' ADORE IN JOY. Floral with a salty taste.,https://leparfum.com.gr/en/fragrances-for-women/531-drc-w,2026-08-20,2026-08-20,ACTIVE,Choose+Bottle+Extra Essence,SHOBI_LIVE_SHOW_ALL
623,530-DRC,530-DRC W,WP123,WP,J' ADORE,Fragrances For Women,9.0,530-DRC W Inspired by the fragrance notes of J' ADORE.,https://leparfum.com.gr/en/fragrances-for-women/530-drc-w,2026-08-20,2026-08-20,ACTIVE,Choose+Bottle+Extra Essence,SHOBI_LIVE_SHOW_ALL
622,529-DRC,529-DRC W,WP122,WP,HYPNOTIC POISON EAU SENSUELLE,Fragrances For Women,9.0,529-DRC W Inspired by the fragrance notes of HYPNOTIC POISON EAU SENSUELLE.,https://leparfum.com.gr/en/fragrances-for-women/529-drc-w,2026-08-20,2026-08-20,ACTIVE,Choose+Bottle+Extra Essence,SHOBI_LIVE_SHOW_ALL
621,528-DRC,528-DRC W,WP121,WP,HYPNOTIC POISON,Fragrances For Women,9.0,528-DRC W Inspired by the fragrance notes of HYPNOTIC POISON.,https://leparfum.com.gr/en/fragrances-for-women/528-drc-w,2026-08-20,2026-08-20,ACTIVE,Choose+Bottle+Extra Essence,SHOBI_LIVE_SHOW_ALL
620,527-DRC,527-DRC W,WP120,WP,GRAND BAL,Fragrances For Women,9.0,527-DRC W Inspired by the fragrance notes of GRAND BAL.,https://leparfum.com.gr/en/fragrances-for-women/527-drc-w,2026-08-20,2026-08-20,ACTIVE,Choose+Bottle+Extra Essence,SHOBI_LIVE_SHOW_ALL
619,526-DRC,526-DRC W,WP119,WP,ESCALE A PORTOFINO,Fragrances For Women,9.0,526-DRC W Inspired by the fragrance notes of ESCALE A PORTOFINO,https://leparfum.com.gr/en/fragrances-for-women/526-drc-w,2026-08-20,2026-08-20,ACTIVE,Choose+Bottle+Extra Essence,SHOBI_LIVE_SHOW_ALL
618,525-DRC,525-DRC W,WP118,WP,DUNE,Fragrances For Women,9.0,525-DRC W Inspired by the fragrance notes of DUNE.,https://leparfum.com.gr/en/fragrances-for-women/525-drc-w,2026-08-20,2026-08-20,ACTIVE,Choose+Bottle+Extra Essence,SHOBI_LIVE_SHOW_ALL
617,524-DRC,524-DRC W,WP117,WP,DOLCE VITA,Fragrances For Women,9.0,524-DRC W Inspired by the fragrance notes of DOLCE VITA.,https://leparfum.com.gr/en/fragrances-for-women/524-drc-w,2026-08-20,2026-08-20,ACTIVE,Choose+Bottle+Extra Essence,SHOBI_LIVE_SHOW_ALL
616,521-DRC,521-DRC W,WP116,WP,ADDICT,Fragrances For Women,9.0,521-DRC W Inspired by the fragrance notes of ADDICT.,https://leparfum.com.gr/en/fragrances-for-women/521-drc-w,2026-08-20,2026-08-20,ACTIVE,Choose+Bottle+Extra Essence,SHOBI_LIVE_SHOW_ALL
615,520-CHO,520-CHO WP,WP115,WP,WISH - CHOPARD,Fragrances For Women,9.0,inspired by the fragrance notes of WISH - CHOPARD.,https://leparfum.com.gr/en/fragrances-for-women/wish-chopard-similar-type,2026-08-20,2026-08-20,ACTIVE,Choose+Bottle+Extra Essence,SHOBI_LIVE_SHOW_ALL
614,519-CHO,519-CHO WP,WP114,WP,HAPPY SPIRIT AMIRA D'AMOUR - CHOPARD,Fragrances For Women,9.0,inspired by the fragrance notes of HAPPY SPIRIT AMIRA D'AMOUR - CHOPARD.,https://leparfum.com.gr/en/fragrances-for-women/happy-spirit-amira-chopard-clone,2026-08-20,2026-08-20,ACTIVE,Choose+Bottle+Extra Essence,SHOBI_LIVE_SHOW_ALL
613,518-CHO,518-CHO WP,WP113,WP,CASMIR - CHOPARD,Fragrances For Women,9.0,inspired by the fragrance notes of CASMIR - CHOPARD.,https://leparfum.com.gr/en/fragrances-for-women/casmir-chopard-type,2026-08-20,2026-08-20,ACTIVE,Choose+Bottle+Extra Essence,SHOBI_LIVE_SHOW_ALL
612,517-CHL,517-CHL WP,WP112,WP,SEE - CHLOE,Fragrances For Women,9.0,517-CHL WP Inspired by the fragrance notes of SEE - CHLOE.,https://leparfum.com.gr/en/fragrances-for-women/517-chl-wp,2026-08-20,2026-08-20,ACTIVE,Choose+Bottle+Extra Essence,SHOBI_LIVE_SHOW_ALL
611,516-CHL,516-CHL WP,WP111,WP,ROSES DE CHLOE - CHLOE,Fragrances For Women,9.0,516-CHL WP Inspired by the fragrance notes of ROSES DE CHLOE - CHLOE.,https://leparfum.com.gr/en/fragrances-for-women/516-chl-wp,2026-08-20,2026-08-20,ACTIVE,Choose+Bottle+Extra Essence,SHOBI_LIVE_SHOW_ALL
610,515-CHL,515-CHL WP,WP110,WP,NOMADE - CHLOE,Fragrances For Women,9.0,515-CHL WP Inspired by the fragrance notes of NOMADE - CHLOE.,https://leparfum.com.gr/en/fragrances-for-women/515-chl-wp,2026-08-20,2026-08-20,ACTIVE,Choose+Bottle+Extra Essence,SHOBI_LIVE_SHOW_ALL
609,514-CHL,514-CHL WP,WP109,WP,LOVE STORY - CHLOE,Fragrances For Women,9.0,514-CHL WP Inspired by the fragrance notes of LOVE STORY - CHLOE.,https://leparfum.com.gr/en/fragrances-for-women/514-chl-wp,2026-08-20,2026-08-20,ACTIVE,Choose+Bottle+Extra Essence,SHOBI_LIVE_SHOW_ALL
608,513-CHL,513-CHL WP,WP108,WP,LOVE - CHLOE,Fragrances For Women,9.0,513-CHL WP Inspired by the fragrance notes of LOVE - CHLOE.,https://leparfum.com.gr/en/fragrances-for-women/513-chl-wp,2026-08-20,2026-08-20,ACTIVE,Choose+Bottle+Extra Essence,SHOBI_LIVE_SHOW_ALL
607,512-CHL,512-CHL WP,WP107,WP,L'EAU DE CHLOE,Fragrances For Women,9.0,512-CHL WP Inspired by the fragrance notes of L'EAU DE CHLOE.,https://leparfum.com.gr/en/fragrances-for-women/512-chl-wp,2026-08-20,2026-08-20,ACTIVE,Choose+Bottle+Extra Essence,SHOBI_LIVE_SHOW_ALL
606,511-CHL,511-CHL WP,WP106,WP,FLEUR DE PARFUM - CHLOE,Fragrances For Women,9.0,511-CHL WP Inspired by the fragrance notes of FLEUR DE PARFUM - CHLOE.,https://leparfum.com.gr/en/fragrances-for-women/511-chl-wp,2026-08-20,2026-08-20,ACTIVE,Choose+Bottle+Extra Essence,SHOBI_LIVE_SHOW_ALL
605,510-CHL,510-CHL WP,WP105,WP,Chloé,Fragrances For Women,9.0,510-CHL WP Inspired by the fragrance notes of Chloé.,https://leparfum.com.gr/en/fragrances-for-women/510-chl-wp,2026-08-20,2026-08-20,ACTIVE,Choose+Bottle+Extra Essence,SHOBI_LIVE_SHOW_ALL
604,509-CHA,509-CHA W,WP104,WP,GABRIELLE,Fragrances For Women,9.0,"509-CHA Inspired by the fragrance notes of GABRIELLE. Ylang-ylang, Jasmine, Orange blossom, Grasse tuberose, Mandarin, Grapefruit, Blackcurrant, Sandalwood, Musk",https://leparfum.com.gr/en/fragrances-for-women/509-cha-w,2026-08-20,2026-08-20,ACTIVE,Choose+Bottle+Extra Essence,SHOBI_LIVE_SHOW_ALL
603,508-CHA,508-CHA W,WP103,WP,the fragrance Coco Black,Fragrances For Women,9.0,508-CHA W Inspired by the fragrance Coco Black.,https://leparfum.com.gr/en/fragrances-for-women/508-cha-w,2026-08-20,2026-08-20,ACTIVE,Choose+Bottle+Extra Essence,SHOBI_LIVE_SHOW_ALL
602,507-CHA,507-CHA W,WP102,WP,COCON MADEM INTENSE,Fragrances For Women,9.0,507-CHA W Inspired by the fragrance of COCON MADEM INTENSE.,https://leparfum.com.gr/en/fragrances-for-women/507-cha-w,2026-08-20,2026-08-20,ACTIVE,Choose+Bottle+Extra Essence,SHOBI_LIVE_SHOW_ALL
601,506-CHA,506-CHA W,WP101,WP,COCON MADEM,Fragrances For Women,9.0,506-CHA W Inspired by the fragrance of COCON MADEM.,https://leparfum.com.gr/en/fragrances-for-women/506-cha-w,2026-08-20,2026-08-20,ACTIVE,Choose+Bottle+Extra Essence,SHOBI_LIVE_SHOW_ALL
600,505-CHA,505-CHA W,WP100,WP,COCO EAUDEPARFUM,Fragrances For Women,9.0,505-CHA W Inspired by the fragrance of COCO EAUDEPARFUM,https://leparfum.com.gr/en/fragrances-for-women/505-cha-w,2026-08-20,2026-08-20,ACTIVE,Choose+Bottle+Extra Essence,SHOBI_LIVE_SHOW_ALL
599,504-CHA,504-CHA W,WP099,WP,Five L'EAU,Fragrances For Women,9.0,"504-CHA W Inspired by the fragrance of Five L'EAU. Citrus, aldehydic",https://leparfum.com.gr/en/fragrances-for-women/504-cha-w,2026-08-20,2026-08-20,ACTIVE,Choose+Bottle+Extra Essence,SHOBI_LIVE_SHOW_ALL
598,503-CHA,503-CHA W,WP098,WP,No 5 EAU PREMIER,Fragrances For Women,9.0,503-CHA W inspired by the fragrance of No 5 EAU PREMIER.,https://leparfum.com.gr/en/fragrances-for-women/503-cha-w,2026-08-20,2026-08-20,ACTIVE,Choose+Bottle+Extra Essence,SHOBI_LIVE_SHOW_ALL
597,502-CHA,502-CHA W,WP097,WP,No 5,Fragrances For Women,9.0,502-CHA W Inspired by the fragrance of No 5.,https://leparfum.com.gr/en/fragrances-for-women/502-cha-w,2026-08-20,2026-08-20,ACTIVE,Choose+Bottle+Extra Essence,SHOBI_LIVE_SHOW_ALL
596,501-CHA,501-CHA W,WP096,WP,No 19 POUDRE,Fragrances For Women,9.0,501-CHA W Inspired by the fragrance of No 19 POUDRE.,https://leparfum.com.gr/en/fragrances-for-women/501-cha-w,2026-08-20,2026-08-20,ACTIVE,Choose+Bottle+Extra Essence,SHOBI_LIVE_SHOW_ALL
595,500-CHA,500-CHA W,WP095,WP,No 19,Fragrances For Women,9.0,500-CHA W Inspired by the fragrance of No 19.,https://leparfum.com.gr/en/fragrances-for-women/500-cha-w,2026-08-20,2026-08-20,ACTIVE,Choose+Bottle+Extra Essence,SHOBI_LIVE_SHOW_ALL
594,499-CHA,499-CHA,WP094,WP,CHANCE EAU TENDRE,Fragrances For Women,9.0,499-CHA W Inspired by the fragrance of CHANCE EAU TENDRE,https://leparfum.com.gr/en/fragrances-for-women/499-cha,2026-08-20,2026-08-20,ACTIVE,Choose+Bottle+Extra Essence,SHOBI_LIVE_SHOW_ALL
593,498-CHA,498-CHA W,WP093,WP,CHANCE EAU FRAICHE,Fragrances For Women,9.0,"498-CHA W Inspired by the fragrance of CHANCE EAU FRAICHE. Fragrance woody, citrus, aromatic, floral, musky, powdery, earthy, white floral, patchouli, soft spicy.",https://leparfum.com.gr/en/fragrances-for-women/498-cha-w,2026-08-20,2026-08-20,ACTIVE,Choose+Bottle+Extra Essence,SHOBI_LIVE_SHOW_ALL
592,497-CHA,497-CHA W,WP092,WP,CHANCE,Fragrances For Women,9.0,497-CHA W Inspired by the fragrance of CHANCE.,https://leparfum.com.gr/en/fragrances-for-women/497-cha-w,2026-08-20,2026-08-20,ACTIVE,Choose+Bottle+Extra Essence,SHOBI_LIVE_SHOW_ALL
591,1068-CHA,1068-CHA W,WP091,WP,Boy,Fragrances For Women,9.0,"1068-CHA W Inspired by the fragrance of Boy. Unisex perfume aromatic, powdery, fresh spicy, vanilla, citrus, lavender, woody, musky, rose, warm spicy.",https://leparfum.com.gr/en/fragrances-for-women/1068-cha-w,2026-08-20,2026-08-20,ACTIVE,Choose+Bottle+Extra Essence,SHOBI_LIVE_SHOW_ALL
590,494-CHA,494-CHA W,WP090,WP,Allure,Fragrances For Women,9.0,494-CHA W Inspired by the fragrance of Allure.,https://leparfum.com.gr/en/fragrances-for-women/494-cha-w,2026-08-20,2026-08-20,ACTIVE,Choose+Bottle+Extra Essence,SHOBI_LIVE_SHOW_ALL
589,493-CER,493-CER W,WP089,WP,the aromatic notes of 1881 CERRUTI FOR WOMEN,Fragrances For Women,9.0,"493-CER W Inspired by the aromatic notes of 1881 CERRUTI FOR WOMEN. Mimosa, Iris, Jasmine, Violet, Bergamot, Rose, Tuberose, Sandalwood, Vanilla, Musk, Cedar, Amber, Narcissus",https://leparfum.com.gr/en/fragrances-for-women/493-cer-w,2026-08-20,2026-08-20,ACTIVE,Choose+Bottle+Extra Essence,SHOBI_LIVE_SHOW_ALL
588,492-CARV,492-CARV WP,WP088,WP,LE PARFUM - CARVEN,Fragrances For Women,9.0,492-CARV Inspired by the fragrance notes of LE PARFUM - CARVEN.,https://leparfum.com.gr/en/fragrances-for-women/492-carv-wp,2026-08-20,2026-08-20,ACTIVE,Choose+Bottle+Extra Essence,SHOBI_LIVE_SHOW_ALL
585,489-CRT,489-CRT WP,WP085,WP,LA PANTHERE - CARTIER,Fragrances For Women,9.0,489-CRT Mystique Inspired by the fragrance notes of LA PANTHERE - CARTIER.,https://leparfum.com.gr/en/fragrances-for-women/489-crt-wp,2026-08-20,2026-08-20,ACTIVE,Choose+Bottle+Extra Essence,SHOBI_LIVE_SHOW_ALL
584,488-CRT,488-CRT WP,WP084,WP,CARAT - CARTIER,Fragrances For Women,9.0,488-CRT Inspired by the fragrance notes of CARAT - CARTIER.,https://leparfum.com.gr/en/fragrances-for-women/488-crt-wp,2026-08-20,2026-08-20,ACTIVE,Choose+Bottle+Extra Essence,SHOBI_LIVE_SHOW_ALL
583,487-CRT,487-CRT WP,WP083,WP,BAISER VOLE - CARTIER,Fragrances For Women,9.0,487-CRT Inspired by the fragrance notes of BAISER VOLE - CARTIER.,https://leparfum.com.gr/en/fragrances-for-women/487-crt-wp,2026-08-20,2026-08-20,ACTIVE,Choose+Bottle+Extra Essence,SHOBI_LIVE_SHOW_ALL
582,485-CAR,485-CAR WP,WP082,WP,GOOD GIRL,Fragrances For Women,9.0,485-CAR Inspired by the fragrance notes of GOOD GIRL.,https://leparfum.com.gr/en/fragrances-for-women/485-car-wp,2026-08-20,2026-08-20,ACTIVE,Choose+Bottle+Extra Essence,SHOBI_LIVE_SHOW_ALL
581,484-CAR,484-CAR W,WP081,WP,212 WHITE,Fragrances For Women,9.0,484-CAR W Inspired by the fragrance notes of 212 WHITE.,https://leparfum.com.gr/en/fragrances-for-women/484-car-w,2026-08-20,2026-08-20,ACTIVE,Choose+Bottle+Extra Essence,SHOBI_LIVE_SHOW_ALL
580,483-CAR,483-CAR WP,WP080,WP,212 VIP WILD PARTY,Fragrances For Women,9.0,483-CAR Inspired by the fragrance notes of 212 VIP WILD PARTY. Sweet perfume.,https://leparfum.com.gr/en/fragrances-for-women/483-car-wp,2026-08-20,2026-08-20,ACTIVE,Choose+Bottle+Extra Essence,SHOBI_LIVE_SHOW_ALL
579,482-CAR,482-CAR W,WP079,WP,212 vip rose,Fragrances For Women,9.0,482-CAR W inspired by the fragrance notes of 212 vip rose.,https://leparfum.com.gr/en/fragrances-for-women/482-car-w,2026-08-20,2026-08-20,ACTIVE,Choose+Bottle+Extra Essence,SHOBI_LIVE_SHOW_ALL
578,481-CAR,481-CAR W,WP078,WP,212 VIP,Fragrances For Women,9.0,481-CAR W Inspired by the fragrance notes of 212 VIP.,https://leparfum.com.gr/en/fragrances-for-women/481-car-w,2026-08-20,2026-08-20,ACTIVE,Choose+Bottle+Extra Essence,SHOBI_LIVE_SHOW_ALL
577,480-CAR,480-CAR W,WP077,WP,212 SEXY,Fragrances For Women,9.0,480-CAR Inspired by the fragrance notes of 212 SEXY.,https://leparfum.com.gr/en/fragrances-for-women/480-car-w,2026-08-20,2026-08-20,ACTIVE,Choose+Bottle+Extra Essence,SHOBI_LIVE_SHOW_ALL
576,478-CAL,478-CAL WP,WP076,WP,SECRET OBSESSION - CALVIN KLEIN,Fragrances For Women,9.0,478-CAL WP Inspired by the fragrance notes of SECRET OBSESSION - CALVIN KLEIN.,https://leparfum.com.gr/en/fragrances-for-women/478-cal-wp,2026-08-20,2026-08-20,ACTIVE,Choose+Bottle+Extra Essence,SHOBI_LIVE_SHOW_ALL
575,477-CAL,477-CAL WP,WP075,WP,REVEAL - CALVIN KLEIN,Fragrances For Women,9.0,477-CAL WP Inspired by the fragrance notes of REVEAL - CALVIN KLEIN.,https://leparfum.com.gr/en/fragrances-for-women/477-cal-wp,2026-08-20,2026-08-20,ACTIVE,Choose+Bottle+Extra Essence,SHOBI_LIVE_SHOW_ALL
574,1052-CAL,1052-CAL,WP074,WP,ONE SUMMER 2014 - CALVIN KLEIN,Fragrances For Women,9.0,"1052-CAL MP Inspired by the fragrance notes of ONE SUMMER 2014 - CALVIN KLEIN. Unisex perfume citrus, aromatic, sweet, woody, coconut, fresh spicy, ozonic, vanilla, aquatic.",https://leparfum.com.gr/en/fragrances-for-women/1052-cal,2026-08-20,2026-08-20,ACTIVE,Choose+Bottle+Extra Essence,SHOBI_LIVE_SHOW_ALL
573,475-CAL,475-CAL W,WP073,WP,OBSESSION - CALVIN KLEIN,Fragrances For Women,9.0,475-CAL W Inspired by the fragrance notes of OBSESSION - CALVIN KLEIN.,https://leparfum.com.gr/en/fragrances-for-women/475-cal-w,2026-08-20,2026-08-20,ACTIVE,Choose+Bottle+Extra Essence,SHOBI_LIVE_SHOW_ALL
572,474-CAL,474-CAL WP,WP072,WP,OBSESSED - CALVIN KLEIN,Fragrances For Women,9.0,474-CAL WP Inspired by the fragrance notes of OBSESSED - CALVIN KLEIN.,https://leparfum.com.gr/en/fragrances-for-women/474-cal-wp,2026-08-20,2026-08-20,ACTIVE,Choose+Bottle+Extra Essence,SHOBI_LIVE_SHOW_ALL
571,473-CAL,473-CAL WP,WP071,WP,EUPHORIA GOLD-CK,Fragrances For Women,9.0,"473-CAL WP Inspired by the fragrance notes of EUPHORIA GOLD-CK.Μέλι, γλυκό, κουμ κουάτ, βερίκοκο, γαρδένια, νάρκισσος",https://leparfum.com.gr/en/fragrances-for-women/473-cal-wp,2026-08-20,2026-08-20,ACTIVE,Choose+Bottle+Extra Essence,SHOBI_LIVE_SHOW_ALL
570,472-CAL,472-CAL WP,WP070,WP,EUPHORIA - CALVIN KLEIN,Fragrances For Women,9.0,472-CAL WP Inspired by the fragrance notes of EUPHORIA - CALVIN KLEIN.,https://leparfum.com.gr/en/fragrances-for-women/472-cal-wp,2026-08-20,2026-08-20,ACTIVE,Choose+Bottle+Extra Essence,SHOBI_LIVE_SHOW_ALL
569,470-CAL,470-CAL WP,WP069,WP,ETERNITY - CALVIN KLEIN,Fragrances For Women,9.0,470-CAL WP Inspired by the fragrance notes of ETERNITY - CALVIN KLEIN.,https://leparfum.com.gr/en/fragrances-for-women/470-cal-wp,2026-08-20,2026-08-20,ACTIVE,Choose+Bottle+Extra Essence,SHOBI_LIVE_SHOW_ALL
568,469-CAL,469-CAL WP,WP068,WP,ESCAPE - CALVIN KLEIN,Fragrances For Women,9.0,469-CAL WP Inspired by the fragrance notes of ESCAPE - CALVIN KLEIN.,https://leparfum.com.gr/en/fragrances-for-women/469-cal-wp,2026-08-20,2026-08-20,ACTIVE,Choose+Bottle+Extra Essence,SHOBI_LIVE_SHOW_ALL
567,468-CAL,468-CAL WP,WP067,WP,DOWN TOWN - CALVIN KLEIN,Fragrances For Women,9.0,468-CAL WP Inspired by the fragrance notes of DOWN TOWN - CALVIN KLEIN.,https://leparfum.com.gr/en/fragrances-for-women/468-cal-wp,2026-08-20,2026-08-20,ACTIVE,Choose+Bottle+Extra Essence,SHOBI_LIVE_SHOW_ALL
566,467-CAL,467-CAL WP,WP066,WP,CONTRADICTION - CALVIN KLEIN,Fragrances For Women,9.0,467-CAL WP Inspired by the fragrance notes of CONTRADICTION - CALVIN KLEIN.,https://leparfum.com.gr/en/fragrances-for-women/467-cal-wp,2026-08-20,2026-08-20,ACTIVE,Choose+Bottle+Extra Essence,SHOBI_LIVE_SHOW_ALL
565,465-CAL,465-CAL WP,WP065,WP,BEAUTY - CALVIN KLEIN,Fragrances For Women,9.0,465-CAL WP Inspired by the fragrance notes of BEAUTY - CALVIN KLEIN.,https://leparfum.com.gr/en/fragrances-for-women/465-cal-wp,2026-08-20,2026-08-20,ACTIVE,Choose+Bottle+Extra Essence,SHOBI_LIVE_SHOW_ALL
564,464-CAC,464-CAC W,WP064,WP,YES I AM,Fragrances For Women,9.0,464-CAC W Inspired by the fragrance notes of YES I AM.,https://leparfum.com.gr/en/fragrances-for-women/464-cac-w,2026-08-20,2026-08-20,ACTIVE,Choose+Bottle+Extra Essence,SHOBI_LIVE_SHOW_ALL
563,463-CAC,463-CAC W,WP063,WP,NOA,Fragrances For Women,9.0,463-CAC W Inspired by the fragrance notes of NOA.,https://leparfum.com.gr/en/fragrances-for-women/463-cac-w,2026-08-20,2026-08-20,ACTIVE,Choose+Bottle+Extra Essence,SHOBI_LIVE_SHOW_ALL
562,462-CAC,462-CAC W,WP062,WP,LOULOU,Fragrances For Women,9.0,462-CAC Inspired by the fragrance notes of LOULOU.,https://leparfum.com.gr/en/fragrances-for-women/462-cac-w,2026-08-20,2026-08-20,ACTIVE,Choose+Bottle+Extra Essence,SHOBI_LIVE_SHOW_ALL
561,460-CAC,460-CAC W,WP061,WP,EDEN,Fragrances For Women,9.0,460-CAC W Inspired by the fragrance notes of  EDEN.,https://leparfum.com.gr/en/fragrances-for-women/460-cac-w,2026-08-20,2026-08-20,ACTIVE,Choose+Bottle+Extra Essence,SHOBI_LIVE_SHOW_ALL
560,459-CAC,459-CAC W,WP060,WP,ANAIS ANAIS PREMIER DELICE,Fragrances For Women,9.0,459-CAC W Inspired by the fragrance notes of ANAIS ANAIS PREMIER DELICE.,https://leparfum.com.gr/en/fragrances-for-women/459-cac-w,2026-08-20,2026-08-20,ACTIVE,Choose+Bottle+Extra Essence,SHOBI_LIVE_SHOW_ALL
559,458-CAC,458-CAC W,WP059,WP,ANAIS ANAIS,Fragrances For Women,9.0,458-CAC W Inspired by the fragrance notes of ANAIS ANAIS.,https://leparfum.com.gr/en/fragrances-for-women/458-cac-w,2026-08-20,2026-08-20,ACTIVE,Choose+Bottle+Extra Essence,SHOBI_LIVE_SHOW_ALL
558,457-CAC,457-CAC W,WP058,WP,AMOR AMOR,Fragrances For Women,9.0,457-CAC W Inspired by the fragrance notes of AMOR AMOR .,https://leparfum.com.gr/en/fragrances-for-women/457-cac-w,2026-08-20,2026-08-20,ACTIVE,Choose+Bottle+Extra Essence,SHOBI_LIVE_SHOW_ALL
556,455-BYR,455-BYR WP,WP056,WP,VELVET HAZE,Fragrances For Women,9.0,"455-BYR WP Inspired by the fragrance notes of VELVET HAZE. Aroma with coconut, bergamot, musk, cocoa, cashmere.",https://leparfum.com.gr/en/fragrances-for-women/455-byr-wp,2026-08-20,2026-08-20,ACTIVE,Choose+Bottle+Extra Essence,SHOBI_LIVE_SHOW_ALL
554,450-BYR,450-BYR WP,WP054,WP,BIBLIOTHEQUE,Fragrances For Women,9.0,450-BYR WP Inspired by the fragrance notes of BIBLIOTHEQUE. Floral Woody Musk fragrance for women and men.,https://leparfum.com.gr/en/fragrances-for-women/450-byr-wp,2026-08-20,2026-08-20,ACTIVE,Choose+Bottle+Extra Essence,SHOBI_LIVE_SHOW_ALL
553,448-BLG,448-BLG WP,WP053,WP,Petits et Mamans,Fragrances For Women,9.0,448-BLG WP Inspired by the fragrance notes of Petits et Mamans.,https://leparfum.com.gr/en/fragrances-for-women/448-blg-wp,2026-08-20,2026-08-20,ACTIVE,Choose+Bottle+Extra Essence,SHOBI_LIVE_SHOW_ALL
552,447-BLG,447-BLG WP,WP052,WP,OMNIA INDIAN GARNET,Fragrances For Women,9.0,"447-BLG Inspired by the fragrance notes of OMNIA INDIAN GARNET. A warm and luminous floral fragrance inspired by the colors and energy of India. It opens with bright citrus and soft spices, develops into creamy white florals, and finishes with a warm amber-woody base.",https://leparfum.com.gr/en/fragrances-for-women/447-blg-wp,2026-08-20,2026-08-20,ACTIVE,Choose+Bottle+Extra Essence,SHOBI_LIVE_SHOW_ALL
551,446-BLG,446-BLG WP,WP051,WP,OMNIA CRYSTALLINE,Fragrances For Women,9.0,446-BLG WP Inspired by the fragrance notes of OMNIA CRYSTALLINE.,https://leparfum.com.gr/en/fragrances-for-women/446-blg-wp,2026-08-20,2026-08-20,ACTIVE,Choose+Bottle+Extra Essence,SHOBI_LIVE_SHOW_ALL
550,445-BLG,445-BLG WP,WP050,WP,OMNIA AMETHYST,Fragrances For Women,9.0,445-BLG WP Inspired by the fragrance notes of OMNIA AMETHYST.,https://leparfum.com.gr/en/fragrances-for-women/445-blg-wp,2026-08-20,2026-08-20,ACTIVE,Choose+Bottle+Extra Essence,SHOBI_LIVE_SHOW_ALL
549,443-BLG,443-BLG WP,WP049,WP,BLV NOTTE POUR FEMME,Fragrances For Women,9.0,443-BLG WP Inspired by the fragrance notes of BLV NOTTE POUR FEMME.,https://leparfum.com.gr/en/fragrances-for-women/443-blg-wp,2026-08-20,2026-08-20,ACTIVE,Choose+Bottle+Extra Essence,SHOBI_LIVE_SHOW_ALL
548,442-BLG,442-BLG WP,WP048,WP,MON JASMIN NOIR,Fragrances For Women,9.0,442-BLG WP Inspired by the fragrance notes of MON JASMIN NOIR.,https://leparfum.com.gr/en/fragrances-for-women/442-blg-wp,2026-08-20,2026-08-20,ACTIVE,Choose+Bottle+Extra Essence,SHOBI_LIVE_SHOW_ALL
547,441-BLG,441-BLG WP,WP047,WP,JASMIN NOIR,Fragrances For Women,9.0,441-BLG WP Inspired by the fragrance notes of JASMIN NOIR.,https://leparfum.com.gr/en/fragrances-for-women/441-blg-wp,2026-08-20,2026-08-20,ACTIVE,Choose+Bottle+Extra Essence,SHOBI_LIVE_SHOW_ALL
546,440-BLG,440-BLG WP,WP046,WP,GOLDEA THE ROMAN NIGHT,Fragrances For Women,9.0,440-BLG WP Inspired by the fragrance notes of GOLDEA THE ROMAN NIGHT.,https://leparfum.com.gr/en/fragrances-for-women/440-blg-wp,2026-08-20,2026-08-20,ACTIVE,Choose+Bottle+Extra Essence,SHOBI_LIVE_SHOW_ALL
545,439-BLG,439-BLG WP,WP045,WP,GOLDEA,Fragrances For Women,9.0,439-BLG WP Inspired by the fragrance notes of GOLDEA.,https://leparfum.com.gr/en/fragrances-for-women/439-blg-wp,2026-08-20,2026-08-20,ACTIVE,Choose+Bottle+Extra Essence,SHOBI_LIVE_SHOW_ALL
544,438-BLG,438-BLG WP,WP044,WP,CORAL OMNIA,Fragrances For Women,9.0,"438-BLG WP Inspired by the fragrance notes of CORAL OMNIA. Fragrance floral, woody, fresh spicy, fruity.",https://leparfum.com.gr/en/fragrances-for-women/438-blg-wp,2026-08-20,2026-08-20,ACTIVE,Choose+Bottle+Extra Essence,SHOBI_LIVE_SHOW_ALL
543,437-BLG,437-BLG WP,WP043,WP,,Fragrances For Women,9.0,"437-BLG WP Inpsired by the fragrance notes of BVL Pour Femme. Perfume powdery, violet, floral, iris, woody, white floral, rose, vanilla, amber, fruity.",https://leparfum.com.gr/en/fragrances-for-women/437-blg-wp,2026-08-20,2026-08-20,ACTIVE,Choose+Bottle+Extra Essence,SHOBI_LIVE_SHOW_ALL
542,436-BLG,436-BLG WP,WP042,WP,BLV for Women,Fragrances For Women,9.0,"436-BLG WP Inspired by the fragrance notes of BLV for Women. Fragrance floral, warm spicy, powdery, musky, citrus, fresh, woody, fresh spicy, white floral, sweet.",https://leparfum.com.gr/en/fragrances-for-women/436-blg-wp,2026-08-20,2026-08-20,ACTIVE,Choose+Bottle+Extra Essence,SHOBI_LIVE_SHOW_ALL
541,435-BLG,435-BLG WP,WP041,WP,,Fragrances For Women,9.0,435-BLG WP Inpsired by the fragrance notes of AQVA DIVINA.,https://leparfum.com.gr/en/fragrances-for-women/435-blg-wp,2026-08-20,2026-08-20,ACTIVE,Choose+Bottle+Extra Essence,SHOBI_LIVE_SHOW_ALL
540,434-BRB,434-BRB WP,WP040,WP,MY BURBERRY BLUSH,Fragrances For Women,9.0,"434-BRB Inspired by the fragrance notes of MY BURBERRY BLUSH. Smells like sparkling pomegranate and lemon → soft rose and green apple blossoms → gentle jasmine and wisteria finish — fresh, pretty, and effortlessly feminine.",https://leparfum.com.gr/en/fragrances-for-women/434-brb-wp,2026-08-20,2026-08-20,ACTIVE,Choose+Bottle+Extra Essence,SHOBI_LIVE_SHOW_ALL
539,433-BRB,433-BRB WP,WP039,WP,MY BURBERRY BLACK,Fragrances For Women,9.0,"433-BRB Inspired by the fragrance notes of MY BURBERRY BLACK. Smells like rich black cherry and citrus at first → rose‑heavy floral heart → warm, amber‑woody, slightly sweet and cozy base",https://leparfum.com.gr/en/fragrances-for-women/433-brb-wp,2026-08-20,2026-08-20,ACTIVE,Choose+Bottle+Extra Essence,SHOBI_LIVE_SHOW_ALL
538,1496-BRB,1496-BRB WP,WP038,WP,BURBERRY WEEKEND,Fragrances For Women,9.0,"1496-BRB Inspired by the fragrance notes of BURBERRY WEEKEND. Smells like fresh citrus and green top notes → a heart of soft florals and gentle fruitiness → a clean, warm musk‑woody base — light, cheerful, and perfect for relaxed, everyday wear.",https://leparfum.com.gr/en/fragrances-for-women/1496-brb-wp,2026-08-20,2026-08-20,ACTIVE,Choose+Bottle+Extra Essence,SHOBI_LIVE_SHOW_ALL
537,431-BRB,431-BRB WP,WP037,WP,BURBERRY TOUCH,Fragrances For Women,9.0,"431-BRB Inspired by the fragrance notes of BURBERRY TOUCH. Smells like fresh berries and citrus at first, flowing into a soft floral bouquet, and finishing with warm cedar, vanilla and musk — a balanced, elegant scent that feels both fresh and cozy.",https://leparfum.com.gr/en/fragrances-for-women/431-brb-wp,2026-08-20,2026-08-20,ACTIVE,Choose+Bottle+Extra Essence,SHOBI_LIVE_SHOW_ALL
536,430-BRB,430-BRB WP,WP036,WP,The Beat EDT,Fragrances For Women,9.0,"430-BRB Inspired by the fragrance notes of The Beat EDT. Smells like zesty citrus and pink pepper → airy tea and iris floral heart → soft musk with vetiver and cedar base — a clean and lively perfume that feels youthful, fresh, and easy to wear.",https://leparfum.com.gr/en/fragrances-for-women/430-brb-wp,2026-08-20,2026-08-20,ACTIVE,Choose+Bottle+Extra Essence,SHOBI_LIVE_SHOW_ALL
535,429-BRB,429-BRB W,WP035,WP,BURBERRY SUMMER WOMEN,Fragrances For Women,9.0,"429-BRB Inspired by the fragrance notes of BURBERRY SUMMER WOMEN. Smells like a sparkling fruity‑citrus start → gentle floral bouquet → soft musk and cedarwood finish — light, joyful, and easygoing for warm weather.",https://leparfum.com.gr/en/fragrances-for-women/429-brb-w,2026-08-20,2026-08-20,ACTIVE,Choose+Bottle+Extra Essence,SHOBI_LIVE_SHOW_ALL
534,428-BRB,428-BRB WP,WP034,WP,BURBERRY SPORT,Fragrances For Women,9.0,"428-BRB WP Inspired by the fragrance notes of BURBERRY SPORT. Women's perfume. Smells like a breezy splash of zesty citrus and marine freshness → gentle white florals → clean musk and cedar base, making it fresh, youthful, energizing, and easy to wear every day.",https://leparfum.com.gr/en/fragrances-for-women/428-brb-wp,2026-08-20,2026-08-20,ACTIVE,Choose+Bottle+Extra Essence,SHOBI_LIVE_SHOW_ALL
533,427-BRB,427-BRB WP,WP033,WP,MY BURBERRY,Fragrances For Women,9.0,"427-BRB Inspired by the fragrance notes of MY BURBERRY. Smells like a crisp burst of citrus and sweet pea petals → lush floral blossoms in a garden → gentle earthy floral dry‑down with patchouli and musk — clean, elegant, and timeless.",https://leparfum.com.gr/en/fragrances-for-women/427-brb-wp,2026-08-20,2026-08-20,ACTIVE,Choose+Bottle+Extra Essence,SHOBI_LIVE_SHOW_ALL
532,426-BRB,426-BRB WP,WP032,WP,BURBERRY LONDON,Fragrances For Women,9.0,"426-BRB Inspired by the fragrance notes of BURBERRY LONDON. For women. Smells like fresh roses and honeysuckle at first, flowing into a bouquet of jasmine and peony, and finishing with a warm, woody‑musk base — elegant and timeless.",https://leparfum.com.gr/en/fragrances-for-women/426-brb-wp,2026-08-20,2026-08-20,ACTIVE,Choose+Bottle+Extra Essence,SHOBI_LIVE_SHOW_ALL
531,425-BRB,425-BRB WP,WP031,WP,Burberry Her,Fragrances For Women,9.0,"425-BRB Inspired by the fragrance notes of Burberry Her. Woman fragrance fruity, sweet, woody, musky, powdery.",https://leparfum.com.gr/en/fragrances-for-women/425-brb-wp,2026-08-20,2026-08-20,ACTIVE,Choose+Bottle+Extra Essence,SHOBI_LIVE_SHOW_ALL
530,424-BRB,424-BRB WP,WP030,WP,BURBERRY CLASSIC,Fragrances For Women,9.0,424-BRB Inspired by the fragrance notes of BURBERRY CLASSIC. A timeless floral‑fruity perfume for women.,https://leparfum.com.gr/en/fragrances-for-women/424-brb-wp,2026-08-20,2026-08-20,ACTIVE,Choose+Bottle+Extra Essence,SHOBI_LIVE_SHOW_ALL
529,423-BRB,423-BRB WP,WP029,WP,BURBERRY BRIT,Fragrances For Women,9.0,"423-BRB Inspired by the fragrance notes of BURBERRY BRIT. Smells like a floral‑fruity gourmand — warm, cozy, subtly sweet, and elegant. It’s known for being both feminine and approachable, often described as refreshing yet comforting with a creamy undertone.",https://leparfum.com.gr/en/fragrances-for-women/423-brb-wp,2026-08-20,2026-08-20,ACTIVE,Choose+Bottle+Extra Essence,SHOBI_LIVE_SHOW_ALL
528,422-BRB,422-BRB WP,WP028,WP,BURBERRY BODY TENDER,Fragrances For Women,9.0,"422-BRB Inspired by the fragrance notes of BURBERRY BODY TENDER. Smells like a crisp fresh fruit opening that moves into soft rose and floral tea nuances, finishing on a warm musky‑wood base.",https://leparfum.com.gr/en/fragrances-for-women/422-brb-wp,2026-08-20,2026-08-20,ACTIVE,Choose+Bottle+Extra Essence,SHOBI_LIVE_SHOW_ALL
527,421-BRB,421-BRB WP,WP027,WP,BURBERRY BODY,Fragrances For Women,9.0,"421-BRB Inspired by the fragrance notes of BURBERRY BODY. A feminine, elegant chypre‑fruity floral perfume with a warm and sensual vibe — often described as sophisticated, cozy, and refined.",https://leparfum.com.gr/en/fragrances-for-women/421-brb-wp,2026-08-20,2026-08-20,ACTIVE,Choose+Bottle+Extra Essence,SHOBI_LIVE_SHOW_ALL
525,419-BRI,419-BRI WP,WP025,WP,ROCKER FEMME FANTASY - BRITNEY SPEARS,Fragrances For Women,9.0,"Inspired by the fragrance notes of ROCKER FEMME FANTASY - BRITNEY SPEARS. Smells like a creamy coconut-berry dessert with soft white florals and a warm vanilla-amber base — sweet, cozy, and playful with a gourmand twist that feels comforting and delicious rather than purely fruity or sharp.",https://leparfum.com.gr/en/fragrances-for-women/rocker-femme-fantasy-britney-spears-clone,2026-08-20,2026-08-20,ACTIVE,Choose+Bottle+Extra Essence,SHOBI_LIVE_SHOW_ALL
524,418-BRI,418-BRI WP,WP024,WP,FANTASY - BRITNEY SPEARS,Fragrances For Women,9.0,"Inspired by the fragrance notes of FANTASY - BRITNEY SPEARS. Smells like juicy tropical fruits moving into a sweet, creamy dessert core with a warm, musky finish — fun, playful, and distinctly sweet.",https://leparfum.com.gr/en/fragrances-for-women/fantasy-britney-spears-aromata,2026-08-20,2026-08-20,ACTIVE,Choose+Bottle+Extra Essence,SHOBI_LIVE_SHOW_ALL
523,417-BOUR,417-BOUR WP,WP023,WP,SOIR DE PARIS - BOURJOIS,Fragrances For Women,9.0,"Inspired by the fragrance notes of SOIR DE PARIS - BOURJOIS. Elegant, powdery, vintage-style scent that evokes old-school French femininity rather than modern sweet or heavy gourmands.",https://leparfum.com.gr/en/fragrances-for-women/soir-de-paris-bourjois-type,2026-08-20,2026-08-20,ACTIVE,Choose+Bottle+Extra Essence,SHOBI_LIVE_SHOW_ALL
522,416-BOU,416-BOU WP,WP022,WP,PLACE VENDOME WHITE GOLD - BOUCHERON,Fragrances For Women,9.0,"Inspired by the fragrance notes of PLACE VENDOME WHITE GOLD - BOUCHERON. The iconic scent is fruity, floral, warm, and subtly spicy with a touch of sweetness and creaminess.",https://leparfum.com.gr/en/fragrances-for-women/place-vendome-white-gold-perfume-type,2026-08-20,2026-08-20,ACTIVE,Choose+Bottle+Extra Essence,SHOBI_LIVE_SHOW_ALL
521,415-BOU,415-BOU WP,WP021,WP,BOUCHERON QUATRE,Fragrances For Women,9.0,"Inspired by the fragrance notes of BOUCHERON QUATRE. A fruity-floral woody musk perfume that’s elegant, sensual, fresh, and uplifting — a balanced blend of citrus brightness, fruity sweetness, floral heart, and warm woody base.",https://leparfum.com.gr/en/fragrances-for-women/sensual_perfume,2026-08-20,2026-08-20,ACTIVE,Choose+Bottle+Extra Essence,SHOBI_LIVE_SHOW_ALL
520,414-BOT,414-BOT WP,WP020,WP,KNOT - BOTTEGA VENETA,Fragrances For Women,9.0,"Inspired by the fragrance notes of KNOT - BOTTEGA VENETA. A fresh, citrusy-floral perfume with a clean, breezy and uplifting character — inspired by the feeling of fresh Italian air and blooming florals. It’s elegant, refined, and easy to wear for daily and casual occasions, especially in warmer seasons.",https://leparfum.com.gr/en/fragrances-for-women/knot-bottega-similar-type,2026-08-20,2026-08-20,ACTIVE,Choose+Bottle+Extra Essence,SHOBI_LIVE_SHOW_ALL
519,413-BOT,413-BOT WP,WP019,WP,BOTTEGA VENETA-BOTTEGA VENETA,Fragrances For Women,9.0,"Inspired by the fragrance notes of BOTTEGA VENETA-BOTTEGA VENETA. Leather, earthy, mossy, patchouli, woody, animalic.",https://leparfum.com.gr/en/fragrances-for-women/bottega-veneta-type,2026-08-20,2026-08-20,ACTIVE,Choose+Bottle+Extra Essence,SHOBI_LIVE_SHOW_ALL
518,411-BOD,411-BOD WP,WP018,WP,WHITE MUSK - BODY SHOP,Fragrances For Women,9.0,"411-BOD Inspired by the fragrance notes of WHITE MUSK - BODY SHOP. Smells like a gentle, clean floral musk, warm and smooth with soft floral hints and a comforting musky base. It’s not fruity or heavy-sweet — its charm is in how soft, airy, and easy to wear it feels on the skin.",https://leparfum.com.gr/en/fragrances-for-women/411-bod-wp,2026-08-20,2026-08-20,ACTIVE,Choose+Bottle+Extra Essence,SHOBI_LIVE_SHOW_ALL
517,409-BOB,409-BOB WP,WP017,WP,BEACH - BOBBI BROWN,Fragrances For Women,9.0,"Inspired by the fragrance notes of BEACH - BOBBI BROWN. Designed to evoke the feeling of a seaside day — warm sun, breeze off the water, sand and skin — but in a clean, subtle, and wearable way. It’s not heavy or gourmand; it’s airy, fresh, and sunny.",https://leparfum.com.gr/en/fragrances-for-women/beach-bobbi-brown-type,2026-08-20,2026-08-20,ACTIVE,Choose+Bottle+Extra Essence,SHOBI_LIVE_SHOW_ALL
516,407-BAT,407-BAT WP,WP016,WP,PINK AMBER  & MOROCCO ORCHID  - BATH & BODY WORKS,Fragrances For Women,9.0,"407-BAT Inspired by the fragrance notes of PINK AMBER  & MOROCCO ORCHID  - BATH & BODY WORKS. A warm, fruity-oriental floral scent — sweet yet exotic, with a cozy amber foundation and a light floral heart. It’s often described as romantic, slightly gourmand, and a bit tropical rather than purely floral or fresh.",https://leparfum.com.gr/en/fragrances-for-women/407-bat-wp,2026-08-20,2026-08-20,ACTIVE,Choose+Bottle+Extra Essence,SHOBI_LIVE_SHOW_ALL
515,406-BAL,406-BAL WP,WP015,WP,ROSABOTANICA,Fragrances For Women,9.0,"Inspired by the fragrance notes of ROSABOTANICA. A fresh, green, floral fragrance with spicy and woody elements — sort of like walking through a vibrant, slightly wild garden full of unexpected twists. It’s not a traditional sweet rose perfume; instead it’s more complex, modern, and aromatic.",https://leparfum.com.gr/en/fragrances-for-women/406-bal-wp,2026-08-20,2026-08-20,ACTIVE,Choose+Bottle+Extra Essence,SHOBI_LIVE_SHOW_ALL
514,405-BAL,405-BAL WP,WP014,WP,FLORABOTANICA,Fragrances For Women,9.0,"Inspired by the fragrance notes of FLORABOTANICA. A fresh, green floral scent with an artistic and slightly unconventional twist. It’s not a typical sweet floral — this one feels more herbal, clean, and distinctive, almost like a botanical garden in a bottle.",https://leparfum.com.gr/en/fragrances-for-women/405-bal-wp,2026-08-20,2026-08-20,ACTIVE,Choose+Bottle+Extra Essence,SHOBI_LIVE_SHOW_ALL
513,404-BAL,404-BAL WP,WP013,WP,BALE PARIS,Fragrances For Women,9.0,"Inspired by the fragrance notes of BALE PARIS. Smells like a delicate, elegant floral built around violet with fresh green beginnings and a soft woody-powdery finish — refined but not sweet or heavy.",https://leparfum.com.gr/en/fragrances-for-women/404-bal-wp,2026-08-20,2026-08-20,ACTIVE,Choose+Bottle+Extra Essence,SHOBI_LIVE_SHOW_ALL
512,403-BAL,403-BAL WP,WP012,WP,CRISTOBAL,Fragrances For Women,9.0,"Inspired by the fragrance notes of CRISTOBAL. A rich, warm, sophisticated, and slightly sweet floral-woody fragrance with good depth and elegance — a scent that many find timeless and refined.",https://leparfum.com.gr/en/fragrances-for-women/403-bal-wp,2026-08-20,2026-08-20,ACTIVE,Choose+Bottle+Extra Essence,SHOBI_LIVE_SHOW_ALL
511,400-ARIA,400-ARIA WP,WP011,WP,Ari Ariana Grande,Fragrances For Women,9.0,"400-ARIA Inspired by the fragrance notes of Ari Ariana Grande. it’s a very youthful, sweet, fruity-floral gourmand perfume that’s playful, cozy and easy to enjoy.",https://leparfum.com.gr/en/fragrances-for-women/400-aria-wp,2026-08-20,2026-08-20,ACTIVE,Choose+Bottle+Extra Essence,SHOBI_LIVE_SHOW_ALL
510,399-ARA,399-ARA WP,WP010,WP,TUSCANY PER DONNA,Fragrances For Women,9.0,"Inspired by the fragrance notes of TUSCANY PER DONNA. A classic women’s perfume that smells rich, warm, floral-fruity and elegantly sensual — a fragrance often described as both feminine and timeless with a vintage character.",https://leparfum.com.gr/en/fragrances-for-women/tuscany-per-donna-aramis-type,2026-08-20,2026-08-20,ACTIVE,Choose+Bottle+Extra Essence,SHOBI_LIVE_SHOW_ALL
509,398-AQU,398-AQU WP,WP009,WP,PINK SUGAR - AQUOLINA,Fragrances For Women,9.0,"398-AQU Inspired by the fragrance notes of PINK SUGAR - AQUOLINA. A very sweet, candy-like fragrance that’s super easy to picture once you’ve smelled sugary desserts or cotton candy at a fair — playful, youthful and unapologetically gourmand.",https://leparfum.com.gr/en/fragrances-for-women/398-aqu-wp,2026-08-20,2026-08-20,ACTIVE,Choose+Bottle+Extra Essence,SHOBI_LIVE_SHOW_ALL
508,397-ANT,397-ANT WP,WP008,WP,QUEEN OF SEDUCTION,Fragrances For Women,9.0,"397-ANT WP Inspired by the fragrance notes of QUEEN OF SEDUCTION. A fresh, aquatic floral fragrance for women that’s light, pleasant and easy to wear — especially for warm weather and casual occasions.",https://leparfum.com.gr/en/fragrances-for-women/397-ant-wp,2026-08-20,2026-08-20,ACTIVE,Choose+Bottle+Extra Essence,SHOBI_LIVE_SHOW_ALL
507,396-ANT,396-ANT WP,WP007,WP,BLUE SEDUCTION,Fragrances For Women,9.0,"396-ANT WP Inspired by the fragrance notes of BLUE SEDUCTION. One of the most popular everyday casual fragrances from the celebrity line, known for being fresh, aquatic, fruity and easy-to-wear.",https://leparfum.com.gr/en/fragrances-for-women/396-ant-wp,2026-08-20,2026-08-20,ACTIVE,Choose+Bottle+Extra Essence,SHOBI_LIVE_SHOW_ALL
506,395-AGE,395-AGE WP,WP006,WP,FATALE PINK - AGENT PROVOCATEUR,Fragrances For Women,9.0,"Inspired by the fragrance notes of FATALE PINK - AGENT PROVOCATEUR. Smells like a fresh, feminine, softly citrus-floral scent with a light sweet and creamy twist — bright and pleasant rather than deep or heavy.",https://leparfum.com.gr/en/fragrances-for-women/fatale-pink-agent-provocateur-type,2026-08-20,2026-08-20,ACTIVE,Choose+Bottle+Extra Essence,SHOBI_LIVE_SHOW_ALL
505,394-AGE,394-AGE WP,WP005,WP,APHRODISIAQUE - AGENT PROVOCATEUR,Fragrances For Women,9.0,"Inspired by the fragrance notes of APHRODISIAQUE - AGENT PROVOCATEUR. A floral-fruity fragrance with a warm, sweet, sensual aura, but it isn’t overpoweringly intense — more intimate and cozy than shockingly provocative.",https://leparfum.com.gr/en/fragrances-for-women/aphrodisiaque-agent-provocateur-type,2026-08-20,2026-08-20,ACTIVE,Choose+Bottle+Extra Essence,SHOBI_LIVE_SHOW_ALL
504,393-AER,393-AER WP,WP004,WP,LILAC PATH,Fragrances For Women,9.0,"Inspired by the fragrance notes of LILAC PATH . Evoke a stroll down a spring garden path filled with blooming lilacs — light, fresh, elegant and distinctly floral.",https://leparfum.com.gr/en/fragrances-for-women/393-aer-wp,2026-08-20,2026-08-20,ACTIVE,Choose+Bottle+Extra Essence,SHOBI_LIVE_SHOW_ALL
503,392-AER,392-AER WP,WP003,WP,AMBER MUSK,Fragrances For Women,9.0,"Inspired by the fragrance notes of AMBER MUSK. Amber, musky, powdery, warm spicy, woody, rose.",https://leparfum.com.gr/en/fragrances-for-women/392-aer-wp,2026-08-20,2026-08-20,ACTIVE,Choose+Bottle+Extra Essence,SHOBI_LIVE_SHOW_ALL
502,390-ACQ,390-ACQ,WP002,WP,Mandorlo di Sicilia,Fragrances For Women,9.0,390-ACQ Inspired by the fragrance notes of Mandorlo di Sicilia. Unisex perfume,https://leparfum.com.gr/en/fragrances-for-women/390-acq,2026-08-20,2026-08-20,ACTIVE,Choose+Bottle+Extra Essence,SHOBI_LIVE_SHOW_ALL
501,1493-ACQ,1493-ACQ,WP001,WP,FICO DI AMALFI,Fragrances For Women,9.0,"1493-ACQ Inspired by the fragrance notes of FICO DI AMALFI. Fragrance citrus, woody, fruity, sweet.",https://leparfum.com.gr/en/fragrances-for-women/1493-acq,2026-08-20,2026-08-20,ACTIVE,Choose+Bottle+Extra Essence,SHOBI_LIVE_SHOW_ALL
365,1290-ZAD,1290-ZAD MP,MP265,MP,THIS IS HIM - ZADIG & VOLTAIRE Type,Fragrances For Men,9.0,1290-ZAD MP Inspired by the fragrance notes of THIS IS HIM - ZADIG & VOLTAIRE Type,https://leparfum.com.gr/en/fragrances-for-men/1290-zad-mp,2026-08-20,2026-08-20,ACTIVE,Choose+Bottle+Extra Essence,SHOBI_LIVE_SHOW_ALL
364,1289-YZLO,1289-YZLO M,MP264,MP,Y,Fragrances For Men,9.0,1289-YZLO M Inspired by the fragrance of Y.,https://leparfum.com.gr/en/fragrances-for-men/1289-yzlo-m,2026-08-20,2026-08-20,ACTIVE,Choose+Bottle+Extra Essence,SHOBI_LIVE_SHOW_ALL
363,1287-YZLO,1287-YZLO M,MP263,MP,Rive Gauche pour Homme,Fragrances For Men,9.0,"1287-YZLO M Inspired by the fragrance of Rive Gauche pour Homme. A barbershop fragrance aromatic, woody, fresh spicy, lavender, warm spicy, anis, soft spicy, earthy, patchouli, floral.",https://leparfum.com.gr/en/fragrances-for-men/1287-yzlo-m,2026-08-20,2026-08-20,ACTIVE,Choose+Bottle+Extra Essence,SHOBI_LIVE_SHOW_ALL
362,1286-YZLO,1286-YZLO M,MP262,MP,OPIUM POUR HOMME,Fragrances For Men,9.0,"1286-YZLO M Inspired by the fragrance of OPIUM POUR HOMME.Perfume oriental, spicy.",https://leparfum.com.gr/en/fragrances-for-men/1286-yzlo-m,2026-08-20,2026-08-20,ACTIVE,Choose+Bottle+Extra Essence,SHOBI_LIVE_SHOW_ALL
360,1284-YZLO,1284-YZLO M,MP260,MP,M7,Fragrances For Men,9.0,1284-YZLO M Inspired by the fragrance of M7.,https://leparfum.com.gr/en/fragrances-for-men/1284-yzlo-m,2026-08-20,2026-08-20,ACTIVE,Choose+Bottle+Extra Essence,SHOBI_LIVE_SHOW_ALL
359,1283-YZLO,1283-YZLO M,MP259,MP,L'HOMME SPORT,Fragrances For Men,9.0,1283-YZLO M Inspired by the fragrance of  L'HOMME SPORT.,https://leparfum.com.gr/en/fragrances-for-men/1283-yzlo-m,2026-08-20,2026-08-20,ACTIVE,Choose+Bottle+Extra Essence,SHOBI_LIVE_SHOW_ALL
358,1282-YZLO,1282-YZLO M,MP258,MP,L'HOMME LIBRE,Fragrances For Men,9.0,1282-YZLO M Inspired by the fragrance of L'HOMME LIBRE.,https://leparfum.com.gr/en/fragrances-for-men/1282-yzlo-m,2026-08-20,2026-08-20,ACTIVE,Choose+Bottle+Extra Essence,SHOBI_LIVE_SHOW_ALL
357,1281-YZLO,1281-YZLO M,MP257,MP,L'HOMME INTENSE,Fragrances For Men,9.0,1281-YZLO M Inspired by the fragrance of L'HOMME INTENSE.,https://leparfum.com.gr/en/fragrances-for-men/1281-yzlo-m,2026-08-20,2026-08-20,ACTIVE,Choose+Bottle+Extra Essence,SHOBI_LIVE_SHOW_ALL
356,1280-YZLO,1280-YZLO M,MP256,MP,LA NUIT DEL'HOMME,Fragrances For Men,9.0,1280-YZLO M Inspired by the fragrance of LA NUIT DEL'HOMME.,https://leparfum.com.gr/en/fragrances-for-men/1280-yzlo-m,2026-08-20,2026-08-20,ACTIVE,Choose+Bottle+Extra Essence,SHOBI_LIVE_SHOW_ALL
355,1279-YZLO,1279-YZLO M,MP255,MP,KOUROS SILVER,Fragrances For Men,9.0,1279-YZLO M Inspired by the fragrance of KOUROS SILVER.,https://leparfum.com.gr/en/fragrances-for-men/1279-yzlo-m,2026-08-20,2026-08-20,ACTIVE,Choose+Bottle+Extra Essence,SHOBI_LIVE_SHOW_ALL
354,1278-YZLO,1278-YZLO M,MP254,MP,KOUROS,Fragrances For Men,9.0,1278-YZLO M Inspired by the fragrance of KOUROS.,https://leparfum.com.gr/en/fragrances-for-men/1278-yzlo-m,2026-08-20,2026-08-20,ACTIVE,Choose+Bottle+Extra Essence,SHOBI_LIVE_SHOW_ALL
353,1277-YZLO,1277-YZLO M,MP253,MP,BODY KOUROS,Fragrances For Men,9.0,1277-YZLO M Inspired by the fragrance of BODY KOUROS.,https://leparfum.com.gr/en/fragrances-for-men/1277-yzlo-m,2026-08-20,2026-08-20,ACTIVE,Choose+Bottle+Extra Essence,SHOBI_LIVE_SHOW_ALL
352,1276-VIC,1276-VIC M,MP252,MP,SPICEBOMB,Fragrances For Men,9.0,1276-VIC M Inspired by the fragrance notes of SPICEBOMB.,https://leparfum.com.gr/en/fragrances-for-men/1276-vic-m,2026-08-20,2026-08-20,ACTIVE,Choose+Bottle+Extra Essence,SHOBI_LIVE_SHOW_ALL
351,1275-VER,1275-VER M,MP251,MP,Eros,Fragrances For Men,9.0,1275-VER M Inspired by the fragrance notes of Eros.,https://leparfum.com.gr/en/fragrances-for-men/1275-ver-m,2026-08-20,2026-08-20,ACTIVE,Choose+Bottle+Extra Essence,SHOBI_LIVE_SHOW_ALL
350,1274-VER,1274-VER M,MP250,MP,DYLAN BLUE,Fragrances For Men,9.0,1274-VER M Inspired by the fragrance notes of DYLAN BLUE.,https://leparfum.com.gr/en/fragrances-for-men/1274-ver-m,2026-08-20,2026-08-20,ACTIVE,Choose+Bottle+Extra Essence,SHOBI_LIVE_SHOW_ALL
349,1273-VER,1273-VER M,MP249,MP,DREAMER,Fragrances For Men,9.0,1273-VER M Inspired by the fragrance notes of DREAMER.,https://leparfum.com.gr/en/fragrances-for-men/1273-ver-m,2026-08-20,2026-08-20,ACTIVE,Choose+Bottle+Extra Essence,SHOBI_LIVE_SHOW_ALL
348,1272-VER,1272-VER M,MP248,MP,BLUE JEANS,Fragrances For Men,9.0,1272-VER M Inspired by the fragrance notes of BLUE JEANS.,https://leparfum.com.gr/en/fragrances-for-men/1272-ver-m,2026-08-20,2026-08-20,ACTIVE,Choose+Bottle+Extra Essence,SHOBI_LIVE_SHOW_ALL
347,1271-VAN,1271-VAN MP,MP247,MP,,Fragrances For Men,9.0,TSAR - VAN CLEEF & ARPELS Clone.,https://leparfum.com.gr/en/fragrances-for-men/tsar-van-cleef-arpels-clone,2026-08-20,2026-08-20,ACTIVE,Choose+Bottle+Extra Essence,SHOBI_LIVE_SHOW_ALL
346,1270-VAN,1270-VAN MP,MP246,MP,,Fragrances For Men,9.0,BOIS DORE - VAN CLEEF & ARPELS Type.,https://leparfum.com.gr/en/fragrances-for-men/bois-dore-van-cleef-arpels-arwma,2026-08-20,2026-08-20,ACTIVE,Choose+Bottle+Extra Essence,SHOBI_LIVE_SHOW_ALL
345,1269-VAL,1269-VAL MP,MP245,MP,VALENTINO UOMO EDITION NOIR,Fragrances For Men,9.0,1269-VAL MP Inspired by the fragrance notes of VALENTINO UOMO EDITION NOIR.,https://leparfum.com.gr/en/fragrances-for-men/1269-val-mp,2026-08-20,2026-08-20,ACTIVE,Choose+Bottle+Extra Essence,SHOBI_LIVE_SHOW_ALL
344,1268-VAL,1268-VAL MP,MP244,MP,"VALENTINO UOMO - VALENTINO Perfume with rich roast coffee, hazelnut, and chocolate",Fragrances For Men,9.0,"1268-VAL Inspired by the fragrance notes of VALENTINO UOMO - VALENTINO Perfume with rich roast coffee, hazelnut, and chocolate.",https://leparfum.com.gr/en/fragrances-for-men/1268-val-mp,2026-08-20,2026-08-20,ACTIVE,Choose+Bottle+Extra Essence,SHOBI_LIVE_SHOW_ALL
343,1267-TRU,1267-TRU MP,MP243,MP,UOMO THE RED,Fragrances For Men,9.0,1267-TRU MP Inspired by the fragrance notes of UOMO THE RED.,https://leparfum.com.gr/en/fragrances-for-men/1267-tru-mp,2026-08-20,2026-08-20,ACTIVE,Choose+Bottle+Extra Essence,SHOBI_LIVE_SHOW_ALL
342,1266-TRU,1266-TRU MP,MP242,MP,RIFLESSO,Fragrances For Men,9.0,1266-TRU MP Inspired by the fragrance notes of RIFLESSO.,https://leparfum.com.gr/en/fragrances-for-men/1266-tru-mp,2026-08-20,2026-08-20,ACTIVE,Choose+Bottle+Extra Essence,SHOBI_LIVE_SHOW_ALL
341,1265-TRU,1265-TRU MP,MP241,MP,MY LAND,Fragrances For Men,9.0,"1265-TRU MP Inspired by the fragrance notes of MY LAND. Men's perfume citrus, leather, woody, aromatic, lavender, violet, animalic, amber.",https://leparfum.com.gr/en/fragrances-for-men/1265-tru-mp,2026-08-20,2026-08-20,ACTIVE,Choose+Bottle+Extra Essence,SHOBI_LIVE_SHOW_ALL
340,1264-TRU,1264-TRU MP,MP240,MP,BLUE LAND,Fragrances For Men,9.0,"1264-TRU MP Inspired by the fragrance notes of BLUE LAND. Men's perfume aromatic, marine, woody, fresh, citrus, earthy, fresh spicy, musky.",https://leparfum.com.gr/en/fragrances-for-men/1264-tru-mp,2026-08-20,2026-08-20,ACTIVE,Choose+Bottle+Extra Essence,SHOBI_LIVE_SHOW_ALL
339,1263-TRU,1263-TRU MP,MP239,MP,A WAY FOR HIM,Fragrances For Men,9.0,"1263-TRU MP Inspired by the fragrance notes of A WAY FOR HIM. Men's perfume citrus, vanilla, woody, aromatic, marine, fruity, fresh spicy.",https://leparfum.com.gr/en/fragrances-for-men/1263-tru-mp,2026-08-20,2026-08-20,ACTIVE,Choose+Bottle+Extra Essence,SHOBI_LIVE_SHOW_ALL
338,1262-TMU,1262-TMU M,MP238,MP,ANGEL,Fragrances For Men,9.0,1262-TMU M Inspired by the fragrance notes of ANGEL. Men's Perfume.,https://leparfum.com.gr/en/fragrances-for-men/1262-tmu-m,2026-08-20,2026-08-20,ACTIVE,Choose+Bottle+Extra Essence,SHOBI_LIVE_SHOW_ALL
337,1260-TMU,1260-TMU M,MP237,MP,A*MEN,Fragrances For Men,9.0,"1260-TMU M Inspired by the fragrance notes of A*MEN. Perfume sweet, warm spicy, caramel, vanilla, coffee.",https://leparfum.com.gr/en/fragrances-for-men/1260-tmu-m,2026-08-20,2026-08-20,ACTIVE,Choose+Bottle+Extra Essence,SHOBI_LIVE_SHOW_ALL
336,1259-SHU,1259-SHU MP,MP236,MP,,Fragrances For Men,9.0,OLD SPICE - SHULTON COMPANY.,https://leparfum.com.gr/en/fragrances-for-men/old-spice-shulton-company-type,2026-08-20,2026-08-20,ACTIVE,Choose+Bottle+Extra Essence,SHOBI_LIVE_SHOW_ALL
335,1258-SFER,1258-SFER MP,MP235,MP,,Fragrances For Men,9.0,TUSCAN SCENT WHITE MIMOSA - SALVATORE FERRAGAMO Clone.,https://leparfum.com.gr/en/fragrances-for-men/tuscan-scent-white-mimosa-salvatore-ferragamo-clone,2026-08-20,2026-08-20,ACTIVE,Choose+Bottle+Extra Essence,SHOBI_LIVE_SHOW_ALL
334,1257-SFER,1257-SFER MP,MP234,MP,,Fragrances For Men,9.0,FERRAGAMO POUR HOMME Clone Perfume,https://leparfum.com.gr/en/fragrances-for-men/ferragamo-pour-homme-clone-perfume,2026-08-20,2026-08-20,ACTIVE,Choose+Bottle+Extra Essence,SHOBI_LIVE_SHOW_ALL
333,1256-ROC,1256-ROC Μ,MP233,MP,ROCHAS MAN,Fragrances For Men,9.0,"1256-ROC Μ Inspired by the fragrance notes of ROCHAS MAN. Coffee, sweet, vanilla.",https://leparfum.com.gr/en/fragrances-for-men/1256-roc-μ,2026-08-20,2026-08-20,ACTIVE,Choose+Bottle+Extra Essence,SHOBI_LIVE_SHOW_ALL
331,1254-RCAV,1254-RCAV MP,MP231,MP,JUST HIM - ROBERTO CAVALLI,Fragrances For Men,9.0,1254-RCAV Inspired by the fragrance notes of JUST HIM - ROBERTO CAVALLI.,https://leparfum.com.gr/en/fragrances-for-men/1254-rcav-mp,2026-08-20,2026-08-20,ACTIVE,Choose+Bottle+Extra Essence,SHOBI_LIVE_SHOW_ALL
330,1253-RCAV,1253-RCAV MP,MP230,MP,JUST CAVALLI GOLD FOR HIM - ROBERTO CAVALLI,Fragrances For Men,9.0,1253-RCAV Inspired by the fragrance notes of JUST CAVALLI GOLD FOR HIM - ROBERTO CAVALLI.,https://leparfum.com.gr/en/fragrances-for-men/1253-rcav-mp,2026-08-20,2026-08-20,ACTIVE,Choose+Bottle+Extra Essence,SHOBI_LIVE_SHOW_ALL
329,1252-RCAV,1252-RCAV MP,MP229,MP,BLACK - ROBERTO CAVALLI,Fragrances For Men,9.0,1252-RCAV Inspired by the fragrance notes of BLACK - ROBERTO CAVALLI.,https://leparfum.com.gr/en/fragrances-for-men/1252-rcav-mp,2026-08-20,2026-08-20,ACTIVE,Choose+Bottle+Extra Essence,SHOBI_LIVE_SHOW_ALL
328,1251-ROM,1251-ROM MP,MP228,MP,,Fragrances For Men,9.0,royal blue.,https://leparfum.com.gr/en/fragrances-for-men/clone-fragrances,2026-08-20,2026-08-20,ACTIVE,Choose+Bottle+Extra Essence,SHOBI_LIVE_SHOW_ALL
327,1250-RAL,1250-RAL M,MP227,MP,SAFARI,Fragrances For Men,9.0,1250-RAL M inspired by the fragrance notes of SAFARI.,https://leparfum.com.gr/en/fragrances-for-men/1250-ral-m,2026-08-20,2026-08-20,ACTIVE,Choose+Bottle+Extra Essence,SHOBI_LIVE_SHOW_ALL
326,1249-RAL,1249-RAL M,MP226,MP,POLO SPORT,Fragrances For Men,9.0,1249-RAL M Inspired by the fragrance notes of POLO SPORT.,https://leparfum.com.gr/en/fragrances-for-men/1249-ral-m,2026-08-20,2026-08-20,ACTIVE,Choose+Bottle+Extra Essence,SHOBI_LIVE_SHOW_ALL
325,1248-RAL,1248-RAL M,MP225,MP,POLO RED INTENSE,Fragrances For Men,9.0,1248-RAL M Inspired by the fragrance notes of POLO RED INTENSE.,https://leparfum.com.gr/en/fragrances-for-men/1248-ral-m,2026-08-20,2026-08-20,ACTIVE,Choose+Bottle+Extra Essence,SHOBI_LIVE_SHOW_ALL
324,1247-RAL,1247-RAL M,MP224,MP,POLO RED,Fragrances For Men,9.0,1247-RAL M inspired by the fragrance notes of POLO RED.,https://leparfum.com.gr/en/fragrances-for-men/1247-ral-m,2026-08-20,2026-08-20,ACTIVE,Choose+Bottle+Extra Essence,SHOBI_LIVE_SHOW_ALL
323,1246-RAL,1246-RAL M,MP223,MP,POLO BLUE,Fragrances For Men,9.0,1246-RAL M inspired by the fragrance notes of POLO BLUE.,https://leparfum.com.gr/en/fragrances-for-men/1246-ral-m,2026-08-20,2026-08-20,ACTIVE,Choose+Bottle+Extra Essence,SHOBI_LIVE_SHOW_ALL
322,1245-PRA,1245-PRA MP,MP222,MP,PRADA AMBER,Fragrances For Men,9.0,1245-PRA MP inspired by the fragrance notes of PRADA AMBER.,https://leparfum.com.gr/en/fragrances-for-men/1245-pra-mp,2026-08-20,2026-08-20,ACTIVE,Choose+Bottle+Extra Essence,SHOBI_LIVE_SHOW_ALL
320,1243-PRA,1243-PRA MP,MP220,MP,LUNA ROSSA SPORT PRADA,Fragrances For Men,9.0,1243-PRA MP inspired by the fragrance notes of LUNA ROSSA SPORT PRADA.,https://leparfum.com.gr/en/fragrances-for-men/1243-pra-mp,2026-08-20,2026-08-20,ACTIVE,Choose+Bottle+Extra Essence,SHOBI_LIVE_SHOW_ALL
319,1242-PRA,1242-PRA MP,MP219,MP,LUNA ROSSA EXTREME PRADA,Fragrances For Men,9.0,1242-PRA MP inspired by the fragrance notes of LUNA ROSSA EXTREME PRADA.,https://leparfum.com.gr/en/fragrances-for-men/1242-pra-mp,2026-08-20,2026-08-20,ACTIVE,Choose+Bottle+Extra Essence,SHOBI_LIVE_SHOW_ALL
318,1241-PRA,1241-PRA MP,MP218,MP,LUNA ROSSA CARBON - PRADA,Fragrances For Men,9.0,"1241-PRA MP  inspired by the fragrance notes of LUNA ROSSA CARBON - PRADA.  Perfume fresh spicy, amber, lavender, aromatic, mineral, metallic, citrus, musky.",https://leparfum.com.gr/en/fragrances-for-men/1241-pra-mp,2026-08-20,2026-08-20,ACTIVE,Choose+Bottle+Extra Essence,SHOBI_LIVE_SHOW_ALL
317,1240-PRA,1240-PRA MP,MP217,MP,LUNA ROSSA - PRADA,Fragrances For Men,9.0,1240-PRA MP inspired by the fragrance notes of LUNA ROSSA - PRADA.,https://leparfum.com.gr/en/fragrances-for-men/1240-pra-mp,2026-08-20,2026-08-20,ACTIVE,Choose+Bottle+Extra Essence,SHOBI_LIVE_SHOW_ALL
316,880-PRA,880-PRA MP,MP216,MP,INFUSION D'OEILLET,Fragrances For Men,9.0,880-PRA MP inspired by the fragrance notes of INFUSION D'OEILLET.,https://leparfum.com.gr/en/fragrances-for-men/880-pra-mp,2026-08-20,2026-08-20,ACTIVE,Choose+Bottle+Extra Essence,SHOBI_LIVE_SHOW_ALL
315,1238-PRA,1238-PRA MP,MP215,MP,INFUSION D'HOMME - PRADA,Fragrances For Men,9.0,1238-PRA M inspired by the fragrance notes of INFUSION D'HOMME - PRADA.,https://leparfum.com.gr/en/fragrances-for-men/1238-pra-mp,2026-08-20,2026-08-20,ACTIVE,Choose+Bottle+Extra Essence,SHOBI_LIVE_SHOW_ALL
314,1237-PIN,1237-PIN MP,MP214,MP,,Fragrances For Men,9.0,PINO SILVESTER - PINO SILVESTER Type,https://leparfum.com.gr/en/fragrances-for-men/pino-silvester-type,2026-08-20,2026-08-20,ACTIVE,Choose+Bottle+Extra Essence,SHOBI_LIVE_SHOW_ALL
313,1235-PAC,1235-PAC MP,MP213,MP,ULTRAVIOLET for men,Fragrances For Men,9.0,Inspired by the fragrance notes of ULTRAVIOLET for men.,https://leparfum.com.gr/en/fragrances-for-men/1235-pac-mp,2026-08-20,2026-08-20,ACTIVE,Choose+Bottle+Extra Essence,SHOBI_LIVE_SHOW_ALL
312,1233-PAC,1233-PAC MP,MP212,MP,PURE XS EDT,Fragrances For Men,9.0,Inspired by the fragrance notes of PURE XS EDT.,https://leparfum.com.gr/en/fragrances-for-men/1233-pac-mp,2026-08-20,2026-08-20,ACTIVE,Choose+Bottle+Extra Essence,SHOBI_LIVE_SHOW_ALL
311,1232-PAC,1232-PAC M,MP211,MP,,Fragrances For Men,9.0,"1232-PAC M POUR HOMME. A barber fragrance aromatic, fresh spicy, mossy, woody, lavender, earthy, sweet, honey, musky.",https://leparfum.com.gr/en/fragrances-for-men/1232-pac-m,2026-08-20,2026-08-20,ACTIVE,Choose+Bottle+Extra Essence,SHOBI_LIVE_SHOW_ALL
310,1231-PAC,1231-PAC MP,MP210,MP,ONE MILLION PRIVE,Fragrances For Men,9.0,1231-PAC MP Inspired by the fragrance notes of ONE MILLION PRIVE.,https://leparfum.com.gr/en/fragrances-for-men/1231-pac-mp,2026-08-20,2026-08-20,ACTIVE,Choose+Bottle+Extra Essence,SHOBI_LIVE_SHOW_ALL
309,1229-PAC,1229-PAC MP,MP209,MP,ONE MILLION,Fragrances For Men,9.0,1229-PAC MP Inspired by the fragrance notes of ONE MILLION. Woody Spicy fragrance for men.,https://leparfum.com.gr/en/fragrances-for-men/1229-pac-mp,2026-08-20,2026-08-20,ACTIVE,Choose+Bottle+Extra Essence,SHOBI_LIVE_SHOW_ALL
308,1227-PAC,1227-PAC MP,MP208,MP,Invictus aqua,Fragrances For Men,9.0,1227-PAC MP Inspired by the fragrance notes of Invictus aqua.,https://leparfum.com.gr/en/fragrances-for-men/1227-pac-mp,2026-08-20,2026-08-20,ACTIVE,Choose+Bottle+Extra Essence,SHOBI_LIVE_SHOW_ALL
307,1226-PAC,1226-PAC MP,MP207,MP,INVICTUS,Fragrances For Men,9.0,1226-PAC MP Inspired by the fragrance notes of INVICTUS.,https://leparfum.com.gr/en/fragrances-for-men/1226-pac-mp,2026-08-20,2026-08-20,ACTIVE,Choose+Bottle+Extra Essence,SHOBI_LIVE_SHOW_ALL
306,1225-PAC,1225-PAC M,MP206,MP,BLACK XS for men,Fragrances For Men,9.0,"1225-PAC M inspired by the fragrance notes of BLACK XS for men. Fragrance sweet, warm spicy, citrus, amber, aromatic, woody, balsamic, cinnamon, patchouli.",https://leparfum.com.gr/en/fragrances-for-men/1225-pac-m,2026-08-20,2026-08-20,ACTIVE,Choose+Bottle+Extra Essence,SHOBI_LIVE_SHOW_ALL
305,1224-APO,1224-APO M,MP205,MP,SCULPTURE - NIKOS APOSTOLOPOULOS,Fragrances For Men,9.0,1224-APO M Inspired by the fragrance notes of SCULPTURE - NIKOS APOSTOLOPOULOS. Citrus-Fresh-Clean,https://leparfum.com.gr/en/fragrances-for-men/1224-apo-m,2026-08-20,2026-08-20,ACTIVE,Choose+Bottle+Extra Essence,SHOBI_LIVE_SHOW_ALL
304,1223-NRO,1223-NRO MP,MP204,MP,NARCISO POUR HOMME - RODRIGUEZ,Fragrances For Men,9.0,1223-NRO MP inspired by the fragrance notes of NARCISO POUR HOMME - RODRIGUEZ.,https://leparfum.com.gr/en/fragrances-for-men/1223-nro-mp,2026-08-20,2026-08-20,ACTIVE,Choose+Bottle+Extra Essence,SHOBI_LIVE_SHOW_ALL
303,1222-NRO,1222-NRO MP,MP203,MP,BLEU NOIR,Fragrances For Men,9.0,1222-NRO MP Twilight Bleu inspired by the fragrance notes of BLEU NOIR.,https://leparfum.com.gr/en/fragrances-for-men/1222-nro-mp,2026-08-20,2026-08-20,ACTIVE,Choose+Bottle+Extra Essence,SHOBI_LIVE_SHOW_ALL
302,1221-MOS,1221-MOS MP,MP202,MP,UOMO? - MOSCHINO,Fragrances For Men,9.0,1221-MOS MP Inspired by the fragrance notes of UOMO? - MOSCHINO.,https://leparfum.com.gr/en/fragrances-for-men/1221-mos-mp,2026-08-20,2026-08-20,ACTIVE,Choose+Bottle+Extra Essence,SHOBI_LIVE_SHOW_ALL
300,1219-MOS,1219-MOS MP,MP200,MP,POUR HOMME - MOSCHINO,Fragrances For Men,9.0,1219-MOS MP Inspired by the fragrance notes of POUR HOMME - MOSCHINO.,https://leparfum.com.gr/en/fragrances-for-men/1219-mos-mp,2026-08-20,2026-08-20,ACTIVE,Choose+Bottle+Extra Essence,SHOBI_LIVE_SHOW_ALL
299,1218-MOS,1218-MOS MP,MP199,MP,FOREVER  - MOSCHINO,Fragrances For Men,9.0,1218-MOS MP Inspired by the fragrance notes of FOREVER  - MOSCHINO.,https://leparfum.com.gr/en/fragrances-for-men/1218-mos-mp,2026-08-20,2026-08-20,ACTIVE,Choose+Bottle+Extra Essence,SHOBI_LIVE_SHOW_ALL
298,1216-MNTB,1216-MNTB,MP198,MP,Starwalker,Fragrances For Men,9.0,"1216-MNTB inspired by the fragrance notes of Starwalker. Men's perfume woody, citrus, fresh spicy, powdery, musky, aromatic.",https://leparfum.com.gr/en/fragrances-for-men/1216-mntb,2026-08-20,2026-08-20,ACTIVE,Choose+Bottle+Extra Essence,SHOBI_LIVE_SHOW_ALL
297,1215-MNTB,1215-MNTB MP,MP197,MP,PRESENCE - MONT BLANC,Fragrances For Men,9.0,1215-MNTB MP Inspired by the fragrance notes of  PRESENCE - MONT BLANC.,https://leparfum.com.gr/en/fragrances-for-men/1215-mntb-mp,2026-08-20,2026-08-20,ACTIVE,Choose+Bottle+Extra Essence,SHOBI_LIVE_SHOW_ALL
296,1214-MNTB,1214-MNTB MP,MP196,MP,LEGEND SPIRIT - MONT BLANC,Fragrances For Men,9.0,1214-MNTB Inspired by the fragrance notes of LEGEND SPIRIT - MONT BLANC.,https://leparfum.com.gr/en/fragrances-for-men/1214-mntb-mp,2026-08-20,2026-08-20,ACTIVE,Choose+Bottle+Extra Essence,SHOBI_LIVE_SHOW_ALL
295,1213-MNTB,1213-MNTB MP,MP195,MP,LEGEND NIGHT - MONT BLANC,Fragrances For Men,9.0,"1213-MNTB MP Inspired by the fragrance notes of LEGEND NIGHT - MONT BLANC.AROMATIC, FRESH SPICY",https://leparfum.com.gr/en/fragrances-for-men/1213-mntb-mp,2026-08-20,2026-08-20,ACTIVE,Choose+Bottle+Extra Essence,SHOBI_LIVE_SHOW_ALL
294,1212-MNTB,1212-MNTB MP,MP194,MP,LEGEND INTENSE - MONT BLANC,Fragrances For Men,9.0,1212-MNTB MP Inspired by the fragrance notes of LEGEND INTENSE - MONT BLANC.,https://leparfum.com.gr/en/fragrances-for-men/1212-mntb-mp,2026-08-20,2026-08-20,ACTIVE,Choose+Bottle+Extra Essence,SHOBI_LIVE_SHOW_ALL
293,1211-MNTB,1211-MNTB MP,MP193,MP,LEGEND FOR MEN - MONT BLANC,Fragrances For Men,9.0,1211-MNTB MP Inspired by the fragrance notes of  LEGEND FOR MEN - MONT BLANC.,https://leparfum.com.gr/en/fragrances-for-men/1211-mntb-mp,2026-08-20,2026-08-20,ACTIVE,Choose+Bottle+Extra Essence,SHOBI_LIVE_SHOW_ALL
292,1210-MNTB,1210-MNTB MP,MP192,MP,INDIVIDUEL - MONT BLANC,Fragrances For Men,9.0,1210-MNTB MP Inspired by the fragrance notes of INDIVIDUEL - MONT BLANC.,https://leparfum.com.gr/en/fragrances-for-men/1210-mntb-mp,2026-08-20,2026-08-20,ACTIVE,Choose+Bottle+Extra Essence,SHOBI_LIVE_SHOW_ALL
291,1208-MNTB,1208-MNTB MP,MP191,MP,EMBLEM - MONT BLANC,Fragrances For Men,9.0,1208-MNTB MP Inspired by the fragrance notes of EMBLEM - MONT BLANC. Spicy fragrance!,https://leparfum.com.gr/en/fragrances-for-men/1208-mntb-mp,2026-08-20,2026-08-20,ACTIVE,Choose+Bottle+Extra Essence,SHOBI_LIVE_SHOW_ALL
290,1207-MIC,1207-MIC M,MP190,MP,KORS FOR MEN,Fragrances For Men,9.0,1207-MIC Inspired by the fragrance notes of KORS FOR MEN.,https://leparfum.com.gr/en/fragrances-for-men/1207-mic-m,2026-08-20,2026-08-20,ACTIVE,Choose+Bottle+Extra Essence,SHOBI_LIVE_SHOW_ALL
289,1206-MAR,1206-MAR MP,MP189,MP,BANG - MARC JACOBS,Fragrances For Men,9.0,1206-MAR Inspired by the fragrance notes of BANG - MARC JACOBS.,https://leparfum.com.gr/en/fragrances-for-men/1206-mar-mp,2026-08-20,2026-08-20,ACTIVE,Choose+Bottle+Extra Essence,SHOBI_LIVE_SHOW_ALL
288,1204-LOE,1204-LOE MP,MP188,MP,,Fragrances For Men,9.0,SOLO LOEWE CEDRO Inspired,https://leparfum.com.gr/en/fragrances-for-men/solo-loewe-cedro-inspired,2026-08-20,2026-08-20,ACTIVE,Choose+Bottle+Extra Essence,SHOBI_LIVE_SHOW_ALL
286,1202-LOE,1202-LOE MP,MP186,MP,,Fragrances For Men,9.0,ESENCIA POUR HOMME - LOEWE Similar,https://leparfum.com.gr/en/fragrances-for-men/esencia-pour-homme-loewe-perfumes,2026-08-20,2026-08-20,ACTIVE,Choose+Bottle+Extra Essence,SHOBI_LIVE_SHOW_ALL
285,1200-LAN,1200-LAN M,MP185,MP,HYPNOSE HOMME,Fragrances For Men,9.0,"1200-LAN M Inspired by the fragrance notes of HYPNOSE HOMME. A warm, sophisticated, woody‑oriental fragrance with a sensual and elegant vibe.",https://leparfum.com.gr/en/fragrances-for-men/1200-lan-m,2026-08-20,2026-08-20,ACTIVE,Choose+Bottle+Extra Essence,SHOBI_LIVE_SHOW_ALL
284,777-LAL,777-LAL WP,MP184,MP,,Fragrances For Men,9.0,SCULPTEUR D' EPICES - LALIQUE Type,https://leparfum.com.gr/en/fragrances-for-men/sculpteur-d-epices-lalique-type,2026-08-20,2026-08-20,ACTIVE,Choose+Bottle+Extra Essence,SHOBI_LIVE_SHOW_ALL
283,1198-LAL,1198-LAL MP,MP183,MP,,Fragrances For Men,9.0,ENCRE NOIR - LALIQUE Type,https://leparfum.com.gr/en/fragrances-for-men/encre-noir-lalique-clone,2026-08-20,2026-08-20,ACTIVE,Choose+Bottle+Extra Essence,SHOBI_LIVE_SHOW_ALL
282,1197-LAC,1197-LAC M,MP182,MP,LACOSTE HOMME,Fragrances For Men,9.0,1197-LAC M Inspired by the fragrance notes of LACOSTE HOMME.,https://leparfum.com.gr/en/fragrances-for-men/1197-lac-m,2026-08-20,2026-08-20,ACTIVE,Choose+Bottle+Extra Essence,SHOBI_LIVE_SHOW_ALL
280,769-LART,769-LART MP,MP180,MP,PREMIER FIGUIER,Fragrances For Men,9.0,769-LART MP inspired by the fragrance notes of PREMIER FIGUIER.,https://leparfum.com.gr/en/fragrances-for-men/769-lart-mp,2026-08-20,2026-08-20,ACTIVE,Choose+Bottle+Extra Essence,SHOBI_LIVE_SHOW_ALL
278,1193-KEN,1193-KEN MP,MP178,MP,TOTEM ORANGE - KENZO,Fragrances For Men,9.0,1193-KEN MP Inspired by the fragrance notes of TOTEM ORANGE - KENZO.,https://leparfum.com.gr/en/fragrances-for-men/1193-ken-mp,2026-08-20,2026-08-20,ACTIVE,Choose+Bottle+Extra Essence,SHOBI_LIVE_SHOW_ALL
277,1192-KEN,1192-KEN MP,MP177,MP,TOKYO,Fragrances For Men,9.0,"1192-KEN MP Inspired by the fragrance notes of TOKYO. Men's perfume citrus, fresh spicy, woody, fresh, soft spicy, warm spicy, green.",https://leparfum.com.gr/en/fragrances-for-men/1192-ken-mp,2026-08-20,2026-08-20,ACTIVE,Choose+Bottle+Extra Essence,SHOBI_LIVE_SHOW_ALL
276,1191-KEN,1191-KEN MP,MP176,MP,L' EAU PAR ELECTRIC WAVE -KENZO,Fragrances For Men,9.0,1191-KEN MP Inspired by the fragrance notes of L' EAU PAR ELECTRIC WAVE -KENZO.,https://leparfum.com.gr/en/fragrances-for-men/1191-ken-mp,2026-08-20,2026-08-20,ACTIVE,Choose+Bottle+Extra Essence,SHOBI_LIVE_SHOW_ALL
275,1190-KEN,1190-KEN M,MP175,MP,KENZO - KENZO,Fragrances For Men,9.0,1190-KEN M Inspired by the fragrance notes of KENZO - KENZO.,https://leparfum.com.gr/en/fragrances-for-men/1190-ken-m,2026-08-20,2026-08-20,ACTIVE,Choose+Bottle+Extra Essence,SHOBI_LIVE_SHOW_ALL
274,1189-KEN,1189-KEN M,MP174,MP,HOMME SPORT EXTREME - KENZO,Fragrances For Men,9.0,1189-KEN M Inspired by the fragrance notes of HOMME SPORT EXTREME - KENZO.,https://leparfum.com.gr/en/fragrances-for-men/1189-ken-m,2026-08-20,2026-08-20,ACTIVE,Choose+Bottle+Extra Essence,SHOBI_LIVE_SHOW_ALL
273,1186-JOO,1186-JOO MP,MP173,MP,,Fragrances For Men,9.0,WOW - JOOP.,https://leparfum.com.gr/en/fragrances-for-men/wow-joop-fragrance-clone,2026-08-20,2026-08-20,ACTIVE,Choose+Bottle+Extra Essence,SHOBI_LIVE_SHOW_ALL
272,1185-JOO,1185-JOO MP,MP172,MP,,Fragrances For Men,9.0,NIGHTFLIGHT - JOOP Type,https://leparfum.com.gr/en/fragrances-for-men/nightflight-joop-arwmata,2026-08-20,2026-08-20,ACTIVE,Choose+Bottle+Extra Essence,SHOBI_LIVE_SHOW_ALL
271,1184-JOO,1184-JOO MP,MP171,MP,,Fragrances For Men,9.0,JOOP - JOOP Type,https://leparfum.com.gr/en/fragrances-for-men/αρωματα-τυπου-joop,2026-08-20,2026-08-20,ACTIVE,Choose+Bottle+Extra Essence,SHOBI_LIVE_SHOW_ALL
270,1183-VAR,1183-VAR MP,MP170,MP,,Fragrances For Men,9.0,VARVATOS - JOHN VARVATOS.,https://leparfum.com.gr/en/fragrances-for-men/john-varvatos-fragrance-type,2026-08-20,2026-08-20,ACTIVE,Choose+Bottle+Extra Essence,SHOBI_LIVE_SHOW_ALL
269,1182-JIM,1182-JIM MP,MP169,MP,,Fragrances For Men,9.0,JIMMY CHOO MAN - JIMMY CHOO Clone.,https://leparfum.com.gr/en/fragrances-for-men/jimmy-choo-man-clone,2026-08-20,2026-08-20,ACTIVE,Choose+Bottle+Extra Essence,SHOBI_LIVE_SHOW_ALL
268,1181-GUL,1181-GUL MP,MP168,MP,ULTRA MALE,Fragrances For Men,9.0,1181-GUL Inspired by the fragrance notes of ULTRA MALE. Amber Fougere fragrance for men.,https://leparfum.com.gr/en/fragrances-for-men/1181-gul-mp,2026-08-20,2026-08-20,ACTIVE,Choose+Bottle+Extra Essence,SHOBI_LIVE_SHOW_ALL
267,1180-GUL,1180-GUL MP,MP167,MP,LE MALE TERRIBLE,Fragrances For Men,9.0,1180-GUL Inspired by the fragrance notes of LE MALE TERRIBLE.,https://leparfum.com.gr/en/fragrances-for-men/1180-gul-mp,2026-08-20,2026-08-20,ACTIVE,Choose+Bottle+Extra Essence,SHOBI_LIVE_SHOW_ALL
266,1179-GUL,1179-GUL MP,MP166,MP,LE MALE,Fragrances For Men,9.0,1179-GUL Inspired by the fragrance notes of LE MALE.,https://leparfum.com.gr/en/fragrances-for-men/1179-gul-mp,2026-08-20,2026-08-20,ACTIVE,Choose+Bottle+Extra Essence,SHOBI_LIVE_SHOW_ALL
265,1177-GUL,1177-GUL MP,MP165,MP,KOKORICO,Fragrances For Men,9.0,1177-GUL Inspired by the fragrance notes of KOKORICO.,https://leparfum.com.gr/en/fragrances-for-men/1177-gul-mp,2026-08-20,2026-08-20,ACTIVE,Choose+Bottle+Extra Essence,SHOBI_LIVE_SHOW_ALL
264,1176-GUL,1176-GUL MP,MP164,MP,GAULT 2,Fragrances For Men,9.0,1176-GUL Inspired by the fragrance notes of GAULT 2.,https://leparfum.com.gr/en/fragrances-for-men/1176-gul-mp,2026-08-20,2026-08-20,ACTIVE,Choose+Bottle+Extra Essence,SHOBI_LIVE_SHOW_ALL
263,1175-JAC,1175-JAC MP,MP163,MP,,Fragrances For Men,9.0,PARADOX FOR MEN - JACOMO Type,https://leparfum.com.gr/en/fragrances-for-men/paradox-for-men-jacomo-type,2026-08-20,2026-08-20,ACTIVE,Choose+Bottle+Extra Essence,SHOBI_LIVE_SHOW_ALL
261,1174-JAC,1174-JAC MP,MP161,MP,,Fragrances For Men,9.0,JACOMO DE JACOMO Type,https://leparfum.com.gr/en/fragrances-for-men/jacomo-de-jacomo-dupe,2026-08-20,2026-08-20,ACTIVE,Choose+Bottle+Extra Essence,SHOBI_LIVE_SHOW_ALL
260,1173-ISS,1173-ISS MP,MP160,MP,Nuit d'Issey Bleu Astral - ISSEY MIYAKE,Fragrances For Men,9.0,"1173-ISS Inspired by the fragrance notes of Nuit d'Issey Bleu Astral - ISSEY MIYAKE. Lime, Coriander, Leather notes, Amber notes, Woody notes.",https://leparfum.com.gr/en/fragrances-for-men/1173-iss-mp,2026-08-20,2026-08-20,ACTIVE,Choose+Bottle+Extra Essence,SHOBI_LIVE_SHOW_ALL
259,1172-ISS,1172-ISS MP,MP159,MP,EAU D'ISSEY HOMME - ISSEY MIYAKE,Fragrances For Men,9.0,1172-ISS Inspired by the fragrance notes of EAU D'ISSEY HOMME - ISSEY MIYAKE.,https://leparfum.com.gr/en/fragrances-for-men/1172-iss-mp,2026-08-20,2026-08-20,ACTIVE,Choose+Bottle+Extra Essence,SHOBI_LIVE_SHOW_ALL
258,1171-HUG,1171-HUG MP,MP158,MP,UNLIMITED - HUGO BOSS,Fragrances For Men,9.0,1171-HUG Inspired by the fragrance notes of UNLIMITED - HUGO BOSS.,https://leparfum.com.gr/en/fragrances-for-men/1171-hug-mp,2026-08-20,2026-08-20,ACTIVE,Choose+Bottle+Extra Essence,SHOBI_LIVE_SHOW_ALL
256,1169-HUG,1169-HUG MP,MP156,MP,THE SCENT - HUGO BOSS,Fragrances For Men,9.0,1169-HUG Inspired by the fragrance notes of THE SCENT - HUGO BOSS.,https://leparfum.com.gr/en/fragrances-for-men/1169-hug-mp,2026-08-20,2026-08-20,ACTIVE,Choose+Bottle+Extra Essence,SHOBI_LIVE_SHOW_ALL
255,1168-HUG,1168-HUG MP,MP155,MP,HUGO ICED - BOSS,Fragrances For Men,9.0,1168-HUG Inspired by the fragrance notes of HUGO ICED - BOSS.,https://leparfum.com.gr/en/fragrances-for-men/1168-hug-mp,2026-08-20,2026-08-20,ACTIVE,Choose+Bottle+Extra Essence,SHOBI_LIVE_SHOW_ALL
254,1166-HUG,1166-HUG MP,MP154,MP,HUGO DARK BLUE - HUGO BOSS,Fragrances For Men,9.0,1166-HUG  Inspired by the fragrance notes of HUGO DARK BLUE - HUGO BOSS.,https://leparfum.com.gr/en/fragrances-for-men/1166-hug-mp,2026-08-20,2026-08-20,ACTIVE,Choose+Bottle+Extra Essence,SHOBI_LIVE_SHOW_ALL
253,1165-HUG,1165-HUG MP,MP153,MP,ENERGISE - HUGO BOSS,Fragrances For Men,9.0,1165-HUG Inspired by the fragrance notes of ENERGISE - HUGO BOSS.,https://leparfum.com.gr/en/fragrances-for-men/1165-hug-mp,2026-08-20,2026-08-20,ACTIVE,Choose+Bottle+Extra Essence,SHOBI_LIVE_SHOW_ALL
252,1164-HUG,1164-HUG MP,MP152,MP,ELEMENTS - HUGO BOSS,Fragrances For Men,9.0,1164-HUG Inspired by the fragrance notes of ELEMENTS - HUGO BOSS.,https://leparfum.com.gr/en/fragrances-for-men/1164-hug-mp,2026-08-20,2026-08-20,ACTIVE,Choose+Bottle+Extra Essence,SHOBI_LIVE_SHOW_ALL
251,1163-HUG,1163-HUG MP,MP151,MP,BOSS ORANGE - HUGO BOSS,Fragrances For Men,9.0,1163-HUG Inspired by the fragrance notes of BOSS ORANGE - HUGO BOSS.,https://leparfum.com.gr/en/fragrances-for-men/1163-hug-mp,2026-08-20,2026-08-20,ACTIVE,Choose+Bottle+Extra Essence,SHOBI_LIVE_SHOW_ALL
250,1162-HUG,1162-HUG MP,MP150,MP,BOSS BOTTLED TONIC - HUGO,Fragrances For Men,9.0,1162-HUG Inspired by the fragrance notes of BOSS BOTTLED TONIC - HUGO.,https://leparfum.com.gr/en/fragrances-for-men/1162-hug-mp,2026-08-20,2026-08-20,ACTIVE,Choose+Bottle+Extra Essence,SHOBI_LIVE_SHOW_ALL
249,1160-HUG,1160-HUG MP,MP149,MP,,Fragrances For Men,9.0,BOSS BOTTLED - HUGO BOSS.,https://leparfum.com.gr/en/fragrances-for-men/boss-bottled-fragrance-clone,2026-08-20,2026-08-20,ACTIVE,Choose+Bottle+Extra Essence,SHOBI_LIVE_SHOW_ALL
248,1159-HUG,1159-HUG MP,MP148,MP,BALDESSARINI - HUGO BOSS,Fragrances For Men,9.0,1159-HUG Inspired by the fragrance notes of BALDESSARINI - HUGO BOSS.,https://leparfum.com.gr/en/fragrances-for-men/1159-hug-mp,2026-08-20,2026-08-20,ACTIVE,Choose+Bottle+Extra Essence,SHOBI_LIVE_SHOW_ALL
247,1158-HER,1158-HER M,MP147,MP,TERRE EAU TRES FRAICHE - HERMES,Fragrances For Men,9.0,1158-HER Inspired by the fragrance notes of TERRE EAU TRES FRAICHE - HERMES.,https://leparfum.com.gr/en/fragrances-for-men/1158-her-m,2026-08-20,2026-08-20,ACTIVE,Choose+Bottle+Extra Essence,SHOBI_LIVE_SHOW_ALL
246,1156-HER,1156-HER M,MP146,MP,TERRE D'HERMES - HERMES,Fragrances For Men,9.0,1156-HER Inspired by the fragrance notes of TERRE D'HERMES - HERMES.,https://leparfum.com.gr/en/fragrances-for-men/1156-her-m,2026-08-20,2026-08-20,ACTIVE,Choose+Bottle+Extra Essence,SHOBI_LIVE_SHOW_ALL
245,1155-HER,1155-HER M,MP145,MP,POIVRE SAMARCANDE HERMES,Fragrances For Men,9.0,1155-HER Inspired by the fragrance notes of POIVRE SAMARCANDE HERMES .,https://leparfum.com.gr/en/fragrances-for-men/1155-her-m,2026-08-20,2026-08-20,ACTIVE,Choose+Bottle+Extra Essence,SHOBI_LIVE_SHOW_ALL
244,1154-HER,1154-HER M,MP144,MP,UN JARDIN EN MEDITERRANEE - HERMES,Fragrances For Men,9.0,1154-HER M Inspired by the fragrance notes of UN JARDIN EN MEDITERRANEE - HERMES.,https://leparfum.com.gr/en/fragrances-for-men/1154-her-m,2026-08-20,2026-08-20,ACTIVE,Choose+Bottle+Extra Essence,SHOBI_LIVE_SHOW_ALL
243,1153-HER,1153-HER M,MP143,MP,EAU DE MANDARINE AMBREE - HERMES,Fragrances For Men,9.0,1153-HER M Inspired by the fragrance notes of EAU DE MANDARINE AMBREE - HERMES.,https://leparfum.com.gr/en/fragrances-for-men/1153-her-m,2026-08-20,2026-08-20,ACTIVE,Choose+Bottle+Extra Essence,SHOBI_LIVE_SHOW_ALL
242,1152-HER,1152-HER M,MP142,MP,BEL AMI - HERMES,Fragrances For Men,9.0,1152-HER M Inspired by the fragrance notes of BEL AMI - HERMES.,https://leparfum.com.gr/en/fragrances-for-men/1152-her-m,2026-08-20,2026-08-20,ACTIVE,Choose+Bottle+Extra Essence,SHOBI_LIVE_SHOW_ALL
241,1151-HAL,1151-HAL MP,MP141,MP,,Fragrances For Men,9.0,HALSTON Z14,https://leparfum.com.gr/en/fragrances-for-men/halston-z14-halston-type,2026-08-20,2026-08-20,ACTIVE,Choose+Bottle+Extra Essence,SHOBI_LIVE_SHOW_ALL
240,1150-GLA,1150-GLA MP,MP140,MP,,Fragrances For Men,9.0,DRAKKAR NOIR - GUY LAROCHE.,https://leparfum.com.gr/en/fragrances-for-men/drakkar-noir-guy-laroche-perfume,2026-08-20,2026-08-20,ACTIVE,Choose+Bottle+Extra Essence,SHOBI_LIVE_SHOW_ALL
239,1149-GUR,1149-GUR M,MP139,MP,L' HOMME IDEAL - GUERLAIN,Fragrances For Men,9.0,1149-GUR M Inspired by the fragrance notes of L' HOMME IDEAL - GUERLAIN.,https://leparfum.com.gr/en/fragrances-for-men/1149-gur-m,2026-08-20,2026-08-20,ACTIVE,Choose+Bottle+Extra Essence,SHOBI_LIVE_SHOW_ALL
238,1148-GUC,1148-GUC MP,MP138,MP,OUD,Fragrances For Men,9.0,1148-GUC Inspired by the fragrance notes of OUD.,https://leparfum.com.gr/en/fragrances-for-men/1148-guc-mp,2026-08-20,2026-08-20,ACTIVE,Choose+Bottle+Extra Essence,SHOBI_LIVE_SHOW_ALL
237,1147-GUC,1147-GUC MP,MP137,MP,Guilty pour Homme,Fragrances For Men,9.0,1147-GUC Inspired by the fragrance notes of Guilty pour Homme.,https://leparfum.com.gr/en/fragrances-for-men/1147-guc-mp,2026-08-20,2026-08-20,ACTIVE,Choose+Bottle+Extra Essence,SHOBI_LIVE_SHOW_ALL
236,1146-GUC,1146-GUC MP,MP136,MP,Guilty Intense,Fragrances For Men,9.0,1146-GUC Inspired by the fragrance notes of Guilty Intense.,https://leparfum.com.gr/en/fragrances-for-men/1146-guc-mp,2026-08-20,2026-08-20,ACTIVE,Choose+Bottle+Extra Essence,SHOBI_LIVE_SHOW_ALL
234,1144-GUC,1144-GUC MP,MP134,MP,G,Fragrances For Men,9.0,1144-GUC Inspired by the fragrance notes of G. by G. pour Homme.,https://leparfum.com.gr/en/fragrances-for-men/1144-guc-mp,2026-08-20,2026-08-20,ACTIVE,Choose+Bottle+Extra Essence,SHOBI_LIVE_SHOW_ALL
233,1143-GUC,1143-GUC MP,MP133,MP,Envy for Men,Fragrances For Men,9.0,1143-GUC Inspired by the fragrance notes of Envy for Men.,https://leparfum.com.gr/en/fragrances-for-men/1143-guc-mp,2026-08-20,2026-08-20,ACTIVE,Choose+Bottle+Extra Essence,SHOBI_LIVE_SHOW_ALL
232,1142-GIV,1142-GIV M,MP132,MP,PLAY,Fragrances For Men,9.0,1142-GIV M Inspired by the fragrance notes of PLAY.,https://leparfum.com.gr/en/fragrances-for-men/1142-giv-m,2026-08-20,2026-08-20,ACTIVE,Choose+Bottle+Extra Essence,SHOBI_LIVE_SHOW_ALL
231,1141-GIV,1141-GIV M,MP131,MP,P,Fragrances For Men,9.0,1141-GIV M Inspired by the fragrance notes of P.,https://leparfum.com.gr/en/fragrances-for-men/1141-giv-m,2026-08-20,2026-08-20,ACTIVE,Choose+Bottle+Extra Essence,SHOBI_LIVE_SHOW_ALL
230,1140-GIV,1140-GIV M,MP130,MP,INSENSE ULTRAMARINE,Fragrances For Men,9.0,1140-GIV M Inspired by the fragrance notes of INSENSE ULTRAMARINE.,https://leparfum.com.gr/en/fragrances-for-men/1140-giv-m,2026-08-20,2026-08-20,ACTIVE,Choose+Bottle+Extra Essence,SHOBI_LIVE_SHOW_ALL
229,1139-GIV,1139-GIV M,MP129,MP,GENTLEMEN ONLY,Fragrances For Men,9.0,1139-GIV M Inspired by the fragrance notes of GENTLEMEN ONLY.,https://leparfum.com.gr/en/fragrances-for-men/1139-giv-m,2026-08-20,2026-08-20,ACTIVE,Choose+Bottle+Extra Essence,SHOBI_LIVE_SHOW_ALL
228,1138-GIV,1138-GIV M,MP128,MP,GENTLEMAN,Fragrances For Men,9.0,"1138-GIV M Inspired by the fragrance notes of GENTLEMAN. Fragrance woody, patchouli, earthy, animalic, warm spicy, musky, honey, powdery, leather.",https://leparfum.com.gr/en/fragrances-for-men/1138-giv-m,2026-08-20,2026-08-20,ACTIVE,Choose+Bottle+Extra Essence,SHOBI_LIVE_SHOW_ALL
227,1136-ARM,1136-ARM M,MP127,MP,STRONGER WITH YOU,Fragrances For Men,9.0,"1136-ARM M Inspired by the fragrance notes of STRONGER WITH YOU. Aromatic, vanilla, soft spicy, warm spicy, woody.",https://leparfum.com.gr/en/fragrances-for-men/1136-arm-m,2026-08-20,2026-08-20,ACTIVE,Choose+Bottle+Extra Essence,SHOBI_LIVE_SHOW_ALL
226,1134-ARM,1134-ARM M,MP126,MP,DIAMONDS,Fragrances For Men,9.0,1134-ARM M Inspired by the fragrance notes of DIAMONDS.,https://leparfum.com.gr/en/fragrances-for-men/1134-arm-m,2026-08-20,2026-08-20,ACTIVE,Choose+Bottle+Extra Essence,SHOBI_LIVE_SHOW_ALL
225,1133-ARM,1133-ARM M,MP125,MP,BLACK CODE,Fragrances For Men,9.0,1133-ARM M Inspired by the fragrance notes of BLACK CODE.,https://leparfum.com.gr/en/fragrances-for-men/1133-arm-m,2026-08-20,2026-08-20,ACTIVE,Choose+Bottle+Extra Essence,SHOBI_LIVE_SHOW_ALL
224,1132-ARM,1132-ARM M,MP124,MP,ATTITUDE,Fragrances For Men,9.0,1132-ARM M Inspired by the fragrance notes of ATTITUDE.,https://leparfum.com.gr/en/fragrances-for-men/1132-arm-m,2026-08-20,2026-08-20,ACTIVE,Choose+Bottle+Extra Essence,SHOBI_LIVE_SHOW_ALL
223,1131-ARM,1131-ARM M,MP123,MP,Mania,Fragrances For Men,9.0,"1131-ARM M Inspired by the fragrance of Mania. Men's perfume woody, citrus, musky, warm spicy, aromatic, powdery, earthy.",https://leparfum.com.gr/en/fragrances-for-men/1131-arm-m,2026-08-20,2026-08-20,ACTIVE,Choose+Bottle+Extra Essence,SHOBI_LIVE_SHOW_ALL
222,1130-ARM,1130-ARM M,MP122,MP,CODE PROFUMO,Fragrances For Men,9.0,1130-ARM M Inspired by the fragrance notes of  CODE PROFUMO.,https://leparfum.com.gr/en/fragrances-for-men/1130-arm-m,2026-08-20,2026-08-20,ACTIVE,Choose+Bottle+Extra Essence,SHOBI_LIVE_SHOW_ALL
221,1129-ARM,1129-ARM M,MP121,MP,CODE ICE,Fragrances For Men,9.0,1129-ARM M Inspired by the fragrance notes of CODE ICE.,https://leparfum.com.gr/en/fragrances-for-men/1129-arm-m,2026-08-20,2026-08-20,ACTIVE,Choose+Bottle+Extra Essence,SHOBI_LIVE_SHOW_ALL
220,1128-ARM,1128-ARM M,MP120,MP,CODE COLONIA,Fragrances For Men,9.0,1128-ARM M Inspired by the fragrance notes of CODE COLONIA.,https://leparfum.com.gr/en/fragrances-for-men/1128-arm-m,2026-08-20,2026-08-20,ACTIVE,Choose+Bottle+Extra Essence,SHOBI_LIVE_SHOW_ALL
218,1125-ARM,1125-ARM M,MP118,MP,ACQUA DI GIO ESSENZA,Fragrances For Men,9.0,1125-ARM M Inspired by the fragrance notes of ACQUA DI GIO ESSENZA.,https://leparfum.com.gr/en/fragrances-for-men/1125-arm-m,2026-08-20,2026-08-20,ACTIVE,Choose+Bottle+Extra Essence,SHOBI_LIVE_SHOW_ALL
217,1124-ARM,1124-ARM M,MP117,MP,ACQUA DI GIO ABSOLU,Fragrances For Men,9.0,1124-ARM M Inspired by the fragrance notes of ACQUA DI GIO ABSOLU.,https://leparfum.com.gr/en/fragrances-for-men/1124-arm-m,2026-08-20,2026-08-20,ACTIVE,Choose+Bottle+Extra Essence,SHOBI_LIVE_SHOW_ALL
216,1123-ARM,1123-ARM M,MP116,MP,ACQUA DI GIO,Fragrances For Men,9.0,1123-ARM M Inspired by the fragrance notes of ACQUA DI GIO.,https://leparfum.com.gr/en/fragrances-for-men/1123-arm-m,2026-08-20,2026-08-20,ACTIVE,Choose+Bottle+Extra Essence,SHOBI_LIVE_SHOW_ALL
215,1122-GFE,1122-GFE MP,MP115,MP,,Fragrances For Men,9.0,IN THE MOOD FOR LOVE - GIANFRANCO FERRE Type,https://leparfum.com.gr/en/fragrances-for-men/in-the-mood-for-love-gianfranco-ferre-type,2026-08-20,2026-08-20,ACTIVE,Choose+Bottle+Extra Essence,SHOBI_LIVE_SHOW_ALL
213,1120-FER,1120-FER MP,MP113,MP,,Fragrances For Men,9.0,CEDAR ESSENCE - FERRARI Type,https://leparfum.com.gr/en/fragrances-for-men/cedar-essence-ferrari,2026-08-20,2026-08-20,ACTIVE,Choose+Bottle+Extra Essence,SHOBI_LIVE_SHOW_ALL
212,1119-FEN,1119-FEN MP,MP112,MP,,Fragrances For Men,9.0,ACQUA FAN DI FENDI Clone Perfume,https://leparfum.com.gr/en/fragrances-for-men/acqua-fan-di-fendi-clone-perfume,2026-08-20,2026-08-20,ACTIVE,Choose+Bottle+Extra Essence,SHOBI_LIVE_SHOW_ALL
211,1118-FAB,1118-FAB MP,MP111,MP,,Fragrances For Men,9.0,"It's Brut. What more.. aromatic, fresh spicy, woody, earthy, citrus, anis, lavender, sweet, mossy, vanilla.",https://leparfum.com.gr/en/fragrances-for-men/brut-1964-faberge-clone,2026-08-20,2026-08-20,ACTIVE,Choose+Bottle+Extra Essence,SHOBI_LIVE_SHOW_ALL
210,1117-EST,1117-EST MP,MP110,MP,INTUITION - ESTEE LAUDER,Fragrances For Men,9.0,1117-EST Inspired by the fragrance notes of INTUITION - ESTEE LAUDER,https://leparfum.com.gr/en/fragrances-for-men/1117-est-mp,2026-08-20,2026-08-20,ACTIVE,Choose+Bottle+Extra Essence,SHOBI_LIVE_SHOW_ALL
209,1116-ZEG,1116-ZEG MP,MP109,MP,,Fragrances For Men,9.0,UOMO ABSOLUT - ERMENEGILDO ZEGNA Clone,https://leparfum.com.gr/en/fragrances-for-men/uomo-absolut-zegna-clone,2026-08-20,2026-08-20,ACTIVE,Choose+Bottle+Extra Essence,SHOBI_LIVE_SHOW_ALL
208,1115-ZEG,1115-ZEG MP,MP108,MP,,Fragrances For Men,9.0,BOURBON VANILLA - ERMENEGILDO ZEGNA Type,https://leparfum.com.gr/en/fragrances-for-men/bourbon-vanilla-zegna-type,2026-08-20,2026-08-20,ACTIVE,Choose+Bottle+Extra Essence,SHOBI_LIVE_SHOW_ALL
207,1137-ARM,1137-ARM M,MP107,MP,WHITE,Fragrances For Men,9.0,1137-ARM M Inspired by the fragrance notes of  WHITE.,https://leparfum.com.gr/en/fragrances-for-men/1137-arm-m,2026-08-20,2026-08-20,ACTIVE,Choose+Bottle+Extra Essence,SHOBI_LIVE_SHOW_ALL
206,1135-ARM,1135-ARM M,MP106,MP,LUI/IL/HE/EL,Fragrances For Men,9.0,"1135-ARM M Inspired by the fragrance notes of LUI/IL/HE/EL. Top notes are pineapple, mandarin orange, apple, sage, yuzu.",https://leparfum.com.gr/en/fragrances-for-men/1135-arm-m,2026-08-20,2026-08-20,ACTIVE,Choose+Bottle+Extra Essence,SHOBI_LIVE_SHOW_ALL
205,1114-DUN,1114-DUN MP,MP105,MP,,Fragrances For Men,9.0,ICON ELITE - DUNHILL Type,https://leparfum.com.gr/en/fragrances-for-men/icon-elite-dunhill-type,2026-08-20,2026-08-20,ACTIVE,Choose+Bottle+Extra Essence,SHOBI_LIVE_SHOW_ALL
204,1113-DSQ,1113-DSQ MP,MP104,MP,,Fragrances For Men,9.0,WILD - DSQUARED dupe perfume,https://leparfum.com.gr/en/fragrances-for-men/wild-dsquared-dupe-perfume,2026-08-20,2026-08-20,ACTIVE,Choose+Bottle+Extra Essence,SHOBI_LIVE_SHOW_ALL
203,1112-DSQ,1112-DSQ MP,MP103,MP,,Fragrances For Men,9.0,HE WOOD ROCKY MOUNTAIN - DSQUARED Clone,https://leparfum.com.gr/en/fragrances-for-men/he-wood-rocky-mountain-dsquared-clone,2026-08-20,2026-08-20,ACTIVE,Choose+Bottle+Extra Essence,SHOBI_LIVE_SHOW_ALL
202,1111-DSQ,1111-DSQ MP,MP102,MP,,Fragrances For Men,9.0,HE WOOD - DSQUARED Perfumes Similar,https://leparfum.com.gr/en/fragrances-for-men/he-wood-dsquared-perfumes-similar,2026-08-20,2026-08-20,ACTIVE,Choose+Bottle+Extra Essence,SHOBI_LIVE_SHOW_ALL
201,1110-DSQ,1110-DSQ MP,MP101,MP,,Fragrances For Men,9.0,BLACK POTION - DSQUARED Similar,https://leparfum.com.gr/en/fragrances-for-men/black-potion-dsquared-similar,2026-08-20,2026-08-20,ACTIVE,Choose+Bottle+Extra Essence,SHOBI_LIVE_SHOW_ALL
200,1109-DIE,1109-DIE M,MP100,MP,,Fragrances For Men,9.0,ONLY THE BRAVE WILD - DIESEL.,https://leparfum.com.gr/en/fragrances-for-men/1109-die-m,2026-08-20,2026-08-20,ACTIVE,Choose+Bottle+Extra Essence,SHOBI_LIVE_SHOW_ALL
199,1108-DIE,1108-DIE M,MP099,MP,ONLY THE BRAVE - DIESEL,Fragrances For Men,9.0,1108-DIE M Inspired by the fragrance notes of ONLY THE BRAVE - DIESEL.,https://leparfum.com.gr/en/fragrances-for-men/1108-die-m,2026-08-20,2026-08-20,ACTIVE,Choose+Bottle+Extra Essence,SHOBI_LIVE_SHOW_ALL
198,1107-DIE,1107-DIE M,MP098,MP,BAD - DIESEL,Fragrances For Men,9.0,1107-DIE M Inspired by the fragrance notes of BAD - DIESEL.,https://leparfum.com.gr/en/fragrances-for-men/1107-die-m,2026-08-20,2026-08-20,ACTIVE,Choose+Bottle+Extra Essence,SHOBI_LIVE_SHOW_ALL
197,1106-DAV,1106-DAV MP,MP097,MP,,Fragrances For Men,9.0,ZINO DAVIDOFF Perfume Clone,https://leparfum.com.gr/en/fragrances-for-men/zino-davidoff-perfume-clone,2026-08-20,2026-08-20,ACTIVE,Choose+Bottle+Extra Essence,SHOBI_LIVE_SHOW_ALL
196,1105-DAV,1105-DAV MP,MP096,MP,,Fragrances For Men,9.0,THE BRILLIANT GAME - DAVIDOFF Clone - Woody Oriental,https://leparfum.com.gr/en/fragrances-for-men/brilliant-game-davidoff-clone,2026-08-20,2026-08-20,ACTIVE,Choose+Bottle+Extra Essence,SHOBI_LIVE_SHOW_ALL
195,1104-DAV,1104-DAV MP,MP095,MP,,Fragrances For Men,9.0,PURE PACIFIC - DAVIDOFF Similar,https://leparfum.com.gr/en/fragrances-for-men/pure-pacific-davidoff-similar,2026-08-20,2026-08-20,ACTIVE,Choose+Bottle+Extra Essence,SHOBI_LIVE_SHOW_ALL
194,1103-DAV,1103-DAV MP,MP094,MP,,Fragrances For Men,9.0,HOT WATER - DAVIDOFF Clone Perfume,https://leparfum.com.gr/en/fragrances-for-men/hot-water-davidoff-clone-perfume,2026-08-20,2026-08-20,ACTIVE,Choose+Bottle+Extra Essence,SHOBI_LIVE_SHOW_ALL
193,1102-DAV,1102-DAV MP,MP093,MP,,Fragrances For Men,9.0,COOL WATER - DAVIDOFF Type,https://leparfum.com.gr/en/fragrances-for-men/man-cool-water-davidoff-type,2026-08-20,2026-08-20,ACTIVE,Choose+Bottle+Extra Essence,SHOBI_LIVE_SHOW_ALL
192,1101-DOL,1101-DOL MP,MP092,MP,VELVET BERGAMOT,Fragrances For Men,9.0,1101-DOL Inspired by the fragrance notes of VELVET BERGAMOT.,https://leparfum.com.gr/en/fragrances-for-men/1101-dol-mp,2026-08-20,2026-08-20,ACTIVE,Choose+Bottle+Extra Essence,SHOBI_LIVE_SHOW_ALL
191,1099-DOL,1099-DOL MP,MP091,MP,The One,Fragrances For Men,9.0,"1099-DOL MP Inspired by the fragrance notes of The One. Men's perfume amber, fresh spicy, tobacco, aromatic, citrus, sweet, warm spicy.",https://leparfum.com.gr/en/fragrances-for-men/1099-dol-mp,2026-08-20,2026-08-20,ACTIVE,Choose+Bottle+Extra Essence,SHOBI_LIVE_SHOW_ALL
190,1098-DOL,1098-DOL M,MP090,MP,Pour Homme 1994,Fragrances For Men,9.0,"1098-DOL M Inspired by the fragrance notes of Pour Homme 1994. Men fragrance aromatic, citrus, fresh spicy, woody, warm spicy, lavender, sweet, powdery, tobacco.",https://leparfum.com.gr/en/fragrances-for-men/1098-dol-m,2026-08-20,2026-08-20,ACTIVE,Choose+Bottle+Extra Essence,SHOBI_LIVE_SHOW_ALL
188,1096-DOL,1096-DOL M,MP088,MP,LIGHT BLUE EAU INTENSE,Fragrances For Men,9.0,"1096-DOL M Inspired by the fragrance notes of LIGHT BLUE EAU INTENSE. Citrus, aromatic, marine perfume.",https://leparfum.com.gr/en/fragrances-for-men/1096-dol-m,2026-08-20,2026-08-20,ACTIVE,Choose+Bottle+Extra Essence,SHOBI_LIVE_SHOW_ALL
187,1095-DOL,1095-DOL M,MP087,MP,LIGHT BLUE MAN,Fragrances For Men,9.0,1095-DOL M Inspired by the fragrance notes of LIGHT BLUE MAN.,https://leparfum.com.gr/en/fragrances-for-men/1095-dol-m,2026-08-20,2026-08-20,ACTIVE,Choose+Bottle+Extra Essence,SHOBI_LIVE_SHOW_ALL
186,1093-DOL,1093-DOL MP,MP086,MP,INTENSO,Fragrances For Men,9.0,1093-DOL Inspired by the fragrance notes of INTENSO.,https://leparfum.com.gr/en/fragrances-for-men/1093-dol-mp,2026-08-20,2026-08-20,ACTIVE,Choose+Bottle+Extra Essence,SHOBI_LIVE_SHOW_ALL
185,1092-DOL,1092-DOL,MP085,MP,BY,Fragrances For Men,9.0,1092-DOL Inspired by the fragrance notes of BY.,https://leparfum.com.gr/en/fragrances-for-men/1092-dol,2026-08-20,2026-08-20,ACTIVE,Choose+Bottle+Extra Essence,SHOBI_LIVE_SHOW_ALL
184,1089-COM,1089-COM MP,MP084,MP,,Fragrances For Men,9.0,WONDERWOOD - COMME DES GARÇONS Type,https://leparfum.com.gr/en/fragrances-for-men/wonderwood-comme-des-garcons-type,2026-08-20,2026-08-20,ACTIVE,Choose+Bottle+Extra Essence,SHOBI_LIVE_SHOW_ALL
183,1087-COM,1087-COM MP,MP083,MP,,Fragrances For Men,9.0,COMME DES GARCONS 2 Inspired Perfume,https://leparfum.com.gr/en/fragrances-for-men/comme-des-garcons-inspired-perfume,2026-08-20,2026-08-20,ACTIVE,Choose+Bottle+Extra Essence,SHOBI_LIVE_SHOW_ALL
182,1086-CLI,1086-CLI MP,MP082,MP,HAPPY - CLINIQUE,Fragrances For Men,9.0,"Inspired by the fragrance notes of HAPPY - CLINIQUE.Fragrance citrus, green, aromatic, marine, woody.",https://leparfum.com.gr/en/fragrances-for-men/happy-man-clinique-perfume-type,2026-08-20,2026-08-20,ACTIVE,Choose+Bottle+Extra Essence,SHOBI_LIVE_SHOW_ALL
181,1085-DRC,1085-DRC M,MP081,MP,SAUVAGE,Fragrances For Men,9.0,1085-DRC M Inspired by the fragrance notes of SAUVAGE.,https://leparfum.com.gr/en/fragrances-for-men/1085-drc-m,2026-08-20,2026-08-20,ACTIVE,Choose+Bottle+Extra Essence,SHOBI_LIVE_SHOW_ALL
179,1083-DRC,1083-DRC M,MP079,MP,INTENSE HOMME,Fragrances For Men,9.0,1083-DRC Μ Inspired by the fragrance notes of INTENSE HOMME.,https://leparfum.com.gr/en/fragrances-for-men/1083-drc-m,2026-08-20,2026-08-20,ACTIVE,Choose+Bottle+Extra Essence,SHOBI_LIVE_SHOW_ALL
178,1082-DRC,1082-DRC M,MP078,MP,HOMME SPORT,Fragrances For Men,9.0,1082-DRC Μ Inspired by the fragrance notes of HOMME SPORT.,https://leparfum.com.gr/en/fragrances-for-men/1082-drc-m,2026-08-20,2026-08-20,ACTIVE,Choose+Bottle+Extra Essence,SHOBI_LIVE_SHOW_ALL
176,1080-DRC,1080-DRC M,MP076,MP,HOMME,Fragrances For Men,9.0,1080-DRC Inspired by the fragrance notes of HOMME.,https://leparfum.com.gr/en/fragrances-for-men/1080-drc-m,2026-08-20,2026-08-20,ACTIVE,Choose+Bottle+Extra Essence,SHOBI_LIVE_SHOW_ALL
175,1079-DRC,1079-DRC M Perfume,MP075,MP,HIGHER ENERGY,Fragrances For Men,9.0,1079-DRC Μ Inspired by the fragrance notes of HIGHER ENERGY.,https://leparfum.com.gr/en/fragrances-for-men/1079-drc-m-perfume,2026-08-20,2026-08-20,ACTIVE,Choose+Bottle+Extra Essence,SHOBI_LIVE_SHOW_ALL
174,1078-DRC,1078-DRC M,MP074,MP,HIGHER,Fragrances For Men,9.0,1078-DRC M Inspired by the fragrance notes of HIGHER.,https://leparfum.com.gr/en/fragrances-for-men/1078-drc-m,2026-08-20,2026-08-20,ACTIVE,Choose+Bottle+Extra Essence,SHOBI_LIVE_SHOW_ALL
173,1077-DRC,1077-DRC M,MP073,MP,FAHRENEIT 32,Fragrances For Men,9.0,1077-DRC Inspired by the fragrance notes of FAHRENEIT 32.,https://leparfum.com.gr/en/fragrances-for-men/1077-drc-m,2026-08-20,2026-08-20,ACTIVE,Choose+Bottle+Extra Essence,SHOBI_LIVE_SHOW_ALL
172,,1076 - DRC M,MP072,MP,Fahrenheit,Fragrances For Men,9.0,"1076 - DRC M Inspired by the fragrance notes of Fahrenheit.Fragrance leather, woody, ozonic, fresh spicy, animalic, aromatic, aquatic.",https://leparfum.com.gr/en/fragrances-for-men/1076-drc-m,2026-08-20,2026-08-20,ACTIVE,Choose+Bottle+Extra Essence,SHOBI_LIVE_SHOW_ALL
171,1075-DRC,1075-DRC M,MP071,MP,EAU SAUVAGE,Fragrances For Men,9.0,1075-DRC M Inspired by the fragrance notes of EAU SAUVAGE.,https://leparfum.com.gr/en/fragrances-for-men/1075-drc-m,2026-08-20,2026-08-20,ACTIVE,Choose+Bottle+Extra Essence,SHOBI_LIVE_SHOW_ALL
170,1074-DRC,1074-DRC M,MP070,MP,DUNE,Fragrances For Men,9.0,1074-DRC M Inspired by the fragrance notes of DUNE.,https://leparfum.com.gr/en/fragrances-for-men/1074-drc-m,2026-08-20,2026-08-20,ACTIVE,Choose+Bottle+Extra Essence,SHOBI_LIVE_SHOW_ALL
169,1073-DRC,1073-DRC M Perfume,MP069,MP,HOMME PARFUM,Fragrances For Men,9.0,1073-DRC M Inspired by the fragrance notes of HOMME PARFUM.,https://leparfum.com.gr/en/fragrances-for-men/1073-drc-m-perfume,2026-08-20,2026-08-20,ACTIVE,Choose+Bottle+Extra Essence,SHOBI_LIVE_SHOW_ALL
168,1071-DRC,1071-DRC M,MP068,MP,AMBRE NUIT,Fragrances For Men,9.0,1071-DRC Inspired by the fragrance notes of AMBRE NUIT.,https://leparfum.com.gr/en/fragrances-for-men/1071-drc-m,2026-08-20,2026-08-20,ACTIVE,Choose+Bottle+Extra Essence,SHOBI_LIVE_SHOW_ALL
167,1070-CHA,1070-CHA M,MP067,MP,EGOISTE PLATINUM,Fragrances For Men,9.0,"1070-CHA M Inspired by the fragrance of EGOISTE PLATINUM. Barber fragrance aromatic, fresh spicy, woody, lavender, green, herbal.",https://leparfum.com.gr/en/fragrances-for-men/1070-cha-m,2026-08-20,2026-08-20,ACTIVE,Choose+Bottle+Extra Essence,SHOBI_LIVE_SHOW_ALL
166,1069-CHA,1069-CHA M,MP066,MP,Egoiste,Fragrances For Men,9.0,1069-CHA M Inspired by the fragrance of Egoiste.,https://leparfum.com.gr/en/fragrances-for-men/1069-cha-m,2026-08-20,2026-08-20,ACTIVE,Choose+Bottle+Extra Essence,SHOBI_LIVE_SHOW_ALL
165,1068-CHA,1068-CHA M,MP065,MP,Boy,Fragrances For Men,9.0,1068-CHA M Inspired by the fragrance of Boy. Unisex Perfume.,https://leparfum.com.gr/en/fragrances-for-men/1068-cha-m,2026-08-20,2026-08-20,ACTIVE,Choose+Bottle+Extra Essence,SHOBI_LIVE_SHOW_ALL
164,1067-CHA,1067-CHA M,MP064,MP,BLEU,Fragrances For Men,9.0,1067-CHA M Inspired by the fragrance of BLEU.,https://leparfum.com.gr/en/fragrances-for-men/1067-cha-m,2026-08-20,2026-08-20,ACTIVE,Choose+Bottle+Extra Essence,SHOBI_LIVE_SHOW_ALL
163,1066-CHA,1066-CHA M,MP063,MP,Antaeus,Fragrances For Men,9.0,1066-CHA M Inspired by the fragrance of Antaeus.,https://leparfum.com.gr/en/fragrances-for-men/1066-cha-m,2026-08-20,2026-08-20,ACTIVE,Choose+Bottle+Extra Essence,SHOBI_LIVE_SHOW_ALL
162,1065-CHA,1065-CHA M,MP062,MP,ALLURE HOMME SPORT,Fragrances For Men,9.0,"1065-CHA M Inspired by the fragrance of ALLURE HOMME SPORT. Fragrance citrus, aromatic, vanilla, aldehydic, marine, sweet, fresh spicy, fresh, amber, powdery.",https://leparfum.com.gr/en/fragrances-for-men/1065-cha-m,2026-08-20,2026-08-20,ACTIVE,Choose+Bottle+Extra Essence,SHOBI_LIVE_SHOW_ALL
161,1064-CHA,1064-CHA M,MP061,MP,ALLURE FOR MEN,Fragrances For Men,9.0,1064-CHA M Inspired by the fragrance of ALLURE FOR MEN. Amber Woody fragrance for men.,https://leparfum.com.gr/en/fragrances-for-men/1064-cha-m,2026-08-20,2026-08-20,ACTIVE,Choose+Bottle+Extra Essence,SHOBI_LIVE_SHOW_ALL
160,1063-CER,1063-CER MP,MP060,MP,,Fragrances For Men,9.0,CERRUTI POUR HOMME.,https://leparfum.com.gr/en/fragrances-for-men/cerruti-pour-homme-clone-fragrance,2026-08-20,2026-08-20,ACTIVE,Choose+Bottle+Extra Essence,SHOBI_LIVE_SHOW_ALL
159,1062-CRT,1062-CRT MP,MP059,MP,ROADSTER - CARTIER,Fragrances For Men,9.0,1062-CRT Inspired by the fragrance notes of ROADSTER - CARTIER.,https://leparfum.com.gr/en/fragrances-for-men/1062-crt-mp,2026-08-20,2026-08-20,ACTIVE,Choose+Bottle+Extra Essence,SHOBI_LIVE_SHOW_ALL
158,1061-CRT,1061-CRT MP,MP058,MP,PASHA DE CARTIER - CARTIER,Fragrances For Men,9.0,1061-CRT Inspired by the fragrance notes of PASHA DE CARTIER - CARTIER.,https://leparfum.com.gr/en/fragrances-for-men/1061-crt-mp,2026-08-20,2026-08-20,ACTIVE,Choose+Bottle+Extra Essence,SHOBI_LIVE_SHOW_ALL
157,1060-CRT,1060-CRT MP,MP057,MP,L'ENVOL DE CARTIER,Fragrances For Men,9.0,1060-CRT Inspired by the fragrance notes of L'ENVOL DE CARTIER.,https://leparfum.com.gr/en/fragrances-for-men/1060-crt-mp,2026-08-20,2026-08-20,ACTIVE,Choose+Bottle+Extra Essence,SHOBI_LIVE_SHOW_ALL
156,1059-CRT,1059-CRT MP,MP056,MP,DECLARATION - CARTIER,Fragrances For Men,9.0,1059-CRT Inspired by the fragrance notes of DECLARATION - CARTIER.,https://leparfum.com.gr/en/fragrances-for-men/1059-crt-mp,2026-08-20,2026-08-20,ACTIVE,Choose+Bottle+Extra Essence,SHOBI_LIVE_SHOW_ALL
155,1057-CAR,1057-CAR MP,MP055,MP,212 VIP WILD PARTY,Fragrances For Men,9.0,1057-CAR Inspired by the fragrance notes of 212 VIP WILD PARTY.,https://leparfum.com.gr/en/fragrances-for-men/1057-car-mp,2026-08-20,2026-08-20,ACTIVE,Choose+Bottle+Extra Essence,SHOBI_LIVE_SHOW_ALL
154,1056-CAR,1056-CAR M,MP054,MP,212 VIP MEN,Fragrances For Men,9.0,1056-CAR Inspired by the fragrance notes of 212 VIP MEN.,https://leparfum.com.gr/en/fragrances-for-men/1056-car-m,2026-08-20,2026-08-20,ACTIVE,Choose+Bottle+Extra Essence,SHOBI_LIVE_SHOW_ALL
153,1055-CAR,1055-CAR M,MP053,MP,212 VIP CLUB EDITION,Fragrances For Men,9.0,1055-CAR Inspired by the fragrance notes of 212 VIP CLUB EDITION.,https://leparfum.com.gr/en/fragrances-for-men/1055-car-m,2026-08-20,2026-08-20,ACTIVE,Choose+Bottle+Extra Essence,SHOBI_LIVE_SHOW_ALL
152,1054-CAR,1054-CAR M,MP052,MP,212 SEXY MEN,Fragrances For Men,9.0,1054-CAR M Inspired by the fragrance notes of 212 SEXY MEN.,https://leparfum.com.gr/en/fragrances-for-men/1054-car-m,2026-08-20,2026-08-20,ACTIVE,Choose+Bottle+Extra Essence,SHOBI_LIVE_SHOW_ALL
151,476-CAL,476-CAL,MP051,MP,ONE SUMMER 2016 CALVIN KLEIN,Fragrances For Men,9.0,"476-CAL Inspired by the fragrance notes of ONE SUMMER 2016 CALVIN KLEIN. Unisex perfume citrus, fresh, woody, fruity, green, aromatic, coconut, fresh spicy, tropical, sweet.",https://leparfum.com.gr/en/fragrances-for-men/476-cal,2026-08-20,2026-08-20,ACTIVE,Choose+Bottle+Extra Essence,SHOBI_LIVE_SHOW_ALL
150,1051-CAL,1051-CAL MP,MP050,MP,ONE SHOCK FOR HIM  - CALVIN KLEIN,Fragrances For Men,9.0,1051-CAL MP Inspired by the fragrance notes of ONE SHOCK FOR HIM  - CALVIN KLEIN.,https://leparfum.com.gr/en/fragrances-for-men/1051-cal-mp,2026-08-20,2026-08-20,ACTIVE,Choose+Bottle+Extra Essence,SHOBI_LIVE_SHOW_ALL
149,1050-CAL,1050-CAL MP,MP049,MP,ONE RED EDITION FOR HIM - CALVIN KLEIN,Fragrances For Men,9.0,1050-CAL MP Inspired by the fragrance notes of ONE RED EDITION FOR HIM - CALVIN KLEIN.,https://leparfum.com.gr/en/fragrances-for-men/1050-cal-mp,2026-08-20,2026-08-20,ACTIVE,Choose+Bottle+Extra Essence,SHOBI_LIVE_SHOW_ALL
148,1049-CAL,1049-CAL MP,MP048,MP,ONE - CK,Fragrances For Men,9.0,1049-CAL MP Inspired by the fragrance notes of ONE - CK.,https://leparfum.com.gr/en/fragrances-for-men/1049-cal-mp,2026-08-20,2026-08-20,ACTIVE,Choose+Bottle+Extra Essence,SHOBI_LIVE_SHOW_ALL
147,1048-CAL,1048-CAL M,MP047,MP,OBSESSION - CALVIN KLEIN,Fragrances For Men,9.0,1048-CAL M Inspired by the fragrance notes of OBSESSION - CALVIN KLEIN.,https://leparfum.com.gr/en/fragrances-for-men/1048-cal-m,2026-08-20,2026-08-20,ACTIVE,Choose+Bottle+Extra Essence,SHOBI_LIVE_SHOW_ALL
146,1047-CAL,1047-CAL MP,MP046,MP,EUPHORIA MEN - CALVIN KLEIN,Fragrances For Men,9.0,1047-CAL MP Inspired by the fragrance notes of EUPHORIA MEN - CALVIN KLEIN.,https://leparfum.com.gr/en/fragrances-for-men/1047-cal-mp,2026-08-20,2026-08-20,ACTIVE,Choose+Bottle+Extra Essence,SHOBI_LIVE_SHOW_ALL
145,1045-CAL,1045-CAL MP,MP045,MP,ETERNITY NOW - CALVIN KLEIN,Fragrances For Men,9.0,1045-CAL MP Inspired by the fragrance notes of ETERNITY NOW - CALVIN KLEIN.,https://leparfum.com.gr/en/fragrances-for-men/1045-cal-mp,2026-08-20,2026-08-20,ACTIVE,Choose+Bottle+Extra Essence,SHOBI_LIVE_SHOW_ALL
143,1043-CAL,1043-CAL MP,MP043,MP,BE  - CALVIN KLEIN,Fragrances For Men,9.0,1043-CAL MP Inspired by the fragrance notes of  BE  - CALVIN KLEIN.,https://leparfum.com.gr/en/fragrances-for-men/1043-cal-mp,2026-08-20,2026-08-20,ACTIVE,Choose+Bottle+Extra Essence,SHOBI_LIVE_SHOW_ALL
142,1042-CAC,1042-CAC M,MP042,MP,POUR HOMME,Fragrances For Men,9.0,1042-CAC M Inspired by the fragrance notes of POUR HOMME.,https://leparfum.com.gr/en/fragrances-for-men/1042-cac-m,2026-08-20,2026-08-20,ACTIVE,Choose+Bottle+Extra Essence,SHOBI_LIVE_SHOW_ALL
141,1041-BLG,1041-BLG MP,MP041,MP,POUR HOMME BLG,Fragrances For Men,9.0,"1041-BLG MP Inspired by the fragrance notes of POUR HOMME BLG. Men's perfume woody, fresh spicy, aromatic, citrus, green, musky, powdery.",https://leparfum.com.gr/en/fragrances-for-men/1041-blg-mp,2026-08-20,2026-08-20,ACTIVE,Choose+Bottle+Extra Essence,SHOBI_LIVE_SHOW_ALL
140,1040-BLG,1040-BLG MP,MP040,MP,NOTTE POUR HOMME,Fragrances For Men,9.0,1040-BLG MP Inspired by the fragrance notes of NOTTE POUR HOMME.,https://leparfum.com.gr/en/fragrances-for-men/1040-blg-mp,2026-08-20,2026-08-20,ACTIVE,Choose+Bottle+Extra Essence,SHOBI_LIVE_SHOW_ALL
139,1039-BLG,1039-BLG MP,MP039,MP,MAN IN BLACK - BVLGARI,Fragrances For Men,9.0,1039-BLG MP Inspired by the fragrance notes of MAN IN BLACK - BVLGARI.,https://leparfum.com.gr/en/fragrances-for-men/1039-blg-mp,2026-08-20,2026-08-20,ACTIVE,Choose+Bottle+Extra Essence,SHOBI_LIVE_SHOW_ALL
138,1038-BLG,1038-BLG MP,MP038,MP,MAN EXTREME - BVLGARI,Fragrances For Men,9.0,"1038-BLG MP Inspired by the fragrance notes of MAN EXTREME - BVLGARI.Fragrance citrus, aromatic, woody, green, fresh spicy, warm spicy, amber, floral, earthy.",https://leparfum.com.gr/en/fragrances-for-men/1038-blg-mp,2026-08-20,2026-08-20,ACTIVE,Choose+Bottle+Extra Essence,SHOBI_LIVE_SHOW_ALL
137,1036-BLG,1036-BLG MP,MP037,MP,BLV Pour Homme,Fragrances For Men,9.0,"1036-BLG MP Inspired by the fragrance notes of BLV Pour Homme. Perfume warm spicy, aromatic, woody, fresh spicy, green, white floral, fresh.",https://leparfum.com.gr/en/fragrances-for-men/1036-blg-mp,2026-08-20,2026-08-20,ACTIVE,Choose+Bottle+Extra Essence,SHOBI_LIVE_SHOW_ALL
136,1035-BLG,1035-BLG MP,MP036,MP,BLACK - BVLGARI,Fragrances For Men,9.0,1035-BLG MP Inspired by the fragrance notes of BLACK - BVLGARI.,https://leparfum.com.gr/en/fragrances-for-men/1035-blg-mp,2026-08-20,2026-08-20,ACTIVE,Choose+Bottle+Extra Essence,SHOBI_LIVE_SHOW_ALL
135,1034-BLG,1034-BLG MP,MP035,MP,AQUA - BVLGARI,Fragrances For Men,9.0,1034-BLG MP Inspired by the fragrance notes of AQUA - BVLGARI.,https://leparfum.com.gr/en/fragrances-for-men/1034-blg-mp,2026-08-20,2026-08-20,ACTIVE,Choose+Bottle+Extra Essence,SHOBI_LIVE_SHOW_ALL
134,1033-BRB,1033-BRB MP,MP034,MP,Touch for Men,Fragrances For Men,9.0,1033-BRB Inspired by the fragrance notes of Touch for Men.,https://leparfum.com.gr/en/fragrances-for-men/1033-brb-mp,2026-08-20,2026-08-20,ACTIVE,Choose+Bottle+Extra Essence,SHOBI_LIVE_SHOW_ALL
133,1032-BRB,1032-BRB MP,MP033,MP,The Beat for Men,Fragrances For Men,9.0,Inspired by the fragrance notes of The Beat for Men. Woody Perfume.,https://leparfum.com.gr/en/fragrances-for-men/1032-brb-mp,2026-08-20,2026-08-20,ACTIVE,Choose+Bottle+Extra Essence,SHOBI_LIVE_SHOW_ALL
132,1031-BRB,1031-BRB MP,MP032,MP,RHYTHM BRIT - BURBERRY,Fragrances For Men,9.0,1031-BRB Inspired by the fragrance notes of RHYTHM BRIT - BURBERRY.,https://leparfum.com.gr/en/fragrances-for-men/1031-brb-mp,2026-08-20,2026-08-20,ACTIVE,Choose+Bottle+Extra Essence,SHOBI_LIVE_SHOW_ALL
131,1030-BRB,1030-BRB MP,MP031,MP,MR,Fragrances For Men,9.0,1030-BRB Inspired by the fragrance notes of MR. BURBERRY INDIGO.,https://leparfum.com.gr/en/fragrances-for-men/1030-brb-mp,2026-08-20,2026-08-20,ACTIVE,Choose+Bottle+Extra Essence,SHOBI_LIVE_SHOW_ALL
130,1029-BRB,1029-BRB MP,MP030,MP,MR BURBERRY - BURBERRY,Fragrances For Men,9.0,"1029-BRB Inspired by the fragrance notes of MR BURBERRY - BURBERRY. Fragrance woody, aromatic, fresh spicy, warm spicy, citrus.",https://leparfum.com.gr/en/fragrances-for-men/1029-brb-mp,2026-08-20,2026-08-20,ACTIVE,Choose+Bottle+Extra Essence,SHOBI_LIVE_SHOW_ALL
129,1028-BRB,1028-BRB MP,MP029,MP,Sport for Men,Fragrances For Men,9.0,1028-BRB Inspired by the fragrance notes of Sport for Men.,https://leparfum.com.gr/en/fragrances-for-men/1028-brb-mp,2026-08-20,2026-08-20,ACTIVE,Choose+Bottle+Extra Essence,SHOBI_LIVE_SHOW_ALL
128,1027-BRB,1027-BRB MP,MP028,MP,LONDON,Fragrances For Men,9.0,1027-BRB Inspired by the fragrance notes of LONDON.,https://leparfum.com.gr/en/fragrances-for-men/1027-brb-mp,2026-08-20,2026-08-20,ACTIVE,Choose+Bottle+Extra Essence,SHOBI_LIVE_SHOW_ALL
127,1026-BRB,1026-BRB MP,MP027,MP,Brit,Fragrances For Men,9.0,1026-BRB Inspired by the fragrance notes of Brit.,https://leparfum.com.gr/en/fragrances-for-men/1026-brb-mp,2026-08-20,2026-08-20,ACTIVE,Choose+Bottle+Extra Essence,SHOBI_LIVE_SHOW_ALL
126,1025-BRB,1025-BRB MP,MP026,MP,Brit Rhythm Intense,Fragrances For Men,9.0,1025-BRB Inspired by the fragrance notes of Brit Rhythm Intense.,https://leparfum.com.gr/en/fragrances-for-men/1025-brb-mp,2026-08-20,2026-08-20,ACTIVE,Choose+Bottle+Extra Essence,SHOBI_LIVE_SHOW_ALL
125,1024-BOU,1024-BOU MP,MP025,MP,VANILLE DE ZANZIBAR (u),Fragrances For Men,9.0,1024-BOU INSPIRED BY THE FRAGRANCE NOTES OF VANILLE DE ZANZIBAR (u),https://leparfum.com.gr/en/fragrances-for-men/vanilla_perfumes,2026-08-20,2026-08-20,ACTIVE,Choose+Bottle+Extra Essence,SHOBI_LIVE_SHOW_ALL
124,1023-BOT,1023-BOT MP,MP024,MP,,Fragrances For Men,9.0,POUR HOMME EXTREME - BOTTEGA VENETA Type.,https://leparfum.com.gr/en/fragrances-for-men/pour-homme-extreme-bottega-veneta-type,2026-08-20,2026-08-20,ACTIVE,Choose+Bottle+Extra Essence,SHOBI_LIVE_SHOW_ALL
123,1022-BOT,1022-BOT MP,MP023,MP,,Fragrances For Men,9.0,ESSENCE AROMATIQUE - BOTTEGA VENETA Type.,https://leparfum.com.gr/en/fragrances-for-men/essence-aromatique-bottega-veneta-type,2026-08-20,2026-08-20,ACTIVE,Choose+Bottle+Extra Essence,SHOBI_LIVE_SHOW_ALL
122,1021-BOG,1021-BOG MP,MP022,MP,,Fragrances For Men,9.0,ONE MAN SHOW - BOGART JACQUES.,https://leparfum.com.gr/en/fragrances-for-men/one-man-show-bogart-jacques-type,2026-08-20,2026-08-20,ACTIVE,Choose+Bottle+Extra Essence,SHOBI_LIVE_SHOW_ALL
121,1020-AZZ,1020-AZZ M,MP021,MP,WANTED,Fragrances For Men,9.0,1020-AZZ M Inspired by the fragrance notes of WANTED.,https://leparfum.com.gr/en/fragrances-for-men/1020-azz-m,2026-08-20,2026-08-20,ACTIVE,Choose+Bottle+Extra Essence,SHOBI_LIVE_SHOW_ALL
120,1019-AZZ,1019-AZZ M,MP020,MP,CHROME PURE,Fragrances For Men,9.0,1019-AZZ M Inspired by the fragrance notes of CHROME PURE. Men's perfume green citrus fresh spicy aquatic fresh.,https://leparfum.com.gr/en/fragrances-for-men/1019-azz-m,2026-08-20,2026-08-20,ACTIVE,Choose+Bottle+Extra Essence,SHOBI_LIVE_SHOW_ALL
119,1018-AZZ,1018-AZZ M,MP019,MP,CHROME LEGEND,Fragrances For Men,9.0,1018-AZZ M Inspired by the fragrance notes of CHROME LEGEND.,https://leparfum.com.gr/en/fragrances-for-men/1018-azz-m,2026-08-20,2026-08-20,ACTIVE,Choose+Bottle+Extra Essence,SHOBI_LIVE_SHOW_ALL
118,1016-AZZ,1016-AZZ M,MP018,MP,VISIT AZZARO,Fragrances For Men,9.0,1016-AZZ M Inspired by the fragrance notes of VISIT AZZARO.,https://leparfum.com.gr/en/fragrances-for-men/1016-azz-m,2026-08-20,2026-08-20,ACTIVE,Choose+Bottle+Extra Essence,SHOBI_LIVE_SHOW_ALL
117,1015-AZZ,1015-AZZ M,MP017,MP,Night Time,Fragrances For Men,9.0,1016-AZZ M Inspired by the fragrance notes of Night Time.,https://leparfum.com.gr/en/fragrances-for-men/1015-azz-m,2026-08-20,2026-08-20,ACTIVE,Choose+Bottle+Extra Essence,SHOBI_LIVE_SHOW_ALL
116,1014-AZZ,1014-AZZ M,MP016,MP,CLASSIC,Fragrances For Men,9.0,"1016-AZZ M Inspired by the fragrance notes of CLASSIC. Fragrance aromatic, woody, fresh spicy, earthy, lavender, mossy, leather, citrus, powdery, warm spicy.",https://leparfum.com.gr/en/fragrances-for-men/1014-azz-m,2026-08-20,2026-08-20,ACTIVE,Choose+Bottle+Extra Essence,SHOBI_LIVE_SHOW_ALL
115,1013-ARA,1013-ARA MP,MP015,MP,VOYAGER,Fragrances For Men,9.0,Inspired by the fragrance notes of VOYAGER.,https://leparfum.com.gr/en/fragrances-for-men/1013-ara-mp,2026-08-20,2026-08-20,ACTIVE,Choose+Bottle+Extra Essence,SHOBI_LIVE_SHOW_ALL
114,1012-ARA,1012-ARA MP,MP014,MP,HAVANA,Fragrances For Men,9.0,Inspired by the fragrance notes of HAVANA. Fragrance woody warm spicy tobacco fresh spicy earthy,https://leparfum.com.gr/en/fragrances-for-men/1012-ara-mp,2026-08-20,2026-08-20,ACTIVE,Choose+Bottle+Extra Essence,SHOBI_LIVE_SHOW_ALL
113,1011-ARA,1011-ARA MP,MP013,MP,ADVENTURER,Fragrances For Men,9.0,Inspired by the fragrance notes of ADVENTURER.,https://leparfum.com.gr/en/fragrances-for-men/adventurer_fragrance,2026-08-20,2026-08-20,ACTIVE,Choose+Bottle+Extra Essence,SHOBI_LIVE_SHOW_ALL
112,1010-ACQ,1010-ACQ MP,MP012,MP,Essenza di Colonia,Fragrances For Men,9.0,1010-ACQ Inspired by the fragrance notes of Essenza di Colonia. A Citrus Aromatic fragrance for men.,https://leparfum.com.gr/en/fragrances-for-men/1010-acq-mp,2026-08-20,2026-08-20,ACTIVE,Choose+Bottle+Extra Essence,SHOBI_LIVE_SHOW_ALL
111,1009-ACQ,1009-ACQ MP,MP011,MP,COLONIA QUERCIA,Fragrances For Men,9.0,1009-ACQ Inspired by the fragrance notes of COLONIA QUERCIA.,https://leparfum.com.gr/en/fragrances-for-men/1009-acq-mp,2026-08-20,2026-08-20,ACTIVE,Choose+Bottle+Extra Essence,SHOBI_LIVE_SHOW_ALL
110,1008-ACQ,1008-ACQ MP,MP010,MP,COLONIA PURA (U),Fragrances For Men,9.0,1008-ACQ Inspired by the fragrance notes of COLONIA PURA (U).,https://leparfum.com.gr/en/fragrances-for-men/1008-acq-mp,2026-08-20,2026-08-20,ACTIVE,Choose+Bottle+Extra Essence,SHOBI_LIVE_SHOW_ALL
109,1007-ACQ,1007-ACQ MP,MP009,MP,COLONIA LEATHER,Fragrances For Men,9.0,1007-ACQ Inspired by the fragrance notes of COLONIA LEATHER.,https://leparfum.com.gr/en/fragrances-for-men/1007-acq-mp,2026-08-20,2026-08-20,ACTIVE,Choose+Bottle+Extra Essence,SHOBI_LIVE_SHOW_ALL
108,1005-ACQ,1005-ACQ MP,MP008,MP,COLONIA INTENSA,Fragrances For Men,9.0,1005-ACQ Inspired by the fragrance notes of COLONIA INTENSA.,https://leparfum.com.gr/en/fragrances-for-men/1005-acq-mp,2026-08-20,2026-08-20,ACTIVE,Choose+Bottle+Extra Essence,SHOBI_LIVE_SHOW_ALL
107,1004-ACQ,1004-ACQ MP,MP007,MP,COLONIA EBANO,Fragrances For Men,9.0,"1004-ACQ Inspired by the fragrance notes of COLONIA EBANO. Woody, warm spicy perfume.",https://leparfum.com.gr/en/fragrances-for-men/1004-acq-mp,2026-08-20,2026-08-20,ACTIVE,Choose+Bottle+Extra Essence,SHOBI_LIVE_SHOW_ALL
106,390-ACQ,390-ACQ,MP006,MP,BLU MEDITERRANEO MANDORLO DI SICILIA,Fragrances For Men,9.0,"390-ACQ Inspired by the fragrance notes of BLU MEDITERRANEO MANDORLO DI SICILIA. Fragrance almond, vanilla, sweet.",https://leparfum.com.gr/en/fragrances-for-men/390-acq,2026-08-20,2026-08-20,ACTIVE,Choose+Bottle+Extra Essence,SHOBI_LIVE_SHOW_ALL
