shobi_code,shobi_name,brand_hint,brand_catalog_size,classification,margin,cand1_id,cand1_brand,cand1_name,cand1_score,cand1_spell,cand1_recall,cand1_precision,cand1_url,cand2_id,cand2_brand,cand2_name,cand2_score,cand2_spell,cand2_recall,cand2_precision,cand2_url,cand3_id,cand3_brand,cand3_name,cand3_score,cand3_spell,cand3_recall,cand3_precision,cand3_url,cand4_id,cand4_brand,cand4_name,cand4_score,cand4_spell,cand4_recall,cand4_precision,cand4_url,cand5_id,cand5_brand,cand5_name,cand5_score,cand5_spell,cand5_recall,cand5_precision,cand5_url,cand6_id,cand6_brand,cand6_name,cand6_score,cand6_spell,cand6_recall,cand6_precision,cand6_url,cand7_id,cand7_brand,cand7_name,cand7_score,cand7_spell,cand7_recall,cand7_precision,cand7_url,cand8_id,cand8_brand,cand8_name,cand8_score,cand8_spell,cand8_recall,cand8_precision,cand8_url,cand9_id,cand9_brand,cand9_name,cand9_score,cand9_spell,cand9_recall,cand9_precision,cand9_url,cand10_id,cand10_brand,cand10_name,cand10_score,cand10_spell,cand10_recall,cand10_precision,cand10_url
118-HAM,REHAN - HAMIDI OUD,,55556,WEAK,0.0000,95512,Maison Alhambra,Ethnic Oud,0.5291,0.6087,0.3333,0.5000,https://www.fragrantica.com/perfume/Maison-Alhambra/Ethnic-Oud-95512.html,94050,Ard Al Zaafaran,Dirham Oud,0.5291,0.6087,0.3333,0.5000,https://www.fragrantica.com/perfume/Ard-Al-Zaafaran/Dirham-Oud-94050.html,50582,Swiss Arabian,Shaghaf Oud,0.5133,0.5833,0.3333,0.5000,https://www.fragrantica.com/perfume/Swiss-Arabian/Shaghaf-Oud-50582.html,128034,Adil Qadri,Shanaya Oud,0.5133,0.5833,0.3333,0.5000,https://www.fragrantica.com/perfume/Adil-Qadri/Shanaya-Oud-128034.html,122954,AMD Perfumes,Santini Oud,0.5133,0.5833,0.3333,0.5000,https://www.fragrantica.com/perfume/AMD-Perfumes/Santini-Oud-122954.html,87318,Ard Al Zaafaran,Hayaati Oud,0.5133,0.5833,0.3333,0.5000,https://www.fragrantica.com/perfume/Ard-Al-Zaafaran/Hayaati-Oud-87318.html,76872,Aromas de Salazar,Oceanic Oud,0.5133,0.5833,0.3333,0.5000,https://www.fragrantica.com/perfume/Aromas-de-Salazar/Oceanic-Oud-76872.html,119013,Asad Siddiki,Seaside Oud,0.5133,0.5833,0.3333,0.5000,https://www.fragrantica.com/perfume/Asad-Siddiki/Seaside-Oud-119013.html,131389,Asad Siddiki,No 1 Cambodi Oud,0.5082,0.6154,0.3333,0.3333,https://www.fragrantica.com/perfume/Asad-Siddiki/No-1-Cambodi-Oud-131389.html,52629,Al Ambra,Hala Oud,0.5060,0.5714,0.3333,0.5000,https://www.fragrantica.com/perfume/Al-Ambra/Hala-Oud-52629.html
130-LEL,SANTAL 26 - LE LABO,le labo,65,WEAK,0.0160,12201,Le Labo,Santal 33,0.4707,0.5455,0.2500,0.5000,https://www.fragrantica.com/perfume/Le-Labo/Santal-33-12201.html,17278,Le Labo,Santal 33 Perfume Oil,0.4547,0.5600,0.2500,0.3333,https://www.fragrantica.com/perfume/Le-Labo/Santal-33-Perfume-Oil-17278.html,69731,Le Labo,The Matcha 26,0.4143,0.4545,0.2500,0.5000,https://www.fragrantica.com/perfume/Le-Labo/The-Matcha-26-69731.html,12212,Le Labo,Baie Rose 26 Chicago,0.2950,0.3226,0.2500,0.2500,https://www.fragrantica.com/perfume/Le-Labo/Baie-Rose-26-Chicago-12212.html,10768,Le Labo,Chant De Bois,0.2696,0.4348,0.0000,0.0000,https://www.fragrantica.com/perfume/Le-Labo/Chant-De-Bois-10768.html,6340,Le Labo,Vanille 44 Paris,0.2657,0.4286,0.0000,0.0000,https://www.fragrantica.com/perfume/Le-Labo/Vanille-44-Paris-6340.html,17276,Le Labo,Patchouli 24 Perfume Oil,0.2214,0.3571,0.0000,0.0000,https://www.fragrantica.com/perfume/Le-Labo/Patchouli-24-Perfume-Oil-17276.html,10131,Le Labo,Another 13,0.2157,0.3478,0.0000,0.0000,https://www.fragrantica.com/perfume/Le-Labo/Another-13-10131.html,6333,Le Labo,Aldehyde 44 Dallas,0.2067,0.3333,0.0000,0.0000,https://www.fragrantica.com/perfume/Le-Labo/Aldehyde-44-Dallas-6333.html,6338,Le Labo,Musc 25 Los Angeles,0.2067,0.3333,0.0000,0.0000,https://www.fragrantica.com/perfume/Le-Labo/Musc-25-Los-Angeles-6338.html
133-MICA,YLANG IN GOLD - M,,55556,REVIEW,0.0000,46469,By Kilian,Woman in Gold,0.7410,0.7059,0.6667,1.0000,https://www.fragrantica.com/perfume/By-Kilian/Woman-in-Gold-46469.html,36874,City Parfum,In Gold,0.7410,0.7059,0.6667,1.0000,https://www.fragrantica.com/perfume/City-Parfum/In-Gold-36874.html,7315,O Boticario,Floratta in Gold,0.6501,0.6400,0.6667,0.6667,https://www.fragrantica.com/perfume/O-Boticario/Floratta-in-Gold-7315.html,17880,Demeter Fragrance,Ylang Ylang,0.6400,0.6667,0.3333,1.0000,https://www.fragrantica.com/perfume/Demeter-Fragrance/Ylang-Ylang-17880.html,26235,Companhia da Terra,Ylang Ylang,0.6400,0.6667,0.3333,1.0000,https://www.fragrantica.com/perfume/Companhia-da-Terra/Ylang-Ylang-26235.html,41661,E Coudray,Ylang Ylang,0.6400,0.6667,0.3333,1.0000,https://www.fragrantica.com/perfume/E-Coudray/Ylang-Ylang-41661.html,78617,Lattafa Perfumes,Najdia in Gold,0.6307,0.6087,0.6667,0.6667,https://www.fragrantica.com/perfume/Lattafa-Perfumes/Najdia-in-Gold-78617.html,42314,Compagnie de Provence,Ylang,0.6142,0.6250,0.3333,1.0000,https://www.fragrantica.com/perfume/Compagnie-de-Provence/Ylang-42314.html,32693,Victoria s Secret,Angel Gold,0.5857,0.7000,0.3333,0.5000,https://www.fragrantica.com/perfume/Victoria-s-Secret/Angel-Gold-32693.html,73227,Al Haramain Perfumes,Hayati Gold,0.5650,0.6667,0.3333,0.5000,https://www.fragrantica.com/perfume/Al-Haramain-Perfumes/Hayati-Gold-73227.html
166-AZ,Sequoia Wood Eau de Parfum,,55556,REVIEW,0.0750,39790,Abbott New York City,Sequoia,0.7472,0.7778,0.5000,1.0000,https://www.fragrantica.com/perfume/Abbott-New-York-City/Sequoia-39790.html,19379,Abdes Salaam Attars Perfumes,Sea Wood,0.6722,0.7778,0.5000,0.5000,https://www.fragrantica.com/perfume/Abdes-Salaam-Attars-Perfumes/Sea-Wood-19379.html,63800,Mancera,Aqua Wood,0.6468,0.7368,0.5000,0.5000,https://www.fragrantica.com/perfume/Mancera/Aqua-Wood-63800.html,73778,Amira Parfums,Sensual Wood,0.6409,0.7273,0.5000,0.5000,https://www.fragrantica.com/perfume/Amira-Parfums/Sensual-Wood-73778.html,80233,Ainash Parfums,Sugar Wood,0.6240,0.7000,0.5000,0.5000,https://www.fragrantica.com/perfume/Ainash-Parfums/Sugar-Wood-80233.html,79547,Al Jazeera Perfumes,Sidra Wood,0.6240,0.7000,0.5000,0.5000,https://www.fragrantica.com/perfume/Al-Jazeera-Perfumes/Sidra-Wood-79547.html,32391,Collistar,Acqua Wood,0.6240,0.7000,0.5000,0.5000,https://www.fragrantica.com/perfume/Collistar/Acqua-Wood-32391.html,52112,Be Style Perfumes,Siberian Wood,0.6213,0.6957,0.5000,0.5000,https://www.fragrantica.com/perfume/Be-Style-Perfumes/Siberian-Wood-52112.html,119194,Ajmal,Oak Wood,0.6033,0.6667,0.5000,0.5000,https://www.fragrantica.com/perfume/Ajmal/Oak-Wood-119194.html,121753,ANILLO,Neroli Wood,0.6033,0.6667,0.5000,0.5000,https://www.fragrantica.com/perfume/ANILLO/Neroli-Wood-121753.html
171-DUP,Souvenirs De Malles Oud Oriental,,55556,REVIEW,0.0604,22819,Versace,Versace Pour Femme Oud Oriental,0.6941,0.7727,0.5000,0.6667,https://www.fragrantica.com/perfume/Versace/Versace-Pour-Femme-Oud-Oriental-22819.html,27483,Al Musbah,Oud Oriental,0.6336,0.5946,0.5000,1.0000,https://www.fragrantica.com/perfume/Al-Musbah/Oud-Oriental-27483.html,119772,Al Ambra,Oriental Oud,0.5331,0.4324,0.5000,1.0000,https://www.fragrantica.com/perfume/Al-Ambra/Oriental-Oud-119772.html,61628,Alexandria Fragrances,Oriental Oud,0.5331,0.4324,0.5000,1.0000,https://www.fragrantica.com/perfume/Alexandria-Fragrances/Oriental-Oud-61628.html,127633,Arabian Oud,Oriental Oud,0.5331,0.4324,0.5000,1.0000,https://www.fragrantica.com/perfume/Arabian-Oud/Oriental-Oud-127633.html,137619,Dar El Ward,Oriental Oud,0.5331,0.4324,0.5000,1.0000,https://www.fragrantica.com/perfume/Dar-El-Ward/Oriental-Oud-137619.html,115548,Arabiyat Prestige,Ramad Oriental,0.5140,0.6154,0.2500,0.5000,https://www.fragrantica.com/perfume/Arabiyat-Prestige/Ramad-Oriental-115548.html,110667,Al Ghaliyah,Santal Oriental,0.5045,0.6000,0.2500,0.5000,https://www.fragrantica.com/perfume/Al-Ghaliyah/Santal-Oriental-110667.html,16574,Zara,Oriental,0.4993,0.4706,0.2500,1.0000,https://www.fragrantica.com/perfume/Zara/Oriental-16574.html,72064,Casaniche,Oriental,0.4993,0.4706,0.2500,1.0000,https://www.fragrantica.com/perfume/Casaniche/Oriental-72064.html
172-SHALM,Moroccan-musk,,55556,WEAK,0.0000,20159,Al Rehab,Moroccan Rose,0.6550,0.7500,0.5000,0.5000,https://www.fragrantica.com/perfume/Al-Rehab/Moroccan-Rose-20159.html,21135,Angela Flanders,Moroccan Rose,0.6550,0.7500,0.5000,0.5000,https://www.fragrantica.com/perfume/Angela-Flanders/Moroccan-Rose-21135.html,113688,Azari Parfumery,Moroccan Rose,0.6550,0.7500,0.5000,0.5000,https://www.fragrantica.com/perfume/Azari-Parfumery/Moroccan-Rose-113688.html,37615,Bohdidharma,Moroccan Mint,0.6550,0.7500,0.5000,0.5000,https://www.fragrantica.com/perfume/Bohdidharma/Moroccan-Mint-37615.html,93541,Maison Alhambra,Modern Musk,0.6409,0.7273,0.5000,0.5000,https://www.fragrantica.com/perfume/Maison-Alhambra/Modern-Musk-93541.html,57780,Alfred Dunhill,Moroccan Amber,0.6364,0.7200,0.5000,0.5000,https://www.fragrantica.com/perfume/Alfred-Dunhill/Moroccan-Amber-57780.html,25410,Crabtree Evelyn,Moroccan Myrrh,0.6364,0.7200,0.5000,0.5000,https://www.fragrantica.com/perfume/Crabtree-Evelyn/Moroccan-Myrrh-25410.html,35100,Aquolina,More e Musk,0.6240,0.7000,0.5000,0.5000,https://www.fragrantica.com/perfume/Aquolina/More-e-Musk-35100.html,54264,Alkemia Perfumes,Moroccan Tea,0.6213,0.6957,0.5000,0.5000,https://www.fragrantica.com/perfume/Alkemia-Perfumes/Moroccan-Tea-54264.html,36855,And Other Stories,Moroccan Tea,0.6213,0.6957,0.5000,0.5000,https://www.fragrantica.com/perfume/And-Other-Stories/Moroccan-Tea-36855.html
184-YAS,HUBOOB,,55556,WEAK,0.0000,6468,Agustin Davila,Hub,0.4133,0.6667,0.0000,0.0000,https://www.fragrantica.com/perfume/Agustin-Davila/Hub-6468.html,17167,Agustin Davila,Hub,0.4133,0.6667,0.0000,0.0000,https://www.fragrantica.com/perfume/Agustin-Davila/Hub-17167.html,134904,Al A raaf,Hub,0.4133,0.6667,0.0000,0.0000,https://www.fragrantica.com/perfume/Al-A-raaf/Hub-134904.html,22050,Arabian Oud,Ghroob,0.4133,0.6667,0.0000,0.0000,https://www.fragrantica.com/perfume/Arabian-Oud/Ghroob-22050.html,58823,Hugo Boss,Hugo Now,0.3815,0.6154,0.0000,0.0000,https://www.fragrantica.com/perfume/Hugo-Boss/Hugo-Now-58823.html,56666,Asgharali,Shurooq,0.3815,0.6154,0.0000,0.0000,https://www.fragrantica.com/perfume/Asgharali/Shurooq-56666.html,109445,Athoor Al Alam,Khulood,0.3815,0.6154,0.0000,0.0000,https://www.fragrantica.com/perfume/Athoor-Al-Alam/Khulood-109445.html,78723,Aulentissima,Oro Hubo,0.3815,0.6154,0.0000,0.0000,https://www.fragrantica.com/perfume/Aulentissima/Oro-Hubo-78723.html,107012,BellaVita,Hub Love,0.3815,0.6154,0.0000,0.0000,https://www.fragrantica.com/perfume/BellaVita/Hub-Love-107012.html,94317,Armaf,Q Uomo,0.3720,0.6000,0.0000,0.0000,https://www.fragrantica.com/perfume/Armaf/Q-Uomo-94317.html
200-CIR,ERNESTO CHE GUEVARA,,55556,WEAK,0.0342,92479,Al Rehab,CHE BELLA,0.3997,0.4000,0.3333,0.5000,https://www.fragrantica.com/perfume/Al-Rehab/CHE-BELLA-92479.html,337,Chevignon,Che by Chevignon,0.3655,0.3448,0.3333,0.5000,https://www.fragrantica.com/perfume/Chevignon/Che-by-Chevignon-337.html,32994,Chevignon,Che pour Elle,0.3583,0.3333,0.3333,0.5000,https://www.fragrantica.com/perfume/Chevignon/Che-pour-Elle-32994.html,81279,Amouage,Amber Sogara,0.3543,0.5714,0.0000,0.0000,https://www.fragrantica.com/perfume/Amouage/Amber-Sogara-81279.html,7991,Victoria s Secret,Secret Charm,0.3543,0.5714,0.0000,0.0000,https://www.fragrantica.com/perfume/Victoria-s-Secret/Secret-Charm-7991.html,50055,Croatian Perfume House,The Scent Of Hvar,0.3543,0.5714,0.0000,0.0000,https://www.fragrantica.com/perfume/Croatian-Perfume-House/The-Scent-Of-Hvar-50055.html,91791,Apiarium,Wow Che Scent,0.3481,0.3571,0.3333,0.3333,https://www.fragrantica.com/perfume/Apiarium/Wow-Che-Scent-91791.html,95475,Natura,Ryo Chuva,0.3472,0.5600,0.0000,0.0000,https://www.fragrantica.com/perfume/Natura/Ryo-Chuva-95475.html,122678,Bridgerton Parfums,Dearest Rebel Vanilla,0.3444,0.5556,0.0000,0.0000,https://www.fragrantica.com/perfume/Bridgerton-Parfums/Dearest-Rebel-Vanilla-122678.html,98107,Estee Lauder,Serene Sierra,0.3421,0.5517,0.0000,0.0000,https://www.fragrantica.com/perfume/Estee-Lauder/Serene-Sierra-98107.html
222-DIP,AMBRE,diptyque,104,WEAK,0.0177,3832,Diptyque,L Autre Eau de Toilette,0.3720,0.6000,0.0000,0.0000,https://www.fragrantica.com/perfume/Diptyque/L-Autre-Eau-de-Toilette-3832.html,55614,Diptyque,L Ombre Dans L Eau Limited Edition,0.3543,0.5714,0.0000,0.0000,https://www.fragrantica.com/perfume/Diptyque/L-Ombre-Dans-L-Eau-Limited-Edition-55614.html,49099,Diptyque,L Ombre Dans L Eau Eau de Parfum,0.3543,0.5714,0.0000,0.0000,https://www.fragrantica.com/perfume/Diptyque/L-Ombre-Dans-L-Eau-Eau-de-Parfum-49099.html,3962,Diptyque,L Ombre Dans L Eau Eau de Toilette,0.3543,0.5714,0.0000,0.0000,https://www.fragrantica.com/perfume/Diptyque/L-Ombre-Dans-L-Eau-Eau-de-Toilette-3962.html,8777,Diptyque,Vinaigre de Toilette,0.2862,0.4615,0.0000,0.0000,https://www.fragrantica.com/perfume/Diptyque/Vinaigre-de-Toilette-8777.html,71661,Diptyque,Eau Rose Eau De Parfum,0.2756,0.4444,0.0000,0.0000,https://www.fragrantica.com/perfume/Diptyque/Eau-Rose-Eau-De-Parfum-71661.html,42153,Diptyque,Eau Mage Eau de Parfum,0.2756,0.4444,0.0000,0.0000,https://www.fragrantica.com/perfume/Diptyque/Eau-Mage-Eau-de-Parfum-42153.html,14214,Diptyque,Eau Rose,0.2756,0.4444,0.0000,0.0000,https://www.fragrantica.com/perfume/Diptyque/Eau-Rose-14214.html,13297,Diptyque,Eau Mage,0.2756,0.4444,0.0000,0.0000,https://www.fragrantica.com/perfume/Diptyque/Eau-Mage-13297.html,96742,Diptyque,Bois Corse,0.2657,0.4286,0.0000,0.0000,https://www.fragrantica.com/perfume/Diptyque/Bois-Corse-96742.html
223-DIP,BAIES,diptyque,104,WEAK,0.0000,80355,Diptyque,Eau Nabati,0.3382,0.5455,0.0000,0.0000,https://www.fragrantica.com/perfume/Diptyque/Eau-Nabati-80355.html,78658,Diptyque,L Eau Papier,0.3382,0.5455,0.0000,0.0000,https://www.fragrantica.com/perfume/Diptyque/L-Eau-Papier-78658.html,104767,Diptyque,L Eau Papier,0.3382,0.5455,0.0000,0.0000,https://www.fragrantica.com/perfume/Diptyque/L-Eau-Papier-104767.html,106886,Diptyque,L Eau Papier Solid Perfume,0.3100,0.5000,0.0000,0.0000,https://www.fragrantica.com/perfume/Diptyque/L-Eau-Papier-Solid-Perfume-106886.html,58391,Diptyque,Eau Capitale Eau de Parfum,0.2862,0.4615,0.0000,0.0000,https://www.fragrantica.com/perfume/Diptyque/Eau-Capitale-Eau-de-Parfum-58391.html,8777,Diptyque,Vinaigre de Toilette,0.2862,0.4615,0.0000,0.0000,https://www.fragrantica.com/perfume/Diptyque/Vinaigre-de-Toilette-8777.html,106895,Diptyque,Eau Capitale Solid Perfume,0.2756,0.4444,0.0000,0.0000,https://www.fragrantica.com/perfume/Diptyque/Eau-Capitale-Solid-Perfume-106895.html,42153,Diptyque,Eau Mage Eau de Parfum,0.2756,0.4444,0.0000,0.0000,https://www.fragrantica.com/perfume/Diptyque/Eau-Mage-Eau-de-Parfum-42153.html,13297,Diptyque,Eau Mage,0.2756,0.4444,0.0000,0.0000,https://www.fragrantica.com/perfume/Diptyque/Eau-Mage-13297.html,55614,Diptyque,L Ombre Dans L Eau Limited Edition,0.2657,0.4286,0.0000,0.0000,https://www.fragrantica.com/perfume/Diptyque/L-Ombre-Dans-L-Eau-Limited-Edition-55614.html
227-DIP,FEU DE BOIS / WOOD FIRE,diptyque,104,WEAK,0.2358,96742,Diptyque,Bois Corse,0.4942,0.5833,0.2500,0.5000,https://www.fragrantica.com/perfume/Diptyque/Bois-Corse-96742.html,48681,Diptyque,Fleur de Peau Eau de Parfum,0.2583,0.4167,0.0000,0.0000,https://www.fragrantica.com/perfume/Diptyque/Fleur-de-Peau-Eau-de-Parfum-48681.html,112975,Diptyque,Fleur de Peau Eau de Toilette,0.2583,0.4167,0.0000,0.0000,https://www.fragrantica.com/perfume/Diptyque/Fleur-de-Peau-Eau-de-Toilette-112975.html,131717,Diptyque,Fleur de Peau,0.2583,0.4167,0.0000,0.0000,https://www.fragrantica.com/perfume/Diptyque/Fleur-de-Peau-131717.html,3830,Diptyque,Eau d Elide,0.2480,0.4000,0.0000,0.0000,https://www.fragrantica.com/perfume/Diptyque/Eau-d-Elide-3830.html,61029,Diptyque,Fleur de Peau Multiuse Fragrance,0.2420,0.3902,0.0000,0.0000,https://www.fragrantica.com/perfume/Diptyque/Fleur-de-Peau-Multiuse-Fragrance-61029.html,69015,Diptyque,Venise,0.2362,0.3810,0.0000,0.0000,https://www.fragrantica.com/perfume/Diptyque/Venise-69015.html,8777,Diptyque,Vinaigre de Toilette,0.2157,0.3478,0.0000,0.0000,https://www.fragrantica.com/perfume/Diptyque/Vinaigre-de-Toilette-8777.html,106889,Diptyque,Eau Rose Solid perfume,0.2067,0.3333,0.0000,0.0000,https://www.fragrantica.com/perfume/Diptyque/Eau-Rose-Solid-perfume-106889.html,24919,Diptyque,Geranium Odorata,0.2067,0.3333,0.0000,0.0000,https://www.fragrantica.com/perfume/Diptyque/Geranium-Odorata-24919.html
228-DIP,FEUILLE DE LAVANDE,diptyque,104,WEAK,0.3993,24917,Diptyque,Eau de Lavande,0.6783,0.6667,0.5000,1.0000,https://www.fragrantica.com/perfume/Diptyque/Eau-de-Lavande-24917.html,61029,Diptyque,Fleur de Peau Multiuse Fragrance,0.2790,0.4500,0.0000,0.0000,https://www.fragrantica.com/perfume/Diptyque/Fleur-de-Peau-Multiuse-Fragrance-61029.html,48681,Diptyque,Fleur de Peau Eau de Parfum,0.2696,0.4348,0.0000,0.0000,https://www.fragrantica.com/perfume/Diptyque/Fleur-de-Peau-Eau-de-Parfum-48681.html,112975,Diptyque,Fleur de Peau Eau de Toilette,0.2696,0.4348,0.0000,0.0000,https://www.fragrantica.com/perfume/Diptyque/Fleur-de-Peau-Eau-de-Toilette-112975.html,131717,Diptyque,Fleur de Peau,0.2696,0.4348,0.0000,0.0000,https://www.fragrantica.com/perfume/Diptyque/Fleur-de-Peau-131717.html,3830,Diptyque,Eau d Elide,0.2611,0.4211,0.0000,0.0000,https://www.fragrantica.com/perfume/Diptyque/Eau-d-Elide-3830.html,3829,Diptyque,Eau Lente Eau de Toilette,0.2611,0.4211,0.0000,0.0000,https://www.fragrantica.com/perfume/Diptyque/Eau-Lente-Eau-de-Toilette-3829.html,3960,Diptyque,Olene Eau de Toilette,0.2611,0.4211,0.0000,0.0000,https://www.fragrantica.com/perfume/Diptyque/Olene-Eau-de-Toilette-3960.html,49100,Diptyque,Eau Duelle Eau de Parfum,0.2480,0.4000,0.0000,0.0000,https://www.fragrantica.com/perfume/Diptyque/Eau-Duelle-Eau-de-Parfum-49100.html,9241,Diptyque,Eau Duelle Eau de Toilette,0.2480,0.4000,0.0000,0.0000,https://www.fragrantica.com/perfume/Diptyque/Eau-Duelle-Eau-de-Toilette-9241.html
230-DIP,OPOPANAX,diptyque,104,WEAK,0.0509,3959,Diptyque,Opone,0.3815,0.6154,0.0000,0.0000,https://www.fragrantica.com/perfume/Diptyque/Opone-3959.html,65738,Diptyque,Orpheon Eau de Parfum,0.3307,0.5333,0.0000,0.0000,https://www.fragrantica.com/perfume/Diptyque/Orpheon-Eau-de-Parfum-65738.html,125429,Diptyque,Orpheon,0.3307,0.5333,0.0000,0.0000,https://www.fragrantica.com/perfume/Diptyque/Orpheon-125429.html,31738,Diptyque,Oud Palao Eau de Parfum,0.3100,0.5000,0.0000,0.0000,https://www.fragrantica.com/perfume/Diptyque/Oud-Palao-Eau-de-Parfum-31738.html,90244,Diptyque,Do Son Limited Edition,0.2862,0.4615,0.0000,0.0000,https://www.fragrantica.com/perfume/Diptyque/Do-Son-Limited-Edition-90244.html,55613,Diptyque,Do Son Limited Edition,0.2862,0.4615,0.0000,0.0000,https://www.fragrantica.com/perfume/Diptyque/Do-Son-Limited-Edition-55613.html,49098,Diptyque,Do Son Eau de Parfum,0.2862,0.4615,0.0000,0.0000,https://www.fragrantica.com/perfume/Diptyque/Do-Son-Eau-de-Parfum-49098.html,6501,Diptyque,Do Son Eau de Toilette,0.2862,0.4615,0.0000,0.0000,https://www.fragrantica.com/perfume/Diptyque/Do-Son-Eau-de-Toilette-6501.html,106892,Diptyque,Orpheon Solid Perfume,0.2480,0.4000,0.0000,0.0000,https://www.fragrantica.com/perfume/Diptyque/Orpheon-Solid-Perfume-106892.html,55614,Diptyque,L Ombre Dans L Eau Limited Edition,0.2188,0.3529,0.0000,0.0000,https://www.fragrantica.com/perfume/Diptyque/L-Ombre-Dans-L-Eau-Limited-Edition-55614.html
233-ESCE,Molecule 02,,55556,REVIEW,0.0092,99691,Angeline,X Molecule,0.8161,0.8889,0.5000,1.0000,https://www.fragrantica.com/perfume/Angeline/X-Molecule-99691.html,75616,BLAK,Molecule Ziemia B 02,0.8069,0.7692,1.0000,0.6667,https://www.fragrantica.com/perfume/BLAK/Molecule-Ziemia-B-02-75616.html,75615,BLAK,Molecule B 01,0.7480,0.9000,0.5000,0.5000,https://www.fragrantica.com/perfume/BLAK/Molecule-B-01-75615.html,80232,Ainash Parfums,Rose Molecule,0.6409,0.7273,0.5000,0.5000,https://www.fragrantica.com/perfume/Ainash-Parfums/Rose-Molecule-80232.html,111582,Christine Lavoisier Parfums,Elle 9 Molecule,0.6409,0.7273,0.5000,0.5000,https://www.fragrantica.com/perfume/Christine-Lavoisier-Parfums/Elle-9-Molecule-111582.html,99703,Angeline,Black Molecule,0.6213,0.6957,0.5000,0.5000,https://www.fragrantica.com/perfume/Angeline/Black-Molecule-99703.html,86763,The Dua Brand,Ginger Molecule 1 0,0.6033,0.6667,0.5000,0.5000,https://www.fragrantica.com/perfume/The-Dua-Brand/Ginger-Molecule-1-0-86763.html,86787,The Dua Brand,Orchid Molecule 7 0,0.6033,0.6667,0.5000,0.5000,https://www.fragrantica.com/perfume/The-Dua-Brand/Orchid-Molecule-7-0-86787.html,135483,Brecourt,Erotic Molecule,0.6033,0.6667,0.5000,0.5000,https://www.fragrantica.com/perfume/Brecourt/Erotic-Molecule-135483.html,140539,ArteOlfatto,Sublime Molecule,0.5868,0.6400,0.5000,0.5000,https://www.fragrantica.com/perfume/ArteOlfatto/Sublime-Molecule-140539.html
235-HOLL,SOCAL,,55556,REVIEW,0.2275,70794,Abercrombie Fitch,SoCal Sunset,0.6925,0.6250,1.0000,0.5000,https://www.fragrantica.com/perfume/Abercrombie-Fitch/SoCal-Sunset-70794.html,26099,Natura,Sol,0.4650,0.7500,0.0000,0.0000,https://www.fragrantica.com/perfume/Natura/Sol-26099.html,53738,Botanicae,Shomal,0.4509,0.7273,0.0000,0.0000,https://www.fragrantica.com/perfume/Botanicae/Shomal-53738.html,60942,Jean Paul Gaultier,So Scandal,0.4429,0.7143,0.0000,0.0000,https://www.fragrantica.com/perfume/Jean-Paul-Gaultier/So-Scandal-60942.html,129688,Cricket Avenue,Socialite,0.4429,0.7143,0.0000,0.0000,https://www.fragrantica.com/perfume/Cricket-Avenue/Socialite-129688.html,77737,Avon,Calm,0.4133,0.6667,0.0000,0.0000,https://www.fragrantica.com/perfume/Avon/Calm-77737.html,98903,Fragrance World,Salt,0.4133,0.6667,0.0000,0.0000,https://www.fragrantica.com/perfume/Fragrance-World/Salt-98903.html,116827,Fragrance World,Scarlet,0.4133,0.6667,0.0000,0.0000,https://www.fragrantica.com/perfume/Fragrance-World/Scarlet-116827.html,45651,Jean Paul Gaultier,Scandal,0.4133,0.6667,0.0000,0.0000,https://www.fragrantica.com/perfume/Jean-Paul-Gaultier/Scandal-45651.html,68074,Jean Paul Gaultier,Scandal Pour Homme,0.4133,0.6667,0.0000,0.0000,https://www.fragrantica.com/perfume/Jean-Paul-Gaultier/Scandal-Pour-Homme-68074.html
236-IND,ZUM FRANKINCENSE & MYRRH,,55556,REVIEW,0.0000,6425,Czech Speake,Frankincense and Myrrh Cologne,0.8731,0.9189,0.6667,1.0000,https://www.fragrantica.com/perfume/Czech-Speake/Frankincense-and-Myrrh-Cologne-6425.html,72255,Czech Speake,Frankincense Myrrh Eau de Parfum,0.8731,0.9189,0.6667,1.0000,https://www.fragrantica.com/perfume/Czech-Speake/Frankincense-Myrrh-Eau-de-Parfum-72255.html,30758,Demeter Fragrance,Frankincense,0.6917,0.7500,0.3333,1.0000,https://www.fragrantica.com/perfume/Demeter-Fragrance/Frankincense-30758.html,125887,Ahmed Soliman,Frankincense,0.6917,0.7500,0.3333,1.0000,https://www.fragrantica.com/perfume/Ahmed-Soliman/Frankincense-125887.html,60306,Atelier Segall Barutti,Myrrhe Frankincense,0.5759,0.6842,0.3333,0.5000,https://www.fragrantica.com/perfume/Atelier-Segall-Barutti/Myrrhe-Frankincense-60306.html,25410,Crabtree Evelyn,Moroccan Myrrh,0.4898,0.5455,0.3333,0.5000,https://www.fragrantica.com/perfume/Crabtree-Evelyn/Moroccan-Myrrh-25410.html,85522,Swiss Arabian,SECRET FRANKINCENSE CPO,0.4896,0.5854,0.3333,0.3333,https://www.fragrantica.com/perfume/Swiss-Arabian/SECRET-FRANKINCENSE-CPO-85522.html,85523,Swiss Arabian,PRIVATE FRANKINCENSE CPO,0.4810,0.5714,0.3333,0.3333,https://www.fragrantica.com/perfume/Swiss-Arabian/PRIVATE-FRANKINCENSE-CPO-85523.html,45497,Demeter Fragrance,Myrrh,0.4747,0.4000,0.3333,1.0000,https://www.fragrantica.com/perfume/Demeter-Fragrance/Myrrh-45497.html,92842,Alexandria Fragrances,Mysterio De Myrrh,0.4523,0.4848,0.3333,0.5000,https://www.fragrantica.com/perfume/Alexandria-Fragrances/Mysterio-De-Myrrh-92842.html
237-JOM,A Shot Of Thai Over Mango - Jo Malone,jo malone london,221,WEAK,0.0171,8922,Jo Malone London,Verbenas of Provence,0.3033,0.3556,0.1429,0.3333,https://www.fragrantica.com/perfume/Jo-Malone-London/Verbenas-of-Provence-8922.html,44050,Jo Malone London,Star Magnolia,0.2862,0.4615,0.0000,0.0000,https://www.fragrantica.com/perfume/Jo-Malone-London/Star-Magnolia-44050.html,17686,Jo Malone London,Bitter Orange Chocolate,0.2842,0.4583,0.0000,0.0000,https://www.fragrantica.com/perfume/Jo-Malone-London/Bitter-Orange-Chocolate-17686.html,72614,Jo Malone London,Bitter Mandarin,0.2722,0.4390,0.0000,0.0000,https://www.fragrantica.com/perfume/Jo-Malone-London/Bitter-Mandarin-72614.html,42349,Jo Malone London,Tobacco Mandarin,0.2657,0.4286,0.0000,0.0000,https://www.fragrantica.com/perfume/Jo-Malone-London/Tobacco-Mandarin-42349.html,70264,Jo Malone London,Starlit Mandarin Honey,0.2638,0.4255,0.0000,0.0000,https://www.fragrantica.com/perfume/Jo-Malone-London/Starlit-Mandarin-Honey-70264.html,54458,Jo Malone London,Frangipani Flower Cologne,0.2595,0.4186,0.0000,0.0000,https://www.fragrantica.com/perfume/Jo-Malone-London/Frangipani-Flower-Cologne-54458.html,54456,Jo Malone London,Star Magnolia Cologne 2019,0.2595,0.4186,0.0000,0.0000,https://www.fragrantica.com/perfume/Jo-Malone-London/Star-Magnolia-Cologne-2019-54456.html,66483,Jo Malone London,Frangipani Flower,0.2595,0.4186,0.0000,0.0000,https://www.fragrantica.com/perfume/Jo-Malone-London/Frangipani-Flower-66483.html,2279,Jo Malone London,Orange Blossom,0.2480,0.4000,0.0000,0.0000,https://www.fragrantica.com/perfume/Jo-Malone-London/Orange-Blossom-2279.html
238-JOM,A Shot Of Oud Over Mango - Jo Malone,jo malone london,221,WEAK,0.0341,12928,Jo Malone London,Oud Bergamot,0.3425,0.3784,0.1429,0.5000,https://www.fragrantica.com/perfume/Jo-Malone-London/Oud-Bergamot-12928.html,8922,Jo Malone London,Verbenas of Provence,0.3083,0.3636,0.1429,0.3333,https://www.fragrantica.com/perfume/Jo-Malone-London/Verbenas-of-Provence-8922.html,136694,Jo Malone London,Rose Oud Leather Cologne Intense,0.3078,0.3830,0.1429,0.2500,https://www.fragrantica.com/perfume/Jo-Malone-London/Rose-Oud-Leather-Cologne-Intense-136694.html,70264,Jo Malone London,Starlit Mandarin Honey,0.2696,0.4348,0.0000,0.0000,https://www.fragrantica.com/perfume/Jo-Malone-London/Starlit-Mandarin-Honey-70264.html,54458,Jo Malone London,Frangipani Flower Cologne,0.2657,0.4286,0.0000,0.0000,https://www.fragrantica.com/perfume/Jo-Malone-London/Frangipani-Flower-Cologne-54458.html,66483,Jo Malone London,Frangipani Flower,0.2657,0.4286,0.0000,0.0000,https://www.fragrantica.com/perfume/Jo-Malone-London/Frangipani-Flower-66483.html,17686,Jo Malone London,Bitter Orange Chocolate,0.2638,0.4255,0.0000,0.0000,https://www.fragrantica.com/perfume/Jo-Malone-London/Bitter-Orange-Chocolate-17686.html,44050,Jo Malone London,Star Magnolia,0.2611,0.4211,0.0000,0.0000,https://www.fragrantica.com/perfume/Jo-Malone-London/Star-Magnolia-44050.html,55758,Jo Malone London,Velvet Rose Oud Cologne Intense,0.2591,0.3043,0.1429,0.2500,https://www.fragrantica.com/perfume/Jo-Malone-London/Velvet-Rose-Oud-Cologne-Intense-55758.html,71509,Jo Malone London,Velvet Rose Oud Cologne Intense,0.2591,0.3043,0.1429,0.2500,https://www.fragrantica.com/perfume/Jo-Malone-London/Velvet-Rose-Oud-Cologne-Intense-71509.html
257-JOM,GREEN ORANGE & CORIANDER - JO MALONE,jo malone london,221,WEAK,0.0000,59428,Jo Malone London,Lavender Coriander Cologne,0.4517,0.5333,0.2000,0.5000,https://www.fragrantica.com/perfume/Jo-Malone-London/Lavender-Coriander-Cologne-59428.html,35882,Jo Malone London,Lavender Coriander,0.4517,0.5333,0.2000,0.5000,https://www.fragrantica.com/perfume/Jo-Malone-London/Lavender-Coriander-35882.html,94355,Jo Malone London,Orange Marmalade,0.4382,0.5116,0.2000,0.5000,https://www.fragrantica.com/perfume/Jo-Malone-London/Orange-Marmalade-94355.html,41360,Jo Malone London,Orange Bitters,0.3932,0.4390,0.2000,0.5000,https://www.fragrantica.com/perfume/Jo-Malone-London/Orange-Bitters-41360.html,2279,Jo Malone London,Orange Blossom,0.3932,0.4390,0.2000,0.5000,https://www.fragrantica.com/perfume/Jo-Malone-London/Orange-Blossom-2279.html,66882,Jo Malone London,Orange Peel Cologne,0.3821,0.4211,0.2000,0.5000,https://www.fragrantica.com/perfume/Jo-Malone-London/Orange-Peel-Cologne-66882.html,17686,Jo Malone London,Bitter Orange Chocolate,0.3744,0.4490,0.2000,0.3333,https://www.fragrantica.com/perfume/Jo-Malone-London/Bitter-Orange-Chocolate-17686.html,115320,Jo Malone London,Orange Bitters Cologne 2025,0.3440,0.4000,0.2000,0.3333,https://www.fragrantica.com/perfume/Jo-Malone-London/Orange-Bitters-Cologne-2025-115320.html,54457,Jo Malone London,Orange Blossom Cologne 2019,0.3440,0.4000,0.2000,0.3333,https://www.fragrantica.com/perfume/Jo-Malone-London/Orange-Blossom-Cologne-2019-54457.html,87710,Jo Malone London,Orange Bitters Cologne 2023,0.3440,0.4000,0.2000,0.3333,https://www.fragrantica.com/perfume/Jo-Malone-London/Orange-Bitters-Cologne-2023-87710.html
258-JOM,GREEN TOMATO LEAF - JO MALONE,jo malone london,221,WEAK,0.0282,48320,Jo Malone London,Green Wheat Meadowsweet,0.4060,0.5000,0.2000,0.3333,https://www.fragrantica.com/perfume/Jo-Malone-London/Green-Wheat-Meadowsweet-48320.html,46197,Jo Malone London,Green Almond Redcurrant,0.3778,0.4545,0.2000,0.3333,https://www.fragrantica.com/perfume/Jo-Malone-London/Green-Almond-Redcurrant-46197.html,11489,Jo Malone London,Fresh Mint Leaf,0.3716,0.4444,0.2000,0.3333,https://www.fragrantica.com/perfume/Jo-Malone-London/Fresh-Mint-Leaf-11489.html,87709,Jo Malone London,Green Almond Redcurrant Cologne 2023,0.3418,0.4167,0.2000,0.2500,https://www.fragrantica.com/perfume/Jo-Malone-London/Green-Almond-Redcurrant-Cologne-2023-87709.html,36751,Jo Malone London,Jade Leaf Tea,0.3148,0.3529,0.2000,0.3333,https://www.fragrantica.com/perfume/Jo-Malone-London/Jade-Leaf-Tea-36751.html,11490,Jo Malone London,Sweet Lemon,0.3006,0.4848,0.0000,0.0000,https://www.fragrantica.com/perfume/Jo-Malone-London/Sweet-Lemon-11490.html,48318,Jo Malone London,Oat Cornflower,0.2756,0.4444,0.0000,0.0000,https://www.fragrantica.com/perfume/Jo-Malone-London/Oat-Cornflower-48318.html,94355,Jo Malone London,Orange Marmalade,0.2611,0.4211,0.0000,0.0000,https://www.fragrantica.com/perfume/Jo-Malone-London/Orange-Marmalade-94355.html,57381,Jo Malone London,Rose Magnolia,0.2480,0.4000,0.0000,0.0000,https://www.fragrantica.com/perfume/Jo-Malone-London/Rose-Magnolia-57381.html,60223,Jo Malone London,Gardenia Oud Absolu,0.2480,0.4000,0.0000,0.0000,https://www.fragrantica.com/perfume/Jo-Malone-London/Gardenia-Oud-Absolu-60223.html
261-JOM,INCENSE & EMBERS - JO MALONE,jo malone london,221,WEAK,0.0000,29737,Jo Malone London,Incense Cedrat,0.4972,0.5882,0.2500,0.5000,https://www.fragrantica.com/perfume/Jo-Malone-London/Incense-Cedrat-29737.html,31772,Jo Malone London,Incense Cedrat Limited Edition,0.4972,0.5882,0.2500,0.5000,https://www.fragrantica.com/perfume/Jo-Malone-London/Incense-Cedrat-Limited-Edition-31772.html,3782,Jo Malone London,Nectarine Blossom Honey,0.2952,0.4762,0.0000,0.0000,https://www.fragrantica.com/perfume/Jo-Malone-London/Nectarine-Blossom-Honey-3782.html,58613,Jo Malone London,Violet Amber Absolu,0.2937,0.4737,0.0000,0.0000,https://www.fragrantica.com/perfume/Jo-Malone-London/Violet-Amber-Absolu-58613.html,94355,Jo Malone London,Orange Marmalade,0.2756,0.4444,0.0000,0.0000,https://www.fragrantica.com/perfume/Jo-Malone-London/Orange-Marmalade-94355.html,49714,Jo Malone London,Jasmine Sambac Marigold,0.2657,0.4286,0.0000,0.0000,https://www.fragrantica.com/perfume/Jo-Malone-London/Jasmine-Sambac-Marigold-49714.html,90256,Jo Malone London,Emerald Thyme Cologne,0.2630,0.4242,0.0000,0.0000,https://www.fragrantica.com/perfume/Jo-Malone-London/Emerald-Thyme-Cologne-90256.html,59428,Jo Malone London,Lavender Coriander Cologne,0.2611,0.4211,0.0000,0.0000,https://www.fragrantica.com/perfume/Jo-Malone-London/Lavender-Coriander-Cologne-59428.html,35882,Jo Malone London,Lavender Coriander,0.2611,0.4211,0.0000,0.0000,https://www.fragrantica.com/perfume/Jo-Malone-London/Lavender-Coriander-35882.html,5582,Jo Malone London,Amber Lavender,0.2553,0.4118,0.0000,0.0000,https://www.fragrantica.com/perfume/Jo-Malone-London/Amber-Lavender-5582.html
279-JOM,PINK VETIVER - JO MALONE,jo malone london,221,WEAK,0.1066,58393,Jo Malone London,Vetiver Golden Vanilla,0.4254,0.5128,0.2500,0.3333,https://www.fragrantica.com/perfume/Jo-Malone-London/Vetiver-Golden-Vanilla-58393.html,8278,Jo Malone London,Black Vetyver Cafe,0.3189,0.5143,0.0000,0.0000,https://www.fragrantica.com/perfume/Jo-Malone-London/Black-Vetyver-Cafe-8278.html,2291,Jo Malone London,Vetyver,0.2862,0.4615,0.0000,0.0000,https://www.fragrantica.com/perfume/Jo-Malone-London/Vetyver-2291.html,59428,Jo Malone London,Lavender Coriander Cologne,0.2756,0.4444,0.0000,0.0000,https://www.fragrantica.com/perfume/Jo-Malone-London/Lavender-Coriander-Cologne-59428.html,35882,Jo Malone London,Lavender Coriander,0.2756,0.4444,0.0000,0.0000,https://www.fragrantica.com/perfume/Jo-Malone-London/Lavender-Coriander-35882.html,11490,Jo Malone London,Sweet Lemon,0.2566,0.4138,0.0000,0.0000,https://www.fragrantica.com/perfume/Jo-Malone-London/Sweet-Lemon-11490.html,94355,Jo Malone London,Orange Marmalade,0.2553,0.4118,0.0000,0.0000,https://www.fragrantica.com/perfume/Jo-Malone-London/Orange-Marmalade-94355.html,96902,Jo Malone London,Hinoki Cedarwood,0.2553,0.4118,0.0000,0.0000,https://www.fragrantica.com/perfume/Jo-Malone-London/Hinoki-Cedarwood-96902.html,40419,Jo Malone London,Basil Neroli,0.2480,0.4000,0.0000,0.0000,https://www.fragrantica.com/perfume/Jo-Malone-London/Basil-Neroli-40419.html,3782,Jo Malone London,Nectarine Blossom Honey,0.2480,0.4000,0.0000,0.0000,https://www.fragrantica.com/perfume/Jo-Malone-London/Nectarine-Blossom-Honey-3782.html
282-JOM,POMELO - JO MALONE,jo malone london,221,WEAK,0.0479,36749,Jo Malone London,Oolong Tea,0.3235,0.5217,0.0000,0.0000,https://www.fragrantica.com/perfume/Jo-Malone-London/Oolong-Tea-36749.html,5582,Jo Malone London,Amber Lavender,0.2756,0.4444,0.0000,0.0000,https://www.fragrantica.com/perfume/Jo-Malone-London/Amber-Lavender-5582.html,94355,Jo Malone London,Orange Marmalade,0.2566,0.4138,0.0000,0.0000,https://www.fragrantica.com/perfume/Jo-Malone-London/Orange-Marmalade-94355.html,45696,Jo Malone London,Poptastic Orange Blossom Cologne,0.2411,0.3889,0.0000,0.0000,https://www.fragrantica.com/perfume/Jo-Malone-London/Poptastic-Orange-Blossom-Cologne-45696.html,5585,Jo Malone London,Lime Basil Mandarin,0.2400,0.3871,0.0000,0.0000,https://www.fragrantica.com/perfume/Jo-Malone-London/Lime-Basil-Mandarin-5585.html,82494,Jo Malone London,Melancholy Thistle,0.2400,0.3871,0.0000,0.0000,https://www.fragrantica.com/perfume/Jo-Malone-London/Melancholy-Thistle-82494.html,57381,Jo Malone London,Rose Magnolia,0.2385,0.3846,0.0000,0.0000,https://www.fragrantica.com/perfume/Jo-Malone-London/Rose-Magnolia-57381.html,90256,Jo Malone London,Emerald Thyme Cologne,0.2385,0.3846,0.0000,0.0000,https://www.fragrantica.com/perfume/Jo-Malone-London/Emerald-Thyme-Cologne-90256.html,71506,Jo Malone London,Rose Magnolia Cologne,0.2385,0.3846,0.0000,0.0000,https://www.fragrantica.com/perfume/Jo-Malone-London/Rose-Magnolia-Cologne-71506.html,82496,Jo Malone London,Mallow on the Moor,0.2385,0.3846,0.0000,0.0000,https://www.fragrantica.com/perfume/Jo-Malone-London/Mallow-on-the-Moor-82496.html
286-JOM,SHARDS OF CEDAR & RED THYME - JO MALONE,jo malone london,221,WEAK,0.0388,35878,Jo Malone London,Sorrel Lemon Thyme,0.3584,0.4444,0.1429,0.3333,https://www.fragrantica.com/perfume/Jo-Malone-London/Sorrel-Lemon-Thyme-35878.html,90256,Jo Malone London,Emerald Thyme Cologne,0.3196,0.3415,0.1429,0.5000,https://www.fragrantica.com/perfume/Jo-Malone-London/Emerald-Thyme-Cologne-90256.html,65928,Jo Malone London,Red Hibiscus Cologne Intense,0.2675,0.2979,0.1429,0.3333,https://www.fragrantica.com/perfume/Jo-Malone-London/Red-Hibiscus-Cologne-Intense-65928.html,5031,Jo Malone London,Sweet Lime Cedar,0.2559,0.2791,0.1429,0.3333,https://www.fragrantica.com/perfume/Jo-Malone-London/Sweet-Lime-Cedar-5031.html,70264,Jo Malone London,Starlit Mandarin Honey,0.2531,0.4082,0.0000,0.0000,https://www.fragrantica.com/perfume/Jo-Malone-London/Starlit-Mandarin-Honey-70264.html,5484,Jo Malone London,Red Roses,0.2419,0.2162,0.1429,0.5000,https://www.fragrantica.com/perfume/Jo-Malone-London/Red-Roses-5484.html,71507,Jo Malone London,Red Roses Cologne,0.2419,0.2162,0.1429,0.5000,https://www.fragrantica.com/perfume/Jo-Malone-London/Red-Roses-Cologne-71507.html,8922,Jo Malone London,Verbenas of Provence,0.2412,0.2553,0.1429,0.3333,https://www.fragrantica.com/perfume/Jo-Malone-London/Verbenas-of-Provence-8922.html,115318,Jo Malone London,Sandalwood Spiced Apricot,0.2385,0.3846,0.0000,0.0000,https://www.fragrantica.com/perfume/Jo-Malone-London/Sandalwood-Spiced-Apricot-115318.html,10314,Jo Malone London,English Pear Freesia,0.2374,0.3830,0.0000,0.0000,https://www.fragrantica.com/perfume/Jo-Malone-London/English-Pear-Freesia-10314.html
289-JOM,SWEET ALMON & MACARRON - JO MALONE,jo malone london,221,WEAK,0.0250,11490,Jo Malone London,Sweet Lemon,0.4310,0.5000,0.2000,0.5000,https://www.fragrantica.com/perfume/Jo-Malone-London/Sweet-Lemon-11490.html,5031,Jo Malone London,Sweet Lime Cedar,0.4060,0.5000,0.2000,0.3333,https://www.fragrantica.com/perfume/Jo-Malone-London/Sweet-Lime-Cedar-5031.html,11491,Jo Malone London,Sweet Milk,0.3336,0.3429,0.2000,0.5000,https://www.fragrantica.com/perfume/Jo-Malone-London/Sweet-Milk-11491.html,70264,Jo Malone London,Starlit Mandarin Honey,0.3235,0.5217,0.0000,0.0000,https://www.fragrantica.com/perfume/Jo-Malone-London/Starlit-Mandarin-Honey-70264.html,46197,Jo Malone London,Green Almond Redcurrant,0.2902,0.4681,0.0000,0.0000,https://www.fragrantica.com/perfume/Jo-Malone-London/Green-Almond-Redcurrant-46197.html,72843,Jo Malone London,Moonlit Camomile,0.2722,0.4390,0.0000,0.0000,https://www.fragrantica.com/perfume/Jo-Malone-London/Moonlit-Camomile-72843.html,87709,Jo Malone London,Green Almond Redcurrant Cologne 2023,0.2675,0.4314,0.0000,0.0000,https://www.fragrantica.com/perfume/Jo-Malone-London/Green-Almond-Redcurrant-Cologne-2023-87709.html,3782,Jo Malone London,Nectarine Blossom Honey,0.2638,0.4255,0.0000,0.0000,https://www.fragrantica.com/perfume/Jo-Malone-London/Nectarine-Blossom-Honey-3782.html,84035,Jo Malone London,English Pear Sweet Pea,0.2488,0.2667,0.2000,0.2500,https://www.fragrantica.com/perfume/Jo-Malone-London/English-Pear-Sweet-Pea-84035.html,31825,Jo Malone London,Mimosa Cardamom,0.2480,0.4000,0.0000,0.0000,https://www.fragrantica.com/perfume/Jo-Malone-London/Mimosa-Cardamom-31825.html
304-KIE,ORIGINAL MUSK,,55556,REVIEW,0.0000,20109,Al Rehab,Original,0.7610,0.8000,0.5000,1.0000,https://www.fragrantica.com/perfume/Al-Rehab/Original-20109.html,33884,Andree Putman,L Original,0.7610,0.8000,0.5000,1.0000,https://www.fragrantica.com/perfume/Andree-Putman/L-Original-33884.html,28944,Anja Rubik,Original,0.7610,0.8000,0.5000,1.0000,https://www.fragrantica.com/perfume/Anja-Rubik/Original-28944.html,15816,Bottega Verde,Man Original,0.7610,0.8000,0.5000,1.0000,https://www.fragrantica.com/perfume/Bottega-Verde/Man-Original-15816.html,13291,Bronnley,Original,0.7610,0.8000,0.5000,1.0000,https://www.fragrantica.com/perfume/Bronnley/Original-13291.html,115317,Christine Lavoisier Parfums,The Man Original,0.7610,0.8000,0.5000,1.0000,https://www.fragrantica.com/perfume/Christine-Lavoisier-Parfums/The-Man-Original-115317.html,110494,Riddle,Original,0.7610,0.8000,0.5000,1.0000,https://www.fragrantica.com/perfume/Riddle/Original-110494.html,3196,Decleor,L original,0.7610,0.8000,0.5000,1.0000,https://www.fragrantica.com/perfume/Decleor/L-original-3196.html,25632,Denim,Original,0.7610,0.8000,0.5000,1.0000,https://www.fragrantica.com/perfume/Denim/Original-25632.html,110666,Al Ghaliyah,Oriental Musk,0.7067,0.8333,0.5000,0.5000,https://www.fragrantica.com/perfume/Al-Ghaliyah/Oriental-Musk-110666.html
307-LOC,PEONY - L' OCCITANE,l occitane en provence,1,WEAK,0.2157,87134,L Occitane en Provence,Noble Epine,0.2157,0.3478,0.0000,0.0000,https://www.fragrantica.com/perfume/L-Occitane-en-Provence/Noble-Epine-87134.html,,,,,,,,,,,,,,,,,,,,,,,,,,,,,,,,,,,,,,,,,,,,,,,,,,,,,,,,,,,,,,,,,,,,,,,,
308-LOC,CITRUS VERBENA - L' OCCITANE,l occitane en provence,1,WEAK,0.1200,87134,L Occitane en Provence,Noble Epine,0.1200,0.1935,0.0000,0.0000,https://www.fragrantica.com/perfume/L-Occitane-en-Provence/Noble-Epine-87134.html,,,,,,,,,,,,,,,,,,,,,,,,,,,,,,,,,,,,,,,,,,,,,,,,,,,,,,,,,,,,,,,,,,,,,,,,
309-LOC,MAGNOLIA & MURE - L' OCCITANE,l occitane en provence,1,WEAK,0.2480,87134,L Occitane en Provence,Noble Epine,0.2480,0.4000,0.0000,0.0000,https://www.fragrantica.com/perfume/L-Occitane-en-Provence/Noble-Epine-87134.html,,,,,,,,,,,,,,,,,,,,,,,,,,,,,,,,,,,,,,,,,,,,,,,,,,,,,,,,,,,,,,,,,,,,,,,,
310-MIL,FEUILLES DE TABAC,,55556,WEAK,0.0000,69465,Cherigan,Fleurs de Tabac,0.6550,0.7500,0.5000,0.5000,https://www.fragrantica.com/perfume/Cherigan/Fleurs-de-Tabac-69465.html,41670,Cherigan,Fleurs de Tabac,0.6550,0.7500,0.5000,0.5000,https://www.fragrantica.com/perfume/Cherigan/Fleurs-de-Tabac-41670.html,70364,Attar Al Has,Fleur De Tabac,0.6213,0.6957,0.5000,0.5000,https://www.fragrantica.com/perfume/Attar-Al-Has/Fleur-De-Tabac-70364.html,95637,Maison Alhambra,Tabac,0.6094,0.5556,0.5000,1.0000,https://www.fragrantica.com/perfume/Maison-Alhambra/Tabac-95637.html,113829,Aaron Terence Hughes,Tabac,0.6094,0.5556,0.5000,1.0000,https://www.fragrantica.com/perfume/Aaron-Terence-Hughes/Tabac-113829.html,19389,Abdes Salaam Attars Perfumes,Tabac,0.6094,0.5556,0.5000,1.0000,https://www.fragrantica.com/perfume/Abdes-Salaam-Attars-Perfumes/Tabac-19389.html,8384,DSH Perfumes,Feuilles Leaves,0.6033,0.6667,0.5000,0.5000,https://www.fragrantica.com/perfume/DSH-Perfumes/Feuilles-Leaves-8384.html,88621,Aedes de Venustas,Cafe Tabac,0.5845,0.6364,0.5000,0.5000,https://www.fragrantica.com/perfume/Aedes-de-Venustas/Cafe-Tabac-88621.html,13887,David Jourquin,Cuir Tabac,0.5845,0.6364,0.5000,0.5000,https://www.fragrantica.com/perfume/David-Jourquin/Cuir-Tabac-13887.html,34786,Adopt Parfums,Feuilles de Fraisier,0.5748,0.6207,0.5000,0.5000,https://www.fragrantica.com/perfume/Adopt-Parfums/Feuilles-de-Fraisier-34786.html
311-MOL,amber cocoon-mol,,55556,WEAK,0.0415,19573,Abdes Salaam Attars Perfumes,Amber Chocolate,0.5945,0.7143,0.3333,0.5000,https://www.fragrantica.com/perfume/Abdes-Salaam-Attars-Perfumes/Amber-Chocolate-19573.html,106439,Al Haramain Perfumes,Natural Amber,0.5530,0.5263,0.3333,1.0000,https://www.fragrantica.com/perfume/Al-Haramain-Perfumes/Natural-Amber-106439.html,21779,Al Haramain Perfumes,Amber,0.5530,0.5263,0.3333,1.0000,https://www.fragrantica.com/perfume/Al-Haramain-Perfumes/Amber-21779.html,20489,Amouage,Amber,0.5530,0.5263,0.3333,1.0000,https://www.fragrantica.com/perfume/Amouage/Amber-20489.html,12801,Demeter Fragrance,Amber,0.5530,0.5263,0.3333,1.0000,https://www.fragrantica.com/perfume/Demeter-Fragrance/Amber-12801.html,27530,Roja Dove,Amber,0.5530,0.5263,0.3333,1.0000,https://www.fragrantica.com/perfume/Roja-Dove/Amber-27530.html,86630,The Dua Brand,The H Amber,0.5530,0.5263,0.3333,1.0000,https://www.fragrantica.com/perfume/The-Dua-Brand/The-H-Amber-86630.html,14642,Aftelier,Amber,0.5530,0.5263,0.3333,1.0000,https://www.fragrantica.com/perfume/Aftelier/Amber-14642.html,125701,Ahmed Soliman,Amber,0.5530,0.5263,0.3333,1.0000,https://www.fragrantica.com/perfume/Ahmed-Soliman/Amber-125701.html,121911,Aimee,AMBER,0.5530,0.5263,0.3333,1.0000,https://www.fragrantica.com/perfume/Aimee/AMBER-121911.html
312-MOL,black pepper-molΞυλώδες Πικάντικο,,55556,REVIEW,0.0000,8863,Demeter Fragrance,Black Pepper,0.8489,0.8800,0.6667,1.0000,https://www.fragrantica.com/perfume/Demeter-Fragrance/Black-Pepper-8863.html,114140,Areej,Black Pepper,0.8489,0.8800,0.6667,1.0000,https://www.fragrantica.com/perfume/Areej/Black-Pepper-114140.html,93667,Al Hunaidi,Black Oud Pepper,0.7405,0.7857,0.6667,0.6667,https://www.fragrantica.com/perfume/Al-Hunaidi/Black-Oud-Pepper-93667.html,16835,Dr Taffi,Hemp Black Pepper,0.7237,0.7586,0.6667,0.6667,https://www.fragrantica.com/perfume/Dr-Taffi/Hemp-Black-Pepper-16835.html,85839,The Dua Brand,Black Pepper Vanilla,0.7183,0.7500,0.6667,0.6667,https://www.fragrantica.com/perfume/The-Dua-Brand/Black-Pepper-Vanilla-85839.html,51683,Jo Malone London,Birch Black Pepper,0.7080,0.7333,0.6667,0.6667,https://www.fragrantica.com/perfume/Jo-Malone-London/Birch-Black-Pepper-51683.html,15741,C O Bigelow,Elixir Black Pepper,0.6933,0.7097,0.6667,0.6667,https://www.fragrantica.com/perfume/C-O-Bigelow/Elixir-Black-Pepper-15741.html,59365,Zara,Black Pepper Cedarwood,0.6910,0.7059,0.6667,0.6667,https://www.fragrantica.com/perfume/Zara/Black-Pepper-Cedarwood-59365.html,45675,Bohoboco,Vanilla Black Pepper,0.6796,0.6875,0.6667,0.6667,https://www.fragrantica.com/perfume/Bohoboco/Vanilla-Black-Pepper-45675.html,29421,Acca Kappa,Black Pepper Sandalwood,0.6785,0.6857,0.6667,0.6667,https://www.fragrantica.com/perfume/Acca-Kappa/Black-Pepper-Sandalwood-29421.html
313-MOL,thai vert-mol,,55556,WEAK,0.0000,104875,Fragrance World,Vert 9,0.5573,0.5333,0.3333,1.0000,https://www.fragrantica.com/perfume/Fragrance-World/Vert-9-104875.html,43649,O Boticario,Vert,0.5573,0.5333,0.3333,1.0000,https://www.fragrantica.com/perfume/O-Boticario/Vert-43649.html,23446,Adopt Parfums,The Vert,0.5573,0.5333,0.3333,1.0000,https://www.fragrantica.com/perfume/Adopt-Parfums/The-Vert-23446.html,113227,Altearah Bio,Vert,0.5573,0.5333,0.3333,1.0000,https://www.fragrantica.com/perfume/Altearah-Bio/Vert-113227.html,57905,Anna Pegova,Vert,0.5573,0.5333,0.3333,1.0000,https://www.fragrantica.com/perfume/Anna-Pegova/Vert-57905.html,61737,Bruno Acampora,Vert Eau de Parfum,0.5573,0.5333,0.3333,1.0000,https://www.fragrantica.com/perfume/Bruno-Acampora/Vert-Eau-de-Parfum-61737.html,23549,Chabaud Maison de Parfum,Vert d Eau,0.5573,0.5333,0.3333,1.0000,https://www.fragrantica.com/perfume/Chabaud-Maison-de-Parfum/Vert-d-Eau-23549.html,75496,Clandestine Laboratories,Vert,0.5573,0.5333,0.3333,1.0000,https://www.fragrantica.com/perfume/Clandestine-Laboratories/Vert-75496.html,47836,A Beautiful Life Brands,Vrai Vert,0.5432,0.6316,0.3333,0.5000,https://www.fragrantica.com/perfume/A-Beautiful-Life-Brands/Vrai-Vert-47836.html,122847,Chloe,Vert Soleil,0.5060,0.5714,0.3333,0.5000,https://www.fragrantica.com/perfume/Chloe/Vert-Soleil-122847.html
314-MOL,ZIAO JAO - MOLTON BROWN,,55556,WEAK,0.0154,108109,DIRISTA,MAHOGANY BROWN,0.4925,0.5806,0.2500,0.5000,https://www.fragrantica.com/perfume/DIRISTA/MAHOGANY-BROWN-108109.html,63224,Lush,Brown,0.4771,0.4348,0.2500,1.0000,https://www.fragrantica.com/perfume/Lush/Brown-63224.html,118715,Ahmed Al Maghribi,Brown,0.4771,0.4348,0.2500,1.0000,https://www.fragrantica.com/perfume/Ahmed-Al-Maghribi/Brown-118715.html,63465,Armaf,Radical Brown,0.4632,0.5333,0.2500,0.5000,https://www.fragrantica.com/perfume/Armaf/Radical-Brown-63465.html,62363,Zara,Vibrant Brown,0.4632,0.5333,0.2500,0.5000,https://www.fragrantica.com/perfume/Zara/Vibrant-Brown-62363.html,107934,Fragrance World,Signature Brown,0.4425,0.5000,0.2500,0.5000,https://www.fragrantica.com/perfume/Fragrance-World/Signature-Brown-107934.html,76471,Dkhoon Emirates,Crown Brown,0.4425,0.5000,0.2500,0.5000,https://www.fragrantica.com/perfume/Dkhoon-Emirates/Crown-Brown-76471.html,122804,Khadlaj Perfumes,Fursan Brown,0.4318,0.4828,0.2500,0.5000,https://www.fragrantica.com/perfume/Khadlaj-Perfumes/Fursan-Brown-122804.html,9083,Cuba Paris,Cuba Brown,0.4081,0.4444,0.2500,0.5000,https://www.fragrantica.com/perfume/Cuba-Paris/Cuba-Brown-9083.html,50330,Armaf,Voyage Brown,0.3891,0.4138,0.2500,0.5000,https://www.fragrantica.com/perfume/Armaf/Voyage-Brown-50330.html
325-PECK,BLACK OAK & CEDAR - PECKSNIFF'S,,55556,WEAK,0.0382,96975,Zimaya,Reserved Black Cedar,0.5250,0.5000,0.5000,0.6667,https://www.fragrantica.com/perfume/Zimaya/Reserved-Black-Cedar-96975.html,32914,Anna Zworykina Perfumes,Black Gardenia,0.4868,0.5714,0.2500,0.5000,https://www.fragrantica.com/perfume/Anna-Zworykina-Perfumes/Black-Gardenia-32914.html,121498,Dark Tales,Black Waters,0.4707,0.5455,0.2500,0.5000,https://www.fragrantica.com/perfume/Dark-Tales/Black-Waters-121498.html,37611,Bohdidharma,Black Orange Pekoe,0.4664,0.5789,0.2500,0.3333,https://www.fragrantica.com/perfume/Bohdidharma/Black-Orange-Pekoe-37611.html,36533,Mancera,Black to Black,0.4607,0.5294,0.2500,0.5000,https://www.fragrantica.com/perfume/Mancera/Black-to-Black-36533.html,34834,Rasasi,Black Cherish,0.4607,0.5294,0.2500,0.5000,https://www.fragrantica.com/perfume/Rasasi/Black-Cherish-34834.html,95808,Tom Ford,Black Lacquer,0.4607,0.5294,0.2500,0.5000,https://www.fragrantica.com/perfume/Tom-Ford/Black-Lacquer-95808.html,136345,DeskLab Parfums,Black Berries,0.4607,0.5294,0.2500,0.5000,https://www.fragrantica.com/perfume/DeskLab-Parfums/Black-Berries-136345.html,83871,Zara,Black Dart,0.4525,0.5161,0.2500,0.5000,https://www.fragrantica.com/perfume/Zara/Black-Dart-83871.html,34553,Antonio Visconti,Black Tear,0.4525,0.5161,0.2500,0.5000,https://www.fragrantica.com/perfume/Antonio-Visconti/Black-Tear-34553.html
326-PECK,CALM - PECKSNIFF'S,,55556,WEAK,0.0000,77737,Avon,Calm,0.5568,0.4706,0.5000,1.0000,https://www.fragrantica.com/perfume/Avon/Calm-77737.html,74513,Victoria s Secret,Calm,0.5568,0.4706,0.5000,1.0000,https://www.fragrantica.com/perfume/Victoria-s-Secret/Calm-74513.html,49242,Belsans,Calm,0.5568,0.4706,0.5000,1.0000,https://www.fragrantica.com/perfume/Belsans/Calm-49242.html,21510,Ajne,Calme Calm,0.5282,0.5455,0.5000,0.5000,https://www.fragrantica.com/perfume/Ajne/Calme-Calm-21510.html,52444,Zara,Calm Lake,0.4852,0.4762,0.5000,0.5000,https://www.fragrantica.com/perfume/Zara/Calm-Lake-52444.html,114700,Victoria s Secret,Calm Water,0.4718,0.4545,0.5000,0.5000,https://www.fragrantica.com/perfume/Victoria-s-Secret/Calm-Water-114700.html,92090,Charlotte Tilbury,Calm Bliss,0.4718,0.4545,0.5000,0.5000,https://www.fragrantica.com/perfume/Charlotte-Tilbury/Calm-Bliss-92090.html,175,Lancome,Aroma Calm,0.4155,0.3636,0.5000,0.5000,https://www.fragrantica.com/perfume/Lancome/Aroma-Calm-175.html,7722,Demeter Fragrance,Always Calm,0.4057,0.3478,0.5000,0.5000,https://www.fragrantica.com/perfume/Demeter-Fragrance/Always-Calm-7722.html,104810,We Pink,Lavanda Calm,0.3967,0.3333,0.5000,0.5000,https://www.fragrantica.com/perfume/We-Pink/Lavanda-Calm-104810.html
327-PECK,MISTRAAL - PECKSNIFF'S Perfumes,,55556,WEAK,0.1009,28819,Chevignon,Chevignon Perfumes,0.4469,0.4762,0.3333,0.5000,https://www.fragrantica.com/perfume/Chevignon/Chevignon-Perfumes-28819.html,38324,Bob Mackie,Unmistakable Mackie,0.3460,0.5581,0.0000,0.0000,https://www.fragrantica.com/perfume/Bob-Mackie/Unmistakable-Mackie-38324.html,77242,Ausmane Paris,Cristal Precieux,0.3410,0.5500,0.0000,0.0000,https://www.fragrantica.com/perfume/Ausmane-Paris/Cristal-Precieux-77242.html,64108,Caron,Santal Precieux,0.3179,0.5128,0.0000,0.0000,https://www.fragrantica.com/perfume/Caron/Santal-Precieux-64108.html,100927,AquaNobilis,King of Persia s Perfumed Incense,0.3100,0.5000,0.0000,0.0000,https://www.fragrantica.com/perfume/AquaNobilis/King-of-Persia-s-Perfumed-Incense-100927.html,58437,Stora Skuggan,Mistpouffer,0.3100,0.5000,0.0000,0.0000,https://www.fragrantica.com/perfume/Stora-Skuggan/Mistpouffer-58437.html,10397,Arrogance,Arrogance Les Perfumes Heliotrophine,0.3066,0.3103,0.3333,0.2500,https://www.fragrantica.com/perfume/Arrogance/Arrogance-Les-Perfumes-Heliotrophine-10397.html,6592,DSH Perfumes,Le Roi Soleil The Perfumed Court Natural,0.3037,0.4898,0.0000,0.0000,https://www.fragrantica.com/perfume/DSH-Perfumes/Le-Roi-Soleil-The-Perfumed-Court-Natural-6592.html,6582,DSH Perfumes,Eau de Trianon The Perfumed Court Natural,0.3031,0.4889,0.0000,0.0000,https://www.fragrantica.com/perfume/DSH-Perfumes/Eau-de-Trianon-The-Perfumed-Court-Natural-6582.html,10396,Arrogance,Arrogance Les Perfumes Absolute de Mate,0.3025,0.3158,0.3333,0.2000,https://www.fragrantica.com/perfume/Arrogance/Arrogance-Les-Perfumes-Absolute-de-Mate-10396.html
330-PG,ORIENTAL BLOSSOM,,55556,REVIEW,0.0000,62121,Betty Barclay,Oriental Bloom Eau de Parfum,0.7657,0.9286,0.5000,0.5000,https://www.fragrantica.com/perfume/Betty-Barclay/Oriental-Bloom-Eau-de-Parfum-62121.html,62120,Betty Barclay,Oriental Bloom Eau de Toilette,0.7657,0.9286,0.5000,0.5000,https://www.fragrantica.com/perfume/Betty-Barclay/Oriental-Bloom-Eau-de-Toilette-62120.html,16574,Zara,Oriental,0.6963,0.6957,0.5000,1.0000,https://www.fragrantica.com/perfume/Zara/Oriental-16574.html,72064,Casaniche,Oriental,0.6963,0.6957,0.5000,1.0000,https://www.fragrantica.com/perfume/Casaniche/Oriental-72064.html,115113,Victoria s Secret,Santal Blossom,0.6771,0.7857,0.5000,0.5000,https://www.fragrantica.com/perfume/Victoria-s-Secret/Santal-Blossom-115113.html,111936,CULT,Floral Blossom,0.6771,0.7857,0.5000,0.5000,https://www.fragrantica.com/perfume/CULT/Floral-Blossom-111936.html,86438,The Dua Brand,Opulent Blossom,0.6603,0.7586,0.5000,0.5000,https://www.fragrantica.com/perfume/The-Dua-Brand/Opulent-Blossom-86438.html,137829,Ard Al Zaafaran,Eternal Blossom,0.6603,0.7586,0.5000,0.5000,https://www.fragrantica.com/perfume/Ard-Al-Zaafaran/Eternal-Blossom-137829.html,130007,Atenai London,Blossom,0.6595,0.6364,0.5000,1.0000,https://www.fragrantica.com/perfume/Atenai-London/Blossom-130007.html,25032,Botanique,Blossom,0.6595,0.6364,0.5000,1.0000,https://www.fragrantica.com/perfume/Botanique/Blossom-25032.html
331-PG,CRYSTAL WATER & WATER LILY,,55556,WEAK,0.0229,16577,Zara,Textures Water Lily,0.6449,0.6316,0.6667,0.6667,https://www.fragrantica.com/perfume/Zara/Textures-Water-Lily-16577.html,122458,Victoria s Secret,Jasmine Water Lily,0.6220,0.5946,0.6667,0.6667,https://www.fragrantica.com/perfume/Victoria-s-Secret/Jasmine-Water-Lily-122458.html,102228,Acca Kappa,Jasmine Water Lily,0.6220,0.5946,0.6667,0.6667,https://www.fragrantica.com/perfume/Acca-Kappa/Jasmine-Water-Lily-102228.html,129372,Captivating Essences,Water Lily Fig,0.5915,0.5455,0.6667,0.6667,https://www.fragrantica.com/perfume/Captivating-Essences/Water-Lily-Fig-129372.html,27025,Dame Perfumery,Pear Water Lily Amber,0.5781,0.5641,0.6667,0.5000,https://www.fragrantica.com/perfume/Dame-Perfumery/Pear-Water-Lily-Amber-27025.html,50928,Clive Christian,XX Art Nouveau Water Lily,0.5676,0.5714,0.6667,0.4000,https://www.fragrantica.com/perfume/Clive-Christian/XX-Art-Nouveau-Water-Lily-50928.html,122347,Victoria s Secret,Blue Jasmine Water Lily,0.5610,0.5366,0.6667,0.5000,https://www.fragrantica.com/perfume/Victoria-s-Secret/Blue-Jasmine-Water-Lily-122347.html,91504,Bath Body Works,Water Lily Springs,0.5550,0.4865,0.6667,0.6667,https://www.fragrantica.com/perfume/Bath-Body-Works/Water-Lily-Springs-91504.html,3784,Jo Malone London,Lotus Blossom Water Lily,0.5531,0.5238,0.6667,0.5000,https://www.fragrantica.com/perfume/Jo-Malone-London/Lotus-Blossom-Water-Lily-3784.html,140015,Amali New York,Crystal Cherry,0.5528,0.6471,0.3333,0.5000,https://www.fragrantica.com/perfume/Amali-New-York/Crystal-Cherry-140015.html
334-SHI,SHIRLEY MAY,,55556,WEAK,0.1043,45433,Crop,V May,0.5512,0.4615,0.5000,1.0000,https://www.fragrantica.com/perfume/Crop/V-May-45433.html,36143,Clash,Devil May Care,0.4468,0.4545,0.5000,0.3333,https://www.fragrantica.com/perfume/Clash/Devil-May-Care-36143.html,16712,Abahna,White Grapefruit May Chang,0.4155,0.4242,0.5000,0.2500,https://www.fragrantica.com/perfume/Abahna/White-Grapefruit-May-Chang-16712.html,27386,Bvlgari,Ashlemah,0.4133,0.6667,0.0000,0.0000,https://www.fragrantica.com/perfume/Bvlgari/Ashlemah-27386.html,24254,Anfasic,May 18th,0.4088,0.3529,0.5000,0.5000,https://www.fragrantica.com/perfume/Anfasic/May-18th-24254.html,126882,Arlyn,May Rose,0.4088,0.3529,0.5000,0.5000,https://www.fragrantica.com/perfume/Arlyn/May-Rose-126882.html,71209,Beary,Supremacy,0.3916,0.6316,0.0000,0.0000,https://www.fragrantica.com/perfume/Beary/Supremacy-71209.html,7119,Natura,Shiraz,0.3875,0.6250,0.0000,0.0000,https://www.fragrantica.com/perfume/Natura/Shiraz-7119.html,68886,Adi Ale Van,Dilema,0.3875,0.6250,0.0000,0.0000,https://www.fragrantica.com/perfume/Adi-Ale-Van/Dilema-68886.html,40418,Aeropostale,Hailey,0.3875,0.6250,0.0000,0.0000,https://www.fragrantica.com/perfume/Aeropostale/Hailey-40418.html
335-THCO,CASHMERE BLANC - THE WHITE COMPANY,,55556,WEAK,0.0553,31956,Donna Karan,Liquid Cashmere White,0.5814,0.5909,0.5000,0.6667,https://www.fragrantica.com/perfume/Donna-Karan/Liquid-Cashmere-White-31956.html,88334,Azha Perfumes,White Cashmere,0.5261,0.4211,0.5000,1.0000,https://www.fragrantica.com/perfume/Azha-Perfumes/White-Cashmere-88334.html,87372,Algorithmic Perfumery,Cashmere Tea,0.5114,0.6111,0.2500,0.5000,https://www.fragrantica.com/perfume/Algorithmic-Perfumery/Cashmere-Tea-87372.html,26056,Guerlain,Eau de Cashmere,0.5081,0.4848,0.2500,1.0000,https://www.fragrantica.com/perfume/Guerlain/Eau-de-Cashmere-26056.html,128420,Guerlain,Eau de Cashmere,0.5081,0.4848,0.2500,1.0000,https://www.fragrantica.com/perfume/Guerlain/Eau-de-Cashmere-128420.html,122550,Batlah,Cashmere,0.5081,0.4848,0.2500,1.0000,https://www.fragrantica.com/perfume/Batlah/Cashmere-122550.html,78156,BIOCOS,Cashmere,0.5081,0.4848,0.2500,1.0000,https://www.fragrantica.com/perfume/BIOCOS/Cashmere-78156.html,6813,Cristiano Fissore,Cashmere for Men,0.5081,0.4848,0.2500,1.0000,https://www.fragrantica.com/perfume/Cristiano-Fissore/Cashmere-for-Men-6813.html,6814,Cristiano Fissore,Cashmere for Women,0.5081,0.4848,0.2500,1.0000,https://www.fragrantica.com/perfume/Cristiano-Fissore/Cashmere-for-Women-6814.html,126807,Arlyn,Cashmere Blossom,0.5045,0.6000,0.2500,0.5000,https://www.fragrantica.com/perfume/Arlyn/Cashmere-Blossom-126807.html
336-THCO,NARCISSUS NOIR - THE WHITE COMPANY,,55556,WEAK,0.0101,128166,Miraculum,Narcissistic White,0.5458,0.6667,0.2500,0.5000,https://www.fragrantica.com/perfume/Miraculum/Narcissistic-White-128166.html,58547,Aaron Terence Hughes,Narcissus,0.5357,0.5294,0.2500,1.0000,https://www.fragrantica.com/perfume/Aaron-Terence-Hughes/Narcissus-58547.html,125900,Ahmed Soliman,Narcissus,0.5357,0.5294,0.2500,1.0000,https://www.fragrantica.com/perfume/Ahmed-Soliman/Narcissus-125900.html,23229,CB I Hate Perfume,Narcissus,0.5357,0.5294,0.2500,1.0000,https://www.fragrantica.com/perfume/CB-I-Hate-Perfume/Narcissus-23229.html,53072,Caron,Narcisse Noir,0.5011,0.5946,0.2500,0.5000,https://www.fragrantica.com/perfume/Caron/Narcisse-Noir-53072.html,52230,Caron,Narcisse Noir,0.5011,0.5946,0.2500,0.5000,https://www.fragrantica.com/perfume/Caron/Narcisse-Noir-52230.html,134653,Atelier Segall Barutti,Narcissus X Extreme,0.4954,0.5854,0.2500,0.5000,https://www.fragrantica.com/perfume/Atelier-Segall-Barutti/Narcissus-X-Extreme-134653.html,69293,Chloe,Narcissus Poeticus,0.4868,0.5714,0.2500,0.5000,https://www.fragrantica.com/perfume/Chloe/Narcissus-Poeticus-69293.html,45454,Annette Neuffer,Narcissus Poeticus,0.4868,0.5714,0.2500,0.5000,https://www.fragrantica.com/perfume/Annette-Neuffer/Narcissus-Poeticus-45454.html,70714,Atelier Segall Barutti,Narcissus Molecules,0.4785,0.5581,0.2500,0.5000,https://www.fragrantica.com/perfume/Atelier-Segall-Barutti/Narcissus-Molecules-70714.html
337-TIFF,Tiffany  Co Sheer,,55556,WEAK,0.0279,69385,Britney Spears,Fantasy Sheer,0.5809,0.6923,0.3333,0.5000,https://www.fragrantica.com/perfume/Britney-Spears/Fantasy-Sheer-69385.html,17767,American Eagle,Sheer,0.5530,0.5263,0.3333,1.0000,https://www.fragrantica.com/perfume/American-Eagle/Sheer-17767.html,9898,Bebe,Sheer,0.5530,0.5263,0.3333,1.0000,https://www.fragrantica.com/perfume/Bebe/Sheer-9898.html,1046,Giorgio Armani,Armani Code Sheer,0.5115,0.6207,0.3333,0.3333,https://www.fragrantica.com/perfume/Giorgio-Armani/Armani-Code-Sheer-1046.html,529,Estee Lauder,Beautiful Sheer,0.5060,0.5714,0.3333,0.5000,https://www.fragrantica.com/perfume/Estee-Lauder/Beautiful-Sheer-529.html,70698,Afnan,Rare Tiffany,0.4989,0.5600,0.3333,0.5000,https://www.fragrantica.com/perfume/Afnan/Rare-Tiffany-70698.html,52881,Abercrombie Fitch,First Instinct Sheer,0.4754,0.5625,0.3333,0.3333,https://www.fragrantica.com/perfume/Abercrombie-Fitch/First-Instinct-Sheer-52881.html,30017,Beyonce,Rise Sheer,0.4751,0.5217,0.3333,0.5000,https://www.fragrantica.com/perfume/Beyonce/Rise-Sheer-30017.html,252,Calvin Klein,Obsession Sheer,0.4617,0.5000,0.3333,0.5000,https://www.fragrantica.com/perfume/Calvin-Klein/Obsession-Sheer-252.html,2306,CoSTUME NATIONAL,Scent Sheer,0.4617,0.5000,0.3333,0.5000,https://www.fragrantica.com/perfume/CoSTUME-NATIONAL/Scent-Sheer-2306.html
379-YAN,CLEAN COTTON - YANKEE CANDLES,,55556,WEAK,0.0780,3024,Clean,Clean Warm Cotton,0.5647,0.5641,0.5000,0.6667,https://www.fragrantica.com/perfume/Clean/Clean-Warm-Cotton-3024.html,7743,Demeter Fragrance,Cotton Candy,0.4868,0.5714,0.2500,0.5000,https://www.fragrantica.com/perfume/Demeter-Fragrance/Cotton-Candy-7743.html,92945,Theodoros Kalotinis,Cotton Candy,0.4868,0.5714,0.2500,0.5000,https://www.fragrantica.com/perfume/Theodoros-Kalotinis/Cotton-Candy-92945.html,94346,Victoria s Secret,Cotton Candy,0.4868,0.5714,0.2500,0.5000,https://www.fragrantica.com/perfume/Victoria-s-Secret/Cotton-Candy-94346.html,103421,Gulf Orchid,Cotton Candy,0.4868,0.5714,0.2500,0.5000,https://www.fragrantica.com/perfume/Gulf-Orchid/Cotton-Candy-103421.html,128445,Al Asrar,Cotton Candy,0.4868,0.5714,0.2500,0.5000,https://www.fragrantica.com/perfume/Al-Asrar/Cotton-Candy-128445.html,137460,ALREHAB PERFUMES,Cotton Candy,0.4868,0.5714,0.2500,0.5000,https://www.fragrantica.com/perfume/ALREHAB-PERFUMES/Cotton-Candy-137460.html,131316,Amazing Creation,Cotton Candy,0.4868,0.5714,0.2500,0.5000,https://www.fragrantica.com/perfume/Amazing-Creation/Cotton-Candy-131316.html,117436,Anfar 1950,Cotton Candy,0.4868,0.5714,0.2500,0.5000,https://www.fragrantica.com/perfume/Anfar-1950/Cotton-Candy-117436.html,93245,Butterfly Thai Perfume,Cotton Candy,0.4868,0.5714,0.2500,0.5000,https://www.fragrantica.com/perfume/Butterfly-Thai-Perfume/Cotton-Candy-93245.html
380-YAN,FALL FESTIVAL - YANKEE CANDLES,,55556,WEAK,0.0000,26755,Alan Bray,Festival,0.5081,0.4848,0.2500,1.0000,https://www.fragrantica.com/perfume/Alan-Bray/Festival-26755.html,38783,Bourbon French Parfums,Festival,0.5081,0.4848,0.2500,1.0000,https://www.fragrantica.com/perfume/Bourbon-French-Parfums/Festival-38783.html,105415,Dark Tales,Floating Candles,0.5045,0.6000,0.2500,0.5000,https://www.fragrantica.com/perfume/Dark-Tales/Floating-Candles-105415.html,114751,Victoria s Secret,Festival Crush,0.4588,0.5263,0.2500,0.5000,https://www.fragrantica.com/perfume/Victoria-s-Secret/Festival-Crush-114751.html,116047,Damask Haus,Apple Festival,0.4588,0.5263,0.2500,0.5000,https://www.fragrantica.com/perfume/Damask-Haus/Apple-Festival-116047.html,1290,Yves Saint Laurent,Cinema Festival d Ete,0.4323,0.5238,0.2500,0.3333,https://www.fragrantica.com/perfume/Yves-Saint-Laurent/Cinema-Festival-d-Ete-1290.html,74094,Zara,Candy Festival,0.4262,0.4737,0.2500,0.5000,https://www.fragrantica.com/perfume/Zara/Candy-Festival-74094.html,54294,Desigual,Fresh Festival Woman,0.4262,0.4737,0.2500,0.5000,https://www.fragrantica.com/perfume/Desigual/Fresh-Festival-Woman-54294.html,1289,Yves Saint Laurent,Cinema Festival,0.4187,0.4615,0.2500,0.5000,https://www.fragrantica.com/perfume/Yves-Saint-Laurent/Cinema-Festival-1289.html,46302,Maison Martin Margiela,Music Festival,0.3936,0.4211,0.2500,0.5000,https://www.fragrantica.com/perfume/Maison-Martin-Margiela/Music-Festival-46302.html
381-YAN,FRESH CUT ROSES - YANKEE CANDLES,,55556,WEAK,0.0094,77748,Bath Body Works,Fresh Cut Lilacs,0.4710,0.4500,0.4000,0.6667,https://www.fragrantica.com/perfume/Bath-Body-Works/Fresh-Cut-Lilacs-77748.html,95806,AXE,Skateboard Fresh Roses,0.4616,0.4348,0.4000,0.6667,https://www.fragrantica.com/perfume/AXE/Skateboard-Fresh-Roses-95806.html,32393,Moschino,Fresh Couture,0.4473,0.5263,0.2000,0.5000,https://www.fragrantica.com/perfume/Moschino/Fresh-Couture-32393.html,40169,Avon,Roses Roses,0.4371,0.3889,0.2000,1.0000,https://www.fragrantica.com/perfume/Avon/Roses-Roses-40169.html,63107,Victoria s Secret,Fresh Clean,0.4310,0.5000,0.2000,0.5000,https://www.fragrantica.com/perfume/Victoria-s-Secret/Fresh-Clean-63107.html,95223,Victoria s Secret,Fresh Clean,0.4310,0.5000,0.2000,0.5000,https://www.fragrantica.com/perfume/Victoria-s-Secret/Fresh-Clean-95223.html,97695,Bath House,Roses For Keats,0.4310,0.5000,0.2000,0.5000,https://www.fragrantica.com/perfume/Bath-House/Roses-For-Keats-97695.html,126377,Victoria s Secret,Fresh Clean Sun Daze,0.4295,0.5581,0.2000,0.2500,https://www.fragrantica.com/perfume/Victoria-s-Secret/Fresh-Clean-Sun-Daze-126377.html,121774,Victoria s Secret,Fresh Clean Creme,0.4287,0.5366,0.2000,0.3333,https://www.fragrantica.com/perfume/Victoria-s-Secret/Fresh-Clean-Creme-121774.html,43283,Victoria s Secret,Fresh Clean Vacay,0.4287,0.5366,0.2000,0.3333,https://www.fragrantica.com/perfume/Victoria-s-Secret/Fresh-Clean-Vacay-43283.html
382-YAN,POMEGRANATE CIDER - YANKEE CANDLES,,55556,WEAK,0.0000,15601,Demeter Fragrance,Pomegranate,0.5485,0.5500,0.2500,1.0000,https://www.fragrantica.com/perfume/Demeter-Fragrance/Pomegranate-15601.html,90692,Gulf Orchid,Pomegranate,0.5485,0.5500,0.2500,1.0000,https://www.fragrantica.com/perfume/Gulf-Orchid/Pomegranate-90692.html,87734,Arabian Wind,Pomegranate,0.5485,0.5500,0.2500,1.0000,https://www.fragrantica.com/perfume/Arabian-Wind/Pomegranate-87734.html,112655,Archipelago,Pomegranate,0.5485,0.5500,0.2500,1.0000,https://www.fragrantica.com/perfume/Archipelago/Pomegranate-112655.html,49901,Blue Scents,Pomegranate,0.5485,0.5500,0.2500,1.0000,https://www.fragrantica.com/perfume/Blue-Scents/Pomegranate-49901.html,62050,Blue Scents,Pomegranate Violet,0.5099,0.6087,0.2500,0.5000,https://www.fragrantica.com/perfume/Blue-Scents/Pomegranate-Violet-62050.html,5581,Jo Malone London,Pomegranate Noir,0.4989,0.5909,0.2500,0.5000,https://www.fragrantica.com/perfume/Jo-Malone-London/Pomegranate-Noir-5581.html,7484,Marc Jacobs,Pomegranate Splash,0.4829,0.5652,0.2500,0.5000,https://www.fragrantica.com/perfume/Marc-Jacobs/Pomegranate-Splash-7484.html,113857,Ard Al Zaafaran,Pomegranate Musk,0.4707,0.5455,0.2500,0.5000,https://www.fragrantica.com/perfume/Ard-Al-Zaafaran/Pomegranate-Musk-113857.html,105415,Dark Tales,Floating Candles,0.4707,0.5455,0.2500,0.5000,https://www.fragrantica.com/perfume/Dark-Tales/Floating-Candles-105415.html
383-YAN,WEDDING DAY - YANKEE,,55556,REVIEW,0.1392,132743,Body Fantasies,Wedding Day Fantasy,0.7042,0.7273,0.6667,0.6667,https://www.fragrantica.com/perfume/Body-Fantasies/Wedding-Day-Fantasy-132743.html,5056,Daddy Yankee,Daddy Yankee,0.5650,0.6667,0.3333,0.5000,https://www.fragrantica.com/perfume/Daddy-Yankee/Daddy-Yankee-5056.html,49711,Aqaba,The Wedding Black,0.5502,0.6429,0.3333,0.5000,https://www.fragrantica.com/perfume/Aqaba/The-Wedding-Black-49711.html,49712,Aqaba,The Wedding Red,0.5332,0.6154,0.3333,0.5000,https://www.fragrantica.com/perfume/Aqaba/The-Wedding-Red-49712.html,49710,Aqaba,The Wedding White,0.5060,0.5714,0.3333,0.5000,https://www.fragrantica.com/perfume/Aqaba/The-Wedding-White-49710.html,73109,Kismet Olfactive,Wedding in Oaxaca,0.4867,0.5806,0.3333,0.3333,https://www.fragrantica.com/perfume/Kismet-Olfactive/Wedding-in-Oaxaca-73109.html,105140,Anomalous Parfum,The Red Wedding,0.4855,0.5385,0.3333,0.5000,https://www.fragrantica.com/perfume/Anomalous-Parfum/The-Red-Wedding-105140.html,18427,Anglia Perfumery,Wedding Bouquet,0.4823,0.5333,0.3333,0.5000,https://www.fragrantica.com/perfume/Anglia-Perfumery/Wedding-Bouquet-18427.html,8413,DSH Perfumes,Wedding Bouquet,0.4823,0.5333,0.3333,0.5000,https://www.fragrantica.com/perfume/DSH-Perfumes/Wedding-Bouquet-8413.html,118509,Champagne,Wedding In Monaco,0.4467,0.5161,0.3333,0.3333,https://www.fragrantica.com/perfume/Champagne/Wedding-In-Monaco-118509.html
387-,CIGAR,,55556,REVIEW,0.0689,94996,Alexandria Fragrances,Hafez s Cigar,0.7183,0.6667,1.0000,0.5000,https://www.fragrantica.com/perfume/Alexandria-Fragrances/Hafez-s-Cigar-94996.html,83332,ABD Malik,Cigar Bergamot,0.6494,0.5556,1.0000,0.5000,https://www.fragrantica.com/perfume/ABD-Malik/Cigar-Bergamot-83332.html,126769,Badr Harqan,Red Wine Cigar,0.6447,0.5882,1.0000,0.3333,https://www.fragrantica.com/perfume/Badr-Harqan/Red-Wine-Cigar-126769.html,56890,O Boticario,Caviar,0.4509,0.7273,0.0000,0.0000,https://www.fragrantica.com/perfume/O-Boticario/Caviar-56890.html,72908,Alurent,Caviar,0.4509,0.7273,0.0000,0.0000,https://www.fragrantica.com/perfume/Alurent/Caviar-72908.html,37538,Coqui Coqui,Citger,0.4509,0.7273,0.0000,0.0000,https://www.fragrantica.com/perfume/Coqui-Coqui/Citger-37538.html,118989,Corvian Parfums,Caviar,0.4509,0.7273,0.0000,0.0000,https://www.fragrantica.com/perfume/Corvian-Parfums/Caviar-118989.html,83381,Dzintars,Figaro,0.4509,0.7273,0.0000,0.0000,https://www.fragrantica.com/perfume/Dzintars/Figaro-83381.html,17350,L Artisan Parfumeur,Caligna,0.4133,0.6667,0.0000,0.0000,https://www.fragrantica.com/perfume/L-Artisan-Parfumeur/Caligna-17350.html,34155,O Boticario,Zingara,0.4133,0.6667,0.0000,0.0000,https://www.fragrantica.com/perfume/O-Boticario/Zingara-34155.html
410-BOD,BLACK MUSK,,55556,REVIEW,0.0000,100181,Al Haramain Perfumes,Black Musk,1.0000,1.0000,1.0000,1.0000,https://www.fragrantica.com/perfume/Al-Haramain-Perfumes/Black-Musk-100181.html,12298,Montale,Black Musk,1.0000,1.0000,1.0000,1.0000,https://www.fragrantica.com/perfume/Montale/Black-Musk-12298.html,102041,Delroba,Black Musk,1.0000,1.0000,1.0000,1.0000,https://www.fragrantica.com/perfume/Delroba/Black-Musk-102041.html,99220,Abdul Samad Al Qurashi,Black Deer Musk,0.8373,0.8182,1.0000,0.6667,https://www.fragrantica.com/perfume/Abdul-Samad-Al-Qurashi/Black-Deer-Musk-99220.html,135317,Bruno Acampora,Black Musc,0.7411,0.8889,0.5000,0.5000,https://www.fragrantica.com/perfume/Bruno-Acampora/Black-Musc-135317.html,126384,AMD Perfumes,Musk Black,0.7244,0.5556,1.0000,1.0000,https://www.fragrantica.com/perfume/AMD-Perfumes/Musk-Black-126384.html,22356,Alexandre J,Black Muscs,0.7121,0.8421,0.5000,0.5000,https://www.fragrantica.com/perfume/Alexandre-J/Black-Muscs-22356.html,67086,Al Haramain Perfumes,Black,0.7079,0.7143,0.5000,1.0000,https://www.fragrantica.com/perfume/Al-Haramain-Perfumes/Black-67086.html,98715,Armaf,Black,0.7079,0.7143,0.5000,1.0000,https://www.fragrantica.com/perfume/Armaf/Black-98715.html,154,Bvlgari,Black,0.7079,0.7143,0.5000,1.0000,https://www.fragrantica.com/perfume/Bvlgari/Black-154.html
411-BOD,WHITE MUSK,,55556,REVIEW,0.0000,20150,Al Rehab,White Musk,1.0000,1.0000,1.0000,1.0000,https://www.fragrantica.com/perfume/Al-Rehab/White-Musk-20150.html,3770,Montale,White Musk,1.0000,1.0000,1.0000,1.0000,https://www.fragrantica.com/perfume/Montale/White-Musk-3770.html,101008,Rasasi,White Musk,1.0000,1.0000,1.0000,1.0000,https://www.fragrantica.com/perfume/Rasasi/White-Musk-101008.html,63952,Swiss Arabian,White Musk,1.0000,1.0000,1.0000,1.0000,https://www.fragrantica.com/perfume/Swiss-Arabian/White-Musk-63952.html,5783,Alyssa Ashley,White Musk,1.0000,1.0000,1.0000,1.0000,https://www.fragrantica.com/perfume/Alyssa-Ashley/White-Musk-5783.html,72560,Alyssa Ashley,White Musk Eau de Parfum,1.0000,1.0000,1.0000,1.0000,https://www.fragrantica.com/perfume/Alyssa-Ashley/White-Musk-Eau-de-Parfum-72560.html,21668,Arabian Oud,White Musk,1.0000,1.0000,1.0000,1.0000,https://www.fragrantica.com/perfume/Arabian-Oud/White-Musk-21668.html,134656,Atelier Segall Barutti,White Musk,1.0000,1.0000,1.0000,1.0000,https://www.fragrantica.com/perfume/Atelier-Segall-Barutti/White-Musk-134656.html,130206,biblioteka aromatov,White Musk,1.0000,1.0000,1.0000,1.0000,https://www.fragrantica.com/perfume/biblioteka-aromatov/White-Musk-130206.html,119573,Cerchi Nell Acqua,White Musk,1.0000,1.0000,1.0000,1.0000,https://www.fragrantica.com/perfume/Cerchi-Nell-Acqua/White-Musk-119573.html
564-DOL,SEXY CHOCLATE,dolce gabbana,157,WEAK,0.0543,31355,Dolce Gabbana,Velvet Exotic Leather,0.3200,0.5161,0.0000,0.0000,https://www.fragrantica.com/perfume/Dolce-Gabbana/Velvet-Exotic-Leather-31355.html,32612,Dolce Gabbana,Dolce Rosa Excelsa,0.2657,0.4286,0.0000,0.0000,https://www.fragrantica.com/perfume/Dolce-Gabbana/Dolce-Rosa-Excelsa-32612.html,6461,Dolce Gabbana,Rose The One,0.2611,0.4211,0.0000,0.0000,https://www.fragrantica.com/perfume/Dolce-Gabbana/Rose-The-One-6461.html,13498,Dolce Gabbana,The One Lace Edition,0.2611,0.4211,0.0000,0.0000,https://www.fragrantica.com/perfume/Dolce-Gabbana/The-One-Lace-Edition-13498.html,27419,Dolce Gabbana,The One Collector For Men,0.2583,0.4167,0.0000,0.0000,https://www.fragrantica.com/perfume/Dolce-Gabbana/The-One-Collector-For-Men-27419.html,27418,Dolce Gabbana,The One Collector For Women,0.2583,0.4167,0.0000,0.0000,https://www.fragrantica.com/perfume/Dolce-Gabbana/The-One-Collector-For-Women-27418.html,6085,Dolce Gabbana,D G Anthology Le Bateleur 1,0.2400,0.3871,0.0000,0.0000,https://www.fragrantica.com/perfume/Dolce-Gabbana/D-G-Anthology-Le-Bateleur-1-6085.html,126491,Dolce Gabbana,Dolce Alcohol Free Perfume Gel,0.2400,0.3871,0.0000,0.0000,https://www.fragrantica.com/perfume/Dolce-Gabbana/Dolce-Alcohol-Free-Perfume-Gel-126491.html,6086,Dolce Gabbana,D G Anthology L Imperatrice 3,0.2325,0.3750,0.0000,0.0000,https://www.fragrantica.com/perfume/Dolce-Gabbana/D-G-Anthology-L-Imperatrice-3-6086.html,13744,Dolce Gabbana,Velvet Patchouli,0.2296,0.3704,0.0000,0.0000,https://www.fragrantica.com/perfume/Dolce-Gabbana/Velvet-Patchouli-13744.html
570-DOL,(RED CUP),dolce gabbana,157,WEAK,0.0159,59229,Dolce Gabbana,Orange,0.2067,0.3333,0.0000,0.0000,https://www.fragrantica.com/perfume/Dolce-Gabbana/Orange-59229.html,6461,Dolce Gabbana,Rose The One,0.1908,0.3077,0.0000,0.0000,https://www.fragrantica.com/perfume/Dolce-Gabbana/Rose-The-One-6461.html,69001,Dolce Gabbana,The One Gold,0.1908,0.3077,0.0000,0.0000,https://www.fragrantica.com/perfume/Dolce-Gabbana/The-One-Gold-69001.html,69000,Dolce Gabbana,The One Gold For Men,0.1908,0.3077,0.0000,0.0000,https://www.fragrantica.com/perfume/Dolce-Gabbana/The-One-Gold-For-Men-69000.html,22107,Dolce Gabbana,The One Gold Limited Edition,0.1908,0.3077,0.0000,0.0000,https://www.fragrantica.com/perfume/Dolce-Gabbana/The-One-Gold-Limited-Edition-22107.html,50611,Dolce Gabbana,The One Grey,0.1908,0.3077,0.0000,0.0000,https://www.fragrantica.com/perfume/Dolce-Gabbana/The-One-Grey-50611.html,13498,Dolce Gabbana,The One Lace Edition,0.1908,0.3077,0.0000,0.0000,https://www.fragrantica.com/perfume/Dolce-Gabbana/The-One-Lace-Edition-13498.html,13744,Dolce Gabbana,Velvet Patchouli,0.1771,0.2857,0.0000,0.0000,https://www.fragrantica.com/perfume/Dolce-Gabbana/Velvet-Patchouli-13744.html,29524,Dolce Gabbana,Dolce Floral Drops,0.1691,0.2727,0.0000,0.0000,https://www.fragrantica.com/perfume/Dolce-Gabbana/Dolce-Floral-Drops-29524.html,32612,Dolce Gabbana,Dolce Rosa Excelsa,0.1691,0.2727,0.0000,0.0000,https://www.fragrantica.com/perfume/Dolce-Gabbana/Dolce-Rosa-Excelsa-32612.html
589-ELI,Girl of Now,,55556,WEAK,0.0000,32559,Alyssa Ashley,B Girl,0.6082,0.6154,0.3333,1.0000,https://www.fragrantica.com/perfume/Alyssa-Ashley/B-Girl-32559.html,32611,Clayeux,Girl,0.6082,0.6154,0.3333,1.0000,https://www.fragrantica.com/perfume/Clayeux/Girl-32611.html,34911,Derbe,Girl Profumo,0.5857,0.7000,0.3333,0.5000,https://www.fragrantica.com/perfume/Derbe/Girl-Profumo-34911.html,106345,Lancome,Off Now,0.5650,0.6667,0.3333,0.5000,https://www.fragrantica.com/perfume/Lancome/Off-Now-106345.html,101190,Don Algodon,Girl Power,0.5650,0.6667,0.3333,0.5000,https://www.fragrantica.com/perfume/Don-Algodon/Girl-Power-101190.html,86993,ALT Fragrances,Girl Gone Wild,0.5400,0.6667,0.3333,0.3333,https://www.fragrantica.com/perfume/ALT-Fragrances/Girl-Gone-Wild-86993.html,58823,Hugo Boss,Hugo Now,0.5392,0.6250,0.3333,0.5000,https://www.fragrantica.com/perfume/Hugo-Boss/Hugo-Now-58823.html,133042,AEQUILL,Now,0.5367,0.5000,0.3333,1.0000,https://www.fragrantica.com/perfume/AEQUILL/Now-133042.html,81792,Lancome,Idole Now,0.5164,0.5882,0.3333,0.5000,https://www.fragrantica.com/perfume/Lancome/Idole-Now-81792.html,958,Azzaro,Azzaro Now Men,0.4961,0.5556,0.3333,0.5000,https://www.fragrantica.com/perfume/Azzaro/Azzaro-Now-Men-958.html
595-EMIL,EMILIO PUCCI,,55556,WEAK,0.0359,87941,Adriano Domianni,Milioni,0.4133,0.6667,0.0000,0.0000,https://www.fragrantica.com/perfume/Adriano-Domianni/Milioni-87941.html,48903,Rabanne,1 Million Lucky,0.3774,0.6087,0.0000,0.0000,https://www.fragrantica.com/perfume/Rabanne/1-Million-Lucky-48903.html,37698,Rabanne,1 Million Prive,0.3774,0.6087,0.0000,0.0000,https://www.fragrantica.com/perfume/Rabanne/1-Million-Prive-37698.html,24293,Cerchi Nell Acqua,Emilie,0.3647,0.5882,0.0000,0.0000,https://www.fragrantica.com/perfume/Cerchi-Nell-Acqua/Emilie-24293.html,7610,Gucci,Flora by Gucci Eau de Parfum,0.3543,0.5714,0.0000,0.0000,https://www.fragrantica.com/perfume/Gucci/Flora-by-Gucci-Eau-de-Parfum-7610.html,5226,Gucci,Flora by Gucci Eau de Toilette,0.3543,0.5714,0.0000,0.0000,https://www.fragrantica.com/perfume/Gucci/Flora-by-Gucci-Eau-de-Toilette-5226.html,94044,Aurora Scents,Gemini Noir,0.3543,0.5714,0.0000,0.0000,https://www.fragrantica.com/perfume/Aurora-Scents/Gemini-Noir-94044.html,19952,Al Haramain Perfumes,Million,0.3444,0.5556,0.0000,0.0000,https://www.fragrantica.com/perfume/Al-Haramain-Perfumes/Million-19952.html,31233,Jimmy Choo,Illicit,0.3444,0.5556,0.0000,0.0000,https://www.fragrantica.com/perfume/Jimmy-Choo/Illicit-31233.html,3747,Rabanne,1 Million,0.3444,0.5556,0.0000,0.0000,https://www.fragrantica.com/perfume/Rabanne/1-Million-3747.html
598-ESC,CELEBRATE NOW - ESCADA,,55556,WEAK,0.0000,29171,Lush,Celebrate,0.6400,0.6667,0.3333,1.0000,https://www.fragrantica.com/perfume/Lush/Celebrate-29171.html,65417,Lush,Celebrate,0.6400,0.6667,0.3333,1.0000,https://www.fragrantica.com/perfume/Lush/Celebrate-65417.html,25460,Coty,Celebrate,0.6400,0.6667,0.3333,1.0000,https://www.fragrantica.com/perfume/Coty/Celebrate-25460.html,109341,We Pink,Celebrate Relics,0.5650,0.6667,0.3333,0.5000,https://www.fragrantica.com/perfume/We-Pink/Celebrate-Relics-109341.html,117125,We Pink,Celebrate Sunset,0.5650,0.6667,0.3333,0.5000,https://www.fragrantica.com/perfume/We-Pink/Celebrate-Sunset-117125.html,88754,We Pink,Celebrate Life,0.5517,0.6452,0.3333,0.5000,https://www.fragrantica.com/perfume/We-Pink/Celebrate-Life-88754.html,99480,We Pink,Celebrate Luck,0.5517,0.6452,0.3333,0.5000,https://www.fragrantica.com/perfume/We-Pink/Celebrate-Luck-99480.html,79238,Douglas,Celebrate Life,0.5517,0.6452,0.3333,0.5000,https://www.fragrantica.com/perfume/Douglas/Celebrate-Life-79238.html,101753,We Pink,Celebrate Happy,0.5392,0.6250,0.3333,0.5000,https://www.fragrantica.com/perfume/We-Pink/Celebrate-Happy-101753.html,135193,We Pink,Hair Mist Celebrate Life,0.4321,0.5128,0.3333,0.2500,https://www.fragrantica.com/perfume/We-Pink/Hair-Mist-Celebrate-Life-135193.html
601-ESC,Flor-del-sol,,55556,WEAK,0.0336,36755,A Wing A Prayer Perfumes,La Isla del Sol,0.6229,0.6364,0.6667,0.5000,https://www.fragrantica.com/perfume/A-Wing-A-Prayer-Perfumes/La-Isla-del-Sol-36755.html,54718,Natura,Flor de Lis,0.5893,0.7059,0.3333,0.5000,https://www.fragrantica.com/perfume/Natura/Flor-de-Lis-54718.html,1921,Agatha Ruiz de la Prada,Flor,0.5810,0.5714,0.3333,1.0000,https://www.fragrantica.com/perfume/Agatha-Ruiz-de-la-Prada/Flor-1921.html,93107,Xerjoff,Levar del Sole,0.5776,0.7273,0.3333,0.3333,https://www.fragrantica.com/perfume/Xerjoff/Levar-del-Sole-93107.html,75537,ArteOlfatto,Calar del Sole,0.5776,0.7273,0.3333,0.3333,https://www.fragrantica.com/perfume/ArteOlfatto/Calar-del-Sole-75537.html,38286,Natura,Flor do Luar,0.5607,0.7000,0.3333,0.3333,https://www.fragrantica.com/perfume/Natura/Flor-do-Luar-38286.html,71523,Natura,Flor de Lotus,0.5432,0.6316,0.3333,0.5000,https://www.fragrantica.com/perfume/Natura/Flor-de-Lotus-71523.html,91307,AINEA Perfums,Flor de Te,0.5392,0.6250,0.3333,0.5000,https://www.fragrantica.com/perfume/AINEA-Perfums/Flor-de-Te-91307.html,91308,AINEA Perfums,Flor de Te,0.5392,0.6250,0.3333,0.5000,https://www.fragrantica.com/perfume/AINEA-Perfums/Flor-de-Te-91308.html,71522,Natura,Flor de Fresia,0.5237,0.6000,0.3333,0.5000,https://www.fragrantica.com/perfume/Natura/Flor-de-Fresia-71522.html
605-ESC,Miami Blossom,,55556,REVIEW,0.0000,130007,Atenai London,Blossom,0.7218,0.7368,0.5000,1.0000,https://www.fragrantica.com/perfume/Atenai-London/Blossom-130007.html,25032,Botanique,Blossom,0.7218,0.7368,0.5000,1.0000,https://www.fragrantica.com/perfume/Botanique/Blossom-25032.html,20398,Avon,Imari Blossom,0.7067,0.8333,0.5000,0.5000,https://www.fragrantica.com/perfume/Avon/Imari-Blossom-20398.html,125731,Dorall Collection,Miss Blossom,0.6752,0.7826,0.5000,0.5000,https://www.fragrantica.com/perfume/Dorall-Collection/Miss-Blossom-125731.html,39662,Lancome,Miracle Blossom,0.6669,0.7692,0.5000,0.5000,https://www.fragrantica.com/perfume/Lancome/Miracle-Blossom-39662.html,121057,Charme de Vie,Diamond Blossom,0.6669,0.7692,0.5000,0.5000,https://www.fragrantica.com/perfume/Charme-de-Vie/Diamond-Blossom-121057.html,37551,Jo Malone London,Nashi Blossom,0.6550,0.7500,0.5000,0.5000,https://www.fragrantica.com/perfume/Jo-Malone-London/Nashi-Blossom-37551.html,66482,Jo Malone London,Nashi Blossom,0.6550,0.7500,0.5000,0.5000,https://www.fragrantica.com/perfume/Jo-Malone-London/Nashi-Blossom-66482.html,3528,Bath Body Works,Magnolia Blossom,0.6493,0.7407,0.5000,0.5000,https://www.fragrantica.com/perfume/Bath-Body-Works/Magnolia-Blossom-3528.html,89029,Maison Alhambra,Olivia Blossom,0.6364,0.7200,0.5000,0.5000,https://www.fragrantica.com/perfume/Maison-Alhambra/Olivia-Blossom-89029.html
606-ESC,MARGARETHA LEY (CLASSIC) - ESCADA,,55556,WEAK,0.0162,24277,Claus Porto,Musgo Real Classic Scent,0.4907,0.6383,0.2500,0.2500,https://www.fragrantica.com/perfume/Claus-Porto/Musgo-Real-Classic-Scent-24277.html,63370,Abelha Rainha,Madeira do Oriente Classic,0.4746,0.6122,0.2500,0.2500,https://www.fragrantica.com/perfume/Abelha-Rainha/Madeira-do-Oriente-Classic-63370.html,61374,Al Haramain Perfumes,Classic,0.4705,0.4242,0.2500,1.0000,https://www.fragrantica.com/perfume/Al-Haramain-Perfumes/Classic-61374.html,20062,Al Rehab,Classic,0.4705,0.4242,0.2500,1.0000,https://www.fragrantica.com/perfume/Al-Rehab/Classic-20062.html,21919,Bath Body Works,Classic for Men,0.4705,0.4242,0.2500,1.0000,https://www.fragrantica.com/perfume/Bath-Body-Works/Classic-for-Men-21919.html,34010,O Boticario,Classic,0.4705,0.4242,0.2500,1.0000,https://www.fragrantica.com/perfume/O-Boticario/Classic-34010.html,85937,The Dua Brand,Classic,0.4705,0.4242,0.2500,1.0000,https://www.fragrantica.com/perfume/The-Dua-Brand/Classic-85937.html,3511,Abercrombie Fitch,Classic,0.4705,0.4242,0.2500,1.0000,https://www.fragrantica.com/perfume/Abercrombie-Fitch/Classic-3511.html,19594,Air Val International,B H P C Classic for Men,0.4705,0.4242,0.2500,1.0000,https://www.fragrantica.com/perfume/Air-Val-International/B-H-P-C-Classic-for-Men-19594.html,19595,Air Val International,B H P C Classic for Women,0.4705,0.4242,0.2500,1.0000,https://www.fragrantica.com/perfume/Air-Val-International/B-H-P-C-Classic-for-Women-19595.html
608-ESC,Moon Sparkle,,55556,WEAK,0.0059,115408,Louis Vuitton,Moon Tale,0.6468,0.7368,0.5000,0.5000,https://www.fragrantica.com/perfume/Louis-Vuitton/Moon-Tale-115408.html,121642,Amaran,Masa Sparkle,0.6409,0.7273,0.5000,0.5000,https://www.fragrantica.com/perfume/Amaran/Masa-Sparkle-121642.html,87855,Akbari,Moon Party,0.6240,0.7000,0.5000,0.5000,https://www.fragrantica.com/perfume/Akbari/Moon-Party-87855.html,7118,Memo Paris,Moon Safari,0.6033,0.6667,0.5000,0.5000,https://www.fragrantica.com/perfume/Memo-Paris/Moon-Safari-7118.html,135708,biblioteka aromatov,Sianie Sparkle,0.6033,0.6667,0.5000,0.5000,https://www.fragrantica.com/perfume/biblioteka-aromatov/Sianie-Sparkle-135708.html,66490,Brocard,Sea Sparkle,0.6033,0.6667,0.5000,0.5000,https://www.fragrantica.com/perfume/Brocard/Sea-Sparkle-66490.html,56095,Frederic Malle,The Moon,0.5957,0.5333,0.5000,1.0000,https://www.fragrantica.com/perfume/Frederic-Malle/The-Moon-56095.html,83765,Alchemist Perfumery,The Moon,0.5957,0.5333,0.5000,1.0000,https://www.fragrantica.com/perfume/Alchemist-Perfumery/The-Moon-83765.html,88889,Camille Rochelle,Moon Pour Femme,0.5957,0.5333,0.5000,1.0000,https://www.fragrantica.com/perfume/Camille-Rochelle/Moon-Pour-Femme-88889.html,123486,Castanez Parfums,Moon,0.5957,0.5333,0.5000,1.0000,https://www.fragrantica.com/perfume/Castanez-Parfums/Moon-123486.html
612-ESC,TURQUOISE - ESCADA,,55556,REVIEW,0.0000,113128,Altearah Bio,Turquoise,0.7300,0.7500,0.5000,1.0000,https://www.fragrantica.com/perfume/Altearah-Bio/Turquoise-113128.html,80613,Atyab Al Marshoud,Turquoise,0.7300,0.7500,0.5000,1.0000,https://www.fragrantica.com/perfume/Atyab-Al-Marshoud/Turquoise-80613.html,122557,Batlah,Turquoise,0.7300,0.7500,0.5000,1.0000,https://www.fragrantica.com/perfume/Batlah/Turquoise-122557.html,124333,Cunzite,Turquoise,0.7300,0.7500,0.5000,1.0000,https://www.fragrantica.com/perfume/Cunzite/Turquoise-124333.html,60276,Calgon,Turquoise Seas,0.6771,0.7857,0.5000,0.5000,https://www.fragrantica.com/perfume/Calgon/Turquoise-Seas-60276.html,45288,Victoria s Secret,Turquoise Waves,0.6603,0.7586,0.5000,0.5000,https://www.fragrantica.com/perfume/Victoria-s-Secret/Turquoise-Waves-45288.html,54180,Alkemia Perfumes,Turquoise Trail,0.6176,0.6897,0.5000,0.5000,https://www.fragrantica.com/perfume/Alkemia-Perfumes/Turquoise-Trail-54180.html,103333,PARIS CORNER,Voux Turquoise,0.5886,0.6429,0.5000,0.5000,https://www.fragrantica.com/perfume/PARIS-CORNER/Voux-Turquoise-103333.html,1624,Ralph Lauren,Pure Turquoise,0.5886,0.6429,0.5000,0.5000,https://www.fragrantica.com/perfume/Ralph-Lauren/Pure-Turquoise-1624.html,101198,Riiffs Perfumes,Ajwaa Turquoise,0.5748,0.6207,0.5000,0.5000,https://www.fragrantica.com/perfume/Riiffs-Perfumes/Ajwaa-Turquoise-101198.html
639-FEN,FENDI Woman,,55556,WEAK,0.0000,57399,Bond No 9,FiDi,0.4133,0.6667,0.0000,0.0000,https://www.fragrantica.com/perfume/Bond-No-9/FiDi-57399.html,731,Moschino,Friends Men,0.4133,0.6667,0.0000,0.0000,https://www.fragrantica.com/perfume/Moschino/Friends-Men-731.html,35448,Class,Edis,0.4133,0.6667,0.0000,0.0000,https://www.fragrantica.com/perfume/Class/Edis-35448.html,54217,Dolce Fiore,Fenicio,0.4133,0.6667,0.0000,0.0000,https://www.fragrantica.com/perfume/Dolce-Fiore/Fenicio-54217.html,18613,DSH Perfumes,Keni,0.4133,0.6667,0.0000,0.0000,https://www.fragrantica.com/perfume/DSH-Perfumes/Keni-18613.html,135343,AYMA,Florae Mundi,0.3875,0.6250,0.0000,0.0000,https://www.fragrantica.com/perfume/AYMA/Florae-Mundi-135343.html,33620,Bvlgari,Splendia,0.3815,0.6154,0.0000,0.0000,https://www.fragrantica.com/perfume/Bvlgari/Splendia-33620.html,487,Dolce Gabbana,D G Feminine,0.3815,0.6154,0.0000,0.0000,https://www.fragrantica.com/perfume/Dolce-Gabbana/D-G-Feminine-487.html,104877,Fragrance World,Feminity,0.3815,0.6154,0.0000,0.0000,https://www.fragrantica.com/perfume/Fragrance-World/Feminity-104877.html,61755,Mancera,Feminity,0.3815,0.6154,0.0000,0.0000,https://www.fragrantica.com/perfume/Mancera/Feminity-61755.html
640-FEN,L'ACQUA ROSSA - FENDI,,55556,WEAK,0.0000,91786,Apiarium,Acqua Sale,0.5650,0.6667,0.3333,0.5000,https://www.fragrantica.com/perfume/Apiarium/Acqua-Sale-91786.html,97884,Bottega Veneta,Acqua Sale,0.5650,0.6667,0.3333,0.5000,https://www.fragrantica.com/perfume/Bottega-Veneta/Acqua-Sale-97884.html,105396,Bianco Profumo,Acqua Gardenia,0.5502,0.6429,0.3333,0.5000,https://www.fragrantica.com/perfume/Bianco-Profumo/Acqua-Gardenia-105396.html,19270,O Boticario,Acqua Sensation For Men,0.5365,0.6207,0.3333,0.5000,https://www.fragrantica.com/perfume/O-Boticario/Acqua-Sensation-For-Men-19270.html,7292,O Boticario,Acqua Fresca,0.5332,0.6154,0.3333,0.5000,https://www.fragrantica.com/perfume/O-Boticario/Acqua-Fresca-7292.html,50623,Clean,Acqua Neroli,0.5332,0.6154,0.3333,0.5000,https://www.fragrantica.com/perfume/Clean/Acqua-Neroli-50623.html,127722,Borsari,Acqua di Rosa Thea,0.5275,0.6667,0.3333,0.2500,https://www.fragrantica.com/perfume/Borsari/Acqua-di-Rosa-Thea-127722.html,6272,Creed,Acqua Fiorentina,0.5237,0.6000,0.3333,0.5000,https://www.fragrantica.com/perfume/Creed/Acqua-Fiorentina-6272.html,56133,Acqua di Firenze,Acqua Fiorentina,0.5237,0.6000,0.3333,0.5000,https://www.fragrantica.com/perfume/Acqua-di-Firenze/Acqua-Fiorentina-56133.html,19240,O Boticario,Acqua Cheiros,0.5191,0.5926,0.3333,0.5000,https://www.fragrantica.com/perfume/O-Boticario/Acqua-Cheiros-19240.html
673-GRS,CABOTIN,,55556,WEAK,0.0000,139885,aaa unbranded,N 5 Carbon,0.4769,0.7692,0.0000,0.0000,https://www.fragrantica.com/perfume/aaa-unbranded/N-5-Carbon-139885.html,76851,Aaron Terence Hughes,Carbon,0.4769,0.7692,0.0000,0.0000,https://www.fragrantica.com/perfume/Aaron-Terence-Hughes/Carbon-76851.html,14043,Ajmal,Carbon,0.4769,0.7692,0.0000,0.0000,https://www.fragrantica.com/perfume/Ajmal/Carbon-14043.html,120930,by Calone,Botein,0.4769,0.7692,0.0000,0.0000,https://www.fragrantica.com/perfume/by-Calone/Botein-120930.html,34625,O Boticario,Boti,0.4509,0.7273,0.0000,0.0000,https://www.fragrantica.com/perfume/O-Boticario/Boti-34625.html,34626,O Boticario,Boti,0.4509,0.7273,0.0000,0.0000,https://www.fragrantica.com/perfume/O-Boticario/Boti-34626.html,25830,Lattafa Perfumes,Captain,0.4429,0.7143,0.0000,0.0000,https://www.fragrantica.com/perfume/Lattafa-Perfumes/Captain-25830.html,66759,Anna Borisova Parfum,Cabinet,0.4429,0.7143,0.0000,0.0000,https://www.fragrantica.com/perfume/Anna-Borisova-Parfum/Cabinet-66759.html,119482,Ard al Teeb,Captain,0.4429,0.7143,0.0000,0.0000,https://www.fragrantica.com/perfume/Ard-al-Teeb/Captain-119482.html,96728,Balmain Beauty,Carbone,0.4429,0.7143,0.0000,0.0000,https://www.fragrantica.com/perfume/Balmain-Beauty/Carbone-96728.html
695-GUE,Dare,,55556,REVIEW,0.0000,56305,Victoria s Secret,Dare,1.0000,1.0000,1.0000,1.0000,https://www.fragrantica.com/perfume/Victoria-s-Secret/Dare-56305.html,80492,Brown Girl Jane,Dare,1.0000,1.0000,1.0000,1.0000,https://www.fragrantica.com/perfume/Brown-Girl-Jane/Dare-80492.html,115470,DIEM,Dare You,0.7559,0.7273,1.0000,0.5000,https://www.fragrantica.com/perfume/DIEM/Dare-You-115470.html,86004,The Dua Brand,Dare to Be,0.6933,0.6667,1.0000,0.3333,https://www.fragrantica.com/perfume/The-Dua-Brand/Dare-to-Be-86004.html,32201,Prada,Double Dare,0.6593,0.5714,1.0000,0.5000,https://www.fragrantica.com/perfume/Prada/Double-Dare-32201.html,7202,Adidas,Adidas Dare,0.6593,0.5714,1.0000,0.5000,https://www.fragrantica.com/perfume/Adidas/Adidas-Dare-7202.html,33491,Victoria s Secret,Midnight Dare,0.6150,0.5000,1.0000,0.5000,https://www.fragrantica.com/perfume/Victoria-s-Secret/Midnight-Dare-33491.html,4727,Victoria s Secret,Very Sexy Dare,0.5900,0.5000,1.0000,0.3333,https://www.fragrantica.com/perfume/Victoria-s-Secret/Very-Sexy-Dare-4727.html,41655,Victoria s Secret,Scandalous Dare,0.5806,0.4444,1.0000,0.5000,https://www.fragrantica.com/perfume/Victoria-s-Secret/Scandalous-Dare-41655.html,123886,Victoria s Secret,Scandalous Dare,0.5806,0.4444,1.0000,0.5000,https://www.fragrantica.com/perfume/Victoria-s-Secret/Scandalous-Dare-123886.html
696-GLA,FIDJI,,55556,WEAK,0.0733,26877,Ajmal,011 Royal Fidji,0.6244,0.5556,1.0000,0.3333,https://www.fragrantica.com/perfume/Ajmal/011-Royal-Fidji-26877.html,57399,Bond No 9,FiDi,0.5511,0.8889,0.0000,0.0000,https://www.fragrantica.com/perfume/Bond-No-9/FiDi-57399.html,76876,Atelier Segall Barutti,Fiji,0.5511,0.8889,0.0000,0.0000,https://www.fragrantica.com/perfume/Atelier-Segall-Barutti/Fiji-76876.html,72634,Zara,In Fiji,0.4509,0.7273,0.0000,0.0000,https://www.fragrantica.com/perfume/Zara/In-Fiji-72634.html,88339,Azha Perfumes,Fuji,0.4133,0.6667,0.0000,0.0000,https://www.fragrantica.com/perfume/Azha-Perfumes/Fuji-88339.html,62872,Serge Lutens,Fils de Joie,0.3815,0.6154,0.0000,0.0000,https://www.fragrantica.com/perfume/Serge-Lutens/Fils-de-Joie-62872.html,27666,Armaf,iDiva,0.3720,0.6000,0.0000,0.0000,https://www.fragrantica.com/perfume/Armaf/iDiva-27666.html,27696,Armaf,iDivo,0.3720,0.6000,0.0000,0.0000,https://www.fragrantica.com/perfume/Armaf/iDivo-27696.html,11847,Guerlain,Djedi,0.3720,0.6000,0.0000,0.0000,https://www.fragrantica.com/perfume/Guerlain/Djedi-11847.html,76298,Alanqoudi Parfums,Fiori,0.3720,0.6000,0.0000,0.0000,https://www.fragrantica.com/perfume/Alanqoudi-Parfums/Fiori-76298.html
727-JEN,JLuxe,,55556,WEAK,0.0000,124705,Bujairami,V Luxe,0.5511,0.8889,0.0000,0.0000,https://www.fragrantica.com/perfume/Bujairami/V-Luxe-124705.html,8418,DSH Perfumes,Parfum de Luxe,0.5511,0.8889,0.0000,0.0000,https://www.fragrantica.com/perfume/DSH-Perfumes/Parfum-de-Luxe-8418.html,87870,Brocard,Lux,0.4650,0.7500,0.0000,0.0000,https://www.fragrantica.com/perfume/Brocard/Lux-87870.html,46016,Divona,Lux,0.4650,0.7500,0.0000,0.0000,https://www.fragrantica.com/perfume/Divona/Lux-46016.html,1168,Al Rehab,Deluxe,0.4509,0.7273,0.0000,0.0000,https://www.fragrantica.com/perfume/Al-Rehab/Deluxe-1168.html,109869,Al Rehab,Blue,0.4133,0.6667,0.0000,0.0000,https://www.fragrantica.com/perfume/Al-Rehab/Blue-109869.html,27686,Armaf,Blue Homme,0.4133,0.6667,0.0000,0.0000,https://www.fragrantica.com/perfume/Armaf/Blue-Homme-27686.html,19922,Demeter Fragrance,Glue,0.4133,0.6667,0.0000,0.0000,https://www.fragrantica.com/perfume/Demeter-Fragrance/Glue-19922.html,8630,Rasasi,Blue For Men,0.4133,0.6667,0.0000,0.0000,https://www.fragrantica.com/perfume/Rasasi/Blue-For-Men-8630.html,13099,Adolfo Dominguez,U BLUE Men,0.4133,0.6667,0.0000,0.0000,https://www.fragrantica.com/perfume/Adolfo-Dominguez/U-BLUE-Men-13099.html
728-JES,IN BLACK,,55556,REVIEW,0.1878,11574,Byblos,In Black,1.0000,1.0000,1.0000,1.0000,https://www.fragrantica.com/perfume/Byblos/In-Black-11574.html,5657,Avon,Chic in Black,0.8122,0.7778,1.0000,0.6667,https://www.fragrantica.com/perfume/Avon/Chic-in-Black-5657.html,4261,Creed,Love in Black,0.8122,0.7778,1.0000,0.6667,https://www.fragrantica.com/perfume/Creed/Love-in-Black-4261.html,30410,Bi es,Lady in Black,0.8122,0.7778,1.0000,0.6667,https://www.fragrantica.com/perfume/Bi-es/Lady-in-Black-30410.html,23792,Christine Darvin,Slam in Black,0.8122,0.7778,1.0000,0.6667,https://www.fragrantica.com/perfume/Christine-Darvin/Slam-in-Black-23792.html,23808,Christine Darvin,Slam in Black for men,0.8122,0.7778,1.0000,0.6667,https://www.fragrantica.com/perfume/Christine-Darvin/Slam-in-Black-for-men-23808.html,26968,Christine Lavoisier Parfums,Best Man in Black,0.8122,0.7778,1.0000,0.6667,https://www.fragrantica.com/perfume/Christine-Lavoisier-Parfums/Best-Man-in-Black-26968.html,67086,Al Haramain Perfumes,Black,0.7817,0.8333,0.5000,1.0000,https://www.fragrantica.com/perfume/Al-Haramain-Perfumes/Black-67086.html,98715,Armaf,Black,0.7817,0.8333,0.5000,1.0000,https://www.fragrantica.com/perfume/Armaf/Black-98715.html,154,Bvlgari,Black,0.7817,0.8333,0.5000,1.0000,https://www.fragrantica.com/perfume/Bvlgari/Black-154.html
736-JUI,Couture Couture,,55556,REVIEW,0.0000,729,Moschino,Couture,0.7933,0.6667,1.0000,1.0000,https://www.fragrantica.com/perfume/Moschino/Couture-729.html,4627,Bill Blass,Couture 1,0.7933,0.6667,1.0000,1.0000,https://www.fragrantica.com/perfume/Bill-Blass/Couture-1-4627.html,4628,Bill Blass,Couture 3,0.7933,0.6667,1.0000,1.0000,https://www.fragrantica.com/perfume/Bill-Blass/Couture-3-4628.html,4629,Bill Blass,Couture 6,0.7933,0.6667,1.0000,1.0000,https://www.fragrantica.com/perfume/Bill-Blass/Couture-6-4629.html,4630,Bill Blass,Couture 7,0.7933,0.6667,1.0000,1.0000,https://www.fragrantica.com/perfume/Bill-Blass/Couture-7-4630.html,5360,Bill Blass,Couture 8,0.7933,0.6667,1.0000,1.0000,https://www.fragrantica.com/perfume/Bill-Blass/Couture-8-5360.html,55325,Cher,Eau de Couture,0.7933,0.6667,1.0000,1.0000,https://www.fragrantica.com/perfume/Cher/Eau-de-Couture-55325.html,110732,Dkhoon Emirates,Couture,0.7933,0.6667,1.0000,1.0000,https://www.fragrantica.com/perfume/Dkhoon-Emirates/Couture-110732.html,23572,Versace,Couture Tuberose,0.7753,0.7586,1.0000,0.5000,https://www.fragrantica.com/perfume/Versace/Couture-Tuberose-23572.html,106862,Fragrance World,ALLURE COUTURE,0.7643,0.7407,1.0000,0.5000,https://www.fragrantica.com/perfume/Fragrance-World/ALLURE-COUTURE-106862.html
737-JUI,Malibu,,55556,REVIEW,0.2574,134829,Celui,Eau de Malibu,1.0000,1.0000,1.0000,1.0000,https://www.fragrantica.com/perfume/Celui/Eau-de-Malibu-134829.html,112707,Rasasi,Hawas Malibu,0.7426,0.7059,1.0000,0.5000,https://www.fragrantica.com/perfume/Rasasi/Hawas-Malibu-112707.html,50394,Alexandria Fragrances,Malibu Beach,0.7426,0.7059,1.0000,0.5000,https://www.fragrantica.com/perfume/Alexandria-Fragrances/Malibu-Beach-50394.html,92564,Clean,Malibu Beach,0.7426,0.7059,1.0000,0.5000,https://www.fragrantica.com/perfume/Clean/Malibu-Beach-92564.html,73532,DIME Beauty,Malibu Night,0.7426,0.7059,1.0000,0.5000,https://www.fragrantica.com/perfume/DIME-Beauty/Malibu-Night-73532.html,116160,Bath Body Works,Malibu Heat Mist,0.6520,0.6000,1.0000,0.3333,https://www.fragrantica.com/perfume/Bath-Body-Works/Malibu-Heat-Mist-116160.html,95444,Candie s,Candie s Malibu Crush,0.6035,0.5217,1.0000,0.3333,https://www.fragrantica.com/perfume/Candie-s/Candie-s-Malibu-Crush-95444.html,75669,Agar Aura,Malinau,0.4769,0.7692,0.0000,0.0000,https://www.fragrantica.com/perfume/Agar-Aura/Malinau-75669.html,85017,Adyan by Anfar,Mahib,0.4509,0.7273,0.0000,0.0000,https://www.fragrantica.com/perfume/Adyan-by-Anfar/Mahib-85017.html,131269,ARKET,Album,0.4509,0.7273,0.0000,0.0000,https://www.fragrantica.com/perfume/ARKET/Album-131269.html
738-JUI,VIVA LA JUICY,,55556,WEAK,0.0000,42507,Avon,Viva la Vita,0.6667,0.6667,0.6667,0.6667,https://www.fragrantica.com/perfume/Avon/Viva-la-Vita-42507.html,114073,Avon,Viva La Vita Limited Edition,0.6667,0.6667,0.6667,0.6667,https://www.fragrantica.com/perfume/Avon/Viva-La-Vita-Limited-Edition-114073.html,30418,Bi es,Viva La Vida,0.6667,0.6667,0.6667,0.6667,https://www.fragrantica.com/perfume/Bi-es/Viva-La-Vida-30418.html,114167,Avon,Viva La Vita Body Spray,0.6251,0.6400,0.6667,0.5000,https://www.fragrantica.com/perfume/Avon/Viva-La-Vita-Body-Spray-114167.html,42456,Zara,Ultra Juicy,0.5650,0.6667,0.3333,0.5000,https://www.fragrantica.com/perfume/Zara/Ultra-Juicy-42456.html,92634,Cyzone,Viva,0.5573,0.5333,0.3333,1.0000,https://www.fragrantica.com/perfume/Cyzone/Viva-92634.html,11390,DayNa Decker,Viva,0.5573,0.5333,0.3333,1.0000,https://www.fragrantica.com/perfume/DayNa-Decker/Viva-11390.html,134609,Diana Bolocco,Viva,0.5573,0.5333,0.3333,1.0000,https://www.fragrantica.com/perfume/Diana-Bolocco/Viva-134609.html,50658,Ajmal,Viva Viola,0.5237,0.6000,0.3333,0.5000,https://www.fragrantica.com/perfume/Ajmal/Viva-Viola-50658.html,63305,Charrier Parfums,Viva Paris,0.5237,0.6000,0.3333,0.5000,https://www.fragrantica.com/perfume/Charrier-Parfums/Viva-Paris-63305.html
739-JUI,Viva La Juicy Gold Couture,,55556,WEAK,0.0416,47511,Moschino,Gold Fresh Couture,0.5509,0.5789,0.4000,0.6667,https://www.fragrantica.com/perfume/Moschino/Gold-Fresh-Couture-47511.html,17126,Giorgio Armani,Armani Code Couture Edition,0.5093,0.6667,0.2000,0.3333,https://www.fragrantica.com/perfume/Giorgio-Armani/Armani-Code-Couture-Edition-17126.html,42507,Avon,Viva la Vita,0.5020,0.5000,0.4000,0.6667,https://www.fragrantica.com/perfume/Avon/Viva-la-Vita-42507.html,114073,Avon,Viva La Vita Limited Edition,0.5020,0.5000,0.4000,0.6667,https://www.fragrantica.com/perfume/Avon/Viva-La-Vita-Limited-Edition-114073.html,30418,Bi es,Viva La Vida,0.5020,0.5000,0.4000,0.6667,https://www.fragrantica.com/perfume/Bi-es/Viva-La-Vida-30418.html,729,Moschino,Couture,0.4953,0.4828,0.2000,1.0000,https://www.fragrantica.com/perfume/Moschino/Couture-729.html,4627,Bill Blass,Couture 1,0.4953,0.4828,0.2000,1.0000,https://www.fragrantica.com/perfume/Bill-Blass/Couture-1-4627.html,4628,Bill Blass,Couture 3,0.4953,0.4828,0.2000,1.0000,https://www.fragrantica.com/perfume/Bill-Blass/Couture-3-4628.html,4629,Bill Blass,Couture 6,0.4953,0.4828,0.2000,1.0000,https://www.fragrantica.com/perfume/Bill-Blass/Couture-6-4629.html,4630,Bill Blass,Couture 7,0.4953,0.4828,0.2000,1.0000,https://www.fragrantica.com/perfume/Bill-Blass/Couture-7-4630.html
740-JUI,VIVA LA JUICY LUXE PARFUM - JUICY COUTURE,,55556,WEAK,0.0329,106862,Fragrance World,ALLURE COUTURE,0.4930,0.6000,0.2000,0.5000,https://www.fragrantica.com/perfume/Fragrance-World/ALLURE-COUTURE-106862.html,42507,Avon,Viva la Vita,0.4601,0.4324,0.4000,0.6667,https://www.fragrantica.com/perfume/Avon/Viva-la-Vita-42507.html,114073,Avon,Viva La Vita Limited Edition,0.4601,0.4324,0.4000,0.6667,https://www.fragrantica.com/perfume/Avon/Viva-La-Vita-Limited-Edition-114073.html,729,Moschino,Couture,0.4513,0.4118,0.2000,1.0000,https://www.fragrantica.com/perfume/Moschino/Couture-729.html,4627,Bill Blass,Couture 1,0.4513,0.4118,0.2000,1.0000,https://www.fragrantica.com/perfume/Bill-Blass/Couture-1-4627.html,4628,Bill Blass,Couture 3,0.4513,0.4118,0.2000,1.0000,https://www.fragrantica.com/perfume/Bill-Blass/Couture-3-4628.html,4629,Bill Blass,Couture 6,0.4513,0.4118,0.2000,1.0000,https://www.fragrantica.com/perfume/Bill-Blass/Couture-6-4629.html,4630,Bill Blass,Couture 7,0.4513,0.4118,0.2000,1.0000,https://www.fragrantica.com/perfume/Bill-Blass/Couture-7-4630.html,5360,Bill Blass,Couture 8,0.4513,0.4118,0.2000,1.0000,https://www.fragrantica.com/perfume/Bill-Blass/Couture-8-5360.html,55325,Cher,Eau de Couture,0.4513,0.4118,0.2000,1.0000,https://www.fragrantica.com/perfume/Cher/Eau-de-Couture-55325.html
741-JUI,Viva La Juicy Rosé,,55556,WEAK,0.0000,29083,Maison Francis Kurkdjian,A La Rose,0.6193,0.5714,0.5000,1.0000,https://www.fragrantica.com/perfume/Maison-Francis-Kurkdjian/A-La-Rose-29083.html,55118,Maison Francis Kurkdjian,L eau A la Rose,0.6193,0.5714,0.5000,1.0000,https://www.fragrantica.com/perfume/Maison-Francis-Kurkdjian/L-eau-A-la-Rose-55118.html,61779,Maison Francis Kurkdjian,L Homme A la Rose,0.6193,0.5714,0.5000,1.0000,https://www.fragrantica.com/perfume/Maison-Francis-Kurkdjian/L-Homme-A-la-Rose-61779.html,96717,Zimaya,A La Rose,0.6193,0.5714,0.5000,1.0000,https://www.fragrantica.com/perfume/Zimaya/A-La-Rose-96717.html,49985,Art of Scent Swiss Perfumes,La Rose de G,0.6193,0.5714,0.5000,1.0000,https://www.fragrantica.com/perfume/Art-of-Scent-Swiss-Perfumes/La-Rose-de-G-49985.html,29610,Au Pays de la Fleur d Oranger,La Rose,0.6193,0.5714,0.5000,1.0000,https://www.fragrantica.com/perfume/Au-Pays-de-la-Fleur-d-Oranger/La-Rose-29610.html,104693,Fragrance World,La Nuit Rose,0.6118,0.6400,0.5000,0.6667,https://www.fragrantica.com/perfume/Fragrance-World/La-Nuit-Rose-104693.html,42507,Avon,Viva la Vita,0.5622,0.5600,0.5000,0.6667,https://www.fragrantica.com/perfume/Avon/Viva-la-Vita-42507.html,114073,Avon,Viva La Vita Limited Edition,0.5622,0.5600,0.5000,0.6667,https://www.fragrantica.com/perfume/Avon/Viva-La-Vita-Limited-Edition-114073.html,30418,Bi es,Viva La Vida,0.5622,0.5600,0.5000,0.6667,https://www.fragrantica.com/perfume/Bi-es/Viva-La-Vida-30418.html
742-JUI,VIVA LA JUICY SUCRE - COUTURE,,55556,WEAK,0.0417,106862,Fragrance World,ALLURE COUTURE,0.5343,0.6667,0.2000,0.5000,https://www.fragrantica.com/perfume/Fragrance-World/ALLURE-COUTURE-106862.html,42507,Avon,Viva la Vita,0.4926,0.4848,0.4000,0.6667,https://www.fragrantica.com/perfume/Avon/Viva-la-Vita-42507.html,114073,Avon,Viva La Vita Limited Edition,0.4926,0.4848,0.4000,0.6667,https://www.fragrantica.com/perfume/Avon/Viva-La-Vita-Limited-Edition-114073.html,729,Moschino,Couture,0.4853,0.4667,0.2000,1.0000,https://www.fragrantica.com/perfume/Moschino/Couture-729.html,4627,Bill Blass,Couture 1,0.4853,0.4667,0.2000,1.0000,https://www.fragrantica.com/perfume/Bill-Blass/Couture-1-4627.html,4628,Bill Blass,Couture 3,0.4853,0.4667,0.2000,1.0000,https://www.fragrantica.com/perfume/Bill-Blass/Couture-3-4628.html,4629,Bill Blass,Couture 6,0.4853,0.4667,0.2000,1.0000,https://www.fragrantica.com/perfume/Bill-Blass/Couture-6-4629.html,4630,Bill Blass,Couture 7,0.4853,0.4667,0.2000,1.0000,https://www.fragrantica.com/perfume/Bill-Blass/Couture-7-4630.html,5360,Bill Blass,Couture 8,0.4853,0.4667,0.2000,1.0000,https://www.fragrantica.com/perfume/Bill-Blass/Couture-8-5360.html,55325,Cher,Eau de Couture,0.4853,0.4667,0.2000,1.0000,https://www.fragrantica.com/perfume/Cher/Eau-de-Couture-55325.html
743-JUS,Girlfriend,,55556,WEAK,0.1826,132631,Sorce,Your Girlfriend is a Badass,0.6550,0.6250,1.0000,0.2500,https://www.fragrantica.com/perfume/Sorce/Your-Girlfriend-is-a-Badass-132631.html,77751,Bath Body Works,Ghoul Friend,0.4724,0.7619,0.0000,0.0000,https://www.fragrantica.com/perfume/Bath-Body-Works/Ghoul-Friend-77751.html,95813,Bath Body Works,Ghoul Friend,0.4724,0.7619,0.0000,0.0000,https://www.fragrantica.com/perfume/Bath-Body-Works/Ghoul-Friend-95813.html,731,Moschino,Friends Men,0.4376,0.7059,0.0000,0.0000,https://www.fragrantica.com/perfume/Moschino/Friends-Men-731.html,21324,Abdul Samad Al Qurashi,Ghadir Blend,0.4133,0.6667,0.0000,0.0000,https://www.fragrantica.com/perfume/Abdul-Samad-Al-Qurashi/Ghadir-Blend-21324.html,34500,Avon,Petit Friends,0.3945,0.6364,0.0000,0.0000,https://www.fragrantica.com/perfume/Avon/Petit-Friends-34500.html,102385,Brocard,Whirlwind,0.3916,0.6316,0.0000,0.0000,https://www.fragrantica.com/perfume/Brocard/Whirlwind-102385.html,64134,Avon,Gilded,0.3875,0.6250,0.0000,0.0000,https://www.fragrantica.com/perfume/Avon/Gilded-64134.html,77504,Chris Adams,Gifted Pour Femme,0.3875,0.6250,0.0000,0.0000,https://www.fragrantica.com/perfume/Chris-Adams/Gifted-Pour-Femme-77504.html,81743,Eau de Boujee,Gilded,0.3875,0.6250,0.0000,0.0000,https://www.fragrantica.com/perfume/Eau-de-Boujee/Gilded-81743.html
744-JUS,The Key,,55556,WEAK,0.0338,126270,MAISON ASRAR,Love Key,0.6770,0.6000,1.0000,0.5000,https://www.fragrantica.com/perfume/MAISON-ASRAR/Love-Key-126270.html,28664,Cindy C,Cindy Key,0.6432,0.5455,1.0000,0.5000,https://www.fragrantica.com/perfume/Cindy-C/Cindy-Key-28664.html,28654,Cindy C,Cindy Key,0.6432,0.5455,1.0000,0.5000,https://www.fragrantica.com/perfume/Cindy-C/Cindy-Key-28654.html,103888,Brocard,Encoder Key,0.5912,0.4615,1.0000,0.5000,https://www.fragrantica.com/perfume/Brocard/Encoder-Key-103888.html,49261,Alexandria Fragrances,Key of Life,0.5900,0.5000,1.0000,0.3333,https://www.fragrantica.com/perfume/Alexandria-Fragrances/Key-of-Life-49261.html,20486,Dzintars,Future Code Key,0.5125,0.3750,1.0000,0.3333,https://www.fragrantica.com/perfume/Dzintars/Future-Code-Key-20486.html,44842,Black Phoenix Alchemy Lab,Low Key Lyesmith,0.4988,0.3529,1.0000,0.3333,https://www.fragrantica.com/perfume/Black-Phoenix-Alchemy-Lab/Low-Key-Lyesmith-44842.html,54145,Swiss Arabian,Kenzy,0.4650,0.7500,0.0000,0.0000,https://www.fragrantica.com/perfume/Swiss-Arabian/Kenzy-54145.html,87084,Armaf,Private Key To My Life,0.4371,0.2857,1.0000,0.2000,https://www.fragrantica.com/perfume/Armaf/Private-Key-To-My-Life-87084.html,87085,Armaf,Private Key To My Love,0.4371,0.2857,1.0000,0.2000,https://www.fragrantica.com/perfume/Armaf/Private-Key-To-My-Love-87085.html
745-KAR,Karl Lagerfeld for Her Eau de Parfum,,55556,WEAK,0.0048,20662,Dina Cosmetics,Dagger for Her,0.4989,0.5600,0.3333,0.5000,https://www.fragrantica.com/perfume/Dina-Cosmetics/Dagger-for-Her-20662.html,132684,Ajmal,Evoke Red Her,0.4941,0.5926,0.3333,0.3333,https://www.fragrantica.com/perfume/Ajmal/Evoke-Red-Her-132684.html,23741,Adidas,Adidas Get Ready For Her,0.4899,0.6061,0.3333,0.2500,https://www.fragrantica.com/perfume/Adidas/Adidas-Get-Ready-For-Her-23741.html,7164,Bond No 9,Harrods for Her,0.4855,0.5385,0.3333,0.5000,https://www.fragrantica.com/perfume/Bond-No-9/Harrods-for-Her-7164.html,22326,Calvin Klein,CK One Red Edition for Her,0.4816,0.5926,0.3333,0.2500,https://www.fragrantica.com/perfume/Calvin-Klein/CK-One-Red-Edition-for-Her-22326.html,46394,Avon,Free for Her,0.4751,0.5217,0.3333,0.5000,https://www.fragrantica.com/perfume/Avon/Free-for-Her-46394.html,55879,Aura,Aura For Her,0.4751,0.5217,0.3333,0.5000,https://www.fragrantica.com/perfume/Aura/Aura-For-Her-55879.html,104964,Bath Body Works,All Eyes On Her,0.4685,0.5714,0.3333,0.2500,https://www.fragrantica.com/perfume/Bath-Body-Works/All-Eyes-On-Her-104964.html,16514,Avon,Unplugged for Her,0.4617,0.5000,0.3333,0.5000,https://www.fragrantica.com/perfume/Avon/Unplugged-for-Her-16514.html,107506,BellaVita,Alpha for Her,0.4617,0.5000,0.3333,0.5000,https://www.fragrantica.com/perfume/BellaVita/Alpha-for-Her-107506.html
746-KAR,Ocean View,,55556,REVIEW,0.0000,10047,Bath Body Works,Ocean for Men,0.7079,0.7143,0.5000,1.0000,https://www.fragrantica.com/perfume/Bath-Body-Works/Ocean-for-Men-10047.html,45337,Bath Body Works,Ocean,0.7079,0.7143,0.5000,1.0000,https://www.fragrantica.com/perfume/Bath-Body-Works/Ocean-45337.html,14709,Demeter Fragrance,Ocean,0.7079,0.7143,0.5000,1.0000,https://www.fragrantica.com/perfume/Demeter-Fragrance/Ocean-14709.html,25303,Victoria s Secret,Ocean,0.7079,0.7143,0.5000,1.0000,https://www.fragrantica.com/perfume/Victoria-s-Secret/Ocean-25303.html,38578,ASAMA Perfumes,Ocean,0.7079,0.7143,0.5000,1.0000,https://www.fragrantica.com/perfume/ASAMA-Perfumes/Ocean-38578.html,61666,BadeFee,Ocean,0.7079,0.7143,0.5000,1.0000,https://www.fragrantica.com/perfume/BadeFee/Ocean-61666.html,136508,Barbour s Beauty,Ocean Homme,0.7079,0.7143,0.5000,1.0000,https://www.fragrantica.com/perfume/Barbour-s-Beauty/Ocean-Homme-136508.html,107153,BellaVita,Ocean Man,0.7079,0.7143,0.5000,1.0000,https://www.fragrantica.com/perfume/BellaVita/Ocean-Man-107153.html,10264,Carol s Daughter,Ocean,0.7079,0.7143,0.5000,1.0000,https://www.fragrantica.com/perfume/Carol-s-Daughter/Ocean-10264.html,79974,Chlorophylla,H Ocean,0.7079,0.7143,0.5000,1.0000,https://www.fragrantica.com/perfume/Chlorophylla/H-Ocean-79974.html
770-LAP,Midnight Rain,,55556,REVIEW,0.0000,58744,Al Rehab,Midnight,0.7610,0.8000,0.5000,1.0000,https://www.fragrantica.com/perfume/Al-Rehab/Midnight-58744.html,33444,Avon,Midnight,0.7610,0.8000,0.5000,1.0000,https://www.fragrantica.com/perfume/Avon/Midnight-33444.html,33445,Avon,Midnight,0.7610,0.8000,0.5000,1.0000,https://www.fragrantica.com/perfume/Avon/Midnight-33445.html,22038,Bath Body Works,Midnight,0.7610,0.8000,0.5000,1.0000,https://www.fragrantica.com/perfume/Bath-Body-Works/Midnight-22038.html,59936,Adopt Parfums,Midnight,0.7610,0.8000,0.5000,1.0000,https://www.fragrantica.com/perfume/Adopt-Parfums/Midnight-59936.html,112834,Athena Fragrances,MIDNIGHT,0.7610,0.8000,0.5000,1.0000,https://www.fragrantica.com/perfume/Athena-Fragrances/MIDNIGHT-112834.html,38619,Axis,Midnight,0.7610,0.8000,0.5000,1.0000,https://www.fragrantica.com/perfume/Axis/Midnight-38619.html,138533,Bloom Body,Midnight,0.7610,0.8000,0.5000,1.0000,https://www.fragrantica.com/perfume/Bloom-Body/Midnight-138533.html,17469,Daniel Hechter,Midnight,0.7610,0.8000,0.5000,1.0000,https://www.fragrantica.com/perfume/Daniel-Hechter/Midnight-17469.html,126942,PARIS CORNER,Midnight Sin,0.7291,0.8696,0.5000,0.5000,https://www.fragrantica.com/perfume/PARIS-CORNER/Midnight-Sin-126942.html
771-LAP,Silver Rain,,55556,REVIEW,0.2700,126381,Beard Monkey,Silver Rain,1.0000,1.0000,1.0000,1.0000,https://www.fragrantica.com/perfume/Beard-Monkey/Silver-Rain-126381.html,1176,Al Rehab,Silver,0.7300,0.7500,0.5000,1.0000,https://www.fragrantica.com/perfume/Al-Rehab/Silver-1176.html,1111,Amouage,Silver Man,0.7300,0.7500,0.5000,1.0000,https://www.fragrantica.com/perfume/Amouage/Silver-Man-1111.html,43469,Zara,Man Silver,0.7300,0.7500,0.5000,1.0000,https://www.fragrantica.com/perfume/Zara/Man-Silver-43469.html,54001,Zara,Man Silver,0.7300,0.7500,0.5000,1.0000,https://www.fragrantica.com/perfume/Zara/Man-Silver-54001.html,65901,Zara,Silver,0.7300,0.7500,0.5000,1.0000,https://www.fragrantica.com/perfume/Zara/Silver-65901.html,72325,Zara,Silver,0.7300,0.7500,0.5000,1.0000,https://www.fragrantica.com/perfume/Zara/Silver-72325.html,136724,Zara,Man Silver,0.7300,0.7500,0.5000,1.0000,https://www.fragrantica.com/perfume/Zara/Man-Silver-136724.html,5262,Acqua di Genova,Silver,0.7300,0.7500,0.5000,1.0000,https://www.fragrantica.com/perfume/Acqua-di-Genova/Silver-5262.html,40411,Acqua di Genova,Silver 2,0.7300,0.7500,0.5000,1.0000,https://www.fragrantica.com/perfume/Acqua-di-Genova/Silver-2-40411.html
772-LAD,Fame,,55556,REVIEW,0.0000,74962,Rabanne,Fame,1.0000,1.0000,1.0000,1.0000,https://www.fragrantica.com/perfume/Rabanne/Fame-74962.html,83498,Rabanne,Fame Parfum,1.0000,1.0000,1.0000,1.0000,https://www.fragrantica.com/perfume/Rabanne/Fame-Parfum-83498.html,100965,Rasasi,Fame,1.0000,1.0000,1.0000,1.0000,https://www.fragrantica.com/perfume/Rasasi/Fame-100965.html,119545,Aura Budapest,Fame,1.0000,1.0000,1.0000,1.0000,https://www.fragrantica.com/perfume/Aura-Budapest/Fame-119545.html,37872,Corday,Fame,1.0000,1.0000,1.0000,1.0000,https://www.fragrantica.com/perfume/Corday/Fame-37872.html,67786,Alexandria Fragrances,Fame 15,0.8010,0.8000,1.0000,0.5000,https://www.fragrantica.com/perfume/Alexandria-Fragrances/Fame-15-67786.html,98889,Fragrance World,Gold Fame,0.7183,0.6667,1.0000,0.5000,https://www.fragrantica.com/perfume/Fragrance-World/Gold-Fame-98889.html,105369,Fragrance World,Pink Fame,0.7183,0.6667,1.0000,0.5000,https://www.fragrantica.com/perfume/Fragrance-World/Pink-Fame-105369.html,99352,Assala Prime,Royal Fame,0.6865,0.6154,1.0000,0.5000,https://www.fragrantica.com/perfume/Assala-Prime/Royal-Fame-99352.html,117342,Rabanne,Fame Feline,0.6593,0.5714,1.0000,0.5000,https://www.fragrantica.com/perfume/Rabanne/Fame-Feline-117342.html
799-LANV,Eclat-d-arpege-eau-de-,,55556,WEAK,0.0000,34152,Al Battash Classic,Eclat Pour Femme,0.6525,0.6250,0.5000,1.0000,https://www.fragrantica.com/perfume/Al-Battash-Classic/Eclat-Pour-Femme-34152.html,34154,Al Battash Classic,Eclat Pour Homme,0.6525,0.6250,0.5000,1.0000,https://www.fragrantica.com/perfume/Al-Battash-Classic/Eclat-Pour-Homme-34154.html,84715,Ascania,Eclat,0.6525,0.6250,0.5000,1.0000,https://www.fragrantica.com/perfume/Ascania/Eclat-84715.html,57697,Versace,Eclat de Rose,0.6240,0.7000,0.5000,0.5000,https://www.fragrantica.com/perfume/Versace/Eclat-de-Rose-57697.html,89935,Dom Do,Eclat d Azur,0.6240,0.7000,0.5000,0.5000,https://www.fragrantica.com/perfume/Dom-Do/Eclat-d-Azur-89935.html,107236,Andesara,Eclat Reverie,0.6213,0.6957,0.5000,0.5000,https://www.fragrantica.com/perfume/Andesara/Eclat-Reverie-107236.html,84030,Atelier Cologne,Eclat de Tubereuse,0.5868,0.6400,0.5000,0.5000,https://www.fragrantica.com/perfume/Atelier-Cologne/Eclat-de-Tubereuse-84030.html,120670,Zara,Eclat Boheme,0.5845,0.6364,0.5000,0.5000,https://www.fragrantica.com/perfume/Zara/Eclat-Boheme-120670.html,105602,Ainash Parfums,Eclat De Mer,0.5816,0.6316,0.5000,0.5000,https://www.fragrantica.com/perfume/Ainash-Parfums/Eclat-De-Mer-105602.html,108917,Fragrance World,Eclat Weekend,0.5674,0.6087,0.5000,0.5000,https://www.fragrantica.com/perfume/Fragrance-World/Eclat-Weekend-108917.html
800-LANV,Me,,55556,REVIEW,0.0000,112304,AENYOE1,Me,1.0000,1.0000,1.0000,1.0000,https://www.fragrantica.com/perfume/AENYOE1/Me-112304.html,17764,American Eagle,Me,1.0000,1.0000,1.0000,1.0000,https://www.fragrantica.com/perfume/American-Eagle/Me-17764.html,58119,Be Layered,Me,1.0000,1.0000,1.0000,1.0000,https://www.fragrantica.com/perfume/Be-Layered/Me-58119.html,72225,Cult For,Me,1.0000,1.0000,1.0000,1.0000,https://www.fragrantica.com/perfume/Cult-For/Me-72225.html,89620,Akke Marije,It s Me,0.7183,0.6667,1.0000,0.5000,https://www.fragrantica.com/perfume/Akke-Marije/It-s-Me-89620.html,38326,Armand Basi,In Me,0.7183,0.6667,1.0000,0.5000,https://www.fragrantica.com/perfume/Armand-Basi/In-Me-38326.html,83430,Appuntamento con i profumi,Me dea,0.6593,0.5714,1.0000,0.5000,https://www.fragrantica.com/perfume/Appuntamento-con-i-profumi/Me-dea-83430.html,121976,Aura Fragrances,Why Me,0.6593,0.5714,1.0000,0.5000,https://www.fragrantica.com/perfume/Aura-Fragrances/Why-Me-121976.html,66972,Black Phoenix Alchemy Lab,Eat Me,0.6593,0.5714,1.0000,0.5000,https://www.fragrantica.com/perfume/Black-Phoenix-Alchemy-Lab/Eat-Me-66972.html,103090,Bruno Perrucci Parfums,Hug Me,0.6593,0.5714,1.0000,0.5000,https://www.fragrantica.com/perfume/Bruno-Perrucci-Parfums/Hug-Me-103090.html
801-LANV,Marry Me,,55556,REVIEW,0.0517,96098,ByBozo,Will You Marry Me,0.7183,0.6667,1.0000,0.5000,https://www.fragrantica.com/perfume/ByBozo/Will-You-Marry-Me-96098.html,59251,All Your Personal Aroma,Marry Me On Thursday,0.6667,0.5833,1.0000,0.5000,https://www.fragrantica.com/perfume/All-Your-Personal-Aroma/Marry-Me-On-Thursday-59251.html,68723,Rabanne,Major Me,0.6329,0.7143,0.5000,0.5000,https://www.fragrantica.com/perfume/Rabanne/Major-Me-68723.html,55184,Rabanne,Crazy Me,0.5443,0.5714,0.5000,0.5000,https://www.fragrantica.com/perfume/Rabanne/Crazy-Me-55184.html,68722,Rabanne,Dandy Me,0.5443,0.5714,0.5000,0.5000,https://www.fragrantica.com/perfume/Rabanne/Dandy-Me-68722.html,112304,AENYOE1,Me,0.5406,0.4444,0.5000,1.0000,https://www.fragrantica.com/perfume/AENYOE1/Me-112304.html,17764,American Eagle,Me,0.5406,0.4444,0.5000,1.0000,https://www.fragrantica.com/perfume/American-Eagle/Me-17764.html,58119,Be Layered,Me,0.5406,0.4444,0.5000,1.0000,https://www.fragrantica.com/perfume/Be-Layered/Me-58119.html,72225,Cult For,Me,0.5406,0.4444,0.5000,1.0000,https://www.fragrantica.com/perfume/Cult-For/Me-72225.html,112210,Atelier Rebul,Cherry Me Up,0.5297,0.5882,0.5000,0.3333,https://www.fragrantica.com/perfume/Atelier-Rebul/Cherry-Me-Up-112210.html
802-LBI,VENEZIA - LAURA BIAGIOTTI,,55556,WEAK,0.0000,4900,Adrienne Vittadini,Venezia,0.5367,0.5000,0.3333,1.0000,https://www.fragrantica.com/perfume/Adrienne-Vittadini/Venezia-4900.html,130238,Cornerland,Venezia,0.5367,0.5000,0.3333,1.0000,https://www.fragrantica.com/perfume/Cornerland/Venezia-130238.html,101588,Duomo Perfume House,Venezia,0.5367,0.5000,0.3333,1.0000,https://www.fragrantica.com/perfume/Duomo-Perfume-House/Venezia-101588.html,18601,Abdes Salaam Attars Perfumes,Venezia Giardini Secreti,0.4727,0.5581,0.3333,0.3333,https://www.fragrantica.com/perfume/Abdes-Salaam-Attars-Perfumes/Venezia-Giardini-Secreti-18601.html,20084,Al Rehab,Laura,0.4651,0.3846,0.3333,1.0000,https://www.fragrantica.com/perfume/Al-Rehab/Laura-20084.html,44841,Black Phoenix Alchemy Lab,Laura,0.4651,0.3846,0.3333,1.0000,https://www.fragrantica.com/perfume/Black-Phoenix-Alchemy-Lab/Laura-44841.html,57431,Al Musbah,Oud Venezia,0.4317,0.4516,0.3333,0.5000,https://www.fragrantica.com/perfume/Al-Musbah/Oud-Venezia-57431.html,6550,DSH Perfumes,Acqua di Venezia Italian Journey No 1,0.3934,0.4706,0.3333,0.1667,https://www.fragrantica.com/perfume/DSH-Perfumes/Acqua-di-Venezia-Italian-Journey-No-1-6550.html,62949,Tiziana Terenzi,Moro Di Venezia,0.3820,0.4118,0.3333,0.3333,https://www.fragrantica.com/perfume/Tiziana-Terenzi/Moro-Di-Venezia-62949.html,27001,Acque di Italia,Ambra di Venezia,0.3747,0.4000,0.3333,0.3333,https://www.fragrantica.com/perfume/Acque-di-Italia/Ambra-di-Venezia-27001.html
805-LOL,L DE LOLITA LEMPICKA,,55556,WEAK,0.0000,94766,MAISON ASRAR,Lolita,0.6370,0.6000,0.5000,1.0000,https://www.fragrantica.com/perfume/MAISON-ASRAR/Lolita-94766.html,15854,Black Phoenix Alchemy Lab,Lolita,0.6370,0.6000,0.5000,1.0000,https://www.fragrantica.com/perfume/Black-Phoenix-Alchemy-Lab/Lolita-15854.html,134668,Atelier Segall Barutti,Lolita Cherry Plum,0.4957,0.5333,0.5000,0.3333,https://www.fragrantica.com/perfume/Atelier-Segall-Barutti/Lolita-Cherry-Plum-134668.html,26974,Christine Lavoisier Parfums,Burlesk Lolita,0.4656,0.4444,0.5000,0.5000,https://www.fragrantica.com/perfume/Christine-Lavoisier-Parfums/Burlesk-Lolita-26974.html,79016,Chio Skin Care,Lolita Acqua Profumata,0.4568,0.4706,0.5000,0.3333,https://www.fragrantica.com/perfume/Chio-Skin-Care/Lolita-Acqua-Profumata-79016.html,41149,Xerjoff,Italica,0.4133,0.6667,0.0000,0.0000,https://www.fragrantica.com/perfume/Xerjoff/Italica-41149.html,66333,Black Paw,Little Milk Cat,0.4133,0.6667,0.0000,0.0000,https://www.fragrantica.com/perfume/Black-Paw/Little-Milk-Cat-66333.html,41592,David LISS Parfums,Oriental Epice,0.4133,0.6667,0.0000,0.0000,https://www.fragrantica.com/perfume/David-LISS-Parfums/Oriental-Epice-41592.html,39580,Alkemia Perfumes,Porta Alchemica,0.3986,0.6429,0.0000,0.0000,https://www.fragrantica.com/perfume/Alkemia-Perfumes/Porta-Alchemica-39580.html,96592,Ajmal,Little Prince,0.3815,0.6154,0.0000,0.0000,https://www.fragrantica.com/perfume/Ajmal/Little-Prince-96592.html
806-LOL,L Eau Jolie,,55556,REVIEW,0.0000,44369,Bahoma London,Jolie,1.0000,1.0000,1.0000,1.0000,https://www.fragrantica.com/perfume/Bahoma-London/Jolie-44369.html,13363,Cerchi Nell Acqua,Jolie,1.0000,1.0000,1.0000,1.0000,https://www.fragrantica.com/perfume/Cerchi-Nell-Acqua/Jolie-13363.html,42811,Dans un Jardin,Jolie,1.0000,1.0000,1.0000,1.0000,https://www.fragrantica.com/perfume/Dans-un-Jardin/Jolie-42811.html,14946,Azzaro,Jolie Rose,0.7479,0.7143,1.0000,0.5000,https://www.fragrantica.com/perfume/Azzaro/Jolie-Rose-14946.html,131767,Caline,Tres Jolie,0.7479,0.7143,1.0000,0.5000,https://www.fragrantica.com/perfume/Caline/Tres-Jolie-131767.html,119562,Cerchi Nell Acqua,Tres Jolie,0.7479,0.7143,1.0000,0.5000,https://www.fragrantica.com/perfume/Cerchi-Nell-Acqua/Tres-Jolie-119562.html,129912,Adopt Parfums,Jolie Paris,0.7183,0.6667,1.0000,0.5000,https://www.fragrantica.com/perfume/Adopt-Parfums/Jolie-Paris-129912.html,129913,Adopt Parfums,Jolie Paris,0.7183,0.6667,1.0000,0.5000,https://www.fragrantica.com/perfume/Adopt-Parfums/Jolie-Paris-129913.html,20337,Charrier Parfums,Jolie Valse,0.7183,0.6667,1.0000,0.5000,https://www.fragrantica.com/perfume/Charrier-Parfums/Jolie-Valse-20337.html,3817,Balmain Beauty,Jolie Madame,0.6925,0.6250,1.0000,0.5000,https://www.fragrantica.com/perfume/Balmain-Beauty/Jolie-Madame-3817.html
807-LOL,LOLITA - LOLITA LEMPICKA,,55556,WEAK,0.0000,94766,MAISON ASRAR,Lolita,0.5512,0.4615,0.5000,1.0000,https://www.fragrantica.com/perfume/MAISON-ASRAR/Lolita-94766.html,15854,Black Phoenix Alchemy Lab,Lolita,0.5512,0.4615,0.5000,1.0000,https://www.fragrantica.com/perfume/Black-Phoenix-Alchemy-Lab/Lolita-15854.html,79016,Chio Skin Care,Lolita Acqua Profumata,0.4440,0.4500,0.5000,0.3333,https://www.fragrantica.com/perfume/Chio-Skin-Care/Lolita-Acqua-Profumata-79016.html,134668,Atelier Segall Barutti,Lolita Cherry Plum,0.4406,0.4444,0.5000,0.3333,https://www.fragrantica.com/perfume/Atelier-Segall-Barutti/Lolita-Cherry-Plum-134668.html,26974,Christine Lavoisier Parfums,Burlesk Lolita,0.4155,0.3636,0.5000,0.5000,https://www.fragrantica.com/perfume/Christine-Lavoisier-Parfums/Burlesk-Lolita-26974.html,66333,Black Paw,Little Milk Cat,0.3758,0.6061,0.0000,0.0000,https://www.fragrantica.com/perfume/Black-Paw/Little-Milk-Cat-66333.html,39580,Alkemia Perfumes,Porta Alchemica,0.3647,0.5882,0.0000,0.0000,https://www.fragrantica.com/perfume/Alkemia-Perfumes/Porta-Alchemica-39580.html,96592,Ajmal,Little Prince,0.3488,0.5625,0.0000,0.0000,https://www.fragrantica.com/perfume/Ajmal/Little-Prince-96592.html,41592,David LISS Parfums,Oriental Epice,0.3382,0.5455,0.0000,0.0000,https://www.fragrantica.com/perfume/David-LISS-Parfums/Oriental-Epice-41592.html,25352,Agent Provocateur,Fatale Pink,0.3307,0.5333,0.0000,0.0000,https://www.fragrantica.com/perfume/Agent-Provocateur/Fatale-Pink-25352.html
808-LOL,Sweet,,55556,REVIEW,0.0000,16570,Zara,Sweet,1.0000,1.0000,1.0000,1.0000,https://www.fragrantica.com/perfume/Zara/Sweet-16570.html,27065,Apple Parfums,Sweet,1.0000,1.0000,1.0000,1.0000,https://www.fragrantica.com/perfume/Apple-Parfums/Sweet-27065.html,27045,Apple Parfums,My Sweet,0.8217,0.8333,1.0000,0.5000,https://www.fragrantica.com/perfume/Apple-Parfums/My-Sweet-27045.html,47047,Aquolina,Sweet Me,0.8217,0.8333,1.0000,0.5000,https://www.fragrantica.com/perfume/Aquolina/Sweet-Me-47047.html,26795,Al Rehab,Sweet Oud,0.7819,0.7692,1.0000,0.5000,https://www.fragrantica.com/perfume/Al-Rehab/Sweet-Oud-26795.html,3542,Bath Body Works,Sweet Pea,0.7819,0.7692,1.0000,0.5000,https://www.fragrantica.com/perfume/Bath-Body-Works/Sweet-Pea-3542.html,77529,Bath Body Works,Sweet Pea,0.7819,0.7692,1.0000,0.5000,https://www.fragrantica.com/perfume/Bath-Body-Works/Sweet-Pea-77529.html,92001,Demeter Fragrance,Sweet Tea,0.7819,0.7692,1.0000,0.5000,https://www.fragrantica.com/perfume/Demeter-Fragrance/Sweet-Tea-92001.html,17919,Demeter Fragrance,Sweet Pea,0.7819,0.7692,1.0000,0.5000,https://www.fragrantica.com/perfume/Demeter-Fragrance/Sweet-Pea-17919.html,1295,Dior,Sweet Sun,0.7819,0.7692,1.0000,0.5000,https://www.fragrantica.com/perfume/Dior/Sweet-Sun-1295.html
816-MAX,MAX MARA,,55556,REVIEW,0.0789,85350,Dzintars,Mara,0.7159,0.7273,0.5000,1.0000,https://www.fragrantica.com/perfume/Dzintars/Mara-85350.html,19814,Al Haramain Perfumes,Max d,0.6370,0.6000,0.5000,1.0000,https://www.fragrantica.com/perfume/Al-Haramain-Perfumes/Max-d-19814.html,55558,Natura,K Max,0.6370,0.6000,0.5000,1.0000,https://www.fragrantica.com/perfume/Natura/K-Max-55558.html,95697,Rabanne,Armure Mara,0.5547,0.5882,0.5000,0.5000,https://www.fragrantica.com/perfume/Rabanne/Armure-Mara-95697.html,122624,French Avenue,Marmara,0.5314,0.8571,0.0000,0.0000,https://www.fragrantica.com/perfume/French-Avenue/Marmara-122624.html,90196,Dana,Marmara,0.5314,0.8571,0.0000,0.0000,https://www.fragrantica.com/perfume/Dana/Marmara-90196.html,83989,Van Cleef Arpels,The Amara,0.5167,0.8333,0.0000,0.0000,https://www.fragrantica.com/perfume/Van-Cleef-Arpels/The-Amara-83989.html,56204,Cultus Artem,Amara,0.5167,0.8333,0.0000,0.0000,https://www.fragrantica.com/perfume/Cultus-Artem/Amara-56204.html,57114,Avon,Maxima,0.4769,0.7692,0.0000,0.0000,https://www.fragrantica.com/perfume/Avon/Maxima-57114.html,85273,Adyan by Anfar,Samara,0.4769,0.7692,0.0000,0.0000,https://www.fragrantica.com/perfume/Adyan-by-Anfar/Samara-85273.html
817-MIC,Gold Collection  24k Brilliant Gold,,55556,WEAK,0.0973,100988,Rasasi,Brilliant Gold,0.6399,0.6047,0.5000,1.0000,https://www.fragrantica.com/perfume/Rasasi/Brilliant-Gold-100988.html,4723,Jean Paul Gaultier,Classique Gold Collection,0.5425,0.5283,0.5000,0.6667,https://www.fragrantica.com/perfume/Jean-Paul-Gaultier/Classique-Gold-Collection-4723.html,19854,Al Haramain Perfumes,Al Haramain Collection Gold,0.5344,0.5556,0.5000,0.5000,https://www.fragrantica.com/perfume/Al-Haramain-Perfumes/Al-Haramain-Collection-Gold-19854.html,47402,Zara,A Collection,0.5175,0.5000,0.2500,1.0000,https://www.fragrantica.com/perfume/Zara/A-Collection-47402.html,47401,Zara,D Collection,0.5175,0.5000,0.2500,1.0000,https://www.fragrantica.com/perfume/Zara/D-Collection-47401.html,47403,Zara,Y Collection,0.5175,0.5000,0.2500,1.0000,https://www.fragrantica.com/perfume/Zara/Y-Collection-47403.html,76924,Bruno Acampora,Musc Extrait de Parfum Gold Collection,0.5056,0.5091,0.5000,0.5000,https://www.fragrantica.com/perfume/Bruno-Acampora/Musc-Extrait-de-Parfum-Gold-Collection-76924.html,102263,Bruno Acampora,Jasmin T Extrait de Parfum Gold Collection,0.4946,0.4912,0.5000,0.5000,https://www.fragrantica.com/perfume/Bruno-Acampora/Jasmin-T-Extrait-de-Parfum-Gold-Collection-102263.html,27507,Al Musbah,Brilliant,0.4937,0.4615,0.2500,1.0000,https://www.fragrantica.com/perfume/Al-Musbah/Brilliant-27507.html,65981,Aristocrazy,Brilliant,0.4937,0.4615,0.2500,1.0000,https://www.fragrantica.com/perfume/Aristocrazy/Brilliant-65981.html
818-MIC,Michael Kors Coral,,55556,WEAK,0.0709,46477,Bloeke,Michael,0.6041,0.6087,0.3333,1.0000,https://www.fragrantica.com/perfume/Bloeke/Michael-46477.html,14297,Bvlgari,Omnia Coral,0.5332,0.6154,0.3333,0.5000,https://www.fragrantica.com/perfume/Bvlgari/Omnia-Coral-14297.html,51394,Adolfo Dominguez,Unica Coral,0.5332,0.6154,0.3333,0.5000,https://www.fragrantica.com/perfume/Adolfo-Dominguez/Unica-Coral-51394.html,90644,Delisea,Coral,0.5219,0.4762,0.3333,1.0000,https://www.fragrantica.com/perfume/Delisea/Coral-90644.html,46018,Divona,Coral,0.5219,0.4762,0.3333,1.0000,https://www.fragrantica.com/perfume/Divona/Coral-46018.html,27649,Armaf,Pink Coral,0.4989,0.5600,0.3333,0.5000,https://www.fragrantica.com/perfume/Armaf/Pink-Coral-27649.html,93502,Ajmal,Aristocrat Coral,0.4717,0.5161,0.3333,0.5000,https://www.fragrantica.com/perfume/Ajmal/Aristocrat-Coral-93502.html,28500,ASAMA Perfumes,Oud Coral,0.4617,0.5000,0.3333,0.5000,https://www.fragrantica.com/perfume/ASAMA-Perfumes/Oud-Coral-28500.html,120116,Ard al Teeb,Glooming Coral,0.4510,0.4828,0.3333,0.5000,https://www.fragrantica.com/perfume/Ard-al-Teeb/Glooming-Coral-120116.html,135282,Asdaaf,Atlantis Coral,0.4510,0.4828,0.3333,0.5000,https://www.fragrantica.com/perfume/Asdaaf/Atlantis-Coral-135282.html
819-MIC,SEXY AMBER - KORS,,55556,WEAK,0.0027,99736,Fragrance World,Amber D OR,0.5857,0.7000,0.3333,0.5000,https://www.fragrantica.com/perfume/Fragrance-World/Amber-D-OR-99736.html,126625,Athena Club,Amber Hours,0.5830,0.6957,0.3333,0.5000,https://www.fragrantica.com/perfume/Athena-Club/Amber-Hours-126625.html,106439,Al Haramain Perfumes,Natural Amber,0.5711,0.5556,0.3333,1.0000,https://www.fragrantica.com/perfume/Al-Haramain-Perfumes/Natural-Amber-106439.html,21779,Al Haramain Perfumes,Amber,0.5711,0.5556,0.3333,1.0000,https://www.fragrantica.com/perfume/Al-Haramain-Perfumes/Amber-21779.html,20489,Amouage,Amber,0.5711,0.5556,0.3333,1.0000,https://www.fragrantica.com/perfume/Amouage/Amber-20489.html,12801,Demeter Fragrance,Amber,0.5711,0.5556,0.3333,1.0000,https://www.fragrantica.com/perfume/Demeter-Fragrance/Amber-12801.html,27530,Roja Dove,Amber,0.5711,0.5556,0.3333,1.0000,https://www.fragrantica.com/perfume/Roja-Dove/Amber-27530.html,86630,The Dua Brand,The H Amber,0.5711,0.5556,0.3333,1.0000,https://www.fragrantica.com/perfume/The-Dua-Brand/The-H-Amber-86630.html,14642,Aftelier,Amber,0.5711,0.5556,0.3333,1.0000,https://www.fragrantica.com/perfume/Aftelier/Amber-14642.html,125701,Ahmed Soliman,Amber,0.5711,0.5556,0.3333,1.0000,https://www.fragrantica.com/perfume/Ahmed-Soliman/Amber-125701.html
820-MIC,SEXY RIO DE JANEIRO KORS,,55556,WEAK,0.0046,94421,Beautimatic,Sexy Princess,0.5045,0.6000,0.2500,0.5000,https://www.fragrantica.com/perfume/Beautimatic/Sexy-Princess-94421.html,47371,City Parfum,Sexy Jeans,0.4999,0.5926,0.2500,0.5000,https://www.fragrantica.com/perfume/City-Parfum/Sexy-Jeans-47371.html,31151,Zara,Zara Av Das Americas 4666 Rio De Janeiro,0.4615,0.4898,0.5000,0.2857,https://www.fragrantica.com/perfume/Zara/Zara-Av-Das-Americas-4666-Rio-De-Janeiro-31151.html,69177,Sol de Janeiro,Sol de Janeiro X ANITTA,0.4357,0.5294,0.2500,0.3333,https://www.fragrantica.com/perfume/Sol-de-Janeiro/Sol-de-Janeiro-X-ANITTA-69177.html,118690,Beverly Hills Polo Club,Sexy,0.4330,0.3636,0.2500,1.0000,https://www.fragrantica.com/perfume/Beverly-Hills-Polo-Club/Sexy-118690.html,26571,City Parfum,Sexy,0.4330,0.3636,0.2500,1.0000,https://www.fragrantica.com/perfume/City-Parfum/Sexy-26571.html,115583,Fragrance World,Sexy Vanilla,0.4318,0.4828,0.2500,0.5000,https://www.fragrantica.com/perfume/Fragrance-World/Sexy-Vanilla-115583.html,94418,Beautimatic,Sexy Siniora,0.4318,0.4828,0.2500,0.5000,https://www.fragrantica.com/perfume/Beautimatic/Sexy-Siniora-94418.html,26928,Christine Lavoisier Parfums,Sexy Lace Flirt,0.4275,0.5161,0.2500,0.3333,https://www.fragrantica.com/perfume/Christine-Lavoisier-Parfums/Sexy-Lace-Flirt-26928.html,30389,Bi es,Sexy Girl,0.4187,0.4615,0.2500,0.5000,https://www.fragrantica.com/perfume/Bi-es/Sexy-Girl-30389.html
821-MIC,SEXY SUNSET - KORS,,55556,WEAK,0.0000,25305,Victoria s Secret,Sunset,0.5987,0.6000,0.3333,1.0000,https://www.fragrantica.com/perfume/Victoria-s-Secret/Sunset-25305.html,137243,Bharara,Sunset,0.5987,0.6000,0.3333,1.0000,https://www.fragrantica.com/perfume/Bharara/Sunset-137243.html,84540,Ciclo Cosmeticos,Sunset,0.5987,0.6000,0.3333,1.0000,https://www.fragrantica.com/perfume/Ciclo-Cosmeticos/Sunset-84540.html,93380,Cocktail Fragrances,Sunset,0.5987,0.6000,0.3333,1.0000,https://www.fragrantica.com/perfume/Cocktail-Fragrances/Sunset-93380.html,97419,Coco Monoi,L A Sunset,0.5987,0.6000,0.3333,1.0000,https://www.fragrantica.com/perfume/Coco-Monoi/L-A-Sunset-97419.html,67193,Dilis Parfum,Sunset,0.5987,0.6000,0.3333,1.0000,https://www.fragrantica.com/perfume/Dilis-Parfum/Sunset-67193.html,87159,d grayi,Sexy Skunk,0.5830,0.6957,0.3333,0.5000,https://www.fragrantica.com/perfume/d-grayi/Sexy-Skunk-87159.html,70950,Goldfield Banks Australia,Sunset Hour,0.5650,0.6667,0.3333,0.5000,https://www.fragrantica.com/perfume/Goldfield-Banks-Australia/Sunset-Hour-70950.html,3238,Montale,Sunset Flowers,0.5650,0.6667,0.3333,0.5000,https://www.fragrantica.com/perfume/Montale/Sunset-Flowers-3238.html,95654,Gulf Orchid,Sunset Kiss,0.5650,0.6667,0.3333,0.5000,https://www.fragrantica.com/perfume/Gulf-Orchid/Sunset-Kiss-95654.html
822-MIC,Sexy-ruby-glam-ruby,,55556,WEAK,0.0120,23383,City Parfum,City Sexy Glamour,0.4867,0.5806,0.3333,0.3333,https://www.fragrantica.com/perfume/City-Parfum/City-Sexy-Glamour-23383.html,98283,Rasasi,Glam,0.4747,0.4000,0.3333,1.0000,https://www.fragrantica.com/perfume/Rasasi/Glam-98283.html,118230,Ahmed Al Maghribi,Ruby,0.4747,0.4000,0.3333,1.0000,https://www.fragrantica.com/perfume/Ahmed-Al-Maghribi/Ruby-118230.html,103708,We Pink,Ruby,0.4747,0.4000,0.3333,1.0000,https://www.fragrantica.com/perfume/We-Pink/Ruby-103708.html,23836,Al Jazeera Perfumes,Ruby,0.4747,0.4000,0.3333,1.0000,https://www.fragrantica.com/perfume/Al-Jazeera-Perfumes/Ruby-23836.html,31020,Bebe,Glam,0.4747,0.4000,0.3333,1.0000,https://www.fragrantica.com/perfume/Bebe/Glam-31020.html,107184,BellaVita,Glam Woman,0.4747,0.4000,0.3333,1.0000,https://www.fragrantica.com/perfume/BellaVita/Glam-Woman-107184.html,52156,Besties,Glam,0.4747,0.4000,0.3333,1.0000,https://www.fragrantica.com/perfume/Besties/Glam-52156.html,118690,Beverly Hills Polo Club,Sexy,0.4747,0.4000,0.3333,1.0000,https://www.fragrantica.com/perfume/Beverly-Hills-Polo-Club/Sexy-118690.html,49297,Bruno Acampora,Ruby Eau de Parfum,0.4747,0.4000,0.3333,1.0000,https://www.fragrantica.com/perfume/Bruno-Acampora/Ruby-Eau-de-Parfum-49297.html
823-MIC,Sporty Citrus,,55556,WEAK,0.0000,93228,Bath Body Works,Citrus,0.6783,0.6667,0.5000,1.0000,https://www.fragrantica.com/perfume/Bath-Body-Works/Citrus-93228.html,52157,Besties,Sporty,0.6783,0.6667,0.5000,1.0000,https://www.fragrantica.com/perfume/Besties/Sporty-52157.html,22372,Botanique,Citrus,0.6783,0.6667,0.5000,1.0000,https://www.fragrantica.com/perfume/Botanique/Citrus-22372.html,140490,Celio,Citrus,0.6783,0.6667,0.5000,1.0000,https://www.fragrantica.com/perfume/Celio/Citrus-140490.html,38055,Dame Perfumery,Citrus Man,0.6783,0.6667,0.5000,1.0000,https://www.fragrantica.com/perfume/Dame-Perfumery/Citrus-Man-38055.html,81415,Amouroud,Smoky Citrus,0.6752,0.7826,0.5000,0.5000,https://www.fragrantica.com/perfume/Amouroud/Smoky-Citrus-81415.html,136501,Barbour s Beauty,Solar Citrus,0.6752,0.7826,0.5000,0.5000,https://www.fragrantica.com/perfume/Barbour-s-Beauty/Solar-Citrus-136501.html,36835,Victoria s Secret,Pure Citrus,0.6409,0.7273,0.5000,0.5000,https://www.fragrantica.com/perfume/Victoria-s-Secret/Pure-Citrus-36835.html,114137,Areej,Pura Citrus,0.6409,0.7273,0.5000,0.5000,https://www.fragrantica.com/perfume/Areej/Pura-Citrus-114137.html,86580,The Dua Brand,Spiced Citrus,0.6033,0.6667,0.5000,0.5000,https://www.fragrantica.com/perfume/The-Dua-Brand/Spiced-Citrus-86580.html
824-MIC,Gold Collection  White Luminous Gold,,55556,WEAK,0.0046,25276,Cuarzo The Circle,Levitation White Gold,0.5870,0.6000,0.5000,0.6667,https://www.fragrantica.com/perfume/Cuarzo-The-Circle/Levitation-White-Gold-25276.html,21648,Arabian Oud,Prestige Collection White,0.5824,0.5926,0.5000,0.6667,https://www.fragrantica.com/perfume/Arabian-Oud/Prestige-Collection-White-21648.html,26886,Ajmal,Jaathbia Collection White Musk,0.5748,0.6207,0.5000,0.5000,https://www.fragrantica.com/perfume/Ajmal/Jaathbia-Collection-White-Musk-26886.html,23822,Al Jazeera Perfumes,White Gold,0.5440,0.4500,0.5000,1.0000,https://www.fragrantica.com/perfume/Al-Jazeera-Perfumes/White-Gold-23822.html,108858,Carlo Corinto,White Gold,0.5440,0.4500,0.5000,1.0000,https://www.fragrantica.com/perfume/Carlo-Corinto/White-Gold-108858.html,4723,Jean Paul Gaultier,Classique Gold Collection,0.5365,0.5185,0.5000,0.6667,https://www.fragrantica.com/perfume/Jean-Paul-Gaultier/Classique-Gold-Collection-4723.html,89619,Cranford,Roi V White Gold,0.5322,0.5116,0.5000,0.6667,https://www.fragrantica.com/perfume/Cranford/Roi-V-White-Gold-89619.html,103885,Brocard,Beloe Zoloto White Gold,0.5304,0.5490,0.5000,0.5000,https://www.fragrantica.com/perfume/Brocard/Beloe-Zoloto-White-Gold-103885.html,6066,Estee Lauder,Private Collection Jasmin White Moss,0.5293,0.5714,0.5000,0.4000,https://www.fragrantica.com/perfume/Estee-Lauder/Private-Collection-Jasmin-White-Moss-6066.html,33767,Estee Lauder,Private Collection Jasmin White Moss Parfum,0.5293,0.5714,0.5000,0.4000,https://www.fragrantica.com/perfume/Estee-Lauder/Private-Collection-Jasmin-White-Moss-Parfum-33767.html
825-MIC,Wonderlust,,55556,WEAK,0.0930,105736,Asad Siddiki,Wanderlust,0.5580,0.9000,0.0000,0.0000,https://www.fragrantica.com/perfume/Asad-Siddiki/Wanderlust-105736.html,116462,Anima Aromatics,Wonder,0.4650,0.7500,0.0000,0.0000,https://www.fragrantica.com/perfume/Anima-Aromatics/Wonder-116462.html,57658,Aristocrazy,Wonder,0.4650,0.7500,0.0000,0.0000,https://www.fragrantica.com/perfume/Aristocrazy/Wonder-57658.html,13119,Coeur d Esprit Natural Perfumes,Wonder,0.4650,0.7500,0.0000,0.0000,https://www.fragrantica.com/perfume/Coeur-d-Esprit-Natural-Perfumes/Wonder-13119.html,39257,Disney,Wonder,0.4650,0.7500,0.0000,0.0000,https://www.fragrantica.com/perfume/Disney/Wonder-39257.html,25616,Comme des Garcons,Wonderoud,0.4568,0.7368,0.0000,0.0000,https://www.fragrantica.com/perfume/Comme-des-Garcons/Wonderoud-25616.html,96213,We Pink,Wonderful,0.4568,0.7368,0.0000,0.0000,https://www.fragrantica.com/perfume/We-Pink/Wonderful-96213.html,107553,Adopt Parfums,Wonderful,0.4568,0.7368,0.0000,0.0000,https://www.fragrantica.com/perfume/Adopt-Parfums/Wonderful-107553.html,19401,American Beauty,Wonderful,0.4568,0.7368,0.0000,0.0000,https://www.fragrantica.com/perfume/American-Beauty/Wonderful-19401.html,93772,DOCUMENTS wen xian,Wonder ji lu gui tu,0.4464,0.7200,0.0000,0.0000,https://www.fragrantica.com/perfume/DOCUMENTS-wen-xian/Wonder-ji-lu-gui-tu-93772.html
827-MISN,Missoni,,55556,WEAK,0.0545,116867,Alan Bray,L Homme Mission,0.5314,0.8571,0.0000,0.0000,https://www.fragrantica.com/perfume/Alan-Bray/L-Homme-Mission-116867.html,115290,Di Caprio Parfum,Miso Mi,0.4769,0.7692,0.0000,0.0000,https://www.fragrantica.com/perfume/Di-Caprio-Parfum/Miso-Mi-115290.html,101005,Rasasi,Miss,0.4509,0.7273,0.0000,0.0000,https://www.fragrantica.com/perfume/Rasasi/Miss-101005.html,129469,Cricket Avenue,Miss,0.4509,0.7273,0.0000,0.0000,https://www.fragrantica.com/perfume/Cricket-Avenue/Miss-129469.html,139088,DKHOUN,MISS,0.4509,0.7273,0.0000,0.0000,https://www.fragrantica.com/perfume/DKHOUN/MISS-139088.html,20230,Dzintars,Miss 1,0.4509,0.7273,0.0000,0.0000,https://www.fragrantica.com/perfume/Dzintars/Miss-1-20230.html,20231,Dzintars,Miss 2,0.4509,0.7273,0.0000,0.0000,https://www.fragrantica.com/perfume/Dzintars/Miss-2-20231.html,20232,Dzintars,Miss 3,0.4509,0.7273,0.0000,0.0000,https://www.fragrantica.com/perfume/Dzintars/Miss-3-20232.html,20233,Dzintars,Miss 4,0.4509,0.7273,0.0000,0.0000,https://www.fragrantica.com/perfume/Dzintars/Miss-4-20233.html,20295,Dzintars,Miss 5,0.4509,0.7273,0.0000,0.0000,https://www.fragrantica.com/perfume/Dzintars/Miss-5-20295.html
840-NAO,Naomi Campbell,,55556,WEAK,0.0159,28691,Cigar,Aromatic Amber,0.4292,0.6923,0.0000,0.0000,https://www.fragrantica.com/perfume/Cigar/Aromatic-Amber-28691.html,89490,Atelier Vesper,Amica Mea,0.4133,0.6667,0.0000,0.0000,https://www.fragrantica.com/perfume/Atelier-Vesper/Amica-Mea-89490.html,139648,Bottega Verde,Noci Caramellate,0.3986,0.6429,0.0000,0.0000,https://www.fragrantica.com/perfume/Bottega-Verde/Noci-Caramellate-139648.html,105012,Analisa Parfums,La Campanella,0.3968,0.6400,0.0000,0.0000,https://www.fragrantica.com/perfume/Analisa-Parfums/La-Campanella-105012.html,42808,Dans un Jardin,Mirabella,0.3945,0.6364,0.0000,0.0000,https://www.fragrantica.com/perfume/Dans-un-Jardin/Mirabella-42808.html,21065,DSH Perfumes,Mirabella,0.3945,0.6364,0.0000,0.0000,https://www.fragrantica.com/perfume/DSH-Perfumes/Mirabella-21065.html,103366,Arabiyat Prestige,Hypnotic Amber,0.3815,0.6154,0.0000,0.0000,https://www.fragrantica.com/perfume/Arabiyat-Prestige/Hypnotic-Amber-103366.html,73774,Amira Parfums,Hypnotic Amber,0.3815,0.6154,0.0000,0.0000,https://www.fragrantica.com/perfume/Amira-Parfums/Hypnotic-Amber-73774.html,75916,Antos Cosmesi Naturale,Ma Joie Camille,0.3815,0.6154,0.0000,0.0000,https://www.fragrantica.com/perfume/Antos-Cosmesi-Naturale/Ma-Joie-Camille-75916.html,29024,Clive Christian,No 1 Imperial For Men,0.3774,0.6087,0.0000,0.0000,https://www.fragrantica.com/perfume/Clive-Christian/No-1-Imperial-For-Men-29024.html
850-NIN,L'AIR DU TEMPS,,55556,REVIEW,0.0597,133310,Bontemps Paris,Amoureux du temps,0.6997,0.7200,0.6667,0.6667,https://www.fragrantica.com/perfume/Bontemps-Paris/Amoureux-du-temps-133310.html,88719,Dzintars,Temps,0.6400,0.6667,0.3333,1.0000,https://www.fragrantica.com/perfume/Dzintars/Temps-88719.html,89022,Camille Leguay,La Nuit des Temps,0.5275,0.6667,0.3333,0.2500,https://www.fragrantica.com/perfume/Camille-Leguay/La-Nuit-des-Temps-89022.html,134665,Atelier Segall Barutti,L air Bleu du Marroc,0.5259,0.4800,0.6667,0.5000,https://www.fragrantica.com/perfume/Atelier-Segall-Barutti/L-air-Bleu-du-Marroc-134665.html,3405,Kenzo,Air Intense,0.5237,0.6000,0.3333,0.5000,https://www.fragrantica.com/perfume/Kenzo/Air-Intense-3405.html,22575,Guerlain,Le Parfum du 68 Extrait Le Passeur du Temps,0.5213,0.5128,0.6667,0.3333,https://www.fragrantica.com/perfume/Guerlain/Le-Parfum-du-68-Extrait-Le-Passeur-du-Temps-22575.html,75,Kenzo,Air,0.5128,0.4615,0.3333,1.0000,https://www.fragrantica.com/perfume/Kenzo/Air-75.html,57904,Anna Pegova,Air,0.5128,0.4615,0.3333,1.0000,https://www.fragrantica.com/perfume/Anna-Pegova/Air-57904.html,70819,ATUM,Air,0.5128,0.4615,0.3333,1.0000,https://www.fragrantica.com/perfume/ATUM/Air-70819.html,29911,AXE,Air,0.5128,0.4615,0.3333,1.0000,https://www.fragrantica.com/perfume/AXE/Air-29911.html
851-NIN,L Extase,,55556,REVIEW,0.2740,4671,Giorgio Armani,Onde Extase,0.7700,0.7500,1.0000,0.5000,https://www.fragrantica.com/perfume/Giorgio-Armani/Onde-Extase-4671.html,125399,Arabiyat Prestige,Extradose Femme,0.4960,0.8000,0.0000,0.0000,https://www.fragrantica.com/perfume/Arabiyat-Prestige/Extradose-Femme-125399.html,125398,Arabiyat Prestige,Extradose Homme,0.4960,0.8000,0.0000,0.0000,https://www.fragrantica.com/perfume/Arabiyat-Prestige/Extradose-Homme-125398.html,129006,Adopt Parfums,Extasia,0.4769,0.7692,0.0000,0.0000,https://www.fragrantica.com/perfume/Adopt-Parfums/Extasia-129006.html,96009,Aquaflor Firenze,Ex Tasis,0.4769,0.7692,0.0000,0.0000,https://www.fragrantica.com/perfume/Aquaflor-Firenze/Ex-Tasis-96009.html,140579,Bujairami,Extra Pulse,0.4650,0.7500,0.0000,0.0000,https://www.fragrantica.com/perfume/Bujairami/Extra-Pulse-140579.html,10093,Bond No 9,Texas,0.4509,0.7273,0.0000,0.0000,https://www.fragrantica.com/perfume/Bond-No-9/Texas-10093.html,47870,Victoria s Secret,Tease,0.4509,0.7273,0.0000,0.0000,https://www.fragrantica.com/perfume/Victoria-s-Secret/Tease-47870.html,50825,Victoria s Secret,Tease Eau de Parfum,0.4509,0.7273,0.0000,0.0000,https://www.fragrantica.com/perfume/Victoria-s-Secret/Tease-Eau-de-Parfum-50825.html,133225,Victoria s Secret,Tease,0.4509,0.7273,0.0000,0.0000,https://www.fragrantica.com/perfume/Victoria-s-Secret/Tease-133225.html
852-NIN,Luna,,55556,REVIEW,0.0000,31811,Natura,Luna,1.0000,1.0000,1.0000,1.0000,https://www.fragrantica.com/perfume/Natura/Luna-31811.html,38351,Penhaligon s,Luna,1.0000,1.0000,1.0000,1.0000,https://www.fragrantica.com/perfume/Penhaligon-s/Luna-38351.html,80273,Xerjoff,Luna,1.0000,1.0000,1.0000,1.0000,https://www.fragrantica.com/perfume/Xerjoff/Luna-80273.html,123193,Armaf,Luna,1.0000,1.0000,1.0000,1.0000,https://www.fragrantica.com/perfume/Armaf/Luna-123193.html,97684,MAISON ASRAR,Luna,1.0000,1.0000,1.0000,1.0000,https://www.fragrantica.com/perfume/MAISON-ASRAR/Luna-97684.html,116094,Riiffs Perfumes,R Luna,1.0000,1.0000,1.0000,1.0000,https://www.fragrantica.com/perfume/Riiffs-Perfumes/R-Luna-116094.html,83045,Aaron Terence Hughes,Luna,1.0000,1.0000,1.0000,1.0000,https://www.fragrantica.com/perfume/Aaron-Terence-Hughes/Luna-83045.html,124243,AMD Perfumes,Luna,1.0000,1.0000,1.0000,1.0000,https://www.fragrantica.com/perfume/AMD-Perfumes/Luna-124243.html,106477,Anfar 1950,Luna,1.0000,1.0000,1.0000,1.0000,https://www.fragrantica.com/perfume/Anfar-1950/Luna-106477.html,139645,Dolce,Luna,1.0000,1.0000,1.0000,1.0000,https://www.fragrantica.com/perfume/Dolce/Luna-139645.html
853-NIN,NINA,,55556,REVIEW,0.0077,83150,Nina Ricci,Nina Le Parfum,0.8010,0.8000,1.0000,0.5000,https://www.fragrantica.com/perfume/Nina-Ricci/Nina-Le-Parfum-83150.html,84711,Ascania,Nina Nina,0.7933,0.6667,1.0000,1.0000,https://www.fragrantica.com/perfume/Ascania/Nina-Nina-84711.html,127353,MAISON ASRAR,Infina,0.4960,0.8000,0.0000,0.0000,https://www.fragrantica.com/perfume/MAISON-ASRAR/Infina-127353.html,30163,Blumarine,Ninfea,0.4960,0.8000,0.0000,0.0000,https://www.fragrantica.com/perfume/Blumarine/Ninfea-30163.html,26545,Al Haramain Perfumes,Nima,0.4650,0.7500,0.0000,0.0000,https://www.fragrantica.com/perfume/Al-Haramain-Perfumes/Nima-26545.html,96038,Tiziana Terenzi,Idna,0.4650,0.7500,0.0000,0.0000,https://www.fragrantica.com/perfume/Tiziana-Terenzi/Idna-96038.html,65884,Zara,Anna,0.4650,0.7500,0.0000,0.0000,https://www.fragrantica.com/perfume/Zara/Anna-65884.html,34618,American Crew,Nine,0.4650,0.7500,0.0000,0.0000,https://www.fragrantica.com/perfume/American-Crew/Nine-34618.html,57901,Anna Pegova,Anna,0.4650,0.7500,0.0000,0.0000,https://www.fragrantica.com/perfume/Anna-Pegova/Anna-57901.html,49188,Au Pays de la Fleur d Oranger,L Eau de Gina,0.4650,0.7500,0.0000,0.0000,https://www.fragrantica.com/perfume/Au-Pays-de-la-Fleur-d-Oranger/L-Eau-de-Gina-49188.html
854-NIN,the fragrance otes of NINA ROUGE,,55556,WEAK,0.0085,13603,Mugler,The Taste of Fragrance Angel,0.4977,0.5333,0.4000,0.5000,https://www.fragrantica.com/perfume/Mugler/The-Taste-of-Fragrance-Angel-13603.html,52316,DedCool,Fragrance 05 Spring,0.4892,0.6341,0.2000,0.3333,https://www.fragrantica.com/perfume/DedCool/Fragrance-05-Spring-52316.html,13602,Mugler,The Taste of Fragrance Womanity,0.4770,0.5000,0.4000,0.5000,https://www.fragrantica.com/perfume/Mugler/The-Taste-of-Fragrance-Womanity-13602.html,26322,Rasasi,Rasasi Pour Homme L eau Rouge,0.4753,0.5714,0.2000,0.5000,https://www.fragrantica.com/perfume/Rasasi/Rasasi-Pour-Homme-L-eau-Rouge-26322.html,86761,The Dua Brand,Fragrance No 1,0.4753,0.5714,0.2000,0.5000,https://www.fragrantica.com/perfume/The-Dua-Brand/Fragrance-No-1-86761.html,73723,Alrehab Oriental,ESTINA ROUGE,0.4753,0.5714,0.2000,0.5000,https://www.fragrantica.com/perfume/Alrehab-Oriental/ESTINA-ROUGE-73723.html,13605,Mugler,The Taste of Fragrance A Men,0.4710,0.4500,0.4000,0.6667,https://www.fragrantica.com/perfume/Mugler/The-Taste-of-Fragrance-A-Men-13605.html,124732,Bourjois,Waves of Fragrance,0.4710,0.4500,0.4000,0.6667,https://www.fragrantica.com/perfume/Bourjois/Waves-of-Fragrance-124732.html,13604,Mugler,The Taste of Fragrance Alien,0.4701,0.4889,0.4000,0.5000,https://www.fragrantica.com/perfume/Mugler/The-Taste-of-Fragrance-Alien-13604.html,78463,Armaf,The Pride Of Armaf For Women Rouge,0.4694,0.4878,0.4000,0.5000,https://www.fragrantica.com/perfume/Armaf/The-Pride-Of-Armaf-For-Women-Rouge-78463.html
857-ONE,You  I,,55556,REVIEW,0.0000,101004,Rasasi,For You,1.0000,1.0000,1.0000,1.0000,https://www.fragrantica.com/perfume/Rasasi/For-You-101004.html,112305,AENYOE1,You,1.0000,1.0000,1.0000,1.0000,https://www.fragrantica.com/perfume/AENYOE1/You-112305.html,52386,AXE,You,1.0000,1.0000,1.0000,1.0000,https://www.fragrantica.com/perfume/AXE/You-52386.html,115253,BEAUTIFUL INDIA,YOU,1.0000,1.0000,1.0000,1.0000,https://www.fragrantica.com/perfume/BEAUTIFUL-INDIA/YOU-115253.html,22515,Cindy C,C For You,1.0000,1.0000,1.0000,1.0000,https://www.fragrantica.com/perfume/Cindy-C/C-For-You-22515.html,72224,Cult For,You,1.0000,1.0000,1.0000,1.0000,https://www.fragrantica.com/perfume/Cult-For/You-72224.html,32617,Desigual,You,1.0000,1.0000,1.0000,1.0000,https://www.fragrantica.com/perfume/Desigual/You-32617.html,98124,Dyad,You I,1.0000,1.0000,1.0000,1.0000,https://www.fragrantica.com/perfume/Dyad/You-I-98124.html,22981,Elizabeth Arden,It s You,0.7700,0.7500,1.0000,0.5000,https://www.fragrantica.com/perfume/Elizabeth-Arden/It-s-You-22981.html,116003,The Dua Brand,For You Sir,0.7183,0.6667,1.0000,0.5000,https://www.fragrantica.com/perfume/The-Dua-Brand/For-You-Sir-116003.html
867-PAL,PALOMA PICASSO,,55556,WEAK,0.0000,25102,Aziza World Fragrances,Pandora s Passion,0.4133,0.6667,0.0000,0.0000,https://www.fragrantica.com/perfume/Aziza-World-Fragrances/Pandora-s-Passion-25102.html,122604,Cirrus Parfum,Palomino,0.4133,0.6667,0.0000,0.0000,https://www.fragrantica.com/perfume/Cirrus-Parfum/Palomino-122604.html,39679,Aromatica,Aromatica Eau de Toilette,0.3945,0.6364,0.0000,0.0000,https://www.fragrantica.com/perfume/Aromatica/Aromatica-Eau-de-Toilette-39679.html,127610,Simone Andreoli,Palm Oases,0.3945,0.6364,0.0000,0.0000,https://www.fragrantica.com/perfume/Simone-Andreoli/Palm-Oases-127610.html,136887,biblioteka aromatov,Picasso Girl Before a Mirror,0.3936,0.3889,0.5000,0.2500,https://www.fragrantica.com/perfume/biblioteka-aromatov/Picasso-Girl-Before-a-Mirror-136887.html,26035,Natura,Amasso,0.3916,0.6316,0.0000,0.0000,https://www.fragrantica.com/perfume/Natura/Amasso-26035.html,21590,Arabian Oud,Almass,0.3916,0.6316,0.0000,0.0000,https://www.fragrantica.com/perfume/Arabian-Oud/Almass-21590.html,68051,Athena Fragrances,Palais,0.3916,0.6316,0.0000,0.0000,https://www.fragrantica.com/perfume/Athena-Fragrances/Palais-68051.html,130407,Deo Beauty,La Mia Passione,0.3815,0.6154,0.0000,0.0000,https://www.fragrantica.com/perfume/Deo-Beauty/La-Mia-Passione-130407.html,71517,Natura,Pomar de Limas,0.3774,0.6087,0.0000,0.0000,https://www.fragrantica.com/perfume/Natura/Pomar-de-Limas-71517.html
868-PARH,Heiress Limited Edition Eau de Parfum (2015),,55556,WEAK,0.0000,31575,Avon,Imari 2015,0.5620,0.6000,0.5000,0.5000,https://www.fragrantica.com/perfume/Avon/Imari-2015-31575.html,31197,Chloe,Chloe Eau de Toilette 2015,0.5620,0.6000,0.5000,0.5000,https://www.fragrantica.com/perfume/Chloe/Chloe-Eau-de-Toilette-2015-31197.html,31850,Jimmy Choo,Stars Edition 2015,0.5620,0.6000,0.5000,0.5000,https://www.fragrantica.com/perfume/Jimmy-Choo/Stars-Edition-2015-31850.html,31507,Carolina Herrera,CH 2015,0.5547,0.5882,0.5000,0.5000,https://www.fragrantica.com/perfume/Carolina-Herrera/CH-2015-31507.html,29730,Yves Saint Laurent,Paris Premieres Roses 2015,0.5172,0.5882,0.5000,0.2500,https://www.fragrantica.com/perfume/Yves-Saint-Laurent/Paris-Premieres-Roses-2015-29730.html,31965,Beauty Brand Development,Babe 2015,0.5163,0.5263,0.5000,0.5000,https://www.fragrantica.com/perfume/Beauty-Brand-Development/Babe-2015-31965.html,17579,Givenchy,Un Air d Escapade 2015,0.5068,0.5714,0.5000,0.2500,https://www.fragrantica.com/perfume/Givenchy/Un-Air-d-Escapade-2015-17579.html,56563,Roja Dove,NueWa 2015 Edition,0.5000,0.5000,0.5000,0.5000,https://www.fragrantica.com/perfume/Roja-Dove/NueWa-2015-Edition-56563.html,32097,Beauty Brand Development,Tribe 2015,0.5000,0.5000,0.5000,0.5000,https://www.fragrantica.com/perfume/Beauty-Brand-Development/Tribe-2015-32097.html,31574,Avon,Imari Elixir 2015,0.4988,0.5385,0.5000,0.3333,https://www.fragrantica.com/perfume/Avon/Imari-Elixir-2015-31574.html
892-RCAV,JUST HER - ROBERTO CAVALLI,,55556,WEAK,0.0231,5659,Avon,Just Play for Her,0.4862,0.4375,0.5000,0.6667,https://www.fragrantica.com/perfume/Avon/Just-Play-for-Her-5659.html,86959,ALT Fragrances,Just Porto,0.4632,0.5333,0.2500,0.5000,https://www.fragrantica.com/perfume/ALT-Fragrances/Just-Porto-86959.html,80909,The Dua Brand,Just Another Bergamot Cologne,0.4485,0.5500,0.2500,0.3333,https://www.fragrantica.com/perfume/The-Dua-Brand/Just-Another-Bergamot-Cologne-80909.html,139239,Marc Jacobs,Just Perfect,0.4425,0.5000,0.2500,0.5000,https://www.fragrantica.com/perfume/Marc-Jacobs/Just-Perfect-139239.html,106642,Fragrance World,Just Choco,0.4218,0.4667,0.2500,0.5000,https://www.fragrantica.com/perfume/Fragrance-World/Just-Choco-106642.html,48164,Croatian Perfume House,Just Wow The Beat,0.4175,0.5000,0.2500,0.3333,https://www.fragrantica.com/perfume/Croatian-Perfume-House/Just-Wow-The-Beat-48164.html,104698,Fragrance World,Just Lychee,0.4125,0.4516,0.2500,0.5000,https://www.fragrantica.com/perfume/Fragrance-World/Just-Lychee-104698.html,97477,O Boticario,Her Code Touch,0.4081,0.4848,0.2500,0.3333,https://www.fragrantica.com/perfume/O-Boticario/Her-Code-Touch-97477.html,86241,The Dua Brand,Her Great Life,0.4081,0.4848,0.2500,0.3333,https://www.fragrantica.com/perfume/The-Dua-Brand/Her-Great-Life-86241.html,41589,David LISS Parfums,Just For Women,0.4059,0.3200,0.2500,1.0000,https://www.fragrantica.com/perfume/David-LISS-Parfums/Just-For-Women-41589.html
893-RCAV,NERO ASSOLUTO - CAVALLI,,55556,WEAK,0.0160,104577,Alberto Allegretti,Vetiver Assoluto,0.5164,0.5882,0.3333,0.5000,https://www.fragrantica.com/perfume/Alberto-Allegretti/Vetiver-Assoluto-104577.html,41151,Tiziana Terenzi,Dubhe Assoluto,0.5004,0.5625,0.3333,0.5000,https://www.fragrantica.com/perfume/Tiziana-Terenzi/Dubhe-Assoluto-41151.html,46232,Acqua del Garda,Gelsomino Assoluto,0.4961,0.5556,0.3333,0.5000,https://www.fragrantica.com/perfume/Acqua-del-Garda/Gelsomino-Assoluto-46232.html,36704,Tiziana Terenzi,Tyl Assoluto,0.4823,0.5333,0.3333,0.5000,https://www.fragrantica.com/perfume/Tiziana-Terenzi/Tyl-Assoluto-36704.html,91984,Culti,Tabacco Assoluto,0.4799,0.5294,0.3333,0.5000,https://www.fragrantica.com/perfume/Culti/Tabacco-Assoluto-91984.html,28008,Valentino,Valentina Rosa Assoluto,0.4677,0.5500,0.3333,0.3333,https://www.fragrantica.com/perfume/Valentino/Valentina-Rosa-Assoluto-28008.html,139221,Brioni,Brioni Eau de Parfum Mare Assoluto,0.4618,0.5405,0.3333,0.3333,https://www.fragrantica.com/perfume/Brioni/Brioni-Eau-de-Parfum-Mare-Assoluto-139221.html,38158,Tiziana Terenzi,Adhil Assoluto,0.4617,0.5000,0.3333,0.5000,https://www.fragrantica.com/perfume/Tiziana-Terenzi/Adhil-Assoluto-38158.html,15514,Valentino,Valentina Assoluto,0.4617,0.5000,0.3333,0.5000,https://www.fragrantica.com/perfume/Valentino/Valentina-Assoluto-15514.html,18964,Valentino,Valentina Oud Assoluto,0.4446,0.5128,0.3333,0.3333,https://www.fragrantica.com/perfume/Valentino/Valentina-Oud-Assoluto-18964.html
894-RCAV,Paradiso,,55556,REVIEW,0.0000,74932,AzherOud,Paradiso,1.0000,1.0000,1.0000,1.0000,https://www.fragrantica.com/perfume/AzherOud/Paradiso-74932.html,84286,AzherOud,Paradiso,1.0000,1.0000,1.0000,1.0000,https://www.fragrantica.com/perfume/AzherOud/Paradiso-84286.html,30395,Bi es,Paradiso,1.0000,1.0000,1.0000,1.0000,https://www.fragrantica.com/perfume/Bi-es/Paradiso-30395.html,119667,Dermacol,Paradiso,1.0000,1.0000,1.0000,1.0000,https://www.fragrantica.com/perfume/Dermacol/Paradiso-119667.html,139647,Bottega Verde,Torta Paradiso,0.7774,0.7619,1.0000,0.5000,https://www.fragrantica.com/perfume/Bottega-Verde/Torta-Paradiso-139647.html,41724,O Boticario,Coffee Man Paradiso,0.7559,0.7273,1.0000,0.5000,https://www.fragrantica.com/perfume/O-Boticario/Coffee-Man-Paradiso-41724.html,41723,O Boticario,Coffee Woman Paradiso,0.7559,0.7273,1.0000,0.5000,https://www.fragrantica.com/perfume/O-Boticario/Coffee-Woman-Paradiso-41723.html,2509,Benetton,Paradiso Inferno Man,0.7363,0.6957,1.0000,0.5000,https://www.fragrantica.com/perfume/Benetton/Paradiso-Inferno-Man-2509.html,2511,Benetton,Paradiso Inferno Woman,0.7363,0.6957,1.0000,0.5000,https://www.fragrantica.com/perfume/Benetton/Paradiso-Inferno-Woman-2511.html,61930,AKParfume,Fiori Del Paradiso,0.6933,0.6667,1.0000,0.3333,https://www.fragrantica.com/perfume/AKParfume/Fiori-Del-Paradiso-61930.html
895-RCAV,SERPENTINE - CAVALLI,,55556,REVIEW,0.0000,24924,Comme des Garcons,Serpentine,0.7243,0.7407,0.5000,1.0000,https://www.fragrantica.com/perfume/Comme-des-Garcons/Serpentine-24924.html,95364,Sorce,Serpentine,0.7243,0.7407,0.5000,1.0000,https://www.fragrantica.com/perfume/Sorce/Serpentine-95364.html,111383,Alfred Ritchy,Serpentia,0.4292,0.6923,0.0000,0.0000,https://www.fragrantica.com/perfume/Alfred-Ritchy/Serpentia-111383.html,92167,Atrujja,Exponential Vanilla,0.3897,0.6286,0.0000,0.0000,https://www.fragrantica.com/perfume/Atrujja/Exponential-Vanilla-92167.html,9087,Caesars World,Ferentina,0.3815,0.6154,0.0000,0.0000,https://www.fragrantica.com/perfume/Caesars-World/Ferentina-9087.html,101586,Duomo Perfume House,Seravalle,0.3815,0.6154,0.0000,0.0000,https://www.fragrantica.com/perfume/Duomo-Perfume-House/Seravalle-101586.html,12169,Elizabeth Arden,Green Tea Camellia,0.3758,0.6061,0.0000,0.0000,https://www.fragrantica.com/perfume/Elizabeth-Arden/Green-Tea-Camellia-12169.html,42249,Atelier Cologne,Clementine California,0.3686,0.5946,0.0000,0.0000,https://www.fragrantica.com/perfume/Atelier-Cologne/Clementine-California-42249.html,19907,Demeter Fragrance,Turpentine,0.3674,0.5926,0.0000,0.0000,https://www.fragrantica.com/perfume/Demeter-Fragrance/Turpentine-19907.html,76688,Aromag yan lan,Secret Deal,0.3674,0.5926,0.0000,0.0000,https://www.fragrantica.com/perfume/Aromag-yan-lan/Secret-Deal-76688.html
896-RCAV,Splendid-vanilla,,55556,REVIEW,0.0915,47949,Alexandria Fragrances,Splendid Vanille,0.7687,0.9333,0.5000,0.5000,https://www.fragrantica.com/perfume/Alexandria-Fragrances/Splendid-Vanille-47949.html,89044,Victoria s Secret,Spiced Vanilla,0.6771,0.7857,0.5000,0.5000,https://www.fragrantica.com/perfume/Victoria-s-Secret/Spiced-Vanilla-89044.html,115577,Al Rehab,Spanish Vanilla,0.6603,0.7586,0.5000,0.5000,https://www.fragrantica.com/perfume/Al-Rehab/Spanish-Vanilla-115577.html,75680,Angel Schlesser,Opulent Vanilla,0.6603,0.7586,0.5000,0.5000,https://www.fragrantica.com/perfume/Angel-Schlesser/Opulent-Vanilla-75680.html,80600,Antiqua Firenze,Opulent Vanilla,0.6603,0.7586,0.5000,0.5000,https://www.fragrantica.com/perfume/Antiqua-Firenze/Opulent-Vanilla-80600.html,61986,Theodoros Kalotinis,Vanilla,0.6595,0.6364,0.5000,1.0000,https://www.fragrantica.com/perfume/Theodoros-Kalotinis/Vanilla-61986.html,88588,Tom Ford,Vanilla,0.6595,0.6364,0.5000,1.0000,https://www.fragrantica.com/perfume/Tom-Ford/Vanilla-88588.html,121968,Aimee,VANILLA,0.6595,0.6364,0.5000,1.0000,https://www.fragrantica.com/perfume/Aimee/VANILLA-121968.html,104156,Alchemia,Vanilla,0.6595,0.6364,0.5000,1.0000,https://www.fragrantica.com/perfume/Alchemia/Vanilla-104156.html,8134,Alyssa Ashley,Vanilla,0.6595,0.6364,0.5000,1.0000,https://www.fragrantica.com/perfume/Alyssa-Ashley/Vanilla-8134.html
897-RCAV,Tiger Oud,,55556,REVIEW,0.0000,80103,Zoologist Perfumes,Tiger,0.7419,0.7692,0.5000,1.0000,https://www.fragrantica.com/perfume/Zoologist-Perfumes/Tiger-80103.html,70199,Boadicea the Victorious,Tiger,0.7419,0.7692,0.5000,1.0000,https://www.fragrantica.com/perfume/Boadicea-the-Victorious/Tiger-70199.html,112886,Rayhaan,Tiger,0.7419,0.7692,0.5000,1.0000,https://www.fragrantica.com/perfume/Rayhaan/Tiger-112886.html,97182,Azalea Parfums,I Tiger,0.7419,0.7692,0.5000,1.0000,https://www.fragrantica.com/perfume/Azalea-Parfums/I-Tiger-97182.html,107511,BellaVita,Tiger,0.7419,0.7692,0.5000,1.0000,https://www.fragrantica.com/perfume/BellaVita/Tiger-107511.html,126654,Dubai Niche,Tiger,0.7419,0.7692,0.5000,1.0000,https://www.fragrantica.com/perfume/Dubai-Niche/Tiger-126654.html,106098,Byermia,Tiger Rouge,0.6722,0.7778,0.5000,0.5000,https://www.fragrantica.com/perfume/Byermia/Tiger-Rouge-106098.html,87111,d grayi,Alter Oud,0.6550,0.7500,0.5000,0.5000,https://www.fragrantica.com/perfume/d-grayi/Alter-Oud-87111.html,99960,Ahmed Al Maghribi,Ignite Oud,0.6276,0.7059,0.5000,0.5000,https://www.fragrantica.com/perfume/Ahmed-Al-Maghribi/Ignite-Oud-99960.html,86960,ALT Fragrances,Fierce Oud,0.6276,0.7059,0.5000,0.5000,https://www.fragrantica.com/perfume/ALT-Fragrances/Fierce-Oud-86960.html
898-ROC,AQUA WOMAN - ROCHAS,,55556,WEAK,0.0228,39150,Avon,Aqua Frais,0.6468,0.7368,0.5000,0.5000,https://www.fragrantica.com/perfume/Avon/Aqua-Frais-39150.html,27135,Apple Parfums,Aqua Dolche,0.6240,0.7000,0.5000,0.5000,https://www.fragrantica.com/perfume/Apple-Parfums/Aqua-Dolche-27135.html,27133,Apple Parfums,Aqua Fresca,0.6240,0.7000,0.5000,0.5000,https://www.fragrantica.com/perfume/Apple-Parfums/Aqua-Fresca-27133.html,82166,Avon,Aqua,0.6193,0.5714,0.5000,1.0000,https://www.fragrantica.com/perfume/Avon/Aqua-82166.html,48601,Zara,Femme Aqua,0.6193,0.5714,0.5000,1.0000,https://www.fragrantica.com/perfume/Zara/Femme-Aqua-48601.html,21388,Abdul Samad Al Qurashi,Aqua,0.6193,0.5714,0.5000,1.0000,https://www.fragrantica.com/perfume/Abdul-Samad-Al-Qurashi/Aqua-21388.html,122559,Batlah,Aqua,0.6193,0.5714,0.5000,1.0000,https://www.fragrantica.com/perfume/Batlah/Aqua-122559.html,118680,Beverly Hills Polo Club,Aqua,0.6193,0.5714,0.5000,1.0000,https://www.fragrantica.com/perfume/Beverly-Hills-Polo-Club/Aqua-118680.html,25028,Botanique,Aqua,0.6193,0.5714,0.5000,1.0000,https://www.fragrantica.com/perfume/Botanique/Aqua-25028.html,34162,CIEL Parfum,Aqua,0.6193,0.5714,0.5000,1.0000,https://www.fragrantica.com/perfume/CIEL-Parfum/Aqua-34162.html
899-ROC,MADEMOISSELE - ROCHAS,,55556,WEAK,0.0537,48668,Aroma Essence,Mademoiselle Rose,0.5106,0.8235,0.0000,0.0000,https://www.fragrantica.com/perfume/Aroma-Essence/Mademoiselle-Rose-48668.html,20345,Charrier Parfums,Mademoiselle Charrier,0.4568,0.7368,0.0000,0.0000,https://www.fragrantica.com/perfume/Charrier-Parfums/Mademoiselle-Charrier-20345.html,34192,Azzaro,Mademoiselle,0.4547,0.7333,0.0000,0.0000,https://www.fragrantica.com/perfume/Azzaro/Mademoiselle-34192.html,63974,Swiss Arabian,Mademoiselle,0.4547,0.7333,0.0000,0.0000,https://www.fragrantica.com/perfume/Swiss-Arabian/Mademoiselle-63974.html,56176,Amberfig,Mademoiselle,0.4547,0.7333,0.0000,0.0000,https://www.fragrantica.com/perfume/Amberfig/Mademoiselle-56176.html,84695,Ascania,5 L mademoiselle,0.4547,0.7333,0.0000,0.0000,https://www.fragrantica.com/perfume/Ascania/5-L-mademoiselle-84695.html,20023,Charrier Parfums,Mademoiselle France,0.4478,0.7222,0.0000,0.0000,https://www.fragrantica.com/perfume/Charrier-Parfums/Mademoiselle-France-20023.html,111805,Alan Bray,Mademoiselle L ange,0.4376,0.7059,0.0000,0.0000,https://www.fragrantica.com/perfume/Alan-Bray/Mademoiselle-L-ange-111805.html,49322,Azzaro,Mademoiselle L Eau Tre s Florale,0.4340,0.7000,0.0000,0.0000,https://www.fragrantica.com/perfume/Azzaro/Mademoiselle-L-Eau-Tre-s-Florale-49322.html,134493,Christine Arbel,Mademoiselle Arbel a Paris,0.4340,0.7000,0.0000,0.0000,https://www.fragrantica.com/perfume/Christine-Arbel/Mademoiselle-Arbel-a-Paris-134493.html
900-ROG,FLEUR DE FIGUIER,,55556,REVIEW,0.3450,23550,Chabaud Maison de Parfum,Fleur de Figuier,1.0000,1.0000,1.0000,1.0000,https://www.fragrantica.com/perfume/Chabaud-Maison-de-Parfum/Fleur-de-Figuier-23550.html,6434,Kenzo,Eau de Fleur de Prunier,0.6550,0.7500,0.5000,0.5000,https://www.fragrantica.com/perfume/Kenzo/Eau-de-Fleur-de-Prunier-6434.html,137592,Cache,Fleur de Lumiere,0.6550,0.7500,0.5000,0.5000,https://www.fragrantica.com/perfume/Cache/Fleur-de-Lumiere-137592.html,122845,Chloe,Plage du Figuier,0.6419,0.7692,0.5000,0.3333,https://www.fragrantica.com/perfume/Chloe/Plage-du-Figuier-122845.html,4331,Caudalie,Fleur de Vigne,0.6409,0.7273,0.5000,0.5000,https://www.fragrantica.com/perfume/Caudalie/Fleur-de-Vigne-4331.html,23496,Adopt Parfums,Fleur de Cerisier,0.6364,0.7200,0.5000,0.5000,https://www.fragrantica.com/perfume/Adopt-Parfums/Fleur-de-Cerisier-23496.html,24944,Avon,Fleur,0.6297,0.5882,0.5000,1.0000,https://www.fragrantica.com/perfume/Avon/Fleur-24944.html,4615,Kenzo,Eau De Fleur de The,0.6297,0.5882,0.5000,1.0000,https://www.fragrantica.com/perfume/Kenzo/Eau-De-Fleur-de-The-4615.html,43618,O Boticario,Fleur,0.6297,0.5882,0.5000,1.0000,https://www.fragrantica.com/perfume/O-Boticario/Fleur-43618.html,101301,Amzan,Fleur,0.6297,0.5882,0.5000,1.0000,https://www.fragrantica.com/perfume/Amzan/Fleur-101301.html
901-ROG,ROSE,,55556,REVIEW,0.0000,20491,Amouage,Rose,1.0000,1.0000,1.0000,1.0000,https://www.fragrantica.com/perfume/Amouage/Rose-20491.html,56365,Bath Body Works,Rose,1.0000,1.0000,1.0000,1.0000,https://www.fragrantica.com/perfume/Bath-Body-Works/Rose-56365.html,77526,Bath Body Works,Rose,1.0000,1.0000,1.0000,1.0000,https://www.fragrantica.com/perfume/Bath-Body-Works/Rose-77526.html,15171,Demeter Fragrance,Rose,1.0000,1.0000,1.0000,1.0000,https://www.fragrantica.com/perfume/Demeter-Fragrance/Rose-15171.html,71661,Diptyque,Eau Rose Eau De Parfum,1.0000,1.0000,1.0000,1.0000,https://www.fragrantica.com/perfume/Diptyque/Eau-Rose-Eau-De-Parfum-71661.html,14214,Diptyque,Eau Rose,1.0000,1.0000,1.0000,1.0000,https://www.fragrantica.com/perfume/Diptyque/Eau-Rose-14214.html,119784,Ex Nihilo,Rose,1.0000,1.0000,1.0000,1.0000,https://www.fragrantica.com/perfume/Ex-Nihilo/Rose-119784.html,60778,O Boticario,Rose,1.0000,1.0000,1.0000,1.0000,https://www.fragrantica.com/perfume/O-Boticario/Rose-60778.html,46815,Rasasi,Rose,1.0000,1.0000,1.0000,1.0000,https://www.fragrantica.com/perfume/Rasasi/Rose-46815.html,36585,Roja Dove,Rose,1.0000,1.0000,1.0000,1.0000,https://www.fragrantica.com/perfume/Roja-Dove/Rose-36585.html
902-SALV,Dalissime,,55556,WEAK,0.0000,71202,Marc Jacobs,Daisy Skies,0.4568,0.7368,0.0000,0.0000,https://www.fragrantica.com/perfume/Marc-Jacobs/Daisy-Skies-71202.html,37903,Mugler,Woodissime,0.4568,0.7368,0.0000,0.0000,https://www.fragrantica.com/perfume/Mugler/Woodissime-37903.html,6601,Marc Jacobs,Daisy Silver Edition,0.4340,0.7000,0.0000,0.0000,https://www.fragrantica.com/perfume/Marc-Jacobs/Daisy-Silver-Edition-6601.html,42892,Mugler,Alien Eau Sublime,0.4133,0.6667,0.0000,0.0000,https://www.fragrantica.com/perfume/Mugler/Alien-Eau-Sublime-42892.html,139524,Ahmed Al Maghribi,Is It Me,0.4133,0.6667,0.0000,0.0000,https://www.fragrantica.com/perfume/Ahmed-Al-Maghribi/Is-It-Me-139524.html,92442,Boadicea the Victorious,Assima,0.4133,0.6667,0.0000,0.0000,https://www.fragrantica.com/perfume/Boadicea-the-Victorious/Assima-92442.html,96433,Acqua degli Dei,Ulisse,0.4133,0.6667,0.0000,0.0000,https://www.fragrantica.com/perfume/Acqua-degli-Dei/Ulisse-96433.html,96601,Adleen Haute Parfumerie,Adalusite,0.4133,0.6667,0.0000,0.0000,https://www.fragrantica.com/perfume/Adleen-Haute-Parfumerie/Adalusite-96601.html,107561,Adopt Parfums,Sublimissime,0.4133,0.6667,0.0000,0.0000,https://www.fragrantica.com/perfume/Adopt-Parfums/Sublimissime-107561.html,131800,Adopt Parfums,Sublimissime,0.4133,0.6667,0.0000,0.0000,https://www.fragrantica.com/perfume/Adopt-Parfums/Sublimissime-131800.html
904-SALV,SALVADOR DALI fragrances,,55556,WEAK,0.1000,102201,Badr Harqan,Salvador,0.5573,0.5333,0.3333,1.0000,https://www.fragrantica.com/perfume/Badr-Harqan/Salvador-102201.html,21363,Zara,Zara Man Exclusive Fragrances Cologne,0.4573,0.5333,0.3333,0.3333,https://www.fragrantica.com/perfume/Zara/Zara-Man-Exclusive-Fragrances-Cologne-21363.html,3613,Lancome,Peut Etre La Collection Fragrances,0.4167,0.5000,0.3333,0.2000,https://www.fragrantica.com/perfume/Lancome/Peut-Etre-La-Collection-Fragrances-3613.html,117565,Contes de Parfums,Salvador da Bahia Alexandra Carlin,0.4167,0.5000,0.3333,0.2000,https://www.fragrantica.com/perfume/Contes-de-Parfums/Salvador-da-Bahia-Alexandra-Carlin-117565.html,106415,Zara,A Day Fragrance,0.4012,0.6471,0.0000,0.0000,https://www.fragrantica.com/perfume/Zara/A-Day-Fragrance-106415.html,6003,B Never Too Busy To Be Beautiful,Love Fragrance,0.3897,0.6286,0.0000,0.0000,https://www.fragrantica.com/perfume/B-Never-Too-Busy-To-Be-Beautiful/Love-Fragrance-6003.html,4499,Dior,J Adore Summer Fragrance,0.3838,0.6190,0.0000,0.0000,https://www.fragrantica.com/perfume/Dior/J-Adore-Summer-Fragrance-4499.html,114291,Elizabeth Arden,Sunflowers Fine Fragrance Mist,0.3796,0.6122,0.0000,0.0000,https://www.fragrantica.com/perfume/Elizabeth-Arden/Sunflowers-Fine-Fragrance-Mist-114291.html,65510,Chanel,Chanel No 5 Hair Fragrance,0.3749,0.6047,0.0000,0.0000,https://www.fragrantica.com/perfume/Chanel/Chanel-No-5-Hair-Fragrance-65510.html,22029,Ann Taylor,Signature Fragrance,0.3720,0.6000,0.0000,0.0000,https://www.fragrantica.com/perfume/Ann-Taylor/Signature-Fragrance-22029.html
905-SFER,AMO - S.FERRAGAMO,,55556,WEAK,0.0152,30391,Bi es,Ti Amo Ti Amo,0.5282,0.5455,0.5000,0.5000,https://www.fragrantica.com/perfume/Bi-es/Ti-Amo-Ti-Amo-30391.html,33356,Natura,Amo,0.5130,0.4000,0.5000,1.0000,https://www.fragrantica.com/perfume/Natura/Amo-33356.html,33357,Natura,Amo,0.5130,0.4000,0.5000,1.0000,https://www.fragrantica.com/perfume/Natura/Amo-33357.html,238,Cacharel,Amor Amor,0.4340,0.7000,0.0000,0.0000,https://www.fragrantica.com/perfume/Cacharel/Amor-Amor-238.html,95720,Cacharel,Amor Amor Eau de Parfum,0.4340,0.7000,0.0000,0.0000,https://www.fragrantica.com/perfume/Cacharel/Amor-Amor-Eau-de-Parfum-95720.html,37605,Cacharel,Amor Amor L Eau,0.4340,0.7000,0.0000,0.0000,https://www.fragrantica.com/perfume/Cacharel/Amor-Amor-L-Eau-37605.html,24485,Cacharel,Amor Amor L Eau,0.4340,0.7000,0.0000,0.0000,https://www.fragrantica.com/perfume/Cacharel/Amor-Amor-L-Eau-24485.html,30601,Cacharel,Amor Amor L Eau,0.4340,0.7000,0.0000,0.0000,https://www.fragrantica.com/perfume/Cacharel/Amor-Amor-L-Eau-30601.html,44771,Avon,Amor Amora,0.4133,0.6667,0.0000,0.0000,https://www.fragrantica.com/perfume/Avon/Amor-Amora-44771.html,83791,Alen Mak,Amon Ra Amon Ra,0.4133,0.6667,0.0000,0.0000,https://www.fragrantica.com/perfume/Alen-Mak/Amon-Ra-Amon-Ra-83791.html
906-SFER,EMOZIONE - S.FERRAGAMO,,55556,WEAK,0.2418,38202,Carlo Colucci,Emozione Uomo,0.6176,0.6897,0.5000,0.5000,https://www.fragrantica.com/perfume/Carlo-Colucci/Emozione-Uomo-38202.html,62090,Angel Schlesser,Tempting Bergamot,0.3758,0.6061,0.0000,0.0000,https://www.fragrantica.com/perfume/Angel-Schlesser/Tempting-Bergamot-62090.html,86687,The Dua Brand,Veneto Bergamot,0.3600,0.5806,0.0000,0.0000,https://www.fragrantica.com/perfume/The-Dua-Brand/Veneto-Bergamot-86687.html,97547,Bleu Blanc Fleur France,Smokey Bergamot,0.3600,0.5806,0.0000,0.0000,https://www.fragrantica.com/perfume/Bleu-Blanc-Fleur-France/Smokey-Bergamot-97547.html,79439,Jo Malone London,Hemlock Bergamot,0.3488,0.5625,0.0000,0.0000,https://www.fragrantica.com/perfume/Jo-Malone-London/Hemlock-Bergamot-79439.html,53542,Jo Malone London,Hemlock Bergamot,0.3488,0.5625,0.0000,0.0000,https://www.fragrantica.com/perfume/Jo-Malone-London/Hemlock-Bergamot-53542.html,85843,The Dua Brand,Blazing Bergamot,0.3488,0.5625,0.0000,0.0000,https://www.fragrantica.com/perfume/The-Dua-Brand/Blazing-Bergamot-85843.html,66919,Zara,Hopeful Bergamot,0.3488,0.5625,0.0000,0.0000,https://www.fragrantica.com/perfume/Zara/Hopeful-Bergamot-66919.html,72075,AAP PERFUMES,COCONUT BERGAMOT,0.3488,0.5625,0.0000,0.0000,https://www.fragrantica.com/perfume/AAP-PERFUMES/COCONUT-BERGAMOT-72075.html,128282,Alvarez Gomez,Jazmin y Bergamota,0.3488,0.5625,0.0000,0.0000,https://www.fragrantica.com/perfume/Alvarez-Gomez/Jazmin-y-Bergamota-128282.html
907-SFER,SIGNORINA - FERRAGAMO,,55556,WEAK,0.0022,117953,Alan Bray,Signorina Assoluta,0.5797,0.6286,0.5000,0.5000,https://www.fragrantica.com/perfume/Alan-Bray/Signorina-Assoluta-117953.html,117950,Alan Bray,Signorina Candy,0.5775,0.6250,0.5000,0.5000,https://www.fragrantica.com/perfume/Alan-Bray/Signorina-Candy-117950.html,117952,Alan Bray,Signorina Divina,0.5658,0.6061,0.5000,0.5000,https://www.fragrantica.com/perfume/Alan-Bray/Signorina-Divina-117952.html,117951,Alan Bray,Signorina Allettante,0.5586,0.5946,0.5000,0.5000,https://www.fragrantica.com/perfume/Alan-Bray/Signorina-Allettante-117951.html,131330,Amazing Creation,Oriental Bergamot,0.4012,0.6471,0.0000,0.0000,https://www.fragrantica.com/perfume/Amazing-Creation/Oriental-Bergamot-131330.html,94142,Aquaflor Firenze,Signoria,0.3815,0.6154,0.0000,0.0000,https://www.fragrantica.com/perfume/Aquaflor-Firenze/Signoria-94142.html,127928,Domani Perfumes,Sigorina,0.3815,0.6154,0.0000,0.0000,https://www.fragrantica.com/perfume/Domani-Perfumes/Sigorina-127928.html,83332,ABD Malik,Cigar Bergamot,0.3600,0.5806,0.0000,0.0000,https://www.fragrantica.com/perfume/ABD-Malik/Cigar-Bergamot-83332.html,4082,Accord Parfait,The Noir Bergamote,0.3600,0.5806,0.0000,0.0000,https://www.fragrantica.com/perfume/Accord-Parfait/The-Noir-Bergamote-4082.html,36011,Art Deco Perfumes,Senor Fernando,0.3600,0.5806,0.0000,0.0000,https://www.fragrantica.com/perfume/Art-Deco-Perfumes/Senor-Fernando-36011.html
908-SFER,SIGNORINA MISTERIOSA - FERRAGAMO,,55556,WEAK,0.0154,117952,Alan Bray,Signorina Divina,0.4977,0.5581,0.3333,0.5000,https://www.fragrantica.com/perfume/Alan-Bray/Signorina-Divina-117952.html,117953,Alan Bray,Signorina Assoluta,0.4823,0.5333,0.3333,0.5000,https://www.fragrantica.com/perfume/Alan-Bray/Signorina-Assoluta-117953.html,33910,Natura,Essencia Misteriosa Pataqueira,0.4810,0.5714,0.3333,0.3333,https://www.fragrantica.com/perfume/Natura/Essencia-Misteriosa-Pataqueira-33910.html,33656,Natura,Agua de Banho Misteriosa Pataqueira,0.4622,0.5614,0.3333,0.2500,https://www.fragrantica.com/perfume/Natura/Agua-de-Banho-Misteriosa-Pataqueira-33656.html,117950,Alan Bray,Signorina Candy,0.4469,0.4762,0.3333,0.5000,https://www.fragrantica.com/perfume/Alan-Bray/Signorina-Candy-117950.html,117951,Alan Bray,Signorina Allettante,0.4419,0.4681,0.3333,0.5000,https://www.fragrantica.com/perfume/Alan-Bray/Signorina-Allettante-117951.html,29930,AXE,Signature Mysterious,0.3430,0.5532,0.0000,0.0000,https://www.fragrantica.com/perfume/AXE/Signature-Mysterious-29930.html,95404,Fragrance World,Origami Misty Rose,0.3382,0.5455,0.0000,0.0000,https://www.fragrantica.com/perfume/Fragrance-World/Origami-Misty-Rose-95404.html,109430,Athoor Al Alam,Origami Misty Rose,0.3382,0.5455,0.0000,0.0000,https://www.fragrantica.com/perfume/Athoor-Al-Alam/Origami-Misty-Rose-109430.html,110714,Dkhoon Emirates,Signature Rose Gold,0.3307,0.5333,0.0000,0.0000,https://www.fragrantica.com/perfume/Dkhoon-Emirates/Signature-Rose-Gold-110714.html
909-SFER,TUSCAN SCENT WHITE MIMOSA - FERRAGAMO,,55556,WEAK,0.0000,66750,Bath Body Works,Sunshine Mimosa,0.4517,0.5333,0.2000,0.5000,https://www.fragrantica.com/perfume/Bath-Body-Works/Sunshine-Mimosa-66750.html,116157,Bath Body Works,Sunshine Mimosa,0.4517,0.5333,0.2000,0.5000,https://www.fragrantica.com/perfume/Bath-Body-Works/Sunshine-Mimosa-116157.html,124758,Zara,Scent No 01 White T Shirt,0.4496,0.4800,0.4000,0.4000,https://www.fragrantica.com/perfume/Zara/Scent-No-01-White-T-Shirt-124758.html,1849,Tom Ford,Tuscan Leather,0.4310,0.5000,0.2000,0.5000,https://www.fragrantica.com/perfume/Tom-Ford/Tuscan-Leather-1849.html,7568,Berkeley Square,White Bergamot,0.4310,0.5000,0.2000,0.5000,https://www.fragrantica.com/perfume/Berkeley-Square/White-Bergamot-7568.html,110710,Diana Drummond,The Stuart White Rose,0.4195,0.5217,0.2000,0.3333,https://www.fragrantica.com/perfume/Diana-Drummond/The-Stuart-White-Rose-110710.html,22699,Alexandre J,Oscent White,0.4162,0.4762,0.2000,0.5000,https://www.fragrantica.com/perfume/Alexandre-J/Oscent-White-22699.html,42201,Atrin Star,White Afgano,0.4162,0.4762,0.2000,0.5000,https://www.fragrantica.com/perfume/Atrin-Star/White-Afgano-42201.html,21343,Abdul Samad Al Qurashi,White Saffron,0.4094,0.4651,0.2000,0.5000,https://www.fragrantica.com/perfume/Abdul-Samad-Al-Qurashi/White-Saffron-21343.html,23455,Adopt Parfums,Litchi Mimosa,0.4094,0.4651,0.2000,0.5000,https://www.fragrantica.com/perfume/Adopt-Parfums/Litchi-Mimosa-23455.html
910-SARJ,LOVELY,,55556,REVIEW,0.0000,20103,Al Rehab,Lovely,1.0000,1.0000,1.0000,1.0000,https://www.fragrantica.com/perfume/Al-Rehab/Lovely-20103.html,127616,Arabian Oud,Lovely,1.0000,1.0000,1.0000,1.0000,https://www.fragrantica.com/perfume/Arabian-Oud/Lovely-127616.html,26572,City Parfum,Lovely,1.0000,1.0000,1.0000,1.0000,https://www.fragrantica.com/perfume/City-Parfum/Lovely-26572.html,20678,Dina Cosmetics,Lovely Me,0.8364,0.8571,1.0000,0.5000,https://www.fragrantica.com/perfume/Dina-Cosmetics/Lovely-Me-20678.html,126709,De Lavie Parfums,Lovely Bee,0.8010,0.8000,1.0000,0.5000,https://www.fragrantica.com/perfume/De-Lavie-Parfums/Lovely-Bee-126709.html,130219,Adopt Parfums,Lovely Kiss,0.7700,0.7500,1.0000,0.5000,https://www.fragrantica.com/perfume/Adopt-Parfums/Lovely-Kiss-130219.html,850,Givenchy,Lovely prism,0.7426,0.7059,1.0000,0.5000,https://www.fragrantica.com/perfume/Givenchy/Lovely-prism-850.html,129859,We Pink,Crave Lovely,0.7426,0.7059,1.0000,0.5000,https://www.fragrantica.com/perfume/We-Pink/Crave-Lovely-129859.html,70238,A pieu,Lovely Peony,0.7426,0.7059,1.0000,0.5000,https://www.fragrantica.com/perfume/A-pieu/Lovely-Peony-70238.html,112247,Aqua Savon,Lovely Savon,0.7426,0.7059,1.0000,0.5000,https://www.fragrantica.com/perfume/Aqua-Savon/Lovely-Savon-112247.html
911-SEPH,Fleur de Coton / Cotton Flower,,55556,REVIEW,0.0000,136044,biblioteka aromatov,Cotton flower,0.7026,0.7059,0.5000,1.0000,https://www.fragrantica.com/perfume/biblioteka-aromatov/Cotton-flower-136044.html,15568,Durance en Provence,Cotton flower,0.7026,0.7059,0.5000,1.0000,https://www.fragrantica.com/perfume/Durance-en-Provence/Cotton-flower-15568.html,34790,Adopt Parfums,Fleur de Coton,0.6525,0.6250,0.5000,1.0000,https://www.fragrantica.com/perfume/Adopt-Parfums/Fleur-de-Coton-34790.html,42803,Dans un Jardin,Fleur de Coton,0.6525,0.6250,0.5000,1.0000,https://www.fragrantica.com/perfume/Dans-un-Jardin/Fleur-de-Coton-42803.html,21518,Ajne,Fleur Blanche White Flower,0.5758,0.6222,0.5000,0.5000,https://www.fragrantica.com/perfume/Ajne/Fleur-Blanche-White-Flower-21518.html,93820,Maison Alhambra,Narcotic Flower,0.5114,0.6111,0.2500,0.5000,https://www.fragrantica.com/perfume/Maison-Alhambra/Narcotic-Flower-93820.html,129907,Victoria s Secret,Confetti Flower,0.5114,0.6111,0.2500,0.5000,https://www.fragrantica.com/perfume/Victoria-s-Secret/Confetti-Flower-129907.html,34567,L Artisan Parfumeur,Fleur de Carotte,0.4972,0.5882,0.2500,0.5000,https://www.fragrantica.com/perfume/L-Artisan-Parfumeur/Fleur-de-Carotte-34567.html,73007,Matiere Premiere,French Flower,0.4972,0.5882,0.2500,0.5000,https://www.fragrantica.com/perfume/Matiere-Premiere/French-Flower-73007.html,112163,Chaque Jour,Cotton Powder,0.4972,0.5882,0.2500,0.5000,https://www.fragrantica.com/perfume/Chaque-Jour/Cotton-Powder-112163.html
912-SHIS,ZEN,,55556,REVIEW,0.0000,106249,AMD Perfumes,Zen,1.0000,1.0000,1.0000,1.0000,https://www.fragrantica.com/perfume/AMD-Perfumes/Zen-106249.html,31476,Auphorie,Zen,1.0000,1.0000,1.0000,1.0000,https://www.fragrantica.com/perfume/Auphorie/Zen-31476.html,45721,Areej Le Dore,Oud Zen,0.7183,0.6667,1.0000,0.5000,https://www.fragrantica.com/perfume/Areej-Le-Dore/Oud-Zen-45721.html,98226,Besoin,Zen Mind,0.6770,0.6000,1.0000,0.5000,https://www.fragrantica.com/perfume/Besoin/Zen-Mind-98226.html,122712,Victoria s Secret,Ginger Zen,0.6150,0.5000,1.0000,0.5000,https://www.fragrantica.com/perfume/Victoria-s-Secret/Ginger-Zen-122712.html,103764,Dzintars,Matcha Zen,0.6150,0.5000,1.0000,0.5000,https://www.fragrantica.com/perfume/Dzintars/Matcha-Zen-103764.html,94155,Maison Alhambra,Zeno,0.5314,0.8571,0.0000,0.0000,https://www.fragrantica.com/perfume/Maison-Alhambra/Zeno-94155.html,75310,Athena Fragrances,ZENO,0.5314,0.8571,0.0000,0.0000,https://www.fragrantica.com/perfume/Athena-Fragrances/ZENO-75310.html,43677,Zara,Zara Zen Garden,0.5125,0.3750,1.0000,0.3333,https://www.fragrantica.com/perfume/Zara/Zara-Zen-Garden-43677.html,44175,Nishane,Zenne,0.4650,0.7500,0.0000,0.0000,https://www.fragrantica.com/perfume/Nishane/Zenne-44175.html
913-SIS,Eau du Soir,,55556,REVIEW,0.0000,10769,Le Labo,Belle Du Soir,0.7676,0.7059,1.0000,0.6667,https://www.fragrantica.com/perfume/Le-Labo/Belle-Du-Soir-10769.html,49621,Cathy Carden,Space Eau du Soir,0.7676,0.7059,1.0000,0.6667,https://www.fragrantica.com/perfume/Cathy-Carden/Space-Eau-du-Soir-49621.html,95086,Fragrance World,Soir,0.7610,0.8000,0.5000,1.0000,https://www.fragrantica.com/perfume/Fragrance-World/Soir-95086.html,17417,Zara,Soir,0.7610,0.8000,0.5000,1.0000,https://www.fragrantica.com/perfume/Zara/Soir-17417.html,78692,Asia Perfumes,Soir,0.7610,0.8000,0.5000,1.0000,https://www.fragrantica.com/perfume/Asia-Perfumes/Soir-78692.html,103596,Alex Simone,Chanceux du Soir,0.7020,0.6000,1.0000,0.6667,https://www.fragrantica.com/perfume/Alex-Simone/Chanceux-du-Soir-103596.html,82744,Coup de Coeur,Harmonie du Soir,0.7020,0.6000,1.0000,0.6667,https://www.fragrantica.com/perfume/Coup-de-Coeur/Harmonie-du-Soir-82744.html,44826,Boitown bing xi li,L eau du Soleil,0.6329,0.7143,0.5000,0.5000,https://www.fragrantica.com/perfume/Boitown-bing-xi-li/L-eau-du-Soleil-44826.html,31795,Cacharel,Amor Amor Mon Parfum Du Soir,0.6285,0.5217,1.0000,0.5000,https://www.fragrantica.com/perfume/Cacharel/Amor-Amor-Mon-Parfum-Du-Soir-31795.html,44827,Boitown bing xi li,L eau du Soir ye mu zhi shui,0.6035,0.5217,1.0000,0.3333,https://www.fragrantica.com/perfume/Boitown-bing-xi-li/L-eau-du-Soir-ye-mu-zhi-shui-44827.html
914-SIS,Eau Tropicale,,55556,REVIEW,0.0000,77574,Bioleanes,Emotion Tropicale,0.7514,0.7200,1.0000,0.5000,https://www.fragrantica.com/perfume/Bioleanes/Emotion-Tropicale-77574.html,106635,Calaj,Delizia Tropicale,0.7514,0.7200,1.0000,0.5000,https://www.fragrantica.com/perfume/Calaj/Delizia-Tropicale-106635.html,75882,Al Jazeera Perfumes,Tropical,0.5835,0.9412,0.0000,0.0000,https://www.fragrantica.com/perfume/Al-Jazeera-Perfumes/Tropical-75882.html,106402,Arquiste,Tropical,0.5835,0.9412,0.0000,0.0000,https://www.fragrantica.com/perfume/Arquiste/Tropical-106402.html,135035,Bottega Verde,Tropical,0.5835,0.9412,0.0000,0.0000,https://www.fragrantica.com/perfume/Bottega-Verde/Tropical-135035.html,118507,Rayhaan,Tropical Vibe,0.5314,0.8571,0.0000,0.0000,https://www.fragrantica.com/perfume/Rayhaan/Tropical-Vibe-118507.html,96963,Granado,Tropicalia,0.5221,0.8421,0.0000,0.0000,https://www.fragrantica.com/perfume/Granado/Tropicalia-96963.html,80735,The Dua Brand,Tropicalia,0.5221,0.8421,0.0000,0.0000,https://www.fragrantica.com/perfume/The-Dua-Brand/Tropicalia-80735.html,134785,We Pink,VF Tropical,0.5221,0.8421,0.0000,0.0000,https://www.fragrantica.com/perfume/We-Pink/VF-Tropical-134785.html,136723,Zara,Tropical Smoke,0.5073,0.8182,0.0000,0.0000,https://www.fragrantica.com/perfume/Zara/Tropical-Smoke-136723.html
915-SIS,Izia,,55556,WEAK,0.0310,14942,Cerchi Nell Acqua,Ipazia,0.4960,0.8000,0.0000,0.0000,https://www.fragrantica.com/perfume/Cerchi-Nell-Acqua/Ipazia-14942.html,42442,Natura,Ilia,0.4650,0.7500,0.0000,0.0000,https://www.fragrantica.com/perfume/Natura/Ilia-42442.html,10122,Penhaligon s,Zizonia,0.4509,0.7273,0.0000,0.0000,https://www.fragrantica.com/perfume/Penhaligon-s/Zizonia-10122.html,72323,Afnan,Lilia,0.4133,0.6667,0.0000,0.0000,https://www.fragrantica.com/perfume/Afnan/Lilia-72323.html,20113,Al Rehab,Zidan,0.4133,0.6667,0.0000,0.0000,https://www.fragrantica.com/perfume/Al-Rehab/Zidan-20113.html,27666,Armaf,iDiva,0.4133,0.6667,0.0000,0.0000,https://www.fragrantica.com/perfume/Armaf/iDiva-27666.html,33621,Bvlgari,Irina,0.4133,0.6667,0.0000,0.0000,https://www.fragrantica.com/perfume/Bvlgari/Irina-33621.html,41777,Chanel,Misia Eau de Parfum,0.4133,0.6667,0.0000,0.0000,https://www.fragrantica.com/perfume/Chanel/Misia-Eau-de-Parfum-41777.html,22207,Demeter Fragrance,Pizza,0.4133,0.6667,0.0000,0.0000,https://www.fragrantica.com/perfume/Demeter-Fragrance/Pizza-22207.html,99796,French Avenue,Irida,0.4133,0.6667,0.0000,0.0000,https://www.fragrantica.com/perfume/French-Avenue/Irida-99796.html
916-SOF,Love,,55556,REVIEW,0.0000,24955,Avon,Love,1.0000,1.0000,1.0000,1.0000,https://www.fragrantica.com/perfume/Avon/Love-24955.html,9370,Chloe,Love,1.0000,1.0000,1.0000,1.0000,https://www.fragrantica.com/perfume/Chloe/Love-9370.html,13129,Lush,Love,1.0000,1.0000,1.0000,1.0000,https://www.fragrantica.com/perfume/Lush/Love-13129.html,4741,Ralph Lauren,Love,1.0000,1.0000,1.0000,1.0000,https://www.fragrantica.com/perfume/Ralph-Lauren/Love-4741.html,46557,Victoria s Secret,Love Eau de Parfum,1.0000,1.0000,1.0000,1.0000,https://www.fragrantica.com/perfume/Victoria-s-Secret/Love-Eau-de-Parfum-46557.html,129838,Khadlaj Perfumes,D Love,1.0000,1.0000,1.0000,1.0000,https://www.fragrantica.com/perfume/Khadlaj-Perfumes/D-Love-129838.html,40317,Accessorize,Love,1.0000,1.0000,1.0000,1.0000,https://www.fragrantica.com/perfume/Accessorize/Love-40317.html,110065,Al Mu Attar,Love,1.0000,1.0000,1.0000,1.0000,https://www.fragrantica.com/perfume/Al-Mu-Attar/Love-110065.html,27062,Apple Parfums,Love,1.0000,1.0000,1.0000,1.0000,https://www.fragrantica.com/perfume/Apple-Parfums/Love-27062.html,57670,Arcana Wildcraft,Love,1.0000,1.0000,1.0000,1.0000,https://www.fragrantica.com/perfume/Arcana-Wildcraft/Love-57670.html
917-SWA,Aura,,55556,REVIEW,0.0000,45119,Armaf,Aura,1.0000,1.0000,1.0000,1.0000,https://www.fragrantica.com/perfume/Armaf/Aura-45119.html,58698,Avon,Aura,1.0000,1.0000,1.0000,1.0000,https://www.fragrantica.com/perfume/Avon/Aura-58698.html,85086,Lattafa Perfumes,Aura,1.0000,1.0000,1.0000,1.0000,https://www.fragrantica.com/perfume/Lattafa-Perfumes/Aura-85086.html,18981,Loewe,Aura,1.0000,1.0000,1.0000,1.0000,https://www.fragrantica.com/perfume/Loewe/Aura-18981.html,26257,Loewe,Aura Eau de Toilette,1.0000,1.0000,1.0000,1.0000,https://www.fragrantica.com/perfume/Loewe/Aura-Eau-de-Toilette-26257.html,92929,Aaron Terence Hughes,Aura,1.0000,1.0000,1.0000,1.0000,https://www.fragrantica.com/perfume/Aaron-Terence-Hughes/Aura-92929.html,107564,Aaron Terence Hughes,Aura,1.0000,1.0000,1.0000,1.0000,https://www.fragrantica.com/perfume/Aaron-Terence-Hughes/Aura-107564.html,70468,American Eagle,Aura Eau de Parfum,1.0000,1.0000,1.0000,1.0000,https://www.fragrantica.com/perfume/American-Eagle/Aura-Eau-de-Parfum-70468.html,17730,American Eagle,Aura,1.0000,1.0000,1.0000,1.0000,https://www.fragrantica.com/perfume/American-Eagle/Aura-17730.html,82689,Arcadia,Aura,1.0000,1.0000,1.0000,1.0000,https://www.fragrantica.com/perfume/Arcadia/Aura-82689.html
926-TOM,Tommy Girl,,55556,WEAK,0.0000,32559,Alyssa Ashley,B Girl,0.6465,0.6154,0.5000,1.0000,https://www.fragrantica.com/perfume/Alyssa-Ashley/B-Girl-32559.html,32611,Clayeux,Girl,0.6465,0.6154,0.5000,1.0000,https://www.fragrantica.com/perfume/Clayeux/Girl-32611.html,2083,Anna Sui,Dolly Girl,0.6033,0.6667,0.5000,0.5000,https://www.fragrantica.com/perfume/Anna-Sui/Dolly-Girl-2083.html,9296,Blue Q,Dirty Girl,0.6033,0.6667,0.5000,0.5000,https://www.fragrantica.com/perfume/Blue-Q/Dirty-Girl-9296.html,6900,Carolina Gynning,Go Girl,0.6033,0.6667,0.5000,0.5000,https://www.fragrantica.com/perfume/Carolina-Gynning/Go-Girl-6900.html,121938,Aura Fragrances,Beauty Girl,0.5816,0.6316,0.5000,0.5000,https://www.fragrantica.com/perfume/Aura-Fragrances/Beauty-Girl-121938.html,133182,Cyzone,Flirty Girl,0.5816,0.6316,0.5000,0.5000,https://www.fragrantica.com/perfume/Cyzone/Flirty-Girl-133182.html,55873,Agatha Ruiz de la Prada,Wow Girl,0.5775,0.6250,0.5000,0.5000,https://www.fragrantica.com/perfume/Agatha-Ruiz-de-la-Prada/Wow-Girl-55873.html,66002,ByBozo,Not a Girl,0.5775,0.6250,0.5000,0.5000,https://www.fragrantica.com/perfume/ByBozo/Not-a-Girl-66002.html,49251,Alexandria Fragrances,Naughty Girl,0.5620,0.6000,0.5000,0.5000,https://www.fragrantica.com/perfume/Alexandria-Fragrances/Naughty-Girl-49251.html
927-TOUZ,Rosa,,55556,REVIEW,0.0000,20136,Al Rehab,Rosa,1.0000,1.0000,1.0000,1.0000,https://www.fragrantica.com/perfume/Al-Rehab/Rosa-20136.html,82760,Alen Mak,Rosa,1.0000,1.0000,1.0000,1.0000,https://www.fragrantica.com/perfume/Alen-Mak/Rosa-82760.html,20427,Alvarez Gomez,Rosa,1.0000,1.0000,1.0000,1.0000,https://www.fragrantica.com/perfume/Alvarez-Gomez/Rosa-20427.html,74306,Aromas de Salazar,De Rosa,1.0000,1.0000,1.0000,1.0000,https://www.fragrantica.com/perfume/Aromas-de-Salazar/De-Rosa-74306.html,83676,Castelbel,Rosa,1.0000,1.0000,1.0000,1.0000,https://www.fragrantica.com/perfume/Castelbel/Rosa-83676.html,26691,Companhia da Terra,Rosa,1.0000,1.0000,1.0000,1.0000,https://www.fragrantica.com/perfume/Companhia-da-Terra/Rosa-26691.html,56207,Cultus Artem,Rosa,1.0000,1.0000,1.0000,1.0000,https://www.fragrantica.com/perfume/Cultus-Artem/Rosa-56207.html,50326,Armaf,La Rosa,0.8010,0.8000,1.0000,0.5000,https://www.fragrantica.com/perfume/Armaf/La-Rosa-50326.html,37568,Bois 1920,Rosa 23,0.8010,0.8000,1.0000,0.5000,https://www.fragrantica.com/perfume/Bois-1920/Rosa-23-37568.html,47206,Collistar,La Rosa,0.8010,0.8000,1.0000,0.5000,https://www.fragrantica.com/perfume/Collistar/La-Rosa-47206.html
942-VERW,Princess,,55556,REVIEW,0.0000,90174,By Kilian,Princess,1.0000,1.0000,1.0000,1.0000,https://www.fragrantica.com/perfume/By-Kilian/Princess-90174.html,97503,Rasasi,Princess,1.0000,1.0000,1.0000,1.0000,https://www.fragrantica.com/perfume/Rasasi/Princess-97503.html,22116,Amordad,Princess,1.0000,1.0000,1.0000,1.0000,https://www.fragrantica.com/perfume/Amordad/Princess-22116.html,94420,Beautimatic,Princess,1.0000,1.0000,1.0000,1.0000,https://www.fragrantica.com/perfume/Beautimatic/Princess-94420.html,102494,City Parfum,Princess,1.0000,1.0000,1.0000,1.0000,https://www.fragrantica.com/perfume/City-Parfum/Princess-102494.html,139087,DKHOUN,Princess,1.0000,1.0000,1.0000,1.0000,https://www.fragrantica.com/perfume/DKHOUN/Princess-139087.html,97589,Rasasi,Princess Bleu,0.8010,0.8000,1.0000,0.5000,https://www.fragrantica.com/perfume/Rasasi/Princess-Bleu-97589.html,97513,Rasasi,Princess Noir,0.8010,0.8000,1.0000,0.5000,https://www.fragrantica.com/perfume/Rasasi/Princess-Noir-97513.html,14039,Ajmal,Princess Musk,0.8010,0.8000,1.0000,0.5000,https://www.fragrantica.com/perfume/Ajmal/Princess-Musk-14039.html,96594,Ajmal,Pink Princess,0.8010,0.8000,1.0000,0.5000,https://www.fragrantica.com/perfume/Ajmal/Pink-Princess-96594.html
992-ZAD,Girls Can Do Anything,,55556,REVIEW,0.2516,70795,American Eagle,Do Anything,0.7079,0.7143,0.5000,1.0000,https://www.fragrantica.com/perfume/American-Eagle/Do-Anything-70795.html,68475,DS Durga,Sweet Do Nothing,0.4562,0.5625,0.2500,0.3333,https://www.fragrantica.com/perfume/DS-Durga/Sweet-Do-Nothing-68475.html,127168,Victoria s Secret,Girls Night,0.4425,0.5000,0.2500,0.5000,https://www.fragrantica.com/perfume/Victoria-s-Secret/Girls-Night-127168.html,26027,Natura,Priprioca Parfum Perfume do Brasil,0.3909,0.4571,0.2500,0.3333,https://www.fragrantica.com/perfume/Natura/Priprioca-Parfum-Perfume-do-Brasil-26027.html,135200,BUQ Care,Forca do Oceano,0.3875,0.4516,0.2500,0.3333,https://www.fragrantica.com/perfume/BUQ-Care/Forca-do-Oceano-135200.html,117905,Benetton,Sisterland Stranger Things,0.3838,0.6190,0.0000,0.0000,https://www.fragrantica.com/perfume/Benetton/Sisterland-Stranger-Things-117905.html,74257,Abelha Rainha,Madeira do Oriente Intense,0.3672,0.4390,0.2500,0.2500,https://www.fragrantica.com/perfume/Abelha-Rainha/Madeira-do-Oriente-Intense-74257.html,116647,Abelha Rainha,Madeira do Oriente Femme,0.3628,0.4118,0.2500,0.3333,https://www.fragrantica.com/perfume/Abelha-Rainha/Madeira-do-Oriente-Femme-116647.html,70075,Aquaflor,Mensageiro do Vento,0.3555,0.4000,0.2500,0.3333,https://www.fragrantica.com/perfume/Aquaflor/Mensageiro-do-Vento-70075.html,84118,Aguas de Ipanema,Caminho do Mar,0.3555,0.4000,0.2500,0.3333,https://www.fragrantica.com/perfume/Aguas-de-Ipanema/Caminho-do-Mar-84118.html
993-ZAD,JUST ROCK FOR HER - ZADIG & VOLTAIRE,zadig voltaire,1,WEAK,0.1127,39359,Zadig Voltaire,This is Him,0.1127,0.1818,0.0000,0.0000,https://www.fragrantica.com/perfume/Zadig-Voltaire/This-is-Him-39359.html,,,,,,,,,,,,,,,,,,,,,,,,,,,,,,,,,,,,,,,,,,,,,,,,,,,,,,,,,,,,,,,,,,,,,,,,
994-ZAD,This Is Her,,55556,REVIEW,0.0000,137143,Atelier Verno,This Is Me,0.7639,0.8235,0.6667,0.6667,https://www.fragrantica.com/perfume/Atelier-Verno/This-Is-Me-137143.html,84971,Custo Barcelona,This is Me,0.7639,0.8235,0.6667,0.6667,https://www.fragrantica.com/perfume/Custo-Barcelona/This-is-Me-84971.html,39359,Zadig Voltaire,This is Him,0.7356,0.7778,0.6667,0.6667,https://www.fragrantica.com/perfume/Zadig-Voltaire/This-is-Him-39359.html,93796,The Dua Brand,This Is You Me,0.6623,0.7000,0.6667,0.5000,https://www.fragrantica.com/perfume/The-Dua-Brand/This-Is-You-Me-93796.html,18416,Disney Jasmine Collection by Sephora,So This Is Love,0.6417,0.6667,0.6667,0.5000,https://www.fragrantica.com/perfume/Disney-Jasmine-Collection-by-Sephora/So-This-Is-Love-18416.html,19878,Demeter Fragrance,This Is Not A Pipe,0.6229,0.6364,0.6667,0.5000,https://www.fragrantica.com/perfume/Demeter-Fragrance/This-Is-Not-A-Pipe-19878.html,82769,ADR Extrait de Parfum,Is This Love,0.5796,0.5263,0.6667,0.6667,https://www.fragrantica.com/perfume/ADR-Extrait-de-Parfum/Is-This-Love-82769.html,72039,Anka Kus Parfuem,This Ember,0.5650,0.6667,0.3333,0.5000,https://www.fragrantica.com/perfume/Anka-Kus-Parfuem/This-Ember-72039.html,116083,Cloudy Scents,1 who is she,0.5643,0.7059,0.3333,0.3333,https://www.fragrantica.com/perfume/Cloudy-Scents/1-who-is-she-116083.html,98896,Fragrance World,Optimystic Her,0.5462,0.6364,0.3333,0.5000,https://www.fragrantica.com/perfume/Fragrance-World/Optimystic-Her-98896.html
1021-BOG,One Man Show Eau de Toilette,,55556,WEAK,0.0180,30933,Vilhelm Parfumerie,Smoke Show,0.6550,0.7500,0.5000,0.5000,https://www.fragrantica.com/perfume/Vilhelm-Parfumerie/Smoke-Show-30933.html,19934,Al Haramain Perfumes,A One,0.6370,0.6000,0.5000,1.0000,https://www.fragrantica.com/perfume/Al-Haramain-Perfumes/A-One-19934.html,27662,Armaf,Edition One,0.6370,0.6000,0.5000,1.0000,https://www.fragrantica.com/perfume/Armaf/Edition-One-27662.html,27694,Armaf,Edition One Men,0.6370,0.6000,0.5000,1.0000,https://www.fragrantica.com/perfume/Armaf/Edition-One-Men-27694.html,4494,Dolce Gabbana,L eau The One,0.6370,0.6000,0.5000,1.0000,https://www.fragrantica.com/perfume/Dolce-Gabbana/L-eau-The-One-4494.html,698,Dolce Gabbana,The One,0.6370,0.6000,0.5000,1.0000,https://www.fragrantica.com/perfume/Dolce-Gabbana/The-One-698.html,46273,Dolce Gabbana,The One Eau de Toilette,0.6370,0.6000,0.5000,1.0000,https://www.fragrantica.com/perfume/Dolce-Gabbana/The-One-Eau-de-Toilette-46273.html,2056,Dolce Gabbana,The One for Men,0.6370,0.6000,0.5000,1.0000,https://www.fragrantica.com/perfume/Dolce-Gabbana/The-One-for-Men-2056.html,31909,Dolce Gabbana,The One for Men Eau de Parfum,0.6370,0.6000,0.5000,1.0000,https://www.fragrantica.com/perfume/Dolce-Gabbana/The-One-for-Men-Eau-de-Parfum-31909.html,121024,Dolce Gabbana,The One Pour Homme Eau de Parfum,0.6370,0.6000,0.5000,1.0000,https://www.fragrantica.com/perfume/Dolce-Gabbana/The-One-Pour-Homme-Eau-de-Parfum-121024.html
1116-ZEG,UOMO ABSOLUT - ERMENEGILDO ZEGNA,,55556,WEAK,0.0366,137083,Alain Aregon,Absolut Man,0.4628,0.4118,0.2500,1.0000,https://www.fragrantica.com/perfume/Alain-Aregon/Absolut-Man-137083.html,137082,Alain Aregon,Absolut Man Agua,0.4262,0.4737,0.2500,0.5000,https://www.fragrantica.com/perfume/Alain-Aregon/Absolut-Man-Agua-137082.html,136007,Caneza,Uomo Bold,0.4159,0.4571,0.2500,0.5000,https://www.fragrantica.com/perfume/Caneza/Uomo-Bold-136007.html,137659,BLVCKOUT PARIS,Absolut Delight,0.4047,0.4390,0.2500,0.5000,https://www.fragrantica.com/perfume/BLVCKOUT-PARIS/Absolut-Delight-137659.html,137084,Alain Aregon,Absolut Man Sport,0.3869,0.4103,0.2500,0.5000,https://www.fragrantica.com/perfume/Alain-Aregon/Absolut-Man-Sport-137084.html,128255,Bottega Verde,Uomo Momenti di Blu,0.3834,0.4651,0.2500,0.2500,https://www.fragrantica.com/perfume/Bottega-Verde/Uomo-Momenti-di-Blu-128255.html,52415,Clive Christian,Osmanthus Absolut Oil,0.3771,0.4348,0.2500,0.3333,https://www.fragrantica.com/perfume/Clive-Christian/Osmanthus-Absolut-Oil-52415.html,15750,Bottega Verde,Uomo Legno Marino,0.3732,0.4286,0.2500,0.3333,https://www.fragrantica.com/perfume/Bottega-Verde/Uomo-Legno-Marino-15750.html,94317,Armaf,Q Uomo,0.3675,0.2581,0.2500,1.0000,https://www.fragrantica.com/perfume/Armaf/Q-Uomo-94317.html,39354,Avon,Uomo,0.3675,0.2581,0.2500,1.0000,https://www.fragrantica.com/perfume/Avon/Uomo-39354.html
1118-FAB,BRUT 1964,,55556,WEAK,0.0000,15303,Brut Parfums Prestige,Brut,0.6783,0.6667,0.5000,1.0000,https://www.fragrantica.com/perfume/Brut-Parfums-Prestige/Brut-15303.html,15311,Brut Parfums Prestige,Eau de Brut,0.6783,0.6667,0.5000,1.0000,https://www.fragrantica.com/perfume/Brut-Parfums-Prestige/Eau-de-Brut-15311.html,15313,Brut Parfums Prestige,Brut Musk,0.5000,0.5000,0.5000,0.5000,https://www.fragrantica.com/perfume/Brut-Parfums-Prestige/Brut-Musk-15313.html,62700,Atelier Oblique,Beton Brut,0.4818,0.4706,0.5000,0.5000,https://www.fragrantica.com/perfume/Atelier-Oblique/Beton-Brut-62700.html,26188,Daniel Hechter,Jeans Brut,0.4818,0.4706,0.5000,0.5000,https://www.fragrantica.com/perfume/Daniel-Hechter/Jeans-Brut-26188.html,15310,Brut Parfums Prestige,Brut Alaska,0.4656,0.4444,0.5000,0.5000,https://www.fragrantica.com/perfume/Brut-Parfums-Prestige/Brut-Alaska-15310.html,15308,Brut Parfums Prestige,Brut Oceans,0.4656,0.4444,0.5000,0.5000,https://www.fragrantica.com/perfume/Brut-Parfums-Prestige/Brut-Oceans-15308.html,15307,Brut Parfums Prestige,Brut Passion,0.4511,0.4211,0.5000,0.5000,https://www.fragrantica.com/perfume/Brut-Parfums-Prestige/Brut-Passion-15307.html,118025,Brioni,Labdanum Brut,0.4380,0.4000,0.5000,0.5000,https://www.fragrantica.com/perfume/Brioni/Labdanum-Brut-118025.html,15304,Brut Parfums Prestige,Brut Identity,0.4380,0.4000,0.5000,0.5000,https://www.fragrantica.com/perfume/Brut-Parfums-Prestige/Brut-Identity-15304.html
1121-GFE,FERRE MAN,,55556,REVIEW,0.2223,52617,Al Ambra,Irish Ferre,0.7183,0.6667,1.0000,0.5000,https://www.fragrantica.com/perfume/Al-Ambra/Irish-Ferre-52617.html,112630,Albatross,Feyre,0.4960,0.8000,0.0000,0.0000,https://www.fragrantica.com/perfume/Albatross/Feyre-112630.html,57903,Anna Pegova,Terre,0.4960,0.8000,0.0000,0.0000,https://www.fragrantica.com/perfume/Anna-Pegova/Terre-57903.html,42838,Dans un Jardin,Terre,0.4960,0.8000,0.0000,0.0000,https://www.fragrantica.com/perfume/Dans-un-Jardin/Terre-42838.html,98712,Armaf,Feroce,0.4509,0.7273,0.0000,0.0000,https://www.fragrantica.com/perfume/Armaf/Feroce-98712.html,6500,Diptyque,Eau de Lierre Eau de Toilette,0.4509,0.7273,0.0000,0.0000,https://www.fragrantica.com/perfume/Diptyque/Eau-de-Lierre-Eau-de-Toilette-6500.html,94029,Fragrance World,Feroce Pour Homme,0.4509,0.7273,0.0000,0.0000,https://www.fragrantica.com/perfume/Fragrance-World/Feroce-Pour-Homme-94029.html,95174,French Avenue,Fierte,0.4509,0.7273,0.0000,0.0000,https://www.fragrantica.com/perfume/French-Avenue/Fierte-95174.html,4077,Van Cleef Arpels,Feerie,0.4509,0.7273,0.0000,0.0000,https://www.fragrantica.com/perfume/Van-Cleef-Arpels/Feerie-4077.html,6010,Van Cleef Arpels,Feerie Eau de Toilette,0.4509,0.7273,0.0000,0.0000,https://www.fragrantica.com/perfume/Van-Cleef-Arpels/Feerie-Eau-de-Toilette-6010.html
1122-GFE,In the Mood for Love,,55556,REVIEW,0.0430,49396,Stephane Humbert Lucas 777,In The Wood For Love,0.8113,0.9000,0.6667,0.6667,https://www.fragrantica.com/perfume/Stephane-Humbert-Lucas-777/In-The-Wood-For-Love-49396.html,54339,Acidica Perfumes,In Love,0.7683,0.7500,0.6667,1.0000,https://www.fragrantica.com/perfume/Acidica-Perfumes/In-Love-54339.html,101981,Asia Perfumes,In Love,0.7683,0.7500,0.6667,1.0000,https://www.fragrantica.com/perfume/Asia-Perfumes/In-Love-101981.html,24085,Calzedonia,In Love,0.7683,0.7500,0.6667,1.0000,https://www.fragrantica.com/perfume/Calzedonia/In-Love-24085.html,138452,Christine Lavoisier Parfums,In Love,0.7683,0.7500,0.6667,1.0000,https://www.fragrantica.com/perfume/Christine-Lavoisier-Parfums/In-Love-138452.html,64151,CIEL Parfum,In Love,0.7683,0.7500,0.6667,1.0000,https://www.fragrantica.com/perfume/CIEL-Parfum/In-Love-64151.html,111950,CULT,Woman in Love,0.7683,0.7500,0.6667,1.0000,https://www.fragrantica.com/perfume/CULT/Woman-in-Love-111950.html,133184,Cyzone,In Love,0.7683,0.7500,0.6667,1.0000,https://www.fragrantica.com/perfume/Cyzone/In-Love-133184.html,131652,De Lavie Parfums,In Love,0.7683,0.7500,0.6667,1.0000,https://www.fragrantica.com/perfume/De-Lavie-Parfums/In-Love-131652.html,56033,Juliette Has A Gun,In The Mood For Oud,0.7102,0.7368,0.6667,0.6667,https://www.fragrantica.com/perfume/Juliette-Has-A-Gun/In-The-Mood-For-Oud-56033.html
1151-HAL,Halston Z-14 Cologne,,55556,WEAK,0.0344,113508,Aiam,Chapter 14,0.5344,0.5556,0.5000,0.5000,https://www.fragrantica.com/perfume/Aiam/Chapter-14-113508.html,64266,Zara,Sport 14 0,0.5000,0.5000,0.5000,0.5000,https://www.fragrantica.com/perfume/Zara/Sport-14-0-64266.html,85708,The Dua Brand,3 14,0.4905,0.3636,0.5000,1.0000,https://www.fragrantica.com/perfume/The-Dua-Brand/3-14-85708.html,40631,Aromatologic,No 14,0.4762,0.4615,0.5000,0.5000,https://www.fragrantica.com/perfume/Aromatologic/No-14-40631.html,64260,Zara,Classics 14 0,0.4511,0.4211,0.5000,0.5000,https://www.fragrantica.com/perfume/Zara/Classics-14-0-64260.html,69022,Amyi,Amyi 2 14,0.4380,0.4000,0.5000,0.5000,https://www.fragrantica.com/perfume/Amyi/Amyi-2-14-69022.html,18175,Cereus,Cereus No 14,0.4261,0.4211,0.5000,0.3333,https://www.fragrantica.com/perfume/Cereus/Cereus-No-14-18175.html,17624,Lush,Hellstone,0.4133,0.6667,0.0000,0.0000,https://www.fragrantica.com/perfume/Lush/Hellstone-17624.html,87023,ALT Fragrances,Ha Long,0.4133,0.6667,0.0000,0.0000,https://www.fragrantica.com/perfume/ALT-Fragrances/Ha-Long-87023.html,47477,Roja Dove,Semi Bespoke No 14,0.4108,0.4167,0.5000,0.2500,https://www.fragrantica.com/perfume/Roja-Dove/Semi-Bespoke-No-14-47477.html
1184-JOO,JOOP - JOOP,,55556,WEAK,0.0000,26722,Alan Bray,Voodoo,0.3543,0.5714,0.0000,0.0000,https://www.fragrantica.com/perfume/Alan-Bray/Voodoo-26722.html,13152,Betsey Johnson,Too Too,0.3543,0.5714,0.0000,0.0000,https://www.fragrantica.com/perfume/Betsey-Johnson/Too-Too-13152.html,68870,Abaco Paris,Joo,0.3382,0.5455,0.0000,0.0000,https://www.fragrantica.com/perfume/Abaco-Paris/Joo-68870.html,21519,Ajne,Joie Joy,0.3307,0.5333,0.0000,0.0000,https://www.fragrantica.com/perfume/Ajne/Joie-Joy-21519.html,3222,Prada,No8 Opopanax,0.3263,0.5263,0.0000,0.0000,https://www.fragrantica.com/perfume/Prada/No8-Opopanax-3222.html,65075,Tiziana Terenzi,Rosso Pompei,0.3263,0.5263,0.0000,0.0000,https://www.fragrantica.com/perfume/Tiziana-Terenzi/Rosso-Pompei-65075.html,60096,Lush,Coco Loco,0.3100,0.5000,0.0000,0.0000,https://www.fragrantica.com/perfume/Lush/Coco-Loco-60096.html,123021,Fragrance World,Opio Noir,0.3100,0.5000,0.0000,0.0000,https://www.fragrantica.com/perfume/Fragrance-World/Opio-Noir-123021.html,84608,Agatha Ruiz de la Prada,Look Kool,0.3100,0.5000,0.0000,0.0000,https://www.fragrantica.com/perfume/Agatha-Ruiz-de-la-Prada/Look-Kool-84608.html,94110,Al Ambra,Jood,0.3100,0.5000,0.0000,0.0000,https://www.fragrantica.com/perfume/Al-Ambra/Jood-94110.html
1186-JOO,WOW - JOOP,,55556,WEAK,0.0000,23001,Anfasic,Wow,0.6370,0.6000,0.5000,1.0000,https://www.fragrantica.com/perfume/Anfasic/Wow-23001.html,109978,Anfasic,Wow,0.6370,0.6000,0.5000,1.0000,https://www.fragrantica.com/perfume/Anfasic/Wow-109978.html,121945,Aura Fragrances,Wow Wood,0.6329,0.7143,0.5000,0.5000,https://www.fragrantica.com/perfume/Aura-Fragrances/Wow-Wood-121945.html,121944,Aura Fragrances,Wow Oud,0.5715,0.6154,0.5000,0.5000,https://www.fragrantica.com/perfume/Aura-Fragrances/Wow-Oud-121944.html,48168,Croatian Perfume House,Just Wow No 1,0.4750,0.5000,0.5000,0.3333,https://www.fragrantica.com/perfume/Croatian-Perfume-House/Just-Wow-No-1-48168.html,55873,Agatha Ruiz de la Prada,Wow Girl,0.4557,0.4286,0.5000,0.5000,https://www.fragrantica.com/perfume/Agatha-Ruiz-de-la-Prada/Wow-Girl-55873.html,109983,Anfasic,Wow Mist,0.4557,0.4286,0.5000,0.5000,https://www.fragrantica.com/perfume/Anfasic/Wow-Mist-109983.html,121943,Aura Fragrances,Wow Fresh,0.4380,0.4000,0.5000,0.5000,https://www.fragrantica.com/perfume/Aura-Fragrances/Wow-Fresh-121943.html,48198,Croatian Perfume House,Just Wow Cool Girl,0.4343,0.4545,0.5000,0.2500,https://www.fragrantica.com/perfume/Croatian-Perfume-House/Just-Wow-Cool-Girl-48198.html,48169,Croatian Perfume House,Just Wow My Wow Men,0.4261,0.4211,0.5000,0.3333,https://www.fragrantica.com/perfume/Croatian-Perfume-House/Just-Wow-My-Wow-Men-48169.html
1187-JOV,White Musk for Women,,55556,REVIEW,0.0000,20150,Al Rehab,White Musk,1.0000,1.0000,1.0000,1.0000,https://www.fragrantica.com/perfume/Al-Rehab/White-Musk-20150.html,3770,Montale,White Musk,1.0000,1.0000,1.0000,1.0000,https://www.fragrantica.com/perfume/Montale/White-Musk-3770.html,101008,Rasasi,White Musk,1.0000,1.0000,1.0000,1.0000,https://www.fragrantica.com/perfume/Rasasi/White-Musk-101008.html,63952,Swiss Arabian,White Musk,1.0000,1.0000,1.0000,1.0000,https://www.fragrantica.com/perfume/Swiss-Arabian/White-Musk-63952.html,5783,Alyssa Ashley,White Musk,1.0000,1.0000,1.0000,1.0000,https://www.fragrantica.com/perfume/Alyssa-Ashley/White-Musk-5783.html,72560,Alyssa Ashley,White Musk Eau de Parfum,1.0000,1.0000,1.0000,1.0000,https://www.fragrantica.com/perfume/Alyssa-Ashley/White-Musk-Eau-de-Parfum-72560.html,21668,Arabian Oud,White Musk,1.0000,1.0000,1.0000,1.0000,https://www.fragrantica.com/perfume/Arabian-Oud/White-Musk-21668.html,134656,Atelier Segall Barutti,White Musk,1.0000,1.0000,1.0000,1.0000,https://www.fragrantica.com/perfume/Atelier-Segall-Barutti/White-Musk-134656.html,130206,biblioteka aromatov,White Musk,1.0000,1.0000,1.0000,1.0000,https://www.fragrantica.com/perfume/biblioteka-aromatov/White-Musk-130206.html,119573,Cerchi Nell Acqua,White Musk,1.0000,1.0000,1.0000,1.0000,https://www.fragrantica.com/perfume/Cerchi-Nell-Acqua/White-Musk-119573.html
1196-LAC,L.12.12 MAGNETIC,,55556,REVIEW,0.0000,85684,The Dua Brand,Magnetic,0.7610,0.8000,0.5000,1.0000,https://www.fragrantica.com/perfume/The-Dua-Brand/Magnetic-85684.html,40748,Victoria s Secret,Magnetic,0.7610,0.8000,0.5000,1.0000,https://www.fragrantica.com/perfume/Victoria-s-Secret/Magnetic-40748.html,87868,Akbari,Magnetic,0.7610,0.8000,0.5000,1.0000,https://www.fragrantica.com/perfume/Akbari/Magnetic-87868.html,52155,Besties,Magnetic,0.7610,0.8000,0.5000,1.0000,https://www.fragrantica.com/perfume/Besties/Magnetic-52155.html,83823,Bruno Banani,Magnetic Man,0.7610,0.8000,0.5000,1.0000,https://www.fragrantica.com/perfume/Bruno-Banani/Magnetic-Man-83823.html,77024,Bruno Banani,Magnetic Woman,0.7610,0.8000,0.5000,1.0000,https://www.fragrantica.com/perfume/Bruno-Banani/Magnetic-Woman-77024.html,136751,Bujairami,Magnetic,0.7610,0.8000,0.5000,1.0000,https://www.fragrantica.com/perfume/Bujairami/Magnetic-136751.html,107510,BellaVita,Magnetic for Her,0.6213,0.6957,0.5000,0.5000,https://www.fragrantica.com/perfume/BellaVita/Magnetic-for-Her-107510.html,107509,BellaVita,Magnetic for Him,0.6213,0.6957,0.5000,0.5000,https://www.fragrantica.com/perfume/BellaVita/Magnetic-for-Him-107509.html,50787,Essential Parfums,Rose Magnetic,0.6033,0.6667,0.5000,0.5000,https://www.fragrantica.com/perfume/Essential-Parfums/Rose-Magnetic-50787.html
1197-LAC,LACOSTE HOMME,,55556,WEAK,0.0000,29083,Maison Francis Kurkdjian,A La Rose,0.4769,0.7692,0.0000,0.0000,https://www.fragrantica.com/perfume/Maison-Francis-Kurkdjian/A-La-Rose-29083.html,55118,Maison Francis Kurkdjian,L eau A la Rose,0.4769,0.7692,0.0000,0.0000,https://www.fragrantica.com/perfume/Maison-Francis-Kurkdjian/L-eau-A-la-Rose-55118.html,61779,Maison Francis Kurkdjian,L Homme A la Rose,0.4769,0.7692,0.0000,0.0000,https://www.fragrantica.com/perfume/Maison-Francis-Kurkdjian/L-Homme-A-la-Rose-61779.html,96717,Zimaya,A La Rose,0.4769,0.7692,0.0000,0.0000,https://www.fragrantica.com/perfume/Zimaya/A-La-Rose-96717.html,49985,Art of Scent Swiss Perfumes,La Rose de G,0.4769,0.7692,0.0000,0.0000,https://www.fragrantica.com/perfume/Art-of-Scent-Swiss-Perfumes/La-Rose-de-G-49985.html,29610,Au Pays de la Fleur d Oranger,La Rose,0.4769,0.7692,0.0000,0.0000,https://www.fragrantica.com/perfume/Au-Pays-de-la-Fleur-d-Oranger/La-Rose-29610.html,1713,Costes,Costes,0.4769,0.7692,0.0000,0.0000,https://www.fragrantica.com/perfume/Costes/Costes-1713.html,7805,Costes,Costes 2,0.4769,0.7692,0.0000,0.0000,https://www.fragrantica.com/perfume/Costes/Costes-2-7805.html,44523,Trussardi,The Black Rose,0.4650,0.7500,0.0000,0.0000,https://www.fragrantica.com/perfume/Trussardi/The-Black-Rose-44523.html,47835,A Beautiful Life Brands,Black Rose,0.4650,0.7500,0.0000,0.0000,https://www.fragrantica.com/perfume/A-Beautiful-Life-Brands/Black-Rose-47835.html
1201-LBI,Venezia Uomo,,55556,REVIEW,0.0000,4900,Adrienne Vittadini,Venezia,0.7472,0.7778,0.5000,1.0000,https://www.fragrantica.com/perfume/Adrienne-Vittadini/Venezia-4900.html,130238,Cornerland,Venezia,0.7472,0.7778,0.5000,1.0000,https://www.fragrantica.com/perfume/Cornerland/Venezia-130238.html,101588,Duomo Perfume House,Venezia,0.7472,0.7778,0.5000,1.0000,https://www.fragrantica.com/perfume/Duomo-Perfume-House/Venezia-101588.html,2585,Valentino,Vendetta Uomo,0.6752,0.7826,0.5000,0.5000,https://www.fragrantica.com/perfume/Valentino/Vendetta-Uomo-2585.html,67070,Acqua dell Elba,Essenza Uomo,0.6409,0.7273,0.5000,0.5000,https://www.fragrantica.com/perfume/Acqua-dell-Elba/Essenza-Uomo-67070.html,19558,Valentino,Valentino Uomo,0.6033,0.6667,0.5000,0.5000,https://www.fragrantica.com/perfume/Valentino/Valentino-Uomo-19558.html,57431,Al Musbah,Oud Venezia,0.6033,0.6667,0.5000,0.5000,https://www.fragrantica.com/perfume/Al-Musbah/Oud-Venezia-57431.html,94317,Armaf,Q Uomo,0.5957,0.5333,0.5000,1.0000,https://www.fragrantica.com/perfume/Armaf/Q-Uomo-94317.html,39354,Avon,Uomo,0.5957,0.5333,0.5000,1.0000,https://www.fragrantica.com/perfume/Avon/Uomo-39354.html,108321,Fragrance World,L Uomo,0.5957,0.5333,0.5000,1.0000,https://www.fragrantica.com/perfume/Fragrance-World/L-Uomo-108321.html
1205-LOL,Au Masculin,,55556,REVIEW,0.1839,110032,Adopt Parfums,Au Masculin,1.0000,1.0000,1.0000,1.0000,https://www.fragrantica.com/perfume/Adopt-Parfums/Au-Masculin-110032.html,75696,Bourjois,Masculin,0.8161,0.8889,0.5000,1.0000,https://www.fragrantica.com/perfume/Bourjois/Masculin-75696.html,26343,Bourjois,Masculin 2,0.8161,0.8889,0.5000,1.0000,https://www.fragrantica.com/perfume/Bourjois/Masculin-2-26343.html,37132,Bourjois,Or Masculin,0.6860,0.8000,0.5000,0.5000,https://www.fragrantica.com/perfume/Bourjois/Or-Masculin-37132.html,41962,Zara,Impact Masculin,0.6550,0.7500,0.5000,0.5000,https://www.fragrantica.com/perfume/Zara/Impact-Masculin-41962.html,13739,Bourjois,Masculin Acier,0.6213,0.6957,0.5000,0.5000,https://www.fragrantica.com/perfume/Bourjois/Masculin-Acier-13739.html,13742,Bourjois,Masculin Unique,0.6033,0.6667,0.5000,0.5000,https://www.fragrantica.com/perfume/Bourjois/Masculin-Unique-13742.html,26252,Maison Francis Kurkdjian,Masculin Pluriel,0.5868,0.6400,0.5000,0.5000,https://www.fragrantica.com/perfume/Maison-Francis-Kurkdjian/Masculin-Pluriel-26252.html,95799,Riiffs Perfumes,Masculin Leather,0.5868,0.6400,0.5000,0.5000,https://www.fragrantica.com/perfume/Riiffs-Perfumes/Masculin-Leather-95799.html,26342,Bourjois,Masculin 2 Vetyver,0.5868,0.6400,0.5000,0.5000,https://www.fragrantica.com/perfume/Bourjois/Masculin-2-Vetyver-26342.html
1224-APO,SCULPTURE,,55556,WEAK,0.1360,53636,Al Haramain Perfumes,Portfolio Floral Sculpture,0.6182,0.5455,1.0000,0.3333,https://www.fragrantica.com/perfume/Al-Haramain-Perfumes/Portfolio-Floral-Sculpture-53636.html,123632,Christian Lacroix,Eau So Couture,0.4822,0.7778,0.0000,0.0000,https://www.fragrantica.com/perfume/Christian-Lacroix/Eau-So-Couture-123632.html,28250,Lalique,Sculpteur d Epices,0.4650,0.7500,0.0000,0.0000,https://www.fragrantica.com/perfume/Lalique/Sculpteur-d-Epices-28250.html,729,Moschino,Couture,0.4650,0.7500,0.0000,0.0000,https://www.fragrantica.com/perfume/Moschino/Couture-729.html,27235,A P Durand Parfums,Rupture,0.4650,0.7500,0.0000,0.0000,https://www.fragrantica.com/perfume/A-P-Durand-Parfums/Rupture-27235.html,27251,A P Durand Parfums,Rupture Women,0.4650,0.7500,0.0000,0.0000,https://www.fragrantica.com/perfume/A-P-Durand-Parfums/Rupture-Women-27251.html,4627,Bill Blass,Couture 1,0.4650,0.7500,0.0000,0.0000,https://www.fragrantica.com/perfume/Bill-Blass/Couture-1-4627.html,4628,Bill Blass,Couture 3,0.4650,0.7500,0.0000,0.0000,https://www.fragrantica.com/perfume/Bill-Blass/Couture-3-4628.html,4629,Bill Blass,Couture 6,0.4650,0.7500,0.0000,0.0000,https://www.fragrantica.com/perfume/Bill-Blass/Couture-6-4629.html,4630,Bill Blass,Couture 7,0.4650,0.7500,0.0000,0.0000,https://www.fragrantica.com/perfume/Bill-Blass/Couture-7-4630.html
1236-PAL,Minotaure,,55556,WEAK,0.0000,25049,Code Deco,A Minor,0.4429,0.7143,0.0000,0.0000,https://www.fragrantica.com/perfume/Code-Deco/A-Minor-25049.html,25050,Code Deco,B Minor,0.4429,0.7143,0.0000,0.0000,https://www.fragrantica.com/perfume/Code-Deco/B-Minor-25050.html,119228,Filippo Sorcinelli,Peinture d Homme,0.4376,0.7059,0.0000,0.0000,https://www.fragrantica.com/perfume/Filippo-Sorcinelli/Peinture-d-Homme-119228.html,16142,Black Phoenix Alchemy Lab,Nocturne,0.4376,0.7059,0.0000,0.0000,https://www.fragrantica.com/perfume/Black-Phoenix-Alchemy-Lab/Nocturne-16142.html,20336,Charrier Parfums,Mon Otage,0.4376,0.7059,0.0000,0.0000,https://www.fragrantica.com/perfume/Charrier-Parfums/Mon-Otage-20336.html,48694,Chatillon Lux Parfums,Omnostre,0.4376,0.7059,0.0000,0.0000,https://www.fragrantica.com/perfume/Chatillon-Lux-Parfums/Omnostre-48694.html,134763,Cygnet Perfumery,Nocturne,0.4376,0.7059,0.0000,0.0000,https://www.fragrantica.com/perfume/Cygnet-Perfumery/Nocturne-134763.html,27673,Armaf,Skin Couture,0.4340,0.7000,0.0000,0.0000,https://www.fragrantica.com/perfume/Armaf/Skin-Couture-27673.html,27703,Armaf,Skin Couture Men,0.4340,0.7000,0.0000,0.0000,https://www.fragrantica.com/perfume/Armaf/Skin-Couture-Men-27703.html,104956,Bath Body Works,My Signature,0.4340,0.7000,0.0000,0.0000,https://www.fragrantica.com/perfume/Bath-Body-Works/My-Signature-104956.html
1245-PRA,PRADA AMBER,prada,114,STRONG_REVIEW,0.0867,1044,Prada,Prada Amber Pour Homme Prada Man,0.8760,0.8000,1.0000,1.0000,https://www.fragrantica.com/perfume/Prada/Prada-Amber-Pour-Homme-Prada-Man-1044.html,11240,Prada,Prada Amber Pour Homme Intense,0.7893,0.7407,1.0000,0.6667,https://www.fragrantica.com/perfume/Prada/Prada-Amber-Pour-Homme-Intense-11240.html,39029,Prada,Prada L Homme,0.6783,0.6667,0.5000,1.0000,https://www.fragrantica.com/perfume/Prada/Prada-L-Homme-39029.html,46400,Prada,Prada L Homme L Eau,0.6783,0.6667,0.5000,1.0000,https://www.fragrantica.com/perfume/Prada/Prada-L-Homme-L-Eau-46400.html,1045,Prada,Prada,0.6783,0.6667,0.5000,1.0000,https://www.fragrantica.com/perfume/Prada/Prada-1045.html,41141,Prada,Prada,0.6783,0.6667,0.5000,1.0000,https://www.fragrantica.com/perfume/Prada/Prada-41141.html,39030,Prada,Prada La Femme,0.6276,0.7059,0.5000,0.5000,https://www.fragrantica.com/perfume/Prada/Prada-La-Femme-39030.html,46399,Prada,Prada La Femme L Eau,0.6276,0.7059,0.5000,0.5000,https://www.fragrantica.com/perfume/Prada/Prada-La-Femme-L-Eau-46399.html,51637,Prada,Prada L Homme Absolu,0.6033,0.6667,0.5000,0.5000,https://www.fragrantica.com/perfume/Prada/Prada-L-Homme-Absolu-51637.html,2059,Prada,Prada Tendre,0.6033,0.6667,0.5000,0.5000,https://www.fragrantica.com/perfume/Prada/Prada-Tendre-2059.html
1251-ROM,ROYAL BLUE,,55556,REVIEW,0.0000,127642,Arabian Oud,Royal Blue,1.0000,1.0000,1.0000,1.0000,https://www.fragrantica.com/perfume/Arabian-Oud/Royal-Blue-127642.html,79193,Arte Profumi,Royal Blue,1.0000,1.0000,1.0000,1.0000,https://www.fragrantica.com/perfume/Arte-Profumi/Royal-Blue-79193.html,41901,Brooksfield,Royal Blue,1.0000,1.0000,1.0000,1.0000,https://www.fragrantica.com/perfume/Brooksfield/Royal-Blue-41901.html,26871,Ajmal,005 Royal Blue,0.8614,0.8571,1.0000,0.6667,https://www.fragrantica.com/perfume/Ajmal/005-Royal-Blue-26871.html,50323,Armaf,Elite Royal Blue,0.8152,0.7826,1.0000,0.6667,https://www.fragrantica.com/perfume/Armaf/Elite-Royal-Blue-50323.html,22378,Rasasi,Royale Blue,0.7774,0.9474,0.5000,0.5000,https://www.fragrantica.com/perfume/Rasasi/Royale-Blue-22378.html,22379,Rasasi,Royale Blue,0.7774,0.9474,0.5000,0.5000,https://www.fragrantica.com/perfume/Rasasi/Royale-Blue-22379.html,112111,Angel Heart enjeruhato,Lion Heart Royal Blue,0.7183,0.6667,1.0000,0.5000,https://www.fragrantica.com/perfume/Angel-Heart-enjeruhato/Lion-Heart-Royal-Blue-112111.html,76436,Agua de Cheiro,Royal Paris Blue Lake,0.7183,0.6667,1.0000,0.5000,https://www.fragrantica.com/perfume/Agua-de-Cheiro/Royal-Paris-Blue-Lake-76436.html,94022,French Avenue,Royal Blend,0.7121,0.8421,0.5000,0.5000,https://www.fragrantica.com/perfume/French-Avenue/Royal-Blend-94022.html
1254-RCAV,JUST HIM - ROBERTO CAVALLI,,55556,WEAK,0.0231,5658,Avon,Just Play for Him,0.4862,0.4375,0.5000,0.6667,https://www.fragrantica.com/perfume/Avon/Just-Play-for-Him-5658.html,86959,ALT Fragrances,Just Porto,0.4632,0.5333,0.2500,0.5000,https://www.fragrantica.com/perfume/ALT-Fragrances/Just-Porto-86959.html,18635,Avon,Just Move,0.4318,0.4828,0.2500,0.5000,https://www.fragrantica.com/perfume/Avon/Just-Move-18635.html,106642,Fragrance World,Just Choco,0.4218,0.4667,0.2500,0.5000,https://www.fragrantica.com/perfume/Fragrance-World/Just-Choco-106642.html,80909,The Dua Brand,Just Another Bergamot Cologne,0.4175,0.5000,0.2500,0.3333,https://www.fragrantica.com/perfume/The-Dua-Brand/Just-Another-Bergamot-Cologne-80909.html,48164,Croatian Perfume House,Just Wow The Beat,0.4175,0.5000,0.2500,0.3333,https://www.fragrantica.com/perfume/Croatian-Perfume-House/Just-Wow-The-Beat-48164.html,25817,Lattafa Perfumes,Just Oud Boulevard,0.4091,0.4865,0.2500,0.3333,https://www.fragrantica.com/perfume/Lattafa-Perfumes/Just-Oud-Boulevard-25817.html,41589,David LISS Parfums,Just For Women,0.4059,0.3200,0.2500,1.0000,https://www.fragrantica.com/perfume/David-LISS-Parfums/Just-For-Women-41589.html,139239,Marc Jacobs,Just Perfect,0.4037,0.4375,0.2500,0.5000,https://www.fragrantica.com/perfume/Marc-Jacobs/Just-Perfect-139239.html,76425,Agua de Cheiro,Just Romance,0.4037,0.4375,0.2500,0.5000,https://www.fragrantica.com/perfume/Agua-de-Cheiro/Just-Romance-76425.html
1259-SHU,OLD SPICE,,55556,REVIEW,0.0000,22376,Botanique,Spice,0.7419,0.7692,0.5000,1.0000,https://www.fragrantica.com/perfume/Botanique/Spice-22376.html,140559,Celio,Spice,0.7419,0.7692,0.5000,1.0000,https://www.fragrantica.com/perfume/Celio/Spice-140559.html,87117,d grayi,Spice,0.7419,0.7692,0.5000,1.0000,https://www.fragrantica.com/perfume/d-grayi/Spice-87117.html,68516,Acqua di Parma,Oud Spice,0.7325,0.8750,0.5000,0.5000,https://www.fragrantica.com/perfume/Acqua-di-Parma/Oud-Spice-68516.html,29924,AXE,Wild Spice,0.7006,0.8235,0.5000,0.5000,https://www.fragrantica.com/perfume/AXE/Wild-Spice-29924.html,129809,Cricket Avenue,Wood Spice,0.7006,0.8235,0.5000,0.5000,https://www.fragrantica.com/perfume/Cricket-Avenue/Wood-Spice-129809.html,4544,Penhaligon s,Lily Spice,0.6276,0.7059,0.5000,0.5000,https://www.fragrantica.com/perfume/Penhaligon-s/Lily-Spice-4544.html,122555,Batlah,Snow Spice,0.6276,0.7059,0.5000,0.5000,https://www.fragrantica.com/perfume/Batlah/Snow-Spice-122555.html,125006,AMD Perfumes,Black Spice,0.6033,0.6667,0.5000,0.5000,https://www.fragrantica.com/perfume/AMD-Perfumes/Black-Spice-125006.html,96720,Aspinal of London,Ochre Spice,0.6033,0.6667,0.5000,0.5000,https://www.fragrantica.com/perfume/Aspinal-of-London/Ochre-Spice-96720.html
1494-BOD,RED MUSK OUD,,55556,REVIEW,0.0533,18904,By Kilian,Musk Oud,0.8139,0.8235,0.6667,1.0000,https://www.fragrantica.com/perfume/By-Kilian/Musk-Oud-18904.html,86502,The Dua Brand,Regal Musk Oud,0.7606,0.8182,0.6667,0.6667,https://www.fragrantica.com/perfume/The-Dua-Brand/Regal-Musk-Oud-86502.html,86446,The Dua Brand,Oud Musk,0.6680,0.5882,0.6667,1.0000,https://www.fragrantica.com/perfume/The-Dua-Brand/Oud-Musk-86446.html,36098,Dar Al Oud,Oud Musk,0.6680,0.5882,0.6667,1.0000,https://www.fragrantica.com/perfume/Dar-Al-Oud/Oud-Musk-36098.html,23008,Roja Dove,Musk Aoud,0.6339,0.7778,0.3333,0.5000,https://www.fragrantica.com/perfume/Roja-Dove/Musk-Aoud-23008.html,131869,Ambreth,Daliya Red Musk,0.6307,0.6087,0.6667,0.6667,https://www.fragrantica.com/perfume/Ambreth/Daliya-Red-Musk-131869.html,87678,Akbari,Medusa Oud,0.6085,0.7368,0.3333,0.5000,https://www.fragrantica.com/perfume/Akbari/Medusa-Oud-87678.html,71641,Eau de Dubai,Red velvet Oud,0.5915,0.5455,0.6667,0.6667,https://www.fragrantica.com/perfume/Eau-de-Dubai/Red-velvet-Oud-71641.html,3237,Montale,Red Aoud,0.5893,0.7059,0.3333,0.5000,https://www.fragrantica.com/perfume/Montale/Red-Aoud-3237.html,19953,Al Haramain Perfumes,Musk,0.5810,0.5714,0.3333,1.0000,https://www.fragrantica.com/perfume/Al-Haramain-Perfumes/Musk-19953.html
1526-AL HAR,MUKHALLAT AL EMIRATES,al haramain perfumes,373,WEAK,0.0230,3903,Al Haramain Perfumes,Mukhallath Al Quds,0.5518,0.6857,0.3333,0.3333,https://www.fragrantica.com/perfume/Al-Haramain-Perfumes/Mukhallath-Al-Quds-3903.html,19609,Al Haramain Perfumes,Mukhallath Al Sultan,0.5288,0.6486,0.3333,0.3333,https://www.fragrantica.com/perfume/Al-Haramain-Perfumes/Mukhallath-Al-Sultan-19609.html,19833,Al Haramain Perfumes,Mukhallath Al Manasek,0.5182,0.6316,0.3333,0.3333,https://www.fragrantica.com/perfume/Al-Haramain-Perfumes/Mukhallath-Al-Manasek-19833.html,19831,Al Haramain Perfumes,Khaltat Al Maha,0.5142,0.6250,0.3333,0.3333,https://www.fragrantica.com/perfume/Al-Haramain-Perfumes/Khaltat-Al-Maha-19831.html,26549,Al Haramain Perfumes,Khaltat Al Ma adeed,0.4685,0.5714,0.3333,0.2500,https://www.fragrantica.com/perfume/Al-Haramain-Perfumes/Khaltat-Al-Ma-adeed-26549.html,37437,Al Haramain Perfumes,Mukhallath Asala,0.4376,0.7059,0.0000,0.0000,https://www.fragrantica.com/perfume/Al-Haramain-Perfumes/Mukhallath-Asala-37437.html,19826,Al Haramain Perfumes,Al Khaleej,0.4174,0.4286,0.3333,0.5000,https://www.fragrantica.com/perfume/Al-Haramain-Perfumes/Al-Khaleej-19826.html,53267,Al Haramain Perfumes,Musk Al Ghazal Eau de Parfum,0.4067,0.4516,0.3333,0.3333,https://www.fragrantica.com/perfume/Al-Haramain-Perfumes/Musk-Al-Ghazal-Eau-de-Parfum-53267.html,19627,Al Haramain Perfumes,Musk Al Ghazal,0.4067,0.4516,0.3333,0.3333,https://www.fragrantica.com/perfume/Al-Haramain-Perfumes/Musk-Al-Ghazal-19627.html,31165,Al Haramain Perfumes,Mukhallath Seufi,0.4012,0.6471,0.0000,0.0000,https://www.fragrantica.com/perfume/Al-Haramain-Perfumes/Mukhallath-Seufi-31165.html
1534-SWI,SWISS ARMY VICTORINOX,,55556,WEAK,0.0574,54287,Swiss Arabian,Swiss Musk,0.4174,0.4286,0.3333,0.5000,https://www.fragrantica.com/perfume/Swiss-Arabian/Swiss-Musk-54287.html,86269,The Dua Brand,His Sartorial,0.3600,0.5806,0.0000,0.0000,https://www.fragrantica.com/perfume/The-Dua-Brand/His-Sartorial-86269.html,26958,Christine Lavoisier Parfums,STREAM Victor,0.3600,0.5806,0.0000,0.0000,https://www.fragrantica.com/perfume/Christine-Lavoisier-Parfums/STREAM-Victor-26958.html,86695,The Dua Brand,Victorian,0.3543,0.5714,0.0000,0.0000,https://www.fragrantica.com/perfume/The-Dua-Brand/Victorian-86695.html,136912,Dark Tales,Victorian,0.3543,0.5714,0.0000,0.0000,https://www.fragrantica.com/perfume/Dark-Tales/Victorian-136912.html,4557,Penhaligon s,Victorian Posy,0.3488,0.5625,0.0000,0.0000,https://www.fragrantica.com/perfume/Penhaligon-s/Victorian-Posy-4557.html,51970,Carven,Paris Santorin,0.3488,0.5625,0.0000,0.0000,https://www.fragrantica.com/perfume/Carven/Paris-Santorin-51970.html,36219,Clash,Miss Portofino,0.3488,0.5625,0.0000,0.0000,https://www.fragrantica.com/perfume/Clash/Miss-Portofino-36219.html,53100,Gucci,A Kiss From Violet Perfume Oil,0.3444,0.5556,0.0000,0.0000,https://www.fragrantica.com/perfume/Gucci/A-Kiss-From-Violet-Perfume-Oil-53100.html,52197,Tiziana Terenzi,Spirito Fiorentino,0.3444,0.5556,0.0000,0.0000,https://www.fragrantica.com/perfume/Tiziana-Terenzi/Spirito-Fiorentino-52197.html
1550-YAN,HOME SWEET HOME - YANKEE,,55556,REVIEW,0.1052,120005,Butterfly Thai Perfume,Home Sweet Home,0.8071,0.8125,0.6667,1.0000,https://www.fragrantica.com/perfume/Butterfly-Thai-Perfume/Home-Sweet-Home-120005.html,55345,Brocard,Sweet Home,0.7019,0.6429,0.6667,1.0000,https://www.fragrantica.com/perfume/Brocard/Sweet-Home-55345.html,107573,Adopt Parfums,Sweet Romance,0.5517,0.6452,0.3333,0.5000,https://www.fragrantica.com/perfume/Adopt-Parfums/Sweet-Romance-107573.html,73378,Avon,Sweet Honesty The One,0.5278,0.6471,0.3333,0.3333,https://www.fragrantica.com/perfume/Avon/Sweet-Honesty-The-One-73378.html,14714,Demeter Fragrance,Sweet Orange,0.5237,0.6000,0.3333,0.5000,https://www.fragrantica.com/perfume/Demeter-Fragrance/Sweet-Orange-14714.html,90695,Gulf Orchid,Sweet Heaven,0.5237,0.6000,0.3333,0.5000,https://www.fragrantica.com/perfume/Gulf-Orchid/Sweet-Heaven-90695.html,2313,Avon,Sweet Honesty,0.5117,0.5806,0.3333,0.5000,https://www.fragrantica.com/perfume/Avon/Sweet-Honesty-2313.html,102436,Gulf Orchid,Sweet Heaven Ice,0.5024,0.6061,0.3333,0.3333,https://www.fragrantica.com/perfume/Gulf-Orchid/Sweet-Heaven-Ice-102436.html,14451,Victoria s Secret,Sweet Tease,0.4937,0.5517,0.3333,0.5000,https://www.fragrantica.com/perfume/Victoria-s-Secret/Sweet-Tease-14451.html,47954,Alexandria Fragrances,Sweet Smoke,0.4937,0.5517,0.3333,0.5000,https://www.fragrantica.com/perfume/Alexandria-Fragrances/Sweet-Smoke-47954.html
1641-KHAL,Aloha Parfum,,55556,REVIEW,0.2817,39996,Alfaroma,Aloha,1.0000,1.0000,1.0000,1.0000,https://www.fragrantica.com/perfume/Alfaroma/Aloha-39996.html,12651,Comptoir Sud Pacifique,Aloha Tiare Eau de Parfum,0.7183,0.6667,1.0000,0.5000,https://www.fragrantica.com/perfume/Comptoir-Sud-Pacifique/Aloha-Tiare-Eau-de-Parfum-12651.html,1731,Comptoir Sud Pacifique,Aloha Tiare Eau de Toilette,0.7183,0.6667,1.0000,0.5000,https://www.fragrantica.com/perfume/Comptoir-Sud-Pacifique/Aloha-Tiare-Eau-de-Toilette-1731.html,105048,Capri Blue,Aloha Orchid,0.6925,0.6250,1.0000,0.5000,https://www.fragrantica.com/perfume/Capri-Blue/Aloha-Orchid-105048.html,135601,Rayhaan,Pacific Aloha,0.6697,0.5882,1.0000,0.5000,https://www.fragrantica.com/perfume/Rayhaan/Pacific-Aloha-135601.html,56278,Avon,Far Away Aloha,0.6447,0.5882,1.0000,0.3333,https://www.fragrantica.com/perfume/Avon/Far-Away-Aloha-56278.html,90564,Victoria s Secret,Aloha From Paradise,0.5618,0.4545,1.0000,0.3333,https://www.fragrantica.com/perfume/Victoria-s-Secret/Aloha-From-Paradise-90564.html,73252,Avon,Naturals Aloha Monoi,0.5496,0.4348,1.0000,0.3333,https://www.fragrantica.com/perfume/Avon/Naturals-Aloha-Monoi-73252.html,77036,Bath Body Works,Aloha Waterfall Orchid,0.5280,0.4000,1.0000,0.3333,https://www.fragrantica.com/perfume/Bath-Body-Works/Aloha-Waterfall-Orchid-77036.html,125151,Victoria s Secret,Aloha Vanilla body mist,0.5155,0.4000,1.0000,0.2500,https://www.fragrantica.com/perfume/Victoria-s-Secret/Aloha-Vanilla-body-mist-125151.html
1701-TOSC,TOSCA,,55556,REVIEW,0.3050,32191,Xerjoff,La Tosca,0.8217,0.8333,1.0000,0.5000,https://www.fragrantica.com/perfume/Xerjoff/La-Tosca-32191.html,83333,ABD Malik,Toscano,0.5167,0.8333,0.0000,0.0000,https://www.fragrantica.com/perfume/ABD-Malik/Toscano-83333.html,109060,Roja Dove,L Oscar Pour Femme,0.4960,0.8000,0.0000,0.0000,https://www.fragrantica.com/perfume/Roja-Dove/L-Oscar-Pour-Femme-109060.html,51885,Roja Dove,L Oscar Pour Homme,0.4960,0.8000,0.0000,0.0000,https://www.fragrantica.com/perfume/Roja-Dove/L-Oscar-Pour-Homme-51885.html,96987,Zimaya,Oscar,0.4960,0.8000,0.0000,0.0000,https://www.fragrantica.com/perfume/Zimaya/Oscar-96987.html,137612,Zoologist Perfumes,Toucan,0.4509,0.7273,0.0000,0.0000,https://www.fragrantica.com/perfume/Zoologist-Perfumes/Toucan-137612.html,104547,Alexandria Fragrances,Tomcat,0.4509,0.7273,0.0000,0.0000,https://www.fragrantica.com/perfume/Alexandria-Fragrances/Tomcat-104547.html,40848,Antonio Rossini,Tuscan,0.4509,0.7273,0.0000,0.0000,https://www.fragrantica.com/perfume/Antonio-Rossini/Tuscan-40848.html,129353,Cerchi Nell Acqua,Tuscia,0.4509,0.7273,0.0000,0.0000,https://www.fragrantica.com/perfume/Cerchi-Nell-Acqua/Tuscia-129353.html,108409,Al Rehab,Tuscany,0.4133,0.6667,0.0000,0.0000,https://www.fragrantica.com/perfume/Al-Rehab/Tuscany-108409.html
1743-LBI,Sotto Voce,,55556,WEAK,0.0346,132374,Filippo Sorcinelli,panna sotto,0.5163,0.5263,0.5000,0.5000,https://www.fragrantica.com/perfume/Filippo-Sorcinelli/panna-sotto-132374.html,87092,Armaf,Voce Viva,0.4818,0.4706,0.5000,0.5000,https://www.fragrantica.com/perfume/Armaf/Voce-Viva-87092.html,62754,Valentino,Voce Viva,0.4818,0.4706,0.5000,0.5000,https://www.fragrantica.com/perfume/Valentino/Voce-Viva-62754.html,33528,Avon,Onde Anda Voce,0.4602,0.4762,0.5000,0.3333,https://www.fragrantica.com/perfume/Avon/Onde-Anda-Voce-33528.html,19862,Al Haramain Perfumes,Soft Touch,0.4133,0.6667,0.0000,0.0000,https://www.fragrantica.com/perfume/Al-Haramain-Perfumes/Soft-Touch-19862.html,46441,Al Musbah,So Love,0.4133,0.6667,0.0000,0.0000,https://www.fragrantica.com/perfume/Al-Musbah/So-Love-46441.html,40152,Ariane Inden,Soft Touch Alec,0.3945,0.6364,0.0000,0.0000,https://www.fragrantica.com/perfume/Ariane-Inden/Soft-Touch-Alec-40152.html,47931,Rasasi,Sotoor Seen,0.3916,0.6316,0.0000,0.0000,https://www.fragrantica.com/perfume/Rasasi/Sotoor-Seen-47931.html,49364,Cale Fragranze d Autore,Sottosopra,0.3916,0.6316,0.0000,0.0000,https://www.fragrantica.com/perfume/Cale-Fragranze-d-Autore/Sottosopra-49364.html,41010,Bond No 9,Sutton Place,0.3720,0.6000,0.0000,0.0000,https://www.fragrantica.com/perfume/Bond-No-9/Sutton-Place-41010.html
1748-BYR,Marijuana,byredo,99,WEAK,0.0166,10758,Byredo,M Mink,0.2862,0.4615,0.0000,0.0000,https://www.fragrantica.com/perfume/Byredo/M-Mink-10758.html,71942,Byredo,Bal d Afrique Hair Perfume,0.2696,0.4348,0.0000,0.0000,https://www.fragrantica.com/perfume/Byredo/Bal-d-Afrique-Hair-Perfume-71942.html,85157,Byredo,Animalique,0.2611,0.4211,0.0000,0.0000,https://www.fragrantica.com/perfume/Byredo/Animalique-85157.html,6458,Byredo,Bal d Afrique,0.2611,0.4211,0.0000,0.0000,https://www.fragrantica.com/perfume/Byredo/Bal-d-Afrique-6458.html,63031,Byredo,Tobacco Mandarin,0.2583,0.4167,0.0000,0.0000,https://www.fragrantica.com/perfume/Byredo/Tobacco-Mandarin-63031.html,69858,Byredo,Mumbai Noise,0.2480,0.4000,0.0000,0.0000,https://www.fragrantica.com/perfume/Byredo/Mumbai-Noise-69858.html,108421,Byredo,Bal d Afrique Absolu,0.2480,0.4000,0.0000,0.0000,https://www.fragrantica.com/perfume/Byredo/Bal-d-Afrique-Absolu-108421.html,32778,Byredo,Midnight Candy,0.2255,0.3636,0.0000,0.0000,https://www.fragrantica.com/perfume/Byredo/Midnight-Candy-32778.html,64217,Byredo,Space Rage Travx,0.2157,0.3478,0.0000,0.0000,https://www.fragrantica.com/perfume/Byredo/Space-Rage-Travx-64217.html,32777,Byredo,Casablanca Lily,0.2157,0.3478,0.0000,0.0000,https://www.fragrantica.com/perfume/Byredo/Casablanca-Lily-32777.html
1753-TEDL,TED,,55556,WEAK,0.0354,127673,Cricket Avenue,Tyed,0.5314,0.8571,0.0000,0.0000,https://www.fragrantica.com/perfume/Cricket-Avenue/Tyed-127673.html,6475,Creative Universe Beth Terry,Te,0.4960,0.8000,0.0000,0.0000,https://www.fragrantica.com/perfume/Creative-Universe-Beth-Terry/Te-6475.html,48279,Al Rehab,Tender,0.4133,0.6667,0.0000,0.0000,https://www.fragrantica.com/perfume/Al-Rehab/Tender-48279.html,38686,Azzaro,Wanted,0.4133,0.6667,0.0000,0.0000,https://www.fragrantica.com/perfume/Azzaro/Wanted-38686.html,80257,Azzaro,Wanted Eau de Parfum,0.4133,0.6667,0.0000,0.0000,https://www.fragrantica.com/perfume/Azzaro/Wanted-Eau-de-Parfum-80257.html,15239,Comme des Garcons,Red,0.4133,0.6667,0.0000,0.0000,https://www.fragrantica.com/perfume/Comme-des-Garcons/Red-15239.html,41071,Guerlain,L Ete,0.4133,0.6667,0.0000,0.0000,https://www.fragrantica.com/perfume/Guerlain/L-Ete-41071.html,45092,Lalique,Tendre,0.4133,0.6667,0.0000,0.0000,https://www.fragrantica.com/perfume/Lalique/Tendre-45092.html,11572,Ralph Lauren,Tuxedo,0.4133,0.6667,0.0000,0.0000,https://www.fragrantica.com/perfume/Ralph-Lauren/Tuxedo-11572.html,773,Valentino,V Ete,0.4133,0.6667,0.0000,0.0000,https://www.fragrantica.com/perfume/Valentino/V-Ete-773.html
1756-LBI,ROMA - LAURA BIAGIOTTI,,55556,WEAK,0.0000,20084,Al Rehab,Laura,0.4962,0.4348,0.3333,1.0000,https://www.fragrantica.com/perfume/Al-Rehab/Laura-20084.html,44841,Black Phoenix Alchemy Lab,Laura,0.4962,0.4348,0.3333,1.0000,https://www.fragrantica.com/perfume/Black-Phoenix-Alchemy-Lab/Laura-44841.html,128642,ARO FAC Aroma Factory,Roma,0.4521,0.3636,0.3333,1.0000,https://www.fragrantica.com/perfume/ARO-FAC-Aroma-Factory/Roma-128642.html,136377,Dubai Niche,Roma,0.4521,0.3636,0.3333,1.0000,https://www.fragrantica.com/perfume/Dubai-Niche/Roma-136377.html,123580,Duomo Perfume House,Roma,0.4521,0.3636,0.3333,1.0000,https://www.fragrantica.com/perfume/Duomo-Perfume-House/Roma-123580.html,89940,Natura,Roma e Flor de Amora,0.4467,0.5161,0.3333,0.3333,https://www.fragrantica.com/perfume/Natura/Roma-e-Flor-de-Amora-89940.html,131216,Adopt Parfums,Roma Eleganza,0.4410,0.4667,0.3333,0.5000,https://www.fragrantica.com/perfume/Adopt-Parfums/Roma-Eleganza-131216.html,99351,Assala Prime,Royal Arabian Oud,0.4133,0.6667,0.0000,0.0000,https://www.fragrantica.com/perfume/Assala-Prime/Royal-Arabian-Oud-99351.html,92424,Lattafa Perfumes,Art of Arabia II,0.4000,0.6452,0.0000,0.0000,https://www.fragrantica.com/perfume/Lattafa-Perfumes/Art-of-Arabia-II-92424.html,92425,Lattafa Perfumes,Art of Arabia III,0.3875,0.6250,0.0000,0.0000,https://www.fragrantica.com/perfume/Lattafa-Perfumes/Art-of-Arabia-III-92425.html
1763-JILS,SUN,,55556,REVIEW,0.0000,17620,Lush,Sun,1.0000,1.0000,1.0000,1.0000,https://www.fragrantica.com/perfume/Lush/Sun-17620.html,92410,Al Majed Oud,Sun,1.0000,1.0000,1.0000,1.0000,https://www.fragrantica.com/perfume/Al-Majed-Oud/Sun-92410.html,83766,Alchemist Perfumery,The Sun,1.0000,1.0000,1.0000,1.0000,https://www.fragrantica.com/perfume/Alchemist-Perfumery/The-Sun-83766.html,55881,Bath Body Works,In The Sun,0.7700,0.7500,1.0000,0.5000,https://www.fragrantica.com/perfume/Bath-Body-Works/In-The-Sun-55881.html,109942,Bath Body Works,In The Sun,0.7700,0.7500,1.0000,0.5000,https://www.fragrantica.com/perfume/Bath-Body-Works/In-The-Sun-109942.html,83237,Andromeda s Curse,XIX The Sun,0.7183,0.6667,1.0000,0.5000,https://www.fragrantica.com/perfume/Andromeda-s-Curse/XIX-The-Sun-83237.html,133841,biblioteka aromatov,XIX The Sun,0.7183,0.6667,1.0000,0.5000,https://www.fragrantica.com/perfume/biblioteka-aromatov/XIX-The-Sun-133841.html,1381,Dior,Dune Sun,0.6770,0.6000,1.0000,0.5000,https://www.fragrantica.com/perfume/Dior/Dune-Sun-1381.html,80004,Juliette Has A Gun,Lust for Sun,0.6770,0.6000,1.0000,0.5000,https://www.fragrantica.com/perfume/Juliette-Has-A-Gun/Lust-for-Sun-80004.html,90748,Lorenzo Pazzaglia,Sun gria,0.6770,0.6000,1.0000,0.5000,https://www.fragrantica.com/perfume/Lorenzo-Pazzaglia/Sun-gria-90748.html
1781-LAC,TOUCH OF SUN,,55556,REVIEW,0.0191,130342,ARO FAC Aroma Factory,Touch of Oud,0.7493,0.8000,0.6667,0.6667,https://www.fragrantica.com/perfume/ARO-FAC-Aroma-Factory/Touch-of-Oud-130342.html,31783,Christina Aguilera,Touch of Seduction,0.7303,0.7692,0.6667,0.6667,https://www.fragrantica.com/perfume/Christina-Aguilera/Touch-of-Seduction-31783.html,28094,Beverly Hills 90210,Touch Of Pink,0.7257,0.7619,0.6667,0.6667,https://www.fragrantica.com/perfume/Beverly-Hills-90210/Touch-Of-Pink-28094.html,28095,Beverly Hills 90210,Touch Of Red,0.6873,0.7000,0.6667,0.6667,https://www.fragrantica.com/perfume/Beverly-Hills-90210/Touch-Of-Red-28095.html,116262,Bath Body Works,Touch of Gold,0.6667,0.6667,0.6667,0.6667,https://www.fragrantica.com/perfume/Bath-Body-Works/Touch-of-Gold-116262.html,86571,The Dua Brand,Son of the Sun,0.6667,0.6667,0.6667,0.6667,https://www.fragrantica.com/perfume/The-Dua-Brand/Son-of-the-Sun-86571.html,28096,Beverly Hills 90210,Touch Of Gold,0.6667,0.6667,0.6667,0.6667,https://www.fragrantica.com/perfume/Beverly-Hills-90210/Touch-Of-Gold-28096.html,28097,Beverly Hills 90210,Touch Of Paradise,0.6501,0.6400,0.6667,0.6667,https://www.fragrantica.com/perfume/Beverly-Hills-90210/Touch-Of-Paradise-28097.html,112937,Antonio Maretti,Chariot of the Sun,0.6479,0.6364,0.6667,0.6667,https://www.fragrantica.com/perfume/Antonio-Maretti/Chariot-of-the-Sun-112937.html,815,Burberry,Touch for Men,0.6400,0.6667,0.3333,1.0000,https://www.fragrantica.com/perfume/Burberry/Touch-for-Men-815.html
1784-ESC,Summer-festival-eau-de-toilette,,55556,REVIEW,0.0000,26755,Alan Bray,Festival,0.7159,0.7273,0.5000,1.0000,https://www.fragrantica.com/perfume/Alan-Bray/Festival-26755.html,38783,Bourbon French Parfums,Festival,0.7159,0.7273,0.5000,1.0000,https://www.fragrantica.com/perfume/Bourbon-French-Parfums/Festival-38783.html,40824,Zara,Summer Edition,0.6370,0.6000,0.5000,1.0000,https://www.fragrantica.com/perfume/Zara/Summer-Edition-40824.html,53278,Zara,Femme Summer,0.6370,0.6000,0.5000,1.0000,https://www.fragrantica.com/perfume/Zara/Femme-Summer-53278.html,65922,Zara,Summer 5 0,0.6370,0.6000,0.5000,1.0000,https://www.fragrantica.com/perfume/Zara/Summer-5-0-65922.html,65923,Zara,Summer 6 0,0.6370,0.6000,0.5000,1.0000,https://www.fragrantica.com/perfume/Zara/Summer-6-0-65923.html,65924,Zara,Summer 8 0,0.6370,0.6000,0.5000,1.0000,https://www.fragrantica.com/perfume/Zara/Summer-8-0-65924.html,65925,Zara,Summer 9 0,0.6370,0.6000,0.5000,1.0000,https://www.fragrantica.com/perfume/Zara/Summer-9-0-65925.html,100693,We Pink,Summer,0.6370,0.6000,0.5000,1.0000,https://www.fragrantica.com/perfume/We-Pink/Summer-100693.html,37009,A Wing A Prayer Perfumes,Summer,0.6370,0.6000,0.5000,1.0000,https://www.fragrantica.com/perfume/A-Wing-A-Prayer-Perfumes/Summer-37009.html
1885-WID,LONDON,,55556,REVIEW,0.0000,813,Burberry,London,1.0000,1.0000,1.0000,1.0000,https://www.fragrantica.com/perfume/Burberry/London-813.html,804,Burberry,London for Men,1.0000,1.0000,1.0000,1.0000,https://www.fragrantica.com/perfume/Burberry/London-for-Men-804.html,45886,Roja Dove,London,1.0000,1.0000,1.0000,1.0000,https://www.fragrantica.com/perfume/Roja-Dove/London-45886.html,18883,Tom Ford,London,1.0000,1.0000,1.0000,1.0000,https://www.fragrantica.com/perfume/Tom-Ford/London-18883.html,15957,Victoria s Secret,London,1.0000,1.0000,1.0000,1.0000,https://www.fragrantica.com/perfume/Victoria-s-Secret/London-15957.html,74370,Al Jazeera Perfumes,London,1.0000,1.0000,1.0000,1.0000,https://www.fragrantica.com/perfume/Al-Jazeera-Perfumes/London-74370.html,139492,Arcadia,London,1.0000,1.0000,1.0000,1.0000,https://www.fragrantica.com/perfume/Arcadia/London-139492.html,85393,Azalea Parfums,London,1.0000,1.0000,1.0000,1.0000,https://www.fragrantica.com/perfume/Azalea-Parfums/London-85393.html,139335,Dicora Urban Fit,London,1.0000,1.0000,1.0000,1.0000,https://www.fragrantica.com/perfume/Dicora-Urban-Fit/London-139335.html,139342,Dicora Urban Fit,London,1.0000,1.0000,1.0000,1.0000,https://www.fragrantica.com/perfume/Dicora-Urban-Fit/London-139342.html
1888-MOR,Contessa,,55556,WEAK,0.0137,45103,Acqua di Genova,Contessa di Castiglione Lady Gold,0.5281,0.4324,1.0000,0.2000,https://www.fragrantica.com/perfume/Acqua-di-Genova/Contessa-di-Castiglione-Lady-Gold-45103.html,45102,Acqua di Genova,Contessa di Castiglione Lady Silver,0.5144,0.4103,1.0000,0.2000,https://www.fragrantica.com/perfume/Acqua-di-Genova/Contessa-di-Castiglione-Lady-Silver-45102.html,1713,Costes,Costes,0.4429,0.7143,0.0000,0.0000,https://www.fragrantica.com/perfume/Costes/Costes-1713.html,7805,Costes,Costes 2,0.4429,0.7143,0.0000,0.0000,https://www.fragrantica.com/perfume/Costes/Costes-2-7805.html,54448,Alkemia Perfumes,The de Ceylon Tea,0.4376,0.7059,0.0000,0.0000,https://www.fragrantica.com/perfume/Alkemia-Perfumes/The-de-Ceylon-Tea-54448.html,76139,DSH Perfumes,Countess Olenska,0.4313,0.6957,0.0000,0.0000,https://www.fragrantica.com/perfume/DSH-Perfumes/Countess-Olenska-76139.html,85936,Francesca Bianchi,Encounters,0.4133,0.6667,0.0000,0.0000,https://www.fragrantica.com/perfume/Francesca-Bianchi/Encounters-85936.html,26086,Natura,Intensa,0.4133,0.6667,0.0000,0.0000,https://www.fragrantica.com/perfume/Natura/Intensa-26086.html,122440,Victoria s Secret,Coconut Sea,0.4133,0.6667,0.0000,0.0000,https://www.fragrantica.com/perfume/Victoria-s-Secret/Coconut-Sea-122440.html,134183,AMD Perfumes,Lunessa,0.4133,0.6667,0.0000,0.0000,https://www.fragrantica.com/perfume/AMD-Perfumes/Lunessa-134183.html
1896-ESC,Cherry-in-japan,,55556,WEAK,0.0166,105690,Aurora Scents,Cherry in The Woods,0.6349,0.6154,0.6667,0.6667,https://www.fragrantica.com/perfume/Aurora-Scents/Cherry-in-The-Woods-105690.html,65861,The Dua Brand,Cherry,0.6182,0.6316,0.3333,1.0000,https://www.fragrantica.com/perfume/The-Dua-Brand/Cherry-65861.html,16583,Zara,Cherry,0.6182,0.6316,0.3333,1.0000,https://www.fragrantica.com/perfume/Zara/Cherry-16583.html,69133,Zara,Woman Cherry,0.6182,0.6316,0.3333,1.0000,https://www.fragrantica.com/perfume/Zara/Woman-Cherry-69133.html,93846,We Pink,Cherry,0.6182,0.6316,0.3333,1.0000,https://www.fragrantica.com/perfume/We-Pink/Cherry-93846.html,114129,Areej,Cherry,0.6182,0.6316,0.3333,1.0000,https://www.fragrantica.com/perfume/Areej/Cherry-114129.html,121761,ARZENI,Cherry,0.6182,0.6316,0.3333,1.0000,https://www.fragrantica.com/perfume/ARZENI/Cherry-121761.html,82409,Asia Perfumes,Cherry,0.6182,0.6316,0.3333,1.0000,https://www.fragrantica.com/perfume/Asia-Perfumes/Cherry-82409.html,140100,Blend Fragrance Cocktailing,Cherry,0.6182,0.6316,0.3333,1.0000,https://www.fragrantica.com/perfume/Blend-Fragrance-Cocktailing/Cherry-140100.html,78278,Lorenzo Pazzaglia,Cherry Ink,0.6026,0.7273,0.3333,0.5000,https://www.fragrantica.com/perfume/Lorenzo-Pazzaglia/Cherry-Ink-78278.html
1899-ZARK,The-muse,,55556,REVIEW,0.0000,99795,French Avenue,Muse,1.0000,1.0000,1.0000,1.0000,https://www.fragrantica.com/perfume/French-Avenue/Muse-99795.html,49505,Sospiro Perfumes,Muse,1.0000,1.0000,1.0000,1.0000,https://www.fragrantica.com/perfume/Sospiro-Perfumes/Muse-49505.html,55161,Xerjoff,Muse,1.0000,1.0000,1.0000,1.0000,https://www.fragrantica.com/perfume/Xerjoff/Muse-55161.html,105008,Yves Saint Laurent,Muse,1.0000,1.0000,1.0000,1.0000,https://www.fragrantica.com/perfume/Yves-Saint-Laurent/Muse-105008.html,139992,Khadlaj Perfumes,Muse,1.0000,1.0000,1.0000,1.0000,https://www.fragrantica.com/perfume/Khadlaj-Perfumes/Muse-139992.html,19589,Aftelier,Muse,1.0000,1.0000,1.0000,1.0000,https://www.fragrantica.com/perfume/Aftelier/Muse-19589.html,107113,Andrea Maack,Muse,1.0000,1.0000,1.0000,1.0000,https://www.fragrantica.com/perfume/Andrea-Maack/Muse-107113.html,109202,BALR,Muse,1.0000,1.0000,1.0000,1.0000,https://www.fragrantica.com/perfume/BALR/Muse-109202.html,15859,Black Phoenix Alchemy Lab,Muse,1.0000,1.0000,1.0000,1.0000,https://www.fragrantica.com/perfume/Black-Phoenix-Alchemy-Lab/Muse-15859.html,38395,Coty,Muse,1.0000,1.0000,1.0000,1.0000,https://www.fragrantica.com/perfume/Coty/Muse-38395.html
1921-VIV,Boudoir-,,55556,REVIEW,0.2558,30417,Bi es,Pink Boudoir,0.7872,0.7778,1.0000,0.5000,https://www.fragrantica.com/perfume/Bi-es/Pink-Boudoir-30417.html,107013,Khadlaj Perfumes,Oud Noir,0.5314,0.8571,0.0000,0.0000,https://www.fragrantica.com/perfume/Khadlaj-Perfumes/Oud-Noir-107013.html,98471,Aromas de Salazar,Oud Noir,0.5314,0.8571,0.0000,0.0000,https://www.fragrantica.com/perfume/Aromas-de-Salazar/Oud-Noir-98471.html,83816,Atelier Rebul,Oud Noir,0.5314,0.8571,0.0000,0.0000,https://www.fragrantica.com/perfume/Atelier-Rebul/Oud-Noir-83816.html,96395,Blackoud,Oud Noir,0.5314,0.8571,0.0000,0.0000,https://www.fragrantica.com/perfume/Blackoud/Oud-Noir-96395.html,138896,Careso,Oud Noir,0.5314,0.8571,0.0000,0.0000,https://www.fragrantica.com/perfume/Careso/Oud-Noir-138896.html,21145,Angela Flanders,Oudh Noir,0.4960,0.8000,0.0000,0.0000,https://www.fragrantica.com/perfume/Angela-Flanders/Oudh-Noir-21145.html,99459,Albanush,Oud on Fire,0.4650,0.7500,0.0000,0.0000,https://www.fragrantica.com/perfume/Albanush/Oud-on-Fire-99459.html,19939,Al Haramain Perfumes,Oudi,0.4509,0.7273,0.0000,0.0000,https://www.fragrantica.com/perfume/Al-Haramain-Perfumes/Oudi-19939.html,114834,Al Majed Oud,Oudi,0.4509,0.7273,0.0000,0.0000,https://www.fragrantica.com/perfume/Al-Majed-Oud/Oudi-114834.html
1926-KOS,No. 4 Après l’Amour Eau de Parfum,,55556,WEAK,0.0249,71957,Angelos Creations Olfactives,Apres Cologne,0.5711,0.5556,0.3333,1.0000,https://www.fragrantica.com/perfume/Angelos-Creations-Olfactives/Apres-Cologne-71957.html,44271,Alex Simone,Apres Vous,0.5462,0.6364,0.3333,0.5000,https://www.fragrantica.com/perfume/Alex-Simone/Apres-Vous-44271.html,139599,Chryso Louer,Selah No 4 Belamoure,0.5115,0.6207,0.3333,0.3333,https://www.fragrantica.com/perfume/Chryso-Louer/Selah-No-4-Belamoure-139599.html,96155,DIEM,No Reason,0.5060,0.5714,0.3333,0.5000,https://www.fragrantica.com/perfume/DIEM/No-Reason-96155.html,2736,Hermes,Un Jardin Apres la Mousson,0.4964,0.6286,0.3333,0.2000,https://www.fragrantica.com/perfume/Hermes/Un-Jardin-Apres-la-Mousson-2736.html,37194,Alkemia Perfumes,Philtre d Amour No 6,0.4941,0.5926,0.3333,0.3333,https://www.fragrantica.com/perfume/Alkemia-Perfumes/Philtre-d-Amour-No-6-37194.html,13753,Crow,No 4 Paper Lantern,0.4941,0.5926,0.3333,0.3333,https://www.fragrantica.com/perfume/Crow/No-4-Paper-Lantern-13753.html,120692,Bath Body Works,Apres All Day,0.4883,0.5833,0.3333,0.3333,https://www.fragrantica.com/perfume/Bath-Body-Works/Apres-All-Day-120692.html,21123,Angela Flanders,No 1 Le Premier,0.4883,0.5833,0.3333,0.3333,https://www.fragrantica.com/perfume/Angela-Flanders/No-1-Le-Premier-21123.html,13,Guerlain,Apres l Ondee,0.4751,0.5217,0.3333,0.5000,https://www.fragrantica.com/perfume/Guerlain/Apres-l-Ondee-13.html
1955-LAP,CELLULAR ENERGIZING,,55556,WEAK,0.0000,11708,Yves Saint Laurent,Kouros Energizing 2010,0.5566,0.6316,0.5000,0.3333,https://www.fragrantica.com/perfume/Yves-Saint-Laurent/Kouros-Energizing-2010-11708.html,11125,Donna Karan,Donna Karan Women Energizing,0.5566,0.6316,0.5000,0.3333,https://www.fragrantica.com/perfume/Donna-Karan/Donna-Karan-Women-Energizing-11125.html,115830,Blomb,No 11 Energizing,0.5525,0.6250,0.5000,0.3333,https://www.fragrantica.com/perfume/Blomb/No-11-Energizing-115830.html,1617,Kenzo,KenzoKi Bamboo Leaf Energizing,0.5107,0.5778,0.5000,0.2500,https://www.fragrantica.com/perfume/Kenzo/KenzoKi-Bamboo-Leaf-Energizing-1617.html,1386,Dior,Eau de Dior Coloressence Energizing,0.5032,0.5455,0.5000,0.3333,https://www.fragrantica.com/perfume/Dior/Eau-de-Dior-Coloressence-Energizing-1386.html,77734,Avon,Energizing Energy Mandarin Jasmine,0.4056,0.4082,0.5000,0.2500,https://www.fragrantica.com/perfume/Avon/Energizing-Energy-Mandarin-Jasmine-77734.html,66652,Clarins,Clarins Men Energizer,0.4012,0.6471,0.0000,0.0000,https://www.fragrantica.com/perfume/Clarins/Clarins-Men-Energizer-66652.html,1839,Lalique,Claire de Nilang,0.3720,0.6000,0.0000,0.0000,https://www.fragrantica.com/perfume/Lalique/Claire-de-Nilang-1839.html,85458,The Dua Brand,Cupbearer Gone Swimming,0.3497,0.5641,0.0000,0.0000,https://www.fragrantica.com/perfume/The-Dua-Brand/Cupbearer-Gone-Swimming-85458.html,97106,Lush,Chelsea Morning,0.3488,0.5625,0.0000,0.0000,https://www.fragrantica.com/perfume/Lush/Chelsea-Morning-97106.html
1975-ZARK,PINK MOLéCULE 090.09 Eau de Parfum,,55556,WEAK,0.0585,99691,Angeline,X Molecule,0.6043,0.6400,0.2500,1.0000,https://www.fragrantica.com/perfume/Angeline/X-Molecule-99691.html,75615,BLAK,Molecule B 01,0.5458,0.6667,0.2500,0.5000,https://www.fragrantica.com/perfume/BLAK/Molecule-B-01-75615.html,86763,The Dua Brand,Ginger Molecule 1 0,0.5325,0.6452,0.2500,0.5000,https://www.fragrantica.com/perfume/The-Dua-Brand/Ginger-Molecule-1-0-86763.html,86376,The Dua Brand,Mandarin Molecule 1 0,0.5083,0.6061,0.2500,0.5000,https://www.fragrantica.com/perfume/The-Dua-Brand/Mandarin-Molecule-1-0-86376.html,99703,Angeline,Black Molecule,0.5045,0.6000,0.2500,0.5000,https://www.fragrantica.com/perfume/Angeline/Black-Molecule-99703.html,86787,The Dua Brand,Orchid Molecule 7 0,0.4925,0.5806,0.2500,0.5000,https://www.fragrantica.com/perfume/The-Dua-Brand/Orchid-Molecule-7-0-86787.html,135483,Brecourt,Erotic Molecule,0.4925,0.5806,0.2500,0.5000,https://www.fragrantica.com/perfume/Brecourt/Erotic-Molecule-135483.html,101639,Maison Alhambra,Pink Eclipse,0.4868,0.5714,0.2500,0.5000,https://www.fragrantica.com/perfume/Maison-Alhambra/Pink-Eclipse-101639.html,140539,ArteOlfatto,Sublime Molecule,0.4813,0.5625,0.2500,0.5000,https://www.fragrantica.com/perfume/ArteOlfatto/Sublime-Molecule-140539.html,80232,Ainash Parfums,Rose Molecule,0.4746,0.5517,0.2500,0.5000,https://www.fragrantica.com/perfume/Ainash-Parfums/Rose-Molecule-80232.html
1977-SHIS,Ginza (2021),,55556,REVIEW,0.0613,97784,Hermes,Eau de Ginza,0.7079,0.7143,0.5000,1.0000,https://www.fragrantica.com/perfume/Hermes/Eau-de-Ginza-97784.html,65124,O Boticario,Men 2021,0.6465,0.6154,0.5000,1.0000,https://www.fragrantica.com/perfume/O-Boticario/Men-2021-65124.html,139952,Bruno Banani,Woman Limited Edition 2021,0.6465,0.6154,0.5000,1.0000,https://www.fragrantica.com/perfume/Bruno-Banani/Woman-Limited-Edition-2021-139952.html,78963,Acidica Perfumes,Ginger tea 2021,0.6159,0.7273,0.5000,0.3333,https://www.fragrantica.com/perfume/Acidica-Perfumes/Ginger-tea-2021-78963.html,69811,Zara,Gardenia 2021,0.6033,0.6667,0.5000,0.5000,https://www.fragrantica.com/perfume/Zara/Gardenia-2021-69811.html,69047,Guerlain,Kadine 2021,0.5816,0.6316,0.5000,0.5000,https://www.fragrantica.com/perfume/Guerlain/Kadine-2021-69047.html,68137,Caron,Infini 2021,0.5816,0.6316,0.5000,0.5000,https://www.fragrantica.com/perfume/Caron/Infini-2021-68137.html,65383,Xerjoff,Italica 2021,0.5620,0.6000,0.5000,0.5000,https://www.fragrantica.com/perfume/Xerjoff/Italica-2021-65383.html,70412,O Boticario,Lily Eau de Parfum 2021,0.5547,0.5882,0.5000,0.5000,https://www.fragrantica.com/perfume/O-Boticario/Lily-Eau-de-Parfum-2021-70412.html,70471,Lancome,Idole Eau de Parfum Limited Edition 2021,0.5344,0.5556,0.5000,0.5000,https://www.fragrantica.com/perfume/Lancome/Idole-Eau-de-Parfum-Limited-Edition-2021-70471.html
1980-HIND,Emarati Musk Parfum,,55556,WEAK,0.0000,45771,Zara,Zara Musk,0.6468,0.7368,0.5000,0.5000,https://www.fragrantica.com/perfume/Zara/Zara-Musk-45771.html,125386,Arabiyat Prestige,Pear Musk,0.6468,0.7368,0.5000,0.5000,https://www.fragrantica.com/perfume/Arabiyat-Prestige/Pear-Musk-125386.html,55964,Carolina Herrera,Emerald Musk,0.6409,0.7273,0.5000,0.5000,https://www.fragrantica.com/perfume/Carolina-Herrera/Emerald-Musk-55964.html,21706,Arabian Oud,Arabian Musk,0.6409,0.7273,0.5000,0.5000,https://www.fragrantica.com/perfume/Arabian-Oud/Arabian-Musk-21706.html,21714,Arabian Oud,Kalemat Musk,0.6409,0.7273,0.5000,0.5000,https://www.fragrantica.com/perfume/Arabian-Oud/Kalemat-Musk-21714.html,100680,Agar Olfactory,Matsu Musk,0.6240,0.7000,0.5000,0.5000,https://www.fragrantica.com/perfume/Agar-Olfactory/Matsu-Musk-100680.html,74036,Al Jazeera Perfumes,Paris Musk,0.6240,0.7000,0.5000,0.5000,https://www.fragrantica.com/perfume/Al-Jazeera-Perfumes/Paris-Musk-74036.html,15980,Ava Luxe,Pearl Musk,0.6240,0.7000,0.5000,0.5000,https://www.fragrantica.com/perfume/Ava-Luxe/Pearl-Musk-15980.html,97829,Montale,Arabians Musk,0.6213,0.6957,0.5000,0.5000,https://www.fragrantica.com/perfume/Montale/Arabians-Musk-97829.html,99221,Abdul Samad Al Qurashi,Mandarin Musk,0.6213,0.6957,0.5000,0.5000,https://www.fragrantica.com/perfume/Abdul-Samad-Al-Qurashi/Mandarin-Musk-99221.html
1981-KHAL,Grá,,55556,WEAK,0.0000,19678,Rasasi,Egra Men,0.5314,0.8571,0.0000,0.0000,https://www.fragrantica.com/perfume/Rasasi/Egra-Men-19678.html,19677,Rasasi,Egra Women,0.5314,0.8571,0.0000,0.0000,https://www.fragrantica.com/perfume/Rasasi/Egra-Women-19677.html,71726,Ajmal,Gray,0.5314,0.8571,0.0000,0.0000,https://www.fragrantica.com/perfume/Ajmal/Gray-71726.html,60532,Bamford,Gray,0.5314,0.8571,0.0000,0.0000,https://www.fragrantica.com/perfume/Bamford/Gray-60532.html,36590,Comme des Garcons,Grace,0.4650,0.7500,0.0000,0.0000,https://www.fragrantica.com/perfume/Comme-des-Garcons/Grace-36590.html,8016,Demeter Fragrance,Grass,0.4650,0.7500,0.0000,0.0000,https://www.fragrantica.com/perfume/Demeter-Fragrance/Grass-8016.html,56373,Lush,Grass,0.4650,0.7500,0.0000,0.0000,https://www.fragrantica.com/perfume/Lush/Grass-56373.html,97569,Rasasi,Grace,0.4650,0.7500,0.0000,0.0000,https://www.fragrantica.com/perfume/Rasasi/Grace-97569.html,104889,Ahmed Al Maghribi,Ighra a,0.4650,0.7500,0.0000,0.0000,https://www.fragrantica.com/perfume/Ahmed-Al-Maghribi/Ighra-a-104889.html,18481,Boadicea the Victorious,Grace,0.4650,0.7500,0.0000,0.0000,https://www.fragrantica.com/perfume/Boadicea-the-Victorious/Grace-18481.html
1985-WID,GOLD II SAHARA - WIDIAN,,55556,WEAK,0.0176,127661,Gulf Orchid,WIDIAN,0.5175,0.5000,0.2500,1.0000,https://www.fragrantica.com/perfume/Gulf-Orchid/WIDIAN-127661.html,64130,Al Aneeq,Oud Sahara,0.4999,0.5926,0.2500,0.5000,https://www.fragrantica.com/perfume/Al-Aneeq/Oud-Sahara-64130.html,27962,Ana Hickmann,Gold in Shadow,0.4795,0.6000,0.2500,0.3333,https://www.fragrantica.com/perfume/Ana-Hickmann/Gold-in-Shadow-27962.html,16661,Aquolina,Gold Sugar,0.4540,0.5185,0.2500,0.5000,https://www.fragrantica.com/perfume/Aquolina/Gold-Sugar-16661.html,93249,Aurora Scents,Gold Calacatta,0.4525,0.5161,0.2500,0.5000,https://www.fragrantica.com/perfume/Aurora-Scents/Gold-Calacatta-93249.html,77240,Ausmane Paris,Tornade Sahara,0.4525,0.5161,0.2500,0.5000,https://www.fragrantica.com/perfume/Ausmane-Paris/Tornade-Sahara-77240.html,109081,Afnan,Historic Sahara,0.4425,0.5000,0.2500,0.5000,https://www.fragrantica.com/perfume/Afnan/Historic-Sahara-109081.html,17333,Tom Ford,Sahara Noir,0.4425,0.5000,0.2500,0.5000,https://www.fragrantica.com/perfume/Tom-Ford/Sahara-Noir-17333.html,918,Amouage,Gold Man,0.4330,0.3636,0.2500,1.0000,https://www.fragrantica.com/perfume/Amouage/Gold-Man-918.html,917,Amouage,Gold Woman,0.4330,0.3636,0.2500,1.0000,https://www.fragrantica.com/perfume/Amouage/Gold-Woman-917.html
1986-SOO,NUR,,55556,WEAK,0.0000,20752,Swiss Arabian,Nour,0.5314,0.8571,0.0000,0.0000,https://www.fragrantica.com/perfume/Swiss-Arabian/Nour-20752.html,100860,Azha Perfumes,Nura,0.5314,0.8571,0.0000,0.0000,https://www.fragrantica.com/perfume/Azha-Perfumes/Nura-100860.html,86424,The Dua Brand,Nur Jahan s Elixir,0.4988,0.3529,1.0000,0.3333,https://www.fragrantica.com/perfume/The-Dua-Brand/Nur-Jahan-s-Elixir-86424.html,95,Yves Saint Laurent,Nu,0.4960,0.8000,0.0000,0.0000,https://www.fragrantica.com/perfume/Yves-Saint-Laurent/Nu-95.html,3169,Yves Saint Laurent,Nu Eau de Toilette,0.4960,0.8000,0.0000,0.0000,https://www.fragrantica.com/perfume/Yves-Saint-Laurent/Nu-Eau-de-Toilette-3169.html,66154,Buvard Parfums,Nu,0.4960,0.8000,0.0000,0.0000,https://www.fragrantica.com/perfume/Buvard-Parfums/Nu-66154.html,24175,Diadema Exclusif,Anuar,0.4650,0.7500,0.0000,0.0000,https://www.fragrantica.com/perfume/Diadema-Exclusif/Anuar-24175.html,12763,Amouage,Honour Man,0.4133,0.6667,0.0000,0.0000,https://www.fragrantica.com/perfume/Amouage/Honour-Man-12763.html,12762,Amouage,Honour Woman,0.4133,0.6667,0.0000,0.0000,https://www.fragrantica.com/perfume/Amouage/Honour-Woman-12762.html,97582,Rasasi,Honour,0.4133,0.6667,0.0000,0.0000,https://www.fragrantica.com/perfume/Rasasi/Honour-97582.html
1987-SON,Le Parfum,,55556,REVIEW,0.0000,27670,Armaf,Le Femme,1.0000,1.0000,1.0000,1.0000,https://www.fragrantica.com/perfume/Armaf/Le-Femme-27670.html,713,Mugler,Le Parfum,1.0000,1.0000,1.0000,1.0000,https://www.fragrantica.com/perfume/Mugler/Le-Parfum-713.html,110493,Stephane Humbert Lucas 777,Le 8,1.0000,1.0000,1.0000,1.0000,https://www.fragrantica.com/perfume/Stephane-Humbert-Lucas-777/Le-8-110493.html,62493,Viktor Rolf,Le Parfum,1.0000,1.0000,1.0000,1.0000,https://www.fragrantica.com/perfume/Viktor-Rolf/Le-Parfum-62493.html,59731,Yves Saint Laurent,L Homme Le Parfum,1.0000,1.0000,1.0000,1.0000,https://www.fragrantica.com/perfume/Yves-Saint-Laurent/L-Homme-Le-Parfum-59731.html,64718,Yves Saint Laurent,Y Le Parfum,1.0000,1.0000,1.0000,1.0000,https://www.fragrantica.com/perfume/Yves-Saint-Laurent/Y-Le-Parfum-64718.html,11265,Agnes B,Le B,1.0000,1.0000,1.0000,1.0000,https://www.fragrantica.com/perfume/Agnes-B/Le-B-11265.html,119236,Agnes B,Le Parfum,1.0000,1.0000,1.0000,1.0000,https://www.fragrantica.com/perfume/Agnes-B/Le-Parfum-119236.html,6210,Barbara Bui,Le Parfum,1.0000,1.0000,1.0000,1.0000,https://www.fragrantica.com/perfume/Barbara-Bui/Le-Parfum-6210.html,50659,Claus Porto,Le Parfum,1.0000,1.0000,1.0000,1.0000,https://www.fragrantica.com/perfume/Claus-Porto/Le-Parfum-50659.html
1988-THEVE,Arabesque,,55556,REVIEW,0.0000,53938,Alkemia Perfumes,Arabesque,1.0000,1.0000,1.0000,1.0000,https://www.fragrantica.com/perfume/Alkemia-Perfumes/Arabesque-53938.html,21591,Arabian Oud,Arabesque,1.0000,1.0000,1.0000,1.0000,https://www.fragrantica.com/perfume/Arabian-Oud/Arabesque-21591.html,93255,Aurora Scents,Arabesque,1.0000,1.0000,1.0000,1.0000,https://www.fragrantica.com/perfume/Aurora-Scents/Arabesque-93255.html,36885,And Other Stories,Arabesque Wood,0.8123,0.8182,1.0000,0.5000,https://www.fragrantica.com/perfume/And-Other-Stories/Arabesque-Wood-36885.html,33679,Arabesque,Arabesque Gold,0.8123,0.8182,1.0000,0.5000,https://www.fragrantica.com/perfume/Arabesque/Arabesque-Gold-33679.html,93256,Aurora Scents,Arabesque Hayat,0.7902,0.7826,1.0000,0.5000,https://www.fragrantica.com/perfume/Aurora-Scents/Arabesque-Hayat-93256.html,33680,Arabesque,Arabesque SIlver,0.7700,0.7500,1.0000,0.5000,https://www.fragrantica.com/perfume/Arabesque/Arabesque-SIlver-33680.html,114836,And Other Stories,Arabesque Wood Perfume Oil,0.7264,0.7200,1.0000,0.3333,https://www.fragrantica.com/perfume/And-Other-Stories/Arabesque-Wood-Perfume-Oil-114836.html,114831,And Other Stories,Arabesque Wood Body Mist,0.6395,0.6000,1.0000,0.2500,https://www.fragrantica.com/perfume/And-Other-Stories/Arabesque-Wood-Body-Mist-114831.html,35791,Al Rehab,Arabisque,0.5511,0.8889,0.0000,0.0000,https://www.fragrantica.com/perfume/Al-Rehab/Arabisque-35791.html
1989-VERT,NARCOS'IS,,55556,REVIEW,0.2620,132958,Bargello,Narcos,0.7964,0.8571,0.5000,1.0000,https://www.fragrantica.com/perfume/Bargello/Narcos-132958.html,99604,Aphorismes by Dominique Ropion,A Rose is a Rose,0.5344,0.5556,0.5000,0.5000,https://www.fragrantica.com/perfume/Aphorismes-by-Dominique-Ropion/A-Rose-is-a-Rose-99604.html,26127,Narciso Rodriguez,Narciso,0.4960,0.8000,0.0000,0.0000,https://www.fragrantica.com/perfume/Narciso-Rodriguez/Narciso-26127.html,30658,Narciso Rodriguez,Narciso Eau de Toilette,0.4960,0.8000,0.0000,0.0000,https://www.fragrantica.com/perfume/Narciso-Rodriguez/Narciso-Eau-de-Toilette-30658.html,43863,DFG1924,Narciso,0.4960,0.8000,0.0000,0.0000,https://www.fragrantica.com/perfume/DFG1924/Narciso-43863.html,107503,BellaVita,Narco,0.4769,0.7692,0.0000,0.0000,https://www.fragrantica.com/perfume/BellaVita/Narco-107503.html,68664,Ariana Grande,God Is A Woman,0.4762,0.4615,0.5000,0.5000,https://www.fragrantica.com/perfume/Ariana-Grande/God-Is-A-Woman-68664.html,128300,Benjamin Vicuna,She Is,0.4762,0.4615,0.5000,0.5000,https://www.fragrantica.com/perfume/Benjamin-Vicuna/She-Is-128300.html,102322,Chopova Lowena,Queen Rosa Rosa is Queen,0.4750,0.5000,0.5000,0.3333,https://www.fragrantica.com/perfume/Chopova-Lowena/Queen-Rosa-Rosa-is-Queen-102322.html,78203,AB 1882,Narciris,0.4650,0.7500,0.0000,0.0000,https://www.fragrantica.com/perfume/AB-1882/Narciris-78203.html
2016-PARELM,Elixir d'Amour,,55556,REVIEW,0.0157,11679,Chopard,Happy Spirit Elixir d Amour,0.7183,0.6667,1.0000,0.5000,https://www.fragrantica.com/perfume/Chopard/Happy-Spirit-Elixir-d-Amour-11679.html,5673,Penhaligon s,Elixir,0.7026,0.7059,0.5000,1.0000,https://www.fragrantica.com/perfume/Penhaligon-s/Elixir-5673.html,53130,Roja Dove,Elixir Pour Femme Parfum,0.7026,0.7059,0.5000,1.0000,https://www.fragrantica.com/perfume/Roja-Dove/Elixir-Pour-Femme-Parfum-53130.html,120751,The Dua Brand,6 7 Elixir,0.7026,0.7059,0.5000,1.0000,https://www.fragrantica.com/perfume/The-Dua-Brand/6-7-Elixir-120751.html,90024,Yves Saint Laurent,Y Elixir,0.7026,0.7059,0.5000,1.0000,https://www.fragrantica.com/perfume/Yves-Saint-Laurent/Y-Elixir-90024.html,72916,Alurent,Elixir,0.7026,0.7059,0.5000,1.0000,https://www.fragrantica.com/perfume/Alurent/Elixir-72916.html,73036,Amber Oud,Elixir,0.7026,0.7059,0.5000,1.0000,https://www.fragrantica.com/perfume/Amber-Oud/Elixir-73036.html,100252,Atralia,Elixir,0.7026,0.7059,0.5000,1.0000,https://www.fragrantica.com/perfume/Atralia/Elixir-100252.html,93475,Aurora Scents,Elixir,0.7026,0.7059,0.5000,1.0000,https://www.fragrantica.com/perfume/Aurora-Scents/Elixir-93475.html,35057,Biosea,Elixir,0.7026,0.7059,0.5000,1.0000,https://www.fragrantica.com/perfume/Biosea/Elixir-35057.html
2028-ZARK,Youth,,55556,REVIEW,0.0000,555,Estee Lauder,Youth Dew,0.7819,0.7692,1.0000,0.5000,https://www.fragrantica.com/perfume/Estee-Lauder/Youth-Dew-555.html,17435,Estee Lauder,Youth Dew Limited Edition,0.7819,0.7692,1.0000,0.5000,https://www.fragrantica.com/perfume/Estee-Lauder/Youth-Dew-Limited-Edition-17435.html,92098,Rasasi,Youth Ikon,0.7479,0.7143,1.0000,0.5000,https://www.fragrantica.com/perfume/Rasasi/Youth-Ikon-92098.html,35609,Derek Lam 10 Crosby,Drunk On Youth,0.6447,0.5882,1.0000,0.3333,https://www.fragrantica.com/perfume/Derek-Lam-10-Crosby/Drunk-On-Youth-35609.html,556,Estee Lauder,Youth Dew Amber Nude,0.5493,0.4545,1.0000,0.2500,https://www.fragrantica.com/perfume/Estee-Lauder/Youth-Dew-Amber-Nude-556.html,101004,Rasasi,For You,0.4650,0.7500,0.0000,0.0000,https://www.fragrantica.com/perfume/Rasasi/For-You-101004.html,112305,AENYOE1,You,0.4650,0.7500,0.0000,0.0000,https://www.fragrantica.com/perfume/AENYOE1/You-112305.html,52386,AXE,You,0.4650,0.7500,0.0000,0.0000,https://www.fragrantica.com/perfume/AXE/You-52386.html,115253,BEAUTIFUL INDIA,YOU,0.4650,0.7500,0.0000,0.0000,https://www.fragrantica.com/perfume/BEAUTIFUL-INDIA/YOU-115253.html,22515,Cindy C,C For You,0.4650,0.7500,0.0000,0.0000,https://www.fragrantica.com/perfume/Cindy-C/C-For-You-22515.html
2036-GIS,Ambassador Men Eau de Parfum,,55556,REVIEW,0.1515,86758,The Dua Brand,Dua s Intense Ambassador,0.6933,0.6667,1.0000,0.3333,https://www.fragrantica.com/perfume/The-Dua-Brand/Dua-s-Intense-Ambassador-86758.html,21308,Abdul Samad Al Qurashi,Ambassador Collection Al Qurashi Blend,0.5418,0.4545,1.0000,0.2000,https://www.fragrantica.com/perfume/Abdul-Samad-Al-Qurashi/Ambassador-Collection-Al-Qurashi-Blend-21308.html,26035,Natura,Amasso,0.4650,0.7500,0.0000,0.0000,https://www.fragrantica.com/perfume/Natura/Amasso-26035.html,136999,Alain Aregon,Abracador,0.4568,0.7368,0.0000,0.0000,https://www.fragrantica.com/perfume/Alain-Aregon/Abracador-136999.html,71363,Aldakheel Oud,AMADORA,0.4376,0.7059,0.0000,0.0000,https://www.fragrantica.com/perfume/Aldakheel-Oud/AMADORA-71363.html,75319,Darkbeat Parfums,Ambra Gadir,0.4340,0.7000,0.0000,0.0000,https://www.fragrantica.com/perfume/Darkbeat-Parfums/Ambra-Gadir-75319.html,223,Dior,Miss Dior,0.4133,0.6667,0.0000,0.0000,https://www.fragrantica.com/perfume/Dior/Miss-Dior-223.html,17478,Dior,Miss Dior Eau De Toilette,0.4133,0.6667,0.0000,0.0000,https://www.fragrantica.com/perfume/Dior/Miss-Dior-Eau-De-Toilette-17478.html,11400,Dior,Miss Dior Parfum,0.4133,0.6667,0.0000,0.0000,https://www.fragrantica.com/perfume/Dior/Miss-Dior-Parfum-11400.html,56512,Granado,Ambar,0.4133,0.6667,0.0000,0.0000,https://www.fragrantica.com/perfume/Granado/Ambar-56512.html
2044-LORV,TEINT DE NEIGE,,55556,WEAK,0.0750,123786,Fragrance World,Eau de Neige,0.6783,0.6667,0.5000,1.0000,https://www.fragrantica.com/perfume/Fragrance-World/Eau-de-Neige-123786.html,56737,Tom Ford,Soleil Neige,0.6033,0.6667,0.5000,0.5000,https://www.fragrantica.com/perfume/Tom-Ford/Soleil-Neige-56737.html,96596,Tom Ford,Soleil Neige Parfum,0.6033,0.6667,0.5000,0.5000,https://www.fragrantica.com/perfume/Tom-Ford/Soleil-Neige-Parfum-96596.html,120292,Tom Ford,Soleil Neige 2025,0.5122,0.5600,0.5000,0.3333,https://www.fragrantica.com/perfume/Tom-Ford/Soleil-Neige-2025-120292.html,105017,Analisa Parfums,Neige Bleue,0.5000,0.5000,0.5000,0.5000,https://www.fragrantica.com/perfume/Analisa-Parfums/Neige-Bleue-105017.html,55618,Babylon Berlin,Intrige,0.4376,0.7059,0.0000,0.0000,https://www.fragrantica.com/perfume/Babylon-Berlin/Intrige-55618.html,11497,Avon,Intrigue,0.4133,0.6667,0.0000,0.0000,https://www.fragrantica.com/perfume/Avon/Intrigue-11497.html,42083,Agua de Cheiro,Tenerife,0.4133,0.6667,0.0000,0.0000,https://www.fragrantica.com/perfume/Agua-de-Cheiro/Tenerife-42083.html,16849,Black Phoenix Alchemy Lab,Intrigue,0.4133,0.6667,0.0000,0.0000,https://www.fragrantica.com/perfume/Black-Phoenix-Alchemy-Lab/Intrigue-16849.html,9325,Carven,Intrigue,0.4133,0.6667,0.0000,0.0000,https://www.fragrantica.com/perfume/Carven/Intrigue-9325.html
2051-PRFRO,Acqua Di Sale,,55556,REVIEW,0.0000,91786,Apiarium,Acqua Sale,0.8613,0.9000,0.6667,1.0000,https://www.fragrantica.com/perfume/Apiarium/Acqua-Sale-91786.html,97884,Bottega Veneta,Acqua Sale,0.8613,0.9000,0.6667,1.0000,https://www.fragrantica.com/perfume/Bottega-Veneta/Acqua-Sale-97884.html,136601,ARZENI,Acqua di Luce,0.7606,0.8182,0.6667,0.6667,https://www.fragrantica.com/perfume/ARZENI/Acqua-di-Luce-136601.html,127724,Borsari,Acqua di Voile,0.7386,0.7826,0.6667,0.6667,https://www.fragrantica.com/perfume/Borsari/Acqua-di-Voile-127724.html,41823,Acqua di Sardegna,Acqua di Sardegna Man Eau de Parfum,0.7303,0.7692,0.6667,0.6667,https://www.fragrantica.com/perfume/Acqua-di-Sardegna/Acqua-di-Sardegna-Man-Eau-de-Parfum-41823.html,41824,Acqua di Sardegna,Acqua di Sardegna Man Eau de Toilette,0.7303,0.7692,0.6667,0.6667,https://www.fragrantica.com/perfume/Acqua-di-Sardegna/Acqua-di-Sardegna-Man-Eau-de-Toilette-41824.html,41821,Acqua di Sardegna,Acqua di Sardegna Woman Eau de Parfum,0.7303,0.7692,0.6667,0.6667,https://www.fragrantica.com/perfume/Acqua-di-Sardegna/Acqua-di-Sardegna-Woman-Eau-de-Parfum-41821.html,41822,Acqua di Sardegna,Acqua di Sardegna Woman Eau de Toilette,0.7303,0.7692,0.6667,0.6667,https://www.fragrantica.com/perfume/Acqua-di-Sardegna/Acqua-di-Sardegna-Woman-Eau-de-Toilette-41822.html,85745,The Dua Brand,Acqua di Dua,0.7257,0.7619,0.6667,0.6667,https://www.fragrantica.com/perfume/The-Dua-Brand/Acqua-di-Dua-85745.html,6556,Acqua di Stresa,Acqua di Stresa,0.7183,0.7500,0.6667,0.6667,https://www.fragrantica.com/perfume/Acqua-di-Stresa/Acqua-di-Stresa-6556.html
2085-CLIV,X NEROLI LIMITED EDITION - CLIVE CHRISTIAN,clive christian,94,WEAK,0.0000,26231,Clive Christian,No 1 15th Year Anniversary Men,0.2722,0.4390,0.0000,0.0000,https://www.fragrantica.com/perfume/Clive-Christian/No-1-15th-Year-Anniversary-Men-26231.html,26232,Clive Christian,No 1 15th Year Anniversary Women,0.2722,0.4390,0.0000,0.0000,https://www.fragrantica.com/perfume/Clive-Christian/No-1-15th-Year-Anniversary-Women-26232.html,47356,Clive Christian,I for Men Amber Oriental With Rich Musk,0.2480,0.4000,0.0000,0.0000,https://www.fragrantica.com/perfume/Clive-Christian/I-for-Men-Amber-Oriental-With-Rich-Musk-47356.html,59179,Clive Christian,No 1 Twist Water Mint,0.2411,0.3889,0.0000,0.0000,https://www.fragrantica.com/perfume/Clive-Christian/No-1-Twist-Water-Mint-59179.html,47348,Clive Christian,E for Women Green Fougere With Aromatic Lavender,0.2385,0.3846,0.0000,0.0000,https://www.fragrantica.com/perfume/Clive-Christian/E-for-Women-Green-Fougere-With-Aromatic-Lavender-47348.html,50754,Clive Christian,1872 Tarocco Orange,0.2346,0.3784,0.0000,0.0000,https://www.fragrantica.com/perfume/Clive-Christian/1872-Tarocco-Orange-50754.html,39606,Clive Christian,No 1 Twist Violet,0.2255,0.3636,0.0000,0.0000,https://www.fragrantica.com/perfume/Clive-Christian/No-1-Twist-Violet-39606.html,63055,Clive Christian,A Separate Reality Manic,0.2170,0.3500,0.0000,0.0000,https://www.fragrantica.com/perfume/Clive-Christian/A-Separate-Reality-Manic-63055.html,59180,Clive Christian,No 1 Twist Cardamom,0.2126,0.3429,0.0000,0.0000,https://www.fragrantica.com/perfume/Clive-Christian/No-1-Twist-Cardamom-59180.html,57889,Clive Christian,Baies Rose Iconic Elixir,0.2117,0.3415,0.0000,0.0000,https://www.fragrantica.com/perfume/Clive-Christian/Baies-Rose-Iconic-Elixir-57889.html
2094-SHIS,Ever Bloom,,55556,REVIEW,0.0000,19864,Al Haramain Perfumes,Bloom,0.7079,0.7143,0.5000,1.0000,https://www.fragrantica.com/perfume/Al-Haramain-Perfumes/Bloom-19864.html,17610,Givenchy,Bloom,0.7079,0.7143,0.5000,1.0000,https://www.fragrantica.com/perfume/Givenchy/Bloom-17610.html,109674,Ampersand,Bloom,0.7079,0.7143,0.5000,1.0000,https://www.fragrantica.com/perfume/Ampersand/Bloom-109674.html,125777,ARO FAC Aroma Factory,Bloom,0.7079,0.7143,0.5000,1.0000,https://www.fragrantica.com/perfume/ARO-FAC-Aroma-Factory/Bloom-125777.html,132290,Artepole,Eau de Bloom,0.7079,0.7143,0.5000,1.0000,https://www.fragrantica.com/perfume/Artepole/Eau-de-Bloom-132290.html,61662,BadeFee,Bloom,0.7079,0.7143,0.5000,1.0000,https://www.fragrantica.com/perfume/BadeFee/Bloom-61662.html,138516,Bloom Body,Bloom,0.7079,0.7143,0.5000,1.0000,https://www.fragrantica.com/perfume/Bloom-Body/Bloom-138516.html,16504,Boheme Chic,Bloom,0.7079,0.7143,0.5000,1.0000,https://www.fragrantica.com/perfume/Boheme-Chic/Bloom-16504.html,79271,BYTWO,Bloom,0.7079,0.7143,0.5000,1.0000,https://www.fragrantica.com/perfume/BYTWO/Bloom-79271.html,131414,Daise Fragrance,Bloom,0.7079,0.7143,0.5000,1.0000,https://www.fragrantica.com/perfume/Daise-Fragrance/Bloom-131414.html
2098-MIC,Twilight Shimmer,,55556,REVIEW,0.0000,10800,Lush,Twilight,0.6963,0.6957,0.5000,1.0000,https://www.fragrantica.com/perfume/Lush/Twilight-10800.html,125539,ARO FAC Aroma Factory,Twilight,0.6963,0.6957,0.5000,1.0000,https://www.fragrantica.com/perfume/ARO-FAC-Aroma-Factory/Twilight-125539.html,121950,Aura Fragrances,Twilight,0.6963,0.6957,0.5000,1.0000,https://www.fragrantica.com/perfume/Aura-Fragrances/Twilight-121950.html,85397,Azalea Parfums,Twilight,0.6963,0.6957,0.5000,1.0000,https://www.fragrantica.com/perfume/Azalea-Parfums/Twilight-85397.html,84290,AzherOud,Twilight,0.6963,0.6957,0.5000,1.0000,https://www.fragrantica.com/perfume/AzherOud/Twilight-84290.html,16147,Black Phoenix Alchemy Lab,Twilight,0.6963,0.6957,0.5000,1.0000,https://www.fragrantica.com/perfume/Black-Phoenix-Alchemy-Lab/Twilight-16147.html,89702,Camille Rochelle,Twilight,0.6963,0.6957,0.5000,1.0000,https://www.fragrantica.com/perfume/Camille-Rochelle/Twilight-89702.html,53279,Zara,Twilight Mauve Summer,0.6391,0.7647,0.5000,0.3333,https://www.fragrantica.com/perfume/Zara/Twilight-Mauve-Summer-53279.html,36909,Zara,Twilight Mauve,0.6329,0.7143,0.5000,0.5000,https://www.fragrantica.com/perfume/Zara/Twilight-Mauve-36909.html,132138,Daniel s Truth,Twilight Dew,0.6192,0.6923,0.5000,0.5000,https://www.fragrantica.com/perfume/Daniel-s-Truth/Twilight-Dew-132138.html
2178-MON,pour Homme,,55556,WEAK,0.0000,1681,Acqua di Parma,Acqua di Parma Colonia,0.0000,0.0000,0.0000,0.0000,https://www.fragrantica.com/perfume/Acqua-di-Parma/Acqua-di-Parma-Colonia-1681.html,1682,Acqua di Parma,Acqua di Parma Colonia Assoluta,0.0000,0.0000,0.0000,0.0000,https://www.fragrantica.com/perfume/Acqua-di-Parma/Acqua-di-Parma-Colonia-Assoluta-1682.html,1680,Acqua di Parma,Acqua di Parma Colonia Assoluta Edizione Riviera,0.0000,0.0000,0.0000,0.0000,https://www.fragrantica.com/perfume/Acqua-di-Parma/Acqua-di-Parma-Colonia-Assoluta-Edizione-Riviera-1680.html,12532,Acqua di Parma,Acqua di Parma Colonia Assoluta Edizione Speciale 2011,0.0000,0.0000,0.0000,0.0000,https://www.fragrantica.com/perfume/Acqua-di-Parma/Acqua-di-Parma-Colonia-Assoluta-Edizione-Speciale-2011-12532.html,13806,Acqua di Parma,Acqua di Parma Colonia Designer Edition,0.0000,0.0000,0.0000,0.0000,https://www.fragrantica.com/perfume/Acqua-di-Parma/Acqua-di-Parma-Colonia-Designer-Edition-13806.html,42460,Acqua di Parma,Acqua di Parma Colonia Edizione Centenario,0.0000,0.0000,0.0000,0.0000,https://www.fragrantica.com/perfume/Acqua-di-Parma/Acqua-di-Parma-Colonia-Edizione-Centenario-42460.html,45876,Acqua di Parma,Acqua di Parma Colonia Pura,0.0000,0.0000,0.0000,0.0000,https://www.fragrantica.com/perfume/Acqua-di-Parma/Acqua-di-Parma-Colonia-Pura-45876.html,12921,Acqua di Parma,Acqua di Parma Gelsomino Nobile,0.0000,0.0000,0.0000,0.0000,https://www.fragrantica.com/perfume/Acqua-di-Parma/Acqua-di-Parma-Gelsomino-Nobile-12921.html,1564,Acqua di Parma,Acqua di Parma Iris Nobile,0.0000,0.0000,0.0000,0.0000,https://www.fragrantica.com/perfume/Acqua-di-Parma/Acqua-di-Parma-Iris-Nobile-1564.html,5068,Acqua di Parma,Acqua di Parma Iris Nobile Edizione Speciale 2008,0.0000,0.0000,0.0000,0.0000,https://www.fragrantica.com/perfume/Acqua-di-Parma/Acqua-di-Parma-Iris-Nobile-Edizione-Speciale-2008-5068.html
2234-MON,pour Femme,,55556,WEAK,0.0000,1681,Acqua di Parma,Acqua di Parma Colonia,0.0000,0.0000,0.0000,0.0000,https://www.fragrantica.com/perfume/Acqua-di-Parma/Acqua-di-Parma-Colonia-1681.html,1682,Acqua di Parma,Acqua di Parma Colonia Assoluta,0.0000,0.0000,0.0000,0.0000,https://www.fragrantica.com/perfume/Acqua-di-Parma/Acqua-di-Parma-Colonia-Assoluta-1682.html,1680,Acqua di Parma,Acqua di Parma Colonia Assoluta Edizione Riviera,0.0000,0.0000,0.0000,0.0000,https://www.fragrantica.com/perfume/Acqua-di-Parma/Acqua-di-Parma-Colonia-Assoluta-Edizione-Riviera-1680.html,12532,Acqua di Parma,Acqua di Parma Colonia Assoluta Edizione Speciale 2011,0.0000,0.0000,0.0000,0.0000,https://www.fragrantica.com/perfume/Acqua-di-Parma/Acqua-di-Parma-Colonia-Assoluta-Edizione-Speciale-2011-12532.html,13806,Acqua di Parma,Acqua di Parma Colonia Designer Edition,0.0000,0.0000,0.0000,0.0000,https://www.fragrantica.com/perfume/Acqua-di-Parma/Acqua-di-Parma-Colonia-Designer-Edition-13806.html,42460,Acqua di Parma,Acqua di Parma Colonia Edizione Centenario,0.0000,0.0000,0.0000,0.0000,https://www.fragrantica.com/perfume/Acqua-di-Parma/Acqua-di-Parma-Colonia-Edizione-Centenario-42460.html,45876,Acqua di Parma,Acqua di Parma Colonia Pura,0.0000,0.0000,0.0000,0.0000,https://www.fragrantica.com/perfume/Acqua-di-Parma/Acqua-di-Parma-Colonia-Pura-45876.html,12921,Acqua di Parma,Acqua di Parma Gelsomino Nobile,0.0000,0.0000,0.0000,0.0000,https://www.fragrantica.com/perfume/Acqua-di-Parma/Acqua-di-Parma-Gelsomino-Nobile-12921.html,1564,Acqua di Parma,Acqua di Parma Iris Nobile,0.0000,0.0000,0.0000,0.0000,https://www.fragrantica.com/perfume/Acqua-di-Parma/Acqua-di-Parma-Iris-Nobile-1564.html,5068,Acqua di Parma,Acqua di Parma Iris Nobile Edizione Speciale 2008,0.0000,0.0000,0.0000,0.0000,https://www.fragrantica.com/perfume/Acqua-di-Parma/Acqua-di-Parma-Iris-Nobile-Edizione-Speciale-2008-5068.html
2284-HIS,1889 - Moulin Rouge,,55556,WEAK,0.0000,83053,Al Haramain Perfumes,Rouge,0.5367,0.5000,0.3333,1.0000,https://www.fragrantica.com/perfume/Al-Haramain-Perfumes/Rouge-83053.html,63280,Comme des Garcons,Rouge,0.5367,0.5000,0.3333,1.0000,https://www.fragrantica.com/perfume/Comme-des-Garcons/Rouge-63280.html,98908,Fragrance World,B Rouge,0.5367,0.5000,0.3333,1.0000,https://www.fragrantica.com/perfume/Fragrance-World/B-Rouge-98908.html,104518,Fragrance World,Rouge 5,0.5367,0.5000,0.3333,1.0000,https://www.fragrantica.com/perfume/Fragrance-World/Rouge-5-104518.html,30007,A La Russe,Rouge,0.5367,0.5000,0.3333,1.0000,https://www.fragrantica.com/perfume/A-La-Russe/Rouge-30007.html,113226,Altearah Bio,Rouge,0.5367,0.5000,0.3333,1.0000,https://www.fragrantica.com/perfume/Altearah-Bio/Rouge-113226.html,72238,Annabella,Rouge,0.5367,0.5000,0.3333,1.0000,https://www.fragrantica.com/perfume/Annabella/Rouge-72238.html,108278,Atelier des Nuances,Rouge,0.5367,0.5000,0.3333,1.0000,https://www.fragrantica.com/perfume/Atelier-des-Nuances/Rouge-108278.html,96731,Balmain Beauty,Rouge,0.5367,0.5000,0.3333,1.0000,https://www.fragrantica.com/perfume/Balmain-Beauty/Rouge-96731.html,118530,Balmain Beauty,Rouge Eau de Toilette,0.5367,0.5000,0.3333,1.0000,https://www.fragrantica.com/perfume/Balmain-Beauty/Rouge-Eau-de-Toilette-118530.html
2311-YVRO,PLAIN SOLEIL - YVES ROCHER,,55556,WEAK,0.0037,77855,L Artisan Parfumeur,Soleil de Provence,0.4868,0.5714,0.2500,0.5000,https://www.fragrantica.com/perfume/L-Artisan-Parfumeur/Soleil-de-Provence-77855.html,112640,Fragrance World,Eau de Soleil,0.4831,0.4444,0.2500,1.0000,https://www.fragrantica.com/perfume/Fragrance-World/Eau-de-Soleil-112640.html,73086,Kenzo,Soleil The,0.4831,0.4444,0.2500,1.0000,https://www.fragrantica.com/perfume/Kenzo/Soleil-The-73086.html,55783,Lalique,Soleil,0.4831,0.4444,0.2500,1.0000,https://www.fragrantica.com/perfume/Lalique/Soleil-55783.html,136593,Anthropologie,Soleil,0.4831,0.4444,0.2500,1.0000,https://www.fragrantica.com/perfume/Anthropologie/Soleil-136593.html,36564,Biotherm,Eau Soleil,0.4831,0.4444,0.2500,1.0000,https://www.fragrantica.com/perfume/Biotherm/Eau-Soleil-36564.html,118114,Bodibreze,Soleil,0.4831,0.4444,0.2500,1.0000,https://www.fragrantica.com/perfume/Bodibreze/Soleil-118114.html,34132,CIEL Parfum,Soleil 1,0.4831,0.4444,0.2500,1.0000,https://www.fragrantica.com/perfume/CIEL-Parfum/Soleil-1-34132.html,45007,CIEL Parfum,Soleil 2,0.4831,0.4444,0.2500,1.0000,https://www.fragrantica.com/perfume/CIEL-Parfum/Soleil-2-45007.html,34100,CIEL Parfum,Soleil 3,0.4831,0.4444,0.2500,1.0000,https://www.fragrantica.com/perfume/CIEL-Parfum/Soleil-3-34100.html
2374-MICA,GN TONIC - MICALLEF,,55556,WEAK,0.0180,114789,Maison Alhambra,Tonic Ice,0.5830,0.6957,0.3333,0.5000,https://www.fragrantica.com/perfume/Maison-Alhambra/Tonic-Ice-114789.html,114786,Maison Alhambra,Tonic Malt,0.5650,0.6667,0.3333,0.5000,https://www.fragrantica.com/perfume/Maison-Alhambra/Tonic-Malt-114786.html,42978,Abel,Tonic,0.5367,0.5000,0.3333,1.0000,https://www.fragrantica.com/perfume/Abel/Tonic-42978.html,21051,DSH Perfumes,Tonic,0.5367,0.5000,0.3333,1.0000,https://www.fragrantica.com/perfume/DSH-Perfumes/Tonic-21051.html,7713,Demeter Fragrance,Gin Tonic,0.5291,0.6087,0.3333,0.5000,https://www.fragrantica.com/perfume/Demeter-Fragrance/Gin-Tonic-7713.html,86762,The Dua Brand,Gin Tonic,0.5291,0.6087,0.3333,0.5000,https://www.fragrantica.com/perfume/The-Dua-Brand/Gin-Tonic-86762.html,39429,Art de Parfum,Gin and Tonic Cologne,0.5291,0.6087,0.3333,0.5000,https://www.fragrantica.com/perfume/Art-de-Parfum/Gin-and-Tonic-Cologne-39429.html,97945,Dilis Parfum,4 gin tonic,0.5291,0.6087,0.3333,0.5000,https://www.fragrantica.com/perfume/Dilis-Parfum/4-gin-tonic-97945.html,86232,The Dua Brand,Green Tonic,0.4989,0.5600,0.3333,0.5000,https://www.fragrantica.com/perfume/The-Dua-Brand/Green-Tonic-86232.html,78054,Zara,Tonic Impact,0.4855,0.5385,0.3333,0.5000,https://www.fragrantica.com/perfume/Zara/Tonic-Impact-78054.html
2415-ESC,SEXY GRAFFITY - ESCADA,,55556,WEAK,0.0032,71881,Blackcliff Parfums,Sexy Eyes,0.4855,0.5385,0.3333,0.5000,https://www.fragrantica.com/perfume/Blackcliff-Parfums/Sexy-Eyes-71881.html,94421,Beautimatic,Sexy Princess,0.4823,0.5333,0.3333,0.5000,https://www.fragrantica.com/perfume/Beautimatic/Sexy-Princess-94421.html,58289,Agua de Cheiro,Sexy Attractive,0.4617,0.5000,0.3333,0.5000,https://www.fragrantica.com/perfume/Agua-de-Cheiro/Sexy-Attractive-58289.html,58291,Agua de Cheiro,Sexy Attractive,0.4617,0.5000,0.3333,0.5000,https://www.fragrantica.com/perfume/Agua-de-Cheiro/Sexy-Attractive-58291.html,72890,Agua de Cheiro,Sexy Attractive,0.4617,0.5000,0.3333,0.5000,https://www.fragrantica.com/perfume/Agua-de-Cheiro/Sexy-Attractive-72890.html,118690,Beverly Hills Polo Club,Sexy,0.4521,0.3636,0.3333,1.0000,https://www.fragrantica.com/perfume/Beverly-Hills-Polo-Club/Sexy-118690.html,26571,City Parfum,Sexy,0.4521,0.3636,0.3333,1.0000,https://www.fragrantica.com/perfume/City-Parfum/Sexy-26571.html,115583,Fragrance World,Sexy Vanilla,0.4510,0.4828,0.3333,0.5000,https://www.fragrantica.com/perfume/Fragrance-World/Sexy-Vanilla-115583.html,30389,Bi es,Sexy Girl,0.4378,0.4615,0.3333,0.5000,https://www.fragrantica.com/perfume/Bi-es/Sexy-Girl-30389.html,123001,Bujairami,Sexy Girl,0.4378,0.4615,0.3333,0.5000,https://www.fragrantica.com/perfume/Bujairami/Sexy-Girl-123001.html
2438-KYLJE,COSMIC,,55556,REVIEW,0.1990,55451,Agent Provocateur,Cosmic,1.0000,1.0000,1.0000,1.0000,https://www.fragrantica.com/perfume/Agent-Provocateur/Cosmic-55451.html,76185,Anna Sui,Cosmic Sky,0.8010,0.8000,1.0000,0.5000,https://www.fragrantica.com/perfume/Anna-Sui/Cosmic-Sky-76185.html,98118,Dorin,Cosmic Art,0.8010,0.8000,1.0000,0.5000,https://www.fragrantica.com/perfume/Dorin/Cosmic-Art-98118.html,91937,Victoria s Secret,Cosmic Wish,0.7700,0.7500,1.0000,0.5000,https://www.fragrantica.com/perfume/Victoria-s-Secret/Cosmic-Wish-91937.html,108501,Avalanche Fragrance,Cosmic Pull,0.7700,0.7500,1.0000,0.5000,https://www.fragrantica.com/perfume/Avalanche-Fragrance/Cosmic-Pull-108501.html,100094,Creamy,Cosmic Love,0.7700,0.7500,1.0000,0.5000,https://www.fragrantica.com/perfume/Creamy/Cosmic-Love-100094.html,106866,French Avenue,COSMIC TONKA,0.7426,0.7059,1.0000,0.5000,https://www.fragrantica.com/perfume/French-Avenue/COSMIC-TONKA-106866.html,68355,Louis Vuitton,Cosmic Cloud,0.7426,0.7059,1.0000,0.5000,https://www.fragrantica.com/perfume/Louis-Vuitton/Cosmic-Cloud-68355.html,133515,Alkemia Perfumes,Cosmic Lotus,0.7426,0.7059,1.0000,0.5000,https://www.fragrantica.com/perfume/Alkemia-Perfumes/Cosmic-Lotus-133515.html,31432,Bronnley,Cosmic Bloom,0.7426,0.7059,1.0000,0.5000,https://www.fragrantica.com/perfume/Bronnley/Cosmic-Bloom-31432.html
2439-ZEG,INDONESIAN OUD,,55556,REVIEW,0.0778,74591,PARIS CORNER,Oud Indonesian,0.8569,0.7692,1.0000,1.0000,https://www.fragrantica.com/perfume/PARIS-CORNER/Oud-Indonesian-74591.html,116257,Khadlaj Perfumes,Wild Indonesian Oud Pure,0.7791,0.7647,1.0000,0.5000,https://www.fragrantica.com/perfume/Khadlaj-Perfumes/Wild-Indonesian-Oud-Pure-116257.html,83201,Areej Le Dore,The History of Indonesian Oud,0.7656,0.7429,1.0000,0.5000,https://www.fragrantica.com/perfume/Areej-Le-Dore/The-History-of-Indonesian-Oud-83201.html,74198,Zara,Bohemian Oud,0.6033,0.6667,0.5000,0.5000,https://www.fragrantica.com/perfume/Zara/Bohemian-Oud-74198.html,93814,Maison Alhambra,Infini Oud,0.5845,0.6364,0.5000,0.5000,https://www.fragrantica.com/perfume/Maison-Alhambra/Infini-Oud-93814.html,109432,Athoor Al Alam,Finest Oud,0.5845,0.6364,0.5000,0.5000,https://www.fragrantica.com/perfume/Athoor-Al-Alam/Finest-Oud-109432.html,70263,Birkholz,Iconic Oud,0.5845,0.6364,0.5000,0.5000,https://www.fragrantica.com/perfume/Birkholz/Iconic-Oud-70263.html,39468,Acqua di Parma,Colonia Oud,0.5674,0.6087,0.5000,0.5000,https://www.fragrantica.com/perfume/Acqua-di-Parma/Colonia-Oud-39468.html,11090,By Kilian,Incense Oud,0.5674,0.6087,0.5000,0.5000,https://www.fragrantica.com/perfume/By-Kilian/Incense-Oud-11090.html,32743,Gucci,Intense Oud,0.5674,0.6087,0.5000,0.5000,https://www.fragrantica.com/perfume/Gucci/Intense-Oud-32743.html
2552-SOR,NIGHT HORSE,,55556,WEAK,0.0000,28407,Frederic Malle,The Night,0.6783,0.6667,0.5000,1.0000,https://www.fragrantica.com/perfume/Frederic-Malle/The-Night-28407.html,97572,Rasasi,Night,0.6783,0.6667,0.5000,1.0000,https://www.fragrantica.com/perfume/Rasasi/Night-97572.html,21383,Victoria s Secret,Night,0.6783,0.6667,0.5000,1.0000,https://www.fragrantica.com/perfume/Victoria-s-Secret/Night-21383.html,62365,Zara,Night Pour Homme V,0.6783,0.6667,0.5000,1.0000,https://www.fragrantica.com/perfume/Zara/Night-Pour-Homme-V-62365.html,51708,Akro,Night,0.6783,0.6667,0.5000,1.0000,https://www.fragrantica.com/perfume/Akro/Night-51708.html,27063,Apple Parfums,Night,0.6783,0.6667,0.5000,1.0000,https://www.fragrantica.com/perfume/Apple-Parfums/Night-27063.html,29907,AXE,Night,0.6783,0.6667,0.5000,1.0000,https://www.fragrantica.com/perfume/AXE/Night-29907.html,104052,Cuba Paris,Night,0.6783,0.6667,0.5000,1.0000,https://www.fragrantica.com/perfume/Cuba-Paris/Night-104052.html,110652,Delta Goodrem,Night,0.6783,0.6667,0.5000,1.0000,https://www.fragrantica.com/perfume/Delta-Goodrem/Night-110652.html,125213,DOCUMENTS wen xian,Horse,0.6783,0.6667,0.5000,1.0000,https://www.fragrantica.com/perfume/DOCUMENTS-wen-xian/Horse-125213.html
2586-DIP,Biscuit DIP,diptyque,104,WEAK,0.0249,96742,Diptyque,Bois Corse,0.2611,0.4211,0.0000,0.0000,https://www.fragrantica.com/perfume/Diptyque/Bois-Corse-96742.html,106886,Diptyque,L Eau Papier Solid Perfume,0.2362,0.3810,0.0000,0.0000,https://www.fragrantica.com/perfume/Diptyque/L-Eau-Papier-Solid-Perfume-106886.html,96741,Diptyque,Corail Oscuro,0.2255,0.3636,0.0000,0.0000,https://www.fragrantica.com/perfume/Diptyque/Corail-Oscuro-96741.html,106895,Diptyque,Eau Capitale Solid Perfume,0.2157,0.3478,0.0000,0.0000,https://www.fragrantica.com/perfume/Diptyque/Eau-Capitale-Solid-Perfume-106895.html,13296,Diptyque,Particuliere Eau Parfume,0.2138,0.3448,0.0000,0.0000,https://www.fragrantica.com/perfume/Diptyque/Particuliere-Eau-Parfume-13296.html,3957,Diptyque,Virgilio,0.2067,0.3333,0.0000,0.0000,https://www.fragrantica.com/perfume/Diptyque/Virgilio-3957.html,58391,Diptyque,Eau Capitale Eau de Parfum,0.2067,0.3333,0.0000,0.0000,https://www.fragrantica.com/perfume/Diptyque/Eau-Capitale-Eau-de-Parfum-58391.html,31738,Diptyque,Oud Palao Eau de Parfum,0.2067,0.3333,0.0000,0.0000,https://www.fragrantica.com/perfume/Diptyque/Oud-Palao-Eau-de-Parfum-31738.html,106887,Diptyque,Philosykos Solid Perfume,0.1984,0.3200,0.0000,0.0000,https://www.fragrantica.com/perfume/Diptyque/Philosykos-Solid-Perfume-106887.html,67808,Diptyque,Ilio,0.1771,0.2857,0.0000,0.0000,https://www.fragrantica.com/perfume/Diptyque/Ilio-67808.html
2604-JILS,Sun Men Jil Sander,,55556,WEAK,0.0636,30104,Bodevoke,Sun Island Shimmer,0.5695,0.7143,0.3333,0.3333,https://www.fragrantica.com/perfume/Bodevoke/Sun-Island-Shimmer-30104.html,122452,Victoria s Secret,Sun Kissed,0.5060,0.5714,0.3333,0.5000,https://www.fragrantica.com/perfume/Victoria-s-Secret/Sun-Kissed-122452.html,91378,AMD Perfumes,Sun Kissed,0.5060,0.5714,0.3333,0.5000,https://www.fragrantica.com/perfume/AMD-Perfumes/Sun-Kissed-91378.html,117530,Aromatix X French Avenue,Sun Kissed,0.5060,0.5714,0.3333,0.5000,https://www.fragrantica.com/perfume/Aromatix-X-French-Avenue/Sun-Kissed-117530.html,103587,Ayat Perfumes,Sun Flower,0.5060,0.5714,0.3333,0.5000,https://www.fragrantica.com/perfume/Ayat-Perfumes/Sun-Flower-103587.html,140040,Bujairami,Sun Soaked,0.5060,0.5714,0.3333,0.5000,https://www.fragrantica.com/perfume/Bujairami/Sun-Soaked-140040.html,129413,Chorus,Sun Soaked,0.5060,0.5714,0.3333,0.5000,https://www.fragrantica.com/perfume/Chorus/Sun-Soaked-129413.html,116925,Damask Haus,Sun Kissed,0.5060,0.5714,0.3333,0.5000,https://www.fragrantica.com/perfume/Damask-Haus/Sun-Kissed-116925.html,121708,Victoria s Secret,Sun Blissed,0.4898,0.5455,0.3333,0.5000,https://www.fragrantica.com/perfume/Victoria-s-Secret/Sun-Blissed-121708.html,90748,Lorenzo Pazzaglia,Sun gria,0.4780,0.5263,0.3333,0.5000,https://www.fragrantica.com/perfume/Lorenzo-Pazzaglia/Sun-gria-90748.html
2697-RIT,Karma Rituals,,55556,WEAK,0.0000,112789,Lush,Karma,0.6297,0.5882,0.5000,1.0000,https://www.fragrantica.com/perfume/Lush/Karma-112789.html,4367,Lush,Karma,0.6297,0.5882,0.5000,1.0000,https://www.fragrantica.com/perfume/Lush/Karma-4367.html,54636,Bioselect,Glowing Rituals,0.5238,0.5385,0.5000,0.5000,https://www.fragrantica.com/perfume/Bioselect/Glowing-Rituals-54636.html,129128,Adopt Parfums,Gipsy Karma,0.4718,0.4545,0.5000,0.5000,https://www.fragrantica.com/perfume/Adopt-Parfums/Gipsy-Karma-129128.html,39579,Alkemia Perfumes,Kamarasa,0.4340,0.7000,0.0000,0.0000,https://www.fragrantica.com/perfume/Alkemia-Perfumes/Kamarasa-39579.html,134084,Lorenzo Pazzaglia,Tropikalys Karma,0.4196,0.3704,0.5000,0.5000,https://www.fragrantica.com/perfume/Lorenzo-Pazzaglia/Tropikalys-Karma-134084.html,71532,Natura,Ritual,0.4133,0.6667,0.0000,0.0000,https://www.fragrantica.com/perfume/Natura/Ritual-71532.html,32508,Ajmal,Amaris,0.4133,0.6667,0.0000,0.0000,https://www.fragrantica.com/perfume/Ajmal/Amaris-32508.html,102868,Alexmonhart,The Ritualist,0.4133,0.6667,0.0000,0.0000,https://www.fragrantica.com/perfume/Alexmonhart/The-Ritualist-102868.html,26852,Apple Parfums,Margarita,0.4133,0.6667,0.0000,0.0000,https://www.fragrantica.com/perfume/Apple-Parfums/Margarita-26852.html
2699-RIT,Ayurveda Rituals,,55556,WEAK,0.0493,54636,Bioselect,Glowing Rituals,0.4893,0.4828,0.5000,0.5000,https://www.fragrantica.com/perfume/Bioselect/Glowing-Rituals-54636.html,139294,We Pink,Aurale Dark Citrus,0.4400,0.7097,0.0000,0.0000,https://www.fragrantica.com/perfume/We-Pink/Aurale-Dark-Citrus-139294.html,115971,Zimaya,Reverie Petals,0.3986,0.6429,0.0000,0.0000,https://www.fragrantica.com/perfume/Zimaya/Reverie-Petals-115971.html,76479,Dkhoon Emirates,Zayed Oriental,0.3986,0.6429,0.0000,0.0000,https://www.fragrantica.com/perfume/Dkhoon-Emirates/Zayed-Oriental-76479.html,120518,Aura Fragrances,Le Aura Oriental,0.3848,0.6207,0.0000,0.0000,https://www.fragrantica.com/perfume/Aura-Fragrances/Le-Aura-Oriental-120518.html,43725,Bombay Perfumery,Madurai Talkies,0.3848,0.6207,0.0000,0.0000,https://www.fragrantica.com/perfume/Bombay-Perfumery/Madurai-Talkies-43725.html,53997,Zara,Fresh Ritual,0.3815,0.6154,0.0000,0.0000,https://www.fragrantica.com/perfume/Zara/Fresh-Ritual-53997.html,49594,Atelier des Ors,Nuda Veritas,0.3815,0.6154,0.0000,0.0000,https://www.fragrantica.com/perfume/Atelier-des-Ors/Nuda-Veritas-49594.html,120844,Bath Body Works,Aquarius,0.3774,0.6087,0.0000,0.0000,https://www.fragrantica.com/perfume/Bath-Body-Works/Aquarius-120844.html,70130,Demeter Fragrance,Aquarius,0.3774,0.6087,0.0000,0.0000,https://www.fragrantica.com/perfume/Demeter-Fragrance/Aquarius-70130.html
2701-DIP,Cafe Verlet,diptyque,104,WEAK,0.0145,58391,Diptyque,Eau Capitale Eau de Parfum,0.2756,0.4444,0.0000,0.0000,https://www.fragrantica.com/perfume/Diptyque/Eau-Capitale-Eau-de-Parfum-58391.html,46627,Diptyque,Vetyverio Eau De Parfum,0.2611,0.4211,0.0000,0.0000,https://www.fragrantica.com/perfume/Diptyque/Vetyverio-Eau-De-Parfum-46627.html,8787,Diptyque,Vetyverio Eau de Toilette,0.2611,0.4211,0.0000,0.0000,https://www.fragrantica.com/perfume/Diptyque/Vetyverio-Eau-de-Toilette-8787.html,3829,Diptyque,Eau Lente Eau de Toilette,0.2480,0.4000,0.0000,0.0000,https://www.fragrantica.com/perfume/Diptyque/Eau-Lente-Eau-de-Toilette-3829.html,106886,Diptyque,L Eau Papier Solid Perfume,0.2362,0.3810,0.0000,0.0000,https://www.fragrantica.com/perfume/Diptyque/L-Eau-Papier-Solid-Perfume-106886.html,78658,Diptyque,L Eau Papier,0.2325,0.3750,0.0000,0.0000,https://www.fragrantica.com/perfume/Diptyque/L-Eau-Papier-78658.html,104767,Diptyque,L Eau Papier,0.2325,0.3750,0.0000,0.0000,https://www.fragrantica.com/perfume/Diptyque/L-Eau-Papier-104767.html,49100,Diptyque,Eau Duelle Eau de Parfum,0.2325,0.3750,0.0000,0.0000,https://www.fragrantica.com/perfume/Diptyque/Eau-Duelle-Eau-de-Parfum-49100.html,6500,Diptyque,Eau de Lierre Eau de Toilette,0.2325,0.3750,0.0000,0.0000,https://www.fragrantica.com/perfume/Diptyque/Eau-de-Lierre-Eau-de-Toilette-6500.html,9241,Diptyque,Eau Duelle Eau de Toilette,0.2325,0.3750,0.0000,0.0000,https://www.fragrantica.com/perfume/Diptyque/Eau-Duelle-Eau-de-Toilette-9241.html
2773-RIT,The Rituals of Mehr,,55556,WEAK,0.0621,111767,Goldfield Banks Australia,Tales of Amber,0.5731,0.7200,0.3333,0.3333,https://www.fragrantica.com/perfume/Goldfield-Banks-Australia/Tales-of-Amber-111767.html,112095,Angel Heart enjeruhato,All Of Me Sheer,0.5110,0.6400,0.3333,0.2500,https://www.fragrantica.com/perfume/Angel-Heart-enjeruhato/All-Of-Me-Sheer-112095.html,84201,Narciso Rodriguez,All Of Me,0.4987,0.6000,0.3333,0.3333,https://www.fragrantica.com/perfume/Narciso-Rodriguez/All-Of-Me-84201.html,128038,Angel Heart enjeruhato,All Of Me,0.4987,0.6000,0.3333,0.3333,https://www.fragrantica.com/perfume/Angel-Heart-enjeruhato/All-Of-Me-128038.html,85931,The Dua Brand,Citrus Of The Sea,0.4883,0.5833,0.3333,0.3333,https://www.fragrantica.com/perfume/The-Dua-Brand/Citrus-Of-The-Sea-85931.html,74860,Birkholz,Roads Of Rome,0.4883,0.5833,0.3333,0.3333,https://www.fragrantica.com/perfume/Birkholz/Roads-Of-Rome-74860.html,5143,Montale,Fruits of the Musk,0.4739,0.5600,0.3333,0.3333,https://www.fragrantica.com/perfume/Montale/Fruits-of-the-Musk-5143.html,86510,The Dua Brand,Rise of Mysore 2,0.4739,0.5600,0.3333,0.3333,https://www.fragrantica.com/perfume/The-Dua-Brand/Rise-of-Mysore-2-86510.html,54636,Bioselect,Glowing Rituals,0.4731,0.5185,0.3333,0.5000,https://www.fragrantica.com/perfume/Bioselect/Glowing-Rituals-54636.html,46777,Beary,Tales of the Mediterranean,0.4648,0.5455,0.3333,0.3333,https://www.fragrantica.com/perfume/Beary/Tales-of-the-Mediterranean-46777.html
2816-MOOD,Blonde Maracuja Mood London,,55556,WEAK,0.0164,133527,Deo Beauty,Maracuja,0.5175,0.5000,0.2500,1.0000,https://www.fragrantica.com/perfume/Deo-Beauty/Maracuja-133527.html,85846,The Dua Brand,Blonde Tabacum,0.5011,0.5946,0.2500,0.5000,https://www.fragrantica.com/perfume/The-Dua-Brand/Blonde-Tabacum-85846.html,83842,Maison Crivelli,Oud Maracuja,0.4868,0.5714,0.2500,0.5000,https://www.fragrantica.com/perfume/Maison-Crivelli/Oud-Maracuja-83842.html,114081,Alghabra Parfums,Blonde Bamboo,0.4769,0.5556,0.2500,0.5000,https://www.fragrantica.com/perfume/Alghabra-Parfums/Blonde-Bamboo-114081.html,44770,Avon,Frozen Maracuja,0.4588,0.5263,0.2500,0.5000,https://www.fragrantica.com/perfume/Avon/Frozen-Maracuja-44770.html,813,Burberry,London,0.4555,0.4000,0.2500,1.0000,https://www.fragrantica.com/perfume/Burberry/London-813.html,804,Burberry,London for Men,0.4555,0.4000,0.2500,1.0000,https://www.fragrantica.com/perfume/Burberry/London-for-Men-804.html,45886,Roja Dove,London,0.4555,0.4000,0.2500,1.0000,https://www.fragrantica.com/perfume/Roja-Dove/London-45886.html,18883,Tom Ford,London,0.4555,0.4000,0.2500,1.0000,https://www.fragrantica.com/perfume/Tom-Ford/London-18883.html,1412,Versace,Blonde,0.4555,0.4000,0.2500,1.0000,https://www.fragrantica.com/perfume/Versace/Blonde-1412.html
