shobi_code,shobi_name,classification,historical_id,historical_in_local,historical_local_brand,historical_local_name,historical_local_url,historical_score,historical_coverage,top_local_id,top_local_brand,top_local_name,top_local_url,top_score,top_coverage
105-ARB,PRESTIGE CLASSIC - ARABIAN OUD,HIST_ID_CONFIRMED_LOCAL,21602,yes,Arabian Oud,Arabian Prestige Classic,https://www.fragrantica.com/perfume/Arabian-Oud/Arabian-Prestige-Classic-21602.html,1.0000,1.0000,21602,Arabian Oud,Arabian Prestige Classic,https://www.fragrantica.com/perfume/Arabian-Oud/Arabian-Prestige-Classic-21602.html,1.0000,1.0000
106-ARB,SULTAN - ARABIAN OUD,HIST_ID_CONFIRMED_LOCAL,21560,yes,Arabian Oud,Sultan Blend,https://www.fragrantica.com/perfume/Arabian-Oud/Sultan-Blend-21560.html,0.8750,1.0000,21560,Arabian Oud,Sultan Blend,https://www.fragrantica.com/perfume/Arabian-Oud/Sultan-Blend-21560.html,0.8750,1.0000
110-ARM,ROSE D'ARABIE,HIST_ID_CONFIRMED_LOCAL,10886,yes,Giorgio Armani,Armani Prive Rose d Arabie,https://www.fragrantica.com/perfume/Giorgio-Armani/Armani-Prive-Rose-d-Arabie-10886.html,0.7000,1.0000,10886,Giorgio Armani,Armani Prive Rose d Arabie,https://www.fragrantica.com/perfume/Giorgio-Armani/Armani-Prive-Rose-d-Arabie-10886.html,0.7000,1.0000
111-BAC,Rouge 540,HIST_ID_CONFIRMED_LOCAL,33519,yes,Maison Francis Kurkdjian,Baccarat Rouge 540,https://www.fragrantica.com/perfume/Maison-Francis-Kurkdjian/Baccarat-Rouge-540-33519.html,0.6667,1.0000,29224,Baccarat,Rouge 540 Limited Edition,https://www.fragrantica.com/perfume/Baccarat/Rouge-540-Limited-Edition-29224.html,0.8333,1.0000
118-HAM,REHAN - HAMIDI OUD,HIST_ID_ABSENT_FROM_LOCAL,27808,no,,,,0.0000,0.0000,93670,Al Hunaidi,Oud Afshan,https://www.fragrantica.com/perfume/Al-Hunaidi/Oud-Afshan-93670.html,0.5946,0.3333
130-LEL,SANTAL 26 - LE LABO,NEW_LOCAL_REVIEW,,no,,,,0.0000,0.0000,12201,Le Labo,Santal 33,https://www.fragrantica.com/perfume/Le-Labo/Santal-33-12201.html,0.6750,0.7500
133-MICA,YLANG IN GOLD - M,HIST_ID_ABSENT_FROM_LOCAL,14409,no,,,,0.0000,0.0000,46469,By Kilian,Woman in Gold,https://www.fragrantica.com/perfume/By-Kilian/Woman-in-Gold-46469.html,0.8148,0.6667
153-PARF,HEROD,HIST_ID_PRESENT_NEEDS_REVIEW,4323,yes,By Kilian,Straight to Heaven,https://www.fragrantica.com/perfume/By-Kilian/Straight-to-Heaven-4323.html,0.1333,0.0000,16939,Parfums de Marly,Herod,https://www.fragrantica.com/perfume/Parfums-de-Marly/Herod-16939.html,0.6667,1.0000
166-AZ,Sequoia Wood Eau de Parfum,HIST_ID_ABSENT_FROM_LOCAL,40007,no,,,,0.0000,0.0000,66174,DSQUARED2,2 Wood,https://www.fragrantica.com/perfume/DSQUARED2/2-Wood-66174.html,0.6923,0.5000
170-ROJ,ENIGMA WOMAN - ROJA DOVE,HIST_ID_CONFIRMED_LOCAL,20558,yes,Roja Dove,Enigma,https://www.fragrantica.com/perfume/Roja-Dove/Enigma-20558.html,1.0000,1.0000,20558,Roja Dove,Enigma,https://www.fragrantica.com/perfume/Roja-Dove/Enigma-20558.html,1.0000,1.0000
171-DUP,Souvenirs De Malles Oud Oriental,HIST_ID_ABSENT_FROM_LOCAL,21459,no,,,,0.0000,0.0000,3242,Montale,Oriental Flowers,https://www.fragrantica.com/perfume/Montale/Oriental-Flowers-3242.html,0.5283,0.2500
172-SHALM,Moroccan-musk,HIST_ID_ABSENT_FROM_LOCAL,47982,no,,,,0.0000,0.0000,58619,Avon,Musk Iron,https://www.fragrantica.com/perfume/Avon/Musk-Iron-58619.html,0.5185,0.5000
184-YAS,HUBOOB,NO_LOCAL_CANDIDATE,,no,,,,0.0000,0.0000,,,,,0.0000,0.0000
185-AL HAR,Red African,NEW_LOCAL_REVIEW,,no,,,,0.0000,0.0000,61372,Al Haramain Perfumes,Red African,https://www.fragrantica.com/perfume/Al-Haramain-Perfumes/Red-African-61372.html,0.7000,1.0000
193-ARM,ROYAL OUD,HIST_ID_CONFIRMED_LOCAL,10884,yes,Giorgio Armani,Armani Prive Oud Royal,https://www.fragrantica.com/perfume/Giorgio-Armani/Armani-Prive-Oud-Royal-10884.html,0.7000,1.0000,68298,Arabian Oud,Royal Oud,https://www.fragrantica.com/perfume/Arabian-Oud/Royal-Oud-68298.html,0.8333,1.0000
200-CIR,ERNESTO CHE GUEVARA,NO_LOCAL_CANDIDATE,,no,,,,0.0000,0.0000,,,,,0.0000,0.0000
204-CRD,Avent,HIST_ID_PRESENT_NEEDS_REVIEW,9828,yes,Creed,Aventus,https://www.fragrantica.com/perfume/Creed/Aventus-9828.html,0.5556,0.0000,,,,,0.0000,0.0000
222-DIP,AMBRE,NEW_LOCAL_REVIEW,,no,,,,0.0000,0.0000,79808,DeMer Parfum Limited,Ambre DeMer,https://www.fragrantica.com/perfume/DeMer-Parfum-Limited/Ambre-DeMer-79808.html,0.7500,1.0000
223-DIP,BAIES,NEW_LOCAL_REVIEW,,no,,,,0.0000,0.0000,13791,Darphin,Baies Sauvages,https://www.fragrantica.com/perfume/Darphin/Baies-Sauvages-13791.html,0.6667,1.0000
225-DIP,EL EAU DES SENS,HIST_ID_PRESENT_NEEDS_REVIEW,35678,yes,Diptyque,Eau des Sens Eau de Toilette,https://www.fragrantica.com/perfume/Diptyque/Eau-des-Sens-Eau-de-Toilette-35678.html,0.7143,0.6667,135280,Atelier Des Sens,Juno,https://www.fragrantica.com/perfume/Atelier-Des-Sens/Juno-135280.html,0.6875,0.6667
227-DIP,FEU DE BOIS / WOOD FIRE,NEW_LOCAL_REVIEW,,no,,,,0.0000,0.0000,58157,Zara,Ebony Wood,https://www.fragrantica.com/perfume/Zara/Ebony-Wood-58157.html,0.4848,0.2500
228-DIP,FEUILLE DE LAVANDE,NEW_LOCAL_REVIEW,,no,,,,0.0000,0.0000,24917,Diptyque,Eau de Lavande,https://www.fragrantica.com/perfume/Diptyque/Eau-de-Lavande-24917.html,0.6452,0.5000
230-DIP,OPOPANAX,NEW_LOCAL_REVIEW,,no,,,,0.0000,0.0000,3222,Prada,No8 Opopanax,https://www.fragrantica.com/perfume/Prada/No8-Opopanax-3222.html,0.6667,1.0000
233-ESCE,Molecule 02,HIST_ID_ABSENT_FROM_LOCAL,3606,no,,,,0.0000,0.0000,75616,BLAK,Molecule Ziemia B 02,https://www.fragrantica.com/perfume/BLAK/Molecule-Ziemia-B-02-75616.html,0.7500,1.0000
235-HOLL,SOCAL,HIST_ID_ABSENT_FROM_LOCAL,4307,no,,,,0.0000,0.0000,70794,Abercrombie Fitch,SoCal Sunset,https://www.fragrantica.com/perfume/Abercrombie-Fitch/SoCal-Sunset-70794.html,0.6250,1.0000
236-IND,ZUM FRANKINCENSE & MYRRH,HIST_ID_ABSENT_FROM_LOCAL,42046,no,,,,0.0000,0.0000,72255,Czech Speake,Frankincense Myrrh Eau de Parfum,https://www.fragrantica.com/perfume/Czech-Speake/Frankincense-Myrrh-Eau-de-Parfum-72255.html,0.7547,0.6667
237-JOM,A Shot Of Thai Over Mango - Jo Malone,HIST_ID_ABSENT_FROM_LOCAL,16436,no,,,,0.0000,0.0000,82495,Jo Malone London,Highland Heather,https://www.fragrantica.com/perfume/Jo-Malone-London/Highland-Heather-82495.html,0.2727,0.2857
238-JOM,A Shot Of Oud Over Mango - Jo Malone,HIST_ID_ABSENT_FROM_LOCAL,16434,no,,,,0.0000,0.0000,71506,Jo Malone London,Rose Magnolia Cologne,https://www.fragrantica.com/perfume/Jo-Malone-London/Rose-Magnolia-Cologne-71506.html,0.2571,0.2857
240-JOM,Amber & Patchouli - Jo Malone,HIST_ID_CONFIRMED_LOCAL,12927,yes,Jo Malone London,Amber Patchouli,https://www.fragrantica.com/perfume/Jo-Malone-London/Amber-Patchouli-12927.html,0.9000,1.0000,12927,Jo Malone London,Amber Patchouli,https://www.fragrantica.com/perfume/Jo-Malone-London/Amber-Patchouli-12927.html,0.9000,1.0000
243-JOM,Black Cedarwood  Juniper,HIST_ID_CONFIRMED_LOCAL,22504,yes,Jo Malone London,London Rain Black Cedarwood Juniper,https://www.fragrantica.com/perfume/Jo-Malone-London/London-Rain-Black-Cedarwood-Juniper-22504.html,0.7143,1.0000,22504,Jo Malone London,London Rain Black Cedarwood Juniper,https://www.fragrantica.com/perfume/Jo-Malone-London/London-Rain-Black-Cedarwood-Juniper-22504.html,0.7143,1.0000
246-JOM,Bronze Wood & Leather by Jo Malone London,HIST_ID_CONFIRMED_LOCAL,52803,yes,Jo Malone London,Bronze Wood Leather,https://www.fragrantica.com/perfume/Jo-Malone-London/Bronze-Wood-Leather-52803.html,1.0000,1.0000,52803,Jo Malone London,Bronze Wood Leather,https://www.fragrantica.com/perfume/Jo-Malone-London/Bronze-Wood-Leather-52803.html,1.0000,1.0000
247-JOM,The Herb Garden  Carrot Blossom  Fennel,HIST_ID_CONFIRMED_LOCAL,35881,yes,Jo Malone London,Carrot Blossom Fennel,https://www.fragrantica.com/perfume/Jo-Malone-London/Carrot-Blossom-Fennel-35881.html,0.7324,0.6000,139923,BaoBath,Neroli Blossom Bergamot,https://www.fragrantica.com/perfume/BaoBath/Neroli-Blossom-Bergamot-139923.html,0.4375,0.2000
249-JOM,Earl Grey  Cucumber,HIST_ID_CONFIRMED_LOCAL,11488,yes,Jo Malone London,Earl Grey Cucumber,https://www.fragrantica.com/perfume/Jo-Malone-London/Earl-Grey-Cucumber-11488.html,0.7500,1.0000,11488,Jo Malone London,Earl Grey Cucumber,https://www.fragrantica.com/perfume/Jo-Malone-London/Earl-Grey-Cucumber-11488.html,0.7500,1.0000
254-JOM,GARDENIA - JO MALONE,HIST_ID_ABSENT_FROM_LOCAL,13829,no,,,,0.0000,0.0000,2289,Jo Malone London,Vintage Gardenia,https://www.fragrantica.com/perfume/Jo-Malone-London/Vintage-Gardenia-2289.html,0.8000,1.0000
257-JOM,GREEN ORANGE & CORIANDER - JO MALONE,HIST_ID_ABSENT_FROM_LOCAL,13827,no,,,,0.0000,0.0000,59428,Jo Malone London,Lavender Coriander Cologne,https://www.fragrantica.com/perfume/Jo-Malone-London/Lavender-Coriander-Cologne-59428.html,0.5333,0.6000
258-JOM,GREEN TOMATO LEAF - JO MALONE,NEW_LOCAL_REVIEW,,no,,,,0.0000,0.0000,42348,Jo Malone London,Garden Lilies,https://www.fragrantica.com/perfume/Jo-Malone-London/Garden-Lilies-42348.html,0.3250,0.4000
261-JOM,INCENSE & EMBERS - JO MALONE,NEW_LOCAL_REVIEW,,no,,,,0.0000,0.0000,29737,Jo Malone London,Incense Cedrat,https://www.fragrantica.com/perfume/Jo-Malone-London/Incense-Cedrat-29737.html,0.6250,0.7500
268-JOM,MYRRH & TONKA - JO MALONE,HIST_ID_CONFIRMED_LOCAL,42027,yes,Jo Malone London,Myrrh Tonka,https://www.fragrantica.com/perfume/Jo-Malone-London/Myrrh-Tonka-42027.html,0.9000,1.0000,98100,Jo Malone London,Myrrh Tonka Limited Edition,https://www.fragrantica.com/perfume/Jo-Malone-London/Myrrh-Tonka-Limited-Edition-98100.html,0.9000,1.0000
269-JOM,Nashi Blossom,HIST_ID_CONFIRMED_LOCAL,37551,yes,Jo Malone London,Nashi Blossom,https://www.fragrantica.com/perfume/Jo-Malone-London/Nashi-Blossom-37551.html,0.7000,1.0000,37551,Jo Malone London,Nashi Blossom,https://www.fragrantica.com/perfume/Jo-Malone-London/Nashi-Blossom-37551.html,0.7000,1.0000
276-JOM,Oud & Bergamot by Jo Malone London,HIST_ID_CONFIRMED_LOCAL,12928,yes,Jo Malone London,Oud Bergamot,https://www.fragrantica.com/perfume/Jo-Malone-London/Oud-Bergamot-12928.html,1.0000,1.0000,12928,Jo Malone London,Oud Bergamot,https://www.fragrantica.com/perfume/Jo-Malone-London/Oud-Bergamot-12928.html,1.0000,1.0000
279-JOM,PINK VETIVER - JO MALONE,HIST_ID_ABSENT_FROM_LOCAL,16433,no,,,,0.0000,0.0000,58393,Jo Malone London,Vetiver Golden Vanilla,https://www.fragrantica.com/perfume/Jo-Malone-London/Vetiver-Golden-Vanilla-58393.html,0.5893,0.7500
282-JOM,POMELO - JO MALONE,HIST_ID_ABSENT_FROM_LOCAL,13826,no,,,,0.0000,0.0000,5584,Jo Malone London,Grapefruit,https://www.fragrantica.com/perfume/Jo-Malone-London/Grapefruit-5584.html,0.5333,0.6667
283-JOM,English Fields  Poppy  Barley,HIST_ID_PRESENT_NEEDS_REVIEW,48316,yes,Jo Malone London,Poppy Barley,https://www.fragrantica.com/perfume/Jo-Malone-London/Poppy-Barley-48316.html,0.5714,0.5000,2877,Yardley,English Lavender,https://www.fragrantica.com/perfume/Yardley/English-Lavender-2877.html,0.4314,0.2500
286-JOM,SHARDS OF CEDAR & RED THYME - JO MALONE,HIST_ID_ABSENT_FROM_LOCAL,37578,no,,,,0.0000,0.0000,53541,Jo Malone London,Cade Cedarwood,https://www.fragrantica.com/perfume/Jo-Malone-London/Cade-Cedarwood-53541.html,0.2727,0.2857
287-JOM,Silk Blossom,HIST_ID_CONFIRMED_LOCAL,24717,yes,Jo Malone London,Silk Blossom,https://www.fragrantica.com/perfume/Jo-Malone-London/Silk-Blossom-24717.html,0.7000,1.0000,24717,Jo Malone London,Silk Blossom,https://www.fragrantica.com/perfume/Jo-Malone-London/Silk-Blossom-24717.html,0.7000,1.0000
289-JOM,SWEET ALMON & MACARRON - JO MALONE,NEW_LOCAL_REVIEW,,no,,,,0.0000,0.0000,11490,Jo Malone London,Sweet Lemon,https://www.fragrantica.com/perfume/Jo-Malone-London/Sweet-Lemon-11490.html,0.5143,0.6000
299-JOM,WHITE LILAC & RHUBARB - JO MALONE,HIST_ID_CONFIRMED_LOCAL,14134,yes,Jo Malone London,White Lilac Rhubarb,https://www.fragrantica.com/perfume/Jo-Malone-London/White-Lilac-Rhubarb-14134.html,0.9167,1.0000,14134,Jo Malone London,White Lilac Rhubarb,https://www.fragrantica.com/perfume/Jo-Malone-London/White-Lilac-Rhubarb-14134.html,0.9167,1.0000
302-JOM,WISTERIA VIOLET - JO MALONE,HIST_ID_CONFIRMED_LOCAL,22503,yes,Jo Malone London,London Rain Wisteria Violet,https://www.fragrantica.com/perfume/Jo-Malone-London/London-Rain-Wisteria-Violet-22503.html,0.8333,1.0000,22503,Jo Malone London,London Rain Wisteria Violet,https://www.fragrantica.com/perfume/Jo-Malone-London/London-Rain-Wisteria-Violet-22503.html,0.8333,1.0000
304-KIE,ORIGINAL MUSK,HIST_ID_ABSENT_FROM_LOCAL,6188,no,,,,0.0000,0.0000,28944,Anja Rubik,Original,https://www.fragrantica.com/perfume/Anja-Rubik/Original-28944.html,0.5000,0.5000
307-LOC,PEONY - L' OCCITANE,HIST_ID_ABSENT_FROM_LOCAL,8458,no,,,,0.0000,0.0000,73795,Zara,Peony,https://www.fragrantica.com/perfume/Zara/Peony-73795.html,0.4167,0.5000
308-LOC,CITRUS VERBENA - L' OCCITANE,HIST_ID_ABSENT_FROM_LOCAL,2224,no,,,,0.0000,0.0000,12014,DS Durga,Italian Citrus,https://www.fragrantica.com/perfume/DS-Durga/Italian-Citrus-12014.html,0.2609,0.3333
309-LOC,MAGNOLIA & MURE - L' OCCITANE,HIST_ID_ABSENT_FROM_LOCAL,17836,no,,,,0.0000,0.0000,7936,Ayala Moriel,Magnolia Petal,https://www.fragrantica.com/perfume/Ayala-Moriel/Magnolia-Petal-7936.html,0.4898,0.3333
310-MIL,FEUILLES DE TABAC,NEW_LOCAL_REVIEW,,no,,,,0.0000,0.0000,64107,Caron,Tabac Exquis,https://www.fragrantica.com/perfume/Caron/Tabac-Exquis-64107.html,0.3750,0.5000
311-MOL,amber cocoon-mol,NEW_LOCAL_REVIEW,,no,,,,0.0000,0.0000,73037,Amber Oud,Onyx,https://www.fragrantica.com/perfume/Amber-Oud/Onyx-73037.html,0.6000,0.3333
312-MOL,black pepper-molΞυλώδες Πικάντικο,HIST_ID_ABSENT_FROM_LOCAL,951,no,,,,0.0000,0.0000,114140,Areej,Black Pepper,https://www.fragrantica.com/perfume/Areej/Black-Pepper-114140.html,0.7059,0.6667
313-MOL,thai vert-mol,NEW_LOCAL_REVIEW,,no,,,,0.0000,0.0000,43649,O Boticario,Vert,https://www.fragrantica.com/perfume/O-Boticario/Vert-43649.html,0.5926,0.3333
314-MOL,ZIAO JAO - MOLTON BROWN,NEW_LOCAL_REVIEW,,no,,,,0.0000,0.0000,10807,Belinda Brown,Blessings,https://www.fragrantica.com/perfume/Belinda-Brown/Blessings-10807.html,0.3636,0.2500
315-MNT,Aoud Orange,HIST_ID_CONFIRMED_LOCAL,23365,yes,Montale,Orange Aoud,https://www.fragrantica.com/perfume/Montale/Orange-Aoud-23365.html,0.8333,1.0000,23365,Montale,Orange Aoud,https://www.fragrantica.com/perfume/Montale/Orange-Aoud-23365.html,0.8333,1.0000
325-PECK,BLACK OAK & CEDAR - PECKSNIFF'S,HIST_ID_ABSENT_FROM_LOCAL,31590,no,,,,0.0000,0.0000,31891,Mancera,Black Prestigium,https://www.fragrantica.com/perfume/Mancera/Black-Prestigium-31891.html,0.3673,0.2500
326-PECK,CALM - PECKSNIFF'S,NO_LOCAL_CANDIDATE,,no,,,,0.0000,0.0000,,,,,0.0000,0.0000
327-PECK,MISTRAAL - PECKSNIFF'S Perfumes,HIST_ID_ABSENT_FROM_LOCAL,31584,no,,,,0.0000,0.0000,111975,AMD Perfumes,Interval Noir,https://www.fragrantica.com/perfume/AMD-Perfumes/Interval-Noir-111975.html,0.3774,0.3333
330-PG,ORIENTAL BLOSSOM,NEW_LOCAL_REVIEW,,no,,,,0.0000,0.0000,53171,Aerin,Aegea Blossom,https://www.fragrantica.com/perfume/Aerin/Aegea-Blossom-53171.html,0.6857,0.5000
331-PG,CRYSTAL WATER & WATER LILY,NEW_LOCAL_REVIEW,,no,,,,0.0000,0.0000,16577,Zara,Textures Water Lily,https://www.fragrantica.com/perfume/Zara/Textures-Water-Lily-16577.html,0.7083,0.6667
334-SHI,SHIRLEY MAY,NEW_LOCAL_REVIEW,,no,,,,0.0000,0.0000,126882,Arlyn,May Rose,https://www.fragrantica.com/perfume/Arlyn/May-Rose-126882.html,0.5600,0.5000
335-THCO,CASHMERE BLANC - THE WHITE COMPANY,NEW_LOCAL_REVIEW,,no,,,,0.0000,0.0000,53720,Clinique,Cocoa Cashmere,https://www.fragrantica.com/perfume/Clinique/Cocoa-Cashmere-53720.html,0.3137,0.2500
336-THCO,NARCISSUS NOIR - THE WHITE COMPANY,NEW_LOCAL_REVIEW,,no,,,,0.0000,0.0000,125900,Ahmed Soliman,Narcissus,https://www.fragrantica.com/perfume/Ahmed-Soliman/Narcissus-125900.html,0.3529,0.2500
337-TIFF,Tiffany  Co Sheer,HIST_ID_ABSENT_FROM_LOCAL,12922,no,,,,0.0000,0.0000,27461,Avon,Sheer Rose,https://www.fragrantica.com/perfume/Avon/Sheer-Rose-27461.html,0.5161,0.3333
344-TMFO,COSTA AZZURA,HIST_ID_PRESENT_NEEDS_REVIEW,25482,yes,Tom Ford,Costa Azzurra,https://www.fragrantica.com/perfume/Tom-Ford/Costa-Azzurra-25482.html,0.7059,0.5000,828,Azzaro,Azzura,https://www.fragrantica.com/perfume/Azzaro/Azzura-828.html,0.6400,0.5000
379-YAN,CLEAN COTTON - YANKEE CANDLES,NEW_LOCAL_REVIEW,,no,,,,0.0000,0.0000,3024,Clean,Clean Warm Cotton,https://www.fragrantica.com/perfume/Clean/Clean-Warm-Cotton-3024.html,0.4800,0.5000
380-YAN,FALL FESTIVAL - YANKEE CANDLES,NEW_LOCAL_REVIEW,,no,,,,0.0000,0.0000,74094,Zara,Candy Festival,https://www.fragrantica.com/perfume/Zara/Candy-Festival-74094.html,0.4255,0.2500
381-YAN,FRESH CUT ROSES - YANKEE CANDLES,NEW_LOCAL_REVIEW,,no,,,,0.0000,0.0000,95806,AXE,Skateboard Fresh Roses,https://www.fragrantica.com/perfume/AXE/Skateboard-Fresh-Roses-95806.html,0.3929,0.4000
382-YAN,POMEGRANATE CIDER - YANKEE CANDLES,NEW_LOCAL_REVIEW,,no,,,,0.0000,0.0000,57149,Arcana Craves,Apples Crave Cider,https://www.fragrantica.com/perfume/Arcana-Craves/Apples-Crave-Cider-57149.html,0.3438,0.2500
383-YAN,WEDDING DAY - YANKEE,NEW_LOCAL_REVIEW,,no,,,,0.0000,0.0000,5056,Daddy Yankee,Daddy Yankee,https://www.fragrantica.com/perfume/Daddy-Yankee/Daddy-Yankee-5056.html,0.4651,0.3333
387-,CIGAR,NEW_LOCAL_REVIEW,,no,,,,0.0000,0.0000,28688,Cigar,Mystic Scent,https://www.fragrantica.com/perfume/Cigar/Mystic-Scent-28688.html,0.6667,1.0000
396-ANT,Blue Seduction for Women Eau de Toilette,HIST_ID_CONFIRMED_LOCAL,3751,yes,Antonio Banderas,Blue Seduction,https://www.fragrantica.com/perfume/Antonio-Banderas/Blue-Seduction-3751.html,0.7500,1.0000,1088,Antonio Banderas,Blue Seduction,https://www.fragrantica.com/perfume/Antonio-Banderas/Blue-Seduction-1088.html,0.7500,1.0000
401-ARIA,Cloud-eau-de-,HIST_ID_CONFIRMED_LOCAL,50384,yes,Ariana Grande,Cloud,https://www.fragrantica.com/perfume/Ariana-Grande/Cloud-50384.html,0.6667,1.0000,40427,Aeropostale,Cloud 9,https://www.fragrantica.com/perfume/Aeropostale/Cloud-9-40427.html,0.7500,1.0000
404-BAL,BALE PARIS,HIST_ID_PRESENT_NEEDS_REVIEW,7247,yes,Balenciaga,Balenciaga Paris,https://www.fragrantica.com/perfume/Balenciaga/Balenciaga-Paris-7247.html,0.5405,0.5000,7247,Balenciaga,Balenciaga Paris,https://www.fragrantica.com/perfume/Balenciaga/Balenciaga-Paris-7247.html,0.5405,0.5000
407-BAT,PINK AMBER  & MOROCCO ORCHID  - BATH & BODY WORKS,HIST_ID_CONFIRMED_LOCAL,25388,yes,Bath Body Works,Morocco Orchid Pink Amber,https://www.fragrantica.com/perfume/Bath-Body-Works/Morocco-Orchid-Pink-Amber-25388.html,1.0000,1.0000,25388,Bath Body Works,Morocco Orchid Pink Amber,https://www.fragrantica.com/perfume/Bath-Body-Works/Morocco-Orchid-Pink-Amber-25388.html,1.0000,1.0000
408-BAT,WARM VANILLA SUGAR,HIST_ID_CONFIRMED_LOCAL,3545,yes,Bath Body Works,Warm Vanilla Sugar,https://www.fragrantica.com/perfume/Bath-Body-Works/Warm-Vanilla-Sugar-3545.html,0.7500,1.0000,76611,Chi Chi,Warm Vanilla Sugar,https://www.fragrantica.com/perfume/Chi-Chi/Warm-Vanilla-Sugar-76611.html,0.8750,1.0000
410-BOD,BLACK MUSK,HIST_ID_ABSENT_FROM_LOCAL,32247,no,,,,0.0000,0.0000,102041,Delroba,Black Musk,https://www.fragrantica.com/perfume/Delroba/Black-Musk-102041.html,0.8333,1.0000
411-BOD,WHITE MUSK,HIST_ID_ABSENT_FROM_LOCAL,2432,no,,,,0.0000,0.0000,3770,Montale,White Musk,https://www.fragrantica.com/perfume/Montale/White-Musk-3770.html,0.8333,1.0000
417-BOUR,SOIR DE PARIS - BOURJOIS,HIST_ID_CONFIRMED_LOCAL,3604,yes,Bourjois,Soir de Paris Evening in Paris,https://www.fragrantica.com/perfume/Bourjois/Soir-de-Paris-Evening-in-Paris-3604.html,0.8000,1.0000,3604,Bourjois,Soir de Paris Evening in Paris,https://www.fragrantica.com/perfume/Bourjois/Soir-de-Paris-Evening-in-Paris-3604.html,0.8000,1.0000
424-BRB,BURBERRY CLASSIC,HIST_ID_PRESENT_NEEDS_REVIEW,818,yes,Burberry,Burberry Women,https://www.fragrantica.com/perfume/Burberry/Burberry-Women-818.html,0.5455,0.5000,75100,Burberry,Clary Sage,https://www.fragrantica.com/perfume/Burberry/Clary-Sage-75100.html,0.7429,0.5000
428-BRB,BURBERRY SPORT,HIST_ID_CONFIRMED_LOCAL,7613,yes,Burberry,Burberry Sport for Women,https://www.fragrantica.com/perfume/Burberry/Burberry-Sport-for-Women-7613.html,1.0000,1.0000,7614,Burberry,Burberry Sport for Men,https://www.fragrantica.com/perfume/Burberry/Burberry-Sport-for-Men-7614.html,1.0000,1.0000
431-BRB,BURBERRY TOUCH,HIST_ID_CONFIRMED_LOCAL,814,yes,Burberry,Touch for Women,https://www.fragrantica.com/perfume/Burberry/Touch-for-Women-814.html,1.0000,1.0000,815,Burberry,Touch for Men,https://www.fragrantica.com/perfume/Burberry/Touch-for-Men-815.html,1.0000,1.0000
438-BLG,CORAL OMNIA,HIST_ID_CONFIRMED_LOCAL,14297,yes,Bvlgari,Omnia Coral,https://www.fragrantica.com/perfume/Bvlgari/Omnia-Coral-14297.html,0.8333,1.0000,14297,Bvlgari,Omnia Coral,https://www.fragrantica.com/perfume/Bvlgari/Omnia-Coral-14297.html,0.8333,1.0000
493-CER,1881 CERRUTI FOR WOMEN,HIST_ID_CONFIRMED_LOCAL,327,yes,Cerruti,1881,https://www.fragrantica.com/perfume/Cerruti/1881-327.html,1.0000,1.0000,327,Cerruti,1881,https://www.fragrantica.com/perfume/Cerruti/1881-327.html,1.0000,1.0000
497-CHA,CHANCE,HIST_ID_CONFIRMED_LOCAL,610,yes,Chanel,Chance Eau de Toilette,https://www.fragrantica.com/perfume/Chanel/Chance-Eau-de-Toilette-610.html,0.7500,1.0000,41672,Cherigan,Chance,https://www.fragrantica.com/perfume/Cherigan/Chance-41672.html,0.7500,1.0000
502-CHA,No 5,HIST_ID_PRESENT_NEEDS_REVIEW,608,yes,Chanel,Chanel N05 Vintage,https://www.fragrantica.com/perfume/Chanel/Chanel-N05-Vintage-608.html,0.0741,0.0000,692,Gucci,Gucci No 3 Eau de Toilette,https://www.fragrantica.com/perfume/Gucci/Gucci-No-3-Eau-de-Toilette-692.html,0.7500,1.0000
503-CHA,No 5 EAU PREMIER,HIST_ID_PRESENT_NEEDS_REVIEW,1360,yes,Chanel,Chanel N05 Eau Premiere,https://www.fragrantica.com/perfume/Chanel/Chanel-N05-Eau-Premiere-1360.html,0.5000,0.0000,21123,Angela Flanders,No 1 Le Premier,https://www.fragrantica.com/perfume/Angela-Flanders/No-1-Le-Premier-21123.html,0.7000,1.0000
504-CHA,Five L'EAU,HIST_ID_PRESENT_NEEDS_REVIEW,38543,yes,Chanel,Chanel No 5 L Eau,https://www.fragrantica.com/perfume/Chanel/Chanel-No-5-L-Eau-38543.html,0.1000,0.0000,20613,Adidas,Team Five,https://www.fragrantica.com/perfume/Adidas/Team-Five-20613.html,0.6667,1.0000
506-CHA,COCON MADEM,HIST_ID_PRESENT_NEEDS_REVIEW,611,yes,Chanel,Coco Mademoiselle,https://www.fragrantica.com/perfume/Chanel/Coco-Mademoiselle-611.html,0.5714,0.0000,,,,,0.0000,0.0000
508-CHA,the fragrance Coco Black,HIST_ID_PRESENT_NEEDS_REVIEW,15963,yes,Chanel,Coco Noir,https://www.fragrantica.com/perfume/Chanel/Coco-Noir-15963.html,0.3846,0.5000,108321,Fragrance World,L Uomo,https://www.fragrantica.com/perfume/Fragrance-World/L-Uomo-108321.html,0.2000,0.0000
510-CHL,Chloé,HIST_ID_CONFIRMED_LOCAL,1733,yes,Chloe,Chloe Eau de Parfum,https://www.fragrantica.com/perfume/Chloe/Chloe-Eau-de-Parfum-1733.html,1.0000,1.0000,1733,Chloe,Chloe Eau de Parfum,https://www.fragrantica.com/perfume/Chloe/Chloe-Eau-de-Parfum-1733.html,1.0000,1.0000
523-DRC,ISSIMO,HIST_ID_PRESENT_NEEDS_REVIEW,224,yes,Dior,Diorissimo,https://www.fragrantica.com/perfume/Dior/Diorissimo-224.html,0.5714,0.0000,,,,,0.0000,0.0000
527-DRC,La Collection Privee Grand Bal,HIST_ID_PRESENT_NEEDS_REVIEW,14984,yes,Dior,Dior Grand Bal,https://www.fragrantica.com/perfume/Dior/Dior-Grand-Bal-14984.html,0.5714,0.4000,112462,Aqua Savon,Aqua Savon Spa Collection Rose,https://www.fragrantica.com/perfume/Aqua-Savon/Aqua-Savon-Spa-Collection-Rose-112462.html,0.4225,0.2000
534-DRC,MISS,HIST_ID_CONFIRMED_LOCAL,223,yes,Dior,Miss Dior,https://www.fragrantica.com/perfume/Dior/Miss-Dior-223.html,0.7500,1.0000,11400,Dior,Miss Dior Parfum,https://www.fragrantica.com/perfume/Dior/Miss-Dior-Parfum-11400.html,0.7500,1.0000
537-DRC,Fragrance MISS CHERIE,HIST_ID_CONFIRMED_LOCAL,213,yes,Dior,Miss Dior Cherie,https://www.fragrantica.com/perfume/Dior/Miss-Dior-Cherie-213.html,0.8333,1.0000,113714,Fragrance World,Roses De Mai,https://www.fragrantica.com/perfume/Fragrance-World/Roses-De-Mai-113714.html,0.3077,0.0000
539-DRC,MISS ROSE & ROSES,HIST_ID_CONFIRMED_LOCAL,58562,yes,Dior,Miss Dior Rose N Roses,https://www.fragrantica.com/perfume/Dior/Miss-Dior-Rose-N-Roses-58562.html,0.8750,1.0000,58562,Dior,Miss Dior Rose N Roses,https://www.fragrantica.com/perfume/Dior/Miss-Dior-Rose-N-Roses-58562.html,0.8750,1.0000
553-DOL,DOLCE,NEW_LOCAL_REVIEW,,no,,,,0.0000,0.0000,63636,Adjiumi,Dolce Q B,https://www.fragrantica.com/perfume/Adjiumi/Dolce-Q-B-63636.html,0.7500,1.0000
564-DOL,SEXY CHOCLATE,NEW_LOCAL_REVIEW,,no,,,,0.0000,0.0000,33642,Avon,Step Sexy,https://www.fragrantica.com/perfume/Avon/Step-Sexy-33642.html,0.3750,0.5000
570-DOL,(RED CUP),HIST_ID_PRESENT_NEEDS_REVIEW,484,yes,Dolce Gabbana,Dolce Gabbana,https://www.fragrantica.com/perfume/Dolce-Gabbana/Dolce-Gabbana-484.html,0.1765,0.0000,,,,,0.0000,0.0000
571-DAV,COOL WATER,HIST_ID_CONFIRMED_LOCAL,508,yes,Davidoff,Cool Water,https://www.fragrantica.com/perfume/Davidoff/Cool-Water-508.html,0.8333,1.0000,507,Davidoff,Cool Water,https://www.fragrantica.com/perfume/Davidoff/Cool-Water-507.html,0.8333,1.0000
577-DON,CASHMERE MIST - DKNY,HIST_ID_PRESENT_NEEDS_REVIEW,496,yes,Donna Karan,Cashmere Mist Eau de Toilette,https://www.fragrantica.com/perfume/Donna-Karan/Cashmere-Mist-Eau-de-Toilette-496.html,0.6047,0.6667,95908,Zara,Cashmere Musk,https://www.fragrantica.com/perfume/Zara/Cashmere-Musk-95908.html,0.6667,0.3333
580-DON,Golden-delicious-eau-de-,HIST_ID_CONFIRMED_LOCAL,10914,yes,Donna Karan,DKNY Golden Delicious,https://www.fragrantica.com/perfume/Donna-Karan/DKNY-Golden-Delicious-10914.html,0.7000,1.0000,17886,Demeter Fragrance,Golden Delicious,https://www.fragrantica.com/perfume/Demeter-Fragrance/Golden-Delicious-17886.html,0.8333,1.0000
581-DON,MY NY - Donna Karan,HIST_ID_CONFIRMED_LOCAL,25948,yes,Donna Karan,DKNY My NY,https://www.fragrantica.com/perfume/Donna-Karan/DKNY-My-NY-25948.html,0.9000,1.0000,25948,Donna Karan,DKNY My NY,https://www.fragrantica.com/perfume/Donna-Karan/DKNY-My-NY-25948.html,0.9000,1.0000
589-ELI,Girl of Now,HIST_ID_ABSENT_FROM_LOCAL,45686,no,,,,0.0000,0.0000,958,Azzaro,Azzaro Now Men,https://www.fragrantica.com/perfume/Azzaro/Azzaro-Now-Men-958.html,0.5000,0.3333
595-EMIL,EMILIO PUCCI,HIST_ID_ABSENT_FROM_LOCAL,21762,no,,,,0.0000,0.0000,,,,,0.0000,0.0000
598-ESC,CELEBRATE NOW - ESCADA,HIST_ID_ABSENT_FROM_LOCAL,46180,no,,,,0.0000,0.0000,29171,Lush,Celebrate,https://www.fragrantica.com/perfume/Lush/Celebrate-29171.html,0.5294,0.3333
601-ESC,Flor-del-sol,HIST_ID_ABSENT_FROM_LOCAL,58398,no,,,,0.0000,0.0000,105212,Sol de Janeiro,Flor Mistica,https://www.fragrantica.com/perfume/Sol-de-Janeiro/Flor-Mistica-105212.html,0.5333,0.6667
605-ESC,Miami Blossom,HIST_ID_ABSENT_FROM_LOCAL,53054,no,,,,0.0000,0.0000,104155,Alchemia,Pink Blossom,https://www.fragrantica.com/perfume/Alchemia/Pink-Blossom-104155.html,0.7059,0.5000
606-ESC,MARGARETHA LEY (CLASSIC) - ESCADA,HIST_ID_ABSENT_FROM_LOCAL,1365,no,,,,0.0000,0.0000,25966,David Beckham,Classic Blue,https://www.fragrantica.com/perfume/David-Beckham/Classic-Blue-25966.html,0.5091,0.2500
608-ESC,Moon Sparkle,HIST_ID_ABSENT_FROM_LOCAL,1887,no,,,,0.0000,0.0000,121642,Amaran,Masa Sparkle,https://www.fragrantica.com/perfume/Amaran/Masa-Sparkle-121642.html,0.6452,0.5000
612-ESC,TURQUOISE - ESCADA,HIST_ID_ABSENT_FROM_LOCAL,28630,no,,,,0.0000,0.0000,62966,Versace,Versace Pour Femme Dylan Turquoise,https://www.fragrantica.com/perfume/Versace/Versace-Pour-Femme-Dylan-Turquoise-62966.html,0.3830,0.5000
616-EST,Beyond Paradise,HIST_ID_CONFIRMED_LOCAL,530,yes,Estee Lauder,Beyond Paradise,https://www.fragrantica.com/perfume/Estee-Lauder/Beyond-Paradise-530.html,0.7500,1.0000,530,Estee Lauder,Beyond Paradise,https://www.fragrantica.com/perfume/Estee-Lauder/Beyond-Paradise-530.html,0.7500,1.0000
621-EST,BRONZE GODDESS EAU DE PARFUM (SUMMER LIMITED EDITION),HIST_ID_PRESENT_NEEDS_REVIEW,11538,yes,Estee Lauder,Bronze Goddess 2011,https://www.fragrantica.com/perfume/Estee-Lauder/Bronze-Goddess-2011-11538.html,0.5660,0.6667,43639,Estee Lauder,Bronze Goddess Eau de Parfum,https://www.fragrantica.com/perfume/Estee-Lauder/Bronze-Goddess-Eau-de-Parfum-43639.html,0.5833,0.6667
622-EST,Cinnabar Eau de Parfum,HIST_ID_CONFIRMED_LOCAL,546,yes,Estee Lauder,Cinnabar,https://www.fragrantica.com/perfume/Estee-Lauder/Cinnabar-546.html,0.6667,1.0000,546,Estee Lauder,Cinnabar,https://www.fragrantica.com/perfume/Estee-Lauder/Cinnabar-546.html,0.6667,1.0000
623-EST,ESTEE - ESTEE LAUDER,HIST_ID_CONFIRMED_LOCAL,544,yes,Estee Lauder,Estee,https://www.fragrantica.com/perfume/Estee-Lauder/Estee-544.html,1.0000,1.0000,544,Estee Lauder,Estee,https://www.fragrantica.com/perfume/Estee-Lauder/Estee-544.html,1.0000,1.0000
624-EST,INTUITION FOR WOMEN,HIST_ID_CONFIRMED_LOCAL,541,yes,Estee Lauder,Intuition,https://www.fragrantica.com/perfume/Estee-Lauder/Intuition-541.html,0.6667,1.0000,106362,Aramis,Intuition,https://www.fragrantica.com/perfume/Aramis/Intuition-106362.html,0.7500,1.0000
632-EST,JASMIN WHITE MOSS - ESTEE LAUDER,HIST_ID_CONFIRMED_LOCAL,6066,yes,Estee Lauder,Private Collection Jasmin White Moss,https://www.fragrantica.com/perfume/Estee-Lauder/Private-Collection-Jasmin-White-Moss-6066.html,0.8571,1.0000,6066,Estee Lauder,Private Collection Jasmin White Moss,https://www.fragrantica.com/perfume/Estee-Lauder/Private-Collection-Jasmin-White-Moss-6066.html,0.8571,1.0000
637-EST,Spellbound,HIST_ID_CONFIRMED_LOCAL,552,yes,Estee Lauder,SpellBound,https://www.fragrantica.com/perfume/Estee-Lauder/SpellBound-552.html,0.6667,1.0000,136204,Blackcliff Parfums,Spellbound,https://www.fragrantica.com/perfume/Blackcliff-Parfums/Spellbound-136204.html,0.6667,1.0000
639-FEN,FENDI Woman,HIST_ID_ABSENT_FROM_LOCAL,200,no,,,,0.0000,0.0000,,,,,0.0000,0.0000
640-FEN,L'ACQUA ROSSA - FENDI,HIST_ID_ABSENT_FROM_LOCAL,18706,no,,,,0.0000,0.0000,5264,Borotalco,Acqua di Borotalco,https://www.fragrantica.com/perfume/Borotalco/Acqua-di-Borotalco-5264.html,0.4000,0.3333
649-ARM,Armani Code Turquoise,HIST_ID_CONFIRMED_LOCAL,30323,yes,Giorgio Armani,Armani Code Turquoise for Women,https://www.fragrantica.com/perfume/Giorgio-Armani/Armani-Code-Turquoise-for-Women-30323.html,0.8750,1.0000,30324,Giorgio Armani,Armani Code Turquoise for Men,https://www.fragrantica.com/perfume/Giorgio-Armani/Armani-Code-Turquoise-for-Men-30324.html,0.8750,1.0000
651-ARM,LEI/ELLE/SHE/ELLA,HIST_ID_PRESENT_NEEDS_REVIEW,417,yes,Giorgio Armani,Emporio Armani Lei,https://www.fragrantica.com/perfume/Giorgio-Armani/Emporio-Armani-Lei-417.html,0.1964,0.2500,39569,Angel Schlesser,Angel Schlesser Pour Elle Sensuelle,https://www.fragrantica.com/perfume/Angel-Schlesser/Angel-Schlesser-Pour-Elle-Sensuelle-39569.html,0.4127,0.2500
673-GRS,CABOTIN,HIST_ID_ABSENT_FROM_LOCAL,1061,no,,,,0.0000,0.0000,,,,,0.0000,0.0000
674-GUC,BAMBOO,HIST_ID_CONFIRMED_LOCAL,30815,yes,Gucci,Gucci Bamboo,https://www.fragrantica.com/perfume/Gucci/Gucci-Bamboo-30815.html,0.7500,1.0000,38345,Gucci,Gucci Bamboo Eau de Toilette,https://www.fragrantica.com/perfume/Gucci/Gucci-Bamboo-Eau-de-Toilette-38345.html,0.7500,1.0000
675-GUC,Bloom,HIST_ID_CONFIRMED_LOCAL,44894,yes,Gucci,Gucci Bloom,https://www.fragrantica.com/perfume/Gucci/Gucci-Bloom-44894.html,0.7500,1.0000,132290,Artepole,Eau de Bloom,https://www.fragrantica.com/perfume/Artepole/Eau-de-Bloom-132290.html,0.7500,1.0000
677-GUC,G by G,HIST_ID_PRESENT_NEEDS_REVIEW,1150,yes,Gucci,Gucci by Gucci Eau de Parfum,https://www.fragrantica.com/perfume/Gucci/Gucci-by-Gucci-Eau-de-Parfum-1150.html,0.0000,0.0000,,,,,0.0000,0.0000
678-GUC,Guilty,HIST_ID_CONFIRMED_LOCAL,9677,yes,Gucci,Gucci Guilty,https://www.fragrantica.com/perfume/Gucci/Gucci-Guilty-9677.html,0.7500,1.0000,9677,Gucci,Gucci Guilty,https://www.fragrantica.com/perfume/Gucci/Gucci-Guilty-9677.html,0.7500,1.0000
681-GUC,Rush,HIST_ID_CONFIRMED_LOCAL,686,yes,Gucci,Gucci Rush,https://www.fragrantica.com/perfume/Gucci/Gucci-Rush-686.html,0.7500,1.0000,95731,Aquarabia,Rush,https://www.fragrantica.com/perfume/Aquarabia/Rush-95731.html,0.7500,1.0000
689-GUR,MITSOUKO EAU DE PARFUM - GUERLAIN,HIST_ID_CONFIRMED_LOCAL,25316,yes,Guerlain,Mitsouko Eau de Parfum,https://www.fragrantica.com/perfume/Guerlain/Mitsouko-Eau-de-Parfum-25316.html,1.0000,1.0000,113910,Guerlain,Mitsouko Eau de Parfum,https://www.fragrantica.com/perfume/Guerlain/Mitsouko-Eau-de-Parfum-113910.html,1.0000,1.0000
692-GUR,SAMSARA,HIST_ID_CONFIRMED_LOCAL,55,yes,Guerlain,Samsara Eau de Parfum,https://www.fragrantica.com/perfume/Guerlain/Samsara-Eau-de-Parfum-55.html,0.7500,1.0000,67313,Guerlain,Samsara Eau de Parfum,https://www.fragrantica.com/perfume/Guerlain/Samsara-Eau-de-Parfum-67313.html,0.7500,1.0000
695-GUE,Dare,HIST_ID_ABSENT_FROM_LOCAL,26415,no,,,,0.0000,0.0000,7202,Adidas,Adidas Dare,https://www.fragrantica.com/perfume/Adidas/Adidas-Dare-7202.html,0.7500,1.0000
696-GLA,FIDJI,HIST_ID_ABSENT_FROM_LOCAL,2068,no,,,,0.0000,0.0000,26877,Ajmal,011 Royal Fidji,https://www.fragrantica.com/perfume/Ajmal/011-Royal-Fidji-26877.html,0.6250,1.0000
710-HUG,BOSS JOUR - HUGO BOSS,HIST_ID_CONFIRMED_LOCAL,18385,yes,Hugo Boss,Boss Jour Pour Femme,https://www.fragrantica.com/perfume/Hugo-Boss/Boss-Jour-Pour-Femme-18385.html,1.0000,1.0000,18385,Hugo Boss,Boss Jour Pour Femme,https://www.fragrantica.com/perfume/Hugo-Boss/Boss-Jour-Pour-Femme-18385.html,1.0000,1.0000
713-HUG,MA VIE - HUGO BOSS,HIST_ID_CONFIRMED_LOCAL,25298,yes,Hugo Boss,Boss Ma Vie Pour Femme,https://www.fragrantica.com/perfume/Hugo-Boss/Boss-Ma-Vie-Pour-Femme-25298.html,1.0000,1.0000,48092,Hugo Boss,Boss Ma Vie L Eau,https://www.fragrantica.com/perfume/Hugo-Boss/Boss-Ma-Vie-L-Eau-48092.html,1.0000,1.0000
714-HUG,BOSS The Scent for Her Eau de Parfum,HIST_ID_CONFIRMED_LOCAL,38998,yes,Hugo Boss,Boss The Scent For Her,https://www.fragrantica.com/perfume/Hugo-Boss/Boss-The-Scent-For-Her-38998.html,0.8750,1.0000,38998,Hugo Boss,Boss The Scent For Her,https://www.fragrantica.com/perfume/Hugo-Boss/Boss-The-Scent-For-Her-38998.html,0.8750,1.0000
717-ISS,CLASSIC - ISSEY MIYAKE,HIST_ID_PRESENT_NEEDS_REVIEW,720,yes,Issey Miyake,L eau d Issey,https://www.fragrantica.com/perfume/Issey-Miyake/L-eau-d-Issey-720.html,0.6667,0.6667,35088,Issey Miyake,L Eau d Issey Pour Homme Fraiche,https://www.fragrantica.com/perfume/Issey-Miyake/L-Eau-d-Issey-Pour-Homme-Fraiche-35088.html,0.5833,0.6667
720-GUL,CLASSIQUE,NEW_LOCAL_REVIEW,,no,,,,0.0000,0.0000,44468,Dorin,Dorin D Or Classique,https://www.fragrantica.com/perfume/Dorin/Dorin-D-Or-Classique-44468.html,0.6667,1.0000
727-JEN,JLuxe,HIST_ID_ABSENT_FROM_LOCAL,29758,no,,,,0.0000,0.0000,,,,,0.0000,0.0000
728-JES,IN BLACK,NEW_LOCAL_STRONG,,no,,,,0.0000,0.0000,26358,Bvlgari,Bvlgari Man In Black,https://www.fragrantica.com/perfume/Bvlgari/Bvlgari-Man-In-Black-26358.html,0.8333,1.0000
729-JIM,Blossom,HIST_ID_CONFIRMED_LOCAL,29165,yes,Jimmy Choo,Jimmy Choo Blossom,https://www.fragrantica.com/perfume/Jimmy-Choo/Jimmy-Choo-Blossom-29165.html,0.6667,1.0000,35191,Clean,Clean Blossom,https://www.fragrantica.com/perfume/Clean/Clean-Blossom-35191.html,0.7500,1.0000
731-JIM,Fever,HIST_ID_CONFIRMED_LOCAL,49615,yes,Jimmy Choo,Jimmy Choo Fever,https://www.fragrantica.com/perfume/Jimmy-Choo/Jimmy-Choo-Fever-49615.html,0.6667,1.0000,2822,Celine,Fever,https://www.fragrantica.com/perfume/Celine/Fever-2822.html,0.7500,1.0000
732-JIM,JIMMY CHOO,HIST_ID_CONFIRMED_LOCAL,17223,yes,Jimmy Choo,Flash,https://www.fragrantica.com/perfume/Jimmy-Choo/Flash-17223.html,0.8333,1.0000,10573,Jimmy Choo,Jimmy Choo,https://www.fragrantica.com/perfume/Jimmy-Choo/Jimmy-Choo-10573.html,1.0000,1.0000
734-JIM,Eau de Parfum (Eau de Parfum),HIST_ID_PRESENT_NEEDS_REVIEW,10573,yes,Jimmy Choo,Jimmy Choo,https://www.fragrantica.com/perfume/Jimmy-Choo/Jimmy-Choo-10573.html,0.0000,0.0000,,,,,0.0000,0.0000
736-JUI,Couture Couture,HIST_ID_ABSENT_FROM_LOCAL,6496,no,,,,0.0000,0.0000,55325,Cher,Eau de Couture,https://www.fragrantica.com/perfume/Cher/Eau-de-Couture-55325.html,0.7500,1.0000
737-JUI,Malibu,HIST_ID_ABSENT_FROM_LOCAL,22956,no,,,,0.0000,0.0000,134829,Celui,Eau de Malibu,https://www.fragrantica.com/perfume/Celui/Eau-de-Malibu-134829.html,0.7500,1.0000
738-JUI,VIVA LA JUICY,HIST_ID_ABSENT_FROM_LOCAL,4410,no,,,,0.0000,0.0000,42507,Avon,Viva la Vita,https://www.fragrantica.com/perfume/Avon/Viva-la-Vita-42507.html,0.6000,0.6667
739-JUI,Viva La Juicy Gold Couture,HIST_ID_ABSENT_FROM_LOCAL,25753,no,,,,0.0000,0.0000,26824,Alta Moda,Pure Gold,https://www.fragrantica.com/perfume/Alta-Moda/Pure-Gold-26824.html,0.4444,0.2000
740-JUI,VIVA LA JUICY LUXE PARFUM - JUICY COUTURE,HIST_ID_ABSENT_FROM_LOCAL,22574,no,,,,0.0000,0.0000,117522,Ava Luxe,White Lilac,https://www.fragrantica.com/perfume/Ava-Luxe/White-Lilac-117522.html,0.3846,0.2000
741-JUI,Viva La Juicy Rosé,HIST_ID_ABSENT_FROM_LOCAL,33567,no,,,,0.0000,0.0000,95292,Crusita,Lady Rose,https://www.fragrantica.com/perfume/Crusita/Lady-Rose-95292.html,0.6286,0.2500
742-JUI,VIVA LA JUICY SUCRE - COUTURE,HIST_ID_ABSENT_FROM_LOCAL,42053,no,,,,0.0000,0.0000,4627,Bill Blass,Couture 1,https://www.fragrantica.com/perfume/Bill-Blass/Couture-1-4627.html,0.5778,0.2000
743-JUS,Girlfriend,HIST_ID_ABSENT_FROM_LOCAL,15287,no,,,,0.0000,0.0000,132631,Sorce,Your Girlfriend is a Badass,https://www.fragrantica.com/perfume/Sorce/Your-Girlfriend-is-a-Badass-132631.html,0.6000,1.0000
744-JUS,The Key,HIST_ID_ABSENT_FROM_LOCAL,18665,no,,,,0.0000,0.0000,28654,Cindy C,Cindy Key,https://www.fragrantica.com/perfume/Cindy-C/Cindy-Key-28654.html,0.7500,1.0000
745-KAR,Karl Lagerfeld for Her Eau de Parfum,HIST_ID_ABSENT_FROM_LOCAL,24068,no,,,,0.0000,0.0000,95828,Cavalinho,Cavalinho Gold For Her,https://www.fragrantica.com/perfume/Cavalinho/Cavalinho-Gold-For-Her-95828.html,0.4783,0.3333
746-KAR,Ocean View,HIST_ID_ABSENT_FROM_LOCAL,35570,no,,,,0.0000,0.0000,60234,Dilis Parfum,Twee Ocean,https://www.fragrantica.com/perfume/Dilis-Parfum/Twee-Ocean-60234.html,0.3846,0.5000
755-KEN,SUMMER - KENZO,HIST_ID_CONFIRMED_LOCAL,76,yes,Kenzo,Summer by Kenzo,https://www.fragrantica.com/perfume/Kenzo/Summer-by-Kenzo-76.html,1.0000,1.0000,76,Kenzo,Summer by Kenzo,https://www.fragrantica.com/perfume/Kenzo/Summer-by-Kenzo-76.html,1.0000,1.0000
770-LAP,Midnight Rain,HIST_ID_ABSENT_FROM_LOCAL,824,no,,,,0.0000,0.0000,58744,Al Rehab,Midnight,https://www.fragrantica.com/perfume/Al-Rehab/Midnight-58744.html,0.5333,0.5000
771-LAP,Silver Rain,HIST_ID_ABSENT_FROM_LOCAL,823,no,,,,0.0000,0.0000,126381,Beard Monkey,Silver Rain,https://www.fragrantica.com/perfume/Beard-Monkey/Silver-Rain-126381.html,0.7500,1.0000
772-LAD,Fame,HIST_ID_ABSENT_FROM_LOCAL,15338,no,,,,0.0000,0.0000,83498,Rabanne,Fame Parfum,https://www.fragrantica.com/perfume/Rabanne/Fame-Parfum-83498.html,0.7500,1.0000
799-LANV,Eclat-d-arpege-eau-de-,HIST_ID_ABSENT_FROM_LOCAL,988,no,,,,0.0000,0.0000,107192,Badar,Rouge Eclat,https://www.fragrantica.com/perfume/Badar/Rouge-Eclat-107192.html,0.3750,0.5000
800-LANV,Me,HIST_ID_ABSENT_FROM_LOCAL,17701,no,,,,0.0000,0.0000,112304,AENYOE1,Me,https://www.fragrantica.com/perfume/AENYOE1/Me-112304.html,0.7500,1.0000
801-LANV,Marry Me,HIST_ID_ABSENT_FROM_LOCAL,9405,no,,,,0.0000,0.0000,96098,ByBozo,Will You Marry Me,https://www.fragrantica.com/perfume/ByBozo/Will-You-Marry-Me-96098.html,0.7000,1.0000
802-LBI,VENEZIA - LAURA BIAGIOTTI,HIST_ID_ABSENT_FROM_LOCAL,625,no,,,,0.0000,0.0000,,,,,0.0000,0.0000
805-LOL,L DE LOLITA LEMPICKA,HIST_ID_ABSENT_FROM_LOCAL,455,no,,,,0.0000,0.0000,94766,MAISON ASRAR,Lolita,https://www.fragrantica.com/perfume/MAISON-ASRAR/Lolita-94766.html,0.3750,0.5000
806-LOL,L Eau Jolie,HIST_ID_ABSENT_FROM_LOCAL,17936,no,,,,0.0000,0.0000,14946,Azzaro,Jolie Rose,https://www.fragrantica.com/perfume/Azzaro/Jolie-Rose-14946.html,0.6667,1.0000
807-LOL,LOLITA - LOLITA LEMPICKA,HIST_ID_ABSENT_FROM_LOCAL,456,no,,,,0.0000,0.0000,94766,MAISON ASRAR,Lolita,https://www.fragrantica.com/perfume/MAISON-ASRAR/Lolita-94766.html,0.4390,0.5000
808-LOL,Sweet,HIST_ID_ABSENT_FROM_LOCAL,28177,no,,,,0.0000,0.0000,16570,Zara,Sweet,https://www.fragrantica.com/perfume/Zara/Sweet-16570.html,0.7500,1.0000
816-MAX,MAX MARA,HIST_ID_ABSENT_FROM_LOCAL,204,no,,,,0.0000,0.0000,55558,Natura,K Max,https://www.fragrantica.com/perfume/Natura/K-Max-55558.html,0.4167,0.5000
817-MIC,Gold Collection  24k Brilliant Gold,HIST_ID_ABSENT_FROM_LOCAL,31341,no,,,,0.0000,0.0000,125159,Dorall Collection,Monte Carlo Oud,https://www.fragrantica.com/perfume/Dorall-Collection/Monte-Carlo-Oud-125159.html,0.5672,0.2500
818-MIC,Michael Kors Coral,HIST_ID_ABSENT_FROM_LOCAL,32739,no,,,,0.0000,0.0000,68626,Michael Kors,Super Gorgeous,https://www.fragrantica.com/perfume/Michael-Kors/Super-Gorgeous-68626.html,0.6667,0.6667
819-MIC,SEXY AMBER - KORS,HIST_ID_ABSENT_FROM_LOCAL,18161,no,,,,0.0000,0.0000,43516,Aerin,Amber Musk d Or,https://www.fragrantica.com/perfume/Aerin/Amber-Musk-d-Or-43516.html,0.6471,0.3333
820-MIC,SEXY RIO DE JANEIRO KORS,HIST_ID_ABSENT_FROM_LOCAL,27497,no,,,,0.0000,0.0000,82594,Sol de Janeiro,Do Not Disturb,https://www.fragrantica.com/perfume/Sol-de-Janeiro/Do-Not-Disturb-82594.html,0.5532,0.2500
821-MIC,SEXY SUNSET - KORS,HIST_ID_ABSENT_FROM_LOCAL,34276,no,,,,0.0000,0.0000,25305,Victoria s Secret,Sunset,https://www.fragrantica.com/perfume/Victoria-s-Secret/Sunset-25305.html,0.4737,0.3333
822-MIC,Sexy-ruby-glam-ruby,HIST_ID_ABSENT_FROM_LOCAL,46182,no,,,,0.0000,0.0000,31020,Bebe,Glam,https://www.fragrantica.com/perfume/Bebe/Glam-31020.html,0.5000,0.3333
823-MIC,Sporty Citrus,HIST_ID_ABSENT_FROM_LOCAL,18160,no,,,,0.0000,0.0000,140490,Celio,Citrus,https://www.fragrantica.com/perfume/Celio/Citrus-140490.html,0.6400,0.5000
824-MIC,Gold Collection  White Luminous Gold,HIST_ID_ABSENT_FROM_LOCAL,31343,no,,,,0.0000,0.0000,12262,Hugo Boss,BOSS The Collection Wool Musk,https://www.fragrantica.com/perfume/Hugo-Boss/BOSS-The-Collection-Wool-Musk-12262.html,0.5429,0.2500
825-MIC,Wonderlust,HIST_ID_ABSENT_FROM_LOCAL,39459,no,,,,0.0000,0.0000,,,,,0.0000,0.0000
827-MISN,Missoni,HIST_ID_ABSENT_FROM_LOCAL,1069,no,,,,0.0000,0.0000,,,,,0.0000,0.0000
828-MIY,L' EAU BLEUE,HIST_ID_ABSENT_FROM_LOCAL,42720,no,,,,0.0000,0.0000,52874,Conde Parfum,Cologne Bleue,https://www.fragrantica.com/perfume/Conde-Parfum/Cologne-Bleue-52874.html,0.6667,1.0000
829-MNTB,FEMME - MONT BLANC,HIST_ID_PRESENT_NEEDS_REVIEW,833,yes,Montblanc,Femme de Montblanc,https://www.fragrantica.com/perfume/Montblanc/Femme-de-Montblanc-833.html,0.6207,0.0000,100878,Bachs,Blanc,https://www.fragrantica.com/perfume/Bachs/Blanc-100878.html,0.5714,0.5000
831-MOS,Cheap And Chic,HIST_ID_CONFIRMED_LOCAL,727,yes,Moschino,Cheap Chic,https://www.fragrantica.com/perfume/Moschino/Cheap-Chic-727.html,0.8333,1.0000,727,Moschino,Cheap Chic,https://www.fragrantica.com/perfume/Moschino/Cheap-Chic-727.html,0.8333,1.0000
834-MOS,Cheap  Chic  So Real,HIST_ID_CONFIRMED_LOCAL,46867,yes,Moschino,So Real Cheap Chic,https://www.fragrantica.com/perfume/Moschino/So-Real-Cheap-Chic-46867.html,0.9000,1.0000,46867,Moschino,So Real Cheap Chic,https://www.fragrantica.com/perfume/Moschino/So-Real-Cheap-Chic-46867.html,0.9000,1.0000
840-NAO,Naomi Campbell,HIST_ID_ABSENT_FROM_LOCAL,905,no,,,,0.0000,0.0000,,,,,0.0000,0.0000
841-NRO,FLEUR MUSK FOR HER - RODRIGUEZ,HIST_ID_PRESENT_NEEDS_REVIEW,42580,yes,Narciso Rodriguez,Narciso Rodriguez Fleur Musc for Her,https://www.fragrantica.com/perfume/Narciso-Rodriguez/Narciso-Rodriguez-Fleur-Musc-for-Her-42580.html,0.6250,0.7500,42580,Narciso Rodriguez,Narciso Rodriguez Fleur Musc for Her,https://www.fragrantica.com/perfume/Narciso-Rodriguez/Narciso-Rodriguez-Fleur-Musc-for-Her-42580.html,0.6250,0.7500
842-NRO,FOR HER BLACK EDP - NARCISO RODRIGUEZ,HIST_ID_CONFIRMED_LOCAL,14319,yes,Narciso Rodriguez,Narciso Rodriguez for Her Eau de Parfum,https://www.fragrantica.com/perfume/Narciso-Rodriguez/Narciso-Rodriguez-for-Her-Eau-de-Parfum-14319.html,0.7500,0.7500,209,Narciso Rodriguez,Narciso Rodriguez For Her,https://www.fragrantica.com/perfume/Narciso-Rodriguez/Narciso-Rodriguez-For-Her-209.html,0.7500,0.7500
843-NRO,FOR HER PINK EAU DE TOILETTE - RODRIGUEZ,HIST_ID_CONFLICT_LOCAL_BETTER,209,yes,Narciso Rodriguez,Narciso Rodriguez For Her,https://www.fragrantica.com/perfume/Narciso-Rodriguez/Narciso-Rodriguez-For-Her-209.html,0.5833,0.6667,72604,Narciso Rodriguez,Narciso Rodriguez For Her Pink Edition,https://www.fragrantica.com/perfume/Narciso-Rodriguez/Narciso-Rodriguez-For-Her-Pink-Edition-72604.html,0.8750,1.0000
850-NIN,L'AIR DU TEMPS,HIST_ID_ABSENT_FROM_LOCAL,1014,no,,,,0.0000,0.0000,137076,Dark Tales,Air,https://www.fragrantica.com/perfume/Dark-Tales/Air-137076.html,0.2667,0.3333
851-NIN,L Extase,HIST_ID_ABSENT_FROM_LOCAL,29668,no,,,,0.0000,0.0000,4671,Giorgio Armani,Onde Extase,https://www.fragrantica.com/perfume/Giorgio-Armani/Onde-Extase-4671.html,0.6250,1.0000
852-NIN,Luna,HIST_ID_ABSENT_FROM_LOCAL,39376,no,,,,0.0000,0.0000,139645,Dolce,Luna,https://www.fragrantica.com/perfume/Dolce/Luna-139645.html,0.7500,1.0000
853-NIN,NINA,HIST_ID_ABSENT_FROM_LOCAL,147,no,,,,0.0000,0.0000,84711,Ascania,Nina Nina,https://www.fragrantica.com/perfume/Ascania/Nina-Nina-84711.html,0.7500,1.0000
854-NIN,the fragrance otes of NINA ROUGE,HIST_ID_ABSENT_FROM_LOCAL,56162,no,,,,0.0000,0.0000,120519,Aura Fragrances,Le Aura Rouge,https://www.fragrantica.com/perfume/Aura-Fragrances/Le-Aura-Rouge-120519.html,0.4681,0.2500
857-ONE,You  I,HIST_ID_ABSENT_FROM_LOCAL,26663,no,,,,0.0000,0.0000,52386,AXE,You,https://www.fragrantica.com/perfume/AXE/You-52386.html,0.7500,1.0000
867-PAL,PALOMA PICASSO,HIST_ID_ABSENT_FROM_LOCAL,1009,no,,,,0.0000,0.0000,,,,,0.0000,0.0000
868-PARH,Heiress Limited Edition Eau de Parfum (2015),HIST_ID_ABSENT_FROM_LOCAL,32365,no,,,,0.0000,0.0000,,,,,0.0000,0.0000
869-PIER,EXTATIC - PIERRE BALMAIN,HIST_ID_PRESENT_NEEDS_REVIEW,22817,yes,Balmain Beauty,Extatic,https://www.fragrantica.com/perfume/Balmain-Beauty/Extatic-22817.html,0.5833,0.6667,22817,Balmain Beauty,Extatic,https://www.fragrantica.com/perfume/Balmain-Beauty/Extatic-22817.html,0.5833,0.6667
870-PIER,EXTATIC INTENSE GOLD - PIERRE BALMAIN,HIST_ID_CONFIRMED_LOCAL,28047,yes,Balmain Beauty,Extatic Intense Gold,https://www.fragrantica.com/perfume/Balmain-Beauty/Extatic-Intense-Gold-28047.html,0.7333,0.8000,28047,Balmain Beauty,Extatic Intense Gold,https://www.fragrantica.com/perfume/Balmain-Beauty/Extatic-Intense-Gold-28047.html,0.7333,0.8000
871-PIER,IVOIRE - PIERRE BALMAIN,HIST_ID_PRESENT_NEEDS_REVIEW,15557,yes,Balmain Beauty,Ivoire,https://www.fragrantica.com/perfume/Balmain-Beauty/Ivoire-15557.html,0.5833,0.6667,3815,Balmain Beauty,Eau d Ivoire,https://www.fragrantica.com/perfume/Balmain-Beauty/Eau-d-Ivoire-3815.html,0.5833,0.6667
872-PRA,Candy,HIST_ID_CONFIRMED_LOCAL,12426,yes,Prada,Prada Candy,https://www.fragrantica.com/perfume/Prada/Prada-Candy-12426.html,0.7500,1.0000,12426,Prada,Prada Candy,https://www.fragrantica.com/perfume/Prada/Prada-Candy-12426.html,0.7500,1.0000
877-PRA,INFUSION DE FLEUR D'ORANGER,NEW_LOCAL_STRONG,,no,,,,0.0000,0.0000,5533,Prada,Infusion de Fleur d Oranger,https://www.fragrantica.com/perfume/Prada/Infusion-de-Fleur-d-Oranger-5533.html,0.8800,1.0000
892-RCAV,JUST HER - ROBERTO CAVALLI,HIST_ID_ABSENT_FROM_LOCAL,847,no,,,,0.0000,0.0000,31285,Avon,Avon Sport for Her Vitality,https://www.fragrantica.com/perfume/Avon/Avon-Sport-for-Her-Vitality-31285.html,0.4231,0.2500
893-RCAV,NERO ASSOLUTO - CAVALLI,HIST_ID_ABSENT_FROM_LOCAL,18833,no,,,,0.0000,0.0000,15514,Valentino,Valentina Assoluto,https://www.fragrantica.com/perfume/Valentino/Valentina-Assoluto-15514.html,0.4490,0.3333
894-RCAV,Paradiso,HIST_ID_ABSENT_FROM_LOCAL,28609,no,,,,0.0000,0.0000,74932,AzherOud,Paradiso,https://www.fragrantica.com/perfume/AzherOud/Paradiso-74932.html,0.7500,1.0000
895-RCAV,SERPENTINE - CAVALLI,HIST_ID_ABSENT_FROM_LOCAL,837,no,,,,0.0000,0.0000,95364,Sorce,Serpentine,https://www.fragrantica.com/perfume/Sorce/Serpentine-95364.html,0.5882,0.5000
896-RCAV,Splendid-vanilla,HIST_ID_ABSENT_FROM_LOCAL,58538,no,,,,0.0000,0.0000,104156,Alchemia,Vanilla,https://www.fragrantica.com/perfume/Alchemia/Vanilla-104156.html,0.6875,0.5000
897-RCAV,Tiger Oud,HIST_ID_ABSENT_FROM_LOCAL,22194,no,,,,0.0000,0.0000,25981,Cartier,Oud Oud,https://www.fragrantica.com/perfume/Cartier/Oud-Oud-25981.html,0.6667,0.5000
898-ROC,AQUA WOMAN - ROCHAS,HIST_ID_ABSENT_FROM_LOCAL,1427,no,,,,0.0000,0.0000,48601,Zara,Femme Aqua,https://www.fragrantica.com/perfume/Zara/Femme-Aqua-48601.html,0.4167,0.5000
899-ROC,MADEMOISSELE - ROCHAS,HIST_ID_ABSENT_FROM_LOCAL,43205,no,,,,0.0000,0.0000,,,,,0.0000,0.0000
900-ROG,FLEUR DE FIGUIER,NEW_LOCAL_REVIEW,,no,,,,0.0000,0.0000,23550,Chabaud Maison de Parfum,Fleur de Figuier,https://www.fragrantica.com/perfume/Chabaud-Maison-de-Parfum/Fleur-de-Figuier-23550.html,0.7500,1.0000
901-ROG,ROSE,HIST_ID_ABSENT_FROM_LOCAL,3482,no,,,,0.0000,0.0000,63248,Zara,R Rose,https://www.fragrantica.com/perfume/Zara/R-Rose-63248.html,0.7500,1.0000
902-SALV,Dalissime,HIST_ID_ABSENT_FROM_LOCAL,970,no,,,,0.0000,0.0000,,,,,0.0000,0.0000
904-SALV,SALVADOR DALI fragrances,HIST_ID_ABSENT_FROM_LOCAL,765,no,,,,0.0000,0.0000,64084,Alexandria Fragrances,H Ani,https://www.fragrantica.com/perfume/Alexandria-Fragrances/H-Ani-64084.html,0.6939,0.3333
905-SFER,AMO - S.FERRAGAMO,HIST_ID_ABSENT_FROM_LOCAL,46832,no,,,,0.0000,0.0000,33356,Natura,Amo,https://www.fragrantica.com/perfume/Natura/Amo-33356.html,0.4167,0.5000
906-SFER,EMOZIONE - S.FERRAGAMO,HIST_ID_ABSENT_FROM_LOCAL,28117,no,,,,0.0000,0.0000,,,,,0.0000,0.0000
907-SFER,SIGNORINA - FERRAGAMO,HIST_ID_ABSENT_FROM_LOCAL,13639,no,,,,0.0000,0.0000,,,,,0.0000,0.0000
908-SFER,SIGNORINA MISTERIOSA - FERRAGAMO,HIST_ID_ABSENT_FROM_LOCAL,32646,no,,,,0.0000,0.0000,33910,Natura,Essencia Misteriosa Pataqueira,https://www.fragrantica.com/perfume/Natura/Essencia-Misteriosa-Pataqueira-33910.html,0.5373,0.3333
909-SFER,TUSCAN SCENT WHITE MIMOSA - FERRAGAMO,HIST_ID_ABSENT_FROM_LOCAL,26777,no,,,,0.0000,0.0000,124758,Zara,Scent No 01 White T Shirt,https://www.fragrantica.com/perfume/Zara/Scent-No-01-White-T-Shirt-124758.html,0.5079,0.4000
910-SARJ,LOVELY,HIST_ID_ABSENT_FROM_LOCAL,993,no,,,,0.0000,0.0000,26572,City Parfum,Lovely,https://www.fragrantica.com/perfume/City-Parfum/Lovely-26572.html,0.7500,1.0000
911-SEPH,Fleur de Coton / Cotton Flower,HIST_ID_ABSENT_FROM_LOCAL,37955,no,,,,0.0000,0.0000,100460,After Blow,Cotton Fog,https://www.fragrantica.com/perfume/After-Blow/Cotton-Fog-100460.html,0.6522,0.2500
912-SHIS,ZEN,HIST_ID_ABSENT_FROM_LOCAL,1499,no,,,,0.0000,0.0000,31476,Auphorie,Zen,https://www.fragrantica.com/perfume/Auphorie/Zen-31476.html,0.7500,1.0000
913-SIS,Eau du Soir,HIST_ID_ABSENT_FROM_LOCAL,1002,no,,,,0.0000,0.0000,103596,Alex Simone,Chanceux du Soir,https://www.fragrantica.com/perfume/Alex-Simone/Chanceux-du-Soir-103596.html,0.7000,1.0000
914-SIS,Eau Tropicale,HIST_ID_ABSENT_FROM_LOCAL,23324,no,,,,0.0000,0.0000,77574,Bioleanes,Emotion Tropicale,https://www.fragrantica.com/perfume/Bioleanes/Emotion-Tropicale-77574.html,0.6667,1.0000
915-SIS,Izia,HIST_ID_ABSENT_FROM_LOCAL,42935,no,,,,0.0000,0.0000,,,,,0.0000,0.0000
916-SOF,Love,HIST_ID_ABSENT_FROM_LOCAL,31662,no,,,,0.0000,0.0000,40317,Accessorize,Love,https://www.fragrantica.com/perfume/Accessorize/Love-40317.html,0.7500,1.0000
917-SWA,Aura,HIST_ID_ABSENT_FROM_LOCAL,11258,no,,,,0.0000,0.0000,64099,Aura Perfume,A E O M,https://www.fragrantica.com/perfume/Aura-Perfume/A-E-O-M-64099.html,1.0000,1.0000
923-TMU,notes AURA,HIST_ID_PRESENT_NEEDS_REVIEW,45639,yes,Mugler,Aura Mugler,https://www.fragrantica.com/perfume/Mugler/Aura-Mugler-45639.html,0.4286,0.5000,121379,Assaf,Aura,https://www.fragrantica.com/perfume/Assaf/Aura-121379.html,0.6000,0.5000
926-TOM,Tommy Girl,HIST_ID_ABSENT_FROM_LOCAL,3016,no,,,,0.0000,0.0000,15163,Charleston Girl,Charleston Girl,https://www.fragrantica.com/perfume/Charleston-Girl/Charleston-Girl-15163.html,0.4167,0.5000
927-TOUZ,Rosa,HIST_ID_ABSENT_FROM_LOCAL,17827,no,,,,0.0000,0.0000,83676,Castelbel,Rosa,https://www.fragrantica.com/perfume/Castelbel/Rosa-83676.html,0.7500,1.0000
929-TRU,Donna,HIST_ID_CONFIRMED_LOCAL,13066,yes,Trussardi,Trussardi Donna 2011,https://www.fragrantica.com/perfume/Trussardi/Trussardi-Donna-2011-13066.html,0.6667,1.0000,9037,Borsalino,Donna,https://www.fragrantica.com/perfume/Borsalino/Donna-9037.html,0.7500,1.0000
931-TRU,INSIDE,HIST_ID_CONFIRMED_LOCAL,883,yes,Trussardi,Trussardi Inside for women,https://www.fragrantica.com/perfume/Trussardi/Trussardi-Inside-for-women-883.html,0.7500,1.0000,884,Trussardi,Trussardi Inside for men,https://www.fragrantica.com/perfume/Trussardi/Trussardi-Inside-for-men-884.html,0.7500,1.0000
935-TRU,Skin,HIST_ID_CONFIRMED_LOCAL,1038,yes,Trussardi,Trussardi Skin,https://www.fragrantica.com/perfume/Trussardi/Trussardi-Skin-1038.html,0.7500,1.0000,30478,Balenciaga,B Balenciaga Skin,https://www.fragrantica.com/perfume/Balenciaga/B-Balenciaga-Skin-30478.html,0.7500,1.0000
942-VERW,Princess,HIST_ID_ABSENT_FROM_LOCAL,1596,no,,,,0.0000,0.0000,97503,Rasasi,Princess,https://www.fragrantica.com/perfume/Rasasi/Princess-97503.html,0.7500,1.0000
946-VER,ORIENTAL OUD,HIST_ID_CONFIRMED_LOCAL,22819,yes,Versace,Versace Pour Femme Oud Oriental,https://www.fragrantica.com/perfume/Versace/Versace-Pour-Femme-Oud-Oriental-22819.html,0.8333,1.0000,127633,Arabian Oud,Oriental Oud,https://www.fragrantica.com/perfume/Arabian-Oud/Oriental-Oud-127633.html,0.8333,1.0000
950-VICT,Amber Romance,HIST_ID_CONFIRMED_LOCAL,7990,yes,Victoria s Secret,Amber Romance,https://www.fragrantica.com/perfume/Victoria-s-Secret/Amber-Romance-7990.html,0.7500,1.0000,7990,Victoria s Secret,Amber Romance,https://www.fragrantica.com/perfume/Victoria-s-Secret/Amber-Romance-7990.html,0.7500,1.0000
955-VICT,Coconut Passion,HIST_ID_CONFIRMED_LOCAL,7993,yes,Victoria s Secret,Coconut Passion,https://www.fragrantica.com/perfume/Victoria-s-Secret/Coconut-Passion-7993.html,0.7500,1.0000,114727,Victoria s Secret,Coconut Passion,https://www.fragrantica.com/perfume/Victoria-s-Secret/Coconut-Passion-114727.html,0.7500,1.0000
958-VICT,Fabulous-eau-de-,HIST_ID_CONFIRMED_LOCAL,17699,yes,Victoria s Secret,Fabulous,https://www.fragrantica.com/perfume/Victoria-s-Secret/Fabulous-17699.html,0.6667,1.0000,24087,Calzedonia,Fabulous,https://www.fragrantica.com/perfume/Calzedonia/Fabulous-24087.html,0.7500,1.0000
959-VICT,Forbidden,HIST_ID_CONFIRMED_LOCAL,23244,yes,Victoria s Secret,Victoria s Secret Forbidden,https://www.fragrantica.com/perfume/Victoria-s-Secret/Victoria-s-Secret-Forbidden-23244.html,0.6667,1.0000,122267,aptuum,Forbidden Feast,https://www.fragrantica.com/perfume/aptuum/Forbidden-Feast-122267.html,0.6667,1.0000
960-VICT,LOVE ME - VICTORIA'S SECRET,HIST_ID_CONFIRMED_LOCAL,29526,yes,Victoria s Secret,Love Me,https://www.fragrantica.com/perfume/Victoria-s-Secret/Love-Me-29526.html,1.0000,1.0000,29526,Victoria s Secret,Love Me,https://www.fragrantica.com/perfume/Victoria-s-Secret/Love-Me-29526.html,1.0000,1.0000
964-VICT,Scandalous,HIST_ID_CONFIRMED_LOCAL,28256,yes,Victoria s Secret,Scandalous,https://www.fragrantica.com/perfume/Victoria-s-Secret/Scandalous-28256.html,0.6667,1.0000,28256,Victoria s Secret,Scandalous,https://www.fragrantica.com/perfume/Victoria-s-Secret/Scandalous-28256.html,0.6667,1.0000
965-VICT,SEXY LITTLE THINGS-NOIR TEASE TEMPTATION - VICTORIA'S SECRET,HIST_ID_CONFIRMED_LOCAL,13261,yes,Victoria s Secret,Sexy Little Things Noir Tease Temptation,https://www.fragrantica.com/perfume/Victoria-s-Secret/Sexy-Little-Things-Noir-Tease-Temptation-13261.html,1.0000,1.0000,13261,Victoria s Secret,Sexy Little Things Noir Tease Temptation,https://www.fragrantica.com/perfume/Victoria-s-Secret/Sexy-Little-Things-Noir-Tease-Temptation-13261.html,1.0000,1.0000
966-VICT,TEASE - VICTORIA'S SECRET,HIST_ID_CONFIRMED_LOCAL,9730,yes,Victoria s Secret,Sexy Little Things Noir Tease,https://www.fragrantica.com/perfume/Victoria-s-Secret/Sexy-Little-Things-Noir-Tease-9730.html,0.7143,1.0000,47870,Victoria s Secret,Tease,https://www.fragrantica.com/perfume/Victoria-s-Secret/Tease-47870.html,1.0000,1.0000
986-YZLO,OPIUM,HIST_ID_CONFIRMED_LOCAL,93,yes,Yves Saint Laurent,Opium 1977,https://www.fragrantica.com/perfume/Yves-Saint-Laurent/Opium-1977-93.html,0.6000,1.0000,37618,Bohdidharma,Onyx Opium,https://www.fragrantica.com/perfume/Bohdidharma/Onyx-Opium-37618.html,0.6667,1.0000
992-ZAD,Girls Can Do Anything,HIST_ID_ABSENT_FROM_LOCAL,51198,no,,,,0.0000,0.0000,70795,American Eagle,Do Anything,https://www.fragrantica.com/perfume/American-Eagle/Do-Anything-70795.html,0.6809,0.5000
993-ZAD,JUST ROCK FOR HER - ZADIG & VOLTAIRE,HIST_ID_ABSENT_FROM_LOCAL,45862,no,,,,0.0000,0.0000,10590,Cesare Paciotti,Cesare Paciotti For Her,https://www.fragrantica.com/perfume/Cesare-Paciotti/Cesare-Paciotti-For-Her-10590.html,0.2857,0.2000
994-ZAD,This Is Her,HIST_ID_ABSENT_FROM_LOCAL,39358,no,,,,0.0000,0.0000,73324,Dilis Parfum,For Her,https://www.fragrantica.com/perfume/Dilis-Parfum/For-Her-73324.html,0.7000,0.3333
995-ZAR,POUR FEMME,NO_LOCAL_CANDIDATE,,no,,,,0.0000,0.0000,,,,,0.0000,0.0000
1006-ACQ,COLONIA INTENSA OUD,HIST_ID_CONFIRMED_LOCAL,15519,yes,Acqua di Parma,Colonia Intensa Oud Eau de Cologne Concentree,https://www.fragrantica.com/perfume/Acqua-di-Parma/Colonia-Intensa-Oud-Eau-de-Cologne-Concentree-15519.html,0.6875,1.0000,15519,Acqua di Parma,Colonia Intensa Oud Eau de Cologne Concentree,https://www.fragrantica.com/perfume/Acqua-di-Parma/Colonia-Intensa-Oud-Eau-de-Cologne-Concentree-15519.html,0.6875,1.0000
1008-ACQ,COLONIA PURA (U),HIST_ID_CONFIRMED_LOCAL,45876,yes,Acqua di Parma,Acqua di Parma Colonia Pura,https://www.fragrantica.com/perfume/Acqua-di-Parma/Acqua-di-Parma-Colonia-Pura-45876.html,0.7000,1.0000,45876,Acqua di Parma,Acqua di Parma Colonia Pura,https://www.fragrantica.com/perfume/Acqua-di-Parma/Acqua-di-Parma-Colonia-Pura-45876.html,0.7000,1.0000
1014-AZZ,CLASSIC,HIST_ID_PRESENT_NEEDS_REVIEW,829,yes,Azzaro,Azzaro pour Homme,https://www.fragrantica.com/perfume/Azzaro/Azzaro-pour-Homme-829.html,0.1000,0.0000,21114,Cinch,Cinch Classic,https://www.fragrantica.com/perfume/Cinch/Cinch-Classic-21114.html,0.7500,1.0000
1016-AZZ,VISIT AZZARO,HIST_ID_CONFIRMED_LOCAL,598,yes,Azzaro,Visit For Men,https://www.fragrantica.com/perfume/Azzaro/Visit-For-Men-598.html,1.0000,1.0000,598,Azzaro,Visit For Men,https://www.fragrantica.com/perfume/Azzaro/Visit-For-Men-598.html,1.0000,1.0000
1021-BOG,One Man Show Eau de Toilette,HIST_ID_ABSENT_FROM_LOCAL,7795,no,,,,0.0000,0.0000,18930,Mugler,Mugler Show,https://www.fragrantica.com/perfume/Mugler/Mugler-Show-18930.html,0.4615,0.5000
1023-BOT,pour Homme Extrême,HIST_ID_CONFIRMED_LOCAL,29351,yes,Bottega Veneta,Bottega Veneta Pour Homme Extreme,https://www.fragrantica.com/perfume/Bottega-Veneta/Bottega-Veneta-Pour-Homme-Extreme-29351.html,0.6667,1.0000,36337,Cadillac,Cadillac Extreme,https://www.fragrantica.com/perfume/Cadillac/Cadillac-Extreme-36337.html,0.7500,1.0000
1026-BRB,Brit,HIST_ID_CONFIRMED_LOCAL,1115,yes,Burberry,Burberry Brit for Men,https://www.fragrantica.com/perfume/Burberry/Burberry-Brit-for-Men-1115.html,0.7500,1.0000,28522,Burberry,Burberry Brit Eau de Toilette,https://www.fragrantica.com/perfume/Burberry/Burberry-Brit-Eau-de-Toilette-28522.html,0.7500,1.0000
1028-BRB,Sport For Men,HIST_ID_CONFIRMED_LOCAL,7614,yes,Burberry,Burberry Sport for Men,https://www.fragrantica.com/perfume/Burberry/Burberry-Sport-for-Men-7614.html,0.7500,1.0000,46919,Courreges,Homme Sport,https://www.fragrantica.com/perfume/Courreges/Homme-Sport-46919.html,0.7500,1.0000
1031-BRB,RHYTHM BRIT - BURBERRY,HIST_ID_CONFIRMED_LOCAL,18903,yes,Burberry,Burberry Brit Rhythm,https://www.fragrantica.com/perfume/Burberry/Burberry-Brit-Rhythm-18903.html,1.0000,1.0000,18903,Burberry,Burberry Brit Rhythm,https://www.fragrantica.com/perfume/Burberry/Burberry-Brit-Rhythm-18903.html,1.0000,1.0000
1034-BLG,AQUA - BVLGARI,HIST_ID_CONFLICT_LOCAL_BETTER,153,yes,Bvlgari,Aqva Pour Homme,https://www.fragrantica.com/perfume/Bvlgari/Aqva-Pour-Homme-153.html,0.5833,0.5000,2094,Bvlgari,Aqua Pour Homme Edition Limitee,https://www.fragrantica.com/perfume/Bvlgari/Aqua-Pour-Homme-Edition-Limitee-2094.html,0.8333,1.0000
1037-BLG,Bvl Man,HIST_ID_PRESENT_NEEDS_REVIEW,148,yes,Bvlgari,BLV Pour Homme,https://www.fragrantica.com/perfume/Bvlgari/BLV-Pour-Homme-148.html,0.4286,0.0000,,,,,0.0000,0.0000
1041-BLG,POUR HOMME BLG,HIST_ID_PRESENT_NEEDS_REVIEW,143,yes,Bvlgari,Bvlgari Pour Homme,https://www.fragrantica.com/perfume/Bvlgari/Bvlgari-Pour-Homme-143.html,0.3333,0.0000,,,,,0.0000,0.0000
1042-CAC,POUR HOMME,HIST_ID_PRESENT_NEEDS_REVIEW,2036,yes,Cacharel,Cacharel pour L Homme,https://www.fragrantica.com/perfume/Cacharel/Cacharel-pour-L-Homme-2036.html,0.0000,0.0000,,,,,0.0000,0.0000
1044-CAL,ETERNITY,NEW_LOCAL_REVIEW,,no,,,,0.0000,0.0000,257,Calvin Klein,Eternity,https://www.fragrantica.com/perfume/Calvin-Klein/Eternity-257.html,0.6667,1.0000
1046-CAL,EVERYONE,HIST_ID_CONFIRMED_LOCAL,59021,yes,Calvin Klein,CK Everyone Eau de Toilette,https://www.fragrantica.com/perfume/Calvin-Klein/CK-Everyone-Eau-de-Toilette-59021.html,0.6250,1.0000,119200,Creation Lamis,Everyone,https://www.fragrantica.com/perfume/Creation-Lamis/Everyone-119200.html,0.6667,1.0000
1060-CRT,L'ENVOL DE CARTIER,HIST_ID_CONFIRMED_LOCAL,39885,yes,Cartier,L Envol de Cartier Eau de Parfum,https://www.fragrantica.com/perfume/Cartier/L-Envol-de-Cartier-Eau-de-Parfum-39885.html,1.0000,1.0000,39885,Cartier,L Envol de Cartier Eau de Parfum,https://www.fragrantica.com/perfume/Cartier/L-Envol-de-Cartier-Eau-de-Parfum-39885.html,1.0000,1.0000
1063-CER,pour Homme Eau de Toilette (Eau de Toilette),HIST_ID_PRESENT_NEEDS_REVIEW,1441,yes,Cerruti,Cerruti Pour Homme,https://www.fragrantica.com/perfume/Cerruti/Cerruti-Pour-Homme-1441.html,0.0000,0.0000,,,,,0.0000,0.0000
1076-DRC,FAHRENEIT,NO_LOCAL_CANDIDATE,,no,,,,0.0000,0.0000,,,,,0.0000,0.0000
1080-DRC,HOMME,HIST_ID_PRESENT_NEEDS_REVIEW,230,yes,Dior,Dior Homme 2005,https://www.fragrantica.com/perfume/Dior/Dior-Homme-2005-230.html,0.0000,0.0000,,,,,0.0000,0.0000
1081-DRC,HOMME EAU,NO_LOCAL_CANDIDATE,,no,,,,0.0000,0.0000,,,,,0.0000,0.0000
1082-DRC,HOMME SPORT,HIST_ID_CONFIRMED_LOCAL,4033,yes,Dior,Dior Homme Sport,https://www.fragrantica.com/perfume/Dior/Dior-Homme-Sport-4033.html,0.7500,1.0000,46919,Courreges,Homme Sport,https://www.fragrantica.com/perfume/Courreges/Homme-Sport-46919.html,0.7500,1.0000
1090-COS,COSTUME NATIONAL HOMME,HIST_ID_CONFIRMED_LOCAL,7047,yes,CoSTUME NATIONAL,Costume National Homme,https://www.fragrantica.com/perfume/CoSTUME-NATIONAL/Costume-National-Homme-7047.html,1.0000,1.0000,7047,CoSTUME NATIONAL,Costume National Homme,https://www.fragrantica.com/perfume/CoSTUME-NATIONAL/Costume-National-Homme-7047.html,1.0000,1.0000
1092-DOL,By Man Eau de Toilette,HIST_ID_PRESENT_NEEDS_REVIEW,490,yes,Dolce Gabbana,By,https://www.fragrantica.com/perfume/Dolce-Gabbana/By-490.html,0.0000,0.0000,,,,,0.0000,0.0000
1094-DOL,K KING (2019),HIST_ID_PRESENT_NEEDS_REVIEW,56358,yes,Dolce Gabbana,K by Dolce Gabbana,https://www.fragrantica.com/perfume/Dolce-Gabbana/K-by-Dolce-Gabbana-56358.html,0.1111,0.0000,,,,,0.0000,0.0000
1102-DAV,COOL WATER WOMAN,HIST_ID_CONFIRMED_LOCAL,507,yes,Davidoff,Cool Water,https://www.fragrantica.com/perfume/Davidoff/Cool-Water-507.html,0.8333,1.0000,507,Davidoff,Cool Water,https://www.fragrantica.com/perfume/Davidoff/Cool-Water-507.html,0.8333,1.0000
1104-DAV,PURE PACIFIC - DAVIDOFF,HIST_ID_CONFIRMED_LOCAL,14564,yes,Davidoff,Cool Water Pure Pacific for Him,https://www.fragrantica.com/perfume/Davidoff/Cool-Water-Pure-Pacific-for-Him-14564.html,0.7500,1.0000,14565,Davidoff,Cool Water Pure Pacific for Her,https://www.fragrantica.com/perfume/Davidoff/Cool-Water-Pure-Pacific-for-Her-14565.html,0.7500,1.0000
1110-DSQ,BLACK POTION - DSQUARED,HIST_ID_PRESENT_NEEDS_REVIEW,18592,yes,DSQUARED2,Potion Royal Black,https://www.fragrantica.com/perfume/DSQUARED2/Potion-Royal-Black-18592.html,0.5333,0.6667,119199,Creation Lamis,Pure Black,https://www.fragrantica.com/perfume/Creation-Lamis/Pure-Black-119199.html,0.2500,0.3333
1116-ZEG,UOMO ABSOLUT - ERMENEGILDO ZEGNA,HIST_ID_ABSENT_FROM_LOCAL,28142,no,,,,0.0000,0.0000,2585,Valentino,Vendetta Uomo,https://www.fragrantica.com/perfume/Valentino/Vendetta-Uomo-2585.html,0.2083,0.2500
1118-FAB,BRUT 1964,HIST_ID_ABSENT_FROM_LOCAL,38206,no,,,,0.0000,0.0000,,,,,0.0000,0.0000
1121-GFE,FERRE MAN,NEW_LOCAL_REVIEW,,no,,,,0.0000,0.0000,52617,Al Ambra,Irish Ferre,https://www.fragrantica.com/perfume/Al-Ambra/Irish-Ferre-52617.html,0.6250,1.0000
1122-GFE,In the Mood for Love,HIST_ID_ABSENT_FROM_LOCAL,6530,no,,,,0.0000,0.0000,111950,CULT,Woman in Love,https://www.fragrantica.com/perfume/CULT/Woman-in-Love-111950.html,0.5833,0.6667
1123-ARM,ACQUA DI GIO,HIST_ID_CONFIRMED_LOCAL,410,yes,Giorgio Armani,Acqua di Gio,https://www.fragrantica.com/perfume/Giorgio-Armani/Acqua-di-Gio-410.html,0.8000,1.0000,410,Giorgio Armani,Acqua di Gio,https://www.fragrantica.com/perfume/Giorgio-Armani/Acqua-di-Gio-410.html,0.8000,1.0000
1133-ARM,BLACK CODE,HIST_ID_PRESENT_NEEDS_REVIEW,412,yes,Giorgio Armani,Armani Code,https://www.fragrantica.com/perfume/Giorgio-Armani/Armani-Code-412.html,0.3750,0.5000,103678,Brocard,Gangster Black Code,https://www.fragrantica.com/perfume/Brocard/Gangster-Black-Code-103678.html,0.7500,1.0000
1135-ARM,LUI/IL/HE/EL,HIST_ID_PRESENT_NEEDS_REVIEW,416,yes,Giorgio Armani,Emporio Armani Lui,https://www.fragrantica.com/perfume/Giorgio-Armani/Emporio-Armani-Lui-416.html,0.1964,0.2500,40640,Arquiste,El,https://www.fragrantica.com/perfume/Arquiste/El-40640.html,0.5217,0.2500
1136-ARM,STRONGER WITH YOU (EMPORIO),HIST_ID_CONFIRMED_LOCAL,45258,yes,Giorgio Armani,Emporio Armani Stronger With You,https://www.fragrantica.com/perfume/Giorgio-Armani/Emporio-Armani-Stronger-With-You-45258.html,0.8333,1.0000,45258,Giorgio Armani,Emporio Armani Stronger With You,https://www.fragrantica.com/perfume/Giorgio-Armani/Emporio-Armani-Stronger-With-You-45258.html,0.8333,1.0000
1137-ARM,WHITE,HIST_ID_CONFIRMED_LOCAL,419,yes,Giorgio Armani,Emporio Armani White For Him,https://www.fragrantica.com/perfume/Giorgio-Armani/Emporio-Armani-White-For-Him-419.html,0.6000,1.0000,50429,Converse,White,https://www.fragrantica.com/perfume/Converse/White-50429.html,0.7500,1.0000
1141-GIV,P,HIST_ID_PRESENT_NEEDS_REVIEW,39,yes,Givenchy,Pi,https://www.fragrantica.com/perfume/Givenchy/Pi-39.html,0.0000,0.0000,,,,,0.0000,0.0000
1146-GUC,Guilty Intense,HIST_ID_CONFIRMED_LOCAL,13075,yes,Gucci,Gucci Guilty Intense Pour Homme,https://www.fragrantica.com/perfume/Gucci/Gucci-Guilty-Intense-Pour-Homme-13075.html,0.8333,1.0000,71377,Gucci,Gucci Guilty Eau de Parfum Intense Pour Femme,https://www.fragrantica.com/perfume/Gucci/Gucci-Guilty-Eau-de-Parfum-Intense-Pour-Femme-71377.html,0.8333,1.0000
1151-HAL,Halston Z-14 Cologne,HIST_ID_ABSENT_FROM_LOCAL,3697,no,,,,0.0000,0.0000,43700,Caron,Eau de Cologne,https://www.fragrantica.com/perfume/Caron/Eau-de-Cologne-43700.html,0.7097,0.3333
1164-HUG,ELEMENTS - HUGO BOSS,HIST_ID_CONFIRMED_LOCAL,571,yes,Hugo Boss,Boss Elements,https://www.fragrantica.com/perfume/Hugo-Boss/Boss-Elements-571.html,1.0000,1.0000,571,Hugo Boss,Boss Elements,https://www.fragrantica.com/perfume/Hugo-Boss/Boss-Elements-571.html,1.0000,1.0000
1172-ISS,EAU D'ISSEY HOMME - ISSEY MIYAKE,HIST_ID_CONFLICT_LOCAL_BETTER,79,yes,Kenzo,L Eau par Kenzo pour Homme,https://www.fragrantica.com/perfume/Kenzo/L-Eau-par-Kenzo-pour-Homme-79.html,0.1212,0.0000,720,Issey Miyake,L eau d Issey,https://www.fragrantica.com/perfume/Issey-Miyake/L-eau-d-Issey-720.html,1.0000,1.0000
1182-JIM,JIMMY CHOO MAN,HIST_ID_CONFIRMED_LOCAL,25977,yes,Jimmy Choo,Jimmy Choo Man,https://www.fragrantica.com/perfume/Jimmy-Choo/Jimmy-Choo-Man-25977.html,1.0000,1.0000,10573,Jimmy Choo,Jimmy Choo,https://www.fragrantica.com/perfume/Jimmy-Choo/Jimmy-Choo-10573.html,1.0000,1.0000
1184-JOO,JOOP - JOOP,HIST_ID_ABSENT_FROM_LOCAL,1251,no,,,,0.0000,0.0000,,,,,0.0000,0.0000
1186-JOO,WOW - JOOP,HIST_ID_ABSENT_FROM_LOCAL,42887,no,,,,0.0000,0.0000,,,,,0.0000,0.0000
1187-JOV,White Musk for Women,HIST_ID_ABSENT_FROM_LOCAL,7524,no,,,,0.0000,0.0000,3770,Montale,White Musk,https://www.fragrantica.com/perfume/Montale/White-Musk-3770.html,0.8333,1.0000
1196-LAC,L.12.12 MAGNETIC,NEW_LOCAL_REVIEW,,no,,,,0.0000,0.0000,85684,The Dua Brand,Magnetic,https://www.fragrantica.com/perfume/The-Dua-Brand/Magnetic-85684.html,0.6250,0.5000
1197-LAC,LACOSTE HOMME,HIST_ID_ABSENT_FROM_LOCAL,670,no,,,,0.0000,0.0000,,,,,0.0000,0.0000
1198-LAL,ENCRE NOIR - LALIQUE,HIST_ID_PRESENT_NEEDS_REVIEW,1834,yes,Lalique,Encre Noire,https://www.fragrantica.com/perfume/Lalique/Encre-Noire-1834.html,0.5946,0.6667,87291,Lalique,Encre Indigo,https://www.fragrantica.com/perfume/Lalique/Encre-Indigo-87291.html,0.5833,0.6667
1201-LBI,Venezia Uomo,HIST_ID_ABSENT_FROM_LOCAL,3002,no,,,,0.0000,0.0000,122705,Caneza,Uomo,https://www.fragrantica.com/perfume/Caneza/Uomo-122705.html,0.7826,0.5000
1204-LOE,Solo Cedro,HIST_ID_CONFIRMED_LOCAL,30321,yes,Loewe,Solo Loewe Cedro,https://www.fragrantica.com/perfume/Loewe/Solo-Loewe-Cedro-30321.html,0.8333,1.0000,30321,Loewe,Solo Loewe Cedro,https://www.fragrantica.com/perfume/Loewe/Solo-Loewe-Cedro-30321.html,0.8333,1.0000
1205-LOL,Au Masculin,HIST_ID_ABSENT_FROM_LOCAL,458,no,,,,0.0000,0.0000,110032,Adopt Parfums,Au Masculin,https://www.fragrantica.com/perfume/Adopt-Parfums/Au-Masculin-110032.html,0.7500,1.0000
1224-APO,SCULPTURE,HIST_ID_ABSENT_FROM_LOCAL,925,no,,,,0.0000,0.0000,53636,Al Haramain Perfumes,Portfolio Floral Sculpture,https://www.fragrantica.com/perfume/Al-Haramain-Perfumes/Portfolio-Floral-Sculpture-53636.html,0.5833,1.0000
1236-PAL,Minotaure,HIST_ID_ABSENT_FROM_LOCAL,1695,no,,,,0.0000,0.0000,,,,,0.0000,0.0000
1245-PRA,PRADA AMBER,HIST_ID_CONFLICT_LOCAL_BETTER,1045,yes,Prada,Prada,https://www.fragrantica.com/perfume/Prada/Prada-1045.html,0.6364,0.5000,1044,Prada,Prada Amber Pour Homme Prada Man,https://www.fragrantica.com/perfume/Prada/Prada-Amber-Pour-Homme-Prada-Man-1044.html,1.0000,1.0000
1251-ROM,ROYAL BLUE,HIST_ID_ABSENT_FROM_LOCAL,21103,no,,,,0.0000,0.0000,41901,Brooksfield,Royal Blue,https://www.fragrantica.com/perfume/Brooksfield/Royal-Blue-41901.html,0.8333,1.0000
1254-RCAV,JUST HIM - ROBERTO CAVALLI,HIST_ID_ABSENT_FROM_LOCAL,848,no,,,,0.0000,0.0000,55084,Zara,For Him Blue Sport,https://www.fragrantica.com/perfume/Zara/For-Him-Blue-Sport-55084.html,0.3721,0.2500
1259-SHU,OLD SPICE,HIST_ID_ABSENT_FROM_LOCAL,14746,no,,,,0.0000,0.0000,140559,Celio,Spice,https://www.fragrantica.com/perfume/Celio/Spice-140559.html,0.7000,0.5000
1483-DSQ,POTION,HIST_ID_CONFIRMED_LOCAL,12937,yes,DSQUARED2,Potion,https://www.fragrantica.com/perfume/DSQUARED2/Potion-12937.html,0.7500,1.0000,63325,Lush,Potion,https://www.fragrantica.com/perfume/Lush/Potion-63325.html,0.7500,1.0000
1486-TRU,TRUSSARDI UOMO,NEW_LOCAL_STRONG,,no,,,,0.0000,0.0000,1039,Trussardi,Trussardi Uomo,https://www.fragrantica.com/perfume/Trussardi/Trussardi-Uomo-1039.html,1.0000,1.0000
1495-BRB,Her-london-dream-eau-de-,HIST_ID_CONFIRMED_LOCAL,60795,yes,Burberry,Burberry Her London Dream,https://www.fragrantica.com/perfume/Burberry/Burberry-Her-London-Dream-60795.html,0.8750,1.0000,60795,Burberry,Burberry Her London Dream,https://www.fragrantica.com/perfume/Burberry/Burberry-Her-London-Dream-60795.html,0.8750,1.0000
1496-BRB,BURBERRY WEEKEND,HIST_ID_CONFIRMED_LOCAL,1000,yes,Burberry,Weekend for Women,https://www.fragrantica.com/perfume/Burberry/Weekend-for-Women-1000.html,1.0000,1.0000,999,Burberry,Weekend for Men,https://www.fragrantica.com/perfume/Burberry/Weekend-for-Men-999.html,1.0000,1.0000
1502-CHA,the fragrance COCON MADEM L'EAU PRIVEE,HIST_ID_PRESENT_NEEDS_REVIEW,62194,yes,Chanel,Coco Mademoiselle L Eau Privee,https://www.fragrantica.com/perfume/Chanel/Coco-Mademoiselle-L-Eau-Privee-62194.html,0.6939,0.3333,62194,Chanel,Coco Mademoiselle L Eau Privee,https://www.fragrantica.com/perfume/Chanel/Coco-Mademoiselle-L-Eau-Privee-62194.html,0.6939,0.3333
1523-AFN,DEHN AL OUDH ABIYAD,NEW_LOCAL_STRONG,,no,,,,0.0000,0.0000,27357,Afnan,Dehn al Oudh Abiyad,https://www.fragrantica.com/perfume/Afnan/Dehn-al-Oudh-Abiyad-27357.html,0.9000,1.0000
1526-AL HAR,MUKHALLAT AL EMIRATES,NEW_LOCAL_REVIEW,,no,,,,0.0000,0.0000,48276,Al Rehab,Mukhallat Al Wazeer,https://www.fragrantica.com/perfume/Al-Rehab/Mukhallat-Al-Wazeer-48276.html,0.6122,0.6667
1534-SWI,SWISS ARMY VICTORINOX,NO_LOCAL_CANDIDATE,,no,,,,0.0000,0.0000,,,,,0.0000,0.0000
1542-JOM,English Oak & Redcurrant by Jo Malone London,HIST_ID_CONFIRMED_LOCAL,46186,yes,Jo Malone London,English Oak Redcurrant,https://www.fragrantica.com/perfume/Jo-Malone-London/English-Oak-Redcurrant-46186.html,1.0000,1.0000,46186,Jo Malone London,English Oak Redcurrant,https://www.fragrantica.com/perfume/Jo-Malone-London/English-Oak-Redcurrant-46186.html,1.0000,1.0000
1550-YAN,HOME SWEET HOME - YANKEE,NEW_LOCAL_REVIEW,,no,,,,0.0000,0.0000,55345,Brocard,Sweet Home,https://www.fragrantica.com/perfume/Brocard/Sweet-Home-55345.html,0.6000,0.6667
1551-VICT,Tease-dreamer-eau-de-,HIST_ID_CONFIRMED_LOCAL,54073,yes,Victoria s Secret,Tease Dreamer,https://www.fragrantica.com/perfume/Victoria-s-Secret/Tease-Dreamer-54073.html,0.7500,1.0000,133227,Victoria s Secret,Tease Dreamer,https://www.fragrantica.com/perfume/Victoria-s-Secret/Tease-Dreamer-133227.html,0.7500,1.0000
1627-CLIV,VANILLA ORCHID XXI ART DECO - CLIVE CHRISTIAN,HIST_ID_CONFIRMED_LOCAL,50752,yes,Clive Christian,XXI Art Deco Vanilla Orchid,https://www.fragrantica.com/perfume/Clive-Christian/XXI-Art-Deco-Vanilla-Orchid-50752.html,1.0000,1.0000,50752,Clive Christian,XXI Art Deco Vanilla Orchid,https://www.fragrantica.com/perfume/Clive-Christian/XXI-Art-Deco-Vanilla-Orchid-50752.html,1.0000,1.0000
1628-AL HAR,WARDIA,NEW_LOCAL_REVIEW,,no,,,,0.0000,0.0000,19945,Al Haramain Perfumes,Wardia,https://www.fragrantica.com/perfume/Al-Haramain-Perfumes/Wardia-19945.html,0.6250,1.0000
1629-AL HAR,MUSK MALIKI,NEW_LOCAL_REVIEW,,no,,,,0.0000,0.0000,48224,Al Haramain Perfumes,Musk Maliki,https://www.fragrantica.com/perfume/Al-Haramain-Perfumes/Musk-Maliki-48224.html,0.7000,1.0000
1641-KHAL,Aloha Parfum,HIST_ID_ABSENT_FROM_LOCAL,22911,no,,,,0.0000,0.0000,39996,Alfaroma,Aloha,https://www.fragrantica.com/perfume/Alfaroma/Aloha-39996.html,0.7500,1.0000
1649-GIV,L INTERDIT INTENSE,NEW_LOCAL_STRONG,,no,,,,0.0000,0.0000,62491,Givenchy,L Interdit Eau de Parfum Intense,https://www.fragrantica.com/perfume/Givenchy/L-Interdit-Eau-de-Parfum-Intense-62491.html,0.8333,1.0000
1654-ACQ,Colonia 1916,HIST_ID_PRESENT_NEEDS_REVIEW,1681,yes,Acqua di Parma,Acqua di Parma Colonia,https://www.fragrantica.com/perfume/Acqua-di-Parma/Acqua-di-Parma-Colonia-1681.html,0.3500,0.5000,82187,Avon,Colonia 7,https://www.fragrantica.com/perfume/Avon/Colonia-7-82187.html,0.5833,0.5000
1655-JOM,Oat & Cornflower by Jo Malone London,HIST_ID_CONFIRMED_LOCAL,48318,yes,Jo Malone London,Oat Cornflower,https://www.fragrantica.com/perfume/Jo-Malone-London/Oat-Cornflower-48318.html,1.0000,1.0000,48318,Jo Malone London,Oat Cornflower,https://www.fragrantica.com/perfume/Jo-Malone-London/Oat-Cornflower-48318.html,1.0000,1.0000
1658-GUR,La Petite Robe Noire,HIST_ID_CONFIRMED_LOCAL,14681,yes,Guerlain,La Petite Robe Noire,https://www.fragrantica.com/perfume/Guerlain/La-Petite-Robe-Noire-14681.html,0.9000,1.0000,5454,Guerlain,La Petite Robe Noire,https://www.fragrantica.com/perfume/Guerlain/La-Petite-Robe-Noire-5454.html,0.9000,1.0000
1659-CHRA,BY NIGHT,HIST_ID_CONFIRMED_LOCAL,6714,yes,Christina Aguilera,Christina Aguilera by Night,https://www.fragrantica.com/perfume/Christina-Aguilera/Christina-Aguilera-by-Night-6714.html,0.6667,1.0000,51708,Akro,Night,https://www.fragrantica.com/perfume/Akro/Night-51708.html,0.7500,1.0000
1701-TOSC,TOSCA,HIST_ID_ABSENT_FROM_LOCAL,5796,no,,,,0.0000,0.0000,32191,Xerjoff,La Tosca,https://www.fragrantica.com/perfume/Xerjoff/La-Tosca-32191.html,0.6667,1.0000
1731-VICT,TEASE CREAM CLOUD - VICTORIA'S SECRET,HIST_ID_CONFIRMED_LOCAL,68550,yes,Victoria s Secret,Tease Creme Cloud,https://www.fragrantica.com/perfume/Victoria-s-Secret/Tease-Creme-Cloud-68550.html,0.7333,0.8000,68550,Victoria s Secret,Tease Creme Cloud,https://www.fragrantica.com/perfume/Victoria-s-Secret/Tease-Creme-Cloud-68550.html,0.7333,0.8000
1743-LBI,Sotto Voce,HIST_ID_ABSENT_FROM_LOCAL,1185,no,,,,0.0000,0.0000,,,,,0.0000,0.0000
1748-BYR,Marijuana,NO_LOCAL_CANDIDATE,,no,,,,0.0000,0.0000,,,,,0.0000,0.0000
1753-TEDL,TED,HIST_ID_ABSENT_FROM_LOCAL,5942,no,,,,0.0000,0.0000,,,,,0.0000,0.0000
1754-HER,VANILLE GALANTE HERMESSENCE - HERMES,HIST_ID_CONFIRMED_LOCAL,5213,yes,Hermes,Hermessence Vanille Galante,https://www.fragrantica.com/perfume/Hermes/Hermessence-Vanille-Galante-5213.html,1.0000,1.0000,5213,Hermes,Hermessence Vanille Galante,https://www.fragrantica.com/perfume/Hermes/Hermessence-Vanille-Galante-5213.html,1.0000,1.0000
1756-LBI,ROMA - LAURA BIAGIOTTI,HIST_ID_ABSENT_FROM_LOCAL,628,no,,,,0.0000,0.0000,20084,Al Rehab,Laura,https://www.fragrantica.com/perfume/Al-Rehab/Laura-20084.html,0.4706,0.3333
1763-JILS,SUN,HIST_ID_ABSENT_FROM_LOCAL,618,no,,,,0.0000,0.0000,17620,Lush,Sun,https://www.fragrantica.com/perfume/Lush/Sun-17620.html,0.7500,1.0000
1769-LTN,the fragrance notes Roses,HIST_ID_PRESENT_NEEDS_REVIEW,40495,yes,Louis Vuitton,Rose des Vents,https://www.fragrantica.com/perfume/Louis-Vuitton/Rose-des-Vents-40495.html,0.3590,0.0000,108314,Fragrance World,Notes Jazz,https://www.fragrantica.com/perfume/Fragrance-World/Notes-Jazz-108314.html,0.4444,0.5000
1781-LAC,TOUCH OF SUN,NEW_LOCAL_REVIEW,,no,,,,0.0000,0.0000,128900,Angeline,Out of Touch,https://www.fragrantica.com/perfume/Angeline/Out-of-Touch-128900.html,0.5333,0.6667
1783-AL HAR,SULTAN,NEW_LOCAL_REVIEW,,no,,,,0.0000,0.0000,122699,Caneza,Sultan,https://www.fragrantica.com/perfume/Caneza/Sultan-122699.html,0.7500,1.0000
1784-ESC,Summer-festival-eau-de-toilette,HIST_ID_ABSENT_FROM_LOCAL,64643,no,,,,0.0000,0.0000,11591,Versace,Versace Woman Summer,https://www.fragrantica.com/perfume/Versace/Versace-Woman-Summer-11591.html,0.4167,0.5000
1802-JOM,Midnight Musk & Amber by Jo Malone London,HIST_ID_CONFIRMED_LOCAL,63920,yes,Jo Malone London,Midnight Musk Amber,https://www.fragrantica.com/perfume/Jo-Malone-London/Midnight-Musk-Amber-63920.html,1.0000,1.0000,63920,Jo Malone London,Midnight Musk Amber,https://www.fragrantica.com/perfume/Jo-Malone-London/Midnight-Musk-Amber-63920.html,1.0000,1.0000
1826-JOM,Iris & White Musk by Jo Malone London,HIST_ID_CONFIRMED_LOCAL,12926,yes,Jo Malone London,Iris White Musk,https://www.fragrantica.com/perfume/Jo-Malone-London/Iris-White-Musk-12926.html,1.0000,1.0000,12926,Jo Malone London,Iris White Musk,https://www.fragrantica.com/perfume/Jo-Malone-London/Iris-White-Musk-12926.html,1.0000,1.0000
1827-JOM,Tropical Cherimoya by Jo Malone London,HIST_ID_CONFIRMED_LOCAL,49602,yes,Jo Malone London,Tropical Cherimoya Cologne,https://www.fragrantica.com/perfume/Jo-Malone-London/Tropical-Cherimoya-Cologne-49602.html,0.9167,1.0000,49602,Jo Malone London,Tropical Cherimoya Cologne,https://www.fragrantica.com/perfume/Jo-Malone-London/Tropical-Cherimoya-Cologne-49602.html,0.9167,1.0000
1828-LAN,O OUI!,HIST_ID_CONFIRMED_LOCAL,186,yes,Lancome,O Oui,https://www.fragrantica.com/perfume/Lancome/O-Oui-186.html,0.7500,1.0000,129239,Lancome,O Oui,https://www.fragrantica.com/perfume/Lancome/O-Oui-129239.html,0.7500,1.0000
1860-NAS,ABSINT - NASOMATTO,HIST_ID_PRESENT_NEEDS_REVIEW,4293,yes,Nasomatto,Absinth,https://www.fragrantica.com/perfume/Nasomatto/Absinth-4293.html,0.5455,0.5000,4293,Nasomatto,Absinth,https://www.fragrantica.com/perfume/Nasomatto/Absinth-4293.html,0.5455,0.5000
1869-DOL,BY,NO_LOCAL_CANDIDATE,,no,,,,0.0000,0.0000,,,,,0.0000,0.0000
1874-LTN,CALIFORNIA Citrus fragrance for women and men,HIST_ID_PRESENT_NEEDS_REVIEW,60388,yes,Louis Vuitton,California Dream,https://www.fragrantica.com/perfume/Louis-Vuitton/California-Dream-60388.html,0.5106,0.5000,47684,Alexandria Fragrances,Citrus Splash,https://www.fragrantica.com/perfume/Alexandria-Fragrances/Citrus-Splash-47684.html,0.4615,0.5000
1885-WID,LONDON,HIST_ID_ABSENT_FROM_LOCAL,47781,no,,,,0.0000,0.0000,47914,C A,London Calling,https://www.fragrantica.com/perfume/C-A/London-Calling-47914.html,0.7500,1.0000
1886-PARF,DELINA LA ROSE - PDM,HIST_ID_PRESENT_NEEDS_REVIEW,64667,yes,Parfums de Marly,Delina La Rosee,https://www.fragrantica.com/perfume/Parfums-de-Marly/Delina-La-Rosee-64667.html,0.5957,0.5000,57922,Celine,La Peau Nue,https://www.fragrantica.com/perfume/Celine/La-Peau-Nue-57922.html,0.5556,0.2500
1888-MOR,Contessa,HIST_ID_ABSENT_FROM_LOCAL,35669,no,,,,0.0000,0.0000,45103,Acqua di Genova,Contessa di Castiglione Lady Gold,https://www.fragrantica.com/perfume/Acqua-di-Genova/Contessa-di-Castiglione-Lady-Gold-45103.html,0.5714,1.0000
1893-CHA,N-1-l-eau-rouge,HIST_ID_CONFIRMED_LOCAL,71442,yes,Chanel,N01 de Chanel L Eau Rouge,https://www.fragrantica.com/perfume/Chanel/N01-de-Chanel-L-Eau-Rouge-71442.html,0.6667,1.0000,26322,Rasasi,Rasasi Pour Homme L eau Rouge,https://www.fragrantica.com/perfume/Rasasi/Rasasi-Pour-Homme-L-eau-Rouge-26322.html,0.7500,1.0000
1896-ESC,Cherry-in-japan,HIST_ID_ABSENT_FROM_LOCAL,70279,no,,,,0.0000,0.0000,49325,Zara,Cherry Sling,https://www.fragrantica.com/perfume/Zara/Cherry-Sling-49325.html,0.5625,0.3333
1899-ZARK,The-muse,HIST_ID_ABSENT_FROM_LOCAL,60665,no,,,,0.0000,0.0000,55161,Xerjoff,Muse,https://www.fragrantica.com/perfume/Xerjoff/Muse-55161.html,0.7500,1.0000
1919-PRA,Paradoxe-eau-de-,HIST_ID_CONFIRMED_LOCAL,75668,yes,Prada,Prada Paradoxe,https://www.fragrantica.com/perfume/Prada/Prada-Paradoxe-75668.html,0.7500,1.0000,75668,Prada,Prada Paradoxe,https://www.fragrantica.com/perfume/Prada/Prada-Paradoxe-75668.html,0.7500,1.0000
1921-VIV,Boudoir-,HIST_ID_ABSENT_FROM_LOCAL,1532,no,,,,0.0000,0.0000,30417,Bi es,Pink Boudoir,https://www.fragrantica.com/perfume/Bi-es/Pink-Boudoir-30417.html,0.6250,1.0000
1926-KOS,No. 4 Après l’Amour Eau de Parfum,HIST_ID_ABSENT_FROM_LOCAL,53742,no,,,,0.0000,0.0000,66530,Zara,No Plans,https://www.fragrantica.com/perfume/Zara/No-Plans-66530.html,0.4286,0.3333
1927-AMG,HONOUR - AMOUAGE,HIST_ID_CONFIRMED_LOCAL,12762,yes,Amouage,Honour Woman,https://www.fragrantica.com/perfume/Amouage/Honour-Woman-12762.html,1.0000,1.0000,12763,Amouage,Honour Man,https://www.fragrantica.com/perfume/Amouage/Honour-Man-12763.html,1.0000,1.0000
1929-BLG,Le-gemme-tygar-eau-de-,HIST_ID_CONFLICT_LOCAL_BETTER,41222,yes,Bvlgari,Tygar,https://www.fragrantica.com/perfume/Bvlgari/Tygar-41222.html,0.5926,0.3333,120377,Bvlgari,Le Gemme Tygar Extrait,https://www.fragrantica.com/perfume/Bvlgari/Le-Gemme-Tygar-Extrait-120377.html,0.8000,1.0000
1942-LAN,Idole-l-eau-de-parfum-nectar,HIST_ID_CONFIRMED_LOCAL,74137,yes,Lancome,Idole Nectar,https://www.fragrantica.com/perfume/Lancome/Idole-Nectar-74137.html,0.8333,1.0000,74137,Lancome,Idole Nectar,https://www.fragrantica.com/perfume/Lancome/Idole-Nectar-74137.html,0.8333,1.0000
1950-SWISA,AL AMAKEN,NEW_LOCAL_REVIEW,,no,,,,0.0000,0.0000,22928,Swiss Arabian,Al Amaken,https://www.fragrantica.com/perfume/Swiss-Arabian/Al-Amaken-22928.html,0.7500,1.0000
1955-LAP,CELLULAR ENERGIZING,NEW_LOCAL_REVIEW,,no,,,,0.0000,0.0000,1386,Dior,Eau de Dior Coloressence Energizing,https://www.fragrantica.com/perfume/Dior/Eau-de-Dior-Coloressence-Energizing-1386.html,0.5000,0.5000
1958-DRC,Bois-d-argent-eau-de-,HIST_ID_CONFIRMED_LOCAL,1377,yes,Dior,Bois d Argent,https://www.fragrantica.com/perfume/Dior/Bois-d-Argent-1377.html,0.8333,1.0000,1377,Dior,Bois d Argent,https://www.fragrantica.com/perfume/Dior/Bois-d-Argent-1377.html,0.8333,1.0000
1968-DOL,LIGHT BLUE ITALIAN LOVE W,HIST_ID_CONFIRMED_LOCAL,72621,yes,Dolce Gabbana,Light Blue Italian Love,https://www.fragrantica.com/perfume/Dolce-Gabbana/Light-Blue-Italian-Love-72621.html,0.8333,1.0000,72621,Dolce Gabbana,Light Blue Italian Love,https://www.fragrantica.com/perfume/Dolce-Gabbana/Light-Blue-Italian-Love-72621.html,0.8333,1.0000
1975-ZARK,PINK MOLéCULE 090.09 Eau de Parfum,HIST_ID_ABSENT_FROM_LOCAL,25474,no,,,,0.0000,0.0000,99691,Angeline,X Molecule,https://www.fragrantica.com/perfume/Angeline/X-Molecule-99691.html,0.5946,0.2500
1977-SHIS,Ginza (2021),HIST_ID_ABSENT_FROM_LOCAL,65234,no,,,,0.0000,0.0000,97784,Hermes,Eau de Ginza,https://www.fragrantica.com/perfume/Hermes/Eau-de-Ginza-97784.html,0.4545,0.5000
1978-ARM,STRONGER WITH YOU INTENSENLY,HIST_ID_PRESENT_NEEDS_REVIEW,52802,yes,Giorgio Armani,Emporio Armani Stronger With You Intensely,https://www.fragrantica.com/perfume/Giorgio-Armani/Emporio-Armani-Stronger-With-You-Intensely-52802.html,0.6353,0.7500,79166,Giorgio Armani,Stronger With You Limited Edition,https://www.fragrantica.com/perfume/Giorgio-Armani/Stronger-With-You-Limited-Edition-79166.html,0.6250,0.7500
1980-HIND,Emarati Musk Parfum,HIST_ID_ABSENT_FROM_LOCAL,87692,no,,,,0.0000,0.0000,38360,Dana,Musk,https://www.fragrantica.com/perfume/Dana/Musk-38360.html,0.6667,0.5000
1981-KHAL,Grá,HIST_ID_ABSENT_FROM_LOCAL,22907,no,,,,0.0000,0.0000,,,,,0.0000,0.0000
1984-ATTAR,Musk Kashmir,HIST_ID_CONFIRMED_LOCAL,38134,yes,Attar Collection,Musk Kashmir,https://www.fragrantica.com/perfume/Attar-Collection/Musk-Kashmir-38134.html,0.7500,1.0000,69013,Arabian Oud,Kashmir Musk,https://www.fragrantica.com/perfume/Arabian-Oud/Kashmir-Musk-69013.html,0.7500,1.0000
1985-WID,GOLD II SAHARA - WIDIAN,HIST_ID_ABSENT_FROM_LOCAL,54883,no,,,,0.0000,0.0000,31146,Zara,Zara For Him Gold Edition,https://www.fragrantica.com/perfume/Zara/Zara-For-Him-Gold-Edition-31146.html,0.2083,0.2500
1986-SOO,NUR,HIST_ID_ABSENT_FROM_LOCAL,10016,no,,,,0.0000,0.0000,136545,An nur,Ibiza Wave,https://www.fragrantica.com/perfume/An-nur/Ibiza-Wave-136545.html,0.6250,1.0000
1987-SON,Le Parfum,HIST_ID_ABSENT_FROM_LOCAL,4655,no,,,,0.0000,0.0000,1840,Lalique,Lalique Le Parfum,https://www.fragrantica.com/perfume/Lalique/Lalique-Le-Parfum-1840.html,0.7500,1.0000
1988-THEVE,Arabesque,HIST_ID_ABSENT_FROM_LOCAL,32670,no,,,,0.0000,0.0000,33671,Arabesque,Adel,https://www.fragrantica.com/perfume/Arabesque/Adel-33671.html,0.7826,1.0000
1989-VERT,NARCOS'IS,HIST_ID_ABSENT_FROM_LOCAL,47923,no,,,,0.0000,0.0000,9061,Arno Sorel,It Is,https://www.fragrantica.com/perfume/Arno-Sorel/It-Is-9061.html,0.5600,0.5000
1996-LTN,Heures d’Absence (2020),HIST_ID_PRESENT_NEEDS_REVIEW,59485,yes,Louis Vuitton,Heures d Absence,https://www.fragrantica.com/perfume/Louis-Vuitton/Heures-d-Absence-59485.html,0.5833,0.3333,,,,,0.0000,0.0000
1998-LTN,Citrus fragrance for women and men,HIST_ID_PRESENT_NEEDS_REVIEW,53947,yes,Louis Vuitton,Afternoon Swim,https://www.fragrantica.com/perfume/Louis-Vuitton/Afternoon-Swim-53947.html,0.2353,0.0000,53058,E 4 Fragrance,Air,https://www.fragrantica.com/perfume/E-4-Fragrance/Air-53058.html,0.4444,0.0000
2012-DOL,Q QUEEN,HIST_ID_PRESENT_NEEDS_REVIEW,78873,yes,Dolce Gabbana,Q by Dolce Gabbana,https://www.fragrantica.com/perfume/Dolce-Gabbana/Q-by-Dolce-Gabbana-78873.html,0.1875,0.0000,95437,Bharara,Bharara Queen,https://www.fragrantica.com/perfume/Bharara/Bharara-Queen-95437.html,0.7500,1.0000
2016-PARELM,Elixir d'Amour,HIST_ID_ABSENT_FROM_LOCAL,50275,no,,,,0.0000,0.0000,35222,Kenzo,Jeu d Amour l Elixir,https://www.fragrantica.com/perfume/Kenzo/Jeu-d-Amour-l-Elixir-35222.html,0.7500,1.0000
2017-DIE,D,HIST_ID_PRESENT_NEEDS_REVIEW,74965,yes,Diesel,D by Diesel,https://www.fragrantica.com/perfume/Diesel/D-by-Diesel-74965.html,0.0000,0.0000,,,,,0.0000,0.0000
2018-ARM,the notes CODE PARFUM,HIST_ID_PRESENT_NEEDS_REVIEW,75126,yes,Giorgio Armani,Armani Code Parfum,https://www.fragrantica.com/perfume/Giorgio-Armani/Armani-Code-Parfum-75126.html,0.3750,0.5000,47916,C A,Code Blue Pour Homme,https://www.fragrantica.com/perfume/C-A/Code-Blue-Pour-Homme-47916.html,0.4211,0.5000
2021-ROJ,Apex Roja Dove,HIST_ID_CONFIRMED_LOCAL,72723,yes,Roja Dove,Apex,https://www.fragrantica.com/perfume/Roja-Dove/Apex-72723.html,1.0000,1.0000,72723,Roja Dove,Apex,https://www.fragrantica.com/perfume/Roja-Dove/Apex-72723.html,1.0000,1.0000
2028-ZARK,Youth,HIST_ID_ABSENT_FROM_LOCAL,75594,no,,,,0.0000,0.0000,92098,Rasasi,Youth Ikon,https://www.fragrantica.com/perfume/Rasasi/Youth-Ikon-92098.html,0.6667,1.0000
2036-GIS,Ambassador Men Eau de Parfum,HIST_ID_ABSENT_FROM_LOCAL,58226,no,,,,0.0000,0.0000,86758,The Dua Brand,Dua s Intense Ambassador,https://www.fragrantica.com/perfume/The-Dua-Brand/Dua-s-Intense-Ambassador-86758.html,0.6250,1.0000
2044-LORV,TEINT DE NEIGE,HIST_ID_ABSENT_FROM_LOCAL,5079,no,,,,0.0000,0.0000,,,,,0.0000,0.0000
2051-PRFRO,Acqua Di Sale,HIST_ID_ABSENT_FROM_LOCAL,3886,no,,,,0.0000,0.0000,41823,Acqua di Sardegna,Acqua di Sardegna Man Eau de Parfum,https://www.fragrantica.com/perfume/Acqua-di-Sardegna/Acqua-di-Sardegna-Man-Eau-de-Parfum-41823.html,0.5833,0.6667
2055-BAT,Dream-bright-eau-de-,HIST_ID_CONFIRMED_LOCAL,78849,yes,Bath Body Works,Dream Bright,https://www.fragrantica.com/perfume/Bath-Body-Works/Dream-Bright-78849.html,0.7000,1.0000,77344,Bath Body Works,Dream Bright,https://www.fragrantica.com/perfume/Bath-Body-Works/Dream-Bright-77344.html,0.7000,1.0000
2085-CLIV,X NEROLI LIMITED EDITION - CLIVE CHRISTIAN,NEW_LOCAL_REVIEW,,no,,,,0.0000,0.0000,26133,Clive Christian,L for Women,https://www.fragrantica.com/perfume/Clive-Christian/L-for-Women-26133.html,0.8108,0.6667
2094-SHIS,Ever Bloom,HIST_ID_ABSENT_FROM_LOCAL,31202,no,,,,0.0000,0.0000,61662,BadeFee,Bloom,https://www.fragrantica.com/perfume/BadeFee/Bloom-61662.html,0.6957,0.5000
2095-VICT,Strawberries-champagne-eau-de-toilette,HIST_ID_CONFIRMED_LOCAL,8000,yes,Victoria s Secret,Strawberries and Champagne,https://www.fragrantica.com/perfume/Victoria-s-Secret/Strawberries-and-Champagne-8000.html,0.7500,1.0000,121849,Victoria s Secret,Strawberries Champagne,https://www.fragrantica.com/perfume/Victoria-s-Secret/Strawberries-Champagne-121849.html,0.7500,1.0000
2098-MIC,Twilight Shimmer,HIST_ID_ABSENT_FROM_LOCAL,50396,no,,,,0.0000,0.0000,36909,Zara,Twilight Mauve,https://www.fragrantica.com/perfume/Zara/Twilight-Mauve-36909.html,0.6286,0.5000
2122-GUR,Aqua-allegoria-harvest-rosa-rossa,HIST_ID_PRESENT_NEEDS_REVIEW,79472,yes,Guerlain,Rosa Rossa Harvest,https://www.fragrantica.com/perfume/Guerlain/Rosa-Rossa-Harvest-79472.html,0.5500,0.6000,48710,Guerlain,Aqua Allegoria Rosa Rossa,https://www.fragrantica.com/perfume/Guerlain/Aqua-Allegoria-Rosa-Rossa-48710.html,0.7463,0.8000
2137-ROJ,GREAT BRITAIN - ROJA DOVE,HIST_ID_CONFIRMED_LOCAL,32537,yes,Roja Dove,Great Britain,https://www.fragrantica.com/perfume/Roja-Dove/Great-Britain-32537.html,1.0000,1.0000,32537,Roja Dove,Great Britain,https://www.fragrantica.com/perfume/Roja-Dove/Great-Britain-32537.html,1.0000,1.0000
2142-PARF,PEGASUS EXCLUSIVE - PARFUMS DE MARLY,HIST_ID_PRESENT_NEEDS_REVIEW,63100,yes,Parfums de Marly,Pegasus Exclusif,https://www.fragrantica.com/perfume/Parfums-de-Marly/Pegasus-Exclusif-63100.html,0.6750,0.7500,16938,Parfums de Marly,Pegasus,https://www.fragrantica.com/perfume/Parfums-de-Marly/Pegasus-16938.html,0.7500,0.7500
2148-BAT,Pure-wonder-eau-de-,HIST_ID_CONFIRMED_LOCAL,70500,yes,Bath Body Works,Pure Wonder,https://www.fragrantica.com/perfume/Bath-Body-Works/Pure-Wonder-70500.html,0.7000,1.0000,70500,Bath Body Works,Pure Wonder,https://www.fragrantica.com/perfume/Bath-Body-Works/Pure-Wonder-70500.html,0.7000,1.0000
2172-SWISA,KASHKHA,NEW_LOCAL_REVIEW,,no,,,,0.0000,0.0000,21681,Arabian Oud,Kashkha 2,https://www.fragrantica.com/perfume/Arabian-Oud/Kashkha-2-21681.html,0.6667,1.0000
2173-ANFAD,SUKAR,NEW_LOCAL_REVIEW,,no,,,,0.0000,0.0000,23000,Anfasic,Sukar,https://www.fragrantica.com/perfume/Anfasic/Sukar-23000.html,0.7500,1.0000
2178-MON,pour Homme,HIST_ID_ABSENT_FROM_LOCAL,69818,no,,,,0.0000,0.0000,,,,,0.0000,0.0000
2185-DRC,Eau Sauvage Extrme Intense,HIST_ID_PRESENT_NEEDS_REVIEW,72771,yes,Dior,Eau Sauvage Extreme 2010,https://www.fragrantica.com/perfume/Dior/Eau-Sauvage-Extreme-2010-72771.html,0.6383,0.3333,75044,Ajmal,Elixir Intense,https://www.fragrantica.com/perfume/Ajmal/Elixir-Intense-75044.html,0.6667,0.3333
2190-ROJ,DIAGHILEV,HIST_ID_CONFIRMED_LOCAL,10109,yes,Roja Dove,Diaghilev,https://www.fragrantica.com/perfume/Roja-Dove/Diaghilev-10109.html,0.6667,1.0000,10109,Roja Dove,Diaghilev,https://www.fragrantica.com/perfume/Roja-Dove/Diaghilev-10109.html,0.6667,1.0000
2193-LTN,NOUVEAU MONDE,HIST_ID_CONFIRMED_LOCAL,49753,yes,Louis Vuitton,Nouveau Monde,https://www.fragrantica.com/perfume/Louis-Vuitton/Nouveau-Monde-49753.html,0.7500,1.0000,49753,Louis Vuitton,Nouveau Monde,https://www.fragrantica.com/perfume/Louis-Vuitton/Nouveau-Monde-49753.html,0.7500,1.0000
2220-AL HAR,HAYATI,NEW_LOCAL_REVIEW,,no,,,,0.0000,0.0000,80608,Astre d Orient,Hayati,https://www.fragrantica.com/perfume/Astre-d-Orient/Hayati-80608.html,0.6667,1.0000
2234-MON,pour Femme,HIST_ID_ABSENT_FROM_LOCAL,69819,no,,,,0.0000,0.0000,,,,,0.0000,0.0000
2256-GIV,VERY IRRESISTIBLE,NEW_LOCAL_STRONG,,no,,,,0.0000,0.0000,33,Givenchy,Very Irresistible,https://www.fragrantica.com/perfume/Givenchy/Very-Irresistible-33.html,0.8333,1.0000
2278-BLG,Eau Parfumée au Thé Blanc Eau de Cologne,HIST_ID_PRESENT_NEEDS_REVIEW,145,yes,Bvlgari,Eau Parfumee au The Blanc,https://www.fragrantica.com/perfume/Bvlgari/Eau-Parfumee-au-The-Blanc-145.html,0.6800,0.7500,145,Bvlgari,Eau Parfumee au The Blanc,https://www.fragrantica.com/perfume/Bvlgari/Eau-Parfumee-au-The-Blanc-145.html,0.6800,0.7500
2284-HIS,1889 - Moulin Rouge,HIST_ID_ABSENT_FROM_LOCAL,7816,no,,,,0.0000,0.0000,101371,Guerlain,Rouge Bonheur,https://www.fragrantica.com/perfume/Guerlain/Rouge-Bonheur-101371.html,0.5128,0.3333
2288-BAT,BLACK RASBERRY VANILLA - BATH BODY WORKS,HIST_ID_CONFIRMED_LOCAL,3512,yes,Bath Body Works,Black Raspberry Vanilla,https://www.fragrantica.com/perfume/Bath-Body-Works/Black-Raspberry-Vanilla-3512.html,0.7738,0.8333,15355,Bath Body Works,Black Currant Vanilla,https://www.fragrantica.com/perfume/Bath-Body-Works/Black-Currant-Vanilla-15355.html,0.7738,0.8333
2310-CAR,UNDER THE SEA MAN,HIST_ID_CONFIRMED_LOCAL,65697,yes,Carolina Herrera,CH Men Under The Sea,https://www.fragrantica.com/perfume/Carolina-Herrera/CH-Men-Under-The-Sea-65697.html,0.7000,1.0000,65697,Carolina Herrera,CH Men Under The Sea,https://www.fragrantica.com/perfume/Carolina-Herrera/CH-Men-Under-The-Sea-65697.html,0.7000,1.0000
2311-YVRO,PLAIN SOLEIL - YVES ROCHER,HIST_ID_ABSENT_FROM_LOCAL,56457,no,,,,0.0000,0.0000,57698,Versace,Jasmin au Soleil,https://www.fragrantica.com/perfume/Versace/Jasmin-au-Soleil-57698.html,0.4167,0.2500
2313-DRC,SAUVAGE PARFUM 2019,NEW_LOCAL_REVIEW,,no,,,,0.0000,0.0000,31861,Dior,Sauvage,https://www.fragrantica.com/perfume/Dior/Sauvage-31861.html,0.5833,0.5000
2314-CAR,UNDER THE SEA WOMAN,HIST_ID_CONFIRMED_LOCAL,65696,yes,Carolina Herrera,CH Under The Sea,https://www.fragrantica.com/perfume/Carolina-Herrera/CH-Under-The-Sea-65696.html,0.7000,1.0000,65697,Carolina Herrera,CH Men Under The Sea,https://www.fragrantica.com/perfume/Carolina-Herrera/CH-Men-Under-The-Sea-65697.html,0.7000,1.0000
2344-LEL,Mousse De Chne 30,HIST_ID_PRESENT_NEEDS_REVIEW,46295,yes,Le Labo,Mousse de Chene 30 Amsterdam,https://www.fragrantica.com/perfume/Le-Labo/Mousse-de-Chene-30-Amsterdam-46295.html,0.5957,0.6667,46295,Le Labo,Mousse de Chene 30 Amsterdam,https://www.fragrantica.com/perfume/Le-Labo/Mousse-de-Chene-30-Amsterdam-46295.html,0.5957,0.6667
2374-MICA,GN TONIC - MICALLEF,HIST_ID_ABSENT_FROM_LOCAL,80353,no,,,,0.0000,0.0000,86809,The Dua Brand,White Tonic,https://www.fragrantica.com/perfume/The-Dua-Brand/White-Tonic-86809.html,0.3684,0.3333
2377-VICT,Vanilla Lace,HIST_ID_CONFIRMED_LOCAL,13033,yes,Victoria s Secret,Vanilla Lace,https://www.fragrantica.com/perfume/Victoria-s-Secret/Vanilla-Lace-13033.html,0.7500,1.0000,122424,Victoria s Secret,Vanilla Lace,https://www.fragrantica.com/perfume/Victoria-s-Secret/Vanilla-Lace-122424.html,0.7500,1.0000
2415-ESC,SEXY GRAFFITY - ESCADA,HIST_ID_ABSENT_FROM_LOCAL,1352,no,,,,0.0000,0.0000,,,,,0.0000,0.0000
2418-ACQ,VANIGLIA SIGNATURE,HIST_ID_PRESENT_NEEDS_REVIEW,56003,yes,Acqua di Parma,Vaniglia Eau de Parfum,https://www.fragrantica.com/perfume/Acqua-di-Parma/Vaniglia-Eau-de-Parfum-56003.html,0.3902,0.5000,16632,Candie s,Candie s Signature,https://www.fragrantica.com/perfume/Candie-s/Candie-s-Signature-16632.html,0.6829,0.5000
2439-ZEG,INDONESIAN OUD,HIST_ID_ABSENT_FROM_LOCAL,16188,no,,,,0.0000,0.0000,74591,PARIS CORNER,Oud Indonesian,https://www.fragrantica.com/perfume/PARIS-CORNER/Oud-Indonesian-74591.html,0.7500,1.0000
2516-GUL,Scandal-pour-homme-absolu,HIST_ID_CONFIRMED_LOCAL,91053,yes,Jean Paul Gaultier,Scandal Pour Homme Absolu,https://www.fragrantica.com/perfume/Jean-Paul-Gaultier/Scandal-Pour-Homme-Absolu-91053.html,0.7000,1.0000,91052,Jean Paul Gaultier,Scandal Absolu,https://www.fragrantica.com/perfume/Jean-Paul-Gaultier/Scandal-Absolu-91052.html,0.7000,1.0000
2543-HUG,The-scent-magnetic-for-him,HIST_ID_CONFIRMED_LOCAL,78424,yes,Hugo Boss,Boss The Scent For Him Magnetic,https://www.fragrantica.com/perfume/Hugo-Boss/Boss-The-Scent-For-Him-Magnetic-78424.html,0.8000,1.0000,78424,Hugo Boss,Boss The Scent For Him Magnetic,https://www.fragrantica.com/perfume/Hugo-Boss/Boss-The-Scent-For-Him-Magnetic-78424.html,0.8000,1.0000
2552-SOR,NIGHT HORSE,HIST_ID_ABSENT_FROM_LOCAL,75119,no,,,,0.0000,0.0000,97572,Rasasi,Night,https://www.fragrantica.com/perfume/Rasasi/Night-97572.html,0.4348,0.5000
2584-GIV,Eau de,HIST_ID_PRESENT_NEEDS_REVIEW,1966,yes,Givenchy,Eau de Givenchy,https://www.fragrantica.com/perfume/Givenchy/Eau-de-Givenchy-1966.html,0.0000,0.0000,,,,,0.0000,0.0000
2586-DIP,Biscuit DIP,NEW_LOCAL_REVIEW,,no,,,,0.0000,0.0000,135336,Delavure,Brise de Biscuit,https://www.fragrantica.com/perfume/Delavure/Brise-de-Biscuit-135336.html,0.4242,0.5000
2600-TMU,Angel Lily,HIST_ID_PRESENT_NEEDS_REVIEW,714,yes,Mugler,Angel Garden Of Stars Le Lys,https://www.fragrantica.com/perfume/Mugler/Angel-Garden-Of-Stars-Le-Lys-714.html,0.4000,0.5000,82210,Avon,Lily,https://www.fragrantica.com/perfume/Avon/Lily-82210.html,0.7368,0.5000
2604-JILS,Sun Men Jil Sander,HIST_ID_ABSENT_FROM_LOCAL,619,no,,,,0.0000,0.0000,63249,Zara,Y Yellow Sun,https://www.fragrantica.com/perfume/Zara/Y-Yellow-Sun-63249.html,0.2667,0.3333
2609-TMFO,Opaline Hyacinth,HIST_ID_PRESENT_NEEDS_REVIEW,15916,yes,Tom Ford,Ombre de Hyacinth,https://www.fragrantica.com/perfume/Tom-Ford/Ombre-de-Hyacinth-15916.html,0.5641,0.5000,92823,Demeter Fragrance,Hyacinth,https://www.fragrantica.com/perfume/Demeter-Fragrance/Hyacinth-92823.html,0.6250,0.5000
2627-LTN,Météore,HIST_ID_CONFIRMED_LOCAL,62251,yes,Louis Vuitton,Meteore,https://www.fragrantica.com/perfume/Louis-Vuitton/Meteore-62251.html,0.6667,1.0000,62251,Louis Vuitton,Meteore,https://www.fragrantica.com/perfume/Louis-Vuitton/Meteore-62251.html,0.6667,1.0000
2692-SOL,Cheirosa-87-rio-radiance-tan-lines,HIST_ID_PRESENT_NEEDS_REVIEW,82595,yes,Sol de Janeiro,Rio Radiance,https://www.fragrantica.com/perfume/Sol-de-Janeiro/Rio-Radiance-82595.html,0.5862,0.3333,76319,Sol de Janeiro,Cheirosa Tan Lines,https://www.fragrantica.com/perfume/Sol-de-Janeiro/Cheirosa-Tan-Lines-76319.html,0.5625,0.5000
2697-RIT,Karma Rituals,HIST_ID_ABSENT_FROM_LOCAL,46391,no,,,,0.0000,0.0000,112789,Lush,Karma,https://www.fragrantica.com/perfume/Lush/Karma-112789.html,0.4348,0.5000
2699-RIT,Ayurveda Rituals,HIST_ID_ABSENT_FROM_LOCAL,52638,no,,,,0.0000,0.0000,,,,,0.0000,0.0000
2701-DIP,Cafe Verlet,NEW_LOCAL_REVIEW,,no,,,,0.0000,0.0000,50448,Cafe de Parfum,Eden,https://www.fragrantica.com/perfume/Cafe-de-Parfum/Eden-50448.html,0.7000,0.5000
2773-RIT,The Rituals of Mehr,HIST_ID_ABSENT_FROM_LOCAL,83081,no,,,,0.0000,0.0000,86704,The Dua Brand,Water of Italia,https://www.fragrantica.com/perfume/The-Dua-Brand/Water-of-Italia-86704.html,0.3000,0.3333
2783-LTN,Ink Mark Louis Vuitton,HIST_ID_CONFIRMED_LOCAL,115407,yes,Louis Vuitton,Ink Mark,https://www.fragrantica.com/perfume/Louis-Vuitton/Ink-Mark-115407.html,1.0000,1.0000,115407,Louis Vuitton,Ink Mark,https://www.fragrantica.com/perfume/Louis-Vuitton/Ink-Mark-115407.html,1.0000,1.0000
2785-VAL,Valentino-donna-born-in-roma-extradose,HIST_ID_CONFIRMED_LOCAL,101384,yes,Valentino,Born in Roma Extradose Donna,https://www.fragrantica.com/perfume/Valentino/Born-in-Roma-Extradose-Donna-101384.html,1.0000,1.0000,101384,Valentino,Born in Roma Extradose Donna,https://www.fragrantica.com/perfume/Valentino/Born-in-Roma-Extradose-Donna-101384.html,1.0000,1.0000
2786-LTN,Rain Tea Louis Vuitton,HIST_ID_CONFIRMED_LOCAL,115406,yes,Louis Vuitton,Rain Tea,https://www.fragrantica.com/perfume/Louis-Vuitton/Rain-Tea-115406.html,1.0000,1.0000,115406,Louis Vuitton,Rain Tea,https://www.fragrantica.com/perfume/Louis-Vuitton/Rain-Tea-115406.html,1.0000,1.0000
2791-LTN,Moon Tale Louis Vuitton,HIST_ID_CONFIRMED_LOCAL,115408,yes,Louis Vuitton,Moon Tale,https://www.fragrantica.com/perfume/Louis-Vuitton/Moon-Tale-115408.html,1.0000,1.0000,115408,Louis Vuitton,Moon Tale,https://www.fragrantica.com/perfume/Louis-Vuitton/Moon-Tale-115408.html,1.0000,1.0000
2802-HER,Terre Intense for men,HIST_ID_CONFIRMED_LOCAL,102772,yes,Hermes,Terre d Hermes Intense,https://www.fragrantica.com/perfume/Hermes/Terre-d-Hermes-Intense-102772.html,0.8333,1.0000,102772,Hermes,Terre d Hermes Intense,https://www.fragrantica.com/perfume/Hermes/Terre-d-Hermes-Intense-102772.html,0.8333,1.0000
2816-MOOD,Blonde Maracuja Mood London,NEW_LOCAL_REVIEW,,no,,,,0.0000,0.0000,44369,Bahoma London,Jolie,https://www.fragrantica.com/perfume/Bahoma-London/Jolie-44369.html,0.4783,0.2500
2829-PARF,Athénaïs,HIST_ID_CONFIRMED_LOCAL,123716,yes,Parfums de Marly,Athenais,https://www.fragrantica.com/perfume/Parfums-de-Marly/Athenais-123716.html,0.6667,1.0000,123716,Parfums de Marly,Athenais,https://www.fragrantica.com/perfume/Parfums-de-Marly/Athenais-123716.html,0.6667,1.0000
2837-GUL,Scandal-pour-homme-elixir,HIST_ID_CONFIRMED_LOCAL,121453,yes,Jean Paul Gaultier,Scandal Pour Homme Elixir,https://www.fragrantica.com/perfume/Jean-Paul-Gaultier/Scandal-Pour-Homme-Elixir-121453.html,0.7000,1.0000,121454,Jean Paul Gaultier,Scandal Elixir,https://www.fragrantica.com/perfume/Jean-Paul-Gaultier/Scandal-Elixir-121454.html,0.7000,1.0000
[no-code],Danat Al Duniya Eau de Parfum,NEW_LOCAL_STRONG,,no,,,,0.0000,0.0000,45398,Ajmal,Danat Al Duniya,https://www.fragrantica.com/perfume/Ajmal/Danat-Al-Duniya-45398.html,0.8750,1.0000
-HUG,HUGO MAN,NEW_LOCAL_REVIEW,,no,,,,0.0000,0.0000,381,Hugo Boss,Boss Woman,https://www.fragrantica.com/perfume/Hugo-Boss/Boss-Woman-381.html,0.7500,1.0000
-VICT,ANGELS ONLY,NEW_LOCAL_REVIEW,,no,,,,0.0000,0.0000,24876,Victoria s Secret,Angels Only,https://www.fragrantica.com/perfume/Victoria-s-Secret/Angels-Only-24876.html,0.7500,1.0000
ALH004,Dhahab,NEW_LOCAL_REVIEW,,no,,,,0.0000,0.0000,35888,Ajmal,Wisal Dhahab,https://www.fragrantica.com/perfume/Ajmal/Wisal-Dhahab-35888.html,0.6667,1.0000
ALH078,Amber Oud Gold Edition,NEW_LOCAL_REVIEW,,no,,,,0.0000,0.0000,51816,Al Haramain Perfumes,Amber Oud Gold Edition,https://www.fragrantica.com/perfume/Al-Haramain-Perfumes/Amber-Oud-Gold-Edition-51816.html,0.7500,1.0000
