shobi_code,prestashop_product_id,shobi_inspired_by,classification,reason,fragrantica_id,fragrantica_brand,fragrantica_perfume,fragrantica_url,match_type,score,identity_score,identity_gate
100-AMG,2329,JUBILATION XXV MAN,VERIFIED,EXACT_BRAND_CLEAN_NAME,2366,Amouage,Jubilation XXV Man,https://www.fragrantica.com/perfume/Amouage/Jubilation-XXV-Man-2366.html,EXACT_BRAND_CLEAN_NAME,1.0000,1.0000,PASS
101-AHW,1402,King S Harem,VERIFIED,EXACT_PERFUME_BRAND_TEXT,42972,Ahwaz Fragrance,King s Harem,https://www.fragrantica.com/perfume/Ahwaz-Fragrance/King-s-Harem-42972.html,EXACT_PERFUME_BRAND_TEXT,1.0000,1.0000,PASS
102-AMG,1948,Interlude Man,VERIFIED,EXACT_BRAND_CLEAN_NAME,15294,Amouage,Interlude Man,https://www.fragrantica.com/perfume/Amouage/Interlude-Man-15294.html,EXACT_BRAND_CLEAN_NAME,1.0000,1.0000,PASS
103-ARB,1403,Kalemat,VERIFIED,EXACT_PERFUME_BRAND_TEXT,21623,Arabian Oud,Kalemat,https://www.fragrantica.com/perfume/Arabian-Oud/Kalemat-21623.html,EXACT_PERFUME_BRAND_TEXT,1.0000,1.0000,PASS
104-ARB,1404,Kashmir,VERIFIED,EXACT_PERFUME_BRAND_TEXT,63057,Arabian Oud,Kashmir,https://www.fragrantica.com/perfume/Arabian-Oud/Kashmir-63057.html,EXACT_PERFUME_BRAND_TEXT,1.0000,1.0000,PASS
105-ARB,1405,PRESTIGE CLASSIC - ARABIAN OUD,VERIFIED,SAFE_TOKEN_SAME_BRAND,21602,Arabian Oud,Arabian Prestige Classic,https://www.fragrantica.com/perfume/Arabian-Oud/Arabian-Prestige-Classic-21602.html,SAFE_TOKEN_SAME_BRAND,0.9860,0.6827,REVIEW
106-ARB,1406,SULTAN - ARABIAN OUD,VERIFIED,WEB_VERIFIED_FRAGRANTICA,21560,,,https://www.fragrantica.com/parfem/Arabian-Oud/Sultan-Blend-21560.html,WEB_VERIFIED_FRAGRANTICA,1.0000,1.0000,PASS
107-ARB,1407,Titanium,VERIFIED,EXACT_PERFUME_BRAND_TEXT,127709,Arabian Oud,Titanium,https://www.fragrantica.com/perfume/Arabian-Oud/Titanium-127709.html,EXACT_PERFUME_BRAND_TEXT,1.0000,1.0000,PASS
108-ARM,2112,BLEU LAZULI,VERIFIED,SAFE_TOKEN_SAME_BRAND,48059,Giorgio Armani,Armani Prive Bleu Lazuli,https://www.fragrantica.com/perfume/Giorgio-Armani/Armani-Prive-Bleu-Lazuli-48059.html,SAFE_TOKEN_SAME_BRAND,0.9560,1.0000,PASS
109-ARM,2196,MUSC SHAMAL,VERIFIED,EXACT_BRAND_CLEAN_NAME,55282,Giorgio Armani,Musc Shamal,https://www.fragrantica.com/perfume/Giorgio-Armani/Musc-Shamal-55282.html,EXACT_BRAND_CLEAN_NAME,1.0000,1.0000,PASS
110-ARM,1796,ROSE D'ARABIE,VERIFIED,WEB_VERIFIED_FRAGRANTICA,10886,,,https://www.fragrantica.com/perfume/Giorgio-Armani/Armani-Prive-Rose-d-Arabie-10886.html,WEB_VERIFIED_FRAGRANTICA,1.0000,1.0000,PASS
111-BAC,1807,Rouge 540,VERIFIED,WEB_VERIFIED_FRAGRANTICA,33519,,,https://www.fragrantica.com/perfume/Maison-Francis-Kurkdjian/Baccarat-Rouge-540-33519.html,WEB_VERIFIED_FRAGRANTICA,1.0000,1.0000,PASS
112-BON,2124,Bleecker Street,VERIFIED,EXACT_BRAND_CLEAN_NAME,1301,Bond No 9,Bleecker Street,https://www.fragrantica.com/perfume/Bond-No-9/Bleecker-Street-1301.html,EXACT_BRAND_CLEAN_NAME,1.0000,1.0000,PASS
113-DRC,1408,Oud-ispahan-eau-de-,VERIFIED,WEB_VERIFIED_FRAGRANTICA,15231,Dior,Oud Ispahan,https://www.fragrantica.com/perfume/Dior/Oud-Ispahan-15231.html,WEB_VERIFIED_FRAGRANTICA,1.0000,1.0000,PASS
114-CRD,2239,Erolfa,VERIFIED,EXACT_BRAND_CLEAN_NAME,4248,Creed,Erolfa,https://www.fragrantica.com/perfume/Creed/Erolfa-4248.html,EXACT_BRAND_CLEAN_NAME,1.0000,1.0000,PASS
115-EXN,1831,Fleur Narcotique,VERIFIED,EXACT_PERFUME_BRAND_TEXT,27571,Ex Nihilo,Fleur Narcotique,https://www.fragrantica.com/perfume/Ex-Nihilo/Fleur-Narcotique-27571.html,EXACT_PERFUME_BRAND_TEXT,1.0000,1.0000,PASS
116-EXN,1832,Midnight Special,VERIFIED,EXACT_PERFUME_BRAND_TEXT,45957,Ex Nihilo,Midnight Special,https://www.fragrantica.com/perfume/Ex-Nihilo/Midnight-Special-45957.html,EXACT_PERFUME_BRAND_TEXT,1.0000,1.0000,PASS
117-EXN,2108,Sweet Morphine,VERIFIED,EXACT_PERFUME_BRAND_TEXT,33574,Ex Nihilo,Sweet Morphine,https://www.fragrantica.com/perfume/Ex-Nihilo/Sweet-Morphine-33574.html,EXACT_PERFUME_BRAND_TEXT,1.0000,1.0000,PASS
118-HAM,1409,REHAN - HAMIDI OUD,VERIFIED,WEB_VERIFIED_FRAGRANTICA,27808,,,https://www.fragrantica.com/perfume/Hamidi-Oud-Perfumes/Rehan-27808.html,WEB_VERIFIED_FRAGRANTICA,1.0000,1.0000,PASS
119-HIS,2119,1725 Casanova,VERIFIED,WEB_VERIFIED_FRAGRANTICA,4491,Histoires de Parfums,1725,https://www.fragrantica.com/perfume/Histoires-de-Parfums/1725-4491.html,WEB_VERIFIED_FRAGRANTICA,1.0000,1.0000,PASS
120-INI,2191,ABSOLUTE APHRODISIAC - INITIO PARFUMS,VERIFIED,EXACT_BRAND_CLEAN_NAME,30989,Initio Parfums Prives,Absolute Aphrodisiac,https://www.fragrantica.com/perfume/Initio-Parfums-Prives/Absolute-Aphrodisiac-30989.html,EXACT_BRAND_CLEAN_NAME,1.0000,1.0000,PASS
121-INI,2224,ATOMIC ROSE - INITIO PERFUME,VERIFIED,EXACT_BRAND_CLEAN_NAME,57587,Initio Parfums Prives,Atomic Rose,https://www.fragrantica.com/perfume/Initio-Parfums-Prives/Atomic-Rose-57587.html,EXACT_BRAND_CLEAN_NAME,1.0000,1.0000,PASS
122-INI,2132,OUD FOR GREATNESS - INITIO PARFUMS PRIVES,VERIFIED,EXACT_BRAND_CLEAN_NAME,53641,Initio Parfums Prives,Oud for Greatness,https://www.fragrantica.com/perfume/Initio-Parfums-Prives/Oud-for-Greatness-53641.html,EXACT_BRAND_CLEAN_NAME,1.0000,1.0000,PASS
123-INI,2190,PSYCHEDELIC LOVE - INITIO PARFUMS PRIVES,VERIFIED,EXACT_PERFUME_BRAND_TEXT,45977,Initio Parfums Prives,Psychedelic Love,https://www.fragrantica.com/perfume/Initio-Parfums-Prives/Psychedelic-Love-45977.html,EXACT_PERFUME_BRAND_TEXT,1.0000,1.0000,PASS
124-INI,2223,Side Effect - Initio Parfums Prives,VERIFIED,EXACT_PERFUME_BRAND_TEXT,42260,Initio Parfums Prives,Side Effect,https://www.fragrantica.com/perfume/Initio-Parfums-Prives/Side-Effect-42260.html,EXACT_PERFUME_BRAND_TEXT,1.0000,1.0000,PASS
125-JUL,2214,Liquid Illusion,VERIFIED,WEB_VERIFIED_FRAGRANTICA,51055,Juliette Has A Gun,Liquid Illusion,https://www.fragrantica.com/p/51055,WEB_VERIFIED_FRAGRANTICA,1.0000,1.0000,PASS
126-KIL,2205,LIGHT MY FIRE - KILIAN PERFUME,VERIFIED,EXACT_BRAND_CLEAN_NAME,25992,By Kilian,Light My Fire,https://www.fragrantica.com/perfume/By-Kilian/Light-My-Fire-25992.html,EXACT_BRAND_CLEAN_NAME,1.0000,1.0000,PASS
127-KIL,1808,STRAIGHT TO HEAVEN - KILIAN,VERIFIED,EXACT_PERFUME_BRAND_TEXT,4323,By Kilian,Straight to Heaven,https://www.fragrantica.com/perfume/By-Kilian/Straight-to-Heaven-4323.html,EXACT_PERFUME_BRAND_TEXT,1.0000,1.0000,PASS
128-LEL,2231,Bergamote 22,VERIFIED,EXACT_PERFUME_BRAND_TEXT,6327,Le Labo,Bergamote 22,https://www.fragrantica.com/perfume/Le-Labo/Bergamote-22-6327.html,EXACT_PERFUME_BRAND_TEXT,1.0000,1.0000,PASS
129-LEL,2232,Rose 31,VERIFIED,EXACT_PERFUME_BRAND_TEXT,3678,Le Labo,Rose 31,https://www.fragrantica.com/perfume/Le-Labo/Rose-31-3678.html,EXACT_PERFUME_BRAND_TEXT,1.0000,1.0000,PASS
130-LEL,1949,SANTAL 26 - LE LABO,NOT_FOUND,NO_FOUND_ID_FOR_CODE,,,,,EXACT_NAME_MULTIPLE_CANDIDATES,,0.0000,NOT_MAPPED
131-LEL,1815,Santal 33,VERIFIED,EXACT_PERFUME_BRAND_TEXT,12201,Le Labo,Santal 33,https://www.fragrantica.com/perfume/Le-Labo/Santal-33-12201.html,EXACT_PERFUME_BRAND_TEXT,1.0000,1.0000,PASS
132-LTN,2131,Ombre Nomade,VERIFIED,CONFIRMED_IDENTITY_EXACT_CORPUS,49755,Louis Vuitton,Ombre Nomade,https://www.fragrantica.com/perfume/Louis-Vuitton/Ombre-Nomade-49755.html,CONFIRMED_IDENTITY_EXACT_CORPUS,1.0000,1.0000,PASS
133-MICA,2126,YLANG IN GOLD - M,VERIFIED,WEB_VERIFIED_FRAGRANTICA,14409,,,https://www.fragrantica.com/perfume/M-Micallef/Ylang-in-Gold-14409.html,WEB_VERIFIED_FRAGRANTICA,1.0000,1.0000,PASS
134-KUR,2238,Amyris Homme,VERIFIED,EXACT_BRAND_CLEAN_NAME,15566,Maison Francis Kurkdjian,Amyris Homme,https://www.fragrantica.com/perfume/Maison-Francis-Kurkdjian/Amyris-Homme-15566.html,EXACT_BRAND_CLEAN_NAME,1.0000,1.0000,PASS
135-KUR,2192,Gentle-fluidity-gold,VERIFIED,EXACT_BRAND_CLEAN_NAME,53401,Maison Francis Kurkdjian,Gentle Fluidity Gold,https://www.fragrantica.com/perfume/Maison-Francis-Kurkdjian/Gentle-Fluidity-Gold-53401.html,EXACT_BRAND_CLEAN_NAME,1.0000,1.0000,PASS
136-KUR,2209,Gentle-fluidity-silver,VERIFIED,EXACT_BRAND_CLEAN_NAME,53400,Maison Francis Kurkdjian,Gentle Fluidity Silver,https://www.fragrantica.com/perfume/Maison-Francis-Kurkdjian/Gentle-Fluidity-Silver-53400.html,EXACT_BRAND_CLEAN_NAME,1.0000,1.0000,PASS
137-KUR,2227,Grand Soir Eau de Parfum,VERIFIED,EXACT_BRAND_CLEAN_NAME,40816,Maison Francis Kurkdjian,Grand Soir,https://www.fragrantica.com/perfume/Maison-Francis-Kurkdjian/Grand-Soir-40816.html,EXACT_BRAND_CLEAN_NAME,1.0000,1.0000,PASS
138-KUR,1791,Oud Cashmere Mood,VERIFIED,EXACT_BRAND_CLEAN_NAME,17661,Maison Francis Kurkdjian,Oud Cashmere Mood,https://www.fragrantica.com/perfume/Maison-Francis-Kurkdjian/Oud-Cashmere-Mood-17661.html,EXACT_BRAND_CLEAN_NAME,1.0000,1.0000,PASS
139-KUR,,OUD SATIN MOOD,VERIFIED,EXACT_BRAND_CLEAN_NAME,30352,Maison Francis Kurkdjian,Oud Satin Mood,https://www.fragrantica.com/perfume/Maison-Francis-Kurkdjian/Oud-Satin-Mood-30352.html,EXACT_BRAND_CLEAN_NAME,1.0000,1.0000,PASS
140-KUR,,OUD SILK MOOD,VERIFIED,EXACT_BRAND_CLEAN_NAME,48456,Maison Francis Kurkdjian,Oud Silk Mood,https://www.fragrantica.com/perfume/Maison-Francis-Kurkdjian/Oud-Silk-Mood-48456.html,EXACT_BRAND_CLEAN_NAME,1.0000,1.0000,PASS
141-MAN,2058,Black Vanilla,VERIFIED,EXACT_PERFUME_BRAND_TEXT,46662,Mancera,Black Vanilla,https://www.fragrantica.com/perfume/Mancera/Black-Vanilla-46662.html,EXACT_PERFUME_BRAND_TEXT,1.0000,1.0000,PASS
142-MAN,2133,Cedrat Boise,VERIFIED,EXACT_PERFUME_BRAND_TEXT,15211,Mancera,Cedrat Boise,https://www.fragrantica.com/perfume/Mancera/Cedrat-Boise-15211.html,EXACT_PERFUME_BRAND_TEXT,1.0000,1.0000,PASS
143-MAN,2109,Red Tobacco,VERIFIED,EXACT_PERFUME_BRAND_TEXT,46663,Mancera,Red Tobacco,https://www.fragrantica.com/perfume/Mancera/Red-Tobacco-46663.html,EXACT_PERFUME_BRAND_TEXT,1.0000,1.0000,PASS
144-MAN,2117,Vanille Exclusive,VERIFIED,SAFE_FUZZY_SAME_BRAND,51494,Mancera,Vanille Exclusive,https://www.fragrantica.com/perfume/Mancera/Vanille-Exclusive-51494.html,SAFE_FUZZY_SAME_BRAND,0.9091,1.0000,PASS
145-MEM,1950,African-leather-eau-de-,VERIFIED,EXACT_PERFUME_BRAND_TEXT,31383,Memo Paris,African Leather,https://www.fragrantica.com/perfume/Memo-Paris/African-Leather-31383.html,EXACT_PERFUME_BRAND_TEXT,1.0000,1.0000,PASS
146-MEM,1410,Russian-leather-eau-de-,VERIFIED,EXACT_PERFUME_BRAND_TEXT,40544,Memo Paris,Russian Leather,https://www.fragrantica.com/perfume/Memo-Paris/Russian-Leather-40544.html,EXACT_PERFUME_BRAND_TEXT,1.0000,1.0000,PASS
147-NAS,2237,Pardon,VERIFIED,CONFIRMED_IDENTITY_EXACT_CORPUS,12130,Nasomatto,Pardon,https://www.fragrantica.com/perfume/Nasomatto/Pardon-12130.html,CONFIRMED_IDENTITY_EXACT_CORPUS,1.0000,1.0000,PASS
148-PARF,1411,Athalia,VERIFIED,EXACT_BRAND_CLEAN_NAME,36539,Parfums de Marly,Athalia,https://www.fragrantica.com/perfume/Parfums-de-Marly/Athalia-36539.html,EXACT_BRAND_CLEAN_NAME,1.0000,1.0000,PASS
149-PARF,1412,CARLISLE (U) - PARFUMS DE MARLY,VERIFIED,EXACT_BRAND_CLEAN_NAME,33514,Parfums de Marly,Carlisle,https://www.fragrantica.com/perfume/Parfums-de-Marly/Carlisle-33514.html,EXACT_BRAND_CLEAN_NAME,1.0000,1.0000,PASS
150-PARF,2122,Cassili,VERIFIED,EXACT_PERFUME_BRAND_TEXT,54660,Parfums de Marly,Cassili,https://www.fragrantica.com/perfume/Parfums-de-Marly/Cassili-54660.html,EXACT_PERFUME_BRAND_TEXT,1.0000,1.0000,PASS
151-PARF,2229,Delina,VERIFIED,EXACT_PERFUME_BRAND_TEXT,43871,Parfums de Marly,Delina,https://www.fragrantica.com/perfume/Parfums-de-Marly/Delina-43871.html,EXACT_PERFUME_BRAND_TEXT,1.0000,1.0000,PASS
152-PARF,2057,Delina Exclusif,VERIFIED,EXACT_PERFUME_BRAND_TEXT,50370,Parfums de Marly,Delina Exclusif,https://www.fragrantica.com/perfume/Parfums-de-Marly/Delina-Exclusif-50370.html,EXACT_PERFUME_BRAND_TEXT,1.0000,1.0000,PASS
153-PARF,,HEROD,VERIFIED,WEB_VERIFIED_FRAGRANTICA,4323,,,https://www.fragrantica.com/perfume/By-Kilian/Straight-to-Heaven-4323.html,WEB_VERIFIED_FRAGRANTICA,1.0000,1.0000,PASS
154-PARF,1786,Layton,VERIFIED,EXACT_PERFUME_BRAND_TEXT,39314,Parfums de Marly,Layton,https://www.fragrantica.com/perfume/Parfums-de-Marly/Layton-39314.html,EXACT_PERFUME_BRAND_TEXT,1.0000,1.0000,PASS
155-PARF,2230,Layton Exclusif,VERIFIED,EXACT_PERFUME_BRAND_TEXT,46633,Parfums de Marly,Layton Exclusif,https://www.fragrantica.com/perfume/Parfums-de-Marly/Layton-Exclusif-46633.html,EXACT_PERFUME_BRAND_TEXT,1.0000,1.0000,PASS
156-PARF,1413,OAJAN (U) - Parfums de Marly,VERIFIED,EXACT_BRAND_CLEAN_NAME,21548,Parfums de Marly,Oajan,https://www.fragrantica.com/perfume/Parfums-de-Marly/Oajan-21548.html,EXACT_BRAND_CLEAN_NAME,1.0000,1.0000,PASS
157-PARF,2120,Pegasus,VERIFIED,EXACT_PERFUME_BRAND_TEXT,16938,Parfums de Marly,Pegasus,https://www.fragrantica.com/perfume/Parfums-de-Marly/Pegasus-16938.html,EXACT_PERFUME_BRAND_TEXT,1.0000,1.0000,PASS
158-PARF,2228,Percival,VERIFIED,EXACT_PERFUME_BRAND_TEXT,51037,Parfums de Marly,Percival,https://www.fragrantica.com/perfume/Parfums-de-Marly/Percival-51037.html,EXACT_PERFUME_BRAND_TEXT,1.0000,1.0000,PASS
159-PARF,2125,Safanad,VERIFIED,EXACT_PERFUME_BRAND_TEXT,18749,Parfums de Marly,Safanad,https://www.fragrantica.com/perfume/Parfums-de-Marly/Safanad-18749.html,EXACT_PERFUME_BRAND_TEXT,1.0000,1.0000,PASS
160-PEN,2094,BEWITCHING YASMINE,VERIFIED,SAFE_TOKEN_SAME_BRAND,46504,Penhaligon s,The Bewitching Yasmine,https://www.fragrantica.com/perfume/Penhaligon-s/The-Bewitching-Yasmine-46504.html,SAFE_TOKEN_SAME_BRAND,0.9560,1.0000,PASS
161-PEN,2233,Cairo,VERIFIED,EXACT_BRAND_CLEAN_NAME,54665,Penhaligon s,Cairo,https://www.fragrantica.com/perfume/Penhaligon-s/Cairo-54665.html,EXACT_BRAND_CLEAN_NAME,1.0000,1.0000,PASS
162-PEN,2092,Endymion Concentre,VERIFIED,EXACT_BRAND_CLEAN_NAME,38352,Penhaligon s,Endymion Concentre,https://www.fragrantica.com/perfume/Penhaligon-s/Endymion-Concentre-38352.html,EXACT_BRAND_CLEAN_NAME,1.0000,1.0000,PASS
163-PEN,2093,Halfeti-eau-de-,VERIFIED,EXACT_BRAND_CLEAN_NAME,31396,Penhaligon s,Halfeti,https://www.fragrantica.com/perfume/Penhaligon-s/Halfeti-31396.html,EXACT_BRAND_CLEAN_NAME,1.0000,1.0000,PASS
164-PEN,2240,Halfeti-leather,VERIFIED,EXACT_BRAND_CLEAN_NAME,61523,Penhaligon s,Halfeti Leather,https://www.fragrantica.com/perfume/Penhaligon-s/Halfeti-Leather-61523.html,EXACT_BRAND_CLEAN_NAME,1.0000,1.0000,PASS
165-PEN,2140,The-tragedy-of-lord-george-eau-de-,VERIFIED,EXACT_BRAND_CLEAN_NAME,40716,Penhaligon s,The Tragedy of Lord George,https://www.fragrantica.com/perfume/Penhaligon-s/The-Tragedy-of-Lord-George-40716.html,EXACT_BRAND_CLEAN_NAME,1.0000,1.0000,PASS
166-AZ,2096,Sequoia Wood Eau de Parfum,VERIFIED,WEB_VERIFIED_FRAGRANTICA,40007,,,https://www.fragrantica.com/perfume/The-Perfumer-s-Story-by-Azzi/Sequoia-Wood-40007.html,WEB_VERIFIED_FRAGRANTICA,1.0000,1.0000,PASS
167-RAS,1414,Daarej pour Homme Eau de Parfum,VERIFIED,WEB_VERIFIED_FRAGRANTICA,19688,Rasasi,Daarej pour Homme,https://www.fragrantica.com/perfume/Rasasi/Daarej-19688.html,WEB_VERIFIED_FRAGRANTICA,1.0000,1.0000,PASS
168-RAS,1415,Daarej for Women Rasasi,VERIFIED,WEB_VERIFIED_FRAGRANTICA,19687,Rasasi,Daarej pour Femme,https://www.fragrantica.com/perfume/Rasasi/Dareej-19687.html,WEB_VERIFIED_FRAGRANTICA,1.0000,1.0000,PASS
169-ROJ,2234,BRITANNIA - ROJA DOVE,VERIFIED,WEB_VERIFIED_FRAGRANTICA,38675,Roja Dove,Britannia,https://www.fragrantica.com/p/38675,WEB_VERIFIED_FRAGRANTICA,1.0000,1.0000,PASS
170-ROJ,2235,ENIGMA WOMAN - ROJA DOVE,VERIFIED,WEB_VERIFIED_FRAGRANTICA,20558,,,https://www.fragrantica.com/perfume/Roja-Dove/Enigma-20558.html,WEB_VERIFIED_FRAGRANTICA,1.0000,1.0000,PASS
171-DUP,2204,Souvenirs De Malles Oud Oriental,VERIFIED,WEB_VERIFIED_FRAGRANTICA,21459,,,https://www.fragrantica.com/perfume/S-T-Dupont/Dupont-Oud-Oriental-21459.html,WEB_VERIFIED_FRAGRANTICA,1.0000,1.0000,PASS
172-SHALM,2084,Moroccan-musk,VERIFIED,WEB_VERIFIED_FRAGRANTICA,47982,,,https://www.fragrantica.com/perfume/Scent-Salim/Moroccan-Musk-47982.html,WEB_VERIFIED_FRAGRANTICA,1.0000,1.0000,PASS
173-SOS,1923,Accento Sospiro,VERIFIED,EXACT_BRAND_CLEAN_NAME,13816,Sospiro Perfumes,Accento,https://www.fragrantica.com/perfume/Sospiro-Perfumes/Accento-13816.html,EXACT_BRAND_CLEAN_NAME,1.0000,1.0000,PASS
174-SOS,2051,Erba Pura,VERIFIED,EXACT_PERFUME_BRAND_TEXT,18652,Sospiro Perfumes,Erba Pura,https://www.fragrantica.com/perfume/Sospiro-Perfumes/Erba-Pura-18652.html,EXACT_PERFUME_BRAND_TEXT,1.0000,1.0000,PASS
175-SHA,1416,Opulent Shaik Classic No. 33 Eau de Parfum,VERIFIED,WEB_VERIFIED_FRAGRANTICA,2776,Shaik,Opulent Shaik Classic No 33,https://www.fragrantica.com/perfume/Shaik/Opulent-Shaik-Classic-No-33-2776.html,WEB_VERIFIED_FRAGRANTICA,1.0000,1.0000,PASS
176-THAM,2236,Peregrina,VERIFIED,WEB_VERIFIED_FRAGRANTICA,59756,Thameen,Peregrina,https://www.fragrantica.com/p/59756,WEB_VERIFIED_FRAGRANTICA,1.0000,1.0000,PASS
177-TER,1880,Kirkè,VERIFIED,EXACT_PERFUME_BRAND_TEXT,32172,Tiziana Terenzi,Kirke,https://www.fragrantica.com/perfume/Tiziana-Terenzi/Kirke-32172.html,EXACT_PERFUME_BRAND_TEXT,1.0000,1.0000,PASS
178-VIL,2127,Mango Skin,VERIFIED,EXACT_PERFUME_BRAND_TEXT,49305,Vilhelm Parfumerie,Mango Skin,https://www.fragrantica.com/perfume/Vilhelm-Parfumerie/Mango-Skin-49305.html,EXACT_PERFUME_BRAND_TEXT,1.0000,1.0000,PASS
179-XER,2118,1861 NAXOS,VERIFIED,SAFE_TOKEN_SAME_BRAND,30529,Xerjoff,XJ 1861 Naxos,https://www.fragrantica.com/perfume/Xerjoff/XJ-1861-Naxos-30529.html,SAFE_TOKEN_SAME_BRAND,0.9560,1.0000,PASS
180-XER,2207,1888,VERIFIED,EXACT_UNIQUE_NAME,104515,Fragrance World,Casamorati 1888,https://www.fragrantica.com/perfume/Fragrance-World/Casamorati-1888-104515.html,EXACT_UNIQUE_NAME,1.0000,1.0000,PASS
181-XER,1816,Alexandria II,VERIFIED,EXACT_BRAND_CLEAN_NAME,17786,Xerjoff,Alexandria II,https://www.fragrantica.com/perfume/Xerjoff/Alexandria-II-17786.html,EXACT_BRAND_CLEAN_NAME,1.0000,1.0000,PASS
182-XER,1418,Comandante,VERIFIED,EXACT_BRAND_CLEAN_NAME,16448,Xerjoff,Comandante,https://www.fragrantica.com/perfume/Xerjoff/Comandante-16448.html,EXACT_BRAND_CLEAN_NAME,1.0000,1.0000,PASS
183-XER,1417,Don,VERIFIED,EXACT_BRAND_CLEAN_NAME,26709,Xerjoff,Don,https://www.fragrantica.com/perfume/Xerjoff/Don-26709.html,EXACT_BRAND_CLEAN_NAME,1.0000,1.0000,PASS
184-YAS,,HUBOOB,NOT_FOUND,NO_CORPUS_CODE_MATCH,,,,,,,0.0000,NOT_MAPPED
185-AL HAR,2111,Red African,NOT_FOUND,NO_CORPUS_CODE_MATCH,,,,,,,0.0000,NOT_MAPPED
186-ARM,1136,AMBRE SOIE,VERIFIED,EXACT_BRAND_CLEAN_NAME,405,Giorgio Armani,Ambre Soie,https://www.fragrantica.com/perfume/Giorgio-Armani/Ambre-Soie-405.html,EXACT_BRAND_CLEAN_NAME,1.0000,1.0000,PASS
187-ARM,1138,BOIS D'ENCENS,VERIFIED,EXACT_BRAND_CLEAN_NAME,406,Giorgio Armani,Bois d Encens,https://www.fragrantica.com/perfume/Giorgio-Armani/Bois-d-Encens-406.html,EXACT_BRAND_CLEAN_NAME,1.0000,1.0000,PASS
188-ARM,1139,CUIR AMETHYSTE,VERIFIED,EXACT_BRAND_CLEAN_NAME,408,Giorgio Armani,Cuir Amethyste,https://www.fragrantica.com/perfume/Giorgio-Armani/Cuir-Amethyste-408.html,EXACT_BRAND_CLEAN_NAME,1.0000,1.0000,PASS
189-ARM,1140,CUIR NOIR,VERIFIED,EXACT_BRAND_CLEAN_NAME,14205,Giorgio Armani,Cuir Noir,https://www.fragrantica.com/perfume/Giorgio-Armani/Cuir-Noir-14205.html,EXACT_BRAND_CLEAN_NAME,1.0000,1.0000,PASS
190-ARM,2731,PIVOINE SUZHOU,VERIFIED,EXACT_BRAND_CLEAN_NAME,29301,Giorgio Armani,Pivoine Suzhou,https://www.fragrantica.com/perfume/Giorgio-Armani/Pivoine-Suzhou-29301.html,EXACT_BRAND_CLEAN_NAME,1.0000,1.0000,PASS
191-ARM,2733,ROSE ALEXANDRIE,VERIFIED,EXACT_BRAND_CLEAN_NAME,2699,Giorgio Armani,Rose Alexandrie,https://www.fragrantica.com/perfume/Giorgio-Armani/Rose-Alexandrie-2699.html,EXACT_BRAND_CLEAN_NAME,1.0000,1.0000,PASS
192-ARM,1137,ROUGE MALACHITE,VERIFIED,SAFE_TOKEN_SAME_BRAND,34589,Giorgio Armani,Armani Prive Rouge Malachite,https://www.fragrantica.com/perfume/Giorgio-Armani/Armani-Prive-Rouge-Malachite-34589.html,SAFE_TOKEN_SAME_BRAND,0.9560,1.0000,PASS
193-ARM,1142,ROYAL OUD,VERIFIED,WEB_VERIFIED_FRAGRANTICA,10884,,,https://www.fragrantica.com/perfume/Giorgio-Armani/Armani-Prive-Oud-Royal-10884.html,WEB_VERIFIED_FRAGRANTICA,1.0000,1.0000,PASS
194-ARM,2732,THE YULONG,VERIFIED,EXACT_BRAND_CLEAN_NAME,58907,Giorgio Armani,The Yulong,https://www.fragrantica.com/perfume/Giorgio-Armani/The-Yulong-58907.html,EXACT_BRAND_CLEAN_NAME,1.0000,1.0000,PASS
195-ARM,1806,Vert Malachite,VERIFIED,SAFE_TOKEN_SAME_BRAND,34588,Giorgio Armani,Armani Prive Vert Malachite,https://www.fragrantica.com/perfume/Giorgio-Armani/Armani-Prive-Vert-Malachite-34588.html,SAFE_TOKEN_SAME_BRAND,0.9560,1.0000,PASS
196-BELLA,4821,1970 Eau de Parfum,VERIFIED,CONFIRMED_ID_IN_CORPUS,26662,Bella Freud,1970,https://www.fragrantica.com/perfume/Bella-Freud/1970-26662.html,CONFIRMED_ID_IN_CORPUS,1.0000,1.0000,PASS
197-BON,2726,Harrods Royal Rose,VERIFIED,EXACT_BRAND_CLEAN_NAME,27420,Bond No 9,Harrods Royal Rose,https://www.fragrantica.com/perfume/Bond-No-9/Harrods-Royal-Rose-27420.html,EXACT_BRAND_CLEAN_NAME,1.0000,1.0000,PASS
198-BON,2727,Harrods Swarovski Limited Edition,VERIFIED,EXACT_BRAND_CLEAN_NAME,7166,Bond No 9,Harrods Swarovski Limited Edition,https://www.fragrantica.com/perfume/Bond-No-9/Harrods-Swarovski-Limited-Edition-7166.html,EXACT_BRAND_CLEAN_NAME,1.0000,1.0000,PASS
199-CARO,4823,Pour Un Homme de Caron,VERIFIED,CONFIRMED_ID_IN_CORPUS,3166,Caron,Pour Un Homme de Caron,https://www.fragrantica.com/perfume/Caron/Pour-Un-Homme-de-Caron-3166.html,CONFIRMED_ID_IN_CORPUS,1.0000,1.0000,PASS
200-CIR,,ERNESTO CHE GUEVARA,NOT_FOUND,NO_FOUND_ID_FOR_CODE,,,,,,,0.0000,NOT_MAPPED
201-CLIV,2720,No-1-for-men,VERIFIED,WEB_VERIFIED_FRAGRANTICA,4648,Clive Christian,No. 1 for Men,https://www.fragrantica.com/p/4648,WEB_VERIFIED_FRAGRANTICA,1.0000,1.0000,PASS
202-CLIV,,No. 1 FOR WOMEN,NOT_FOUND,NO_CORPUS_CODE_MATCH,,,,,,,0.0000,NOT_MAPPED
203-CLIV,2113,X-for-men,VERIFIED,EXACT_PERFUME_BRAND_TEXT,4650,Clive Christian,X For Men,https://www.fragrantica.com/perfume/Clive-Christian/X-For-Men-4650.html,EXACT_PERFUME_BRAND_TEXT,1.0000,1.0000,PASS
204-CRD,1110,Avent,VERIFIED,WEB_VERIFIED_FRAGRANTICA,9828,,,https://www.fragrantica.com/perfume/Creed/Aventus-9828.html,WEB_VERIFIED_FRAGRANTICA,1.0000,1.0000,PASS
205-CRD,1111,aven for her,VERIFIED,SAFE_FUZZY_SAME_BRAND,38497,Creed,Aventus for Her,https://www.fragrantica.com/perfume/Creed/Aventus-for-Her-38497.html,SAFE_FUZZY_SAME_BRAND,0.8889,0.8889,PASS
206-CRD,2736,Bois du Portu,VERIFIED,SAFE_FUZZY_SAME_BRAND,3805,Creed,Bois du Portugal,https://www.fragrantica.com/perfume/Creed/Bois-du-Portugal-3805.html,SAFE_FUZZY_SAME_BRAND,0.8966,1.0000,PASS
207-CRD,1113,HIMALAYIA,VERIFIED,SAFE_FUZZY_SAME_BRAND,465,Creed,Himalaya,https://www.fragrantica.com/perfume/Creed/Himalaya-465.html,SAFE_FUZZY_SAME_BRAND,0.9412,0.9412,PASS
208-CRD,2085,Fantasia De Fleurs,VERIFIED,EXACT_BRAND_CLEAN_NAME,4249,Creed,Fantasia de Fleurs,https://www.fragrantica.com/perfume/Creed/Fantasia-de-Fleurs-4249.html,EXACT_BRAND_CLEAN_NAME,1.0000,1.0000,PASS
209-CRD,2737,Fleurissimo,VERIFIED,EXACT_BRAND_CLEAN_NAME,4250,Creed,Fleurissimo,https://www.fragrantica.com/perfume/Creed/Fleurissimo-4250.html,EXACT_BRAND_CLEAN_NAME,1.0000,1.0000,PASS
210-CRD,1114,Green Irish Tweed,VERIFIED,EXACT_BRAND_CLEAN_NAME,474,Creed,Green Irish Tweed,https://www.fragrantica.com/perfume/Creed/Green-Irish-Tweed-474.html,EXACT_BRAND_CLEAN_NAME,1.0000,1.0000,PASS
211-CRD,1115,Love In White,VERIFIED,EXACT_BRAND_CLEAN_NAME,4262,Creed,Love in White,https://www.fragrantica.com/perfume/Creed/Love-in-White-4262.html,EXACT_BRAND_CLEAN_NAME,1.0000,1.0000,PASS
212-CRD,2738,Royal-mayfair-,VERIFIED,EXACT_BRAND_CLEAN_NAME,31562,Creed,Royal Mayfair,https://www.fragrantica.com/perfume/Creed/Royal-Mayfair-31562.html,EXACT_BRAND_CLEAN_NAME,1.0000,1.0000,PASS
213-CRD,1116,Royal Oud,VERIFIED,EXACT_BRAND_CLEAN_NAME,12317,Creed,Royal Oud,https://www.fragrantica.com/perfume/Creed/Royal-Oud-12317.html,EXACT_BRAND_CLEAN_NAME,1.0000,1.0000,PASS
214-CRD,1117,Original Santal,VERIFIED,EXACT_BRAND_CLEAN_NAME,473,Creed,Original Santal,https://www.fragrantica.com/perfume/Creed/Original-Santal-473.html,EXACT_BRAND_CLEAN_NAME,1.0000,1.0000,PASS
215-CRD,4822,Silver Mountain Water,VERIFIED,CONFIRMED_ID_IN_CORPUS,472,Creed,Silver Mountain Water,https://www.fragrantica.com/perfume/Creed/Silver-Mountain-Water-472.html,CONFIRMED_ID_IN_CORPUS,1.0000,1.0000,PASS
216-CRD,1119,Spring Flower,VERIFIED,EXACT_BRAND_CLEAN_NAME,471,Creed,Spring Flower,https://www.fragrantica.com/perfume/Creed/Spring-Flower-471.html,EXACT_BRAND_CLEAN_NAME,1.0000,1.0000,PASS
217-CRD,1120,the notes of SUBLIME VANILLE,VERIFIED,EXACT_BRAND_CLEAN_NAME,7024,Creed,Sublime Vanille,https://www.fragrantica.com/perfume/Creed/Sublime-Vanille-7024.html,EXACT_BRAND_CLEAN_NAME,1.0000,1.0000,PASS
218-CRD,1121,VETIVER,VERIFIED,EXACT_BRAND_CLEAN_NAME,7515,Creed,Vetiver,https://www.fragrantica.com/perfume/Creed/Vetiver-7515.html,EXACT_BRAND_CLEAN_NAME,1.0000,1.0000,PASS
219-CRD,1122,Viking Eau de Parfum,VERIFIED,EXACT_BRAND_CLEAN_NAME,41698,Creed,Viking,https://www.fragrantica.com/perfume/Creed/Viking-41698.html,EXACT_BRAND_CLEAN_NAME,1.0000,1.0000,PASS
220-CRD,1123,Virgin Island Water,VERIFIED,EXACT_BRAND_CLEAN_NAME,111515,Creed,Virgin Island Water,https://www.fragrantica.com/perfume/Creed/Virgin-Island-Water-111515.html,EXACT_BRAND_CLEAN_NAME,1.0000,1.0000,PASS
221-DIP,1124,34 BOULEVARD SAINT GERMAIN 2011,VERIFIED,SAFE_TOKEN_SAME_BRAND,12208,Diptyque,34 Boulevard Saint Germain,https://www.fragrantica.com/perfume/Diptyque/34-Boulevard-Saint-Germain-12208.html,SAFE_TOKEN_SAME_BRAND,0.9760,1.0000,PASS
222-DIP,1125,AMBRE,NOT_FOUND,NO_FOUND_ID_FOR_CODE,,,,,EXACT_NAME_MULTIPLE_CANDIDATES,,0.0000,NOT_MAPPED
223-DIP,1126,BAIES,NOT_FOUND,NO_FOUND_ID_FOR_CODE,,,,,,,0.0000,NOT_MAPPED
224-DIP,1127,Do Son,VERIFIED,EXACT_BRAND_CLEAN_NAME,6501,Diptyque,Do Son Eau de Toilette,https://www.fragrantica.com/perfume/Diptyque/Do-Son-Eau-de-Toilette-6501.html,EXACT_BRAND_CLEAN_NAME,1.0000,1.0000,PASS
225-DIP,1128,EL EAU DES SENS,VERIFIED,WEB_VERIFIED_FRAGRANTICA,35678,,,https://www.fragrantica.com/perfume/Diptyque/Eau-des-Sens-Eau-de-Toilette-35678.html,WEB_VERIFIED_FRAGRANTICA,1.0000,1.0000,PASS
226-DIP,1129,Eau Lente,VERIFIED,SAFE_CONCENTRATION_EQUIVALENT,3829,Diptyque,Eau Lente Eau de Toilette,https://www.fragrantica.com/perfume/Diptyque/Eau-Lente-Eau-de-Toilette-3829.html,SAFE_CONCENTRATION_EQUIVALENT,0.9950,1.0000,PASS
227-DIP,1130,FEU DE BOIS / WOOD FIRE,NOT_FOUND,NO_FOUND_ID_FOR_CODE,,,,,,,0.0000,NOT_MAPPED
228-DIP,1131,FEUILLE DE LAVANDE,NOT_FOUND,NO_FOUND_ID_FOR_CODE,,,,,,,0.0000,NOT_MAPPED
229-DIP,1132,Philosykos,VERIFIED,EXACT_BRAND_CLEAN_NAME,3865,Diptyque,Philosykos Eau de Parfum,https://www.fragrantica.com/perfume/Diptyque/Philosykos-Eau-de-Parfum-3865.html,EXACT_BRAND_CLEAN_NAME,1.0000,1.0000,PASS
230-DIP,1133,OPOPANAX,NOT_FOUND,NO_FOUND_ID_FOR_CODE,,,,,,,0.0000,NOT_MAPPED
231-DIP,2050,Oud Palao,VERIFIED,SAFE_CONCENTRATION_EQUIVALENT,31738,Diptyque,Oud Palao Eau de Parfum,https://www.fragrantica.com/perfume/Diptyque/Oud-Palao-Eau-de-Parfum-31738.html,SAFE_CONCENTRATION_EQUIVALENT,0.9950,1.0000,PASS
232-ESCE,1134,Escentric 01,VERIFIED,WEB_VERIFIED_FRAGRANTICA,846,Escentric Molecules,Escentric 01,https://www.fragrantica.com/perfume/Escentric-Molecules/Escentric-01-846.html,WEB_VERIFIED_FRAGRANTICA,1.0000,1.0000,PASS
233-ESCE,1839,Molecule 02,VERIFIED,WEB_VERIFIED_FRAGRANTICA,3606,,,https://www.fragrantica.com/perfume/Escentric-Molecules/Molecule-02-3606.html,WEB_VERIFIED_FRAGRANTICA,1.0000,1.0000,PASS
234-ESCE,1135,Escentric 04,VERIFIED,WEB_VERIFIED_FRAGRANTICA,42995,Escentric Molecules,Escentric 04,https://www.fragrantica.com/perfume/Escentric-Molecules/Escentric-04-42995.html,WEB_VERIFIED_FRAGRANTICA,1.0000,1.0000,PASS
235-HOLL,,SOCAL,VERIFIED,WEB_VERIFIED_FRAGRANTICA,4307,,,https://www.fragrantica.com/perfume/Hollister/Socal-4307.html,WEB_VERIFIED_FRAGRANTICA,1.0000,1.0000,PASS
236-IND,,ZUM FRANKINCENSE & MYRRH,VERIFIED,WEB_VERIFIED_FRAGRANTICA,42046,,,https://www.fragrantica.com/perfume/Indigo-Wild/Zum-Mist-Frankincense-Myrrh-42046.html,WEB_VERIFIED_FRAGRANTICA,1.0000,1.0000,PASS
237-JOM,1145,A Shot Of Thai Over Mango - Jo Malone,VERIFIED,WEB_VERIFIED_FRAGRANTICA,16436,,,https://www.fragrantica.com/perfume/Jo-Loves/Mango-Thai-Lime-16436.html,WEB_VERIFIED_FRAGRANTICA,1.0000,1.0000,PASS
238-JOM,1146,A Shot Of Oud Over Mango - Jo Malone,VERIFIED,WEB_VERIFIED_FRAGRANTICA,16434,,,https://www.fragrantica.com/perfume/Jo-Loves/A-Shot-Of-Oud-Over-Mango-16434.html,WEB_VERIFIED_FRAGRANTICA,1.0000,1.0000,PASS
239-JOM,1147,Amber  Lavender,VERIFIED,SAFE_TOKEN_SAME_BRAND,5582,Jo Malone London,Amber Lavender,https://www.fragrantica.com/perfume/Jo-Malone-London/Amber-Lavender-5582.html,SAFE_TOKEN_SAME_BRAND,0.9440,1.0000,PASS
240-JOM,1148,Amber & Patchouli - Jo Malone,VERIFIED,WEB_VERIFIED_FRAGRANTICA,12927,,,https://www.fragrantica.com/perfume/Jo-Malone-London/Amber-Patchouli-12927.html,WEB_VERIFIED_FRAGRANTICA,1.0000,1.0000,PASS
241-JOM,1149,Basil  Neroli,VERIFIED,SAFE_TOKEN_SAME_BRAND,40419,Jo Malone London,Basil Neroli,https://www.fragrantica.com/perfume/Jo-Malone-London/Basil-Neroli-40419.html,SAFE_TOKEN_SAME_BRAND,0.9440,1.0000,PASS
242-JOM,1150,Blackberry  Bay,VERIFIED,SAFE_TOKEN_SAME_BRAND,15134,Jo Malone London,Blackberry Bay,https://www.fragrantica.com/perfume/Jo-Malone-London/Blackberry-Bay-15134.html,SAFE_TOKEN_SAME_BRAND,0.9440,1.0000,PASS
243-JOM,1151,Black Cedarwood  Juniper,VERIFIED,WEB_VERIFIED_FRAGRANTICA,22504,Jo Malone London,London Rain Black Cedarwood & Juniper,https://www.fragrantica.com/perfume/Jo-Malone/Black-Cedarwood-Juniper-22504.html,WEB_VERIFIED_FRAGRANTICA,1.0000,1.0000,PASS
244-JOM,1152,Black Vetyver Cafe,VERIFIED,EXACT_BRAND_CLEAN_NAME,8278,Jo Malone London,Black Vetyver Cafe,https://www.fragrantica.com/perfume/Jo-Malone-London/Black-Vetyver-Cafe-8278.html,EXACT_BRAND_CLEAN_NAME,1.0000,1.0000,PASS
245-JOM,1153,Blue-agava-amp-cacao,VERIFIED,SAFE_TOKEN_SAME_BRAND,2280,Jo Malone London,Blue Agava Cacao,https://www.fragrantica.com/perfume/Jo-Malone-London/Blue-Agava-Cacao-2280.html,SAFE_TOKEN_SAME_BRAND,0.9440,0.8889,PASS
246-JOM,2208,Bronze Wood & Leather by Jo Malone London,VERIFIED,SAFE_TOKEN_SAME_BRAND,52803,Jo Malone London,Bronze Wood Leather,https://www.fragrantica.com/perfume/Jo-Malone-London/Bronze-Wood-Leather-52803.html,SAFE_TOKEN_SAME_BRAND,0.9440,0.6129,REVIEW
247-JOM,1154,The Herb Garden  Carrot Blossom  Fennel,VERIFIED,WEB_VERIFIED_FRAGRANTICA,35881,,,https://www.fragrantica.com/perfume/Jo-Malone-London/Carrot-Blossom-Fennel-35881.html,WEB_VERIFIED_FRAGRANTICA,1.0000,1.0000,PASS
248-JOM,1155,Dark Amber And Ginger Lily,VERIFIED,SAFE_TOKEN_SAME_BRAND,3783,Jo Malone London,Dark Amber Ginger Lily,https://www.fragrantica.com/perfume/Jo-Malone-London/Dark-Amber-Ginger-Lily-3783.html,SAFE_TOKEN_SAME_BRAND,0.9440,0.9167,PASS
249-JOM,1156,Earl Grey  Cucumber,VERIFIED,WEB_VERIFIED_FRAGRANTICA,11488,,,https://www.fragrantica.com/perfume/Jo-Malone-London/Earl-Grey-Cucumber-11488.html,WEB_VERIFIED_FRAGRANTICA,1.0000,1.0000,PASS
250-JOM,1157,English Oak  Hazelnut,VERIFIED,SAFE_TOKEN_SAME_BRAND,46187,Jo Malone London,English Oak Hazelnut,https://www.fragrantica.com/perfume/Jo-Malone-London/English-Oak-Hazelnut-46187.html,SAFE_TOKEN_SAME_BRAND,0.9440,1.0000,PASS
251-JOM,1158,English-pear-freesia-,VERIFIED,SAFE_TOKEN_SAME_BRAND,10314,Jo Malone London,English Pear Freesia,https://www.fragrantica.com/perfume/Jo-Malone-London/English-Pear-Freesia-10314.html,SAFE_TOKEN_SAME_BRAND,0.9440,1.0000,PASS
252-JOM,1888,Frangipani Flower,VERIFIED,EXACT_BRAND_CLEAN_NAME,54458,Jo Malone London,Frangipani Flower Cologne,https://www.fragrantica.com/perfume/Jo-Malone-London/Frangipani-Flower-Cologne-54458.html,EXACT_BRAND_CLEAN_NAME,1.0000,1.0000,PASS
253-JOM,1159,French Lime Blossom,VERIFIED,EXACT_BRAND_CLEAN_NAME,5580,Jo Malone London,French Lime Blossom,https://www.fragrantica.com/perfume/Jo-Malone-London/French-Lime-Blossom-5580.html,EXACT_BRAND_CLEAN_NAME,1.0000,1.0000,PASS
254-JOM,1160,GARDENIA - JO MALONE,VERIFIED,WEB_VERIFIED_FRAGRANTICA,13829,,,https://www.fragrantica.com/perfume/Jo-Loves/Gardenia-13829.html,WEB_VERIFIED_FRAGRANTICA,1.0000,1.0000,PASS
255-JOM,1161,Rare Teas  Golden Needle Tea,VERIFIED,EXACT_BRAND_CLEAN_NAME,36752,Jo Malone London,Golden Needle Tea,https://www.fragrantica.com/perfume/Jo-Malone-London/Golden-Needle-Tea-36752.html,EXACT_BRAND_CLEAN_NAME,1.0000,1.0000,PASS
256-JOM,1162,Grapefruit,VERIFIED,EXACT_BRAND_CLEAN_NAME,5584,Jo Malone London,Grapefruit,https://www.fragrantica.com/perfume/Jo-Malone-London/Grapefruit-5584.html,EXACT_BRAND_CLEAN_NAME,1.0000,1.0000,PASS
257-JOM,1163,GREEN ORANGE & CORIANDER - JO MALONE,VERIFIED,WEB_VERIFIED_FRAGRANTICA,13827,,,https://www.fragrantica.com/perfume/Jo-Loves/Green-Orange-Coriander-13827.html,WEB_VERIFIED_FRAGRANTICA,1.0000,1.0000,PASS
258-JOM,1164,GREEN TOMATO LEAF - JO MALONE,NOT_FOUND,NO_FOUND_ID_FOR_CODE,,,,,,,0.0000,NOT_MAPPED
259-JOM,1165,Honeysuckle  Jasmine,VERIFIED,SAFE_TOKEN_SAME_BRAND,9554,Jo Malone London,Honeysuckle Jasmine,https://www.fragrantica.com/perfume/Jo-Malone-London/Honeysuckle-Jasmine-9554.html,SAFE_TOKEN_SAME_BRAND,0.9440,1.0000,PASS
260-JOM,1166,Incense  Cedrat,VERIFIED,EXACT_BRAND_CLEAN_NAME,29737,Jo Malone London,Incense Cedrat,https://www.fragrantica.com/perfume/Jo-Malone-London/Incense-Cedrat-29737.html,EXACT_BRAND_CLEAN_NAME,1.0000,1.0000,PASS
261-JOM,1167,INCENSE & EMBERS - JO MALONE,NOT_FOUND,NO_FOUND_ID_FOR_CODE,,,,,,,0.0000,NOT_MAPPED
262-JOM,1168,Iris And Lady Moore,VERIFIED,SAFE_TOKEN_SAME_BRAND,14136,Jo Malone London,Iris Lady Moore,https://www.fragrantica.com/perfume/Jo-Malone-London/Iris-Lady-Moore-14136.html,SAFE_TOKEN_SAME_BRAND,0.9440,0.8824,PASS
263-JOM,1169,Rare Teas  Jade Leaf Tea,VERIFIED,EXACT_BRAND_CLEAN_NAME,36751,Jo Malone London,Jade Leaf Tea,https://www.fragrantica.com/perfume/Jo-Malone-London/Jade-Leaf-Tea-36751.html,EXACT_BRAND_CLEAN_NAME,1.0000,1.0000,PASS
264-JOM,1170,Lime Basil  Mandarin,VERIFIED,SAFE_TOKEN_SAME_BRAND,5585,Jo Malone London,Lime Basil Mandarin,https://www.fragrantica.com/perfume/Jo-Malone-London/Lime-Basil-Mandarin-5585.html,SAFE_TOKEN_SAME_BRAND,0.9440,1.0000,PASS
265-JOM,1908,Lotus Blossom  Water Lily,VERIFIED,SAFE_TOKEN_SAME_BRAND,3784,Jo Malone London,Lotus Blossom Water Lily,https://www.fragrantica.com/perfume/Jo-Malone-London/Lotus-Blossom-Water-Lily-3784.html,SAFE_TOKEN_SAME_BRAND,0.9440,1.0000,PASS
266-JOM,1171,Rare Teas  Midnight Black Tea,VERIFIED,EXACT_BRAND_CLEAN_NAME,36750,Jo Malone London,Midnight Black Tea,https://www.fragrantica.com/perfume/Jo-Malone-London/Midnight-Black-Tea-36750.html,EXACT_BRAND_CLEAN_NAME,1.0000,1.0000,PASS
267-JOM,1172,MIMOSA & CARDAMON - JO MALONE,VERIFIED,WEB_VERIFIED_FRAGRANTICA,31825,Jo Malone London,Mimosa & Cardamom,https://www.fragrantica.com/perfume/Jo-Malone-London/Mimosa-Cardamom-31825.html,WEB_VERIFIED_FRAGRANTICA,1.0000,1.0000,PASS
268-JOM,1173,MYRRH & TONKA - JO MALONE,VERIFIED,SAFE_TOKEN_SAME_BRAND,42027,Jo Malone London,Myrrh Tonka,https://www.fragrantica.com/perfume/Jo-Malone-London/Myrrh-Tonka-42027.html,SAFE_TOKEN_SAME_BRAND,0.9440,0.6111,REVIEW
269-JOM,1907,Nashi Blossom,VERIFIED,WEB_VERIFIED_FRAGRANTICA,37551,,,https://www.fragrantica.com/perfume/Jo-Malone-London/Nashi-Blossom-37551.html,WEB_VERIFIED_FRAGRANTICA,1.0000,1.0000,PASS
270-JOM,1174,The Herb Garden  Nasturtium  Clover,VERIFIED,SAFE_TOKEN_SAME_BRAND,35880,Jo Malone London,Nasturtium Clover,https://www.fragrantica.com/perfume/Jo-Malone-London/Nasturtium-Clover-35880.html,SAFE_TOKEN_SAME_BRAND,0.9440,1.0000,PASS
271-JOM,1833,Nectarine Blossom & Honey Cologne,VERIFIED,SAFE_TOKEN_SAME_BRAND,3782,Jo Malone London,Nectarine Blossom Honey,https://www.fragrantica.com/perfume/Jo-Malone-London/Nectarine-Blossom-Honey-3782.html,SAFE_TOKEN_SAME_BRAND,0.9440,0.7931,PASS
272-JOM,1175,Nutmeg  Ginger,VERIFIED,SAFE_TOKEN_SAME_BRAND,2290,Jo Malone London,Nutmeg Ginger,https://www.fragrantica.com/perfume/Jo-Malone-London/Nutmeg-Ginger-2290.html,SAFE_TOKEN_SAME_BRAND,0.9440,1.0000,PASS
273-JOM,1176,Rare Teas  Oolong Tea,VERIFIED,EXACT_BRAND_CLEAN_NAME,36749,Jo Malone London,Oolong Tea,https://www.fragrantica.com/perfume/Jo-Malone-London/Oolong-Tea-36749.html,EXACT_BRAND_CLEAN_NAME,1.0000,1.0000,PASS
274-JOM,1177,Orange Blossom,VERIFIED,EXACT_BRAND_CLEAN_NAME,2279,Jo Malone London,Orange Blossom,https://www.fragrantica.com/perfume/Jo-Malone-London/Orange-Blossom-2279.html,EXACT_BRAND_CLEAN_NAME,1.0000,1.0000,PASS
275-JOM,1178,Orris  Sandalwood Limited Edition,VERIFIED,SAFE_TOKEN_SAME_BRAND,39183,Jo Malone London,Orris Sandalwood Limited Edition,https://www.fragrantica.com/perfume/Jo-Malone-London/Orris-Sandalwood-Limited-Edition-39183.html,SAFE_TOKEN_SAME_BRAND,0.9440,1.0000,PASS
276-JOM,2087,Oud & Bergamot by Jo Malone London,VERIFIED,SAFE_TOKEN_SAME_BRAND,12928,Jo Malone London,Oud Bergamot,https://www.fragrantica.com/perfume/Jo-Malone-London/Oud-Bergamot-12928.html,SAFE_TOKEN_SAME_BRAND,0.9440,0.5000,REVIEW
277-JOM,1179,Peony  Blush Suede Cologne,VERIFIED,SAFE_TOKEN_SAME_BRAND,18767,Jo Malone London,Peony Blush Suede,https://www.fragrantica.com/perfume/Jo-Malone-London/Peony-Blush-Suede-18767.html,SAFE_TOKEN_SAME_BRAND,0.9440,1.0000,PASS
278-JOM,1180,Peony And Moss,VERIFIED,SAFE_TOKEN_SAME_BRAND,14135,Jo Malone London,Peony Moss,https://www.fragrantica.com/perfume/Jo-Malone-London/Peony-Moss-14135.html,SAFE_TOKEN_SAME_BRAND,0.9440,0.8333,PASS
279-JOM,1181,PINK VETIVER - JO MALONE,VERIFIED,WEB_VERIFIED_FRAGRANTICA,16433,,,https://www.fragrantica.com/perfume/Jo-Loves/Pink-Vetiver-16433.html,WEB_VERIFIED_FRAGRANTICA,1.0000,1.0000,PASS
280-JOM,1182,Plum Blossom,VERIFIED,EXACT_BRAND_CLEAN_NAME,15005,Jo Malone London,Plum Blossom,https://www.fragrantica.com/perfume/Jo-Malone-London/Plum-Blossom-15005.html,EXACT_BRAND_CLEAN_NAME,1.0000,1.0000,PASS
281-JOM,1183,Pomegranate Noir,VERIFIED,EXACT_BRAND_CLEAN_NAME,5581,Jo Malone London,Pomegranate Noir,https://www.fragrantica.com/perfume/Jo-Malone-London/Pomegranate-Noir-5581.html,EXACT_BRAND_CLEAN_NAME,1.0000,1.0000,PASS
282-JOM,1184,POMELO - JO MALONE,VERIFIED,WEB_VERIFIED_FRAGRANTICA,13826,,,https://www.fragrantica.com/perfume/Jo-Loves/Pomelo-13826.html,WEB_VERIFIED_FRAGRANTICA,1.0000,1.0000,PASS
283-JOM,2059,English Fields  Poppy  Barley,VERIFIED,WEB_VERIFIED_FRAGRANTICA,48316,Jo Malone London,Poppy & Barley,https://www.fragrantica.com/perfume/Jo-Malone-London/Poppy-Barley-48316.html,WEB_VERIFIED_FRAGRANTICA,1.0000,1.0000,PASS
284-JOM,1185,Red Roses,VERIFIED,EXACT_BRAND_CLEAN_NAME,5484,Jo Malone London,Red Roses,https://www.fragrantica.com/perfume/Jo-Malone-London/Red-Roses-5484.html,EXACT_BRAND_CLEAN_NAME,1.0000,1.0000,PASS
285-JOM,1186,Saffron,VERIFIED,EXACT_BRAND_CLEAN_NAME,18546,Jo Malone London,Saffron,https://www.fragrantica.com/perfume/Jo-Malone-London/Saffron-18546.html,EXACT_BRAND_CLEAN_NAME,1.0000,1.0000,PASS
286-JOM,1187,SHARDS OF CEDAR & RED THYME - JO MALONE,VERIFIED,WEB_VERIFIED_FRAGRANTICA,37578,,,https://www.fragrantica.com/perfume/Jo-Loves/Shards-of-Cedar-Red-Thyme-37578.html,WEB_VERIFIED_FRAGRANTICA,1.0000,1.0000,PASS
287-JOM,1188,Silk Blossom,VERIFIED,WEB_VERIFIED_FRAGRANTICA,24717,,,https://www.fragrantica.com/perfume/Jo-Malone/Silk-Blossom-24717.html,WEB_VERIFIED_FRAGRANTICA,1.0000,1.0000,PASS
288-JOM,1189,The Herb Garden  Sorrel  Lemon Thyme,VERIFIED,SAFE_TOKEN_SAME_BRAND,35878,Jo Malone London,Sorrel Lemon Thyme,https://www.fragrantica.com/perfume/Jo-Malone-London/Sorrel-Lemon-Thyme-35878.html,SAFE_TOKEN_SAME_BRAND,0.9440,1.0000,PASS
289-JOM,1190,SWEET ALMON & MACARRON - JO MALONE,NOT_FOUND,NO_FOUND_ID_FOR_CODE,,,,,,,0.0000,NOT_MAPPED
290-JOM,1191,Sweet Lime  Cedar,VERIFIED,SAFE_TOKEN_SAME_BRAND,5031,Jo Malone London,Sweet Lime Cedar,https://www.fragrantica.com/perfume/Jo-Malone-London/Sweet-Lime-Cedar-5031.html,SAFE_TOKEN_SAME_BRAND,0.9440,1.0000,PASS
291-JOM,2100,Tuberose Angelica by Jo Malone London,VERIFIED,EXACT_BRAND_CLEAN_NAME,25069,Jo Malone London,Tuberose Angelica,https://www.fragrantica.com/perfume/Jo-Malone-London/Tuberose-Angelica-25069.html,EXACT_BRAND_CLEAN_NAME,1.0000,1.0000,PASS
292-JOM,1192,Vanilla-amp-anise,VERIFIED,SAFE_TOKEN_SAME_BRAND,6459,Jo Malone London,Vanilla Anise,https://www.fragrantica.com/perfume/Jo-Malone-London/Vanilla-Anise-6459.html,SAFE_TOKEN_SAME_BRAND,0.9440,0.8667,PASS
293-JOM,1193,VELVET ROSE OUD - JO MALONE,VERIFIED,SAFE_TOKEN_SAME_BRAND,15286,Jo Malone London,Velvet Rose Oud,https://www.fragrantica.com/perfume/Jo-Malone-London/Velvet-Rose-Oud-15286.html,SAFE_TOKEN_SAME_BRAND,0.9760,1.0000,PASS
294-JOM,1194,VERBENAS OF PROVENCE - JO MALONE,VERIFIED,SAFE_TOKEN_SAME_BRAND,8922,Jo Malone London,Verbenas of Provence,https://www.fragrantica.com/perfume/Jo-Malone-London/Verbenas-of-Provence-8922.html,SAFE_TOKEN_SAME_BRAND,0.9760,1.0000,PASS
295-JOM,1195,VETYVER - JO MALONE,VERIFIED,WEB_VERIFIED_FRAGRANTICA,2291,Jo Malone London,Vetyver,https://www.fragrantica.com/perfume/Jo-Malone-London/Vetyver-2291.html,WEB_VERIFIED_FRAGRANTICA,1.0000,1.0000,PASS
296-JOM,2086,Vetiver-amp-golden-vanilla,VERIFIED,SAFE_TOKEN_SAME_BRAND,58393,Jo Malone London,Vetiver Golden Vanilla,https://www.fragrantica.com/perfume/Jo-Malone-London/Vetiver-Golden-Vanilla-58393.html,SAFE_TOKEN_SAME_BRAND,0.9440,0.9167,PASS
297-JOM,1196,VINTAGE GARDENIA - JO MALONE,VERIFIED,SAFE_TOKEN_SAME_BRAND,2289,Jo Malone London,Vintage Gardenia,https://www.fragrantica.com/perfume/Jo-Malone-London/Vintage-Gardenia-2289.html,SAFE_TOKEN_SAME_BRAND,0.9560,1.0000,PASS
298-JOM,1197,White-jasmine-amp-mint,VERIFIED,SAFE_TOKEN_SAME_BRAND,2278,Jo Malone London,White Jasmine Mint,https://www.fragrantica.com/perfume/Jo-Malone-London/White-Jasmine-Mint-2278.html,SAFE_TOKEN_SAME_BRAND,0.9440,0.9000,PASS
299-JOM,1198,WHITE LILAC & RHUBARB - JO MALONE,VERIFIED,SAFE_TOKEN_SAME_BRAND,14134,Jo Malone London,White Lilac Rhubarb,https://www.fragrantica.com/perfume/Jo-Malone-London/White-Lilac-Rhubarb-14134.html,SAFE_TOKEN_SAME_BRAND,0.9440,0.7308,REVIEW
300-JOM,1199,WILD BLUEBELL - JO MALONE Type,VERIFIED,SAFE_TOKEN_SAME_BRAND,12310,Jo Malone London,Wild Bluebell,https://www.fragrantica.com/perfume/Jo-Malone-London/Wild-Bluebell-12310.html,SAFE_TOKEN_SAME_BRAND,0.9560,1.0000,PASS
301-JOM,1200,Wild Fig & Cassis Jo Malone,VERIFIED,WEB_VERIFIED_FRAGRANTICA,4579,Jo Malone London,Wild Fig & Cassis,https://www.fragrantica.com/perfume/Jo-Malone-London/Wild-Fig-Cassis-4579.html,WEB_VERIFIED_FRAGRANTICA,1.0000,1.0000,PASS
302-JOM,1201,WISTERIA VIOLET - JO MALONE,VERIFIED,SAFE_TOKEN_SAME_BRAND,22503,Jo Malone London,London Rain Wisteria Violet,https://www.fragrantica.com/perfume/Jo-Malone-London/London-Rain-Wisteria-Violet-22503.html,SAFE_TOKEN_SAME_BRAND,0.9560,0.5769,REVIEW
303-JOM,1202,Wood Sage  Sea Salt,VERIFIED,SAFE_TOKEN_SAME_BRAND,25529,Jo Malone London,Wood Sage Sea Salt,https://www.fragrantica.com/perfume/Jo-Malone-London/Wood-Sage-Sea-Salt-25529.html,SAFE_TOKEN_SAME_BRAND,0.9440,1.0000,PASS
304-KIE,,ORIGINAL MUSK,VERIFIED,WEB_VERIFIED_FRAGRANTICA,6188,,,https://www.fragrantica.com/perfume/Kiehl-s/Original-Musk-6188.html,WEB_VERIFIED_FRAGRANTICA,1.0000,1.0000,PASS
305-KAY,1879,Vanilla-28-eau-de-,VERIFIED,EXACT_PERFUME_BRAND_TEXT,52616,Kayali Fragrances,Vanilla 28,https://www.fragrantica.com/perfume/Kayali-Fragrances/Vanilla-28-52616.html,EXACT_PERFUME_BRAND_TEXT,1.0000,1.0000,PASS
306-LAN,2114,OUD BOUQUET (U),VERIFIED,CONFIRMED_IDENTITY_SAFE_FUZZY_CORPUS,39739,Lancome,Oud Bouquet,https://www.fragrantica.com/perfume/Lancome/Oud-Bouquet-39739.html,CONFIRMED_IDENTITY_SAFE_FUZZY_CORPUS,0.9167,1.0000,PASS
307-LOC,1204,PEONY - L' OCCITANE,VERIFIED,WEB_VERIFIED_FRAGRANTICA,8458,,,https://www.fragrantica.com/perfume/L-Occitane-en-Provence/Peony-8458.html,WEB_VERIFIED_FRAGRANTICA,1.0000,1.0000,PASS
308-LOC,1205,CITRUS VERBENA - L' OCCITANE,VERIFIED,WEB_VERIFIED_FRAGRANTICA,2224,,,https://www.fragrantica.com/perfume/-2224.html,WEB_VERIFIED_FRAGRANTICA,1.0000,1.0000,PASS
309-LOC,1206,MAGNOLIA & MURE - L' OCCITANE,VERIFIED,WEB_VERIFIED_FRAGRANTICA,17836,,,https://www.fragrantica.com/perfume/L-Occitane/Magnolia-Mure-17836.html,WEB_VERIFIED_FRAGRANTICA,1.0000,1.0000,PASS
310-MIL,,FEUILLES DE TABAC,NOT_FOUND,NO_CORPUS_CODE_MATCH,,,,,,,0.0000,NOT_MAPPED
311-MOL,1208,amber cocoon-mol,NOT_FOUND,NO_FOUND_ID_FOR_CODE,,,,,,,0.0000,NOT_MAPPED
312-MOL,1209,black pepper-molΞυλώδες Πικάντικο,VERIFIED,WEB_VERIFIED_FRAGRANTICA,951,,,https://www.fragrantica.com/perfume/Molton-Brown/Black-Pepper-951.html,WEB_VERIFIED_FRAGRANTICA,1.0000,1.0000,PASS
313-MOL,1210,thai vert-mol,NOT_FOUND,NO_FOUND_ID_FOR_CODE,,,,,,,0.0000,NOT_MAPPED
314-MOL,1904,ZIAO JAO - MOLTON BROWN,NOT_FOUND,NO_FOUND_ID_FOR_CODE,,,,,,,0.0000,NOT_MAPPED
315-MNT,1212,Aoud Orange,VERIFIED,SAFE_TOKEN_SAME_BRAND,23365,Montale,Orange Aoud,https://www.fragrantica.com/perfume/Montale/Orange-Aoud-23365.html,SAFE_TOKEN_SAME_BRAND,0.9860,0.7727,REVIEW
316-MNT,1213,AOUD VELVET Fragrance,VERIFIED,WEB_VERIFIED_FRAGRANTICA,3786,Montale,Aoud Velvet,https://www.fragrantica.com/perfume/Montale/Aoud-Velvet-3786.html,WEB_VERIFIED_FRAGRANTICA,1.0000,1.0000,PASS
317-MNT,2741,Black Aoud,VERIFIED,EXACT_PERFUME_BRAND_TEXT,1142,Montale,Black Aoud,https://www.fragrantica.com/perfume/Montale/Black-Aoud-1142.html,EXACT_PERFUME_BRAND_TEXT,1.0000,1.0000,PASS
318-MNT,1909,Chocolate Greedy,VERIFIED,CONFIRMED_IDENTITY_EXACT_CORPUS,2186,Montale,Chocolate Greedy,https://www.fragrantica.com/perfume/Montale/Chocolate-Greedy-2186.html,CONFIRMED_IDENTITY_EXACT_CORPUS,1.0000,1.0000,PASS
319-MNT,1214,The New Rose,VERIFIED,EXACT_PERFUME_BRAND_TEXT,40906,Montale,The New Rose,https://www.fragrantica.com/perfume/Montale/The-New-Rose-40906.html,EXACT_PERFUME_BRAND_TEXT,1.0000,1.0000,PASS
320-NAS,2684,Baraonda Nasomatto,VERIFIED,EXACT_PERFUME_BRAND_TEXT,40200,Nasomatto,Baraonda,https://www.fragrantica.com/perfume/Nasomatto/Baraonda-40200.html,EXACT_PERFUME_BRAND_TEXT,1.0000,1.0000,PASS
321-NAS,1216,Black Afgano,VERIFIED,EXACT_PERFUME_BRAND_TEXT,6472,Nasomatto,Black Afgano,https://www.fragrantica.com/perfume/Nasomatto/Black-Afgano-6472.html,EXACT_PERFUME_BRAND_TEXT,1.0000,1.0000,PASS
322-NAS,2725,BLAMAGE - NASOMATTO,VERIFIED,EXACT_PERFUME_BRAND_TEXT,25575,Nasomatto,Blamage,https://www.fragrantica.com/perfume/Nasomatto/Blamage-25575.html,EXACT_PERFUME_BRAND_TEXT,1.0000,1.0000,PASS
323-NAS,2326,Duro,VERIFIED,CONFIRMED_IDENTITY_EXACT_CORPUS,4291,Nasomatto,Duro,https://www.fragrantica.com/perfume/Nasomatto/Duro-4291.html,CONFIRMED_IDENTITY_EXACT_CORPUS,1.0000,1.0000,PASS
324-PARFD,1219,Bois De Paradis,VERIFIED,EXACT_PERFUME_BRAND_TEXT,2662,Parfums DelRae,Bois de Paradis,https://www.fragrantica.com/perfume/Parfums-DelRae/Bois-de-Paradis-2662.html,EXACT_PERFUME_BRAND_TEXT,1.0000,1.0000,PASS
325-PECK,1220,BLACK OAK & CEDAR - PECKSNIFF'S,VERIFIED,WEB_VERIFIED_FRAGRANTICA,31590,,,https://www.fragrantica.com/perfume/Pecksniff-s/Black-Oak-Cedar-31590.html,WEB_VERIFIED_FRAGRANTICA,1.0000,1.0000,PASS
326-PECK,1221,CALM - PECKSNIFF'S,NOT_FOUND,NO_FOUND_ID_FOR_CODE,,,,,,,0.0000,NOT_MAPPED
327-PECK,1222,MISTRAAL - PECKSNIFF'S Perfumes,VERIFIED,WEB_VERIFIED_FRAGRANTICA,31584,,,https://www.fragrantica.com/perfume/Pecksniff-s/Mistraal-31584.html,WEB_VERIFIED_FRAGRANTICA,1.0000,1.0000,PASS
328-PEN,2722,Iris Prima,VERIFIED,EXACT_BRAND_CLEAN_NAME,18488,Penhaligon s,Iris Prima,https://www.fragrantica.com/perfume/Penhaligon-s/Iris-Prima-18488.html,EXACT_BRAND_CLEAN_NAME,1.0000,1.0000,PASS
329-PEN,2724,Juniper Sling,VERIFIED,EXACT_BRAND_CLEAN_NAME,13266,Penhaligon s,Juniper Sling,https://www.fragrantica.com/perfume/Penhaligon-s/Juniper-Sling-13266.html,EXACT_BRAND_CLEAN_NAME,1.0000,1.0000,PASS
330-PG,,ORIENTAL BLOSSOM,NOT_FOUND,NO_FOUND_ID_FOR_CODE,,,,,,,0.0000,NOT_MAPPED
331-PG,,CRYSTAL WATER & WATER LILY,NOT_FOUND,NO_FOUND_ID_FOR_CODE,,,,,,,0.0000,NOT_MAPPED
332-RAM,1226,Dry Wood,VERIFIED,WEB_VERIFIED_FRAGRANTICA,15503,Ramon Monegal,Dry Wood,https://www.fragrantica.com/perfume/Ramon-Monegal/Dry-Wood-15503.html,WEB_VERIFIED_FRAGRANTICA,1.0000,1.0000,PASS
333-ROJ,2690,A GOODNIGHT KISS - ROJA DOVE,VERIFIED,EXACT_PERFUME_BRAND_TEXT,30776,Roja Dove,A Goodnight Kiss,https://www.fragrantica.com/perfume/Roja-Dove/A-Goodnight-Kiss-30776.html,EXACT_PERFUME_BRAND_TEXT,1.0000,1.0000,PASS
334-SHI,,SHIRLEY MAY,NOT_FOUND,NO_FOUND_ID_FOR_CODE,,,,,,,0.0000,NOT_MAPPED
335-THCO,1231,CASHMERE BLANC - THE WHITE COMPANY,NOT_FOUND,NO_FOUND_ID_FOR_CODE,,,,,,,0.0000,NOT_MAPPED
336-THCO,1232,NARCISSUS NOIR - THE WHITE COMPANY,NOT_FOUND,NO_FOUND_ID_FOR_CODE,,,,,,,0.0000,NOT_MAPPED
337-TIFF,1878,Tiffany  Co Sheer,VERIFIED,WEB_VERIFIED_FRAGRANTICA,12922,,,https://www.fragrantica.com/perfume/Tiffany/Sheer-Tiffany-12922.html,WEB_VERIFIED_FRAGRANTICA,1.0000,1.0000,PASS
338-TMFO,1233,Arabian Wood,VERIFIED,EXACT_BRAND_CLEAN_NAME,6363,Tom Ford,Arabian Wood,https://www.fragrantica.com/perfume/Tom-Ford/Arabian-Wood-6363.html,EXACT_BRAND_CLEAN_NAME,1.0000,1.0000,PASS
339-TMFO,1821,Beau-de-jour-eau-de-,VERIFIED,EXACT_BRAND_CLEAN_NAME,52790,Tom Ford,Beau de Jour,https://www.fragrantica.com/perfume/Tom-Ford/Beau-de-Jour-52790.html,EXACT_BRAND_CLEAN_NAME,1.0000,1.0000,PASS
340-TMFO,1234,Black Orchid Eau de Parfum,VERIFIED,EXACT_BRAND_CLEAN_NAME,1018,Tom Ford,Black Orchid,https://www.fragrantica.com/perfume/Tom-Ford/Black-Orchid-1018.html,EXACT_BRAND_CLEAN_NAME,1.0000,1.0000,PASS
341-TMFO,2089,BLACK ORCHID OUD,VERIFIED,EXACT_BRAND_CLEAN_NAME,42432,Tom Ford,Black Orchid Oud,https://www.fragrantica.com/perfume/Tom-Ford/Black-Orchid-Oud-42432.html,EXACT_BRAND_CLEAN_NAME,1.0000,1.0000,PASS
342-TMFO,1235,Black Violet,VERIFIED,EXACT_BRAND_CLEAN_NAME,1823,Tom Ford,Black Violet,https://www.fragrantica.com/perfume/Tom-Ford/Black-Violet-1823.html,EXACT_BRAND_CLEAN_NAME,1.0000,1.0000,PASS
343-TMFO,1236,Cafe-rose-,VERIFIED,EXACT_BRAND_CLEAN_NAME,15913,Tom Ford,Cafe Rose,https://www.fragrantica.com/perfume/Tom-Ford/Cafe-Rose-15913.html,EXACT_BRAND_CLEAN_NAME,1.0000,1.0000,PASS
344-TMFO,1237,COSTA AZZURA,VERIFIED,WEB_VERIFIED_FRAGRANTICA,25482,,,https://www.fragrantica.com/perfume/Tom-Ford/Costa-Azzurra-25482.html,WEB_VERIFIED_FRAGRANTICA,1.0000,1.0000,PASS
345-TMFO,1764,Fougere D Argent,VERIFIED,EXACT_BRAND_CLEAN_NAME,50458,Tom Ford,Fougere d Argent,https://www.fragrantica.com/perfume/Tom-Ford/Fougere-d-Argent-50458.html,EXACT_BRAND_CLEAN_NAME,1.0000,1.0000,PASS
346-TMFO,1238,Fucking Fabulous Eau de Parfum (2017),VERIFIED,WEB_VERIFIED_FRAGRANTICA,46513,Tom Ford,Fucking Fabulous,https://www.fragrantica.com/perfume/Tom-Ford/Fucking-Fabulous-46513.html,WEB_VERIFIED_FRAGRANTICA,1.0000,1.0000,PASS
347-TMFO,2090,GREY VETIVER (M),VERIFIED,SAFE_TOKEN_SAME_BRAND,6697,Tom Ford,Grey Vetiver,https://www.fragrantica.com/perfume/Tom-Ford/Grey-Vetiver-6697.html,SAFE_TOKEN_SAME_BRAND,0.9560,1.0000,PASS
348-TMFO,1239,Italian Cypress,VERIFIED,EXACT_BRAND_CLEAN_NAME,4329,Tom Ford,Italian Cypress,https://www.fragrantica.com/perfume/Tom-Ford/Italian-Cypress-4329.html,EXACT_BRAND_CLEAN_NAME,1.0000,1.0000,PASS
349-TMFO,1240,Japon Noir,VERIFIED,EXACT_BRAND_CLEAN_NAME,1851,Tom Ford,Japon Noir,https://www.fragrantica.com/perfume/Tom-Ford/Japon-Noir-1851.html,EXACT_BRAND_CLEAN_NAME,1.0000,1.0000,PASS
350-TMFO,1788,Lost Cherry,VERIFIED,EXACT_BRAND_CLEAN_NAME,51411,Tom Ford,Lost Cherry,https://www.fragrantica.com/perfume/Tom-Ford/Lost-Cherry-51411.html,EXACT_BRAND_CLEAN_NAME,1.0000,1.0000,PASS
351-TMFO,1241,Mandarino Di Amalfi,VERIFIED,EXACT_BRAND_CLEAN_NAME,25481,Tom Ford,Mandarino di Amalfi,https://www.fragrantica.com/perfume/Tom-Ford/Mandarino-di-Amalfi-25481.html,EXACT_BRAND_CLEAN_NAME,1.0000,1.0000,PASS
352-TMFO,1818,MEN EXTREME,VERIFIED,SAFE_TOKEN_SAME_BRAND,1820,Tom Ford,Tom Ford for Men Extreme,https://www.fragrantica.com/perfume/Tom-Ford/Tom-Ford-for-Men-Extreme-1820.html,SAFE_TOKEN_SAME_BRAND,0.9560,1.0000,PASS
353-TMFO,1891,Metallique,VERIFIED,EXACT_BRAND_CLEAN_NAME,55766,Tom Ford,Metallique,https://www.fragrantica.com/perfume/Tom-Ford/Metallique-55766.html,EXACT_BRAND_CLEAN_NAME,1.0000,1.0000,PASS
354-TMFO,1242,Noir Anthracite,VERIFIED,EXACT_BRAND_CLEAN_NAME,45691,Tom Ford,Noir Anthracite,https://www.fragrantica.com/perfume/Tom-Ford/Noir-Anthracite-45691.html,EXACT_BRAND_CLEAN_NAME,1.0000,1.0000,PASS
355-TMFO,1243,Neroli Portofino Eau de Parfum,VERIFIED,EXACT_BRAND_CLEAN_NAME,12192,Tom Ford,Neroli Portofino,https://www.fragrantica.com/perfume/Tom-Ford/Neroli-Portofino-12192.html,EXACT_BRAND_CLEAN_NAME,1.0000,1.0000,PASS
356-TMFO,1943,Neroli Portofino Acqua,VERIFIED,EXACT_BRAND_CLEAN_NAME,32614,Tom Ford,Neroli Portofino Acqua,https://www.fragrantica.com/perfume/Tom-Ford/Neroli-Portofino-Acqua-32614.html,EXACT_BRAND_CLEAN_NAME,1.0000,1.0000,PASS
357-TMFO,1944,NOIR MEN,VERIFIED,EXACT_BRAND_CLEAN_NAME,15727,Tom Ford,Noir,https://www.fragrantica.com/perfume/Tom-Ford/Noir-15727.html,EXACT_BRAND_CLEAN_NAME,1.0000,1.0000,PASS
358-TMFO,1244,Noir De Noir,VERIFIED,EXACT_BRAND_CLEAN_NAME,1822,Tom Ford,Noir de Noir,https://www.fragrantica.com/perfume/Tom-Ford/Noir-de-Noir-1822.html,EXACT_BRAND_CLEAN_NAME,1.0000,1.0000,PASS
359-TMFO,1245,Noir Extreme Eau de Parfum,VERIFIED,EXACT_BRAND_CLEAN_NAME,29675,Tom Ford,Noir Extreme,https://www.fragrantica.com/perfume/Tom-Ford/Noir-Extreme-29675.html,EXACT_BRAND_CLEAN_NAME,1.0000,1.0000,PASS
360-TMFO,1246,Noir Pour Femme,VERIFIED,EXACT_BRAND_CLEAN_NAME,30957,Tom Ford,Noir Pour Femme,https://www.fragrantica.com/perfume/Tom-Ford/Noir-Pour-Femme-30957.html,EXACT_BRAND_CLEAN_NAME,1.0000,1.0000,PASS
361-TMFO,1247,Ombré Leather Eau de Parfum,VERIFIED,WEB_VERIFIED_FRAGRANTICA,50239,Tom Ford,Ombré Leather (2018),https://www.fragrantica.com/perfume/Tom-Ford/Ombre-Leather-2018-50239.html,WEB_VERIFIED_FRAGRANTICA,1.0000,1.0000,PASS
362-TMFO,,ORCHID SOLEIL,NOT_FOUND,NO_CORPUS_CODE_MATCH,,,,,,,0.0000,NOT_MAPPED
363-TMFO,1249,OUD MINERALΕ,VERIFIED,SAFE_FUZZY_SAME_BRAND,45192,Tom Ford,Oud Minerale,https://www.fragrantica.com/perfume/Tom-Ford/Oud-Minerale-45192.html,SAFE_FUZZY_SAME_BRAND,0.9565,1.0000,PASS
364-TMFO,1250,Oud Wood Eau de Parfum,VERIFIED,EXACT_BRAND_CLEAN_NAME,1826,Tom Ford,Oud Wood,https://www.fragrantica.com/perfume/Tom-Ford/Oud-Wood-1826.html,EXACT_BRAND_CLEAN_NAME,1.0000,1.0000,PASS
365-TMFO,1251,Patchouli Absolu,VERIFIED,EXACT_BRAND_CLEAN_NAME,28009,Tom Ford,Patchouli Absolu,https://www.fragrantica.com/perfume/Tom-Ford/Patchouli-Absolu-28009.html,EXACT_BRAND_CLEAN_NAME,1.0000,1.0000,PASS
366-TMFO,1252,Plum Japonais,VERIFIED,EXACT_BRAND_CLEAN_NAME,18490,Tom Ford,Plum Japonais,https://www.fragrantica.com/perfume/Tom-Ford/Plum-Japonais-18490.html,EXACT_BRAND_CLEAN_NAME,1.0000,1.0000,PASS
367-TMFO,2193,Rose-prick,VERIFIED,EXACT_BRAND_CLEAN_NAME,58781,Tom Ford,Rose Prick,https://www.fragrantica.com/perfume/Tom-Ford/Rose-Prick-58781.html,EXACT_BRAND_CLEAN_NAME,1.0000,1.0000,PASS
368-TMFO,1253,Sahara Noir,VERIFIED,EXACT_BRAND_CLEAN_NAME,17333,Tom Ford,Sahara Noir,https://www.fragrantica.com/perfume/Tom-Ford/Sahara-Noir-17333.html,EXACT_BRAND_CLEAN_NAME,1.0000,1.0000,PASS
369-TMFO,1254,Shanghai Lily,VERIFIED,EXACT_BRAND_CLEAN_NAME,17220,Tom Ford,Shanghai Lily,https://www.fragrantica.com/perfume/Tom-Ford/Shanghai-Lily-17220.html,EXACT_BRAND_CLEAN_NAME,1.0000,1.0000,PASS
370-TMFO,2115,Sole Di Positano,VERIFIED,EXACT_BRAND_CLEAN_NAME,44106,Tom Ford,Sole di Positano,https://www.fragrantica.com/perfume/Tom-Ford/Sole-di-Positano-44106.html,EXACT_BRAND_CLEAN_NAME,1.0000,1.0000,PASS
371-TMFO,1255,Soleil Blanc,VERIFIED,EXACT_BRAND_CLEAN_NAME,34893,Tom Ford,Soleil Blanc,https://www.fragrantica.com/perfume/Tom-Ford/Soleil-Blanc-34893.html,EXACT_BRAND_CLEAN_NAME,1.0000,1.0000,PASS
372-TMFO,1256,Vanille Fatale,VERIFIED,EXACT_BRAND_CLEAN_NAME,48029,Tom Ford,Vanille Fatale,https://www.fragrantica.com/perfume/Tom-Ford/Vanille-Fatale-48029.html,EXACT_BRAND_CLEAN_NAME,1.0000,1.0000,PASS
373-TMFO,1257,Tobacco Oud,VERIFIED,EXACT_BRAND_CLEAN_NAME,21402,Tom Ford,Tobacco Oud,https://www.fragrantica.com/perfume/Tom-Ford/Tobacco-Oud-21402.html,EXACT_BRAND_CLEAN_NAME,1.0000,1.0000,PASS
374-TMFO,1258,Tobacco Vanille,VERIFIED,EXACT_BRAND_CLEAN_NAME,1825,Tom Ford,Tobacco Vanille,https://www.fragrantica.com/perfume/Tom-Ford/Tobacco-Vanille-1825.html,EXACT_BRAND_CLEAN_NAME,1.0000,1.0000,PASS
375-TMFO,1259,Tuscan Leather,VERIFIED,EXACT_BRAND_CLEAN_NAME,1849,Tom Ford,Tuscan Leather,https://www.fragrantica.com/perfume/Tom-Ford/Tuscan-Leather-1849.html,EXACT_BRAND_CLEAN_NAME,1.0000,1.0000,PASS
376-TMFO,1260,Velvet Orchid,VERIFIED,EXACT_BRAND_CLEAN_NAME,22963,Tom Ford,Velvet Orchid,https://www.fragrantica.com/perfume/Tom-Ford/Velvet-Orchid-22963.html,EXACT_BRAND_CLEAN_NAME,1.0000,1.0000,PASS
377-TMFO,1261,White Patchouli,VERIFIED,EXACT_BRAND_CLEAN_NAME,3797,Tom Ford,White Patchouli,https://www.fragrantica.com/perfume/Tom-Ford/White-Patchouli-3797.html,EXACT_BRAND_CLEAN_NAME,1.0000,1.0000,PASS
378-TMFO,1262,White Suede,VERIFIED,EXACT_BRAND_CLEAN_NAME,6386,Tom Ford,White Suede,https://www.fragrantica.com/perfume/Tom-Ford/White-Suede-6386.html,EXACT_BRAND_CLEAN_NAME,1.0000,1.0000,PASS
379-YAN,1263,CLEAN COTTON - YANKEE CANDLES,NOT_FOUND,NO_FOUND_ID_FOR_CODE,,,,,,,0.0000,NOT_MAPPED
380-YAN,1264,FALL FESTIVAL - YANKEE CANDLES,NOT_FOUND,NO_FOUND_ID_FOR_CODE,,,,,,,0.0000,NOT_MAPPED
381-YAN,1265,FRESH CUT ROSES - YANKEE CANDLES,NOT_FOUND,NO_FOUND_ID_FOR_CODE,,,,,,,0.0000,NOT_MAPPED
382-YAN,1266,POMEGRANATE CIDER - YANKEE CANDLES,NOT_FOUND,NO_FOUND_ID_FOR_CODE,,,,,,,0.0000,NOT_MAPPED
383-YAN,2105,WEDDING DAY - YANKEE,NOT_FOUND,NO_FOUND_ID_FOR_CODE,,,,,,,0.0000,NOT_MAPPED
384-YAR,1267,ENGLISH ROSE - YARDLEY,VERIFIED,WEB_VERIFIED_FRAGRANTICA,9010,Yardley,English Rose,https://www.fragrantica.com/perfume/Yardley/English-Rose-9010.html,WEB_VERIFIED_FRAGRANTICA,1.0000,1.0000,PASS
385-YAR,1945,LILY OF THE VALLEY - YARDLEY,VERIFIED,WEB_VERIFIED_FRAGRANTICA,9012,Yardley,Lily of the Valley,https://www.fragrantica.com/perfume/Yardley/Lily-of-the-Valley-9012.html,WEB_VERIFIED_FRAGRANTICA,1.0000,1.0000,PASS
387-,,CIGAR,NOT_FOUND,NO_CORPUS_CODE_MATCH,,,,,,,0.0000,NOT_MAPPED
390-ACQ,502,Mandorlo-di-sicilia,VERIFIED,SAFE_TOKEN_SAME_BRAND,1688,Acqua di Parma,Acqua di Parma Blu Mediterraneo Mandorlo di Sicilia,https://www.fragrantica.com/perfume/Acqua-di-Parma/Acqua-di-Parma-Blu-Mediterraneo-Mandorlo-di-Sicilia-1688.html,SAFE_TOKEN_SAME_BRAND,0.9760,1.0000,PASS
391-ACQ,1763,Peonia Nobile,VERIFIED,EXACT_BRAND_CLEAN_NAME,40154,Acqua di Parma,Peonia Nobile,https://www.fragrantica.com/perfume/Acqua-di-Parma/Peonia-Nobile-40154.html,EXACT_BRAND_CLEAN_NAME,1.0000,1.0000,PASS
392-AER,503,Amber Musk,VERIFIED,EXACT_BRAND_CLEAN_NAME,19056,Aerin,Amber Musk,https://www.fragrantica.com/perfume/Aerin/Amber-Musk-19056.html,EXACT_BRAND_CLEAN_NAME,1.0000,1.0000,PASS
393-AER,504,Lilac Path,VERIFIED,EXACT_BRAND_CLEAN_NAME,19057,Aerin,Lilac Path,https://www.fragrantica.com/perfume/Aerin/Lilac-Path-19057.html,EXACT_BRAND_CLEAN_NAME,1.0000,1.0000,PASS
394-AGE,505,Aphrodisiaque,VERIFIED,EXACT_PERFUME_BRAND_TEXT,45363,Agent Provocateur,Aphrodisiaque,https://www.fragrantica.com/perfume/Agent-Provocateur/Aphrodisiaque-45363.html,EXACT_PERFUME_BRAND_TEXT,1.0000,1.0000,PASS
395-AGE,506,Fatale Pink,VERIFIED,EXACT_PERFUME_BRAND_TEXT,25352,Agent Provocateur,Fatale Pink,https://www.fragrantica.com/perfume/Agent-Provocateur/Fatale-Pink-25352.html,EXACT_PERFUME_BRAND_TEXT,1.0000,1.0000,PASS
396-ANT,507,Blue Seduction for Women Eau de Toilette,VERIFIED,WEB_VERIFIED_FRAGRANTICA,3751,,,https://www.fragrantica.com/perfume/Antonio-Banderas/Blue-Seduction-3751.html,WEB_VERIFIED_FRAGRANTICA,1.0000,1.0000,PASS
397-ANT,508,Queen Of Seduction,VERIFIED,CONFIRMED_IDENTITY_EXACT_CORPUS,37470,Antonio Banderas,Queen of Seduction,https://www.fragrantica.com/perfume/Antonio-Banderas/Queen-of-Seduction-37470.html,CONFIRMED_IDENTITY_EXACT_CORPUS,1.0000,1.0000,PASS
398-AQU,509,PINK SUGAR - AQUOLINA,VERIFIED,EXACT_PERFUME_BRAND_TEXT,975,Aquolina,Pink Sugar,https://www.fragrantica.com/perfume/Aquolina/Pink-Sugar-975.html,EXACT_PERFUME_BRAND_TEXT,1.0000,1.0000,PASS
399-ARA,,TUSCANY PER DONNA,VERIFIED,EXACT_BRAND_CLEAN_NAME,122,Aramis,Tuscany Per Donna,https://www.fragrantica.com/perfume/Aramis/Tuscany-Per-Donna-122.html,EXACT_BRAND_CLEAN_NAME,1.0000,1.0000,PASS
400-ARIA,511,Ari,VERIFIED,EXACT_PERFUME_BRAND_TEXT,31661,Ariana Grande,Ari,https://www.fragrantica.com/perfume/Ariana-Grande/Ari-31661.html,EXACT_PERFUME_BRAND_TEXT,1.0000,1.0000,PASS
401-ARIA,2061,Cloud-eau-de-,VERIFIED,WEB_VERIFIED_FRAGRANTICA,50384,,,https://www.fragrantica.com/perfume/Ariana-Grande/Cloud-50384.html,WEB_VERIFIED_FRAGRANTICA,1.0000,1.0000,PASS
402-ARIA,2101,Sweet-like-candy-eau-de-,VERIFIED,EXACT_PERFUME_BRAND_TEXT,39970,Ariana Grande,Sweet Like Candy,https://www.fragrantica.com/perfume/Ariana-Grande/Sweet-Like-Candy-39970.html,EXACT_PERFUME_BRAND_TEXT,1.0000,1.0000,PASS
403-BAL,512,CRISTOBAL,VERIFIED,EXACT_BRAND_CLEAN_NAME,397,Balenciaga,Cristobal,https://www.fragrantica.com/perfume/Balenciaga/Cristobal-397.html,EXACT_BRAND_CLEAN_NAME,1.0000,1.0000,PASS
404-BAL,513,BALE PARIS,VERIFIED,WEB_VERIFIED_FRAGRANTICA,7247,,,https://www.fragrantica.com/perfume/Balenciaga/Balenciaga-Paris-7247.html,WEB_VERIFIED_FRAGRANTICA,1.0000,1.0000,PASS
405-BAL,514,Florabotanica,VERIFIED,EXACT_BRAND_CLEAN_NAME,15512,Balenciaga,Florabotanica,https://www.fragrantica.com/perfume/Balenciaga/Florabotanica-15512.html,EXACT_BRAND_CLEAN_NAME,1.0000,1.0000,PASS
406-BAL,515,Rosabotanica,VERIFIED,EXACT_BRAND_CLEAN_NAME,21987,Balenciaga,Rosabotanica,https://www.fragrantica.com/perfume/Balenciaga/Rosabotanica-21987.html,EXACT_BRAND_CLEAN_NAME,1.0000,1.0000,PASS
407-BAT,516,PINK AMBER  & MOROCCO ORCHID  - BATH & BODY WORKS,VERIFIED,SAFE_TOKEN_SAME_BRAND,25388,Bath Body Works,Morocco Orchid Pink Amber,https://www.fragrantica.com/perfume/Bath-Body-Works/Morocco-Orchid-Pink-Amber-25388.html,SAFE_TOKEN_SAME_BRAND,0.9440,0.5135,REVIEW
408-BAT,,WARM VANILLA SUGAR,VERIFIED,WEB_VERIFIED_FRAGRANTICA,3545,,,https://www.fragrantica.com/perfume/Bath-Body-Works/Warm-Vanilla-Sugar-3545.html,WEB_VERIFIED_FRAGRANTICA,1.0000,1.0000,PASS
409-BOB,517,Beach,VERIFIED,EXACT_PERFUME_BRAND_TEXT,10456,Bobbi Brown,Beach,https://www.fragrantica.com/perfume/Bobbi-Brown/Beach-10456.html,EXACT_PERFUME_BRAND_TEXT,1.0000,1.0000,PASS
410-BOD,,BLACK MUSK,VERIFIED,WEB_VERIFIED_FRAGRANTICA,32247,,,https://www.fragrantica.com/perfume/The-Body-Shop/Black-Musk-32247.html,WEB_VERIFIED_FRAGRANTICA,1.0000,1.0000,PASS
411-BOD,,WHITE MUSK,VERIFIED,WEB_VERIFIED_FRAGRANTICA,2432,,,https://www.fragrantica.com/perfume/The-Body-Shop/White-Musk-2432.html,WEB_VERIFIED_FRAGRANTICA,1.0000,1.0000,PASS
412-BOD,3627,White Musk L Eau,VERIFIED,WEB_VERIFIED_FRAGRANTICA,44100,The Body Shop,White Musk L'Eau,https://www.fragrantica.com/p/44100,WEB_VERIFIED_FRAGRANTICA,1.0000,1.0000,PASS
413-BOT,519,Bottega Veneta,VERIFIED,EXACT_PERFUME_BRAND_TEXT,12863,Bottega Veneta,Bottega Veneta,https://www.fragrantica.com/perfume/Bottega-Veneta/Bottega-Veneta-12863.html,EXACT_PERFUME_BRAND_TEXT,1.0000,1.0000,PASS
414-BOT,520,Knot,VERIFIED,EXACT_PERFUME_BRAND_TEXT,26465,Bottega Veneta,Knot,https://www.fragrantica.com/perfume/Bottega-Veneta/Knot-26465.html,EXACT_PERFUME_BRAND_TEXT,1.0000,1.0000,PASS
415-BOU,521,Quatre,VERIFIED,EXACT_BRAND_CLEAN_NAME,29443,Boucheron,Boucheron Quatre,https://www.fragrantica.com/perfume/Boucheron/Boucheron-Quatre-29443.html,EXACT_BRAND_CLEAN_NAME,1.0000,1.0000,PASS
416-BOU,522,Place Vendome White Gold,VERIFIED,EXACT_PERFUME_BRAND_TEXT,31618,Boucheron,Place Vendome White Gold,https://www.fragrantica.com/perfume/Boucheron/Place-Vendome-White-Gold-31618.html,EXACT_PERFUME_BRAND_TEXT,1.0000,1.0000,PASS
417-BOUR,523,SOIR DE PARIS - BOURJOIS,VERIFIED,SAFE_TOKEN_SAME_BRAND,3604,Bourjois,Soir de Paris Evening in Paris,https://www.fragrantica.com/perfume/Bourjois/Soir-de-Paris-Evening-in-Paris-3604.html,SAFE_TOKEN_SAME_BRAND,0.9760,0.6538,REVIEW
418-BRI,524,Fantasy,VERIFIED,EXACT_PERFUME_BRAND_TEXT,600,Britney Spears,Fantasy,https://www.fragrantica.com/perfume/Britney-Spears/Fantasy-600.html,EXACT_PERFUME_BRAND_TEXT,1.0000,1.0000,PASS
419-BRI,525,Rocker Femme Fantasy,VERIFIED,EXACT_PERFUME_BRAND_TEXT,28607,Britney Spears,Rocker Femme Fantasy,https://www.fragrantica.com/perfume/Britney-Spears/Rocker-Femme-Fantasy-28607.html,EXACT_PERFUME_BRAND_TEXT,1.0000,1.0000,PASS
420-BRB,,BRIT RHYTHM FOR HER FLORAL,NOT_FOUND,NO_CORPUS_CODE_MATCH,,,,,,,0.0000,NOT_MAPPED
421-BRB,,BODY,VERIFIED,EXACT_PERFUME_BRAND_TEXT,13014,Burberry,Body,https://www.fragrantica.com/perfume/Burberry/Body-13014.html,EXACT_PERFUME_BRAND_TEXT,1.0000,1.0000,PASS
422-BRB,528,Body Tender,VERIFIED,EXACT_PERFUME_BRAND_TEXT,17320,Burberry,Body Tender,https://www.fragrantica.com/perfume/Burberry/Body-Tender-17320.html,EXACT_PERFUME_BRAND_TEXT,1.0000,1.0000,PASS
423-BRB,529,BURBERRY BRIT,VERIFIED,EXACT_BRAND_CLEAN_NAME,819,Burberry,Burberry Brit,https://www.fragrantica.com/perfume/Burberry/Burberry-Brit-819.html,EXACT_BRAND_CLEAN_NAME,1.0000,1.0000,PASS
424-BRB,530,BURBERRY CLASSIC,VERIFIED,WEB_VERIFIED_FRAGRANTICA,818,,,https://www.fragrantica.com/perfume/Burberry/Burberry-Women-818.html,WEB_VERIFIED_FRAGRANTICA,1.0000,1.0000,PASS
425-BRB,,HER,VERIFIED,EXACT_BRAND_CLEAN_NAME,51694,Burberry,Burberry Her,https://www.fragrantica.com/perfume/Burberry/Burberry-Her-51694.html,EXACT_BRAND_CLEAN_NAME,1.0000,1.0000,PASS
426-BRB,532,BURBERRY LONDON,VERIFIED,EXACT_PERFUME_BRAND_TEXT,813,Burberry,London,https://www.fragrantica.com/perfume/Burberry/London-813.html,EXACT_PERFUME_BRAND_TEXT,1.0000,1.0000,PASS
427-BRB,533,My Burberry,VERIFIED,EXACT_BRAND_CLEAN_NAME,25836,Burberry,My Burberry,https://www.fragrantica.com/perfume/Burberry/My-Burberry-25836.html,EXACT_BRAND_CLEAN_NAME,1.0000,1.0000,PASS
428-BRB,534,BURBERRY SPORT,VERIFIED,WEB_VERIFIED_FRAGRANTICA,7613,,,https://www.fragrantica.com/perfume/Burberry/Burberry-Sport-for-Women-7613.html,WEB_VERIFIED_FRAGRANTICA,1.0000,1.0000,PASS
429-BRB,535,BURBERRY SUMMER WOMEN,VERIFIED,EXACT_BRAND_CLEAN_NAME,930,Burberry,Burberry Summer,https://www.fragrantica.com/perfume/Burberry/Burberry-Summer-930.html,EXACT_BRAND_CLEAN_NAME,1.0000,1.0000,PASS
430-BRB,536,The Beat EDT,VERIFIED,EXACT_BRAND_CLEAN_NAME,5946,Burberry,The Beat EDT,https://www.fragrantica.com/perfume/Burberry/The-Beat-EDT-5946.html,EXACT_BRAND_CLEAN_NAME,1.0000,1.0000,PASS
431-BRB,537,BURBERRY TOUCH,VERIFIED,WEB_VERIFIED_FRAGRANTICA,814,,,https://www.fragrantica.com/p/814,WEB_VERIFIED_FRAGRANTICA,1.0000,1.0000,PASS
433-BRB,539,My Burberry Black,VERIFIED,EXACT_BRAND_CLEAN_NAME,32566,Burberry,My Burberry Black,https://www.fragrantica.com/perfume/Burberry/My-Burberry-Black-32566.html,EXACT_BRAND_CLEAN_NAME,1.0000,1.0000,PASS
434-BRB,540,My Burberry Blush,VERIFIED,EXACT_BRAND_CLEAN_NAME,45820,Burberry,My Burberry Blush,https://www.fragrantica.com/perfume/Burberry/My-Burberry-Blush-45820.html,EXACT_BRAND_CLEAN_NAME,1.0000,1.0000,PASS
435-BLG,541,Aqva Divina,VERIFIED,CONFIRMED_IDENTITY_EXACT_CORPUS,29442,Bvlgari,Aqva Divina,https://www.fragrantica.com/perfume/Bvlgari/Aqva-Divina-29442.html,CONFIRMED_IDENTITY_EXACT_CORPUS,1.0000,1.0000,PASS
436-BLG,542,BLV for Women,VERIFIED,EXACT_BRAND_CLEAN_NAME,156,Bvlgari,BLV,https://www.fragrantica.com/perfume/Bvlgari/BLV-156.html,EXACT_BRAND_CLEAN_NAME,1.0000,1.0000,PASS
437-BLG,543,BVL Pour Femme,VERIFIED,WEB_VERIFIED_FRAGRANTICA,142,Bvlgari,Bvlgari Pour Femme,https://www.fragrantica.com/p/142,WEB_VERIFIED_FRAGRANTICA,1.0000,1.0000,PASS
438-BLG,544,CORAL OMNIA,VERIFIED,SAFE_TOKEN_SAME_BRAND,14297,Bvlgari,Omnia Coral,https://www.fragrantica.com/perfume/Bvlgari/Omnia-Coral-14297.html,SAFE_TOKEN_SAME_BRAND,0.9860,0.7273,REVIEW
439-BLG,545,Goldea,VERIFIED,EXACT_BRAND_CLEAN_NAME,31538,Bvlgari,Goldea,https://www.fragrantica.com/perfume/Bvlgari/Goldea-31538.html,EXACT_BRAND_CLEAN_NAME,1.0000,1.0000,PASS
440-BLG,546,Goldea The Roman Night,VERIFIED,EXACT_BRAND_CLEAN_NAME,45241,Bvlgari,Goldea The Roman Night,https://www.fragrantica.com/perfume/Bvlgari/Goldea-The-Roman-Night-45241.html,EXACT_BRAND_CLEAN_NAME,1.0000,1.0000,PASS
441-BLG,,JASMIN NOIR,VERIFIED,EXACT_BRAND_CLEAN_NAME,3750,Bvlgari,Jasmin Noir,https://www.fragrantica.com/perfume/Bvlgari/Jasmin-Noir-3750.html,EXACT_BRAND_CLEAN_NAME,1.0000,1.0000,PASS
442-BLG,548,Mon Jasmin Noir,VERIFIED,EXACT_BRAND_CLEAN_NAME,11512,Bvlgari,Mon Jasmin Noir,https://www.fragrantica.com/perfume/Bvlgari/Mon-Jasmin-Noir-11512.html,EXACT_BRAND_CLEAN_NAME,1.0000,1.0000,PASS
443-BLG,549,BLV NOTTE POUR FEMME,VERIFIED,EXACT_BRAND_CLEAN_NAME,149,Bvlgari,BLV Notte Pour Femme,https://www.fragrantica.com/perfume/Bvlgari/BLV-Notte-Pour-Femme-149.html,EXACT_BRAND_CLEAN_NAME,1.0000,1.0000,PASS
444-BLG,1896,Omnia,VERIFIED,EXACT_BRAND_CLEAN_NAME,151,Bvlgari,Omnia,https://www.fragrantica.com/perfume/Bvlgari/Omnia-151.html,EXACT_BRAND_CLEAN_NAME,1.0000,1.0000,PASS
445-BLG,550,OMNIA AMETHYST,VERIFIED,SAFE_FUZZY_SAME_BRAND,780,Bvlgari,Omnia Amethyste,https://www.fragrantica.com/perfume/Bvlgari/Omnia-Amethyste-780.html,SAFE_FUZZY_SAME_BRAND,0.9655,1.0000,PASS
446-BLG,551,Omnia Crystalline,VERIFIED,EXACT_BRAND_CLEAN_NAME,152,Bvlgari,Omnia Crystalline,https://www.fragrantica.com/perfume/Bvlgari/Omnia-Crystalline-152.html,EXACT_BRAND_CLEAN_NAME,1.0000,1.0000,PASS
447-BLG,552,Omnia Indian Garnet,VERIFIED,EXACT_BRAND_CLEAN_NAME,23709,Bvlgari,Omnia Indian Garnet,https://www.fragrantica.com/perfume/Bvlgari/Omnia-Indian-Garnet-23709.html,EXACT_BRAND_CLEAN_NAME,1.0000,1.0000,PASS
448-BLG,553,Petits Et Mamans,VERIFIED,EXACT_BRAND_CLEAN_NAME,155,Bvlgari,Petits et Mamans,https://www.fragrantica.com/perfume/Bvlgari/Petits-et-Mamans-155.html,EXACT_BRAND_CLEAN_NAME,1.0000,1.0000,PASS
449-BYR,1811,Bal D Afrique,VERIFIED,EXACT_BRAND_CLEAN_NAME,6458,Byredo,Bal d Afrique,https://www.fragrantica.com/perfume/Byredo/Bal-d-Afrique-6458.html,EXACT_BRAND_CLEAN_NAME,1.0000,1.0000,PASS
450-BYR,554,Bibliotheque,VERIFIED,EXACT_BRAND_CLEAN_NAME,43324,Byredo,Bibliotheque,https://www.fragrantica.com/perfume/Byredo/Bibliotheque-43324.html,EXACT_BRAND_CLEAN_NAME,1.0000,1.0000,PASS
451-BYR,2563,Blanche,VERIFIED,EXACT_BRAND_CLEAN_NAME,6686,Byredo,Blanche,https://www.fragrantica.com/perfume/Byredo/Blanche-6686.html,EXACT_BRAND_CLEAN_NAME,1.0000,1.0000,PASS
452-BYR,1898,La Tulipe,VERIFIED,EXACT_BRAND_CLEAN_NAME,8441,Byredo,La Tulipe,https://www.fragrantica.com/perfume/Byredo/La-Tulipe-8441.html,EXACT_BRAND_CLEAN_NAME,1.0000,1.0000,PASS
453-BYR,1877,Slow-dance,VERIFIED,EXACT_BRAND_CLEAN_NAME,57007,Byredo,Slow Dance,https://www.fragrantica.com/perfume/Byredo/Slow-Dance-57007.html,EXACT_BRAND_CLEAN_NAME,1.0000,1.0000,PASS
454-BYR,2211,Sundazed,VERIFIED,EXACT_BRAND_CLEAN_NAME,54747,Byredo,Sundazed,https://www.fragrantica.com/perfume/Byredo/Sundazed-54747.html,EXACT_BRAND_CLEAN_NAME,1.0000,1.0000,PASS
455-BYR,556,Velvet Haze,VERIFIED,EXACT_BRAND_CLEAN_NAME,46358,Byredo,Velvet Haze,https://www.fragrantica.com/perfume/Byredo/Velvet-Haze-46358.html,EXACT_BRAND_CLEAN_NAME,1.0000,1.0000,PASS
456-CAC,,AMOR AMOR FORBIDDEN KISS,NOT_FOUND,NO_CORPUS_CODE_MATCH,,,,,,,0.0000,NOT_MAPPED
457-CAC,558,Amor-amor-eau-de-toilette,VERIFIED,EXACT_BRAND_CLEAN_NAME,238,Cacharel,Amor Amor,https://www.fragrantica.com/perfume/Cacharel/Amor-Amor-238.html,EXACT_BRAND_CLEAN_NAME,1.0000,1.0000,PASS
458-CAC,559,Anais-anais-eau-de-toilette,VERIFIED,EXACT_BRAND_CLEAN_NAME,236,Cacharel,Anais Anais,https://www.fragrantica.com/perfume/Cacharel/Anais-Anais-236.html,EXACT_BRAND_CLEAN_NAME,1.0000,1.0000,PASS
459-CAC,560,Anais-anais-premier-delice-eau-de-toilette,VERIFIED,EXACT_BRAND_CLEAN_NAME,23871,Cacharel,Anais Anais Premier Delice,https://www.fragrantica.com/perfume/Cacharel/Anais-Anais-Premier-Delice-23871.html,EXACT_BRAND_CLEAN_NAME,1.0000,1.0000,PASS
460-CAC,561,Eden,VERIFIED,EXACT_BRAND_CLEAN_NAME,244,Cacharel,Eden,https://www.fragrantica.com/perfume/Cacharel/Eden-244.html,EXACT_BRAND_CLEAN_NAME,1.0000,1.0000,PASS
461-CAC,2220,Gloria,VERIFIED,EXACT_BRAND_CLEAN_NAME,246,Cacharel,Gloria,https://www.fragrantica.com/perfume/Cacharel/Gloria-246.html,EXACT_BRAND_CLEAN_NAME,1.0000,1.0000,PASS
462-CAC,,LOULOU,VERIFIED,EXACT_BRAND_CLEAN_NAME,1276,Cacharel,LouLou,https://www.fragrantica.com/perfume/Cacharel/LouLou-1276.html,EXACT_BRAND_CLEAN_NAME,1.0000,1.0000,PASS
463-CAC,563,Noa,VERIFIED,EXACT_BRAND_CLEAN_NAME,242,Cacharel,Noa,https://www.fragrantica.com/perfume/Cacharel/Noa-242.html,EXACT_BRAND_CLEAN_NAME,1.0000,1.0000,PASS
464-CAC,564,Yes I Am,VERIFIED,EXACT_BRAND_CLEAN_NAME,48112,Cacharel,Yes I Am,https://www.fragrantica.com/perfume/Cacharel/Yes-I-Am-48112.html,EXACT_BRAND_CLEAN_NAME,1.0000,1.0000,PASS
465-CAL,565,Beauty,VERIFIED,EXACT_PERFUME_BRAND_TEXT,8840,Calvin Klein,Beauty,https://www.fragrantica.com/perfume/Calvin-Klein/Beauty-8840.html,EXACT_PERFUME_BRAND_TEXT,1.0000,1.0000,PASS
466-CAL,,CALVIN KLEIN WOMEN,VERIFIED,EXACT_PERFUME_BRAND_TEXT,50662,Calvin Klein,Calvin Klein Women,https://www.fragrantica.com/perfume/Calvin-Klein/Calvin-Klein-Women-50662.html,EXACT_PERFUME_BRAND_TEXT,1.0000,1.0000,PASS
467-CAL,566,Contradiction for Women Eau de Parfum,VERIFIED,WEB_VERIFIED_FRAGRANTICA,255,Calvin Klein,Contradiction,https://www.fragrantica.com/p/255,WEB_VERIFIED_FRAGRANTICA,1.0000,1.0000,PASS
468-CAL,567,DOWN TOWN - CALVIN KLEIN,VERIFIED,SAFE_TOKEN_SAME_BRAND,14606,Calvin Klein,Calvin Klein,https://www.fragrantica.com/perfume/Calvin-Klein/Calvin-Klein-14606.html,SAFE_TOKEN_SAME_BRAND,0.9560,1.0000,PASS
469-CAL,,ESCAPE,VERIFIED,EXACT_PERFUME_BRAND_TEXT,271,Calvin Klein,Escape,https://www.fragrantica.com/perfume/Calvin-Klein/Escape-271.html,EXACT_PERFUME_BRAND_TEXT,1.0000,1.0000,PASS
470-CAL,569,Eternity,VERIFIED,EXACT_PERFUME_BRAND_TEXT,257,Calvin Klein,Eternity,https://www.fragrantica.com/perfume/Calvin-Klein/Eternity-257.html,EXACT_PERFUME_BRAND_TEXT,1.0000,1.0000,PASS
472-CAL,570,Euphoria,VERIFIED,EXACT_PERFUME_BRAND_TEXT,253,Calvin Klein,Euphoria,https://www.fragrantica.com/perfume/Calvin-Klein/Euphoria-253.html,EXACT_PERFUME_BRAND_TEXT,1.0000,1.0000,PASS
473-CAL,571,Euphoria Gold,VERIFIED,SAFE_TOKEN_SAME_BRAND,25812,Calvin Klein,Euphoria Gold,https://www.fragrantica.com/perfume/Calvin-Klein/Euphoria-Gold-25812.html,SAFE_TOKEN_SAME_BRAND,0.9560,1.0000,PASS
474-CAL,572,OBSESSED - CALVIN KLEIN,VERIFIED,EXACT_UNIQUE_NAME,79356,We Pink,Obsessed,https://www.fragrantica.com/perfume/We-Pink/Obsessed-79356.html,EXACT_UNIQUE_NAME,1.0000,1.0000,PASS
475-CAL,573,Obsession for Women Eau de Parfum,VERIFIED,EXACT_PERFUME_BRAND_TEXT,248,Calvin Klein,Obsession,https://www.fragrantica.com/perfume/Calvin-Klein/Obsession-248.html,EXACT_PERFUME_BRAND_TEXT,1.0000,1.0000,PASS
477-CAL,575,Reveal,VERIFIED,EXACT_PERFUME_BRAND_TEXT,26372,Calvin Klein,Reveal,https://www.fragrantica.com/perfume/Calvin-Klein/Reveal-26372.html,EXACT_PERFUME_BRAND_TEXT,1.0000,1.0000,PASS
478-CAL,576,Secret Obsession,VERIFIED,EXACT_PERFUME_BRAND_TEXT,3592,Calvin Klein,Secret Obsession,https://www.fragrantica.com/perfume/Calvin-Klein/Secret-Obsession-3592.html,EXACT_PERFUME_BRAND_TEXT,1.0000,1.0000,PASS
479-CAR,1899,212,VERIFIED,EXACT_BRAND_CLEAN_NAME,296,Carolina Herrera,212,https://www.fragrantica.com/perfume/Carolina-Herrera/212-296.html,EXACT_BRAND_CLEAN_NAME,1.0000,1.0000,PASS
480-CAR,577,212 Sexy,VERIFIED,EXACT_BRAND_CLEAN_NAME,306,Carolina Herrera,212 Sexy,https://www.fragrantica.com/perfume/Carolina-Herrera/212-Sexy-306.html,EXACT_BRAND_CLEAN_NAME,1.0000,1.0000,PASS
481-CAR,578,212-vip-eau-de-,VERIFIED,EXACT_BRAND_CLEAN_NAME,10126,Carolina Herrera,212 VIP,https://www.fragrantica.com/perfume/Carolina-Herrera/212-VIP-10126.html,EXACT_BRAND_CLEAN_NAME,1.0000,1.0000,PASS
482-CAR,579,212-vip-rose-eau-de-,VERIFIED,EXACT_BRAND_CLEAN_NAME,22857,Carolina Herrera,212 VIP Rose,https://www.fragrantica.com/perfume/Carolina-Herrera/212-VIP-Rose-22857.html,EXACT_BRAND_CLEAN_NAME,1.0000,1.0000,PASS
483-CAR,580,212 Vip Wild Party,VERIFIED,EXACT_BRAND_CLEAN_NAME,35780,Carolina Herrera,212 VIP Wild Party,https://www.fragrantica.com/perfume/Carolina-Herrera/212-VIP-Wild-Party-35780.html,EXACT_BRAND_CLEAN_NAME,1.0000,1.0000,PASS
484-CAR,581,212 White,VERIFIED,EXACT_BRAND_CLEAN_NAME,13618,Carolina Herrera,212 White,https://www.fragrantica.com/perfume/Carolina-Herrera/212-White-13618.html,EXACT_BRAND_CLEAN_NAME,1.0000,1.0000,PASS
485-CAR,582,Good Girl,VERIFIED,EXACT_BRAND_CLEAN_NAME,39681,Carolina Herrera,Good Girl,https://www.fragrantica.com/perfume/Carolina-Herrera/Good-Girl-39681.html,EXACT_BRAND_CLEAN_NAME,1.0000,1.0000,PASS
486-CAR,1900,Good Girl Eau De Parfum Legere,VERIFIED,EXACT_BRAND_CLEAN_NAME,48103,Carolina Herrera,Good Girl Legere,https://www.fragrantica.com/perfume/Carolina-Herrera/Good-Girl-Legere-48103.html,EXACT_BRAND_CLEAN_NAME,1.0000,1.0000,PASS
487-CRT,,BAISER VOLE,VERIFIED,EXACT_PERFUME_BRAND_TEXT,12878,Cartier,Baiser Vole,https://www.fragrantica.com/perfume/Cartier/Baiser-Vole-12878.html,EXACT_PERFUME_BRAND_TEXT,1.0000,1.0000,PASS
488-CRT,584,Carat-eau-de-,VERIFIED,EXACT_PERFUME_BRAND_TEXT,50748,Cartier,Carat,https://www.fragrantica.com/perfume/Cartier/Carat-50748.html,EXACT_PERFUME_BRAND_TEXT,1.0000,1.0000,PASS
489-CRT,,LA PANTHERE,VERIFIED,EXACT_PERFUME_BRAND_TEXT,23295,Cartier,La Panthere,https://www.fragrantica.com/perfume/Cartier/La-Panthere-23295.html,EXACT_PERFUME_BRAND_TEXT,1.0000,1.0000,PASS
490-CRT,,MUST DE CARTIER,VERIFIED,EXACT_BRAND_CLEAN_NAME,312,Cartier,Must de Cartier,https://www.fragrantica.com/perfume/Cartier/Must-de-Cartier-312.html,EXACT_BRAND_CLEAN_NAME,1.0000,1.0000,PASS
491-CRT,,MUST DE CARTIER GOLD,NOT_FOUND,NO_CORPUS_CODE_MATCH,,,,,,,0.0000,NOT_MAPPED
492-CARV,588,Carven Le Parfum,VERIFIED,CONFIRMED_IDENTITY_EXACT_CORPUS,17744,Carven,Carven Le Parfum,https://www.fragrantica.com/perfume/Carven/Carven-Le-Parfum-17744.html,CONFIRMED_IDENTITY_EXACT_CORPUS,1.0000,1.0000,PASS
493-CER,,1881 CERRUTI FOR WOMEN,VERIFIED,WEB_VERIFIED_FRAGRANTICA,327,,,https://www.fragrantica.com/perfume/Cerruti/1881-327.html,WEB_VERIFIED_FRAGRANTICA,1.0000,1.0000,PASS
494-CHA,,ALLURE,VERIFIED,EXACT_BRAND_CLEAN_NAME,502,Chanel,Allure,https://www.fragrantica.com/perfume/Chanel/Allure-502.html,EXACT_BRAND_CLEAN_NAME,1.0000,1.0000,PASS
495-CHA,,ALLURE SENSUELLE,VERIFIED,EXACT_BRAND_CLEAN_NAME,606,Chanel,Allure Sensuelle,https://www.fragrantica.com/perfume/Chanel/Allure-Sensuelle-606.html,EXACT_BRAND_CLEAN_NAME,1.0000,1.0000,PASS
497-CHA,,CHANCE,VERIFIED,WEB_VERIFIED_FRAGRANTICA,610,,,https://www.fragrantica.com/perfume/Chanel/Chance-610.html,WEB_VERIFIED_FRAGRANTICA,1.0000,1.0000,PASS
498-CHA,593,Chance Eau Fraîche,VERIFIED,EXACT_BRAND_CLEAN_NAME,1483,Chanel,Chance Eau Fraiche,https://www.fragrantica.com/perfume/Chanel/Chance-Eau-Fraiche-1483.html,EXACT_BRAND_CLEAN_NAME,1.0000,0.9444,PASS
499-CHA,594,Chance Eau Tendre,VERIFIED,EXACT_BRAND_CLEAN_NAME,8069,Chanel,Chance Eau Tendre,https://www.fragrantica.com/perfume/Chanel/Chance-Eau-Tendre-8069.html,EXACT_BRAND_CLEAN_NAME,1.0000,1.0000,PASS
500-CHA,595,No 19,VERIFIED,SAFE_TOKEN_SAME_BRAND,12424,Chanel,Chanel No 19 Poudre,https://www.fragrantica.com/perfume/Chanel/Chanel-No-19-Poudre-12424.html,SAFE_TOKEN_SAME_BRAND,0.9560,1.0000,PASS
501-CHA,596,No 19 Poudre,VERIFIED,SAFE_TOKEN_SAME_BRAND,12424,Chanel,Chanel No 19 Poudre,https://www.fragrantica.com/perfume/Chanel/Chanel-No-19-Poudre-12424.html,SAFE_TOKEN_SAME_BRAND,0.9760,1.0000,PASS
502-CHA,597,No 5,VERIFIED,WEB_VERIFIED_FRAGRANTICA,608,Chanel,,https://www.fragrantica.com/perfume/Chanel/Chanel-N--5-608.html,WEB_VERIFIED_FRAGRANTICA,1.0000,1.0000,PASS
503-CHA,598,No 5 EAU PREMIER,VERIFIED,WEB_VERIFIED_FRAGRANTICA,1360,,,https://www.fragrantica.com/perfume/Chanel/Chanel-N05-Eau-Premiere-1360.html,WEB_VERIFIED_FRAGRANTICA,1.0000,1.0000,PASS
504-CHA,599,Five L'EAU,VERIFIED,WEB_VERIFIED_FRAGRANTICA,38543,Chanel,Chanel No 5 L'Eau,https://www.fragrantica.com/p/38543,WEB_VERIFIED_FRAGRANTICA,1.0000,1.0000,PASS
505-CHA,600,COCO EAUDEPARFUM,VERIFIED,WEB_VERIFIED_FRAGRANTICA,609,Chanel,Coco Eau de Parfum,https://www.fragrantica.com/p/609,WEB_VERIFIED_FRAGRANTICA,1.0000,1.0000,PASS
506-CHA,601,COCON MADEM,VERIFIED,WEB_VERIFIED_FRAGRANTICA,611,Chanel,Coco Mademoiselle,https://www.fragrantica.com/p/611,WEB_VERIFIED_FRAGRANTICA,1.0000,1.0000,PASS
507-CHA,602,COCON MADEM INTENSE,VERIFIED,WEB_VERIFIED_FRAGRANTICA,48310,Chanel,Coco Mademoiselle Intense,https://www.fragrantica.com/p/48310,WEB_VERIFIED_FRAGRANTICA,1.0000,1.0000,PASS
508-CHA,603,the fragrance Coco Black,VERIFIED,WEB_VERIFIED_FRAGRANTICA,15963,Chanel,Coco Noir,https://www.fragrantica.com/p/15963,WEB_VERIFIED_FRAGRANTICA,1.0000,1.0000,PASS
509-CHA,604,Gabrielle Chanel,VERIFIED,EXACT_BRAND_CLEAN_NAME,43718,Chanel,Gabrielle,https://www.fragrantica.com/perfume/Chanel/Gabrielle-43718.html,EXACT_BRAND_CLEAN_NAME,1.0000,1.0000,PASS
510-CHL,605,Chloé,VERIFIED,WEB_VERIFIED_FRAGRANTICA,1733,,,https://www.fragrantica.com/perfume/Chloe/Chloe-Eau-de-Parfum-1733.html,WEB_VERIFIED_FRAGRANTICA,1.0000,1.0000,PASS
511-CHL,606,Chloe Fleur De Parfum,VERIFIED,SAFE_TOKEN_SAME_BRAND,39632,Chloe,Chloe Fleur de Parfum,https://www.fragrantica.com/perfume/Chloe/Chloe-Fleur-de-Parfum-39632.html,SAFE_TOKEN_SAME_BRAND,0.9860,1.0000,PASS
512-CHL,607,L Eau De Chloe,VERIFIED,EXACT_BRAND_CLEAN_NAME,14000,Chloe,L Eau de Chloe,https://www.fragrantica.com/perfume/Chloe/L-Eau-de-Chloe-14000.html,EXACT_BRAND_CLEAN_NAME,1.0000,1.0000,PASS
513-CHL,608,Love,VERIFIED,EXACT_PERFUME_BRAND_TEXT,9370,Chloe,Love,https://www.fragrantica.com/perfume/Chloe/Love-9370.html,EXACT_PERFUME_BRAND_TEXT,1.0000,1.0000,PASS
514-CHL,,LOVE STORY,VERIFIED,EXACT_PERFUME_BRAND_TEXT,26227,Chloe,Love Story,https://www.fragrantica.com/perfume/Chloe/Love-Story-26227.html,EXACT_PERFUME_BRAND_TEXT,1.0000,1.0000,PASS
515-CHL,,NOMADE,VERIFIED,EXACT_PERFUME_BRAND_TEXT,48434,Chloe,Nomade,https://www.fragrantica.com/perfume/Chloe/Nomade-48434.html,EXACT_PERFUME_BRAND_TEXT,1.0000,1.0000,PASS
516-CHL,611,Roses De Chloe,VERIFIED,SAFE_TOKEN_SAME_BRAND,18702,Chloe,Chloe Roses de Chloe,https://www.fragrantica.com/perfume/Chloe/Chloe-Roses-de-Chloe-18702.html,SAFE_TOKEN_SAME_BRAND,0.9860,1.0000,PASS
517-CHL,612,SEE - CHLOE,VERIFIED,SAFE_TOKEN_SAME_BRAND,17123,Chloe,See By Chloe,https://www.fragrantica.com/perfume/Chloe/See-By-Chloe-17123.html,SAFE_TOKEN_SAME_BRAND,0.9440,0.8571,PASS
518-CHO,613,CASMIR - CHOPARD,VERIFIED,EXACT_PERFUME_BRAND_TEXT,348,Chopard,Casmir,https://www.fragrantica.com/perfume/Chopard/Casmir-348.html,EXACT_PERFUME_BRAND_TEXT,1.0000,1.0000,PASS
519-CHO,614,Happy Spirit Amira D Amour,VERIFIED,EXACT_PERFUME_BRAND_TEXT,30520,Chopard,Happy Spirit Amira d Amour,https://www.fragrantica.com/perfume/Chopard/Happy-Spirit-Amira-d-Amour-30520.html,EXACT_PERFUME_BRAND_TEXT,1.0000,1.0000,PASS
520-CHO,,WISH,VERIFIED,EXACT_PERFUME_BRAND_TEXT,353,Chopard,Wish,https://www.fragrantica.com/perfume/Chopard/Wish-353.html,EXACT_PERFUME_BRAND_TEXT,1.0000,1.0000,PASS
521-DRC,,ADDICT,VERIFIED,EXACT_UNIQUE_NAME,136549,Create Scent,Addict,https://www.fragrantica.com/perfume/Create-Scent/Addict-136549.html,EXACT_UNIQUE_NAME,1.0000,1.0000,PASS
522-DRC,1902,Dior Addict,VERIFIED,SAFE_TOKEN_SAME_BRAND,25159,Dior,Dior Addict Eau de Toilette,https://www.fragrantica.com/perfume/Dior/Dior-Addict-Eau-de-Toilette-25159.html,SAFE_TOKEN_SAME_BRAND,0.9560,1.0000,PASS
523-DRC,1940,ISSIMO,VERIFIED,WEB_VERIFIED_FRAGRANTICA,224,,,https://www.fragrantica.com/perfume/Christian-Dior/Diorissimo-224.html,WEB_VERIFIED_FRAGRANTICA,1.0000,1.0000,PASS
524-DRC,,DOLCE VITA,VERIFIED,EXACT_BRAND_CLEAN_NAME,222,Dior,Dolce Vita,https://www.fragrantica.com/perfume/Dior/Dolce-Vita-222.html,EXACT_BRAND_CLEAN_NAME,1.0000,1.0000,PASS
525-DRC,,DUNE,VERIFIED,EXACT_BRAND_CLEAN_NAME,221,Dior,Dune,https://www.fragrantica.com/perfume/Dior/Dune-221.html,EXACT_BRAND_CLEAN_NAME,1.0000,1.0000,PASS
526-DRC,619,Escale A Portofino,VERIFIED,SAFE_TOKEN_SAME_BRAND,3291,Dior,Cruise Collection Escale a Portofino,https://www.fragrantica.com/perfume/Dior/Cruise-Collection-Escale-a-Portofino-3291.html,SAFE_TOKEN_SAME_BRAND,0.9760,1.0000,PASS
527-DRC,620,La Collection Privee Grand Bal,VERIFIED,WEB_VERIFIED_FRAGRANTICA,14984,Dior,Dior Grand Bal,https://www.fragrantica.com/p/14984,WEB_VERIFIED_FRAGRANTICA,1.0000,1.0000,PASS
528-DRC,,HYPNOTIC POISON,VERIFIED,EXACT_BRAND_CLEAN_NAME,219,Dior,Hypnotic Poison,https://www.fragrantica.com/perfume/Dior/Hypnotic-Poison-219.html,EXACT_BRAND_CLEAN_NAME,1.0000,1.0000,PASS
529-DRC,622,Hypnotic Poison Eau Sensuelle,VERIFIED,EXACT_BRAND_CLEAN_NAME,9600,Dior,Hypnotic Poison Eau Sensuelle,https://www.fragrantica.com/perfume/Dior/Hypnotic-Poison-Eau-Sensuelle-9600.html,EXACT_BRAND_CLEAN_NAME,1.0000,1.0000,PASS
530-DRC,623,J Adore,VERIFIED,EXACT_BRAND_CLEAN_NAME,210,Dior,J adore,https://www.fragrantica.com/perfume/Dior/J-adore-210.html,EXACT_BRAND_CLEAN_NAME,1.0000,1.0000,PASS
531-DRC,624,J Adore In Joy,VERIFIED,EXACT_BRAND_CLEAN_NAME,43704,Dior,J Adore In Joy,https://www.fragrantica.com/perfume/Dior/J-Adore-In-Joy-43704.html,EXACT_BRAND_CLEAN_NAME,1.0000,1.0000,PASS
532-DRC,625,Joy,VERIFIED,WEB_VERIFIED_FRAGRANTICA,51285,Dior,Joy by Dior,https://www.fragrantica.com/p/51285,WEB_VERIFIED_FRAGRANTICA,1.0000,1.0000,PASS
533-DRC,,MIDNIGHT POISON,VERIFIED,EXACT_BRAND_CLEAN_NAME,1282,Dior,Midnight Poison,https://www.fragrantica.com/perfume/Dior/Midnight-Poison-1282.html,EXACT_BRAND_CLEAN_NAME,1.0000,1.0000,PASS
534-DRC,627,MISS,VERIFIED,WEB_VERIFIED_FRAGRANTICA,223,,,https://www.fragrantica.com/perfume/Christian-Dior/Miss-Dior-223.html,WEB_VERIFIED_FRAGRANTICA,1.0000,1.0000,PASS
535-DRC,628,Miss Dior Absolutely Blooming,VERIFIED,SAFE_TOKEN_SAME_BRAND,39070,Dior,Miss Dior Absolutely Blooming,https://www.fragrantica.com/perfume/Dior/Miss-Dior-Absolutely-Blooming-39070.html,SAFE_TOKEN_SAME_BRAND,0.9440,1.0000,PASS
536-DRC,629,BLOOMING BOUQUET,VERIFIED,WEB_VERIFIED_FRAGRANTICA,23280,Dior,Miss Dior Blooming Bouquet,https://www.fragrantica.com/p/23280,WEB_VERIFIED_FRAGRANTICA,1.0000,1.0000,PASS
537-DRC,630,Fragrance MISS CHERIE,VERIFIED,WEB_VERIFIED_FRAGRANTICA,213,Dior,Miss Dior Cherie,https://www.fragrantica.com/p/213,WEB_VERIFIED_FRAGRANTICA,1.0000,1.0000,PASS
538-DRC,1903,MISS EAU DE PARFUM (2017),VERIFIED,SAFE_TOKEN_SAME_BRAND,45202,Dior,Miss Dior Eau de Parfum 2017,https://www.fragrantica.com/perfume/Dior/Miss-Dior-Eau-de-Parfum-2017-45202.html,SAFE_TOKEN_SAME_BRAND,0.9440,0.7826,PASS
539-DRC,2075,MISS ROSE & ROSES,VERIFIED,WEB_VERIFIED_FRAGRANTICA,58562,,,https://www.fragrantica.com/perfume/Dior/Miss-Dior-Rose-N-Roses-58562.html,WEB_VERIFIED_FRAGRANTICA,1.0000,1.0000,PASS
540-DRC,631,Poison,VERIFIED,EXACT_BRAND_CLEAN_NAME,218,Dior,Poison,https://www.fragrantica.com/perfume/Dior/Poison-218.html,EXACT_BRAND_CLEAN_NAME,1.0000,1.0000,PASS
541-DRC,,POISON GIRL,VERIFIED,EXACT_BRAND_CLEAN_NAME,35561,Dior,Poison Girl,https://www.fragrantica.com/perfume/Dior/Poison-Girl-35561.html,EXACT_BRAND_CLEAN_NAME,1.0000,1.0000,PASS
542-DRC,633,Pure Poison,VERIFIED,EXACT_BRAND_CLEAN_NAME,214,Dior,Pure Poison,https://www.fragrantica.com/perfume/Dior/Pure-Poison-214.html,EXACT_BRAND_CLEAN_NAME,1.0000,1.0000,PASS
543-DRC,2743,La Collection Privee  Souffle De Soie,VERIFIED,EXACT_BRAND_CLEAN_NAME,48377,Dior,Souffle De Soie,https://www.fragrantica.com/perfume/Dior/Souffle-De-Soie-48377.html,EXACT_BRAND_CLEAN_NAME,1.0000,1.0000,PASS
544-DRC,,TENDRE POISON,VERIFIED,EXACT_BRAND_CLEAN_NAME,220,Dior,Tendre Poison,https://www.fragrantica.com/perfume/Dior/Tendre-Poison-220.html,EXACT_BRAND_CLEAN_NAME,1.0000,1.0000,PASS
545-CLI,635,Aromatics Elixir Eau de Parfum,VERIFIED,EXACT_PERFUME_BRAND_TEXT,371,Clinique,Aromatics Elixir,https://www.fragrantica.com/perfume/Clinique/Aromatics-Elixir-371.html,EXACT_PERFUME_BRAND_TEXT,1.0000,1.0000,PASS
546-CLI,636,Aromatics In White,VERIFIED,EXACT_PERFUME_BRAND_TEXT,28532,Clinique,Aromatics in White,https://www.fragrantica.com/perfume/Clinique/Aromatics-in-White-28532.html,EXACT_PERFUME_BRAND_TEXT,1.0000,1.0000,PASS
547-CLI,637,Beyond Rose,VERIFIED,EXACT_PERFUME_BRAND_TEXT,25726,Clinique,Beyond Rose,https://www.fragrantica.com/perfume/Clinique/Beyond-Rose-25726.html,EXACT_PERFUME_BRAND_TEXT,1.0000,1.0000,PASS
548-CLI,638,Happy,VERIFIED,EXACT_UNIQUE_NAME,66133,The Dua Brand,Happy,https://www.fragrantica.com/perfume/The-Dua-Brand/Happy-66133.html,EXACT_UNIQUE_NAME,1.0000,1.0000,PASS
549-CLI,639,Simply,VERIFIED,EXACT_BRAND_CLEAN_NAME,379,Clinique,Simply Clinique,https://www.fragrantica.com/perfume/Clinique/Simply-Clinique-379.html,EXACT_BRAND_CLEAN_NAME,1.0000,1.0000,PASS
550-COA,640,Coach Eau de Parfum,VERIFIED,EXACT_PERFUME_BRAND_TEXT,38855,Coach,Coach the Fragrance,https://www.fragrantica.com/perfume/Coach/Coach-the-Fragrance-38855.html,EXACT_PERFUME_BRAND_TEXT,1.0000,1.0000,PASS
551-COUR,641,Hyperbole,VERIFIED,EXACT_PERFUME_BRAND_TEXT,40170,Courreges,Hyperbole,https://www.fragrantica.com/perfume/Courreges/Hyperbole-40170.html,EXACT_PERFUME_BRAND_TEXT,1.0000,1.0000,PASS
552-DOL,642,ANTHOLOGY L'IMPERATRICE 3,VERIFIED,WEB_VERIFIED_FRAGRANTICA,6086,Dolce&Gabbana,D&G Anthology L'Imperatrice 3,https://www.fragrantica.com/p/6086,WEB_VERIFIED_FRAGRANTICA,1.0000,1.0000,PASS
553-DOL,,DOLCE,NOT_FOUND,NO_CORPUS_CODE_MATCH,,,,,,,0.0000,NOT_MAPPED
554-DOL,644,Dolce Floral Drops,VERIFIED,CONFIRMED_IDENTITY_EXACT_CORPUS,29524,Dolce Gabbana,Dolce Floral Drops,https://www.fragrantica.com/perfume/Dolce-Gabbana/Dolce-Floral-Drops-29524.html,CONFIRMED_IDENTITY_EXACT_CORPUS,1.0000,1.0000,PASS
555-DOL,645,Dolce Garden,VERIFIED,EXACT_UNIQUE_NAME,48151,Dolce Gabbana,Dolce Garden,https://www.fragrantica.com/perfume/Dolce-Gabbana/Dolce-Garden-48151.html,EXACT_UNIQUE_NAME,1.0000,1.0000,PASS
556-DOL,646,L'Eau The One,VERIFIED,EXACT_UNIQUE_NAME,4494,Dolce Gabbana,L eau The One,https://www.fragrantica.com/perfume/Dolce-Gabbana/L-eau-The-One-4494.html,EXACT_UNIQUE_NAME,1.0000,1.0000,PASS
557-DOL,647,Light-blue-eau-de-toilette,VERIFIED,EXACT_UNIQUE_NAME,485,Dolce Gabbana,Light Blue,https://www.fragrantica.com/perfume/Dolce-Gabbana/Light-Blue-485.html,EXACT_UNIQUE_NAME,1.0000,1.0000,PASS
558-DOL,648,Light Blue Escape To Panarea,VERIFIED,EXACT_UNIQUE_NAME,23620,Dolce Gabbana,Light Blue Escape to Panarea,https://www.fragrantica.com/perfume/Dolce-Gabbana/Light-Blue-Escape-to-Panarea-23620.html,EXACT_UNIQUE_NAME,1.0000,1.0000,PASS
559-DOL,649,Light Blue Love In Capri,VERIFIED,EXACT_UNIQUE_NAME,36601,Dolce Gabbana,Light Blue Love in Capri,https://www.fragrantica.com/perfume/Dolce-Gabbana/Light-Blue-Love-in-Capri-36601.html,EXACT_UNIQUE_NAME,1.0000,1.0000,PASS
560-DOL,650,Light Blue Sunset In Salina,VERIFIED,EXACT_UNIQUE_NAME,29959,Dolce Gabbana,Light Blue Sunset in Salina,https://www.fragrantica.com/perfume/Dolce-Gabbana/Light-Blue-Sunset-in-Salina-29959.html,EXACT_UNIQUE_NAME,1.0000,1.0000,PASS
561-DOL,651,Dolce  Gabbana Pour Femme,VERIFIED,CONFIRMED_IDENTITY_EXACT_CORPUS,15335,Dolce Gabbana,Dolce Gabbana Pour Femme,https://www.fragrantica.com/perfume/Dolce-Gabbana/Dolce-Gabbana-Pour-Femme-15335.html,CONFIRMED_IDENTITY_EXACT_CORPUS,1.0000,1.0000,PASS
562-DOL,652,Dolce  Gabbana Pour Femme Intense,VERIFIED,CONFIRMED_IDENTITY_EXACT_CORPUS,18837,Dolce Gabbana,Dolce Gabbana Pour Femme Intense,https://www.fragrantica.com/perfume/Dolce-Gabbana/Dolce-Gabbana-Pour-Femme-Intense-18837.html,CONFIRMED_IDENTITY_EXACT_CORPUS,1.0000,1.0000,PASS
563-DOL,653,Rose-the-one,VERIFIED,EXACT_UNIQUE_NAME,6461,Dolce Gabbana,Rose The One,https://www.fragrantica.com/perfume/Dolce-Gabbana/Rose-The-One-6461.html,EXACT_UNIQUE_NAME,1.0000,1.0000,PASS
564-DOL,1937,SEXY CHOCLATE,NOT_FOUND,NO_FOUND_ID_FOR_CODE,,,,,,,0.0000,NOT_MAPPED
565-DOL,654,Sicily,VERIFIED,CONFIRMED_IDENTITY_EXACT_CORPUS,486,Dolce Gabbana,Sicily,https://www.fragrantica.com/perfume/Dolce-Gabbana/Sicily-486.html,CONFIRMED_IDENTITY_EXACT_CORPUS,1.0000,1.0000,PASS
566-DOL,655,The One,VERIFIED,CONFIRMED_IDENTITY_EXACT_CORPUS,698,Dolce Gabbana,The One,https://www.fragrantica.com/perfume/Dolce-Gabbana/The-One-698.html,CONFIRMED_IDENTITY_EXACT_CORPUS,1.0000,1.0000,PASS
567-DOL,656,The One Desire,VERIFIED,EXACT_UNIQUE_NAME,17124,Dolce Gabbana,The One Desire,https://www.fragrantica.com/perfume/Dolce-Gabbana/The-One-Desire-17124.html,EXACT_UNIQUE_NAME,1.0000,1.0000,PASS
568-DOL,657,The One Essence,VERIFIED,EXACT_UNIQUE_NAME,31968,Dolce Gabbana,The One Essence,https://www.fragrantica.com/perfume/Dolce-Gabbana/The-One-Essence-31968.html,EXACT_UNIQUE_NAME,1.0000,1.0000,PASS
569-DOL,658,The-only-one-eau-de-,VERIFIED,EXACT_UNIQUE_NAME,51249,Dolce Gabbana,The Only One,https://www.fragrantica.com/perfume/Dolce-Gabbana/The-Only-One-51249.html,EXACT_UNIQUE_NAME,1.0000,1.0000,PASS
570-DOL,659,(RED CUP),VERIFIED,WEB_VERIFIED_FRAGRANTICA,484,,,https://www.fragrantica.com/perfume/Dolce-Gabbana/D-G-484.html,WEB_VERIFIED_FRAGRANTICA,1.0000,1.0000,PASS
571-DAV,,COOL WATER,VERIFIED,WEB_VERIFIED_FRAGRANTICA,508,,,https://www.fragrantica.com/perfume/Davidoff/Cool-Water-508.html,WEB_VERIFIED_FRAGRANTICA,1.0000,1.0000,PASS
572-DIE,661,LOVERDOS,VERIFIED,SAFE_FUZZY_SAME_BRAND,12446,Diesel,Loverdose,https://www.fragrantica.com/perfume/Diesel/Loverdose-12446.html,SAFE_FUZZY_SAME_BRAND,0.9412,1.0000,PASS
573-DIE,662,Loverdose Red Kiss,VERIFIED,EXACT_PERFUME_BRAND_TEXT,29771,Diesel,Loverdose Red Kiss,https://www.fragrantica.com/perfume/Diesel/Loverdose-Red-Kiss-29771.html,EXACT_PERFUME_BRAND_TEXT,1.0000,1.0000,PASS
574-DON,663,Be Delicious Eau de Parfum,VERIFIED,SAFE_TOKEN_SAME_BRAND,498,Donna Karan,DKNY Be Delicious,https://www.fragrantica.com/perfume/Donna-Karan/DKNY-Be-Delicious-498.html,SAFE_TOKEN_SAME_BRAND,0.9860,1.0000,PASS
575-DON,664,Be Tempted,VERIFIED,SAFE_TOKEN_SAME_BRAND,39240,Donna Karan,DKNY Be Tempted,https://www.fragrantica.com/perfume/Donna-Karan/DKNY-Be-Tempted-39240.html,SAFE_TOKEN_SAME_BRAND,0.9860,1.0000,PASS
576-DON,665,Black Cashmere,VERIFIED,SAFE_TOKEN_SAME_BRAND,495,Donna Karan,Black Cashmere,https://www.fragrantica.com/perfume/Donna-Karan/Black-Cashmere-495.html,SAFE_TOKEN_SAME_BRAND,0.9560,1.0000,PASS
577-DON,666,CASHMERE MIST - DKNY,VERIFIED,WEB_VERIFIED_FRAGRANTICA,496,,,https://www.fragrantica.com/perfume/Donna-Karan/Cashmere-Mist-496.html,WEB_VERIFIED_FRAGRANTICA,1.0000,1.0000,PASS
578-DON,667,DKNY,VERIFIED,WEB_VERIFIED_FRAGRANTICA,504,Donna Karan,DKNY Women,https://www.fragrantica.com/p/504,WEB_VERIFIED_FRAGRANTICA,1.0000,1.0000,PASS
579-DON,668,Delicious Delights Fruity Rooty,VERIFIED,SAFE_TOKEN_SAME_BRAND,29370,Donna Karan,DKNY Delicious Delights Fruity Rooty,https://www.fragrantica.com/perfume/Donna-Karan/DKNY-Delicious-Delights-Fruity-Rooty-29370.html,SAFE_TOKEN_SAME_BRAND,0.9440,1.0000,PASS
580-DON,669,Golden-delicious-eau-de-,VERIFIED,SAFE_TOKEN_SAME_BRAND,10914,Donna Karan,DKNY Golden Delicious,https://www.fragrantica.com/perfume/Donna-Karan/DKNY-Golden-Delicious-10914.html,SAFE_TOKEN_SAME_BRAND,0.9860,0.7273,REVIEW
581-DON,670,MY NY - Donna Karan,VERIFIED,WEB_VERIFIED_FRAGRANTICA,25948,Donna Karan,DKNY My NY,https://www.fragrantica.com/p/25948,WEB_VERIFIED_FRAGRANTICA,1.0000,1.0000,PASS
582-DON,671,Nectar Love,VERIFIED,SAFE_TOKEN_SAME_BRAND,45499,Donna Karan,DKNY Nectar Love,https://www.fragrantica.com/perfume/Donna-Karan/DKNY-Nectar-Love-45499.html,SAFE_TOKEN_SAME_BRAND,0.9860,1.0000,PASS
583-DON,2764,PURE DKNY - DONNA KARAN,VERIFIED,EXACT_PERFUME_BRAND_TEXT,7973,Donna Karan,Pure DKNY,https://www.fragrantica.com/perfume/Donna-Karan/Pure-DKNY-7973.html,EXACT_PERFUME_BRAND_TEXT,1.0000,1.0000,PASS
584-DSQ,673,POTION FOR WOMEN - DSQUARED,VERIFIED,WEB_VERIFIED_FRAGRANTICA,15481,DSQUARED²,Potion for Women,https://www.fragrantica.com/p/15481,WEB_VERIFIED_FRAGRANTICA,1.0000,1.0000,PASS
585-DSQ,674,She Wood,VERIFIED,CONFIRMED_IDENTITY_EXACT_CORPUS,3552,DSQUARED2,She Wood,https://www.fragrantica.com/perfume/DSQUARED2/She-Wood-3552.html,CONFIRMED_IDENTITY_EXACT_CORPUS,1.0000,1.0000,PASS
586-DSQ,675,Want,VERIFIED,CONFIRMED_IDENTITY_EXACT_CORPUS,31292,DSQUARED2,Want,https://www.fragrantica.com/perfume/DSQUARED2/Want-31292.html,CONFIRMED_IDENTITY_EXACT_CORPUS,1.0000,1.0000,PASS
587-DSQ,676,Want Pink Ginger,VERIFIED,CONFIRMED_IDENTITY_EXACT_CORPUS,40156,DSQUARED2,Want Pink Ginger,https://www.fragrantica.com/perfume/DSQUARED2/Want-Pink-Ginger-40156.html,CONFIRMED_IDENTITY_EXACT_CORPUS,1.0000,1.0000,PASS
588-ELI,677,Le Parfum,VERIFIED,WEB_VERIFIED_FRAGRANTICA,12258,Elie Saab,Le Parfum,https://www.fragrantica.com/p/12258,WEB_VERIFIED_FRAGRANTICA,1.0000,1.0000,PASS
589-ELI,1936,Girl of Now,VERIFIED,WEB_VERIFIED_FRAGRANTICA,45686,,,https://www.fragrantica.com/perfume/Elie-Saab/Girl-of-Now-45686.html,WEB_VERIFIED_FRAGRANTICA,1.0000,1.0000,PASS
590-ELIZ,678,5th AVENUE - ELIZABETH,VERIFIED,WEB_VERIFIED_FRAGRANTICA,81,Elizabeth Arden,5th Avenue,https://www.fragrantica.com/p/81,WEB_VERIFIED_FRAGRANTICA,1.0000,1.0000,PASS
591-ELIZ,679,Green Tea Yuzu,VERIFIED,EXACT_PERFUME_BRAND_TEXT,24471,Elizabeth Arden,Green Tea Yuzu,https://www.fragrantica.com/perfume/Elizabeth-Arden/Green-Tea-Yuzu-24471.html,EXACT_PERFUME_BRAND_TEXT,1.0000,1.0000,PASS
592-ELIZ,680,RED DOOR - ELIZABETH ARDEN,VERIFIED,EXACT_PERFUME_BRAND_TEXT,86,Elizabeth Arden,Red Door,https://www.fragrantica.com/perfume/Elizabeth-Arden/Red-Door-86.html,EXACT_PERFUME_BRAND_TEXT,1.0000,1.0000,PASS
593-ELZT,681,White Diamonds,VERIFIED,WEB_VERIFIED_FRAGRANTICA,887,Elizabeth Taylor,White Diamonds,https://www.fragrantica.com/p/887,WEB_VERIFIED_FRAGRANTICA,1.0000,1.0000,PASS
594-EMAN,682,Diva Eau de Parfum,VERIFIED,WEB_VERIFIED_FRAGRANTICA,901,Emanuel Ungaro,Diva,https://www.fragrantica.com/p/901,WEB_VERIFIED_FRAGRANTICA,1.0000,1.0000,PASS
595-EMIL,683,EMILIO PUCCI,VERIFIED,WEB_VERIFIED_FRAGRANTICA,21762,,,https://www.fragrantica.com/perfume/Emilio-Pucci/Pucci-21762.html,WEB_VERIFIED_FRAGRANTICA,1.0000,1.0000,PASS
596-ESC,684,Agua Del Sol,VERIFIED,WEB_VERIFIED_FRAGRANTICA,32741,Escada,Agua del Sol,https://www.fragrantica.com/p/32741,WEB_VERIFIED_FRAGRANTICA,1.0000,1.0000,PASS
597-ESC,685,Born In Paradise,VERIFIED,WEB_VERIFIED_FRAGRANTICA,22106,Escada,Born in Paradise,https://www.fragrantica.com/p/22106,WEB_VERIFIED_FRAGRANTICA,1.0000,1.0000,PASS
598-ESC,686,CELEBRATE NOW - ESCADA,VERIFIED,WEB_VERIFIED_FRAGRANTICA,46180,Escada,Celebrate N.O.W.,https://www.fragrantica.com/p/46180,WEB_VERIFIED_FRAGRANTICA,1.0000,1.0000,PASS
599-ESC,687,Cherry In The Air,VERIFIED,WEB_VERIFIED_FRAGRANTICA,17129,Escada,Cherry in the Air,https://www.fragrantica.com/p/17129,WEB_VERIFIED_FRAGRANTICA,1.0000,1.0000,PASS
600-ESC,688,Fiesta Carioca,VERIFIED,WEB_VERIFIED_FRAGRANTICA,41897,Escada,Fiesta Carioca,https://www.fragrantica.com/p/41897,WEB_VERIFIED_FRAGRANTICA,1.0000,1.0000,PASS
601-ESC,2052,Flor-del-sol,VERIFIED,WEB_VERIFIED_FRAGRANTICA,58398,,,https://www.fragrantica.com/perfume/Escada/Flor-del-Sol-58398.html,WEB_VERIFIED_FRAGRANTICA,1.0000,1.0000,PASS
602-ESC,689,Joyful,VERIFIED,WEB_VERIFIED_FRAGRANTICA,25459,Escada,Joyful,https://www.fragrantica.com/p/25459,WEB_VERIFIED_FRAGRANTICA,1.0000,1.0000,PASS
603-ESC,690,Incredible Me,VERIFIED,WEB_VERIFIED_FRAGRANTICA,3861,Escada,Incredible Me,https://www.fragrantica.com/p/3861,WEB_VERIFIED_FRAGRANTICA,1.0000,1.0000,PASS
604-ESC,691,Magnetism,VERIFIED,WEB_VERIFIED_FRAGRANTICA,1036,Escada,Escada Magnetism,https://www.fragrantica.com/p/1036,WEB_VERIFIED_FRAGRANTICA,1.0000,1.0000,PASS
605-ESC,1766,Miami Blossom,VERIFIED,WEB_VERIFIED_FRAGRANTICA,53054,,,https://www.fragrantica.com/perfume/Escada/Miami-Blossom-53054.html,WEB_VERIFIED_FRAGRANTICA,1.0000,1.0000,PASS
606-ESC,692,MARGARETHA LEY (CLASSIC) - ESCADA,VERIFIED,WEB_VERIFIED_FRAGRANTICA,1365,Escada,Escada Margaretha Ley,https://www.fragrantica.com/p/1365,WEB_VERIFIED_FRAGRANTICA,1.0000,1.0000,PASS
607-ESC,693,Marine Groove,VERIFIED,WEB_VERIFIED_FRAGRANTICA,7303,Escada,Escada Marine Groove,https://www.fragrantica.com/p/7303,WEB_VERIFIED_FRAGRANTICA,1.0000,1.0000,PASS
608-ESC,1932,Moon Sparkle,VERIFIED,WEB_VERIFIED_FRAGRANTICA,1887,,,https://www.fragrantica.com/perfume/Escada/Escada-Moon-Sparkle-1887.html,WEB_VERIFIED_FRAGRANTICA,1.0000,1.0000,PASS
609-ESC,2216,Sentiment,VERIFIED,WEB_VERIFIED_FRAGRANTICA,1179,Escada,Sentiment,https://www.fragrantica.com/p/1179,WEB_VERIFIED_FRAGRANTICA,1.0000,1.0000,PASS
610-ESC,694,Sorbetto Rosso,VERIFIED,WEB_VERIFIED_FRAGRANTICA,47255,Escada,Sorbetto Rosso,https://www.fragrantica.com/p/47255,WEB_VERIFIED_FRAGRANTICA,1.0000,1.0000,PASS
611-ESC,695,Taj Sunset,VERIFIED,WEB_VERIFIED_FRAGRANTICA,10611,Escada,Taj Sunset,https://www.fragrantica.com/p/10611,WEB_VERIFIED_FRAGRANTICA,1.0000,1.0000,PASS
612-ESC,696,TURQUOISE - ESCADA,VERIFIED,WEB_VERIFIED_FRAGRANTICA,28630,,,https://www.fragrantica.com/perfume/Escada/Turquoise-Summer-28630.html,WEB_VERIFIED_FRAGRANTICA,1.0000,1.0000,PASS
613-ESC,697,Turquoise Summer,VERIFIED,WEB_VERIFIED_FRAGRANTICA,28630,Escada,Turquoise Summer,https://www.fragrantica.com/p/28630,WEB_VERIFIED_FRAGRANTICA,1.0000,1.0000,PASS
614-EST,698,Beautiful Eau de Parfum,VERIFIED,EXACT_PERFUME_BRAND_TEXT,528,Estee Lauder,Beautiful,https://www.fragrantica.com/perfume/Estee-Lauder/Beautiful-528.html,EXACT_PERFUME_BRAND_TEXT,1.0000,1.0000,PASS
615-EST,1777,Beautiful Belle,VERIFIED,EXACT_PERFUME_BRAND_TEXT,50793,Estee Lauder,Beautiful Belle,https://www.fragrantica.com/perfume/Estee-Lauder/Beautiful-Belle-50793.html,EXACT_PERFUME_BRAND_TEXT,1.0000,1.0000,PASS
616-EST,699,Beyond Paradise,VERIFIED,WEB_VERIFIED_FRAGRANTICA,530,,,https://www.fragrantica.com/perfume/Estee-Lauder/Beyond-Paradise-530.html,WEB_VERIFIED_FRAGRANTICA,1.0000,1.0000,PASS
617-EST,700,Brasil Dream,VERIFIED,EXACT_PERFUME_BRAND_TEXT,4942,Estee Lauder,Brasil Dream,https://www.fragrantica.com/perfume/Estee-Lauder/Brasil-Dream-4942.html,EXACT_PERFUME_BRAND_TEXT,1.0000,1.0000,PASS
618-EST,701,Bronze Goddess Capri,VERIFIED,EXACT_PERFUME_BRAND_TEXT,14309,Estee Lauder,Bronze Goddess Capri,https://www.fragrantica.com/perfume/Estee-Lauder/Bronze-Goddess-Capri-14309.html,EXACT_PERFUME_BRAND_TEXT,1.0000,1.0000,PASS
619-EST,702,Bronze Goddess Eau Fraiche Skinscent Estee Lauder,VERIFIED,WEB_VERIFIED_FRAGRANTICA,2857,Estée Lauder,Bronze Goddess Eau Fraîche Skinscent,https://www.fragrantica.com/p/2857,WEB_VERIFIED_FRAGRANTICA,1.0000,1.0000,PASS
620-EST,703,Bronze Goddess Soleil,VERIFIED,EXACT_PERFUME_BRAND_TEXT,11537,Estee Lauder,Bronze Goddess Soleil,https://www.fragrantica.com/perfume/Estee-Lauder/Bronze-Goddess-Soleil-11537.html,EXACT_PERFUME_BRAND_TEXT,1.0000,1.0000,PASS
621-EST,,BRONZE GODDESS EAU DE PARFUM (SUMMER LIMITED EDITION),VERIFIED,WEB_VERIFIED_FRAGRANTICA,11538,,,https://www.fragrantica.com/perfume/Estee-Lauder/Bronze-Goddess-2011-11538.html,WEB_VERIFIED_FRAGRANTICA,1.0000,1.0000,PASS
622-EST,705,Cinnabar Eau de Parfum,VERIFIED,WEB_VERIFIED_FRAGRANTICA,546,,,https://www.fragrantica.com/perfume/Estee-Lauder/Cinnabar-546.html,WEB_VERIFIED_FRAGRANTICA,1.0000,1.0000,PASS
623-EST,706,ESTEE - ESTEE LAUDER,VERIFIED,WEB_VERIFIED_FRAGRANTICA,544,,,https://www.fragrantica.com/perfume/Estee-Lauder/Estee-544.html,WEB_VERIFIED_FRAGRANTICA,1.0000,1.0000,PASS
624-EST,,INTUITION FOR WOMEN,VERIFIED,WEB_VERIFIED_FRAGRANTICA,541,,,https://www.fragrantica.com/perfume/Estee-Lauder/Intuition-541.html,WEB_VERIFIED_FRAGRANTICA,1.0000,1.0000,PASS
625-EST,708,Knowing Eau de Parfum,VERIFIED,EXACT_PERFUME_BRAND_TEXT,548,Estee Lauder,Knowing,https://www.fragrantica.com/perfume/Estee-Lauder/Knowing-548.html,EXACT_PERFUME_BRAND_TEXT,1.0000,1.0000,PASS
626-EST,709,Modern Muse Eau de Parfum,VERIFIED,EXACT_PERFUME_BRAND_TEXT,18319,Estee Lauder,Modern Muse,https://www.fragrantica.com/perfume/Estee-Lauder/Modern-Muse-18319.html,EXACT_PERFUME_BRAND_TEXT,1.0000,1.0000,PASS
627-EST,710,Modern Muse Le Rouge,VERIFIED,EXACT_PERFUME_BRAND_TEXT,31293,Estee Lauder,Modern Muse Le Rouge,https://www.fragrantica.com/perfume/Estee-Lauder/Modern-Muse-Le-Rouge-31293.html,EXACT_PERFUME_BRAND_TEXT,1.0000,1.0000,PASS
628-EST,711,Modern Muse Nuit,VERIFIED,EXACT_BRAND_CLEAN_NAME,40455,Estee Lauder,Modern Muse Nuit,https://www.fragrantica.com/perfume/Estee-Lauder/Modern-Muse-Nuit-40455.html,EXACT_BRAND_CLEAN_NAME,1.0000,1.0000,PASS
629-EST,712,Pleasures,VERIFIED,EXACT_PERFUME_BRAND_TEXT,536,Estee Lauder,Pleasures,https://www.fragrantica.com/perfume/Estee-Lauder/Pleasures-536.html,EXACT_PERFUME_BRAND_TEXT,1.0000,1.0000,PASS
630-EST,713,Pleasures Delight,VERIFIED,EXACT_PERFUME_BRAND_TEXT,1988,Estee Lauder,Pleasures Delight,https://www.fragrantica.com/perfume/Estee-Lauder/Pleasures-Delight-1988.html,EXACT_PERFUME_BRAND_TEXT,1.0000,1.0000,PASS
631-EST,714,Private Collection Eau de Parfum,VERIFIED,EXACT_PERFUME_BRAND_TEXT,547,Estee Lauder,Private Collection,https://www.fragrantica.com/perfume/Estee-Lauder/Private-Collection-547.html,EXACT_PERFUME_BRAND_TEXT,1.0000,1.0000,PASS
632-EST,715,JASMIN WHITE MOSS - ESTEE LAUDER,VERIFIED,SAFE_TOKEN_SAME_BRAND,6066,Estee Lauder,Private Collection Jasmin White Moss,https://www.fragrantica.com/perfume/Estee-Lauder/Private-Collection-Jasmin-White-Moss-6066.html,SAFE_TOKEN_SAME_BRAND,0.9760,0.5152,REVIEW
633-EST,716,Private Collection Tuberose Gardenia,VERIFIED,EXACT_UNIQUE_NAME,101277,Aerin,Tuberose Gardenia,https://www.fragrantica.com/perfume/Aerin/Tuberose-Gardenia-101277.html,EXACT_UNIQUE_NAME,1.0000,1.0000,PASS
634-EST,717,Sensuous Eau de Parfum,VERIFIED,EXACT_BRAND_CLEAN_NAME,2938,Estee Lauder,Sensuous,https://www.fragrantica.com/perfume/Estee-Lauder/Sensuous-2938.html,EXACT_BRAND_CLEAN_NAME,1.0000,1.0000,PASS
635-EST,718,Sensuous Noir,VERIFIED,EXACT_PERFUME_BRAND_TEXT,9895,Estee Lauder,Sensuous Noir,https://www.fragrantica.com/perfume/Estee-Lauder/Sensuous-Noir-9895.html,EXACT_PERFUME_BRAND_TEXT,1.0000,1.0000,PASS
636-EST,719,Sensuous Nude,VERIFIED,EXACT_PERFUME_BRAND_TEXT,12219,Estee Lauder,Sensuous Nude,https://www.fragrantica.com/perfume/Estee-Lauder/Sensuous-Nude-12219.html,EXACT_PERFUME_BRAND_TEXT,1.0000,1.0000,PASS
637-EST,2145,Spellbound,VERIFIED,WEB_VERIFIED_FRAGRANTICA,552,,,https://www.fragrantica.com/perfume/Est-e-Lauder/SpellBound-552.html,WEB_VERIFIED_FRAGRANTICA,1.0000,1.0000,PASS
638-EST,720,White Linen Eau de Parfum,VERIFIED,EXACT_PERFUME_BRAND_TEXT,542,Estee Lauder,White Linen,https://www.fragrantica.com/perfume/Estee-Lauder/White-Linen-542.html,EXACT_PERFUME_BRAND_TEXT,1.0000,1.0000,PASS
639-FEN,721,FENDI Woman,VERIFIED,WEB_VERIFIED_FRAGRANTICA,200,,,https://www.fragrantica.com/perfume/Fendi/Fendi-200.html,WEB_VERIFIED_FRAGRANTICA,1.0000,1.0000,PASS
640-FEN,722,L'ACQUA ROSSA - FENDI,VERIFIED,WEB_VERIFIED_FRAGRANTICA,18706,Fendi,L'Acquarossa,https://www.fragrantica.com/p/18706,WEB_VERIFIED_FRAGRANTICA,1.0000,1.0000,PASS
641-FRE,723,PORTRAIT OF A LADY,VERIFIED,CONFIRMED_IDENTITY_EXACT_CORPUS,10464,Frederic Malle,Portrait of a Lady,https://www.fragrantica.com/perfume/Frederic-Malle/Portrait-of-a-Lady-10464.html,CONFIRMED_IDENTITY_EXACT_CORPUS,1.0000,1.0000,PASS
643-ARM,724,Acqua di Gioia Eau de Parfum,VERIFIED,EXACT_BRAND_CLEAN_NAME,8442,Giorgio Armani,Acqua di Gioia,https://www.fragrantica.com/perfume/Giorgio-Armani/Acqua-di-Gioia-8442.html,EXACT_BRAND_CLEAN_NAME,1.0000,1.0000,PASS
644-ARM,725,Acqua Di Gioia Essenza,VERIFIED,EXACT_BRAND_CLEAN_NAME,12402,Giorgio Armani,Acqua di Gioia Essenza,https://www.fragrantica.com/perfume/Giorgio-Armani/Acqua-di-Gioia-Essenza-12402.html,EXACT_BRAND_CLEAN_NAME,1.0000,1.0000,PASS
645-ARM,726,ACQUA DI GIOIA JASMINE,VERIFIED,EXACT_BRAND_CLEAN_NAME,30621,Giorgio Armani,Acqua Di Gioia Jasmine,https://www.fragrantica.com/perfume/Giorgio-Armani/Acqua-Di-Gioia-Jasmine-30621.html,EXACT_BRAND_CLEAN_NAME,1.0000,1.0000,PASS
646-ARM,727,Armani Code for Women Eau de Parfum,VERIFIED,EXACT_UNIQUE_NAME,101026,Aqua Arabia,Code,https://www.fragrantica.com/perfume/Aqua-Arabia/Code-101026.html,EXACT_UNIQUE_NAME,1.0000,1.0000,PASS
647-ARM,1774,Armani Code Cashmere,VERIFIED,SAFE_TOKEN_SAME_BRAND,42278,Giorgio Armani,Armani Code Cashmere,https://www.fragrantica.com/perfume/Giorgio-Armani/Armani-Code-Cashmere-42278.html,SAFE_TOKEN_SAME_BRAND,0.9560,1.0000,PASS
648-ARM,728,Armani Code Satin,VERIFIED,SAFE_TOKEN_SAME_BRAND,31664,Giorgio Armani,Armani Code Satin,https://www.fragrantica.com/perfume/Giorgio-Armani/Armani-Code-Satin-31664.html,SAFE_TOKEN_SAME_BRAND,0.9560,1.0000,PASS
649-ARM,729,Armani Code Turquoise,VERIFIED,WEB_VERIFIED_FRAGRANTICA,30323,,,https://www.fragrantica.com/perfume/Giorgio-Armani/Armani-Code-Turquoise-for-Women-30323.html,WEB_VERIFIED_FRAGRANTICA,1.0000,1.0000,PASS
650-ARM,730,Emporio Armani Because It S You,VERIFIED,SAFE_TOKEN_SAME_BRAND,45257,Giorgio Armani,Emporio Armani Because It s You,https://www.fragrantica.com/perfume/Giorgio-Armani/Emporio-Armani-Because-It-s-You-45257.html,SAFE_TOKEN_SAME_BRAND,0.9760,1.0000,PASS
651-ARM,731,LEI/ELLE/SHE/ELLA,VERIFIED,WEB_VERIFIED_FRAGRANTICA,417,Giorgio Armani,Emporio Armani Lei,https://www.fragrantica.com/p/417,WEB_VERIFIED_FRAGRANTICA,1.0000,1.0000,PASS
652-ARM,1883,Emporio Armani  In Love With You,VERIFIED,CONFIRMED_IDENTITY_EXACT_CORPUS,52801,Giorgio Armani,Emporio Armani In Love With You,https://www.fragrantica.com/perfume/Giorgio-Armani/Emporio-Armani-In-Love-With-You-52801.html,CONFIRMED_IDENTITY_EXACT_CORPUS,1.0000,1.0000,PASS
653-ARM,,ARMANI MANIA FOR WOMEN,VERIFIED,EXACT_BRAND_CLEAN_NAME,423,Giorgio Armani,Mania,https://www.fragrantica.com/perfume/Giorgio-Armani/Mania-423.html,EXACT_BRAND_CLEAN_NAME,1.0000,1.0000,PASS
654-ARM,2123,My Way Eau de Parfum,VERIFIED,EXACT_BRAND_CLEAN_NAME,62036,Giorgio Armani,My Way,https://www.fragrantica.com/perfume/Giorgio-Armani/My-Way-62036.html,EXACT_BRAND_CLEAN_NAME,1.0000,1.0000,PASS
655-ARM,733,Si,VERIFIED,CONFIRMED_IDENTITY_EXACT_CORPUS,18453,Giorgio Armani,Si,https://www.fragrantica.com/perfume/Giorgio-Armani/Si-18453.html,CONFIRMED_IDENTITY_EXACT_CORPUS,1.0000,1.0000,PASS
656-ARM,1769,SI FIORI,VERIFIED,EXACT_BRAND_CLEAN_NAME,53243,Giorgio Armani,Si Fiori,https://www.fragrantica.com/perfume/Giorgio-Armani/Si-Fiori-53243.html,EXACT_BRAND_CLEAN_NAME,1.0000,1.0000,PASS
657-ARM,734,SI INTENSE,VERIFIED,EXACT_BRAND_CLEAN_NAME,25947,Giorgio Armani,Si Intense,https://www.fragrantica.com/perfume/Giorgio-Armani/Si-Intense-25947.html,EXACT_BRAND_CLEAN_NAME,1.0000,1.0000,PASS
658-ARM,735,SI PASSIONE,VERIFIED,EXACT_BRAND_CLEAN_NAME,48002,Giorgio Armani,Si Passione,https://www.fragrantica.com/perfume/Giorgio-Armani/Si-Passione-48002.html,EXACT_BRAND_CLEAN_NAME,1.0000,1.0000,PASS
659-ARM,2077,Sì Passione Intense,VERIFIED,EXACT_BRAND_CLEAN_NAME,58737,Giorgio Armani,Si Passione Intense,https://www.fragrantica.com/perfume/Giorgio-Armani/Si-Passione-Intense-58737.html,EXACT_BRAND_CLEAN_NAME,1.0000,0.9730,PASS
660-ARM,736,Si-eau-de-parfum-rose-signature,VERIFIED,EXACT_BRAND_CLEAN_NAME,35248,Giorgio Armani,Si Rose Signature,https://www.fragrantica.com/perfume/Giorgio-Armani/Si-Rose-Signature-35248.html,EXACT_BRAND_CLEAN_NAME,1.0000,0.8293,PASS
661-ARM,737,Sun Di Gioia,VERIFIED,EXACT_BRAND_CLEAN_NAME,36600,Giorgio Armani,Sun di Gioia,https://www.fragrantica.com/perfume/Giorgio-Armani/Sun-di-Gioia-36600.html,EXACT_BRAND_CLEAN_NAME,1.0000,1.0000,PASS
662-GIV,738,Amarige,VERIFIED,EXACT_BRAND_CLEAN_NAME,3,Givenchy,Amarige,https://www.fragrantica.com/perfume/Givenchy/Amarige-3.html,EXACT_BRAND_CLEAN_NAME,1.0000,1.0000,PASS
663-GIV,739,the fragrance Amarige Mariage,VERIFIED,EXACT_BRAND_CLEAN_NAME,757,Givenchy,Amarige Mariage,https://www.fragrantica.com/perfume/Givenchy/Amarige-Mariage-757.html,EXACT_BRAND_CLEAN_NAME,1.0000,1.0000,PASS
664-GIV,740,Ange Ou Demon,VERIFIED,EXACT_BRAND_CLEAN_NAME,701,Givenchy,Ange ou Demon,https://www.fragrantica.com/perfume/Givenchy/Ange-ou-Demon-701.html,EXACT_BRAND_CLEAN_NAME,1.0000,1.0000,PASS
665-GIV,741,Bloom,VERIFIED,EXACT_BRAND_CLEAN_NAME,17610,Givenchy,Bloom,https://www.fragrantica.com/perfume/Givenchy/Bloom-17610.html,EXACT_BRAND_CLEAN_NAME,1.0000,1.0000,PASS
666-GIV,,DAHLIA DIVIN,VERIFIED,EXACT_BRAND_CLEAN_NAME,25972,Givenchy,Dahlia Divin,https://www.fragrantica.com/perfume/Givenchy/Dahlia-Divin-25972.html,EXACT_BRAND_CLEAN_NAME,1.0000,1.0000,PASS
667-GIV,,DAHLIA NOIR,VERIFIED,EXACT_BRAND_CLEAN_NAME,12146,Givenchy,Dahlia Noir,https://www.fragrantica.com/perfume/Givenchy/Dahlia-Noir-12146.html,EXACT_BRAND_CLEAN_NAME,1.0000,1.0000,PASS
668-GIV,,HOT COUTURE,VERIFIED,EXACT_BRAND_CLEAN_NAME,35,Givenchy,Hot Couture,https://www.fragrantica.com/perfume/Givenchy/Hot-Couture-35.html,EXACT_BRAND_CLEAN_NAME,1.0000,1.0000,PASS
669-GIV,745,L’Interdit,VERIFIED,EXACT_BRAND_CLEAN_NAME,4695,Givenchy,L Interdit,https://www.fragrantica.com/perfume/Givenchy/L-Interdit-4695.html,EXACT_BRAND_CLEAN_NAME,1.0000,1.0000,PASS
670-GIV,,ORGANZA,VERIFIED,EXACT_BRAND_CLEAN_NAME,4,Givenchy,Organza,https://www.fragrantica.com/perfume/Givenchy/Organza-4.html,EXACT_BRAND_CLEAN_NAME,1.0000,1.0000,PASS
671-GIV,,PLAY FOR HER,VERIFIED,EXACT_BRAND_CLEAN_NAME,9369,Givenchy,Play For Her,https://www.fragrantica.com/perfume/Givenchy/Play-For-Her-9369.html,EXACT_BRAND_CLEAN_NAME,1.0000,1.0000,PASS
673-GRS,,CABOTIN,VERIFIED,WEB_VERIFIED_FRAGRANTICA,1061,,,https://www.fragrantica.com/perfume/Gres/Cabotine-1061.html,WEB_VERIFIED_FRAGRANTICA,1.0000,1.0000,PASS
674-GUC,,BAMBOO,VERIFIED,WEB_VERIFIED_FRAGRANTICA,30815,,,https://www.fragrantica.com/perfume/Gucci/Gucci-Bamboo-30815.html,WEB_VERIFIED_FRAGRANTICA,1.0000,1.0000,PASS
675-GUC,751,Bloom,VERIFIED,WEB_VERIFIED_FRAGRANTICA,44894,,,https://www.fragrantica.com/perfume/Gucci/Gucci-Bloom-44894.html,WEB_VERIFIED_FRAGRANTICA,1.0000,1.0000,PASS
676-GUC,752,Flora,VERIFIED,EXACT_UNIQUE_NAME,138007,Anthropologie,Flora,https://www.fragrantica.com/perfume/Anthropologie/Flora-138007.html,EXACT_UNIQUE_NAME,1.0000,1.0000,PASS
677-GUC,2078,G by G,VERIFIED,WEB_VERIFIED_FRAGRANTICA,1150,,,https://www.fragrantica.com/perfume/Gucci/Gucci-by-Gucci-1150.html,WEB_VERIFIED_FRAGRANTICA,1.0000,1.0000,PASS
678-GUC,753,Guilty,VERIFIED,WEB_VERIFIED_FRAGRANTICA,9677,,,https://www.fragrantica.com/perfume/Gucci/Gucci-Guilty-9677.html,WEB_VERIFIED_FRAGRANTICA,1.0000,1.0000,PASS
679-GUC,1920,Guilty Black Pour Femme,VERIFIED,SAFE_TOKEN_SAME_BRAND,17321,Gucci,Gucci Guilty Black Pour Femme,https://www.fragrantica.com/perfume/Gucci/Gucci-Guilty-Black-Pour-Femme-17321.html,SAFE_TOKEN_SAME_BRAND,0.9760,1.0000,PASS
680-GUC,754,Gucci Premiere,VERIFIED,CONFIRMED_IDENTITY_EXACT_CORPUS,15449,Gucci,Gucci Premiere,https://www.fragrantica.com/perfume/Gucci/Gucci-Premiere-15449.html,CONFIRMED_IDENTITY_EXACT_CORPUS,1.0000,1.0000,PASS
681-GUC,755,Rush,VERIFIED,WEB_VERIFIED_FRAGRANTICA,686,,,https://www.fragrantica.com/perfume/Gucci/Gucci-Rush-686.html,WEB_VERIFIED_FRAGRANTICA,1.0000,1.0000,PASS
682-GUR,756,Aqua Allegoria Flora Rosa,VERIFIED,EXACT_PERFUME_BRAND_TEXT,18061,Guerlain,Aqua Allegoria Flora Rosa,https://www.fragrantica.com/perfume/Guerlain/Aqua-Allegoria-Flora-Rosa-18061.html,EXACT_PERFUME_BRAND_TEXT,1.0000,1.0000,PASS
683-GUR,2079,Aqua Allegoria Passiflora,VERIFIED,CONFIRMED_IDENTITY_EXACT_CORPUS,48678,Guerlain,Aqua Allegoria Passiflora,https://www.fragrantica.com/perfume/Guerlain/Aqua-Allegoria-Passiflora-48678.html,CONFIRMED_IDENTITY_EXACT_CORPUS,1.0000,1.0000,PASS
684-GUR,757,Baiser De Russie,VERIFIED,EXACT_PERFUME_BRAND_TEXT,48679,Guerlain,Baiser de Russie,https://www.fragrantica.com/perfume/Guerlain/Baiser-de-Russie-48679.html,EXACT_PERFUME_BRAND_TEXT,1.0000,1.0000,PASS
685-GUR,2062,Champs Elysees,VERIFIED,WEB_VERIFIED_FRAGRANTICA,25330,Guerlain,Champs Elysees Eau de Parfum,https://www.fragrantica.com/perfume/Guerlain/Champs-Elysees-Eau-de-Parfum-25330.html,WEB_VERIFIED_FRAGRANTICA,1.0000,1.0000,PASS
686-GUR,,INSOLENCE,VERIFIED,EXACT_PERFUME_BRAND_TEXT,667,Guerlain,Insolence,https://www.fragrantica.com/perfume/Guerlain/Insolence-667.html,EXACT_PERFUME_BRAND_TEXT,1.0000,1.0000,PASS
687-GUR,,L'INSTANT DE GUERLAIN,VERIFIED,EXACT_PERFUME_BRAND_TEXT,51,Guerlain,L Instant de Guerlain,https://www.fragrantica.com/perfume/Guerlain/L-Instant-de-Guerlain-51.html,EXACT_PERFUME_BRAND_TEXT,1.0000,1.0000,PASS
688-GUR,,L'INSTANT MAGIC,VERIFIED,EXACT_PERFUME_BRAND_TEXT,1106,Guerlain,L Instant Magic,https://www.fragrantica.com/perfume/Guerlain/L-Instant-Magic-1106.html,EXACT_PERFUME_BRAND_TEXT,1.0000,1.0000,PASS
689-GUR,2149,MITSOUKO EAU DE PARFUM - GUERLAIN,VERIFIED,WEB_VERIFIED_FRAGRANTICA,25316,,,https://www.fragrantica.com/perfume/Guerlain/Mitsouko-Eau-de-Parfum-25316.html,WEB_VERIFIED_FRAGRANTICA,1.0000,1.0000,PASS
690-GUR,760,Mon Guerlain,VERIFIED,EXACT_PERFUME_BRAND_TEXT,43297,Guerlain,Mon Guerlain,https://www.fragrantica.com/perfume/Guerlain/Mon-Guerlain-43297.html,EXACT_PERFUME_BRAND_TEXT,1.0000,1.0000,PASS
691-GUR,761,Muguet,VERIFIED,EXACT_PERFUME_BRAND_TEXT,5993,Guerlain,Muguet,https://www.fragrantica.com/perfume/Guerlain/Muguet-5993.html,EXACT_PERFUME_BRAND_TEXT,1.0000,1.0000,PASS
692-GUR,,SAMSARA,VERIFIED,WEB_VERIFIED_FRAGRANTICA,55,,,https://www.fragrantica.com/perfume/Guerlain/Samsara-Eau-de-Parfum-55.html,WEB_VERIFIED_FRAGRANTICA,1.0000,1.0000,PASS
693-GUR,763,SHALIMAR PARFUM - GUERLAIN,VERIFIED,EXACT_PERFUME_BRAND_TEXT,33557,Guerlain,Shalimar Parfum,https://www.fragrantica.com/perfume/Guerlain/Shalimar-Parfum-33557.html,EXACT_PERFUME_BRAND_TEXT,1.0000,1.0000,PASS
694-GUR,1813,Terracotta-terracotta-le-,VERIFIED,EXACT_PERFUME_BRAND_TEXT,24785,Guerlain,Terracotta Le Parfum,https://www.fragrantica.com/perfume/Guerlain/Terracotta-Le-Parfum-24785.html,EXACT_PERFUME_BRAND_TEXT,1.0000,1.0000,PASS
695-GUE,764,Dare,VERIFIED,WEB_VERIFIED_FRAGRANTICA,26415,,,https://www.fragrantica.com/perfume/Guess/Guess-Dare-26415.html,WEB_VERIFIED_FRAGRANTICA,1.0000,1.0000,PASS
696-GLA,,FIDJI,VERIFIED,WEB_VERIFIED_FRAGRANTICA,2068,,,https://www.fragrantica.com/perfume/guy-laroche/fidji-2068.html,WEB_VERIFIED_FRAGRANTICA,1.0000,1.0000,PASS
697-HER,766,Ambre-narguile,VERIFIED,SAFE_TOKEN_SAME_BRAND,2669,Hermes,Hermessence Ambre Narguile,https://www.fragrantica.com/perfume/Hermes/Hermessence-Ambre-Narguile-2669.html,SAFE_TOKEN_SAME_BRAND,0.9560,1.0000,PASS
698-HER,767,Eau-des-merveilles-eau-de-toilette,VERIFIED,EXACT_BRAND_CLEAN_NAME,9,Hermes,Eau des Merveilles,https://www.fragrantica.com/perfume/Hermes/Eau-des-Merveilles-9.html,EXACT_BRAND_CLEAN_NAME,1.0000,1.0000,PASS
699-HER,1780,Eau Des Merveilles Bleue,VERIFIED,EXACT_PERFUME_BRAND_TEXT,42747,Hermes,Eau des Merveilles Bleue,https://www.fragrantica.com/perfume/Hermes/Eau-des-Merveilles-Bleue-42747.html,EXACT_PERFUME_BRAND_TEXT,1.0000,1.0000,PASS
700-HER,768,Elixir Des Merveilles,VERIFIED,EXACT_PERFUME_BRAND_TEXT,3168,Hermes,Elixir des Merveilles,https://www.fragrantica.com/perfume/Hermes/Elixir-des-Merveilles-3168.html,EXACT_PERFUME_BRAND_TEXT,1.0000,1.0000,PASS
701-HER,769,Galop D Hermes,VERIFIED,EXACT_BRAND_CLEAN_NAME,39584,Hermes,Galop d Hermes,https://www.fragrantica.com/perfume/Hermes/Galop-d-Hermes-39584.html,EXACT_BRAND_CLEAN_NAME,1.0000,1.0000,PASS
702-HER,770,Jour D Hermes,VERIFIED,EXACT_BRAND_CLEAN_NAME,17076,Hermes,Jour d Hermes,https://www.fragrantica.com/perfume/Hermes/Jour-d-Hermes-17076.html,EXACT_BRAND_CLEAN_NAME,1.0000,1.0000,PASS
703-HER,,KELLY CALECHE,VERIFIED,EXACT_PERFUME_BRAND_TEXT,1335,Hermes,Kelly Caleche,https://www.fragrantica.com/perfume/Hermes/Kelly-Caleche-1335.html,EXACT_PERFUME_BRAND_TEXT,1.0000,1.0000,PASS
704-HER,771,L Ambre Des Merveilles,VERIFIED,EXACT_PERFUME_BRAND_TEXT,15949,Hermes,L Ambre des Merveilles,https://www.fragrantica.com/perfume/Hermes/L-Ambre-des-Merveilles-15949.html,EXACT_PERFUME_BRAND_TEXT,1.0000,1.0000,PASS
705-HER,772,Le Jardin De Monsieur Li,VERIFIED,EXACT_PERFUME_BRAND_TEXT,29818,Hermes,Le Jardin de Monsieur Li,https://www.fragrantica.com/perfume/Hermes/Le-Jardin-de-Monsieur-Li-29818.html,EXACT_PERFUME_BRAND_TEXT,1.0000,1.0000,PASS
706-HER,773,Osmanthe-yunnan,VERIFIED,SAFE_TOKEN_SAME_BRAND,2674,Hermes,Hermessence Osmanthe Yunnan,https://www.fragrantica.com/perfume/Hermes/Hermessence-Osmanthe-Yunnan-2674.html,SAFE_TOKEN_SAME_BRAND,0.9560,1.0000,PASS
707-HER,774,TWILLY D'HERMES,VERIFIED,EXACT_BRAND_CLEAN_NAME,46145,Hermes,Twilly d Hermes,https://www.fragrantica.com/perfume/Hermes/Twilly-d-Hermes-46145.html,EXACT_BRAND_CLEAN_NAME,1.0000,1.0000,PASS
708-HER,775,UN JARDIN SUR LE NIL - HERMES Unisex,VERIFIED,SAFE_TOKEN_SAME_BRAND,18,Hermes,Un Jardin Sur Le Nil,https://www.fragrantica.com/perfume/Hermes/Un-Jardin-Sur-Le-Nil-18.html,SAFE_TOKEN_SAME_BRAND,0.9760,1.0000,PASS
709-HER,,VOYAGE D'HERMES,VERIFIED,EXACT_PERFUME_BRAND_TEXT,7916,Hermes,Voyage d Hermes,https://www.fragrantica.com/perfume/Hermes/Voyage-d-Hermes-7916.html,EXACT_PERFUME_BRAND_TEXT,1.0000,1.0000,PASS
710-HUG,777,BOSS JOUR - HUGO BOSS,VERIFIED,WEB_VERIFIED_FRAGRANTICA,18385,,,https://www.fragrantica.com/perfume/Hugo-Boss/Boss-Jour-Pour-Femme-18385.html,WEB_VERIFIED_FRAGRANTICA,1.0000,1.0000,PASS
711-HUG,778,BOSS ORANGE FEMME - HUGO BOSS,VERIFIED,SAFE_TOKEN_SAME_BRAND,5979,Hugo Boss,Boss Orange,https://www.fragrantica.com/perfume/Hugo-Boss/Boss-Orange-5979.html,SAFE_TOKEN_SAME_BRAND,0.9560,1.0000,PASS
712-HUG,779,Boss Woman,VERIFIED,CONFIRMED_IDENTITY_EXACT_CORPUS,381,Hugo Boss,Boss Woman,https://www.fragrantica.com/perfume/Hugo-Boss/Boss-Woman-381.html,CONFIRMED_IDENTITY_EXACT_CORPUS,1.0000,1.0000,PASS
713-HUG,780,MA VIE - HUGO BOSS,VERIFIED,WEB_VERIFIED_FRAGRANTICA,25298,,,https://www.fragrantica.com/perfume/Hugo-Boss/Boss-Ma-Vie-Pour-Femme-25298.html,WEB_VERIFIED_FRAGRANTICA,1.0000,1.0000,PASS
714-HUG,781,BOSS The Scent for Her Eau de Parfum,VERIFIED,WEB_VERIFIED_FRAGRANTICA,38998,,,https://www.fragrantica.com/perfume/Hugo-Boss/Boss-The-Scent-For-Her-38998.html,WEB_VERIFIED_FRAGRANTICA,1.0000,1.0000,PASS
715-HUG,782,Hugo Woman Extreme,VERIFIED,SAFE_TOKEN_SAME_BRAND,34870,Hugo Boss,Hugo Woman Extreme,https://www.fragrantica.com/perfume/Hugo-Boss/Hugo-Woman-Extreme-34870.html,SAFE_TOKEN_SAME_BRAND,0.9860,1.0000,PASS
716-ISS,783,A SCENT - ISSEY MIYAKE,VERIFIED,EXACT_UNIQUE_NAME,40294,Accessorize,A Scent,https://www.fragrantica.com/perfume/Accessorize/A-Scent-40294.html,EXACT_UNIQUE_NAME,1.0000,1.0000,PASS
717-ISS,784,CLASSIC - ISSEY MIYAKE,VERIFIED,WEB_VERIFIED_FRAGRANTICA,720,,,https://www.fragrantica.com/perfume/Issey-Miyake/L-eau-d-Issey-720.html,WEB_VERIFIED_FRAGRANTICA,1.0000,1.0000,PASS
718-ISS,785,L Eau D Issey,VERIFIED,EXACT_BRAND_CLEAN_NAME,720,Issey Miyake,L eau d Issey,https://www.fragrantica.com/perfume/Issey-Miyake/L-eau-d-Issey-720.html,EXACT_BRAND_CLEAN_NAME,1.0000,1.0000,PASS
719-ISS,,PLEATS PLEASE,VERIFIED,EXACT_PERFUME_BRAND_TEXT,15464,Issey Miyake,Pleats Please,https://www.fragrantica.com/perfume/Issey-Miyake/Pleats-Please-15464.html,EXACT_PERFUME_BRAND_TEXT,1.0000,1.0000,PASS
720-GUL,,CLASSIQUE,NOT_FOUND,NO_CORPUS_CODE_MATCH,,,,,,,0.0000,NOT_MAPPED
721-GUL,788,Classique Essence De Parfum,VERIFIED,EXACT_BRAND_CLEAN_NAME,39582,Jean Paul Gaultier,Classique Essence de Parfum,https://www.fragrantica.com/perfume/Jean-Paul-Gaultier/Classique-Essence-de-Parfum-39582.html,EXACT_BRAND_CLEAN_NAME,1.0000,1.0000,PASS
722-GUL,1822,La Belle,VERIFIED,EXACT_BRAND_CLEAN_NAME,55786,Jean Paul Gaultier,La Belle,https://www.fragrantica.com/perfume/Jean-Paul-Gaultier/La-Belle-55786.html,EXACT_BRAND_CLEAN_NAME,1.0000,1.0000,PASS
723-GUL,789,X CLASSIQUE,VERIFIED,SAFE_TOKEN_SAME_BRAND,7800,Jean Paul Gaultier,Classique X,https://www.fragrantica.com/perfume/Jean-Paul-Gaultier/Classique-X-7800.html,SAFE_TOKEN_SAME_BRAND,0.9860,0.9091,PASS
724-GUL,790,Scandal,VERIFIED,EXACT_BRAND_CLEAN_NAME,45651,Jean Paul Gaultier,Scandal,https://www.fragrantica.com/perfume/Jean-Paul-Gaultier/Scandal-45651.html,EXACT_BRAND_CLEAN_NAME,1.0000,1.0000,PASS
725-GUL,2194,Scandal By Night,VERIFIED,EXACT_BRAND_CLEAN_NAME,50715,Jean Paul Gaultier,Scandal By Night,https://www.fragrantica.com/perfume/Jean-Paul-Gaultier/Scandal-By-Night-50715.html,EXACT_BRAND_CLEAN_NAME,1.0000,1.0000,PASS
726-GUL,2080,So-scandal,VERIFIED,EXACT_BRAND_CLEAN_NAME,60942,Jean Paul Gaultier,So Scandal,https://www.fragrantica.com/perfume/Jean-Paul-Gaultier/So-Scandal-60942.html,EXACT_BRAND_CLEAN_NAME,1.0000,1.0000,PASS
727-JEN,791,JLuxe,VERIFIED,WEB_VERIFIED_FRAGRANTICA,29758,,,https://www.fragrantica.com/perfume/Jennifer-Lopez/JLuxe-29758.html,WEB_VERIFIED_FRAGRANTICA,1.0000,1.0000,PASS
728-JES,,IN BLACK,NOT_FOUND,NO_CORPUS_CODE_MATCH,,,,,,,0.0000,NOT_MAPPED
729-JIM,793,Blossom,VERIFIED,WEB_VERIFIED_FRAGRANTICA,29165,,,https://www.fragrantica.com/perfume/Jimmy-Choo/Jimmy-Choo-Blossom-29165.html,WEB_VERIFIED_FRAGRANTICA,1.0000,1.0000,PASS
730-JIM,794,EXOTIC - JIMMY CHOO,VERIFIED,CONFIRMED_IDENTITY_TOKEN_CORPUS,18386,Jimmy Choo,Jimmy Choo Exotic,https://www.fragrantica.com/perfume/Jimmy-Choo/Jimmy-Choo-Exotic-18386.html,CONFIRMED_IDENTITY_TOKEN_CORPUS,0.9900,0.7941,PASS
731-JIM,1771,Fever,VERIFIED,WEB_VERIFIED_FRAGRANTICA,49615,,,https://www.fragrantica.com/perfume/Jimmy-Choo/Jimmy-Choo-Fever-49615.html,WEB_VERIFIED_FRAGRANTICA,1.0000,1.0000,PASS
732-JIM,795,JIMMY CHOO,VERIFIED,EXACT_PERFUME_BRAND_TEXT,17223,Jimmy Choo,Flash,https://www.fragrantica.com/perfume/Jimmy-Choo/Flash-17223.html,EXACT_PERFUME_BRAND_TEXT,1.0000,0.1333,REVIEW
733-JIM,796,ILLICIT - JIMMY CHOO Fragrance,VERIFIED,EXACT_PERFUME_BRAND_TEXT,31233,Jimmy Choo,Illicit,https://www.fragrantica.com/perfume/Jimmy-Choo/Illicit-31233.html,EXACT_PERFUME_BRAND_TEXT,1.0000,1.0000,PASS
734-JIM,797,Eau de Parfum (Eau de Parfum),VERIFIED,EXACT_BRAND_CLEAN_NAME,10573,Jimmy Choo,Jimmy Choo,https://www.fragrantica.com/perfume/Jimmy-Choo/Jimmy-Choo-10573.html,EXACT_BRAND_CLEAN_NAME,1.0000,0.0000,REVIEW
735-JIM,798,Stars,VERIFIED,SAFE_TOKEN_SAME_BRAND,10573,Jimmy Choo,Jimmy Choo,https://www.fragrantica.com/perfume/Jimmy-Choo/Jimmy-Choo-10573.html,SAFE_TOKEN_SAME_BRAND,0.9560,0.0000,REVIEW
736-JUI,799,Couture Couture,VERIFIED,WEB_VERIFIED_FRAGRANTICA,6496,,,https://www.fragrantica.com/perfume/Juicy-Couture/Couture-Couture-6496.html,WEB_VERIFIED_FRAGRANTICA,1.0000,1.0000,PASS
737-JUI,800,Malibu,VERIFIED,WEB_VERIFIED_FRAGRANTICA,22956,,,https://www.fragrantica.com/perfume/Juicy-Couture/Juicy-Couture-Malibu-22956.html,WEB_VERIFIED_FRAGRANTICA,1.0000,1.0000,PASS
738-JUI,,VIVA LA JUICY,VERIFIED,WEB_VERIFIED_FRAGRANTICA,4410,,,https://www.fragrantica.com/perfume/Juicy-Couture/Viva-la-Juicy-4410.html,WEB_VERIFIED_FRAGRANTICA,1.0000,1.0000,PASS
739-JUI,802,Viva La Juicy Gold Couture,VERIFIED,WEB_VERIFIED_FRAGRANTICA,25753,,,https://www.fragrantica.com/perfume/Juicy-Couture/Viva-la-Juicy-Gold-Couture-25753.html,WEB_VERIFIED_FRAGRANTICA,1.0000,1.0000,PASS
740-JUI,1910,VIVA LA JUICY LUXE PARFUM - JUICY COUTURE,VERIFIED,WEB_VERIFIED_FRAGRANTICA,22574,,,https://www.fragrantica.com/perfume/Juicy-Couture/Viva-La-Juicy-Luxe-Parfum-22574.html,WEB_VERIFIED_FRAGRANTICA,1.0000,1.0000,PASS
741-JUI,803,Viva La Juicy Rosé,VERIFIED,WEB_VERIFIED_FRAGRANTICA,33567,,,https://www.fragrantica.com/perfume/Juicy-Couture/Viva-La-Juicy-Rose-33567.html,WEB_VERIFIED_FRAGRANTICA,1.0000,1.0000,PASS
742-JUI,804,VIVA LA JUICY SUCRE - COUTURE,VERIFIED,WEB_VERIFIED_FRAGRANTICA,42053,,,https://www.fragrantica.com/perfume/Juicy-Couture/Viva-La-Juicy-Sucre-42053.html,WEB_VERIFIED_FRAGRANTICA,1.0000,1.0000,PASS
743-JUS,805,Girlfriend,VERIFIED,WEB_VERIFIED_FRAGRANTICA,15287,,,https://www.fragrantica.com/perfume/Justin-Bieber/Girlfriend-15287.html,WEB_VERIFIED_FRAGRANTICA,1.0000,1.0000,PASS
744-JUS,806,The Key,VERIFIED,WEB_VERIFIED_FRAGRANTICA,18665,,,https://www.fragrantica.com/perfume/Justin-Bieber/The-Key-18665.html,WEB_VERIFIED_FRAGRANTICA,1.0000,1.0000,PASS
745-KAR,807,Karl Lagerfeld for Her Eau de Parfum,VERIFIED,WEB_VERIFIED_FRAGRANTICA,24068,,,https://www.fragrantica.com/perfume/Karl-Lagerfeld/Karl-Lagerfeld-for-Her-24068.html,WEB_VERIFIED_FRAGRANTICA,1.0000,1.0000,PASS
746-KAR,808,Ocean View,VERIFIED,WEB_VERIFIED_FRAGRANTICA,35570,,,https://www.fragrantica.com/perfume/Karl-Lagerfeld/Ocean-View-for-Women-35570.html,WEB_VERIFIED_FRAGRANTICA,1.0000,1.0000,PASS
747-KEN,809,Kenzo Amour Le Parfum,VERIFIED,SAFE_TOKEN_SAME_BRAND,4696,Kenzo,Kenzo Amour Le Parfum,https://www.fragrantica.com/perfume/Kenzo/Kenzo-Amour-Le-Parfum-4696.html,SAFE_TOKEN_SAME_BRAND,0.9860,1.0000,PASS
748-KEN,810,Couleur Kenzo Violet,VERIFIED,SAFE_TOKEN_SAME_BRAND,23315,Kenzo,Couleur Kenzo Violet,https://www.fragrantica.com/perfume/Kenzo/Couleur-Kenzo-Violet-23315.html,SAFE_TOKEN_SAME_BRAND,0.9860,1.0000,PASS
749-KEN,811,FLOWER - KENZO,VERIFIED,EXACT_UNIQUE_NAME,68655,Ciclo Cosmeticos,Flower,https://www.fragrantica.com/perfume/Ciclo-Cosmeticos/Flower-68655.html,EXACT_UNIQUE_NAME,1.0000,1.0000,PASS
750-KEN,812,Flower By Kenzo L Elixir,VERIFIED,SAFE_TOKEN_SAME_BRAND,31539,Kenzo,Flower by Kenzo L Elixir,https://www.fragrantica.com/perfume/Kenzo/Flower-by-Kenzo-L-Elixir-31539.html,SAFE_TOKEN_SAME_BRAND,0.9440,1.0000,PASS
751-KEN,,JEU D'AMOUR,VERIFIED,EXACT_PERFUME_BRAND_TEXT,25866,Kenzo,Jeu d Amour,https://www.fragrantica.com/perfume/Kenzo/Jeu-d-Amour-25866.html,EXACT_PERFUME_BRAND_TEXT,1.0000,1.0000,PASS
752-KEN,814,Kenzo Jungle Jungle L Elephant,VERIFIED,SAFE_TOKEN_SAME_BRAND,70,Kenzo,Kenzo Jungle L Elephant,https://www.fragrantica.com/perfume/Kenzo/Kenzo-Jungle-L-Elephant-70.html,SAFE_TOKEN_SAME_BRAND,0.9860,0.9340,PASS
753-KEN,815,KENZO-ΚΕΝΖΟ,VERIFIED,EXACT_BRAND_CLEAN_NAME,3403,Kenzo,Kenzo,https://www.fragrantica.com/perfume/Kenzo/Kenzo-3403.html,EXACT_BRAND_CLEAN_NAME,1.0000,1.0000,PASS
754-KEN,816,L Eau Par Kenzo,VERIFIED,EXACT_BRAND_CLEAN_NAME,78,Kenzo,L Eau par Kenzo,https://www.fragrantica.com/perfume/Kenzo/L-Eau-par-Kenzo-78.html,EXACT_BRAND_CLEAN_NAME,1.0000,1.0000,PASS
755-KEN,817,SUMMER - KENZO,VERIFIED,WEB_VERIFIED_FRAGRANTICA,76,,,https://www.fragrantica.com/perfume/Kenzo/Summer-by-Kenzo-76.html,WEB_VERIFIED_FRAGRANTICA,1.0000,1.0000,PASS
756-KEN,,WORLD,VERIFIED,SAFE_TOKEN_SAME_BRAND,40278,Kenzo,Kenzo World,https://www.fragrantica.com/perfume/Kenzo/Kenzo-World-40278.html,SAFE_TOKEN_SAME_BRAND,0.9860,1.0000,PASS
757-KIL,1782,Let-s-settle-this-argument-like-adults-in-the-bedroom-naked-1,VERIFIED,CONFIRMED_IDENTITY_SAFE_FUZZY_CORPUS,50498,By Kilian,Let s Settle This Argument Like Adults In The Bedroom Naked,https://www.fragrantica.com/perfume/By-Kilian/Let-s-Settle-This-Argument-Like-Adults-In-The-Bedroom-Naked-50498.html,CONFIRMED_IDENTITY_SAFE_FUZZY_CORPUS,0.9833,1.0000,PASS
758-KIL,819,BACK TO BLACK - KILIAN,VERIFIED,EXACT_PERFUME_BRAND_TEXT,6457,By Kilian,Back to Black,https://www.fragrantica.com/perfume/By-Kilian/Back-to-Black-6457.html,EXACT_PERFUME_BRAND_TEXT,1.0000,1.0000,PASS
759-KIL,1803,Born-to-be-unforgettable-bad-boys-are-no-good-but-good-boys-are-no-fun-1,VERIFIED,EXACT_PERFUME_BRAND_TEXT,50495,By Kilian,Bad Boys Are No Good But Good Boys Are No Fun,https://www.fragrantica.com/perfume/By-Kilian/Bad-Boys-Are-No-Good-But-Good-Boys-Are-No-Fun-50495.html,EXACT_PERFUME_BRAND_TEXT,1.0000,1.0000,PASS
760-KIL,1792,BLACK PHANTOM - KILIAN,VERIFIED,EXACT_PERFUME_BRAND_TEXT,43632,By Kilian,Black Phantom,https://www.fragrantica.com/perfume/By-Kilian/Black-Phantom-43632.html,EXACT_PERFUME_BRAND_TEXT,1.0000,1.0000,PASS
761-KIL,820,Good Girl Gone Bad,VERIFIED,EXACT_PERFUME_BRAND_TEXT,15924,By Kilian,Good Girl Gone Bad,https://www.fragrantica.com/perfume/By-Kilian/Good-Girl-Gone-Bad-15924.html,EXACT_PERFUME_BRAND_TEXT,1.0000,1.0000,PASS
762-KIL,1889,Intoxicated,VERIFIED,EXACT_PERFUME_BRAND_TEXT,25991,By Kilian,Intoxicated,https://www.fragrantica.com/perfume/By-Kilian/Intoxicated-25991.html,EXACT_PERFUME_BRAND_TEXT,1.0000,1.0000,PASS
763-KIL,1805,KISSING BURNS 6,VERIFIED,SAFE_TOKEN_SAME_BRAND,50496,By Kilian,Kissing Burns 6 4 Calories A Minute Wanna Workout,https://www.fragrantica.com/perfume/By-Kilian/Kissing-Burns-6-4-Calories-A-Minute-Wanna-Workout-50496.html,SAFE_TOKEN_SAME_BRAND,0.9760,1.0000,PASS
764-KIL,821,Liaisons Dangereuses,VERIFIED,EXACT_PERFUME_BRAND_TEXT,4321,By Kilian,Liaisons Dangereuses,https://www.fragrantica.com/perfume/By-Kilian/Liaisons-Dangereuses-4321.html,EXACT_PERFUME_BRAND_TEXT,1.0000,1.0000,PASS
765-KIL,1801,Love Don’t Be Shy,VERIFIED,SAFE_FUZZY_SAME_BRAND,4322,By Kilian,Love Don t Be Shy,https://www.fragrantica.com/perfume/By-Kilian/Love-Don-t-Be-Shy-4322.html,SAFE_FUZZY_SAME_BRAND,0.9697,1.0000,PASS
766-KIL,822,Moonlight In Heaven,VERIFIED,EXACT_PERFUME_BRAND_TEXT,35973,By Kilian,Moonlight in Heaven,https://www.fragrantica.com/perfume/By-Kilian/Moonlight-in-Heaven-35973.html,EXACT_PERFUME_BRAND_TEXT,1.0000,1.0000,PASS
767-KIL,1804,Voulez Vous Coucher Avec Moi,VERIFIED,EXACT_PERFUME_BRAND_TEXT,31625,By Kilian,Voulez Vous Coucher Avec Moi,https://www.fragrantica.com/perfume/By-Kilian/Voulez-Vous-Coucher-Avec-Moi-31625.html,EXACT_PERFUME_BRAND_TEXT,1.0000,1.0000,PASS
768-KIL,823,Woman In Gold,VERIFIED,EXACT_PERFUME_BRAND_TEXT,46469,By Kilian,Woman in Gold,https://www.fragrantica.com/perfume/By-Kilian/Woman-in-Gold-46469.html,EXACT_PERFUME_BRAND_TEXT,1.0000,1.0000,PASS
770-LAP,825,Midnight Rain,VERIFIED,WEB_VERIFIED_FRAGRANTICA,824,,,https://www.fragrantica.com/perfume/La-Prairie/Midnight-Rain-824.html,WEB_VERIFIED_FRAGRANTICA,1.0000,1.0000,PASS
771-LAP,826,Silver Rain,VERIFIED,WEB_VERIFIED_FRAGRANTICA,823,,,https://www.fragrantica.com/perfume/La-Prairie/Silver-Rain-823.html,WEB_VERIFIED_FRAGRANTICA,1.0000,1.0000,PASS
772-LAD,827,Fame,VERIFIED,WEB_VERIFIED_FRAGRANTICA,15338,,,https://www.fragrantica.com/perfume/Lady-Gaga/Fame-15338.html,WEB_VERIFIED_FRAGRANTICA,1.0000,1.0000,PASS
773-LAL,828,Amethyst,VERIFIED,EXACT_PERFUME_BRAND_TEXT,1835,Lalique,Amethyst,https://www.fragrantica.com/perfume/Lalique/Amethyst-1835.html,EXACT_PERFUME_BRAND_TEXT,1.0000,1.0000,PASS
774-LAL,829,Living Lalique Eau de Parfum,VERIFIED,EXACT_PERFUME_BRAND_TEXT,29816,Lalique,Living Lalique,https://www.fragrantica.com/perfume/Lalique/Living-Lalique-29816.html,EXACT_PERFUME_BRAND_TEXT,1.0000,1.0000,PASS
775-LAL,1911,Perles de Lalique,VERIFIED,EXACT_PERFUME_BRAND_TEXT,1833,Lalique,Perles De Lalique,https://www.fragrantica.com/perfume/Lalique/Perles-De-Lalique-1833.html,EXACT_PERFUME_BRAND_TEXT,1.0000,1.0000,PASS
776-LAL,,SATINE,VERIFIED,EXACT_PERFUME_BRAND_TEXT,17840,Lalique,Satine,https://www.fragrantica.com/perfume/Lalique/Satine-17840.html,EXACT_PERFUME_BRAND_TEXT,1.0000,1.0000,PASS
777-LAL,831,Noir Premier  Sculpteur D Epices,VERIFIED,EXACT_PERFUME_BRAND_TEXT,28250,Lalique,Sculpteur d Epices,https://www.fragrantica.com/perfume/Lalique/Sculpteur-d-Epices-28250.html,EXACT_PERFUME_BRAND_TEXT,1.0000,1.0000,PASS
778-LAN,,CLIMAT,VERIFIED,EXACT_BRAND_CLEAN_NAME,180,Lancome,Climat,https://www.fragrantica.com/perfume/Lancome/Climat-180.html,EXACT_BRAND_CLEAN_NAME,1.0000,1.0000,PASS
779-LAN,833,Hypnôse Eau de Parfum,VERIFIED,EXACT_BRAND_CLEAN_NAME,170,Lancome,Hypnose,https://www.fragrantica.com/perfume/Lancome/Hypnose-170.html,EXACT_BRAND_CLEAN_NAME,1.0000,0.8571,PASS
780-LAN,1794,Idole,VERIFIED,EXACT_BRAND_CLEAN_NAME,55795,Lancome,Idole,https://www.fragrantica.com/perfume/Lancome/Idole-55795.html,EXACT_BRAND_CLEAN_NAME,1.0000,1.0000,PASS
781-LAN,1802,Jasmins Marzipane,VERIFIED,EXACT_BRAND_CLEAN_NAME,39737,Lancome,Jasmins Marzipane,https://www.fragrantica.com/perfume/Lancome/Jasmins-Marzipane-39737.html,EXACT_BRAND_CLEAN_NAME,1.0000,1.0000,PASS
782-LAN,834,LA VIE EST BELLE,VERIFIED,EXACT_BRAND_CLEAN_NAME,14982,Lancome,La Vie Est Belle,https://www.fragrantica.com/perfume/Lancome/La-Vie-Est-Belle-14982.html,EXACT_BRAND_CLEAN_NAME,1.0000,1.0000,PASS
783-LAN,835,La Vie Est Belle L Eau De Toilette Florale,VERIFIED,EXACT_BRAND_CLEAN_NAME,35493,Lancome,La Vie Est Belle L Eau de Toilette Florale,https://www.fragrantica.com/perfume/Lancome/La-Vie-Est-Belle-L-Eau-de-Toilette-Florale-35493.html,EXACT_BRAND_CLEAN_NAME,1.0000,1.0000,PASS
784-LAN,836,LA VIE EST BELLE L'ECLAT,VERIFIED,EXACT_BRAND_CLEAN_NAME,45892,Lancome,La Vie est Belle L Eclat,https://www.fragrantica.com/perfume/Lancome/La-Vie-est-Belle-L-Eclat-45892.html,EXACT_BRAND_CLEAN_NAME,1.0000,1.0000,PASS
785-LAN,1768,La Vie Est Belle En Rose,VERIFIED,EXACT_BRAND_CLEAN_NAME,53345,Lancome,La Vie est Belle en Rose,https://www.fragrantica.com/perfume/Lancome/La-Vie-est-Belle-en-Rose-53345.html,EXACT_BRAND_CLEAN_NAME,1.0000,1.0000,PASS
786-LAN,2199,La-vie-est-belle-intensement,VERIFIED,EXACT_BRAND_CLEAN_NAME,59326,Lancome,La Vie Est Belle Intensement,https://www.fragrantica.com/perfume/Lancome/La-Vie-Est-Belle-Intensement-59326.html,EXACT_BRAND_CLEAN_NAME,1.0000,1.0000,PASS
787-LAN,,MAGIE NOIRE,VERIFIED,EXACT_BRAND_CLEAN_NAME,174,Lancome,Magie Noire,https://www.fragrantica.com/perfume/Lancome/Magie-Noire-174.html,EXACT_BRAND_CLEAN_NAME,1.0000,1.0000,PASS
788-LAN,838,Magnifique Eau de Parfum,VERIFIED,EXACT_BRAND_CLEAN_NAME,3746,Lancome,Magnifique,https://www.fragrantica.com/perfume/Lancome/Magnifique-3746.html,EXACT_BRAND_CLEAN_NAME,1.0000,1.0000,PASS
789-LAN,2081,Magnolia Rosae,VERIFIED,EXACT_BRAND_CLEAN_NAME,54193,Lancome,Magnolia Rosae,https://www.fragrantica.com/perfume/Lancome/Magnolia-Rosae-54193.html,EXACT_BRAND_CLEAN_NAME,1.0000,1.0000,PASS
790-LAN,839,Miracle,VERIFIED,EXACT_BRAND_CLEAN_NAME,184,Lancome,Miracle,https://www.fragrantica.com/perfume/Lancome/Miracle-184.html,EXACT_BRAND_CLEAN_NAME,1.0000,1.0000,PASS
791-LAN,840,Ô de l'Orangerie,VERIFIED,EXACT_BRAND_CLEAN_NAME,11345,Lancome,O de L Orangerie,https://www.fragrantica.com/perfume/Lancome/O-de-L-Orangerie-11345.html,EXACT_BRAND_CLEAN_NAME,1.0000,1.0000,PASS
792-LAN,1787,Oud Ambroisie,VERIFIED,EXACT_BRAND_CLEAN_NAME,39740,Lancome,Oud Ambroisie,https://www.fragrantica.com/perfume/Lancome/Oud-Ambroisie-39740.html,EXACT_BRAND_CLEAN_NAME,1.0000,1.0000,PASS
793-LAN,841,La Nuit Tresor,VERIFIED,EXACT_BRAND_CLEAN_NAME,29157,Lancome,La Nuit Tresor,https://www.fragrantica.com/perfume/Lancome/La-Nuit-Tresor-29157.html,EXACT_BRAND_CLEAN_NAME,1.0000,1.0000,PASS
794-LAN,842,La Nuit Tresor  La Folie,VERIFIED,EXACT_BRAND_CLEAN_NAME,48019,Lancome,La Nuit Tresor a la Folie,https://www.fragrantica.com/perfume/Lancome/La-Nuit-Tresor-a-la-Folie-48019.html,EXACT_BRAND_CLEAN_NAME,1.0000,0.9583,PASS
795-LAN,1912,La Nuit Tresor Musc Diamant,VERIFIED,EXACT_BRAND_CLEAN_NAME,52788,Lancome,La Nuit Tresor Musc Diamant,https://www.fragrantica.com/perfume/Lancome/La-Nuit-Tresor-Musc-Diamant-52788.html,EXACT_BRAND_CLEAN_NAME,1.0000,1.0000,PASS
796-LAN,843,POEME,VERIFIED,EXACT_BRAND_CLEAN_NAME,171,Lancome,Poeme,https://www.fragrantica.com/perfume/Lancome/Poeme-171.html,EXACT_BRAND_CLEAN_NAME,1.0000,1.0000,PASS
797-LAN,844,Tresor,VERIFIED,EXACT_BRAND_CLEAN_NAME,172,Lancome,Tresor,https://www.fragrantica.com/perfume/Lancome/Tresor-172.html,EXACT_BRAND_CLEAN_NAME,1.0000,1.0000,PASS
798-LAN,845,Tresor Midnight Rose,VERIFIED,EXACT_BRAND_CLEAN_NAME,11721,Lancome,Tresor Midnight Rose,https://www.fragrantica.com/perfume/Lancome/Tresor-Midnight-Rose-11721.html,EXACT_BRAND_CLEAN_NAME,1.0000,1.0000,PASS
799-LANV,846,Eclat-d-arpege-eau-de-,VERIFIED,WEB_VERIFIED_FRAGRANTICA,988,,,https://www.fragrantica.com/perfume/Lanvin/Eclat-d-Arpege-988.html,WEB_VERIFIED_FRAGRANTICA,1.0000,1.0000,PASS
800-LANV,847,Me,VERIFIED,WEB_VERIFIED_FRAGRANTICA,17701,,,https://www.fragrantica.com/perfume/Lanvin/Lanvin-Me-17701.html,WEB_VERIFIED_FRAGRANTICA,1.0000,1.0000,PASS
801-LANV,848,Marry Me,VERIFIED,WEB_VERIFIED_FRAGRANTICA,9405,,,https://www.fragrantica.com/perfume/Lanvin/Marry-Me-9405.html,WEB_VERIFIED_FRAGRANTICA,1.0000,1.0000,PASS
802-LBI,1913,VENEZIA - LAURA BIAGIOTTI,VERIFIED,WEB_VERIFIED_FRAGRANTICA,625,,,https://www.fragrantica.com/perfume/Laura-Biagiotti/Venezia-625.html,WEB_VERIFIED_FRAGRANTICA,1.0000,1.0000,PASS
803-LAU,2210,Ambre Vanille Eau de Toilette,VERIFIED,WEB_VERIFIED_FRAGRANTICA,18364,Laura Mercier,Eau Gourmande Ambre Vanille,https://www.fragrantica.com/perfume/Laura-Mercier/Eau-Gourmande-Ambre-Vanille-18364.html,WEB_VERIFIED_FRAGRANTICA,1.0000,1.0000,PASS
804-LOE,849,A Mi Aire,VERIFIED,CONFIRMED_IDENTITY_EXACT_CORPUS,6292,Loewe,A Mi Aire,https://www.fragrantica.com/perfume/Loewe/A-Mi-Aire-6292.html,CONFIRMED_IDENTITY_EXACT_CORPUS,1.0000,1.0000,PASS
805-LOL,850,L DE LOLITA LEMPICKA,VERIFIED,WEB_VERIFIED_FRAGRANTICA,455,,,https://www.fragrantica.com/perfume/Lolita-Lempicka/L-de-Lolita-Lempicka-455.html,WEB_VERIFIED_FRAGRANTICA,1.0000,1.0000,PASS
806-LOL,851,L Eau Jolie,VERIFIED,WEB_VERIFIED_FRAGRANTICA,17936,,,https://www.fragrantica.com/perfume/Lolita-Lempicka/L-Eau-Jolie-17936.html,WEB_VERIFIED_FRAGRANTICA,1.0000,1.0000,PASS
807-LOL,852,LOLITA - LOLITA LEMPICKA,VERIFIED,WEB_VERIFIED_FRAGRANTICA,456,,,https://www.fragrantica.com/perfume/Lolita-Lempicka/Lolita-Lempicka-456.html,WEB_VERIFIED_FRAGRANTICA,1.0000,1.0000,PASS
808-LOL,1915,Sweet,VERIFIED,WEB_VERIFIED_FRAGRANTICA,28177,,,https://www.fragrantica.com/perfume/Lolita-Lempicka/Sweet-28177.html,WEB_VERIFIED_FRAGRANTICA,1.0000,1.0000,PASS
809-LTN,2691,Apogée,VERIFIED,CONFIRMED_IDENTITY_EXACT_CORPUS,40498,Louis Vuitton,Apogee,https://www.fragrantica.com/perfume/Louis-Vuitton/Apogee-40498.html,CONFIRMED_IDENTITY_EXACT_CORPUS,1.0000,0.8333,PASS
810-LTN,2692,Matière Noire,VERIFIED,CONFIRMED_IDENTITY_EXACT_CORPUS,40496,Louis Vuitton,Matiere Noire,https://www.fragrantica.com/perfume/Louis-Vuitton/Matiere-Noire-40496.html,CONFIRMED_IDENTITY_EXACT_CORPUS,1.0000,0.9231,PASS
811-MAR,855,Daisy,VERIFIED,EXACT_PERFUME_BRAND_TEXT,1361,Marc Jacobs,Daisy,https://www.fragrantica.com/perfume/Marc-Jacobs/Daisy-1361.html,EXACT_PERFUME_BRAND_TEXT,1.0000,1.0000,PASS
812-MAR,856,Daisy Dream,VERIFIED,EXACT_PERFUME_BRAND_TEXT,25289,Marc Jacobs,Daisy Dream,https://www.fragrantica.com/perfume/Marc-Jacobs/Daisy-Dream-25289.html,EXACT_PERFUME_BRAND_TEXT,1.0000,1.0000,PASS
813-MAR,858,Decadence,VERIFIED,EXACT_PERFUME_BRAND_TEXT,31226,Marc Jacobs,Decadence,https://www.fragrantica.com/perfume/Marc-Jacobs/Decadence-31226.html,EXACT_PERFUME_BRAND_TEXT,1.0000,1.0000,PASS
814-MAR,859,Dot,VERIFIED,EXACT_PERFUME_BRAND_TEXT,14781,Marc Jacobs,Dot,https://www.fragrantica.com/perfume/Marc-Jacobs/Dot-14781.html,EXACT_PERFUME_BRAND_TEXT,1.0000,1.0000,PASS
815-MAR,860,Honey,VERIFIED,EXACT_PERFUME_BRAND_TEXT,18272,Marc Jacobs,Honey,https://www.fragrantica.com/perfume/Marc-Jacobs/Honey-18272.html,EXACT_PERFUME_BRAND_TEXT,1.0000,1.0000,PASS
816-MAX,861,MAX MARA,VERIFIED,WEB_VERIFIED_FRAGRANTICA,204,,,https://www.fragrantica.com/perfume/Max-Mara/Max-Mara-204.html,WEB_VERIFIED_FRAGRANTICA,1.0000,1.0000,PASS
817-MIC,862,Gold Collection  24k Brilliant Gold,VERIFIED,WEB_VERIFIED_FRAGRANTICA,31341,,,https://www.fragrantica.com/perfume/Michael-Kors/24K-Brilliant-Gold-31341.html,WEB_VERIFIED_FRAGRANTICA,1.0000,1.0000,PASS
818-MIC,863,Michael Kors Coral,VERIFIED,WEB_VERIFIED_FRAGRANTICA,32739,,,https://www.fragrantica.com/perfume/Michael-Kors/Coral-32739.html,WEB_VERIFIED_FRAGRANTICA,1.0000,1.0000,PASS
819-MIC,864,SEXY AMBER - KORS,VERIFIED,WEB_VERIFIED_FRAGRANTICA,18161,,,https://www.fragrantica.com/perfume/Michael-Kors/Sexy-Amber-18161.html,WEB_VERIFIED_FRAGRANTICA,1.0000,1.0000,PASS
820-MIC,865,SEXY RIO DE JANEIRO KORS,VERIFIED,WEB_VERIFIED_FRAGRANTICA,27497,,,https://www.fragrantica.com/perfume/Michael-Kors/Sexy-Rio-de-Janeiro-27497.html,WEB_VERIFIED_FRAGRANTICA,1.0000,1.0000,PASS
821-MIC,866,SEXY SUNSET - KORS,VERIFIED,WEB_VERIFIED_FRAGRANTICA,34276,,,https://www.fragrantica.com/perfume/Michael-Kors/Sexy-Sunset-34276.html,WEB_VERIFIED_FRAGRANTICA,1.0000,1.0000,PASS
822-MIC,867,Sexy-ruby-glam-ruby,VERIFIED,WEB_VERIFIED_FRAGRANTICA,46182,,,https://www.fragrantica.com/perfume/Michael-Kors/Sexy-Ruby-46182.html,WEB_VERIFIED_FRAGRANTICA,1.0000,1.0000,PASS
823-MIC,868,Sporty Citrus,VERIFIED,WEB_VERIFIED_FRAGRANTICA,18160,,,https://www.fragrantica.com/perfume/Michael-Kors/Sporty-Citrus-18160.html,WEB_VERIFIED_FRAGRANTICA,1.0000,1.0000,PASS
824-MIC,869,Gold Collection  White Luminous Gold,VERIFIED,WEB_VERIFIED_FRAGRANTICA,31343,,,https://www.fragrantica.com/perfume/Michael-Kors/White-Luminous-Gold-31343.html,WEB_VERIFIED_FRAGRANTICA,1.0000,1.0000,PASS
825-MIC,870,Wonderlust,VERIFIED,WEB_VERIFIED_FRAGRANTICA,39459,,,https://www.fragrantica.com/perfume/Michael-Kors/Wonderlust-39459.html,WEB_VERIFIED_FRAGRANTICA,1.0000,1.0000,PASS
826-MIS,2218,Babe Power,VERIFIED,WEB_VERIFIED_FRAGRANTICA,45063,Missguided,Babe Power,https://www.fragrantica.com/p/45063,WEB_VERIFIED_FRAGRANTICA,1.0000,1.0000,PASS
827-MISN,871,Missoni,VERIFIED,WEB_VERIFIED_FRAGRANTICA,1069,,,https://www.fragrantica.com/perfume/Missoni/Missoni-1069.html,WEB_VERIFIED_FRAGRANTICA,1.0000,1.0000,PASS
828-MIY,,L' EAU BLEUE,VERIFIED,WEB_VERIFIED_FRAGRANTICA,42720,,,https://www.fragrantica.com/perfume/Miu-Miu/Miu-Miu-L-Eau-Bleue-42720.html,WEB_VERIFIED_FRAGRANTICA,1.0000,1.0000,PASS
829-MNTB,873,FEMME - MONT BLANC,VERIFIED,WEB_VERIFIED_FRAGRANTICA,833,,,https://www.fragrantica.com/perfume/Mont-Blanc/Femme-de-Montblanc-833.html,WEB_VERIFIED_FRAGRANTICA,1.0000,1.0000,PASS
830-MNTB,874,Legend Pour Femme,VERIFIED,CONFIRMED_IDENTITY_EXACT_CORPUS,16059,Montblanc,Legend Pour Femme,https://www.fragrantica.com/perfume/Montblanc/Legend-Pour-Femme-16059.html,CONFIRMED_IDENTITY_EXACT_CORPUS,1.0000,1.0000,PASS
831-MOS,875,Cheap And Chic,VERIFIED,WEB_VERIFIED_FRAGRANTICA,727,,,https://www.fragrantica.com/perfume/Moschino/Cheap-Chic-727.html,WEB_VERIFIED_FRAGRANTICA,1.0000,1.0000,PASS
832-MOS,876,Cheap And Chic I Love Love,VERIFIED,SAFE_TOKEN_SAME_BRAND,728,Moschino,Cheap Chic I Love Love,https://www.fragrantica.com/perfume/Moschino/Cheap-Chic-I-Love-Love-728.html,SAFE_TOKEN_SAME_BRAND,0.9440,0.9167,PASS
833-MOS,877,Cheap And Chic Light Clouds,VERIFIED,SAFE_TOKEN_SAME_BRAND,6146,Moschino,Cheap Chic Light Clouds,https://www.fragrantica.com/perfume/Moschino/Cheap-Chic-Light-Clouds-6146.html,SAFE_TOKEN_SAME_BRAND,0.9440,0.9200,PASS
834-MOS,1890,Cheap  Chic  So Real,VERIFIED,SAFE_TOKEN_SAME_BRAND,46867,Moschino,So Real Cheap Chic,https://www.fragrantica.com/perfume/Moschino/So-Real-Cheap-Chic-46867.html,SAFE_TOKEN_SAME_BRAND,0.9440,0.7778,REVIEW
835-MOS,878,Moschino Funny,VERIFIED,SAFE_TOKEN_SAME_BRAND,1215,Moschino,Moschino Funny,https://www.fragrantica.com/perfume/Moschino/Moschino-Funny-1215.html,SAFE_TOKEN_SAME_BRAND,0.9860,1.0000,PASS
836-MOS,879,L Eau Cheap And Chic,VERIFIED,EXACT_PERFUME_BRAND_TEXT,1616,Moschino,L Eau Cheap and Chic,https://www.fragrantica.com/perfume/Moschino/L-Eau-Cheap-and-Chic-1616.html,EXACT_PERFUME_BRAND_TEXT,1.0000,1.0000,PASS
837-MOS,880,Pink Bouquet,VERIFIED,EXACT_PERFUME_BRAND_TEXT,15209,Moschino,Pink Bouquet,https://www.fragrantica.com/perfume/Moschino/Pink-Bouquet-15209.html,EXACT_PERFUME_BRAND_TEXT,1.0000,1.0000,PASS
838-MOS,881,Cheap And Chic Stars,VERIFIED,EXACT_PERFUME_BRAND_TEXT,27957,Moschino,Stars,https://www.fragrantica.com/perfume/Moschino/Stars-27957.html,EXACT_PERFUME_BRAND_TEXT,1.0000,1.0000,PASS
840-NAO,883,Naomi Campbell,VERIFIED,WEB_VERIFIED_FRAGRANTICA,905,,,https://www.fragrantica.com/perfume/Naomi-Campbell/Naomi-Campbell-905.html,WEB_VERIFIED_FRAGRANTICA,1.0000,1.0000,PASS
841-NRO,885,FLEUR MUSK FOR HER - RODRIGUEZ,VERIFIED,WEB_VERIFIED_FRAGRANTICA,42580,,,https://www.fragrantica.com/perfume/Narciso-Rodriguez/Fleur-Musc-for-Her-42580.html,WEB_VERIFIED_FRAGRANTICA,1.0000,1.0000,PASS
842-NRO,884,FOR HER BLACK EDP - NARCISO RODRIGUEZ,VERIFIED,SAFE_TOKEN_SAME_BRAND,14319,Narciso Rodriguez,Narciso Rodriguez for Her Eau de Parfum,https://www.fragrantica.com/perfume/Narciso-Rodriguez/Narciso-Rodriguez-for-Her-Eau-de-Parfum-14319.html,SAFE_TOKEN_SAME_BRAND,0.9440,0.7036,REVIEW
843-NRO,887,FOR HER PINK EAU DE TOILETTE - RODRIGUEZ,VERIFIED,WEB_VERIFIED_FRAGRANTICA,209,,,https://www.fragrantica.com/perfume/Narciso-Rodriguez/Narciso-Rodriguez-For-Her-209.html,WEB_VERIFIED_FRAGRANTICA,1.0000,1.0000,PASS
844-NRO,886,For Her L Absolu,VERIFIED,SAFE_TOKEN_SAME_BRAND,31509,Narciso Rodriguez,Narciso Rodriguez For Her L Absolu,https://www.fragrantica.com/perfume/Narciso-Rodriguez/Narciso-Rodriguez-For-Her-L-Absolu-31509.html,SAFE_TOKEN_SAME_BRAND,0.9860,1.0000,PASS
845-NRO,888,NARCISO (WHITE) - NARCISO RODRIGUEZ,VERIFIED,EXACT_BRAND_CLEAN_NAME,26127,Narciso Rodriguez,Narciso,https://www.fragrantica.com/perfume/Narciso-Rodriguez/Narciso-26127.html,EXACT_BRAND_CLEAN_NAME,1.0000,1.0000,PASS
846-NRO,889,NARCISO ROUGE - RODRIGUEZ,VERIFIED,EXACT_BRAND_CLEAN_NAME,49331,Narciso Rodriguez,Narciso Rouge,https://www.fragrantica.com/perfume/Narciso-Rodriguez/Narciso-Rouge-49331.html,EXACT_BRAND_CLEAN_NAME,1.0000,1.0000,PASS
847-NRO,890,Narciso Eau De Parfum Poudree,VERIFIED,EXACT_UNIQUE_NAME,101576,Asia Perfumes,Poudree,https://www.fragrantica.com/perfume/Asia-Perfumes/Poudree-101576.html,EXACT_UNIQUE_NAME,1.0000,1.0000,PASS
848-NRO,1775,PURE MUSK FOR HER - NARCISO RODRIGUEZ,VERIFIED,SAFE_TOKEN_SAME_BRAND,209,Narciso Rodriguez,Narciso Rodriguez For Her,https://www.fragrantica.com/perfume/Narciso-Rodriguez/Narciso-Rodriguez-For-Her-209.html,SAFE_TOKEN_SAME_BRAND,0.9440,0.6167,REVIEW
849-NRO,891,Rose Musc,VERIFIED,EXACT_BRAND_CLEAN_NAME,35713,Narciso Rodriguez,Rose Musc,https://www.fragrantica.com/perfume/Narciso-Rodriguez/Rose-Musc-35713.html,EXACT_BRAND_CLEAN_NAME,1.0000,1.0000,PASS
850-NIN,,L'AIR DU TEMPS,VERIFIED,WEB_VERIFIED_FRAGRANTICA,1014,,,https://www.fragrantica.com/perfume/Nina-Ricci/L-Air-du-Temps-1014.html,WEB_VERIFIED_FRAGRANTICA,1.0000,1.0000,PASS
851-NIN,893,L Extase,VERIFIED,WEB_VERIFIED_FRAGRANTICA,29668,,,https://www.fragrantica.com/perfume/Nina-Ricci/L-Extase-29668.html,WEB_VERIFIED_FRAGRANTICA,1.0000,1.0000,PASS
852-NIN,894,Luna,VERIFIED,WEB_VERIFIED_FRAGRANTICA,39376,,,https://www.fragrantica.com/perfume/Nina-Ricci/Luna-39376.html,WEB_VERIFIED_FRAGRANTICA,1.0000,1.0000,PASS
853-NIN,895,NINA,VERIFIED,WEB_VERIFIED_FRAGRANTICA,147,,,https://www.fragrantica.com/perfume/Nina-Ricci/Nina-147.html,WEB_VERIFIED_FRAGRANTICA,1.0000,1.0000,PASS
854-NIN,1819,the fragrance otes of NINA ROUGE,VERIFIED,WEB_VERIFIED_FRAGRANTICA,56162,,,https://www.fragrantica.com/perfume/Nina-Ricci/Nina-Rouge-56162.html,WEB_VERIFIED_FRAGRANTICA,1.0000,1.0000,PASS
855-NIN,896,Premier Jour,VERIFIED,WEB_VERIFIED_FRAGRANTICA,520,Nina Ricci,Premier Jour,https://www.fragrantica.com/perfume/Nina-Ricci/Premier-jour-520.html,WEB_VERIFIED_FRAGRANTICA,1.0000,1.0000,PASS
856-NIN,897,Ricci Ricci,VERIFIED,WEB_VERIFIED_FRAGRANTICA,6382,Nina Ricci,Ricci Ricci,https://www.fragrantica.com/perfume/Nina-Ricci/Ricci-Ricci-6382.html,WEB_VERIFIED_FRAGRANTICA,1.0000,1.0000,PASS
857-ONE,898,You  I,VERIFIED,WEB_VERIFIED_FRAGRANTICA,26663,,,https://www.fragrantica.com/perfume/One-Direction/You-I-26663.html,WEB_VERIFIED_FRAGRANTICA,1.0000,1.0000,PASS
858-PAC,,BLACK XS FOR HER,VERIFIED,EXACT_BRAND_CLEAN_NAME,1138,Rabanne,Black XS for Her,https://www.fragrantica.com/perfume/Rabanne/Black-XS-for-Her-1138.html,EXACT_BRAND_CLEAN_NAME,1.0000,1.0000,PASS
859-PAC,900,Black Xs L Aphrodisiaque For Women,VERIFIED,EXACT_BRAND_CLEAN_NAME,18898,Rabanne,Black XS L Aphrodisiaque for Women,https://www.fragrantica.com/perfume/Rabanne/Black-XS-L-Aphrodisiaque-for-Women-18898.html,EXACT_BRAND_CLEAN_NAME,1.0000,1.0000,PASS
860-PAC,,LADY MILLION,VERIFIED,EXACT_BRAND_CLEAN_NAME,9045,Rabanne,Lady Million,https://www.fragrantica.com/perfume/Rabanne/Lady-Million-9045.html,EXACT_BRAND_CLEAN_NAME,1.0000,1.0000,PASS
861-PAC,2082,Lady Million Empire,VERIFIED,EXACT_BRAND_CLEAN_NAME,55787,Rabanne,Lady Million Empire,https://www.fragrantica.com/perfume/Rabanne/Lady-Million-Empire-55787.html,EXACT_BRAND_CLEAN_NAME,1.0000,1.0000,PASS
862-PAC,902,Lady Million Prive,VERIFIED,EXACT_BRAND_CLEAN_NAME,37699,Rabanne,Lady Million Prive,https://www.fragrantica.com/perfume/Rabanne/Lady-Million-Prive-37699.html,EXACT_BRAND_CLEAN_NAME,1.0000,1.0000,PASS
863-PAC,,OLYMPEA,VERIFIED,EXACT_BRAND_CLEAN_NAME,31666,Rabanne,Olympea,https://www.fragrantica.com/perfume/Rabanne/Olympea-31666.html,EXACT_BRAND_CLEAN_NAME,1.0000,1.0000,PASS
864-PAC,904,Olympea Intense,VERIFIED,EXACT_BRAND_CLEAN_NAME,42890,Rabanne,Olympea Intense,https://www.fragrantica.com/perfume/Rabanne/Olympea-Intense-42890.html,EXACT_BRAND_CLEAN_NAME,1.0000,1.0000,PASS
865-PAC,905,Pure Xs For Her,VERIFIED,EXACT_BRAND_CLEAN_NAME,51424,Rabanne,Pure XS For Her,https://www.fragrantica.com/perfume/Rabanne/Pure-XS-For-Her-51424.html,EXACT_BRAND_CLEAN_NAME,1.0000,1.0000,PASS
866-PAC,906,ULTRA VIOLET for women,VERIFIED,EXACT_UNIQUE_NAME,52121,Be Style Perfumes,Ultra Violet,https://www.fragrantica.com/perfume/Be-Style-Perfumes/Ultra-Violet-52121.html,EXACT_UNIQUE_NAME,1.0000,1.0000,PASS
867-PAL,,PALOMA PICASSO,VERIFIED,WEB_VERIFIED_FRAGRANTICA,1009,,,https://www.fragrantica.com/perfume/Paloma-Picasso/Paloma-Picasso-1009.html,WEB_VERIFIED_FRAGRANTICA,1.0000,1.0000,PASS
868-PARH,908,Heiress Limited Edition Eau de Parfum (2015),VERIFIED,WEB_VERIFIED_FRAGRANTICA,32365,,,https://www.fragrantica.com/perfume/Paris-Hilton/Heiress-Limited-Edition-32365.html,WEB_VERIFIED_FRAGRANTICA,1.0000,1.0000,PASS
869-PIER,909,EXTATIC - PIERRE BALMAIN,VERIFIED,WEB_VERIFIED_FRAGRANTICA,22817,,,https://www.fragrantica.com/perfume/Pierre-Balmain/Extatic-22817.html,WEB_VERIFIED_FRAGRANTICA,1.0000,1.0000,PASS
870-PIER,910,EXTATIC INTENSE GOLD - PIERRE BALMAIN,VERIFIED,WEB_VERIFIED_FRAGRANTICA,28047,,,https://www.fragrantica.com/perfume/Pierre-Balmain/Extatic-Intense-Gold-28047.html,WEB_VERIFIED_FRAGRANTICA,1.0000,1.0000,PASS
871-PIER,911,IVOIRE - PIERRE BALMAIN,VERIFIED,WEB_VERIFIED_FRAGRANTICA,15557,,,https://www.fragrantica.com/perfume/Pierre-Balmain/Ivoire-15557.html,WEB_VERIFIED_FRAGRANTICA,1.0000,1.0000,PASS
872-PRA,912,Candy,VERIFIED,WEB_VERIFIED_FRAGRANTICA,12426,,,https://www.fragrantica.com/perfume/Prada/Prada-Candy-12426.html,WEB_VERIFIED_FRAGRANTICA,1.0000,1.0000,PASS
873-PRA,913,Candy Florale,VERIFIED,WEB_VERIFIED_FRAGRANTICA,24487,Prada,Prada Candy Florale,https://www.fragrantica.com/perfume/Prada/Prada-Candy-Florale-24487.html,WEB_VERIFIED_FRAGRANTICA,1.0000,1.0000,PASS
874-PRA,914,Candy Gloss,VERIFIED,SAFE_TOKEN_SAME_BRAND,44534,Prada,Prada Candy Gloss,https://www.fragrantica.com/perfume/Prada/Prada-Candy-Gloss-44534.html,SAFE_TOKEN_SAME_BRAND,0.9860,1.0000,PASS
875-PRA,915,Candy Kiss,VERIFIED,SAFE_TOKEN_SAME_BRAND,34973,Prada,Prada Candy Kiss,https://www.fragrantica.com/perfume/Prada/Prada-Candy-Kiss-34973.html,SAFE_TOKEN_SAME_BRAND,0.9860,1.0000,PASS
876-PRA,,INFUSION D'AMANDE,NOT_FOUND,NO_CORPUS_CODE_MATCH,,,,,,,0.0000,NOT_MAPPED
877-PRA,,INFUSION DE FLEUR D'ORANGER,NOT_FOUND,NO_CORPUS_CODE_MATCH,,,,,,,0.0000,NOT_MAPPED
878-PRA,916,Infusion De Mimosa,VERIFIED,EXACT_PERFUME_BRAND_TEXT,38347,Prada,Infusion de Mimosa,https://www.fragrantica.com/perfume/Prada/Infusion-de-Mimosa-38347.html,EXACT_PERFUME_BRAND_TEXT,1.0000,1.0000,PASS
879-PRA,,INFUSION D'IRIS,VERIFIED,EXACT_PERFUME_BRAND_TEXT,1795,Prada,Infusion d Iris,https://www.fragrantica.com/perfume/Prada/Infusion-d-Iris-1795.html,EXACT_PERFUME_BRAND_TEXT,1.0000,1.0000,PASS
881-PRA,919,L Eau Ambree,VERIFIED,EXACT_BRAND_CLEAN_NAME,6524,Prada,L Eau Ambree,https://www.fragrantica.com/perfume/Prada/L-Eau-Ambree-6524.html,EXACT_BRAND_CLEAN_NAME,1.0000,1.0000,PASS
882-PRA,920,PRADA AMBER MAN,VERIFIED,SAFE_TOKEN_SAME_BRAND,1044,Prada,Prada Amber Pour Homme Prada Man,https://www.fragrantica.com/perfume/Prada/Prada-Amber-Pour-Homme-Prada-Man-1044.html,SAFE_TOKEN_SAME_BRAND,0.9560,1.0000,PASS
883-PRA,921,La Femme,VERIFIED,EXACT_BRAND_CLEAN_NAME,39030,Prada,Prada La Femme,https://www.fragrantica.com/perfume/Prada/Prada-La-Femme-39030.html,EXACT_BRAND_CLEAN_NAME,1.0000,1.0000,PASS
884-RAL,1917,BIG PONY 2,VERIFIED,EXACT_UNIQUE_NAME,9006,Ralph Lauren,Big Pony 2,https://www.fragrantica.com/perfume/Ralph-Lauren/Big-Pony-2-9006.html,EXACT_UNIQUE_NAME,1.0000,1.0000,PASS
885-REP,923,Repetto L’Eau Florale Eau de Toilette,VERIFIED,WEB_VERIFIED_FRAGRANTICA,30159,Repetto,Repetto Eau Florale,https://www.fragrantica.com/perfume/Repetto/Repetto-L-Eau-Florale-30159.html,WEB_VERIFIED_FRAGRANTICA,1.0000,1.0000,PASS
886-RIH,924,Riri,VERIFIED,WEB_VERIFIED_FRAGRANTICA,31629,Rihanna,RiRi,https://www.fragrantica.com/perfume/Rihanna/RiRi-31629.html,WEB_VERIFIED_FRAGRANTICA,1.0000,1.0000,PASS
887-RCAV,3660,Roberto Cavalli Acqua,VERIFIED,WEB_VERIFIED_FRAGRANTICA,17310,Roberto Cavalli,Roberto Cavalli Acqua,https://www.fragrantica.com/p/17310,WEB_VERIFIED_FRAGRANTICA,1.0000,1.0000,PASS
888-RCAV,926,DIVINE OUD (U) - ROBERTO CAVALLI,VERIFIED,WEB_VERIFIED_FRAGRANTICA,41717,Roberto Cavalli,Divine Oud,https://www.fragrantica.com/perfume/Roberto-Cavalli/Divine-Oud-41717.html,WEB_VERIFIED_FRAGRANTICA,1.0000,1.0000,PASS
889-RCAV,927,Roberto Cavalli Essenza,VERIFIED,WEB_VERIFIED_FRAGRANTICA,31459,Roberto Cavalli,Roberto Cavalli Essenza,https://www.fragrantica.com/perfume/Roberto-Cavalli/Roberto-Cavalli-Essenza-31459.html,WEB_VERIFIED_FRAGRANTICA,1.0000,1.0000,PASS
890-RCAV,928,Roberto Cavalli Exotica,VERIFIED,WEB_VERIFIED_FRAGRANTICA,22902,Roberto Cavalli,Roberto Cavalli Exotica,https://www.fragrantica.com/perfume/Roberto-Cavalli/Roberto-Cavalli-Exotica-22902.html,WEB_VERIFIED_FRAGRANTICA,1.0000,1.0000,PASS
891-RCAV,929,Just Cavalli Gold For Her,VERIFIED,WEB_VERIFIED_FRAGRANTICA,26216,Roberto Cavalli,Just Cavalli Gold for Her,https://www.fragrantica.com/perfume/Roberto-Cavalli/Just-Cavalli-Gold-for-Her-26216.html,WEB_VERIFIED_FRAGRANTICA,1.0000,1.0000,PASS
892-RCAV,930,JUST HER - ROBERTO CAVALLI,VERIFIED,WEB_VERIFIED_FRAGRANTICA,847,Roberto Cavalli,Just Cavalli Her,https://www.fragrantica.com/perfume/Roberto-Cavalli/Just-Cavalli-Her-847.html,WEB_VERIFIED_FRAGRANTICA,1.0000,1.0000,PASS
893-RCAV,931,NERO ASSOLUTO - CAVALLI,VERIFIED,WEB_VERIFIED_FRAGRANTICA,18833,Roberto Cavalli,Roberto Cavalli Nero Assoluto,https://www.fragrantica.com/perfume/Roberto-Cavalli/Roberto-Cavalli-Nero-Assoluto-18833.html,WEB_VERIFIED_FRAGRANTICA,1.0000,1.0000,PASS
894-RCAV,932,Paradiso,VERIFIED,WEB_VERIFIED_FRAGRANTICA,28609,,,https://www.fragrantica.com/perfume/Roberto-Cavalli/Paradiso-28609.html,WEB_VERIFIED_FRAGRANTICA,1.0000,1.0000,PASS
895-RCAV,933,SERPENTINE - CAVALLI,VERIFIED,WEB_VERIFIED_FRAGRANTICA,837,,,https://www.fragrantica.com/perfume/Roberto-Cavalli/Serpentine-837.html,WEB_VERIFIED_FRAGRANTICA,1.0000,1.0000,PASS
896-RCAV,2213,Splendid-vanilla,VERIFIED,WEB_VERIFIED_FRAGRANTICA,58538,,,https://www.fragrantica.com/perfume/Roberto-Cavalli/Splendid-Vanilla-58538.html,WEB_VERIFIED_FRAGRANTICA,1.0000,1.0000,PASS
897-RCAV,934,Tiger Oud,VERIFIED,WEB_VERIFIED_FRAGRANTICA,22194,,,https://www.fragrantica.com/perfume/Roberto-Cavalli/Roberto-Cavalli-Tiger-Oud-22194.html,WEB_VERIFIED_FRAGRANTICA,1.0000,1.0000,PASS
898-ROC,935,AQUA WOMAN - ROCHAS,VERIFIED,WEB_VERIFIED_FRAGRANTICA,1427,,,https://www.fragrantica.com/perfume/Rochas/Aquawoman-1427.html,WEB_VERIFIED_FRAGRANTICA,1.0000,1.0000,PASS
899-ROC,936,MADEMOISSELE - ROCHAS,VERIFIED,WEB_VERIFIED_FRAGRANTICA,43205,,,https://www.fragrantica.com/perfume/Rochas/Mademoiselle-Rochas-43205.html,WEB_VERIFIED_FRAGRANTICA,1.0000,1.0000,PASS
900-ROG,,FLEUR DE FIGUIER,NOT_FOUND,NO_CORPUS_CODE_MATCH,,,,,,,0.0000,NOT_MAPPED
901-ROG,,ROSE,VERIFIED,WEB_VERIFIED_FRAGRANTICA,3482,,,https://www.fragrantica.com/perfume/Roger-Gallet/Rose-3482.html,WEB_VERIFIED_FRAGRANTICA,1.0000,1.0000,PASS
902-SALV,940,Dalissime,VERIFIED,WEB_VERIFIED_FRAGRANTICA,970,,,https://www.fragrantica.com/perfume/Salvador-Dali/Dalissime-970.html,WEB_VERIFIED_FRAGRANTICA,1.0000,1.0000,PASS
903-SALV,1919,the fragrance notes LAGUNA - SALVADOR DALI,VERIFIED,WEB_VERIFIED_FRAGRANTICA,768,Salvador Dali,Laguna,https://www.fragrantica.com/perfume/Salvador-Dali/Laguna-768.html,WEB_VERIFIED_FRAGRANTICA,1.0000,1.0000,PASS
904-SALV,939,SALVADOR DALI fragrances,VERIFIED,WEB_VERIFIED_FRAGRANTICA,765,,,https://www.fragrantica.com/perfume/Salvador-Dali/Salvador-Dali-765.html,WEB_VERIFIED_FRAGRANTICA,1.0000,1.0000,PASS
905-SFER,941,AMO - S.FERRAGAMO,VERIFIED,WEB_VERIFIED_FRAGRANTICA,46832,,,https://www.fragrantica.com/perfume/Salvatore-Ferragamo/Amo-Ferragamo-46832.html,WEB_VERIFIED_FRAGRANTICA,1.0000,1.0000,PASS
906-SFER,942,EMOZIONE - S.FERRAGAMO,VERIFIED,WEB_VERIFIED_FRAGRANTICA,28117,,,https://www.fragrantica.com/perfume/Salvatore-Ferragamo/Emozione-28117.html,WEB_VERIFIED_FRAGRANTICA,1.0000,1.0000,PASS
907-SFER,943,SIGNORINA - FERRAGAMO,VERIFIED,WEB_VERIFIED_FRAGRANTICA,13639,,,https://www.fragrantica.com/perfume/Salvatore-Ferragamo/Signorina-13639.html,WEB_VERIFIED_FRAGRANTICA,1.0000,1.0000,PASS
908-SFER,944,SIGNORINA MISTERIOSA - FERRAGAMO,VERIFIED,WEB_VERIFIED_FRAGRANTICA,32646,,,https://www.fragrantica.com/perfume/Salvatore-Ferragamo/Signorina-Misteriosa-32646.html,WEB_VERIFIED_FRAGRANTICA,1.0000,1.0000,PASS
909-SFER,945,TUSCAN SCENT WHITE MIMOSA - FERRAGAMO,VERIFIED,WEB_VERIFIED_FRAGRANTICA,26777,,,https://www.fragrantica.com/perfume/Salvatore-Ferragamo/White-Mimosa-26777.html,WEB_VERIFIED_FRAGRANTICA,1.0000,1.0000,PASS
910-SARJ,,LOVELY,VERIFIED,WEB_VERIFIED_FRAGRANTICA,993,,,https://www.fragrantica.com/perfume/Sarah-Jessica-Parker/Lovely-993.html,WEB_VERIFIED_FRAGRANTICA,1.0000,1.0000,PASS
911-SEPH,947,Fleur de Coton / Cotton Flower,VERIFIED,WEB_VERIFIED_FRAGRANTICA,37955,,,https://www.fragrantica.com/perfume/Sephora/Fleur-de-Coton-Cotton-Flower-37955.html,WEB_VERIFIED_FRAGRANTICA,1.0000,1.0000,PASS
912-SHIS,,ZEN,VERIFIED,WEB_VERIFIED_FRAGRANTICA,1499,,,https://www.fragrantica.com/perfume/Shiseido/Zen-1499.html,WEB_VERIFIED_FRAGRANTICA,1.0000,1.0000,PASS
913-SIS,949,Eau du Soir,VERIFIED,WEB_VERIFIED_FRAGRANTICA,1002,,,https://www.fragrantica.com/perfume/Sisley/Eau-du-Soir-1002.html,WEB_VERIFIED_FRAGRANTICA,1.0000,1.0000,PASS
914-SIS,950,Eau Tropicale,VERIFIED,WEB_VERIFIED_FRAGRANTICA,23324,,,https://www.fragrantica.com/perfume/Sisley/Eau-Tropicale-23324.html,WEB_VERIFIED_FRAGRANTICA,1.0000,1.0000,PASS
915-SIS,951,Izia,VERIFIED,WEB_VERIFIED_FRAGRANTICA,42935,,,https://www.fragrantica.com/perfume/Sisley/Izia-42935.html,WEB_VERIFIED_FRAGRANTICA,1.0000,1.0000,PASS
916-SOF,952,Love,VERIFIED,WEB_VERIFIED_FRAGRANTICA,31662,,,https://www.fragrantica.com/perfume/Sofia-Vergara/Love-31662.html,WEB_VERIFIED_FRAGRANTICA,1.0000,1.0000,PASS
917-SWA,953,Aura,VERIFIED,WEB_VERIFIED_FRAGRANTICA,11258,,,https://www.fragrantica.com/perfume/Swarovski/Aura-11258.html,WEB_VERIFIED_FRAGRANTICA,1.0000,1.0000,PASS
918-TMU,954,Alien,VERIFIED,EXACT_BRAND_CLEAN_NAME,6616,Mugler,Alien Eau de Toilette,https://www.fragrantica.com/perfume/Mugler/Alien-Eau-de-Toilette-6616.html,EXACT_BRAND_CLEAN_NAME,1.0000,1.0000,PASS
919-TMU,2212,Alien Essence Absolue,VERIFIED,EXACT_BRAND_CLEAN_NAME,15452,Mugler,Alien Essence Absolue,https://www.fragrantica.com/perfume/Mugler/Alien-Essence-Absolue-15452.html,EXACT_BRAND_CLEAN_NAME,1.0000,1.0000,PASS
920-TMU,955,Angel,VERIFIED,EXACT_BRAND_CLEAN_NAME,704,Mugler,Angel,https://www.fragrantica.com/perfume/Mugler/Angel-704.html,EXACT_BRAND_CLEAN_NAME,1.0000,1.0000,PASS
921-TMU,,ANGEL MUSE,VERIFIED,EXACT_BRAND_CLEAN_NAME,36416,Mugler,Angel Muse,https://www.fragrantica.com/perfume/Mugler/Angel-Muse-36416.html,EXACT_BRAND_CLEAN_NAME,1.0000,1.0000,PASS
922-TMU,2150,Angel Nova Eau de Parfum,VERIFIED,EXACT_BRAND_CLEAN_NAME,61519,Mugler,Angel Nova,https://www.fragrantica.com/perfume/Mugler/Angel-Nova-61519.html,EXACT_BRAND_CLEAN_NAME,1.0000,1.0000,PASS
923-TMU,957,notes AURA,VERIFIED,WEB_VERIFIED_FRAGRANTICA,45639,,,https://www.fragrantica.com/perfume/Mugler/Aura-Mugler-45639.html,WEB_VERIFIED_FRAGRANTICA,1.0000,1.0000,PASS
924-TMU,3341,Innocent,VERIFIED,EXACT_BRAND_CLEAN_NAME,709,Mugler,Innocent,https://www.fragrantica.com/perfume/Mugler/Innocent-709.html,EXACT_BRAND_CLEAN_NAME,1.0000,1.0000,PASS
925-TMU,959,Womanity,VERIFIED,EXACT_BRAND_CLEAN_NAME,8766,Mugler,Womanity,https://www.fragrantica.com/perfume/Mugler/Womanity-8766.html,EXACT_BRAND_CLEAN_NAME,1.0000,1.0000,PASS
926-TOM,,Tommy Girl,VERIFIED,WEB_VERIFIED_FRAGRANTICA,3016,,,https://www.fragrantica.com/perfume/Tommy-Hilfiger/Tommy-Girl-3016.html,WEB_VERIFIED_FRAGRANTICA,1.0000,1.0000,PASS
927-TOUZ,961,Rosa,VERIFIED,WEB_VERIFIED_FRAGRANTICA,17827,,,https://www.fragrantica.com/perfume/Tous/Rosa-17827.html,WEB_VERIFIED_FRAGRANTICA,1.0000,1.0000,PASS
928-TRU,962,Delicate Rose,VERIFIED,EXACT_UNIQUE_NAME,93471,Aurora Scents,Delicate Rose,https://www.fragrantica.com/perfume/Aurora-Scents/Delicate-Rose-93471.html,EXACT_UNIQUE_NAME,1.0000,1.0000,PASS
929-TRU,963,Donna,VERIFIED,WEB_VERIFIED_FRAGRANTICA,13066,,,https://www.fragrantica.com/perfume/Trussardi/Donna-Trussardi-2011-13066.html,WEB_VERIFIED_FRAGRANTICA,1.0000,1.0000,PASS
930-TRU,964,Essenza-del-tempo,VERIFIED,EXACT_BRAND_CLEAN_NAME,3667,Trussardi,Essenza del Tempo,https://www.fragrantica.com/perfume/Trussardi/Essenza-del-Tempo-3667.html,EXACT_BRAND_CLEAN_NAME,1.0000,1.0000,PASS
931-TRU,965,INSIDE,VERIFIED,WEB_VERIFIED_FRAGRANTICA,883,,,https://www.fragrantica.com/perfume/Trussardi/Trussardi-Inside-for-women-883.html,WEB_VERIFIED_FRAGRANTICA,1.0000,1.0000,PASS
932-TRU,2083,Inside Delight,VERIFIED,SAFE_TOKEN_SAME_BRAND,3058,Trussardi,Trussardi Inside Delight,https://www.fragrantica.com/perfume/Trussardi/Trussardi-Inside-Delight-3058.html,SAFE_TOKEN_SAME_BRAND,0.9560,1.0000,PASS
933-TRU,966,My Name,VERIFIED,EXACT_BRAND_CLEAN_NAME,18802,Trussardi,My Name,https://www.fragrantica.com/perfume/Trussardi/My-Name-18802.html,EXACT_BRAND_CLEAN_NAME,1.0000,1.0000,PASS
934-TRU,967,My Scent,VERIFIED,EXACT_BRAND_CLEAN_NAME,31030,Trussardi,My Scent,https://www.fragrantica.com/perfume/Trussardi/My-Scent-31030.html,EXACT_BRAND_CLEAN_NAME,1.0000,1.0000,PASS
935-TRU,968,Skin,VERIFIED,WEB_VERIFIED_FRAGRANTICA,1038,,,https://www.fragrantica.com/perfume/Trussardi/Trussardi-Skin-1038.html,WEB_VERIFIED_FRAGRANTICA,1.0000,1.0000,PASS
936-VAL,1765,DONNA - VALENTINO,VERIFIED,CONFIRMED_IDENTITY_TOKEN_CORPUS,31411,Valentino,Valentino Donna,https://www.fragrantica.com/perfume/Valentino/Valentino-Donna-31411.html,CONFIRMED_IDENTITY_TOKEN_CORPUS,0.9900,0.8000,PASS
937-VAL,2198,Valentino Donna Born In Roma,VERIFIED,CONFIRMED_IDENTITY_EXACT_CORPUS,55805,Valentino,Valentino Donna Born In Roma,https://www.fragrantica.com/perfume/Valentino/Valentino-Donna-Born-In-Roma-55805.html,CONFIRMED_IDENTITY_EXACT_CORPUS,1.0000,1.0000,PASS
938-VAL,969,Valentina,VERIFIED,EXACT_PERFUME_BRAND_TEXT,12770,Valentino,Valentina,https://www.fragrantica.com/perfume/Valentino/Valentina-12770.html,EXACT_PERFUME_BRAND_TEXT,1.0000,1.0000,PASS
939-VAL,970,Valentina Pink,VERIFIED,EXACT_PERFUME_BRAND_TEXT,29901,Valentino,Valentina Pink,https://www.fragrantica.com/perfume/Valentino/Valentina-Pink-29901.html,EXACT_PERFUME_BRAND_TEXT,1.0000,1.0000,PASS
941-VAN,972,FEERIE SPING BLOSSOM - VAN CLEEF & ARPELS,VERIFIED,SAFE_TOKEN_SAME_BRAND,1102,Van Cleef Arpels,Van Cleef,https://www.fragrantica.com/perfume/Van-Cleef-Arpels/Van-Cleef-1102.html,SAFE_TOKEN_SAME_BRAND,0.9560,1.0000,PASS
942-VERW,973,Princess,VERIFIED,WEB_VERIFIED_FRAGRANTICA,1596,,,https://www.fragrantica.com/perfume/Vera-Wang/Princess-1596.html,WEB_VERIFIED_FRAGRANTICA,1.0000,1.0000,PASS
943-VER,,BRIGHT CRYSTAL,VERIFIED,EXACT_BRAND_CLEAN_NAME,632,Versace,Bright Crystal,https://www.fragrantica.com/perfume/Versace/Bright-Crystal-632.html,EXACT_BRAND_CLEAN_NAME,1.0000,1.0000,PASS
944-VER,,CRYSTAL NOIR,VERIFIED,EXACT_BRAND_CLEAN_NAME,631,Versace,Crystal Noir,https://www.fragrantica.com/perfume/Versace/Crystal-Noir-631.html,EXACT_BRAND_CLEAN_NAME,1.0000,1.0000,PASS
945-VER,,EROS POUR FEMME,VERIFIED,EXACT_BRAND_CLEAN_NAME,28958,Versace,Eros Pour Femme,https://www.fragrantica.com/perfume/Versace/Eros-Pour-Femme-28958.html,EXACT_BRAND_CLEAN_NAME,1.0000,1.0000,PASS
946-VER,977,ORIENTAL OUD,VERIFIED,WEB_VERIFIED_FRAGRANTICA,22819,,,https://www.fragrantica.com/perfume/Versace/Versace-Pour-Femme-Oud-Oriental-22819.html,WEB_VERIFIED_FRAGRANTICA,1.0000,1.0000,PASS
947-VIC,978,BON BON,VERIFIED,EXACT_UNIQUE_NAME,123334,Armaf,Bon Bon,https://www.fragrantica.com/perfume/Armaf/Bon-Bon-123334.html,EXACT_UNIQUE_NAME,1.0000,1.0000,PASS
948-VIC,979,Flowerbomb,VERIFIED,SAFE_FUZZY_SAME_BRAND,1460,Viktor Rolf,Flowerbomb,https://www.fragrantica.com/perfume/Viktor-Rolf/Flowerbomb-1460.html,SAFE_FUZZY_SAME_BRAND,0.9524,1.0000,PASS
949-VIC,980,FLOWER BOMB BLOOM,VERIFIED,SAFE_FUZZY_SAME_BRAND,42905,Viktor Rolf,Flowerbomb Bloom,https://www.fragrantica.com/perfume/Viktor-Rolf/Flowerbomb-Bloom-42905.html,SAFE_FUZZY_SAME_BRAND,0.9697,0.9697,PASS
950-VICT,981,Amber Romance,VERIFIED,WEB_VERIFIED_FRAGRANTICA,7990,,,https://www.fragrantica.com/perfume/Victoria-s-Secret/Amber-Romance-7990.html,WEB_VERIFIED_FRAGRANTICA,1.0000,1.0000,PASS
952-VICT,1927,Bombshell,VERIFIED,EXACT_PERFUME_BRAND_TEXT,10190,Victoria s Secret,Bombshell,https://www.fragrantica.com/perfume/Victoria-s-Secret/Bombshell-10190.html,EXACT_PERFUME_BRAND_TEXT,1.0000,1.0000,PASS
953-VICT,983,Bombshell Forever,VERIFIED,EXACT_PERFUME_BRAND_TEXT,18315,Victoria s Secret,Bombshell Forever,https://www.fragrantica.com/perfume/Victoria-s-Secret/Bombshell-Forever-18315.html,EXACT_PERFUME_BRAND_TEXT,1.0000,1.0000,PASS
954-VICT,984,Bombshell Pink Diamonds,VERIFIED,EXACT_PERFUME_BRAND_TEXT,28811,Victoria s Secret,Bombshell Pink Diamond,https://www.fragrantica.com/perfume/Victoria-s-Secret/Bombshell-Pink-Diamond-28811.html,EXACT_PERFUME_BRAND_TEXT,1.0000,1.0000,PASS
955-VICT,985,Coconut Passion,VERIFIED,WEB_VERIFIED_FRAGRANTICA,7993,,,https://www.fragrantica.com/perfume/Victoria-s-Secret/Coconut-Passion-7993.html,WEB_VERIFIED_FRAGRANTICA,1.0000,1.0000,PASS
956-VICT,986,Crush,VERIFIED,EXACT_PERFUME_BRAND_TEXT,40201,Victoria s Secret,Crush,https://www.fragrantica.com/perfume/Victoria-s-Secret/Crush-40201.html,EXACT_PERFUME_BRAND_TEXT,1.0000,1.0000,PASS
957-VICT,987,Dream Angels Glow,VERIFIED,EXACT_PERFUME_BRAND_TEXT,16003,Victoria s Secret,Dream Angels Glow,https://www.fragrantica.com/perfume/Victoria-s-Secret/Dream-Angels-Glow-16003.html,EXACT_PERFUME_BRAND_TEXT,1.0000,1.0000,PASS
958-VICT,988,Fabulous-eau-de-,VERIFIED,WEB_VERIFIED_FRAGRANTICA,17699,,,https://www.fragrantica.com/perfume/Victoria-s-Secret/Fabulous-17699.html,WEB_VERIFIED_FRAGRANTICA,1.0000,1.0000,PASS
959-VICT,989,Forbidden,VERIFIED,WEB_VERIFIED_FRAGRANTICA,23244,,,https://www.fragrantica.com/perfume/Victoria-s-Secret/Victoria-s-Secret-Forbidden-23244.html,WEB_VERIFIED_FRAGRANTICA,1.0000,1.0000,PASS
960-VICT,990,LOVE ME - VICTORIA'S SECRET,VERIFIED,WEB_VERIFIED_FRAGRANTICA,29526,,,https://www.fragrantica.com/perfume/Victoria-s-Secret/Love-Me-29526.html,WEB_VERIFIED_FRAGRANTICA,1.0000,1.0000,PASS
961-VICT,991,LOVE SPELL - VICTORIA'S SECRΕΤ,VERIFIED,EXACT_BRAND_CLEAN_NAME,7988,Victoria s Secret,Love Spell,https://www.fragrantica.com/perfume/Victoria-s-Secret/Love-Spell-7988.html,EXACT_BRAND_CLEAN_NAME,1.0000,1.0000,PASS
962-VICT,992,No1 FEATHERED MUSK - VICTORIA'S SECRET,VERIFIED,EXACT_PERFUME_BRAND_TEXT,19029,Victoria s Secret,No1 Feathered Musk,https://www.fragrantica.com/perfume/Victoria-s-Secret/No1-Feathered-Musk-19029.html,EXACT_PERFUME_BRAND_TEXT,1.0000,1.0000,PASS
963-VICT,993,Pure Seduction,VERIFIED,EXACT_PERFUME_BRAND_TEXT,7989,Victoria s Secret,Pure Seduction,https://www.fragrantica.com/perfume/Victoria-s-Secret/Pure-Seduction-7989.html,EXACT_PERFUME_BRAND_TEXT,1.0000,1.0000,PASS
964-VICT,994,Scandalous,VERIFIED,WEB_VERIFIED_FRAGRANTICA,28256,,,https://www.fragrantica.com/perfume/Victoria-s-Secret/Scandalous-28256.html,WEB_VERIFIED_FRAGRANTICA,1.0000,1.0000,PASS
965-VICT,995,SEXY LITTLE THINGS-NOIR TEASE TEMPTATION - VICTORIA'S SECRET,VERIFIED,WEB_VERIFIED_FRAGRANTICA,13261,,,https://www.fragrantica.com/perfume/Victoria-s-Secret/Sexy-Little-Things-Noir-Tease-Temptation-13261.html,WEB_VERIFIED_FRAGRANTICA,1.0000,1.0000,PASS
966-VICT,2148,TEASE - VICTORIA'S SECRET,VERIFIED,WEB_VERIFIED_FRAGRANTICA,9730,Victoria's Secret,Sexy Little Things Noir Tease,https://www.fragrantica.com/perfume/Victoria-s-Secret/Sexy-Little-Things-Noir-Tease-9730.html,WEB_VERIFIED_FRAGRANTICA,1.0000,1.0000,PASS
967-VICT,1930,Velvet Petals,VERIFIED,WEB_VERIFIED_FRAGRANTICA,56837,Victoria's Secret,Velvet Petals,https://www.fragrantica.com/perfume/Victoria-s-Secret/Velvet-Petals-56837.html,WEB_VERIFIED_FRAGRANTICA,1.0000,1.0000,PASS
968-VICT,996,VERY SEXY NOW - VICTORIAS SECRET,VERIFIED,EXACT_BRAND_CLEAN_NAME,114425,Victoria s Secret,Very Sexy,https://www.fragrantica.com/perfume/Victoria-s-Secret/Very-Sexy-114425.html,EXACT_BRAND_CLEAN_NAME,1.0000,1.0000,PASS
969-VICT,1928,Very Sexy Now Beach,VERIFIED,EXACT_PERFUME_BRAND_TEXT,49007,Victoria s Secret,Very Sexy Now Beach,https://www.fragrantica.com/perfume/Victoria-s-Secret/Very-Sexy-Now-Beach-49007.html,EXACT_PERFUME_BRAND_TEXT,1.0000,1.0000,PASS
970-VICT,1929,Very Sexy Now Wild Palm,VERIFIED,EXACT_BRAND_CLEAN_NAME,49008,Victoria s Secret,Very Sexy Now Wild Palm,https://www.fragrantica.com/perfume/Victoria-s-Secret/Very-Sexy-Now-Wild-Palm-49008.html,EXACT_BRAND_CLEAN_NAME,1.0000,1.0000,PASS
971-VICT,997,Very Sexy Touch,VERIFIED,EXACT_PERFUME_BRAND_TEXT,14635,Victoria s Secret,Very Sexy Touch,https://www.fragrantica.com/perfume/Victoria-s-Secret/Very-Sexy-Touch-14635.html,EXACT_PERFUME_BRAND_TEXT,1.0000,1.0000,PASS
972-VICT,2098,Warm Coconut Sugar,VERIFIED,EXACT_PERFUME_BRAND_TEXT,38834,Victoria s Secret,Warm Coconut Sugar,https://www.fragrantica.com/perfume/Victoria-s-Secret/Warm-Coconut-Sugar-38834.html,EXACT_PERFUME_BRAND_TEXT,1.0000,1.0000,PASS
973-VICT,998,Wicked,VERIFIED,EXACT_PERFUME_BRAND_TEXT,133200,Victoria s Secret,Wicked,https://www.fragrantica.com/perfume/Victoria-s-Secret/Wicked-133200.html,EXACT_PERFUME_BRAND_TEXT,1.0000,1.0000,PASS
975-YZLO,2103,Atlas-garden,VERIFIED,EXACT_BRAND_CLEAN_NAME,58274,Yves Saint Laurent,Atlas Garden,https://www.fragrantica.com/perfume/Yves-Saint-Laurent/Atlas-Garden-58274.html,EXACT_BRAND_CLEAN_NAME,1.0000,1.0000,PASS
976-YZLO,1000,Belle D Opium,VERIFIED,EXACT_BRAND_CLEAN_NAME,9394,Yves Saint Laurent,Belle d Opium,https://www.fragrantica.com/perfume/Yves-Saint-Laurent/Belle-d-Opium-9394.html,EXACT_BRAND_CLEAN_NAME,1.0000,1.0000,PASS
977-YZLO,,BLACK OPIUM,VERIFIED,EXACT_BRAND_CLEAN_NAME,25324,Yves Saint Laurent,Black Opium,https://www.fragrantica.com/perfume/Yves-Saint-Laurent/Black-Opium-25324.html,EXACT_BRAND_CLEAN_NAME,1.0000,1.0000,PASS
978-YZLO,1002,the notes of the fragrance BLACK OPIUM NUIT BLANCHE,VERIFIED,EXACT_BRAND_CLEAN_NAME,34503,Yves Saint Laurent,Black Opium Nuit Blanche,https://www.fragrantica.com/perfume/Yves-Saint-Laurent/Black-Opium-Nuit-Blanche-34503.html,EXACT_BRAND_CLEAN_NAME,1.0000,1.0000,PASS
979-YZLO,,CINEMA,VERIFIED,EXACT_BRAND_CLEAN_NAME,92,Yves Saint Laurent,Cinema,https://www.fragrantica.com/perfume/Yves-Saint-Laurent/Cinema-92.html,EXACT_BRAND_CLEAN_NAME,1.0000,1.0000,PASS
980-YZLO,1004,Elle,VERIFIED,EXACT_BRAND_CLEAN_NAME,1574,Yves Saint Laurent,Elle,https://www.fragrantica.com/perfume/Yves-Saint-Laurent/Elle-1574.html,EXACT_BRAND_CLEAN_NAME,1.0000,1.0000,PASS
981-YZLO,1793,Libre-eau-de-,VERIFIED,EXACT_BRAND_CLEAN_NAME,56077,Yves Saint Laurent,Libre,https://www.fragrantica.com/perfume/Yves-Saint-Laurent/Libre-56077.html,EXACT_BRAND_CLEAN_NAME,1.0000,1.0000,PASS
983-YZLO,1006,Manifesto,VERIFIED,EXACT_BRAND_CLEAN_NAME,15540,Yves Saint Laurent,Manifesto,https://www.fragrantica.com/perfume/Yves-Saint-Laurent/Manifesto-15540.html,EXACT_BRAND_CLEAN_NAME,1.0000,1.0000,PASS
984-YZLO,1007,Manifesto L Elixir,VERIFIED,EXACT_BRAND_CLEAN_NAME,18785,Yves Saint Laurent,Manifesto l Elixir,https://www.fragrantica.com/perfume/Yves-Saint-Laurent/Manifesto-l-Elixir-18785.html,EXACT_BRAND_CLEAN_NAME,1.0000,1.0000,PASS
985-YZLO,,MON PARIS,VERIFIED,EXACT_BRAND_CLEAN_NAME,38914,Yves Saint Laurent,Mon Paris,https://www.fragrantica.com/perfume/Yves-Saint-Laurent/Mon-Paris-38914.html,EXACT_BRAND_CLEAN_NAME,1.0000,1.0000,PASS
986-YZLO,1009,OPIUM,VERIFIED,WEB_VERIFIED_FRAGRANTICA,93,,,https://www.fragrantica.com/perfume/Yves-Saint-Laurent/Opium-1977-93.html,WEB_VERIFIED_FRAGRANTICA,1.0000,1.0000,PASS
987-YZLO,,PARIS,VERIFIED,EXACT_BRAND_CLEAN_NAME,94,Yves Saint Laurent,Paris,https://www.fragrantica.com/perfume/Yves-Saint-Laurent/Paris-94.html,EXACT_BRAND_CLEAN_NAME,1.0000,1.0000,PASS
988-YZLO,,PARISIENNE,VERIFIED,EXACT_BRAND_CLEAN_NAME,6493,Yves Saint Laurent,Parisienne,https://www.fragrantica.com/perfume/Yves-Saint-Laurent/Parisienne-6493.html,EXACT_BRAND_CLEAN_NAME,1.0000,1.0000,PASS
989-YZLO,,RIVE GAUCHE,VERIFIED,EXACT_BRAND_CLEAN_NAME,96,Yves Saint Laurent,Rive Gauche,https://www.fragrantica.com/perfume/Yves-Saint-Laurent/Rive-Gauche-96.html,EXACT_BRAND_CLEAN_NAME,1.0000,1.0000,PASS
990-YZLO,1778,Supreme Bouquet,VERIFIED,EXACT_BRAND_CLEAN_NAME,18369,Yves Saint Laurent,Supreme Bouquet,https://www.fragrantica.com/perfume/Yves-Saint-Laurent/Supreme-Bouquet-18369.html,EXACT_BRAND_CLEAN_NAME,1.0000,1.0000,PASS
991-YZLO,1013,YVRESSE (CHAMPAGNE),VERIFIED,EXACT_BRAND_CLEAN_NAME,101,Yves Saint Laurent,Yvresse Champagne,https://www.fragrantica.com/perfume/Yves-Saint-Laurent/Yvresse-Champagne-101.html,EXACT_BRAND_CLEAN_NAME,1.0000,1.0000,PASS
992-ZAD,1014,Girls Can Do Anything,VERIFIED,WEB_VERIFIED_FRAGRANTICA,51198,,,https://www.fragrantica.com/perfume/Zadig-Voltaire/Girls-Can-Do-Anything-51198.html,WEB_VERIFIED_FRAGRANTICA,1.0000,1.0000,PASS
993-ZAD,1931,JUST ROCK FOR HER - ZADIG & VOLTAIRE,VERIFIED,WEB_VERIFIED_FRAGRANTICA,45862,,,https://www.fragrantica.com/perfume/Zadig-Voltaire/Just-Rock-for-Her-45862.html,WEB_VERIFIED_FRAGRANTICA,1.0000,1.0000,PASS
994-ZAD,1015,This Is Her,VERIFIED,WEB_VERIFIED_FRAGRANTICA,39358,,,https://www.fragrantica.com/perfume/Zadig-Voltaire/This-is-Her-39358.html,WEB_VERIFIED_FRAGRANTICA,1.0000,1.0000,PASS
995-ZAR,,POUR FEMME,NOT_FOUND,NO_CORPUS_CODE_MATCH,,,,,,,0.0000,NOT_MAPPED
997-ABE,2734,Fierce Cologne,VERIFIED,EXACT_PERFUME_BRAND_TEXT,3508,Abercrombie Fitch,Fierce,https://www.fragrantica.com/perfume/Abercrombie-Fitch/Fierce-3508.html,EXACT_PERFUME_BRAND_TEXT,1.0000,1.0000,PASS
998-ABE,2823,Fierce Icon,VERIFIED,EXACT_BRAND_CLEAN_NAME,38014,Abercrombie Fitch,Fierce Icon,https://www.fragrantica.com/perfume/Abercrombie-Fitch/Fierce-Icon-38014.html,EXACT_BRAND_CLEAN_NAME,1.0000,1.0000,PASS
999-ABE,1895,FIRST INSTINCT - ABERCROMBIE & FITCH,VERIFIED,EXACT_PERFUME_BRAND_TEXT,37753,Abercrombie Fitch,First Instinct,https://www.fragrantica.com/perfume/Abercrombie-Fitch/First-Instinct-37753.html,EXACT_PERFUME_BRAND_TEXT,1.0000,1.0000,PASS
1000-ADO,,AGUA FRESCA,NOT_FOUND,NO_CORPUS_CODE_MATCH,,,,,,,0.0000,NOT_MAPPED
1001-ANT,,KING OF SEDUCTION,NOT_FOUND,NO_CORPUS_CODE_MATCH,,,,,,,0.0000,NOT_MAPPED
1003-ACQ,2215,COLONIA CLUB,VERIFIED,EXACT_BRAND_CLEAN_NAME,31424,Acqua di Parma,Colonia Club,https://www.fragrantica.com/perfume/Acqua-di-Parma/Colonia-Club-31424.html,EXACT_BRAND_CLEAN_NAME,1.0000,1.0000,PASS
1004-ACQ,107,Colonia Ebano,VERIFIED,EXACT_BRAND_CLEAN_NAME,43409,Acqua di Parma,Colonia Ebano,https://www.fragrantica.com/perfume/Acqua-di-Parma/Colonia-Ebano-43409.html,EXACT_BRAND_CLEAN_NAME,1.0000,1.0000,PASS
1005-ACQ,108,COLONIA INTENSA,VERIFIED,EXACT_BRAND_CLEAN_NAME,1684,Acqua di Parma,Colonia Intensa,https://www.fragrantica.com/perfume/Acqua-di-Parma/Colonia-Intensa-1684.html,EXACT_BRAND_CLEAN_NAME,1.0000,1.0000,PASS
1006-ACQ,1894,COLONIA INTENSA OUD,VERIFIED,WEB_VERIFIED_FRAGRANTICA,15519,,,https://www.fragrantica.com/perfume/Acqua-di-Parma/Colonia-Intensa-Oud-Eau-de-Cologne-Concentree-15519.html,WEB_VERIFIED_FRAGRANTICA,1.0000,1.0000,PASS
1007-ACQ,109,Colonia Leather,VERIFIED,WEB_VERIFIED_FRAGRANTICA,25349,Acqua di Parma,Colonia Leather Eau de Cologne Concentree,https://www.fragrantica.com/perfume/Acqua-di-Parma/Colonia-Leather-Eau-de-Cologne-Concentree-25349.html,WEB_VERIFIED_FRAGRANTICA,1.0000,1.0000,PASS
1008-ACQ,110,COLONIA PURA (U),VERIFIED,WEB_VERIFIED_FRAGRANTICA,45876,Acqua di Parma,Acqua di Parma Colonia Pura,https://www.fragrantica.com/perfume/Acqua-di-Parma/Acqua-di-Parma-Colonia-Pura-45876.html,WEB_VERIFIED_FRAGRANTICA,1.0000,1.0000,PASS
1009-ACQ,111,Colonia Quercia,VERIFIED,EXACT_BRAND_CLEAN_NAME,38674,Acqua di Parma,Colonia Quercia,https://www.fragrantica.com/perfume/Acqua-di-Parma/Colonia-Quercia-38674.html,EXACT_BRAND_CLEAN_NAME,1.0000,1.0000,PASS
1010-ACQ,112,Essenza di Colonia,VERIFIED,EXACT_BRAND_CLEAN_NAME,9829,Acqua di Parma,Essenza di Colonia,https://www.fragrantica.com/perfume/Acqua-di-Parma/Essenza-di-Colonia-9829.html,EXACT_BRAND_CLEAN_NAME,1.0000,1.0000,PASS
1011-ARA,113,Aramis-adventurer,VERIFIED,EXACT_BRAND_CLEAN_NAME,27572,Aramis,Adventurer,https://www.fragrantica.com/perfume/Aramis/Adventurer-27572.html,EXACT_BRAND_CLEAN_NAME,1.0000,1.0000,PASS
1012-ARA,114,Havana,VERIFIED,EXACT_BRAND_CLEAN_NAME,599,Aramis,Havana,https://www.fragrantica.com/perfume/Aramis/Havana-599.html,EXACT_BRAND_CLEAN_NAME,1.0000,1.0000,PASS
1013-ARA,115,Aramis Voyager,VERIFIED,EXACT_BRAND_CLEAN_NAME,39608,Aramis,Voyager,https://www.fragrantica.com/perfume/Aramis/Voyager-39608.html,EXACT_BRAND_CLEAN_NAME,1.0000,1.0000,PASS
1014-AZZ,116,CLASSIC,VERIFIED,WEB_VERIFIED_FRAGRANTICA,829,,,https://www.fragrantica.com/perfume/Azzaro/Azzaro-pour-Homme-829.html,WEB_VERIFIED_FRAGRANTICA,1.0000,1.0000,PASS
1015-AZZ,117,Night Time,VERIFIED,SAFE_TOKEN_SAME_BRAND,13965,Azzaro,Azzaro Pour Homme Night Time,https://www.fragrantica.com/perfume/Azzaro/Azzaro-Pour-Homme-Night-Time-13965.html,SAFE_TOKEN_SAME_BRAND,0.9560,1.0000,PASS
1016-AZZ,118,VISIT AZZARO,VERIFIED,WEB_VERIFIED_FRAGRANTICA,598,,,https://www.fragrantica.com/perfume/Azzaro/Visit-For-Men-598.html,WEB_VERIFIED_FRAGRANTICA,1.0000,1.0000,PASS
1017-AZZ,2104,Chrome Eau de Toilette,VERIFIED,EXACT_BRAND_CLEAN_NAME,788,Azzaro,Chrome,https://www.fragrantica.com/perfume/Azzaro/Chrome-788.html,EXACT_BRAND_CLEAN_NAME,1.0000,1.0000,PASS
1018-AZZ,119,Chrome Legend,VERIFIED,EXACT_BRAND_CLEAN_NAME,2959,Azzaro,Chrome Legend,https://www.fragrantica.com/perfume/Azzaro/Chrome-Legend-2959.html,EXACT_BRAND_CLEAN_NAME,1.0000,1.0000,PASS
1019-AZZ,120,Chrome Pure,VERIFIED,EXACT_BRAND_CLEAN_NAME,43131,Azzaro,Chrome Pure,https://www.fragrantica.com/perfume/Azzaro/Chrome-Pure-43131.html,EXACT_BRAND_CLEAN_NAME,1.0000,1.0000,PASS
1020-AZZ,,WANTED,VERIFIED,EXACT_BRAND_CLEAN_NAME,38686,Azzaro,Wanted,https://www.fragrantica.com/perfume/Azzaro/Wanted-38686.html,EXACT_BRAND_CLEAN_NAME,1.0000,1.0000,PASS
1021-BOG,122,One Man Show Eau de Toilette,VERIFIED,WEB_VERIFIED_FRAGRANTICA,7795,,,https://www.fragrantica.com/perfume/Jacques-Bogart/One-Man-Show-7795.html,WEB_VERIFIED_FRAGRANTICA,1.0000,1.0000,PASS
1022-BOT,123,Essence Aromatique,VERIFIED,SAFE_TOKEN_SAME_BRAND,23524,Bottega Veneta,Bottega Veneta Essence Aromatique,https://www.fragrantica.com/perfume/Bottega-Veneta/Bottega-Veneta-Essence-Aromatique-23524.html,SAFE_TOKEN_SAME_BRAND,0.9860,1.0000,PASS
1023-BOT,124,pour Homme Extrême,VERIFIED,SAFE_TOKEN_SAME_BRAND,29351,Bottega Veneta,Bottega Veneta Pour Homme Extreme,https://www.fragrantica.com/perfume/Bottega-Veneta/Bottega-Veneta-Pour-Homme-Extreme-29351.html,SAFE_TOKEN_SAME_BRAND,0.9860,0.4138,REVIEW
1024-BOU,125,VANILLE DE ZANZIBAR (u),VERIFIED,SAFE_TOKEN_SAME_BRAND,44720,Boucheron,Vanille de Zanzibar,https://www.fragrantica.com/perfume/Boucheron/Vanille-de-Zanzibar-44720.html,SAFE_TOKEN_SAME_BRAND,0.9760,1.0000,PASS
1025-BRB,126,Brit Rhythm For Him Intense,VERIFIED,SAFE_TOKEN_SAME_BRAND,29561,Burberry,Brit Rhythm for Him Intense,https://www.fragrantica.com/perfume/Burberry/Brit-Rhythm-for-Him-Intense-29561.html,SAFE_TOKEN_SAME_BRAND,0.9440,1.0000,PASS
1026-BRB,127,Brit,VERIFIED,WEB_VERIFIED_FRAGRANTICA,1115,,,https://www.fragrantica.com/perfume/Burberry/Burberry-Brit-for-Men-1115.html,WEB_VERIFIED_FRAGRANTICA,1.0000,1.0000,PASS
1027-BRB,128,LONDON,VERIFIED,EXACT_BRAND_CLEAN_NAME,813,Burberry,London,https://www.fragrantica.com/perfume/Burberry/London-813.html,EXACT_BRAND_CLEAN_NAME,1.0000,1.0000,PASS
1028-BRB,129,Sport For Men,VERIFIED,WEB_VERIFIED_FRAGRANTICA,7614,,,https://www.fragrantica.com/perfume/Burberry/Burberry-Sport-for-Men-7614.html,WEB_VERIFIED_FRAGRANTICA,1.0000,1.0000,PASS
1029-BRB,,MR. BURBERRY EAU DE PARFUM,VERIFIED,EXACT_PERFUME_BRAND_TEXT,32565,Burberry,Mr Burberry,https://www.fragrantica.com/perfume/Burberry/Mr-Burberry-32565.html,EXACT_PERFUME_BRAND_TEXT,1.0000,1.0000,PASS
1030-BRB,131,Mr Burberry Indigo,VERIFIED,EXACT_BRAND_CLEAN_NAME,49095,Burberry,Mr Burberry Indigo,https://www.fragrantica.com/perfume/Burberry/Mr-Burberry-Indigo-49095.html,EXACT_BRAND_CLEAN_NAME,1.0000,1.0000,PASS
1031-BRB,132,RHYTHM BRIT - BURBERRY,VERIFIED,SAFE_TOKEN_SAME_BRAND,18903,Burberry,Burberry Brit Rhythm,https://www.fragrantica.com/perfume/Burberry/Burberry-Brit-Rhythm-18903.html,SAFE_TOKEN_SAME_BRAND,0.9860,0.7000,REVIEW
1032-BRB,133,The Beat For Men,VERIFIED,CONFIRMED_IDENTITY_EXACT_CORPUS,4509,Burberry,The Beat for Men,https://www.fragrantica.com/perfume/Burberry/The-Beat-for-Men-4509.html,CONFIRMED_IDENTITY_EXACT_CORPUS,1.0000,1.0000,PASS
1033-BRB,134,Touch For Men,VERIFIED,EXACT_BRAND_CLEAN_NAME,815,Burberry,Touch for Men,https://www.fragrantica.com/perfume/Burberry/Touch-for-Men-815.html,EXACT_BRAND_CLEAN_NAME,1.0000,1.0000,PASS
1034-BLG,135,AQUA - BVLGARI,VERIFIED,WEB_VERIFIED_FRAGRANTICA,153,Bvlgari,Aqva Pour Homme,https://www.fragrantica.com/perfume/Bvlgari/Aqva-Pour-Homme-153.html,WEB_VERIFIED_FRAGRANTICA,1.0000,1.0000,PASS
1035-BLG,136,Bvlgari Black,VERIFIED,EXACT_PERFUME_BRAND_TEXT,154,Bvlgari,Black,https://www.fragrantica.com/perfume/Bvlgari/Black-154.html,EXACT_PERFUME_BRAND_TEXT,1.0000,1.0000,PASS
1036-BLG,137,Blv Pour Homme,VERIFIED,EXACT_BRAND_CLEAN_NAME,148,Bvlgari,BLV Pour Homme,https://www.fragrantica.com/perfume/Bvlgari/BLV-Pour-Homme-148.html,EXACT_BRAND_CLEAN_NAME,1.0000,1.0000,PASS
1037-BLG,1897,Bvl Man,VERIFIED,WEB_VERIFIED_FRAGRANTICA,148,,,https://www.fragrantica.com/perfume/Bvlgari/BLV-Pour-Homme-148.html,WEB_VERIFIED_FRAGRANTICA,1.0000,1.0000,PASS
1038-BLG,138,Bvlgari Man Extreme,VERIFIED,SAFE_TOKEN_SAME_BRAND,17373,Bvlgari,Bvlgari Man Extreme,https://www.fragrantica.com/perfume/Bvlgari/Bvlgari-Man-Extreme-17373.html,SAFE_TOKEN_SAME_BRAND,0.9860,1.0000,PASS
1039-BLG,139,Bvlgari Man in Black Eau de Parfum,VERIFIED,SAFE_TOKEN_SAME_BRAND,26358,Bvlgari,Bvlgari Man In Black,https://www.fragrantica.com/perfume/Bvlgari/Bvlgari-Man-In-Black-26358.html,SAFE_TOKEN_SAME_BRAND,0.9860,1.0000,PASS
1040-BLG,140,NOTTE POUR HOMME,VERIFIED,SAFE_TOKEN_SAME_BRAND,150,Bvlgari,BLV Notte Pour Homme,https://www.fragrantica.com/perfume/Bvlgari/BLV-Notte-Pour-Homme-150.html,SAFE_TOKEN_SAME_BRAND,0.9760,1.0000,PASS
1041-BLG,141,POUR HOMME BLG,VERIFIED,WEB_VERIFIED_FRAGRANTICA,143,,,https://www.fragrantica.com/perfume/Bvlgari/Bvlgari-Pour-Homme-143.html,WEB_VERIFIED_FRAGRANTICA,1.0000,1.0000,PASS
1042-CAC,142,POUR HOMME,VERIFIED,WEB_VERIFIED_FRAGRANTICA,2036,,,https://www.fragrantica.com/perfume/Cacharel/Cacharel-Pour-L-Homme-2036.html,WEB_VERIFIED_FRAGRANTICA,1.0000,1.0000,PASS
1043-CAL,143,Ck Be,VERIFIED,SAFE_TOKEN_SAME_BRAND,14606,Calvin Klein,Calvin Klein,https://www.fragrantica.com/perfume/Calvin-Klein/Calvin-Klein-14606.html,SAFE_TOKEN_SAME_BRAND,0.9560,0.3529,REVIEW
1044-CAL,,ETERNITY,NOT_FOUND,NO_CORPUS_CODE_MATCH,,,,,,,0.0000,NOT_MAPPED
1045-CAL,145,Eternity Now,VERIFIED,EXACT_BRAND_CLEAN_NAME,257,Calvin Klein,Eternity,https://www.fragrantica.com/perfume/Calvin-Klein/Eternity-257.html,EXACT_BRAND_CLEAN_NAME,1.0000,1.0000,PASS
1046-CAL,,EVERYONE,VERIFIED,WEB_VERIFIED_FRAGRANTICA,59021,,,https://www.fragrantica.com/perfume/Calvin-Klein/CK-Everyone-Eau-de-Toilette-59021.html,WEB_VERIFIED_FRAGRANTICA,1.0000,1.0000,PASS
1047-CAL,146,Euphoria Men,VERIFIED,EXACT_PERFUME_BRAND_TEXT,799,Calvin Klein,Euphoria Men,https://www.fragrantica.com/perfume/Calvin-Klein/Euphoria-Men-799.html,EXACT_PERFUME_BRAND_TEXT,1.0000,1.0000,PASS
1048-CAL,147,Obsession for Men Eau de Toilette,VERIFIED,EXACT_PERFUME_BRAND_TEXT,248,Calvin Klein,Obsession,https://www.fragrantica.com/perfume/Calvin-Klein/Obsession-248.html,EXACT_PERFUME_BRAND_TEXT,1.0000,1.0000,PASS
1049-CAL,148,Ck One,VERIFIED,SAFE_TOKEN_SAME_BRAND,276,Calvin Klein,CK One,https://www.fragrantica.com/perfume/Calvin-Klein/CK-One-276.html,SAFE_TOKEN_SAME_BRAND,0.9860,1.0000,PASS
1050-CAL,149,Ck One Red Edition For Him,VERIFIED,CONFIRMED_IDENTITY_EXACT_CORPUS,22327,Calvin Klein,CK One Red Edition for Him,https://www.fragrantica.com/perfume/Calvin-Klein/CK-One-Red-Edition-for-Him-22327.html,CONFIRMED_IDENTITY_EXACT_CORPUS,1.0000,1.0000,PASS
1051-CAL,150,Ck One Shock For Him,VERIFIED,CONFIRMED_IDENTITY_EXACT_CORPUS,12520,Calvin Klein,CK One Shock For Him,https://www.fragrantica.com/perfume/Calvin-Klein/CK-One-Shock-For-Him-12520.html,CONFIRMED_IDENTITY_EXACT_CORPUS,1.0000,1.0000,PASS
1052-CAL,574,Ck One Summer,VERIFIED,SAFE_TOKEN_SAME_BRAND,23436,Calvin Klein,CK One Summer 2014,https://www.fragrantica.com/perfume/Calvin-Klein/CK-One-Summer-2014-23436.html,SAFE_TOKEN_SAME_BRAND,0.9760,1.0000,PASS
1053-CAR,1901,212 Men,VERIFIED,CONFIRMED_IDENTITY_EXACT_CORPUS,297,Carolina Herrera,212 Men,https://www.fragrantica.com/perfume/Carolina-Herrera/212-Men-297.html,CONFIRMED_IDENTITY_EXACT_CORPUS,1.0000,1.0000,PASS
1054-CAR,152,212 Sexy Men,VERIFIED,CONFIRMED_IDENTITY_EXACT_CORPUS,1054,Carolina Herrera,212 Sexy Men,https://www.fragrantica.com/perfume/Carolina-Herrera/212-Sexy-Men-1054.html,CONFIRMED_IDENTITY_EXACT_CORPUS,1.0000,1.0000,PASS
1055-CAR,153,212 Vip Club Edition,VERIFIED,EXACT_BRAND_CLEAN_NAME,30424,Carolina Herrera,212 VIP Club Edition,https://www.fragrantica.com/perfume/Carolina-Herrera/212-VIP-Club-Edition-30424.html,EXACT_BRAND_CLEAN_NAME,1.0000,1.0000,PASS
1056-CAR,154,212 Vip Men,VERIFIED,CONFIRMED_IDENTITY_EXACT_CORPUS,12865,Carolina Herrera,212 VIP Men,https://www.fragrantica.com/perfume/Carolina-Herrera/212-VIP-Men-12865.html,CONFIRMED_IDENTITY_EXACT_CORPUS,1.0000,1.0000,PASS
1057-CAR,155,212 Vip Wild Party,VERIFIED,EXACT_BRAND_CLEAN_NAME,35780,Carolina Herrera,212 VIP Wild Party,https://www.fragrantica.com/perfume/Carolina-Herrera/212-VIP-Wild-Party-35780.html,EXACT_BRAND_CLEAN_NAME,1.0000,1.0000,PASS
1058-CAR,1795,Bad-boy-eau-de-toilette,VERIFIED,EXACT_BRAND_CLEAN_NAME,55449,Carolina Herrera,Bad Boy,https://www.fragrantica.com/perfume/Carolina-Herrera/Bad-Boy-55449.html,EXACT_BRAND_CLEAN_NAME,1.0000,1.0000,PASS
1059-CRT,,DECLARATION,VERIFIED,EXACT_PERFUME_BRAND_TEXT,307,Cartier,Declaration,https://www.fragrantica.com/perfume/Cartier/Declaration-307.html,EXACT_PERFUME_BRAND_TEXT,1.0000,1.0000,PASS
1060-CRT,,L'ENVOL DE CARTIER,VERIFIED,WEB_VERIFIED_FRAGRANTICA,39885,,,https://www.fragrantica.com/perfume/Cartier/L-Envol-de-Cartier-39885.html,WEB_VERIFIED_FRAGRANTICA,1.0000,1.0000,PASS
1061-CRT,,PASHA DE CARTIER,VERIFIED,SAFE_TOKEN_SAME_BRAND,2446,Cartier,Pasha de Cartier Fraicheur Menthe,https://www.fragrantica.com/perfume/Cartier/Pasha-de-Cartier-Fraicheur-Menthe-2446.html,SAFE_TOKEN_SAME_BRAND,0.9760,1.0000,PASS
1062-CRT,159,Roadster,VERIFIED,EXACT_PERFUME_BRAND_TEXT,3474,Cartier,Roadster,https://www.fragrantica.com/perfume/Cartier/Roadster-3474.html,EXACT_PERFUME_BRAND_TEXT,1.0000,1.0000,PASS
1063-CER,160,pour Homme Eau de Toilette (Eau de Toilette),VERIFIED,EXACT_BRAND_CLEAN_NAME,1441,Cerruti,Cerruti Pour Homme,https://www.fragrantica.com/perfume/Cerruti/Cerruti-Pour-Homme-1441.html,EXACT_BRAND_CLEAN_NAME,1.0000,0.0000,REVIEW
1064-CHA,161,ALLURE FOR MEN,VERIFIED,EXACT_BRAND_CLEAN_NAME,502,Chanel,Allure,https://www.fragrantica.com/perfume/Chanel/Allure-502.html,EXACT_BRAND_CLEAN_NAME,1.0000,1.0000,PASS
1065-CHA,,ALLURE HOMME SPORT,VERIFIED,EXACT_BRAND_CLEAN_NAME,607,Chanel,Allure Homme Sport,https://www.fragrantica.com/perfume/Chanel/Allure-Homme-Sport-607.html,EXACT_BRAND_CLEAN_NAME,1.0000,1.0000,PASS
1066-CHA,163,Antaeus,VERIFIED,EXACT_BRAND_CLEAN_NAME,616,Chanel,Antaeus,https://www.fragrantica.com/perfume/Chanel/Antaeus-616.html,EXACT_BRAND_CLEAN_NAME,1.0000,1.0000,PASS
1067-CHA,164,BLEU,VERIFIED,WEB_VERIFIED_FRAGRANTICA,9099,Chanel,Bleu de Chanel,https://www.fragrantica.com/perfume/Chanel/Bleu-de-Chanel-9099.html,WEB_VERIFIED_FRAGRANTICA,1.0000,1.0000,PASS
1068-CHA,591,Les Exclusifs De Chanel  Boy,VERIFIED,SAFE_CONCENTRATION_EQUIVALENT,37473,Chanel,Boy Eau de Parfum,https://www.fragrantica.com/perfume/Chanel/Boy-Eau-de-Parfum-37473.html,SAFE_CONCENTRATION_EQUIVALENT,0.9950,1.0000,PASS
1069-CHA,166,Egoiste,VERIFIED,EXACT_BRAND_CLEAN_NAME,613,Chanel,Egoiste,https://www.fragrantica.com/perfume/Chanel/Egoiste-613.html,EXACT_BRAND_CLEAN_NAME,1.0000,1.0000,PASS
1070-CHA,167,EGOISTE PLATINUM,VERIFIED,EXACT_BRAND_CLEAN_NAME,614,Chanel,Egoiste Platinum,https://www.fragrantica.com/perfume/Chanel/Egoiste-Platinum-614.html,EXACT_BRAND_CLEAN_NAME,1.0000,1.0000,PASS
1071-DRC,168,Ambre-nuit-eau-de-,VERIFIED,WEB_VERIFIED_FRAGRANTICA,7092,Dior,Ambre Nuit,https://www.fragrantica.com/perfume/Dior/Ambre-Nuit-7092.html,WEB_VERIFIED_FRAGRANTICA,1.0000,1.0000,PASS
1072-DRC,1934,La Collection Privee  Balade Sauvage,VERIFIED,EXACT_BRAND_CLEAN_NAME,48398,Dior,Balade Sauvage,https://www.fragrantica.com/perfume/Dior/Balade-Sauvage-48398.html,EXACT_BRAND_CLEAN_NAME,1.0000,1.0000,PASS
1073-DRC,169,HOMME PARFUM,VERIFIED,WEB_VERIFIED_FRAGRANTICA,27417,Dior,Dior Homme Parfum,https://www.fragrantica.com/perfume/Dior/Dior-Homme-Parfum-27417.html,WEB_VERIFIED_FRAGRANTICA,1.0000,1.0000,PASS
1074-DRC,170,Dune pour Homme Eau de Toilette,VERIFIED,EXACT_BRAND_CLEAN_NAME,221,Dior,Dune,https://www.fragrantica.com/perfume/Dior/Dune-221.html,EXACT_BRAND_CLEAN_NAME,1.0000,1.0000,PASS
1075-DRC,,EAU SAUVAGE,VERIFIED,EXACT_BRAND_CLEAN_NAME,231,Dior,Eau Sauvage,https://www.fragrantica.com/perfume/Dior/Eau-Sauvage-231.html,EXACT_BRAND_CLEAN_NAME,1.0000,1.0000,PASS
1076-DRC,,FAHRENEIT,NOT_FOUND,NO_CORPUS_CODE_MATCH,,,,,,,0.0000,NOT_MAPPED
1077-DRC,173,FAHRENEIT 32,VERIFIED,SAFE_FUZZY_SAME_BRAND,987,Dior,Fahrenheit 32,https://www.fragrantica.com/perfume/Dior/Fahrenheit-32-987.html,SAFE_FUZZY_SAME_BRAND,0.9600,0.9600,PASS
1078-DRC,174,Higher,VERIFIED,EXACT_BRAND_CLEAN_NAME,233,Dior,Higher,https://www.fragrantica.com/perfume/Dior/Higher-233.html,EXACT_BRAND_CLEAN_NAME,1.0000,1.0000,PASS
1079-DRC,175,Higher Energy,VERIFIED,EXACT_BRAND_CLEAN_NAME,234,Dior,Higher Energy,https://www.fragrantica.com/perfume/Dior/Higher-Energy-234.html,EXACT_BRAND_CLEAN_NAME,1.0000,1.0000,PASS
1080-DRC,176,HOMME,VERIFIED,WEB_VERIFIED_FRAGRANTICA,230,,,https://www.fragrantica.com/perfume/Dior/Dior-Homme-230.html,WEB_VERIFIED_FRAGRANTICA,1.0000,1.0000,PASS
1081-DRC,,HOMME EAU,NOT_FOUND,NO_CORPUS_CODE_MATCH,,,,,,,0.0000,NOT_MAPPED
1082-DRC,178,HOMME SPORT,VERIFIED,WEB_VERIFIED_FRAGRANTICA,4033,,,https://www.fragrantica.com/perfume/Dior/Dior-Homme-Sport-4033.html,WEB_VERIFIED_FRAGRANTICA,1.0000,1.0000,PASS
1083-DRC,179,INTENSE HOMME,VERIFIED,EXACT_UNIQUE_NAME,86301,The Dua Brand,Intense Homme,https://www.fragrantica.com/perfume/The-Dua-Brand/Intense-Homme-86301.html,EXACT_UNIQUE_NAME,1.0000,1.0000,PASS
1085-DRC,,SAUVAGE,VERIFIED,EXACT_BRAND_CLEAN_NAME,31861,Dior,Sauvage,https://www.fragrantica.com/perfume/Dior/Sauvage-31861.html,EXACT_BRAND_CLEAN_NAME,1.0000,1.0000,PASS
1086-CLI,182,Happy,VERIFIED,EXACT_UNIQUE_NAME,66133,The Dua Brand,Happy,https://www.fragrantica.com/perfume/The-Dua-Brand/Happy-66133.html,EXACT_UNIQUE_NAME,1.0000,1.0000,PASS
1087-COM,183,Comme des Garçons 2,VERIFIED,EXACT_BRAND_CLEAN_NAME,389,Comme des Garcons,Comme des Garcons,https://www.fragrantica.com/perfume/Comme-des-Garcons/Comme-des-Garcons-389.html,EXACT_BRAND_CLEAN_NAME,1.0000,0.8889,PASS
1088-COM,1935,Odeur 53 Eau de Toilette,VERIFIED,EXACT_PERFUME_BRAND_TEXT,395,Comme des Garcons,Odeur 53,https://www.fragrantica.com/perfume/Comme-des-Garcons/Odeur-53-395.html,EXACT_PERFUME_BRAND_TEXT,1.0000,1.0000,PASS
1089-COM,184,Wonderwood,VERIFIED,EXACT_PERFUME_BRAND_TEXT,8991,Comme des Garcons,Wonderwood,https://www.fragrantica.com/perfume/Comme-des-Garcons/Wonderwood-8991.html,EXACT_PERFUME_BRAND_TEXT,1.0000,1.0000,PASS
1090-COS,,COSTUME NATIONAL HOMME,VERIFIED,WEB_VERIFIED_FRAGRANTICA,7047,,,https://www.fragrantica.com/perfume/CoSTUME-NATIONAL/Costume-National-Homme-7047.html,WEB_VERIFIED_FRAGRANTICA,1.0000,1.0000,PASS
1091-COS,,SCENT INTENSE,VERIFIED,EXACT_BRAND_CLEAN_NAME,2305,CoSTUME NATIONAL,Scent Intense,https://www.fragrantica.com/perfume/CoSTUME-NATIONAL/Scent-Intense-2305.html,EXACT_BRAND_CLEAN_NAME,1.0000,1.0000,PASS
1092-DOL,185,By Man Eau de Toilette,VERIFIED,WEB_VERIFIED_FRAGRANTICA,490,,,https://www.fragrantica.com/perfume/Dolce-Gabbana/By-490.html,WEB_VERIFIED_FRAGRANTICA,1.0000,1.0000,PASS
1093-DOL,186,INTENSO,VERIFIED,WEB_VERIFIED_FRAGRANTICA,28935,Dolce&Gabbana,Dolce&Gabbana Pour Homme Intenso,https://www.fragrantica.com/perfume/Dolce-Gabbana/Dolce-Gabbana-Pour-Homme-Intenso-28935.html,WEB_VERIFIED_FRAGRANTICA,1.0000,1.0000,PASS
1094-DOL,1817,K KING (2019),VERIFIED,WEB_VERIFIED_FRAGRANTICA,56358,,,https://www.fragrantica.com/perfume/Dolce-Gabbana/K-by-Dolce-Gabbana-56358.html,WEB_VERIFIED_FRAGRANTICA,1.0000,1.0000,PASS
1095-DOL,187,LIGHT BLUE MAN,VERIFIED,EXACT_UNIQUE_NAME,485,Dolce Gabbana,Light Blue,https://www.fragrantica.com/perfume/Dolce-Gabbana/Light-Blue-485.html,EXACT_UNIQUE_NAME,1.0000,1.0000,PASS
1096-DOL,188,Light Blue Eau Intense,VERIFIED,EXACT_UNIQUE_NAME,44034,Dolce Gabbana,Light Blue Eau Intense,https://www.fragrantica.com/perfume/Dolce-Gabbana/Light-Blue-Eau-Intense-44034.html,EXACT_UNIQUE_NAME,1.0000,1.0000,PASS
1097-DOL,1938,LIGHT BLUE DISCOVER VULCANO,VERIFIED,WEB_VERIFIED_FRAGRANTICA,23619,Dolce&Gabbana,Light Blue Discover Vulcano Pour Homme,https://www.fragrantica.com/perfume/Dolce-Gabbana/Light-Blue-Discover-Vulcano-Pour-Homme-23619.html,WEB_VERIFIED_FRAGRANTICA,1.0000,1.0000,PASS
1098-DOL,190,Dolce  Gabbana Pour Homme 1994,VERIFIED,CONFIRMED_IDENTITY_EXACT_CORPUS,483,Dolce Gabbana,Dolce Gabbana pour Homme 1994,https://www.fragrantica.com/perfume/Dolce-Gabbana/Dolce-Gabbana-pour-Homme-1994-483.html,CONFIRMED_IDENTITY_EXACT_CORPUS,1.0000,1.0000,PASS
1099-DOL,191,The One,VERIFIED,CONFIRMED_IDENTITY_EXACT_CORPUS,698,Dolce Gabbana,The One,https://www.fragrantica.com/perfume/Dolce-Gabbana/The-One-698.html,CONFIRMED_IDENTITY_EXACT_CORPUS,1.0000,1.0000,PASS
1100-DOL,1939,The One Grey,VERIFIED,EXACT_UNIQUE_NAME,50611,Dolce Gabbana,The One Grey,https://www.fragrantica.com/perfume/Dolce-Gabbana/The-One-Grey-50611.html,EXACT_UNIQUE_NAME,1.0000,1.0000,PASS
1101-DOL,192,Velvet Bergamot,VERIFIED,EXACT_UNIQUE_NAME,25154,Dolce Gabbana,Velvet Bergamot,https://www.fragrantica.com/perfume/Dolce-Gabbana/Velvet-Bergamot-25154.html,EXACT_UNIQUE_NAME,1.0000,1.0000,PASS
1102-DAV,,COOL WATER WOMAN,VERIFIED,WEB_VERIFIED_FRAGRANTICA,507,,,https://www.fragrantica.com/perfume/Davidoff/Cool-Water-507.html,WEB_VERIFIED_FRAGRANTICA,1.0000,1.0000,PASS
1103-DAV,194,Hot Water,VERIFIED,EXACT_PERFUME_BRAND_TEXT,6282,Davidoff,Hot Water,https://www.fragrantica.com/perfume/Davidoff/Hot-Water-6282.html,EXACT_PERFUME_BRAND_TEXT,1.0000,1.0000,PASS
1104-DAV,195,PURE PACIFIC - DAVIDOFF,VERIFIED,WEB_VERIFIED_FRAGRANTICA,14564,,,https://www.fragrantica.com/perfume/Davidoff/Cool-Water-Pure-Pacific-for-Him-14564.html,WEB_VERIFIED_FRAGRANTICA,1.0000,1.0000,PASS
1105-DAV,196,The Brilliant Game,VERIFIED,SAFE_TOKEN_SAME_BRAND,28801,Davidoff,The Brilliant Game,https://www.fragrantica.com/perfume/Davidoff/The-Brilliant-Game-28801.html,SAFE_TOKEN_SAME_BRAND,0.9560,1.0000,PASS
1106-DAV,197,ZINO DAVIDOFF Perfume,VERIFIED,EXACT_BRAND_CLEAN_NAME,590,Davidoff,Zino Davidoff,https://www.fragrantica.com/perfume/Davidoff/Zino-Davidoff-590.html,EXACT_BRAND_CLEAN_NAME,1.0000,1.0000,PASS
1107-DIE,198,Bad-eau-de-toilette,VERIFIED,EXACT_PERFUME_BRAND_TEXT,39383,Diesel,Bad,https://www.fragrantica.com/perfume/Diesel/Bad-39383.html,EXACT_PERFUME_BRAND_TEXT,1.0000,1.0000,PASS
1108-DIE,,ONLY THE BRAVE,VERIFIED,EXACT_PERFUME_BRAND_TEXT,5532,Diesel,Only The Brave,https://www.fragrantica.com/perfume/Diesel/Only-The-Brave-5532.html,EXACT_PERFUME_BRAND_TEXT,1.0000,1.0000,PASS
1109-DIE,200,Only The Brave Wild,VERIFIED,CONFIRMED_IDENTITY_EXACT_CORPUS,26131,Diesel,Only The Brave Wild,https://www.fragrantica.com/perfume/Diesel/Only-The-Brave-Wild-26131.html,CONFIRMED_IDENTITY_EXACT_CORPUS,1.0000,1.0000,PASS
1110-DSQ,201,BLACK POTION - DSQUARED,VERIFIED,WEB_VERIFIED_FRAGRANTICA,18592,,,https://www.fragrantica.com/perfume/DSQUARED2/Potion-Royal-Black-18592.html,WEB_VERIFIED_FRAGRANTICA,1.0000,1.0000,PASS
1111-DSQ,202,HE WOOD - DSQUARED Perfumes,VERIFIED,WEB_VERIFIED_FRAGRANTICA,1936,DSQUARED2,He Wood,https://www.fragrantica.com/perfume/DSQUARED2/He-Wood-1936.html,WEB_VERIFIED_FRAGRANTICA,1.0000,1.0000,PASS
1112-DSQ,203,HE WOOD ROCKY MOUNTAIN - DSQUARED,VERIFIED,WEB_VERIFIED_FRAGRANTICA,5862,DSQUARED2,He Wood Rocky Mountain Wood,https://www.fragrantica.com/perfume/DSQUARED2/He-Wood-Rocky-Mountain-Wood-5862.html,WEB_VERIFIED_FRAGRANTICA,1.0000,1.0000,PASS
1113-DSQ,204,Wild,VERIFIED,CONFIRMED_IDENTITY_EXACT_CORPUS,27438,DSQUARED2,Wild,https://www.fragrantica.com/perfume/DSQUARED2/Wild-27438.html,CONFIRMED_IDENTITY_EXACT_CORPUS,1.0000,1.0000,PASS
1114-DUN,205,Icon Elite,VERIFIED,EXACT_BRAND_CLEAN_NAME,38982,Alfred Dunhill,Icon Elite,https://www.fragrantica.com/perfume/Alfred-Dunhill/Icon-Elite-38982.html,EXACT_BRAND_CLEAN_NAME,1.0000,1.0000,PASS
1115-ZEG,208,Bourbon Vanilla,VERIFIED,EXACT_UNIQUE_NAME,95947,Cremo,Bourbon Vanilla,https://www.fragrantica.com/perfume/Cremo/Bourbon-Vanilla-95947.html,EXACT_UNIQUE_NAME,1.0000,1.0000,PASS
1116-ZEG,209,UOMO ABSOLUT - ERMENEGILDO ZEGNA,VERIFIED,WEB_VERIFIED_FRAGRANTICA,28142,Ermenegildo Zegna,Uomo Absolute,https://www.fragrantica.com/perfume/Ermenegildo-Zegna/Uomo-Absolute-28142.html,WEB_VERIFIED_FRAGRANTICA,1.0000,1.0000,PASS
1117-EST,210,Intuition for Men Cologne,VERIFIED,WEB_VERIFIED_FRAGRANTICA,533,Estée Lauder,Intuition for Men,https://www.fragrantica.com/p/533,WEB_VERIFIED_FRAGRANTICA,1.0000,1.0000,PASS
1118-FAB,,BRUT 1964,VERIFIED,WEB_VERIFIED_FRAGRANTICA,38206,,,https://www.fragrantica.com/perfume/Faberge/Brut-38206.html,WEB_VERIFIED_FRAGRANTICA,1.0000,1.0000,PASS
1119-FEN,212,ACQUA FAN DI FENDI,VERIFIED,WEB_VERIFIED_FRAGRANTICA,18154,Fendi,Fan di Fendi pour Homme Acqua,https://www.fragrantica.com/perfume/Fendi/Fan-di-Fendi-pour-Homme-Acqua-18154.html,WEB_VERIFIED_FRAGRANTICA,1.0000,1.0000,PASS
1120-FER,213,Cedar Essence,VERIFIED,WEB_VERIFIED_FRAGRANTICA,24450,Ferrari,Cedar Essence,https://www.fragrantica.com/perfume/-24450.html,WEB_VERIFIED_FRAGRANTICA,1.0000,1.0000,PASS
1121-GFE,,FERRE MAN,NOT_FOUND,NO_CORPUS_CODE_MATCH,,,,,,,0.0000,NOT_MAPPED
1122-GFE,215,In the Mood for Love,VERIFIED,WEB_VERIFIED_FRAGRANTICA,6530,,,https://www.fragrantica.com/p/6530,WEB_VERIFIED_FRAGRANTICA,1.0000,1.0000,PASS
1123-ARM,,ACQUA DI GIO,VERIFIED,WEB_VERIFIED_FRAGRANTICA,410,,,https://www.fragrantica.com/perfume/Giorgio-Armani/Acqua-di-Gio-410.html,WEB_VERIFIED_FRAGRANTICA,1.0000,1.0000,PASS
1124-ARM,217,Acqua Di Gio Absolu,VERIFIED,EXACT_BRAND_CLEAN_NAME,48138,Giorgio Armani,Acqua di Gio Absolu,https://www.fragrantica.com/perfume/Giorgio-Armani/Acqua-di-Gio-Absolu-48138.html,EXACT_BRAND_CLEAN_NAME,1.0000,1.0000,PASS
1125-ARM,218,Acqua Di Gio Essenza,VERIFIED,EXACT_BRAND_CLEAN_NAME,14825,Giorgio Armani,Acqua di Gio Essenza,https://www.fragrantica.com/perfume/Giorgio-Armani/Acqua-di-Gio-Essenza-14825.html,EXACT_BRAND_CLEAN_NAME,1.0000,1.0000,PASS
1126-ARM,,ACQUA DI GIO PROFONDO,VERIFIED,EXACT_BRAND_CLEAN_NAME,59532,Giorgio Armani,Acqua di Gio Profondo,https://www.fragrantica.com/perfume/Giorgio-Armani/Acqua-di-Gio-Profondo-59532.html,EXACT_BRAND_CLEAN_NAME,1.0000,1.0000,PASS
1127-ARM,1893,Acqua Di Gio Profumo,VERIFIED,EXACT_BRAND_CLEAN_NAME,29727,Giorgio Armani,Acqua di Gio Profumo,https://www.fragrantica.com/perfume/Giorgio-Armani/Acqua-di-Gio-Profumo-29727.html,EXACT_BRAND_CLEAN_NAME,1.0000,1.0000,PASS
1128-ARM,220,Armani Code Colonia,VERIFIED,SAFE_TOKEN_SAME_BRAND,42895,Giorgio Armani,Armani Code Colonia,https://www.fragrantica.com/perfume/Giorgio-Armani/Armani-Code-Colonia-42895.html,SAFE_TOKEN_SAME_BRAND,0.9560,1.0000,PASS
1129-ARM,221,Armani Code Ice,VERIFIED,SAFE_TOKEN_SAME_BRAND,24601,Giorgio Armani,Armani Code Ice,https://www.fragrantica.com/perfume/Giorgio-Armani/Armani-Code-Ice-24601.html,SAFE_TOKEN_SAME_BRAND,0.9560,1.0000,PASS
1130-ARM,222,Armani Code Profumo,VERIFIED,SAFE_TOKEN_SAME_BRAND,34761,Giorgio Armani,Armani Code Profumo,https://www.fragrantica.com/perfume/Giorgio-Armani/Armani-Code-Profumo-34761.html,SAFE_TOKEN_SAME_BRAND,0.9560,1.0000,PASS
1131-ARM,223,Armani Mania for Men Eau de Toilette,VERIFIED,EXACT_BRAND_CLEAN_NAME,423,Giorgio Armani,Mania,https://www.fragrantica.com/perfume/Giorgio-Armani/Mania-423.html,EXACT_BRAND_CLEAN_NAME,1.0000,1.0000,PASS
1132-ARM,224,Attitude,VERIFIED,WEB_VERIFIED_FRAGRANTICA,1067,Giorgio Armani,Armani Attitude,https://www.fragrantica.com/p/1067,WEB_VERIFIED_FRAGRANTICA,1.0000,1.0000,PASS
1133-ARM,225,BLACK CODE,VERIFIED,WEB_VERIFIED_FRAGRANTICA,412,Giorgio Armani,Armani Code,https://www.fragrantica.com/p/412,WEB_VERIFIED_FRAGRANTICA,1.0000,1.0000,PASS
1134-ARM,226,Emporio Armani Diamonds,VERIFIED,CONFIRMED_IDENTITY_EXACT_CORPUS,1292,Giorgio Armani,Emporio Armani Diamonds,https://www.fragrantica.com/perfume/Giorgio-Armani/Emporio-Armani-Diamonds-1292.html,CONFIRMED_IDENTITY_EXACT_CORPUS,1.0000,1.0000,PASS
1135-ARM,206,LUI/IL/HE/EL,VERIFIED,WEB_VERIFIED_FRAGRANTICA,416,Giorgio Armani,Emporio Armani Lui,https://www.fragrantica.com/p/416,WEB_VERIFIED_FRAGRANTICA,1.0000,1.0000,PASS
1136-ARM,,STRONGER WITH YOU (EMPORIO),VERIFIED,WEB_VERIFIED_FRAGRANTICA,45258,,,https://www.fragrantica.com/perfume/Giorgio-Armani/Emporio-Armani-Stronger-With-You-45258.html,WEB_VERIFIED_FRAGRANTICA,1.0000,1.0000,PASS
1137-ARM,207,WHITE,VERIFIED,WEB_VERIFIED_FRAGRANTICA,419,,,https://www.fragrantica.com/perfume/Giorgio-Armani/Emporio-Armani-White-For-Him-419.html,WEB_VERIFIED_FRAGRANTICA,1.0000,1.0000,PASS
1138-GIV,228,Givenchy Gentleman,VERIFIED,SAFE_CONCENTRATION_EQUIVALENT,48476,Givenchy,Gentleman Eau de Parfum,https://www.fragrantica.com/perfume/Givenchy/Gentleman-Eau-de-Parfum-48476.html,SAFE_CONCENTRATION_EQUIVALENT,0.9950,1.0000,PASS
1139-GIV,229,Gentlemen Only,VERIFIED,EXACT_BRAND_CLEAN_NAME,17259,Givenchy,Gentlemen Only,https://www.fragrantica.com/perfume/Givenchy/Gentlemen-Only-17259.html,EXACT_BRAND_CLEAN_NAME,1.0000,1.0000,PASS
1140-GIV,230,Insense Ultramarine,VERIFIED,EXACT_BRAND_CLEAN_NAME,858,Givenchy,Insense Ultramarine,https://www.fragrantica.com/perfume/Givenchy/Insense-Ultramarine-858.html,EXACT_BRAND_CLEAN_NAME,1.0000,1.0000,PASS
1141-GIV,,P,VERIFIED,WEB_VERIFIED_FRAGRANTICA,39,,,https://www.fragrantica.com/perfume/Givenchy/Pi-39.html,WEB_VERIFIED_FRAGRANTICA,1.0000,1.0000,PASS
1142-GIV,232,Play,VERIFIED,EXACT_UNIQUE_NAME,98247,Lattafa Perfumes,Play,https://www.fragrantica.com/perfume/Lattafa-Perfumes/Play-98247.html,EXACT_UNIQUE_NAME,1.0000,1.0000,PASS
1143-GUC,233,Envy For Men,VERIFIED,CONFIRMED_IDENTITY_EXACT_CORPUS,688,Gucci,Envy for Men,https://www.fragrantica.com/perfume/Gucci/Envy-for-Men-688.html,CONFIRMED_IDENTITY_EXACT_CORPUS,1.0000,1.0000,PASS
1144-GUC,234,Gucci by Gucci pour Homme Eau de Toilette,VERIFIED,CONFIRMED_IDENTITY_CONCENTRATION_CORPUS,3792,Gucci,Gucci by Gucci Pour Homme,https://www.fragrantica.com/perfume/Gucci/Gucci-by-Gucci-Pour-Homme-3792.html,CONFIRMED_IDENTITY_CONCENTRATION_CORPUS,0.9950,1.0000,PASS
1145-GUC,4492,Gucci Pour Homme 2003,VERIFIED,SAFE_TOKEN_SAME_BRAND,691,Gucci,Gucci pour Homme 2003,https://www.fragrantica.com/perfume/Gucci/Gucci-pour-Homme-2003-691.html,SAFE_TOKEN_SAME_BRAND,0.9760,1.0000,PASS
1146-GUC,236,Guilty Intense,VERIFIED,WEB_VERIFIED_FRAGRANTICA,13075,,,https://www.fragrantica.com/perfume/Gucci/Gucci-Guilty-Intense-Pour-Homme-13075.html,WEB_VERIFIED_FRAGRANTICA,1.0000,1.0000,PASS
1147-GUC,237,Guilty pour Homme,VERIFIED,EXACT_BRAND_CLEAN_NAME,11037,Gucci,Guilty Pour Homme,https://www.fragrantica.com/perfume/Gucci/Guilty-Pour-Homme-11037.html,EXACT_BRAND_CLEAN_NAME,1.0000,1.0000,PASS
1148-GUC,238,Oud,VERIFIED,WEB_VERIFIED_FRAGRANTICA,25946,Gucci,Gucci Oud,https://www.fragrantica.com/p/25946,WEB_VERIFIED_FRAGRANTICA,1.0000,1.0000,PASS
1149-GUR,,L'HOMME IDEAL,VERIFIED,EXACT_PERFUME_BRAND_TEXT,25780,Guerlain,L Homme Ideal,https://www.fragrantica.com/perfume/Guerlain/L-Homme-Ideal-25780.html,EXACT_PERFUME_BRAND_TEXT,1.0000,1.0000,PASS
1150-GLA,240,Drakkar Noir,VERIFIED,WEB_VERIFIED_FRAGRANTICA,2069,Guy Laroche,Drakkar Noir,https://www.fragrantica.com/p/2069,WEB_VERIFIED_FRAGRANTICA,1.0000,1.0000,PASS
1151-HAL,241,Halston Z-14 Cologne,VERIFIED,WEB_VERIFIED_FRAGRANTICA,3697,Halston,Halston Z14,https://www.fragrantica.com/p/3697,WEB_VERIFIED_FRAGRANTICA,1.0000,1.0000,PASS
1152-HER,242,Bel Ami,VERIFIED,EXACT_PERFUME_BRAND_TEXT,25,Hermes,Bel Ami,https://www.fragrantica.com/perfume/Hermes/Bel-Ami-25.html,EXACT_PERFUME_BRAND_TEXT,1.0000,1.0000,PASS
1153-HER,243,Eau De Mandarine Ambree,VERIFIED,EXACT_PERFUME_BRAND_TEXT,18183,Hermes,Eau de Mandarine Ambree,https://www.fragrantica.com/perfume/Hermes/Eau-de-Mandarine-Ambree-18183.html,EXACT_PERFUME_BRAND_TEXT,1.0000,1.0000,PASS
1154-HER,244,Un Jardin En Mediterranee,VERIFIED,EXACT_PERFUME_BRAND_TEXT,19,Hermes,Un Jardin en Mediterranee,https://www.fragrantica.com/perfume/Hermes/Un-Jardin-en-Mediterranee-19.html,EXACT_PERFUME_BRAND_TEXT,1.0000,1.0000,PASS
1155-HER,245,Poivre-samarcande,VERIFIED,SAFE_TOKEN_SAME_BRAND,2671,Hermes,Hermessence Poivre Samarcande,https://www.fragrantica.com/perfume/Hermes/Hermessence-Poivre-Samarcande-2671.html,SAFE_TOKEN_SAME_BRAND,0.9560,1.0000,PASS
1156-HER,,TERRE D'HERMES,VERIFIED,EXACT_PERFUME_BRAND_TEXT,17,Hermes,Terre d Hermes,https://www.fragrantica.com/perfume/Hermes/Terre-d-Hermes-17.html,EXACT_PERFUME_BRAND_TEXT,1.0000,1.0000,PASS
1157-HER,1922,Terre D Hermes Eau Intense Vetiver,VERIFIED,EXACT_PERFUME_BRAND_TEXT,50672,Hermes,Terre D Hermes Eau Intense Vetiver,https://www.fragrantica.com/perfume/Hermes/Terre-D-Hermes-Eau-Intense-Vetiver-50672.html,EXACT_PERFUME_BRAND_TEXT,1.0000,1.0000,PASS
1158-HER,247,TERRE EAU TRES FRAICHE - HERMES,VERIFIED,SAFE_TOKEN_SAME_BRAND,24060,Hermes,Terre d Hermes Eau Tres Fraiche,https://www.fragrantica.com/perfume/Hermes/Terre-d-Hermes-Eau-Tres-Fraiche-24060.html,SAFE_TOKEN_SAME_BRAND,0.9440,0.7833,PASS
1159-HUG,248,BALDESSARINI - HUGO BOSS,VERIFIED,EXACT_UNIQUE_NAME,385,Baldessarini,Baldessarini Hugo Boss,https://www.fragrantica.com/perfume/Baldessarini/Baldessarini-Hugo-Boss-385.html,EXACT_UNIQUE_NAME,1.0000,1.0000,PASS
1160-HUG,,BOSS BOTTLED,VERIFIED,EXACT_BRAND_CLEAN_NAME,383,Hugo Boss,Boss Bottled,https://www.fragrantica.com/perfume/Hugo-Boss/Boss-Bottled-383.html,EXACT_BRAND_CLEAN_NAME,1.0000,1.0000,PASS
1161-HUG,,BOSS BOTTLED OUD,VERIFIED,EXACT_PERFUME_BRAND_TEXT,31141,Hugo Boss,Boss Bottled Oud,https://www.fragrantica.com/perfume/Hugo-Boss/Boss-Bottled-Oud-31141.html,EXACT_PERFUME_BRAND_TEXT,1.0000,1.0000,PASS
1162-HUG,250,BOSS BOTTLED TONIC - HUGO,VERIFIED,EXACT_BRAND_CLEAN_NAME,43331,Hugo Boss,Boss Bottled Tonic,https://www.fragrantica.com/perfume/Hugo-Boss/Boss-Bottled-Tonic-43331.html,EXACT_BRAND_CLEAN_NAME,1.0000,1.0000,PASS
1163-HUG,251,Boss Orange Man Eau de Toilette,VERIFIED,EXACT_PERFUME_BRAND_TEXT,5979,Hugo Boss,Boss Orange,https://www.fragrantica.com/perfume/Hugo-Boss/Boss-Orange-5979.html,EXACT_PERFUME_BRAND_TEXT,1.0000,1.0000,PASS
1164-HUG,252,ELEMENTS - HUGO BOSS,VERIFIED,SAFE_TOKEN_SAME_BRAND,571,Hugo Boss,Boss Elements,https://www.fragrantica.com/perfume/Hugo-Boss/Boss-Elements-571.html,SAFE_TOKEN_SAME_BRAND,0.9440,0.5914,REVIEW
1165-HUG,253,ENERGISE - HUGO BOSS,VERIFIED,EXACT_UNIQUE_NAME,77736,Avon,Energise,https://www.fragrantica.com/perfume/Avon/Energise-77736.html,EXACT_UNIQUE_NAME,1.0000,1.0000,PASS
1166-HUG,254,Hugo Dark Blue,VERIFIED,EXACT_PERFUME_BRAND_TEXT,564,Hugo Boss,Hugo Dark Blue,https://www.fragrantica.com/perfume/Hugo-Boss/Hugo-Dark-Blue-564.html,EXACT_PERFUME_BRAND_TEXT,1.0000,1.0000,PASS
1167-HUG,3175,Hugo,VERIFIED,EXACT_PERFUME_BRAND_TEXT,570,Hugo Boss,Hugo,https://www.fragrantica.com/perfume/Hugo-Boss/Hugo-570.html,EXACT_PERFUME_BRAND_TEXT,1.0000,1.0000,PASS
1168-HUG,255,Hugo Iced,VERIFIED,EXACT_BRAND_CLEAN_NAME,42484,Hugo Boss,Hugo Iced,https://www.fragrantica.com/perfume/Hugo-Boss/Hugo-Iced-42484.html,EXACT_BRAND_CLEAN_NAME,1.0000,1.0000,PASS
1169-HUG,256,The Scent,VERIFIED,WEB_VERIFIED_FRAGRANTICA,31445,Hugo Boss,Boss The Scent,https://www.fragrantica.com/p/31445,WEB_VERIFIED_FRAGRANTICA,1.0000,1.0000,PASS
1171-HUG,258,Boss Bottled Unlimited,VERIFIED,CONFIRMED_IDENTITY_EXACT_CORPUS,22528,Hugo Boss,Boss Bottled Unlimited,https://www.fragrantica.com/perfume/Hugo-Boss/Boss-Bottled-Unlimited-22528.html,CONFIRMED_IDENTITY_EXACT_CORPUS,1.0000,1.0000,PASS
1172-ISS,259,EAU D'ISSEY HOMME - ISSEY MIYAKE,VERIFIED,WEB_VERIFIED_FRAGRANTICA,79,Issey Miyake,L'Eau d'Issey Pour Homme,https://www.fragrantica.com/p/79,WEB_VERIFIED_FRAGRANTICA,1.0000,1.0000,PASS
1173-ISS,260,Nuit D Issey Bleu Astral,VERIFIED,EXACT_PERFUME_BRAND_TEXT,43311,Issey Miyake,Nuit d Issey Bleu Astral,https://www.fragrantica.com/perfume/Issey-Miyake/Nuit-d-Issey-Bleu-Astral-43311.html,EXACT_PERFUME_BRAND_TEXT,1.0000,1.0000,PASS
1174-JAC,261,JACOMO DE JACOMO,VERIFIED,WEB_VERIFIED_FRAGRANTICA,3804,Jacomo,Jacomo de Jacomo,https://www.fragrantica.com/p/3804,WEB_VERIFIED_FRAGRANTICA,1.0000,1.0000,PASS
1175-JAC,263,PARADOX FOR MEN - JACOMO,VERIFIED,WEB_VERIFIED_FRAGRANTICA,1454,Jacomo,Paradox for Men,https://www.fragrantica.com/p/1454,WEB_VERIFIED_FRAGRANTICA,1.0000,1.0000,PASS
1176-GUL,264,GAULT 2,VERIFIED,WEB_VERIFIED_FRAGRANTICA,433,Jean Paul Gaultier,Gaultier 2,https://www.fragrantica.com/perfume/Jean-Paul-Gaultier/Gaultier-2-433.html,WEB_VERIFIED_FRAGRANTICA,1.0000,1.0000,PASS
1177-GUL,265,Kokorico,VERIFIED,EXACT_BRAND_CLEAN_NAME,12711,Jean Paul Gaultier,Kokorico,https://www.fragrantica.com/perfume/Jean-Paul-Gaultier/Kokorico-12711.html,EXACT_BRAND_CLEAN_NAME,1.0000,1.0000,PASS
1178-GUL,2053,Le Beau,VERIFIED,EXACT_BRAND_CLEAN_NAME,55785,Jean Paul Gaultier,Le Beau,https://www.fragrantica.com/perfume/Jean-Paul-Gaultier/Le-Beau-55785.html,EXACT_BRAND_CLEAN_NAME,1.0000,1.0000,PASS
1179-GUL,266,Le Male,VERIFIED,EXACT_BRAND_CLEAN_NAME,430,Jean Paul Gaultier,Le Male,https://www.fragrantica.com/perfume/Jean-Paul-Gaultier/Le-Male-430.html,EXACT_BRAND_CLEAN_NAME,1.0000,1.0000,PASS
1180-GUL,267,Le Male Terrible,VERIFIED,EXACT_BRAND_CLEAN_NAME,9502,Jean Paul Gaultier,Le Male Terrible,https://www.fragrantica.com/perfume/Jean-Paul-Gaultier/Le-Male-Terrible-9502.html,EXACT_BRAND_CLEAN_NAME,1.0000,1.0000,PASS
1181-GUL,268,Ultra Male,VERIFIED,EXACT_BRAND_CLEAN_NAME,30947,Jean Paul Gaultier,Ultra Male,https://www.fragrantica.com/perfume/Jean-Paul-Gaultier/Ultra-Male-30947.html,EXACT_BRAND_CLEAN_NAME,1.0000,1.0000,PASS
1182-JIM,,JIMMY CHOO MAN,VERIFIED,WEB_VERIFIED_FRAGRANTICA,25977,,,https://www.fragrantica.com/perfume/Jimmy-Choo/Jimmy-Choo-Man-25977.html,WEB_VERIFIED_FRAGRANTICA,1.0000,1.0000,PASS
1183-VAR,270,John Varvatos Eau de Toilette,VERIFIED,WEB_VERIFIED_FRAGRANTICA,2355,John Varvatos,John Varvatos,https://www.fragrantica.com/p/2355,WEB_VERIFIED_FRAGRANTICA,1.0000,1.0000,PASS
1184-JOO,271,JOOP - JOOP,VERIFIED,WEB_VERIFIED_FRAGRANTICA,1251,Joop!,Joop! Homme,https://www.fragrantica.com/p/1251,WEB_VERIFIED_FRAGRANTICA,1.0000,1.0000,PASS
1185-JOO,272,Nightflight,VERIFIED,WEB_VERIFIED_FRAGRANTICA,1721,Joop!,Nightflight,https://www.fragrantica.com/p/1721,WEB_VERIFIED_FRAGRANTICA,1.0000,1.0000,PASS
1186-JOO,273,WOW - JOOP,VERIFIED,WEB_VERIFIED_FRAGRANTICA,42887,,,https://www.fragrantica.com/perfume/Joop-/Wow--42887.html,WEB_VERIFIED_FRAGRANTICA,1.0000,1.0000,PASS
1187-JOV,1776,White Musk for Women,VERIFIED,WEB_VERIFIED_FRAGRANTICA,7524,,,https://www.fragrantica.com/perfume/Jovan/White-Musk-7524.html,WEB_VERIFIED_FRAGRANTICA,1.0000,1.0000,PASS
1188-KAR,1762,Bois de Vétiver,VERIFIED,WEB_VERIFIED_FRAGRANTICA,45857,Karl Lagerfeld,Bois de Vetiver,https://www.fragrantica.com/perfume/Karl-Lagerfeld/Bois-de-Vetiver-45857.html,WEB_VERIFIED_FRAGRANTICA,1.0000,1.0000,PASS
1189-KEN,274,Kenzo Homme Sport Extrme,VERIFIED,EXACT_UNIQUE_NAME,110164,Bellerive,Homme Sport Extreme,https://www.fragrantica.com/perfume/Bellerive/Homme-Sport-Extreme-110164.html,EXACT_UNIQUE_NAME,1.0000,0.8372,PASS
1190-KEN,275,KENZO - KENZO,VERIFIED,EXACT_PERFUME_BRAND_TEXT,3403,Kenzo,Kenzo,https://www.fragrantica.com/perfume/Kenzo/Kenzo-3403.html,EXACT_PERFUME_BRAND_TEXT,1.0000,1.0000,PASS
1191-KEN,276,L' EAU PAR ELECTRIC WAVE -KENZO,VERIFIED,WEB_VERIFIED_FRAGRANTICA,35459,Kenzo,L'Eau par Kenzo Electric Wave pour Homme,https://www.fragrantica.com/p/35459,WEB_VERIFIED_FRAGRANTICA,1.0000,1.0000,PASS
1192-KEN,277,Tokyo,VERIFIED,WEB_VERIFIED_FRAGRANTICA,1673,Kenzo,Tokyo by Kenzo,https://www.fragrantica.com/p/1673,WEB_VERIFIED_FRAGRANTICA,1.0000,1.0000,PASS
1193-KEN,278,Totem Orange,VERIFIED,EXACT_PERFUME_BRAND_TEXT,31206,Kenzo,Totem Orange,https://www.fragrantica.com/perfume/Kenzo/Totem-Orange-31206.html,EXACT_PERFUME_BRAND_TEXT,1.0000,1.0000,PASS
1194-KIL,4305,Gold Knight,VERIFIED,EXACT_PERFUME_BRAND_TEXT,46470,By Kilian,Gold Knight,https://www.fragrantica.com/perfume/By-Kilian/Gold-Knight-46470.html,EXACT_PERFUME_BRAND_TEXT,1.0000,1.0000,PASS
1195-LART,824,Premier Figuier,VERIFIED,EXACT_BRAND_CLEAN_NAME,1261,L Artisan Parfumeur,Premier Figuier,https://www.fragrantica.com/perfume/L-Artisan-Parfumeur/Premier-Figuier-1261.html,EXACT_BRAND_CLEAN_NAME,1.0000,1.0000,PASS
1196-LAC,,L.12.12 MAGNETIC,NOT_FOUND,NO_CORPUS_CODE_MATCH,,,,,,,0.0000,NOT_MAPPED
1197-LAC,282,LACOSTE HOMME,VERIFIED,WEB_VERIFIED_FRAGRANTICA,670,,,https://www.fragrantica.com/perfume/Lacoste-Fragrances/Lacoste-Pour-Homme-670.html,WEB_VERIFIED_FRAGRANTICA,1.0000,1.0000,PASS
1198-LAL,283,ENCRE NOIR - LALIQUE,VERIFIED,WEB_VERIFIED_FRAGRANTICA,1834,Lalique,Encre Noire,https://www.fragrantica.com/p/1834,WEB_VERIFIED_FRAGRANTICA,1.0000,1.0000,PASS
1200-LAN,285,Hypnose Homme,VERIFIED,EXACT_BRAND_CLEAN_NAME,992,Lancome,Hypnose Homme,https://www.fragrantica.com/perfume/Lancome/Hypnose-Homme-992.html,EXACT_BRAND_CLEAN_NAME,1.0000,1.0000,PASS
1201-LBI,1914,Venezia Uomo,VERIFIED,WEB_VERIFIED_FRAGRANTICA,3002,,,https://www.fragrantica.com/perfume/Laura-Biagiotti/Venezia-Uomo-3002.html,WEB_VERIFIED_FRAGRANTICA,1.0000,1.0000,PASS
1202-LOE,286,ESENCIA POUR HOMME - LOEWE,VERIFIED,EXACT_PERFUME_BRAND_TEXT,6291,Loewe,Esencia pour Homme,https://www.fragrantica.com/perfume/Loewe/Esencia-pour-Homme-6291.html,EXACT_PERFUME_BRAND_TEXT,1.0000,1.0000,PASS
1203-LOE,2773,Solo,VERIFIED,EXACT_BRAND_CLEAN_NAME,3643,Loewe,Solo Loewe,https://www.fragrantica.com/perfume/Loewe/Solo-Loewe-3643.html,EXACT_BRAND_CLEAN_NAME,1.0000,1.0000,PASS
1204-LOE,288,Solo Cedro,VERIFIED,EXACT_BRAND_CLEAN_NAME,30321,Loewe,Solo Loewe Cedro,https://www.fragrantica.com/perfume/Loewe/Solo-Loewe-Cedro-30321.html,EXACT_BRAND_CLEAN_NAME,1.0000,0.7692,REVIEW
1205-LOL,2099,Au Masculin,VERIFIED,WEB_VERIFIED_FRAGRANTICA,458,,,https://www.fragrantica.com/perfume/Lolita-Lempicka/Lolita-Lempicka-Au-Masculin-458.html,WEB_VERIFIED_FRAGRANTICA,1.0000,1.0000,PASS
1206-MAR,289,Bang,VERIFIED,EXACT_PERFUME_BRAND_TEXT,8968,Marc Jacobs,Bang,https://www.fragrantica.com/perfume/Marc-Jacobs/Bang-8968.html,EXACT_PERFUME_BRAND_TEXT,1.0000,1.0000,PASS
1207-MIC,290,KORS FOR MEN,VERIFIED,WEB_VERIFIED_FRAGRANTICA,26264,Michael Kors,Michael Kors for Men,https://www.fragrantica.com/p/26264,WEB_VERIFIED_FRAGRANTICA,1.0000,1.0000,PASS
1208-MNTB,291,Emblem,VERIFIED,CONFIRMED_IDENTITY_EXACT_CORPUS,23711,Montblanc,Emblem,https://www.fragrantica.com/perfume/Montblanc/Emblem-23711.html,CONFIRMED_IDENTITY_EXACT_CORPUS,1.0000,1.0000,PASS
1209-MNTB,2142,Explorer,VERIFIED,CONFIRMED_IDENTITY_EXACT_CORPUS,52002,Montblanc,Explorer,https://www.fragrantica.com/perfume/Montblanc/Explorer-52002.html,CONFIRMED_IDENTITY_EXACT_CORPUS,1.0000,1.0000,PASS
1210-MNTB,292,Individuel,VERIFIED,CONFIRMED_IDENTITY_EXACT_CORPUS,4193,Montblanc,Individuel,https://www.fragrantica.com/perfume/Montblanc/Individuel-4193.html,CONFIRMED_IDENTITY_EXACT_CORPUS,1.0000,1.0000,PASS
1211-MNTB,293,LEGEND FOR MEN - MONT BLANC,VERIFIED,WEB_VERIFIED_FRAGRANTICA,11784,Montblanc,Legend,https://www.fragrantica.com/perfume/Montblanc/Legend-11784.html,WEB_VERIFIED_FRAGRANTICA,1.0000,1.0000,PASS
1212-MNTB,294,Legend Intense,VERIFIED,CONFIRMED_IDENTITY_EXACT_CORPUS,18861,Montblanc,Legend Intense,https://www.fragrantica.com/perfume/Montblanc/Legend-Intense-18861.html,CONFIRMED_IDENTITY_EXACT_CORPUS,1.0000,1.0000,PASS
1213-MNTB,295,Legend Night,VERIFIED,CONFIRMED_IDENTITY_EXACT_CORPUS,45692,Montblanc,Legend Night,https://www.fragrantica.com/perfume/Montblanc/Legend-Night-45692.html,CONFIRMED_IDENTITY_EXACT_CORPUS,1.0000,1.0000,PASS
1214-MNTB,296,Legend Spirit,VERIFIED,CONFIRMED_IDENTITY_EXACT_CORPUS,33443,Montblanc,Legend Spirit,https://www.fragrantica.com/perfume/Montblanc/Legend-Spirit-33443.html,CONFIRMED_IDENTITY_EXACT_CORPUS,1.0000,1.0000,PASS
1215-MNTB,297,Presence,VERIFIED,CONFIRMED_IDENTITY_EXACT_CORPUS,832,Montblanc,Presence,https://www.fragrantica.com/perfume/Montblanc/Presence-832.html,CONFIRMED_IDENTITY_EXACT_CORPUS,1.0000,1.0000,PASS
1216-MNTB,298,Starwalker,VERIFIED,EXACT_UNIQUE_NAME,4023,Montblanc,Starwalker,https://www.fragrantica.com/perfume/Montblanc/Starwalker-4023.html,EXACT_UNIQUE_NAME,1.0000,1.0000,PASS
1217-MONT,2217,Homme Eau de Toilette (Eau de Toilette),VERIFIED,WEB_VERIFIED_FRAGRANTICA,2381,Montana,Montana Homme,https://www.fragrantica.com/p/2381,WEB_VERIFIED_FRAGRANTICA,1.0000,1.0000,PASS
1218-MOS,299,Forever,VERIFIED,WEB_VERIFIED_FRAGRANTICA,11613,Moschino,Moschino Forever,https://www.fragrantica.com/perfume/Moschino/Moschino-Forever-11613.html,WEB_VERIFIED_FRAGRANTICA,1.0000,1.0000,PASS
1219-MOS,300,Moschino Pour Homme,VERIFIED,CONFIRMED_IDENTITY_EXACT_CORPUS,5951,Moschino,Moschino Pour Homme,https://www.fragrantica.com/perfume/Moschino/Moschino-Pour-Homme-5951.html,CONFIRMED_IDENTITY_EXACT_CORPUS,1.0000,1.0000,PASS
1220-MOS,,Toy,NOT_FOUND,NO_CORPUS_CODE_MATCH,,,,,,,0.0000,NOT_MAPPED
1221-MOS,302,Uomo,VERIFIED,EXACT_PERFUME_BRAND_TEXT,730,Moschino,Uomo,https://www.fragrantica.com/perfume/Moschino/Uomo-730.html,EXACT_PERFUME_BRAND_TEXT,1.0000,1.0000,PASS
1222-NRO,303,BLEU NOIR,VERIFIED,SAFE_TOKEN_SAME_BRAND,31247,Narciso Rodriguez,Narciso Rodriguez for Him Bleu Noir,https://www.fragrantica.com/perfume/Narciso-Rodriguez/Narciso-Rodriguez-for-Him-Bleu-Noir-31247.html,SAFE_TOKEN_SAME_BRAND,0.9560,1.0000,PASS
1223-NRO,304,NARCISO POUR HOMME - RODRIGUEZ,VERIFIED,WEB_VERIFIED_FRAGRANTICA,1063,Narciso Rodriguez,Narciso Rodriguez for Him,https://www.fragrantica.com/perfume/Narciso-Rodriguez/Narciso-Rodriguez-for-Him-1063.html,WEB_VERIFIED_FRAGRANTICA,1.0000,1.0000,PASS
1224-APO,,SCULPTURE,VERIFIED,WEB_VERIFIED_FRAGRANTICA,925,,,https://www.fragrantica.com/perfume/Nikos/Sculpture-Homme-925.html,WEB_VERIFIED_FRAGRANTICA,1.0000,1.0000,PASS
1225-PAC,306,Black XS Eau de Toilette,VERIFIED,EXACT_BRAND_CLEAN_NAME,514,Rabanne,Black XS,https://www.fragrantica.com/perfume/Rabanne/Black-XS-514.html,EXACT_BRAND_CLEAN_NAME,1.0000,1.0000,PASS
1226-PAC,,INVICTUS,VERIFIED,EXACT_BRAND_CLEAN_NAME,18471,Rabanne,Invictus,https://www.fragrantica.com/perfume/Rabanne/Invictus-18471.html,EXACT_BRAND_CLEAN_NAME,1.0000,1.0000,PASS
1227-PAC,308,Invictus aqua,VERIFIED,EXACT_BRAND_CLEAN_NAME,34506,Rabanne,Invictus Aqua,https://www.fragrantica.com/perfume/Rabanne/Invictus-Aqua-34506.html,EXACT_BRAND_CLEAN_NAME,1.0000,1.0000,PASS
1228-PAC,2095,Invictus Legend,VERIFIED,EXACT_BRAND_CLEAN_NAME,54323,Rabanne,Invictus Legend,https://www.fragrantica.com/perfume/Rabanne/Invictus-Legend-54323.html,EXACT_BRAND_CLEAN_NAME,1.0000,1.0000,PASS
1229-PAC,309,ONE MILLION,VERIFIED,WEB_VERIFIED_FRAGRANTICA,3747,Rabanne,1 Million,https://www.fragrantica.com/p/3747,WEB_VERIFIED_FRAGRANTICA,1.0000,1.0000,PASS
1230-PAC,1916,ONE MILLION LUCKY,VERIFIED,SAFE_FUZZY_SAME_BRAND,48903,Rabanne,1 Million Lucky,https://www.fragrantica.com/perfume/Rabanne/1-Million-Lucky-48903.html,SAFE_FUZZY_SAME_BRAND,0.8750,0.8750,PASS
1231-PAC,310,ONE MILLION PRIVE,VERIFIED,SAFE_FUZZY_SAME_BRAND,37698,Rabanne,1 Million Prive,https://www.fragrantica.com/perfume/Rabanne/1-Million-Prive-37698.html,SAFE_FUZZY_SAME_BRAND,0.8750,0.8750,PASS
1232-PAC,311,POUR HOMME - PACO RABANNE,VERIFIED,CONFIRMED_IDENTITY_TOKEN_CORPUS,526,Rabanne,Paco Rabanne Pour Homme,https://www.fragrantica.com/perfume/Rabanne/Paco-Rabanne-Pour-Homme-526.html,CONFIRMED_IDENTITY_TOKEN_CORPUS,0.9900,1.0000,PASS
1233-PAC,312,PURE XS EDT,VERIFIED,SAFE_CONCENTRATION_EQUIVALENT,46038,Rabanne,Pure XS,https://www.fragrantica.com/perfume/Rabanne/Pure-XS-46038.html,SAFE_CONCENTRATION_EQUIVALENT,0.9950,1.0000,PASS
1234-PAC,2097,Pure Xs Night,VERIFIED,EXACT_BRAND_CLEAN_NAME,53453,Rabanne,Pure XS Night,https://www.fragrantica.com/perfume/Rabanne/Pure-XS-Night-53453.html,EXACT_BRAND_CLEAN_NAME,1.0000,1.0000,PASS
1235-PAC,313,ULTRAVIOLET for men,VERIFIED,WEB_VERIFIED_FRAGRANTICA,521,Rabanne,Ultraviolet Man,https://www.fragrantica.com/perfume/Paco-Rabanne/Ultraviolet-521.html,WEB_VERIFIED_FRAGRANTICA,1.0000,1.0000,PASS
1236-PAL,1918,Minotaure,VERIFIED,WEB_VERIFIED_FRAGRANTICA,1695,,,https://www.fragrantica.com/perfume/Paloma-Picasso/Minotaure-1695.html,WEB_VERIFIED_FRAGRANTICA,1.0000,1.0000,PASS
1237-PIN,314,Pino Silvestre Original Eau de Toilette,VERIFIED,WEB_VERIFIED_FRAGRANTICA,1522,Pino Silvestre,Pino Silvestre Original,https://www.fragrantica.com/perfume/Pino-Silvestre/Pino-Silvestre-Original-1522.html,WEB_VERIFIED_FRAGRANTICA,1.0000,1.0000,PASS
1238-PRA,315,Infusion D Homme,VERIFIED,EXACT_PERFUME_BRAND_TEXT,3794,Prada,Infusion d Homme,https://www.fragrantica.com/perfume/Prada/Infusion-d-Homme-3794.html,EXACT_PERFUME_BRAND_TEXT,1.0000,1.0000,PASS
1239-PRA,918,Infusion D Oeillet,VERIFIED,EXACT_PERFUME_BRAND_TEXT,31045,Prada,Infusion d Oeillet,https://www.fragrantica.com/perfume/Prada/Infusion-d-Oeillet-31045.html,EXACT_PERFUME_BRAND_TEXT,1.0000,1.0000,PASS
1240-PRA,317,Luna Rossa,VERIFIED,EXACT_PERFUME_BRAND_TEXT,15754,Prada,Luna Rossa,https://www.fragrantica.com/perfume/Prada/Luna-Rossa-15754.html,EXACT_PERFUME_BRAND_TEXT,1.0000,1.0000,PASS
1241-PRA,318,Luna Rossa Carbon Eau de Toilette,VERIFIED,EXACT_PERFUME_BRAND_TEXT,43402,Prada,Luna Rossa Carbon,https://www.fragrantica.com/perfume/Prada/Luna-Rossa-Carbon-43402.html,EXACT_PERFUME_BRAND_TEXT,1.0000,1.0000,PASS
1242-PRA,319,Luna Rossa Extreme,VERIFIED,EXACT_PERFUME_BRAND_TEXT,18882,Prada,Luna Rossa Extreme,https://www.fragrantica.com/perfume/Prada/Luna-Rossa-Extreme-18882.html,EXACT_PERFUME_BRAND_TEXT,1.0000,1.0000,PASS
1243-PRA,320,Luna Rossa Sport,VERIFIED,EXACT_PERFUME_BRAND_TEXT,31116,Prada,Luna Rossa Sport,https://www.fragrantica.com/perfume/Prada/Luna-Rossa-Sport-31116.html,EXACT_PERFUME_BRAND_TEXT,1.0000,1.0000,PASS
1244-PRA,,PRADA AMBER POUR HOMME,NOT_FOUND,NO_CORPUS_CODE_MATCH,,,,,,,0.0000,NOT_MAPPED
1245-PRA,322,PRADA AMBER,VERIFIED,WEB_VERIFIED_FRAGRANTICA,1045,,,https://www.fragrantica.com/perfume/Prada/Prada-Amber-1045.html,WEB_VERIFIED_FRAGRANTICA,1.0000,1.0000,PASS
1246-RAL,,POLO BLUE,VERIFIED,EXACT_UNIQUE_NAME,1198,Ralph Lauren,Polo Blue,https://www.fragrantica.com/perfume/Ralph-Lauren/Polo-Blue-1198.html,EXACT_UNIQUE_NAME,1.0000,1.0000,PASS
1247-RAL,,POLO RED,VERIFIED,EXACT_UNIQUE_NAME,18598,Ralph Lauren,Polo Red,https://www.fragrantica.com/perfume/Ralph-Lauren/Polo-Red-18598.html,EXACT_UNIQUE_NAME,1.0000,1.0000,PASS
1248-RAL,325,Polo Red Intense,VERIFIED,CONFIRMED_IDENTITY_EXACT_CORPUS,29738,Ralph Lauren,Polo Red Intense,https://www.fragrantica.com/perfume/Ralph-Lauren/Polo-Red-Intense-29738.html,CONFIRMED_IDENTITY_EXACT_CORPUS,1.0000,1.0000,PASS
1249-RAL,326,Polo Sport,VERIFIED,EXACT_UNIQUE_NAME,894,Ralph Lauren,Polo Sport,https://www.fragrantica.com/perfume/Ralph-Lauren/Polo-Sport-894.html,EXACT_UNIQUE_NAME,1.0000,1.0000,PASS
1250-RAL,327,Safari,VERIFIED,CONFIRMED_IDENTITY_EXACT_CORPUS,897,Ralph Lauren,Safari,https://www.fragrantica.com/perfume/Ralph-Lauren/Safari-897.html,CONFIRMED_IDENTITY_EXACT_CORPUS,1.0000,1.0000,PASS
1251-ROM,,ROYAL BLUE,VERIFIED,WEB_VERIFIED_FRAGRANTICA,21103,,,https://www.fragrantica.com/perfume/Romane/Royal-Blue-21103.html,WEB_VERIFIED_FRAGRANTICA,1.0000,1.0000,PASS
1252-RCAV,329,Black,VERIFIED,WEB_VERIFIED_FRAGRANTICA,838,Roberto Cavalli,Roberto Cavalli Black,https://www.fragrantica.com/perfume/Roberto-Cavalli/Roberto-Cavalli-Black-838.html,WEB_VERIFIED_FRAGRANTICA,1.0000,1.0000,PASS
1253-RCAV,330,Just Cavalli Gold For Him,VERIFIED,WEB_VERIFIED_FRAGRANTICA,26217,Roberto Cavalli,Just Cavalli Gold for Him,https://www.fragrantica.com/perfume/Roberto-Cavalli/Just-Cavalli-Gold-for-Him-26217.html,WEB_VERIFIED_FRAGRANTICA,1.0000,1.0000,PASS
1254-RCAV,331,JUST HIM - ROBERTO CAVALLI,VERIFIED,WEB_VERIFIED_FRAGRANTICA,848,Roberto Cavalli,Just Cavalli Him,https://www.fragrantica.com/perfume/Roberto-Cavalli/Just-Cavalli-Him-848.html,WEB_VERIFIED_FRAGRANTICA,1.0000,1.0000,PASS
1256-ROC,333,Rochas Man,VERIFIED,WEB_VERIFIED_FRAGRANTICA,1426,Rochas,Rochas Man,https://www.fragrantica.com/perfume/Rochas/Rochas-Man-1426.html,WEB_VERIFIED_FRAGRANTICA,1.0000,1.0000,PASS
1257-SFER,334,FERRAGAMO POUR HOMME,VERIFIED,WEB_VERIFIED_FRAGRANTICA,659,Salvatore Ferragamo,Salvatore Ferragamo Pour Homme,https://www.fragrantica.com/p/659,WEB_VERIFIED_FRAGRANTICA,1.0000,1.0000,PASS
1258-SFER,335,TUSCAN SCENT WHITE MIMOSA - SALVATORE FERRAGAMO,VERIFIED,WEB_VERIFIED_FRAGRANTICA,26777,Salvatore Ferragamo,White Mimosa,https://www.fragrantica.com/perfume/Salvatore-Ferragamo/White-Mimosa-26777.html,WEB_VERIFIED_FRAGRANTICA,1.0000,1.0000,PASS
1259-SHU,,OLD SPICE,VERIFIED,WEB_VERIFIED_FRAGRANTICA,14746,,,https://www.fragrantica.com/perfume/Shulton-Company/Old-Spice-Original-14746.html,WEB_VERIFIED_FRAGRANTICA,1.0000,1.0000,PASS
1260-TMU,337,A*MEN,VERIFIED,EXACT_BRAND_CLEAN_NAME,705,Mugler,A Men,https://www.fragrantica.com/perfume/Mugler/A-Men-705.html,EXACT_BRAND_CLEAN_NAME,1.0000,1.0000,PASS
1261-TMU,2219,B*Men,VERIFIED,EXACT_BRAND_CLEAN_NAME,706,Mugler,B Men,https://www.fragrantica.com/perfume/Mugler/B-Men-706.html,EXACT_BRAND_CLEAN_NAME,1.0000,1.0000,PASS
1262-TMU,338,Angel,VERIFIED,EXACT_BRAND_CLEAN_NAME,704,Mugler,Angel,https://www.fragrantica.com/perfume/Mugler/Angel-704.html,EXACT_BRAND_CLEAN_NAME,1.0000,1.0000,PASS
1263-TRU,339,A Way For Him,VERIFIED,SAFE_TOKEN_SAME_BRAND,24719,Trussardi,Trussardi A Way for Him,https://www.fragrantica.com/perfume/Trussardi/Trussardi-A-Way-for-Him-24719.html,SAFE_TOKEN_SAME_BRAND,0.9760,1.0000,PASS
1264-TRU,340,Blue Land,VERIFIED,EXACT_BRAND_CLEAN_NAME,30050,Trussardi,Blue Land,https://www.fragrantica.com/perfume/Trussardi/Blue-Land-30050.html,EXACT_BRAND_CLEAN_NAME,1.0000,1.0000,PASS
1265-TRU,341,My Land,VERIFIED,EXACT_BRAND_CLEAN_NAME,16027,Trussardi,My Land,https://www.fragrantica.com/perfume/Trussardi/My-Land-16027.html,EXACT_BRAND_CLEAN_NAME,1.0000,1.0000,PASS
1266-TRU,342,Riflesso,VERIFIED,EXACT_BRAND_CLEAN_NAME,46287,Trussardi,Riflesso,https://www.fragrantica.com/perfume/Trussardi/Riflesso-46287.html,EXACT_BRAND_CLEAN_NAME,1.0000,1.0000,PASS
1267-TRU,343,Trussardi Uomo The Red,VERIFIED,SAFE_TOKEN_SAME_BRAND,39678,Trussardi,Trussardi Uomo The Red,https://www.fragrantica.com/perfume/Trussardi/Trussardi-Uomo-The-Red-39678.html,SAFE_TOKEN_SAME_BRAND,0.9760,1.0000,PASS
1268-VAL,344,VALENTINO UOMO - VALENTINO,VERIFIED,CONFIRMED_IDENTITY_TOKEN_CORPUS,19558,Valentino,Valentino Uomo,https://www.fragrantica.com/perfume/Valentino/Valentino-Uomo-19558.html,CONFIRMED_IDENTITY_TOKEN_CORPUS,0.9900,1.0000,PASS
1269-VAL,345,VALENTINO UOMO EDITION NOIR,VERIFIED,WEB_VERIFIED_FRAGRANTICA,29601,Valentino,Valentino Uomo Edition Noire,https://www.fragrantica.com/p/29601,WEB_VERIFIED_FRAGRANTICA,1.0000,1.0000,PASS
1270-VAN,971,Bois Doré,VERIFIED,EXACT_BRAND_CLEAN_NAME,44864,Van Cleef Arpels,Bois Dore,https://www.fragrantica.com/perfume/Van-Cleef-Arpels/Bois-Dore-44864.html,EXACT_BRAND_CLEAN_NAME,1.0000,1.0000,PASS
1271-VAN,347,Tsar Cologne,VERIFIED,EXACT_PERFUME_BRAND_TEXT,1098,Van Cleef Arpels,Tsar,https://www.fragrantica.com/perfume/Van-Cleef-Arpels/Tsar-1098.html,EXACT_PERFUME_BRAND_TEXT,1.0000,1.0000,PASS
1272-VER,348,Blue Jeans,VERIFIED,EXACT_BRAND_CLEAN_NAME,637,Versace,Blue Jeans,https://www.fragrantica.com/perfume/Versace/Blue-Jeans-637.html,EXACT_BRAND_CLEAN_NAME,1.0000,1.0000,PASS
1273-VER,349,DREAMER,VERIFIED,WEB_VERIFIED_FRAGRANTICA,59417,Versace,The Dreamer,https://www.fragrantica.com/perfume/Versace/Versace-The-Dreamer-59417.html,WEB_VERIFIED_FRAGRANTICA,1.0000,1.0000,PASS
1274-VER,350,DYLAN BLUE,VERIFIED,WEB_VERIFIED_FRAGRANTICA,40031,Versace,Versace Pour Homme Dylan Blue,https://www.fragrantica.com/perfume/Versace/Versace-Pour-Homme-Dylan-Blue-40031.html,WEB_VERIFIED_FRAGRANTICA,1.0000,1.0000,PASS
1275-VER,,EROS,VERIFIED,EXACT_BRAND_CLEAN_NAME,16657,Versace,Eros,https://www.fragrantica.com/perfume/Versace/Eros-16657.html,EXACT_BRAND_CLEAN_NAME,1.0000,1.0000,PASS
1276-VIC,352,Spicebomb,VERIFIED,EXACT_BRAND_CLEAN_NAME,13857,Viktor Rolf,Spicebomb,https://www.fragrantica.com/perfume/Viktor-Rolf/Spicebomb-13857.html,EXACT_BRAND_CLEAN_NAME,1.0000,1.0000,PASS
1277-YZLO,353,Body Kouros,VERIFIED,EXACT_BRAND_CLEAN_NAME,736,Yves Saint Laurent,Body Kouros,https://www.fragrantica.com/perfume/Yves-Saint-Laurent/Body-Kouros-736.html,EXACT_BRAND_CLEAN_NAME,1.0000,1.0000,PASS
1278-YZLO,354,Kouros,VERIFIED,EXACT_BRAND_CLEAN_NAME,735,Yves Saint Laurent,Kouros,https://www.fragrantica.com/perfume/Yves-Saint-Laurent/Kouros-735.html,EXACT_BRAND_CLEAN_NAME,1.0000,1.0000,PASS
1279-YZLO,355,Kouros Silver,VERIFIED,SAFE_TOKEN_SAME_BRAND,30240,Yves Saint Laurent,Yves Saint Laurent Kouros Silver,https://www.fragrantica.com/perfume/Yves-Saint-Laurent/Yves-Saint-Laurent-Kouros-Silver-30240.html,SAFE_TOKEN_SAME_BRAND,0.9560,1.0000,PASS
1280-YZLO,356,LA NUIT DEL'HOMME,VERIFIED,SAFE_FUZZY_SAME_BRAND,5521,Yves Saint Laurent,La Nuit de l Homme,https://www.fragrantica.com/perfume/Yves-Saint-Laurent/La-Nuit-de-l-Homme-5521.html,SAFE_FUZZY_SAME_BRAND,0.9714,0.9714,PASS
1281-YZLO,357,L'HOMME INTENSE,VERIFIED,EXACT_UNIQUE_NAME,118000,Alan Bray,L Homme Intense,https://www.fragrantica.com/perfume/Alan-Bray/L-Homme-Intense-118000.html,EXACT_UNIQUE_NAME,1.0000,1.0000,PASS
1282-YZLO,358,L Homme Libre,VERIFIED,EXACT_BRAND_CLEAN_NAME,12602,Yves Saint Laurent,L Homme Libre,https://www.fragrantica.com/perfume/Yves-Saint-Laurent/L-Homme-Libre-12602.html,EXACT_BRAND_CLEAN_NAME,1.0000,1.0000,PASS
1283-YZLO,359,L-homme-sport,VERIFIED,EXACT_BRAND_CLEAN_NAME,24473,Yves Saint Laurent,L Homme Sport,https://www.fragrantica.com/perfume/Yves-Saint-Laurent/L-Homme-Sport-24473.html,EXACT_BRAND_CLEAN_NAME,1.0000,1.0000,PASS
1284-YZLO,,M7,VERIFIED,EXACT_BRAND_CLEAN_NAME,1031,Yves Saint Laurent,M7,https://www.fragrantica.com/perfume/Yves-Saint-Laurent/M7-1031.html,EXACT_BRAND_CLEAN_NAME,1.0000,1.0000,PASS
1285-YZLO,1005,Magnificent-blossom,VERIFIED,EXACT_BRAND_CLEAN_NAME,31050,Yves Saint Laurent,Magnificent Blossom,https://www.fragrantica.com/perfume/Yves-Saint-Laurent/Magnificent-Blossom-31050.html,EXACT_BRAND_CLEAN_NAME,1.0000,1.0000,PASS
1286-YZLO,,OPIUM,VERIFIED,EXACT_BRAND_CLEAN_NAME,562,Yves Saint Laurent,Opium Pour Homme,https://www.fragrantica.com/perfume/Yves-Saint-Laurent/Opium-Pour-Homme-562.html,EXACT_BRAND_CLEAN_NAME,1.0000,1.0000,PASS
1287-YZLO,363,Rive Gauche pour Homme,VERIFIED,EXACT_BRAND_CLEAN_NAME,1032,Yves Saint Laurent,Rive Gauche pour Homme,https://www.fragrantica.com/perfume/Yves-Saint-Laurent/Rive-Gauche-pour-Homme-1032.html,EXACT_BRAND_CLEAN_NAME,1.0000,1.0000,PASS
1288-YZLO,2116,Tuxedo Eau de Parfum,VERIFIED,EXACT_BRAND_CLEAN_NAME,32269,Yves Saint Laurent,Tuxedo,https://www.fragrantica.com/perfume/Yves-Saint-Laurent/Tuxedo-32269.html,EXACT_BRAND_CLEAN_NAME,1.0000,1.0000,PASS
1289-YZLO,364,Y,VERIFIED,EXACT_BRAND_CLEAN_NAME,100,Yves Saint Laurent,Y,https://www.fragrantica.com/perfume/Yves-Saint-Laurent/Y-100.html,EXACT_BRAND_CLEAN_NAME,1.0000,1.0000,PASS
1290-ZAD,365,THIS IS HIM - ZADIG & VOLTAIRE Type,VERIFIED,EXACT_UNIQUE_NAME,39359,Zadig Voltaire,This is Him,https://www.fragrantica.com/perfume/Zadig-Voltaire/This-is-Him-39359.html,EXACT_UNIQUE_NAME,1.0000,1.0000,PASS
1476-NRO,2312,MUSC NOIR FOR HER - NARCISO RODRIGUEZ,VERIFIED,EXACT_PERFUME_BRAND_TEXT,64730,Narciso Rodriguez,Musc Noir For Her,https://www.fragrantica.com/perfume/Narciso-Rodriguez/Musc-Noir-For-Her-64730.html,EXACT_PERFUME_BRAND_TEXT,1.0000,1.0000,PASS
1477-HER,2311,H24 Eau de Toilette,VERIFIED,EXACT_PERFUME_BRAND_TEXT,65147,Hermes,H24,https://www.fragrantica.com/perfume/Hermes/H24-65147.html,EXACT_PERFUME_BRAND_TEXT,1.0000,1.0000,PASS
1478-HUG,2281,Boss-bottled-eau-de-,VERIFIED,EXACT_BRAND_CLEAN_NAME,62744,Hugo Boss,Boss Bottled Eau de Parfum,https://www.fragrantica.com/perfume/Hugo-Boss/Boss-Bottled-Eau-de-Parfum-62744.html,EXACT_BRAND_CLEAN_NAME,1.0000,1.0000,PASS
1479-HER,2270,L-ombre-des-merveilles,VERIFIED,EXACT_PERFUME_BRAND_TEXT,59799,Hermes,L Ombre Des Merveilles,https://www.fragrantica.com/perfume/Hermes/L-Ombre-Des-Merveilles-59799.html,EXACT_PERFUME_BRAND_TEXT,1.0000,1.0000,PASS
1480-ARM,2284,Emporio-armani-stronger-with-you-absolutely,VERIFIED,SAFE_TOKEN_SAME_BRAND,64501,Giorgio Armani,Emporio Armani Stronger With You Absolutely,https://www.fragrantica.com/perfume/Giorgio-Armani/Emporio-Armani-Stronger-With-You-Absolutely-64501.html,SAFE_TOKEN_SAME_BRAND,0.9760,1.0000,PASS
1481-EON,4090,James Bond 007 Eau de Toilette,VERIFIED,WEB_VERIFIED_FRAGRANTICA,15944,Eon Productions,James Bond 007,https://www.fragrantica.com/p/15944,WEB_VERIFIED_FRAGRANTICA,1.0000,1.0000,PASS
1482-VIC,1926,Antidote,VERIFIED,EXACT_BRAND_CLEAN_NAME,1461,Viktor Rolf,Antidote,https://www.fragrantica.com/perfume/Viktor-Rolf/Antidote-1461.html,EXACT_BRAND_CLEAN_NAME,1.0000,1.0000,PASS
1483-DSQ,,POTION,VERIFIED,WEB_VERIFIED_FRAGRANTICA,12937,,,https://www.fragrantica.com/perfume/DSQUARED2/Potion-12937.html,WEB_VERIFIED_FRAGRANTICA,1.0000,1.0000,PASS
1484-VAL,2287,Valentino-uomo-born-in-roma,VERIFIED,CONFIRMED_IDENTITY_EXACT_CORPUS,55963,Valentino,Valentino Uomo Born in Roma,https://www.fragrantica.com/perfume/Valentino/Valentino-Uomo-Born-in-Roma-55963.html,CONFIRMED_IDENTITY_EXACT_CORPUS,1.0000,1.0000,PASS
1485-TMU,1924,Alien Man,VERIFIED,CONFIRMED_IDENTITY_EXACT_CORPUS,49503,Mugler,Alien Man,https://www.fragrantica.com/perfume/Mugler/Alien-Man-49503.html,CONFIRMED_IDENTITY_EXACT_CORPUS,1.0000,1.0000,PASS
1486-TRU,,TRUSSARDI UOMO,NOT_FOUND,NO_CORPUS_CODE_MATCH,,,,,,,0.0000,NOT_MAPPED
1487-PAC,2286,Black Xs L Aphrodisiaque For Men,VERIFIED,EXACT_BRAND_CLEAN_NAME,18899,Rabanne,Black XS L Aphrodisiaque for Men,https://www.fragrantica.com/perfume/Rabanne/Black-XS-L-Aphrodisiaque-for-Men-18899.html,EXACT_BRAND_CLEAN_NAME,1.0000,1.0000,PASS
1488-LBI,2285,Roma Uomo,VERIFIED,WEB_VERIFIED_FRAGRANTICA,629,Laura Biagiotti,Roma Uomo,https://www.fragrantica.com/p/629,WEB_VERIFIED_FRAGRANTICA,1.0000,1.0000,PASS
1489-DAV,,HORIZON,NOT_FOUND,NO_CORPUS_CODE_MATCH,,,,,,,0.0000,NOT_MAPPED
1490-DRC,2282,Dior-homme-2020-eau-de-toilette,VERIFIED,SAFE_TOKEN_SAME_BRAND,58714,Dior,Dior Homme 2020,https://www.fragrantica.com/perfume/Dior/Dior-Homme-2020-58714.html,SAFE_TOKEN_SAME_BRAND,0.9560,1.0000,PASS
1491-CAL,,OBSESSED FOR MEN,NOT_FOUND,NO_CORPUS_CODE_MATCH,,,,,,,0.0000,NOT_MAPPED
1492-ABE,2670,A&F BEACON - ABERCROMBIE & FITCH,VERIFIED,WEB_VERIFIED_FRAGRANTICA,40775,Abercrombie & Fitch,A&F Beacon,https://www.fragrantica.com/p/40775,WEB_VERIFIED_FRAGRANTICA,1.0000,1.0000,PASS
1493-ACQ,501,Fico-di-amalfi,VERIFIED,WEB_VERIFIED_FRAGRANTICA,1687,Acqua di Parma,Blu Mediterraneo - Fico di Amalfi,https://www.fragrantica.com/p/1687,WEB_VERIFIED_FRAGRANTICA,1.0000,1.0000,PASS
1494-BOD,,RED MUSK OUD,NOT_FOUND,NO_CORPUS_CODE_MATCH,,,,,,,0.0000,NOT_MAPPED
1495-BRB,2275,Her-london-dream-eau-de-,VERIFIED,SAFE_TOKEN_SAME_BRAND,60795,Burberry,Burberry Her London Dream,https://www.fragrantica.com/perfume/Burberry/Burberry-Her-London-Dream-60795.html,SAFE_TOKEN_SAME_BRAND,0.9760,0.6667,REVIEW
1496-BRB,538,BURBERRY WEEKEND,VERIFIED,WEB_VERIFIED_FRAGRANTICA,1000,,,https://www.fragrantica.com/perfume/Burberry/Weekend-for-Women-1000.html,WEB_VERIFIED_FRAGRANTICA,1.0000,1.0000,PASS
1497-BYR,2303,Casablanca-lily,VERIFIED,EXACT_BRAND_CLEAN_NAME,32777,Byredo,Casablanca Lily,https://www.fragrantica.com/perfume/Byredo/Casablanca-Lily-32777.html,EXACT_BRAND_CLEAN_NAME,1.0000,1.0000,PASS
1498-BYR,2305,Gypsy Water,VERIFIED,EXACT_BRAND_CLEAN_NAME,3575,Byredo,Gypsy Water,https://www.fragrantica.com/perfume/Byredo/Gypsy-Water-3575.html,EXACT_BRAND_CLEAN_NAME,1.0000,1.0000,PASS
1499-BYR,2299,Mojave Ghost,VERIFIED,EXACT_BRAND_CLEAN_NAME,27040,Byredo,Mojave Ghost,https://www.fragrantica.com/perfume/Byredo/Mojave-Ghost-27040.html,EXACT_BRAND_CLEAN_NAME,1.0000,1.0000,PASS
1500-BYR,2249,Tobacco-mandarin,VERIFIED,EXACT_BRAND_CLEAN_NAME,63031,Byredo,Tobacco Mandarin,https://www.fragrantica.com/perfume/Byredo/Tobacco-Mandarin-63031.html,EXACT_BRAND_CLEAN_NAME,1.0000,1.0000,PASS
1501-CAR,2201,Mystery-tobacco,VERIFIED,EXACT_BRAND_CLEAN_NAME,40373,Carolina Herrera,Mystery Tobacco,https://www.fragrantica.com/perfume/Carolina-Herrera/Mystery-Tobacco-40373.html,EXACT_BRAND_CLEAN_NAME,1.0000,1.0000,PASS
1502-CHA,2276,the fragrance COCON MADEM L'EAU PRIVEE,VERIFIED,WEB_VERIFIED_FRAGRANTICA,62194,Chanel,Coco Mademoiselle L'Eau Privee,https://www.fragrantica.com/p/62194,WEB_VERIFIED_FRAGRANTICA,1.0000,1.0000,PASS
1503-DRC,2277,Hypnotic Poison Eau Secrete,VERIFIED,EXACT_BRAND_CLEAN_NAME,17218,Dior,Hypnotic Poison Eau Secrete,https://www.fragrantica.com/perfume/Dior/Hypnotic-Poison-Eau-Secrete-17218.html,EXACT_BRAND_CLEAN_NAME,1.0000,1.0000,PASS
1504-DON,2382,BE DELICIOUS ΜΑΙ ΤΑΙ - DKNY,VERIFIED,SAFE_TOKEN_SAME_BRAND,498,Donna Karan,DKNY Be Delicious,https://www.fragrantica.com/perfume/Donna-Karan/DKNY-Be-Delicious-498.html,SAFE_TOKEN_SAME_BRAND,0.9860,0.8529,PASS
1505-EST,2141,Bronze-goddess-azur,VERIFIED,EXACT_PERFUME_BRAND_TEXT,59242,Estee Lauder,Bronze Goddess Azur,https://www.fragrantica.com/perfume/Estee-Lauder/Bronze-Goddess-Azur-59242.html,EXACT_PERFUME_BRAND_TEXT,1.0000,1.0000,PASS
1507-HUG,2267,Boss-alive,VERIFIED,SAFE_TOKEN_SAME_BRAND,59228,Hugo Boss,Boss Alive Eau de Parfum,https://www.fragrantica.com/perfume/Hugo-Boss/Boss-Alive-Eau-de-Parfum-59228.html,SAFE_TOKEN_SAME_BRAND,0.9860,1.0000,PASS
1508-KIL,2266,Angels-share-eau-de-,VERIFIED,EXACT_PERFUME_BRAND_TEXT,62615,By Kilian,Angels Share,https://www.fragrantica.com/perfume/By-Kilian/Angels-Share-62615.html,EXACT_PERFUME_BRAND_TEXT,1.0000,1.0000,PASS
1509-KIL,1933,Amber Oud,VERIFIED,EXACT_PERFUME_BRAND_TEXT,14206,By Kilian,Amber Oud,https://www.fragrantica.com/perfume/By-Kilian/Amber-Oud-14206.html,EXACT_PERFUME_BRAND_TEXT,1.0000,1.0000,PASS
1510-KIL,2300,Bamboo Harmony,VERIFIED,EXACT_PERFUME_BRAND_TEXT,14330,By Kilian,Bamboo Harmony,https://www.fragrantica.com/perfume/By-Kilian/Bamboo-Harmony-14330.html,EXACT_PERFUME_BRAND_TEXT,1.0000,1.0000,PASS
1511-KIL,2302,Forbidden Games,VERIFIED,EXACT_PERFUME_BRAND_TEXT,15925,By Kilian,Forbidden Games,https://www.fragrantica.com/perfume/By-Kilian/Forbidden-Games-15925.html,EXACT_PERFUME_BRAND_TEXT,1.0000,1.0000,PASS
1512-KIL,2304,In The City Of Sin,VERIFIED,EXACT_PERFUME_BRAND_TEXT,15926,By Kilian,In the City of Sin,https://www.fragrantica.com/perfume/By-Kilian/In-the-City-of-Sin-15926.html,EXACT_PERFUME_BRAND_TEXT,1.0000,1.0000,PASS
1513-KIL,2242,PRINCESS - KILIAN PERFUME,VERIFIED,EXACT_BRAND_CLEAN_NAME,90174,By Kilian,Princess,https://www.fragrantica.com/perfume/By-Kilian/Princess-90174.html,EXACT_BRAND_CLEAN_NAME,1.0000,1.0000,PASS
1514-KIL,2306,WATER CALIGRAPHY - KILIAN,VERIFIED,SAFE_FUZZY_SAME_BRAND,14329,By Kilian,Water Calligraphy,https://www.fragrantica.com/perfume/By-Kilian/Water-Calligraphy-14329.html,SAFE_FUZZY_SAME_BRAND,0.9697,0.8000,PASS
1515-LAN,2278,La-nuit-tresor-dentelle-de-roses,VERIFIED,EXACT_BRAND_CLEAN_NAME,64639,Lancome,La Nuit Tresor Dentelle de Roses,https://www.fragrantica.com/perfume/Lancome/La-Nuit-Tresor-Dentelle-de-Roses-64639.html,EXACT_BRAND_CLEAN_NAME,1.0000,1.0000,PASS
1516-LAN,2251,La-nuit-tresor-nude,VERIFIED,EXACT_BRAND_CLEAN_NAME,58825,Lancome,La Nuit Tresor Nude,https://www.fragrantica.com/perfume/Lancome/La-Nuit-Tresor-Nude-58825.html,EXACT_BRAND_CLEAN_NAME,1.0000,1.0000,PASS
1517-MOS,2279,Toy 2,VERIFIED,EXACT_PERFUME_BRAND_TEXT,51589,Moschino,Toy 2,https://www.fragrantica.com/perfume/Moschino/Toy-2-51589.html,EXACT_PERFUME_BRAND_TEXT,1.0000,1.0000,PASS
1518-RAL,2762,Romance,VERIFIED,CONFIRMED_IDENTITY_EXACT_CORPUS,825,Ralph Lauren,Romance,https://www.fragrantica.com/perfume/Ralph-Lauren/Romance-825.html,CONFIRMED_IDENTITY_EXACT_CORPUS,1.0000,1.0000,PASS
1519-YZLO,2246,Capeline,VERIFIED,EXACT_BRAND_CLEAN_NAME,60081,Yves Saint Laurent,Capeline,https://www.fragrantica.com/perfume/Yves-Saint-Laurent/Capeline-60081.html,EXACT_BRAND_CLEAN_NAME,1.0000,1.0000,PASS
1520-YZLO,2280,Libre-eau-de-parfum-intense,VERIFIED,EXACT_BRAND_CLEAN_NAME,62318,Yves Saint Laurent,Libre Intense,https://www.fragrantica.com/perfume/Yves-Saint-Laurent/Libre-Intense-62318.html,EXACT_BRAND_CLEAN_NAME,1.0000,0.7879,PASS
1521-ZAD,2248,Girls-can-be-crazy,VERIFIED,WEB_VERIFIED_FRAGRANTICA,60794,Zadig & Voltaire,Girls Can Be Crazy,https://www.fragrantica.com/p/60794,WEB_VERIFIED_FRAGRANTICA,1.0000,1.0000,PASS
1522-ZAD,2274,THIS IS US! - ZADIG & VOLTAIRE,VERIFIED,WEB_VERIFIED_FRAGRANTICA,64313,Zadig & Voltaire,This Is Us!,https://www.fragrantica.com/p/64313,WEB_VERIFIED_FRAGRANTICA,1.0000,1.0000,PASS
1523-AFN,,DEHN AL OUDH ABIYAD,NOT_FOUND,NO_CORPUS_CODE_MATCH,,,,,,,0.0000,NOT_MAPPED
1524-AMG,2308,Interlude Woman Eau de Parfum,VERIFIED,EXACT_BRAND_CLEAN_NAME,15295,Amouage,Interlude Woman,https://www.fragrantica.com/perfume/Amouage/Interlude-Woman-15295.html,EXACT_BRAND_CLEAN_NAME,1.0000,1.0000,PASS
1525-AMG,2307,Reflection Woman,VERIFIED,EXACT_BRAND_CLEAN_NAME,919,Amouage,Reflection Woman,https://www.fragrantica.com/perfume/Amouage/Reflection-Woman-919.html,EXACT_BRAND_CLEAN_NAME,1.0000,1.0000,PASS
1526-AL HAR,,MUKHALLAT AL EMIRATES,NOT_FOUND,NO_CORPUS_CODE_MATCH,,,,,,,0.0000,NOT_MAPPED
1528-KUR,2269,BACCARAT ROUGE 540 EXTRAIT,VERIFIED,WEB_VERIFIED_FRAGRANTICA,46066,Maison Francis Kurkdjian,Baccarat Rouge 540 Extrait de Parfum,https://www.fragrantica.com/p/46066,WEB_VERIFIED_FRAGRANTICA,1.0000,1.0000,PASS
1529-BDIK,2247,Rouge Smoking Eau de Parfum,VERIFIED,EXACT_PERFUME_BRAND_TEXT,51468,BDK Parfums,Rouge Smoking,https://www.fragrantica.com/perfume/BDK-Parfums/Rouge-Smoking-51468.html,EXACT_PERFUME_BRAND_TEXT,1.0000,1.0000,PASS
1530-INI,2252,DIVINE ATTRACTION - INITIO PARFUMS,VERIFIED,EXACT_BRAND_CLEAN_NAME,30993,Initio Parfums Prives,Divine Attraction,https://www.fragrantica.com/perfume/Initio-Parfums-Prives/Divine-Attraction-30993.html,EXACT_BRAND_CLEAN_NAME,1.0000,1.0000,PASS
1531-PARF,2250,Kalan,VERIFIED,EXACT_PERFUME_BRAND_TEXT,56036,Parfums de Marly,Kalan,https://www.fragrantica.com/perfume/Parfums-de-Marly/Kalan-56036.html,EXACT_PERFUME_BRAND_TEXT,1.0000,1.0000,PASS
1532-ROJ,3921,ELYSIUM POUR HOMME PARFUM - ROJA DOVE,VERIFIED,EXACT_PERFUME_BRAND_TEXT,47480,Roja Dove,Elysium Pour Homme Parfum,https://www.fragrantica.com/perfume/Roja-Dove/Elysium-Pour-Homme-Parfum-47480.html,EXACT_PERFUME_BRAND_TEXT,1.0000,1.0000,PASS
1533-SERG,2254,Ambre-sultan-eau-de-,VERIFIED,EXACT_PERFUME_BRAND_TEXT,2760,Serge Lutens,Ambre Sultan,https://www.fragrantica.com/perfume/Serge-Lutens/Ambre-Sultan-2760.html,EXACT_PERFUME_BRAND_TEXT,1.0000,1.0000,PASS
1534-SWI,,SWISS ARMY VICTORINOX,NOT_FOUND,NO_CORPUS_CODE_MATCH,,,,,,,0.0000,NOT_MAPPED
1535-BOA,2296,Blue Sapphire Pure Parfum,VERIFIED,WEB_VERIFIED_FRAGRANTICA,18518,Boadicea the Victorious,Blue Sapphire,https://www.fragrantica.com/p/18518,WEB_VERIFIED_FRAGRANTICA,1.0000,1.0000,PASS
1536-BOA,2295,HEROINE for women,VERIFIED,WEB_VERIFIED_FRAGRANTICA,55770,Boadicea the Victorious,Heroine,https://www.fragrantica.com/p/55770,WEB_VERIFIED_FRAGRANTICA,1.0000,1.0000,PASS
1537-CHA,2310,LE LION,VERIFIED,SAFE_CONCENTRATION_EQUIVALENT,61036,Chanel,Le Lion Eau de Parfum,https://www.fragrantica.com/perfume/Chanel/Le-Lion-Eau-de-Parfum-61036.html,SAFE_CONCENTRATION_EQUIVALENT,0.9950,1.0000,PASS
1538-FRE,2294,THE MOON,VERIFIED,CONFIRMED_IDENTITY_EXACT_CORPUS,56095,Frederic Malle,The Moon,https://www.fragrantica.com/perfume/Frederic-Malle/The-Moon-56095.html,CONFIRMED_IDENTITY_EXACT_CORPUS,1.0000,1.0000,PASS
1539-ORT,2309,Terroni,VERIFIED,CONFIRMED_IDENTITY_EXACT_CORPUS,45475,Orto Parisi,Terroni,https://www.fragrantica.com/perfume/Orto-Parisi/Terroni-45475.html,CONFIRMED_IDENTITY_EXACT_CORPUS,1.0000,1.0000,PASS
1542-JOM,2740,English Oak & Redcurrant by Jo Malone London,VERIFIED,SAFE_TOKEN_SAME_BRAND,46186,Jo Malone London,English Oak Redcurrant,https://www.fragrantica.com/perfume/Jo-Malone-London/English-Oak-Redcurrant-46186.html,SAFE_TOKEN_SAME_BRAND,0.9440,0.6471,REVIEW
1545-MNT,2243,Intense Tiare,VERIFIED,EXACT_PERFUME_BRAND_TEXT,3763,Montale,Intense Tiare,https://www.fragrantica.com/perfume/Montale/Intense-Tiare-3763.html,EXACT_PERFUME_BRAND_TEXT,1.0000,1.0000,PASS
1546-TMFO,2245,Bitter-peach-eau-de-,VERIFIED,EXACT_BRAND_CLEAN_NAME,62707,Tom Ford,Bitter Peach,https://www.fragrantica.com/perfume/Tom-Ford/Bitter-Peach-62707.html,EXACT_BRAND_CLEAN_NAME,1.0000,1.0000,PASS
1547-TMFO,2298,Santal Blush,VERIFIED,EXACT_BRAND_CLEAN_NAME,12766,Tom Ford,Santal Blush,https://www.fragrantica.com/perfume/Tom-Ford/Santal-Blush-12766.html,EXACT_BRAND_CLEAN_NAME,1.0000,1.0000,PASS
1548-TMFO,2244,SOLEIL NIEGE,VERIFIED,SAFE_FUZZY_SAME_BRAND,56737,Tom Ford,Soleil Neige,https://www.fragrantica.com/perfume/Tom-Ford/Soleil-Neige-56737.html,SAFE_FUZZY_SAME_BRAND,0.9167,0.9167,PASS
1549-TMFO,2241,Venetian Bergamot,VERIFIED,EXACT_BRAND_CLEAN_NAME,31696,Tom Ford,Venetian Bergamot,https://www.fragrantica.com/perfume/Tom-Ford/Venetian-Bergamot-31696.html,EXACT_BRAND_CLEAN_NAME,1.0000,1.0000,PASS
1550-YAN,2331,HOME SWEET HOME - YANKEE,NOT_FOUND,NO_FOUND_ID_FOR_CODE,,,,,,,0.0000,NOT_MAPPED
1551-VICT,2317,Tease-dreamer-eau-de-,VERIFIED,WEB_VERIFIED_FRAGRANTICA,54073,,,https://www.fragrantica.com/perfume/Victoria-s-Secret/Tease-Dreamer-54073.html,WEB_VERIFIED_FRAGRANTICA,1.0000,1.0000,PASS
1552-VER,2316,Yellow Diamond,VERIFIED,EXACT_BRAND_CLEAN_NAME,13064,Versace,Yellow Diamond,https://www.fragrantica.com/perfume/Versace/Yellow-Diamond-13064.html,EXACT_BRAND_CLEAN_NAME,1.0000,1.0000,PASS
1553-MNT,2315,Arabians-tonka,VERIFIED,EXACT_PERFUME_BRAND_TEXT,57384,Montale,Arabians Tonka,https://www.fragrantica.com/perfume/Montale/Arabians-Tonka-57384.html,EXACT_PERFUME_BRAND_TEXT,1.0000,1.0000,PASS
1554-VICT,2318,Bombshell-gold-eau-de-,VERIFIED,EXACT_PERFUME_BRAND_TEXT,63685,Victoria s Secret,Bombshell Gold,https://www.fragrantica.com/perfume/Victoria-s-Secret/Bombshell-Gold-63685.html,EXACT_PERFUME_BRAND_TEXT,1.0000,1.0000,PASS
1555-GUR,2319,Shalimar-philtre-de-,VERIFIED,EXACT_PERFUME_BRAND_TEXT,62811,Guerlain,Shalimar Philtre de Parfum,https://www.fragrantica.com/perfume/Guerlain/Shalimar-Philtre-de-Parfum-62811.html,EXACT_PERFUME_BRAND_TEXT,1.0000,1.0000,PASS
1556-CHA,2321,Coromandel-,VERIFIED,EXACT_BRAND_CLEAN_NAME,56712,Chanel,Coromandel Parfum,https://www.fragrantica.com/perfume/Chanel/Coromandel-Parfum-56712.html,EXACT_BRAND_CLEAN_NAME,1.0000,1.0000,PASS
1557-FRE,2320,ROSE & CUIR,VERIFIED,WEB_VERIFIED_FRAGRANTICA,56516,Frederic Malle,Rose & Cuir,https://www.fragrantica.com/p/56516,WEB_VERIFIED_FRAGRANTICA,1.0000,1.0000,PASS
1558-TMFO,2323,Tubereuse-nue,VERIFIED,EXACT_BRAND_CLEAN_NAME,64698,Tom Ford,Tubereuse Nue,https://www.fragrantica.com/perfume/Tom-Ford/Tubereuse-Nue-64698.html,EXACT_BRAND_CLEAN_NAME,1.0000,1.0000,PASS
1559-VICT,2322,Angel-gold-eau-de-,VERIFIED,EXACT_PERFUME_BRAND_TEXT,32693,Victoria s Secret,Angel Gold,https://www.fragrantica.com/perfume/Victoria-s-Secret/Angel-Gold-32693.html,EXACT_PERFUME_BRAND_TEXT,1.0000,1.0000,PASS
1612-LTN,2325,Turbulences,VERIFIED,CONFIRMED_IDENTITY_EXACT_CORPUS,40499,Louis Vuitton,Turbulences,https://www.fragrantica.com/perfume/Louis-Vuitton/Turbulences-40499.html,CONFIRMED_IDENTITY_EXACT_CORPUS,1.0000,1.0000,PASS
1613-FRE,2324,THE NIGHT,VERIFIED,CONFIRMED_IDENTITY_EXACT_CORPUS,28407,Frederic Malle,The Night,https://www.fragrantica.com/perfume/Frederic-Malle/The-Night-28407.html,CONFIRMED_IDENTITY_EXACT_CORPUS,1.0000,1.0000,PASS
1614-FRE,2328,DAWN,VERIFIED,CONFIRMED_IDENTITY_EXACT_CORPUS,52195,Frederic Malle,Dawn,https://www.fragrantica.com/perfume/Frederic-Malle/Dawn-52195.html,CONFIRMED_IDENTITY_EXACT_CORPUS,1.0000,1.0000,PASS
1615-FRE,2327,PROMISE,VERIFIED,CONFIRMED_IDENTITY_EXACT_CORPUS,47332,Frederic Malle,Promise,https://www.fragrantica.com/perfume/Frederic-Malle/Promise-47332.html,CONFIRMED_IDENTITY_EXACT_CORPUS,1.0000,1.0000,PASS
1616-MDI,2366,Invasion Barbare Eau de Parfum,VERIFIED,WEB_VERIFIED_FRAGRANTICA,5937,Parfums MDCI,Invasion Barbare,https://www.fragrantica.com/p/5937,WEB_VERIFIED_FRAGRANTICA,1.0000,1.0000,PASS
1617-MNT,2333,Vanilla Extasy,VERIFIED,EXACT_PERFUME_BRAND_TEXT,4059,Montale,Vanilla Extasy,https://www.fragrantica.com/perfume/Montale/Vanilla-Extasy-4059.html,EXACT_PERFUME_BRAND_TEXT,1.0000,1.0000,PASS
1618-NISH,2336,Ani,VERIFIED,EXACT_PERFUME_BRAND_TEXT,54785,Nishane,Ani,https://www.fragrantica.com/perfume/Nishane/Ani-54785.html,EXACT_PERFUME_BRAND_TEXT,1.0000,1.0000,PASS
1619-NISH,2337,Hundred Silent Ways,VERIFIED,EXACT_PERFUME_BRAND_TEXT,37602,Nishane,Hundred Silent Ways,https://www.fragrantica.com/perfume/Nishane/Hundred-Silent-Ways-37602.html,EXACT_PERFUME_BRAND_TEXT,1.0000,1.0000,PASS
1620-GUR,2343,SPIRITUESE DOUBLE VANILLA,VERIFIED,WEB_VERIFIED_FRAGRANTICA,3345,Guerlain,Spiritueuse Double Vanille,https://www.fragrantica.com/perfume/Guerlain/Spiritueuse-Double-Vanille-3345.html,WEB_VERIFIED_FRAGRANTICA,1.0000,1.0000,PASS
1621-NAS,2347,Fantomas,VERIFIED,CONFIRMED_IDENTITY_EXACT_CORPUS,62775,Nasomatto,Fantomas,https://www.fragrantica.com/perfume/Nasomatto/Fantomas-62775.html,CONFIRMED_IDENTITY_EXACT_CORPUS,1.0000,1.0000,PASS
1622-FRA,2352,COCAINE-FRANCK BOCLET,VERIFIED,WEB_VERIFIED_FRAGRANTICA,44128,Franck Boclet,Cocaine,https://www.fragrantica.com/p/44128,WEB_VERIFIED_FRAGRANTICA,1.0000,1.0000,PASS
1623-ARM,2346,AMBRE ECCENTRICO,VERIFIED,EXACT_BRAND_CLEAN_NAME,31209,Giorgio Armani,Ambre Eccentrico,https://www.fragrantica.com/perfume/Giorgio-Armani/Ambre-Eccentrico-31209.html,EXACT_BRAND_CLEAN_NAME,1.0000,1.0000,PASS
1624-XER,2351,La-capitale,VERIFIED,EXACT_BRAND_CLEAN_NAME,55782,Xerjoff,La Capitale,https://www.fragrantica.com/perfume/Xerjoff/La-Capitale-55782.html,EXACT_BRAND_CLEAN_NAME,1.0000,1.0000,PASS
1625-KIL,2365,Apple Brandy,VERIFIED,EXACT_PERFUME_BRAND_TEXT,22614,By Kilian,Apple Brandy,https://www.fragrantica.com/perfume/By-Kilian/Apple-Brandy-22614.html,EXACT_PERFUME_BRAND_TEXT,1.0000,1.0000,PASS
1626-BON,2350,New Haarlem,VERIFIED,EXACT_BRAND_CLEAN_NAME,3258,Bond No 9,New Haarlem,https://www.fragrantica.com/perfume/Bond-No-9/New-Haarlem-3258.html,EXACT_BRAND_CLEAN_NAME,1.0000,1.0000,PASS
1627-CLIV,2348,VANILLA ORCHID XXI ART DECO - CLIVE CHRISTIAN,VERIFIED,WEB_VERIFIED_FRAGRANTICA,50752,,,https://www.fragrantica.com/perfume/Clive-Christian/XXI-Art-Deco-Vanilla-Orchid-50752.html,WEB_VERIFIED_FRAGRANTICA,1.0000,1.0000,PASS
1628-AL HAR,,WARDIA,NOT_FOUND,NO_CORPUS_CODE_MATCH,,,,,,,0.0000,NOT_MAPPED
1629-AL HAR,,MUSK MALIKI,NOT_FOUND,NO_CORPUS_CODE_MATCH,,,,,,,0.0000,NOT_MAPPED
1630-GUL,2341,Scandal-pour-homme,VERIFIED,EXACT_BRAND_CLEAN_NAME,68074,Jean Paul Gaultier,Scandal Pour Homme,https://www.fragrantica.com/perfume/Jean-Paul-Gaultier/Scandal-Pour-Homme-68074.html,EXACT_BRAND_CLEAN_NAME,1.0000,1.0000,PASS
1631-DRC,2742,VANILLA ORAMA,VERIFIED,SAFE_FUZZY_SAME_BRAND,68198,Dior,Vanilla Diorama,https://www.fragrantica.com/perfume/Dior/Vanilla-Diorama-68198.html,SAFE_FUZZY_SAME_BRAND,0.9286,0.9286,PASS
1632-PAC,2339,Phantom Eau de Toilette,VERIFIED,EXACT_BRAND_CLEAN_NAME,68226,Rabanne,Phantom,https://www.fragrantica.com/perfume/Rabanne/Phantom-68226.html,EXACT_BRAND_CLEAN_NAME,1.0000,1.0000,PASS
1633-PAC,2338,Invictus-victory,VERIFIED,EXACT_BRAND_CLEAN_NAME,65177,Rabanne,Invictus Victory,https://www.fragrantica.com/perfume/Rabanne/Invictus-Victory-65177.html,EXACT_BRAND_CLEAN_NAME,1.0000,1.0000,PASS
1634-BRB,2340,Hero Eau de Toilette,VERIFIED,EXACT_BRAND_CLEAN_NAME,68627,Burberry,Hero,https://www.fragrantica.com/perfume/Burberry/Hero-68627.html,EXACT_BRAND_CLEAN_NAME,1.0000,1.0000,PASS
1635-XER,2349,Lira,VERIFIED,EXACT_BRAND_CLEAN_NAME,11801,Xerjoff,Lira,https://www.fragrantica.com/perfume/Xerjoff/Lira-11801.html,EXACT_BRAND_CLEAN_NAME,1.0000,1.0000,PASS
1636-KIL,,PEARL OUD,NOT_FOUND,NO_CORPUS_CODE_MATCH,,,,,,,0.0000,NOT_MAPPED
1637-CRD,2368,Love In Black,VERIFIED,EXACT_BRAND_CLEAN_NAME,4261,Creed,Love in Black,https://www.fragrantica.com/perfume/Creed/Love-in-Black-4261.html,EXACT_BRAND_CLEAN_NAME,1.0000,1.0000,PASS
1638-XER,2374,Star-musk,VERIFIED,EXACT_BRAND_CLEAN_NAME,21617,Xerjoff,Star Musk,https://www.fragrantica.com/perfume/Xerjoff/Star-Musk-21617.html,EXACT_BRAND_CLEAN_NAME,1.0000,1.0000,PASS
1639-TER,2377,Casanova,VERIFIED,CONFIRMED_IDENTITY_EXACT_CORPUS,25120,Tiziana Terenzi,Casanova,https://www.fragrantica.com/perfume/Tiziana-Terenzi/Casanova-25120.html,CONFIRMED_IDENTITY_EXACT_CORPUS,1.0000,1.0000,PASS
1640-GUC,2375,The Voice Of The Snake,VERIFIED,EXACT_BRAND_CLEAN_NAME,53088,Gucci,The Voice Of The Snake,https://www.fragrantica.com/perfume/Gucci/The-Voice-Of-The-Snake-53088.html,EXACT_BRAND_CLEAN_NAME,1.0000,1.0000,PASS
1641-KHAL,2376,Aloha Parfum,VERIFIED,WEB_VERIFIED_FRAGRANTICA,22911,,,https://www.fragrantica.com/perfume/Khaltat/Aloha-22911.html,WEB_VERIFIED_FRAGRANTICA,1.0000,1.0000,PASS
1642-VICT,2369,Rose Caramel,VERIFIED,EXACT_PERFUME_BRAND_TEXT,37895,Victoria s Secret,Rose Caramel,https://www.fragrantica.com/perfume/Victoria-s-Secret/Rose-Caramel-37895.html,EXACT_PERFUME_BRAND_TEXT,1.0000,1.0000,PASS
1643-GUL,2370,Classique Cabaret,VERIFIED,SAFE_CONCENTRATION_EQUIVALENT,53187,Jean Paul Gaultier,Classique Cabaret Eau de Parfum,https://www.fragrantica.com/perfume/Jean-Paul-Gaultier/Classique-Cabaret-Eau-de-Parfum-53187.html,SAFE_CONCENTRATION_EQUIVALENT,0.9950,1.0000,PASS
1644-DRC,,SAUVAGE ELIXIR,NOT_FOUND,NO_CORPUS_CODE_MATCH,,,,,,,0.0000,NOT_MAPPED
1648-FRE,2385,Carnal Flower,VERIFIED,CONFIRMED_IDENTITY_EXACT_CORPUS,1024,Frederic Malle,Carnal Flower,https://www.fragrantica.com/perfume/Frederic-Malle/Carnal-Flower-1024.html,CONFIRMED_IDENTITY_EXACT_CORPUS,1.0000,1.0000,PASS
1649-GIV,,L INTERDIT INTENSE,NOT_FOUND,NO_CORPUS_CODE_MATCH,,,,,,,0.0000,NOT_MAPPED
1650-LAN,2381,La-vie-est-belle-soleil-cristal,VERIFIED,EXACT_BRAND_CLEAN_NAME,65156,Lancome,La Vie Est Belle Soleil Cristal,https://www.fragrantica.com/perfume/Lancome/La-Vie-Est-Belle-Soleil-Cristal-65156.html,EXACT_BRAND_CLEAN_NAME,1.0000,1.0000,PASS
1651-TMU,2383,Alien-goddess-eau-de-,VERIFIED,EXACT_BRAND_CLEAN_NAME,68354,Mugler,Alien Goddess,https://www.fragrantica.com/perfume/Mugler/Alien-Goddess-68354.html,EXACT_BRAND_CLEAN_NAME,1.0000,1.0000,PASS
1652-DRC,2384,MISS EAU DE PARFUM 2021,VERIFIED,SAFE_TOKEN_SAME_BRAND,68905,Dior,Miss Dior Eau de Parfum 2021,https://www.fragrantica.com/perfume/Dior/Miss-Dior-Eau-de-Parfum-2021-68905.html,SAFE_TOKEN_SAME_BRAND,0.9440,0.7826,PASS
1653-MAN,2386,Roses-vanille-eau-de-,VERIFIED,EXACT_PERFUME_BRAND_TEXT,15210,Mancera,Roses Vanille,https://www.fragrantica.com/perfume/Mancera/Roses-Vanille-15210.html,EXACT_PERFUME_BRAND_TEXT,1.0000,1.0000,PASS
1654-ACQ,4623,Colonia 1916,VERIFIED,WEB_VERIFIED_FRAGRANTICA,1681,Acqua di Parma,Acqua di Parma Colonia,https://www.fragrantica.com/p/1681,WEB_VERIFIED_FRAGRANTICA,1.0000,1.0000,PASS
1655-JOM,2400,Oat & Cornflower by Jo Malone London,VERIFIED,SAFE_TOKEN_SAME_BRAND,48318,Jo Malone London,Oat Cornflower,https://www.fragrantica.com/perfume/Jo-Malone-London/Oat-Cornflower-48318.html,SAFE_TOKEN_SAME_BRAND,0.9440,0.5385,REVIEW
1656-LOC,2403,TERRE DE LUMIERE - L OCCITANE,VERIFIED,WEB_VERIFIED_FRAGRANTICA,41970,L'Occitane en Provence,Terre de Lumiere,https://www.fragrantica.com/p/41970,WEB_VERIFIED_FRAGRANTICA,1.0000,1.0000,PASS
1657-TMU,2402,Amen Pure Tonka,VERIFIED,EXACT_BRAND_CLEAN_NAME,35590,Mugler,A Men Pure Tonka,https://www.fragrantica.com/perfume/Mugler/A-Men-Pure-Tonka-35590.html,EXACT_BRAND_CLEAN_NAME,1.0000,0.8889,PASS
1658-GUR,2399,La Petite Robe Noire,VERIFIED,WEB_VERIFIED_FRAGRANTICA,14681,,,https://www.fragrantica.com/perfume/Guerlain/La-Petite-Robe-Noir-14681.html,WEB_VERIFIED_FRAGRANTICA,1.0000,1.0000,PASS
1659-CHRA,,BY NIGHT,VERIFIED,WEB_VERIFIED_FRAGRANTICA,6714,,,https://www.fragrantica.com/perfume/Christina-Aguilera/Christina-Aguilera-by-Night-6714.html,WEB_VERIFIED_FRAGRANTICA,1.0000,1.0000,PASS
1660-ESCE,2393,Molecule 01,VERIFIED,WEB_VERIFIED_FRAGRANTICA,845,Escentric Molecules,Molecule 01,https://www.fragrantica.com/p/845,WEB_VERIFIED_FRAGRANTICA,1.0000,1.0000,PASS
1669-PARF,2396,Greenley,VERIFIED,EXACT_PERFUME_BRAND_TEXT,62101,Parfums de Marly,Greenley,https://www.fragrantica.com/perfume/Parfums-de-Marly/Greenley-62101.html,EXACT_PERFUME_BRAND_TEXT,1.0000,1.0000,PASS
1670-NAS,2397,Narcotic Venus,VERIFIED,CONFIRMED_IDENTITY_EXACT_CORPUS,4292,Nasomatto,Narcotic Venus,https://www.fragrantica.com/perfume/Nasomatto/Narcotic-Venus-4292.html,CONFIRMED_IDENTITY_EXACT_CORPUS,1.0000,1.0000,PASS
1671-KIL,2398,Rolling-in-love,VERIFIED,EXACT_PERFUME_BRAND_TEXT,56402,By Kilian,Rolling in Love,https://www.fragrantica.com/perfume/By-Kilian/Rolling-in-Love-56402.html,EXACT_PERFUME_BRAND_TEXT,1.0000,1.0000,PASS
1672-KIL,2404,Vodka On The Rocks,VERIFIED,EXACT_PERFUME_BRAND_TEXT,23899,By Kilian,Vodka on the Rocks,https://www.fragrantica.com/perfume/By-Kilian/Vodka-on-the-Rocks-23899.html,EXACT_PERFUME_BRAND_TEXT,1.0000,1.0000,PASS
1673-XER,2395,More-than-words,VERIFIED,EXACT_BRAND_CLEAN_NAME,16450,Xerjoff,More Than Words,https://www.fragrantica.com/perfume/Xerjoff/More-Than-Words-16450.html,EXACT_BRAND_CLEAN_NAME,1.0000,1.0000,PASS
1674-KUR,2394,L-homme-a-la-rose,VERIFIED,EXACT_BRAND_CLEAN_NAME,61779,Maison Francis Kurkdjian,L Homme A la Rose,https://www.fragrantica.com/perfume/Maison-Francis-Kurkdjian/L-Homme-A-la-Rose-61779.html,EXACT_BRAND_CLEAN_NAME,1.0000,1.0000,PASS
1675-NRO,2411,Narciso-eau-de-parfum-ambree,VERIFIED,CONFIRMED_IDENTITY_EXACT_CORPUS,60867,Narciso Rodriguez,Narciso Eau de Parfum Ambree,https://www.fragrantica.com/perfume/Narciso-Rodriguez/Narciso-Eau-de-Parfum-Ambree-60867.html,CONFIRMED_IDENTITY_EXACT_CORPUS,1.0000,0.8000,PASS
1676-CAL,2410,Euphoria-blush,VERIFIED,EXACT_PERFUME_BRAND_TEXT,60172,Calvin Klein,Euphoria Blush,https://www.fragrantica.com/perfume/Calvin-Klein/Euphoria-Blush-60172.html,EXACT_PERFUME_BRAND_TEXT,1.0000,1.0000,PASS
1677-BYR,2406,Eleventh Hour,VERIFIED,EXACT_BRAND_CLEAN_NAME,50934,Byredo,Eleventh Hour,https://www.fragrantica.com/perfume/Byredo/Eleventh-Hour-50934.html,EXACT_BRAND_CLEAN_NAME,1.0000,1.0000,PASS
1678-BYR,2405,SELLIER,VERIFIED,EXACT_BRAND_CLEAN_NAME,58572,Byredo,Sellier,https://www.fragrantica.com/perfume/Byredo/Sellier-58572.html,EXACT_BRAND_CLEAN_NAME,1.0000,1.0000,PASS
1679-BYR,2407,Rose Of No Man S Land,VERIFIED,EXACT_BRAND_CLEAN_NAME,31931,Byredo,Rose Of No Man s Land,https://www.fragrantica.com/perfume/Byredo/Rose-Of-No-Man-s-Land-31931.html,EXACT_BRAND_CLEAN_NAME,1.0000,1.0000,PASS
1680-DRC,2409,Rouge-trafalgar-eau-de-,VERIFIED,EXACT_BRAND_CLEAN_NAME,58665,Dior,Rouge Trafalgar,https://www.fragrantica.com/perfume/Dior/Rouge-Trafalgar-58665.html,EXACT_BRAND_CLEAN_NAME,1.0000,1.0000,PASS
1681-MNT,2408,Intense Cafe,VERIFIED,EXACT_PERFUME_BRAND_TEXT,18021,Montale,Intense Cafe,https://www.fragrantica.com/perfume/Montale/Intense-Cafe-18021.html,EXACT_PERFUME_BRAND_TEXT,1.0000,1.0000,PASS
1682-HER,,24 FAUBOURG,VERIFIED,EXACT_PERFUME_BRAND_TEXT,27,Hermes,24 Faubourg,https://www.fragrantica.com/perfume/Hermes/24-Faubourg-27.html,EXACT_PERFUME_BRAND_TEXT,1.0000,1.0000,PASS
1683-HER,2414,Un Jardin Sur La Lagune,VERIFIED,EXACT_PERFUME_BRAND_TEXT,53373,Hermes,Un Jardin Sur La Lagune,https://www.fragrantica.com/perfume/Hermes/Un-Jardin-Sur-La-Lagune-53373.html,EXACT_PERFUME_BRAND_TEXT,1.0000,1.0000,PASS
1684-GIV,,YSATIS,VERIFIED,EXACT_BRAND_CLEAN_NAME,36,Givenchy,Ysatis,https://www.fragrantica.com/perfume/Givenchy/Ysatis-36.html,EXACT_BRAND_CLEAN_NAME,1.0000,1.0000,PASS
1685-FRE,2416,EN PASSANT Woman's perfume,VERIFIED,WEB_VERIFIED_FRAGRANTICA,2793,Frederic Malle,En Passant,https://www.fragrantica.com/p/2793,WEB_VERIFIED_FRAGRANTICA,1.0000,1.0000,PASS
1686-PRA,2413,Luna Rossa Black,VERIFIED,EXACT_PERFUME_BRAND_TEXT,48682,Prada,Luna Rossa Black,https://www.fragrantica.com/perfume/Prada/Luna-Rossa-Black-48682.html,EXACT_PERFUME_BRAND_TEXT,1.0000,1.0000,PASS
1693-BYR,2427,Mixed-emotions,VERIFIED,EXACT_BRAND_CLEAN_NAME,65525,Byredo,Mixed Emotions,https://www.fragrantica.com/perfume/Byredo/Mixed-Emotions-65525.html,EXACT_BRAND_CLEAN_NAME,1.0000,1.0000,PASS
1694-TMFO,2436,Oud Fleur,VERIFIED,CONFIRMED_IDENTITY_EXACT_CORPUS,21401,Tom Ford,Oud Fleur,https://www.fragrantica.com/perfume/Tom-Ford/Oud-Fleur-21401.html,CONFIRMED_IDENTITY_EXACT_CORPUS,1.0000,1.0000,PASS
1695-TMFO,2426,Soleil-brulant,VERIFIED,EXACT_BRAND_CLEAN_NAME,66125,Tom Ford,Soleil Brulant,https://www.fragrantica.com/perfume/Tom-Ford/Soleil-Brulant-66125.html,EXACT_BRAND_CLEAN_NAME,1.0000,1.0000,PASS
1696-CRD,2425,Royal Water,VERIFIED,EXACT_BRAND_CLEAN_NAME,7510,Creed,Royal Water,https://www.fragrantica.com/perfume/Creed/Royal-Water-7510.html,EXACT_BRAND_CLEAN_NAME,1.0000,1.0000,PASS
1697-LEL,2430,The Noir 29,VERIFIED,EXACT_PERFUME_BRAND_TEXT,31872,Le Labo,The Noir 29,https://www.fragrantica.com/perfume/Le-Labo/The-Noir-29-31872.html,EXACT_PERFUME_BRAND_TEXT,1.0000,1.0000,PASS
1698-LEL,2429,Oud 27,VERIFIED,EXACT_PERFUME_BRAND_TEXT,6329,Le Labo,Oud 27,https://www.fragrantica.com/perfume/Le-Labo/Oud-27-6329.html,EXACT_PERFUME_BRAND_TEXT,1.0000,1.0000,PASS
1699-LTN,2428,Nuit de Feu,VERIFIED,CONFIRMED_IDENTITY_EXACT_CORPUS,60031,Louis Vuitton,Nuit de Feu,https://www.fragrantica.com/perfume/Louis-Vuitton/Nuit-de-Feu-60031.html,CONFIRMED_IDENTITY_EXACT_CORPUS,1.0000,1.0000,PASS
1700-MNT,2438,Musk To Musk,VERIFIED,EXACT_PERFUME_BRAND_TEXT,12299,Montale,Musk to Musk,https://www.fragrantica.com/perfume/Montale/Musk-to-Musk-12299.html,EXACT_PERFUME_BRAND_TEXT,1.0000,1.0000,PASS
1701-TOSC,,TOSCA,VERIFIED,WEB_VERIFIED_FRAGRANTICA,5796,,,https://www.fragrantica.com/perfume/Tosca/Tosca-5796.html,WEB_VERIFIED_FRAGRANTICA,1.0000,1.0000,PASS
1702-KUR,4387,Oud,VERIFIED,EXACT_BRAND_CLEAN_NAME,14610,Maison Francis Kurkdjian,Oud,https://www.fragrantica.com/perfume/Maison-Francis-Kurkdjian/Oud-14610.html,EXACT_BRAND_CLEAN_NAME,1.0000,1.0000,PASS
1703-CAL,2440,Defy Eau de Toilette,VERIFIED,EXACT_PERFUME_BRAND_TEXT,68225,Calvin Klein,Defy,https://www.fragrantica.com/perfume/Calvin-Klein/Defy-68225.html,EXACT_PERFUME_BRAND_TEXT,1.0000,1.0000,PASS
1704-CAR,2439,212-heroes,VERIFIED,EXACT_BRAND_CLEAN_NAME,65988,Carolina Herrera,212 Heroes,https://www.fragrantica.com/perfume/Carolina-Herrera/212-Heroes-65988.html,EXACT_BRAND_CLEAN_NAME,1.0000,1.0000,PASS
1706-KIL,2735,Playing With The Devil,VERIFIED,EXACT_PERFUME_BRAND_TEXT,18931,By Kilian,Playing With The Devil,https://www.fragrantica.com/perfume/By-Kilian/Playing-With-The-Devil-18931.html,EXACT_PERFUME_BRAND_TEXT,1.0000,1.0000,PASS
1718-TER,2452,Cassiopea,VERIFIED,EXACT_PERFUME_BRAND_TEXT,30624,Tiziana Terenzi,Cassiopea,https://www.fragrantica.com/perfume/Tiziana-Terenzi/Cassiopea-30624.html,EXACT_PERFUME_BRAND_TEXT,1.0000,1.0000,PASS
1719-MEM,2451,Corfu,VERIFIED,EXACT_PERFUME_BRAND_TEXT,68292,Memo Paris,Corfu,https://www.fragrantica.com/perfume/Memo-Paris/Corfu-68292.html,EXACT_PERFUME_BRAND_TEXT,1.0000,1.0000,PASS
1720-LEL,2450,Vetiver 46,VERIFIED,EXACT_PERFUME_BRAND_TEXT,6328,Le Labo,Vetiver 46,https://www.fragrantica.com/perfume/Le-Labo/Vetiver-46-6328.html,EXACT_PERFUME_BRAND_TEXT,1.0000,1.0000,PASS
1721-BLG,2453,Le-gemme-azaran,VERIFIED,EXACT_BRAND_CLEAN_NAME,66122,Bvlgari,Azaran,https://www.fragrantica.com/perfume/Bvlgari/Azaran-66122.html,EXACT_BRAND_CLEAN_NAME,1.0000,1.0000,PASS
1722-CRD,2449,White-flowers,VERIFIED,EXACT_BRAND_CLEAN_NAME,13390,Creed,White Flowers,https://www.fragrantica.com/perfume/Creed/White-Flowers-13390.html,EXACT_BRAND_CLEAN_NAME,1.0000,1.0000,PASS
1723-TMFO,2448,Vert Des Bois,VERIFIED,EXACT_BRAND_CLEAN_NAME,40089,Tom Ford,Vert des Bois,https://www.fragrantica.com/perfume/Tom-Ford/Vert-des-Bois-40089.html,EXACT_BRAND_CLEAN_NAME,1.0000,1.0000,PASS
1726-MNTB,2454,Signature,VERIFIED,CONFIRMED_IDENTITY_EXACT_CORPUS,60962,Montblanc,Signature,https://www.fragrantica.com/perfume/Montblanc/Signature-60962.html,CONFIRMED_IDENTITY_EXACT_CORPUS,1.0000,1.0000,PASS
1727-LAN,2456,Idole-aura,VERIFIED,EXACT_BRAND_CLEAN_NAME,67578,Lancome,Idole Aura,https://www.fragrantica.com/perfume/Lancome/Idole-Aura-67578.html,EXACT_BRAND_CLEAN_NAME,1.0000,1.0000,PASS
1728-ARM,2457,My-way-intense,VERIFIED,EXACT_BRAND_CLEAN_NAME,68596,Giorgio Armani,My Way Intense,https://www.fragrantica.com/perfume/Giorgio-Armani/My-Way-Intense-68596.html,EXACT_BRAND_CLEAN_NAME,1.0000,1.0000,PASS
1729-CAR,2455,Very-good-girl-eau-de-,VERIFIED,EXACT_BRAND_CLEAN_NAME,65560,Carolina Herrera,Very Good Girl,https://www.fragrantica.com/perfume/Carolina-Herrera/Very-Good-Girl-65560.html,EXACT_BRAND_CLEAN_NAME,1.0000,1.0000,PASS
1730-HER,2458,Twilly-d-hermes-eau-ginger,VERIFIED,SAFE_TOKEN_SAME_BRAND,67667,Hermes,Twilly d Hermes Eau Ginger,https://www.fragrantica.com/perfume/Hermes/Twilly-d-Hermes-Eau-Ginger-67667.html,SAFE_TOKEN_SAME_BRAND,0.9440,1.0000,PASS
1731-VICT,2516,TEASE CREAM CLOUD - VICTORIA'S SECRET,VERIFIED,SAFE_FUZZY_SAME_BRAND,68550,Victoria s Secret,Tease Creme Cloud,https://www.fragrantica.com/perfume/Victoria-s-Secret/Tease-Creme-Cloud-68550.html,SAFE_FUZZY_SAME_BRAND,0.9412,0.6154,REVIEW
1732-MIC,2518,Super-gorgeous,VERIFIED,EXACT_PERFUME_BRAND_TEXT,68626,Michael Kors,Super Gorgeous,https://www.fragrantica.com/perfume/Michael-Kors/Super-Gorgeous-68626.html,EXACT_PERFUME_BRAND_TEXT,1.0000,1.0000,PASS
1733-BYR,2506,Mumbai-noise,VERIFIED,EXACT_BRAND_CLEAN_NAME,69858,Byredo,Mumbai Noise,https://www.fragrantica.com/perfume/Byredo/Mumbai-Noise-69858.html,EXACT_BRAND_CLEAN_NAME,1.0000,1.0000,PASS
1734-TMFO,2515,Ebene-fume-eau-de-,VERIFIED,EXACT_BRAND_CLEAN_NAME,69008,Tom Ford,Ebene Fume,https://www.fragrantica.com/perfume/Tom-Ford/Ebene-Fume-69008.html,EXACT_BRAND_CLEAN_NAME,1.0000,1.0000,PASS
1735-XER,2552,Italica,VERIFIED,EXACT_BRAND_CLEAN_NAME,41149,Xerjoff,Italica,https://www.fragrantica.com/perfume/Xerjoff/Italica-41149.html,EXACT_BRAND_CLEAN_NAME,1.0000,1.0000,PASS
1736-PRFRO,2553,Arso,VERIFIED,WEB_VERIFIED_FRAGRANTICA,11700,Profumum Roma,Arso,https://www.fragrantica.com/p/11700,WEB_VERIFIED_FRAGRANTICA,1.0000,1.0000,PASS
1737-GIV,2555,L INTERDIT ROUGE EDP,VERIFIED,SAFE_CONCENTRATION_EQUIVALENT,68404,Givenchy,L Interdit Eau de Parfum Rouge,https://www.fragrantica.com/perfume/Givenchy/L-Interdit-Eau-de-Parfum-Rouge-68404.html,SAFE_CONCENTRATION_EQUIVALENT,0.9950,1.0000,PASS
1743-LBI,2825,Sotto Voce,VERIFIED,WEB_VERIFIED_FRAGRANTICA,1185,,,https://www.fragrantica.com/perfume/Laura-Biagiotti/Sotto-Voce-1185.html,WEB_VERIFIED_FRAGRANTICA,1.0000,1.0000,PASS
1744-CLI,2598,Aromatics In Black,VERIFIED,EXACT_PERFUME_BRAND_TEXT,31761,Clinique,Aromatics in Black,https://www.fragrantica.com/perfume/Clinique/Aromatics-in-Black-31761.html,EXACT_PERFUME_BRAND_TEXT,1.0000,1.0000,PASS
1745-SERG,2599,Chergui-eau-de-,VERIFIED,EXACT_PERFUME_BRAND_TEXT,2762,Serge Lutens,Chergui,https://www.fragrantica.com/perfume/Serge-Lutens/Chergui-2762.html,EXACT_PERFUME_BRAND_TEXT,1.0000,1.0000,PASS
1746-XER,2600,Alexandria-iii,VERIFIED,EXACT_BRAND_CLEAN_NAME,57363,Xerjoff,Alexandria III,https://www.fragrantica.com/perfume/Xerjoff/Alexandria-III-57363.html,EXACT_BRAND_CLEAN_NAME,1.0000,1.0000,PASS
1747-VICT,2601,Bare Vanilla,VERIFIED,EXACT_BRAND_CLEAN_NAME,56836,Victoria s Secret,Bare Vanilla,https://www.fragrantica.com/perfume/Victoria-s-Secret/Bare-Vanilla-56836.html,EXACT_BRAND_CLEAN_NAME,1.0000,1.0000,PASS
1748-BYR,2602,Marijuana,NOT_FOUND,NO_FOUND_ID_FOR_CODE,,,,,,,0.0000,NOT_MAPPED
1749-BLG,2603,Le Gemme  Gyan,VERIFIED,EXACT_BRAND_CLEAN_NAME,41221,Bvlgari,Gyan,https://www.fragrantica.com/perfume/Bvlgari/Gyan-41221.html,EXACT_BRAND_CLEAN_NAME,1.0000,1.0000,PASS
1750-LTN,2604,Sun Song,VERIFIED,CONFIRMED_IDENTITY_EXACT_CORPUS,53945,Louis Vuitton,Sun Song,https://www.fragrantica.com/perfume/Louis-Vuitton/Sun-Song-53945.html,CONFIRMED_IDENTITY_EXACT_CORPUS,1.0000,1.0000,PASS
1751-GUL,2613,MADAME,VERIFIED,EXACT_UNIQUE_NAME,12088,Cortina 1224,Madame,https://www.fragrantica.com/perfume/Cortina-1224/Madame-12088.html,EXACT_UNIQUE_NAME,1.0000,1.0000,PASS
1752-JUL,2606,Vanilla Vibes,VERIFIED,EXACT_PERFUME_BRAND_TEXT,54878,Juliette Has A Gun,Vanilla Vibes,https://www.fragrantica.com/perfume/Juliette-Has-A-Gun/Vanilla-Vibes-54878.html,EXACT_PERFUME_BRAND_TEXT,1.0000,1.0000,PASS
1753-TEDL,,TED,VERIFIED,WEB_VERIFIED_FRAGRANTICA,5942,,,https://www.fragrantica.com/perfume/Ted-Lapidus/Ted-5942.html,WEB_VERIFIED_FRAGRANTICA,1.0000,1.0000,PASS
1754-HER,2609,VANILLE GALANTE HERMESSENCE - HERMES,VERIFIED,SAFE_TOKEN_SAME_BRAND,5213,Hermes,Hermessence Vanille Galante,https://www.fragrantica.com/perfume/Hermes/Hermessence-Vanille-Galante-5213.html,SAFE_TOKEN_SAME_BRAND,0.9860,0.6209,REVIEW
1755-MNT,2618,Vanilla Cake,VERIFIED,EXACT_PERFUME_BRAND_TEXT,48948,Montale,Vanilla Cake,https://www.fragrantica.com/perfume/Montale/Vanilla-Cake-48948.html,EXACT_PERFUME_BRAND_TEXT,1.0000,1.0000,PASS
1756-LBI,2826,ROMA - LAURA BIAGIOTTI,VERIFIED,WEB_VERIFIED_FRAGRANTICA,628,,,https://www.fragrantica.com/perfume/Laura-Biagiotti/Roma-628.html,WEB_VERIFIED_FRAGRANTICA,1.0000,1.0000,PASS
1757-DIP,2610,Eau Duelle,VERIFIED,EXACT_BRAND_CLEAN_NAME,49100,Diptyque,Eau Duelle Eau de Parfum,https://www.fragrantica.com/perfume/Diptyque/Eau-Duelle-Eau-de-Parfum-49100.html,EXACT_BRAND_CLEAN_NAME,1.0000,1.0000,PASS
1758-MNT,2631,Roses-musk-eau-de-,VERIFIED,EXACT_PERFUME_BRAND_TEXT,1148,Montale,Roses Musk,https://www.fragrantica.com/perfume/Montale/Roses-Musk-1148.html,EXACT_PERFUME_BRAND_TEXT,1.0000,1.0000,PASS
1759-LTN,2630,LES,VERIFIED,EXACT_UNIQUE_NAME,81501,Boy Smells,Les,https://www.fragrantica.com/perfume/Boy-Smells/Les-81501.html,EXACT_UNIQUE_NAME,1.0000,1.0000,PASS
1760-FRE,2619,IRIS POUDRE,VERIFIED,CONFIRMED_IDENTITY_EXACT_CORPUS,4771,Frederic Malle,Iris Poudre,https://www.fragrantica.com/perfume/Frederic-Malle/Iris-Poudre-4771.html,CONFIRMED_IDENTITY_EXACT_CORPUS,1.0000,1.0000,PASS
1761-DIP,2632,L Eau Des Hesperides,VERIFIED,EXACT_BRAND_CLEAN_NAME,3836,Diptyque,L eau des Hesperides,https://www.fragrantica.com/perfume/Diptyque/L-eau-des-Hesperides-3836.html,EXACT_BRAND_CLEAN_NAME,1.0000,1.0000,PASS
1762-ETLR,2633,Putain Des Palaces,VERIFIED,EXACT_PERFUME_BRAND_TEXT,4521,Etat Libre d Orange,Putain des Palaces,https://www.fragrantica.com/perfume/Etat-Libre-d-Orange/Putain-des-Palaces-4521.html,EXACT_PERFUME_BRAND_TEXT,1.0000,1.0000,PASS
1763-JILS,,SUN,VERIFIED,WEB_VERIFIED_FRAGRANTICA,618,,,https://www.fragrantica.com/perfume/Jil-Sander/Sun-618.html,WEB_VERIFIED_FRAGRANTICA,1.0000,1.0000,PASS
1764-GUR,2620,Aqua Allegoria Coconut Fizz,VERIFIED,EXACT_PERFUME_BRAND_TEXT,53806,Guerlain,Aqua Allegoria Coconut Fizz,https://www.fragrantica.com/perfume/Guerlain/Aqua-Allegoria-Coconut-Fizz-53806.html,EXACT_PERFUME_BRAND_TEXT,1.0000,1.0000,PASS
1765-JEN,2611,Miami Glow,VERIFIED,WEB_VERIFIED_FRAGRANTICA,870,Jennifer Lopez,Miami Glow,https://www.fragrantica.com/p/870,WEB_VERIFIED_FRAGRANTICA,1.0000,1.0000,PASS
1766-PEN,2634,THE BLAZING MR SAM,VERIFIED,EXACT_BRAND_CLEAN_NAME,50255,Penhaligon s,The Blazing Mr Sam,https://www.fragrantica.com/perfume/Penhaligon-s/The-Blazing-Mr-Sam-50255.html,EXACT_BRAND_CLEAN_NAME,1.0000,1.0000,PASS
1767-LTN,,ATTRAPE REVES,NOT_FOUND,NO_CORPUS_CODE_MATCH,,,,,,,0.0000,NOT_MAPPED
1768-LTN,2623,Contre Moi,VERIFIED,CONFIRMED_IDENTITY_EXACT_CORPUS,40501,Louis Vuitton,Contre Moi,https://www.fragrantica.com/perfume/Louis-Vuitton/Contre-Moi-40501.html,CONFIRMED_IDENTITY_EXACT_CORPUS,1.0000,1.0000,PASS
1769-LTN,2624,the fragrance notes Roses,VERIFIED,WEB_VERIFIED_FRAGRANTICA,40495,,,https://www.fragrantica.com/perfume/Louis-Vuitton/Rose-des-Vents-40495.html,WEB_VERIFIED_FRAGRANTICA,1.0000,1.0000,PASS
1770-BON,2625,New York Nights,VERIFIED,EXACT_BRAND_CLEAN_NAME,46057,Bond No 9,New York Nights,https://www.fragrantica.com/perfume/Bond-No-9/New-York-Nights-46057.html,EXACT_BRAND_CLEAN_NAME,1.0000,1.0000,PASS
1771-EMAN,3635,Desnuda,VERIFIED,WEB_VERIFIED_FRAGRANTICA,3612,Emanuel Ungaro,Desnuda,https://www.fragrantica.com/p/3612,WEB_VERIFIED_FRAGRANTICA,1.0000,1.0000,PASS
1772-TER,2626,Burdel,VERIFIED,EXACT_PERFUME_BRAND_TEXT,66816,Tiziana Terenzi,Burdel,https://www.fragrantica.com/perfume/Tiziana-Terenzi/Burdel-66816.html,EXACT_PERFUME_BRAND_TEXT,1.0000,1.0000,PASS
1773-PRA,2605,Luna Rossa Ocean Eau de Toilette,VERIFIED,EXACT_PERFUME_BRAND_TEXT,68753,Prada,Luna Rossa Ocean,https://www.fragrantica.com/perfume/Prada/Luna-Rossa-Ocean-68753.html,EXACT_PERFUME_BRAND_TEXT,1.0000,1.0000,PASS
1774-ARM,2627,a TERRA DI GIOIA,VERIFIED,SAFE_TOKEN_SAME_BRAND,66409,Giorgio Armani,Terra di Gioia,https://www.fragrantica.com/perfume/Giorgio-Armani/Terra-di-Gioia-66409.html,SAFE_TOKEN_SAME_BRAND,0.9760,1.0000,PASS
1775-DIP,2607,Orpheon-eau-de-,VERIFIED,EXACT_BRAND_CLEAN_NAME,65738,Diptyque,Orpheon Eau de Parfum,https://www.fragrantica.com/perfume/Diptyque/Orpheon-Eau-de-Parfum-65738.html,EXACT_BRAND_CLEAN_NAME,1.0000,1.0000,PASS
1776-MNT,2628,Dark-vanilla,VERIFIED,EXACT_PERFUME_BRAND_TEXT,64050,Montale,Dark Vanilla,https://www.fragrantica.com/perfume/Montale/Dark-Vanilla-64050.html,EXACT_PERFUME_BRAND_TEXT,1.0000,1.0000,PASS
1780-RCAV,2629,Just Cavalli,VERIFIED,WEB_VERIFIED_FRAGRANTICA,16760,Roberto Cavalli,Just Cavalli for Her,https://www.fragrantica.com/p/16760,WEB_VERIFIED_FRAGRANTICA,1.0000,1.0000,PASS
1781-LAC,,TOUCH OF SUN,NOT_FOUND,NO_CORPUS_CODE_MATCH,,,,,,,0.0000,NOT_MAPPED
1782-DIP,2637,Kyoto,VERIFIED,EXACT_BRAND_CLEAN_NAME,69014,Diptyque,Kyoto,https://www.fragrantica.com/perfume/Diptyque/Kyoto-69014.html,EXACT_BRAND_CLEAN_NAME,1.0000,1.0000,PASS
1783-AL HAR,,SULTAN,NOT_FOUND,NO_CORPUS_CODE_MATCH,,,,,,,0.0000,NOT_MAPPED
1784-ESC,2645,Summer-festival-eau-de-toilette,VERIFIED,WEB_VERIFIED_FRAGRANTICA,64643,Escada,Escada Summer Festival,https://www.fragrantica.com/p/64643,WEB_VERIFIED_FRAGRANTICA,1.0000,1.0000,PASS
1785-LAN,2653,Idole-l-intense,VERIFIED,EXACT_BRAND_CLEAN_NAME,62333,Lancome,Idole L Intense,https://www.fragrantica.com/perfume/Lancome/Idole-L-Intense-62333.html,EXACT_BRAND_CLEAN_NAME,1.0000,1.0000,PASS
1786-COUR,2646,Slogan,VERIFIED,CONFIRMED_IDENTITY_EXACT_CORPUS,70283,Courreges,Slogan,https://www.fragrantica.com/perfume/Courreges/Slogan-70283.html,CONFIRMED_IDENTITY_EXACT_CORPUS,1.0000,1.0000,PASS
1787-JIM,2654,I Want Choo Jimmy Choo,VERIFIED,EXACT_BRAND_CLEAN_NAME,64015,Jimmy Choo,I Want Choo,https://www.fragrantica.com/perfume/Jimmy-Choo/I-Want-Choo-64015.html,EXACT_BRAND_CLEAN_NAME,1.0000,1.0000,PASS
1788-YZLO,2648,Black-opium-eau-de-parfum-extreme,VERIFIED,EXACT_BRAND_CLEAN_NAME,68506,Yves Saint Laurent,Black Opium Extreme,https://www.fragrantica.com/perfume/Yves-Saint-Laurent/Black-Opium-Extreme-68506.html,EXACT_BRAND_CLEAN_NAME,1.0000,0.8444,PASS
1789-GUC,2647,Flora Gorgeous Gardenia EDP,VERIFIED,SAFE_CONCENTRATION_EQUIVALENT,68578,Gucci,Flora Gorgeous Gardenia,https://www.fragrantica.com/perfume/Gucci/Flora-Gorgeous-Gardenia-68578.html,SAFE_CONCENTRATION_EQUIVALENT,0.9950,1.0000,PASS
1794-ISS,2655,L'Eau d'Issey Pure Nectar,VERIFIED,WEB_VERIFIED_FRAGRANTICA,47780,Issey Miyake,L'Eau d'Issey Pure Nectar de Parfum,https://www.fragrantica.com/p/47780,WEB_VERIFIED_FRAGRANTICA,1.0000,1.0000,PASS
1795-MARG,2657,Jazz Club edt,VERIFIED,SAFE_CONCENTRATION_EQUIVALENT,20541,Maison Martin Margiela,Jazz Club,https://www.fragrantica.com/perfume/Maison-Martin-Margiela/Jazz-Club-20541.html,SAFE_CONCENTRATION_EQUIVALENT,0.9950,1.0000,PASS
1796-SERG,2658,Jeux De Peau,VERIFIED,EXACT_PERFUME_BRAND_TEXT,11350,Serge Lutens,Jeux de Peau,https://www.fragrantica.com/perfume/Serge-Lutens/Jeux-de-Peau-11350.html,EXACT_PERFUME_BRAND_TEXT,1.0000,1.0000,PASS
1797-INI,2659,BLESSED BARAKA - INITIO PARFUMS,VERIFIED,EXACT_BRAND_CLEAN_NAME,30991,Initio Parfums Prives,Blessed Baraka,https://www.fragrantica.com/perfume/Initio-Parfums-Prives/Blessed-Baraka-30991.html,EXACT_BRAND_CLEAN_NAME,1.0000,1.0000,PASS
1798-AMG,2660,Journey Man,VERIFIED,EXACT_BRAND_CLEAN_NAME,25251,Amouage,Journey Man,https://www.fragrantica.com/perfume/Amouage/Journey-Man-25251.html,EXACT_BRAND_CLEAN_NAME,1.0000,1.0000,PASS
1799-MAN,2661,Aoud Vanille,VERIFIED,EXACT_PERFUME_BRAND_TEXT,32907,Mancera,Aoud Vanille,https://www.fragrantica.com/perfume/Mancera/Aoud-Vanille-32907.html,EXACT_PERFUME_BRAND_TEXT,1.0000,1.0000,PASS
1800-XER,2662,DOLCE AMALFI,VERIFIED,EXACT_BRAND_CLEAN_NAME,42988,Xerjoff,Dolce Amalfi,https://www.fragrantica.com/perfume/Xerjoff/Dolce-Amalfi-42988.html,EXACT_BRAND_CLEAN_NAME,1.0000,1.0000,PASS
1801-JUL,2696,Not-a-perfume-eau-de-,VERIFIED,EXACT_PERFUME_BRAND_TEXT,10296,Juliette Has A Gun,Not A Perfume,https://www.fragrantica.com/perfume/Juliette-Has-A-Gun/Not-A-Perfume-10296.html,EXACT_PERFUME_BRAND_TEXT,1.0000,1.0000,PASS
1802-JOM,2672,Midnight Musk & Amber by Jo Malone London,VERIFIED,SAFE_TOKEN_SAME_BRAND,63920,Jo Malone London,Midnight Musk Amber,https://www.fragrantica.com/perfume/Jo-Malone-London/Midnight-Musk-Amber-63920.html,SAFE_TOKEN_SAME_BRAND,0.9440,0.6129,REVIEW
1803-DRC,2676,J-adore-eau-de-parfum-infinissime,VERIFIED,EXACT_BRAND_CLEAN_NAME,62638,Dior,J Adore Infinissime,https://www.fragrantica.com/perfume/Dior/J-Adore-Infinissime-62638.html,EXACT_BRAND_CLEAN_NAME,1.0000,0.8444,PASS
1804-DRC,2677,Tobacolor,VERIFIED,EXACT_BRAND_CLEAN_NAME,65551,Dior,Tobacolor,https://www.fragrantica.com/perfume/Dior/Tobacolor-65551.html,EXACT_BRAND_CLEAN_NAME,1.0000,1.0000,PASS
1806-PARF,2680,Oriana,VERIFIED,EXACT_PERFUME_BRAND_TEXT,69117,Parfums de Marly,Oriana,https://www.fragrantica.com/perfume/Parfums-de-Marly/Oriana-69117.html,EXACT_PERFUME_BRAND_TEXT,1.0000,1.0000,PASS
1807-PARF,2681,Darcy,VERIFIED,EXACT_PERFUME_BRAND_TEXT,23270,Parfums de Marly,Darcy,https://www.fragrantica.com/perfume/Parfums-de-Marly/Darcy-23270.html,EXACT_PERFUME_BRAND_TEXT,1.0000,1.0000,PASS
1808-LTN,,MILLE FEUX,NOT_FOUND,NO_CORPUS_CODE_MATCH,,,,,,,0.0000,NOT_MAPPED
1809-PEN,2683,Sartorial,VERIFIED,EXACT_BRAND_CLEAN_NAME,10559,Penhaligon s,Sartorial,https://www.fragrantica.com/perfume/Penhaligon-s/Sartorial-10559.html,EXACT_BRAND_CLEAN_NAME,1.0000,1.0000,PASS
1810-RAS,2685,LA YUQAWAM TOBACCO BLAZE - RASASI,VERIFIED,EXACT_PERFUME_BRAND_TEXT,21365,Rasasi,La Yuqawam Tobacco Blaze,https://www.fragrantica.com/perfume/Rasasi/La-Yuqawam-Tobacco-Blaze-21365.html,EXACT_PERFUME_BRAND_TEXT,1.0000,1.0000,PASS
1811-ALJA,2686,MAGIC - AL JAZEERA,VERIFIED,EXACT_PERFUME_BRAND_TEXT,74353,Al Jazeera Perfumes,Magic,https://www.fragrantica.com/perfume/Al-Jazeera-Perfumes/Magic-74353.html,EXACT_PERFUME_BRAND_TEXT,1.0000,1.0000,PASS
1812-ALJA,2687,PALACE - AL JAZEERΑ,VERIFIED,EXACT_PERFUME_BRAND_TEXT,74402,Al Jazeera Perfumes,Palace,https://www.fragrantica.com/perfume/Al-Jazeera-Perfumes/Palace-74402.html,EXACT_PERFUME_BRAND_TEXT,1.0000,1.0000,PASS
1814-AJMA,2689,MIZYAAN - AJMAL,VERIFIED,WEB_VERIFIED_FRAGRANTICA,15083,Ajmal,Mizyaan,https://www.fragrantica.com/p/15083,WEB_VERIFIED_FRAGRANTICA,1.0000,1.0000,PASS
1815-PAC,2693,Blossom-me,VERIFIED,EXACT_BRAND_CLEAN_NAME,68724,Rabanne,Blossom Me,https://www.fragrantica.com/perfume/Rabanne/Blossom-Me-68724.html,EXACT_BRAND_CLEAN_NAME,1.0000,1.0000,PASS
1816-TER,2694,Bianco Puro,VERIFIED,EXACT_PERFUME_BRAND_TEXT,53039,Tiziana Terenzi,Bianco Puro,https://www.fragrantica.com/perfume/Tiziana-Terenzi/Bianco-Puro-53039.html,EXACT_PERFUME_BRAND_TEXT,1.0000,1.0000,PASS
1817-JUL,2695,Sunny Side Up,VERIFIED,EXACT_PERFUME_BRAND_TEXT,46128,Juliette Has A Gun,Sunny Side Up,https://www.fragrantica.com/perfume/Juliette-Has-A-Gun/Sunny-Side-Up-46128.html,EXACT_PERFUME_BRAND_TEXT,1.0000,1.0000,PASS
1818-FRE,2697,MUSC RAVAGEUR,VERIFIED,CONFIRMED_IDENTITY_EXACT_CORPUS,1801,Frederic Malle,Musc Ravageur,https://www.fragrantica.com/perfume/Frederic-Malle/Musc-Ravageur-1801.html,CONFIRMED_IDENTITY_EXACT_CORPUS,1.0000,1.0000,PASS
1819-MIC,2700,Midnight Shimmer,VERIFIED,WEB_VERIFIED_FRAGRANTICA,38989,Michael Kors,Midnight Shimmer,https://www.fragrantica.com/p/38989,WEB_VERIFIED_FRAGRANTICA,1.0000,1.0000,PASS
1820-KUR,2704,Amyris femme Eau de Parfum,VERIFIED,EXACT_BRAND_CLEAN_NAME,15565,Maison Francis Kurkdjian,Amyris Femme,https://www.fragrantica.com/perfume/Maison-Francis-Kurkdjian/Amyris-Femme-15565.html,EXACT_BRAND_CLEAN_NAME,1.0000,1.0000,PASS
1821-TMFO,2698,Jasmin Rouge,VERIFIED,EXACT_BRAND_CLEAN_NAME,12765,Tom Ford,Jasmin Rouge,https://www.fragrantica.com/perfume/Tom-Ford/Jasmin-Rouge-12765.html,EXACT_BRAND_CLEAN_NAME,1.0000,1.0000,PASS
1822-MNT,2705,Orchid Powder,VERIFIED,EXACT_PERFUME_BRAND_TEXT,48947,Montale,Orchid Powder,https://www.fragrantica.com/perfume/Montale/Orchid-Powder-48947.html,EXACT_PERFUME_BRAND_TEXT,1.0000,1.0000,PASS
1823-DOL,2699,Light Blue Sun,VERIFIED,EXACT_UNIQUE_NAME,54493,Dolce Gabbana,Light Blue Sun,https://www.fragrantica.com/perfume/Dolce-Gabbana/Light-Blue-Sun-54493.html,EXACT_UNIQUE_NAME,1.0000,1.0000,PASS
1824-VAR,2701,Artisan,VERIFIED,WEB_VERIFIED_FRAGRANTICA,5534,John Varvatos,Artisan,https://www.fragrantica.com/p/5534,WEB_VERIFIED_FRAGRANTICA,1.0000,1.0000,PASS
1825-CRD,2702,Millesime Imperial,VERIFIED,EXACT_BRAND_CLEAN_NAME,466,Creed,Millesime Imperial,https://www.fragrantica.com/perfume/Creed/Millesime-Imperial-466.html,EXACT_BRAND_CLEAN_NAME,1.0000,1.0000,PASS
1826-JOM,2703,Iris & White Musk by Jo Malone London,VERIFIED,SAFE_TOKEN_SAME_BRAND,12926,Jo Malone London,Iris White Musk,https://www.fragrantica.com/perfume/Jo-Malone-London/Iris-White-Musk-12926.html,SAFE_TOKEN_SAME_BRAND,0.9440,0.5556,REVIEW
1827-JOM,2706,Tropical Cherimoya by Jo Malone London,VERIFIED,SAFE_TOKEN_SAME_BRAND,49602,Jo Malone London,Tropical Cherimoya Cologne,https://www.fragrantica.com/perfume/Jo-Malone-London/Tropical-Cherimoya-Cologne-49602.html,SAFE_TOKEN_SAME_BRAND,0.9560,0.7500,REVIEW
1828-LAN,2803,O OUI!,VERIFIED,WEB_VERIFIED_FRAGRANTICA,186,,,https://www.fragrantica.com/perfume/Lancome/O-Oui-186.html,WEB_VERIFIED_FRAGRANTICA,1.0000,1.0000,PASS
1829-BOB,,BATH,VERIFIED,EXACT_BRAND_CLEAN_NAME,11983,Bobbi Brown,Bath,https://www.fragrantica.com/perfume/Bobbi-Brown/Bath-11983.html,EXACT_BRAND_CLEAN_NAME,1.0000,1.0000,PASS
1830-TMFO,2709,JASMINE MUSK,VERIFIED,EXACT_BRAND_CLEAN_NAME,6383,Tom Ford,Jasmine Musk,https://www.fragrantica.com/perfume/Tom-Ford/Jasmine-Musk-6383.html,EXACT_BRAND_CLEAN_NAME,1.0000,1.0000,PASS
1831-TMFO,2710,Urban Musk,VERIFIED,EXACT_BRAND_CLEAN_NAME,6384,Tom Ford,Urban Musk,https://www.fragrantica.com/perfume/Tom-Ford/Urban-Musk-6384.html,EXACT_BRAND_CLEAN_NAME,1.0000,1.0000,PASS
1832-TMFO,2711,Musk Pure,VERIFIED,EXACT_BRAND_CLEAN_NAME,6385,Tom Ford,Musk Pure,https://www.fragrantica.com/perfume/Tom-Ford/Musk-Pure-6385.html,EXACT_BRAND_CLEAN_NAME,1.0000,1.0000,PASS
1833-SALV,2730,Dalimania,VERIFIED,WEB_VERIFIED_FRAGRANTICA,3923,Salvador Dali,Dalimania,https://www.fragrantica.com/p/3923,WEB_VERIFIED_FRAGRANTICA,1.0000,1.0000,PASS
1834-TMFO,2712,Violet Blonde,VERIFIED,EXACT_BRAND_CLEAN_NAME,12767,Tom Ford,Violet Blonde,https://www.fragrantica.com/perfume/Tom-Ford/Violet-Blonde-12767.html,EXACT_BRAND_CLEAN_NAME,1.0000,1.0000,PASS
1835-JUL,2713,MMMM...,VERIFIED,EXACT_PERFUME_BRAND_TEXT,40461,Juliette Has A Gun,Mmmm,https://www.fragrantica.com/perfume/Juliette-Has-A-Gun/Mmmm-40461.html,EXACT_PERFUME_BRAND_TEXT,1.0000,1.0000,PASS
1836-COT,,VANILLA FIELDS,VERIFIED,EXACT_PERFUME_BRAND_TEXT,6029,Coty,Vanilla Fields,https://www.fragrantica.com/perfume/Coty/Vanilla-Fields-6029.html,EXACT_PERFUME_BRAND_TEXT,1.0000,1.0000,PASS
1837-KEI,2716,Loukhoum Eau de Parfum,VERIFIED,WEB_VERIFIED_FRAGRANTICA,2708,Keiko Mecheri,Loukhoum,https://www.fragrantica.com/p/2708,WEB_VERIFIED_FRAGRANTICA,1.0000,1.0000,PASS
1838-TAU,2717,No-02-l-air-du-desert-marocain-eau-de-toilette-intense,VERIFIED,WEB_VERIFIED_FRAGRANTICA,4573,Tauer Perfumes,L'Air du Desert Marocain,https://www.fragrantica.com/p/4573,WEB_VERIFIED_FRAGRANTICA,1.0000,1.0000,PASS
1839-JOV,2718,Incident Diplomatique Eau de Parfum,VERIFIED,WEB_VERIFIED_FRAGRANTICA,44237,Jovoy Paris,Incident Diplomatique,https://www.fragrantica.com/p/44237,WEB_VERIFIED_FRAGRANTICA,1.0000,1.0000,PASS
1840-JOO,2719,All About Eve Eau de Parfum,VERIFIED,WEB_VERIFIED_FRAGRANTICA,660,Joop!,All About Eve,https://www.fragrantica.com/p/660,WEB_VERIFIED_FRAGRANTICA,1.0000,1.0000,PASS
1841-BAN,2728,Rosewood,VERIFIED,EXACT_PERFUME_BRAND_TEXT,2803,Banana Republic,Rosewood,https://www.fragrantica.com/perfume/Banana-Republic/Rosewood-2803.html,EXACT_PERFUME_BRAND_TEXT,1.0000,1.0000,PASS
1842-YZLO,2729,Baby Doll,VERIFIED,EXACT_BRAND_CLEAN_NAME,99,Yves Saint Laurent,Baby Doll,https://www.fragrantica.com/perfume/Yves-Saint-Laurent/Baby-Doll-99.html,EXACT_BRAND_CLEAN_NAME,1.0000,1.0000,PASS
1844-BYR,2748,Oud Immortel,VERIFIED,EXACT_BRAND_CLEAN_NAME,10759,Byredo,Oud Immortel,https://www.fragrantica.com/perfume/Byredo/Oud-Immortel-10759.html,EXACT_BRAND_CLEAN_NAME,1.0000,1.0000,PASS
1845-BYR,2747,Black Saffron,VERIFIED,EXACT_BRAND_CLEAN_NAME,16220,Byredo,Black Saffron,https://www.fragrantica.com/perfume/Byredo/Black-Saffron-16220.html,EXACT_BRAND_CLEAN_NAME,1.0000,1.0000,PASS
1846-MAN,2746,Coco Vanille,VERIFIED,EXACT_PERFUME_BRAND_TEXT,42782,Mancera,Coco Vanille,https://www.fragrantica.com/perfume/Mancera/Coco-Vanille-42782.html,EXACT_PERFUME_BRAND_TEXT,1.0000,1.0000,PASS
1847-LAN,2745,Oui-la-vie-est-belle,VERIFIED,EXACT_BRAND_CLEAN_NAME,72050,Lancome,Oui La Vie est Belle,https://www.fragrantica.com/perfume/Lancome/Oui-La-Vie-est-Belle-72050.html,EXACT_BRAND_CLEAN_NAME,1.0000,1.0000,PASS
1848-LEL,2768,Ambrette 9,VERIFIED,CONFIRMED_IDENTITY_EXACT_CORPUS,6334,Le Labo,Ambrette 9,https://www.fragrantica.com/perfume/Le-Labo/Ambrette-9-6334.html,CONFIRMED_IDENTITY_EXACT_CORPUS,1.0000,1.0000,PASS
1849-PRFRO,2751,Acqua E Zucchero,VERIFIED,WEB_VERIFIED_FRAGRANTICA,3887,Profumum Roma,Acqua e Zucchero,https://www.fragrantica.com/p/3887,WEB_VERIFIED_FRAGRANTICA,1.0000,1.0000,PASS
1850-LEL,2750,Another 13,VERIFIED,EXACT_PERFUME_BRAND_TEXT,10131,Le Labo,Another 13,https://www.fragrantica.com/perfume/Le-Labo/Another-13-10131.html,EXACT_PERFUME_BRAND_TEXT,1.0000,1.0000,PASS
1851-ARM,2755,JASMIN KUSAMONO,VERIFIED,EXACT_BRAND_CLEAN_NAME,58909,Giorgio Armani,Jasmin Kusamono,https://www.fragrantica.com/perfume/Giorgio-Armani/Jasmin-Kusamono-58909.html,EXACT_BRAND_CLEAN_NAME,1.0000,1.0000,PASS
1852-PRFRO,2752,Battito D Ali,VERIFIED,WEB_VERIFIED_FRAGRANTICA,11701,Profumum Roma,Battito d'Ali,https://www.fragrantica.com/p/11701,WEB_VERIFIED_FRAGRANTICA,1.0000,1.0000,PASS
1853-KIL,2771,Killing Me Slowly,VERIFIED,EXACT_PERFUME_BRAND_TEXT,23337,By Kilian,Killing Me Slowly,https://www.fragrantica.com/perfume/By-Kilian/Killing-Me-Slowly-23337.html,EXACT_PERFUME_BRAND_TEXT,1.0000,1.0000,PASS
1854-EXN,2767,LUST IN PARADISE - EXNIHILO,VERIFIED,EXACT_BRAND_CLEAN_NAME,53588,Ex Nihilo,Lust in Paradise,https://www.fragrantica.com/perfume/Ex-Nihilo/Lust-in-Paradise-53588.html,EXACT_BRAND_CLEAN_NAME,1.0000,1.0000,PASS
1855-LTN,2756,L’Immensité,VERIFIED,CONFIRMED_IDENTITY_EXACT_CORPUS,49751,Louis Vuitton,L Immensite,https://www.fragrantica.com/perfume/Louis-Vuitton/L-Immensite-49751.html,CONFIRMED_IDENTITY_EXACT_CORPUS,1.0000,1.0000,PASS
1856-PARF,2753,Meliora,VERIFIED,EXACT_PERFUME_BRAND_TEXT,18750,Parfums de Marly,Meliora,https://www.fragrantica.com/perfume/Parfums-de-Marly/Meliora-18750.html,EXACT_PERFUME_BRAND_TEXT,1.0000,1.0000,PASS
1857-ESCE,2754,Escentric-05,VERIFIED,WEB_VERIFIED_FRAGRANTICA,58970,Escentric Molecules,Escentric 05,https://www.fragrantica.com/p/58970,WEB_VERIFIED_FRAGRANTICA,1.0000,1.0000,PASS
1858-KUR,2758,Aqua Universalis Forte,VERIFIED,EXACT_BRAND_CLEAN_NAME,12710,Maison Francis Kurkdjian,Aqua Universalis Forte,https://www.fragrantica.com/perfume/Maison-Francis-Kurkdjian/Aqua-Universalis-Forte-12710.html,EXACT_BRAND_CLEAN_NAME,1.0000,1.0000,PASS
1859-XER,2766,Uden Overdose,VERIFIED,EXACT_BRAND_CLEAN_NAME,52433,Xerjoff,Uden Overdose,https://www.fragrantica.com/perfume/Xerjoff/Uden-Overdose-52433.html,EXACT_BRAND_CLEAN_NAME,1.0000,1.0000,PASS
1860-NAS,2765,ABSINT - NASOMATTO,VERIFIED,WEB_VERIFIED_FRAGRANTICA,4293,Nasomatto,Absinth,https://www.fragrantica.com/p/4293,WEB_VERIFIED_FRAGRANTICA,1.0000,1.0000,PASS
1861-ACQ,2780,Bergamotto-di-calabria,VERIFIED,SAFE_TOKEN_SAME_BRAND,7826,Acqua di Parma,Acqua di Parma Blu Mediterraneo Bergamotto di Calabria,https://www.fragrantica.com/perfume/Acqua-di-Parma/Acqua-di-Parma-Blu-Mediterraneo-Bergamotto-di-Calabria-7826.html,SAFE_TOKEN_SAME_BRAND,0.9760,1.0000,PASS
1862-PRA,2770,L Homme,VERIFIED,EXACT_BRAND_CLEAN_NAME,39029,Prada,Prada L Homme,https://www.fragrantica.com/perfume/Prada/Prada-L-Homme-39029.html,EXACT_BRAND_CLEAN_NAME,1.0000,1.0000,PASS
1863-LAC,2769,Lacoste Pour Femme,VERIFIED,WEB_VERIFIED_FRAGRANTICA,669,Lacoste Fragrances,Lacoste Pour Femme,https://www.fragrantica.com/p/669,WEB_VERIFIED_FRAGRANTICA,1.0000,1.0000,PASS
1864-GUC,2759,Rush 2,VERIFIED,SAFE_TOKEN_SAME_BRAND,687,Gucci,Gucci Rush 2,https://www.fragrantica.com/perfume/Gucci/Gucci-Rush-2-687.html,SAFE_TOKEN_SAME_BRAND,0.9560,1.0000,PASS
1865-YZLO,2763,Magnificent-gold,VERIFIED,EXACT_BRAND_CLEAN_NAME,46243,Yves Saint Laurent,Magnificent Gold,https://www.fragrantica.com/perfume/Yves-Saint-Laurent/Magnificent-Gold-46243.html,EXACT_BRAND_CLEAN_NAME,1.0000,1.0000,PASS
1866-GUC,3902,Guilty Intense,VERIFIED,WEB_VERIFIED_FRAGRANTICA,13201,Gucci,Gucci Guilty Intense,https://www.fragrantica.com/p/13201,WEB_VERIFIED_FRAGRANTICA,1.0000,1.0000,PASS
1867-VER,2760,Eros Flame,VERIFIED,EXACT_BRAND_CLEAN_NAME,52180,Versace,Eros Flame,https://www.fragrantica.com/perfume/Versace/Eros-Flame-52180.html,EXACT_BRAND_CLEAN_NAME,1.0000,1.0000,PASS
1868-VER,3667,Versace Pour Homme,VERIFIED,CONFIRMED_IDENTITY_EXACT_CORPUS,2318,Versace,Versace Pour Homme,https://www.fragrantica.com/perfume/Versace/Versace-Pour-Homme-2318.html,CONFIRMED_IDENTITY_EXACT_CORPUS,1.0000,1.0000,PASS
1869-DOL,,BY,NOT_FOUND,NO_CORPUS_CODE_MATCH,,,,,,,0.0000,NOT_MAPPED
1870-ARDAL,2943,Ameerat Al Ehsaas,VERIFIED,CONFIRMED_IDENTITY_EXACT_CORPUS,70365,Ard Al Zaafaran,Ameerat Al Ehsaas,https://www.fragrantica.com/perfume/Ard-Al-Zaafaran/Ameerat-Al-Ehsaas-70365.html,CONFIRMED_IDENTITY_EXACT_CORPUS,1.0000,1.0000,PASS
1871-PEN,2757,Constantinople,VERIFIED,EXACT_BRAND_CLEAN_NAME,68998,Penhaligon s,Constantinople,https://www.fragrantica.com/perfume/Penhaligon-s/Constantinople-68998.html,EXACT_BRAND_CLEAN_NAME,1.0000,1.0000,PASS
1872-DOL,2804,Light Blue Eau Intense,VERIFIED,EXACT_UNIQUE_NAME,44034,Dolce Gabbana,Light Blue Eau Intense,https://www.fragrantica.com/perfume/Dolce-Gabbana/Light-Blue-Eau-Intense-44034.html,EXACT_UNIQUE_NAME,1.0000,1.0000,PASS
1873-MAN,2784,Roses  Chocolate,VERIFIED,SAFE_TOKEN_SAME_BRAND,18043,Mancera,Roses Chocolate,https://www.fragrantica.com/perfume/Mancera/Roses-Chocolate-18043.html,SAFE_TOKEN_SAME_BRAND,0.9440,1.0000,PASS
1874-LTN,2783,CALIFORNIA Citrus fragrance for women and men,VERIFIED,WEB_VERIFIED_FRAGRANTICA,60388,,,https://www.fragrantica.com/perfume/Louis-Vuitton/California-Dream-60388.html,WEB_VERIFIED_FRAGRANTICA,1.0000,1.0000,PASS
1875-ESCE,2785,MOLECULE 05 - ESCENTRIC MOLECULES,VERIFIED,WEB_VERIFIED_FRAGRANTICA,58969,Escentric Molecules,Molecule 05,https://www.fragrantica.com/p/58969,WEB_VERIFIED_FRAGRANTICA,1.0000,1.0000,PASS
1876-INI,2786,ADDICTIVE VIBRATION - INITIO PARFUMS,VERIFIED,EXACT_BRAND_CLEAN_NAME,38666,Initio Parfums Prives,Addictive Vibration,https://www.fragrantica.com/perfume/Initio-Parfums-Prives/Addictive-Vibration-38666.html,EXACT_BRAND_CLEAN_NAME,1.0000,1.0000,PASS
1877-INI,2788,OUD FOR HAPPINESS - INITIO PARFUMS,VERIFIED,EXACT_BRAND_CLEAN_NAME,69224,Initio Parfums Prives,Oud for Happiness,https://www.fragrantica.com/perfume/Initio-Parfums-Prives/Oud-for-Happiness-69224.html,EXACT_BRAND_CLEAN_NAME,1.0000,1.0000,PASS
1878-KIL,2789,A-kiss-from-a-rose,VERIFIED,EXACT_PERFUME_BRAND_TEXT,66726,By Kilian,A Kiss from a Rose,https://www.fragrantica.com/perfume/By-Kilian/A-Kiss-from-a-Rose-66726.html,EXACT_PERFUME_BRAND_TEXT,1.0000,1.0000,PASS
1879-KIL,2790,Good Girl Gone Bad Extreme,VERIFIED,EXACT_PERFUME_BRAND_TEXT,43810,By Kilian,Good Girl Gone Bad Extreme,https://www.fragrantica.com/perfume/By-Kilian/Good-Girl-Gone-Bad-Extreme-43810.html,EXACT_PERFUME_BRAND_TEXT,1.0000,1.0000,PASS
1880-KIL,2791,Kisses Don T Lie,VERIFIED,EXACT_PERFUME_BRAND_TEXT,23339,By Kilian,Kisses Don t Lie,https://www.fragrantica.com/perfume/By-Kilian/Kisses-Don-t-Lie-23339.html,EXACT_PERFUME_BRAND_TEXT,1.0000,1.0000,PASS
1881-INI,2787,MUSK THERAPY - INITIO PARFUMS,VERIFIED,EXACT_BRAND_CLEAN_NAME,66097,Initio Parfums Prives,Musk Therapy,https://www.fragrantica.com/perfume/Initio-Parfums-Prives/Musk-Therapy-66097.html,EXACT_BRAND_CLEAN_NAME,1.0000,1.0000,PASS
1882-MARG,2792,By the Fireplace,VERIFIED,SAFE_FUZZY_SAME_BRAND,31623,Maison Martin Margiela,By the Fireplace,https://www.fragrantica.com/perfume/Maison-Martin-Margiela/By-the-Fireplace-31623.html,SAFE_FUZZY_SAME_BRAND,0.9697,1.0000,PASS
1883-NISH,2796,Fragrance WULONG CHA - NISHANE,VERIFIED,SAFE_TOKEN_SAME_BRAND,30567,Nishane,Wulong Cha,https://www.fragrantica.com/perfume/Nishane/Wulong-Cha-30567.html,SAFE_TOKEN_SAME_BRAND,0.9560,1.0000,PASS
1884-NISH,2795,Fan Your Flames,VERIFIED,EXACT_PERFUME_BRAND_TEXT,37603,Nishane,Fan Your Flames,https://www.fragrantica.com/perfume/Nishane/Fan-Your-Flames-37603.html,EXACT_PERFUME_BRAND_TEXT,1.0000,1.0000,PASS
1885-WID,,LONDON,VERIFIED,WEB_VERIFIED_FRAGRANTICA,47781,,,https://www.fragrantica.com/perfume/Widian/Widian-London-47781.html,WEB_VERIFIED_FRAGRANTICA,1.0000,1.0000,PASS
1886-PARF,2797,DELINA LA ROSE - PDM,VERIFIED,WEB_VERIFIED_FRAGRANTICA,64667,,,https://www.fragrantica.com/perfume/Parfums-de-Marly/Delina-La-Ros-e-64667.html,WEB_VERIFIED_FRAGRANTICA,1.0000,1.0000,PASS
1887-XER,2799,Erba Pura,VERIFIED,EXACT_BRAND_CLEAN_NAME,55157,Xerjoff,Erba Pura,https://www.fragrantica.com/perfume/Xerjoff/Erba-Pura-55157.html,EXACT_BRAND_CLEAN_NAME,1.0000,1.0000,PASS
1888-MOR,2794,Contessa,VERIFIED,WEB_VERIFIED_FRAGRANTICA,35669,,,https://www.fragrantica.com/perfume/Moresque/Contessa-35669.html,WEB_VERIFIED_FRAGRANTICA,1.0000,1.0000,PASS
1889-PEN,2781,Luna,VERIFIED,EXACT_BRAND_CLEAN_NAME,38351,Penhaligon s,Luna,https://www.fragrantica.com/perfume/Penhaligon-s/Luna-38351.html,EXACT_BRAND_CLEAN_NAME,1.0000,1.0000,PASS
1890-LEL,2772,LYS 41 - LELABO,VERIFIED,EXACT_UNIQUE_NAME,3510,Abercrombie Fitch,41,https://www.fragrantica.com/perfume/Abercrombie-Fitch/41-3510.html,EXACT_UNIQUE_NAME,1.0000,1.0000,PASS
1891-LEL,2782,Tonka 25,VERIFIED,EXACT_PERFUME_BRAND_TEXT,51697,Le Labo,Tonka 25,https://www.fragrantica.com/perfume/Le-Labo/Tonka-25-51697.html,EXACT_PERFUME_BRAND_TEXT,1.0000,1.0000,PASS
1892-NRO,2800,For-her-musc-noir-rose,VERIFIED,EXACT_BRAND_CLEAN_NAME,71596,Narciso Rodriguez,Musc Noir Rose For Her,https://www.fragrantica.com/perfume/Narciso-Rodriguez/Musc-Noir-Rose-For-Her-71596.html,EXACT_BRAND_CLEAN_NAME,1.0000,0.8182,PASS
1893-CHA,2793,N-1-l-eau-rouge,VERIFIED,WEB_VERIFIED_FRAGRANTICA,71442,,,https://www.fragrantica.com/perfume/Chanel/N-1-de-Chanel-L-Eau-Rouge-71442.html,WEB_VERIFIED_FRAGRANTICA,1.0000,1.0000,PASS
1894-MNT,2805,Fantastic Oud,VERIFIED,EXACT_PERFUME_BRAND_TEXT,48945,Montale,Fantastic Oud,https://www.fragrantica.com/perfume/Montale/Fantastic-Oud-48945.html,EXACT_PERFUME_BRAND_TEXT,1.0000,1.0000,PASS
1895-HER,2802,Terre-d-hermes-eau-givree,VERIFIED,EXACT_BRAND_CLEAN_NAME,72439,Hermes,Terre d Hermes Eau Givree,https://www.fragrantica.com/perfume/Hermes/Terre-d-Hermes-Eau-Givree-72439.html,EXACT_BRAND_CLEAN_NAME,1.0000,1.0000,PASS
1896-ESC,2801,Cherry-in-japan,VERIFIED,WEB_VERIFIED_FRAGRANTICA,70279,,,https://www.fragrantica.com/perfume/Escada/Cherry-In-Japan-70279.html,WEB_VERIFIED_FRAGRANTICA,1.0000,1.0000,PASS
1897-VICT,2877,Bombshell-sundrenched,VERIFIED,EXACT_BRAND_CLEAN_NAME,73276,Victoria s Secret,Bombshell Sundrenched,https://www.fragrantica.com/perfume/Victoria-s-Secret/Bombshell-Sundrenched-73276.html,EXACT_BRAND_CLEAN_NAME,1.0000,1.0000,PASS
1898-NRO,2859,Narciso-eau-de-parfum-cristal,VERIFIED,SAFE_TOKEN_SAME_BRAND,73075,Narciso Rodriguez,Narciso Eau de Parfum Cristal,https://www.fragrantica.com/perfume/Narciso-Rodriguez/Narciso-Eau-de-Parfum-Cristal-73075.html,SAFE_TOKEN_SAME_BRAND,0.9440,0.8108,PASS
1899-ZARK,2878,The-muse,VERIFIED,WEB_VERIFIED_FRAGRANTICA,60665,,,https://www.fragrantica.com/perfume/ZARKOPERFUME/The-Muse-60665.html,WEB_VERIFIED_FRAGRANTICA,1.0000,1.0000,PASS
1900-AMG,2879,Orris-wakan,VERIFIED,EXACT_BRAND_CLEAN_NAME,71109,Amouage,Orris Wakan,https://www.fragrantica.com/perfume/Amouage/Orris-Wakan-71109.html,EXACT_BRAND_CLEAN_NAME,1.0000,1.0000,PASS
1901-MOS,2873,Toy-2-bubble-gum-eau-de-toilette,VERIFIED,EXACT_PERFUME_BRAND_TEXT,66098,Moschino,Toy 2 Bubble Gum,https://www.fragrantica.com/perfume/Moschino/Toy-2-Bubble-Gum-66098.html,EXACT_PERFUME_BRAND_TEXT,1.0000,1.0000,PASS
1902-CRD,2876,Wind-flowers,VERIFIED,EXACT_BRAND_CLEAN_NAME,70182,Creed,Wind Flowers,https://www.fragrantica.com/perfume/Creed/Wind-Flowers-70182.html,EXACT_BRAND_CLEAN_NAME,1.0000,1.0000,PASS
1903-BYR,2861,De-los-santos,VERIFIED,EXACT_BRAND_CLEAN_NAME,72693,Byredo,De Los Santos,https://www.fragrantica.com/perfume/Byredo/De-Los-Santos-72693.html,EXACT_BRAND_CLEAN_NAME,1.0000,1.0000,PASS
1904-ARM,2874,A MILANO,VERIFIED,EXACT_BRAND_CLEAN_NAME,69489,Giorgio Armani,A Milano,https://www.fragrantica.com/perfume/Giorgio-Armani/A-Milano-69489.html,EXACT_BRAND_CLEAN_NAME,1.0000,1.0000,PASS
1905-AMG,2880,Saffron-hamra,VERIFIED,EXACT_BRAND_CLEAN_NAME,71113,Amouage,Saffron Hamra,https://www.fragrantica.com/perfume/Amouage/Saffron-Hamra-71113.html,EXACT_BRAND_CLEAN_NAME,1.0000,1.0000,PASS
1906-XER,2882,Symphonium,VERIFIED,EXACT_BRAND_CLEAN_NAME,59707,Xerjoff,Symphonium,https://www.fragrantica.com/perfume/Xerjoff/Symphonium-59707.html,EXACT_BRAND_CLEAN_NAME,1.0000,1.0000,PASS
1907-PEN,2875,The-world-according-to-arthur-1,VERIFIED,EXACT_BRAND_CLEAN_NAME,71646,Penhaligon s,The World According to Arthur,https://www.fragrantica.com/perfume/Penhaligon-s/The-World-According-to-Arthur-71646.html,EXACT_BRAND_CLEAN_NAME,1.0000,1.0000,PASS
1908-XER,2883,Tony-iommi-monkey-special,VERIFIED,EXACT_BRAND_CLEAN_NAME,70789,Xerjoff,Tony Iommi Monkey Special,https://www.fragrantica.com/perfume/Xerjoff/Tony-Iommi-Monkey-Special-70789.html,EXACT_BRAND_CLEAN_NAME,1.0000,1.0000,PASS
1909-XER,2884,Torino21,VERIFIED,SAFE_FUZZY_SAME_BRAND,70424,Xerjoff,Torino21,https://www.fragrantica.com/perfume/Xerjoff/Torino21-70424.html,SAFE_FUZZY_SAME_BRAND,0.9412,1.0000,PASS
1910-PRA,2860,Infusion-de-vanille,VERIFIED,EXACT_PERFUME_BRAND_TEXT,74476,Prada,Infusion de Vanille,https://www.fragrantica.com/perfume/Prada/Infusion-de-Vanille-74476.html,EXACT_PERFUME_BRAND_TEXT,1.0000,1.0000,PASS
1911-KIL,2885,Single Malt,VERIFIED,EXACT_PERFUME_BRAND_TEXT,30821,By Kilian,Single Malt,https://www.fragrantica.com/perfume/By-Kilian/Single-Malt-30821.html,EXACT_PERFUME_BRAND_TEXT,1.0000,1.0000,PASS
1912-AMG,2881,Myths Man,VERIFIED,EXACT_BRAND_CLEAN_NAME,38259,Amouage,Myths Man,https://www.fragrantica.com/perfume/Amouage/Myths-Man-38259.html,EXACT_BRAND_CLEAN_NAME,1.0000,1.0000,PASS
1913-CAR,2886,Saffron-lazuli,VERIFIED,EXACT_BRAND_CLEAN_NAME,59562,Carolina Herrera,Saffron Lazuli,https://www.fragrantica.com/perfume/Carolina-Herrera/Saffron-Lazuli-59562.html,EXACT_BRAND_CLEAN_NAME,1.0000,1.0000,PASS
1915-PAC,2818,Olympea-solar,VERIFIED,EXACT_BRAND_CLEAN_NAME,72556,Rabanne,Olympea Solar,https://www.fragrantica.com/perfume/Rabanne/Olympea-Solar-72556.html,EXACT_BRAND_CLEAN_NAME,1.0000,1.0000,PASS
1916-VICT,2819,Blissful-garden,VERIFIED,EXACT_PERFUME_BRAND_TEXT,91949,Victoria s Secret,Blissful Garden,https://www.fragrantica.com/perfume/Victoria-s-Secret/Blissful-Garden-91949.html,EXACT_PERFUME_BRAND_TEXT,1.0000,1.0000,PASS
1917-MNTB,2820,Legend-red,VERIFIED,CONFIRMED_IDENTITY_EXACT_CORPUS,71652,Montblanc,Legend Red,https://www.fragrantica.com/perfume/Montblanc/Legend-Red-71652.html,CONFIRMED_IDENTITY_EXACT_CORPUS,1.0000,1.0000,PASS
1918-PAC,2858,Fame Eau de Parfum,VERIFIED,EXACT_BRAND_CLEAN_NAME,74962,Rabanne,Fame,https://www.fragrantica.com/perfume/Rabanne/Fame-74962.html,EXACT_BRAND_CLEAN_NAME,1.0000,1.0000,PASS
1919-PRA,2857,Paradoxe-eau-de-,VERIFIED,SAFE_TOKEN_SAME_BRAND,75668,Prada,Prada Paradoxe,https://www.fragrantica.com/perfume/Prada/Prada-Paradoxe-75668.html,SAFE_TOKEN_SAME_BRAND,0.9860,0.5517,REVIEW
1920-XER,3373,40-knots,VERIFIED,EXACT_BRAND_CLEAN_NAME,16445,Xerjoff,40 Knots,https://www.fragrantica.com/perfume/Xerjoff/40-Knots-16445.html,EXACT_BRAND_CLEAN_NAME,1.0000,1.0000,PASS
1921-VIV,2984,Boudoir-,VERIFIED,WEB_VERIFIED_FRAGRANTICA,1532,,,https://www.fragrantica.com/perfume/Vivienne-Westwood/Boudoir-1532.html,WEB_VERIFIED_FRAGRANTICA,1.0000,1.0000,PASS
1922-ORT,2940,Megamare,VERIFIED,EXACT_PERFUME_BRAND_TEXT,53471,Orto Parisi,Megamare,https://www.fragrantica.com/perfume/Orto-Parisi/Megamare-53471.html,EXACT_PERFUME_BRAND_TEXT,1.0000,1.0000,PASS
1923-NISH,2934,Ambra Calabria,VERIFIED,EXACT_PERFUME_BRAND_TEXT,30568,Nishane,Ambra Calabria,https://www.fragrantica.com/perfume/Nishane/Ambra-Calabria-30568.html,EXACT_PERFUME_BRAND_TEXT,1.0000,1.0000,PASS
1924-PARF,2935,Sedley,VERIFIED,EXACT_PERFUME_BRAND_TEXT,56273,Parfums de Marly,Sedley,https://www.fragrantica.com/perfume/Parfums-de-Marly/Sedley-56273.html,EXACT_PERFUME_BRAND_TEXT,1.0000,1.0000,PASS
1925-PEN,3923,Babylon,VERIFIED,EXACT_BRAND_CLEAN_NAME,57835,Penhaligon s,Babylon,https://www.fragrantica.com/perfume/Penhaligon-s/Babylon-57835.html,EXACT_BRAND_CLEAN_NAME,1.0000,1.0000,PASS
1926-KOS,3372,No. 4 Après l’Amour Eau de Parfum,VERIFIED,WEB_VERIFIED_FRAGRANTICA,53742,,,https://www.fragrantica.com/perfume/Thomas-Kosmala/No-4-Apres-l-Amour-Eau-de-Parfum-53742.html,WEB_VERIFIED_FRAGRANTICA,1.0000,1.0000,PASS
1927-AMG,2933,HONOUR - AMOUAGE,VERIFIED,WEB_VERIFIED_FRAGRANTICA,12762,,,https://www.fragrantica.com/perfume/Amouage/Honour-Woman-12762.html,WEB_VERIFIED_FRAGRANTICA,1.0000,1.0000,PASS
1928-ROJ,2936,OLIGARCH - ROJA DOVE,VERIFIED,EXACT_PERFUME_BRAND_TEXT,40687,Roja Dove,Oligarch,https://www.fragrantica.com/perfume/Roja-Dove/Oligarch-40687.html,EXACT_PERFUME_BRAND_TEXT,1.0000,1.0000,PASS
1929-BLG,3116,Le-gemme-tygar-eau-de-,VERIFIED,WEB_VERIFIED_FRAGRANTICA,41222,,,https://www.fragrantica.com/perfume/Bvlgari/Tygar-41222.html,WEB_VERIFIED_FRAGRANTICA,1.0000,1.0000,PASS
1930-VIC,2982,Spicebomb Extreme,VERIFIED,EXACT_BRAND_CLEAN_NAME,30499,Viktor Rolf,Spicebomb Extreme,https://www.fragrantica.com/perfume/Viktor-Rolf/Spicebomb-Extreme-30499.html,EXACT_BRAND_CLEAN_NAME,1.0000,1.0000,PASS
1931-TMFO,3461,LAVENDER EXTREME,VERIFIED,EXACT_BRAND_CLEAN_NAME,54381,Tom Ford,Lavender Extreme,https://www.fragrantica.com/perfume/Tom-Ford/Lavender-Extreme-54381.html,EXACT_BRAND_CLEAN_NAME,1.0000,1.0000,PASS
1932-YZLO,2872,Black-opium-eau-de-parfum-illicit-green,VERIFIED,EXACT_BRAND_CLEAN_NAME,71193,Yves Saint Laurent,Black Opium Illicit Green,https://www.fragrantica.com/perfume/Yves-Saint-Laurent/Black-Opium-Illicit-Green-71193.html,EXACT_BRAND_CLEAN_NAME,1.0000,0.8772,PASS
1935-PARF,2967,Haltane,VERIFIED,EXACT_PERFUME_BRAND_TEXT,70776,Parfums de Marly,Haltane,https://www.fragrantica.com/perfume/Parfums-de-Marly/Haltane-70776.html,EXACT_PERFUME_BRAND_TEXT,1.0000,1.0000,PASS
1936-AMG,2966,Vanilla-barka,VERIFIED,EXACT_BRAND_CLEAN_NAME,71111,Amouage,Vanilla Barka,https://www.fragrantica.com/perfume/Amouage/Vanilla-Barka-71111.html,EXACT_BRAND_CLEAN_NAME,1.0000,1.0000,PASS
1937-BIL,2974,Eilish-eau-de-,VERIFIED,EXACT_PERFUME_BRAND_TEXT,70052,Billie Eilish,Eilish,https://www.fragrantica.com/perfume/Billie-Eilish/Eilish-70052.html,EXACT_PERFUME_BRAND_TEXT,1.0000,1.0000,PASS
1938-YZLO,2965,Babycat,VERIFIED,SAFE_FUZZY_SAME_BRAND,73149,Yves Saint Laurent,Babycat,https://www.fragrantica.com/perfume/Yves-Saint-Laurent/Babycat-73149.html,SAFE_FUZZY_SAME_BRAND,0.9333,1.0000,PASS
1939-BYR,2968,Vanille-antique,VERIFIED,EXACT_BRAND_CLEAN_NAME,73438,Byredo,Vanille Antique,https://www.fragrantica.com/perfume/Byredo/Vanille-Antique-73438.html,EXACT_BRAND_CLEAN_NAME,1.0000,1.0000,PASS
1940-FRE,2964,SYNTHETIC JUNGLE,VERIFIED,CONFIRMED_IDENTITY_EXACT_CORPUS,68794,Frederic Malle,Synthetic Jungle,https://www.fragrantica.com/perfume/Frederic-Malle/Synthetic-Jungle-68794.html,CONFIRMED_IDENTITY_EXACT_CORPUS,1.0000,1.0000,PASS
1941-ARIA,3107,Cloud-2-0-intense,VERIFIED,EXACT_PERFUME_BRAND_TEXT,69296,Ariana Grande,Cloud Intense,https://www.fragrantica.com/perfume/Ariana-Grande/Cloud-Intense-69296.html,EXACT_PERFUME_BRAND_TEXT,1.0000,0.8667,PASS
1942-LAN,2948,Idole-l-eau-de-parfum-nectar,VERIFIED,EXACT_BRAND_CLEAN_NAME,74137,Lancome,Idole Nectar,https://www.fragrantica.com/perfume/Lancome/Idole-Nectar-74137.html,EXACT_BRAND_CLEAN_NAME,1.0000,0.7273,REVIEW
1943-TMFO,2949,Rose-de-chine,VERIFIED,EXACT_BRAND_CLEAN_NAME,71539,Tom Ford,Rose de Chine,https://www.fragrantica.com/perfume/Tom-Ford/Rose-de-Chine-71539.html,EXACT_BRAND_CLEAN_NAME,1.0000,1.0000,PASS
1944-KUR,2950,724,VERIFIED,EXACT_BRAND_CLEAN_NAME,75754,Maison Francis Kurkdjian,724,https://www.fragrantica.com/perfume/Maison-Francis-Kurkdjian/724-75754.html,EXACT_BRAND_CLEAN_NAME,1.0000,1.0000,PASS
1945-XER,2938,RENAISSANCE XJ 1861,VERIFIED,SAFE_TOKEN_SAME_BRAND,12126,Xerjoff,XJ 1861 Renaissance,https://www.fragrantica.com/perfume/Xerjoff/XJ-1861-Renaissance-12126.html,SAFE_TOKEN_SAME_BRAND,0.9860,0.7895,PASS
1946-MARC,2939,Ganymede,VERIFIED,EXACT_PERFUME_BRAND_TEXT,54720,Marc Antoine Barrois,Ganymede,https://www.fragrantica.com/perfume/Marc-Antoine-Barrois/Ganymede-54720.html,EXACT_PERFUME_BRAND_TEXT,1.0000,1.0000,PASS
1950-SWISA,,AL AMAKEN,NOT_FOUND,NO_CORPUS_CODE_MATCH,,,,,,,0.0000,NOT_MAPPED
1951-LAT,2944,Raghba-eau-de-,VERIFIED,EXACT_PERFUME_BRAND_TEXT,25807,Lattafa Perfumes,Raghba,https://www.fragrantica.com/perfume/Lattafa-Perfumes/Raghba-25807.html,EXACT_PERFUME_BRAND_TEXT,1.0000,1.0000,PASS
1953-PEN,2972,Changing-constance-eau-de-,VERIFIED,EXACT_BRAND_CLEAN_NAME,50256,Penhaligon s,Changing Constance,https://www.fragrantica.com/perfume/Penhaligon-s/Changing-Constance-50256.html,EXACT_BRAND_CLEAN_NAME,1.0000,1.0000,PASS
1954-CARN,2973,Palo Santo,VERIFIED,EXACT_PERFUME_BRAND_TEXT,31035,Carner Barcelona,Palo Santo,https://www.fragrantica.com/perfume/Carner-Barcelona/Palo-Santo-31035.html,EXACT_PERFUME_BRAND_TEXT,1.0000,1.0000,PASS
1955-LAP,,CELLULAR ENERGIZING,NOT_FOUND,NO_CORPUS_CODE_MATCH,,,,,,,0.0000,NOT_MAPPED
1956-JOM,2971,Scarlet Poppy Intense Jo Malone,VERIFIED,EXACT_BRAND_CLEAN_NAME,64551,Jo Malone London,Scarlet Poppy Intense,https://www.fragrantica.com/perfume/Jo-Malone-London/Scarlet-Poppy-Intense-64551.html,EXACT_BRAND_CLEAN_NAME,1.0000,1.0000,PASS
1957-PEN,2970,Savoy Steam,VERIFIED,EXACT_BRAND_CLEAN_NAME,42702,Penhaligon s,Savoy Steam,https://www.fragrantica.com/perfume/Penhaligon-s/Savoy-Steam-42702.html,EXACT_BRAND_CLEAN_NAME,1.0000,1.0000,PASS
1958-DRC,3336,Bois-d-argent-eau-de-,VERIFIED,WEB_VERIFIED_FRAGRANTICA,1377,,,https://www.fragrantica.com/perfume/Dior/Bois-D-argent-1377.html,WEB_VERIFIED_FRAGRANTICA,1.0000,1.0000,PASS
1964-ARB,2983,Madawi,VERIFIED,EXACT_PERFUME_BRAND_TEXT,51307,Arabian Oud,Madawi,https://www.fragrantica.com/perfume/Arabian-Oud/Madawi-51307.html,EXACT_PERFUME_BRAND_TEXT,1.0000,1.0000,PASS
1965-BYRP,2985,The Chronic,VERIFIED,EXACT_PERFUME_BRAND_TEXT,53452,Byron Parfums,The Chronic,https://www.fragrantica.com/perfume/Byron-Parfums/The-Chronic-53452.html,EXACT_PERFUME_BRAND_TEXT,1.0000,1.0000,PASS
1966-XER,2986,Alexandria-orientale,VERIFIED,EXACT_BRAND_CLEAN_NAME,51439,Xerjoff,Alexandria Orientale,https://www.fragrantica.com/perfume/Xerjoff/Alexandria-Orientale-51439.html,EXACT_BRAND_CLEAN_NAME,1.0000,1.0000,PASS
1967-XER,2987,Coro,VERIFIED,EXACT_BRAND_CLEAN_NAME,110891,Xerjoff,Coro,https://www.fragrantica.com/perfume/Xerjoff/Coro-110891.html,EXACT_BRAND_CLEAN_NAME,1.0000,1.0000,PASS
1968-DOL,2975,LIGHT BLUE ITALIAN LOVE W,VERIFIED,WEB_VERIFIED_FRAGRANTICA,72621,,,https://www.fragrantica.com/perfume/Dolce-Gabbana/Light-Blue-Italian-Love-72621.html,WEB_VERIFIED_FRAGRANTICA,1.0000,1.0000,PASS
1969-DOL,2976,Light-blue-pour-homme-italian-love,VERIFIED,CONFIRMED_IDENTITY_EXACT_CORPUS,72622,Dolce Gabbana,Light Blue pour Homme Italian Love,https://www.fragrantica.com/perfume/Dolce-Gabbana/Light-Blue-pour-Homme-Italian-Love-72622.html,CONFIRMED_IDENTITY_EXACT_CORPUS,1.0000,0.8070,PASS
1970-CHA,2978,Paris - Paris,VERIFIED,EXACT_BRAND_CLEAN_NAME,73411,Chanel,Paris Paris,https://www.fragrantica.com/perfume/Chanel/Paris-Paris-73411.html,EXACT_BRAND_CLEAN_NAME,1.0000,1.0000,PASS
1971-PAC,2977,Invictus-platinum,VERIFIED,EXACT_BRAND_CLEAN_NAME,72557,Rabanne,Invictus Platinum,https://www.fragrantica.com/perfume/Rabanne/Invictus-Platinum-72557.html,EXACT_BRAND_CLEAN_NAME,1.0000,1.0000,PASS
1972-KAY,3353,EDEN JUICY APPLE 01 EDP - KAYALI,VERIFIED,EXACT_PERFUME_BRAND_TEXT,70875,Kayali Fragrances,Eden Juicy Apple 01 Eau De Parfum,https://www.fragrantica.com/perfume/Kayali-Fragrances/Eden-Juicy-Apple-01-Eau-De-Parfum-70875.html,EXACT_PERFUME_BRAND_TEXT,1.0000,1.0000,PASS
1973-ETLR,3355,Archives 69,VERIFIED,EXACT_PERFUME_BRAND_TEXT,11411,Etat Libre d Orange,Archives 69,https://www.fragrantica.com/perfume/Etat-Libre-d-Orange/Archives-69-11411.html,EXACT_PERFUME_BRAND_TEXT,1.0000,1.0000,PASS
1974-MARG,3356,Bubble-bath,VERIFIED,EXACT_BRAND_CLEAN_NAME,60105,Maison Martin Margiela,Bubble Bath,https://www.fragrantica.com/perfume/Maison-Martin-Margiela/Bubble-Bath-60105.html,EXACT_BRAND_CLEAN_NAME,1.0000,1.0000,PASS
1975-ZARK,3357,PINK MOLéCULE 090.09 Eau de Parfum,VERIFIED,WEB_VERIFIED_FRAGRANTICA,25474,,,https://www.fragrantica.com/perfume/ZARKOPERFUME/PINK-MOL-CULE-090-09-25474.html,WEB_VERIFIED_FRAGRANTICA,1.0000,1.0000,PASS
1977-SHIS,3358,Ginza (2021),VERIFIED,WEB_VERIFIED_FRAGRANTICA,65234,,,https://www.fragrantica.com/perfume/Shiseido/Ginza-65234.html,WEB_VERIFIED_FRAGRANTICA,1.0000,1.0000,PASS
1978-ARM,3359,STRONGER WITH YOU INTENSENLY,VERIFIED,SAFE_TOKEN_SAME_BRAND,52802,Giorgio Armani,Emporio Armani Stronger With You Intensely,https://www.fragrantica.com/perfume/Giorgio-Armani/Emporio-Armani-Stronger-With-You-Intensely-52802.html,SAFE_TOKEN_SAME_BRAND,0.9760,0.7714,REVIEW
1979-RAS,3360,Arba Wardat,VERIFIED,SAFE_TOKEN_SAME_BRAND,19663,Rasasi,Arba Wardat,https://www.fragrantica.com/perfume/Rasasi/Arba-Wardat-19663.html,SAFE_TOKEN_SAME_BRAND,0.9560,1.0000,PASS
1980-HIND,3361,Emarati Musk Parfum,VERIFIED,WEB_VERIFIED_FRAGRANTICA,87692,,,https://www.fragrantica.com/perfume/Hind-Al-Oud/Emarati-Musk-87692.html,WEB_VERIFIED_FRAGRANTICA,1.0000,1.0000,PASS
1981-KHAL,3362,Grá,VERIFIED,WEB_VERIFIED_FRAGRANTICA,22907,,,https://www.fragrantica.com/perfume/Khaltat/Gra-22907.html,WEB_VERIFIED_FRAGRANTICA,1.0000,1.0000,PASS
1982-ALEX,3363,ZAFEER OUD VANILLE - ALEXANDRE J,VERIFIED,EXACT_PERFUME_BRAND_TEXT,22361,Alexandre J,Zafeer Oud Vanille,https://www.fragrantica.com/perfume/Alexandre-J/Zafeer-Oud-Vanille-22361.html,EXACT_PERFUME_BRAND_TEXT,1.0000,1.0000,PASS
1983-ATTAR,3482,The Queen of Sheba,VERIFIED,CONFIRMED_IDENTITY_EXACT_CORPUS,33414,Attar Collection,The Queen of Sheba,https://www.fragrantica.com/perfume/Attar-Collection/The-Queen-of-Sheba-33414.html,CONFIRMED_IDENTITY_EXACT_CORPUS,1.0000,1.0000,PASS
1984-ATTAR,3376,Musk Kashmir,VERIFIED,WEB_VERIFIED_FRAGRANTICA,38134,,,https://www.fragrantica.com/perfume/Attar-Collection/Musk-Kashmir-38134.html,WEB_VERIFIED_FRAGRANTICA,1.0000,1.0000,PASS
1985-WID,3366,GOLD II SAHARA - WIDIAN,VERIFIED,WEB_VERIFIED_FRAGRANTICA,54883,,,https://www.fragrantica.com/perfume/WIDIAN/Gold-II-Sahara-54883.html,WEB_VERIFIED_FRAGRANTICA,1.0000,1.0000,PASS
1986-SOO,,NUR,VERIFIED,WEB_VERIFIED_FRAGRANTICA,10016,,,https://www.fragrantica.com/perfume/SoOud/Nur-10016.html,WEB_VERIFIED_FRAGRANTICA,1.0000,1.0000,PASS
1987-SON,3368,Le Parfum,VERIFIED,WEB_VERIFIED_FRAGRANTICA,4655,,,https://www.fragrantica.com/perfume/Sonia-Rykiel/Le-Parfum-4655.html,WEB_VERIFIED_FRAGRANTICA,1.0000,1.0000,PASS
1988-THEVE,3369,Arabesque,VERIFIED,WEB_VERIFIED_FRAGRANTICA,32670,,,https://www.fragrantica.com/perfume/The-Merchant-of-Venice/Arabesque-32670.html,WEB_VERIFIED_FRAGRANTICA,1.0000,1.0000,PASS
1989-VERT,,NARCOS'IS,VERIFIED,WEB_VERIFIED_FRAGRANTICA,47923,,,https://www.fragrantica.com/perfume/Vertus/Narcos-is-47923.html,WEB_VERIFIED_FRAGRANTICA,1.0000,1.0000,PASS
1990-MNT,3371,Mukhallat,VERIFIED,SAFE_FUZZY_SAME_BRAND,3241,Montale,Mukhallat,https://www.fragrantica.com/perfume/Montale/Mukhallat-3241.html,SAFE_FUZZY_SAME_BRAND,0.9412,1.0000,PASS
1991-CHL,3106,NOMADE NATURELLE EDP - CHLOE,VERIFIED,EXACT_PERFUME_BRAND_TEXT,71597,Chloe,Nomade Naturelle Eau de Parfum,https://www.fragrantica.com/perfume/Chloe/Nomade-Naturelle-Eau-de-Parfum-71597.html,EXACT_PERFUME_BRAND_TEXT,1.0000,1.0000,PASS
1992-ACQ,3110,Zafferano,VERIFIED,EXACT_BRAND_CLEAN_NAME,73365,Acqua di Parma,Zafferano,https://www.fragrantica.com/perfume/Acqua-di-Parma/Zafferano-73365.html,EXACT_BRAND_CLEAN_NAME,1.0000,1.0000,PASS
1993-DRIE,3108,Jardin-de-l-orangerie,VERIFIED,EXACT_BRAND_CLEAN_NAME,72594,Dries Van Noten,Jardin de L Orangerie,https://www.fragrantica.com/perfume/Dries-Van-Noten/Jardin-de-L-Orangerie-72594.html,EXACT_BRAND_CLEAN_NAME,1.0000,1.0000,PASS
1994-ROJ,3111,SWEETIE AOUD - ROJA DOVE,VERIFIED,EXACT_PERFUME_BRAND_TEXT,17930,Roja Dove,Aoud,https://www.fragrantica.com/perfume/Roja-Dove/Aoud-17930.html,EXACT_PERFUME_BRAND_TEXT,1.0000,1.0000,PASS
1995-YZLO,3112,Caban,VERIFIED,EXACT_BRAND_CLEAN_NAME,32267,Yves Saint Laurent,Caban,https://www.fragrantica.com/perfume/Yves-Saint-Laurent/Caban-32267.html,EXACT_BRAND_CLEAN_NAME,1.0000,1.0000,PASS
1996-LTN,3118,Heures d’Absence (2020),VERIFIED,WEB_VERIFIED_FRAGRANTICA,59485,,,https://www.fragrantica.com/perfume/Louis-Vuitton/Heures-d-Absence-59485.html,WEB_VERIFIED_FRAGRANTICA,1.0000,1.0000,PASS
1997-LTN,3119,On the Beach,VERIFIED,CONFIRMED_IDENTITY_EXACT_CORPUS,66060,Louis Vuitton,On The Beach,https://www.fragrantica.com/perfume/Louis-Vuitton/On-The-Beach-66060.html,CONFIRMED_IDENTITY_EXACT_CORPUS,1.0000,1.0000,PASS
1998-LTN,3117,Citrus fragrance for women and men,VERIFIED,WEB_VERIFIED_FRAGRANTICA,53947,,,https://www.fragrantica.com/perfume/Louis-Vuitton/Afternoon-Swim-53947.html,WEB_VERIFIED_FRAGRANTICA,1.0000,1.0000,PASS
1999-MAN,3114,Aoud Lemon Mint,VERIFIED,EXACT_PERFUME_BRAND_TEXT,39181,Mancera,Aoud Lemon Mint,https://www.fragrantica.com/perfume/Mancera/Aoud-Lemon-Mint-39181.html,EXACT_PERFUME_BRAND_TEXT,1.0000,1.0000,PASS
2000-BLG,3115,Le-gemme-kobraa,VERIFIED,EXACT_BRAND_CLEAN_NAME,59754,Bvlgari,Kobraa,https://www.fragrantica.com/perfume/Bvlgari/Kobraa-59754.html,EXACT_BRAND_CLEAN_NAME,1.0000,1.0000,PASS
2001-TMFO,3113,Neroli Portofino Forte,VERIFIED,EXACT_BRAND_CLEAN_NAME,35575,Tom Ford,Neroli Portofino Forte,https://www.fragrantica.com/perfume/Tom-Ford/Neroli-Portofino-Forte-35575.html,EXACT_BRAND_CLEAN_NAME,1.0000,1.0000,PASS
2002-DRC,3138,J-adore-parfum-d-eau,VERIFIED,EXACT_BRAND_CLEAN_NAME,75642,Dior,J adore Parfum d Eau,https://www.fragrantica.com/perfume/Dior/J-adore-Parfum-d-Eau-75642.html,EXACT_BRAND_CLEAN_NAME,1.0000,1.0000,PASS
2003-KIL,3857,Love-don-t-be-shy-extreme,VERIFIED,EXACT_PERFUME_BRAND_TEXT,64761,By Kilian,Love Don t Be Shy Extreme,https://www.fragrantica.com/perfume/By-Kilian/Love-Don-t-Be-Shy-Extreme-64761.html,EXACT_PERFUME_BRAND_TEXT,1.0000,1.0000,PASS
2004-BYR,3121,Eyes-closed,VERIFIED,EXACT_BRAND_CLEAN_NAME,76339,Byredo,Eyes Closed,https://www.fragrantica.com/perfume/Byredo/Eyes-Closed-76339.html,EXACT_BRAND_CLEAN_NAME,1.0000,1.0000,PASS
2005-EXN,3120,Santal-calling,VERIFIED,EXACT_PERFUME_BRAND_TEXT,75961,Ex Nihilo,Santal Calling,https://www.fragrantica.com/perfume/Ex-Nihilo/Santal-Calling-75961.html,EXACT_PERFUME_BRAND_TEXT,1.0000,1.0000,PASS
2006-NISH,3192,Hacivat,VERIFIED,EXACT_PERFUME_BRAND_TEXT,44174,Nishane,Hacivat,https://www.fragrantica.com/perfume/Nishane/Hacivat-44174.html,EXACT_PERFUME_BRAND_TEXT,1.0000,1.0000,PASS
2007-SWISA,3199,Habeitak,VERIFIED,EXACT_PERFUME_BRAND_TEXT,10845,Swiss Arabian,Habeitak,https://www.fragrantica.com/perfume/Swiss-Arabian/Habeitak-10845.html,EXACT_PERFUME_BRAND_TEXT,1.0000,1.0000,PASS
2008-EXN,3217,Fleur-narcotique-extrait-de-,VERIFIED,EXACT_PERFUME_BRAND_TEXT,75061,Ex Nihilo,Fleur Narcotique Extrait de Parfum,https://www.fragrantica.com/perfume/Ex-Nihilo/Fleur-Narcotique-Extrait-de-Parfum-75061.html,EXACT_PERFUME_BRAND_TEXT,1.0000,1.0000,PASS
2009-MNT,3207,Honey Aoud,VERIFIED,EXACT_PERFUME_BRAND_TEXT,30509,Montale,Honey Aoud,https://www.fragrantica.com/perfume/Montale/Honey-Aoud-30509.html,EXACT_PERFUME_BRAND_TEXT,1.0000,1.0000,PASS
2010-LART,3218,Mont De Narcisse,VERIFIED,EXACT_BRAND_CLEAN_NAME,51203,L Artisan Parfumeur,Mont de Narcisse,https://www.fragrantica.com/perfume/L-Artisan-Parfumeur/Mont-de-Narcisse-51203.html,EXACT_BRAND_CLEAN_NAME,1.0000,1.0000,PASS
2011-LTN,3233,Dans la Peau,VERIFIED,CONFIRMED_IDENTITY_EXACT_CORPUS,40500,Louis Vuitton,Dans la Peau,https://www.fragrantica.com/perfume/Louis-Vuitton/Dans-la-Peau-40500.html,CONFIRMED_IDENTITY_EXACT_CORPUS,1.0000,1.0000,PASS
2012-DOL,3241,Q QUEEN,VERIFIED,WEB_VERIFIED_FRAGRANTICA,78873,,,https://www.fragrantica.com/perfume/Dolce-Gabbana/Q-by-Dolce-Gabbana-78873.html,WEB_VERIFIED_FRAGRANTICA,1.0000,1.0000,PASS
2013-CAC,3242,Yes-i-am-delicious,VERIFIED,EXACT_BRAND_CLEAN_NAME,71610,Cacharel,Yes I Am Delicious,https://www.fragrantica.com/perfume/Cacharel/Yes-I-Am-Delicious-71610.html,EXACT_BRAND_CLEAN_NAME,1.0000,1.0000,PASS
2014-AZZ,3375,MOST WANTED,VERIFIED,SAFE_TOKEN_SAME_BRAND,66826,Azzaro,The Most Wanted,https://www.fragrantica.com/perfume/Azzaro/The-Most-Wanted-66826.html,SAFE_TOKEN_SAME_BRAND,0.9560,1.0000,PASS
2015-MAN,3354,Tonka-cola,VERIFIED,EXACT_PERFUME_BRAND_TEXT,76893,Mancera,Tonka Cola,https://www.fragrantica.com/perfume/Mancera/Tonka-Cola-76893.html,EXACT_PERFUME_BRAND_TEXT,1.0000,1.0000,PASS
2016-PARELM,3374,Elixir d'Amour,VERIFIED,WEB_VERIFIED_FRAGRANTICA,50275,,,https://www.fragrantica.com/perfume/Parfums-d-Elmar/Elixir-d-Amour-50275.html,WEB_VERIFIED_FRAGRANTICA,1.0000,1.0000,PASS
2017-DIE,3215,D,VERIFIED,WEB_VERIFIED_FRAGRANTICA,74965,,,https://www.fragrantica.com/perfume/Diesel/D-by-Diesel-74965.html,WEB_VERIFIED_FRAGRANTICA,1.0000,1.0000,PASS
2018-ARM,3214,the notes CODE PARFUM,VERIFIED,WEB_VERIFIED_FRAGRANTICA,75126,,,https://www.fragrantica.com/perfume/Giorgio-Armani/Armani-Code-Parfum-75126.html,WEB_VERIFIED_FRAGRANTICA,1.0000,1.0000,PASS
2019-GUC,3446,Flora-gorgeous-jasmine,VERIFIED,EXACT_BRAND_CLEAN_NAME,75190,Gucci,Flora Gorgeous Jasmine,https://www.fragrantica.com/perfume/Gucci/Flora-Gorgeous-Jasmine-75190.html,EXACT_BRAND_CLEAN_NAME,1.0000,1.0000,PASS
2020-VICT,3441,Velvet-petals-sunkissed,VERIFIED,EXACT_PERFUME_BRAND_TEXT,70512,Victoria s Secret,Velvet Petals Sunkissed,https://www.fragrantica.com/perfume/Victoria-s-Secret/Velvet-Petals-Sunkissed-70512.html,EXACT_PERFUME_BRAND_TEXT,1.0000,1.0000,PASS
2021-ROJ,3440,Apex Roja Dove,VERIFIED,WEB_VERIFIED_FRAGRANTICA,72723,,,https://www.fragrantica.com/perfume/Roja-Dove/Apex-72723.html,WEB_VERIFIED_FRAGRANTICA,1.0000,1.0000,PASS
2022-ANN,3451,Secret Wish Lucky Wish Eau de Toilette,VERIFIED,EXACT_PERFUME_BRAND_TEXT,38258,Anna Sui,Lucky Wish,https://www.fragrantica.com/perfume/Anna-Sui/Lucky-Wish-38258.html,EXACT_PERFUME_BRAND_TEXT,1.0000,1.0000,PASS
2023-PEN,3445,Legacy-of-petra,VERIFIED,EXACT_BRAND_CLEAN_NAME,75584,Penhaligon s,Legacy of Petra,https://www.fragrantica.com/perfume/Penhaligon-s/Legacy-of-Petra-75584.html,EXACT_BRAND_CLEAN_NAME,1.0000,1.0000,PASS
2024-DRC,3443,La Collection Privee  Feve Delicieuse,VERIFIED,EXACT_BRAND_CLEAN_NAME,30164,Dior,Feve Delicieuse,https://www.fragrantica.com/perfume/Dior/Feve-Delicieuse-30164.html,EXACT_BRAND_CLEAN_NAME,1.0000,1.0000,PASS
2025-TER,3444,Draco,VERIFIED,EXACT_PERFUME_BRAND_TEXT,30626,Tiziana Terenzi,Draco,https://www.fragrantica.com/perfume/Tiziana-Terenzi/Draco-30626.html,EXACT_PERFUME_BRAND_TEXT,1.0000,1.0000,PASS
2026-HER,3449,Eau De Citron Noir,VERIFIED,EXACT_PERFUME_BRAND_TEXT,49231,Hermes,Eau de Citron Noir,https://www.fragrantica.com/perfume/Hermes/Eau-de-Citron-Noir-49231.html,EXACT_PERFUME_BRAND_TEXT,1.0000,1.0000,PASS
2027-VICT,3450,Tease-sugar-fleur-eau-de-,VERIFIED,EXACT_PERFUME_BRAND_TEXT,76967,Victoria s Secret,Tease Sugar Fleur,https://www.fragrantica.com/perfume/Victoria-s-Secret/Tease-Sugar-Fleur-76967.html,EXACT_PERFUME_BRAND_TEXT,1.0000,1.0000,PASS
2028-ZARK,3453,Youth,VERIFIED,WEB_VERIFIED_FRAGRANTICA,75594,,,https://www.fragrantica.com/perfume/ZARKOPERFUME/Youth-75594.html,WEB_VERIFIED_FRAGRANTICA,1.0000,1.0000,PASS
2029-GUC,3448,Tears-from-the-moon,VERIFIED,EXACT_BRAND_CLEAN_NAME,73560,Gucci,Tears From The Moon,https://www.fragrantica.com/perfume/Gucci/Tears-From-The-Moon-73560.html,EXACT_BRAND_CLEAN_NAME,1.0000,1.0000,PASS
2032-CAR,3506,True-oud,VERIFIED,EXACT_BRAND_CLEAN_NAME,72619,Carolina Herrera,True Oud,https://www.fragrantica.com/perfume/Carolina-Herrera/True-Oud-72619.html,EXACT_BRAND_CLEAN_NAME,1.0000,1.0000,PASS
2033-ARM,3504,MAGENTA TANZANITE,VERIFIED,EXACT_BRAND_CLEAN_NAME,71536,Giorgio Armani,Magenta Tanzanite,https://www.fragrantica.com/perfume/Giorgio-Armani/Magenta-Tanzanite-71536.html,EXACT_BRAND_CLEAN_NAME,1.0000,1.0000,PASS
2034-MAN,3503,Melody-of-the-sun,VERIFIED,EXACT_PERFUME_BRAND_TEXT,72736,Mancera,Melody Of The Sun,https://www.fragrantica.com/perfume/Mancera/Melody-Of-The-Sun-72736.html,EXACT_PERFUME_BRAND_TEXT,1.0000,1.0000,PASS
2035-HER,3502,Eau-de-basilic-pourpre,VERIFIED,EXACT_PERFUME_BRAND_TEXT,74600,Hermes,Eau de Basilic Pourpre,https://www.fragrantica.com/perfume/Hermes/Eau-de-Basilic-Pourpre-74600.html,EXACT_PERFUME_BRAND_TEXT,1.0000,1.0000,PASS
2036-GIS,3505,Ambassador Men Eau de Parfum,VERIFIED,WEB_VERIFIED_FRAGRANTICA,58226,,,https://www.fragrantica.com/perfume/Gisada/Ambassador-Men-58226.html,WEB_VERIFIED_FRAGRANTICA,1.0000,1.0000,PASS
2037-VICT,3525,COCONUT MILK & ROSE - V,VERIFIED,SAFE_TOKEN_SAME_BRAND,122346,Victoria s Secret,Coconut Milk Rose,https://www.fragrantica.com/perfume/Victoria-s-Secret/Coconut-Milk-Rose-122346.html,SAFE_TOKEN_SAME_BRAND,0.9440,0.8500,PASS
2038-TMFO,3526,Cherry-smoke,VERIFIED,EXACT_BRAND_CLEAN_NAME,78578,Tom Ford,Cherry Smoke,https://www.fragrantica.com/perfume/Tom-Ford/Cherry-Smoke-78578.html,EXACT_BRAND_CLEAN_NAME,1.0000,1.0000,PASS
2039-KAY,3473,Lovefest Burning Cherry,VERIFIED,SAFE_TOKEN_SAME_BRAND,118806,Kayali Fragrances,Lovefest Burning Cherry 48 All Over Body Spray,https://www.fragrantica.com/perfume/Kayali-Fragrances/Lovefest-Burning-Cherry-48-All-Over-Body-Spray-118806.html,SAFE_TOKEN_SAME_BRAND,0.9760,1.0000,PASS
2040-AMG,3527,Dia Woman,VERIFIED,EXACT_BRAND_CLEAN_NAME,1109,Amouage,Dia Woman,https://www.fragrantica.com/perfume/Amouage/Dia-Woman-1109.html,EXACT_BRAND_CLEAN_NAME,1.0000,1.0000,PASS
2041-TMFO,3480,Noir-extreme-,VERIFIED,EXACT_BRAND_CLEAN_NAME,75489,Tom Ford,Noir Extreme Parfum,https://www.fragrantica.com/perfume/Tom-Ford/Noir-Extreme-Parfum-75489.html,EXACT_BRAND_CLEAN_NAME,1.0000,1.0000,PASS
2043-VER,3474,DYLAN PURPLE,VERIFIED,SAFE_TOKEN_SAME_BRAND,76274,Versace,Versace Pour Femme Dylan Purple,https://www.fragrantica.com/perfume/Versace/Versace-Pour-Femme-Dylan-Purple-76274.html,SAFE_TOKEN_SAME_BRAND,0.9560,1.0000,PASS
2044-LORV,,TEINT DE NEIGE,VERIFIED,WEB_VERIFIED_FRAGRANTICA,5079,,,https://www.fragrantica.com/perfume/Lorenzo-Villoresi/Teint-de-Neige-5079.html,WEB_VERIFIED_FRAGRANTICA,1.0000,1.0000,PASS
2045-HER,3529,Eau Orange Verte,VERIFIED,EXACT_PERFUME_BRAND_TEXT,6065,Hermes,Eau d Orange Verte,https://www.fragrantica.com/perfume/Hermes/Eau-d-Orange-Verte-6065.html,EXACT_PERFUME_BRAND_TEXT,1.0000,0.9412,PASS
2046-VICT,3530,Very-sexy-oasis-eau-de-,VERIFIED,EXACT_PERFUME_BRAND_TEXT,72836,Victoria s Secret,Very Sexy Oasis,https://www.fragrantica.com/perfume/Victoria-s-Secret/Very-Sexy-Oasis-72836.html,EXACT_PERFUME_BRAND_TEXT,1.0000,1.0000,PASS
2047-KIL,3475,Fievre-verte-l-heure-verte,VERIFIED,EXACT_PERFUME_BRAND_TEXT,68324,By Kilian,L Heure Verte,https://www.fragrantica.com/perfume/By-Kilian/L-Heure-Verte-68324.html,EXACT_PERFUME_BRAND_TEXT,1.0000,1.0000,PASS
2048-KIL,3531,Yes I Was Madly In Love But That Was Yesterday,VERIFIED,SAFE_TOKEN_SAME_BRAND,50933,By Kilian,Yes I Was Madly In Love But That Was Yesterday,https://www.fragrantica.com/perfume/By-Kilian/Yes-I-Was-Madly-In-Love-But-That-Was-Yesterday-50933.html,SAFE_TOKEN_SAME_BRAND,0.9760,1.0000,PASS
2049-NISH,3476,Papilefiko,VERIFIED,EXACT_PERFUME_BRAND_TEXT,74667,Nishane,Papilefiko,https://www.fragrantica.com/perfume/Nishane/Papilefiko-74667.html,EXACT_PERFUME_BRAND_TEXT,1.0000,1.0000,PASS
2050-NISH,3477,Tempfluo,VERIFIED,EXACT_PERFUME_BRAND_TEXT,74668,Nishane,Tempfluo,https://www.fragrantica.com/perfume/Nishane/Tempfluo-74668.html,EXACT_PERFUME_BRAND_TEXT,1.0000,1.0000,PASS
2051-PRFRO,3478,Acqua Di Sale,VERIFIED,WEB_VERIFIED_FRAGRANTICA,3886,,,https://www.fragrantica.com/perfume/Profumum-Roma/Acqua-di-Sale-3886.html,WEB_VERIFIED_FRAGRANTICA,1.0000,1.0000,PASS
2052-CAR,3513,Good-girl-blush-eau-de-,VERIFIED,EXACT_BRAND_CLEAN_NAME,78576,Carolina Herrera,Good Girl Blush,https://www.fragrantica.com/perfume/Carolina-Herrera/Good-Girl-Blush-78576.html,EXACT_BRAND_CLEAN_NAME,1.0000,1.0000,PASS
2053-BDIK,3528,Gris-charnel-,VERIFIED,EXACT_PERFUME_BRAND_TEXT,73645,BDK Parfums,Gris Charnel Extrait,https://www.fragrantica.com/perfume/BDK-Parfums/Gris-Charnel-Extrait-73645.html,EXACT_PERFUME_BRAND_TEXT,1.0000,1.0000,PASS
2054-CAR,3532,Bad-boy-gold-fantasy,VERIFIED,EXACT_BRAND_CLEAN_NAME,76365,Carolina Herrera,Bad Boy Gold Fantasy,https://www.fragrantica.com/perfume/Carolina-Herrera/Bad-Boy-Gold-Fantasy-76365.html,EXACT_BRAND_CLEAN_NAME,1.0000,1.0000,PASS
2055-BAT,3533,Dream-bright-eau-de-,VERIFIED,WEB_VERIFIED_FRAGRANTICA,78849,,,https://www.fragrantica.com/p/78849,WEB_VERIFIED_FRAGRANTICA,1.0000,1.0000,PASS
2056-ARIA,3534,Mod-blush-eau-de-,VERIFIED,EXACT_PERFUME_BRAND_TEXT,77800,Ariana Grande,Mod Blush,https://www.fragrantica.com/perfume/Ariana-Grande/Mod-Blush-77800.html,EXACT_PERFUME_BRAND_TEXT,1.0000,1.0000,PASS
2057-ESCE,3590,MOLECULE 01 + BLACK TEA - ESCENTRIC,VERIFIED,WEB_VERIFIED_FRAGRANTICA,79414,Escentric Molecules,Molecule 01 + Black Tea,https://www.fragrantica.com/p/79414,WEB_VERIFIED_FRAGRANTICA,1.0000,1.0000,PASS
2059-NARC,3600,Dulce Diablo,VERIFIED,WEB_VERIFIED_FRAGRANTICA,73265,Narcotica,Dulce Diablo,https://www.fragrantica.com/p/73265,WEB_VERIFIED_FRAGRANTICA,1.0000,1.0000,PASS
2060-BAT,3603,Whiskey-reserve-,VERIFIED,EXACT_BRAND_CLEAN_NAME,76785,Bath Body Works,Whiskey Reserve,https://www.fragrantica.com/perfume/Bath-Body-Works/Whiskey-Reserve-76785.html,EXACT_BRAND_CLEAN_NAME,1.0000,1.0000,PASS
2061-YZLO,3599,Black-opium-le-,VERIFIED,EXACT_BRAND_CLEAN_NAME,78427,Yves Saint Laurent,Black Opium Le Parfum,https://www.fragrantica.com/perfume/Yves-Saint-Laurent/Black-Opium-Le-Parfum-78427.html,EXACT_BRAND_CLEAN_NAME,1.0000,1.0000,PASS
2062-PAC,4088,ONE MILLION ROYAL,VERIFIED,SAFE_FUZZY_SAME_BRAND,79159,Rabanne,1 Million Royal,https://www.fragrantica.com/perfume/Rabanne/1-Million-Royal-79159.html,SAFE_FUZZY_SAME_BRAND,0.8750,0.8750,PASS
2063-MNT,3601,Herbal-aquatica,VERIFIED,EXACT_PERFUME_BRAND_TEXT,78379,Montale,Herbal Aquatica,https://www.fragrantica.com/perfume/Montale/Herbal-Aquatica-78379.html,EXACT_PERFUME_BRAND_TEXT,1.0000,1.0000,PASS
2065-FRA,3462,Sugar Franck Boclet,VERIFIED,EXACT_UNIQUE_NAME,87109,d grayi,Sugar,https://www.fragrantica.com/perfume/d-grayi/Sugar-87109.html,EXACT_UNIQUE_NAME,1.0000,1.0000,PASS
2066-LEL,3468,Limette 37,VERIFIED,SAFE_TOKEN_SAME_BRAND,20560,Le Labo,Limette 37 San Francisco,https://www.fragrantica.com/perfume/Le-Labo/Limette-37-San-Francisco-20560.html,SAFE_TOKEN_SAME_BRAND,0.9560,1.0000,PASS
2067-ROJ,3471,RISQUE POUR FEMME ESSENCE DE PARFUM - ROJA,VERIFIED,CONFIRMED_IDENTITY_SAFE_FUZZY_CORPUS,65869,Roja Dove,Risque Pour Femme Essence De Parfum,https://www.fragrantica.com/perfume/Roja-Dove/Risque-Pour-Femme-Essence-De-Parfum-65869.html,CONFIRMED_IDENTITY_SAFE_FUZZY_CORPUS,0.9333,1.0000,PASS
2069-NISH,3454,Karagoz,VERIFIED,EXACT_PERFUME_BRAND_TEXT,44176,Nishane,Karagoz,https://www.fragrantica.com/perfume/Nishane/Karagoz-44176.html,EXACT_PERFUME_BRAND_TEXT,1.0000,1.0000,PASS
2071-LAN,3479,La-vie-est-belle-iris-absolu,VERIFIED,EXACT_BRAND_CLEAN_NAME,79245,Lancome,La Vie Est Belle Iris Absolu,https://www.fragrantica.com/perfume/Lancome/La-Vie-Est-Belle-Iris-Absolu-79245.html,EXACT_BRAND_CLEAN_NAME,1.0000,1.0000,PASS
2072-KIL,3467,Apple-brandy-on-the-rocks,VERIFIED,EXACT_PERFUME_BRAND_TEXT,68326,By Kilian,Apple Brandy on the Rocks,https://www.fragrantica.com/perfume/By-Kilian/Apple-Brandy-on-the-Rocks-68326.html,EXACT_PERFUME_BRAND_TEXT,1.0000,1.0000,PASS
2073-LTN,3469,Étoile Filante,VERIFIED,CONFIRMED_IDENTITY_EXACT_CORPUS,64314,Louis Vuitton,Etoile Filante,https://www.fragrantica.com/perfume/Louis-Vuitton/Etoile-Filante-64314.html,CONFIRMED_IDENTITY_EXACT_CORPUS,1.0000,1.0000,PASS
2074-MAN,3470,Instant Crush,VERIFIED,EXACT_PERFUME_BRAND_TEXT,54885,Mancera,Instant Crush,https://www.fragrantica.com/perfume/Mancera/Instant-Crush-54885.html,EXACT_PERFUME_BRAND_TEXT,1.0000,1.0000,PASS
2075-TMFO,3472,COSTA AZZURA ACQUA,VERIFIED,SAFE_FUZZY_SAME_BRAND,52789,Tom Ford,Costa Azzurra Acqua,https://www.fragrantica.com/perfume/Tom-Ford/Costa-Azzurra-Acqua-52789.html,SAFE_FUZZY_SAME_BRAND,0.9730,0.9730,PASS
2085-CLIV,3455,X NEROLI LIMITED EDITION - CLIVE CHRISTIAN,NOT_FOUND,NO_FOUND_ID_FOR_CODE,,,,,,,0.0000,NOT_MAPPED
2086-VICT,3481,Bare,VERIFIED,EXACT_PERFUME_BRAND_TEXT,75277,Victoria s Secret,Bare,https://www.fragrantica.com/perfume/Victoria-s-Secret/Bare-75277.html,EXACT_PERFUME_BRAND_TEXT,1.0000,1.0000,PASS
2088-YZLO,4089,Y LE PARFUM,VERIFIED,EXACT_BRAND_CLEAN_NAME,64718,Yves Saint Laurent,Y Le Parfum,https://www.fragrantica.com/perfume/Yves-Saint-Laurent/Y-Le-Parfum-64718.html,EXACT_BRAND_CLEAN_NAME,1.0000,1.0000,PASS
2090-MNT,3509,Crazy-in-love,VERIFIED,EXACT_PERFUME_BRAND_TEXT,67108,Montale,Crazy In Love,https://www.fragrantica.com/perfume/Montale/Crazy-In-Love-67108.html,EXACT_PERFUME_BRAND_TEXT,1.0000,1.0000,PASS
2091-AMG,3507,Material,VERIFIED,EXACT_BRAND_CLEAN_NAME,66527,Amouage,Material,https://www.fragrantica.com/perfume/Amouage/Material-66527.html,EXACT_BRAND_CLEAN_NAME,1.0000,1.0000,PASS
2092-MAN,3508,Hindu Kush,VERIFIED,EXACT_PERFUME_BRAND_TEXT,49030,Mancera,Hindu Kush,https://www.fragrantica.com/perfume/Mancera/Hindu-Kush-49030.html,EXACT_PERFUME_BRAND_TEXT,1.0000,1.0000,PASS
2093-MNTB,3497,Lady Emblem,VERIFIED,EXACT_PERFUME_BRAND_TEXT,31425,Montblanc,Lady Emblem,https://www.fragrantica.com/perfume/Montblanc/Lady-Emblem-31425.html,EXACT_PERFUME_BRAND_TEXT,1.0000,1.0000,PASS
2094-SHIS,3494,Ever Bloom,VERIFIED,WEB_VERIFIED_FRAGRANTICA,31202,,,https://www.fragrantica.com/perfume/Shiseido/Ever-Bloom-31202.html,WEB_VERIFIED_FRAGRANTICA,1.0000,1.0000,PASS
2095-VICT,3488,Strawberries-champagne-eau-de-toilette,VERIFIED,EXACT_PERFUME_BRAND_TEXT,8000,Victoria s Secret,Strawberries and Champagne,https://www.fragrantica.com/perfume/Victoria-s-Secret/Strawberries-and-Champagne-8000.html,EXACT_PERFUME_BRAND_TEXT,1.0000,0.6875,REVIEW
2096-KEN,3489,Parfum D Ete,VERIFIED,WEB_VERIFIED_FRAGRANTICA,3402,Kenzo,Parfum d'Ete 1992,https://www.fragrantica.com/perfume/Kenzo/Parfum-d-Ete-1992-3402.html,WEB_VERIFIED_FRAGRANTICA,1.0000,1.0000,PASS
2097-ACQ,3628,Blue Mediterraneo,VERIFIED,SAFE_TOKEN_SAME_BRAND,3108,Acqua di Parma,Acqua di parma Blue Mediterraneo Mirto di Panarea,https://www.fragrantica.com/perfume/Acqua-di-Parma/Acqua-di-parma-Blue-Mediterraneo-Mirto-di-Panarea-3108.html,SAFE_TOKEN_SAME_BRAND,0.9560,1.0000,PASS
2098-MIC,3493,Twilight Shimmer,VERIFIED,WEB_VERIFIED_FRAGRANTICA,50396,,,https://www.fragrantica.com/perfume/Michael-Kors/Twilight-Shimmer-50396.html,WEB_VERIFIED_FRAGRANTICA,1.0000,1.0000,PASS
2099-MARG,3491,Autumn-vibes,VERIFIED,EXACT_BRAND_CLEAN_NAME,67789,Maison Martin Margiela,Autumn Vibes,https://www.fragrantica.com/perfume/Maison-Martin-Margiela/Autumn-Vibes-67789.html,EXACT_BRAND_CLEAN_NAME,1.0000,1.0000,PASS
2100-MARG,3492,Sailing-day,VERIFIED,EXACT_BRAND_CLEAN_NAME,47891,Maison Martin Margiela,Sailing Day,https://www.fragrantica.com/perfume/Maison-Martin-Margiela/Sailing-Day-47891.html,EXACT_BRAND_CLEAN_NAME,1.0000,1.0000,PASS
2101-KUR,3498,Masculin-pluriel,VERIFIED,EXACT_BRAND_CLEAN_NAME,26252,Maison Francis Kurkdjian,Masculin Pluriel,https://www.fragrantica.com/perfume/Maison-Francis-Kurkdjian/Masculin-Pluriel-26252.html,EXACT_BRAND_CLEAN_NAME,1.0000,1.0000,PASS
2102-MOS,3487,Fresh Couture,VERIFIED,EXACT_PERFUME_BRAND_TEXT,32393,Moschino,Fresh Couture,https://www.fragrantica.com/perfume/Moschino/Fresh-Couture-32393.html,EXACT_PERFUME_BRAND_TEXT,1.0000,1.0000,PASS
2103-EXN,3495,Vetiver Moloko,VERIFIED,EXACT_PERFUME_BRAND_TEXT,27564,Ex Nihilo,Vetiver Moloko,https://www.fragrantica.com/perfume/Ex-Nihilo/Vetiver-Moloko-27564.html,EXACT_PERFUME_BRAND_TEXT,1.0000,1.0000,PASS
2104-CHA,,1957,VERIFIED,SAFE_CONCENTRATION_EQUIVALENT,52483,Chanel,1957 Eau de Parfum,https://www.fragrantica.com/perfume/Chanel/1957-Eau-de-Parfum-52483.html,SAFE_CONCENTRATION_EQUIVALENT,0.9950,1.0000,PASS
2105-MNT,3483,Oud-pashmina,VERIFIED,EXACT_PERFUME_BRAND_TEXT,64641,Montale,Oud Pashmina,https://www.fragrantica.com/perfume/Montale/Oud-Pashmina-64641.html,EXACT_PERFUME_BRAND_TEXT,1.0000,1.0000,PASS
2106-MARC,,B683,NOT_FOUND,NO_CORPUS_CODE_MATCH,,,,,,,0.0000,NOT_MAPPED
2107-GUR,3484,Tonka Imperiale,VERIFIED,EXACT_PERFUME_BRAND_TEXT,8705,Guerlain,Tonka Imperiale,https://www.fragrantica.com/perfume/Guerlain/Tonka-Imperiale-8705.html,EXACT_PERFUME_BRAND_TEXT,1.0000,1.0000,PASS
2108-BDIK,3496,Creme-de-cuir-eau-de-,VERIFIED,EXACT_PERFUME_BRAND_TEXT,51469,BDK Parfums,Creme de Cuir,https://www.fragrantica.com/perfume/BDK-Parfums/Creme-de-Cuir-51469.html,EXACT_PERFUME_BRAND_TEXT,1.0000,1.0000,PASS
2109-LTN,3490,Cactus Garden,VERIFIED,CONFIRMED_IDENTITY_EXACT_CORPUS,53946,Louis Vuitton,Cactus Garden,https://www.fragrantica.com/perfume/Louis-Vuitton/Cactus-Garden-53946.html,CONFIRMED_IDENTITY_EXACT_CORPUS,1.0000,1.0000,PASS
2110-AMG,3499,Interlude 53 Man,VERIFIED,EXACT_BRAND_CLEAN_NAME,64153,Amouage,Interlude 53 Man,https://www.fragrantica.com/perfume/Amouage/Interlude-53-Man-64153.html,EXACT_BRAND_CLEAN_NAME,1.0000,1.0000,PASS
2111-BLG,3500,Aqva Pour Homme Atlantiqve,VERIFIED,EXACT_BRAND_CLEAN_NAME,42856,Bvlgari,Aqva Pour Homme Atlantiqve,https://www.fragrantica.com/perfume/Bvlgari/Aqva-Pour-Homme-Atlantiqve-42856.html,EXACT_BRAND_CLEAN_NAME,1.0000,1.0000,PASS
2112-GUC,3510,Rush Man,VERIFIED,WEB_VERIFIED_FRAGRANTICA,693,Gucci,Gucci Rush for Men,https://www.fragrantica.com/perfume/Gucci/Gucci-Rush-for-Men-693.html,WEB_VERIFIED_FRAGRANTICA,1.0000,1.0000,PASS
2113-XER,3501,Uden,VERIFIED,EXACT_BRAND_CLEAN_NAME,6306,Xerjoff,Uden,https://www.fragrantica.com/perfume/Xerjoff/Uden-6306.html,EXACT_BRAND_CLEAN_NAME,1.0000,1.0000,PASS
2114-HER,3515,Un-jardin-a-cythere-eau-de-toilette,VERIFIED,EXACT_PERFUME_BRAND_TEXT,79225,Hermes,Un Jardin a Cythere,https://www.fragrantica.com/perfume/Hermes/Un-Jardin-a-Cythere-79225.html,EXACT_PERFUME_BRAND_TEXT,1.0000,1.0000,PASS
2115-EST,3521,Oasis-dawn,VERIFIED,EXACT_PERFUME_BRAND_TEXT,76833,Estee Lauder,Oasis Dawn,https://www.fragrantica.com/perfume/Estee-Lauder/Oasis-Dawn-76833.html,EXACT_PERFUME_BRAND_TEXT,1.0000,1.0000,PASS
2116-ARM,3523,My-way-floral,VERIFIED,EXACT_BRAND_CLEAN_NAME,73284,Giorgio Armani,My Way Floral,https://www.fragrantica.com/perfume/Giorgio-Armani/My-Way-Floral-73284.html,EXACT_BRAND_CLEAN_NAME,1.0000,1.0000,PASS
2117-YZLO,3522,Libre-le-,VERIFIED,EXACT_BRAND_CLEAN_NAME,75676,Yves Saint Laurent,Libre Le Parfum,https://www.fragrantica.com/perfume/Yves-Saint-Laurent/Libre-Le-Parfum-75676.html,EXACT_BRAND_CLEAN_NAME,1.0000,1.0000,PASS
2118-GUC,3520,Bloom-intense,VERIFIED,SAFE_TOKEN_SAME_BRAND,79602,Gucci,Gucci Bloom Intense,https://www.fragrantica.com/perfume/Gucci/Gucci-Bloom-Intense-79602.html,SAFE_TOKEN_SAME_BRAND,0.9560,1.0000,PASS
2119-ARM,3524,My-way-,VERIFIED,EXACT_BRAND_CLEAN_NAME,78561,Giorgio Armani,My Way Parfum,https://www.fragrantica.com/perfume/Giorgio-Armani/My-Way-Parfum-78561.html,EXACT_BRAND_CLEAN_NAME,1.0000,1.0000,PASS
2120-CAR,3517,Lucky-charm,VERIFIED,EXACT_BRAND_CLEAN_NAME,77689,Carolina Herrera,Lucky Charm,https://www.fragrantica.com/perfume/Carolina-Herrera/Lucky-Charm-77689.html,EXACT_BRAND_CLEAN_NAME,1.0000,1.0000,PASS
2121-CAR,3518,Mad-world,VERIFIED,EXACT_BRAND_CLEAN_NAME,77688,Carolina Herrera,Mad World,https://www.fragrantica.com/perfume/Carolina-Herrera/Mad-World-77688.html,EXACT_BRAND_CLEAN_NAME,1.0000,1.0000,PASS
2122-GUR,3516,Aqua-allegoria-harvest-rosa-rossa,VERIFIED,EXACT_PERFUME_BRAND_TEXT,79472,Guerlain,Rosa Rossa Harvest,https://www.fragrantica.com/perfume/Guerlain/Rosa-Rossa-Harvest-79472.html,EXACT_PERFUME_BRAND_TEXT,1.0000,0.4961,REVIEW
2123-KIL,3514,Blue-moon-ginger-dash,VERIFIED,EXACT_PERFUME_BRAND_TEXT,79731,By Kilian,Blue Moon Ginger Dash,https://www.fragrantica.com/perfume/By-Kilian/Blue-Moon-Ginger-Dash-79731.html,EXACT_PERFUME_BRAND_TEXT,1.0000,1.0000,PASS
2124-CAR,3519,Alegria-de-vivir,VERIFIED,EXACT_BRAND_CLEAN_NAME,77692,Carolina Herrera,Alegria de Vivir,https://www.fragrantica.com/perfume/Carolina-Herrera/Alegria-de-Vivir-77692.html,EXACT_BRAND_CLEAN_NAME,1.0000,1.0000,PASS
2125-TRU,3536,The-italian-artists-of-via-solferino,VERIFIED,EXACT_BRAND_CLEAN_NAME,73547,Trussardi,The Italian Artists of Via Solferino,https://www.fragrantica.com/perfume/Trussardi/The-Italian-Artists-of-Via-Solferino-73547.html,EXACT_BRAND_CLEAN_NAME,1.0000,1.0000,PASS
2126-GIV,3535,MMW,VERIFIED,EXACT_BRAND_CLEAN_NAME,74819,Givenchy,MMW,https://www.fragrantica.com/perfume/Givenchy/MMW-74819.html,EXACT_BRAND_CLEAN_NAME,1.0000,1.0000,PASS
2127-HUG,3537,Boss-bottled-pacific,VERIFIED,EXACT_BRAND_CLEAN_NAME,79762,Hugo Boss,Boss Bottled Pacific,https://www.fragrantica.com/perfume/Hugo-Boss/Boss-Bottled-Pacific-79762.html,EXACT_BRAND_CLEAN_NAME,1.0000,1.0000,PASS
2128-BEN,3538,WE ARE TRIBE - ΒΕΝΕΤΤΟΝ,VERIFIED,EXACT_BRAND_CLEAN_NAME,77611,Benetton,We Are Tribe,https://www.fragrantica.com/perfume/Benetton/We-Are-Tribe-77611.html,EXACT_BRAND_CLEAN_NAME,1.0000,1.0000,PASS
2129-SOL,3512,Cheirosa-62-brazilian-crush-cheirosa-62-perfume-mist,VERIFIED,SAFE_TOKEN_SAME_BRAND,56062,Sol de Janeiro,Cheirosa 62,https://www.fragrantica.com/perfume/Sol-de-Janeiro/Cheirosa-62-56062.html,SAFE_TOKEN_SAME_BRAND,0.9560,1.0000,PASS
2130-AMG,3564,Reflection Man,VERIFIED,EXACT_PERFUME_BRAND_TEXT,920,Amouage,Reflection Man,https://www.fragrantica.com/perfume/Amouage/Reflection-Man-920.html,EXACT_PERFUME_BRAND_TEXT,1.0000,1.0000,PASS
2131-CRD,3565,Neroli Sauvage,VERIFIED,EXACT_BRAND_CLEAN_NAME,475,Creed,Neroli Sauvage,https://www.fragrantica.com/perfume/Creed/Neroli-Sauvage-475.html,EXACT_BRAND_CLEAN_NAME,1.0000,1.0000,PASS
2132-DRC,3566,Oud-rosewood-eau-de-,VERIFIED,EXACT_BRAND_CLEAN_NAME,60318,Dior,Oud Rosewood,https://www.fragrantica.com/perfume/Dior/Oud-Rosewood-60318.html,EXACT_BRAND_CLEAN_NAME,1.0000,1.0000,PASS
2133-FRE,3567,Lipstick Rose Eau de Parfum,NOT_FOUND,NO_CORPUS_CODE_MATCH,,,,,,,0.0000,NOT_MAPPED
2134-MEM,3568,Ocean-leather,VERIFIED,EXACT_PERFUME_BRAND_TEXT,60587,Memo Paris,Ocean Leather,https://www.fragrantica.com/perfume/Memo-Paris/Ocean-Leather-60587.html,EXACT_PERFUME_BRAND_TEXT,1.0000,1.0000,PASS
2135-KUR,3569,Aqua Celestia,VERIFIED,EXACT_BRAND_CLEAN_NAME,42268,Maison Francis Kurkdjian,Aqua Celestia,https://www.fragrantica.com/perfume/Maison-Francis-Kurkdjian/Aqua-Celestia-42268.html,EXACT_BRAND_CLEAN_NAME,1.0000,1.0000,PASS
2136-PARF,3563,Valaya,VERIFIED,CONFIRMED_IDENTITY_EXACT_CORPUS,78574,Parfums de Marly,Valaya,https://www.fragrantica.com/perfume/Parfums-de-Marly/Valaya-78574.html,CONFIRMED_IDENTITY_EXACT_CORPUS,1.0000,1.0000,PASS
2137-ROJ,3570,GREAT BRITAIN - ROJA DOVE,VERIFIED,WEB_VERIFIED_FRAGRANTICA,32537,,,https://www.fragrantica.com/perfume/Roja-Dove/Great-Britain-32537.html,WEB_VERIFIED_FRAGRANTICA,1.0000,1.0000,PASS
2138-TMFO,3571,London,VERIFIED,EXACT_BRAND_CLEAN_NAME,18883,Tom Ford,London,https://www.fragrantica.com/perfume/Tom-Ford/London-18883.html,EXACT_BRAND_CLEAN_NAME,1.0000,1.0000,PASS
2139-XER,3572,Cruz-del-sur-i,VERIFIED,EXACT_BRAND_CLEAN_NAME,46097,Xerjoff,Cruz del Sur I,https://www.fragrantica.com/perfume/Xerjoff/Cruz-del-Sur-I-46097.html,EXACT_BRAND_CLEAN_NAME,1.0000,1.0000,PASS
2140-XER,3573,Starlight,VERIFIED,EXACT_BRAND_CLEAN_NAME,58246,Xerjoff,Starlight,https://www.fragrantica.com/perfume/Xerjoff/Starlight-58246.html,EXACT_BRAND_CLEAN_NAME,1.0000,1.0000,PASS
2141-LTN,3588,Stellar Times,VERIFIED,CONFIRMED_IDENTITY_EXACT_CORPUS,68356,Louis Vuitton,Stellar Times,https://www.fragrantica.com/perfume/Louis-Vuitton/Stellar-Times-68356.html,CONFIRMED_IDENTITY_EXACT_CORPUS,1.0000,1.0000,PASS
2142-PARF,3574,PEGASUS EXCLUSIVE - PARFUMS DE MARLY,VERIFIED,SAFE_FUZZY_SAME_BRAND,63100,Parfums de Marly,Pegasus Exclusif,https://www.fragrantica.com/perfume/Parfums-de-Marly/Pegasus-Exclusif-63100.html,SAFE_FUZZY_SAME_BRAND,0.9091,0.6400,REVIEW
2143-XER,3589,Amber-star,VERIFIED,EXACT_BRAND_CLEAN_NAME,21618,Xerjoff,Amber Star,https://www.fragrantica.com/perfume/Xerjoff/Amber-Star-21618.html,EXACT_BRAND_CLEAN_NAME,1.0000,1.0000,PASS
2144-ARM,3587,STRONGER WITH YOU LIMITED EDITION,VERIFIED,EXACT_BRAND_CLEAN_NAME,79166,Giorgio Armani,Stronger With You Limited Edition,https://www.fragrantica.com/perfume/Giorgio-Armani/Stronger-With-You-Limited-Edition-79166.html,EXACT_BRAND_CLEAN_NAME,1.0000,1.0000,PASS
2147-TMFO,3592,Electric-cherry-eau-de-,VERIFIED,EXACT_BRAND_CLEAN_NAME,78583,Tom Ford,Electric Cherry,https://www.fragrantica.com/perfume/Tom-Ford/Electric-Cherry-78583.html,EXACT_BRAND_CLEAN_NAME,1.0000,1.0000,PASS
2148-BAT,3596,Pure-wonder-eau-de-,VERIFIED,WEB_VERIFIED_FRAGRANTICA,70500,,,https://www.fragrantica.com/perfume/Bath-Body-Works/Pure-Wonder-70500.html,WEB_VERIFIED_FRAGRANTICA,1.0000,1.0000,PASS
2149-ESC,3595,Santorini-sunrise,VERIFIED,WEB_VERIFIED_FRAGRANTICA,78425,Escada,Santorini Sunrise,https://www.fragrantica.com/p/78425,WEB_VERIFIED_FRAGRANTICA,1.0000,1.0000,PASS
2150-LEL,3593,The-matcha-26,VERIFIED,EXACT_PERFUME_BRAND_TEXT,69731,Le Labo,The Matcha 26,https://www.fragrantica.com/perfume/Le-Labo/The-Matcha-26-69731.html,EXACT_PERFUME_BRAND_TEXT,1.0000,1.0000,PASS
2151-GIV,3602,Gentleman-society-eau-de-,VERIFIED,EXACT_BRAND_CLEAN_NAME,78639,Givenchy,Gentleman Society,https://www.fragrantica.com/perfume/Givenchy/Gentleman-Society-78639.html,EXACT_BRAND_CLEAN_NAME,1.0000,1.0000,PASS
2152-XER,3597,Apollonia,VERIFIED,EXACT_BRAND_CLEAN_NAME,55970,Xerjoff,Apollonia,https://www.fragrantica.com/perfume/Xerjoff/Apollonia-55970.html,EXACT_BRAND_CLEAN_NAME,1.0000,1.0000,PASS
2153-KAY,3621,Deja-vu-white-flower-57-eau-de-,VERIFIED,EXACT_PERFUME_BRAND_TEXT,59093,Kayali Fragrances,Deja Vu White Flower 57,https://www.fragrantica.com/perfume/Kayali-Fragrances/Deja-Vu-White-Flower-57-59093.html,EXACT_PERFUME_BRAND_TEXT,1.0000,1.0000,PASS
2154-KAY,3622,Utopia-vanilla-coco-21,VERIFIED,EXACT_PERFUME_BRAND_TEXT,68220,Kayali Fragrances,Utopia Vanilla Coco 21,https://www.fragrantica.com/perfume/Kayali-Fragrances/Utopia-Vanilla-Coco-21-68220.html,EXACT_PERFUME_BRAND_TEXT,1.0000,1.0000,PASS
2155-KAY,3618,Yum Pistachio Gelato 33,VERIFIED,CONFIRMED_IDENTITY_EXACT_CORPUS,79846,Kayali Fragrances,Yum Pistachio Gelato 33,https://www.fragrantica.com/perfume/Kayali-Fragrances/Yum-Pistachio-Gelato-33-79846.html,CONFIRMED_IDENTITY_EXACT_CORPUS,1.0000,1.0000,PASS
2156-NRO,3617,For-her-forever,VERIFIED,SAFE_TOKEN_SAME_BRAND,78835,Narciso Rodriguez,Narciso Rodriguez For Her Forever,https://www.fragrantica.com/perfume/Narciso-Rodriguez/Narciso-Rodriguez-For-Her-Forever-78835.html,SAFE_TOKEN_SAME_BRAND,0.9760,1.0000,PASS
2157-BLG,3623,MA MAGNIFICΑ,VERIFIED,SAFE_FUZZY_SAME_BRAND,79715,Bvlgari,Ma magnifica,https://www.fragrantica.com/perfume/Bvlgari/Ma-magnifica-79715.html,SAFE_FUZZY_SAME_BRAND,0.9565,1.0000,PASS
2158-MNT,3616,Rendez-vous-a-paris,VERIFIED,EXACT_PERFUME_BRAND_TEXT,82127,Montale,Rendez vous a Paris,https://www.fragrantica.com/perfume/Montale/Rendez-vous-a-Paris-82127.html,EXACT_PERFUME_BRAND_TEXT,1.0000,1.0000,PASS
2159-CAR,3619,Call-me-darling,VERIFIED,EXACT_BRAND_CLEAN_NAME,77691,Carolina Herrera,Call Me Darling,https://www.fragrantica.com/perfume/Carolina-Herrera/Call-Me-Darling-77691.html,EXACT_BRAND_CLEAN_NAME,1.0000,1.0000,PASS
2160-ZAR,,BARBIE,VERIFIED,EXACT_PERFUME_BRAND_TEXT,83741,Zara,Barbie,https://www.fragrantica.com/perfume/Zara/Barbie-83741.html,EXACT_PERFUME_BRAND_TEXT,1.0000,1.0000,PASS
2161-GUR,3792,Aqua Allegoria Mandarine Basilic,VERIFIED,EXACT_PERFUME_BRAND_TEXT,2060,Guerlain,Aqua Allegoria Mandarine Basilic,https://www.fragrantica.com/perfume/Guerlain/Aqua-Allegoria-Mandarine-Basilic-2060.html,EXACT_PERFUME_BRAND_TEXT,1.0000,1.0000,PASS
2162-BRB,3687,Goddess,VERIFIED,EXACT_BRAND_CLEAN_NAME,83483,Burberry,Goddess,https://www.fragrantica.com/perfume/Burberry/Goddess-83483.html,EXACT_BRAND_CLEAN_NAME,1.0000,1.0000,PASS
2163-SNI,3799,Dead Dinosaur,VERIFIED,WEB_VERIFIED_FRAGRANTICA,77309,Snif,Dead Dinosaur,https://www.fragrantica.com/p/77309,WEB_VERIFIED_FRAGRANTICA,1.0000,1.0000,PASS
2164-LAT,3788,KHAMRAH - LATTAFA Inspired Perfume,VERIFIED,WEB_VERIFIED_FRAGRANTICA,75805,Lattafa Perfumes,Khamrah,https://www.fragrantica.com/p/75805,WEB_VERIFIED_FRAGRANTICA,1.0000,1.0000,PASS
2165-KAY,3661,Vanilla-royale-sugared-patchouli-64,VERIFIED,WEB_VERIFIED_FRAGRANTICA,77430,Kayali Fragrances,Vanilla Royale Sugared Patchouli 64 Eau De Parfum Intense,https://www.fragrantica.com/p/77430,WEB_VERIFIED_FRAGRANTICA,1.0000,1.0000,PASS
2167-GUL,3786,Le-male-elixir,VERIFIED,EXACT_BRAND_CLEAN_NAME,81642,Jean Paul Gaultier,Le Male Elixir,https://www.fragrantica.com/perfume/Jean-Paul-Gaultier/Le-Male-Elixir-81642.html,EXACT_BRAND_CLEAN_NAME,1.0000,1.0000,PASS
2168-MARG,3796,UNDER THE LEMON TREE,VERIFIED,EXACT_BRAND_CLEAN_NAME,53379,Maison Martin Margiela,Under The Lemon Tree,https://www.fragrantica.com/perfume/Maison-Martin-Margiela/Under-The-Lemon-Tree-53379.html,EXACT_BRAND_CLEAN_NAME,1.0000,1.0000,PASS
2169-ROJ,3808,TI AMO - ROJA DOVE,VERIFIED,WEB_VERIFIED_FRAGRANTICA,34996,Roja Dove,Ti Amo,https://www.fragrantica.com/p/34996,WEB_VERIFIED_FRAGRANTICA,1.0000,1.0000,PASS
2170-BOA,3629,Ardent-eau-de-,VERIFIED,EXACT_UNIQUE_NAME,20516,Boadicea the Victorious,Ardent,https://www.fragrantica.com/perfume/Boadicea-the-Victorious/Ardent-20516.html,EXACT_UNIQUE_NAME,1.0000,1.0000,PASS
2171-XER,3630,Nio,VERIFIED,CONFIRMED_IDENTITY_EXACT_CORPUS,10244,Xerjoff,Nio,https://www.fragrantica.com/perfume/Xerjoff/Nio-10244.html,CONFIRMED_IDENTITY_EXACT_CORPUS,1.0000,1.0000,PASS
2172-SWISA,,KASHKHA,NOT_FOUND,NO_CORPUS_CODE_MATCH,,,,,,,0.0000,NOT_MAPPED
2173-ANFAD,,SUKAR,NOT_FOUND,NO_CORPUS_CODE_MATCH,,,,,,,0.0000,NOT_MAPPED
2174-ZIE,3638,Vanilla-blend,VERIFIED,WEB_VERIFIED_FRAGRANTICA,65069,Zielinski & Rozen,Vanilla Blend,https://www.fragrantica.com/p/65069,WEB_VERIFIED_FRAGRANTICA,1.0000,1.0000,PASS
2175-ESCE,3632,Molecule-01-mandarin,VERIFIED,WEB_VERIFIED_FRAGRANTICA,66047,Escentric Molecules,Molecule 01 + Mandarin,https://www.fragrantica.com/p/66047,WEB_VERIFIED_FRAGRANTICA,1.0000,1.0000,PASS
2176-TMFO,3671,Velvet Orchid Lumiere,VERIFIED,EXACT_BRAND_CLEAN_NAME,40986,Tom Ford,Velvet Orchid Lumiere,https://www.fragrantica.com/perfume/Tom-Ford/Velvet-Orchid-Lumiere-40986.html,EXACT_BRAND_CLEAN_NAME,1.0000,1.0000,PASS
2177-SERG,3670,Un Bois Vanille,VERIFIED,EXACT_PERFUME_BRAND_TEXT,478,Serge Lutens,Un Bois Vanille,https://www.fragrantica.com/perfume/Serge-Lutens/Un-Bois-Vanille-478.html,EXACT_PERFUME_BRAND_TEXT,1.0000,1.0000,PASS
2178-MON,3672,pour Homme,VERIFIED,WEB_VERIFIED_FRAGRANTICA,69818,Moncler,Moncler pour Homme,https://www.fragrantica.com/p/69818,WEB_VERIFIED_FRAGRANTICA,1.0000,1.0000,PASS
2179-PEN,3669,Tralala,VERIFIED,EXACT_BRAND_CLEAN_NAME,23081,Penhaligon s,Tralala,https://www.fragrantica.com/perfume/Penhaligon-s/Tralala-23081.html,EXACT_BRAND_CLEAN_NAME,1.0000,1.0000,PASS
2180-VAL,3676,VOCE VIVA INTENSE,VERIFIED,SAFE_TOKEN_SAME_BRAND,62754,Valentino,Voce Viva,https://www.fragrantica.com/perfume/Valentino/Voce-Viva-62754.html,SAFE_TOKEN_SAME_BRAND,0.9560,1.0000,PASS
2181-AMG,3675,Love Tuberose,VERIFIED,EXACT_BRAND_CLEAN_NAME,50889,Amouage,Love Tuberose,https://www.fragrantica.com/perfume/Amouage/Love-Tuberose-50889.html,EXACT_BRAND_CLEAN_NAME,1.0000,1.0000,PASS
2182-JOM,3674,Honeysuckle  Davana,VERIFIED,SAFE_TOKEN_SAME_BRAND,51266,Jo Malone London,Honeysuckle Davana,https://www.fragrantica.com/perfume/Jo-Malone-London/Honeysuckle-Davana-51266.html,SAFE_TOKEN_SAME_BRAND,0.9440,1.0000,PASS
2183-MIY,3673,Miu-miu-fleur-de-lait,VERIFIED,WEB_VERIFIED_FRAGRANTICA,78755,Miu Miu,Miu Miu Fleur de Lait,https://www.fragrantica.com/p/78755,WEB_VERIFIED_FRAGRANTICA,1.0000,1.0000,PASS
2184-KIL,3684,Incense Oud,VERIFIED,EXACT_PERFUME_BRAND_TEXT,11090,By Kilian,Incense Oud,https://www.fragrantica.com/perfume/By-Kilian/Incense-Oud-11090.html,EXACT_PERFUME_BRAND_TEXT,1.0000,1.0000,PASS
2185-DRC,3681,Eau Sauvage Extrme Intense,VERIFIED,EXACT_BRAND_CLEAN_NAME,72771,Dior,Eau Sauvage Extreme 2010,https://www.fragrantica.com/perfume/Dior/Eau-Sauvage-Extreme-2010-72771.html,EXACT_BRAND_CLEAN_NAME,1.0000,0.7600,REVIEW
2186-PARF,3685,Godolphin,VERIFIED,EXACT_PERFUME_BRAND_TEXT,11771,Parfums de Marly,Godolphin,https://www.fragrantica.com/perfume/Parfums-de-Marly/Godolphin-11771.html,EXACT_PERFUME_BRAND_TEXT,1.0000,1.0000,PASS
2187-INI,3683,Rehab,VERIFIED,EXACT_PERFUME_BRAND_TEXT,50351,Initio Parfums Prives,Rehab,https://www.fragrantica.com/perfume/Initio-Parfums-Prives/Rehab-50351.html,EXACT_PERFUME_BRAND_TEXT,1.0000,1.0000,PASS
2188-INI,3682,High Frequency,VERIFIED,EXACT_PERFUME_BRAND_TEXT,42259,Initio Parfums Prives,High Frequency,https://www.fragrantica.com/perfume/Initio-Parfums-Prives/High-Frequency-42259.html,EXACT_PERFUME_BRAND_TEXT,1.0000,1.0000,PASS
2189-ARM,,STRONGER WITH YOU OUD,NOT_FOUND,NO_CORPUS_CODE_MATCH,,,,,,,0.0000,NOT_MAPPED
2190-ROJ,,DIAGHILEV,VERIFIED,WEB_VERIFIED_FRAGRANTICA,10109,,,https://www.fragrantica.com/perfume/Roja-Dove/Diaghilev-10109.html,WEB_VERIFIED_FRAGRANTICA,1.0000,1.0000,PASS
2191-XER,3729,Bouquet Ideale,VERIFIED,EXACT_BRAND_CLEAN_NAME,11800,Xerjoff,Bouquet Ideale,https://www.fragrantica.com/perfume/Xerjoff/Bouquet-Ideale-11800.html,EXACT_BRAND_CLEAN_NAME,1.0000,1.0000,PASS
2192-LTN,3727,Fleur du Désert,VERIFIED,CONFIRMED_IDENTITY_EXACT_CORPUS,73006,Louis Vuitton,Fleur du Desert,https://www.fragrantica.com/perfume/Louis-Vuitton/Fleur-du-Desert-73006.html,CONFIRMED_IDENTITY_EXACT_CORPUS,1.0000,0.9333,PASS
2193-LTN,,NOUVEAU MONDE,VERIFIED,WEB_VERIFIED_FRAGRANTICA,49753,,,https://www.fragrantica.com/perfume/Louis-Vuitton/Nouveau-Monde-49753.html,WEB_VERIFIED_FRAGRANTICA,1.0000,1.0000,PASS
2194-ORT,3732,Cuoium,VERIFIED,EXACT_UNIQUE_NAME,119473,Al Qasim Oud,ORTO,https://www.fragrantica.com/perfume/Al-Qasim-Oud/ORTO-119473.html,EXACT_UNIQUE_NAME,1.0000,0.2000,REVIEW
2195-LEL,3726,Fleur D Oranger 27,VERIFIED,EXACT_PERFUME_BRAND_TEXT,6331,Le Labo,Fleur d Oranger 27,https://www.fragrantica.com/perfume/Le-Labo/Fleur-d-Oranger-27-6331.html,EXACT_PERFUME_BRAND_TEXT,1.0000,1.0000,PASS
2196-BYR,3725,Open-sky,VERIFIED,EXACT_BRAND_CLEAN_NAME,66825,Byredo,Open Sky,https://www.fragrantica.com/perfume/Byredo/Open-Sky-66825.html,EXACT_BRAND_CLEAN_NAME,1.0000,1.0000,PASS
2197-MNT,3731,Soleil De Capri,VERIFIED,EXACT_PERFUME_BRAND_TEXT,3767,Montale,Soleil de Capri,https://www.fragrantica.com/perfume/Montale/Soleil-de-Capri-3767.html,EXACT_PERFUME_BRAND_TEXT,1.0000,1.0000,PASS
2198-MNT,3730,WOOD ON FIRE - MONTALE Inspired Perfume,VERIFIED,WEB_VERIFIED_FRAGRANTICA,71301,Montale,Wood On Fire,https://www.fragrantica.com/p/71301,WEB_VERIFIED_FRAGRANTICA,1.0000,1.0000,PASS
2199-LAT,3717,KHALIS MUSK (PURE MUSK) - LATTAFA,VERIFIED,EXACT_PERFUME_BRAND_TEXT,25880,Lattafa Perfumes,Khalis Musk Pure Musk,https://www.fragrantica.com/perfume/Lattafa-Perfumes/Khalis-Musk-Pure-Musk-25880.html,EXACT_PERFUME_BRAND_TEXT,1.0000,1.0000,PASS
2201-LTN,3790,Pacific Chill,VERIFIED,CONFIRMED_IDENTITY_EXACT_CORPUS,81423,Louis Vuitton,Pacific Chill,https://www.fragrantica.com/perfume/Louis-Vuitton/Pacific-Chill-81423.html,CONFIRMED_IDENTITY_EXACT_CORPUS,1.0000,1.0000,PASS
2202-ROJ,3798,ISOLA BLU - ROJA DOVE,VERIFIED,WEB_VERIFIED_FRAGRANTICA,80177,Roja Dove,Isola Blu,https://www.fragrantica.com/p/80177,WEB_VERIFIED_FRAGRANTICA,1.0000,1.0000,PASS
2203-ARM,3789,ROSE MILANO,VERIFIED,EXACT_BRAND_CLEAN_NAME,58911,Giorgio Armani,Rose Milano,https://www.fragrantica.com/perfume/Giorgio-Armani/Rose-Milano-58911.html,EXACT_BRAND_CLEAN_NAME,1.0000,1.0000,PASS
2204-TMFO,3787,the notes SOLEIL DE FEU,VERIFIED,SAFE_TOKEN_SAME_BRAND,80083,Tom Ford,Soleil de Feu,https://www.fragrantica.com/perfume/Tom-Ford/Soleil-de-Feu-80083.html,SAFE_TOKEN_SAME_BRAND,0.9760,1.0000,PASS
2205-TMU,3785,Alien-goddess-eau-de-parfum-intense,VERIFIED,EXACT_BRAND_CLEAN_NAME,74871,Mugler,Alien Goddess Intense,https://www.fragrantica.com/perfume/Mugler/Alien-Goddess-Intense-74871.html,EXACT_BRAND_CLEAN_NAME,1.0000,0.8571,PASS
2206-GIA,3791,Bianco Latte,VERIFIED,CONFIRMED_IDENTITY_EXACT_CORPUS,64757,Giardini Di Toscana,Bianco Latte,https://www.fragrantica.com/perfume/Giardini-Di-Toscana/Bianco-Latte-64757.html,CONFIRMED_IDENTITY_EXACT_CORPUS,1.0000,1.0000,PASS
2207-BLG,3812,Spettacolore,VERIFIED,EXACT_BRAND_CLEAN_NAME,71542,Bvlgari,Spettacolore,https://www.fragrantica.com/perfume/Bvlgari/Spettacolore-71542.html,EXACT_BRAND_CLEAN_NAME,1.0000,1.0000,PASS
2208-TMU,3724,Angel-elixir,VERIFIED,EXACT_BRAND_CLEAN_NAME,78581,Mugler,Angel Elixir,https://www.fragrantica.com/perfume/Mugler/Angel-Elixir-78581.html,EXACT_BRAND_CLEAN_NAME,1.0000,1.0000,PASS
2209-MATIE,3797,CRYSTAL SAFFRON - MATIERE PREMIERE,VERIFIED,EXACT_PERFUME_BRAND_TEXT,76131,Matiere Premiere,Crystal Saffron,https://www.fragrantica.com/perfume/Matiere-Premiere/Crystal-Saffron-76131.html,EXACT_PERFUME_BRAND_TEXT,1.0000,1.0000,PASS
2210-JOM,3793,Orange Bitters Cologne (2023) - Jo Malone,VERIFIED,EXACT_BRAND_CLEAN_NAME,87710,Jo Malone London,Orange Bitters Cologne 2023,https://www.fragrantica.com/perfume/Jo-Malone-London/Orange-Bitters-Cologne-2023-87710.html,EXACT_BRAND_CLEAN_NAME,1.0000,1.0000,PASS
2211-YZLO,3794,Myslf-eau-de-,VERIFIED,SAFE_CONCENTRATION_EQUIVALENT,84094,Yves Saint Laurent,MYSLF Eau de Parfum,https://www.fragrantica.com/perfume/Yves-Saint-Laurent/MYSLF-Eau-de-Parfum-84094.html,SAFE_CONCENTRATION_EQUIVALENT,0.9950,1.0000,PASS
2212-AMG,3810,Epic-56-woman,VERIFIED,EXACT_BRAND_CLEAN_NAME,69700,Amouage,Epic 56 Woman,https://www.fragrantica.com/perfume/Amouage/Epic-56-Woman-69700.html,EXACT_BRAND_CLEAN_NAME,1.0000,1.0000,PASS
2213-AMG,3813,Opus-xiv-royal-tobacco,VERIFIED,EXACT_BRAND_CLEAN_NAME,75064,Amouage,Opus XIV Royal Tobacco,https://www.fragrantica.com/perfume/Amouage/Opus-XIV-Royal-Tobacco-75064.html,EXACT_BRAND_CLEAN_NAME,1.0000,1.0000,PASS
2214-CAR,3802,Stallion-leather,VERIFIED,EXACT_BRAND_CLEAN_NAME,79237,Carolina Herrera,Stallion Leather,https://www.fragrantica.com/perfume/Carolina-Herrera/Stallion-Leather-79237.html,EXACT_BRAND_CLEAN_NAME,1.0000,1.0000,PASS
2215-CAR,3795,Good-girl-fantastic-pink,VERIFIED,EXACT_BRAND_CLEAN_NAME,58923,Carolina Herrera,Good Girl Fantastic Pink,https://www.fragrantica.com/perfume/Carolina-Herrera/Good-Girl-Fantastic-Pink-58923.html,EXACT_BRAND_CLEAN_NAME,1.0000,1.0000,PASS
2216-DOL,3814,Devotion-eau-de-,VERIFIED,WEB_VERIFIED_FRAGRANTICA,84951,Dolce&Gabbana,Devotion,https://www.fragrantica.com/p/84951,WEB_VERIFIED_FRAGRANTICA,1.0000,1.0000,PASS
2217-NRO,3815,ALL OF ME - RODRIG,VERIFIED,SAFE_TOKEN_SAME_BRAND,84201,Narciso Rodriguez,All Of Me,https://www.fragrantica.com/perfume/Narciso-Rodriguez/All-Of-Me-84201.html,SAFE_TOKEN_SAME_BRAND,0.9760,1.0000,PASS
2218-ARM,3819,BLEU TURQUOISE,VERIFIED,SAFE_TOKEN_SAME_BRAND,48060,Giorgio Armani,Armani Prive Bleu Turquoise,https://www.fragrantica.com/perfume/Giorgio-Armani/Armani-Prive-Bleu-Turquoise-48060.html,SAFE_TOKEN_SAME_BRAND,0.9560,1.0000,PASS
2219-AJMA,3803,Amber Wood,VERIFIED,SAFE_TOKEN_SAME_BRAND,26016,Ajmal,Amber Wood,https://www.fragrantica.com/perfume/Ajmal/Amber-Wood-26016.html,SAFE_TOKEN_SAME_BRAND,0.9560,1.0000,PASS
2220-AL HAR,,HAYATI,NOT_FOUND,NO_CORPUS_CODE_MATCH,,,,,,,0.0000,NOT_MAPPED
2221-AMG,3817,Beach Hut Man,VERIFIED,EXACT_BRAND_CLEAN_NAME,46336,Amouage,Beach Hut Man,https://www.fragrantica.com/perfume/Amouage/Beach-Hut-Man-46336.html,EXACT_BRAND_CLEAN_NAME,1.0000,1.0000,PASS
2222-AMG,3809,Epic Woman Eau de Parfum,VERIFIED,EXACT_BRAND_CLEAN_NAME,6538,Amouage,Epic Woman,https://www.fragrantica.com/perfume/Amouage/Epic-Woman-6538.html,EXACT_BRAND_CLEAN_NAME,1.0000,1.0000,PASS
2223-AMG,3822,Reflection 45 Man,VERIFIED,EXACT_BRAND_CLEAN_NAME,69488,Amouage,Reflection 45 Man,https://www.fragrantica.com/perfume/Amouage/Reflection-45-Man-69488.html,EXACT_BRAND_CLEAN_NAME,1.0000,1.0000,PASS
2224-ARM,3818,DIAMONDS WOMAN,VERIFIED,WEB_VERIFIED_FRAGRANTICA,1292,Giorgio Armani,Emporio Armani Diamonds,https://www.fragrantica.com/p/1292,WEB_VERIFIED_FRAGRANTICA,1.0000,1.0000,PASS
2225-BON,3820,Lafayette Street,VERIFIED,EXACT_BRAND_CLEAN_NAME,51742,Bond No 9,Lafayette Street,https://www.fragrantica.com/perfume/Bond-No-9/Lafayette-Street-51742.html,EXACT_BRAND_CLEAN_NAME,1.0000,1.0000,PASS
2226-BON,3821,The Scent Of Peace For Him,VERIFIED,EXACT_BRAND_CLEAN_NAME,20551,Bond No 9,The Scent of Peace for Him,https://www.fragrantica.com/perfume/Bond-No-9/The-Scent-of-Peace-for-Him-20551.html,EXACT_BRAND_CLEAN_NAME,1.0000,1.0000,PASS
2227-CRD,3816,Tabarome,VERIFIED,EXACT_BRAND_CLEAN_NAME,470,Creed,Tabarome,https://www.fragrantica.com/perfume/Creed/Tabarome-470.html,EXACT_BRAND_CLEAN_NAME,1.0000,1.0000,PASS
2228-ESCE,3823,Molecule-01-iris,VERIFIED,WEB_VERIFIED_FRAGRANTICA,66048,Escentric Molecules,Molecule 01 + Iris,https://www.fragrantica.com/p/66048,WEB_VERIFIED_FRAGRANTICA,1.0000,1.0000,PASS
2229-ESCE,3824,Molecule-01-patchouli,VERIFIED,WEB_VERIFIED_FRAGRANTICA,66049,Escentric Molecules,Molecule 01 + Patchouli,https://www.fragrantica.com/p/66049,WEB_VERIFIED_FRAGRANTICA,1.0000,1.0000,PASS
2230-VAR,3805,Dark Rebel,VERIFIED,WEB_VERIFIED_FRAGRANTICA,31760,John Varvatos,Dark Rebel,https://www.fragrantica.com/p/31760,WEB_VERIFIED_FRAGRANTICA,1.0000,1.0000,PASS
2231-NISH,3811,Sultan Vetiver,VERIFIED,EXACT_PERFUME_BRAND_TEXT,30574,Nishane,Sultan Vetiver,https://www.fragrantica.com/perfume/Nishane/Sultan-Vetiver-30574.html,EXACT_PERFUME_BRAND_TEXT,1.0000,1.0000,PASS
2232-PEN,3806,Clandestine-clara,VERIFIED,EXACT_BRAND_CLEAN_NAME,43808,Penhaligon s,Clandestine Clara,https://www.fragrantica.com/perfume/Penhaligon-s/Clandestine-Clara-43808.html,EXACT_BRAND_CLEAN_NAME,1.0000,1.0000,PASS
2233-YZLO,3807,La-nuit-de-l-homme-bleu-electrique,VERIFIED,EXACT_BRAND_CLEAN_NAME,67997,Yves Saint Laurent,La Nuit de L Homme Bleu Electrique,https://www.fragrantica.com/perfume/Yves-Saint-Laurent/La-Nuit-de-L-Homme-Bleu-Electrique-67997.html,EXACT_BRAND_CLEAN_NAME,1.0000,1.0000,PASS
2234-MON,3827,pour Femme,VERIFIED,WEB_VERIFIED_FRAGRANTICA,69819,Moncler,Moncler pour Femme,https://www.fragrantica.com/p/69819,WEB_VERIFIED_FRAGRANTICA,1.0000,1.0000,PASS
2235-PRA,3828,Paradoxe-intense,VERIFIED,SAFE_TOKEN_SAME_BRAND,83988,Prada,Prada Paradoxe Intense,https://www.fragrantica.com/perfume/Prada/Prada-Paradoxe-Intense-83988.html,SAFE_TOKEN_SAME_BRAND,0.9860,1.0000,PASS
2236-NISH,3829,Kredo,VERIFIED,EXACT_PERFUME_BRAND_TEXT,74670,Nishane,Kredo,https://www.fragrantica.com/perfume/Nishane/Kredo-74670.html,EXACT_PERFUME_BRAND_TEXT,1.0000,1.0000,PASS
2237-VER,3830,Gingembre-petillant,VERIFIED,EXACT_BRAND_CLEAN_NAME,70884,Versace,Gingembre Petillant,https://www.fragrantica.com/perfume/Versace/Gingembre-Petillant-70884.html,EXACT_BRAND_CLEAN_NAME,1.0000,1.0000,PASS
2240-PAC,3825,ONE MILLION ELIXIR,VERIFIED,SAFE_FUZZY_SAME_BRAND,71708,Rabanne,1 Million Elixir,https://www.fragrantica.com/perfume/Rabanne/1-Million-Elixir-71708.html,SAFE_FUZZY_SAME_BRAND,0.8824,0.8824,PASS
2241-GUL,3826,Gaultier Divine,VERIFIED,CONFIRMED_IDENTITY_EXACT_CORPUS,83889,Jean Paul Gaultier,Gaultier Divine,https://www.fragrantica.com/perfume/Jean-Paul-Gaultier/Gaultier-Divine-83889.html,CONFIRMED_IDENTITY_EXACT_CORPUS,1.0000,1.0000,PASS
2242-THESPD,3833,The-spirit-of-dubai-turath,VERIFIED,WEB_VERIFIED_FRAGRANTICA,55003,The Spirit of Dubai,Turath,https://www.fragrantica.com/p/55003,WEB_VERIFIED_FRAGRANTICA,1.0000,1.0000,PASS
2243-TMFO,3834,Myrrhe-mystere,VERIFIED,EXACT_BRAND_CLEAN_NAME,83981,Tom Ford,Myrrhe Mystere,https://www.fragrantica.com/perfume/Tom-Ford/Myrrhe-Mystere-83981.html,EXACT_BRAND_CLEAN_NAME,1.0000,1.0000,PASS
2244-ARM,3835,MYRRHE IMPERIALE,VERIFIED,EXACT_BRAND_CLEAN_NAME,21403,Giorgio Armani,Myrrhe Imperiale,https://www.fragrantica.com/perfume/Giorgio-Armani/Myrrhe-Imperiale-21403.html,EXACT_BRAND_CLEAN_NAME,1.0000,1.0000,PASS
2245-KUR,3836,Aqua-media-cologne-forte,VERIFIED,EXACT_BRAND_CLEAN_NAME,82030,Maison Francis Kurkdjian,Aqua Media Cologne Forte,https://www.fragrantica.com/perfume/Maison-Francis-Kurkdjian/Aqua-Media-Cologne-Forte-82030.html,EXACT_BRAND_CLEAN_NAME,1.0000,1.0000,PASS
2246-GUC,3837,Flora-gorgeous-magnolia,VERIFIED,EXACT_BRAND_CLEAN_NAME,83621,Gucci,Flora Gorgeous Magnolia,https://www.fragrantica.com/perfume/Gucci/Flora-Gorgeous-Magnolia-83621.html,EXACT_BRAND_CLEAN_NAME,1.0000,1.0000,PASS
2247-LTN,3838,Spell On You,VERIFIED,CONFIRMED_IDENTITY_EXACT_CORPUS,68960,Louis Vuitton,Spell On You,https://www.fragrantica.com/perfume/Louis-Vuitton/Spell-On-You-68960.html,CONFIRMED_IDENTITY_EXACT_CORPUS,1.0000,1.0000,PASS
2248-BYR,3839,Pulp,VERIFIED,EXACT_BRAND_CLEAN_NAME,3576,Byredo,Pulp,https://www.fragrantica.com/perfume/Byredo/Pulp-3576.html,EXACT_BRAND_CLEAN_NAME,1.0000,1.0000,PASS
2249-BYR,3842,Rouge-chaotique,VERIFIED,EXACT_BRAND_CLEAN_NAME,83369,Byredo,Rouge Chaotique,https://www.fragrantica.com/perfume/Byredo/Rouge-Chaotique-83369.html,EXACT_BRAND_CLEAN_NAME,1.0000,1.0000,PASS
2250-ARBAS,,IN RED,VERIFIED,EXACT_PERFUME_BRAND_TEXT,128,Armand Basi,In Red,https://www.fragrantica.com/perfume/Armand-Basi/In-Red-128.html,EXACT_PERFUME_BRAND_TEXT,1.0000,1.0000,PASS
2251-JOVP,3840,REMEMBER ME - JOVOY PARIS,VERIFIED,WEB_VERIFIED_FRAGRANTICA,49435,Jovoy Paris,Remember Me,https://www.fragrantica.com/p/49435,WEB_VERIFIED_FRAGRANTICA,1.0000,1.0000,PASS
2252-KIL,3832,Smoking-hot,VERIFIED,EXACT_PERFUME_BRAND_TEXT,84413,By Kilian,Smoking Hot,https://www.fragrantica.com/perfume/By-Kilian/Smoking-Hot-84413.html,EXACT_PERFUME_BRAND_TEXT,1.0000,1.0000,PASS
2253-ALEX,3831,IMPERIAL PEACOCK - ALEXANDRE J,VERIFIED,EXACT_PERFUME_BRAND_TEXT,72244,Alexandre J,Imperial Peacock,https://www.fragrantica.com/perfume/Alexandre-J/Imperial-Peacock-72244.html,EXACT_PERFUME_BRAND_TEXT,1.0000,1.0000,PASS
2254-VER,3908,Vanitas,VERIFIED,EXACT_BRAND_CLEAN_NAME,10574,Versace,Vanitas,https://www.fragrantica.com/perfume/Versace/Vanitas-10574.html,EXACT_BRAND_CLEAN_NAME,1.0000,1.0000,PASS
2255-VER,3900,Versus,VERIFIED,EXACT_BRAND_CLEAN_NAME,8009,Versace,Versus,https://www.fragrantica.com/perfume/Versace/Versus-8009.html,EXACT_BRAND_CLEAN_NAME,1.0000,1.0000,PASS
2256-GIV,,VERY IRRESISTIBLE,NOT_FOUND,NO_CORPUS_CODE_MATCH,,,,,,,0.0000,NOT_MAPPED
2257-YZLO,3910,Libre-l-absolu-platine,VERIFIED,EXACT_BRAND_CLEAN_NAME,83296,Yves Saint Laurent,Libre L Absolu Platine,https://www.fragrantica.com/perfume/Yves-Saint-Laurent/Libre-L-Absolu-Platine-83296.html,EXACT_BRAND_CLEAN_NAME,1.0000,1.0000,PASS
2258-DRC,3899,FAHRENEIT ABSOLUTE,VERIFIED,SAFE_FUZZY_SAME_BRAND,6555,Dior,Fahrenheit Absolute,https://www.fragrantica.com/perfume/Dior/Fahrenheit-Absolute-6555.html,SAFE_FUZZY_SAME_BRAND,0.9730,0.9730,PASS
2259-GIV,3891,GENTLEMAN RESERVE EAU DE PARFUM PRIVE,VERIFIED,WEB_VERIFIED_FRAGRANTICA,71272,Givenchy,Gentleman Eau de Parfum Reserve Privée,https://www.fragrantica.com/p/71272,WEB_VERIFIED_FRAGRANTICA,1.0000,1.0000,PASS
2260-BON,3909,Greenwich Village,VERIFIED,EXACT_BRAND_CLEAN_NAME,54157,Bond No 9,Greenwich Village,https://www.fragrantica.com/perfume/Bond-No-9/Greenwich-Village-54157.html,EXACT_BRAND_CLEAN_NAME,1.0000,1.0000,PASS
2261-PARF,3890,Althair,VERIFIED,EXACT_PERFUME_BRAND_TEXT,84109,Parfums de Marly,Althair,https://www.fragrantica.com/perfume/Parfums-de-Marly/Althair-84109.html,EXACT_PERFUME_BRAND_TEXT,1.0000,1.0000,PASS
2262-MEM,3901,Marfa-eau-de-,VERIFIED,EXACT_PERFUME_BRAND_TEXT,37185,Memo Paris,Marfa,https://www.fragrantica.com/perfume/Memo-Paris/Marfa-37185.html,EXACT_PERFUME_BRAND_TEXT,1.0000,1.0000,PASS
2263-NAS,3894,Sadonaso,VERIFIED,CONFIRMED_IDENTITY_EXACT_CORPUS,80076,Nasomatto,Sadonaso,https://www.fragrantica.com/perfume/Nasomatto/Sadonaso-80076.html,CONFIRMED_IDENTITY_EXACT_CORPUS,1.0000,1.0000,PASS
2264-KAY,3906,Oudgasm-tobacco-oud-04,VERIFIED,WEB_VERIFIED_FRAGRANTICA,85185,Kayali Fragrances,Oudgasm Tobacco Oud 04 Eau de Parfum Intense,https://www.fragrantica.com/p/85185,WEB_VERIFIED_FRAGRANTICA,1.0000,1.0000,PASS
2265-KAY,3904,Oudgasm-rose-oud-16-eau-de-,VERIFIED,SAFE_TOKEN_SAME_BRAND,118808,Kayali Fragrances,Oudgasm Rose Oud 16 Hair Mist,https://www.fragrantica.com/perfume/Kayali-Fragrances/Oudgasm-Rose-Oud-16-Hair-Mist-118808.html,SAFE_TOKEN_SAME_BRAND,0.9760,0.8000,PASS
2266-KAY,3905,Invite-only-amber-23,VERIFIED,EXACT_PERFUME_BRAND_TEXT,68958,Kayali Fragrances,Invite Only Amber 23,https://www.fragrantica.com/perfume/Kayali-Fragrances/Invite-Only-Amber-23-68958.html,EXACT_PERFUME_BRAND_TEXT,1.0000,1.0000,PASS
2267-KAY,3907,Musk  12,VERIFIED,EXACT_PERFUME_BRAND_TEXT,52615,Kayali Fragrances,Musk 12,https://www.fragrantica.com/perfume/Kayali-Fragrances/Musk-12-52615.html,EXACT_PERFUME_BRAND_TEXT,1.0000,1.0000,PASS
2268-AMG,3918,Interlude-black-iris,VERIFIED,EXACT_BRAND_CLEAN_NAME,60929,Amouage,Interlude Black Iris,https://www.fragrantica.com/perfume/Amouage/Interlude-Black-Iris-60929.html,EXACT_BRAND_CLEAN_NAME,1.0000,1.0000,PASS
2269-ARB,3919,Arabian Knight,VERIFIED,EXACT_PERFUME_BRAND_TEXT,40684,Arabian Oud,Arabian Knight,https://www.fragrantica.com/perfume/Arabian-Oud/Arabian-Knight-40684.html,EXACT_PERFUME_BRAND_TEXT,1.0000,1.0000,PASS
2270-ORMO,3920,MONTABACO - ORMONDE JAYNE,VERIFIED,WEB_VERIFIED_FRAGRANTICA,16896,Ormonde Jayne,Montabaco,https://www.fragrantica.com/p/16896,WEB_VERIFIED_FRAGRANTICA,1.0000,1.0000,PASS
2271-ROJ,3929,ELYSIUM POUR HOMME EAU INTENSE - ROJA DOVE,VERIFIED,WEB_VERIFIED_FRAGRANTICA,81839,Roja Dove,Elysium Pour Homme Eau Intense,https://www.fragrantica.com/p/81839,WEB_VERIFIED_FRAGRANTICA,1.0000,1.0000,PASS
2272-TAU,3985,Au Coeur Du Desert,VERIFIED,WEB_VERIFIED_FRAGRANTICA,41053,Tauer Perfumes,Au Coeur du Désert,https://www.fragrantica.com/p/41053,WEB_VERIFIED_FRAGRANTICA,1.0000,1.0000,PASS
2273-TER,3934,Andromeda,VERIFIED,EXACT_PERFUME_BRAND_TEXT,30623,Tiziana Terenzi,Andromeda,https://www.fragrantica.com/perfume/Tiziana-Terenzi/Andromeda-30623.html,EXACT_PERFUME_BRAND_TEXT,1.0000,1.0000,PASS
2274-XER,3926,Kobe,VERIFIED,EXACT_BRAND_CLEAN_NAME,6309,Xerjoff,Kobe,https://www.fragrantica.com/perfume/Xerjoff/Kobe-6309.html,EXACT_BRAND_CLEAN_NAME,1.0000,1.0000,PASS
2275-ROJ,3924,BURLINGTON 1819 - ROJA DOVE,VERIFIED,WEB_VERIFIED_FRAGRANTICA,62320,Roja Dove,Burlington 1819,https://www.fragrantica.com/p/62320,WEB_VERIFIED_FRAGRANTICA,1.0000,1.0000,PASS
2276-ATKI,3933,Oud-save-the-king-eau-de-,VERIFIED,EXACT_PERFUME_BRAND_TEXT,22056,Atkinsons,Oud Save The King,https://www.fragrantica.com/perfume/Atkinsons/Oud-Save-The-King-22056.html,EXACT_PERFUME_BRAND_TEXT,1.0000,1.0000,PASS
2277-AMG,3935,Fate Man,VERIFIED,EXACT_BRAND_CLEAN_NAME,18543,Amouage,Fate Man,https://www.fragrantica.com/perfume/Amouage/Fate-Man-18543.html,EXACT_BRAND_CLEAN_NAME,1.0000,1.0000,PASS
2278-BLG,3928,Eau Parfumée au Thé Blanc Eau de Cologne,VERIFIED,SAFE_TOKEN_SAME_BRAND,145,Bvlgari,Eau Parfumee au The Blanc,https://www.fragrantica.com/perfume/Bvlgari/Eau-Parfumee-au-The-Blanc-145.html,SAFE_TOKEN_SAME_BRAND,0.9760,0.7188,REVIEW
2279-LEL,3913,Myrrhe-55,VERIFIED,SAFE_TOKEN_SAME_BRAND,83918,Le Labo,Myrrhe 55 Shanghai,https://www.fragrantica.com/perfume/Le-Labo/Myrrhe-55-Shanghai-83918.html,SAFE_TOKEN_SAME_BRAND,0.9560,1.0000,PASS
2280-XER,3912,JTC 400,VERIFIED,EXACT_BRAND_CLEAN_NAME,52181,Xerjoff,JTC 400,https://www.fragrantica.com/perfume/Xerjoff/JTC-400-52181.html,EXACT_BRAND_CLEAN_NAME,1.0000,1.0000,PASS
2281-GUR,3914,Tobacco-honey,VERIFIED,EXACT_PERFUME_BRAND_TEXT,84518,Guerlain,Tobacco Honey,https://www.fragrantica.com/perfume/Guerlain/Tobacco-Honey-84518.html,EXACT_PERFUME_BRAND_TEXT,1.0000,1.0000,PASS
2282-DRC,3915,Dioriviera Eau de Parfum,NOT_FOUND,NO_CORPUS_CODE_MATCH,,,,,,,0.0000,NOT_MAPPED
2283-XER,3916,Gran Ballo,VERIFIED,EXACT_BRAND_CLEAN_NAME,26708,Xerjoff,Gran Ballo,https://www.fragrantica.com/perfume/Xerjoff/Gran-Ballo-26708.html,EXACT_BRAND_CLEAN_NAME,1.0000,1.0000,PASS
2284-HIS,3917,1889 - Moulin Rouge,VERIFIED,WEB_VERIFIED_FRAGRANTICA,7816,,,https://www.fragrantica.com/perfume/Histoires-de-Parfums/1889-Moulin-Rouge-7816.html,WEB_VERIFIED_FRAGRANTICA,1.0000,1.0000,PASS
2285-BOT,3936,ILLUSIONE FOR HER - BOTTEGA VENETA,VERIFIED,EXACT_PERFUME_BRAND_TEXT,55300,Bottega Veneta,Illusione for Her,https://www.fragrantica.com/perfume/Bottega-Veneta/Illusione-for-Her-55300.html,EXACT_PERFUME_BRAND_TEXT,1.0000,1.0000,PASS
2286-YZLO,3922,the fragrance LAVALLIERE,VERIFIED,EXACT_BRAND_CLEAN_NAME,76844,Yves Saint Laurent,Lavalliere,https://www.fragrantica.com/perfume/Yves-Saint-Laurent/Lavalliere-76844.html,EXACT_BRAND_CLEAN_NAME,1.0000,1.0000,PASS
2287-VAL,3932,Valentino-donna-born-in-roma-intense,VERIFIED,SAFE_TOKEN_SAME_BRAND,78739,Valentino,Valentino Donna Born In Roma Intense,https://www.fragrantica.com/perfume/Valentino/Valentino-Donna-Born-In-Roma-Intense-78739.html,SAFE_TOKEN_SAME_BRAND,0.9860,1.0000,PASS
2288-BAT,4117,BLACK RASBERRY VANILLA - BATH BODY WORKS,VERIFIED,WEB_VERIFIED_FRAGRANTICA,3512,,,https://www.fragrantica.com/perfume/Bath-and-Body-Works/Black-Raspberry-Vanilla-3512.html,WEB_VERIFIED_FRAGRANTICA,1.0000,1.0000,PASS
2293-ACQ,3931,SAKURA EAU DE PARFUM,VERIFIED,EXACT_BRAND_CLEAN_NAME,56007,Acqua di Parma,Sakura Eau de Parfum,https://www.fragrantica.com/perfume/Acqua-di-Parma/Sakura-Eau-de-Parfum-56007.html,EXACT_BRAND_CLEAN_NAME,1.0000,1.0000,PASS
2294-ACQ,3930,YUZU EAU DE PARFUM,VERIFIED,EXACT_BRAND_CLEAN_NAME,56004,Acqua di Parma,Yuzu Eau de Parfum,https://www.fragrantica.com/perfume/Acqua-di-Parma/Yuzu-Eau-de-Parfum-56004.html,EXACT_BRAND_CLEAN_NAME,1.0000,1.0000,PASS
2295-FLOR,3937,One Umbrella For Two,VERIFIED,WEB_VERIFIED_FRAGRANTICA,46165,Floraïku,One Umbrella for Two,https://www.fragrantica.com/p/46165,WEB_VERIFIED_FRAGRANTICA,1.0000,1.0000,PASS
2296-KAY,3942,Oudgasm-cafe-oud-19,VERIFIED,WEB_VERIFIED_FRAGRANTICA,85187,Kayali Fragrances,Oudgasm Café Oud 19 Eau de Parfum Intense,https://www.fragrantica.com/p/85187,WEB_VERIFIED_FRAGRANTICA,1.0000,1.0000,PASS
2297-BYR,3939,Animalique,VERIFIED,EXACT_BRAND_CLEAN_NAME,85157,Byredo,Animalique,https://www.fragrantica.com/perfume/Byredo/Animalique-85157.html,EXACT_BRAND_CLEAN_NAME,1.0000,1.0000,PASS
2298-ELEC,3938,Patchouli of the Underworld,VERIFIED,WEB_VERIFIED_FRAGRANTICA,72806,Electimuss,Patchouli of the Underworld,https://www.fragrantica.com/p/72806,WEB_VERIFIED_FRAGRANTICA,1.0000,1.0000,PASS
2299-LEL,3940,VANILLE 44 PARIS - LE LABO,VERIFIED,EXACT_PERFUME_BRAND_TEXT,6340,Le Labo,Vanille 44 Paris,https://www.fragrantica.com/perfume/Le-Labo/Vanille-44-Paris-6340.html,EXACT_PERFUME_BRAND_TEXT,1.0000,1.0000,PASS
2300-MNT,3941,Infinity,VERIFIED,EXACT_PERFUME_BRAND_TEXT,81773,Montale,Infinity,https://www.fragrantica.com/perfume/Montale/Infinity-81773.html,EXACT_PERFUME_BRAND_TEXT,1.0000,1.0000,PASS
2301-DIP,,FLEUR DE PEAU,VERIFIED,EXACT_BRAND_CLEAN_NAME,131717,Diptyque,Fleur de Peau,https://www.fragrantica.com/perfume/Diptyque/Fleur-de-Peau-131717.html,EXACT_BRAND_CLEAN_NAME,1.0000,1.0000,PASS
2302-CARO,3952,Yatagan,VERIFIED,EXACT_PERFUME_BRAND_TEXT,4024,Caron,Yatagan,https://www.fragrantica.com/perfume/Caron/Yatagan-4024.html,EXACT_PERFUME_BRAND_TEXT,1.0000,1.0000,PASS
2303-EXN,3960,French Affair,VERIFIED,EXACT_PERFUME_BRAND_TEXT,47569,Ex Nihilo,French Affair,https://www.fragrantica.com/perfume/Ex-Nihilo/French-Affair-47569.html,EXACT_PERFUME_BRAND_TEXT,1.0000,1.0000,PASS
2304-YZLO,3954,6-place-saint-sulpice,VERIFIED,EXACT_BRAND_CLEAN_NAME,47737,Yves Saint Laurent,6 place Saint Sulpice,https://www.fragrantica.com/perfume/Yves-Saint-Laurent/6-place-Saint-Sulpice-47737.html,EXACT_BRAND_CLEAN_NAME,1.0000,1.0000,PASS
2305-ATKI,3951,His-majesty-the-oud,VERIFIED,SAFE_TOKEN_SAME_BRAND,38961,Atkinsons,Atkinsons His Majesty The Oud,https://www.fragrantica.com/perfume/Atkinsons/Atkinsons-His-Majesty-The-Oud-38961.html,SAFE_TOKEN_SAME_BRAND,0.9860,1.0000,PASS
2306-MASQ,3955,TANGO - MASQUE MILANO,VERIFIED,WEB_VERIFIED_FRAGRANTICA,20693,Masque Milano,Tango,https://www.fragrantica.com/p/20693,WEB_VERIFIED_FRAGRANTICA,1.0000,1.0000,PASS
2307-AQU,3949,GOLD SUGAR - AQUOLINA,VERIFIED,EXACT_PERFUME_BRAND_TEXT,16661,Aquolina,Gold Sugar,https://www.fragrantica.com/perfume/Aquolina/Gold-Sugar-16661.html,EXACT_PERFUME_BRAND_TEXT,1.0000,1.0000,PASS
2308-GUL,3953,Le-male-le-,VERIFIED,EXACT_BRAND_CLEAN_NAME,61856,Jean Paul Gaultier,Le Male Le Parfum,https://www.fragrantica.com/perfume/Jean-Paul-Gaultier/Le-Male-Le-Parfum-61856.html,EXACT_BRAND_CLEAN_NAME,1.0000,1.0000,PASS
2309-ATKI,3950,Oud-save-the-queen-eau-de-,VERIFIED,WEB_VERIFIED_FRAGRANTICA,22057,Atkinsons,Oud Save The Queen,https://www.fragrantica.com/perfume/Atkinsons/Oud-Save-The-Queen-22057.html,WEB_VERIFIED_FRAGRANTICA,1.0000,1.0000,PASS
2310-CAR,3956,UNDER THE SEA MAN,VERIFIED,WEB_VERIFIED_FRAGRANTICA,65697,,,https://www.fragrantica.com/perfume/Carolina-Herrera/CH-Men-Under-The-Sea-65697.html,WEB_VERIFIED_FRAGRANTICA,1.0000,1.0000,PASS
2311-YVRO,3962,PLAIN SOLEIL - YVES ROCHER,VERIFIED,WEB_VERIFIED_FRAGRANTICA,56457,Yves Rocher,Plein Soleil,https://www.fragrantica.com/p/56457,WEB_VERIFIED_FRAGRANTICA,1.0000,1.0000,PASS
2312-YZLO,3963,Vinyle,VERIFIED,EXACT_BRAND_CLEAN_NAME,40933,Yves Saint Laurent,Vinyle,https://www.fragrantica.com/perfume/Yves-Saint-Laurent/Vinyle-40933.html,EXACT_BRAND_CLEAN_NAME,1.0000,1.0000,PASS
2313-DRC,,SAUVAGE PARFUM 2019,NOT_FOUND,NO_CORPUS_CODE_MATCH,,,,,,,0.0000,NOT_MAPPED
2314-CAR,3957,UNDER THE SEA WOMAN,VERIFIED,WEB_VERIFIED_FRAGRANTICA,65696,,,https://www.fragrantica.com/perfume/Carolina-Herrera/CH-Under-The-Sea-65696.html,WEB_VERIFIED_FRAGRANTICA,1.0000,1.0000,PASS
2315-RAM,4024,Flamenco Eau de Parfum,VERIFIED,WEB_VERIFIED_FRAGRANTICA,44233,Ramon Monegal,Flamenco,https://www.fragrantica.com/p/44233,WEB_VERIFIED_FRAGRANTICA,1.0000,1.0000,PASS
2316-ATKI,4023,Her-majesty-the-oud,VERIFIED,SAFE_TOKEN_SAME_BRAND,38960,Atkinsons,Atkinsons Her Majesty The Oud,https://www.fragrantica.com/perfume/Atkinsons/Atkinsons-Her-Majesty-The-Oud-38960.html,SAFE_TOKEN_SAME_BRAND,0.9860,1.0000,PASS
2317-TER,4022,Orion,VERIFIED,EXACT_PERFUME_BRAND_TEXT,32170,Tiziana Terenzi,Orion,https://www.fragrantica.com/perfume/Tiziana-Terenzi/Orion-32170.html,EXACT_PERFUME_BRAND_TEXT,1.0000,1.0000,PASS
2318-NAS,4021,Nudiflorum,VERIFIED,CONFIRMED_IDENTITY_EXACT_CORPUS,49223,Nasomatto,Nudiflorum,https://www.fragrantica.com/perfume/Nasomatto/Nudiflorum-49223.html,CONFIRMED_IDENTITY_EXACT_CORPUS,1.0000,1.0000,PASS
2319-LTN,4015,Orage,VERIFIED,CONFIRMED_IDENTITY_EXACT_CORPUS,49752,Louis Vuitton,Orage,https://www.fragrantica.com/perfume/Louis-Vuitton/Orage-49752.html,CONFIRMED_IDENTITY_EXACT_CORPUS,1.0000,1.0000,PASS
2320-LTN,4013,Imagination,VERIFIED,CONFIRMED_IDENTITY_EXACT_CORPUS,67370,Louis Vuitton,Imagination,https://www.fragrantica.com/perfume/Louis-Vuitton/Imagination-67370.html,CONFIRMED_IDENTITY_EXACT_CORPUS,1.0000,1.0000,PASS
2321-PARF,4012,Nisean,VERIFIED,EXACT_PERFUME_BRAND_TEXT,36540,Parfums de Marly,Nisean,https://www.fragrantica.com/perfume/Parfums-de-Marly/Nisean-36540.html,EXACT_PERFUME_BRAND_TEXT,1.0000,1.0000,PASS
2322-MNT,4011,Golden Sand,VERIFIED,EXACT_PERFUME_BRAND_TEXT,31770,Montale,Golden Sand,https://www.fragrantica.com/perfume/Montale/Golden-Sand-31770.html,EXACT_PERFUME_BRAND_TEXT,1.0000,1.0000,PASS
2323-MICA,4010,Vanille Fleur,VERIFIED,WEB_VERIFIED_FRAGRANTICA,14896,M. Micallef,Vanille Fleur,https://www.fragrantica.com/p/14896,WEB_VERIFIED_FRAGRANTICA,1.0000,1.0000,PASS
2324-KIL,4080,Musk Oud,VERIFIED,EXACT_PERFUME_BRAND_TEXT,18904,By Kilian,Musk Oud,https://www.fragrantica.com/perfume/By-Kilian/Musk-Oud-18904.html,EXACT_PERFUME_BRAND_TEXT,1.0000,1.0000,PASS
2325-CRD,3964,Carmina,VERIFIED,EXACT_BRAND_CLEAN_NAME,84206,Creed,Carmina,https://www.fragrantica.com/perfume/Creed/Carmina-84206.html,EXACT_BRAND_CLEAN_NAME,1.0000,1.0000,PASS
2326-TMFO,4082,Amber Absolute,VERIFIED,EXACT_BRAND_CLEAN_NAME,1821,Tom Ford,Amber Absolute,https://www.fragrantica.com/perfume/Tom-Ford/Amber-Absolute-1821.html,EXACT_BRAND_CLEAN_NAME,1.0000,1.0000,PASS
2327-SWISA,3965,Noora,VERIFIED,CONFIRMED_IDENTITY_EXACT_CORPUS,19470,Swiss Arabian,Noora,https://www.fragrantica.com/perfume/Swiss-Arabian/Noora-19470.html,CONFIRMED_IDENTITY_EXACT_CORPUS,1.0000,1.0000,PASS
2330-JUL,3967,Lady Vengeance,VERIFIED,EXACT_PERFUME_BRAND_TEXT,1715,Juliette Has A Gun,Lady Vengeance,https://www.fragrantica.com/perfume/Juliette-Has-A-Gun/Lady-Vengeance-1715.html,EXACT_PERFUME_BRAND_TEXT,1.0000,1.0000,PASS
2331-DOL,,THE ONE MYSTERIOUS NIGHT,NOT_FOUND,NO_CORPUS_CODE_MATCH,,,,,,,0.0000,NOT_MAPPED
2332-LTN,4014,City of Stars,VERIFIED,CONFIRMED_IDENTITY_EXACT_CORPUS,73344,Louis Vuitton,City Of Stars,https://www.fragrantica.com/perfume/Louis-Vuitton/City-Of-Stars-73344.html,CONFIRMED_IDENTITY_EXACT_CORPUS,1.0000,1.0000,PASS
2333-XER,4106,Mefisto,VERIFIED,EXACT_BRAND_CLEAN_NAME,6310,Xerjoff,Mefisto,https://www.fragrantica.com/perfume/Xerjoff/Mefisto-6310.html,EXACT_BRAND_CLEAN_NAME,1.0000,1.0000,PASS
2334-ROJ,4105,MANHATTAN - ROJA DOVE,VERIFIED,WEB_VERIFIED_FRAGRANTICA,69553,Roja Parfums,Manhattan,https://www.fragrantica.com/p/69553,WEB_VERIFIED_FRAGRANTICA,1.0000,1.0000,PASS
2335-BOA,4104,Rose Sapphire,VERIFIED,CONFIRMED_IDENTITY_EXACT_CORPUS,42568,Boadicea the Victorious,Rose Sapphire,https://www.fragrantica.com/perfume/Boadicea-the-Victorious/Rose-Sapphire-42568.html,CONFIRMED_IDENTITY_EXACT_CORPUS,1.0000,1.0000,PASS
2336-THAM,4103,Carved Oud,VERIFIED,WEB_VERIFIED_FRAGRANTICA,49688,Thameen,Carved Oud,https://www.fragrantica.com/p/49688,WEB_VERIFIED_FRAGRANTICA,1.0000,1.0000,PASS
2337-LEL,3969,TABAC 28 MIAMI- LE LABO,VERIFIED,EXACT_PERFUME_BRAND_TEXT,54784,Le Labo,Tabac 28 Miami,https://www.fragrantica.com/perfume/Le-Labo/Tabac-28-Miami-54784.html,EXACT_PERFUME_BRAND_TEXT,1.0000,1.0000,PASS
2339-KIL,4094,Good-girl-gone-bad-eau-fraiche,VERIFIED,EXACT_PERFUME_BRAND_TEXT,59813,By Kilian,Good Girl Gone Bad Eau Fraiche,https://www.fragrantica.com/perfume/By-Kilian/Good-Girl-Gone-Bad-Eau-Fraiche-59813.html,EXACT_PERFUME_BRAND_TEXT,1.0000,1.0000,PASS
2340-BON,4107,New York Oud,VERIFIED,EXACT_BRAND_CLEAN_NAME,11234,Bond No 9,New York Oud,https://www.fragrantica.com/perfume/Bond-No-9/New-York-Oud-11234.html,EXACT_BRAND_CLEAN_NAME,1.0000,1.0000,PASS
2344-LEL,4036,Mousse De Chne 30,VERIFIED,SAFE_TOKEN_SAME_BRAND,46295,Le Labo,Mousse de Chene 30 Amsterdam,https://www.fragrantica.com/perfume/Le-Labo/Mousse-de-Chene-30-Amsterdam-46295.html,SAFE_TOKEN_SAME_BRAND,0.9760,0.7556,REVIEW
2345-DIP,3961,Eau Rihla EDP,VERIFIED,EXACT_BRAND_CLEAN_NAME,66765,Diptyque,Eau Rihla Eau de Parfum,https://www.fragrantica.com/perfume/Diptyque/Eau-Rihla-Eau-de-Parfum-66765.html,EXACT_BRAND_CLEAN_NAME,1.0000,1.0000,PASS
2346-TMFO,3966,Vanilla Sex,VERIFIED,WEB_VERIFIED_FRAGRANTICA,88588,Tom Ford,Vanilla Sex,https://www.fragrantica.com/p/88588,WEB_VERIFIED_FRAGRANTICA,1.0000,1.0000,PASS
2347-AMG,4102,Portrayal Man,VERIFIED,EXACT_BRAND_CLEAN_NAME,54460,Amouage,Portrayal Man,https://www.fragrantica.com/perfume/Amouage/Portrayal-Man-54460.html,EXACT_BRAND_CLEAN_NAME,1.0000,1.0000,PASS
2348-AMG,4009,Guidance-eau-de-,VERIFIED,EXACT_BRAND_CLEAN_NAME,78656,Amouage,Guidance,https://www.fragrantica.com/perfume/Amouage/Guidance-78656.html,EXACT_BRAND_CLEAN_NAME,1.0000,1.0000,PASS
2349-LOU,3987,Loubirouge,VERIFIED,EXACT_BRAND_CLEAN_NAME,63439,Christian Louboutin,Loubirouge,https://www.fragrantica.com/perfume/Christian-Louboutin/Loubirouge-63439.html,EXACT_BRAND_CLEAN_NAME,1.0000,1.0000,PASS
2350-LOU,3988,Loubiraj is a Leather fragrance for women,VERIFIED,WEB_VERIFIED_FRAGRANTICA,63440,Christian Louboutin,Loubiraj,https://www.fragrantica.com/p/63440,WEB_VERIFIED_FRAGRANTICA,1.0000,1.0000,PASS
2351-LOU,,BIKINI QUESTA SERA,VERIFIED,EXACT_BRAND_CLEAN_NAME,40982,Christian Louboutin,Bikini Questa Sera,https://www.fragrantica.com/perfume/Christian-Louboutin/Bikini-Questa-Sera-40982.html,EXACT_BRAND_CLEAN_NAME,1.0000,1.0000,PASS
2352-MOS,4016,Toy Boy,VERIFIED,EXACT_PERFUME_BRAND_TEXT,55858,Moschino,Toy Boy,https://www.fragrantica.com/perfume/Moschino/Toy-Boy-55858.html,EXACT_PERFUME_BRAND_TEXT,1.0000,1.0000,PASS
2354-CRD,4084,White-amber,VERIFIED,EXACT_BRAND_CLEAN_NAME,45599,Creed,White Amber,https://www.fragrantica.com/perfume/Creed/White-Amber-45599.html,EXACT_BRAND_CLEAN_NAME,1.0000,1.0000,PASS
2355-LEL,4083,Patchouli 24,VERIFIED,EXACT_PERFUME_BRAND_TEXT,6332,Le Labo,Patchouli 24,https://www.fragrantica.com/perfume/Le-Labo/Patchouli-24-6332.html,EXACT_PERFUME_BRAND_TEXT,1.0000,1.0000,PASS
2356-MARG,4087,Lazy-sunday-morning-eau-de-toilette,VERIFIED,EXACT_BRAND_CLEAN_NAME,20542,Maison Martin Margiela,Lazy Sunday Morning,https://www.fragrantica.com/perfume/Maison-Martin-Margiela/Lazy-Sunday-Morning-20542.html,EXACT_BRAND_CLEAN_NAME,1.0000,1.0000,PASS
2357-CRD,4038,Absolu Aven,VERIFIED,SAFE_FUZZY_SAME_BRAND,106624,Creed,Absolu Aventus,https://www.fragrantica.com/perfume/Creed/Absolu-Aventus-106624.html,SAFE_FUZZY_SAME_BRAND,0.8800,1.0000,PASS
2358-KAY,4037,The-wedding-velvet-santal-35,VERIFIED,EXACT_PERFUME_BRAND_TEXT,83207,Kayali Fragrances,The Wedding Velvet Santal 35,https://www.fragrantica.com/perfume/Kayali-Fragrances/The-Wedding-Velvet-Santal-35-83207.html,EXACT_PERFUME_BRAND_TEXT,1.0000,1.0000,PASS
2359-XER,4085,Accento,VERIFIED,EXACT_BRAND_CLEAN_NAME,55156,Xerjoff,Accento,https://www.fragrantica.com/perfume/Xerjoff/Accento-55156.html,EXACT_BRAND_CLEAN_NAME,1.0000,1.0000,PASS
2360-ARM,4081,Armani Code Absolu,VERIFIED,SAFE_TOKEN_SAME_BRAND,54302,Giorgio Armani,Armani Code Absolu Femme,https://www.fragrantica.com/perfume/Giorgio-Armani/Armani-Code-Absolu-Femme-54302.html,SAFE_TOKEN_SAME_BRAND,0.9760,1.0000,PASS
2361-ARM,4086,STRONGER WITH YOU AMBER,VERIFIED,SAFE_TOKEN_SAME_BRAND,79699,Giorgio Armani,Emporio Armani Stronger With You Amber,https://www.fragrantica.com/perfume/Giorgio-Armani/Emporio-Armani-Stronger-With-You-Amber-79699.html,SAFE_TOKEN_SAME_BRAND,0.9760,1.0000,PASS
2362-VER,4098,Iris-d-elite,VERIFIED,EXACT_BRAND_CLEAN_NAME,70885,Versace,Iris d Elite,https://www.fragrantica.com/perfume/Versace/Iris-d-Elite-70885.html,EXACT_BRAND_CLEAN_NAME,1.0000,1.0000,PASS
2363-VER,4099,Santal-boise,VERIFIED,EXACT_BRAND_CLEAN_NAME,57700,Versace,Santal Boise,https://www.fragrantica.com/perfume/Versace/Santal-Boise-57700.html,EXACT_BRAND_CLEAN_NAME,1.0000,1.0000,PASS
2364-PEN,4092,Vaara,VERIFIED,EXACT_BRAND_CLEAN_NAME,18719,Penhaligon s,Vaara,https://www.fragrantica.com/perfume/Penhaligon-s/Vaara-18719.html,EXACT_BRAND_CLEAN_NAME,1.0000,1.0000,PASS
2365-DIP,4095,L-eau-papier-eau-de-toilette,VERIFIED,WEB_VERIFIED_FRAGRANTICA,78658,Diptyque,L'Eau Papier,https://www.fragrantica.com/p/78658,WEB_VERIFIED_FRAGRANTICA,1.0000,1.0000,PASS
2366-DIP,4096,TAM DAO EDT,VERIFIED,EXACT_BRAND_CLEAN_NAME,3956,Diptyque,Tam Dao Eau de Toilette,https://www.fragrantica.com/perfume/Diptyque/Tam-Dao-Eau-de-Toilette-3956.html,EXACT_BRAND_CLEAN_NAME,1.0000,1.0000,PASS
2367-DIP,4101,OYEDO EDT,VERIFIED,EXACT_BRAND_CLEAN_NAME,3958,Diptyque,Oyedo Eau de Toilette,https://www.fragrantica.com/perfume/Diptyque/Oyedo-Eau-de-Toilette-3958.html,EXACT_BRAND_CLEAN_NAME,1.0000,1.0000,PASS
2368-ESC,4093,Nectar-de-costa-rica,VERIFIED,WEB_VERIFIED_FRAGRANTICA,88837,Escada,Nectar de Costa Rica,https://www.fragrantica.com/p/88837,WEB_VERIFIED_FRAGRANTICA,1.0000,1.0000,PASS
2369-MAN,4091,Amore-caffe,VERIFIED,EXACT_PERFUME_BRAND_TEXT,87409,Mancera,Amore Caffe,https://www.fragrantica.com/perfume/Mancera/Amore-Caffe-87409.html,EXACT_PERFUME_BRAND_TEXT,1.0000,1.0000,PASS
2370-VIC,4100,Flowerbomb-tiger-lily,VERIFIED,EXACT_BRAND_CLEAN_NAME,88986,Viktor Rolf,Flowerbomb Tiger Lily,https://www.fragrantica.com/perfume/Viktor-Rolf/Flowerbomb-Tiger-Lily-88986.html,EXACT_BRAND_CLEAN_NAME,1.0000,1.0000,PASS
2371-MATIE,4097,Vanilla Powder,VERIFIED,WEB_VERIFIED_FRAGRANTICA,84933,Matiere Premiere,Vanilla Powder,https://www.fragrantica.com/p/84933,WEB_VERIFIED_FRAGRANTICA,1.0000,1.0000,PASS
2372-GUR,4148,Aqua-allegoria-florabloom,VERIFIED,EXACT_PERFUME_BRAND_TEXT,89854,Guerlain,Aqua Allegoria Florabloom,https://www.fragrantica.com/perfume/Guerlain/Aqua-Allegoria-Florabloom-89854.html,EXACT_PERFUME_BRAND_TEXT,1.0000,1.0000,PASS
2374-MICA,4108,GN TONIC - MICALLEF,VERIFIED,WEB_VERIFIED_FRAGRANTICA,80353,M. Micallef,GNTONIC,https://www.fragrantica.com/p/80353,WEB_VERIFIED_FRAGRANTICA,1.0000,1.0000,PASS
2375-ESC,4388,Brisa Cubana Escada,VERIFIED,WEB_VERIFIED_FRAGRANTICA,88990,Escada,Brisa Cubana,https://www.fragrantica.com/p/88990,WEB_VERIFIED_FRAGRANTICA,1.0000,1.0000,PASS
2376-TMU,4110,Amen Ultra Zest,VERIFIED,EXACT_BRAND_CLEAN_NAME,29589,Mugler,A Men Ultra Zest,https://www.fragrantica.com/perfume/Mugler/A-Men-Ultra-Zest-29589.html,EXACT_BRAND_CLEAN_NAME,1.0000,0.8889,PASS
2377-VICT,4111,Vanilla Lace,VERIFIED,WEB_VERIFIED_FRAGRANTICA,13033,,,https://www.fragrantica.com/perfume/Victoria-s-Secret/Vanilla-Lace-13033.html,WEB_VERIFIED_FRAGRANTICA,1.0000,1.0000,PASS
2378-GOLD,4109,BOHEMIAN LIME - GOLDFIELD & BANKS AUSTRALIA,VERIFIED,WEB_VERIFIED_FRAGRANTICA,60923,Goldfield & Banks Australia,Bohemian Lime,https://www.fragrantica.com/p/60923,WEB_VERIFIED_FRAGRANTICA,1.0000,1.0000,PASS
2379-CAR,4112,Good-girl-blush-elixir,VERIFIED,SAFE_CONCENTRATION_EQUIVALENT,88937,Carolina Herrera,Good Girl Blush Elixir Eau de Parfum,https://www.fragrantica.com/perfume/Carolina-Herrera/Good-Girl-Blush-Elixir-Eau-de-Parfum-88937.html,SAFE_CONCENTRATION_EQUIVALENT,0.9950,1.0000,PASS
2380-CAR,4304,Very-good-girl-glam,VERIFIED,EXACT_BRAND_CLEAN_NAME,72698,Carolina Herrera,Very Good Girl Glam,https://www.fragrantica.com/perfume/Carolina-Herrera/Very-Good-Girl-Glam-72698.html,EXACT_BRAND_CLEAN_NAME,1.0000,1.0000,PASS
2383-ROCCO,4114,ROCCOBAROCCO - ROCCOBAROCCO,VERIFIED,WEB_VERIFIED_FRAGRANTICA,2882,Roccobarocco,Roccobarocco,https://www.fragrantica.com/p/2882,WEB_VERIFIED_FRAGRANTICA,1.0000,1.0000,PASS
2384-MAN,4113,French-riviera,VERIFIED,EXACT_PERFUME_BRAND_TEXT,74636,Mancera,French Riviera,https://www.fragrantica.com/perfume/Mancera/French-Riviera-74636.html,EXACT_PERFUME_BRAND_TEXT,1.0000,1.0000,PASS
2385-SOL,4116,CHEIROSA 59 BRAZILIAN CRUSH - SOL DE JANEIRO,VERIFIED,SAFE_TOKEN_SAME_BRAND,88722,Sol de Janeiro,Cheirosa 59,https://www.fragrantica.com/perfume/Sol-de-Janeiro/Cheirosa-59-88722.html,SAFE_TOKEN_SAME_BRAND,0.9560,1.0000,PASS
2386-SOL,4115,Cheirosa-68-brazilian-crush-cheirosa-68-perfume-mist,VERIFIED,SAFE_TOKEN_SAME_BRAND,73990,Sol de Janeiro,Cheirosa 68,https://www.fragrantica.com/perfume/Sol-de-Janeiro/Cheirosa-68-73990.html,SAFE_TOKEN_SAME_BRAND,0.9560,1.0000,PASS
2387-EXN,4121,Blue Talisman,VERIFIED,EXACT_PERFUME_BRAND_TEXT,84224,Ex Nihilo,Blue Talisman,https://www.fragrantica.com/perfume/Ex-Nihilo/Blue-Talisman-84224.html,EXACT_PERFUME_BRAND_TEXT,1.0000,1.0000,PASS
2388-PARF,4123,Perseus,VERIFIED,EXACT_PERFUME_BRAND_TEXT,90199,Parfums de Marly,Perseus,https://www.fragrantica.com/perfume/Parfums-de-Marly/Perseus-90199.html,EXACT_PERFUME_BRAND_TEXT,1.0000,1.0000,PASS
2389-DOL,4118,VELVET ORIENTAL MUSK,VERIFIED,EXACT_UNIQUE_NAME,55167,Dolce Gabbana,Velvet Oriental Musk,https://www.fragrantica.com/perfume/Dolce-Gabbana/Velvet-Oriental-Musk-55167.html,EXACT_UNIQUE_NAME,1.0000,1.0000,PASS
2390-ANFAS,4119,Ishq,VERIFIED,EXACT_PERFUME_BRAND_TEXT,54903,Anfas,Ishq,https://www.fragrantica.com/perfume/Anfas/Ishq-54903.html,EXACT_PERFUME_BRAND_TEXT,1.0000,1.0000,PASS
2391-XER,4122,Torino22,VERIFIED,EXACT_BRAND_CLEAN_NAME,77059,Xerjoff,Torino22,https://www.fragrantica.com/perfume/Xerjoff/Torino22-77059.html,EXACT_BRAND_CLEAN_NAME,1.0000,1.0000,PASS
2392-ANFAS,4120,Salam,VERIFIED,EXACT_PERFUME_BRAND_TEXT,44440,Anfas,Salam,https://www.fragrantica.com/perfume/Anfas/Salam-44440.html,EXACT_PERFUME_BRAND_TEXT,1.0000,1.0000,PASS
2393-KAY,4125,Eden-sparkling-lychee-39,VERIFIED,SAFE_CONCENTRATION_EQUIVALENT,88197,Kayali Fragrances,Eden Sparkling Lychee 39 Eau de Parfum,https://www.fragrantica.com/perfume/Kayali-Fragrances/Eden-Sparkling-Lychee-39-Eau-de-Parfum-88197.html,SAFE_CONCENTRATION_EQUIVALENT,0.9950,1.0000,PASS
2394-MOS,4127,Toy-2-pearl,VERIFIED,EXACT_PERFUME_BRAND_TEXT,84718,Moschino,Toy 2 Pearl,https://www.fragrantica.com/perfume/Moschino/Toy-2-Pearl-84718.html,EXACT_PERFUME_BRAND_TEXT,1.0000,1.0000,PASS
2395-XER,4134,Erba Gold,VERIFIED,EXACT_BRAND_CLEAN_NAME,76683,Xerjoff,Erba Gold,https://www.fragrantica.com/perfume/Xerjoff/Erba-Gold-76683.html,EXACT_BRAND_CLEAN_NAME,1.0000,1.0000,PASS
2396-GUL,4128,Scandal-le-,VERIFIED,EXACT_BRAND_CLEAN_NAME,74914,Jean Paul Gaultier,Scandal Le Parfum,https://www.fragrantica.com/perfume/Jean-Paul-Gaultier/Scandal-Le-Parfum-74914.html,EXACT_BRAND_CLEAN_NAME,1.0000,1.0000,PASS
2397-CRD,4165,Queen-of-silk,VERIFIED,EXACT_BRAND_CLEAN_NAME,89643,Creed,Queen of Silk,https://www.fragrantica.com/perfume/Creed/Queen-of-Silk-89643.html,EXACT_BRAND_CLEAN_NAME,1.0000,1.0000,PASS
2398-FRE,4136,Acne Studios,VERIFIED,CONFIRMED_IDENTITY_EXACT_CORPUS,91209,Frederic Malle,Acne Studios,https://www.fragrantica.com/perfume/Frederic-Malle/Acne-Studios-91209.html,CONFIRMED_IDENTITY_EXACT_CORPUS,1.0000,1.0000,PASS
2399-MORH,4138,Tonkatonic,VERIFIED,WEB_VERIFIED_FRAGRANTICA,90868,Morph,Tonkatonic,https://www.fragrantica.com/p/90868,WEB_VERIFIED_FRAGRANTICA,1.0000,1.0000,PASS
2400-MORH,4139,Antigua Bay,VERIFIED,WEB_VERIFIED_FRAGRANTICA,88416,Morph,Antigua Bay,https://www.fragrantica.com/p/88416,WEB_VERIFIED_FRAGRANTICA,1.0000,1.0000,PASS
2401-KAY,4126,Vanilla Candy Rock Sugar,VERIFIED,SAFE_FUZZY_SAME_BRAND,92258,Kayali Fragrances,Vanilla Candy Rock Sugar 42,https://www.fragrantica.com/perfume/Kayali-Fragrances/Vanilla-Candy-Rock-Sugar-42-92258.html,SAFE_FUZZY_SAME_BRAND,0.9630,1.0000,PASS
2402-AKR,4137,Bake,VERIFIED,CONFIRMED_IDENTITY_EXACT_CORPUS,81614,Akro,Bake,https://www.fragrantica.com/perfume/Akro/Bake-81614.html,CONFIRMED_IDENTITY_EXACT_CORPUS,1.0000,1.0000,PASS
2403-MNT,4130,Bubble-forever,VERIFIED,EXACT_PERFUME_BRAND_TEXT,90739,Montale,Bubble Forever,https://www.fragrantica.com/perfume/Montale/Bubble-Forever-90739.html,EXACT_PERFUME_BRAND_TEXT,1.0000,1.0000,PASS
2404-FRANB,4135,Angel S Dust,VERIFIED,EXACT_PERFUME_BRAND_TEXT,40882,Francesca Bianchi,Angel s Dust,https://www.fragrantica.com/perfume/Francesca-Bianchi/Angel-s-Dust-40882.html,EXACT_PERFUME_BRAND_TEXT,1.0000,1.0000,PASS
2405-JOM,4132,Yuzu Zest Cologne - Jo Malone,VERIFIED,EXACT_BRAND_CLEAN_NAME,90019,Jo Malone London,Yuzu Zest Cologne,https://www.fragrantica.com/perfume/Jo-Malone-London/Yuzu-Zest-Cologne-90019.html,EXACT_BRAND_CLEAN_NAME,1.0000,1.0000,PASS
2406-KIL,4129,Sunkissed-goddess,VERIFIED,EXACT_PERFUME_BRAND_TEXT,90336,By Kilian,Sunkissed Goddess,https://www.fragrantica.com/perfume/By-Kilian/Sunkissed-Goddess-90336.html,EXACT_PERFUME_BRAND_TEXT,1.0000,1.0000,PASS
2407-LAN,4131,Idole-now,VERIFIED,EXACT_BRAND_CLEAN_NAME,81792,Lancome,Idole Now,https://www.fragrantica.com/perfume/Lancome/Idole-Now-81792.html,EXACT_BRAND_CLEAN_NAME,1.0000,1.0000,PASS
2408-JOM,4141,Ginger Biscuit,VERIFIED,EXACT_BRAND_CLEAN_NAME,17685,Jo Malone London,Ginger Biscuit,https://www.fragrantica.com/perfume/Jo-Malone-London/Ginger-Biscuit-17685.html,EXACT_BRAND_CLEAN_NAME,1.0000,1.0000,PASS
2409-TMU,4142,Amen Pure Malt,VERIFIED,EXACT_BRAND_CLEAN_NAME,6103,Mugler,A Men Pure Malt,https://www.fragrantica.com/perfume/Mugler/A-Men-Pure-Malt-6103.html,EXACT_BRAND_CLEAN_NAME,1.0000,0.8800,PASS
2410-GUL,4140,Le-beau-paradise-garden,VERIFIED,EXACT_BRAND_CLEAN_NAME,88836,Jean Paul Gaultier,Le Beau Paradise Garden,https://www.fragrantica.com/perfume/Jean-Paul-Gaultier/Le-Beau-Paradise-Garden-88836.html,EXACT_BRAND_CLEAN_NAME,1.0000,1.0000,PASS
2411-JAME,4147,COCCOBELLO - JAMES HEELEY,VERIFIED,WEB_VERIFIED_FRAGRANTICA,18470,Heeley,Coccobello,https://www.fragrantica.com/p/18470,WEB_VERIFIED_FRAGRANTICA,1.0000,1.0000,PASS
2412-LAT,4149,YARA - LATTAFA,VERIFIED,EXACT_PERFUME_BRAND_TEXT,76880,Lattafa Perfumes,Yara,https://www.fragrantica.com/perfume/Lattafa-Perfumes/Yara-76880.html,EXACT_PERFUME_BRAND_TEXT,1.0000,1.0000,PASS
2413-ARIA,4179,Thank-u-next-eau-de-,VERIFIED,EXACT_PERFUME_BRAND_TEXT,56741,Ariana Grande,Thank U Next,https://www.fragrantica.com/perfume/Ariana-Grande/Thank-U-Next-56741.html,EXACT_PERFUME_BRAND_TEXT,1.0000,1.0000,PASS
2414-DIP,4155,Ilio-eau-de-toilette,VERIFIED,EXACT_BRAND_CLEAN_NAME,67808,Diptyque,Ilio,https://www.fragrantica.com/perfume/Diptyque/Ilio-67808.html,EXACT_BRAND_CLEAN_NAME,1.0000,1.0000,PASS
2415-ESC,4159,SEXY GRAFFITY - ESCADA,VERIFIED,WEB_VERIFIED_FRAGRANTICA,1352,,,https://www.fragrantica.com/perfume/Escada/Sexy-Graffiti-1352.html,WEB_VERIFIED_FRAGRANTICA,1.0000,1.0000,PASS
2416-HER,4158,Un Jardin Apres La Mousson,VERIFIED,EXACT_PERFUME_BRAND_TEXT,2736,Hermes,Un Jardin Apres la Mousson,https://www.fragrantica.com/perfume/Hermes/Un-Jardin-Apres-la-Mousson-2736.html,EXACT_PERFUME_BRAND_TEXT,1.0000,1.0000,PASS
2417-ACQ,4154,Arancia-di-capri,VERIFIED,WEB_VERIFIED_FRAGRANTICA,1685,Acqua di Parma,Arancia di Capri,https://www.fragrantica.com/p/1685,WEB_VERIFIED_FRAGRANTICA,1.0000,1.0000,PASS
2418-ACQ,4152,VANIGLIA SIGNATURE,VERIFIED,WEB_VERIFIED_FRAGRANTICA,56003,,,https://www.fragrantica.com/perfume/Acqua-di-Parma/Vaniglia-Eau-de-Parfum-56003.html,WEB_VERIFIED_FRAGRANTICA,1.0000,1.0000,PASS
2419-BAT,4160,Pink Coconut Calypso,VERIFIED,EXACT_PERFUME_BRAND_TEXT,53363,Bath Body Works,Pink Coconut Calypso,https://www.fragrantica.com/perfume/Bath-Body-Works/Pink-Coconut-Calypso-53363.html,EXACT_PERFUME_BRAND_TEXT,1.0000,1.0000,PASS
2420-XER,4146,Laylati,VERIFIED,EXACT_BRAND_CLEAN_NAME,55159,Xerjoff,Laylati,https://www.fragrantica.com/perfume/Xerjoff/Laylati-55159.html,EXACT_BRAND_CLEAN_NAME,1.0000,1.0000,PASS
2421-XER,4145,Opera,VERIFIED,EXACT_BRAND_CLEAN_NAME,55162,Xerjoff,Opera,https://www.fragrantica.com/perfume/Xerjoff/Opera-55162.html,EXACT_BRAND_CLEAN_NAME,1.0000,1.0000,PASS
2422-XER,4144,Soprano,VERIFIED,EXACT_BRAND_CLEAN_NAME,55160,Xerjoff,Soprano,https://www.fragrantica.com/perfume/Xerjoff/Soprano-55160.html,EXACT_BRAND_CLEAN_NAME,1.0000,1.0000,PASS
2423-ACQ,4153,Ginepro-di-sardegna,VERIFIED,SAFE_TOKEN_SAME_BRAND,23851,Acqua di Parma,Acqua di Parma Blu Mediterraneo Ginepro di Sardegna,https://www.fragrantica.com/perfume/Acqua-di-Parma/Acqua-di-Parma-Blu-Mediterraneo-Ginepro-di-Sardegna-23851.html,SAFE_TOKEN_SAME_BRAND,0.9760,1.0000,PASS
2424-GUR,4161,Aqua Allegoria Pera Granita,VERIFIED,EXACT_PERFUME_BRAND_TEXT,35554,Guerlain,Aqua Allegoria Pera Granita,https://www.fragrantica.com/perfume/Guerlain/Aqua-Allegoria-Pera-Granita-35554.html,EXACT_PERFUME_BRAND_TEXT,1.0000,1.0000,PASS
2425-LEL,4162,GAIAC 10 TOKYO - LE LABO,VERIFIED,EXACT_PERFUME_BRAND_TEXT,6335,Le Labo,Gaiac 10 Tokyo,https://www.fragrantica.com/perfume/Le-Labo/Gaiac-10-Tokyo-6335.html,EXACT_PERFUME_BRAND_TEXT,1.0000,1.0000,PASS
2426-MARG,4163,Beach-walk,VERIFIED,EXACT_BRAND_CLEAN_NAME,15261,Maison Martin Margiela,Beach Walk,https://www.fragrantica.com/perfume/Maison-Martin-Margiela/Beach-Walk-15261.html,EXACT_BRAND_CLEAN_NAME,1.0000,1.0000,PASS
2427-CLEA,,CLEAN WARM COTTON,VERIFIED,SAFE_TOKEN_SAME_BRAND,3024,Clean,Clean Warm Cotton,https://www.fragrantica.com/perfume/Clean/Clean-Warm-Cotton-3024.html,SAFE_TOKEN_SAME_BRAND,0.9760,1.0000,PASS
2428-MARG,4151,Coffee-break,VERIFIED,EXACT_BRAND_CLEAN_NAME,55926,Maison Martin Margiela,Coffee Break,https://www.fragrantica.com/perfume/Maison-Martin-Margiela/Coffee-Break-55926.html,EXACT_BRAND_CLEAN_NAME,1.0000,1.0000,PASS
2429-JUL,4157,Musc Invisible,VERIFIED,CONFIRMED_IDENTITY_EXACT_CORPUS,62377,Juliette Has A Gun,Musc Invisible,https://www.fragrantica.com/perfume/Juliette-Has-A-Gun/Musc-Invisible-62377.html,CONFIRMED_IDENTITY_EXACT_CORPUS,1.0000,1.0000,PASS
2430-CELI,4156,Parade,VERIFIED,CONFIRMED_EXISTING_MAPPING,57918,Celine,Parade,https://www.fragrantica.com/perfume/Celine/Parade-57918.html,CONFIRMED_EXISTING_MAPPING,1.0000,1.0000,PASS
2431-ROJ,4170,MUSK AOUD - ROJA DOVE,VERIFIED,WEB_VERIFIED_FRAGRANTICA,23008,Roja Parfums,Musk Aoud,https://www.fragrantica.com/p/23008,WEB_VERIFIED_FRAGRANTICA,1.0000,1.0000,PASS
2432-ROJ,4180,DANGER MAN - ROJA DOVE,VERIFIED,WEB_VERIFIED_FRAGRANTICA,17934,Roja Parfums,Danger Pour Homme,https://www.fragrantica.com/p/17934,WEB_VERIFIED_FRAGRANTICA,1.0000,1.0000,PASS
2436-PHL,4150,Missing Person,VERIFIED,CONFIRMED_IDENTITY_EXACT_CORPUS,72665,Phlur,Missing Person,https://www.fragrantica.com/perfume/Phlur/Missing-Person-72665.html,CONFIRMED_IDENTITY_EXACT_CORPUS,1.0000,1.0000,PASS
2437-MELA,4166,CRY BABY PERFUME MILK - MELANIE MARTINEZ,VERIFIED,WEB_VERIFIED_FRAGRANTICA,41799,Melanie Martinez,Cry Baby Perfume Milk,https://www.fragrantica.com/p/41799,WEB_VERIFIED_FRAGRANTICA,1.0000,1.0000,PASS
2438-KYLJ,4385,Cosmic-kylie-jenner-eau-de-,VERIFIED,WEB_VERIFIED_FRAGRANTICA,90957,Kylie Cosmetics,Cosmic Kylie Jenner,https://www.fragrantica.com/p/90957,WEB_VERIFIED_FRAGRANTICA,1.0000,1.0000,PASS
2438-KYLJE,,COSMIC,NOT_FOUND,NO_CORPUS_CODE_MATCH,,,,,,,0.0000,NOT_MAPPED
2439-ZEG,,INDONESIAN OUD,VERIFIED,WEB_VERIFIED_FRAGRANTICA,16188,,,https://www.fragrantica.com/perfume/Ermenegildo-Zegna/Indonesian-Oud-16188.html,WEB_VERIFIED_FRAGRANTICA,1.0000,1.0000,PASS
2440-MARC,4171,ENCELADE - MARC ANTONIE BARROIS,VERIFIED,EXACT_BRAND_CLEAN_NAME,74121,Marc Antoine Barrois,Encelade,https://www.fragrantica.com/perfume/Marc-Antoine-Barrois/Encelade-74121.html,EXACT_BRAND_CLEAN_NAME,1.0000,1.0000,PASS
2441-PANTRO,4172,DOLCE PASSIONE - PANTHEON ROMA,VERIFIED,WEB_VERIFIED_FRAGRANTICA,37468,Pantheon Roma,Dolce Passione,https://www.fragrantica.com/p/37468,WEB_VERIFIED_FRAGRANTICA,1.0000,1.0000,PASS
2442-PAC,4168,Invictus-victory-elixir,VERIFIED,EXACT_BRAND_CLEAN_NAME,78575,Rabanne,Invictus Victory Elixir,https://www.fragrantica.com/perfume/Rabanne/Invictus-Victory-Elixir-78575.html,EXACT_BRAND_CLEAN_NAME,1.0000,1.0000,PASS
2443-BRB,4174,Her-elixir-de-,VERIFIED,EXACT_BRAND_CLEAN_NAME,75968,Burberry,Burberry Her Elixir de Parfum,https://www.fragrantica.com/perfume/Burberry/Burberry-Her-Elixir-de-Parfum-75968.html,EXACT_BRAND_CLEAN_NAME,1.0000,1.0000,PASS
2444-ARIA,4178,Cloud-pink-eau-de-,VERIFIED,EXACT_PERFUME_BRAND_TEXT,83995,Ariana Grande,Cloud Pink,https://www.fragrantica.com/perfume/Ariana-Grande/Cloud-Pink-83995.html,EXACT_PERFUME_BRAND_TEXT,1.0000,1.0000,PASS
2445-CAR,4175,Good-girl-dazzling-garden,VERIFIED,EXACT_BRAND_CLEAN_NAME,84049,Carolina Herrera,Good Girl Dazzling Garden,https://www.fragrantica.com/perfume/Carolina-Herrera/Good-Girl-Dazzling-Garden-84049.html,EXACT_BRAND_CLEAN_NAME,1.0000,1.0000,PASS
2446-XER,4177,Torino23,VERIFIED,SAFE_FUZZY_SAME_BRAND,87970,Xerjoff,Torino23,https://www.fragrantica.com/perfume/Xerjoff/Torino23-87970.html,SAFE_FUZZY_SAME_BRAND,0.9412,1.0000,PASS
2447-MARC,4176,Ganymede Extrait,VERIFIED,EXACT_BRAND_CLEAN_NAME,79632,Marc Antoine Barrois,Ganymede Extrait,https://www.fragrantica.com/perfume/Marc-Antoine-Barrois/Ganymede-Extrait-79632.html,EXACT_BRAND_CLEAN_NAME,1.0000,1.0000,PASS
2450-PEN,4181,Alula,VERIFIED,WEB_VERIFIED_FRAGRANTICA,90117,Penhaligon's,AlUla,https://www.fragrantica.com/p/90117,WEB_VERIFIED_FRAGRANTICA,1.0000,1.0000,PASS
2451-LEL,4183,Cedrat 37 Berlin,VERIFIED,EXACT_BRAND_CLEAN_NAME,68788,Le Labo,Cedrat 37 Berlin,https://www.fragrantica.com/perfume/Le-Labo/Cedrat-37-Berlin-68788.html,EXACT_BRAND_CLEAN_NAME,1.0000,1.0000,PASS
2452-JOM,4182,Cypress-grapevine-cologne-intense,VERIFIED,SAFE_TOKEN_SAME_BRAND,61928,Jo Malone London,Cypress Grapevine Cologne Intense,https://www.fragrantica.com/perfume/Jo-Malone-London/Cypress-Grapevine-Cologne-Intense-61928.html,SAFE_TOKEN_SAME_BRAND,0.9440,1.0000,PASS
2453-INI,4184,Narcotic-delight,VERIFIED,EXACT_PERFUME_BRAND_TEXT,89368,Initio Parfums Prives,Narcotic Delight,https://www.fragrantica.com/perfume/Initio-Parfums-Prives/Narcotic-Delight-89368.html,EXACT_PERFUME_BRAND_TEXT,1.0000,1.0000,PASS
2454-KIL,4185,Can-t-stop-loving-you,VERIFIED,EXACT_PERFUME_BRAND_TEXT,78735,By Kilian,Can t Stop Loving You,https://www.fragrantica.com/perfume/By-Kilian/Can-t-Stop-Loving-You-78735.html,EXACT_PERFUME_BRAND_TEXT,1.0000,1.0000,PASS
2455-YZLO,4186,Black-opium-eau-de-parfum-over-red,VERIFIED,EXACT_BRAND_CLEAN_NAME,88707,Yves Saint Laurent,Black Opium Over Red,https://www.fragrantica.com/perfume/Yves-Saint-Laurent/Black-Opium-Over-Red-88707.html,EXACT_BRAND_CLEAN_NAME,1.0000,0.8511,PASS
2456-PAC,4187,Million-gold,VERIFIED,EXACT_BRAND_CLEAN_NAME,95641,Rabanne,Million Gold,https://www.fragrantica.com/perfume/Rabanne/Million-Gold-95641.html,EXACT_BRAND_CLEAN_NAME,1.0000,1.0000,PASS
2458-LTN,4486,LV Lovers,VERIFIED,CONFIRMED_IDENTITY_EXACT_CORPUS,93785,Louis Vuitton,LV Lovers,https://www.fragrantica.com/perfume/Louis-Vuitton/LV-Lovers-93785.html,CONFIRMED_IDENTITY_EXACT_CORPUS,1.0000,1.0000,PASS
2459-MAN,4190,Saharian-wind,VERIFIED,EXACT_PERFUME_BRAND_TEXT,61044,Mancera,Saharian Wind,https://www.fragrantica.com/perfume/Mancera/Saharian-Wind-61044.html,EXACT_PERFUME_BRAND_TEXT,1.0000,1.0000,PASS
2460-PAC,4189,Olympea-,VERIFIED,EXACT_BRAND_CLEAN_NAME,90432,Rabanne,Olympea Parfum,https://www.fragrantica.com/perfume/Rabanne/Olympea-Parfum-90432.html,EXACT_BRAND_CLEAN_NAME,1.0000,1.0000,PASS
2461-BOD,4188,Black-musk-night-bloom-eau-de-toilette,VERIFIED,WEB_VERIFIED_FRAGRANTICA,48939,The Body Shop,Black Musk Night Bloom,https://www.fragrantica.com/p/48939,WEB_VERIFIED_FRAGRANTICA,1.0000,1.0000,PASS
2462-YZLO,4201,Libre-flowers-flames,VERIFIED,SAFE_TOKEN_SAME_BRAND,95623,Yves Saint Laurent,Libre Flowers Flames,https://www.fragrantica.com/perfume/Yves-Saint-Laurent/Libre-Flowers-Flames-95623.html,SAFE_TOKEN_SAME_BRAND,0.9440,1.0000,PASS
2463-GUC,4200,Flora-gorgeous-orchid,VERIFIED,EXACT_BRAND_CLEAN_NAME,94979,Gucci,Flora Gorgeous Orchid,https://www.fragrantica.com/perfume/Gucci/Flora-Gorgeous-Orchid-94979.html,EXACT_BRAND_CLEAN_NAME,1.0000,1.0000,PASS
2464-ZAD,4198,This-is-really-him,VERIFIED,WEB_VERIFIED_FRAGRANTICA,89350,Zadig & Voltaire,This Is Really Him!,https://www.fragrantica.com/p/89350,WEB_VERIFIED_FRAGRANTICA,1.0000,1.0000,PASS
2465-PAC,4199,Strong Me,VERIFIED,EXACT_BRAND_CLEAN_NAME,55189,Rabanne,Strong Me,https://www.fragrantica.com/perfume/Rabanne/Strong-Me-55189.html,EXACT_BRAND_CLEAN_NAME,1.0000,1.0000,PASS
2466-ELIZ,4191,White Tea,VERIFIED,EXACT_BRAND_CLEAN_NAME,76395,Elizabeth Arden,White Tea Eau de Parfum,https://www.fragrantica.com/perfume/Elizabeth-Arden/White-Tea-Eau-de-Parfum-76395.html,EXACT_BRAND_CLEAN_NAME,1.0000,1.0000,PASS
2467-NISH,4202,Ege,VERIFIED,WEB_VERIFIED_FRAGRANTICA,64092,Nishane,EGE / ΑΙΓΑΙΟ,https://www.fragrantica.com/p/64092,WEB_VERIFIED_FRAGRANTICA,1.0000,1.0000,PASS
2468-ESPAR,4203,Bois Impérial,VERIFIED,EXACT_PERFUME_BRAND_TEXT,64338,Essential Parfums,Bois Imperial,https://www.fragrantica.com/perfume/Essential-Parfums/Bois-Imperial-64338.html,EXACT_PERFUME_BRAND_TEXT,1.0000,0.9231,PASS
2469-ROJ,4204,AMBER AOUD - ROJA DOVE,VERIFIED,EXACT_PERFUME_BRAND_TEXT,17931,Roja Dove,Amber Aoud,https://www.fragrantica.com/perfume/Roja-Dove/Amber-Aoud-17931.html,EXACT_PERFUME_BRAND_TEXT,1.0000,1.0000,PASS
2470-KAY,4207,Maui-in-a-bottle-sweet-banana-37,VERIFIED,CONFIRMED_IDENTITY_CONCENTRATION_CORPUS,94205,Kayali Fragrances,Maui in a Bottle Sweet Banana 37 Eau de Parfum,https://www.fragrantica.com/perfume/Kayali-Fragrances/Maui-in-a-Bottle-Sweet-Banana-37-Eau-de-Parfum-94205.html,CONFIRMED_IDENTITY_CONCENTRATION_CORPUS,0.9950,1.0000,PASS
2471-SOS,4206,Pasticcio,VERIFIED,EXACT_PERFUME_BRAND_TEXT,75940,Sospiro Perfumes,Pasticcio,https://www.fragrantica.com/perfume/Sospiro-Perfumes/Pasticcio-75940.html,EXACT_PERFUME_BRAND_TEXT,1.0000,1.0000,PASS
2472-VIC,4205,Good-fortune,VERIFIED,EXACT_BRAND_CLEAN_NAME,74194,Viktor Rolf,Good Fortune,https://www.fragrantica.com/perfume/Viktor-Rolf/Good-Fortune-74194.html,EXACT_BRAND_CLEAN_NAME,1.0000,1.0000,PASS
2473-HER,4208,Barenia-eau-de-,VERIFIED,EXACT_PERFUME_BRAND_TEXT,96428,Hermes,Barenia,https://www.fragrantica.com/perfume/Hermes/Barenia-96428.html,EXACT_PERFUME_BRAND_TEXT,1.0000,1.0000,PASS
2474-XER,4210,Dama Bianca,VERIFIED,EXACT_BRAND_CLEAN_NAME,15555,Xerjoff,Dama Bianca,https://www.fragrantica.com/perfume/Xerjoff/Dama-Bianca-15555.html,EXACT_BRAND_CLEAN_NAME,1.0000,1.0000,PASS
2475-DIP,4221,Tempo,VERIFIED,CONFIRMED_EXISTING_MAPPING,48680,Diptyque,Tempo,https://www.fragrantica.com/perfume/Diptyque/Tempo-Eau-de-Parfum-48680.html,CONFIRMED_EXISTING_MAPPING,1.0000,1.0000,PASS
2476-MARG,4246,At-the-barber-s,VERIFIED,EXACT_BRAND_CLEAN_NAME,30262,Maison Martin Margiela,At The Barber s,https://www.fragrantica.com/perfume/Maison-Martin-Margiela/At-The-Barber-s-30262.html,EXACT_BRAND_CLEAN_NAME,1.0000,1.0000,PASS
2477-MARG,4247,Whispers-in-the-library,VERIFIED,EXACT_BRAND_CLEAN_NAME,53537,Maison Martin Margiela,Whispers in the Library,https://www.fragrantica.com/perfume/Maison-Martin-Margiela/Whispers-in-the-Library-53537.html,EXACT_BRAND_CLEAN_NAME,1.0000,1.0000,PASS
2478-MARG,4250,Untitled,VERIFIED,EXACT_BRAND_CLEAN_NAME,7865,Maison Martin Margiela,untitled,https://www.fragrantica.com/perfume/Maison-Martin-Margiela/untitled-7865.html,EXACT_BRAND_CLEAN_NAME,1.0000,1.0000,PASS
2479-PHL,4232,Father-figure,VERIFIED,EXACT_PERFUME_BRAND_TEXT,83775,Phlur,Father Figure,https://www.fragrantica.com/perfume/Phlur/Father-Figure-83775.html,EXACT_PERFUME_BRAND_TEXT,1.0000,1.0000,PASS
2480-JUL,4233,Anyway,VERIFIED,EXACT_PERFUME_BRAND_TEXT,19894,Juliette Has A Gun,Anyway,https://www.fragrantica.com/perfume/Juliette-Has-A-Gun/Anyway-19894.html,EXACT_PERFUME_BRAND_TEXT,1.0000,1.0000,PASS
2481-MARG,4251,When-the-rain-stops-1,VERIFIED,EXACT_BRAND_CLEAN_NAME,70985,Maison Martin Margiela,When the Rain Stops,https://www.fragrantica.com/perfume/Maison-Martin-Margiela/When-the-Rain-Stops-70985.html,EXACT_BRAND_CLEAN_NAME,1.0000,1.0000,PASS
2482-CLEA,,COOL COTTON,VERIFIED,EXACT_PERFUME_BRAND_TEXT,23032,Clean,Cool Cotton,https://www.fragrantica.com/perfume/Clean/Cool-Cotton-23032.html,EXACT_PERFUME_BRAND_TEXT,1.0000,1.0000,PASS
2483-CLEA,,CLEAN SKIN,VERIFIED,EXACT_PERFUME_BRAND_TEXT,16603,Clean,Clean Skin,https://www.fragrantica.com/perfume/Clean/Clean-Skin-16603.html,EXACT_PERFUME_BRAND_TEXT,1.0000,1.0000,PASS
2484-ETLR,4220,THE AFTERNOON OF A FAUN by ETAT LIBRE D'ORANGE,VERIFIED,EXACT_BRAND_CLEAN_NAME,15948,Etat Libre d Orange,The Afternoon of a Faun,https://www.fragrantica.com/perfume/Etat-Libre-d-Orange/The-Afternoon-of-a-Faun-15948.html,EXACT_BRAND_CLEAN_NAME,1.0000,1.0000,PASS
2485-ETLR,4262,The-ghost-in-the-shell-1,VERIFIED,EXACT_PERFUME_BRAND_TEXT,69412,Etat Libre d Orange,The Ghost In The Shell,https://www.fragrantica.com/perfume/Etat-Libre-d-Orange/The-Ghost-In-The-Shell-69412.html,EXACT_PERFUME_BRAND_TEXT,1.0000,1.0000,PASS
2486-MA,4236,Velvet Teddy MAC,VERIFIED,WEB_VERIFIED_FRAGRANTICA,42254,MAC,Velvet Teddy,https://www.fragrantica.com/p/42254,WEB_VERIFIED_FRAGRANTICA,1.0000,1.0000,PASS
2487-PEN,4321,Terrible-teddy,VERIFIED,EXACT_BRAND_CLEAN_NAME,55441,Penhaligon s,Terrible Teddy,https://www.fragrantica.com/perfume/Penhaligon-s/Terrible-Teddy-55441.html,EXACT_BRAND_CLEAN_NAME,1.0000,1.0000,PASS
2488-ANN,4237,Fantasia Mermaid,VERIFIED,EXACT_PERFUME_BRAND_TEXT,54060,Anna Sui,Fantasia Mermaid,https://www.fragrantica.com/perfume/Anna-Sui/Fantasia-Mermaid-54060.html,EXACT_PERFUME_BRAND_TEXT,1.0000,1.0000,PASS
2489-KKWI,4238,Red Lips,VERIFIED,WEB_VERIFIED_FRAGRANTICA,56352,KKW Fragrance,Red Lips,https://www.fragrantica.com/p/56352,WEB_VERIFIED_FRAGRANTICA,1.0000,1.0000,PASS
2490-MARG,4239,On-a-date-1,VERIFIED,EXACT_BRAND_CLEAN_NAME,78292,Maison Martin Margiela,On A Date,https://www.fragrantica.com/perfume/Maison-Martin-Margiela/On-A-Date-78292.html,EXACT_BRAND_CLEAN_NAME,1.0000,1.0000,PASS
2491-LEL,4212,Baie-19,VERIFIED,EXACT_PERFUME_BRAND_TEXT,57513,Le Labo,Baie 19,https://www.fragrantica.com/perfume/Le-Labo/Baie-19-57513.html,EXACT_PERFUME_BRAND_TEXT,1.0000,1.0000,PASS
2492-ETLR,4240,You-or-someone-like-you,VERIFIED,EXACT_PERFUME_BRAND_TEXT,43531,Etat Libre d Orange,You Or Someone Like You,https://www.fragrantica.com/perfume/Etat-Libre-d-Orange/You-Or-Someone-Like-You-43531.html,EXACT_PERFUME_BRAND_TEXT,1.0000,1.0000,PASS
2493-SERG,4241,Nuit De Cellophane,VERIFIED,EXACT_PERFUME_BRAND_TEXT,5748,Serge Lutens,Nuit de Cellophane,https://www.fragrantica.com/perfume/Serge-Lutens/Nuit-de-Cellophane-5748.html,EXACT_PERFUME_BRAND_TEXT,1.0000,1.0000,PASS
2494-BYR,4242,Super Cedar,VERIFIED,EXACT_BRAND_CLEAN_NAME,35530,Byredo,Super Cedar,https://www.fragrantica.com/perfume/Byredo/Super-Cedar-35530.html,EXACT_BRAND_CLEAN_NAME,1.0000,1.0000,PASS
2495-ETLR,4219,I AM TRASH - LES FLEURS DU DECHET by ETAT LIBRE D'ORANGE,VERIFIED,EXACT_BRAND_CLEAN_NAME,50009,Etat Libre d Orange,I am Trash Les Fleurs du Dechet,https://www.fragrantica.com/perfume/Etat-Libre-d-Orange/I-am-Trash-Les-Fleurs-du-Dechet-50009.html,EXACT_BRAND_CLEAN_NAME,1.0000,1.0000,PASS
2496-SERG,4218,LA RELIGIEUSE by SERGE LUTENS,VERIFIED,EXACT_BRAND_CLEAN_NAME,29636,Serge Lutens,La Religieuse,https://www.fragrantica.com/perfume/Serge-Lutens/La-Religieuse-29636.html,EXACT_BRAND_CLEAN_NAME,1.0000,1.0000,PASS
2497-XER,4211,Wardasina,VERIFIED,EXACT_BRAND_CLEAN_NAME,55163,Xerjoff,Wardasina,https://www.fragrantica.com/perfume/Xerjoff/Wardasina-55163.html,EXACT_BRAND_CLEAN_NAME,1.0000,1.0000,PASS
2498-TOUZ,4322,Baby Tous,VERIFIED,WEB_VERIFIED_FRAGRANTICA,2732,Tous,Baby,https://www.fragrantica.com/p/2732,WEB_VERIFIED_FRAGRANTICA,1.0000,1.0000,PASS
2499-VICT,4209,Fresh-snowfall,VERIFIED,EXACT_PERFUME_BRAND_TEXT,65021,Victoria s Secret,Fresh Snowfall,https://www.fragrantica.com/perfume/Victoria-s-Secret/Fresh-Snowfall-65021.html,EXACT_PERFUME_BRAND_TEXT,1.0000,1.0000,PASS
2500-BRB,4222,Baby Touch,VERIFIED,EXACT_PERFUME_BRAND_TEXT,2550,Burberry,Baby Touch,https://www.fragrantica.com/perfume/Burberry/Baby-Touch-2550.html,EXACT_PERFUME_BRAND_TEXT,1.0000,1.0000,PASS
2501-LOE,4223,Agua Miami,VERIFIED,EXACT_PERFUME_BRAND_TEXT,50228,Loewe,Agua Miami,https://www.fragrantica.com/perfume/Loewe/Agua-Miami-50228.html,EXACT_PERFUME_BRAND_TEXT,1.0000,1.0000,PASS
2502-MATIE,4323,Parisian-musc,VERIFIED,EXACT_PERFUME_BRAND_TEXT,59063,Matiere Premiere,Parisian Musc,https://www.fragrantica.com/perfume/Matiere-Premiere/Parisian-Musc-59063.html,EXACT_PERFUME_BRAND_TEXT,1.0000,1.0000,PASS
2503-JUL,4231,Mad Madame,VERIFIED,EXACT_PERFUME_BRAND_TEXT,15563,Juliette Has A Gun,Mad Madame,https://www.fragrantica.com/perfume/Juliette-Has-A-Gun/Mad-Madame-15563.html,EXACT_PERFUME_BRAND_TEXT,1.0000,1.0000,PASS
2504-JUL,4230,Moscow Mule,VERIFIED,EXACT_PERFUME_BRAND_TEXT,47872,Juliette Has A Gun,Moscow Mule,https://www.fragrantica.com/perfume/Juliette-Has-A-Gun/Moscow-Mule-47872.html,EXACT_PERFUME_BRAND_TEXT,1.0000,1.0000,PASS
2505-JACFAT,4229,Curacao-bay,VERIFIED,WEB_VERIFIED_FRAGRANTICA,32571,Jacques Fath,Curacao Bay,https://www.fragrantica.com/p/32571,WEB_VERIFIED_FRAGRANTICA,1.0000,1.0000,PASS
2506-XER,4227,Muse,VERIFIED,EXACT_BRAND_CLEAN_NAME,55161,Xerjoff,Muse,https://www.fragrantica.com/perfume/Xerjoff/Muse-55161.html,EXACT_BRAND_CLEAN_NAME,1.0000,1.0000,PASS
2507-SERG,4217,FIVE O CLOCK AU GINGEMBRE by SERGE LUTENS,VERIFIED,EXACT_BRAND_CLEAN_NAME,2764,Serge Lutens,Five O Clock Au Gingembre,https://www.fragrantica.com/perfume/Serge-Lutens/Five-O-Clock-Au-Gingembre-2764.html,EXACT_BRAND_CLEAN_NAME,1.0000,1.0000,PASS
2508-DRC,4324,Gris,VERIFIED,WEB_VERIFIED_FRAGRANTICA,48387,Dior,Gris Dior,https://www.fragrantica.com/p/48387,WEB_VERIFIED_FRAGRANTICA,1.0000,1.0000,PASS
2509-CRIVEL,4213,Oud-maracuja,VERIFIED,EXACT_BRAND_CLEAN_NAME,83842,Maison Crivelli,Oud Maracuja,https://www.fragrantica.com/perfume/Maison-Crivelli/Oud-Maracuja-83842.html,EXACT_BRAND_CLEAN_NAME,1.0000,1.0000,PASS
2510-ONE,4325,Our-moment-eau-de-,VERIFIED,WEB_VERIFIED_FRAGRANTICA,18810,One Direction,Our Moment,https://www.fragrantica.com/p/18810,WEB_VERIFIED_FRAGRANTICA,1.0000,1.0000,PASS
2511-CHA,4228,Comete,VERIFIED,EXACT_BRAND_CLEAN_NAME,90434,Chanel,Comete,https://www.fragrantica.com/perfume/Chanel/Comete-90434.html,EXACT_BRAND_CLEAN_NAME,1.0000,1.0000,PASS
2512-BRB,4226,Goddess-eau-de-parfum-intense,VERIFIED,EXACT_PERFUME_BRAND_TEXT,95883,Burberry,Goddess Intense,https://www.fragrantica.com/perfume/Burberry/Goddess-Intense-95883.html,EXACT_PERFUME_BRAND_TEXT,1.0000,0.8108,PASS
2513-PAC,4214,Million Gold,VERIFIED,EXACT_BRAND_CLEAN_NAME,95641,Rabanne,Million Gold,https://www.fragrantica.com/perfume/Rabanne/Million-Gold-95641.html,EXACT_BRAND_CLEAN_NAME,1.0000,1.0000,PASS
2514-DRC,4215,Sauvage Eau Forte,NOT_FOUND,NO_CORPUS_CODE_MATCH,,,,,,,0.0000,NOT_MAPPED
2515-LAN,4224,LA VIE EST BELLE L'ELIXIR,VERIFIED,EXACT_BRAND_CLEAN_NAME,95856,Lancome,La Vie est Belle L Elixir,https://www.fragrantica.com/perfume/Lancome/La-Vie-est-Belle-L-Elixir-95856.html,EXACT_BRAND_CLEAN_NAME,1.0000,1.0000,PASS
2516-GUL,4326,Scandal-pour-homme-absolu,VERIFIED,EXACT_BRAND_CLEAN_NAME,91053,Jean Paul Gaultier,Scandal Pour Homme Absolu,https://www.fragrantica.com/perfume/Jean-Paul-Gaultier/Scandal-Pour-Homme-Absolu-91053.html,EXACT_BRAND_CLEAN_NAME,1.0000,0.7179,REVIEW
2517-MNTB,4243,Legend-blue,VERIFIED,EXACT_PERFUME_BRAND_TEXT,90137,Montblanc,Legend Blue,https://www.fragrantica.com/perfume/Montblanc/Legend-Blue-90137.html,EXACT_PERFUME_BRAND_TEXT,1.0000,1.0000,PASS
2518-MATAH,4216,Escapade-gourmande,VERIFIED,CONFIRMED_EXISTING_MAPPING,72607,maison-mataha,Escapade-gourmande,https://www.fragrantica.com/perfume/Maison-Mataha/Escapade-Gourmande-72607.html,CONFIRMED_EXISTING_MAPPING,1.0000,1.0000,PASS
2519-MNT,4244,Starry Nights,VERIFIED,EXACT_PERFUME_BRAND_TEXT,31771,Montale,Starry Nights,https://www.fragrantica.com/perfume/Montale/Starry-Nights-31771.html,EXACT_PERFUME_BRAND_TEXT,1.0000,1.0000,PASS
2520-PEN,4255,Empressa Eau de Parfum,VERIFIED,EXACT_BRAND_CLEAN_NAME,27037,Penhaligon s,Empressa,https://www.fragrantica.com/perfume/Penhaligon-s/Empressa-27037.html,EXACT_BRAND_CLEAN_NAME,1.0000,1.0000,PASS
2521-SOL,4254,Carioca-crush,VERIFIED,EXACT_PERFUME_BRAND_TEXT,92623,Sol de Janeiro,Carioca Crush,https://www.fragrantica.com/perfume/Sol-de-Janeiro/Carioca-Crush-92623.html,EXACT_PERFUME_BRAND_TEXT,1.0000,1.0000,PASS
2522-VIC,4245,Spicebomb-dark-leather,VERIFIED,EXACT_BRAND_CLEAN_NAME,93116,Viktor Rolf,Spicebomb Dark Leather,https://www.fragrantica.com/perfume/Viktor-Rolf/Spicebomb-Dark-Leather-93116.html,EXACT_BRAND_CLEAN_NAME,1.0000,1.0000,PASS
2523-KIL,4329,Sacred Wood,VERIFIED,EXACT_PERFUME_BRAND_TEXT,23897,By Kilian,Sacred Wood,https://www.fragrantica.com/perfume/By-Kilian/Sacred-Wood-23897.html,EXACT_PERFUME_BRAND_TEXT,1.0000,1.0000,PASS
2524-KAY,4289,Marrakesh in a Bottle Orange Blossom 24,VERIFIED,CONFIRMED_IDENTITY_CONCENTRATION_CORPUS,94203,Kayali Fragrances,Marrakesh in a Bottle Orange Blossom 24 Eau de Parfum,https://www.fragrantica.com/perfume/Kayali-Fragrances/Marrakesh-in-a-Bottle-Orange-Blossom-24-Eau-de-Parfum-94203.html,CONFIRMED_IDENTITY_CONCENTRATION_CORPUS,0.9950,1.0000,PASS
2525-CAR,4330,Good-girl-eau-de-parfum-supreme,VERIFIED,EXACT_BRAND_CLEAN_NAME,61769,Carolina Herrera,Good Girl Supreme,https://www.fragrantica.com/perfume/Carolina-Herrera/Good-Girl-Supreme-61769.html,EXACT_BRAND_CLEAN_NAME,1.0000,0.8293,PASS
2526-KAY,4303,Capri in a Bottle Lemon Sugar | 14 Eau de Parfum by Kayali Fragrances,VERIFIED,EXACT_BRAND_CLEAN_NAME,94204,Kayali Fragrances,Capri in a Bottle Lemon Sugar 14 Eau de Parfum,https://www.fragrantica.com/perfume/Kayali-Fragrances/Capri-in-a-Bottle-Lemon-Sugar-14-Eau-de-Parfum-94204.html,EXACT_BRAND_CLEAN_NAME,1.0000,1.0000,PASS
2527-GUR,4331,Angelique Noire,VERIFIED,EXACT_BRAND_CLEAN_NAME,1021,Guerlain,Angelique Noire,https://www.fragrantica.com/perfume/Guerlain/Angelique-Noire-1021.html,EXACT_BRAND_CLEAN_NAME,1.0000,1.0000,PASS
2528-JER,4261,Gozo,VERIFIED,WEB_VERIFIED_FRAGRANTICA,60300,Jeroboam,Gozo,https://www.fragrantica.com/p/60300,WEB_VERIFIED_FRAGRANTICA,1.0000,1.0000,PASS
2529-VER,4363,L'Homme Eau de Toilette (Eau de Toilette),VERIFIED,WEB_VERIFIED_FRAGRANTICA,647,Versace,L'Homme,https://www.fragrantica.com/p/647,WEB_VERIFIED_FRAGRANTICA,1.0000,1.0000,PASS
2531-CAR,4259,Bad-boy-cobalt-elixir,VERIFIED,EXACT_BRAND_CLEAN_NAME,89374,Carolina Herrera,Bad Boy Cobalt Elixir,https://www.fragrantica.com/perfume/Carolina-Herrera/Bad-Boy-Cobalt-Elixir-89374.html,EXACT_BRAND_CLEAN_NAME,1.0000,1.0000,PASS
2532-PRA,4258,Cargo-de-nuit,VERIFIED,EXACT_PERFUME_BRAND_TEXT,32197,Prada,Cargo de Nuit,https://www.fragrantica.com/perfume/Prada/Cargo-de-Nuit-32197.html,EXACT_PERFUME_BRAND_TEXT,1.0000,1.0000,PASS
2533-RAL,4360,Safari,VERIFIED,CONFIRMED_IDENTITY_EXACT_CORPUS,897,Ralph Lauren,Safari,https://www.fragrantica.com/perfume/Ralph-Lauren/Safari-897.html,CONFIRMED_IDENTITY_EXACT_CORPUS,1.0000,1.0000,PASS
2534-ARM,4264,Sensi,VERIFIED,EXACT_BRAND_CLEAN_NAME,557,Giorgio Armani,Sensi,https://www.fragrantica.com/perfume/Giorgio-Armani/Sensi-557.html,EXACT_BRAND_CLEAN_NAME,1.0000,1.0000,PASS
2535-DRC,4361,J'adore L'Or (2023),VERIFIED,EXACT_BRAND_CLEAN_NAME,84202,Dior,J adore L Or 2023,https://www.fragrantica.com/perfume/Dior/J-adore-L-Or-2023-84202.html,EXACT_BRAND_CLEAN_NAME,1.0000,1.0000,PASS
2536-PRA,4279,Paradoxe-virtual-flower,VERIFIED,SAFE_TOKEN_SAME_BRAND,95006,Prada,Prada Paradoxe Virtual Flower,https://www.fragrantica.com/perfume/Prada/Prada-Paradoxe-Virtual-Flower-95006.html,SAFE_TOKEN_SAME_BRAND,0.9860,1.0000,PASS
2537-DRC,4362,Miss Parfum (2024),VERIFIED,SAFE_TOKEN_SAME_BRAND,89584,Dior,Miss Dior Parfum 2024,https://www.fragrantica.com/perfume/Dior/Miss-Dior-Parfum-2024-89584.html,SAFE_TOKEN_SAME_BRAND,0.9440,0.7826,PASS
2538-GUL,4256,Le-male-lover,VERIFIED,EXACT_BRAND_CLEAN_NAME,89720,Jean Paul Gaultier,Le Male Lover,https://www.fragrantica.com/perfume/Jean-Paul-Gaultier/Le-Male-Lover-89720.html,EXACT_BRAND_CLEAN_NAME,1.0000,1.0000,PASS
2539-CRIVEL,4257,Tubereuse-astrale,VERIFIED,EXACT_PERFUME_BRAND_TEXT,90733,Maison Crivelli,Tubereuse Astrale,https://www.fragrantica.com/perfume/Maison-Crivelli/Tubereuse-Astrale-90733.html,EXACT_PERFUME_BRAND_TEXT,1.0000,1.0000,PASS
2540-COM,4253,Concrete,VERIFIED,EXACT_PERFUME_BRAND_TEXT,45911,Comme des Garcons,Concrete,https://www.fragrantica.com/perfume/Comme-des-Garcons/Concrete-45911.html,EXACT_PERFUME_BRAND_TEXT,1.0000,1.0000,PASS
2541-STE,4252,God-of-fire,VERIFIED,EXACT_BRAND_CLEAN_NAME,72381,Stephane Humbert Lucas 777,God of Fire,https://www.fragrantica.com/perfume/Stephane-Humbert-Lucas-777/God-of-Fire-72381.html,EXACT_BRAND_CLEAN_NAME,1.0000,1.0000,PASS
2542-FUR,4260,Autentica Furla for women,VERIFIED,WEB_VERIFIED_FRAGRANTICA,69941,Furla,Autentica,https://www.fragrantica.com/p/69941,WEB_VERIFIED_FRAGRANTICA,1.0000,1.0000,PASS
2543-HUG,4332,The-scent-magnetic-for-him,VERIFIED,SAFE_TOKEN_SAME_BRAND,78424,Hugo Boss,Boss The Scent For Him Magnetic,https://www.fragrantica.com/perfume/Hugo-Boss/Boss-The-Scent-For-Him-Magnetic-78424.html,SAFE_TOKEN_SAME_BRAND,0.9760,0.7325,REVIEW
2544-ACQ,4333,Magnolia Nobile,VERIFIED,WEB_VERIFIED_FRAGRANTICA,6483,Acqua di Parma,Magnolia Nobile,https://www.fragrantica.com/p/6483,WEB_VERIFIED_FRAGRANTICA,1.0000,1.0000,PASS
2545-MEM,4280,Kedu-sesame,VERIFIED,EXACT_PERFUME_BRAND_TEXT,46179,Memo Paris,Kedu Sesame,https://www.fragrantica.com/perfume/Memo-Paris/Kedu-Sesame-46179.html,EXACT_PERFUME_BRAND_TEXT,1.0000,1.0000,PASS
2546-MEM,4281,Moroccan-leather,VERIFIED,EXACT_PERFUME_BRAND_TEXT,51440,Memo Paris,Moroccan Leather,https://www.fragrantica.com/perfume/Memo-Paris/Moroccan-Leather-51440.html,EXACT_PERFUME_BRAND_TEXT,1.0000,1.0000,PASS
2547-KUR,4327,Aqua Universalis Eau de Toilette,VERIFIED,EXACT_BRAND_CLEAN_NAME,6804,Maison Francis Kurkdjian,Aqua Universalis,https://www.fragrantica.com/perfume/Maison-Francis-Kurkdjian/Aqua-Universalis-6804.html,EXACT_BRAND_CLEAN_NAME,1.0000,1.0000,PASS
2548-RIT,4328,Hammam Rituals,VERIFIED,EXACT_UNIQUE_NAME,63387,Avgerinos,Hammam,https://www.fragrantica.com/perfume/Avgerinos/Hammam-63387.html,EXACT_UNIQUE_NAME,1.0000,1.0000,PASS
2549-MARC,4269,Tilia,VERIFIED,EXACT_PERFUME_BRAND_TEXT,91688,Marc Antoine Barrois,Tilia,https://www.fragrantica.com/perfume/Marc-Antoine-Barrois/Tilia-91688.html,EXACT_PERFUME_BRAND_TEXT,1.0000,1.0000,PASS
2550-ARM,4270,Emporio-armani-stronger-with-you-tobacco,VERIFIED,SAFE_TOKEN_SAME_BRAND,90333,Giorgio Armani,Emporio Armani Stronger With You Tobacco,https://www.fragrantica.com/perfume/Giorgio-Armani/Emporio-Armani-Stronger-With-You-Tobacco-90333.html,SAFE_TOKEN_SAME_BRAND,0.9760,1.0000,PASS
2551-PAR,4336,Khair-fusion-eau-de-,VERIFIED,EXACT_PERFUME_BRAND_TEXT,92768,PARIS CORNER,Khair Fusion,https://www.fragrantica.com/perfume/PARIS-CORNER/Khair-Fusion-92768.html,EXACT_PERFUME_BRAND_TEXT,1.0000,1.0000,PASS
2552-SOR,,NIGHT HORSE,VERIFIED,WEB_VERIFIED_FRAGRANTICA,75119,,,https://www.fragrantica.com/perfume/Siordia-Parfums/Night-Horse--75119.html,WEB_VERIFIED_FRAGRANTICA,1.0000,1.0000,PASS
2553-BON,4365,Andy Warhol,VERIFIED,EXACT_PERFUME_BRAND_TEXT,13630,Bond No 9,Andy Warhol,https://www.fragrantica.com/perfume/Bond-No-9/Andy-Warhol-13630.html,EXACT_PERFUME_BRAND_TEXT,1.0000,1.0000,PASS
2554-JOM,4286,Orange-marmalade-orange-peel,VERIFIED,EXACT_BRAND_CLEAN_NAME,94355,Jo Malone London,Orange Marmalade,https://www.fragrantica.com/perfume/Jo-Malone-London/Orange-Marmalade-94355.html,EXACT_BRAND_CLEAN_NAME,1.0000,1.0000,PASS
2555-BON,4373,Tribeca,VERIFIED,EXACT_PERFUME_BRAND_TEXT,59904,Bond No 9,TriBeCa,https://www.fragrantica.com/perfume/Bond-No-9/TriBeCa-59904.html,EXACT_PERFUME_BRAND_TEXT,1.0000,1.0000,PASS
2556-LAT,4285,Yara Moi Lattafa Perfumes,VERIFIED,EXACT_PERFUME_BRAND_TEXT,80722,Lattafa Perfumes,Yara Moi,https://www.fragrantica.com/perfume/Lattafa-Perfumes/Yara-Moi-80722.html,EXACT_PERFUME_BRAND_TEXT,1.0000,1.0000,PASS
2557-ARIA,4284,God-is-a-woman-eau-de-,VERIFIED,EXACT_PERFUME_BRAND_TEXT,68664,Ariana Grande,God Is A Woman,https://www.fragrantica.com/perfume/Ariana-Grande/God-Is-A-Woman-68664.html,EXACT_PERFUME_BRAND_TEXT,1.0000,1.0000,PASS
2558-LAT,4273,Bade'e Al Oud Sublime Lattafa Perfumes,VERIFIED,EXACT_PERFUME_BRAND_TEXT,83309,Lattafa Perfumes,Bade e Al Oud Sublime,https://www.fragrantica.com/perfume/Lattafa-Perfumes/Bade-e-Al-Oud-Sublime-83309.html,EXACT_PERFUME_BRAND_TEXT,1.0000,1.0000,PASS
2559-LAT,4288,Ra'ed Silver Lattafa Perfumes,VERIFIED,EXACT_PERFUME_BRAND_TEXT,75900,Lattafa Perfumes,Ra ed Silver,https://www.fragrantica.com/perfume/Lattafa-Perfumes/Ra-ed-Silver-75900.html,EXACT_PERFUME_BRAND_TEXT,1.0000,1.0000,PASS
2560-JUSB,4374,Siren-amp-sailors,VERIFIED,WEB_VERIFIED_FRAGRANTICA,53042,Jusbox,Siren & Sailors,https://www.fragrantica.com/p/53042,WEB_VERIFIED_FRAGRANTICA,1.0000,1.0000,PASS
2561-SOM,4337,Capriccio,VERIFIED,WEB_VERIFIED_FRAGRANTICA,71727,Somens,Capriccio,https://www.fragrantica.com/p/71727,WEB_VERIFIED_FRAGRANTICA,1.0000,1.0000,PASS
2562-JUSB,4375,Beat Cafe,VERIFIED,WEB_VERIFIED_FRAGRANTICA,39041,Jusbox,Beat Cafe,https://www.fragrantica.com/p/39041,WEB_VERIFIED_FRAGRANTICA,1.0000,1.0000,PASS
2563-TMFO,4274,Rose-exposed,VERIFIED,EXACT_BRAND_CLEAN_NAME,98669,Tom Ford,Rose Exposed,https://www.fragrantica.com/perfume/Tom-Ford/Rose-Exposed-98669.html,EXACT_BRAND_CLEAN_NAME,1.0000,1.0000,PASS
2564-NRO,4263,For-her-musc-nude,VERIFIED,SAFE_TOKEN_SAME_BRAND,88936,Narciso Rodriguez,Narciso Rodriguez For Her Musc Nude,https://www.fragrantica.com/perfume/Narciso-Rodriguez/Narciso-Rodriguez-For-Her-Musc-Nude-88936.html,SAFE_TOKEN_SAME_BRAND,0.9860,1.0000,PASS
2565-GUC,4338,Guilty-elixir-de-parfum-pour-homme,VERIFIED,EXACT_BRAND_CLEAN_NAME,84547,Gucci,Guilty Elixir de Parfum pour Homme,https://www.fragrantica.com/perfume/Gucci/Guilty-Elixir-de-Parfum-pour-Homme-84547.html,EXACT_BRAND_CLEAN_NAME,1.0000,1.0000,PASS
2566-VER,4339,Eros-energy,VERIFIED,EXACT_BRAND_CLEAN_NAME,92647,Versace,Eros Energy,https://www.fragrantica.com/perfume/Versace/Eros-Energy-92647.html,EXACT_BRAND_CLEAN_NAME,1.0000,1.0000,PASS
2567-SOL,4283,Cheirosa-71,VERIFIED,EXACT_PERFUME_BRAND_TEXT,63079,Sol de Janeiro,Cheirosa 71,https://www.fragrantica.com/perfume/Sol-de-Janeiro/Cheirosa-71-63079.html,EXACT_PERFUME_BRAND_TEXT,1.0000,1.0000,PASS
2568-GIV,4340,L-interdit-eau-de-parfum-rouge-ultime,VERIFIED,EXACT_BRAND_CLEAN_NAME,83865,Givenchy,L Interdit Eau de Parfum Rouge Ultime,https://www.fragrantica.com/perfume/Givenchy/L-Interdit-Eau-de-Parfum-Rouge-Ultime-83865.html,EXACT_BRAND_CLEAN_NAME,1.0000,0.8679,PASS
2569-GOLD,4278,Ingenious Ginger Goldfield & Banks Australia,VERIFIED,EXACT_BRAND_CLEAN_NAME,81895,Goldfield Banks Australia,Ingenious Ginger,https://www.fragrantica.com/perfume/Goldfield-Banks-Australia/Ingenious-Ginger-81895.html,EXACT_BRAND_CLEAN_NAME,1.0000,1.0000,PASS
2570-JOM,4272,English-pear-sweet-pea-,VERIFIED,SAFE_TOKEN_SAME_BRAND,84035,Jo Malone London,English Pear Sweet Pea,https://www.fragrantica.com/perfume/Jo-Malone-London/English-Pear-Sweet-Pea-84035.html,SAFE_TOKEN_SAME_BRAND,0.9440,1.0000,PASS
2571-GOLD,4277,Silky Woods Goldfield & Banks Australia,VERIFIED,EXACT_BRAND_CLEAN_NAME,66766,Goldfield Banks Australia,Silky Woods,https://www.fragrantica.com/perfume/Goldfield-Banks-Australia/Silky-Woods-66766.html,EXACT_BRAND_CLEAN_NAME,1.0000,1.0000,PASS
2572-KUR,4351,APOM Eau de Parfum,VERIFIED,EXACT_BRAND_CLEAN_NAME,95969,Maison Francis Kurkdjian,APOM,https://www.fragrantica.com/perfume/Maison-Francis-Kurkdjian/APOM-95969.html,EXACT_BRAND_CLEAN_NAME,1.0000,1.0000,PASS
2573-KAY,4352,Maldives in a Bottle Ylang Coco | 20 Eau de Parfum Kayali Fragrances,VERIFIED,EXACT_PERFUME_BRAND_TEXT,94206,Kayali Fragrances,Maldives in a Bottle Ylang Coco 20 Eau de Parfum,https://www.fragrantica.com/perfume/Kayali-Fragrances/Maldives-in-a-Bottle-Ylang-Coco-20-Eau-de-Parfum-94206.html,EXACT_PERFUME_BRAND_TEXT,1.0000,1.0000,PASS
2574-MEM,4353,Cappadocia,VERIFIED,EXACT_PERFUME_BRAND_TEXT,88771,Memo Paris,Cappadocia,https://www.fragrantica.com/perfume/Memo-Paris/Cappadocia-88771.html,EXACT_PERFUME_BRAND_TEXT,1.0000,1.0000,PASS
2575-XER,4395,Deified Tony Iommi Parfum,VERIFIED,EXACT_BRAND_CLEAN_NAME,92497,Xerjoff,Deified Tony Iommi Parfum,https://www.fragrantica.com/perfume/Xerjoff/Deified-Tony-Iommi-Parfum-92497.html,EXACT_BRAND_CLEAN_NAME,1.0000,1.0000,PASS
2576-TMFO,4355,Eau-d-ombre-leather,VERIFIED,EXACT_BRAND_CLEAN_NAME,95389,Tom Ford,Eau d Ombre Leather,https://www.fragrantica.com/perfume/Tom-Ford/Eau-d-Ombre-Leather-95389.html,EXACT_BRAND_CLEAN_NAME,1.0000,1.0000,PASS
2577-DOL,4356,Devotion-eau-de-parfum-intense,VERIFIED,EXACT_UNIQUE_NAME,96028,Dolce Gabbana,Devotion Intense,https://www.fragrantica.com/perfume/Dolce-Gabbana/Devotion-Intense-96028.html,EXACT_UNIQUE_NAME,1.0000,0.8205,PASS
2578-DON,4357,Dkny-24-7,VERIFIED,EXACT_BRAND_CLEAN_NAME,94958,Donna Karan,DKNY 24 7,https://www.fragrantica.com/perfume/Donna-Karan/DKNY-24-7-94958.html,EXACT_BRAND_CLEAN_NAME,1.0000,1.0000,PASS
2579-SOS,4358,Maraschino Sospiro Perfumes,VERIFIED,EXACT_PERFUME_BRAND_TEXT,89902,Sospiro Perfumes,Maraschino,https://www.fragrantica.com/perfume/Sospiro-Perfumes/Maraschino-89902.html,EXACT_PERFUME_BRAND_TEXT,1.0000,1.0000,PASS
2580-KAY,4359,Yum Boujee Marshmallow | 81 Kayali Fragrances,VERIFIED,WEB_VERIFIED_FRAGRANTICA,99254,Kayali,Yum Boujee Marshmallow 81,https://www.fragrantica.com/p/99254,WEB_VERIFIED_FRAGRANTICA,1.0000,1.0000,PASS
2581-GUR,4370,Vanille-planifolia-extrait-21,VERIFIED,EXACT_BRAND_CLEAN_NAME,87539,Guerlain,Vanille Planifolia Extrait 21,https://www.fragrantica.com/perfume/Guerlain/Vanille-Planifolia-Extrait-21-87539.html,EXACT_BRAND_CLEAN_NAME,1.0000,1.0000,PASS
2582-PIER,4371,Carbone Pierre Balmain type,VERIFIED,WEB_VERIFIED_FRAGRANTICA,96728,Balmain,Carbone,https://www.fragrantica.com/p/96728,WEB_VERIFIED_FRAGRANTICA,1.0000,1.0000,PASS
2583-INI,4372,Paragon Initio Parfums,VERIFIED,EXACT_BRAND_CLEAN_NAME,76580,Initio Parfums Prives,Paragon,https://www.fragrantica.com/perfume/Initio-Parfums-Prives/Paragon-76580.html,EXACT_BRAND_CLEAN_NAME,1.0000,1.0000,PASS
2584-GIV,4369,Eau de,VERIFIED,WEB_VERIFIED_FRAGRANTICA,1966,,,https://www.fragrantica.com/perfume/Givenchy/Eau-de-Givenchy-1966.html,WEB_VERIFIED_FRAGRANTICA,1.0000,1.0000,PASS
2585-SOL,4368,Summer-e-amor,VERIFIED,EXACT_PERFUME_BRAND_TEXT,92622,Sol de Janeiro,Summer e Amor,https://www.fragrantica.com/perfume/Sol-de-Janeiro/Summer-e-Amor-92622.html,EXACT_PERFUME_BRAND_TEXT,1.0000,1.0000,PASS
2586-DIP,4367,Biscuit DIP,NOT_FOUND,NO_FOUND_ID_FOR_CODE,,,,,,,0.0000,NOT_MAPPED
2587-MAR,4366,Daisy Dream Sunshine,VERIFIED,EXACT_PERFUME_BRAND_TEXT,52931,Marc Jacobs,Daisy Dream Sunshine,https://www.fragrantica.com/perfume/Marc-Jacobs/Daisy-Dream-Sunshine-52931.html,EXACT_PERFUME_BRAND_TEXT,1.0000,1.0000,PASS
2588-BLG,4341,Le Gemme  Onekh,VERIFIED,EXACT_BRAND_CLEAN_NAME,41220,Bvlgari,Onekh,https://www.fragrantica.com/perfume/Bvlgari/Onekh-41220.html,EXACT_BRAND_CLEAN_NAME,1.0000,1.0000,PASS
2589-BYRP,4342,Mula-mula-double-caramel,VERIFIED,EXACT_PERFUME_BRAND_TEXT,88568,Byron Parfums,Mula Mula Double Caramel,https://www.fragrantica.com/perfume/Byron-Parfums/Mula-Mula-Double-Caramel-88568.html,EXACT_PERFUME_BRAND_TEXT,1.0000,1.0000,PASS
2590-BYRP,4343,Mula-mula-rouge-extreme,VERIFIED,EXACT_PERFUME_BRAND_TEXT,62827,Byron Parfums,Mula Mula Rouge Extreme,https://www.fragrantica.com/perfume/Byron-Parfums/Mula-Mula-Rouge-Extreme-62827.html,EXACT_PERFUME_BRAND_TEXT,1.0000,1.0000,PASS
2591-CRD,4344,Acqua Fiorentina,VERIFIED,EXACT_BRAND_CLEAN_NAME,6272,Creed,Acqua Fiorentina,https://www.fragrantica.com/perfume/Creed/Acqua-Fiorentina-6272.html,EXACT_BRAND_CLEAN_NAME,1.0000,1.0000,PASS
2592-GOLD,4345,Pacific Rock Moss Goldfield & Banks Australia,VERIFIED,EXACT_BRAND_CLEAN_NAME,44120,Goldfield Banks Australia,Pacific Rock Moss,https://www.fragrantica.com/perfume/Goldfield-Banks-Australia/Pacific-Rock-Moss-44120.html,EXACT_BRAND_CLEAN_NAME,1.0000,1.0000,PASS
2593-HUG,4346,Boss-bottled-elixir,VERIFIED,SAFE_TOKEN_SAME_BRAND,84074,Hugo Boss,Boss Bottled Elixir,https://www.fragrantica.com/perfume/Hugo-Boss/Boss-Bottled-Elixir-84074.html,SAFE_TOKEN_SAME_BRAND,0.9560,1.0000,PASS
2594-HUG,4347,Boss Bottled Oud Saffron,VERIFIED,SAFE_TOKEN_SAME_BRAND,53338,Hugo Boss,Boss Bottled Oud Saffron,https://www.fragrantica.com/perfume/Hugo-Boss/Boss-Bottled-Oud-Saffron-53338.html,SAFE_TOKEN_SAME_BRAND,0.9760,1.0000,PASS
2595-INI,4348,Mystic Experience Initio Parfums,VERIFIED,EXACT_BRAND_CLEAN_NAME,30992,Initio Parfums Prives,Mystic Experience,https://www.fragrantica.com/perfume/Initio-Parfums-Prives/Mystic-Experience-30992.html,EXACT_BRAND_CLEAN_NAME,1.0000,1.0000,PASS
2596-PEN,4349,Halfeti-cedar,VERIFIED,EXACT_BRAND_CLEAN_NAME,64560,Penhaligon s,Halfeti Cedar,https://www.fragrantica.com/perfume/Penhaligon-s/Halfeti-Cedar-64560.html,EXACT_BRAND_CLEAN_NAME,1.0000,1.0000,PASS
2597-TMFO,4350,Amber-intrigue,VERIFIED,EXACT_BRAND_CLEAN_NAME,97380,Tom Ford,Amber Intrigue,https://www.fragrantica.com/perfume/Tom-Ford/Amber-Intrigue-97380.html,EXACT_BRAND_CLEAN_NAME,1.0000,1.0000,PASS
2598-GLO,4425,You,VERIFIED,CONFIRMED_EXISTING_MAPPING,46885,Glossier,You,https://www.fragrantica.com/perfume/Glossier/You-46885.html,CONFIRMED_EXISTING_MAPPING,1.0000,1.0000,PASS
2599-ACQ,4426,Sandalo-eau-de-,VERIFIED,EXACT_BRAND_CLEAN_NAME,56002,Acqua di Parma,Sandalo Eau de Parfum,https://www.fragrantica.com/perfume/Acqua-di-Parma/Sandalo-Eau-de-Parfum-56002.html,EXACT_BRAND_CLEAN_NAME,1.0000,1.0000,PASS
2600-TMU,4389,Angel Lily,VERIFIED,WEB_VERIFIED_FRAGRANTICA,714,Mugler,Angel Garden Of Stars - Le Lys,https://www.fragrantica.com/p/714,WEB_VERIFIED_FRAGRANTICA,1.0000,1.0000,PASS
2601-TMU,4390,Angel Passion Star,VERIFIED,EXACT_BRAND_CLEAN_NAME,31849,Mugler,Angel Passion Star,https://www.fragrantica.com/perfume/Mugler/Angel-Passion-Star-31849.html,EXACT_BRAND_CLEAN_NAME,1.0000,1.0000,PASS
2602-TMU,4391,Angel Garden Of Stars - Violette Angel,VERIFIED,EXACT_BRAND_CLEAN_NAME,712,Mugler,Angel Garden Of Stars Violette Angel,https://www.fragrantica.com/perfume/Mugler/Angel-Garden-Of-Stars-Violette-Angel-712.html,EXACT_BRAND_CLEAN_NAME,1.0000,1.0000,PASS
2603-JUL,4406,Lust-for-sun,VERIFIED,EXACT_PERFUME_BRAND_TEXT,80004,Juliette Has A Gun,Lust for Sun,https://www.fragrantica.com/perfume/Juliette-Has-A-Gun/Lust-for-Sun-80004.html,EXACT_PERFUME_BRAND_TEXT,1.0000,1.0000,PASS
2604-JILS,4394,Sun Men Jil Sander,VERIFIED,WEB_VERIFIED_FRAGRANTICA,619,,,https://www.fragrantica.com/perfume/Jil-Sander/Sun-Men-619.html,WEB_VERIFIED_FRAGRANTICA,1.0000,1.0000,PASS
2605-ARM,4419,Figuier Eden,VERIFIED,EXACT_BRAND_CLEAN_NAME,14878,Giorgio Armani,Figuier Eden,https://www.fragrantica.com/perfume/Giorgio-Armani/Figuier-Eden-14878.html,EXACT_BRAND_CLEAN_NAME,1.0000,1.0000,PASS
2606-ARM,5057,Ocean-di-gioia,VERIFIED,CONFIRMED_ID_IN_CORPUS,59809,Giorgio Armani,Ocean di Gioia,https://www.fragrantica.com/perfume/Giorgio-Armani/Ocean-di-Gioia-59809.html,CONFIRMED_ID_IN_CORPUS,1.0000,1.0000,PASS
2607-TMU,4392,Angel Eau Croisiere,VERIFIED,EXACT_BRAND_CLEAN_NAME,53351,Mugler,Angel Eau Croisiere,https://www.fragrantica.com/perfume/Mugler/Angel-Eau-Croisiere-53351.html,EXACT_BRAND_CLEAN_NAME,1.0000,1.0000,PASS
2608-KIL,4421,A Taste Of Heaven,VERIFIED,EXACT_PERFUME_BRAND_TEXT,4317,By Kilian,A Taste of Heaven,https://www.fragrantica.com/perfume/By-Kilian/A-Taste-of-Heaven-4317.html,EXACT_PERFUME_BRAND_TEXT,1.0000,1.0000,PASS
2609-TMFO,4420,Opaline Hyacinth,VERIFIED,EXACT_BRAND_CLEAN_NAME,15916,Tom Ford,Ombre de Hyacinth,https://www.fragrantica.com/perfume/Tom-Ford/Ombre-de-Hyacinth-15916.html,EXACT_BRAND_CLEAN_NAME,1.0000,0.6667,REVIEW
2610-JUL,4418,Not-a-perfume-superdose,VERIFIED,EXACT_PERFUME_BRAND_TEXT,56679,Juliette Has A Gun,Not A Perfume Superdose,https://www.fragrantica.com/perfume/Juliette-Has-A-Gun/Not-A-Perfume-Superdose-56679.html,EXACT_PERFUME_BRAND_TEXT,1.0000,1.0000,PASS
2611-KAY,4430,Elixir 11 Kayali Fragrances,VERIFIED,EXACT_PERFUME_BRAND_TEXT,52610,Kayali Fragrances,Elixir 11,https://www.fragrantica.com/perfume/Kayali-Fragrances/Elixir-11-52610.html,EXACT_PERFUME_BRAND_TEXT,1.0000,1.0000,PASS
2612-LUS,4428,Sticky Dates Lush,VERIFIED,EXACT_PERFUME_BRAND_TEXT,88995,Lush,Sticky Dates,https://www.fragrantica.com/perfume/Lush/Sticky-Dates-88995.html,EXACT_PERFUME_BRAND_TEXT,1.0000,1.0000,PASS
2613-SOS,4429,Vibrato Sospiro Perfume,VERIFIED,EXACT_BRAND_CLEAN_NAME,75930,Sospiro Perfumes,Vibrato,https://www.fragrantica.com/perfume/Sospiro-Perfumes/Vibrato-75930.html,EXACT_BRAND_CLEAN_NAME,1.0000,1.0000,PASS
2614-AMG,4435,Guidance 46 Amouagee,VERIFIED,EXACT_BRAND_CLEAN_NAME,94033,Amouage,Guidance 46,https://www.fragrantica.com/perfume/Amouage/Guidance-46-94033.html,EXACT_BRAND_CLEAN_NAME,1.0000,1.0000,PASS
2615-ARMA,4485,Odyssey-dubai-chocolat,VERIFIED,EXACT_BRAND_CLEAN_NAME,102117,Armaf,Odyssey Dubai Chocolat,https://www.fragrantica.com/perfume/Armaf/Odyssey-Dubai-Chocolat-102117.html,EXACT_BRAND_CLEAN_NAME,1.0000,1.0000,PASS
2616-TMU,4482,Alien-extraintense,VERIFIED,EXACT_BRAND_CLEAN_NAME,101560,Mugler,Alien Extraintense,https://www.fragrantica.com/perfume/Mugler/Alien-Extraintense-101560.html,EXACT_BRAND_CLEAN_NAME,1.0000,1.0000,PASS
2617-DOL,4480,Devotion Pour Homme,VERIFIED,EXACT_UNIQUE_NAME,101353,Dolce Gabbana,Devotion Pour Homme,https://www.fragrantica.com/perfume/Dolce-Gabbana/Devotion-Pour-Homme-101353.html,EXACT_UNIQUE_NAME,1.0000,1.0000,PASS
2618-TMFO,4528,Bois-pacifique,VERIFIED,EXACT_BRAND_CLEAN_NAME,100411,Tom Ford,Bois Pacifique,https://www.fragrantica.com/perfume/Tom-Ford/Bois-Pacifique-100411.html,EXACT_BRAND_CLEAN_NAME,1.0000,1.0000,PASS
2619-DRC,4481,Homme Parfum 2025,VERIFIED,SAFE_TOKEN_SAME_BRAND,101016,Dior,Dior Homme Parfum 2025,https://www.fragrantica.com/perfume/Dior/Dior-Homme-Parfum-2025-101016.html,SAFE_TOKEN_SAME_BRAND,0.9760,1.0000,PASS
2620-CHAR,4443,Cosmic-power,VERIFIED,EXACT_BRAND_CLEAN_NAME,92088,Charlotte Tilbury,Cosmic Power,https://www.fragrantica.com/perfume/Charlotte-Tilbury/Cosmic-Power-92088.html,EXACT_BRAND_CLEAN_NAME,1.0000,1.0000,PASS
2621-CHAR,4478,More-sex,VERIFIED,EXACT_BRAND_CLEAN_NAME,92086,Charlotte Tilbury,More Sex,https://www.fragrantica.com/perfume/Charlotte-Tilbury/More-Sex-92086.html,EXACT_BRAND_CLEAN_NAME,1.0000,1.0000,PASS
2622-PHL,4479,Vanilla-skin-eau-de-,VERIFIED,CONFIRMED_EXISTING_MAPPING,87258,Phlur,Vanilla-skin-eau-de-,https://www.fragrantica.com/perfume/Phlur/Vanilla-Skin-87258.html,CONFIRMED_EXISTING_MAPPING,1.0000,1.0000,PASS
2623-NES,4436,Santa-barbara-strawberry-eau-de-,VERIFIED,WEB_VERIFIED_FRAGRANTICA,120744,Nest,Santa Barbara Strawberry,https://www.fragrantica.com/p/120744,WEB_VERIFIED_FRAGRANTICA,1.0000,1.0000,PASS
2624-BLG,4434,Rock-n-rome,VERIFIED,EXACT_BRAND_CLEAN_NAME,64736,Bvlgari,Rock N Rome,https://www.fragrantica.com/perfume/Bvlgari/Rock-N-Rome-64736.html,EXACT_BRAND_CLEAN_NAME,1.0000,1.0000,PASS
2625-GUR,4432,L Instant De Guerlain Pour Homme,VERIFIED,SAFE_TOKEN_SAME_BRAND,11570,Guerlain,L Instant de Guerlain pour Homme Eau Extreme,https://www.fragrantica.com/perfume/Guerlain/L-Instant-de-Guerlain-pour-Homme-Eau-Extreme-11570.html,SAFE_TOKEN_SAME_BRAND,0.9440,1.0000,PASS
2626-JOM,4433,English Oak  Redcurrant,VERIFIED,SAFE_TOKEN_SAME_BRAND,46186,Jo Malone London,English Oak Redcurrant,https://www.fragrantica.com/perfume/Jo-Malone-London/English-Oak-Redcurrant-46186.html,SAFE_TOKEN_SAME_BRAND,0.9440,1.0000,PASS
2627-LTN,4422,Météore,VERIFIED,CONFIRMED_IDENTITY_EXACT_CORPUS,62251,Louis Vuitton,Meteore,https://www.fragrantica.com/perfume/Louis-Vuitton/Meteore-62251.html,CONFIRMED_IDENTITY_EXACT_CORPUS,1.0000,0.7143,REVIEW
2628-PEN,4415,Roaring-radcliff,VERIFIED,EXACT_BRAND_CLEAN_NAME,43037,Penhaligon s,Roaring Radcliff,https://www.fragrantica.com/perfume/Penhaligon-s/Roaring-Radcliff-43037.html,EXACT_BRAND_CLEAN_NAME,1.0000,1.0000,PASS
2629-PEN,4416,Sports-car-club,VERIFIED,EXACT_BRAND_CLEAN_NAME,73924,Penhaligon s,Sports Car Club,https://www.fragrantica.com/perfume/Penhaligon-s/Sports-Car-Club-73924.html,EXACT_BRAND_CLEAN_NAME,1.0000,1.0000,PASS
2630-SOS,4423,Erba-pura-magica,VERIFIED,EXACT_PERFUME_BRAND_TEXT,75942,Sospiro Perfumes,Erba Pura Magica,https://www.fragrantica.com/perfume/Sospiro-Perfumes/Erba-Pura-Magica-75942.html,EXACT_PERFUME_BRAND_TEXT,1.0000,1.0000,PASS
2631-TMFO,4414,Black-lacquer,VERIFIED,EXACT_BRAND_CLEAN_NAME,95808,Tom Ford,Black Lacquer,https://www.fragrantica.com/perfume/Tom-Ford/Black-Lacquer-95808.html,EXACT_BRAND_CLEAN_NAME,1.0000,1.0000,PASS
2632-BDIK,4417,Velvet Tonka Eau de Parfum,VERIFIED,EXACT_PERFUME_BRAND_TEXT,68119,BDK Parfums,Velvet Tonka,https://www.fragrantica.com/perfume/BDK-Parfums/Velvet-Tonka-68119.html,EXACT_PERFUME_BRAND_TEXT,1.0000,1.0000,PASS
2633-KUR,4431,Petit Matin,VERIFIED,EXACT_BRAND_CLEAN_NAME,40817,Maison Francis Kurkdjian,Petit Matin,https://www.fragrantica.com/perfume/Maison-Francis-Kurkdjian/Petit-Matin-40817.html,EXACT_BRAND_CLEAN_NAME,1.0000,1.0000,PASS
2634-NRO,4410,Essence,VERIFIED,EXACT_BRAND_CLEAN_NAME,5321,Narciso Rodriguez,Essence,https://www.fragrantica.com/perfume/Narciso-Rodriguez/Essence-5321.html,EXACT_BRAND_CLEAN_NAME,1.0000,1.0000,PASS
2635-SOL,4411,Cheirosa-76-after-hours,VERIFIED,EXACT_PERFUME_BRAND_TEXT,96167,Sol de Janeiro,Cheirosa 76,https://www.fragrantica.com/perfume/Sol-de-Janeiro/Cheirosa-76-96167.html,EXACT_PERFUME_BRAND_TEXT,1.0000,1.0000,PASS
2636-YZLO,4412,Black Opium Baby Cat Collector,VERIFIED,EXACT_BRAND_CLEAN_NAME,63448,Yves Saint Laurent,Black Opium Baby Cat Collector,https://www.fragrantica.com/perfume/Yves-Saint-Laurent/Black-Opium-Baby-Cat-Collector-63448.html,EXACT_BRAND_CLEAN_NAME,1.0000,1.0000,PASS
2637-HARM,4491,Sacred Water,VERIFIED,CONFIRMED_EXISTING_MAPPING,36737,The Harmonist,Sacred Water,https://www.fragrantica.com/perfume/The-Harmonist/Sacred-Water-36737.html,CONFIRMED_EXISTING_MAPPING,1.0000,1.0000,PASS
2638-KEN,4409,Jungle Le Tigre,VERIFIED,SAFE_TOKEN_SAME_BRAND,435,Kenzo,Kenzo Jungle le Tigre,https://www.fragrantica.com/perfume/Kenzo/Kenzo-Jungle-le-Tigre-435.html,SAFE_TOKEN_SAME_BRAND,0.9860,1.0000,PASS
2639-TRU,4413,Trussardi-donna-pink-marina,VERIFIED,SAFE_TOKEN_SAME_BRAND,61387,Trussardi,Trussardi Donna Pink Marina,https://www.fragrantica.com/perfume/Trussardi/Trussardi-Donna-Pink-Marina-61387.html,SAFE_TOKEN_SAME_BRAND,0.9760,1.0000,PASS
2640-CRD,4408,Delphinus,VERIFIED,EXACT_BRAND_CLEAN_NAME,95970,Creed,Delphinus,https://www.fragrantica.com/perfume/Creed/Delphinus-95970.html,EXACT_BRAND_CLEAN_NAME,1.0000,1.0000,PASS
2641-LAT,4424,Eclaire Lattafa Perfumes,VERIFIED,EXACT_PERFUME_BRAND_TEXT,93628,Lattafa Perfumes,Eclaire,https://www.fragrantica.com/perfume/Lattafa-Perfumes/Eclaire-93628.html,EXACT_PERFUME_BRAND_TEXT,1.0000,1.0000,PASS
2642-CRD,4407,Centaurus,VERIFIED,EXACT_BRAND_CLEAN_NAME,95601,Creed,Centaurus,https://www.fragrantica.com/perfume/Creed/Centaurus-95601.html,EXACT_BRAND_CLEAN_NAME,1.0000,1.0000,PASS
2643-LEL,4487,Iris 39,VERIFIED,EXACT_PERFUME_BRAND_TEXT,6336,Le Labo,Iris 39,https://www.fragrantica.com/perfume/Le-Labo/Iris-39-6336.html,EXACT_PERFUME_BRAND_TEXT,1.0000,1.0000,PASS
2644-PAZZ,4488,Summer-hammer,VERIFIED,EXACT_PERFUME_BRAND_TEXT,81476,Lorenzo Pazzaglia,Summer Hammer,https://www.fragrantica.com/perfume/Lorenzo-Pazzaglia/Summer-Hammer-81476.html,EXACT_PERFUME_BRAND_TEXT,1.0000,1.0000,PASS
2645-LTN,4489,eLVes,VERIFIED,CONFIRMED_EXISTING_MAPPING,104087,Louis Vuitton,eLVes,https://www.fragrantica.com/perfume/Louis-Vuitton/eLVes-104087.html,CONFIRMED_EXISTING_MAPPING,1.0000,1.0000,PASS
2646-PEN,4490,The Dandy,VERIFIED,EXACT_BRAND_CLEAN_NAME,95396,Penhaligon s,The Dandy,https://www.fragrantica.com/perfume/Penhaligon-s/The-Dandy-95396.html,EXACT_BRAND_CLEAN_NAME,1.0000,1.0000,PASS
2647-LTN,4438,Symphony,VERIFIED,CONFIRMED_EXISTING_MAPPING,68357,Louis Vuitton,Symphony,https://www.fragrantica.com/perfume/Louis-Vuitton/Symphony-68357.html,CONFIRMED_EXISTING_MAPPING,1.0000,1.0000,PASS
2648-FUGA,4484,Vanilla Haze Eau de Parfum,VERIFIED,EXACT_PERFUME_BRAND_TEXT,95955,Fugazzi,Vanilla Haze,https://www.fragrantica.com/perfume/Fugazzi/Vanilla-Haze-95955.html,EXACT_PERFUME_BRAND_TEXT,1.0000,1.0000,PASS
2649-BORN,4444,Naked Laundry,VERIFIED,EXACT_PERFUME_BRAND_TEXT,97132,BORNTOSTANDOUT,Naked Laundry,https://www.fragrantica.com/perfume/BORNTOSTANDOUT/Naked-Laundry-97132.html,EXACT_PERFUME_BRAND_TEXT,1.0000,1.0000,PASS
2653-YZLO,4517,Black-opium-eau-de-parfum-glitter,VERIFIED,EXACT_BRAND_CLEAN_NAME,100628,Yves Saint Laurent,Black Opium Glitter,https://www.fragrantica.com/perfume/Yves-Saint-Laurent/Black-Opium-Glitter-100628.html,EXACT_BRAND_CLEAN_NAME,1.0000,0.8444,PASS
2654-KUR,4518,Kurky-eau-de-,VERIFIED,EXACT_BRAND_CLEAN_NAME,103517,Maison Francis Kurkdjian,Kurky,https://www.fragrantica.com/perfume/Maison-Francis-Kurkdjian/Kurky-103517.html,EXACT_BRAND_CLEAN_NAME,1.0000,1.0000,PASS
2655-MNT,4519,Dallachai,VERIFIED,EXACT_PERFUME_BRAND_TEXT,97830,Montale,Dallachai,https://www.fragrantica.com/perfume/Montale/Dallachai-97830.html,EXACT_PERFUME_BRAND_TEXT,1.0000,1.0000,PASS
2656-LAN,4520,Idole-power,VERIFIED,EXACT_BRAND_CLEAN_NAME,101224,Lancome,Idole Power,https://www.fragrantica.com/perfume/Lancome/Idole-Power-101224.html,EXACT_BRAND_CLEAN_NAME,1.0000,1.0000,PASS
2657-CRD,4521,Fragaria,VERIFIED,EXACT_BRAND_CLEAN_NAME,100641,Creed,Fragaria,https://www.fragrantica.com/perfume/Creed/Fragaria-100641.html,EXACT_BRAND_CLEAN_NAME,1.0000,1.0000,PASS
2658-CHA,4483,Sycomore-,VERIFIED,EXACT_BRAND_CLEAN_NAME,75821,Chanel,Sycomore Parfum,https://www.fragrantica.com/perfume/Chanel/Sycomore-Parfum-75821.html,EXACT_BRAND_CLEAN_NAME,1.0000,1.0000,PASS
2659-MNT,4522,Sensual Instinct,VERIFIED,EXACT_PERFUME_BRAND_TEXT,53675,Montale,Sensual Instinct,https://www.fragrantica.com/perfume/Montale/Sensual-Instinct-53675.html,EXACT_PERFUME_BRAND_TEXT,1.0000,1.0000,PASS
2662-LAT,4745,Asad Bourbon Lattafa Perfumes for men,VERIFIED,CONFIRMED_ID_IN_CORPUS,101124,Lattafa Perfumes,Asad Bourbon,https://www.fragrantica.com/perfume/Lattafa-Perfumes/Asad-Bourbon-101124.html,CONFIRMED_ID_IN_CORPUS,1.0000,1.0000,PASS
2663-ARM,4746,Emporio-armani-stronger-with-you-,VERIFIED,CONFIRMED_ID_IN_CORPUS,100895,Giorgio Armani,Emporio Armani Stronger With You Parfum,https://www.fragrantica.com/perfume/Giorgio-Armani/Emporio-Armani-Stronger-With-You-Parfum-100895.html,CONFIRMED_ID_IN_CORPUS,1.0000,1.0000,PASS
2664-CHA,4748,Chance-eau-splendide,VERIFIED,CONFIRMED_ID_IN_CORPUS,104610,Chanel,Chance Eau Splendide,https://www.fragrantica.com/perfume/Chanel/Chance-Eau-Splendide-104610.html,CONFIRMED_ID_IN_CORPUS,1.0000,1.0000,PASS
2665-KAJ,4749,Ruby,VERIFIED,CONFIRMED_EXISTING_MAPPING,102994,Kajal,Ruby,https://www.fragrantica.com/p/102994,CONFIRMED_EXISTING_MAPPING,1.0000,1.0000,PASS
2666-CELI,4750,Black-tie-eau-de-,VERIFIED,CONFIRMED_ID_IN_CORPUS,57925,Celine,Black Tie,https://www.fragrantica.com/perfume/Celine/Black-Tie-57925.html,CONFIRMED_ID_IN_CORPUS,1.0000,1.0000,PASS
2667-CHAB,4751,Lait Concentre,VERIFIED,CONFIRMED_ID_IN_CORPUS,30551,Chabaud Maison de Parfum,Lait Concentre,https://www.fragrantica.com/perfume/Chabaud-Maison-de-Parfum/Lait-Concentre-30551.html,CONFIRMED_ID_IN_CORPUS,1.0000,1.0000,PASS
2668-LEL,4752,Neroli 36,VERIFIED,CONFIRMED_ID_IN_CORPUS,6330,Le Labo,Neroli 36,https://www.fragrantica.com/perfume/Le-Labo/Neroli-36-6330.html,CONFIRMED_ID_IN_CORPUS,1.0000,1.0000,PASS
2669-SOS,4753,Il Padrino Sospiro Perfumes,VERIFIED,CONFIRMED_ID_IN_CORPUS,103313,Sospiro Perfumes,Il Padrino,https://www.fragrantica.com/perfume/Sospiro-Perfumes/Il-Padrino-103313.html,CONFIRMED_ID_IN_CORPUS,1.0000,1.0000,PASS
2670-CRD,4523,Eladaria,VERIFIED,EXACT_BRAND_CLEAN_NAME,103066,Creed,Eladaria,https://www.fragrantica.com/perfume/Creed/Eladaria-103066.html,EXACT_BRAND_CLEAN_NAME,1.0000,1.0000,PASS
2671-KIL,4524,Cruel Intentions,VERIFIED,EXACT_PERFUME_BRAND_TEXT,4320,By Kilian,Cruel Intentions,https://www.fragrantica.com/perfume/By-Kilian/Cruel-Intentions-4320.html,EXACT_PERFUME_BRAND_TEXT,1.0000,1.0000,PASS
2672-MEM,4525,Abu-dhabi,VERIFIED,EXACT_PERFUME_BRAND_TEXT,99240,Memo Paris,Abu Dhabi,https://www.fragrantica.com/perfume/Memo-Paris/Abu-Dhabi-99240.html,EXACT_PERFUME_BRAND_TEXT,1.0000,1.0000,PASS
2673-ARB,4526,Al-fareed,VERIFIED,EXACT_PERFUME_BRAND_TEXT,69012,Arabian Oud,Al Fareed,https://www.fragrantica.com/perfume/Arabian-Oud/Al-Fareed-69012.html,EXACT_PERFUME_BRAND_TEXT,1.0000,1.0000,PASS
2674-MICA,4527,Note Poudree,VERIFIED,WEB_VERIFIED_FRAGRANTICA,4333,M. Micallef,Note Poudree,https://www.fragrantica.com/p/4333,WEB_VERIFIED_FRAGRANTICA,1.0000,1.0000,PASS
2678-PARF,4539,Palatine,VERIFIED,EXACT_PERFUME_BRAND_TEXT,96023,Parfums de Marly,Palatine,https://www.fragrantica.com/perfume/Parfums-de-Marly/Palatine-96023.html,EXACT_PERFUME_BRAND_TEXT,1.0000,1.0000,PASS
2679-CAR,4579,La-bomba,VERIFIED,EXACT_BRAND_CLEAN_NAME,105931,Carolina Herrera,La Bomba,https://www.fragrantica.com/perfume/Carolina-Herrera/La-Bomba-105931.html,EXACT_BRAND_CLEAN_NAME,1.0000,1.0000,PASS
2680-AMG,4590,Outlands,VERIFIED,EXACT_PERFUME_BRAND_TEXT,97924,Amouage,Outlands,https://www.fragrantica.com/perfume/Amouage/Outlands-97924.html,EXACT_PERFUME_BRAND_TEXT,1.0000,1.0000,PASS
2681-ARB,4591,Madawi-40-years-gold-edition,VERIFIED,EXACT_PERFUME_BRAND_TEXT,92704,Arabian Oud,Madawi Gold Edition,https://www.fragrantica.com/perfume/Arabian-Oud/Madawi-Gold-Edition-92704.html,EXACT_PERFUME_BRAND_TEXT,1.0000,0.8085,PASS
2682-BDIK,4592,Gris Charnel Eau de Parfum,VERIFIED,EXACT_PERFUME_BRAND_TEXT,57038,BDK Parfums,Gris Charnel,https://www.fragrantica.com/perfume/BDK-Parfums/Gris-Charnel-57038.html,EXACT_PERFUME_BRAND_TEXT,1.0000,1.0000,PASS
2683-CLIV,4593,E-cashmere-musk,VERIFIED,EXACT_PERFUME_BRAND_TEXT,90448,Clive Christian,E Cashmere Musk,https://www.fragrantica.com/perfume/Clive-Christian/E-Cashmere-Musk-90448.html,EXACT_PERFUME_BRAND_TEXT,1.0000,1.0000,PASS
2684-CLIV,4637,Jump Up And Kiss Me Hedonistic (2021) Clive Christian,VERIFIED,EXACT_PERFUME_BRAND_TEXT,70767,Clive Christian,Jump Up And Kiss Me Hedonistic 2021,https://www.fragrantica.com/perfume/Clive-Christian/Jump-Up-And-Kiss-Me-Hedonistic-2021-70767.html,EXACT_PERFUME_BRAND_TEXT,1.0000,1.0000,PASS
2685-FRAG,4638,Rude-cherry,VERIFIED,WEB_VERIFIED_FRAGRANTICA,110478,Fragrance Du Bois,Rude Cherry,https://www.fragrantica.com/p/110478,WEB_VERIFIED_FRAGRANTICA,1.0000,1.0000,PASS
2686-GIV,4639,L-interdit-tubereuse-noire,VERIFIED,EXACT_BRAND_CLEAN_NAME,90200,Givenchy,L Interdit Tubereuse Noire,https://www.fragrantica.com/perfume/Givenchy/L-Interdit-Tubereuse-Noire-90200.html,EXACT_BRAND_CLEAN_NAME,1.0000,1.0000,PASS
2687-GRIT,4644,Mango-aoud,VERIFIED,WEB_VERIFIED_FRAGRANTICA,86927,Gritti,Mango Aoud,https://www.fragrantica.com/p/86927,WEB_VERIFIED_FRAGRANTICA,1.0000,1.0000,PASS
2688-KAY,4670,The Wedding Silk Santal | 36 Kayali Fragrances,VERIFIED,CONFIRMED_ID_IN_CORPUS,83208,Kayali Fragrances,The Wedding Silk Santal 36,https://www.fragrantica.com/perfume/Kayali-Fragrances/The-Wedding-Silk-Santal-36-83208.html,CONFIRMED_ID_IN_CORPUS,1.0000,1.0000,PASS
2689-LAT,4648,Khamrah Qahwa Lattafa Perfumes,VERIFIED,EXACT_PERFUME_BRAND_TEXT,88175,Lattafa Perfumes,Khamrah Qahwa,https://www.fragrantica.com/perfume/Lattafa-Perfumes/Khamrah-Qahwa-88175.html,EXACT_PERFUME_BRAND_TEXT,1.0000,1.0000,PASS
2690-NISH,4647,Oudous-lux-solis,VERIFIED,EXACT_PERFUME_BRAND_TEXT,111174,Nishane,Oudous Lux Solis,https://www.fragrantica.com/perfume/Nishane/Oudous-Lux-Solis-111174.html,EXACT_PERFUME_BRAND_TEXT,1.0000,1.0000,PASS
2691-SOL,4651,Cheirosa-39-coco-cabana-cheirosa-39,VERIFIED,EXACT_PERFUME_BRAND_TEXT,56681,Sol de Janeiro,Cheirosa 39,https://www.fragrantica.com/perfume/Sol-de-Janeiro/Cheirosa-39-56681.html,EXACT_PERFUME_BRAND_TEXT,1.0000,1.0000,PASS
2692-SOL,4653,Cheirosa-87-rio-radiance-tan-lines,VERIFIED,WEB_VERIFIED_FRAGRANTICA,82595,Sol de Janeiro,Rio Radiance / Cheirosa 87,https://www.fragrantica.com/p/82595,WEB_VERIFIED_FRAGRANTICA,1.0000,1.0000,PASS
2693-SOL,4652,Cheirosa '40 Sol de Janeiro,VERIFIED,CONFIRMED_ID_IN_CORPUS,67527,Sol de Janeiro,Cheirosa 40,https://www.fragrantica.com/perfume/Sol-de-Janeiro/Cheirosa-40-67527.html,CONFIRMED_ID_IN_CORPUS,1.0000,1.0000,PASS
2694-STE,4655,Pink-boa,VERIFIED,CONFIRMED_ID_IN_CORPUS,75021,Stephane Humbert Lucas 777,Pink Boa,https://www.fragrantica.com/perfume/Stephane-Humbert-Lucas-777/Pink-Boa-75021.html,CONFIRMED_ID_IN_CORPUS,1.0000,1.0000,PASS
2695-STE,4656,Soleil-de-jeddah-mango-kiss,VERIFIED,CONFIRMED_ID_IN_CORPUS,81913,Stephane Humbert Lucas 777,Soleil de Jeddah Mango Kiss,https://www.fragrantica.com/perfume/Stephane-Humbert-Lucas-777/Soleil-de-Jeddah-Mango-Kiss-81913.html,CONFIRMED_ID_IN_CORPUS,1.0000,1.0000,PASS
2696-AMG,4649,Decision,VERIFIED,EXACT_PERFUME_BRAND_TEXT,103892,Amouage,Decision,https://www.fragrantica.com/perfume/Amouage/Decision-103892.html,EXACT_PERFUME_BRAND_TEXT,1.0000,1.0000,PASS
2697-RIT,4645,Karma Rituals,VERIFIED,WEB_VERIFIED_FRAGRANTICA,46391,Rituals,The Ritual of Karma Body Mist,https://www.fragrantica.com/p/46391,WEB_VERIFIED_FRAGRANTICA,1.0000,1.0000,PASS
2698-SOL,4654,Beijos-de-sol,VERIFIED,CONFIRMED_IDENTITY_EXACT_CORPUS,92620,Sol de Janeiro,Beijos de Sol,https://www.fragrantica.com/perfume/Sol-de-Janeiro/Beijos-de-Sol-92620.html,CONFIRMED_IDENTITY_EXACT_CORPUS,1.0000,1.0000,PASS
2699-RIT,4646,Ayurveda Rituals,VERIFIED,WEB_VERIFIED_FRAGRANTICA,52638,Rituals,The Ritual of Ayurveda,https://www.fragrantica.com/p/52638,WEB_VERIFIED_FRAGRANTICA,1.0000,1.0000,PASS
2700-BLG,4650,Le-gemme-amunae,VERIFIED,EXACT_PERFUME_BRAND_TEXT,102120,Bvlgari,Amunae,https://www.fragrantica.com/perfume/Bvlgari/Amunae-102120.html,EXACT_PERFUME_BRAND_TEXT,1.0000,1.0000,PASS
2701-DIP,4640,Cafe Verlet,NOT_FOUND,NO_FOUND_ID_FOR_CODE,,,,,,,0.0000,NOT_MAPPED
2702-DIP,4642,Chantilly,VERIFIED,EXACT_UNIQUE_NAME,35857,Dana,Chantilly,https://www.fragrantica.com/perfume/Dana/Chantilly-35857.html,EXACT_UNIQUE_NAME,1.0000,1.0000,PASS
2703-VER,4754,Eros-najim,VERIFIED,CONFIRMED_ID_IN_CORPUS,99116,Versace,Eros Najim,https://www.fragrantica.com/perfume/Versace/Eros-Najim-99116.html,CONFIRMED_ID_IN_CORPUS,1.0000,1.0000,PASS
2704-GUR,4755,Cherry-oud,VERIFIED,CONFIRMED_ID_IN_CORPUS,76302,Guerlain,Cherry Oud,https://www.fragrantica.com/perfume/Guerlain/Cherry-Oud-76302.html,CONFIRMED_ID_IN_CORPUS,1.0000,1.0000,PASS
2705-KIL,5025,Angels-share-on-the-rocks-1,VERIFIED,CONFIRMED_ID_IN_CORPUS,113083,By Kilian,Angel s Share On The Rocks,https://www.fragrantica.com/perfume/By-Kilian/Angel-s-Share-On-The-Rocks-113083.html,CONFIRMED_ID_IN_CORPUS,1.0000,0.9434,PASS
2706-LUS,4770,Let-the-good-times-roll-1,VERIFIED,CONFIRMED_ID_IN_CORPUS,60072,Lush,Let The Good Times Roll,https://www.fragrantica.com/perfume/Lush/Let-The-Good-Times-Roll-60072.html,CONFIRMED_ID_IN_CORPUS,1.0000,1.0000,PASS
2707-ROOM,4771,Wavechild,VERIFIED,CONFIRMED_EXISTING_MAPPING,91364,Room 1015,Wavechild,https://www.fragrantica.com/p/91364,CONFIRMED_EXISTING_MAPPING,1.0000,1.0000,PASS
2708-BORN,4772,Black-mango,VERIFIED,CONFIRMED_ID_IN_CORPUS,102808,BORNTOSTANDOUT,Black Mango,https://www.fragrantica.com/perfume/BORNTOSTANDOUT/Black-Mango-102808.html,CONFIRMED_ID_IN_CORPUS,1.0000,1.0000,PASS
2709-STE,4773,Le-8,VERIFIED,CONFIRMED_ID_IN_CORPUS,110493,Stephane Humbert Lucas 777,Le 8,https://www.fragrantica.com/perfume/Stephane-Humbert-Lucas-777/Le-8-110493.html,CONFIRMED_ID_IN_CORPUS,1.0000,1.0000,PASS
2711-CLIV,4774,Matsukita,VERIFIED,CONFIRMED_ID_IN_CORPUS,65983,Clive Christian,Matsukita,https://www.fragrantica.com/perfume/Clive-Christian/Matsukita-65983.html,CONFIRMED_ID_IN_CORPUS,1.0000,1.0000,PASS
2712-TMFO,4775,Oud-voyager,VERIFIED,CONFIRMED_ID_IN_CORPUS,111206,Tom Ford,Oud Voyager,https://www.fragrantica.com/perfume/Tom-Ford/Oud-Voyager-111206.html,CONFIRMED_ID_IN_CORPUS,1.0000,1.0000,PASS
2713-KAY,4776,Sweet-diamond-pink-pepper-25,VERIFIED,CONFIRMED_ID_IN_CORPUS,67023,Kayali Fragrances,Sweet Diamond Pink Pepper 25,https://www.fragrantica.com/perfume/Kayali-Fragrances/Sweet-Diamond-Pink-Pepper-25-67023.html,CONFIRMED_ID_IN_CORPUS,1.0000,1.0000,PASS
2714-BORN,4869,Oud Candy Bornstandout,VERIFIED,CONFIRMED_ID_IN_CORPUS,102809,BORNTOSTANDOUT,Oud Candy,https://www.fragrantica.com/perfume/BORNTOSTANDOUT/Oud-Candy-102809.html,CONFIRMED_ID_IN_CORPUS,1.0000,1.0000,PASS
2715-CRD,4777,Oud-zarian,VERIFIED,CONFIRMED_ID_IN_CORPUS,111224,Creed,Oud Zarian,https://www.fragrantica.com/perfume/Creed/Oud-Zarian-111224.html,CONFIRMED_ID_IN_CORPUS,1.0000,1.0000,PASS
2716-ORT,4778,Bergamask,VERIFIED,CONFIRMED_ID_IN_CORPUS,24191,Orto Parisi,Bergamask,https://www.fragrantica.com/perfume/Orto-Parisi/Bergamask-24191.html,CONFIRMED_ID_IN_CORPUS,1.0000,1.0000,PASS
2717-EXN,4779,Brompton Immortals Eau de Parfum,VERIFIED,CONFIRMED_ID_IN_CORPUS,52591,Ex Nihilo,Brompton Immortals,https://www.fragrantica.com/perfume/Ex-Nihilo/Brompton-Immortals-52591.html,CONFIRMED_ID_IN_CORPUS,1.0000,1.0000,PASS
2718-GUR,4780,Shalimar-millesime-tonka,VERIFIED,CONFIRMED_ID_IN_CORPUS,76063,Guerlain,Shalimar Millesime Tonka,https://www.fragrantica.com/perfume/Guerlain/Shalimar-Millesime-Tonka-76063.html,CONFIRMED_ID_IN_CORPUS,1.0000,1.0000,PASS
2719-FRAG,4781,New-york-5th-avenue,VERIFIED,CONFIRMED_EXISTING_MAPPING,61946,Fragrance Du Bois,New-york-5th-avenue,https://www.fragrantica.com/p/61946,CONFIRMED_EXISTING_MAPPING,1.0000,1.0000,PASS
2720-ROJ,4782,United Arab Emirates Spirit Of The Union Roja Dove,VERIFIED,CONFIRMED_ID_IN_CORPUS,29977,Roja Dove,United Arab Emirates Spirit Of The Union,https://www.fragrantica.com/perfume/Roja-Dove/United-Arab-Emirates-Spirit-Of-The-Union-29977.html,CONFIRMED_ID_IN_CORPUS,1.0000,1.0000,PASS
2721-STE,4783,Sand-dance,VERIFIED,CONFIRMED_ID_IN_CORPUS,72384,Stephane Humbert Lucas 777,Sand Dance,https://www.fragrantica.com/perfume/Stephane-Humbert-Lucas-777/Sand-Dance-72384.html,CONFIRMED_ID_IN_CORPUS,1.0000,1.0000,PASS
2722-CRIVEL,4784,Hibiscus-mahajad-1,VERIFIED,CONFIRMED_ID_IN_CORPUS,69069,Maison Crivelli,Hibiscus Mahajad,https://www.fragrantica.com/perfume/Maison-Crivelli/Hibiscus-Mahajad-69069.html,CONFIRMED_ID_IN_CORPUS,1.0000,1.0000,PASS
2723-LTN,4785,Rhapsody,VERIFIED,CONFIRMED_EXISTING_MAPPING,68359,Louis Vuitton,Rhapsody,https://www.fragrantica.com/perfume/Louis-Vuitton/Rhapsody-68359.html,CONFIRMED_EXISTING_MAPPING,1.0000,1.0000,PASS
2724-GUR,4786,Shalimar Souffle de Parfum,VERIFIED,CONFIRMED_ID_IN_CORPUS,26132,Guerlain,Shalimar Souffle de Parfum,https://www.fragrantica.com/perfume/Guerlain/Shalimar-Souffle-de-Parfum-26132.html,CONFIRMED_ID_IN_CORPUS,1.0000,1.0000,PASS
2725-CELI,4787,Reptile-eau-de-,VERIFIED,CONFIRMED_ID_IN_CORPUS,57924,Celine,Reptile,https://www.fragrantica.com/perfume/Celine/Reptile-57924.html,CONFIRMED_ID_IN_CORPUS,1.0000,1.0000,PASS
2726-DRC,4820,New Look 2024,VERIFIED,CONFIRMED_ID_IN_CORPUS,88939,Dior,New Look 2024,https://www.fragrantica.com/perfume/Dior/New-Look-2024-88939.html,CONFIRMED_ID_IN_CORPUS,1.0000,1.0000,PASS
2728-PEN,4789,The-uncompromising-sohan,VERIFIED,CONFIRMED_ID_IN_CORPUS,46503,Penhaligon s,The Uncompromising Sohan,https://www.fragrantica.com/perfume/Penhaligon-s/The-Uncompromising-Sohan-46503.html,CONFIRMED_ID_IN_CORPUS,1.0000,1.0000,PASS
2729-AMG,4790,Sunshine Man,VERIFIED,CONFIRMED_ID_IN_CORPUS,31619,Amouage,Sunshine Man,https://www.fragrantica.com/perfume/Amouage/Sunshine-Man-31619.html,CONFIRMED_ID_IN_CORPUS,1.0000,1.0000,PASS
2730-ARA,4972,New West for Her,VERIFIED,CONFIRMED_ID_IN_CORPUS,4857,Aramis,New West for Her,https://www.fragrantica.com/perfume/Aramis/New-West-for-Her-4857.html,CONFIRMED_ID_IN_CORPUS,1.0000,1.0000,PASS
2731-BYRP,4973,Mula-mula,VERIFIED,CONFIRMED_ID_IN_CORPUS,50711,Byron Parfums,Mula Mula,https://www.fragrantica.com/perfume/Byron-Parfums/Mula-Mula-50711.html,CONFIRMED_ID_IN_CORPUS,1.0000,1.0000,PASS
2732-GIV,4974,Very Irresistible for men,VERIFIED,CONFIRMED_ID_IN_CORPUS,34,Givenchy,Very Irresistible for men,https://www.fragrantica.com/perfume/Givenchy/Very-Irresistible-for-men-34.html,CONFIRMED_ID_IN_CORPUS,1.0000,1.0000,PASS
2733-LES,4832,Blanche-bete,VERIFIED,CONFIRMED_ID_IN_CORPUS,70189,Les Liquides Imaginaires,Blanche Bete,https://www.fragrantica.com/perfume/Les-Liquides-Imaginaires/Blanche-Bete-70189.html,CONFIRMED_ID_IN_CORPUS,1.0000,1.0000,PASS
2734-ELIZ,4833,Green Tea Summer,VERIFIED,CONFIRMED_ID_IN_CORPUS,3090,Elizabeth Arden,Green Tea Summer,https://www.fragrantica.com/perfume/Elizabeth-Arden/Green-Tea-Summer-3090.html,CONFIRMED_ID_IN_CORPUS,1.0000,1.0000,PASS
2736-NAV,4835,Lost In A Dream,VERIFIED,CONFIRMED_EXISTING_MAPPING,88834,Navitus Parfums,Lost In A Dream,https://www.fragrantica.com/p/88834,CONFIRMED_EXISTING_MAPPING,1.0000,1.0000,PASS
2737-BORN,4836,Drunk-lovers-eau-de-,VERIFIED,CONFIRMED_ID_IN_CORPUS,81882,BORNTOSTANDOUT,Drunk Lovers,https://www.fragrantica.com/perfume/BORNTOSTANDOUT/Drunk-Lovers-81882.html,CONFIRMED_ID_IN_CORPUS,1.0000,1.0000,PASS
2738-LUS,4837,Super-milk-perfume,VERIFIED,CONFIRMED_ID_IN_CORPUS,112787,Lush,Super Milk,https://www.fragrantica.com/perfume/Lush/Super-Milk-112787.html,CONFIRMED_ID_IN_CORPUS,1.0000,1.0000,PASS
2739-BORN,4838,Sugar-addict,VERIFIED,CONFIRMED_ID_IN_CORPUS,85084,BORNTOSTANDOUT,Sugar Addict,https://www.fragrantica.com/perfume/BORNTOSTANDOUT/Sugar-Addict-85084.html,CONFIRMED_ID_IN_CORPUS,1.0000,1.0000,PASS
2740-MIN,4839,Check-please,VERIFIED,CONFIRMED_ID_IN_CORPUS,116343,Mind Games,Check Please,https://www.fragrantica.com/perfume/Mind-Games/Check-Please-116343.html,CONFIRMED_ID_IN_CORPUS,1.0000,1.0000,PASS
2741-ROJ,4840,Lost In Paris Roja Dove,VERIFIED,CONFIRMED_ID_IN_CORPUS,97481,Roja Dove,Lost In Paris,https://www.fragrantica.com/perfume/Roja-Dove/Lost-In-Paris-97481.html,CONFIRMED_ID_IN_CORPUS,1.0000,1.0000,PASS
2742-XER,4841,Torino24,VERIFIED,CONFIRMED_ID_IN_CORPUS,99380,Xerjoff,Torino24,https://www.fragrantica.com/perfume/Xerjoff/Torino24-99380.html,CONFIRMED_ID_IN_CORPUS,1.0000,1.0000,PASS
2743-BORN,4842,Black-guava,VERIFIED,CONFIRMED_ID_IN_CORPUS,102807,BORNTOSTANDOUT,Black Guava,https://www.fragrantica.com/perfume/BORNTOSTANDOUT/Black-Guava-102807.html,CONFIRMED_ID_IN_CORPUS,1.0000,1.0000,PASS
2744-NISH,5003,Meant-to-be-seen-1,VERIFIED,CONFIRMED_ID_IN_CORPUS,116224,Nishane,Meant To Be Seen,https://www.fragrantica.com/perfume/Nishane/Meant-To-Be-Seen-116224.html,CONFIRMED_ID_IN_CORPUS,1.0000,1.0000,PASS
2746-DRC,4845,Fahrenheit Le Parfum,VERIFIED,CONFIRMED_ID_IN_CORPUS,23099,Dior,Fahrenheit Le Parfum,https://www.fragrantica.com/perfume/Dior/Fahrenheit-Le-Parfum-23099.html,CONFIRMED_ID_IN_CORPUS,1.0000,1.0000,PASS
2747-XER,4844,Purple Accento,VERIFIED,CONFIRMED_ID_IN_CORPUS,110892,Xerjoff,Purple Accento,https://www.fragrantica.com/perfume/Xerjoff/Purple-Accento-110892.html,CONFIRMED_ID_IN_CORPUS,1.0000,1.0000,PASS
2748-BORN,4846,Drunk-saffron,VERIFIED,CONFIRMED_ID_IN_CORPUS,78857,BORNTOSTANDOUT,Drunk Saffron,https://www.fragrantica.com/perfume/BORNTOSTANDOUT/Drunk-Saffron-78857.html,CONFIRMED_ID_IN_CORPUS,1.0000,1.0000,PASS
2750-NISH,4847,Shem,VERIFIED,CONFIRMED_ID_IN_CORPUS,66277,Nishane,Shem,https://www.fragrantica.com/perfume/Nishane/Shem-66277.html,CONFIRMED_ID_IN_CORPUS,1.0000,1.0000,PASS
2751-PRA,4848,Paradigme-eau-de-,VERIFIED,CONFIRMED_ID_IN_CORPUS,110661,Prada,Paradigme,https://www.fragrantica.com/perfume/Prada/Paradigme-110661.html,CONFIRMED_ID_IN_CORPUS,1.0000,1.0000,PASS
2752-SAB,4961,Sweet-tooth-caramel-dream-eau-de-,VERIFIED,CONFIRMED_ID_IN_CORPUS,84095,Sabrina Carpenter,Sweet Tooth Caramel Dream,https://www.fragrantica.com/perfume/Sabrina-Carpenter/Sweet-Tooth-Caramel-Dream-84095.html,CONFIRMED_ID_IN_CORPUS,1.0000,1.0000,PASS
2753-YZLO,4962,Libre-vanille-couture,VERIFIED,CONFIRMED_ID_IN_CORPUS,113623,Yves Saint Laurent,Libre Vanille Couture,https://www.fragrantica.com/perfume/Yves-Saint-Laurent/Libre-Vanille-Couture-113623.html,CONFIRMED_ID_IN_CORPUS,1.0000,1.0000,PASS
2754-CHL,4963,Chloe-rose-naturelle-intense,VERIFIED,CONFIRMED_ID_IN_CORPUS,76287,Chloe,Chloe Rose Naturelle Intense,https://www.fragrantica.com/perfume/Chloe/Chloe-Rose-Naturelle-Intense-76287.html,CONFIRMED_ID_IN_CORPUS,1.0000,1.0000,PASS
2755-ZEG,4964,Essenza Di Zegna,VERIFIED,CONFIRMED_EXISTING_MAPPING,949,Ermenegildo Zegna,Essenza Di Zegna,https://www.fragrantica.com/p/949,CONFIRMED_EXISTING_MAPPING,1.0000,1.0000,PASS
2757-LAT,4965,Vanilla Freak Lattafa Perfumes,VERIFIED,CONFIRMED_ID_IN_CORPUS,114400,Lattafa Perfumes,Vanilla Freak,https://www.fragrantica.com/perfume/Lattafa-Perfumes/Vanilla-Freak-114400.html,CONFIRMED_ID_IN_CORPUS,1.0000,1.0000,PASS
2758-YZLO,4970,Libre-berry-crush,VERIFIED,CONFIRMED_ID_IN_CORPUS,120531,Yves Saint Laurent,Libre Berry Crush,https://www.fragrantica.com/perfume/Yves-Saint-Laurent/Libre-Berry-Crush-120531.html,CONFIRMED_ID_IN_CORPUS,1.0000,1.0000,PASS
2759-ARM,4971,Emporio-armani-power-of-you,VERIFIED,CONFIRMED_ID_IN_CORPUS,121870,Giorgio Armani,Power Of You,https://www.fragrantica.com/perfume/Giorgio-Armani/Power-Of-You-121870.html,CONFIRMED_ID_IN_CORPUS,1.0000,1.0000,PASS
2760-LAT,4966,Yara Elixir Lattafa Perfumes,VERIFIED,CONFIRMED_ID_IN_CORPUS,117615,Lattafa Perfumes,Yara Elixir,https://www.fragrantica.com/perfume/Lattafa-Perfumes/Yara-Elixir-117615.html,CONFIRMED_ID_IN_CORPUS,1.0000,1.0000,PASS
2761-LAT,4967,Asad Elixir Lattafa Perfumes,VERIFIED,CONFIRMED_ID_IN_CORPUS,117616,Lattafa Perfumes,Asad Elixir,https://www.fragrantica.com/perfume/Lattafa-Perfumes/Asad-Elixir-117616.html,CONFIRMED_ID_IN_CORPUS,1.0000,1.0000,PASS
2762-LAT,4968,Eclaire Pistache Lattafa Perfumes,VERIFIED,CONFIRMED_ID_IN_CORPUS,113777,Lattafa Perfumes,Eclaire Pistache,https://www.fragrantica.com/perfume/Lattafa-Perfumes/Eclaire-Pistache-113777.html,CONFIRMED_ID_IN_CORPUS,1.0000,1.0000,PASS
2763-KAY,4969,Freedom Musk Bouquet 27 Eau de Parfum Kayali Fragrances,VERIFIED,CONFIRMED_ID_IN_CORPUS,118621,Kayali Fragrances,Freedom Musk Bouquet 27 Eau de Parfum,https://www.fragrantica.com/perfume/Kayali-Fragrances/Freedom-Musk-Bouquet-27-Eau-de-Parfum-118621.html,CONFIRMED_ID_IN_CORPUS,1.0000,1.0000,PASS
2764-TMFO,4991,Black-orchid-reserve,VERIFIED,CONFIRMED_ID_IN_CORPUS,107401,Tom Ford,Black Orchid Reserve,https://www.fragrantica.com/perfume/Tom-Ford/Black-Orchid-Reserve-107401.html,CONFIRMED_ID_IN_CORPUS,1.0000,1.0000,PASS
2765-GUC,4992,Muschio-di-luce,VERIFIED,CONFIRMED_ID_IN_CORPUS,114849,Gucci,Muschio di Luce,https://www.fragrantica.com/perfume/Gucci/Muschio-di-Luce-114849.html,CONFIRMED_ID_IN_CORPUS,1.0000,1.0000,PASS
2766-PARF,4993,Eragon,VERIFIED,CONFIRMED_ID_IN_CORPUS,116243,Parfums de Marly,Eragon,https://www.fragrantica.com/perfume/Parfums-de-Marly/Eragon-116243.html,CONFIRMED_ID_IN_CORPUS,1.0000,1.0000,PASS
2767-MATAH,4994,Printemps-blanc,VERIFIED,CONFIRMED_ID_IN_CORPUS,103992,Maison Mataha,Printemps Blanc,https://www.fragrantica.com/perfume/Maison-Mataha/Printemps-Blanc-103992.html,CONFIRMED_ID_IN_CORPUS,1.0000,1.0000,PASS
2768-LAN,4995,La-vie-est-belle-vanille-nude,VERIFIED,CONFIRMED_ID_IN_CORPUS,109311,Lancome,La Vie Est Belle Vanille Nude,https://www.fragrantica.com/perfume/Lancome/La-Vie-Est-Belle-Vanille-Nude-109311.html,CONFIRMED_ID_IN_CORPUS,1.0000,1.0000,PASS
2770-DOL,5012,Fruit Collection - Pineapple,VERIFIED,CONFIRMED_ID_IN_CORPUS,59231,Dolce Gabbana,Pineapple,https://www.fragrantica.com/perfume/Dolce-Gabbana/Pineapple-59231.html,CONFIRMED_ID_IN_CORPUS,1.0000,1.0000,PASS
2771-GUR,5013,Santal Royal,VERIFIED,CONFIRMED_ID_IN_CORPUS,96470,Guerlain,Santal Royal,https://www.fragrantica.com/perfume/Guerlain/Santal-Royal-96470.html,CONFIRMED_ID_IN_CORPUS,1.0000,1.0000,PASS
2772-DOL,5011,K Eau de Parfum,VERIFIED,CONFIRMED_ID_IN_CORPUS,62311,Dolce Gabbana,K by Dolce Gabbana Eau de Parfum,https://www.fragrantica.com/perfume/Dolce-Gabbana/K-by-Dolce-Gabbana-Eau-de-Parfum-62311.html,CONFIRMED_ID_IN_CORPUS,1.0000,1.0000,PASS
2773-RIT,5014,The Rituals of Mehr,VERIFIED,WEB_VERIFIED_FRAGRANTICA,83081,,,https://www.fragrantica.com/perfume/Rituals/The-Rituals-of-Mehr-Body-Mist-83081.html,WEB_VERIFIED_FRAGRANTICA,1.0000,1.0000,PASS
2774-MIL,5015,La Fumee,VERIFIED,CONFIRMED_EXISTING_MAPPING,13410,Miller Harris,La Fumee,https://www.fragrantica.com/p/13410,CONFIRMED_EXISTING_MAPPING,1.0000,1.0000,PASS
2775-BOT,5016,Illusione for Him for men,VERIFIED,CONFIRMED_ID_IN_CORPUS,55301,Bottega Veneta,Illusione for Him,https://www.fragrantica.com/perfume/Bottega-Veneta/Illusione-for-Him-55301.html,CONFIRMED_ID_IN_CORPUS,1.0000,1.0000,PASS
2776-CELI,5017,Nightclubbing,VERIFIED,CONFIRMED_ID_IN_CORPUS,57926,Celine,Nightclubbing,https://www.fragrantica.com/perfume/Celine/Nightclubbing-57926.html,CONFIRMED_ID_IN_CORPUS,1.0000,1.0000,PASS
2777-GUR,5018,Herbes-troublantes,VERIFIED,CONFIRMED_ID_IN_CORPUS,69275,Guerlain,Herbes Troublantes,https://www.fragrantica.com/perfume/Guerlain/Herbes-Troublantes-69275.html,CONFIRMED_ID_IN_CORPUS,1.0000,1.0000,PASS
2778-JOM,5019,Fig-lotus-flower,VERIFIED,CONFIRMED_ID_IN_CORPUS,61929,Jo Malone London,Fig Lotus Flower,https://www.fragrantica.com/perfume/Jo-Malone-London/Fig-Lotus-Flower-61929.html,CONFIRMED_ID_IN_CORPUS,1.0000,1.0000,PASS
2780-LAT,5020,Angham Lattafa Perfumes,VERIFIED,CONFIRMED_ID_IN_CORPUS,96768,Lattafa Perfumes,Angham,https://www.fragrantica.com/perfume/Lattafa-Perfumes/Angham-96768.html,CONFIRMED_ID_IN_CORPUS,1.0000,1.0000,PASS
2782-AJMA,5050,Musk-silk-supreme,VERIFIED,CONFIRMED_ID_IN_CORPUS,102549,Ajmal,Musk Silk Supreme,https://www.fragrantica.com/perfume/Ajmal/Musk-Silk-Supreme-102549.html,CONFIRMED_ID_IN_CORPUS,1.0000,1.0000,PASS
2783-LTN,5051,Ink Mark Louis Vuitton,VERIFIED,WEB_VERIFIED_FRAGRANTICA,115407,,,https://www.fragrantica.com/perfume/Louis-Vuitton/Ink-Mark-115407.html,WEB_VERIFIED_FRAGRANTICA,1.0000,1.0000,PASS
2784-MARG,5052,Afternoon-delight,VERIFIED,CONFIRMED_ID_IN_CORPUS,95923,Maison Martin Margiela,Afternoon Delight,https://www.fragrantica.com/perfume/Maison-Martin-Margiela/Afternoon-Delight-95923.html,CONFIRMED_ID_IN_CORPUS,1.0000,1.0000,PASS
2785-VAL,5053,Valentino-donna-born-in-roma-extradose,VERIFIED,CONFIRMED_ID_IN_CORPUS,101384,Valentino,Born in Roma Extradose Donna,https://www.fragrantica.com/perfume/Valentino/Born-in-Roma-Extradose-Donna-101384.html,CONFIRMED_ID_IN_CORPUS,1.0000,0.7500,REVIEW
2786-LTN,5054,Rain Tea Louis Vuitton,VERIFIED,WEB_VERIFIED_FRAGRANTICA,115406,,,https://www.fragrantica.com/perfume/Louis-Vuitton/Rain-Tea-115406.html,WEB_VERIFIED_FRAGRANTICA,1.0000,1.0000,PASS
2787-KAJ,5055,Lamar,VERIFIED,CONFIRMED_ID_IN_CORPUS,62571,Kajal,Lamar,https://www.fragrantica.com/perfume/Kajal/Lamar-62571.html,CONFIRMED_ID_IN_CORPUS,1.0000,1.0000,PASS
2788-MIN,5056,French-defense,VERIFIED,CONFIRMED_ID_IN_CORPUS,88867,Mind Games,French Defense,https://www.fragrantica.com/perfume/Mind-Games/French-Defense-88867.html,CONFIRMED_ID_IN_CORPUS,1.0000,1.0000,PASS
2789-PEN,5058,Fortuitous-finley,VERIFIED,CONFIRMED_ID_IN_CORPUS,103514,Penhaligon s,Fortuitous Finley,https://www.fragrantica.com/perfume/Penhaligon-s/Fortuitous-Finley-103514.html,CONFIRMED_ID_IN_CORPUS,1.0000,1.0000,PASS
2790-KIL,5059,Old Fashioned By Kilian,VERIFIED,CONFIRMED_ID_IN_CORPUS,96096,By Kilian,Old Fashioned,https://www.fragrantica.com/perfume/By-Kilian/Old-Fashioned-96096.html,CONFIRMED_ID_IN_CORPUS,1.0000,1.0000,PASS
2791-LTN,5060,Moon Tale Louis Vuitton,VERIFIED,WEB_VERIFIED_FRAGRANTICA,115408,,,https://www.fragrantica.com/perfume/Louis-Vuitton/Moon-Tale-115408.html,WEB_VERIFIED_FRAGRANTICA,1.0000,1.0000,PASS
2792-AJMA,5061,Musk-silk,VERIFIED,CONFIRMED_ID_IN_CORPUS,58837,Ajmal,Musk Silk,https://www.fragrantica.com/perfume/Ajmal/Musk-Silk-58837.html,CONFIRMED_ID_IN_CORPUS,1.0000,1.0000,PASS
2793-FRAG,5062,Oud-noir-intense,VERIFIED,CONFIRMED_EXISTING_MAPPING,24483,Fragrance Du Bois,Oud-noir-intense,https://www.fragrantica.com/p/24483,CONFIRMED_EXISTING_MAPPING,1.0000,1.0000,PASS
2794-PAC,5063,Lady Million Lucky,VERIFIED,CONFIRMED_ID_IN_CORPUS,48904,Rabanne,Lady Million Lucky,https://www.fragrantica.com/perfume/Rabanne/Lady-Million-Lucky-48904.html,CONFIRMED_ID_IN_CORPUS,1.0000,1.0000,PASS
2795-AMG,5064,Jubilation 40 Man Amouage for men,VERIFIED,CONFIRMED_ID_IN_CORPUS,87958,Amouage,Jubilation 40 Man,https://www.fragrantica.com/perfume/Amouage/Jubilation-40-Man-87958.html,CONFIRMED_ID_IN_CORPUS,1.0000,1.0000,PASS
2797-MATIE,5049,Vanilla-powder-extrait-de-,VERIFIED,CONFIRMED_ID_IN_CORPUS,112581,Matiere Premiere,Vanilla Powder,https://www.fragrantica.com/perfume/Matiere-Premiere/Vanilla-Powder-112581.html,CONFIRMED_ID_IN_CORPUS,1.0000,1.0000,PASS
2798-NICO,5065,Macaron Bourbon,VERIFIED,CONFIRMED_EXISTING_MAPPING,91006,Nicolaï Parfumeur-Créateur,Macaron Bourbon,https://www.fragrantica.com/p/91006,CONFIRMED_EXISTING_MAPPING,1.0000,1.0000,PASS
2799-OBVI,5066,Milk-matcha-un-ete,VERIFIED,CONFIRMED_EXISTING_MAPPING,103407,obvious,Milk-matcha-un-ete,https://www.fragrantica.com/p/103407,CONFIRMED_EXISTING_MAPPING,1.0000,1.0000,PASS
2800-ACQ,5067,Buongiorno,VERIFIED,CONFIRMED_ID_IN_CORPUS,103426,Acqua di Parma,Buongiorno,https://www.fragrantica.com/perfume/Acqua-di-Parma/Buongiorno-103426.html,CONFIRMED_ID_IN_CORPUS,1.0000,1.0000,PASS
2801-DON,5068,Cashmere-vanilla-essence,VERIFIED,CONFIRMED_ID_IN_CORPUS,103064,Donna Karan,Cashmere Vanilla Essence,https://www.fragrantica.com/perfume/Donna-Karan/Cashmere-Vanilla-Essence-103064.html,CONFIRMED_ID_IN_CORPUS,1.0000,1.0000,PASS
2802-HER,5069,Terre Intense for men,VERIFIED,CONFIRMED_ID_IN_CORPUS,102772,Hermes,Terre d Hermes Intense,https://www.fragrantica.com/perfume/Hermes/Terre-d-Hermes-Intense-102772.html,CONFIRMED_ID_IN_CORPUS,1.0000,0.7429,REVIEW
2803-AKR,5070,Crush,VERIFIED,CONFIRMED_ID_IN_CORPUS,105831,Akro,Crush,https://www.fragrantica.com/perfume/Akro/Crush-105831.html,CONFIRMED_ID_IN_CORPUS,1.0000,1.0000,PASS
2804-BOYS,5071,Coco-cream,VERIFIED,CONFIRMED_ID_IN_CORPUS,105919,Boy Smells,Coco Cream,https://www.fragrantica.com/perfume/Boy-Smells/Coco-Cream-105919.html,CONFIRMED_ID_IN_CORPUS,1.0000,1.0000,PASS
2805-MARG,5072,Never-ending-summer,VERIFIED,CONFIRMED_ID_IN_CORPUS,103564,Maison Martin Margiela,Never ending Summer,https://www.fragrantica.com/perfume/Maison-Martin-Margiela/Never-ending-Summer-103564.html,CONFIRMED_ID_IN_CORPUS,1.0000,1.0000,PASS
2806-PHL,5073,Afterglow,VERIFIED,CONFIRMED_ID_IN_CORPUS,119441,Phlur,Afterglow,https://www.fragrantica.com/perfume/Phlur/Afterglow-119441.html,CONFIRMED_ID_IN_CORPUS,1.0000,1.0000,PASS
2807-VIRT,5074,Buttercream-haze,VERIFIED,CONFIRMED_EXISTING_MAPPING,116996,The 7 Virtues,Buttercream-haze,https://www.fragrantica.com/p/116996,CONFIRMED_EXISTING_MAPPING,1.0000,1.0000,PASS
2808-LES,5075,Roasted Tangerine,VERIFIED,CONFIRMED_ID_IN_CORPUS,103914,Les Liquides Imaginaires,Roasted Tangerine,https://www.fragrantica.com/perfume/Les-Liquides-Imaginaires/Roasted-Tangerine-103914.html,CONFIRMED_ID_IN_CORPUS,1.0000,1.0000,PASS
2809-AZZ,5076,Forever-wanted-elixir,VERIFIED,CONFIRMED_ID_IN_CORPUS,102882,Azzaro,Forever Wanted Elixir,https://www.fragrantica.com/perfume/Azzaro/Forever-Wanted-Elixir-102882.html,CONFIRMED_ID_IN_CORPUS,1.0000,1.0000,PASS
2810-MIN,5077,Prodigy,VERIFIED,CONFIRMED_ID_IN_CORPUS,101192,Mind Games,Prodigy,https://www.fragrantica.com/perfume/Mind-Games/Prodigy-101192.html,CONFIRMED_ID_IN_CORPUS,1.0000,1.0000,PASS
2811-DRC,5078,Sauvage-rare-blend,VERIFIED,CONFIRMED_ID_IN_CORPUS,118815,Dior,Sauvage Rare Blend,https://www.fragrantica.com/perfume/Dior/Sauvage-Rare-Blend-118815.html,CONFIRMED_ID_IN_CORPUS,1.0000,1.0000,PASS
2812-ARM,5079,Emporio-armani-stronger-with-you-powerfully,VERIFIED,CONFIRMED_ID_IN_CORPUS,123070,Giorgio Armani,Emporio Armani Stronger With You Powerfully,https://www.fragrantica.com/perfume/Giorgio-Armani/Emporio-Armani-Stronger-With-You-Powerfully-123070.html,CONFIRMED_ID_IN_CORPUS,1.0000,1.0000,PASS
2813-OMA,5080,Caden,VERIFIED,CONFIRMED_EXISTING_MAPPING,105465,Omanluxury,Caden,https://www.fragrantica.com/p/105465,CONFIRMED_EXISTING_MAPPING,1.0000,1.0000,PASS
2814-TMFO,5081,Figue-erotique,VERIFIED,CONFIRMED_ID_IN_CORPUS,119402,Tom Ford,Figue Erotique,https://www.fragrantica.com/perfume/Tom-Ford/Figue-Erotique-119402.html,CONFIRMED_ID_IN_CORPUS,1.0000,1.0000,PASS
2815-DOL,5082,By for women,VERIFIED,CONFIRMED_ID_IN_CORPUS,489,Dolce Gabbana,By,https://www.fragrantica.com/perfume/Dolce-Gabbana/By-489.html,CONFIRMED_ID_IN_CORPUS,1.0000,1.0000,PASS
2816-MOOD,5083,Blonde Maracuja Mood London,NOT_FOUND,NO_FOUND_ID_FOR_CODE,,,,,CONFIRMED_MAPPING_ONLY,,0.0000,NOT_MAPPED
2817-INI,5084,Oud for Greatness Neo Initio Parfums,VERIFIED,CONFIRMED_ID_IN_CORPUS,93090,Initio Parfums Prives,Oud for Greatness Neo,https://www.fragrantica.com/perfume/Initio-Parfums-Prives/Oud-for-Greatness-Neo-93090.html,CONFIRMED_ID_IN_CORPUS,1.0000,1.0000,PASS
2818-SWISA,5085,Shaghaf-oud-eau-de-,VERIFIED,CONFIRMED_ID_IN_CORPUS,50582,Swiss Arabian,Shaghaf Oud,https://www.fragrantica.com/perfume/Swiss-Arabian/Shaghaf-Oud-50582.html,CONFIRMED_ID_IN_CORPUS,1.0000,1.0000,PASS
2819-AKR,5086,Awake,VERIFIED,CONFIRMED_ID_IN_CORPUS,51704,Akro,Awake,https://www.fragrantica.com/perfume/Akro/Awake-51704.html,CONFIRMED_ID_IN_CORPUS,1.0000,1.0000,PASS
2820-MIN,5087,Queening,VERIFIED,CONFIRMED_ID_IN_CORPUS,89898,Mind Games,Queening,https://www.fragrantica.com/perfume/Mind-Games/Queening-89898.html,CONFIRMED_ID_IN_CORPUS,1.0000,1.0000,PASS
2821-DRC,5088,Addict Peachy Glow Eau de Parfum,VERIFIED,CONFIRMED_ID_IN_CORPUS,121566,Dior,Addict Peachy Glow Eau de Parfum,https://www.fragrantica.com/perfume/Dior/Addict-Peachy-Glow-Eau-de-Parfum-121566.html,CONFIRMED_ID_IN_CORPUS,1.0000,1.0000,PASS
2822-DRC,5089,Addict Purple Glow Eau De Parfum,VERIFIED,CONFIRMED_ID_IN_CORPUS,121565,Dior,Addict Purple Glow Eau De Parfum,https://www.fragrantica.com/perfume/Dior/Addict-Purple-Glow-Eau-De-Parfum-121565.html,CONFIRMED_ID_IN_CORPUS,1.0000,1.0000,PASS
2823-KAY,5090,Eden-plush-pear-23,VERIFIED,CONFIRMED_ID_IN_CORPUS,127453,Kayali Fragrances,Eden Plush Pear 23 Eau de Parfum,https://www.fragrantica.com/perfume/Kayali-Fragrances/Eden-Plush-Pear-23-Eau-de-Parfum-127453.html,CONFIRMED_ID_IN_CORPUS,1.0000,1.0000,PASS
2824-NRO,5091,For-her-pure-musc-blanc,VERIFIED,CONFIRMED_ID_IN_CORPUS,122211,Narciso Rodriguez,Pure Musc Blanc For Her,https://www.fragrantica.com/perfume/Narciso-Rodriguez/Pure-Musc-Blanc-For-Her-122211.html,CONFIRMED_ID_IN_CORPUS,1.0000,0.8261,PASS
2825-RARB,5092,Rare,VERIFIED,CONFIRMED_EXISTING_MAPPING,112206,Rare Beauty,Rare,https://www.fragrantica.com/p/112206,CONFIRMED_EXISTING_MAPPING,1.0000,1.0000,PASS
2826-SOL,5093,Cheirosa-91,VERIFIED,CONFIRMED_ID_IN_CORPUS,119651,Sol de Janeiro,Cheirosa 91,https://www.fragrantica.com/perfume/Sol-de-Janeiro/Cheirosa-91-119651.html,CONFIRMED_ID_IN_CORPUS,1.0000,1.0000,PASS
2827-BYR,5094,Bal d'Afrique Absolu de Parfum,VERIFIED,CONFIRMED_ID_IN_CORPUS,108421,Byredo,Bal d Afrique Absolu,https://www.fragrantica.com/perfume/Byredo/Bal-d-Afrique-Absolu-108421.html,CONFIRMED_ID_IN_CORPUS,1.0000,1.0000,PASS
2828-ATEL,5095,Vanille-carbone,VERIFIED,CONFIRMED_ID_IN_CORPUS,104586,Atelier Materi,Vanille Carbone,https://www.fragrantica.com/perfume/Atelier-Materi/Vanille-Carbone-104586.html,CONFIRMED_ID_IN_CORPUS,1.0000,1.0000,PASS
2829-PARF,5096,Athénaïs,VERIFIED,CONFIRMED_ID_IN_CORPUS,123716,Parfums de Marly,Athenais,https://www.fragrantica.com/perfume/Parfums-de-Marly/Athenais-123716.html,CONFIRMED_ID_IN_CORPUS,1.0000,0.7500,REVIEW
2830-VAL,5097,Sogno-in-rosso,VERIFIED,CONFIRMED_ID_IN_CORPUS,95537,Valentino,Sogno In Rosso,https://www.fragrantica.com/perfume/Valentino/Sogno-In-Rosso-95537.html,CONFIRMED_ID_IN_CORPUS,1.0000,1.0000,PASS
2831-GISS,5098,Martinique-osmanthus-eau-de-parfum-,VERIFIED,CONFIRMED_EXISTING_MAPPING,126288,gissah,Martinique-osmanthus-eau-de-parfum-,https://www.fragrantica.com/p/126288,CONFIRMED_EXISTING_MAPPING,1.0000,1.0000,PASS
2832-ZAD,5099,Zadig Eau de Parfum,VERIFIED,CONFIRMED_EXISTING_MAPPING,103492,Zadig & Voltaire,Zadig Eau de Parfum,https://www.fragrantica.com/p/103492,CONFIRMED_EXISTING_MAPPING,1.0000,1.0000,PASS
2833-AMG,5101,Meander,VERIFIED,CONFIRMED_ID_IN_CORPUS,62859,Amouage,Meander,https://www.fragrantica.com/perfume/Amouage/Meander-62859.html,CONFIRMED_ID_IN_CORPUS,1.0000,1.0000,PASS
2834-AMG,5102,Elsewhere / Sindbad,VERIFIED,CONFIRMED_ID_IN_CORPUS,116626,Amouage,Sindbad,https://www.fragrantica.com/perfume/Amouage/Sindbad-116626.html,CONFIRMED_ID_IN_CORPUS,1.0000,1.0000,PASS
2835-BORN,5103,Purple-stain,VERIFIED,CONFIRMED_ID_IN_CORPUS,102810,BORNTOSTANDOUT,Purple Stain,https://www.fragrantica.com/perfume/BORNTOSTANDOUT/Purple-Stain-102810.html,CONFIRMED_ID_IN_CORPUS,1.0000,1.0000,PASS
2836-FRA,5104,Madness,VERIFIED,CONFIRMED_EXISTING_MAPPING,90972,Franck Boclet,Madness,https://www.fragrantica.com/p/90972,CONFIRMED_EXISTING_MAPPING,1.0000,1.0000,PASS
2837-GUL,5105,Scandal-pour-homme-elixir,VERIFIED,CONFIRMED_ID_IN_CORPUS,121453,Jean Paul Gaultier,Scandal Pour Homme Elixir,https://www.fragrantica.com/perfume/Jean-Paul-Gaultier/Scandal-Pour-Homme-Elixir-121453.html,CONFIRMED_ID_IN_CORPUS,1.0000,0.7179,REVIEW
2838-JIM,5106,I-want-choo-with-love-1,VERIFIED,CONFIRMED_ID_IN_CORPUS,113626,Jimmy Choo,I Want Choo With Love,https://www.fragrantica.com/perfume/Jimmy-Choo/I-Want-Choo-With-Love-113626.html,CONFIRMED_ID_IN_CORPUS,1.0000,1.0000,PASS
2839-JUL,5107,Powder-love,VERIFIED,CONFIRMED_ID_IN_CORPUS,113627,Juliette Has A Gun,Powder Love,https://www.fragrantica.com/perfume/Juliette-Has-A-Gun/Powder-Love-113627.html,CONFIRMED_ID_IN_CORPUS,1.0000,1.0000,PASS
2840-KYLJ,5108,Caramel-cloud,VERIFIED,CONFIRMED_EXISTING_MAPPING,117346,kylie-cosmetics,Caramel-cloud,https://www.fragrantica.com/p/117346,CONFIRMED_EXISTING_MAPPING,1.0000,1.0000,PASS
2841-KYLJ,5109,SWEET ECLAIRE,VERIFIED,CONFIRMED_EXISTING_MAPPING,117347,Kylie Jenner,SWEET ECLAIRE,https://www.fragrantica.com/p/117347,CONFIRMED_EXISTING_MAPPING,1.0000,1.0000,PASS
2842-KYLJ,5110,Vanilla-dew,VERIFIED,CONFIRMED_EXISTING_MAPPING,117345,kylie-cosmetics,Vanilla-dew,https://www.fragrantica.com/p/117345,CONFIRMED_EXISTING_MAPPING,1.0000,1.0000,PASS
2843-LEL,5111,Labdanum 18,VERIFIED,CONFIRMED_ID_IN_CORPUS,7848,Le Labo,Labdanum 18,https://www.fragrantica.com/perfume/Le-Labo/Labdanum-18-7848.html,CONFIRMED_ID_IN_CORPUS,1.0000,1.0000,PASS
2844-LUS,5112,Black Pearl,VERIFIED,CONFIRMED_ID_IN_CORPUS,10802,Lush,Black Pearl,https://www.fragrantica.com/perfume/Lush/Black-Pearl-10802.html,CONFIRMED_ID_IN_CORPUS,1.0000,1.0000,PASS
2845-LUS,5113,We-believe-in-glinda,VERIFIED,CONFIRMED_ID_IN_CORPUS,117589,Lush,We Believe in Glinda,https://www.fragrantica.com/perfume/Lush/We-Believe-in-Glinda-117589.html,CONFIRMED_ID_IN_CORPUS,1.0000,1.0000,PASS
2846-MIN,5114,Counterplay,VERIFIED,CONFIRMED_ID_IN_CORPUS,114442,Mind Games,Counterplay,https://www.fragrantica.com/perfume/Mind-Games/Counterplay-114442.html,CONFIRMED_ID_IN_CORPUS,1.0000,1.0000,PASS
2847-NISH,5115,Hundred-silent-ways-x,VERIFIED,CONFIRMED_ID_IN_CORPUS,80463,Nishane,Hundred Silent Ways X,https://www.fragrantica.com/perfume/Nishane/Hundred-Silent-Ways-X-80463.html,CONFIRMED_ID_IN_CORPUS,1.0000,1.0000,PASS
2848-PRFRO,5116,Vanitas,VERIFIED,CONFIRMED_EXISTING_MAPPING,11220,Profumum Roma,Vanitas,https://www.fragrantica.com/p/11220,CONFIRMED_EXISTING_MAPPING,1.0000,1.0000,PASS
2849-STE,5117,Ruby Naga,VERIFIED,CONFIRMED_ID_IN_CORPUS,74594,Stephane Humbert Lucas 777,Harrods Ruby Naga,https://www.fragrantica.com/perfume/Stephane-Humbert-Lucas-777/Harrods-Ruby-Naga-74594.html,CONFIRMED_ID_IN_CORPUS,1.0000,1.0000,PASS
,2688,Danat Al Duniya Eau de Parfum,NOT_FOUND,NO_CORPUS_CODE_MATCH,,,,,,,0.0000,NOT_MAPPED
-HUG,,HUGO MAN,NOT_FOUND,NO_CORPUS_CODE_MATCH,,,,,,,0.0000,NOT_MAPPED
-VICT,,ANGELS ONLY,NOT_FOUND,NO_CORPUS_CODE_MATCH,,,,,,,0.0000,NOT_MAPPED
ALH004,,Dhahab,NOT_FOUND,NO_CORPUS_CODE_MATCH,,,,,,,0.0000,NOT_MAPPED
ALH078,,Amber Oud Gold Edition,NOT_FOUND,NO_CORPUS_CODE_MATCH,,,,,,,0.0000,NOT_MAPPED
