prestashop_product_id,shobi_code,inspired_by,code_suffix,inferred_brand,status,match_type,score,candidate_count,fragrantica_brand,fragrantica_perfume,fragrantica_id,fragrantica_url,note
5117,2849-STE,HARRODS RUBY NAGA,STE,Stéphane Humbert Lucas 777,FOUND,CONFIRMED_ID_IN_CORPUS,1.0000,1,Stephane Humbert Lucas 777,Harrods Ruby Naga,74594,https://www.fragrantica.com/perfume/Stephane-Humbert-Lucas-777/Harrods-Ruby-Naga-74594.html,Existing confirmed Fragrantica ID occurs in URL corpus
5116,2848-PRFRO,VANITAS,PRFRO,Profumum Roma,MAPPED_NOT_IN_CORPUS,CONFIRMED_MAPPING_ONLY,,0,,,,,Existing confirmed mapping exists but its ID/name was not found in this URL corpus
5115,2847-NISH,HUNDRED SILENT WAYS X,NISH,Nishane,FOUND,CONFIRMED_ID_IN_CORPUS,1.0000,1,Nishane,Hundred Silent Ways X,80463,https://www.fragrantica.com/perfume/Nishane/Hundred-Silent-Ways-X-80463.html,Existing confirmed Fragrantica ID occurs in URL corpus
5114,2846-MIN,COUNTER PLAY,MIN,Mind Games,FOUND,CONFIRMED_ID_IN_CORPUS,1.0000,1,Mind Games,Counterplay,114442,https://www.fragrantica.com/perfume/Mind-Games/Counterplay-114442.html,Existing confirmed Fragrantica ID occurs in URL corpus
5113,2845-LUS,WE BELIEVE IN GLINDA,LUS,Lush,FOUND,CONFIRMED_ID_IN_CORPUS,1.0000,1,Lush,We Believe in Glinda,117589,https://www.fragrantica.com/perfume/Lush/We-Believe-in-Glinda-117589.html,Existing confirmed Fragrantica ID occurs in URL corpus
5112,2844-LUS,BLACK PEARL,LUS,Lush,FOUND,CONFIRMED_ID_IN_CORPUS,1.0000,1,Lush,Black Pearl,10802,https://www.fragrantica.com/perfume/Lush/Black-Pearl-10802.html,Existing confirmed Fragrantica ID occurs in URL corpus
5111,2843-LEL,LABDANUM 18,LEL,Le Labo,FOUND,CONFIRMED_ID_IN_CORPUS,1.0000,1,Le Labo,Labdanum 18,7848,https://www.fragrantica.com/perfume/Le-Labo/Labdanum-18-7848.html,Existing confirmed Fragrantica ID occurs in URL corpus
5110,2842-KYLJ,VANILLA DEW,KYLJ,Kylie Cosmetics,MAPPED_NOT_IN_CORPUS,CONFIRMED_MAPPING_ONLY,,0,,,,,Existing confirmed mapping exists but its ID/name was not found in this URL corpus
5109,2841-KYLJ,SWEET ECLAIRE,KYLJ,Kylie Cosmetics,MAPPED_NOT_IN_CORPUS,CONFIRMED_MAPPING_ONLY,,0,,,,,Existing confirmed mapping exists but its ID/name was not found in this URL corpus
5108,2840-KYLJ,CARAMEL CLOUD,KYLJ,Kylie Cosmetics,MAPPED_NOT_IN_CORPUS,CONFIRMED_MAPPING_ONLY,,0,,,,,Existing confirmed mapping exists but its ID/name was not found in this URL corpus
5107,2839-JUL,POWDER LOVE,JUL,Juliette Has A Gun,FOUND,CONFIRMED_ID_IN_CORPUS,1.0000,1,Juliette Has A Gun,Powder Love,113627,https://www.fragrantica.com/perfume/Juliette-Has-A-Gun/Powder-Love-113627.html,Existing confirmed Fragrantica ID occurs in URL corpus
5106,2838-JIM,I WANT CHOO WITH LOVE,JIM,Jimmy Choo,FOUND,CONFIRMED_ID_IN_CORPUS,1.0000,1,Jimmy Choo,I Want Choo With Love,113626,https://www.fragrantica.com/perfume/Jimmy-Choo/I-Want-Choo-With-Love-113626.html,Existing confirmed Fragrantica ID occurs in URL corpus
5105,2837-GUL,SCANDAL POUR HOMME ELIXIR,GUL,Jean Paul Gaultier,FOUND,CONFIRMED_ID_IN_CORPUS,1.0000,1,Jean Paul Gaultier,Scandal Pour Homme Elixir,121453,https://www.fragrantica.com/perfume/Jean-Paul-Gaultier/Scandal-Pour-Homme-Elixir-121453.html,Existing confirmed Fragrantica ID occurs in URL corpus
5104,2836-FRA,MADNESS,FRA,Franck Boclet,MAPPED_NOT_IN_CORPUS,CONFIRMED_MAPPING_ONLY,,0,,,,,Existing confirmed mapping exists but its ID/name was not found in this URL corpus
5103,2835-BORN,PURPLE STAIN,BORN,BORNTOSTANDOUT®,FOUND,CONFIRMED_ID_IN_CORPUS,1.0000,1,BORNTOSTANDOUT,Purple Stain,102810,https://www.fragrantica.com/perfume/BORNTOSTANDOUT/Purple-Stain-102810.html,Existing confirmed Fragrantica ID occurs in URL corpus
5102,2834-AMG,SINDBAD,AMG,Amouage,FOUND,CONFIRMED_ID_IN_CORPUS,1.0000,1,Amouage,Sindbad,116626,https://www.fragrantica.com/perfume/Amouage/Sindbad-116626.html,Existing confirmed Fragrantica ID occurs in URL corpus
5101,2833-AMG,MEANDER,AMG,Amouage,FOUND,CONFIRMED_ID_IN_CORPUS,1.0000,1,Amouage,Meander,62859,https://www.fragrantica.com/perfume/Amouage/Meander-62859.html,Existing confirmed Fragrantica ID occurs in URL corpus
5099,2832-ZAD,Zadig Eau de Parfum,ZAD,Zadig & Voltaire,MAPPED_NOT_IN_CORPUS,CONFIRMED_MAPPING_ONLY,,0,,,,,Existing confirmed mapping exists but its ID/name was not found in this URL corpus
5098,2831-GISS,Martinique Osmanthus Gissah 2025,GISS,Gissah,MAPPED_NOT_IN_CORPUS,CONFIRMED_MAPPING_ONLY,,0,,,,,Existing confirmed mapping exists but its ID/name was not found in this URL corpus
5097,2830-VAL,Sogno In Rosso,VAL,Valentino,FOUND,CONFIRMED_ID_IN_CORPUS,1.0000,1,Valentino,Sogno In Rosso,95537,https://www.fragrantica.com/perfume/Valentino/Sogno-In-Rosso-95537.html,Existing confirmed Fragrantica ID occurs in URL corpus
5096,2829-PARF,Athénaïs,PARF,Parfums de Marly,FOUND,CONFIRMED_ID_IN_CORPUS,1.0000,1,Parfums de Marly,Athenais,123716,https://www.fragrantica.com/perfume/Parfums-de-Marly/Athenais-123716.html,Existing confirmed Fragrantica ID occurs in URL corpus
5095,2828-ATEL,Vanille Carbone Atelier Materi,ATEL,Atelier Materi,FOUND,CONFIRMED_ID_IN_CORPUS,1.0000,1,Atelier Materi,Vanille Carbone,104586,https://www.fragrantica.com/perfume/Atelier-Materi/Vanille-Carbone-104586.html,Existing confirmed Fragrantica ID occurs in URL corpus
5094,2827-BYR,Bal d'Afrique Absolu,BYR,Byredo,FOUND,CONFIRMED_ID_IN_CORPUS,1.0000,1,Byredo,Bal d Afrique Absolu,108421,https://www.fragrantica.com/perfume/Byredo/Bal-d-Afrique-Absolu-108421.html,Existing confirmed Fragrantica ID occurs in URL corpus
5093,2826-SOL,Cheirosa 91 Sol de Janeiro,SOL,Sol de Janeiro,FOUND,CONFIRMED_ID_IN_CORPUS,1.0000,1,Sol de Janeiro,Cheirosa 91,119651,https://www.fragrantica.com/perfume/Sol-de-Janeiro/Cheirosa-91-119651.html,Existing confirmed Fragrantica ID occurs in URL corpus
5092,2825-RARB,Rare Beauty,RARB,Rare Beauty,MAPPED_NOT_IN_CORPUS,CONFIRMED_MAPPING_ONLY,,0,,,,,Existing confirmed mapping exists but its ID/name was not found in this URL corpus
5091,2824-NRO,Pure Musc Blanc For Her,NRO,Narciso Rodriguez,FOUND,CONFIRMED_ID_IN_CORPUS,1.0000,1,Narciso Rodriguez,Pure Musc Blanc For Her,122211,https://www.fragrantica.com/perfume/Narciso-Rodriguez/Pure-Musc-Blanc-For-Her-122211.html,Existing confirmed Fragrantica ID occurs in URL corpus
5090,2823-KAY,Eden Plush Pear | 23 Kayali,KAY,Kayali Fragrances,FOUND,CONFIRMED_ID_IN_CORPUS,1.0000,1,Kayali Fragrances,Eden Plush Pear 23 Eau de Parfum,127453,https://www.fragrantica.com/perfume/Kayali-Fragrances/Eden-Plush-Pear-23-Eau-de-Parfum-127453.html,Existing confirmed Fragrantica ID occurs in URL corpus
5089,2822-DRC,Addict Purple Glow Eau De Parfum,DRC,Dior,FOUND,CONFIRMED_ID_IN_CORPUS,1.0000,1,Dior,Addict Purple Glow Eau De Parfum,121565,https://www.fragrantica.com/perfume/Dior/Addict-Purple-Glow-Eau-De-Parfum-121565.html,Existing confirmed Fragrantica ID occurs in URL corpus
5088,2821-DRC,Addict Peachy Glow Eau de Parfum,DRC,Dior,FOUND,CONFIRMED_ID_IN_CORPUS,1.0000,1,Dior,Addict Peachy Glow Eau de Parfum,121566,https://www.fragrantica.com/perfume/Dior/Addict-Peachy-Glow-Eau-de-Parfum-121566.html,Existing confirmed Fragrantica ID occurs in URL corpus
5087,2820-MIN,Queening Mind Games,MIN,Mind Games,FOUND,CONFIRMED_ID_IN_CORPUS,1.0000,1,Mind Games,Queening,89898,https://www.fragrantica.com/perfume/Mind-Games/Queening-89898.html,Existing confirmed Fragrantica ID occurs in URL corpus
5086,2819-AKR,Awake Akro,AKR,Akro,FOUND,CONFIRMED_ID_IN_CORPUS,1.0000,1,Akro,Awake,51704,https://www.fragrantica.com/perfume/Akro/Awake-51704.html,Existing confirmed Fragrantica ID occurs in URL corpus
5085,2818-SWISA,Shaghaf Oud Swiss Arabian,SWISA,Swiss Arabian,FOUND,CONFIRMED_ID_IN_CORPUS,1.0000,1,Swiss Arabian,Shaghaf Oud,50582,https://www.fragrantica.com/perfume/Swiss-Arabian/Shaghaf-Oud-50582.html,Existing confirmed Fragrantica ID occurs in URL corpus
5084,2817-INI,Oud for Greatness Neo Initio Parfums,INI,Initio Parfums Privés,FOUND,CONFIRMED_ID_IN_CORPUS,1.0000,1,Initio Parfums Prives,Oud for Greatness Neo,93090,https://www.fragrantica.com/perfume/Initio-Parfums-Prives/Oud-for-Greatness-Neo-93090.html,Existing confirmed Fragrantica ID occurs in URL corpus
5083,2816-MOOD,Blonde Maracuja Mood London,MOOD,Mood London,MAPPED_NOT_IN_CORPUS,CONFIRMED_MAPPING_ONLY,,0,,,,,Existing confirmed mapping exists but its ID/name was not found in this URL corpus
5082,2815-DOL,By for women,DOL,Dolce&Gabbana,FOUND,CONFIRMED_ID_IN_CORPUS,1.0000,1,Dolce Gabbana,By,489,https://www.fragrantica.com/perfume/Dolce-Gabbana/By-489.html,Existing confirmed Fragrantica ID occurs in URL corpus
5081,2814-TMFO,Figue Erotique Tom Ford,TMFO,Tom Ford,FOUND,CONFIRMED_ID_IN_CORPUS,1.0000,1,Tom Ford,Figue Erotique,119402,https://www.fragrantica.com/perfume/Tom-Ford/Figue-Erotique-119402.html,Existing confirmed Fragrantica ID occurs in URL corpus
5080,2813-OMA,Caden Omanluxury,OMA,Omanluxury,MAPPED_NOT_IN_CORPUS,CONFIRMED_MAPPING_ONLY,,0,,,,,Existing confirmed mapping exists but its ID/name was not found in this URL corpus
5079,2812-ARM,Stronger With You Powerfully,ARM,Giorgio Armani,FOUND,CONFIRMED_ID_IN_CORPUS,1.0000,1,Giorgio Armani,Emporio Armani Stronger With You Powerfully,123070,https://www.fragrantica.com/perfume/Giorgio-Armani/Emporio-Armani-Stronger-With-You-Powerfully-123070.html,Existing confirmed Fragrantica ID occurs in URL corpus
5078,2811-DRC,Sauvage Rare Blend,DRC,Dior,FOUND,CONFIRMED_ID_IN_CORPUS,1.0000,1,Dior,Sauvage Rare Blend,118815,https://www.fragrantica.com/perfume/Dior/Sauvage-Rare-Blend-118815.html,Existing confirmed Fragrantica ID occurs in URL corpus
5077,2810-MIN,Prodigy Mind Games,MIN,Mind Games,FOUND,CONFIRMED_ID_IN_CORPUS,1.0000,1,Mind Games,Prodigy,101192,https://www.fragrantica.com/perfume/Mind-Games/Prodigy-101192.html,Existing confirmed Fragrantica ID occurs in URL corpus
5076,2809-AZZ,Forever Wanted Elixir Azzaro,AZZ,Azzaro,FOUND,CONFIRMED_ID_IN_CORPUS,1.0000,1,Azzaro,Forever Wanted Elixir,102882,https://www.fragrantica.com/perfume/Azzaro/Forever-Wanted-Elixir-102882.html,Existing confirmed Fragrantica ID occurs in URL corpus
5075,2808-LES,Roasted Tangerine Les Liquides Imaginaires,LES,Les Liquides Imaginaires,FOUND,CONFIRMED_ID_IN_CORPUS,1.0000,1,Les Liquides Imaginaires,Roasted Tangerine,103914,https://www.fragrantica.com/perfume/Les-Liquides-Imaginaires/Roasted-Tangerine-103914.html,Existing confirmed Fragrantica ID occurs in URL corpus
5074,2807-VIRT,Buttercream Haze The 7 Virtues,VIRT,The 7 Virtues,MAPPED_NOT_IN_CORPUS,CONFIRMED_MAPPING_ONLY,,0,,,,,Existing confirmed mapping exists but its ID/name was not found in this URL corpus
5073,2806-PHL,Afterglow Phlur,PHL,Phlur,FOUND,CONFIRMED_ID_IN_CORPUS,1.0000,1,Phlur,Afterglow,119441,https://www.fragrantica.com/perfume/Phlur/Afterglow-119441.html,Existing confirmed Fragrantica ID occurs in URL corpus
5072,2805-MARG,Never-ending Summer Margiela,MARG,Maison Martin Margiela,FOUND,CONFIRMED_ID_IN_CORPUS,1.0000,1,Maison Martin Margiela,Never ending Summer,103564,https://www.fragrantica.com/perfume/Maison-Martin-Margiela/Never-ending-Summer-103564.html,Existing confirmed Fragrantica ID occurs in URL corpus
5071,2804-BOYS,Coco Cream Boy Smells,BOYS,Boy Smells,FOUND,CONFIRMED_ID_IN_CORPUS,1.0000,1,Boy Smells,Coco Cream,105919,https://www.fragrantica.com/perfume/Boy-Smells/Coco-Cream-105919.html,Existing confirmed Fragrantica ID occurs in URL corpus
5070,2803-AKR,Crush Akro,AKR,Akro,FOUND,CONFIRMED_ID_IN_CORPUS,1.0000,1,Akro,Crush,105831,https://www.fragrantica.com/perfume/Akro/Crush-105831.html,Existing confirmed Fragrantica ID occurs in URL corpus
5069,2802-HER,Terre Intense for men,HER,Hermès,FOUND,CONFIRMED_ID_IN_CORPUS,1.0000,1,Hermes,Terre d Hermes Intense,102772,https://www.fragrantica.com/perfume/Hermes/Terre-d-Hermes-Intense-102772.html,Existing confirmed Fragrantica ID occurs in URL corpus
5068,2801-DON,Cashmere & Vanilla Essence,DON,Donna Karan,FOUND,CONFIRMED_ID_IN_CORPUS,1.0000,1,Donna Karan,Cashmere Vanilla Essence,103064,https://www.fragrantica.com/perfume/Donna-Karan/Cashmere-Vanilla-Essence-103064.html,Existing confirmed Fragrantica ID occurs in URL corpus
5067,2800-ACQ,Buongiorno,ACQ,Acqua di Parma,FOUND,CONFIRMED_ID_IN_CORPUS,1.0000,1,Acqua di Parma,Buongiorno,103426,https://www.fragrantica.com/perfume/Acqua-di-Parma/Buongiorno-103426.html,Existing confirmed Fragrantica ID occurs in URL corpus
5066,2799-OBVI,Milk & Matcha Obvious,OBVI,Obvious,MAPPED_NOT_IN_CORPUS,CONFIRMED_MAPPING_ONLY,,0,,,,,Existing confirmed mapping exists but its ID/name was not found in this URL corpus
5065,2798-NICO,Macaron Bourbon Nicolai Parfumeur Createur,NICO,Nicolai Parfumeur Createur,MAPPED_NOT_IN_CORPUS,CONFIRMED_MAPPING_ONLY,,0,,,,,Existing confirmed mapping exists but its ID/name was not found in this URL corpus
5064,2795-AMG,Jubilation 40 Man Amouage for men,AMG,Amouage,FOUND,CONFIRMED_ID_IN_CORPUS,1.0000,1,Amouage,Jubilation 40 Man,87958,https://www.fragrantica.com/perfume/Amouage/Jubilation-40-Man-87958.html,Existing confirmed Fragrantica ID occurs in URL corpus
5063,2794-PAC,Lady Million Lucky,PAC,Rabanne,FOUND,CONFIRMED_ID_IN_CORPUS,1.0000,1,Rabanne,Lady Million Lucky,48904,https://www.fragrantica.com/perfume/Rabanne/Lady-Million-Lucky-48904.html,Existing confirmed Fragrantica ID occurs in URL corpus
5062,2793-FRAG,Oud Noir Intense Fragrance Du Bois,FRAG,Fragrance Du Bois,MAPPED_NOT_IN_CORPUS,CONFIRMED_MAPPING_ONLY,,0,,,,,Existing confirmed mapping exists but its ID/name was not found in this URL corpus
5061,2792-AJMA,Musk Silk Ajmal,AJMA,Ajmal,FOUND,CONFIRMED_ID_IN_CORPUS,1.0000,1,Ajmal,Musk Silk,58837,https://www.fragrantica.com/perfume/Ajmal/Musk-Silk-58837.html,Existing confirmed Fragrantica ID occurs in URL corpus
5060,2791-LTN,the fragrance notes of,LTN,,MAPPED_NOT_IN_CORPUS,CONFIRMED_MAPPING_ONLY,,0,,,,,Existing confirmed mapping exists but its ID/name was not found in this URL corpus
5059,2790-KIL,Old Fashioned By Kilian,KIL,By Kilian,FOUND,CONFIRMED_ID_IN_CORPUS,1.0000,1,By Kilian,Old Fashioned,96096,https://www.fragrantica.com/perfume/By-Kilian/Old-Fashioned-96096.html,Existing confirmed Fragrantica ID occurs in URL corpus
5058,2789-PEN,Fortuitous Finley Penhaligon's,PEN,Penhaligon's,FOUND,CONFIRMED_ID_IN_CORPUS,1.0000,1,Penhaligon s,Fortuitous Finley,103514,https://www.fragrantica.com/perfume/Penhaligon-s/Fortuitous-Finley-103514.html,Existing confirmed Fragrantica ID occurs in URL corpus
5057,2606-ARM,Ocean di Gioia Giorgio Armani,ARM,Giorgio Armani,FOUND,CONFIRMED_ID_IN_CORPUS,1.0000,1,Giorgio Armani,Ocean di Gioia,59809,https://www.fragrantica.com/perfume/Giorgio-Armani/Ocean-di-Gioia-59809.html,Existing confirmed Fragrantica ID occurs in URL corpus
5056,2788-MIN,French Defense Mind Games,MIN,Mind Games,FOUND,CONFIRMED_ID_IN_CORPUS,1.0000,1,Mind Games,French Defense,88867,https://www.fragrantica.com/perfume/Mind-Games/French-Defense-88867.html,Existing confirmed Fragrantica ID occurs in URL corpus
5055,2787-KAJ,Lamar Kajal,KAJ,Kajal,FOUND,CONFIRMED_ID_IN_CORPUS,1.0000,1,Kajal,Lamar,62571,https://www.fragrantica.com/perfume/Kajal/Lamar-62571.html,Existing confirmed Fragrantica ID occurs in URL corpus
5054,2786-LTN,the fragrance notes,LTN,,MAPPED_NOT_IN_CORPUS,CONFIRMED_MAPPING_ONLY,,0,,,,,Existing confirmed mapping exists but its ID/name was not found in this URL corpus
5053,2785-VAL,Born in Roma Extradose Donna Valentino,VAL,Valentino,FOUND,CONFIRMED_ID_IN_CORPUS,1.0000,1,Valentino,Born in Roma Extradose Donna,101384,https://www.fragrantica.com/perfume/Valentino/Born-in-Roma-Extradose-Donna-101384.html,Existing confirmed Fragrantica ID occurs in URL corpus
5052,2784-MARG,Afternoon Delight Margiela,MARG,Maison Martin Margiela,FOUND,CONFIRMED_ID_IN_CORPUS,1.0000,1,Maison Martin Margiela,Afternoon Delight,95923,https://www.fragrantica.com/perfume/Maison-Martin-Margiela/Afternoon-Delight-95923.html,Existing confirmed Fragrantica ID occurs in URL corpus
5051,2783-LTN,the fragrance notes,LTN,,MAPPED_NOT_IN_CORPUS,CONFIRMED_MAPPING_ONLY,,0,,,,,Existing confirmed mapping exists but its ID/name was not found in this URL corpus
5050,2782-AJMA,Musk Silk Supreme Ajmal,AJMA,Ajmal,FOUND,CONFIRMED_ID_IN_CORPUS,1.0000,1,Ajmal,Musk Silk Supreme,102549,https://www.fragrantica.com/perfume/Ajmal/Musk-Silk-Supreme-102549.html,Existing confirmed Fragrantica ID occurs in URL corpus
5049,2797-MATIE,Vanilla Powder Extrait de Parfum Matiere Premiere,MATIE,Matiere Premiere,FOUND,CONFIRMED_ID_IN_CORPUS,1.0000,1,Matiere Premiere,Vanilla Powder,112581,https://www.fragrantica.com/perfume/Matiere-Premiere/Vanilla-Powder-112581.html,Existing confirmed Fragrantica ID occurs in URL corpus
5025,2705-KIL,Angels Share On The Rocks Kilian,KIL,By Kilian,FOUND,CONFIRMED_ID_IN_CORPUS,1.0000,1,By Kilian,Angel s Share On The Rocks,113083,https://www.fragrantica.com/perfume/By-Kilian/Angel-s-Share-On-The-Rocks-113083.html,Existing confirmed Fragrantica ID occurs in URL corpus
5020,2780-LAT,Angham Lattafa Perfumes,LAT,Lattafa Perfumes,FOUND,CONFIRMED_ID_IN_CORPUS,1.0000,1,Lattafa Perfumes,Angham,96768,https://www.fragrantica.com/perfume/Lattafa-Perfumes/Angham-96768.html,Existing confirmed Fragrantica ID occurs in URL corpus
5019,2778-JOM,Fig & Lotus Flower,JOM,Jo Malone London,FOUND,CONFIRMED_ID_IN_CORPUS,1.0000,1,Jo Malone London,Fig Lotus Flower,61929,https://www.fragrantica.com/perfume/Jo-Malone-London/Fig-Lotus-Flower-61929.html,Existing confirmed Fragrantica ID occurs in URL corpus
5018,2777-GUR,Herbes Troublantes,GUR,Guerlain,FOUND,CONFIRMED_ID_IN_CORPUS,1.0000,1,Guerlain,Herbes Troublantes,69275,https://www.fragrantica.com/perfume/Guerlain/Herbes-Troublantes-69275.html,Existing confirmed Fragrantica ID occurs in URL corpus
5017,2776-CELI,Nightclubbing Celine,CELI,Celine,FOUND,CONFIRMED_ID_IN_CORPUS,1.0000,1,Celine,Nightclubbing,57926,https://www.fragrantica.com/perfume/Celine/Nightclubbing-57926.html,Existing confirmed Fragrantica ID occurs in URL corpus
5016,2775-BOT,Illusione for Him for men,BOT,Bottega Veneta,FOUND,CONFIRMED_ID_IN_CORPUS,1.0000,1,Bottega Veneta,Illusione for Him,55301,https://www.fragrantica.com/perfume/Bottega-Veneta/Illusione-for-Him-55301.html,Existing confirmed Fragrantica ID occurs in URL corpus
5015,2774-MIL,La Fumee Miller Harris,MIL,Miller Harris,MAPPED_NOT_IN_CORPUS,CONFIRMED_MAPPING_ONLY,,0,,,,,Existing confirmed mapping exists but its ID/name was not found in this URL corpus
5014,2773-RIT,The Rituals of Mehr,RIT,Rituals,MAPPED_NOT_IN_CORPUS,CONFIRMED_MAPPING_ONLY,,0,,,,,Existing confirmed mapping exists but its ID/name was not found in this URL corpus
5013,2771-GUR,Santal Royal,GUR,Guerlain,FOUND,CONFIRMED_ID_IN_CORPUS,1.0000,1,Guerlain,Santal Royal,96470,https://www.fragrantica.com/perfume/Guerlain/Santal-Royal-96470.html,Existing confirmed Fragrantica ID occurs in URL corpus
5012,2770-DOL,Pineapple,DOL,Dolce&Gabbana,FOUND,CONFIRMED_ID_IN_CORPUS,1.0000,1,Dolce Gabbana,Pineapple,59231,https://www.fragrantica.com/perfume/Dolce-Gabbana/Pineapple-59231.html,Existing confirmed Fragrantica ID occurs in URL corpus
5011,2772-DOL,K Eau de Parfum 2020 for men,DOL,Dolce&Gabbana,FOUND,CONFIRMED_ID_IN_CORPUS,1.0000,1,Dolce Gabbana,K by Dolce Gabbana Eau de Parfum,62311,https://www.fragrantica.com/perfume/Dolce-Gabbana/K-by-Dolce-Gabbana-Eau-de-Parfum-62311.html,Existing confirmed Fragrantica ID occurs in URL corpus
5003,2744-NISH,Meant To Be Seen,NISH,Nishane,FOUND,CONFIRMED_ID_IN_CORPUS,1.0000,1,Nishane,Meant To Be Seen,116224,https://www.fragrantica.com/perfume/Nishane/Meant-To-Be-Seen-116224.html,Existing confirmed Fragrantica ID occurs in URL corpus
4995,2768-LAN,La Vie Est Belle Vanille Nude,LAN,Lancôme,FOUND,CONFIRMED_ID_IN_CORPUS,1.0000,1,Lancome,La Vie Est Belle Vanille Nude,109311,https://www.fragrantica.com/perfume/Lancome/La-Vie-Est-Belle-Vanille-Nude-109311.html,Existing confirmed Fragrantica ID occurs in URL corpus
4994,2767-MATAH,Printemps Blanc Maison Mataha,MATAH,Maison Mataha,FOUND,CONFIRMED_ID_IN_CORPUS,1.0000,1,Maison Mataha,Printemps Blanc,103992,https://www.fragrantica.com/perfume/Maison-Mataha/Printemps-Blanc-103992.html,Existing confirmed Fragrantica ID occurs in URL corpus
4993,2766-PARF,Eragon Parfums de Marly,PARF,Parfums de Marly,FOUND,CONFIRMED_ID_IN_CORPUS,1.0000,1,Parfums de Marly,Eragon,116243,https://www.fragrantica.com/perfume/Parfums-de-Marly/Eragon-116243.html,Existing confirmed Fragrantica ID occurs in URL corpus
4992,2765-GUC,Muschio di Luce Gucci,GUC,Gucci,FOUND,CONFIRMED_ID_IN_CORPUS,1.0000,1,Gucci,Muschio di Luce,114849,https://www.fragrantica.com/perfume/Gucci/Muschio-di-Luce-114849.html,Existing confirmed Fragrantica ID occurs in URL corpus
4991,2764-TMFO,Black Orchid Reserve,TMFO,Tom Ford,FOUND,CONFIRMED_ID_IN_CORPUS,1.0000,1,Tom Ford,Black Orchid Reserve,107401,https://www.fragrantica.com/perfume/Tom-Ford/Black-Orchid-Reserve-107401.html,Existing confirmed Fragrantica ID occurs in URL corpus
4974,2732-GIV,Very Irresistible for men,GIV,Givenchy,FOUND,CONFIRMED_ID_IN_CORPUS,1.0000,1,Givenchy,Very Irresistible for men,34,https://www.fragrantica.com/perfume/Givenchy/Very-Irresistible-for-men-34.html,Existing confirmed Fragrantica ID occurs in URL corpus
4973,2731-BYRP,Mula Mula Byron Parfums,BYRP,Byron Parfums,FOUND,CONFIRMED_ID_IN_CORPUS,1.0000,1,Byron Parfums,Mula Mula,50711,https://www.fragrantica.com/perfume/Byron-Parfums/Mula-Mula-50711.html,Existing confirmed Fragrantica ID occurs in URL corpus
4972,2730-ARA,New West for Her,ARA,Aramis,FOUND,CONFIRMED_ID_IN_CORPUS,1.0000,1,Aramis,New West for Her,4857,https://www.fragrantica.com/perfume/Aramis/New-West-for-Her-4857.html,Existing confirmed Fragrantica ID occurs in URL corpus
4971,2759-ARM,Power Of You,ARM,Giorgio Armani,FOUND,CONFIRMED_ID_IN_CORPUS,1.0000,1,Giorgio Armani,Power Of You,121870,https://www.fragrantica.com/perfume/Giorgio-Armani/Power-Of-You-121870.html,Existing confirmed Fragrantica ID occurs in URL corpus
4970,2758-YZLO,Libre Berry Crush,YZLO,Yves Saint Laurent,FOUND,CONFIRMED_ID_IN_CORPUS,1.0000,1,Yves Saint Laurent,Libre Berry Crush,120531,https://www.fragrantica.com/perfume/Yves-Saint-Laurent/Libre-Berry-Crush-120531.html,Existing confirmed Fragrantica ID occurs in URL corpus
4969,2763-KAY,Freedom Musk Bouquet 27 Eau de Parfum Kayali Fragrances,KAY,Kayali Fragrances,FOUND,CONFIRMED_ID_IN_CORPUS,1.0000,1,Kayali Fragrances,Freedom Musk Bouquet 27 Eau de Parfum,118621,https://www.fragrantica.com/perfume/Kayali-Fragrances/Freedom-Musk-Bouquet-27-Eau-de-Parfum-118621.html,Existing confirmed Fragrantica ID occurs in URL corpus
4968,2762-LAT,Eclaire Pistache Lattafa Perfumes,LAT,Lattafa Perfumes,FOUND,CONFIRMED_ID_IN_CORPUS,1.0000,1,Lattafa Perfumes,Eclaire Pistache,113777,https://www.fragrantica.com/perfume/Lattafa-Perfumes/Eclaire-Pistache-113777.html,Existing confirmed Fragrantica ID occurs in URL corpus
4967,2761-LAT,Asad Elixir Lattafa Perfumes,LAT,Lattafa Perfumes,FOUND,CONFIRMED_ID_IN_CORPUS,1.0000,1,Lattafa Perfumes,Asad Elixir,117616,https://www.fragrantica.com/perfume/Lattafa-Perfumes/Asad-Elixir-117616.html,Existing confirmed Fragrantica ID occurs in URL corpus
4966,2760-LAT,Yara Elixir Lattafa Perfumes,LAT,Lattafa Perfumes,FOUND,CONFIRMED_ID_IN_CORPUS,1.0000,1,Lattafa Perfumes,Yara Elixir,117615,https://www.fragrantica.com/perfume/Lattafa-Perfumes/Yara-Elixir-117615.html,Existing confirmed Fragrantica ID occurs in URL corpus
4965,2757-LAT,Vanilla Freak Lattafa Perfumes,LAT,Lattafa Perfumes,FOUND,CONFIRMED_ID_IN_CORPUS,1.0000,1,Lattafa Perfumes,Vanilla Freak,114400,https://www.fragrantica.com/perfume/Lattafa-Perfumes/Vanilla-Freak-114400.html,Existing confirmed Fragrantica ID occurs in URL corpus
4964,2755-ZEG,Essenza di Zegna,ZEG,Ermenegildo Zegna,MAPPED_NOT_IN_CORPUS,CONFIRMED_MAPPING_ONLY,,0,,,,,Existing confirmed mapping exists but its ID/name was not found in this URL corpus
4963,2754-CHL,Rose Naturelle Intense Chloe,CHL,Chloé,FOUND,CONFIRMED_ID_IN_CORPUS,1.0000,1,Chloe,Chloe Rose Naturelle Intense,76287,https://www.fragrantica.com/perfume/Chloe/Chloe-Rose-Naturelle-Intense-76287.html,Existing confirmed Fragrantica ID occurs in URL corpus
4962,2753-YZLO,Libre Vanille Couture,YZLO,Yves Saint Laurent,FOUND,CONFIRMED_ID_IN_CORPUS,1.0000,1,Yves Saint Laurent,Libre Vanille Couture,113623,https://www.fragrantica.com/perfume/Yves-Saint-Laurent/Libre-Vanille-Couture-113623.html,Existing confirmed Fragrantica ID occurs in URL corpus
4961,2752-SAB,Sweet Tooth Caramel Dream Sabrina Carpenter,SAB,Sabrina Carpenter,FOUND,CONFIRMED_ID_IN_CORPUS,1.0000,1,Sabrina Carpenter,Sweet Tooth Caramel Dream,84095,https://www.fragrantica.com/perfume/Sabrina-Carpenter/Sweet-Tooth-Caramel-Dream-84095.html,Existing confirmed Fragrantica ID occurs in URL corpus
4869,2714-BORN,Oud Candy Bornstandout,BORN,BORNTOSTANDOUT®,FOUND,CONFIRMED_ID_IN_CORPUS,1.0000,1,BORNTOSTANDOUT,Oud Candy,102809,https://www.fragrantica.com/perfume/BORNTOSTANDOUT/Oud-Candy-102809.html,Existing confirmed Fragrantica ID occurs in URL corpus
4848,2751-PRA,Paradigme,PRA,Prada,FOUND,CONFIRMED_ID_IN_CORPUS,1.0000,1,Prada,Paradigme,110661,https://www.fragrantica.com/perfume/Prada/Paradigme-110661.html,Existing confirmed Fragrantica ID occurs in URL corpus
4847,2750-NISH,Shem Nishane,NISH,Nishane,FOUND,CONFIRMED_ID_IN_CORPUS,1.0000,1,Nishane,Shem,66277,https://www.fragrantica.com/perfume/Nishane/Shem-66277.html,Existing confirmed Fragrantica ID occurs in URL corpus
4846,2748-BORN,Drunk Saffron BORNTOSTANDOUT,BORN,BORNTOSTANDOUT®,FOUND,CONFIRMED_ID_IN_CORPUS,1.0000,1,BORNTOSTANDOUT,Drunk Saffron,78857,https://www.fragrantica.com/perfume/BORNTOSTANDOUT/Drunk-Saffron-78857.html,Existing confirmed Fragrantica ID occurs in URL corpus
4845,2746-DRC,Fahrenheit Le Parfum,DRC,Dior,FOUND,CONFIRMED_ID_IN_CORPUS,1.0000,1,Dior,Fahrenheit Le Parfum,23099,https://www.fragrantica.com/perfume/Dior/Fahrenheit-Le-Parfum-23099.html,Existing confirmed Fragrantica ID occurs in URL corpus
4844,2747-XER,Purple Accento,XER,Xerjoff,FOUND,CONFIRMED_ID_IN_CORPUS,1.0000,1,Xerjoff,Purple Accento,110892,https://www.fragrantica.com/perfume/Xerjoff/Purple-Accento-110892.html,Existing confirmed Fragrantica ID occurs in URL corpus
4842,2743-BORN,Black Guava BORNTOSTANDOUT,BORN,BORNTOSTANDOUT®,FOUND,CONFIRMED_ID_IN_CORPUS,1.0000,1,BORNTOSTANDOUT,Black Guava,102807,https://www.fragrantica.com/perfume/BORNTOSTANDOUT/Black-Guava-102807.html,Existing confirmed Fragrantica ID occurs in URL corpus
4841,2742-XER,Torino24,XER,Xerjoff,FOUND,CONFIRMED_ID_IN_CORPUS,1.0000,1,Xerjoff,Torino24,99380,https://www.fragrantica.com/perfume/Xerjoff/Torino24-99380.html,Existing confirmed Fragrantica ID occurs in URL corpus
4840,2741-ROJ,Lost In Paris Roja Dove,ROJ,Roja Dove,FOUND,CONFIRMED_ID_IN_CORPUS,1.0000,1,Roja Dove,Lost In Paris,97481,https://www.fragrantica.com/perfume/Roja-Dove/Lost-In-Paris-97481.html,Existing confirmed Fragrantica ID occurs in URL corpus
4839,2740-MIN,Check Please Mind Games,MIN,Mind Games,FOUND,CONFIRMED_ID_IN_CORPUS,1.0000,1,Mind Games,Check Please,116343,https://www.fragrantica.com/perfume/Mind-Games/Check-Please-116343.html,Existing confirmed Fragrantica ID occurs in URL corpus
4838,2739-BORN,Sugar Addict BORNTOSTANDOUT,BORN,BORNTOSTANDOUT®,FOUND,CONFIRMED_ID_IN_CORPUS,1.0000,1,BORNTOSTANDOUT,Sugar Addict,85084,https://www.fragrantica.com/perfume/BORNTOSTANDOUT/Sugar-Addict-85084.html,Existing confirmed Fragrantica ID occurs in URL corpus
4837,2738-LUS,Super Milk Lush,LUS,Lush,FOUND,CONFIRMED_ID_IN_CORPUS,1.0000,1,Lush,Super Milk,112787,https://www.fragrantica.com/perfume/Lush/Super-Milk-112787.html,Existing confirmed Fragrantica ID occurs in URL corpus
4836,2737-BORN,Drunk Lovers BORNTOSTANDOUT,BORN,BORNTOSTANDOUT®,FOUND,CONFIRMED_ID_IN_CORPUS,1.0000,1,BORNTOSTANDOUT,Drunk Lovers,81882,https://www.fragrantica.com/perfume/BORNTOSTANDOUT/Drunk-Lovers-81882.html,Existing confirmed Fragrantica ID occurs in URL corpus
4835,2736-NAV,Lost in a Dream Navitus Parfums,NAV,Navitus Parfums,MAPPED_NOT_IN_CORPUS,CONFIRMED_MAPPING_ONLY,,0,,,,,Existing confirmed mapping exists but its ID/name was not found in this URL corpus
4833,2734-ELIZ,Green Tea Summer Elizabeth Arden,ELIZ,Elizabeth Arden,FOUND,CONFIRMED_ID_IN_CORPUS,1.0000,1,Elizabeth Arden,Green Tea Summer,3090,https://www.fragrantica.com/perfume/Elizabeth-Arden/Green-Tea-Summer-3090.html,Existing confirmed Fragrantica ID occurs in URL corpus
4832,2733-LES,Blanche Bete Les Liquides Imaginaires,LES,Les Liquides Imaginaires,FOUND,CONFIRMED_ID_IN_CORPUS,1.0000,1,Les Liquides Imaginaires,Blanche Bete,70189,https://www.fragrantica.com/perfume/Les-Liquides-Imaginaires/Blanche-Bete-70189.html,Existing confirmed Fragrantica ID occurs in URL corpus
4823,199-CARO,Pour Un Homme de Caron,CARO,Caron,FOUND,CONFIRMED_ID_IN_CORPUS,1.0000,1,Caron,Pour Un Homme de Caron,3166,https://www.fragrantica.com/perfume/Caron/Pour-Un-Homme-de-Caron-3166.html,Existing confirmed Fragrantica ID occurs in URL corpus
4822,215-CRD,Silver Mountain Water,CRD,Creed,FOUND,CONFIRMED_ID_IN_CORPUS,1.0000,1,Creed,Silver Mountain Water,472,https://www.fragrantica.com/perfume/Creed/Silver-Mountain-Water-472.html,Existing confirmed Fragrantica ID occurs in URL corpus
4821,196-BELLA,1970 Bella Freud for women,BELLA,Bella Freud,FOUND,CONFIRMED_ID_IN_CORPUS,1.0000,1,Bella Freud,1970,26662,https://www.fragrantica.com/perfume/Bella-Freud/1970-26662.html,Existing confirmed Fragrantica ID occurs in URL corpus
4820,2726-DRC,New Look 2024,DRC,Dior,FOUND,CONFIRMED_ID_IN_CORPUS,1.0000,1,Dior,New Look 2024,88939,https://www.fragrantica.com/perfume/Dior/New-Look-2024-88939.html,Existing confirmed Fragrantica ID occurs in URL corpus
4790,2729-AMG,Sunshine Man,AMG,Amouage,FOUND,CONFIRMED_ID_IN_CORPUS,1.0000,1,Amouage,Sunshine Man,31619,https://www.fragrantica.com/perfume/Amouage/Sunshine-Man-31619.html,Existing confirmed Fragrantica ID occurs in URL corpus
4789,2728-PEN,The Uncompromising Sohan,PEN,Penhaligon's,FOUND,CONFIRMED_ID_IN_CORPUS,1.0000,1,Penhaligon s,The Uncompromising Sohan,46503,https://www.fragrantica.com/perfume/Penhaligon-s/The-Uncompromising-Sohan-46503.html,Existing confirmed Fragrantica ID occurs in URL corpus
4787,2725-CELI,Reptile Celine,CELI,Celine,FOUND,CONFIRMED_ID_IN_CORPUS,1.0000,1,Celine,Reptile,57924,https://www.fragrantica.com/perfume/Celine/Reptile-57924.html,Existing confirmed Fragrantica ID occurs in URL corpus
4786,2724-GUR,Shalimar Souffle de Parfum 2014,GUR,Guerlain,FOUND,CONFIRMED_ID_IN_CORPUS,1.0000,1,Guerlain,Shalimar Souffle de Parfum,26132,https://www.fragrantica.com/perfume/Guerlain/Shalimar-Souffle-de-Parfum-26132.html,Existing confirmed Fragrantica ID occurs in URL corpus
4785,2723-LTN,the fragrance notes,LTN,,MAPPED_NOT_IN_CORPUS,CONFIRMED_MAPPING_ONLY,,0,,,,,Existing confirmed mapping exists but its ID/name was not found in this URL corpus
4784,2722-CRIVEL,Hibiscus Mahajad Maison Crivelli,CRIVEL,Maison Crivelli,FOUND,CONFIRMED_ID_IN_CORPUS,1.0000,1,Maison Crivelli,Hibiscus Mahajad,69069,https://www.fragrantica.com/perfume/Maison-Crivelli/Hibiscus-Mahajad-69069.html,Existing confirmed Fragrantica ID occurs in URL corpus
4783,2721-STE,Sand Dance Stephane Humbert,STE,Stéphane Humbert Lucas 777,FOUND,CONFIRMED_ID_IN_CORPUS,1.0000,1,Stephane Humbert Lucas 777,Sand Dance,72384,https://www.fragrantica.com/perfume/Stephane-Humbert-Lucas-777/Sand-Dance-72384.html,Existing confirmed Fragrantica ID occurs in URL corpus
4782,2720-ROJ,United Arab Emirates Spirit Of The Union Roja Dove,ROJ,Roja Dove,FOUND,CONFIRMED_ID_IN_CORPUS,1.0000,1,Roja Dove,United Arab Emirates Spirit Of The Union,29977,https://www.fragrantica.com/perfume/Roja-Dove/United-Arab-Emirates-Spirit-Of-The-Union-29977.html,Existing confirmed Fragrantica ID occurs in URL corpus
4781,2719-FRAG,New York 5th Avenue Fragrance Du Bois,FRAG,Fragrance Du Bois,MAPPED_NOT_IN_CORPUS,CONFIRMED_MAPPING_ONLY,,0,,,,,Existing confirmed mapping exists but its ID/name was not found in this URL corpus
4780,2718-GUR,Shalimar Millesime Tonka,GUR,Guerlain,FOUND,CONFIRMED_ID_IN_CORPUS,1.0000,1,Guerlain,Shalimar Millesime Tonka,76063,https://www.fragrantica.com/perfume/Guerlain/Shalimar-Millesime-Tonka-76063.html,Existing confirmed Fragrantica ID occurs in URL corpus
4779,2717-EXN,Brompton Immortals Ex Nihilo,EXN,Ex Nihilo,FOUND,CONFIRMED_ID_IN_CORPUS,1.0000,1,Ex Nihilo,Brompton Immortals,52591,https://www.fragrantica.com/perfume/Ex-Nihilo/Brompton-Immortals-52591.html,Existing confirmed Fragrantica ID occurs in URL corpus
4778,2716-ORT,Bergamask Orto Parisi,ORT,Orto Parisi,FOUND,CONFIRMED_ID_IN_CORPUS,1.0000,1,Orto Parisi,Bergamask,24191,https://www.fragrantica.com/perfume/Orto-Parisi/Bergamask-24191.html,Existing confirmed Fragrantica ID occurs in URL corpus
4777,2715-CRD,Oud Zarian,CRD,Creed,FOUND,CONFIRMED_ID_IN_CORPUS,1.0000,1,Creed,Oud Zarian,111224,https://www.fragrantica.com/perfume/Creed/Oud-Zarian-111224.html,Existing confirmed Fragrantica ID occurs in URL corpus
4776,2713-KAY,Sweet Diamond Pink Pepper 25 Kayali,KAY,Kayali Fragrances,FOUND,CONFIRMED_ID_IN_CORPUS,1.0000,1,Kayali Fragrances,Sweet Diamond Pink Pepper 25,67023,https://www.fragrantica.com/perfume/Kayali-Fragrances/Sweet-Diamond-Pink-Pepper-25-67023.html,Existing confirmed Fragrantica ID occurs in URL corpus
4775,2712-TMFO,Oud Voyager,TMFO,Tom Ford,FOUND,CONFIRMED_ID_IN_CORPUS,1.0000,1,Tom Ford,Oud Voyager,111206,https://www.fragrantica.com/perfume/Tom-Ford/Oud-Voyager-111206.html,Existing confirmed Fragrantica ID occurs in URL corpus
4774,2711-CLIV,Matsukita Clive Christian,CLIV,Clive Christian,FOUND,CONFIRMED_ID_IN_CORPUS,1.0000,1,Clive Christian,Matsukita,65983,https://www.fragrantica.com/perfume/Clive-Christian/Matsukita-65983.html,Existing confirmed Fragrantica ID occurs in URL corpus
4773,2709-STE,Le 8 Stéphane Humbert,STE,Stéphane Humbert Lucas 777,FOUND,CONFIRMED_ID_IN_CORPUS,1.0000,1,Stephane Humbert Lucas 777,Le 8,110493,https://www.fragrantica.com/perfume/Stephane-Humbert-Lucas-777/Le-8-110493.html,Existing confirmed Fragrantica ID occurs in URL corpus
4772,2708-BORN,Black Mango BORNTOSTANDOUT,BORN,BORNTOSTANDOUT®,FOUND,CONFIRMED_ID_IN_CORPUS,1.0000,1,BORNTOSTANDOUT,Black Mango,102808,https://www.fragrantica.com/perfume/BORNTOSTANDOUT/Black-Mango-102808.html,Existing confirmed Fragrantica ID occurs in URL corpus
4771,2707-ROOM,Wavechild Room 1015,ROOM,Room 1015,MAPPED_NOT_IN_CORPUS,CONFIRMED_MAPPING_ONLY,,0,,,,,Existing confirmed mapping exists but its ID/name was not found in this URL corpus
4770,2706-LUS,Let The Good Times Roll Lush,LUS,Lush,FOUND,CONFIRMED_ID_IN_CORPUS,1.0000,1,Lush,Let The Good Times Roll,60072,https://www.fragrantica.com/perfume/Lush/Let-The-Good-Times-Roll-60072.html,Existing confirmed Fragrantica ID occurs in URL corpus
4755,2704-GUR,Cherry Oud Guerl,GUR,Guerlain,FOUND,CONFIRMED_ID_IN_CORPUS,1.0000,1,Guerlain,Cherry Oud,76302,https://www.fragrantica.com/perfume/Guerlain/Cherry-Oud-76302.html,Existing confirmed Fragrantica ID occurs in URL corpus
4754,2703-VER,Eros Najim,VER,Versace,FOUND,CONFIRMED_ID_IN_CORPUS,1.0000,1,Versace,Eros Najim,99116,https://www.fragrantica.com/perfume/Versace/Eros-Najim-99116.html,Existing confirmed Fragrantica ID occurs in URL corpus
4753,2669-SOS,Il Padrino Sospiro Perfumes,SOS,Sospiro Perfumes,FOUND,CONFIRMED_ID_IN_CORPUS,1.0000,1,Sospiro Perfumes,Il Padrino,103313,https://www.fragrantica.com/perfume/Sospiro-Perfumes/Il-Padrino-103313.html,Existing confirmed Fragrantica ID occurs in URL corpus
4752,2668-LEL,Neroli 36 Le Labo,LEL,Le Labo,FOUND,CONFIRMED_ID_IN_CORPUS,1.0000,1,Le Labo,Neroli 36,6330,https://www.fragrantica.com/perfume/Le-Labo/Neroli-36-6330.html,Existing confirmed Fragrantica ID occurs in URL corpus
4751,2667-CHAB,Lait Concentre,CHAB,Chabaud Maison de Parfum,FOUND,CONFIRMED_ID_IN_CORPUS,1.0000,1,Chabaud Maison de Parfum,Lait Concentre,30551,https://www.fragrantica.com/perfume/Chabaud-Maison-de-Parfum/Lait-Concentre-30551.html,Existing confirmed Fragrantica ID occurs in URL corpus
4750,2666-CELI,Black Tie Celine,CELI,Celine,FOUND,CONFIRMED_ID_IN_CORPUS,1.0000,1,Celine,Black Tie,57925,https://www.fragrantica.com/perfume/Celine/Black-Tie-57925.html,Existing confirmed Fragrantica ID occurs in URL corpus
4749,2665-KAJ,Ruby Kajal,KAJ,Kajal,MAPPED_NOT_IN_CORPUS,CONFIRMED_MAPPING_ONLY,,0,,,,,Existing confirmed mapping exists but its ID/name was not found in this URL corpus
4748,2664-CHA,Chance Eau Splendide,CHA,Chanel,FOUND,CONFIRMED_ID_IN_CORPUS,1.0000,1,Chanel,Chance Eau Splendide,104610,https://www.fragrantica.com/perfume/Chanel/Chance-Eau-Splendide-104610.html,Existing confirmed Fragrantica ID occurs in URL corpus
4746,2663-ARM,Stronger With You Parfum,ARM,Giorgio Armani,FOUND,CONFIRMED_ID_IN_CORPUS,1.0000,1,Giorgio Armani,Emporio Armani Stronger With You Parfum,100895,https://www.fragrantica.com/perfume/Giorgio-Armani/Emporio-Armani-Stronger-With-You-Parfum-100895.html,Existing confirmed Fragrantica ID occurs in URL corpus
4745,2662-LAT,Asad Bourbon Lattafa Perfumes for men,LAT,Lattafa Perfumes,FOUND,CONFIRMED_ID_IN_CORPUS,1.0000,1,Lattafa Perfumes,Asad Bourbon,101124,https://www.fragrantica.com/perfume/Lattafa-Perfumes/Asad-Bourbon-101124.html,Existing confirmed Fragrantica ID occurs in URL corpus
4670,2688-KAY,The Wedding Silk Santal | 36 Kayali Fragrances,KAY,Kayali Fragrances,FOUND,CONFIRMED_ID_IN_CORPUS,1.0000,1,Kayali Fragrances,The Wedding Silk Santal 36,83208,https://www.fragrantica.com/perfume/Kayali-Fragrances/The-Wedding-Silk-Santal-36-83208.html,Existing confirmed Fragrantica ID occurs in URL corpus
4656,2695-STE,Soleil de Jeddah - Mango Kiss Stéphane Humbert,STE,Stéphane Humbert Lucas 777,FOUND,CONFIRMED_ID_IN_CORPUS,1.0000,1,Stephane Humbert Lucas 777,Soleil de Jeddah Mango Kiss,81913,https://www.fragrantica.com/perfume/Stephane-Humbert-Lucas-777/Soleil-de-Jeddah-Mango-Kiss-81913.html,Existing confirmed Fragrantica ID occurs in URL corpus
4655,2694-STE,Pink Boa Stéphane Humbert,STE,Stéphane Humbert Lucas 777,FOUND,CONFIRMED_ID_IN_CORPUS,1.0000,1,Stephane Humbert Lucas 777,Pink Boa,75021,https://www.fragrantica.com/perfume/Stephane-Humbert-Lucas-777/Pink-Boa-75021.html,Existing confirmed Fragrantica ID occurs in URL corpus
4654,2698-SOL,Beijos de Sol Sol de Janeiro,SOL,Sol de Janeiro,MAPPED_NOT_IN_CORPUS,CONFIRMED_MAPPING_ONLY,,0,,,,,Existing confirmed mapping exists but its ID/name was not found in this URL corpus
4653,2692-SOL,Rio Radiance Sol de Janeiro,SOL,Sol de Janeiro,MAPPED_NOT_IN_CORPUS,CONFIRMED_MAPPING_ONLY,,0,,,,,Existing confirmed mapping exists but its ID/name was not found in this URL corpus
4652,2693-SOL,Cheirosa '40 Sol de Janeiro,SOL,Sol de Janeiro,FOUND,CONFIRMED_ID_IN_CORPUS,1.0000,1,Sol de Janeiro,Cheirosa 40,67527,https://www.fragrantica.com/perfume/Sol-de-Janeiro/Cheirosa-40-67527.html,Existing confirmed Fragrantica ID occurs in URL corpus
4651,2691-SOL,Cheirosa '39 Sol de Janeiro,SOL,Sol de Janeiro,NOT_FOUND,,,0,,,,,
4650,2700-BLG,Amunae Bvlgari,BLG,,NOT_FOUND,,,0,,,,,
4649,2696-AMG,Decision Amouage,AMG,Amouage,NOT_FOUND,,,0,,,,,
4648,2689-LAT,Khamrah Qahwa Lattafa Perfumes,LAT,Lattafa Perfumes,NOT_FOUND,,,0,,,,,
4647,2690-NISH,Oudous Lux Solis Nishane,NISH,Nishane,NOT_FOUND,,,0,,,,,
4646,2699-RIT,Ayurveda Rituals,RIT,Rituals,NOT_FOUND,,,0,,,,,
4645,2697-RIT,Karma Rituals,RIT,Rituals,NOT_FOUND,,,0,,,,,
4644,2687-GRIT,Mango Aoud Gritti,GRIT,,NOT_FOUND,,,0,,,,,
4642,2702-DIP,Chantilly,DIP,,FOUND,EXACT_UNIQUE_NAME,1.0000,1,Dana,Chantilly,35857,https://www.fragrantica.com/perfume/Dana/Chantilly-35857.html,Perfume name is unique across the entire URL corpus
4640,2701-DIP,Cafe Verlet,DIP,,NOT_FOUND,,,0,,,,,
4639,2686-GIV,L'Interdit Tubéreuse Noire,GIV,Givenchy,FOUND,EXACT_BRAND_NAME,1.0000,1,Givenchy,L Interdit Tubereuse Noire,90200,https://www.fragrantica.com/perfume/Givenchy/L-Interdit-Tubereuse-Noire-90200.html,Brand inferred from an unanimous Shobi code suffix
4638,2685-FRAG,Rude Cherry Fragrance Du Bois,FRAG,Fragrance Du Bois,NOT_FOUND,,,0,,,,,
4637,2684-CLIV,Jump Up And Kiss Me Hedonistic (2021) Clive Christian,CLIV,Clive Christian,NOT_FOUND,,,0,,,,,
4623,1654-ACQ,Colonia 1916,ACQ,Acqua di Parma,NOT_FOUND,,,0,,,,,
4593,2683-CLIV,E Cashmere Musk Clive Christian,CLIV,Clive Christian,NOT_FOUND,,,0,,,,,
4592,2682-BDIK,Gris Charnel BDK Parfums,BDIK,,NOT_FOUND,,,0,,,,,
4591,2681-ARB,Madawi Gold Edition Arabian Oud,ARB,,NOT_FOUND,,,0,,,,,
4590,2680-AMG,Outlands Amouage,AMG,Amouage,NOT_FOUND,,,0,,,,,
4579,2679-CAR,La Bomba,CAR,,FOUND,EXACT_UNIQUE_NAME,1.0000,1,Carolina Herrera,La Bomba,105931,https://www.fragrantica.com/perfume/Carolina-Herrera/La-Bomba-105931.html,Perfume name is unique across the entire URL corpus
4539,2678-PARF,Palatine Parfums de Marly,PARF,Parfums de Marly,NOT_FOUND,,,0,,,,,
4528,2618-TMFO,Bois Pacifique,TMFO,Tom Ford,FOUND,EXACT_BRAND_NAME,1.0000,1,Tom Ford,Bois Pacifique,100411,https://www.fragrantica.com/perfume/Tom-Ford/Bois-Pacifique-100411.html,Brand inferred from an unanimous Shobi code suffix
4527,2674-MICA,Note Poudree Micallef,MICA,,NOT_FOUND,,,0,,,,,
4526,2673-ARB,Al Fareed Arabian Oud,ARB,,NOT_FOUND,,,0,,,,,
4525,2672-MEM,Abu Dhabi Memo Paris,MEM,,NOT_FOUND,,,0,,,,,
4524,2671-KIL,Cruel Intentions - Kilian,KIL,By Kilian,NOT_FOUND,,,0,,,,,
4523,2670-CRD,Eladaria,CRD,Creed,FOUND,EXACT_BRAND_NAME,1.0000,1,Creed,Eladaria,103066,https://www.fragrantica.com/perfume/Creed/Eladaria-103066.html,Brand inferred from an unanimous Shobi code suffix
4522,2659-MNT,Sensual Instinct Montale,MNT,,NOT_FOUND,,,0,,,,,
4521,2657-CRD,Fragaria,CRD,Creed,FOUND,EXACT_BRAND_NAME,1.0000,1,Creed,Fragaria,100641,https://www.fragrantica.com/perfume/Creed/Fragaria-100641.html,Brand inferred from an unanimous Shobi code suffix
4520,2656-LAN,Idôle Power,LAN,Lancôme,FOUND,EXACT_BRAND_NAME,1.0000,1,Lancome,Idole Power,101224,https://www.fragrantica.com/perfume/Lancome/Idole-Power-101224.html,Brand inferred from an unanimous Shobi code suffix
4519,2655-MNT,Dallachaï Montale,MNT,,NOT_FOUND,,,0,,,,,
4518,2654-KUR,Kurky,KUR,,FOUND,EXACT_UNIQUE_NAME,1.0000,1,Maison Francis Kurkdjian,Kurky,103517,https://www.fragrantica.com/perfume/Maison-Francis-Kurkdjian/Kurky-103517.html,Perfume name is unique across the entire URL corpus
4517,2653-YZLO,Black Opium Glitter,YZLO,Yves Saint Laurent,FOUND,EXACT_BRAND_NAME,1.0000,1,Yves Saint Laurent,Black Opium Glitter,100628,https://www.fragrantica.com/perfume/Yves-Saint-Laurent/Black-Opium-Glitter-100628.html,Brand inferred from an unanimous Shobi code suffix
4492,1145-GUC,pour Homme (2003),GUC,Gucci,NOT_FOUND,,,0,,,,,
4491,2637-HARM,Sacred Water,HARM,,NOT_FOUND,,,0,,,,,
4490,2646-PEN,The Dandy,PEN,Penhaligon's,FOUND,EXACT_BRAND_NAME,1.0000,1,Penhaligon s,The Dandy,95396,https://www.fragrantica.com/perfume/Penhaligon-s/The-Dandy-95396.html,Brand inferred from an unanimous Shobi code suffix
4489,2645-LTN,the fragrance notes,LTN,,NOT_FOUND,,,0,,,,,
4488,2644-PAZZ,Summer Hammer Lorenzo Pazzaglia,PAZZ,,NOT_FOUND,,,0,,,,,
4487,2643-LEL,Iris 39 Le Labo,LEL,Le Labo,NOT_FOUND,,,0,,,,,
4486,2458-LTN,the fragrance notes,LTN,,NOT_FOUND,,,0,,,,,
4485,2615-ARMA,Odyssey Dubai Chocolat,ARMA,,FOUND,EXACT_UNIQUE_NAME,1.0000,1,Armaf,Odyssey Dubai Chocolat,102117,https://www.fragrantica.com/perfume/Armaf/Odyssey-Dubai-Chocolat-102117.html,Perfume name is unique across the entire URL corpus
4484,2648-FUGA,Vanilla Haze Fugazzi,FUGA,,NOT_FOUND,,,0,,,,,
4483,2658-CHA,Sycomore Parfum,CHA,Chanel,FOUND,EXACT_BRAND_NAME,1.0000,1,Chanel,Sycomore Parfum,75821,https://www.fragrantica.com/perfume/Chanel/Sycomore-Parfum-75821.html,Brand inferred from an unanimous Shobi code suffix
4482,2616-TMU,Alien Extraintense,TMU,,FOUND,EXACT_UNIQUE_NAME,1.0000,1,Mugler,Alien Extraintense,101560,https://www.fragrantica.com/perfume/Mugler/Alien-Extraintense-101560.html,Perfume name is unique across the entire URL corpus
4481,2619-DRC,Homme Parfum 2025,DRC,Dior,NOT_FOUND,,,0,,,,,
4480,2617-DOL,Devotion Pour Homme,DOL,Dolce&Gabbana,FOUND,EXACT_UNIQUE_NAME,1.0000,1,Dolce Gabbana,Devotion Pour Homme,101353,https://www.fragrantica.com/perfume/Dolce-Gabbana/Devotion-Pour-Homme-101353.html,Perfume name is unique across the entire URL corpus
4479,2622-PHL,Vanilla Skin Phlur,PHL,Phlur,NOT_FOUND,,,0,,,,,
4478,2621-CHAR,More Sex,CHAR,,FOUND,EXACT_UNIQUE_NAME,1.0000,1,Charlotte Tilbury,More Sex,92086,https://www.fragrantica.com/perfume/Charlotte-Tilbury/More-Sex-92086.html,Perfume name is unique across the entire URL corpus
4444,2649-BORN,Naked Laundry BORNTOSTANDOUT®,BORN,BORNTOSTANDOUT®,NOT_FOUND,,,0,,,,,
4443,2620-CHAR,Cosmic Power,CHAR,,FOUND,EXACT_UNIQUE_NAME,1.0000,1,Charlotte Tilbury,Cosmic Power,92088,https://www.fragrantica.com/perfume/Charlotte-Tilbury/Cosmic-Power-92088.html,Perfume name is unique across the entire URL corpus
4438,2647-LTN,the fragrance notes,LTN,,NOT_FOUND,,,0,,,,,
4436,2623-NES,Santa Barbara Strawberry - Nest,NES,,NOT_FOUND,,,0,,,,,
4435,2614-AMG,Guidance 46 Amouagee,AMG,Amouage,NOT_FOUND,,,0,,,,,
4434,2624-BLG,Rock N Rome,BLG,,FOUND,EXACT_UNIQUE_NAME,1.0000,1,Bvlgari,Rock N Rome,64736,https://www.fragrantica.com/perfume/Bvlgari/Rock-N-Rome-64736.html,Perfume name is unique across the entire URL corpus
4433,2626-JOM,English Oak & Redcurrant Jo Malone,JOM,Jo Malone London,NOT_FOUND,,,0,,,,,
4432,2625-GUR,L'Instant de pour Homme Eau Extreme,GUR,Guerlain,NOT_FOUND,,,0,,,,,
4431,2633-KUR,Petit Matin,KUR,,FOUND,EXACT_UNIQUE_NAME,1.0000,1,Maison Francis Kurkdjian,Petit Matin,40817,https://www.fragrantica.com/perfume/Maison-Francis-Kurkdjian/Petit-Matin-40817.html,Perfume name is unique across the entire URL corpus
4430,2611-KAY,Elixir 11 Kayali Fragrances,KAY,Kayali Fragrances,NOT_FOUND,,,0,,,,,
4429,2613-SOS,Vibrato Sospiro Perfume,SOS,Sospiro Perfumes,NOT_FOUND,,,0,,,,,
4428,2612-LUS,Sticky Dates Lush,LUS,Lush,NOT_FOUND,,,0,,,,,
4426,2599-ACQ,Sandalo Eau de Parfum,ACQ,Acqua di Parma,FOUND,EXACT_BRAND_NAME,1.0000,1,Acqua di Parma,Sandalo Eau de Parfum,56002,https://www.fragrantica.com/perfume/Acqua-di-Parma/Sandalo-Eau-de-Parfum-56002.html,Brand inferred from an unanimous Shobi code suffix
4425,2598-GLO,You Glossier,GLO,,NOT_FOUND,,,0,,,,,
4424,2641-LAT,Eclaire Lattafa Perfumes,LAT,Lattafa Perfumes,NOT_FOUND,,,0,,,,,
4423,2630-SOS,Erba Pura Magica Sospiro,SOS,Sospiro Perfumes,NOT_FOUND,,,0,,,,,
4422,2627-LTN,the fragrance notes,LTN,,NOT_FOUND,,,0,,,,,
4421,2608-KIL,A Taste of Heaven Kilian,KIL,By Kilian,NOT_FOUND,,,0,,,,,
4420,2609-TMFO,Ombre de Hyacinth,TMFO,Tom Ford,FOUND,EXACT_BRAND_NAME,1.0000,1,Tom Ford,Ombre de Hyacinth,15916,https://www.fragrantica.com/perfume/Tom-Ford/Ombre-de-Hyacinth-15916.html,Brand inferred from an unanimous Shobi code suffix
4419,2605-ARM,Figuier Eden,ARM,Giorgio Armani,FOUND,EXACT_BRAND_NAME,1.0000,1,Giorgio Armani,Figuier Eden,14878,https://www.fragrantica.com/perfume/Giorgio-Armani/Figuier-Eden-14878.html,Brand inferred from an unanimous Shobi code suffix
4418,2610-JUL,Not A Perfume Superdose - Juliette Has A Gun,JUL,Juliette Has A Gun,NOT_FOUND,,,0,,,,,
4417,2632-BDIK,Velvet Tonka BDK Parfums,BDIK,,NOT_FOUND,,,0,,,,,
4416,2629-PEN,Sports Car Club,PEN,Penhaligon's,FOUND,EXACT_BRAND_NAME,1.0000,1,Penhaligon s,Sports Car Club,73924,https://www.fragrantica.com/perfume/Penhaligon-s/Sports-Car-Club-73924.html,Brand inferred from an unanimous Shobi code suffix
4415,2628-PEN,Roaring Radcliff,PEN,Penhaligon's,FOUND,EXACT_BRAND_NAME,1.0000,1,Penhaligon s,Roaring Radcliff,43037,https://www.fragrantica.com/perfume/Penhaligon-s/Roaring-Radcliff-43037.html,Brand inferred from an unanimous Shobi code suffix
4414,2631-TMFO,Black Lacquer,TMFO,Tom Ford,FOUND,EXACT_BRAND_NAME,1.0000,1,Tom Ford,Black Lacquer,95808,https://www.fragrantica.com/perfume/Tom-Ford/Black-Lacquer-95808.html,Brand inferred from an unanimous Shobi code suffix
4413,2639-TRU,Donna Pink Marina,TRU,,NOT_FOUND,,,0,,,,,
4412,2636-YZLO,Black Opium Baby Cat Collector,YZLO,Yves Saint Laurent,FOUND,EXACT_BRAND_NAME,1.0000,1,Yves Saint Laurent,Black Opium Baby Cat Collector,63448,https://www.fragrantica.com/perfume/Yves-Saint-Laurent/Black-Opium-Baby-Cat-Collector-63448.html,Brand inferred from an unanimous Shobi code suffix
4411,2635-SOL,Cheirosa '76 Sol de Janeiro,SOL,Sol de Janeiro,NOT_FOUND,,,0,,,,,
4410,2634-NRO,Essence Rodriguez,NRO,Narciso Rodriguez,NOT_FOUND,,,0,,,,,
4409,2638-KEN,Jungle le Tigre Kenzo,KEN,,NOT_FOUND,,,0,,,,,
4408,2640-CRD,Delphinus,CRD,Creed,FOUND,EXACT_BRAND_NAME,1.0000,1,Creed,Delphinus,95970,https://www.fragrantica.com/perfume/Creed/Delphinus-95970.html,Brand inferred from an unanimous Shobi code suffix
4407,2642-CRD,Centaurus,CRD,Creed,FOUND,EXACT_BRAND_NAME,1.0000,1,Creed,Centaurus,95601,https://www.fragrantica.com/perfume/Creed/Centaurus-95601.html,Brand inferred from an unanimous Shobi code suffix
4406,2603-JUL,Lust for Sun Juliette Has A Gun,JUL,Juliette Has A Gun,NOT_FOUND,,,0,,,,,
4395,2575-XER,Deified Tony Iommi Parfum,XER,Xerjoff,FOUND,EXACT_BRAND_NAME,1.0000,1,Xerjoff,Deified Tony Iommi Parfum,92497,https://www.fragrantica.com/perfume/Xerjoff/Deified-Tony-Iommi-Parfum-92497.html,Brand inferred from an unanimous Shobi code suffix
4394,2604-JILS,Sun Men Jil Sander,JILS,,NOT_FOUND,,,0,,,,,
4392,2607-TMU,Angel Eau Croisière,TMU,,FOUND,EXACT_UNIQUE_NAME,1.0000,1,Mugler,Angel Eau Croisiere,53351,https://www.fragrantica.com/perfume/Mugler/Angel-Eau-Croisiere-53351.html,Perfume name is unique across the entire URL corpus
4391,2602-TMU,Angel Garden Of Stars - Violette Angel,TMU,,FOUND,EXACT_UNIQUE_NAME,1.0000,1,Mugler,Angel Garden Of Stars Violette Angel,712,https://www.fragrantica.com/perfume/Mugler/Angel-Garden-Of-Stars-Violette-Angel-712.html,Perfume name is unique across the entire URL corpus
4390,2601-TMU,Angel Passion Star,TMU,,FOUND,EXACT_UNIQUE_NAME,1.0000,1,Mugler,Angel Passion Star,31849,https://www.fragrantica.com/perfume/Mugler/Angel-Passion-Star-31849.html,Perfume name is unique across the entire URL corpus
4389,2600-TMU,Angel Lily,TMU,,NOT_FOUND,,,0,,,,,
4388,2375-ESC,"Brisa Cubana Escada Woman perfume citrus, green, aromatic, fresh spicy, fresh",ESC,,NOT_FOUND,,,0,,,,,
4387,1702-KUR,Oud,KUR,,AMBIGUOUS,EXACT_NAME_MULTIPLE_CANDIDATES,,17,,,,,Same perfume name exists under multiple candidates
4386,490-CRT,Must de Cartier,CRT,,FOUND,EXACT_UNIQUE_NAME,1.0000,1,Cartier,Must de Cartier,312,https://www.fragrantica.com/perfume/Cartier/Must-de-Cartier-312.html,Perfume name is unique across the entire URL corpus
4385,2438-KYLJ,Cosmic Kylie Jenner,KYLJ,Kylie Cosmetics,NOT_FOUND,,,0,,,,,
4375,2562-JUSB,Beat Cafe Jusbox,JUSB,,NOT_FOUND,,,0,,,,,
4374,2560-JUSB,Siren & Sailors Jusbox,JUSB,,NOT_FOUND,,,0,,,,,
4373,2555-BON,TriBeCa Bond No 9,BON,,NOT_FOUND,,,0,,,,,
4372,2583-INI,Paragon Initio Parfums,INI,Initio Parfums Privés,NOT_FOUND,,,0,,,,,
4371,2582-PIER,Carbone Pierre Balmain type,PIER,,NOT_FOUND,,,0,,,,,
4370,2581-GUR,Vanille Planifolia Extrait 21,GUR,Guerlain,FOUND,EXACT_BRAND_NAME,1.0000,1,Guerlain,Vanille Planifolia Extrait 21,87539,https://www.fragrantica.com/perfume/Guerlain/Vanille-Planifolia-Extrait-21-87539.html,Brand inferred from an unanimous Shobi code suffix
4369,2584-GIV,Eau de,GIV,Givenchy,NOT_FOUND,,,0,,,,,
4368,2585-SOL,Summer e Amor Sol de Janeiro,SOL,Sol de Janeiro,NOT_FOUND,,,0,,,,,
4367,2586-DIP,Biscuit DIP,DIP,,NOT_FOUND,,,0,,,,,
4366,2587-MAR,Daisy Dream Sunshine Marc Jacobs,MAR,,NOT_FOUND,,,0,,,,,
4365,2553-BON,Andy Warhol Bond No 9,BON,,NOT_FOUND,,,0,,,,,
4364,2552-SOR,Night Horse (Ночная Кобыла) Siordia Parfums,SOR,,NOT_FOUND,,,0,,,,,
4363,2529-VER,L'Homme,VER,Versace,AMBIGUOUS,EXACT_NAME_MULTIPLE_CANDIDATES,,5,,,,,Same perfume name exists under multiple candidates
4362,2537-DRC,Miss Parfum (2024),DRC,Dior,NOT_FOUND,,,0,,,,,
4361,2535-DRC,J'adore L'Or (2023),DRC,Dior,FOUND,EXACT_BRAND_NAME,1.0000,1,Dior,J adore L Or 2023,84202,https://www.fragrantica.com/perfume/Dior/J-adore-L-Or-2023-84202.html,Brand inferred from an unanimous Shobi code suffix
4360,2533-RAL,Safari,RAL,,AMBIGUOUS,EXACT_NAME_MULTIPLE_CANDIDATES,,8,,,,,Same perfume name exists under multiple candidates
4359,2580-KAY,,KAY,Kayali Fragrances,NOT_FOUND,,,0,,,,,
4358,2579-SOS,Maraschino Sospiro Perfumes,SOS,Sospiro Perfumes,NOT_FOUND,,,0,,,,,
4357,2578-DON,DKNY 24/7,DON,Donna Karan,FOUND,EXACT_BRAND_NAME,1.0000,1,Donna Karan,DKNY 24 7,94958,https://www.fragrantica.com/perfume/Donna-Karan/DKNY-24-7-94958.html,Brand inferred from an unanimous Shobi code suffix
4356,2577-DOL,Devotion Intense,DOL,Dolce&Gabbana,FOUND,EXACT_UNIQUE_NAME,1.0000,1,Dolce Gabbana,Devotion Intense,96028,https://www.fragrantica.com/perfume/Dolce-Gabbana/Devotion-Intense-96028.html,Perfume name is unique across the entire URL corpus
4355,2576-TMFO,Eau d'Ombré Leather,TMFO,Tom Ford,FOUND,EXACT_BRAND_NAME,1.0000,1,Tom Ford,Eau d Ombre Leather,95389,https://www.fragrantica.com/perfume/Tom-Ford/Eau-d-Ombre-Leather-95389.html,Brand inferred from an unanimous Shobi code suffix
4353,2574-MEM,Cappadocia Memo Paris,MEM,,NOT_FOUND,,,0,,,,,
4352,2573-KAY,Maldives in a Bottle Ylang Coco | 20 Eau de Parfum Kayali Fragrances,KAY,Kayali Fragrances,NOT_FOUND,,,0,,,,,
4351,2572-KUR,APOM,KUR,,FOUND,EXACT_UNIQUE_NAME,1.0000,1,Maison Francis Kurkdjian,APOM,95969,https://www.fragrantica.com/perfume/Maison-Francis-Kurkdjian/APOM-95969.html,Perfume name is unique across the entire URL corpus
4350,2597-TMFO,Amber Intrigue,TMFO,Tom Ford,FOUND,EXACT_BRAND_NAME,1.0000,1,Tom Ford,Amber Intrigue,97380,https://www.fragrantica.com/perfume/Tom-Ford/Amber-Intrigue-97380.html,Brand inferred from an unanimous Shobi code suffix
4349,2596-PEN,Halfeti Cedar,PEN,Penhaligon's,FOUND,EXACT_BRAND_NAME,1.0000,1,Penhaligon s,Halfeti Cedar,64560,https://www.fragrantica.com/perfume/Penhaligon-s/Halfeti-Cedar-64560.html,Brand inferred from an unanimous Shobi code suffix
4348,2595-INI,Mystic Experience Initio Parfums,INI,Initio Parfums Privés,NOT_FOUND,,,0,,,,,
4347,2594-HUG,Bottled Oud Saffron,HUG,,NOT_FOUND,,,0,,,,,
4346,2593-HUG,Bottled Elixir,HUG,,NOT_FOUND,,,0,,,,,
4345,2592-GOLD,Pacific Rock Moss Goldfield & Banks Australia,GOLD,,NOT_FOUND,,,0,,,,,
4344,2591-CRD,Acqua Fiorentina,CRD,Creed,FOUND,EXACT_BRAND_NAME,1.0000,1,Creed,Acqua Fiorentina,6272,https://www.fragrantica.com/perfume/Creed/Acqua-Fiorentina-6272.html,Brand inferred from an unanimous Shobi code suffix
4343,2590-BYRP,Mula Mula Rouge Extreme Byron Parfums,BYRP,Byron Parfums,NOT_FOUND,,,0,,,,,
4342,2589-BYRP,Mula Mula Double Caramel Byron Parfums,BYRP,Byron Parfums,NOT_FOUND,,,0,,,,,
4341,2588-BLG,Onekh,BLG,,FOUND,EXACT_UNIQUE_NAME,1.0000,1,Bvlgari,Onekh,41220,https://www.fragrantica.com/perfume/Bvlgari/Onekh-41220.html,Perfume name is unique across the entire URL corpus
4340,2568-GIV,L'Interdit Eau de Parfum Rouge Ultime,GIV,Givenchy,FOUND,EXACT_BRAND_NAME,1.0000,1,Givenchy,L Interdit Eau de Parfum Rouge Ultime,83865,https://www.fragrantica.com/perfume/Givenchy/L-Interdit-Eau-de-Parfum-Rouge-Ultime-83865.html,Brand inferred from an unanimous Shobi code suffix
4339,2566-VER,Eros Energy,VER,Versace,FOUND,EXACT_BRAND_NAME,1.0000,1,Versace,Eros Energy,92647,https://www.fragrantica.com/perfume/Versace/Eros-Energy-92647.html,Brand inferred from an unanimous Shobi code suffix
4338,2565-GUC,Guilty Elixir de Parfum pour Homme,GUC,Gucci,FOUND,EXACT_BRAND_NAME,1.0000,1,Gucci,Guilty Elixir de Parfum pour Homme,84547,https://www.fragrantica.com/perfume/Gucci/Guilty-Elixir-de-Parfum-pour-Homme-84547.html,Brand inferred from an unanimous Shobi code suffix
4337,2561-SOM,Capriccio Somens,SOM,,NOT_FOUND,,,0,,,,,
4336,2551-PAR,Khair Fusion Paris Corner,PAR,,NOT_FOUND,,,0,,,,,
4333,2544-ACQ,Magnolia Nobile,ACQ,Acqua di Parma,NOT_FOUND,,,0,,,,,
4332,2543-HUG,The Scent For Him Magnetic,HUG,,NOT_FOUND,,,0,,,,,
4331,2527-GUR,Angelique Noire,GUR,Guerlain,FOUND,EXACT_BRAND_NAME,1.0000,1,Guerlain,Angelique Noire,1021,https://www.fragrantica.com/perfume/Guerlain/Angelique-Noire-1021.html,Brand inferred from an unanimous Shobi code suffix
4330,2525-CAR,Good Girl Supreme,CAR,,FOUND,EXACT_UNIQUE_NAME,1.0000,1,Carolina Herrera,Good Girl Supreme,61769,https://www.fragrantica.com/perfume/Carolina-Herrera/Good-Girl-Supreme-61769.html,Perfume name is unique across the entire URL corpus
4329,2523-KIL,Sacred Wood - Kilian,KIL,By Kilian,NOT_FOUND,,,0,,,,,
4328,2548-RIT,Hammam Rituals,RIT,Rituals,NOT_FOUND,,,0,,,,,
4327,2547-KUR,Aqua Universalis,KUR,,FOUND,EXACT_UNIQUE_NAME,1.0000,1,Maison Francis Kurkdjian,Aqua Universalis,6804,https://www.fragrantica.com/perfume/Maison-Francis-Kurkdjian/Aqua-Universalis-6804.html,Perfume name is unique across the entire URL corpus
4326,2516-GUL,Scandal Pour Homme Absolu,GUL,Jean Paul Gaultier,FOUND,EXACT_BRAND_NAME,1.0000,1,Jean Paul Gaultier,Scandal Pour Homme Absolu,91053,https://www.fragrantica.com/perfume/Jean-Paul-Gaultier/Scandal-Pour-Homme-Absolu-91053.html,Brand inferred from an unanimous Shobi code suffix
4325,2510-ONE,Our Moment One Direction,ONE,,NOT_FOUND,,,0,,,,,
4324,2508-DRC,Gris,DRC,Dior,AMBIGUOUS,EXACT_NAME_MULTIPLE_CANDIDATES,,3,,,,,Same perfume name exists under multiple candidates
4323,2502-MATIE,Parisian Musc Matiere Premiere,MATIE,Matiere Premiere,NOT_FOUND,,,0,,,,,
4322,2498-TOUZ,Baby Tous,TOUZ,,NOT_FOUND,,,0,,,,,
4321,2487-PEN,Terrible Teddy,PEN,Penhaligon's,FOUND,EXACT_BRAND_NAME,1.0000,1,Penhaligon s,Terrible Teddy,55441,https://www.fragrantica.com/perfume/Penhaligon-s/Terrible-Teddy-55441.html,Brand inferred from an unanimous Shobi code suffix
4305,1194-KIL,Gold Knight Kilian,KIL,By Kilian,NOT_FOUND,,,0,,,,,
4304,2380-CAR,Very Good Girl Glam,CAR,,FOUND,EXACT_UNIQUE_NAME,1.0000,1,Carolina Herrera,Very Good Girl Glam,72698,https://www.fragrantica.com/perfume/Carolina-Herrera/Very-Good-Girl-Glam-72698.html,Perfume name is unique across the entire URL corpus
4303,2526-KAY,Capri in a Bottle Lemon Sugar | 14 Eau de Parfum by Kayali Fragrances,KAY,Kayali Fragrances,NOT_FOUND,,,0,,,,,
4289,2524-KAY,Marrakesh in a Bottle Orange Blossom Kayali Fragrances,KAY,Kayali Fragrances,NOT_FOUND,,,0,,,,,
4288,2559-LAT,Ra'ed Silver Lattafa Perfumes,LAT,Lattafa Perfumes,NOT_FOUND,,,0,,,,,
4286,2554-JOM,Orange Marmalade Jo Malone,JOM,Jo Malone London,NOT_FOUND,,,0,,,,,
4285,2556-LAT,Yara Moi Lattafa Perfumes,LAT,Lattafa Perfumes,NOT_FOUND,,,0,,,,,
4284,2557-ARIA,God Is A Woman Ariana Grande,ARIA,,NOT_FOUND,,,0,,,,,
4283,2567-SOL,Cheirosa '71 Sol de Janeiro,SOL,Sol de Janeiro,NOT_FOUND,,,0,,,,,
4281,2546-MEM,Moroccan Leather Memo Paris,MEM,,NOT_FOUND,,,0,,,,,
4280,2545-MEM,Kedu Sesame Memo Paris,MEM,,NOT_FOUND,,,0,,,,,
4279,2536-PRA,Paradoxe Virtual Flower Prada,PRA,Prada,NOT_FOUND,,,0,,,,,
4278,2569-GOLD,Ingenious Ginger Goldfield & Banks Australia,GOLD,,NOT_FOUND,,,0,,,,,
4277,2571-GOLD,Silky Woods Goldfield & Banks Australia,GOLD,,NOT_FOUND,,,0,,,,,
4274,2563-TMFO,Rose Exposed,TMFO,Tom Ford,FOUND,EXACT_BRAND_NAME,1.0000,1,Tom Ford,Rose Exposed,98669,https://www.fragrantica.com/perfume/Tom-Ford/Rose-Exposed-98669.html,Brand inferred from an unanimous Shobi code suffix
4273,2558-LAT,Bade'e Al Oud Sublime Lattafa Perfumes,LAT,Lattafa Perfumes,NOT_FOUND,,,0,,,,,
4272,2570-JOM,English Pear & Sweet Pea Jo Malone,JOM,Jo Malone London,NOT_FOUND,,,0,,,,,
4270,2550-ARM,Stronger With You Tobacco,ARM,Giorgio Armani,NOT_FOUND,,,0,,,,,
4269,2549-MARC,Tilia Marc-Antoine Barrois,MARC,,NOT_FOUND,,,0,,,,,
4264,2534-ARM,Sensi,ARM,Giorgio Armani,FOUND,EXACT_BRAND_NAME,1.0000,1,Giorgio Armani,Sensi,557,https://www.fragrantica.com/perfume/Giorgio-Armani/Sensi-557.html,Brand inferred from an unanimous Shobi code suffix
4263,2564-NRO,For Her Musc Nude Narciso Rodriguez,NRO,Narciso Rodriguez,NOT_FOUND,,,0,,,,,
4262,2485-ETLR,The Ghost In The Shell Etat Libre d'Orange,ETLR,,NOT_FOUND,,,0,,,,,
4261,2528-JER,Gozo Jeroboam,JER,,NOT_FOUND,,,0,,,,,
4260,2542-FUR,Autentica Furla for women,FUR,,NOT_FOUND,,,0,,,,,
4259,2531-CAR,Bad Boy Cobalt Elixir,CAR,,FOUND,EXACT_UNIQUE_NAME,1.0000,1,Carolina Herrera,Bad Boy Cobalt Elixir,89374,https://www.fragrantica.com/perfume/Carolina-Herrera/Bad-Boy-Cobalt-Elixir-89374.html,Perfume name is unique across the entire URL corpus
4258,2532-PRA,Cargo de Nuit Prada,PRA,Prada,NOT_FOUND,,,0,,,,,
4257,2539-CRIVEL,Tubéreuse Astrale Maison Crivelli,CRIVEL,Maison Crivelli,NOT_FOUND,,,0,,,,,
4256,2538-GUL,Le Male Lover,GUL,Jean Paul Gaultier,FOUND,EXACT_BRAND_NAME,1.0000,1,Jean Paul Gaultier,Le Male Lover,89720,https://www.fragrantica.com/perfume/Jean-Paul-Gaultier/Le-Male-Lover-89720.html,Brand inferred from an unanimous Shobi code suffix
4255,2520-PEN,Empressa,PEN,Penhaligon's,FOUND,EXACT_BRAND_NAME,1.0000,1,Penhaligon s,Empressa,27037,https://www.fragrantica.com/perfume/Penhaligon-s/Empressa-27037.html,Brand inferred from an unanimous Shobi code suffix
4254,2521-SOL,Carioca Crush Sol de Janeiro,SOL,Sol de Janeiro,NOT_FOUND,,,0,,,,,
4253,2540-COM,Concrete Comme des Garcons,COM,,NOT_FOUND,,,0,,,,,
4252,2541-STE,God of Fire Stéphane Humbert,STE,Stéphane Humbert Lucas 777,NOT_FOUND,,,0,,,,,
4251,2481-MARG,When the Rain Stops,MARG,Maison Martin Margiela,FOUND,EXACT_BRAND_NAME,1.0000,1,Maison Martin Margiela,When the Rain Stops,70985,https://www.fragrantica.com/perfume/Maison-Martin-Margiela/When-the-Rain-Stops-70985.html,Brand inferred from an unanimous Shobi code suffix
4250,2478-MARG,Untitled,MARG,Maison Martin Margiela,FOUND,EXACT_BRAND_NAME,1.0000,1,Maison Martin Margiela,untitled,7865,https://www.fragrantica.com/perfume/Maison-Martin-Margiela/untitled-7865.html,Brand inferred from an unanimous Shobi code suffix
4247,2477-MARG,Whispers in the Library,MARG,Maison Martin Margiela,FOUND,EXACT_BRAND_NAME,1.0000,1,Maison Martin Margiela,Whispers in the Library,53537,https://www.fragrantica.com/perfume/Maison-Martin-Margiela/Whispers-in-the-Library-53537.html,Brand inferred from an unanimous Shobi code suffix
4246,2476-MARG,At The Barber's,MARG,Maison Martin Margiela,FOUND,EXACT_BRAND_NAME,1.0000,1,Maison Martin Margiela,At The Barber s,30262,https://www.fragrantica.com/perfume/Maison-Martin-Margiela/At-The-Barber-s-30262.html,Brand inferred from an unanimous Shobi code suffix
4245,2522-VIC,Spicebomb Dark Leather,VIC,,FOUND,EXACT_UNIQUE_NAME,1.0000,1,Viktor Rolf,Spicebomb Dark Leather,93116,https://www.fragrantica.com/perfume/Viktor-Rolf/Spicebomb-Dark-Leather-93116.html,Perfume name is unique across the entire URL corpus
4244,2519-MNT,Starry Nights Montale,MNT,,NOT_FOUND,,,0,,,,,
4243,2517-MNTB,Legend Blue Montblanc,MNTB,,NOT_FOUND,,,0,,,,,
4242,2494-BYR,Super Cedar,BYR,Byredo,FOUND,EXACT_BRAND_NAME,1.0000,1,Byredo,Super Cedar,35530,https://www.fragrantica.com/perfume/Byredo/Super-Cedar-35530.html,Brand inferred from an unanimous Shobi code suffix
4241,2493-SERG,Nuit de Cellophane Serge Lutens,SERG,,NOT_FOUND,,,0,,,,,
4240,2492-ETLR,You Or Someone Like You Etat Libre d'Orange,ETLR,,NOT_FOUND,,,0,,,,,
4239,2490-MARG,On A Date,MARG,Maison Martin Margiela,FOUND,EXACT_BRAND_NAME,1.0000,1,Maison Martin Margiela,On A Date,78292,https://www.fragrantica.com/perfume/Maison-Martin-Margiela/On-A-Date-78292.html,Brand inferred from an unanimous Shobi code suffix
4238,2489-KKWI,Red Lips KKW,KKWI,,NOT_FOUND,,,0,,,,,
4237,2488-ANN,Fantasia Mermaid Anna Sui,ANN,,NOT_FOUND,,,0,,,,,
4236,2486-MA,Velvet Teddy MAC,MA,,NOT_FOUND,,,0,,,,,
4235,2483-CLEA,Clean Skin Clean,CLEA,,NOT_FOUND,,,0,,,,,
4234,2482-CLEA,Cool Cotton Clean,CLEA,,NOT_FOUND,,,0,,,,,
4233,2480-JUL,Anyway Juliette Has A Gun,JUL,Juliette Has A Gun,NOT_FOUND,,,0,,,,,
4232,2479-PHL,Father Figure Phlur,PHL,Phlur,NOT_FOUND,,,0,,,,,
4231,2503-JUL,Mad Madame Juliette Has A Gun,JUL,Juliette Has A Gun,NOT_FOUND,,,0,,,,,
4230,2504-JUL,Moscow Mule Juliette Has A Gun,JUL,Juliette Has A Gun,NOT_FOUND,,,0,,,,,
4229,2505-JACFAT,Curacao Bay Jacques Fath,JACFAT,,NOT_FOUND,,,0,,,,,
4228,2511-CHA,Comete,CHA,Chanel,FOUND,EXACT_BRAND_NAME,1.0000,1,Chanel,Comete,90434,https://www.fragrantica.com/perfume/Chanel/Comete-90434.html,Brand inferred from an unanimous Shobi code suffix
4227,2506-XER,MUSE,XER,Xerjoff,FOUND,EXACT_BRAND_NAME,1.0000,1,Xerjoff,Muse,55161,https://www.fragrantica.com/perfume/Xerjoff/Muse-55161.html,Brand inferred from an unanimous Shobi code suffix
4226,2512-BRB,GODDESS INTENSE BURBERRY,BRB,,NOT_FOUND,,,0,,,,,
4224,2515-LAN,LA VIE EST BELLE L'ELIXIR,LAN,Lancôme,FOUND,EXACT_BRAND_NAME,1.0000,1,Lancome,La Vie est Belle L Elixir,95856,https://www.fragrantica.com/perfume/Lancome/La-Vie-est-Belle-L-Elixir-95856.html,Brand inferred from an unanimous Shobi code suffix
4223,2501-LOE,AGUA MIAMI LOEWE,LOE,,NOT_FOUND,,,0,,,,,
4222,2500-BRB,Baby Touch Burberry,BRB,,NOT_FOUND,,,0,,,,,
4221,2475-DIP,TEMPO DIP,DIP,,NOT_FOUND,,,0,,,,,
4220,2484-ETLR,THE AFTERNOON OF A FAUN by ETAT LIBRE D'ORANGE,ETLR,,NOT_FOUND,,,0,,,,,
4219,2495-ETLR,I AM TRASH - LES FLEURS DU DECHET by ETAT LIBRE D'ORANGE,ETLR,,NOT_FOUND,,,0,,,,,
4218,2496-SERG,LA RELIGIEUSE by SERGE LUTENS,SERG,,NOT_FOUND,,,0,,,,,
4217,2507-SERG,FIVE O CLOCK AU GINGEMBRE by SERGE LUTENS,SERG,,NOT_FOUND,,,0,,,,,
4216,2518-MATAH,ESCAPADE GOURMANDE MAISON MATAHA,MATAH,Maison Mataha,NOT_FOUND,,,0,,,,,
4215,,Sauvage Eau Forte,,,FOUND,EXACT_UNIQUE_NAME,1.0000,1,Dior,Sauvage Eau Forte,95863,https://www.fragrantica.com/perfume/Dior/Sauvage-Eau-Forte-95863.html,Perfume name is unique across the entire URL corpus
4214,2513-PAC,MILLION GOLD MAN,PAC,Rabanne,NOT_FOUND,,,0,,,,,
4213,2509-CRIVEL,OUD MARACUJA - CRIVELLI,CRIVEL,Maison Crivelli,NOT_FOUND,,,0,,,,,
4212,2491-LEL,BAIE 19 - LE LABO,LEL,Le Labo,NOT_FOUND,,,0,,,,,
4211,2497-XER,Wardasina,XER,Xerjoff,FOUND,EXACT_BRAND_NAME,1.0000,1,Xerjoff,Wardasina,55163,https://www.fragrantica.com/perfume/Xerjoff/Wardasina-55163.html,Brand inferred from an unanimous Shobi code suffix
4210,2474-XER,Dama Bianca,XER,Xerjoff,FOUND,EXACT_BRAND_NAME,1.0000,1,Xerjoff,Dama Bianca,15555,https://www.fragrantica.com/perfume/Xerjoff/Dama-Bianca-15555.html,Brand inferred from an unanimous Shobi code suffix
4209,2499-VICT,FRESH SNOWFALL VICTORIA'S SECRET,VICT,,NOT_FOUND,,,0,,,,,
4208,2473-HER,BARENIA - HERMES,HER,Hermès,NOT_FOUND,,,0,,,,,
4207,2470-KAY,MAUI IN A BOTTLE SWEET BANANA - KAYALI,KAY,Kayali Fragrances,NOT_FOUND,,,0,,,,,
4206,2471-SOS,PASTICCIO - SOSPIRO,SOS,Sospiro Perfumes,NOT_FOUND,,,0,,,,,
4205,2472-VIC,GOOD FORTUNE,VIC,,FOUND,EXACT_UNIQUE_NAME,1.0000,1,Viktor Rolf,Good Fortune,74194,https://www.fragrantica.com/perfume/Viktor-Rolf/Good-Fortune-74194.html,Perfume name is unique across the entire URL corpus
4204,2469-ROJ,AMBER AOUD - ROJA DOVE,ROJ,Roja Dove,NOT_FOUND,,,0,,,,,
4203,2468-ESPAR,BOIS IMPERIAL - ESSENTIAL PARFUMS,ESPAR,,NOT_FOUND,,,0,,,,,
4202,2467-NISH,EGE / ΑΙΓΑΙΟ - Nishane,NISH,Nishane,NOT_FOUND,,,0,,,,,
4201,2462-YZLO,LIBRE FLOWERS & FLAMES,YZLO,Yves Saint Laurent,NOT_FOUND,,,0,,,,,
4200,2463-GUC,Flora Gorgeous Orchid,GUC,Gucci,FOUND,EXACT_BRAND_NAME,1.0000,1,Gucci,Flora Gorgeous Orchid,94979,https://www.fragrantica.com/perfume/Gucci/Flora-Gorgeous-Orchid-94979.html,Brand inferred from an unanimous Shobi code suffix
4199,2465-PAC,STRONG ME,PAC,Rabanne,FOUND,EXACT_BRAND_NAME,1.0000,1,Rabanne,Strong Me,55189,https://www.fragrantica.com/perfume/Rabanne/Strong-Me-55189.html,Brand inferred from an unanimous Shobi code suffix
4198,2464-ZAD,THIS IS REALLY HIM - ZADIG & VOLTAIRE,ZAD,Zadig & Voltaire,NOT_FOUND,,,0,,,,,
4197,374-TMFO,,TMFO,Tom Ford,NOT_FOUND,,,0,,,,,
4191,2466-ELIZ,,ELIZ,Elizabeth Arden,NOT_FOUND,,,0,,,,,
4190,2459-MAN,SAHARIAN WIND - MANCERA,MAN,,NOT_FOUND,,,0,,,,,
4189,2460-PAC,OLYMPEA PARFUM,PAC,Rabanne,FOUND,EXACT_BRAND_NAME,1.0000,1,Rabanne,Olympea Parfum,90432,https://www.fragrantica.com/perfume/Rabanne/Olympea-Parfum-90432.html,Brand inferred from an unanimous Shobi code suffix
4188,2461-BOD,BLACK MUSK NIGHT BLOOM - BODY SHOP,BOD,,NOT_FOUND,,,0,,,,,
4187,2456-PAC,MILLION GOLD,PAC,Rabanne,FOUND,EXACT_BRAND_NAME,1.0000,1,Rabanne,Million Gold,95641,https://www.fragrantica.com/perfume/Rabanne/Million-Gold-95641.html,Brand inferred from an unanimous Shobi code suffix
4186,2455-YZLO,BLACK OPIUM OVER RED,YZLO,Yves Saint Laurent,FOUND,EXACT_BRAND_NAME,1.0000,1,Yves Saint Laurent,Black Opium Over Red,88707,https://www.fragrantica.com/perfume/Yves-Saint-Laurent/Black-Opium-Over-Red-88707.html,Brand inferred from an unanimous Shobi code suffix
4185,2454-KIL,CAN'T STOP LOVING YOU - KILIAN,KIL,By Kilian,NOT_FOUND,,,0,,,,,
4184,2453-INI,NARCOTIC DELIGHT - INITIO,INI,Initio Parfums Privés,NOT_FOUND,,,0,,,,,
4183,2451-LEL,Cedrat 37 Berlin,LEL,Le Labo,FOUND,EXACT_BRAND_NAME,1.0000,1,Le Labo,Cedrat 37 Berlin,68788,https://www.fragrantica.com/perfume/Le-Labo/Cedrat-37-Berlin-68788.html,Brand inferred from an unanimous Shobi code suffix
4182,2452-JOM,Cypress & Grapevine Cologne Intense,JOM,Jo Malone London,NOT_FOUND,,,0,,,,,
4181,2450-PEN,ALULA,PEN,Penhaligon's,NOT_FOUND,,,0,,,,,
4180,2432-ROJ,DANGER MAN - ROJA DOVE,ROJ,Roja Dove,NOT_FOUND,,,0,,,,,
4179,2413-ARIA,THANK U NEXT - ARIANA GRANDE,ARIA,,NOT_FOUND,,,0,,,,,
4178,2444-ARIA,CLOUD PINK - ARIANA GRANDE,ARIA,,NOT_FOUND,,,0,,,,,
4177,2446-XER,Torino 23,XER,Xerjoff,NOT_FOUND,,,0,,,,,
4176,2447-MARC,GANYMEDE EXTRAIT - MARC ANTONIE BARROIS,MARC,,NOT_FOUND,,,0,,,,,
4175,2445-CAR,GOOD GIRL DAZZLING GARDEN,CAR,,FOUND,EXACT_UNIQUE_NAME,1.0000,1,Carolina Herrera,Good Girl Dazzling Garden,84049,https://www.fragrantica.com/perfume/Carolina-Herrera/Good-Girl-Dazzling-Garden-84049.html,Perfume name is unique across the entire URL corpus
4174,2443-BRB,BURBERRY HER ELIXIR DE PARFUM,BRB,,FOUND,EXACT_UNIQUE_NAME,1.0000,1,Burberry,Burberry Her Elixir de Parfum,75968,https://www.fragrantica.com/perfume/Burberry/Burberry-Her-Elixir-de-Parfum-75968.html,Perfume name is unique across the entire URL corpus
4172,2441-PANTRO,,PANTRO,,NOT_FOUND,,,0,,,,,
4171,2440-MARC,ENCELADE - MARC ANTONIE BARROIS,MARC,,NOT_FOUND,,,0,,,,,
4170,2431-ROJ,,ROJ,Roja Dove,NOT_FOUND,,,0,,,,,
4169,2439-ZEG,,ZEG,Ermenegildo Zegna,NOT_FOUND,,,0,,,,,
4168,2442-PAC,INVICTUS VICTORY ELIXIR,PAC,Rabanne,FOUND,EXACT_BRAND_NAME,1.0000,1,Rabanne,Invictus Victory Elixir,78575,https://www.fragrantica.com/perfume/Rabanne/Invictus-Victory-Elixir-78575.html,Brand inferred from an unanimous Shobi code suffix
4166,2437-MELA,,MELA,,NOT_FOUND,,,0,,,,,
4165,2397-CRD,Queen of Silk,CRD,Creed,FOUND,EXACT_BRAND_NAME,1.0000,1,Creed,Queen of Silk,89643,https://www.fragrantica.com/perfume/Creed/Queen-of-Silk-89643.html,Brand inferred from an unanimous Shobi code suffix
4164,2427-CLEA,,CLEA,,NOT_FOUND,,,0,,,,,
4163,2426-MARG,BEACH WALK,MARG,Maison Martin Margiela,FOUND,EXACT_BRAND_NAME,1.0000,1,Maison Martin Margiela,Beach Walk,15261,https://www.fragrantica.com/perfume/Maison-Martin-Margiela/Beach-Walk-15261.html,Brand inferred from an unanimous Shobi code suffix
4162,2425-LEL,GAIAC 10 TOKYO - LE LABO,LEL,Le Labo,NOT_FOUND,,,0,,,,,
4161,2424-GUR,AQUA ALLEGORIA PERA GRANITA - GUERLAIN,GUR,Guerlain,NOT_FOUND,,,0,,,,,
4160,2419-BAT,PINK COCONUT CALYPSO - BATH BODY WORKS,BAT,,NOT_FOUND,,,0,,,,,
4159,2415-ESC,SEXY GRAFFITY - ESCADA,ESC,,NOT_FOUND,,,0,,,,,
4158,2416-HER,UN JARDIN APRES LA MOUSSON - HERMES,HER,Hermès,NOT_FOUND,,,0,,,,,
4157,2429-JUL,,JUL,Juliette Has A Gun,NOT_FOUND,,,0,,,,,
4156,2430-CELI,,CELI,Celine,NOT_FOUND,,,0,,,,,
4155,2414-DIP,Ilio,DIP,,FOUND,EXACT_UNIQUE_NAME,1.0000,1,Diptyque,Ilio,67808,https://www.fragrantica.com/perfume/Diptyque/Ilio-67808.html,Perfume name is unique across the entire URL corpus
4154,2417-ACQ,ARANCIA DI CAPRI,ACQ,Acqua di Parma,NOT_FOUND,,,0,,,,,
4153,2423-ACQ,GINEPRO DI SARDEGNA,ACQ,Acqua di Parma,NOT_FOUND,,,0,,,,,
4152,2418-ACQ,VANIGLIA SIGNATURE,ACQ,Acqua di Parma,NOT_FOUND,,,0,,,,,
4151,2428-MARG,COFFEE BREAK,MARG,Maison Martin Margiela,FOUND,EXACT_BRAND_NAME,1.0000,1,Maison Martin Margiela,Coffee Break,55926,https://www.fragrantica.com/perfume/Maison-Martin-Margiela/Coffee-Break-55926.html,Brand inferred from an unanimous Shobi code suffix
4150,2436-PHL,,PHL,Phlur,NOT_FOUND,,,0,,,,,
4149,2412-LAT,YARA - LATTAFA,LAT,Lattafa Perfumes,NOT_FOUND,,,0,,,,,
4148,2372-GUR,AQUA ALLEGORIA FLORABLOOM - GUERLAIN,GUR,Guerlain,NOT_FOUND,,,0,,,,,
4147,2411-JAME,,JAME,,NOT_FOUND,,,0,,,,,
4146,2420-XER,Laylati,XER,Xerjoff,FOUND,EXACT_BRAND_NAME,1.0000,1,Xerjoff,Laylati,55159,https://www.fragrantica.com/perfume/Xerjoff/Laylati-55159.html,Brand inferred from an unanimous Shobi code suffix
4145,2421-XER,Opera,XER,Xerjoff,FOUND,EXACT_BRAND_NAME,1.0000,1,Xerjoff,Opera,55162,https://www.fragrantica.com/perfume/Xerjoff/Opera-55162.html,Brand inferred from an unanimous Shobi code suffix
4144,2422-XER,Soprano,XER,Xerjoff,FOUND,EXACT_BRAND_NAME,1.0000,1,Xerjoff,Soprano,55160,https://www.fragrantica.com/perfume/Xerjoff/Soprano-55160.html,Brand inferred from an unanimous Shobi code suffix
4142,2409-TMU,A*MEN PURE MALT,TMU,,FOUND,EXACT_UNIQUE_NAME,1.0000,1,Mugler,A Men Pure Malt,6103,https://www.fragrantica.com/perfume/Mugler/A-Men-Pure-Malt-6103.html,Perfume name is unique across the entire URL corpus
4141,2408-JOM,Ginger Biscuit Jo Malone,JOM,Jo Malone London,NOT_FOUND,,,0,,,,,
4140,2410-GUL,LE BEAU PARADISE GARDEN,GUL,Jean Paul Gaultier,FOUND,EXACT_BRAND_NAME,1.0000,1,Jean Paul Gaultier,Le Beau Paradise Garden,88836,https://www.fragrantica.com/perfume/Jean-Paul-Gaultier/Le-Beau-Paradise-Garden-88836.html,Brand inferred from an unanimous Shobi code suffix
4139,2400-MORH,,MORH,,NOT_FOUND,,,0,,,,,
4138,2399-MORH,,MORH,,NOT_FOUND,,,0,,,,,
4137,2402-AKR,,AKR,Akro,NOT_FOUND,,,0,,,,,
4136,2398-FRE,the notes of Acne Studios,FRE,,NOT_FOUND,,,0,,,,,
4135,2404-FRANB,ANGEL'S DUST - FRANCESCA BIANCHI,FRANB,,NOT_FOUND,,,0,,,,,
4134,2395-XER,Erba Gold,XER,Xerjoff,FOUND,EXACT_BRAND_NAME,1.0000,1,Xerjoff,Erba Gold,76683,https://www.fragrantica.com/perfume/Xerjoff/Erba-Gold-76683.html,Brand inferred from an unanimous Shobi code suffix
4132,2405-JOM,Yuzu Zest Cologne - Jo Malone,JOM,Jo Malone London,NOT_FOUND,,,0,,,,,
4131,2407-LAN,IDOLE NOW,LAN,Lancôme,FOUND,EXACT_BRAND_NAME,1.0000,1,Lancome,Idole Now,81792,https://www.fragrantica.com/perfume/Lancome/Idole-Now-81792.html,Brand inferred from an unanimous Shobi code suffix
4130,2403-MNT,BUBBLE FOREVER - MONTALE,MNT,,NOT_FOUND,,,0,,,,,
4129,2406-KIL,SUNKISSED GODDESS - KILIAN,KIL,By Kilian,NOT_FOUND,,,0,,,,,
4128,2396-GUL,SCANDAL LE PARFUM,GUL,Jean Paul Gaultier,FOUND,EXACT_BRAND_NAME,1.0000,1,Jean Paul Gaultier,Scandal Le Parfum,74914,https://www.fragrantica.com/perfume/Jean-Paul-Gaultier/Scandal-Le-Parfum-74914.html,Brand inferred from an unanimous Shobi code suffix
4127,2394-MOS,TOY 2 PEARL - MOSCHINO,MOS,,NOT_FOUND,,,0,,,,,
4126,2401-KAY,VANILLA CANDY ROCK SUGAR | 44 - KAYALI,KAY,Kayali Fragrances,NOT_FOUND,,,0,,,,,
4125,2393-KAY,EDEN SPARKLING LYCHEE | 39 KAYALI,KAY,Kayali Fragrances,NOT_FOUND,,,0,,,,,
4123,2388-PARF,PERSEUS - PARFUMS DE MARLY,PARF,Parfums de Marly,NOT_FOUND,,,0,,,,,
4122,2391-XER,Torino22,XER,Xerjoff,FOUND,EXACT_BRAND_NAME,1.0000,1,Xerjoff,Torino22,77059,https://www.fragrantica.com/perfume/Xerjoff/Torino22-77059.html,Brand inferred from an unanimous Shobi code suffix
4121,2387-EXN,Blue Talisman Ex Nihilo,EXN,Ex Nihilo,NOT_FOUND,,,0,,,,,
4120,2392-ANFAS,SALAM - ANFAS,ANFAS,,NOT_FOUND,,,0,,,,,
4119,2390-ANFAS,ISHQ - ANFAS,ANFAS,,NOT_FOUND,,,0,,,,,
4118,2389-DOL,VELVET ORIENTAL MUSK,DOL,Dolce&Gabbana,FOUND,EXACT_UNIQUE_NAME,1.0000,1,Dolce Gabbana,Velvet Oriental Musk,55167,https://www.fragrantica.com/perfume/Dolce-Gabbana/Velvet-Oriental-Musk-55167.html,Perfume name is unique across the entire URL corpus
4117,2288-BAT,BLACK RASBERRY VANILLA - BATH BODY WORKS,BAT,,NOT_FOUND,,,0,,,,,
4116,2385-SOL,CHEIROSA 59 BRAZILIAN CRUSH - SOL DE JANEIRO,SOL,Sol de Janeiro,NOT_FOUND,,,0,,,,,
4115,2386-SOL,CHEIROSA 68 BRAZILIAN CRUSH - SOL DE JANEIRO,SOL,Sol de Janeiro,NOT_FOUND,,,0,,,,,
4114,2383-ROCCO,ROCCOBAROCCO - ROCCOBAROCCO,ROCCO,,NOT_FOUND,,,0,,,,,
4113,2384-MAN,FRENCH RIVIERA - MANCERA,MAN,,NOT_FOUND,,,0,,,,,
4112,2379-CAR,GOOD GIRL BLUSH ELIXIR,CAR,,NOT_FOUND,,,0,,,,,
4111,2377-VICT,VANILLA LACE - VICTORIA'S SECRET,VICT,,NOT_FOUND,,,0,,,,,
4110,2376-TMU,A*MEN ULTRA ZEST,TMU,,FOUND,EXACT_UNIQUE_NAME,1.0000,1,Mugler,A Men Ultra Zest,29589,https://www.fragrantica.com/perfume/Mugler/A-Men-Ultra-Zest-29589.html,Perfume name is unique across the entire URL corpus
4109,2378-GOLD,,GOLD,,NOT_FOUND,,,0,,,,,
4108,2374-MICA,GN TONIC - MICALLEF,MICA,,NOT_FOUND,,,0,,,,,
4107,2340-BON,NEW YORK OUD - BOND,BON,,NOT_FOUND,,,0,,,,,
4106,2333-XER,Mefisto,XER,Xerjoff,FOUND,EXACT_BRAND_NAME,1.0000,1,Xerjoff,Mefisto,6310,https://www.fragrantica.com/perfume/Xerjoff/Mefisto-6310.html,Brand inferred from an unanimous Shobi code suffix
4105,2334-ROJ,,ROJ,Roja Dove,NOT_FOUND,,,0,,,,,
4104,2335-BOA,Rose Sapphire,BOA,,FOUND,EXACT_UNIQUE_NAME,1.0000,1,Boadicea the Victorious,Rose Sapphire,42568,https://www.fragrantica.com/perfume/Boadicea-the-Victorious/Rose-Sapphire-42568.html,Perfume name is unique across the entire URL corpus
4103,2336-THAM,CARVED OUD - THAMEEN,THAM,,NOT_FOUND,,,0,,,,,
4102,2347-AMG,Portrayal Man,AMG,Amouage,FOUND,EXACT_BRAND_NAME,1.0000,1,Amouage,Portrayal Man,54460,https://www.fragrantica.com/perfume/Amouage/Portrayal-Man-54460.html,Brand inferred from an unanimous Shobi code suffix
4101,2367-DIP,OYEDO EDT,DIP,,NOT_FOUND,,,0,,,,,
4100,2370-VIC,FLOWERBOMB TIGER LILY,VIC,,FOUND,EXACT_UNIQUE_NAME,1.0000,1,Viktor Rolf,Flowerbomb Tiger Lily,88986,https://www.fragrantica.com/perfume/Viktor-Rolf/Flowerbomb-Tiger-Lily-88986.html,Perfume name is unique across the entire URL corpus
4099,2363-VER,SANTAL BOISE,VER,Versace,FOUND,EXACT_BRAND_NAME,1.0000,1,Versace,Santal Boise,57700,https://www.fragrantica.com/perfume/Versace/Santal-Boise-57700.html,Brand inferred from an unanimous Shobi code suffix
4098,2362-VER,IRIS D'ELITE,VER,Versace,FOUND,EXACT_BRAND_NAME,1.0000,1,Versace,Iris d Elite,70885,https://www.fragrantica.com/perfume/Versace/Iris-d-Elite-70885.html,Brand inferred from an unanimous Shobi code suffix
4097,2371-MATIE,,MATIE,Matiere Premiere,NOT_FOUND,,,0,,,,,
4096,2366-DIP,TAM DAO EDT,DIP,,NOT_FOUND,,,0,,,,,
4095,2365-DIP,L'EAU PAPIER,DIP,,AMBIGUOUS,EXACT_NAME_MULTIPLE_CANDIDATES,,2,,,,,Same perfume name exists under multiple candidates
4094,2339-KIL,GOOD GIRL GONE BAD EAU FRAICHE - KILIAN,KIL,By Kilian,NOT_FOUND,,,0,,,,,
4093,2368-ESC,NECTAR DE COSTA RICA - ESCADA,ESC,,NOT_FOUND,,,0,,,,,
4092,2364-PEN,VAARA,PEN,Penhaligon's,FOUND,EXACT_BRAND_NAME,1.0000,1,Penhaligon s,Vaara,18719,https://www.fragrantica.com/perfume/Penhaligon-s/Vaara-18719.html,Brand inferred from an unanimous Shobi code suffix
4091,2369-MAN,AMORE CAFFE - MANCERA,MAN,,NOT_FOUND,,,0,,,,,
4090,1481-EON,,EON,,NOT_FOUND,,,0,,,,,
4089,2088-YZLO,Y LE PARFUM,YZLO,Yves Saint Laurent,FOUND,EXACT_BRAND_NAME,1.0000,1,Yves Saint Laurent,Y Le Parfum,64718,https://www.fragrantica.com/perfume/Yves-Saint-Laurent/Y-Le-Parfum-64718.html,Brand inferred from an unanimous Shobi code suffix
4088,2062-PAC,ONE MILLION ROYAL,PAC,Rabanne,NOT_FOUND,,,0,,,,,
4087,2356-MARG,LAZY SUNDAY MORNING,MARG,Maison Martin Margiela,FOUND,EXACT_BRAND_NAME,1.0000,1,Maison Martin Margiela,Lazy Sunday Morning,20542,https://www.fragrantica.com/perfume/Maison-Martin-Margiela/Lazy-Sunday-Morning-20542.html,Brand inferred from an unanimous Shobi code suffix
4086,2361-ARM,the notes of STRONGER WITH YOU AMBER,ARM,Giorgio Armani,NOT_FOUND,,,0,,,,,
4085,2359-XER,Accento,XER,Xerjoff,FOUND,EXACT_BRAND_NAME,1.0000,1,Xerjoff,Accento,55156,https://www.fragrantica.com/perfume/Xerjoff/Accento-55156.html,Brand inferred from an unanimous Shobi code suffix
4084,2354-CRD,White Amber,CRD,Creed,FOUND,EXACT_BRAND_NAME,1.0000,1,Creed,White Amber,45599,https://www.fragrantica.com/perfume/Creed/White-Amber-45599.html,Brand inferred from an unanimous Shobi code suffix
4083,2355-LEL,PATCHOULI 24 - LE LABO,LEL,Le Labo,NOT_FOUND,,,0,,,,,
4082,2326-TMFO,AMBER ABSOLUTE,TMFO,Tom Ford,FOUND,EXACT_BRAND_NAME,1.0000,1,Tom Ford,Amber Absolute,1821,https://www.fragrantica.com/perfume/Tom-Ford/Amber-Absolute-1821.html,Brand inferred from an unanimous Shobi code suffix
4081,2360-ARM,CODE ABSOLU FEMME,ARM,Giorgio Armani,NOT_FOUND,,,0,,,,,
4080,2324-KIL,MUSK OUD - KILIAN,KIL,By Kilian,NOT_FOUND,,,0,,,,,
4038,2357-CRD,Absolu Aven,CRD,Creed,NOT_FOUND,,,0,,,,,
4037,2358-KAY,THE WEDDING VELVET SANTAL 35 - KAYALI,KAY,Kayali Fragrances,NOT_FOUND,,,0,,,,,
4036,2344-LEL,MOUSSE DE CHENE 30 - LE LABO,LEL,Le Labo,NOT_FOUND,,,0,,,,,
4024,2315-RAM,,RAM,,NOT_FOUND,,,0,,,,,
4023,2316-ATKI,HER MAJESTY THE OUD - ATKINSONS,ATKI,,NOT_FOUND,,,0,,,,,
4022,2317-TER,ORION - TIZIANA TERENZI,TER,,NOT_FOUND,,,0,,,,,
4021,2318-NAS,,NAS,,NOT_FOUND,,,0,,,,,
4016,2352-MOS,TOY BOY - MOSCHINO,MOS,,NOT_FOUND,,,0,,,,,
4015,2319-LTN,the fragrance notes,LTN,,NOT_FOUND,,,0,,,,,
4014,2332-LTN,the fragrance notes,LTN,,NOT_FOUND,,,0,,,,,
4013,2320-LTN,the fragrance notes,LTN,,NOT_FOUND,,,0,,,,,
4012,2321-PARF,NISEAN - PARFUMS DE MARLY,PARF,Parfums de Marly,NOT_FOUND,,,0,,,,,
4011,2322-MNT,GOLDEN SAND - MONTALE,MNT,,NOT_FOUND,,,0,,,,,
4010,2323-MICA,VANILLE FLEUR - MICALLEF,MICA,,NOT_FOUND,,,0,,,,,
4009,2348-AMG,Guidance,AMG,Amouage,FOUND,EXACT_BRAND_NAME,1.0000,1,Amouage,Guidance,78656,https://www.fragrantica.com/perfume/Amouage/Guidance-78656.html,Brand inferred from an unanimous Shobi code suffix
3989,2351-LOU,BIKINI QUESTA SERA,LOU,,FOUND,EXACT_UNIQUE_NAME,1.0000,1,Christian Louboutin,Bikini Questa Sera,40982,https://www.fragrantica.com/perfume/Christian-Louboutin/Bikini-Questa-Sera-40982.html,Perfume name is unique across the entire URL corpus
3988,2350-LOU,Loubiraj is a Leather fragrance for women,LOU,,NOT_FOUND,,,0,,,,,
3987,2349-LOU,LOUBIROUGE,LOU,,FOUND,EXACT_UNIQUE_NAME,1.0000,1,Christian Louboutin,Loubirouge,63439,https://www.fragrantica.com/perfume/Christian-Louboutin/Loubirouge-63439.html,Perfume name is unique across the entire URL corpus
3985,2272-TAU,Au Coeur du Desert Tauer Perfumes,TAU,,NOT_FOUND,,,0,,,,,
3969,2337-LEL,TABAC 28 MIAMI- LE LABO,LEL,Le Labo,NOT_FOUND,,,0,,,,,
3967,2330-JUL,LADY VENGEANCE - JULIETTE HAS A GUN,JUL,Juliette Has A Gun,NOT_FOUND,,,0,,,,,
3966,2346-TMFO,VANILLA SEX,TMFO,Tom Ford,NOT_FOUND,,,0,,,,,
3965,2327-SWISA,,SWISA,Swiss Arabian,NOT_FOUND,,,0,,,,,
3964,2325-CRD,Carmina,CRD,Creed,FOUND,EXACT_BRAND_NAME,1.0000,1,Creed,Carmina,84206,https://www.fragrantica.com/perfume/Creed/Carmina-84206.html,Brand inferred from an unanimous Shobi code suffix
3963,2312-YZLO,VINYLE,YZLO,Yves Saint Laurent,FOUND,EXACT_BRAND_NAME,1.0000,1,Yves Saint Laurent,Vinyle,40933,https://www.fragrantica.com/perfume/Yves-Saint-Laurent/Vinyle-40933.html,Brand inferred from an unanimous Shobi code suffix
3962,2311-YVRO,PLAIN SOLEIL - YVES ROCHER,YVRO,,NOT_FOUND,,,0,,,,,
3961,2345-DIP,Eau Rihla EDP,DIP,,NOT_FOUND,,,0,,,,,
3960,2303-EXN,FRENCH AFFAIR - EX NIHILO,EXN,Ex Nihilo,NOT_FOUND,,,0,,,,,
3958,,Sauvage Parfum,,,FOUND,EXACT_UNIQUE_NAME,1.0000,1,Dior,Sauvage Parfum,56324,https://www.fragrantica.com/perfume/Dior/Sauvage-Parfum-56324.html,Perfume name is unique across the entire URL corpus
3957,2314-CAR,UNDER THE SEA WOMAN,CAR,,NOT_FOUND,,,0,,,,,
3956,2310-CAR,UNDER THE SEA MAN,CAR,,NOT_FOUND,,,0,,,,,
3955,2306-MASQ,,MASQ,,NOT_FOUND,,,0,,,,,
3954,2304-YZLO,6 PLACE SAINT SULPICE,YZLO,Yves Saint Laurent,FOUND,EXACT_BRAND_NAME,1.0000,1,Yves Saint Laurent,6 place Saint Sulpice,47737,https://www.fragrantica.com/perfume/Yves-Saint-Laurent/6-place-Saint-Sulpice-47737.html,Brand inferred from an unanimous Shobi code suffix
3953,2308-GUL,LE MALE LE PARFUM,GUL,Jean Paul Gaultier,FOUND,EXACT_BRAND_NAME,1.0000,1,Jean Paul Gaultier,Le Male Le Parfum,61856,https://www.fragrantica.com/perfume/Jean-Paul-Gaultier/Le-Male-Le-Parfum-61856.html,Brand inferred from an unanimous Shobi code suffix
3952,2302-CARO,YATAGAN - CARON,CARO,Caron,NOT_FOUND,,,0,,,,,
3951,2305-ATKI,HIS MAJESTY THE OUD - ATKINSONS,ATKI,,NOT_FOUND,,,0,,,,,
3950,2309-ATKI,OUD SAVE THE QUEEN - ATKINSONS,ATKI,,NOT_FOUND,,,0,,,,,
3949,2307-AQU,GOLD SUGAR - AQUOLINA,AQU,,NOT_FOUND,,,0,,,,,
3943,2301-DIP,FLEUR DE PEAU,DIP,,AMBIGUOUS,EXACT_NAME_MULTIPLE_CANDIDATES,,2,,,,,Same perfume name exists under multiple candidates
3942,2296-KAY,OUDGASM CAFÉ OUD 19 -KAYALI,KAY,Kayali Fragrances,NOT_FOUND,,,0,,,,,
3941,2300-MNT,INFINITY - MONTALE,MNT,,NOT_FOUND,,,0,,,,,
3940,2299-LEL,VANILLE 44 PARIS - LE LABO,LEL,Le Labo,NOT_FOUND,,,0,,,,,
3939,2297-BYR,Animalique,BYR,Byredo,FOUND,EXACT_BRAND_NAME,1.0000,1,Byredo,Animalique,85157,https://www.fragrantica.com/perfume/Byredo/Animalique-85157.html,Brand inferred from an unanimous Shobi code suffix
3938,2298-ELEC,,ELEC,,NOT_FOUND,,,0,,,,,
3937,2295-FLOR,ONE UMBRELLA FOR TWO - FLORAIKU,FLOR,,NOT_FOUND,,,0,,,,,
3936,2285-BOT,ILLUSIONE FOR HER - BOTTEGA VENETA,BOT,Bottega Veneta,NOT_FOUND,,,0,,,,,
3935,2277-AMG,Fate Man,AMG,Amouage,FOUND,EXACT_BRAND_NAME,1.0000,1,Amouage,Fate Man,18543,https://www.fragrantica.com/perfume/Amouage/Fate-Man-18543.html,Brand inferred from an unanimous Shobi code suffix
3934,2273-TER,ANDROMEDA - TIZIANA TERENZI,TER,,NOT_FOUND,,,0,,,,,
3933,2276-ATKI,OUD SAVE THE KING - ATKINSONS,ATKI,,NOT_FOUND,,,0,,,,,
3932,2287-VAL,DONNA BORN IN ROMA INTENSE - VALENTINO,VAL,Valentino,NOT_FOUND,,,0,,,,,
3931,2293-ACQ,SAKURA EAU DE PARFUM,ACQ,Acqua di Parma,FOUND,EXACT_BRAND_NAME,1.0000,1,Acqua di Parma,Sakura Eau de Parfum,56007,https://www.fragrantica.com/perfume/Acqua-di-Parma/Sakura-Eau-de-Parfum-56007.html,Brand inferred from an unanimous Shobi code suffix
3930,2294-ACQ,YUZU EAU DE PARFUM,ACQ,Acqua di Parma,FOUND,EXACT_BRAND_NAME,1.0000,1,Acqua di Parma,Yuzu Eau de Parfum,56004,https://www.fragrantica.com/perfume/Acqua-di-Parma/Yuzu-Eau-de-Parfum-56004.html,Brand inferred from an unanimous Shobi code suffix
3929,2271-ROJ,,ROJ,Roja Dove,NOT_FOUND,,,0,,,,,
3928,2278-BLG,AU THE BLANC - BVLGARI,BLG,,NOT_FOUND,,,0,,,,,
3926,2274-XER,Kobe,XER,Xerjoff,FOUND,EXACT_BRAND_NAME,1.0000,1,Xerjoff,Kobe,6309,https://www.fragrantica.com/perfume/Xerjoff/Kobe-6309.html,Brand inferred from an unanimous Shobi code suffix
3924,2275-ROJ,,ROJ,Roja Dove,NOT_FOUND,,,0,,,,,
3923,1925-PEN,BABYLON,PEN,Penhaligon's,FOUND,EXACT_BRAND_NAME,1.0000,1,Penhaligon s,Babylon,57835,https://www.fragrantica.com/perfume/Penhaligon-s/Babylon-57835.html,Brand inferred from an unanimous Shobi code suffix
3922,2286-YZLO,the fragrance LAVALLIERE,YZLO,Yves Saint Laurent,NOT_FOUND,,,0,,,,,
3921,1532-ROJ,,ROJ,Roja Dove,NOT_FOUND,,,0,,,,,
3920,2270-ORMO,,ORMO,,NOT_FOUND,,,0,,,,,
3919,2269-ARB,ARABIAN KNIGHT - ARABIAN OUD,ARB,,NOT_FOUND,,,0,,,,,
3918,2268-AMG,Interlude Black Iris,AMG,Amouage,FOUND,EXACT_BRAND_NAME,1.0000,1,Amouage,Interlude Black Iris,60929,https://www.fragrantica.com/perfume/Amouage/Interlude-Black-Iris-60929.html,Brand inferred from an unanimous Shobi code suffix
3917,2284-HIS,,HIS,,NOT_FOUND,,,0,,,,,
3916,2283-XER,Gran Ballo,XER,Xerjoff,FOUND,EXACT_BRAND_NAME,1.0000,1,Xerjoff,Gran Ballo,26708,https://www.fragrantica.com/perfume/Xerjoff/Gran-Ballo-26708.html,Brand inferred from an unanimous Shobi code suffix
3915,,IVIERA,,,NOT_FOUND,,,0,,,,,
3914,2281-GUR,TOBACCO HONEY - GUERLAIN,GUR,Guerlain,NOT_FOUND,,,0,,,,,
3913,2279-LEL,MYRRHE 55 - LE LABO,LEL,Le Labo,NOT_FOUND,,,0,,,,,
3912,2280-XER,JTC 400,XER,Xerjoff,FOUND,EXACT_BRAND_NAME,1.0000,1,Xerjoff,JTC 400,52181,https://www.fragrantica.com/perfume/Xerjoff/JTC-400-52181.html,Brand inferred from an unanimous Shobi code suffix
3910,2257-YZLO,LIBRE L'ABSOLU PLATINE,YZLO,Yves Saint Laurent,FOUND,EXACT_BRAND_NAME,1.0000,1,Yves Saint Laurent,Libre L Absolu Platine,83296,https://www.fragrantica.com/perfume/Yves-Saint-Laurent/Libre-L-Absolu-Platine-83296.html,Brand inferred from an unanimous Shobi code suffix
3909,2260-BON,GREENWICH VILLAGE - BOND,BON,,NOT_FOUND,,,0,,,,,
3908,2254-VER,VANITAS,VER,Versace,FOUND,EXACT_BRAND_NAME,1.0000,1,Versace,Vanitas,10574,https://www.fragrantica.com/perfume/Versace/Vanitas-10574.html,Brand inferred from an unanimous Shobi code suffix
3907,2267-KAY,MUSK 12 - KAYALI,KAY,Kayali Fragrances,NOT_FOUND,,,0,,,,,
3906,2264-KAY,OUDGASM TOBACCO 04 - KAYALI,KAY,Kayali Fragrances,NOT_FOUND,,,0,,,,,
3905,2266-KAY,INVITE ONLY AMBER 23 - KAYALI,KAY,Kayali Fragrances,NOT_FOUND,,,0,,,,,
3904,2265-KAY,OUDGASM ROSE OUD 16 - KAYALI,KAY,Kayali Fragrances,NOT_FOUND,,,0,,,,,
3902,1866-GUC,Guilty Intense,GUC,Gucci,NOT_FOUND,,,0,,,,,
3901,2262-MEM,MARFA - MEMO PARIS,MEM,,NOT_FOUND,,,0,,,,,
3900,2255-VER,VERSUS,VER,Versace,FOUND,EXACT_BRAND_NAME,1.0000,1,Versace,Versus,8009,https://www.fragrantica.com/perfume/Versace/Versus-8009.html,Brand inferred from an unanimous Shobi code suffix
3899,2258-DRC,FAHRENEIT ABSOLUTE,DRC,Dior,FOUND,SAFE_FUZZY_SAME_BRAND,0.9730,1,Dior,Fahrenheit Absolute,6555,https://www.fragrantica.com/perfume/Dior/Fahrenheit-Absolute-6555.html,High-similarity name within inferred brand; qualifier tokens preserved
3894,2263-NAS,,NAS,,NOT_FOUND,,,0,,,,,
3891,2259-GIV,GENTLEMAN RESERVE EAU DE PARFUM PRIVE,GIV,Givenchy,NOT_FOUND,,,0,,,,,
3890,2261-PARF,ALTHAIR - PARFUMS DE MARLY,PARF,Parfums de Marly,NOT_FOUND,,,0,,,,,
3857,2003-KIL,LOVE DON'T BE SHY EXTREME - KILIAN,KIL,By Kilian,NOT_FOUND,,,0,,,,,
3842,2249-BYR,Rouge Chaotique,BYR,Byredo,FOUND,EXACT_BRAND_NAME,1.0000,1,Byredo,Rouge Chaotique,83369,https://www.fragrantica.com/perfume/Byredo/Rouge-Chaotique-83369.html,Brand inferred from an unanimous Shobi code suffix
3841,2250-ARBAS,IN RED - ARMAND BASI,ARBAS,,NOT_FOUND,,,0,,,,,
3840,2251-JOVP,,JOVP,,NOT_FOUND,,,0,,,,,
3839,2248-BYR,Pulp,BYR,Byredo,FOUND,EXACT_BRAND_NAME,1.0000,1,Byredo,Pulp,3576,https://www.fragrantica.com/perfume/Byredo/Pulp-3576.html,Brand inferred from an unanimous Shobi code suffix
3838,2247-LTN,the fragrance notes,LTN,,NOT_FOUND,,,0,,,,,
3837,2246-GUC,Flora Gorgeous Magnolia,GUC,Gucci,FOUND,EXACT_BRAND_NAME,1.0000,1,Gucci,Flora Gorgeous Magnolia,83621,https://www.fragrantica.com/perfume/Gucci/Flora-Gorgeous-Magnolia-83621.html,Brand inferred from an unanimous Shobi code suffix
3836,2245-KUR,AQUA MEDIA COLOGNE FORTE,KUR,,FOUND,EXACT_UNIQUE_NAME,1.0000,1,Maison Francis Kurkdjian,Aqua Media Cologne Forte,82030,https://www.fragrantica.com/perfume/Maison-Francis-Kurkdjian/Aqua-Media-Cologne-Forte-82030.html,Perfume name is unique across the entire URL corpus
3835,2244-ARM,MYRRHE IMPERIALE,ARM,Giorgio Armani,FOUND,EXACT_BRAND_NAME,1.0000,1,Giorgio Armani,Myrrhe Imperiale,21403,https://www.fragrantica.com/perfume/Giorgio-Armani/Myrrhe-Imperiale-21403.html,Brand inferred from an unanimous Shobi code suffix
3834,2243-TMFO,MYRRHE MYSTERE,TMFO,Tom Ford,FOUND,EXACT_BRAND_NAME,1.0000,1,Tom Ford,Myrrhe Mystere,83981,https://www.fragrantica.com/perfume/Tom-Ford/Myrrhe-Mystere-83981.html,Brand inferred from an unanimous Shobi code suffix
3833,2242-THESPD,TURATH - THE SPIRIT OF DUBAI,THESPD,,NOT_FOUND,,,0,,,,,
3832,2252-KIL,SMOKING HOT - KILIAN,KIL,By Kilian,NOT_FOUND,,,0,,,,,
3831,2253-ALEX,IMPERIAL PEACOCK - ALEXANDRE J,ALEX,,NOT_FOUND,,,0,,,,,
3830,2237-VER,GINGEMBRE PETILLANT,VER,Versace,FOUND,EXACT_BRAND_NAME,1.0000,1,Versace,Gingembre Petillant,70884,https://www.fragrantica.com/perfume/Versace/Gingembre-Petillant-70884.html,Brand inferred from an unanimous Shobi code suffix
3829,2236-NISH,KREDO - NISHANE,NISH,Nishane,NOT_FOUND,,,0,,,,,
3828,2235-PRA,PARADOXE INTENSE - PRADA,PRA,Prada,NOT_FOUND,,,0,,,,,
3827,2234-MON,,MON,,NOT_FOUND,,,0,,,,,
3826,2241-GUL,DIVINE,GUL,Jean Paul Gaultier,AMBIGUOUS,EXACT_NAME_MULTIPLE_CANDIDATES,,10,,,,,Same perfume name exists under multiple candidates
3825,2240-PAC,ONE MILLION ELIXIR,PAC,Rabanne,NOT_FOUND,,,0,,,,,
3824,2229-ESCE,MOLECULE 01 + PATCHOULI - ESCENTRIC MOLECULES,ESCE,,NOT_FOUND,,,0,,,,,
3823,2228-ESCE,MOLECULE 01 + IRIS - ESCENTRIC MOLECULES,ESCE,,NOT_FOUND,,,0,,,,,
3822,2223-AMG,Reflection 45 Man,AMG,Amouage,FOUND,EXACT_BRAND_NAME,1.0000,1,Amouage,Reflection 45 Man,69488,https://www.fragrantica.com/perfume/Amouage/Reflection-45-Man-69488.html,Brand inferred from an unanimous Shobi code suffix
3821,2226-BON,THE SCENT OF PEACE FOR HIM - BOND,BON,,NOT_FOUND,,,0,,,,,
3820,2225-BON,LAFAYETTE STREET - BOND,BON,,NOT_FOUND,,,0,,,,,
3819,2218-ARM,BLEU TURQUOISE,ARM,Giorgio Armani,NOT_FOUND,,,0,,,,,
3818,2224-ARM,DIAMONDS WOMAN,ARM,Giorgio Armani,NOT_FOUND,,,0,,,,,
3817,2221-AMG,Beach Hut Man,AMG,Amouage,FOUND,EXACT_BRAND_NAME,1.0000,1,Amouage,Beach Hut Man,46336,https://www.fragrantica.com/perfume/Amouage/Beach-Hut-Man-46336.html,Brand inferred from an unanimous Shobi code suffix
3816,2227-CRD,Tabarome,CRD,Creed,FOUND,EXACT_BRAND_NAME,1.0000,1,Creed,Tabarome,470,https://www.fragrantica.com/perfume/Creed/Tabarome-470.html,Brand inferred from an unanimous Shobi code suffix
3815,2217-NRO,ALL OF ME - RODRIG,NRO,Narciso Rodriguez,NOT_FOUND,,,0,,,,,
3814,2216-DOL,DEVOTION,DOL,Dolce&Gabbana,AMBIGUOUS,EXACT_NAME_MULTIPLE_CANDIDATES,,3,,,,,Same perfume name exists under multiple candidates
3813,2213-AMG,Opus XIV – Royal Tobacco,AMG,Amouage,FOUND,EXACT_BRAND_NAME,1.0000,1,Amouage,Opus XIV Royal Tobacco,75064,https://www.fragrantica.com/perfume/Amouage/Opus-XIV-Royal-Tobacco-75064.html,Brand inferred from an unanimous Shobi code suffix
3812,2207-BLG,SPETTACOLORE,BLG,,FOUND,EXACT_UNIQUE_NAME,1.0000,1,Bvlgari,Spettacolore,71542,https://www.fragrantica.com/perfume/Bvlgari/Spettacolore-71542.html,Perfume name is unique across the entire URL corpus
3811,2231-NISH,SULTAN VETIVER - NISHANE,NISH,Nishane,NOT_FOUND,,,0,,,,,
3810,2212-AMG,Epic 56 Woman,AMG,Amouage,FOUND,EXACT_BRAND_NAME,1.0000,1,Amouage,Epic 56 Woman,69700,https://www.fragrantica.com/perfume/Amouage/Epic-56-Woman-69700.html,Brand inferred from an unanimous Shobi code suffix
3809,2222-AMG,Epic Woman,AMG,Amouage,FOUND,EXACT_BRAND_NAME,1.0000,1,Amouage,Epic Woman,6538,https://www.fragrantica.com/perfume/Amouage/Epic-Woman-6538.html,Brand inferred from an unanimous Shobi code suffix
3808,2169-ROJ,,ROJ,Roja Dove,NOT_FOUND,,,0,,,,,
3807,2233-YZLO,LA NUIT DE L'HOMME BLEU ELECTRIQUE,YZLO,Yves Saint Laurent,FOUND,EXACT_BRAND_NAME,1.0000,1,Yves Saint Laurent,La Nuit de L Homme Bleu Electrique,67997,https://www.fragrantica.com/perfume/Yves-Saint-Laurent/La-Nuit-de-L-Homme-Bleu-Electrique-67997.html,Brand inferred from an unanimous Shobi code suffix
3806,2232-PEN,CLANDESTINE CLARA,PEN,Penhaligon's,FOUND,EXACT_BRAND_NAME,1.0000,1,Penhaligon s,Clandestine Clara,43808,https://www.fragrantica.com/perfume/Penhaligon-s/Clandestine-Clara-43808.html,Brand inferred from an unanimous Shobi code suffix
3805,2230-VAR,,VAR,,NOT_FOUND,,,0,,,,,
3804,,,,,NOT_FOUND,,,0,,,,,
3803,2219-AJMA,,AJMA,Ajmal,NOT_FOUND,,,0,,,,,
3802,2214-CAR,STALLION LEATHER,CAR,,FOUND,EXACT_UNIQUE_NAME,1.0000,1,Carolina Herrera,Stallion Leather,79237,https://www.fragrantica.com/perfume/Carolina-Herrera/Stallion-Leather-79237.html,Perfume name is unique across the entire URL corpus
3799,2163-SNI,,SNI,,NOT_FOUND,,,0,,,,,
3798,2202-ROJ,,ROJ,Roja Dove,NOT_FOUND,,,0,,,,,
3797,2209-MATIE,,MATIE,Matiere Premiere,NOT_FOUND,,,0,,,,,
3796,2168-MARG,UNDER THE LEMON TREE,MARG,Maison Martin Margiela,FOUND,EXACT_BRAND_NAME,1.0000,1,Maison Martin Margiela,Under The Lemon Tree,53379,https://www.fragrantica.com/perfume/Maison-Martin-Margiela/Under-The-Lemon-Tree-53379.html,Brand inferred from an unanimous Shobi code suffix
3795,2215-CAR,GOOD GIRL FANTASTIC PINK,CAR,,FOUND,EXACT_UNIQUE_NAME,1.0000,1,Carolina Herrera,Good Girl Fantastic Pink,58923,https://www.fragrantica.com/perfume/Carolina-Herrera/Good-Girl-Fantastic-Pink-58923.html,Perfume name is unique across the entire URL corpus
3794,2211-YZLO,MYSLF,YZLO,Yves Saint Laurent,NOT_FOUND,,,0,,,,,
3793,2210-JOM,Orange Bitters Cologne (2023) - Jo Malone,JOM,Jo Malone London,NOT_FOUND,,,0,,,,,
3792,2161-GUR,AQUA ALLEGORIA MANDARINE BASILIC - Guerlain,GUR,Guerlain,NOT_FOUND,,,0,,,,,
3791,2206-GIA,,GIA,,NOT_FOUND,,,0,,,,,
3790,2201-LTN,the fragrance notes,LTN,,NOT_FOUND,,,0,,,,,
3789,2203-ARM,ROSE MILANO,ARM,Giorgio Armani,FOUND,EXACT_BRAND_NAME,1.0000,1,Giorgio Armani,Rose Milano,58911,https://www.fragrantica.com/perfume/Giorgio-Armani/Rose-Milano-58911.html,Brand inferred from an unanimous Shobi code suffix
3788,2164-LAT,"KHAMRAH - LATTAFA Inspired Perfume  Fragrance sweet, warm spicy, amber, vanilla, cinnamon, woody, fresh spicy",LAT,Lattafa Perfumes,NOT_FOUND,,,0,,,,,
3787,2204-TMFO,the notes SOLEIL DE FEU,TMFO,Tom Ford,NOT_FOUND,,,0,,,,,
3786,2167-GUL,LE MALE ELIXIR,GUL,Jean Paul Gaultier,FOUND,EXACT_BRAND_NAME,1.0000,1,Jean Paul Gaultier,Le Male Elixir,81642,https://www.fragrantica.com/perfume/Jean-Paul-Gaultier/Le-Male-Elixir-81642.html,Brand inferred from an unanimous Shobi code suffix
3785,2205-TMU,ALIEN GODDESS INTENSE,TMU,,FOUND,EXACT_UNIQUE_NAME,1.0000,1,Mugler,Alien Goddess Intense,74871,https://www.fragrantica.com/perfume/Mugler/Alien-Goddess-Intense-74871.html,Perfume name is unique across the entire URL corpus
3784,2160-ZAR,,ZAR,,NOT_FOUND,,,0,,,,,
3732,2194-ORT,,ORT,Orto Parisi,NOT_FOUND,,,0,,,,,
3731,2197-MNT,SOLEIL DE CAPRI - MONTALE,MNT,,NOT_FOUND,,,0,,,,,
3730,2198-MNT,WOOD ON FIRE - MONTALE Inspired Perfume,MNT,,NOT_FOUND,,,0,,,,,
3729,2191-XER,Bouquet Ideale,XER,Xerjoff,FOUND,EXACT_BRAND_NAME,1.0000,1,Xerjoff,Bouquet Ideale,11800,https://www.fragrantica.com/perfume/Xerjoff/Bouquet-Ideale-11800.html,Brand inferred from an unanimous Shobi code suffix
3728,2193-LTN,the fragrance notes,LTN,,NOT_FOUND,,,0,,,,,
3727,2192-LTN,the fragrance notes,LTN,,NOT_FOUND,,,0,,,,,
3726,2195-LEL,FLEUR D'ORANGER 27 - LE LABO,LEL,Le Labo,NOT_FOUND,,,0,,,,,
3725,2196-BYR,Open Sky,BYR,Byredo,FOUND,EXACT_BRAND_NAME,1.0000,1,Byredo,Open Sky,66825,https://www.fragrantica.com/perfume/Byredo/Open-Sky-66825.html,Brand inferred from an unanimous Shobi code suffix
3724,2208-TMU,Angel Elixir,TMU,,FOUND,EXACT_UNIQUE_NAME,1.0000,1,Mugler,Angel Elixir,78581,https://www.fragrantica.com/perfume/Mugler/Angel-Elixir-78581.html,Perfume name is unique across the entire URL corpus
3717,2199-LAT,KHALIS MUSK (PURE MUSK) - LATTAFA,LAT,Lattafa Perfumes,NOT_FOUND,,,0,,,,,
3687,2162-BRB,Goddess,BRB,,AMBIGUOUS,EXACT_NAME_MULTIPLE_CANDIDATES,,6,,,,,Same perfume name exists under multiple candidates
3686,2190-ROJ,,ROJ,Roja Dove,NOT_FOUND,,,0,,,,,
3685,2186-PARF,GODOLPHIN - PARFUMS DE MARLY,PARF,Parfums de Marly,NOT_FOUND,,,0,,,,,
3684,2184-KIL,INCENSE OUD - KILIAN,KIL,By Kilian,NOT_FOUND,,,0,,,,,
3683,2187-INI,REHAB - INITIO,INI,Initio Parfums Privés,NOT_FOUND,,,0,,,,,
3682,2188-INI,HIGH FREQUENCY - INITIO,INI,Initio Parfums Privés,NOT_FOUND,,,0,,,,,
3681,2185-DRC,EAU SAUVAGE EXTREME 2010,DRC,Dior,FOUND,EXACT_BRAND_NAME,1.0000,1,Dior,Eau Sauvage Extreme 2010,72771,https://www.fragrantica.com/perfume/Dior/Eau-Sauvage-Extreme-2010-72771.html,Brand inferred from an unanimous Shobi code suffix
3676,2180-VAL,"VOCE VIVA INTENSEPerfume white floral, citrus, vanilla, mossy, sweet, earthy, powdery",VAL,Valentino,NOT_FOUND,,,0,,,,,
3675,2181-AMG,Love Tuberose,AMG,Amouage,FOUND,EXACT_BRAND_NAME,1.0000,1,Amouage,Love Tuberose,50889,https://www.fragrantica.com/perfume/Amouage/Love-Tuberose-50889.html,Brand inferred from an unanimous Shobi code suffix
3674,2182-JOM,Honeysuckle & Davana - Jo Malone,JOM,Jo Malone London,NOT_FOUND,,,0,,,,,
3673,2183-MIY,Miu Miu Fleur de Lait,MIY,,NOT_FOUND,,,0,,,,,
3672,2178-MON,,MON,,NOT_FOUND,,,0,,,,,
3671,2176-TMFO,VELVET ORCHID LUMIERE,TMFO,Tom Ford,FOUND,EXACT_BRAND_NAME,1.0000,1,Tom Ford,Velvet Orchid Lumiere,40986,https://www.fragrantica.com/perfume/Tom-Ford/Velvet-Orchid-Lumiere-40986.html,Brand inferred from an unanimous Shobi code suffix
3670,2177-SERG,UN BOIS VANILLE - SERGE LUTENS,SERG,,NOT_FOUND,,,0,,,,,
3669,2179-PEN,TRALALA,PEN,Penhaligon's,FOUND,EXACT_BRAND_NAME,1.0000,1,Penhaligon s,Tralala,23081,https://www.fragrantica.com/perfume/Penhaligon-s/Tralala-23081.html,Brand inferred from an unanimous Shobi code suffix
3667,1868-VER,Pour Homme,VER,Versace,AMBIGUOUS,EXACT_NAME_MULTIPLE_CANDIDATES,,2,,,,,Same perfume name exists under multiple candidates
3661,2165-KAY,VANILLA ROYALE SUGARED PATCHOULI - KAYALI,KAY,Kayali Fragrances,NOT_FOUND,,,0,,,,,
3660,887-RCAV,ACQUA - ROBERTO CAVALLI,RCAV,,NOT_FOUND,,,0,,,,,
3645,,,,,NOT_FOUND,,,0,,,,,
3641,,,,,NOT_FOUND,,,0,,,,,
3638,2174-ZIE,VANILLA BLEND,ZIE,,NOT_FOUND,,,0,,,,,
3635,1771-EMAN,DESNUDA - UNGARO EMANUEL,EMAN,,NOT_FOUND,,,0,,,,,
3632,2175-ESCE,MOLECULE 01 + MANDARIN - ESCENTRIC MOLECULES,ESCE,,NOT_FOUND,,,0,,,,,
3630,2171-XER,,XER,Xerjoff,NOT_FOUND,,,0,,,,,
3629,2170-BOA,Ardent,BOA,,FOUND,EXACT_UNIQUE_NAME,1.0000,1,Boadicea the Victorious,Ardent,20516,https://www.fragrantica.com/perfume/Boadicea-the-Victorious/Ardent-20516.html,Perfume name is unique across the entire URL corpus
3628,2097-ACQ,Blue Mediterraneo,ACQ,Acqua di Parma,NOT_FOUND,,,0,,,,,
3627,412-BOD,WHITE MUSK L'EAU - BODY SHOP,BOD,,NOT_FOUND,,,0,,,,,
3623,2157-BLG,MA MAGNIFICΑ,BLG,,NOT_FOUND,,,0,,,,,
3622,2154-KAY,UTOPIA VANILLA COCO 21 - KAYALI,KAY,Kayali Fragrances,NOT_FOUND,,,0,,,,,
3621,2153-KAY,DEJA VU WHITE FLOWER 57 - KAYALI,KAY,Kayali Fragrances,NOT_FOUND,,,0,,,,,
3619,2159-CAR,CALL ME DARLING,CAR,,FOUND,EXACT_UNIQUE_NAME,1.0000,1,Carolina Herrera,Call Me Darling,77691,https://www.fragrantica.com/perfume/Carolina-Herrera/Call-Me-Darling-77691.html,Perfume name is unique across the entire URL corpus
3618,2155-KAY,YUM PISTACHIO GELATO - KAYALI,KAY,Kayali Fragrances,NOT_FOUND,,,0,,,,,
3617,2156-NRO,FOR HER FOREVER - RODRIGUEZ,NRO,Narciso Rodriguez,NOT_FOUND,,,0,,,,,
3616,2158-MNT,RENDEZ VOUS A PARIS - MONTALE,MNT,,NOT_FOUND,,,0,,,,,
3603,2060-BAT,WHISKEY RESERVE - BATH & BODY WORKS,BAT,,NOT_FOUND,,,0,,,,,
3602,2151-GIV,GENTLEMAN SOCIETY,GIV,Givenchy,FOUND,EXACT_BRAND_NAME,1.0000,1,Givenchy,Gentleman Society,78639,https://www.fragrantica.com/perfume/Givenchy/Gentleman-Society-78639.html,Brand inferred from an unanimous Shobi code suffix
3601,2063-MNT,HERBAL AQUATICA - MONTALE,MNT,,NOT_FOUND,,,0,,,,,
3600,2059-NARC,,NARC,,NOT_FOUND,,,0,,,,,
3599,2061-YZLO,BLACK OPIUM LE PARFUM,YZLO,Yves Saint Laurent,FOUND,EXACT_BRAND_NAME,1.0000,1,Yves Saint Laurent,Black Opium Le Parfum,78427,https://www.fragrantica.com/perfume/Yves-Saint-Laurent/Black-Opium-Le-Parfum-78427.html,Brand inferred from an unanimous Shobi code suffix
3597,2152-XER,Apollonia,XER,Xerjoff,FOUND,EXACT_BRAND_NAME,1.0000,1,Xerjoff,Apollonia,55970,https://www.fragrantica.com/perfume/Xerjoff/Apollonia-55970.html,Brand inferred from an unanimous Shobi code suffix
3596,2148-BAT,PURE WONDER - BATH & BODY WORKS,BAT,,NOT_FOUND,,,0,,,,,
3595,2149-ESC,SANTORINI SUNRISE - ESCADA,ESC,,NOT_FOUND,,,0,,,,,
3593,2150-LEL,THE MATCHA 26 - LE LABO,LEL,Le Labo,NOT_FOUND,,,0,,,,,
3592,2147-TMFO,ELECTRIC CHERRY,TMFO,Tom Ford,FOUND,EXACT_BRAND_NAME,1.0000,1,Tom Ford,Electric Cherry,78583,https://www.fragrantica.com/perfume/Tom-Ford/Electric-Cherry-78583.html,Brand inferred from an unanimous Shobi code suffix
3590,2057-ESCE,MOLECULE 01 + BLACK TEA - ESCENTRIC,ESCE,,NOT_FOUND,,,0,,,,,
3589,2143-XER,Amber Star,XER,Xerjoff,FOUND,EXACT_BRAND_NAME,1.0000,1,Xerjoff,Amber Star,21618,https://www.fragrantica.com/perfume/Xerjoff/Amber-Star-21618.html,Brand inferred from an unanimous Shobi code suffix
3588,2141-LTN,the fragrance notes,LTN,,NOT_FOUND,,,0,,,,,
3587,2144-ARM,STRONGER WITH YOU LIMITED EDITION,ARM,Giorgio Armani,FOUND,EXACT_BRAND_NAME,1.0000,1,Giorgio Armani,Stronger With You Limited Edition,79166,https://www.fragrantica.com/perfume/Giorgio-Armani/Stronger-With-You-Limited-Edition-79166.html,Brand inferred from an unanimous Shobi code suffix
3574,2142-PARF,PEGASUS EXCLUSIVE - PARFUMS DE MARLY,PARF,Parfums de Marly,NOT_FOUND,,,0,,,,,
3573,2140-XER,Starlight,XER,Xerjoff,FOUND,EXACT_BRAND_NAME,1.0000,1,Xerjoff,Starlight,58246,https://www.fragrantica.com/perfume/Xerjoff/Starlight-58246.html,Brand inferred from an unanimous Shobi code suffix
3572,2139-XER,Cruz del Sur I,XER,Xerjoff,FOUND,EXACT_BRAND_NAME,1.0000,1,Xerjoff,Cruz del Sur I,46097,https://www.fragrantica.com/perfume/Xerjoff/Cruz-del-Sur-I-46097.html,Brand inferred from an unanimous Shobi code suffix
3571,2138-TMFO,LONDON,TMFO,Tom Ford,FOUND,EXACT_BRAND_NAME,1.0000,1,Tom Ford,London,18883,https://www.fragrantica.com/perfume/Tom-Ford/London-18883.html,Brand inferred from an unanimous Shobi code suffix
3570,2137-ROJ,,ROJ,Roja Dove,NOT_FOUND,,,0,,,,,
3569,2135-KUR,AQUA CELESTIA,KUR,,FOUND,EXACT_UNIQUE_NAME,1.0000,1,Maison Francis Kurkdjian,Aqua Celestia,42268,https://www.fragrantica.com/perfume/Maison-Francis-Kurkdjian/Aqua-Celestia-42268.html,Perfume name is unique across the entire URL corpus
3568,2134-MEM,OCEAN LEATHER - MEMO PARIS,MEM,,NOT_FOUND,,,0,,,,,
3567,,,,,NOT_FOUND,,,0,,,,,
3566,2132-DRC,OUD ROSEWOOD,DRC,Dior,FOUND,EXACT_BRAND_NAME,1.0000,1,Dior,Oud Rosewood,60318,https://www.fragrantica.com/perfume/Dior/Oud-Rosewood-60318.html,Brand inferred from an unanimous Shobi code suffix
3565,2131-CRD,Neroli Sauvage,CRD,Creed,FOUND,EXACT_BRAND_NAME,1.0000,1,Creed,Neroli Sauvage,475,https://www.fragrantica.com/perfume/Creed/Neroli-Sauvage-475.html,Brand inferred from an unanimous Shobi code suffix
3564,2130-AMG,REFLECTION MAN - AMOUAGE,AMG,Amouage,NOT_FOUND,,,0,,,,,
3563,2136-PARF,,PARF,Parfums de Marly,NOT_FOUND,,,0,,,,,
3538,2128-BEN,,BEN,,NOT_FOUND,,,0,,,,,
3537,2127-HUG,BOSS BOTTLED PACIFIC,HUG,,FOUND,EXACT_UNIQUE_NAME,1.0000,1,Hugo Boss,Boss Bottled Pacific,79762,https://www.fragrantica.com/perfume/Hugo-Boss/Boss-Bottled-Pacific-79762.html,Perfume name is unique across the entire URL corpus
3536,2125-TRU,THE ITALIAN ARTISTS OF VIA SOLFERINO,TRU,,FOUND,EXACT_UNIQUE_NAME,1.0000,1,Trussardi,The Italian Artists of Via Solferino,73547,https://www.fragrantica.com/perfume/Trussardi/The-Italian-Artists-of-Via-Solferino-73547.html,Perfume name is unique across the entire URL corpus
3535,2126-GIV,MMW,GIV,Givenchy,FOUND,EXACT_BRAND_NAME,1.0000,1,Givenchy,MMW,74819,https://www.fragrantica.com/perfume/Givenchy/MMW-74819.html,Brand inferred from an unanimous Shobi code suffix
3534,2056-ARIA,MOD BLUSH - ARIANA GRANDE,ARIA,,NOT_FOUND,,,0,,,,,
3533,2055-BAT,DREAM BRIGHT - BATH & BODY WORKS,BAT,,NOT_FOUND,,,0,,,,,
3532,2054-CAR,BAD BOY GOLD FANTASY,CAR,,FOUND,EXACT_UNIQUE_NAME,1.0000,1,Carolina Herrera,Bad Boy Gold Fantasy,76365,https://www.fragrantica.com/perfume/Carolina-Herrera/Bad-Boy-Gold-Fantasy-76365.html,Perfume name is unique across the entire URL corpus
3531,2048-KIL,MADLY IN LOVE - KILIAN,KIL,By Kilian,NOT_FOUND,,,0,,,,,
3530,2046-VICT,VERY SEXY OASIS - VICTORIA'S SECRET,VICT,,NOT_FOUND,,,0,,,,,
3529,2045-HER,EAU D'ORANGE VERTE - HERMES,HER,Hermès,NOT_FOUND,,,0,,,,,
3528,2053-BDIK,GRIS CHARNEL EXTRAIT - BDK,BDIK,,NOT_FOUND,,,0,,,,,
3527,2040-AMG,Dia Woman,AMG,Amouage,FOUND,EXACT_BRAND_NAME,1.0000,1,Amouage,Dia Woman,1109,https://www.fragrantica.com/perfume/Amouage/Dia-Woman-1109.html,Brand inferred from an unanimous Shobi code suffix
3526,2038-TMFO,CHERRY SMOKE,TMFO,Tom Ford,FOUND,EXACT_BRAND_NAME,1.0000,1,Tom Ford,Cherry Smoke,78578,https://www.fragrantica.com/perfume/Tom-Ford/Cherry-Smoke-78578.html,Brand inferred from an unanimous Shobi code suffix
3525,2037-VICT,COCONUT MILK & ROSE - V,VICT,,NOT_FOUND,,,0,,,,,
3524,2119-ARM,MY WAY PARFUM,ARM,Giorgio Armani,FOUND,EXACT_BRAND_NAME,1.0000,1,Giorgio Armani,My Way Parfum,78561,https://www.fragrantica.com/perfume/Giorgio-Armani/My-Way-Parfum-78561.html,Brand inferred from an unanimous Shobi code suffix
3523,2116-ARM,MY WAY FLORAL,ARM,Giorgio Armani,FOUND,EXACT_BRAND_NAME,1.0000,1,Giorgio Armani,My Way Floral,73284,https://www.fragrantica.com/perfume/Giorgio-Armani/My-Way-Floral-73284.html,Brand inferred from an unanimous Shobi code suffix
3522,2117-YZLO,LIBRE LE PARFUM,YZLO,Yves Saint Laurent,FOUND,EXACT_BRAND_NAME,1.0000,1,Yves Saint Laurent,Libre Le Parfum,75676,https://www.fragrantica.com/perfume/Yves-Saint-Laurent/Libre-Le-Parfum-75676.html,Brand inferred from an unanimous Shobi code suffix
3521,2115-EST,OASIS DAWN - ESTEE LAUDER,EST,,NOT_FOUND,,,0,,,,,
3520,2118-GUC,Bloom Intense,GUC,Gucci,NOT_FOUND,,,0,,,,,
3519,2124-CAR,ALEGRIA DE VIVIR,CAR,,FOUND,EXACT_UNIQUE_NAME,1.0000,1,Carolina Herrera,Alegria de Vivir,77692,https://www.fragrantica.com/perfume/Carolina-Herrera/Alegria-de-Vivir-77692.html,Perfume name is unique across the entire URL corpus
3518,2121-CAR,MAD WORLD,CAR,,FOUND,EXACT_UNIQUE_NAME,1.0000,1,Carolina Herrera,Mad World,77688,https://www.fragrantica.com/perfume/Carolina-Herrera/Mad-World-77688.html,Perfume name is unique across the entire URL corpus
3517,2120-CAR,LUCKY CHARM,CAR,,AMBIGUOUS,EXACT_NAME_MULTIPLE_CANDIDATES,,4,,,,,Same perfume name exists under multiple candidates
3516,2122-GUR,ROSA ROSSA HARVEST - GUERLAIN,GUR,Guerlain,NOT_FOUND,,,0,,,,,
3515,2114-HER,UN JARDIN A CYTHERE - HERMES,HER,Hermès,NOT_FOUND,,,0,,,,,
3514,2123-KIL,BLUE MOON GINGER DASH - KILIAN,KIL,By Kilian,NOT_FOUND,,,0,,,,,
3513,2052-CAR,GOOD GIRL BLUSH,CAR,,FOUND,EXACT_UNIQUE_NAME,1.0000,1,Carolina Herrera,Good Girl Blush,78576,https://www.fragrantica.com/perfume/Carolina-Herrera/Good-Girl-Blush-78576.html,Perfume name is unique across the entire URL corpus
3512,2129-SOL,BRAZILIAN CRUSH CHEIROSA 62 - SOL DE JANEIRO,SOL,Sol de Janeiro,NOT_FOUND,,,0,,,,,
3510,2112-GUC,Rush Man,GUC,Gucci,NOT_FOUND,,,0,,,,,
3509,2090-MNT,CRAZY IN LOVE - MONTALE,MNT,,NOT_FOUND,,,0,,,,,
3508,2092-MAN,HINDU KUSH - MANCERA,MAN,,NOT_FOUND,,,0,,,,,
3507,2091-AMG,Material,AMG,Amouage,FOUND,EXACT_BRAND_NAME,1.0000,1,Amouage,Material,66527,https://www.fragrantica.com/perfume/Amouage/Material-66527.html,Brand inferred from an unanimous Shobi code suffix
3506,2032-CAR,TRUE OUD,CAR,,FOUND,EXACT_UNIQUE_NAME,1.0000,1,Carolina Herrera,True Oud,72619,https://www.fragrantica.com/perfume/Carolina-Herrera/True-Oud-72619.html,Perfume name is unique across the entire URL corpus
3505,2036-GIS,,GIS,,NOT_FOUND,,,0,,,,,
3504,2033-ARM,MAGENTA TANZANITE,ARM,Giorgio Armani,FOUND,EXACT_BRAND_NAME,1.0000,1,Giorgio Armani,Magenta Tanzanite,71536,https://www.fragrantica.com/perfume/Giorgio-Armani/Magenta-Tanzanite-71536.html,Brand inferred from an unanimous Shobi code suffix
3503,2034-MAN,MELODY OF THE SUN - MANCERA,MAN,,NOT_FOUND,,,0,,,,,
3502,2035-HER,EAU DE BASILIC POURPRE - HERMES,HER,Hermès,NOT_FOUND,,,0,,,,,
3501,2113-XER,Uden,XER,Xerjoff,FOUND,EXACT_BRAND_NAME,1.0000,1,Xerjoff,Uden,6306,https://www.fragrantica.com/perfume/Xerjoff/Uden-6306.html,Brand inferred from an unanimous Shobi code suffix
3500,2111-BLG,Aqva Pour Homme Atlantiqve,BLG,,FOUND,EXACT_UNIQUE_NAME,1.0000,1,Bvlgari,Aqva Pour Homme Atlantiqve,42856,https://www.fragrantica.com/perfume/Bvlgari/Aqva-Pour-Homme-Atlantiqve-42856.html,Perfume name is unique across the entire URL corpus
3499,2110-AMG,Interlude 53 Man,AMG,Amouage,FOUND,EXACT_BRAND_NAME,1.0000,1,Amouage,Interlude 53 Man,64153,https://www.fragrantica.com/perfume/Amouage/Interlude-53-Man-64153.html,Brand inferred from an unanimous Shobi code suffix
3498,2101-KUR,MASCULIN PLURIEL,KUR,,FOUND,EXACT_UNIQUE_NAME,1.0000,1,Maison Francis Kurkdjian,Masculin Pluriel,26252,https://www.fragrantica.com/perfume/Maison-Francis-Kurkdjian/Masculin-Pluriel-26252.html,Perfume name is unique across the entire URL corpus
3497,2093-MNTB,LADY EMBLEM - MONTBLANC,MNTB,,NOT_FOUND,,,0,,,,,
3496,2108-BDIK,CREME DE CUIR - BDK,BDIK,,NOT_FOUND,,,0,,,,,
3495,2103-EXN,VETIVER MOLOKO - EX NIHILO,EXN,Ex Nihilo,NOT_FOUND,,,0,,,,,
3494,2094-SHIS,,SHIS,,NOT_FOUND,,,0,,,,,
3493,2098-MIC,TWILIGHT SHIMMER - MICHAEL KORS,MIC,,NOT_FOUND,,,0,,,,,
3492,2100-MARG,SAILING DAY,MARG,Maison Martin Margiela,FOUND,EXACT_BRAND_NAME,1.0000,1,Maison Martin Margiela,Sailing Day,47891,https://www.fragrantica.com/perfume/Maison-Martin-Margiela/Sailing-Day-47891.html,Brand inferred from an unanimous Shobi code suffix
3491,2099-MARG,AUTUMN VIBES,MARG,Maison Martin Margiela,FOUND,EXACT_BRAND_NAME,1.0000,1,Maison Martin Margiela,Autumn Vibes,67789,https://www.fragrantica.com/perfume/Maison-Martin-Margiela/Autumn-Vibes-67789.html,Brand inferred from an unanimous Shobi code suffix
3490,2109-LTN,the fragrance notes,LTN,,NOT_FOUND,,,0,,,,,
3489,2096-KEN,PARFUM D'ETE - KENZO,KEN,,NOT_FOUND,,,0,,,,,
3488,2095-VICT,STRAWBERRIES & CHAMPAGNE - VICTORIA'S SECRET,VICT,,NOT_FOUND,,,0,,,,,
3487,2102-MOS,FRESH COUTURE - MOSCHINO,MOS,,NOT_FOUND,,,0,,,,,
3486,2104-CHA,1957,CHA,Chanel,NOT_FOUND,,,0,,,,,
3485,,,,,NOT_FOUND,,,0,,,,,
3484,2107-GUR,TONKA IMPERIALE - GUERLAIN,GUR,Guerlain,NOT_FOUND,,,0,,,,,
3483,2105-MNT,OUD PASHMINA - MONTALE,MNT,,NOT_FOUND,,,0,,,,,
3482,1983-ATTAR,THE QUEEN OF SHEBA - ATTAR,ATTAR,,NOT_FOUND,,,0,,,,,
3481,2086-VICT,BARE - VICTORIA'S SECRET,VICT,,NOT_FOUND,,,0,,,,,
3480,2041-TMFO,NOIR EXTREME PARFUM,TMFO,Tom Ford,FOUND,EXACT_BRAND_NAME,1.0000,1,Tom Ford,Noir Extreme Parfum,75489,https://www.fragrantica.com/perfume/Tom-Ford/Noir-Extreme-Parfum-75489.html,Brand inferred from an unanimous Shobi code suffix
3479,2071-LAN,LA VIE EST BELLE IRIS ABSOLU,LAN,Lancôme,FOUND,EXACT_BRAND_NAME,1.0000,1,Lancome,La Vie Est Belle Iris Absolu,79245,https://www.fragrantica.com/perfume/Lancome/La-Vie-Est-Belle-Iris-Absolu-79245.html,Brand inferred from an unanimous Shobi code suffix
3478,2051-PRFRO,ACQUA DI SALE - PROFUMUM ROMA,PRFRO,Profumum Roma,NOT_FOUND,,,0,,,,,
3477,2050-NISH,TEMPFLUO - NISHANE,NISH,Nishane,NOT_FOUND,,,0,,,,,
3476,2049-NISH,PAPILEFIKO - NISHANE,NISH,Nishane,NOT_FOUND,,,0,,,,,
3475,2047-KIL,L'HEURE VERTE - KILIAN,KIL,By Kilian,NOT_FOUND,,,0,,,,,
3474,2043-VER,DYLAN PURPLE,VER,Versace,NOT_FOUND,,,0,,,,,
3473,2039-KAY,LOVEFEST BURNING CHERRY - KAYALI,KAY,Kayali Fragrances,NOT_FOUND,,,0,,,,,
3472,2075-TMFO,COSTA AZZURA ACQUA,TMFO,Tom Ford,FOUND,SAFE_FUZZY_SAME_BRAND,0.9730,1,Tom Ford,Costa Azzurra Acqua,52789,https://www.fragrantica.com/perfume/Tom-Ford/Costa-Azzurra-Acqua-52789.html,High-similarity name within inferred brand; qualifier tokens preserved
3471,2067-ROJ,,ROJ,Roja Dove,NOT_FOUND,,,0,,,,,
3470,2074-MAN,INSTANT CRUSH - MANCERA,MAN,,NOT_FOUND,,,0,,,,,
3469,2073-LTN,the fragrance notes,LTN,,NOT_FOUND,,,0,,,,,
3468,2066-LEL,LIMETTE 37 - LE LABO,LEL,Le Labo,NOT_FOUND,,,0,,,,,
3467,2072-KIL,APPLE BRANDY ON THE ROCKS - KILIAN,KIL,By Kilian,NOT_FOUND,,,0,,,,,
3462,2065-FRA,,FRA,Franck Boclet,NOT_FOUND,,,0,,,,,
3461,1931-TMFO,LAVENDER EXTREME,TMFO,Tom Ford,FOUND,EXACT_BRAND_NAME,1.0000,1,Tom Ford,Lavender Extreme,54381,https://www.fragrantica.com/perfume/Tom-Ford/Lavender-Extreme-54381.html,Brand inferred from an unanimous Shobi code suffix
3460,2044-LORV,,LORV,,NOT_FOUND,,,0,,,,,
3455,2085-CLIV,X NEROLI LIMITED EDITION - CLIVE CHRISTIAN,CLIV,Clive Christian,NOT_FOUND,,,0,,,,,
3454,2069-NISH,KARAGOZ - NISHANE,NISH,Nishane,NOT_FOUND,,,0,,,,,
3453,2028-ZARK,YOUTH - ZARKOPERFUME,ZARK,,NOT_FOUND,,,0,,,,,
3451,2022-ANN,,ANN,,NOT_FOUND,,,0,,,,,
3450,2027-VICT,TEASE SUGAR FLEUR - VICTORIA'S SECRET,VICT,,NOT_FOUND,,,0,,,,,
3449,2026-HER,EAU DE CITRON NOIR - HERMES,HER,Hermès,NOT_FOUND,,,0,,,,,
3448,2029-GUC,Tears from the Moon,GUC,Gucci,FOUND,EXACT_BRAND_NAME,1.0000,1,Gucci,Tears From The Moon,73560,https://www.fragrantica.com/perfume/Gucci/Tears-From-The-Moon-73560.html,Brand inferred from an unanimous Shobi code suffix
3446,2019-GUC,Flora Gorgeous Jasmine,GUC,Gucci,FOUND,EXACT_BRAND_NAME,1.0000,1,Gucci,Flora Gorgeous Jasmine,75190,https://www.fragrantica.com/perfume/Gucci/Flora-Gorgeous-Jasmine-75190.html,Brand inferred from an unanimous Shobi code suffix
3445,2023-PEN,LEGACY OF PETRA,PEN,Penhaligon's,FOUND,EXACT_BRAND_NAME,1.0000,1,Penhaligon s,Legacy of Petra,75584,https://www.fragrantica.com/perfume/Penhaligon-s/Legacy-of-Petra-75584.html,Brand inferred from an unanimous Shobi code suffix
3444,2025-TER,DRACO - TIZIANA TERENZI,TER,,NOT_FOUND,,,0,,,,,
3443,2024-DRC,FEVE DELICIEUSE,DRC,Dior,FOUND,EXACT_BRAND_NAME,1.0000,1,Dior,Feve Delicieuse,30164,https://www.fragrantica.com/perfume/Dior/Feve-Delicieuse-30164.html,Brand inferred from an unanimous Shobi code suffix
3441,2020-VICT,VELVET PETALS SUNKISSED - VICTORIA'S SECRET,VICT,,NOT_FOUND,,,0,,,,,
3440,2021-ROJ,,ROJ,Roja Dove,NOT_FOUND,,,0,,,,,
3376,1984-ATTAR,MUSK KASHMIR - ATTAR,ATTAR,,NOT_FOUND,,,0,,,,,
3375,2014-AZZ,MOST WANTED,AZZ,Azzaro,NOT_FOUND,,,0,,,,,
3374,2016-PARELM,,PARELM,,NOT_FOUND,,,0,,,,,
3373,1920-XER,40 KNOTS,XER,Xerjoff,FOUND,EXACT_BRAND_NAME,1.0000,1,Xerjoff,40 Knots,16445,https://www.fragrantica.com/perfume/Xerjoff/40-Knots-16445.html,Brand inferred from an unanimous Shobi code suffix
3372,1926-KOS,,KOS,,NOT_FOUND,,,0,,,,,
3371,1990-MNT,MUKHALAT - MONTALE,MNT,,NOT_FOUND,,,0,,,,,
3370,1989-VERT,NARCOS'IS,VERT,,NOT_FOUND,,,0,,,,,
3369,1988-THEVE,,THEVE,,NOT_FOUND,,,0,,,,,
3368,1987-SON,,SON,,NOT_FOUND,,,0,,,,,
3367,1986-SOO,,SOO,,NOT_FOUND,,,0,,,,,
3366,1985-WID,GOLD II SAHARA - WIDIAN,WID,,NOT_FOUND,,,0,,,,,
3364,1958-DRC,,DRC,Dior,NOT_FOUND,,,0,,,,,
3363,1982-ALEX,ZAFEER OUD VANILLE - ALEXANDRE J,ALEX,,NOT_FOUND,,,0,,,,,
3362,1981-KHAL,,KHAL,,NOT_FOUND,,,0,,,,,
3361,1980-HIND,EMARATI MUSK PARFUM - HIND AL OUD,HIND,,NOT_FOUND,,,0,,,,,
3360,1979-RAS,,RAS,,NOT_FOUND,,,0,,,,,
3359,1978-ARM,STRONGER WITH YOU INTENSENLY,ARM,Giorgio Armani,NOT_FOUND,,,0,,,,,
3358,1977-SHIS,,SHIS,,NOT_FOUND,,,0,,,,,
3357,1975-ZARK,PINK MOLECULE 090,ZARK,,NOT_FOUND,,,0,,,,,
3356,1974-MARG,BUBBLE BATH,MARG,Maison Martin Margiela,FOUND,EXACT_BRAND_NAME,1.0000,1,Maison Martin Margiela,Bubble Bath,60105,https://www.fragrantica.com/perfume/Maison-Martin-Margiela/Bubble-Bath-60105.html,Brand inferred from an unanimous Shobi code suffix
3355,1973-ETLR,ARCHIVES 69 - ETAT LIBRE D'ORANGE,ETLR,,NOT_FOUND,,,0,,,,,
3354,2015-MAN,TONKA COLA - MANCERA,MAN,,NOT_FOUND,,,0,,,,,
3353,1972-KAY,EDEN JUICY APPLE 01 EDP - KAYALI,KAY,Kayali Fragrances,NOT_FOUND,,,0,,,,,
3341,924-TMU,Innocent,TMU,,AMBIGUOUS,EXACT_NAME_MULTIPLE_CANDIDATES,,4,,,,,Same perfume name exists under multiple candidates
3337,251-JOM,,JOM,Jo Malone London,NOT_FOUND,,,0,,,,,
3336,1958-DRC,BOIS D'ARGENT,DRC,Dior,AMBIGUOUS,EXACT_BRAND_NAME_MULTIPLE_IDS,,2,,,,,Exact brand+name exists with multiple Fragrantica IDs
3315,401-ARIA,,ARIA,,NOT_FOUND,,,0,,,,,
3312,1156-HER,,HER,Hermès,NOT_FOUND,,,0,,,,,
3301,1930-VIC,,VIC,,NOT_FOUND,,,0,,,,,
3295,111-BAC,,BAC,,NOT_FOUND,,,0,,,,,
3281,1065-CHA,,CHA,Chanel,NOT_FOUND,,,0,,,,,
3242,2013-CAC,YES I AM DELICIOUS,CAC,,FOUND,EXACT_UNIQUE_NAME,1.0000,1,Cacharel,Yes I Am Delicious,71610,https://www.fragrantica.com/perfume/Cacharel/Yes-I-Am-Delicious-71610.html,Perfume name is unique across the entire URL corpus
3241,2012-DOL,Q QUEEN,DOL,Dolce&Gabbana,NOT_FOUND,,,0,,,,,
3233,2011-LTN,the fragrance notes,LTN,,NOT_FOUND,,,0,,,,,
3218,2010-LART,MONT DE NARCISSE,LART,,FOUND,EXACT_UNIQUE_NAME,1.0000,1,L Artisan Parfumeur,Mont de Narcisse,51203,https://www.fragrantica.com/perfume/L-Artisan-Parfumeur/Mont-de-Narcisse-51203.html,Perfume name is unique across the entire URL corpus
3217,2008-EXN,FLEUR NARCOTIQUE EXTRAIT DE PARFUM - EX NIHILO,EXN,Ex Nihilo,NOT_FOUND,,,0,,,,,
3215,2017-DIE,D - DIESEL,DIE,,NOT_FOUND,,,0,,,,,
3214,2018-ARM,the notes CODE PARFUM,ARM,Giorgio Armani,NOT_FOUND,,,0,,,,,
3207,2009-MNT,HONEY AOUD - MONTALE,MNT,,NOT_FOUND,,,0,,,,,
3199,2007-SWISA,,SWISA,Swiss Arabian,NOT_FOUND,,,0,,,,,
3192,2006-NISH,HACIVAT - NISHANE,NISH,Nishane,NOT_FOUND,,,0,,,,,
3175,1167-HUG,HUGO - HUGO BOSS,HUG,,NOT_FOUND,,,0,,,,,
3138,2002-DRC,J'ADORE PARFUM D'EAU,DRC,Dior,FOUND,EXACT_BRAND_NAME,1.0000,1,Dior,J adore Parfum d Eau,75642,https://www.fragrantica.com/perfume/Dior/J-adore-Parfum-d-Eau-75642.html,Brand inferred from an unanimous Shobi code suffix
3121,2004-BYR,Eyes Closed,BYR,Byredo,FOUND,EXACT_BRAND_NAME,1.0000,1,Byredo,Eyes Closed,76339,https://www.fragrantica.com/perfume/Byredo/Eyes-Closed-76339.html,Brand inferred from an unanimous Shobi code suffix
3120,2005-EXN,SANTAL CALLING - EX NIHILO,EXN,Ex Nihilo,NOT_FOUND,,,0,,,,,
3119,1997-LTN,the fragrance notes,LTN,,NOT_FOUND,,,0,,,,,
3118,1996-LTN,the fragrance notes,LTN,,NOT_FOUND,,,0,,,,,
3117,1998-LTN,Citrus fragrance for women and men,LTN,,NOT_FOUND,,,0,,,,,
3116,1929-BLG,Le Gemme Tygar Eau de Parfum,BLG,,NOT_FOUND,,,0,,,,,
3115,2000-BLG,Kobraa,BLG,,FOUND,EXACT_UNIQUE_NAME,1.0000,1,Bvlgari,Kobraa,59754,https://www.fragrantica.com/perfume/Bvlgari/Kobraa-59754.html,Perfume name is unique across the entire URL corpus
3114,1999-MAN,AOUD LEMON MINT - MANCERA,MAN,,NOT_FOUND,,,0,,,,,
3113,2001-TMFO,NEROLI PORTOFINO FORTE,TMFO,Tom Ford,FOUND,EXACT_BRAND_NAME,1.0000,1,Tom Ford,Neroli Portofino Forte,35575,https://www.fragrantica.com/perfume/Tom-Ford/Neroli-Portofino-Forte-35575.html,Brand inferred from an unanimous Shobi code suffix
3112,1995-YZLO,CABAN,YZLO,Yves Saint Laurent,FOUND,EXACT_BRAND_NAME,1.0000,1,Yves Saint Laurent,Caban,32267,https://www.fragrantica.com/perfume/Yves-Saint-Laurent/Caban-32267.html,Brand inferred from an unanimous Shobi code suffix
3111,1994-ROJ,,ROJ,Roja Dove,NOT_FOUND,,,0,,,,,
3110,1992-ACQ,ZAFFERANO,ACQ,Acqua di Parma,FOUND,EXACT_BRAND_NAME,1.0000,1,Acqua di Parma,Zafferano,73365,https://www.fragrantica.com/perfume/Acqua-di-Parma/Zafferano-73365.html,Brand inferred from an unanimous Shobi code suffix
3108,1993-DRIE,JARDIN DE L'ORANGERIE,DRIE,,FOUND,EXACT_UNIQUE_NAME,1.0000,1,Dries Van Noten,Jardin de L Orangerie,72594,https://www.fragrantica.com/perfume/Dries-Van-Noten/Jardin-de-L-Orangerie-72594.html,Perfume name is unique across the entire URL corpus
3107,1941-ARIA,CLOUD INTENSE - ARIANA GRANDE,ARIA,,NOT_FOUND,,,0,,,,,
3106,1991-CHL,NOMADE NATURELLE EDP - CHLOE,CHL,Chloé,NOT_FOUND,,,0,,,,,
2987,1967-XER,CORO,XER,Xerjoff,FOUND,EXACT_BRAND_NAME,1.0000,1,Xerjoff,Coro,110891,https://www.fragrantica.com/perfume/Xerjoff/Coro-110891.html,Brand inferred from an unanimous Shobi code suffix
2986,1966-XER,ALEXANDRIA ORIENTALE,XER,Xerjoff,FOUND,EXACT_BRAND_NAME,1.0000,1,Xerjoff,Alexandria Orientale,51439,https://www.fragrantica.com/perfume/Xerjoff/Alexandria-Orientale-51439.html,Brand inferred from an unanimous Shobi code suffix
2985,1965-BYRP,THE CHRONIC - BYRON PARFUMS,BYRP,Byron Parfums,NOT_FOUND,,,0,,,,,
2984,1921-VIV,BOUDOIR - VIVIENNE WESTWOOD,VIV,,NOT_FOUND,,,0,,,,,
2983,1964-ARB,MADAWI - ARABIAN OUD,ARB,,NOT_FOUND,,,0,,,,,
2982,1930-VIC,SPICEBOMB EXTREME,VIC,,FOUND,EXACT_UNIQUE_NAME,1.0000,1,Viktor Rolf,Spicebomb Extreme,30499,https://www.fragrantica.com/perfume/Viktor-Rolf/Spicebomb-Extreme-30499.html,Perfume name is unique across the entire URL corpus
2978,1970-CHA,PARIS PARIS,CHA,Chanel,FOUND,EXACT_BRAND_NAME,1.0000,1,Chanel,Paris Paris,73411,https://www.fragrantica.com/perfume/Chanel/Paris-Paris-73411.html,Brand inferred from an unanimous Shobi code suffix
2977,1971-PAC,INVICTUS PLATINUM,PAC,Rabanne,FOUND,EXACT_BRAND_NAME,1.0000,1,Rabanne,Invictus Platinum,72557,https://www.fragrantica.com/perfume/Rabanne/Invictus-Platinum-72557.html,Brand inferred from an unanimous Shobi code suffix
2976,1969-DOL,LIGHT BLUE ITALIAN LOVE POUR HOMME,DOL,Dolce&Gabbana,NOT_FOUND,,,0,,,,,
2975,1968-DOL,LIGHT BLUE ITALIAN LOVE W,DOL,Dolce&Gabbana,NOT_FOUND,,,0,,,,,
2974,1937-BIL,Eilish Billie Eilish,BIL,,NOT_FOUND,,,0,,,,,
2973,1954-CARN,PALO SANTO - CARNER BARCELONA,CARN,,NOT_FOUND,,,0,,,,,
2972,1953-PEN,CHANGING CONSTANCE,PEN,Penhaligon's,FOUND,EXACT_BRAND_NAME,1.0000,1,Penhaligon s,Changing Constance,50256,https://www.fragrantica.com/perfume/Penhaligon-s/Changing-Constance-50256.html,Brand inferred from an unanimous Shobi code suffix
2971,1956-JOM,Scarlet Poppy Intense Jo Malone,JOM,Jo Malone London,NOT_FOUND,,,0,,,,,
2970,1957-PEN,SAVOY STEAM,PEN,Penhaligon's,FOUND,EXACT_BRAND_NAME,1.0000,1,Penhaligon s,Savoy Steam,42702,https://www.fragrantica.com/perfume/Penhaligon-s/Savoy-Steam-42702.html,Brand inferred from an unanimous Shobi code suffix
2968,1939-BYR,Vanille Antique,BYR,Byredo,FOUND,EXACT_BRAND_NAME,1.0000,1,Byredo,Vanille Antique,73438,https://www.fragrantica.com/perfume/Byredo/Vanille-Antique-73438.html,Brand inferred from an unanimous Shobi code suffix
2967,1935-PARF,HALTANE - PARFUMS DE MARLY,PARF,Parfums de Marly,NOT_FOUND,,,0,,,,,
2966,1936-AMG,Vanilla Barka,AMG,Amouage,FOUND,EXACT_BRAND_NAME,1.0000,1,Amouage,Vanilla Barka,71111,https://www.fragrantica.com/perfume/Amouage/Vanilla-Barka-71111.html,Brand inferred from an unanimous Shobi code suffix
2965,1938-YZLO,BABY CAT,YZLO,Yves Saint Laurent,NOT_FOUND,,,0,,,,,
2964,1940-FRE,the notes of SYNTHETIC JUNGLE,FRE,,NOT_FOUND,,,0,,,,,
2950,1944-KUR,724,KUR,,FOUND,EXACT_UNIQUE_NAME,1.0000,1,Maison Francis Kurkdjian,724,75754,https://www.fragrantica.com/perfume/Maison-Francis-Kurkdjian/724-75754.html,Perfume name is unique across the entire URL corpus
2949,1943-TMFO,ROSE DE CHINE,TMFO,Tom Ford,FOUND,EXACT_BRAND_NAME,1.0000,1,Tom Ford,Rose de Chine,71539,https://www.fragrantica.com/perfume/Tom-Ford/Rose-de-Chine-71539.html,Brand inferred from an unanimous Shobi code suffix
2948,1942-LAN,IDOLE NECTAR,LAN,Lancôme,FOUND,EXACT_BRAND_NAME,1.0000,1,Lancome,Idole Nectar,74137,https://www.fragrantica.com/perfume/Lancome/Idole-Nectar-74137.html,Brand inferred from an unanimous Shobi code suffix
2944,1951-LAT,RAGHBA - LATTAFA,LAT,Lattafa Perfumes,NOT_FOUND,,,0,,,,,
2943,1870-ARDAL,,ARDAL,,NOT_FOUND,,,0,,,,,
2942,,,,,NOT_FOUND,,,0,,,,,
2941,,AL AMAKEN - SWISS ARABIAN,,,NOT_FOUND,,,0,,,,,
2940,1922-ORT,,ORT,Orto Parisi,NOT_FOUND,,,0,,,,,
2939,1946-MARC,GANYMEDE - MARC ANTOINE BARROIS,MARC,,NOT_FOUND,,,0,,,,,
2938,1945-XER,RENAISSANCE XJ 1861,XER,Xerjoff,NOT_FOUND,,,0,,,,,
2936,1928-ROJ,OLIGARCH - ROJA DOVE,ROJ,Roja Dove,NOT_FOUND,,,0,,,,,
2935,1924-PARF,SEDLEY - PARFUMS DE MARLY,PARF,Parfums de Marly,NOT_FOUND,,,0,,,,,
2934,1923-NISH,AMBRA CALABRIA - NISHANE,NISH,Nishane,NOT_FOUND,,,0,,,,,
2933,1927-AMG,,AMG,Amouage,NOT_FOUND,,,0,,,,,
2911,,,,,NOT_FOUND,,,0,,,,,
2886,1913-CAR,SAFFRON LAZULI,CAR,,FOUND,EXACT_UNIQUE_NAME,1.0000,1,Carolina Herrera,Saffron Lazuli,59562,https://www.fragrantica.com/perfume/Carolina-Herrera/Saffron-Lazuli-59562.html,Perfume name is unique across the entire URL corpus
2885,1911-KIL,SINGLE MALT - KILIAN,KIL,By Kilian,NOT_FOUND,,,0,,,,,
2884,1909-XER,TORINO 21,XER,Xerjoff,NOT_FOUND,,,0,,,,,
2883,1908-XER,TONY IOMMI MONKEY SPECIAL,XER,Xerjoff,FOUND,EXACT_BRAND_NAME,1.0000,1,Xerjoff,Tony Iommi Monkey Special,70789,https://www.fragrantica.com/perfume/Xerjoff/Tony-Iommi-Monkey-Special-70789.html,Brand inferred from an unanimous Shobi code suffix
2882,1906-XER,SYMPHONIUM,XER,Xerjoff,FOUND,EXACT_BRAND_NAME,1.0000,1,Xerjoff,Symphonium,59707,https://www.fragrantica.com/perfume/Xerjoff/Symphonium-59707.html,Brand inferred from an unanimous Shobi code suffix
2881,1912-AMG,Myths Man,AMG,Amouage,FOUND,EXACT_BRAND_NAME,1.0000,1,Amouage,Myths Man,38259,https://www.fragrantica.com/perfume/Amouage/Myths-Man-38259.html,Brand inferred from an unanimous Shobi code suffix
2880,1905-AMG,Saffron Hamra,AMG,Amouage,FOUND,EXACT_BRAND_NAME,1.0000,1,Amouage,Saffron Hamra,71113,https://www.fragrantica.com/perfume/Amouage/Saffron-Hamra-71113.html,Brand inferred from an unanimous Shobi code suffix
2879,1900-AMG,Orris Wakan,AMG,Amouage,FOUND,EXACT_BRAND_NAME,1.0000,1,Amouage,Orris Wakan,71109,https://www.fragrantica.com/perfume/Amouage/Orris-Wakan-71109.html,Brand inferred from an unanimous Shobi code suffix
2878,1899-ZARK,THE MUSE - ZARKOPERFUME,ZARK,,NOT_FOUND,,,0,,,,,
2877,1897-VICT,BOMBSHELL SUNDRENCHED - VICTORIAS SECRET,VICT,,NOT_FOUND,,,0,,,,,
2876,1902-CRD,Wind Flowers,CRD,Creed,FOUND,EXACT_BRAND_NAME,1.0000,1,Creed,Wind Flowers,70182,https://www.fragrantica.com/perfume/Creed/Wind-Flowers-70182.html,Brand inferred from an unanimous Shobi code suffix
2875,1907-PEN,THE WORLD ACCORDING TO ARTHUR,PEN,Penhaligon's,FOUND,EXACT_BRAND_NAME,1.0000,1,Penhaligon s,The World According to Arthur,71646,https://www.fragrantica.com/perfume/Penhaligon-s/The-World-According-to-Arthur-71646.html,Brand inferred from an unanimous Shobi code suffix
2874,1904-ARM,A MILANO,ARM,Giorgio Armani,FOUND,EXACT_BRAND_NAME,1.0000,1,Giorgio Armani,A Milano,69489,https://www.fragrantica.com/perfume/Giorgio-Armani/A-Milano-69489.html,Brand inferred from an unanimous Shobi code suffix
2873,1901-MOS,TOY 2 BUBBLE GUM - MOSCHINO,MOS,,NOT_FOUND,,,0,,,,,
2872,1932-YZLO,BLACK OPIUM ILLICIT GREEN,YZLO,Yves Saint Laurent,FOUND,EXACT_BRAND_NAME,1.0000,1,Yves Saint Laurent,Black Opium Illicit Green,71193,https://www.fragrantica.com/perfume/Yves-Saint-Laurent/Black-Opium-Illicit-Green-71193.html,Brand inferred from an unanimous Shobi code suffix
2861,1903-BYR,De Los Santos,BYR,Byredo,FOUND,EXACT_BRAND_NAME,1.0000,1,Byredo,De Los Santos,72693,https://www.fragrantica.com/perfume/Byredo/De-Los-Santos-72693.html,Brand inferred from an unanimous Shobi code suffix
2860,1910-PRA,INFUSION DE VANILLE - PRADA,PRA,Prada,NOT_FOUND,,,0,,,,,
2859,1898-NRO,CRISTAL EAU DE PARFUM - RODRIGUEZ,NRO,Narciso Rodriguez,NOT_FOUND,,,0,,,,,
2858,1918-PAC,FAME,PAC,Rabanne,FOUND,EXACT_BRAND_NAME,1.0000,1,Rabanne,Fame,74962,https://www.fragrantica.com/perfume/Rabanne/Fame-74962.html,Brand inferred from an unanimous Shobi code suffix
2857,1919-PRA,PARADOXE - PRADA,PRA,Prada,NOT_FOUND,,,0,,,,,
2826,1756-LBI,,LBI,,NOT_FOUND,,,0,,,,,
2825,1743-LBI,,LBI,,NOT_FOUND,,,0,,,,,
2824,1753-TEDL,,TEDL,,NOT_FOUND,,,0,,,,,
2823,998-ABE,,ABE,,NOT_FOUND,,,0,,,,,
2820,1917-MNTB,LEGEND RED - MONT BLANC,MNTB,,NOT_FOUND,,,0,,,,,
2819,1916-VICT,BLISSFUL GARDEN - VICTORIA'S SECRET,VICT,,NOT_FOUND,,,0,,,,,
2818,1915-PAC,OLYMPEA SOLAR,PAC,Rabanne,FOUND,EXACT_BRAND_NAME,1.0000,1,Rabanne,Olympea Solar,72556,https://www.fragrantica.com/perfume/Rabanne/Olympea-Solar-72556.html,Brand inferred from an unanimous Shobi code suffix
2805,1894-MNT,FANTASTIC OUD - MONTALE,MNT,,NOT_FOUND,,,0,,,,,
2804,1872-DOL,LIGHT BLUE EAU INTENSE,DOL,Dolce&Gabbana,FOUND,EXACT_UNIQUE_NAME,1.0000,1,Dolce Gabbana,Light Blue Eau Intense,44034,https://www.fragrantica.com/perfume/Dolce-Gabbana/Light-Blue-Eau-Intense-44034.html,Perfume name is unique across the entire URL corpus
2803,1828-LAN,"O OUI! Fragrance floral, white floral, fruity, fresh, citrus, aquatic",LAN,Lancôme,NOT_FOUND,,,0,,,,,
2802,1895-HER,TERRE D'HERMES EAU GIVREE,HER,Hermès,FOUND,EXACT_BRAND_NAME,1.0000,1,Hermes,Terre d Hermes Eau Givree,72439,https://www.fragrantica.com/perfume/Hermes/Terre-d-Hermes-Eau-Givree-72439.html,Brand inferred from an unanimous Shobi code suffix
2801,1896-ESC,CHERRY IN JAPAN - ESCADA,ESC,,NOT_FOUND,,,0,,,,,
2800,1892-NRO,MUSC NOIR ROSE FOR HER - RODRIGUEZ,NRO,Narciso Rodriguez,NOT_FOUND,,,0,,,,,
2799,1887-XER,ERBA PURA,XER,Xerjoff,FOUND,EXACT_BRAND_NAME,1.0000,1,Xerjoff,Erba Pura,55157,https://www.fragrantica.com/perfume/Xerjoff/Erba-Pura-55157.html,Brand inferred from an unanimous Shobi code suffix
2798,1885-WID,LONDON - WIDIAN,WID,,NOT_FOUND,,,0,,,,,
2797,1886-PARF,DELINA LA ROSE - PDM,PARF,Parfums de Marly,NOT_FOUND,,,0,,,,,
2796,1883-NISH,Fragrance WULONG CHA - NISHANE,NISH,Nishane,NOT_FOUND,,,0,,,,,
2795,1884-NISH,FAN YOUR FLAMES - NISHANE,NISH,Nishane,NOT_FOUND,,,0,,,,,
2794,1888-MOR,,MOR,,NOT_FOUND,,,0,,,,,
2793,1893-CHA,No 1 LEAU ROUGE,CHA,Chanel,NOT_FOUND,,,0,,,,,
2792,1882-MARG,BY THE FIRE PLACE,MARG,Maison Martin Margiela,FOUND,SAFE_FUZZY_SAME_BRAND,0.9697,1,Maison Martin Margiela,By the Fireplace,31623,https://www.fragrantica.com/perfume/Maison-Martin-Margiela/By-the-Fireplace-31623.html,High-similarity name within inferred brand; qualifier tokens preserved
2791,1880-KIL,KISSES DON’T LIE - KILIAN,KIL,By Kilian,NOT_FOUND,,,0,,,,,
2790,1879-KIL,GOOD GIRL GONE BAD EXTREME - KILIAN,KIL,By Kilian,NOT_FOUND,,,0,,,,,
2789,1878-KIL,A KISS FROM A ROSE - KILIAN,KIL,By Kilian,NOT_FOUND,,,0,,,,,
2788,1877-INI,OUD FOR HAPPINESS - INITIO PARFUMS,INI,Initio Parfums Privés,NOT_FOUND,,,0,,,,,
2787,1881-INI,MUSK THERAPY - INITIO PARFUMS,INI,Initio Parfums Privés,NOT_FOUND,,,0,,,,,
2786,1876-INI,ADDICTIVE VIBRATION - INITIO PARFUMS,INI,Initio Parfums Privés,NOT_FOUND,,,0,,,,,
2785,1875-ESCE,,ESCE,,NOT_FOUND,,,0,,,,,
2784,1873-MAN,ROSES AND CHOCOLATE - MANCERA,MAN,,NOT_FOUND,,,0,,,,,
2783,1874-LTN,CALIFORNIA Citrus fragrance for women and men,LTN,,NOT_FOUND,,,0,,,,,
2782,1891-LEL,TONKA 25 - LE LABO,LEL,Le Labo,NOT_FOUND,,,0,,,,,
2781,1889-PEN,LUNA,PEN,Penhaligon's,FOUND,EXACT_BRAND_NAME,1.0000,1,Penhaligon s,Luna,38351,https://www.fragrantica.com/perfume/Penhaligon-s/Luna-38351.html,Brand inferred from an unanimous Shobi code suffix
2780,1861-ACQ,BLU MEDITERRANEO BERGAMOTTO DI CALABRIA,ACQ,Acqua di Parma,NOT_FOUND,,,0,,,,,
2773,1203-LOE,,LOE,,NOT_FOUND,,,0,,,,,
2772,1890-LEL,,LEL,Le Labo,NOT_FOUND,,,0,,,,,
2771,1853-KIL,KILLING ME SLOWLY - KILIAN,KIL,By Kilian,NOT_FOUND,,,0,,,,,
2770,1862-PRA,PRADA L'HOMME,PRA,Prada,FOUND,EXACT_BRAND_NAME,1.0000,1,Prada,Prada L Homme,39029,https://www.fragrantica.com/perfume/Prada/Prada-L-Homme-39029.html,Brand inferred from an unanimous Shobi code suffix
2769,1863-LAC,POUR FEMME - LACOSTE,LAC,,NOT_FOUND,,,0,,,,,
2768,1848-LEL,,LEL,Le Labo,NOT_FOUND,,,0,,,,,
2767,1854-EXN,LUST IN PARADISE - EXNIHILO,EXN,Ex Nihilo,NOT_FOUND,,,0,,,,,
2766,1859-XER,UDEN OVERDOSE,XER,Xerjoff,FOUND,EXACT_BRAND_NAME,1.0000,1,Xerjoff,Uden Overdose,52433,https://www.fragrantica.com/perfume/Xerjoff/Uden-Overdose-52433.html,Brand inferred from an unanimous Shobi code suffix
2765,1860-NAS,,NAS,,NOT_FOUND,,,0,,,,,
2764,583-DON,PURE DKNY - DONNA KARAN,DON,Donna Karan,NOT_FOUND,,,0,,,,,
2763,1865-YZLO,MAGNIFICENT GOLD,YZLO,Yves Saint Laurent,FOUND,EXACT_BRAND_NAME,1.0000,1,Yves Saint Laurent,Magnificent Gold,46243,https://www.fragrantica.com/perfume/Yves-Saint-Laurent/Magnificent-Gold-46243.html,Brand inferred from an unanimous Shobi code suffix
2762,1518-RAL,ROMANCE,RAL,,AMBIGUOUS,EXACT_NAME_MULTIPLE_CANDIDATES,,2,,,,,Same perfume name exists under multiple candidates
2760,1867-VER,EROS FLAME,VER,Versace,FOUND,EXACT_BRAND_NAME,1.0000,1,Versace,Eros Flame,52180,https://www.fragrantica.com/perfume/Versace/Eros-Flame-52180.html,Brand inferred from an unanimous Shobi code suffix
2759,1864-GUC,Rush 2,GUC,Gucci,NOT_FOUND,,,0,,,,,
2758,1858-KUR,AQUA UNIVERSALIS FORTE,KUR,,FOUND,EXACT_UNIQUE_NAME,1.0000,1,Maison Francis Kurkdjian,Aqua Universalis Forte,12710,https://www.fragrantica.com/perfume/Maison-Francis-Kurkdjian/Aqua-Universalis-Forte-12710.html,Perfume name is unique across the entire URL corpus
2757,1871-PEN,CONSTANTINOPLE,PEN,Penhaligon's,FOUND,EXACT_BRAND_NAME,1.0000,1,Penhaligon s,Constantinople,68998,https://www.fragrantica.com/perfume/Penhaligon-s/Constantinople-68998.html,Brand inferred from an unanimous Shobi code suffix
2756,1855-LTN,,LTN,,NOT_FOUND,,,0,,,,,
2755,1851-ARM,JASMIN KUSAMONO,ARM,Giorgio Armani,FOUND,EXACT_BRAND_NAME,1.0000,1,Giorgio Armani,Jasmin Kusamono,58909,https://www.fragrantica.com/perfume/Giorgio-Armani/Jasmin-Kusamono-58909.html,Brand inferred from an unanimous Shobi code suffix
2754,1857-ESCE,ESCENTRIC 05 - ESCENTRIC MOLECULES,ESCE,,NOT_FOUND,,,0,,,,,
2753,1856-PARF,MELIORA - PARFUMS DE MARLY,PARF,Parfums de Marly,NOT_FOUND,,,0,,,,,
2752,1852-PRFRO,BATTITO D'ALI - PROFUMUM ROMA,PRFRO,Profumum Roma,NOT_FOUND,,,0,,,,,
2751,1849-PRFRO,ACQUA E ZUCCHERO - PROFUMUM ROMA,PRFRO,Profumum Roma,NOT_FOUND,,,0,,,,,
2750,1850-LEL,ANOTHER 13 - LE LABO,LEL,Le Labo,NOT_FOUND,,,0,,,,,
2748,1844-BYR,Oud Immortel,BYR,Byredo,FOUND,EXACT_BRAND_NAME,1.0000,1,Byredo,Oud Immortel,10759,https://www.fragrantica.com/perfume/Byredo/Oud-Immortel-10759.html,Brand inferred from an unanimous Shobi code suffix
2747,1845-BYR,Black Saffron,BYR,Byredo,FOUND,EXACT_BRAND_NAME,1.0000,1,Byredo,Black Saffron,16220,https://www.fragrantica.com/perfume/Byredo/Black-Saffron-16220.html,Brand inferred from an unanimous Shobi code suffix
2746,1846-MAN,COCO VANILLE - MANCERA,MAN,,NOT_FOUND,,,0,,,,,
2745,1847-LAN,OUI LA VIE EST BELLE,LAN,Lancôme,FOUND,EXACT_BRAND_NAME,1.0000,1,Lancome,Oui La Vie est Belle,72050,https://www.fragrantica.com/perfume/Lancome/Oui-La-Vie-est-Belle-72050.html,Brand inferred from an unanimous Shobi code suffix
2743,543-DRC,SOUFFLE DE SOIE,DRC,Dior,FOUND,EXACT_BRAND_NAME,1.0000,1,Dior,Souffle De Soie,48377,https://www.fragrantica.com/perfume/Dior/Souffle-De-Soie-48377.html,Brand inferred from an unanimous Shobi code suffix
2742,1631-DRC,VANILLA ORAMA,DRC,Dior,NOT_FOUND,,,0,,,,,
2741,317-MNT,BLACK AOUD - MONTALE,MNT,,NOT_FOUND,,,0,,,,,
2740,1542-JOM,English Oak & Redcurrant by Jo Malone London,JOM,Jo Malone London,NOT_FOUND,,,0,,,,,
2738,212-CRD,Royal Mayfair,CRD,Creed,FOUND,EXACT_BRAND_NAME,1.0000,1,Creed,Royal Mayfair,31562,https://www.fragrantica.com/perfume/Creed/Royal-Mayfair-31562.html,Brand inferred from an unanimous Shobi code suffix
2737,209-CRD,Fleurissimo,CRD,Creed,FOUND,EXACT_BRAND_NAME,1.0000,1,Creed,Fleurissimo,4250,https://www.fragrantica.com/perfume/Creed/Fleurissimo-4250.html,Brand inferred from an unanimous Shobi code suffix
2736,206-CRD,Bois du Portu,CRD,Creed,NOT_FOUND,,,0,,,,,
2735,1706-KIL,PLAYING WITH THE DEVIL - KILIAN,KIL,By Kilian,NOT_FOUND,,,0,,,,,
2734,997-ABE,,ABE,,NOT_FOUND,,,0,,,,,
2733,191-ARM,ROSE ALEXANDRIE,ARM,Giorgio Armani,FOUND,EXACT_BRAND_NAME,1.0000,1,Giorgio Armani,Rose Alexandrie,2699,https://www.fragrantica.com/perfume/Giorgio-Armani/Rose-Alexandrie-2699.html,Brand inferred from an unanimous Shobi code suffix
2732,194-ARM,THE YULONG,ARM,Giorgio Armani,FOUND,EXACT_BRAND_NAME,1.0000,1,Giorgio Armani,The Yulong,58907,https://www.fragrantica.com/perfume/Giorgio-Armani/The-Yulong-58907.html,Brand inferred from an unanimous Shobi code suffix
2731,190-ARM,PIVOINE SUZHOU,ARM,Giorgio Armani,FOUND,EXACT_BRAND_NAME,1.0000,1,Giorgio Armani,Pivoine Suzhou,29301,https://www.fragrantica.com/perfume/Giorgio-Armani/Pivoine-Suzhou-29301.html,Brand inferred from an unanimous Shobi code suffix
2730,1833-SALV,,SALV,,NOT_FOUND,,,0,,,,,
2729,1842-YZLO,Baby Doll,YZLO,Yves Saint Laurent,FOUND,EXACT_BRAND_NAME,1.0000,1,Yves Saint Laurent,Baby Doll,99,https://www.fragrantica.com/perfume/Yves-Saint-Laurent/Baby-Doll-99.html,Brand inferred from an unanimous Shobi code suffix
2728,1841-BAN,,BAN,,NOT_FOUND,,,0,,,,,
2727,198-BON,HARRODS SWAROVSKI LIMITED EDITION - BOND,BON,,NOT_FOUND,,,0,,,,,
2726,197-BON,HARRODS ROYAL ROSE - BOND,BON,,NOT_FOUND,,,0,,,,,
2725,322-NAS,,NAS,,NOT_FOUND,,,0,,,,,
2724,329-PEN,JUNIPER SLING,PEN,Penhaligon's,FOUND,EXACT_BRAND_NAME,1.0000,1,Penhaligon s,Juniper Sling,13266,https://www.fragrantica.com/perfume/Penhaligon-s/Juniper-Sling-13266.html,Brand inferred from an unanimous Shobi code suffix
2722,328-PEN,IRIS PRIMA,PEN,Penhaligon's,FOUND,EXACT_BRAND_NAME,1.0000,1,Penhaligon s,Iris Prima,18488,https://www.fragrantica.com/perfume/Penhaligon-s/Iris-Prima-18488.html,Brand inferred from an unanimous Shobi code suffix
2720,201-CLIV,No,CLIV,Clive Christian,NOT_FOUND,,,0,,,,,
2719,1840-JOO,,JOO,,NOT_FOUND,,,0,,,,,
2718,1839-JOV,,JOV,,NOT_FOUND,,,0,,,,,
2717,1838-TAU,02 L'AIR DU DESERT MAROCAIN - TAUER PERFUMES,TAU,,NOT_FOUND,,,0,,,,,
2716,1837-KEI,,KEI,,NOT_FOUND,,,0,,,,,
2715,1836-COT,,COT,,NOT_FOUND,,,0,,,,,
2713,1835-JUL,,JUL,Juliette Has A Gun,NOT_FOUND,,,0,,,,,
2712,1834-TMFO,VIOLET BLONDE,TMFO,Tom Ford,FOUND,EXACT_BRAND_NAME,1.0000,1,Tom Ford,Violet Blonde,12767,https://www.fragrantica.com/perfume/Tom-Ford/Violet-Blonde-12767.html,Brand inferred from an unanimous Shobi code suffix
2711,1832-TMFO,MUSK PURE,TMFO,Tom Ford,FOUND,EXACT_BRAND_NAME,1.0000,1,Tom Ford,Musk Pure,6385,https://www.fragrantica.com/perfume/Tom-Ford/Musk-Pure-6385.html,Brand inferred from an unanimous Shobi code suffix
2710,1831-TMFO,URBAN MUSK,TMFO,Tom Ford,FOUND,EXACT_BRAND_NAME,1.0000,1,Tom Ford,Urban Musk,6384,https://www.fragrantica.com/perfume/Tom-Ford/Urban-Musk-6384.html,Brand inferred from an unanimous Shobi code suffix
2709,1830-TMFO,JASMINE MUSK,TMFO,Tom Ford,FOUND,EXACT_BRAND_NAME,1.0000,1,Tom Ford,Jasmine Musk,6383,https://www.fragrantica.com/perfume/Tom-Ford/Jasmine-Musk-6383.html,Brand inferred from an unanimous Shobi code suffix
2708,1829-BOB,Bath,BOB,,FOUND,EXACT_UNIQUE_NAME,1.0000,1,Bobbi Brown,Bath,11983,https://www.fragrantica.com/perfume/Bobbi-Brown/Bath-11983.html,Perfume name is unique across the entire URL corpus
2706,1827-JOM,Tropical Cherimoya by Jo Malone London,JOM,Jo Malone London,NOT_FOUND,,,0,,,,,
2705,1822-MNT,ORCHID POWDER - MONTALE,MNT,,NOT_FOUND,,,0,,,,,
2704,1820-KUR,AMYRIS FEMME,KUR,,FOUND,EXACT_UNIQUE_NAME,1.0000,1,Maison Francis Kurkdjian,Amyris Femme,15565,https://www.fragrantica.com/perfume/Maison-Francis-Kurkdjian/Amyris-Femme-15565.html,Perfume name is unique across the entire URL corpus
2703,1826-JOM,Iris & White Musk by Jo Malone London,JOM,Jo Malone London,NOT_FOUND,,,0,,,,,
2702,1825-CRD,Millesime Imperial,CRD,Creed,FOUND,EXACT_BRAND_NAME,1.0000,1,Creed,Millesime Imperial,466,https://www.fragrantica.com/perfume/Creed/Millesime-Imperial-466.html,Brand inferred from an unanimous Shobi code suffix
2701,1824-VAR,,VAR,,NOT_FOUND,,,0,,,,,
2700,1819-MIC,Midnight Shimmer,MIC,,NOT_FOUND,,,0,,,,,
2699,1823-DOL,LIGHT BLUE SUN,DOL,Dolce&Gabbana,FOUND,EXACT_UNIQUE_NAME,1.0000,1,Dolce Gabbana,Light Blue Sun,54493,https://www.fragrantica.com/perfume/Dolce-Gabbana/Light-Blue-Sun-54493.html,Perfume name is unique across the entire URL corpus
2698,1821-TMFO,JASMIN ROUGE,TMFO,Tom Ford,FOUND,EXACT_BRAND_NAME,1.0000,1,Tom Ford,Jasmin Rouge,12765,https://www.fragrantica.com/perfume/Tom-Ford/Jasmin-Rouge-12765.html,Brand inferred from an unanimous Shobi code suffix
2697,1818-FRE,the notes of MUSC RAVAGEUR,FRE,,NOT_FOUND,,,0,,,,,
2696,1801-JUL,NOT A PERFUME - JULIETTE HAS A GUN,JUL,Juliette Has A Gun,NOT_FOUND,,,0,,,,,
2695,1817-JUL,SUNNY SIDE UP - JULIETTE HAS A GUN,JUL,Juliette Has A Gun,NOT_FOUND,,,0,,,,,
2694,1816-TER,BIANCO PURO - TIZIANA TERENZI,TER,,NOT_FOUND,,,0,,,,,
2693,1815-PAC,BLOSSOM ME,PAC,Rabanne,FOUND,EXACT_BRAND_NAME,1.0000,1,Rabanne,Blossom Me,68724,https://www.fragrantica.com/perfume/Rabanne/Blossom-Me-68724.html,Brand inferred from an unanimous Shobi code suffix
2692,810-LTN,the fragrance notes,LTN,,NOT_FOUND,,,0,,,,,
2691,809-LTN,the fragrance notes,LTN,,NOT_FOUND,,,0,,,,,
2690,333-ROJ,,ROJ,Roja Dove,NOT_FOUND,,,0,,,,,
2689,1814-AJMA,,AJMA,Ajmal,NOT_FOUND,,,0,,,,,
2688,,,,,NOT_FOUND,,,0,,,,,
2687,1812-ALJA,,ALJA,,NOT_FOUND,,,0,,,,,
2686,1811-ALJA,,ALJA,,NOT_FOUND,,,0,,,,,
2685,1810-RAS,,RAS,,NOT_FOUND,,,0,,,,,
2684,320-NAS,,NAS,,NOT_FOUND,,,0,,,,,
2683,1809-PEN,SARTORIAL,PEN,Penhaligon's,FOUND,EXACT_BRAND_NAME,1.0000,1,Penhaligon s,Sartorial,10559,https://www.fragrantica.com/perfume/Penhaligon-s/Sartorial-10559.html,Brand inferred from an unanimous Shobi code suffix
2681,1807-PARF,DARCY - PARFUMS DE MARLY,PARF,Parfums de Marly,NOT_FOUND,,,0,,,,,
2680,1806-PARF,ORIANA - PARFUMS DE MARLY,PARF,Parfums de Marly,NOT_FOUND,,,0,,,,,
2677,1804-DRC,TOBACOLOR,DRC,Dior,FOUND,EXACT_BRAND_NAME,1.0000,1,Dior,Tobacolor,65551,https://www.fragrantica.com/perfume/Dior/Tobacolor-65551.html,Brand inferred from an unanimous Shobi code suffix
2676,1803-DRC,J'ADORE INFINISSIME,DRC,Dior,FOUND,EXACT_BRAND_NAME,1.0000,1,Dior,J Adore Infinissime,62638,https://www.fragrantica.com/perfume/Dior/J-Adore-Infinissime-62638.html,Brand inferred from an unanimous Shobi code suffix
2672,1802-JOM,Midnight Musk & Amber by Jo Malone London,JOM,Jo Malone London,NOT_FOUND,,,0,,,,,
2670,1492-ABE,,ABE,,NOT_FOUND,,,0,,,,,
2662,1800-XER,DOLCE AMALFI,XER,Xerjoff,FOUND,EXACT_BRAND_NAME,1.0000,1,Xerjoff,Dolce Amalfi,42988,https://www.fragrantica.com/perfume/Xerjoff/Dolce-Amalfi-42988.html,Brand inferred from an unanimous Shobi code suffix
2661,1799-MAN,AOUD VANILLE - MANCERA,MAN,,NOT_FOUND,,,0,,,,,
2660,1798-AMG,Journey Man,AMG,Amouage,FOUND,EXACT_BRAND_NAME,1.0000,1,Amouage,Journey Man,25251,https://www.fragrantica.com/perfume/Amouage/Journey-Man-25251.html,Brand inferred from an unanimous Shobi code suffix
2659,1797-INI,BLESSED BARAKA - INITIO PARFUMS,INI,Initio Parfums Privés,NOT_FOUND,,,0,,,,,
2658,1796-SERG,Jeux de Peau Serge Lutens,SERG,,NOT_FOUND,,,0,,,,,
2657,1795-MARG,Jazz Club edt,MARG,Maison Martin Margiela,NOT_FOUND,,,0,,,,,
2655,1794-ISS,L'Eau d'Issey Pure Nectar,ISS,,NOT_FOUND,,,0,,,,,
2654,1787-JIM,,JIM,Jimmy Choo,NOT_FOUND,,,0,,,,,
2653,1785-LAN,IDOLE L'INTENSE,LAN,Lancôme,FOUND,EXACT_BRAND_NAME,1.0000,1,Lancome,Idole L Intense,62333,https://www.fragrantica.com/perfume/Lancome/Idole-L-Intense-62333.html,Brand inferred from an unanimous Shobi code suffix
2648,1788-YZLO,BLACK OPIUM EXTREME,YZLO,Yves Saint Laurent,FOUND,EXACT_BRAND_NAME,1.0000,1,Yves Saint Laurent,Black Opium Extreme,68506,https://www.fragrantica.com/perfume/Yves-Saint-Laurent/Black-Opium-Extreme-68506.html,Brand inferred from an unanimous Shobi code suffix
2647,1789-GUC,Flora Gorgeous Gardenia EDP,GUC,Gucci,NOT_FOUND,,,0,,,,,
2646,1786-COUR,,COUR,,NOT_FOUND,,,0,,,,,
2645,1784-ESC,SUMMER FESTIVAL - ESCADA,ESC,,NOT_FOUND,,,0,,,,,
2637,1782-DIP,KYOTO,DIP,,AMBIGUOUS,EXACT_NAME_MULTIPLE_CANDIDATES,,3,,,,,Same perfume name exists under multiple candidates
2634,1766-PEN,THE BLAZING MR SAM,PEN,Penhaligon's,FOUND,EXACT_BRAND_NAME,1.0000,1,Penhaligon s,The Blazing Mr Sam,50255,https://www.fragrantica.com/perfume/Penhaligon-s/The-Blazing-Mr-Sam-50255.html,Brand inferred from an unanimous Shobi code suffix
2633,1762-ETLR,PUTAIN DES PALACES - ETAT LIBRE D'ORANGE,ETLR,,NOT_FOUND,,,0,,,,,
2632,1761-DIP,L' EAU DES HESPERIDES,DIP,,FOUND,EXACT_UNIQUE_NAME,1.0000,1,Diptyque,L eau des Hesperides,3836,https://www.fragrantica.com/perfume/Diptyque/L-eau-des-Hesperides-3836.html,Perfume name is unique across the entire URL corpus
2631,1758-MNT,ROSES MUSK - MONTALE,MNT,,NOT_FOUND,,,0,,,,,
2630,1759-LTN,LES,LTN,,FOUND,EXACT_UNIQUE_NAME,1.0000,1,Boy Smells,Les,81501,https://www.fragrantica.com/perfume/Boy-Smells/Les-81501.html,Perfume name is unique across the entire URL corpus
2629,1780-RCAV,JUST - CAVALLI,RCAV,,NOT_FOUND,,,0,,,,,
2628,1776-MNT,DARK VANILLA - MONTALE,MNT,,NOT_FOUND,,,0,,,,,
2627,1774-ARM,a TERRA DI GIOIA,ARM,Giorgio Armani,NOT_FOUND,,,0,,,,,
2626,1772-TER,BURDEL - TIZIANA TERENZI,TER,,NOT_FOUND,,,0,,,,,
2625,1770-BON,NEW YORK NIGHTS - BOND,BON,,NOT_FOUND,,,0,,,,,
2624,1769-LTN,the fragrance notes Roses,LTN,,NOT_FOUND,,,0,,,,,
2623,1768-LTN,the fragrance notes,LTN,,NOT_FOUND,,,0,,,,,
2622,,,,,NOT_FOUND,,,0,,,,,
2620,1764-GUR,AQUA ALLEGORIA COCONUT FIZZ - GUERLAIN,GUR,Guerlain,NOT_FOUND,,,0,,,,,
2619,1760-FRE,the notes of IRIS POUDRE,FRE,,NOT_FOUND,,,0,,,,,
2618,1755-MNT,VANILLA CAKE - MONTALE,MNT,,NOT_FOUND,,,0,,,,,
2613,1751-GUL,MADAME,GUL,Jean Paul Gaultier,FOUND,EXACT_UNIQUE_NAME,1.0000,1,Cortina 1224,Madame,12088,https://www.fragrantica.com/perfume/Cortina-1224/Madame-12088.html,Perfume name is unique across the entire URL corpus
2612,1763-JILS,,JILS,,NOT_FOUND,,,0,,,,,
2611,1765-JEN,,JEN,,NOT_FOUND,,,0,,,,,
2610,1757-DIP,EAU DUELLE EAU DE PARFUM,DIP,,FOUND,EXACT_UNIQUE_NAME,1.0000,1,Diptyque,Eau Duelle Eau de Parfum,49100,https://www.fragrantica.com/perfume/Diptyque/Eau-Duelle-Eau-de-Parfum-49100.html,Perfume name is unique across the entire URL corpus
2609,1754-HER,VANILLE GALANTE HERMESSENCE - HERMES,HER,Hermès,NOT_FOUND,,,0,,,,,
2607,1775-DIP,ORPHEON EAU DE PARFUM,DIP,,FOUND,EXACT_UNIQUE_NAME,1.0000,1,Diptyque,Orpheon Eau de Parfum,65738,https://www.fragrantica.com/perfume/Diptyque/Orpheon-Eau-de-Parfum-65738.html,Perfume name is unique across the entire URL corpus
2606,1752-JUL,VANILLA VIBES - JULIETTE HAS A GUN,JUL,Juliette Has A Gun,NOT_FOUND,,,0,,,,,
2605,1773-PRA,LUNA ROSSA OCEAN - PRADA,PRA,Prada,NOT_FOUND,,,0,,,,,
2604,1750-LTN,the fragrance notes,LTN,,NOT_FOUND,,,0,,,,,
2603,1749-BLG,Gyan,BLG,,FOUND,EXACT_UNIQUE_NAME,1.0000,1,Bvlgari,Gyan,41221,https://www.fragrantica.com/perfume/Bvlgari/Gyan-41221.html,Perfume name is unique across the entire URL corpus
2602,1748-BYR,Marijuana,BYR,Byredo,NOT_FOUND,,,0,,,,,
2601,1747-VICT,BARE VANILLA - VICTORIA SECRET,VICT,,NOT_FOUND,,,0,,,,,
2600,1746-XER,ALEXANDRIA III,XER,Xerjoff,FOUND,EXACT_BRAND_NAME,1.0000,1,Xerjoff,Alexandria III,57363,https://www.fragrantica.com/perfume/Xerjoff/Alexandria-III-57363.html,Brand inferred from an unanimous Shobi code suffix
2599,1745-SERG,Chergui Serge Lutens,SERG,,NOT_FOUND,,,0,,,,,
2598,1744-CLI,AROMATICS IN BLACK - CLINIQUE,CLI,,NOT_FOUND,,,0,,,,,
2563,451-BYR,Blanche,BYR,Byredo,FOUND,EXACT_BRAND_NAME,1.0000,1,Byredo,Blanche,6686,https://www.fragrantica.com/perfume/Byredo/Blanche-6686.html,Brand inferred from an unanimous Shobi code suffix
2555,1737-GIV,L INTERDIT ROUGE EDP,GIV,Givenchy,NOT_FOUND,,,0,,,,,
2553,1736-PRFRO,ARSO - PROFUMUM ROMA,PRFRO,Profumum Roma,NOT_FOUND,,,0,,,,,
2552,1735-XER,ITALICA,XER,Xerjoff,FOUND,EXACT_BRAND_NAME,1.0000,1,Xerjoff,Italica,41149,https://www.fragrantica.com/perfume/Xerjoff/Italica-41149.html,Brand inferred from an unanimous Shobi code suffix
2518,1732-MIC,SUPER GORGEOUS! - MICHAEL KORS,MIC,,NOT_FOUND,,,0,,,,,
2516,1731-VICT,TEASE CREAM CLOUD - VICTORIA'S SECRET,VICT,,NOT_FOUND,,,0,,,,,
2515,1734-TMFO,Ebene Fume,TMFO,Tom Ford,FOUND,EXACT_BRAND_NAME,1.0000,1,Tom Ford,Ebene Fume,69008,https://www.fragrantica.com/perfume/Tom-Ford/Ebene-Fume-69008.html,Brand inferred from an unanimous Shobi code suffix
2506,1733-BYR,MUMBAI NOISE,BYR,Byredo,FOUND,EXACT_BRAND_NAME,1.0000,1,Byredo,Mumbai Noise,69858,https://www.fragrantica.com/perfume/Byredo/Mumbai-Noise-69858.html,Brand inferred from an unanimous Shobi code suffix
2458,1730-HER,TWILLY EAU GINGER - HERMES,HER,Hermès,NOT_FOUND,,,0,,,,,
2457,1728-ARM,MY WAY INTENSE,ARM,Giorgio Armani,FOUND,EXACT_BRAND_NAME,1.0000,1,Giorgio Armani,My Way Intense,68596,https://www.fragrantica.com/perfume/Giorgio-Armani/My-Way-Intense-68596.html,Brand inferred from an unanimous Shobi code suffix
2456,1727-LAN,IDOLE AURA,LAN,Lancôme,FOUND,EXACT_BRAND_NAME,1.0000,1,Lancome,Idole Aura,67578,https://www.fragrantica.com/perfume/Lancome/Idole-Aura-67578.html,Brand inferred from an unanimous Shobi code suffix
2455,1729-CAR,VERY GOOD GIRL,CAR,,FOUND,EXACT_UNIQUE_NAME,1.0000,1,Carolina Herrera,Very Good Girl,65560,https://www.fragrantica.com/perfume/Carolina-Herrera/Very-Good-Girl-65560.html,Perfume name is unique across the entire URL corpus
2454,1726-MNTB,,MNTB,,NOT_FOUND,,,0,,,,,
2453,1721-BLG,Azaran,BLG,,FOUND,EXACT_UNIQUE_NAME,1.0000,1,Bvlgari,Azaran,66122,https://www.fragrantica.com/perfume/Bvlgari/Azaran-66122.html,Perfume name is unique across the entire URL corpus
2452,1718-TER,CASSIOPEA - TIZIANA TERENZI,TER,,NOT_FOUND,,,0,,,,,
2451,1719-MEM,CORFU - MEMO PARIS,MEM,,NOT_FOUND,,,0,,,,,
2450,1720-LEL,VETIVER 46 - LE LABO,LEL,Le Labo,NOT_FOUND,,,0,,,,,
2449,1722-CRD,White Flowers,CRD,Creed,FOUND,EXACT_BRAND_NAME,1.0000,1,Creed,White Flowers,13390,https://www.fragrantica.com/perfume/Creed/White-Flowers-13390.html,Brand inferred from an unanimous Shobi code suffix
2448,1723-TMFO,VERT DES BOIS,TMFO,Tom Ford,FOUND,EXACT_BRAND_NAME,1.0000,1,Tom Ford,Vert des Bois,40089,https://www.fragrantica.com/perfume/Tom-Ford/Vert-des-Bois-40089.html,Brand inferred from an unanimous Shobi code suffix
2440,1703-CAL,DEFY - CALVIN KLEIN,CAL,,NOT_FOUND,,,0,,,,,
2439,1704-CAR,212 HEROES,CAR,,FOUND,EXACT_UNIQUE_NAME,1.0000,1,Carolina Herrera,212 Heroes,65988,https://www.fragrantica.com/perfume/Carolina-Herrera/212-Heroes-65988.html,Perfume name is unique across the entire URL corpus
2438,1700-MNT,MUSK TO MUSK - MONTALE,MNT,,NOT_FOUND,,,0,,,,,
2437,1701-TOSC,,TOSC,,NOT_FOUND,,,0,,,,,
2436,1694-TMFO,,TMFO,Tom Ford,NOT_FOUND,,,0,,,,,
2430,1697-LEL,THE NOIR 29 - LE LABO,LEL,Le Labo,NOT_FOUND,,,0,,,,,
2429,1698-LEL,OUD 27 - LE LABO,LEL,Le Labo,NOT_FOUND,,,0,,,,,
2428,1699-LTN,the fragrance notes,LTN,,NOT_FOUND,,,0,,,,,
2427,1693-BYR,MIXED EMOTIONS,BYR,Byredo,FOUND,EXACT_BRAND_NAME,1.0000,1,Byredo,Mixed Emotions,65525,https://www.fragrantica.com/perfume/Byredo/Mixed-Emotions-65525.html,Brand inferred from an unanimous Shobi code suffix
2426,1695-TMFO,SOLEIL BRULANT,TMFO,Tom Ford,FOUND,EXACT_BRAND_NAME,1.0000,1,Tom Ford,Soleil Brulant,66125,https://www.fragrantica.com/perfume/Tom-Ford/Soleil-Brulant-66125.html,Brand inferred from an unanimous Shobi code suffix
2425,1696-CRD,Royal Water,CRD,Creed,FOUND,EXACT_BRAND_NAME,1.0000,1,Creed,Royal Water,7510,https://www.fragrantica.com/perfume/Creed/Royal-Water-7510.html,Brand inferred from an unanimous Shobi code suffix
2416,1685-FRE,the notes of EN PASSANT Woman's perfume,FRE,,NOT_FOUND,,,0,,,,,
2415,1682-HER,24 FAUBOURG - HERMES,HER,Hermès,NOT_FOUND,,,0,,,,,
2414,1683-HER,UN JARDIN SUR LA LAGUNE - HERMES,HER,Hermès,NOT_FOUND,,,0,,,,,
2413,1686-PRA,LUNA ROSSA BLACK - PRADA,PRA,Prada,NOT_FOUND,,,0,,,,,
2412,1684-GIV,YSATIS,GIV,Givenchy,FOUND,EXACT_BRAND_NAME,1.0000,1,Givenchy,Ysatis,36,https://www.fragrantica.com/perfume/Givenchy/Ysatis-36.html,Brand inferred from an unanimous Shobi code suffix
2411,1675-NRO,AMBREE - NARCISO RODRIGUEZ,NRO,Narciso Rodriguez,NOT_FOUND,,,0,,,,,
2410,1676-CAL,EUPHORIA BLUSH - CALVIN KLEIN,CAL,,NOT_FOUND,,,0,,,,,
2409,1680-DRC,ROUGE TRAFALGAR,DRC,Dior,FOUND,EXACT_BRAND_NAME,1.0000,1,Dior,Rouge Trafalgar,58665,https://www.fragrantica.com/perfume/Dior/Rouge-Trafalgar-58665.html,Brand inferred from an unanimous Shobi code suffix
2408,1681-MNT,INTENSE CAFE - MONTALE,MNT,,NOT_FOUND,,,0,,,,,
2407,1679-BYR,ROSE OF NO MAN'S LAND,BYR,Byredo,FOUND,EXACT_BRAND_NAME,1.0000,1,Byredo,Rose Of No Man s Land,31931,https://www.fragrantica.com/perfume/Byredo/Rose-Of-No-Man-s-Land-31931.html,Brand inferred from an unanimous Shobi code suffix
2406,1677-BYR,ELEVENTH HOUR,BYR,Byredo,FOUND,EXACT_BRAND_NAME,1.0000,1,Byredo,Eleventh Hour,50934,https://www.fragrantica.com/perfume/Byredo/Eleventh-Hour-50934.html,Brand inferred from an unanimous Shobi code suffix
2405,1678-BYR,SELLIER,BYR,Byredo,FOUND,EXACT_BRAND_NAME,1.0000,1,Byredo,Sellier,58572,https://www.fragrantica.com/perfume/Byredo/Sellier-58572.html,Brand inferred from an unanimous Shobi code suffix
2404,1672-KIL,VODKA ON THE ROCKS - KILIAN,KIL,By Kilian,NOT_FOUND,,,0,,,,,
2403,1656-LOC,,LOC,,NOT_FOUND,,,0,,,,,
2402,1657-TMU,A*MEN PURE TONKA,TMU,,FOUND,EXACT_UNIQUE_NAME,1.0000,1,Mugler,A Men Pure Tonka,35590,https://www.fragrantica.com/perfume/Mugler/A-Men-Pure-Tonka-35590.html,Perfume name is unique across the entire URL corpus
2401,1659-CHRA,,CHRA,,NOT_FOUND,,,0,,,,,
2400,1655-JOM,Oat & Cornflower by Jo Malone London,JOM,Jo Malone London,NOT_FOUND,,,0,,,,,
2399,1658-GUR,LA PETITE ROBE NOIRE - GUERLAIN,GUR,Guerlain,NOT_FOUND,,,0,,,,,
2398,1671-KIL,ROLLING IN LOVE - KILIAN,KIL,By Kilian,NOT_FOUND,,,0,,,,,
2397,1670-NAS,,NAS,,NOT_FOUND,,,0,,,,,
2396,1669-PARF,GREENLEY - PARFUMS DE MARLY,PARF,Parfums de Marly,NOT_FOUND,,,0,,,,,
2395,1673-XER,MORE THAN WORDS,XER,Xerjoff,FOUND,EXACT_BRAND_NAME,1.0000,1,Xerjoff,More Than Words,16450,https://www.fragrantica.com/perfume/Xerjoff/More-Than-Words-16450.html,Brand inferred from an unanimous Shobi code suffix
2394,1674-KUR,L'HOMME A LA ROSE,KUR,,FOUND,EXACT_UNIQUE_NAME,1.0000,1,Maison Francis Kurkdjian,L Homme A la Rose,61779,https://www.fragrantica.com/perfume/Maison-Francis-Kurkdjian/L-Homme-A-la-Rose-61779.html,Perfume name is unique across the entire URL corpus
2393,1660-ESCE,MOLECULE 01,ESCE,,NOT_FOUND,,,0,,,,,
2386,1653-MAN,ROSES VANILLE - MANCERA,MAN,,NOT_FOUND,,,0,,,,,
2385,1648-FRE,the notes of CARNAL FLOWER,FRE,,NOT_FOUND,,,0,,,,,
2384,1652-DRC,MISS EAU DE PARFUM 2021,DRC,Dior,NOT_FOUND,,,0,,,,,
2383,1651-TMU,ALIEN GODDESS,TMU,,FOUND,EXACT_UNIQUE_NAME,1.0000,1,Mugler,Alien Goddess,68354,https://www.fragrantica.com/perfume/Mugler/Alien-Goddess-68354.html,Perfume name is unique across the entire URL corpus
2382,1504-DON,BE DELICIOUS ΜΑΙ ΤΑΙ - DKNY,DON,Donna Karan,NOT_FOUND,,,0,,,,,
2381,1650-LAN,LA VIE EST BELLE SOLEIL CRISTAL,LAN,Lancôme,FOUND,EXACT_BRAND_NAME,1.0000,1,Lancome,La Vie Est Belle Soleil Cristal,65156,https://www.fragrantica.com/perfume/Lancome/La-Vie-Est-Belle-Soleil-Cristal-65156.html,Brand inferred from an unanimous Shobi code suffix
2377,1639-TER,,TER,,NOT_FOUND,,,0,,,,,
2376,1641-KHAL,,KHAL,,NOT_FOUND,,,0,,,,,
2375,1640-GUC,the Voice of the Snake,GUC,Gucci,FOUND,EXACT_BRAND_NAME,1.0000,1,Gucci,The Voice Of The Snake,53088,https://www.fragrantica.com/perfume/Gucci/The-Voice-Of-The-Snake-53088.html,Brand inferred from an unanimous Shobi code suffix
2374,1638-XER,STAR MUSK,XER,Xerjoff,FOUND,EXACT_BRAND_NAME,1.0000,1,Xerjoff,Star Musk,21617,https://www.fragrantica.com/perfume/Xerjoff/Star-Musk-21617.html,Brand inferred from an unanimous Shobi code suffix
2371,,SAUVAGE ELIXIR,,,FOUND,EXACT_UNIQUE_NAME,1.0000,1,Dior,Sauvage Elixir,68415,https://www.fragrantica.com/perfume/Dior/Sauvage-Elixir-68415.html,Perfume name is unique across the entire URL corpus
2370,1643-GUL,CLASSIQUE CABARET,GUL,Jean Paul Gaultier,NOT_FOUND,,,0,,,,,
2369,1642-VICT,ROSE CARAMEL - VICTORIA'S SECRET,VICT,,NOT_FOUND,,,0,,,,,
2368,1637-CRD,Love in Black,CRD,Creed,FOUND,EXACT_BRAND_NAME,1.0000,1,Creed,Love in Black,4261,https://www.fragrantica.com/perfume/Creed/Love-in-Black-4261.html,Brand inferred from an unanimous Shobi code suffix
2366,1616-MDI,,MDI,,NOT_FOUND,,,0,,,,,
2365,1625-KIL,APPLE BRANDY - KILIAN,KIL,By Kilian,NOT_FOUND,,,0,,,,,
2352,1622-FRA,the notes of COCAINE-FRANCK BOCLET,FRA,Franck Boclet,NOT_FOUND,,,0,,,,,
2351,1624-XER,LA CAPITALE,XER,Xerjoff,FOUND,EXACT_BRAND_NAME,1.0000,1,Xerjoff,La Capitale,55782,https://www.fragrantica.com/perfume/Xerjoff/La-Capitale-55782.html,Brand inferred from an unanimous Shobi code suffix
2350,1626-BON,NEW HAARLEM - BOND,BON,,NOT_FOUND,,,0,,,,,
2349,1635-XER,LIRA,XER,Xerjoff,FOUND,EXACT_BRAND_NAME,1.0000,1,Xerjoff,Lira,11801,https://www.fragrantica.com/perfume/Xerjoff/Lira-11801.html,Brand inferred from an unanimous Shobi code suffix
2348,1627-CLIV,,CLIV,Clive Christian,NOT_FOUND,,,0,,,,,
2347,1621-NAS,,NAS,,NOT_FOUND,,,0,,,,,
2346,1623-ARM,AMBRE ECCENTRICO,ARM,Giorgio Armani,FOUND,EXACT_BRAND_NAME,1.0000,1,Giorgio Armani,Ambre Eccentrico,31209,https://www.fragrantica.com/perfume/Giorgio-Armani/Ambre-Eccentrico-31209.html,Brand inferred from an unanimous Shobi code suffix
2343,1620-GUR,SPIRITUESE DOUBLE VANILLA,GUR,Guerlain,NOT_FOUND,,,0,,,,,
2341,1630-GUL,SCANDAL POUR HOMME,GUL,Jean Paul Gaultier,FOUND,EXACT_BRAND_NAME,1.0000,1,Jean Paul Gaultier,Scandal Pour Homme,68074,https://www.fragrantica.com/perfume/Jean-Paul-Gaultier/Scandal-Pour-Homme-68074.html,Brand inferred from an unanimous Shobi code suffix
2340,1634-BRB,HERO,BRB,,AMBIGUOUS,EXACT_NAME_MULTIPLE_CANDIDATES,,6,,,,,Same perfume name exists under multiple candidates
2339,1632-PAC,PHANTOM,PAC,Rabanne,FOUND,EXACT_BRAND_NAME,1.0000,1,Rabanne,Phantom,68226,https://www.fragrantica.com/perfume/Rabanne/Phantom-68226.html,Brand inferred from an unanimous Shobi code suffix
2338,1633-PAC,INVICTUS VICTORY,PAC,Rabanne,FOUND,EXACT_BRAND_NAME,1.0000,1,Rabanne,Invictus Victory,65177,https://www.fragrantica.com/perfume/Rabanne/Invictus-Victory-65177.html,Brand inferred from an unanimous Shobi code suffix
2337,1619-NISH,HUNDRED SILENT WAYS - NISHANE,NISH,Nishane,NOT_FOUND,,,0,,,,,
2336,1618-NISH,ANI - NISHANE,NISH,Nishane,NOT_FOUND,,,0,,,,,
2334,,,,,NOT_FOUND,,,0,,,,,
2333,1617-MNT,VANILLA EXTASY - MONTALE,MNT,,NOT_FOUND,,,0,,,,,
2331,1550-YAN,,YAN,,NOT_FOUND,,,0,,,,,
2329,100-AMG,JUBILATION XXV MAN,AMG,Amouage,FOUND,EXACT_BRAND_NAME,1.0000,1,Amouage,Jubilation XXV Man,2366,https://www.fragrantica.com/perfume/Amouage/Jubilation-XXV-Man-2366.html,Brand inferred from an unanimous Shobi code suffix
2328,1614-FRE,the notes of DAWN,FRE,,NOT_FOUND,,,0,,,,,
2327,1615-FRE,the notes of PROMISE,FRE,,NOT_FOUND,,,0,,,,,
2326,323-NAS,,NAS,,NOT_FOUND,,,0,,,,,
2325,1612-LTN,the fragrance notes,LTN,,NOT_FOUND,,,0,,,,,
2324,1613-FRE,the notes of THE NIGHT,FRE,,NOT_FOUND,,,0,,,,,
2323,1558-TMFO,TUBEREUSE NUE,TMFO,Tom Ford,FOUND,EXACT_BRAND_NAME,1.0000,1,Tom Ford,Tubereuse Nue,64698,https://www.fragrantica.com/perfume/Tom-Ford/Tubereuse-Nue-64698.html,Brand inferred from an unanimous Shobi code suffix
2322,1559-VICT,ANGEL GOLD - VICTORIA'S SECRET,VICT,,NOT_FOUND,,,0,,,,,
2321,1556-CHA,COROMANDEL PARFUM,CHA,Chanel,FOUND,EXACT_BRAND_NAME,1.0000,1,Chanel,Coromandel Parfum,56712,https://www.fragrantica.com/perfume/Chanel/Coromandel-Parfum-56712.html,Brand inferred from an unanimous Shobi code suffix
2320,1557-FRE,the notes of ROSE & CUIR,FRE,,NOT_FOUND,,,0,,,,,
2319,1555-GUR,SHALIMAR PHILTRE DE PARFUM - GUERLAIN,GUR,Guerlain,NOT_FOUND,,,0,,,,,
2318,1554-VICT,BOMBSHELL GOLD - VICTORIA'S SECRET,VICT,,NOT_FOUND,,,0,,,,,
2317,1551-VICT,TEASE DREAMER - VICTORIA'S SECRET,VICT,,NOT_FOUND,,,0,,,,,
2316,1552-VER,YELLOW DIAMOND,VER,Versace,FOUND,EXACT_BRAND_NAME,1.0000,1,Versace,Yellow Diamond,13064,https://www.fragrantica.com/perfume/Versace/Yellow-Diamond-13064.html,Brand inferred from an unanimous Shobi code suffix
2315,1553-MNT,ARABIANS TONKA - MONTALE,MNT,,NOT_FOUND,,,0,,,,,
2312,1476-NRO,MUSC NOIR FOR HER - NARCISO RODRIGUEZ,NRO,Narciso Rodriguez,NOT_FOUND,,,0,,,,,
2311,1477-HER,H24 - HERMES,HER,Hermès,NOT_FOUND,,,0,,,,,
2310,1537-CHA,LE LION,CHA,Chanel,NOT_FOUND,,,0,,,,,
2309,1539-ORT,,ORT,Orto Parisi,NOT_FOUND,,,0,,,,,
2308,1524-AMG,INTERLUDE WOMAN,AMG,Amouage,FOUND,EXACT_BRAND_NAME,1.0000,1,Amouage,Interlude Woman,15295,https://www.fragrantica.com/perfume/Amouage/Interlude-Woman-15295.html,Brand inferred from an unanimous Shobi code suffix
2307,1525-AMG,REFLECTION WOMAN,AMG,Amouage,FOUND,EXACT_BRAND_NAME,1.0000,1,Amouage,Reflection Woman,919,https://www.fragrantica.com/perfume/Amouage/Reflection-Woman-919.html,Brand inferred from an unanimous Shobi code suffix
2306,1514-KIL,WATER CALIGRAPHY - KILIAN,KIL,By Kilian,NOT_FOUND,,,0,,,,,
2305,1498-BYR,GYPSY WATER,BYR,Byredo,FOUND,EXACT_BRAND_NAME,1.0000,1,Byredo,Gypsy Water,3575,https://www.fragrantica.com/perfume/Byredo/Gypsy-Water-3575.html,Brand inferred from an unanimous Shobi code suffix
2304,1512-KIL,IN THE CITY OF SIN - KILIAN,KIL,By Kilian,NOT_FOUND,,,0,,,,,
2303,1497-BYR,CASABLANCA LILY,BYR,Byredo,FOUND,EXACT_BRAND_NAME,1.0000,1,Byredo,Casablanca Lily,32777,https://www.fragrantica.com/perfume/Byredo/Casablanca-Lily-32777.html,Brand inferred from an unanimous Shobi code suffix
2302,1511-KIL,FORBIDDEN GAMES - KILIAN,KIL,By Kilian,NOT_FOUND,,,0,,,,,
2300,1510-KIL,BAMBOO HARMONY - KILIAN,KIL,By Kilian,NOT_FOUND,,,0,,,,,
2299,1499-BYR,MOJAVE GHOST,BYR,Byredo,FOUND,EXACT_BRAND_NAME,1.0000,1,Byredo,Mojave Ghost,27040,https://www.fragrantica.com/perfume/Byredo/Mojave-Ghost-27040.html,Brand inferred from an unanimous Shobi code suffix
2298,1547-TMFO,SANTAL BLUSH,TMFO,Tom Ford,FOUND,EXACT_BRAND_NAME,1.0000,1,Tom Ford,Santal Blush,12766,https://www.fragrantica.com/perfume/Tom-Ford/Santal-Blush-12766.html,Brand inferred from an unanimous Shobi code suffix
2296,1535-BOA,BLUE SAPPHIRE,BOA,,AMBIGUOUS,EXACT_NAME_MULTIPLE_CANDIDATES,,3,,,,,Same perfume name exists under multiple candidates
2295,1536-BOA,HEROINE for women,BOA,,NOT_FOUND,,,0,,,,,
2294,1538-FRE,the notes of THE MOON,FRE,,NOT_FOUND,,,0,,,,,
2287,1484-VAL,UOMO BORN IN ROMA - VALENTINO,VAL,Valentino,NOT_FOUND,,,0,,,,,
2286,1487-PAC,BLACK XS L'APHRODISIAQUE for men,PAC,Rabanne,FOUND,EXACT_BRAND_NAME,1.0000,1,Rabanne,Black XS L Aphrodisiaque for Men,18899,https://www.fragrantica.com/perfume/Rabanne/Black-XS-L-Aphrodisiaque-for-Men-18899.html,Brand inferred from an unanimous Shobi code suffix
2285,1488-LBI,,LBI,,NOT_FOUND,,,0,,,,,
2284,1480-ARM,STRONGER WITH YOU ABSOLUTELY,ARM,Giorgio Armani,NOT_FOUND,,,0,,,,,
2283,1483-DSQ,,DSQ,,NOT_FOUND,,,0,,,,,
2282,1490-DRC,HOMME 2020,DRC,Dior,NOT_FOUND,,,0,,,,,
2281,1478-HUG,BOSS BOTTLED EAU DE PARFUM - BOSS,HUG,,NOT_FOUND,,,0,,,,,
2280,1520-YZLO,LIBRE INTENSE,YZLO,Yves Saint Laurent,FOUND,EXACT_BRAND_NAME,1.0000,1,Yves Saint Laurent,Libre Intense,62318,https://www.fragrantica.com/perfume/Yves-Saint-Laurent/Libre-Intense-62318.html,Brand inferred from an unanimous Shobi code suffix
2279,1517-MOS,TOY 2 - MOSCHINO,MOS,,NOT_FOUND,,,0,,,,,
2278,1515-LAN,LA NUIT TRESOR DENTELLE DE ROSES,LAN,Lancôme,FOUND,EXACT_BRAND_NAME,1.0000,1,Lancome,La Nuit Tresor Dentelle de Roses,64639,https://www.fragrantica.com/perfume/Lancome/La-Nuit-Tresor-Dentelle-de-Roses-64639.html,Brand inferred from an unanimous Shobi code suffix
2277,1503-DRC,HYPNOTIC POISON EAU SECRETE,DRC,Dior,FOUND,EXACT_BRAND_NAME,1.0000,1,Dior,Hypnotic Poison Eau Secrete,17218,https://www.fragrantica.com/perfume/Dior/Hypnotic-Poison-Eau-Secrete-17218.html,Brand inferred from an unanimous Shobi code suffix
2276,1502-CHA,the fragrance COCON MADEM L'EAU PRIVEE,CHA,Chanel,NOT_FOUND,,,0,,,,,
2275,1495-BRB,Her London Dream,BRB,,NOT_FOUND,,,0,,,,,
2274,1522-ZAD,THIS IS US! - ZADIG & VOLTAIRE TYPE PERFUMEAmber Woody fragrance for women and men,ZAD,Zadig & Voltaire,NOT_FOUND,,,0,,,,,
2271,,,,,NOT_FOUND,,,0,,,,,
2270,1479-HER,L'OMBRE DES MERVEILLES - HERMES,HER,Hermès,NOT_FOUND,,,0,,,,,
2269,1528-KUR,BACCARAT ROUGE 540 EXTRAIT,KUR,,NOT_FOUND,,,0,,,,,
2267,1507-HUG,ALIVE EAU DE PARFUM - BOSS,HUG,,NOT_FOUND,,,0,,,,,
2266,1508-KIL,ANGELS SHARE - KILIAN,KIL,By Kilian,NOT_FOUND,,,0,,,,,
2254,1533-SERG,AMBRE SULTAN - SERGE LUTENS,SERG,,NOT_FOUND,,,0,,,,,
2252,1530-INI,DIVINE ATTRACTION - INITIO PARFUMS (U) PERFUME,INI,Initio Parfums Privés,NOT_FOUND,,,0,,,,,
2251,1516-LAN,LA NUIT TRESOR NUDE,LAN,Lancôme,FOUND,EXACT_BRAND_NAME,1.0000,1,Lancome,La Nuit Tresor Nude,58825,https://www.fragrantica.com/perfume/Lancome/La-Nuit-Tresor-Nude-58825.html,Brand inferred from an unanimous Shobi code suffix
2250,1531-PARF,KALAN - PARFUMS DE MARLY,PARF,Parfums de Marly,NOT_FOUND,,,0,,,,,
2249,1500-BYR,TOBACCO MANDARIN,BYR,Byredo,FOUND,EXACT_BRAND_NAME,1.0000,1,Byredo,Tobacco Mandarin,63031,https://www.fragrantica.com/perfume/Byredo/Tobacco-Mandarin-63031.html,Brand inferred from an unanimous Shobi code suffix
2248,1521-ZAD,GIRLS CAN BE CRAZY - ZADIG & VOLTAIRE,ZAD,Zadig & Voltaire,NOT_FOUND,,,0,,,,,
2247,1529-BDIK,ROUGE SMOKING - BDK,BDIK,,NOT_FOUND,,,0,,,,,
2246,1519-YZLO,CAPELINE,YZLO,Yves Saint Laurent,FOUND,EXACT_BRAND_NAME,1.0000,1,Yves Saint Laurent,Capeline,60081,https://www.fragrantica.com/perfume/Yves-Saint-Laurent/Capeline-60081.html,Brand inferred from an unanimous Shobi code suffix
2245,1546-TMFO,BITTER PEACH,TMFO,Tom Ford,FOUND,EXACT_BRAND_NAME,1.0000,1,Tom Ford,Bitter Peach,62707,https://www.fragrantica.com/perfume/Tom-Ford/Bitter-Peach-62707.html,Brand inferred from an unanimous Shobi code suffix
2244,1548-TMFO,SOLEIL NIEGE,TMFO,Tom Ford,NOT_FOUND,,,0,,,,,
2243,1545-MNT,INTENSE TIARE - MONTALE,MNT,,NOT_FOUND,,,0,,,,,
2242,1513-KIL,PRINCESS - KILIAN PERFUME,KIL,By Kilian,NOT_FOUND,,,0,,,,,
2241,1549-TMFO,VENETIAN BERGAMOT,TMFO,Tom Ford,FOUND,EXACT_BRAND_NAME,1.0000,1,Tom Ford,Venetian Bergamot,31696,https://www.fragrantica.com/perfume/Tom-Ford/Venetian-Bergamot-31696.html,Brand inferred from an unanimous Shobi code suffix
2240,164-PEN,HALFETI LEATHER,PEN,Penhaligon's,FOUND,EXACT_BRAND_NAME,1.0000,1,Penhaligon s,Halfeti Leather,61523,https://www.fragrantica.com/perfume/Penhaligon-s/Halfeti-Leather-61523.html,Brand inferred from an unanimous Shobi code suffix
2239,114-CRD,EROLFA,CRD,Creed,FOUND,EXACT_BRAND_NAME,1.0000,1,Creed,Erolfa,4248,https://www.fragrantica.com/perfume/Creed/Erolfa-4248.html,Brand inferred from an unanimous Shobi code suffix
2238,134-KUR,AMYRIS HOMME,KUR,,FOUND,EXACT_UNIQUE_NAME,1.0000,1,Maison Francis Kurkdjian,Amyris Homme,15566,https://www.fragrantica.com/perfume/Maison-Francis-Kurkdjian/Amyris-Homme-15566.html,Perfume name is unique across the entire URL corpus
2237,147-NAS,,NAS,,NOT_FOUND,,,0,,,,,
2236,176-THAM,PEREGRINA - THAMEEN,THAM,,NOT_FOUND,,,0,,,,,
2235,170-ROJ,,ROJ,Roja Dove,NOT_FOUND,,,0,,,,,
2234,169-ROJ,,ROJ,Roja Dove,NOT_FOUND,,,0,,,,,
2233,161-PEN,CAIRO,PEN,Penhaligon's,FOUND,EXACT_BRAND_NAME,1.0000,1,Penhaligon s,Cairo,54665,https://www.fragrantica.com/perfume/Penhaligon-s/Cairo-54665.html,Brand inferred from an unanimous Shobi code suffix
2232,129-LEL,ROSE 31 - LE LABO,LEL,Le Labo,NOT_FOUND,,,0,,,,,
2231,128-LEL,BERGAMOTE 22 - LE LABO,LEL,Le Labo,NOT_FOUND,,,0,,,,,
2230,155-PARF,LAYTON EXCLUSIF - PARFUMS DE MARLY,PARF,Parfums de Marly,NOT_FOUND,,,0,,,,,
2229,151-PARF,DELINA - PARFUMS DE MARLY,PARF,Parfums de Marly,NOT_FOUND,,,0,,,,,
2228,158-PARF,PERCIVAL - PARFUMS DE MARLY,PARF,Parfums de Marly,NOT_FOUND,,,0,,,,,
2227,137-KUR,GRAND SOIR,KUR,,FOUND,EXACT_UNIQUE_NAME,1.0000,1,Maison Francis Kurkdjian,Grand Soir,40816,https://www.fragrantica.com/perfume/Maison-Francis-Kurkdjian/Grand-Soir-40816.html,Perfume name is unique across the entire URL corpus
2226,140-KUR,OUD SILK MOOD,KUR,,FOUND,EXACT_UNIQUE_NAME,1.0000,1,Maison Francis Kurkdjian,Oud Silk Mood,48456,https://www.fragrantica.com/perfume/Maison-Francis-Kurkdjian/Oud-Silk-Mood-48456.html,Perfume name is unique across the entire URL corpus
2224,121-INI,ATOMIC ROSE - INITIO PERFUME,INI,Initio Parfums Privés,NOT_FOUND,,,0,,,,,
2223,124-INI,Side Effect - Initio Parfums Prives,INI,Initio Parfums Privés,NOT_FOUND,,,0,,,,,
2220,461-CAC,GLORIA,CAC,,FOUND,EXACT_UNIQUE_NAME,1.0000,1,Cacharel,Gloria,246,https://www.fragrantica.com/perfume/Cacharel/Gloria-246.html,Perfume name is unique across the entire URL corpus
2219,1261-TMU,B*MEN,TMU,,FOUND,EXACT_UNIQUE_NAME,1.0000,1,Mugler,B Men,706,https://www.fragrantica.com/perfume/Mugler/B-Men-706.html,Perfume name is unique across the entire URL corpus
2218,826-MIS,,MIS,,NOT_FOUND,,,0,,,,,
2217,1217-MONT,,MONT,,NOT_FOUND,,,0,,,,,
2216,609-ESC,,ESC,,NOT_FOUND,,,0,,,,,
2215,1003-ACQ,COLONIA CLUB,ACQ,Acqua di Parma,FOUND,EXACT_BRAND_NAME,1.0000,1,Acqua di Parma,Colonia Club,31424,https://www.fragrantica.com/perfume/Acqua-di-Parma/Colonia-Club-31424.html,Brand inferred from an unanimous Shobi code suffix
2214,125-JUL,LIQUID ILLUSION - JULIETTE HAS A GUN,JUL,Juliette Has A Gun,NOT_FOUND,,,0,,,,,
2213,896-RCAV,SPLENDID VANILLA - ROBERTO CAVALLI,RCAV,,NOT_FOUND,,,0,,,,,
2212,919-TMU,ALIEN ESSENCE ABSOLUE,TMU,,FOUND,EXACT_UNIQUE_NAME,1.0000,1,Mugler,Alien Essence Absolue,15452,https://www.fragrantica.com/perfume/Mugler/Alien-Essence-Absolue-15452.html,Perfume name is unique across the entire URL corpus
2211,454-BYR,SUNDAZED,BYR,Byredo,FOUND,EXACT_BRAND_NAME,1.0000,1,Byredo,Sundazed,54747,https://www.fragrantica.com/perfume/Byredo/Sundazed-54747.html,Brand inferred from an unanimous Shobi code suffix
2210,803-LAU,,LAU,,NOT_FOUND,,,0,,,,,
2209,136-KUR,GENTLE FLUIDITY SILVER,KUR,,FOUND,EXACT_UNIQUE_NAME,1.0000,1,Maison Francis Kurkdjian,Gentle Fluidity Silver,53400,https://www.fragrantica.com/perfume/Maison-Francis-Kurkdjian/Gentle-Fluidity-Silver-53400.html,Perfume name is unique across the entire URL corpus
2208,246-JOM,Bronze Wood & Leather by Jo Malone London,JOM,Jo Malone London,NOT_FOUND,,,0,,,,,
2207,180-XER,CASAMORATI 1888,XER,Xerjoff,FOUND,EXACT_UNIQUE_NAME,1.0000,1,Fragrance World,Casamorati 1888,104515,https://www.fragrantica.com/perfume/Fragrance-World/Casamorati-1888-104515.html,Perfume name is unique across the entire URL corpus
2206,703-HER,KELLY CALECHE - HERMES,HER,Hermès,NOT_FOUND,,,0,,,,,
2205,126-KIL,LIGHT MY FIRE - KILIAN PERFUME,KIL,By Kilian,NOT_FOUND,,,0,,,,,
2204,171-DUP,,DUP,,NOT_FOUND,,,0,,,,,
2201,1501-CAR,MYSTERY TOBACCO,CAR,,FOUND,EXACT_UNIQUE_NAME,1.0000,1,Carolina Herrera,Mystery Tobacco,40373,https://www.fragrantica.com/perfume/Carolina-Herrera/Mystery-Tobacco-40373.html,Perfume name is unique across the entire URL corpus
2200,1126-ARM,ACQUA DI GIO PROFONDO,ARM,Giorgio Armani,FOUND,EXACT_BRAND_NAME,1.0000,1,Giorgio Armani,Acqua di Gio Profondo,59532,https://www.fragrantica.com/perfume/Giorgio-Armani/Acqua-di-Gio-Profondo-59532.html,Brand inferred from an unanimous Shobi code suffix
2199,786-LAN,LA VIE EST BELLE INTENSEMENT,LAN,Lancôme,FOUND,EXACT_BRAND_NAME,1.0000,1,Lancome,La Vie Est Belle Intensement,59326,https://www.fragrantica.com/perfume/Lancome/La-Vie-Est-Belle-Intensement-59326.html,Brand inferred from an unanimous Shobi code suffix
2198,937-VAL,DONNA BORN IN ROMA - VALENTINO,VAL,Valentino,NOT_FOUND,,,0,,,,,
2196,109-ARM,MUSC SHAMAL,ARM,Giorgio Armani,FOUND,EXACT_BRAND_NAME,1.0000,1,Giorgio Armani,Musc Shamal,55282,https://www.fragrantica.com/perfume/Giorgio-Armani/Musc-Shamal-55282.html,Brand inferred from an unanimous Shobi code suffix
2194,725-GUL,Scandal by night,GUL,Jean Paul Gaultier,FOUND,EXACT_BRAND_NAME,1.0000,1,Jean Paul Gaultier,Scandal By Night,50715,https://www.fragrantica.com/perfume/Jean-Paul-Gaultier/Scandal-By-Night-50715.html,Brand inferred from an unanimous Shobi code suffix
2193,367-TMFO,ROSE PRICK,TMFO,Tom Ford,FOUND,EXACT_BRAND_NAME,1.0000,1,Tom Ford,Rose Prick,58781,https://www.fragrantica.com/perfume/Tom-Ford/Rose-Prick-58781.html,Brand inferred from an unanimous Shobi code suffix
2192,135-KUR,GENTLE FLUIDITY GOLD,KUR,,FOUND,EXACT_UNIQUE_NAME,1.0000,1,Maison Francis Kurkdjian,Gentle Fluidity Gold,53401,https://www.fragrantica.com/perfume/Maison-Francis-Kurkdjian/Gentle-Fluidity-Gold-53401.html,Perfume name is unique across the entire URL corpus
2191,120-INI,ABSOLUTE APHRODISIAC - INITIO PARFUMS,INI,Initio Parfums Privés,NOT_FOUND,,,0,,,,,
2190,123-INI,PSYCHEDELIC LOVE - INITIO PARFUMS PRIVES,INI,Initio Parfums Privés,NOT_FOUND,,,0,,,,,
2150,922-TMU,ANGEL NOVA,TMU,,FOUND,EXACT_UNIQUE_NAME,1.0000,1,Mugler,Angel Nova,61519,https://www.fragrantica.com/perfume/Mugler/Angel-Nova-61519.html,Perfume name is unique across the entire URL corpus
2149,689-GUR,,GUR,Guerlain,NOT_FOUND,,,0,,,,,
2148,966-VICT,TEASE - VICTORIA'S SECRET,VICT,,NOT_FOUND,,,0,,,,,
2146,410-BOD,BLACK MUSK - BODY SHOP,BOD,,NOT_FOUND,,,0,,,,,
2145,637-EST,SPELLBOUND - ESTEE LAUDER,EST,,NOT_FOUND,,,0,,,,,
2142,1209-MNTB,EXPLORER - MONT BLANC,MNTB,,NOT_FOUND,,,0,,,,,
2141,1505-EST,BRONZE GODDESS AZUR - ESTEE LAUDER,EST,,NOT_FOUND,,,0,,,,,
2140,165-PEN,THE TRAGEDY OF LORD GEORGE,PEN,Penhaligon's,FOUND,EXACT_BRAND_NAME,1.0000,1,Penhaligon s,The Tragedy of Lord George,40716,https://www.fragrantica.com/perfume/Penhaligon-s/The-Tragedy-of-Lord-George-40716.html,Brand inferred from an unanimous Shobi code suffix
2133,142-MAN,CEDRAT BOISE - MANCERA,MAN,,NOT_FOUND,,,0,,,,,
2132,122-INI,OUD FOR GREATNESS - INITIO PARFUMS PRIVES (U) PERFUME,INI,Initio Parfums Privés,NOT_FOUND,,,0,,,,,
2131,132-LTN,the fragrance notes,LTN,,NOT_FOUND,,,0,,,,,
2127,178-VIL,MANGO SKIN - VILHELM PARFUMERIE,VIL,,NOT_FOUND,,,0,,,,,
2126,133-MICA,YLANG IN GOLD - M,MICA,,NOT_FOUND,,,0,,,,,
2125,159-PARF,SAFANAD - PARFUMS DE MARLY,PARF,Parfums de Marly,NOT_FOUND,,,0,,,,,
2124,112-BON,BLEECKER STREET - BOND,BON,,NOT_FOUND,,,0,,,,,
2123,654-ARM,MY WAY,ARM,Giorgio Armani,FOUND,EXACT_BRAND_NAME,1.0000,1,Giorgio Armani,My Way,62036,https://www.fragrantica.com/perfume/Giorgio-Armani/My-Way-62036.html,Brand inferred from an unanimous Shobi code suffix
2122,150-PARF,CASSILI - PARFUMS DE MARLY,PARF,Parfums de Marly,NOT_FOUND,,,0,,,,,
2120,157-PARF,PEGASUS - PARFUMS DE MARLY,PARF,Parfums de Marly,NOT_FOUND,,,0,,,,,
2119,119-HIS,1725 - HISTOIRES DE PARFUMS,HIS,,NOT_FOUND,,,0,,,,,
2118,179-XER,1861 NAXOS,XER,Xerjoff,NOT_FOUND,,,0,,,,,
2117,144-MAN,VANILLE EXCLUSIF - MANCERA,MAN,,NOT_FOUND,,,0,,,,,
2116,1288-YZLO,TUXEDO,YZLO,Yves Saint Laurent,FOUND,EXACT_BRAND_NAME,1.0000,1,Yves Saint Laurent,Tuxedo,32269,https://www.fragrantica.com/perfume/Yves-Saint-Laurent/Tuxedo-32269.html,Brand inferred from an unanimous Shobi code suffix
2115,370-TMFO,SOLE DI POSITANO,TMFO,Tom Ford,FOUND,EXACT_BRAND_NAME,1.0000,1,Tom Ford,Sole di Positano,44106,https://www.fragrantica.com/perfume/Tom-Ford/Sole-di-Positano-44106.html,Brand inferred from an unanimous Shobi code suffix
2114,306-LAN,,LAN,Lancôme,NOT_FOUND,,,0,,,,,
2113,203-CLIV,X FOR MEN - CLIVE CHRISTIAN,CLIV,Clive Christian,NOT_FOUND,,,0,,,,,
2112,108-ARM,BLEU LAZULI,ARM,Giorgio Armani,NOT_FOUND,,,0,,,,,
2111,,,,,NOT_FOUND,,,0,,,,,
2109,143-MAN,RED TOBACCO - MANCERA,MAN,,NOT_FOUND,,,0,,,,,
2108,117-EXN,SWEET MORPHINE - EX NIHILO,EXN,Ex Nihilo,NOT_FOUND,,,0,,,,,
2105,383-YAN,,YAN,,NOT_FOUND,,,0,,,,,
2104,1017-AZZ,CHROME,AZZ,Azzaro,FOUND,EXACT_BRAND_NAME,1.0000,1,Azzaro,Chrome,788,https://www.fragrantica.com/perfume/Azzaro/Chrome-788.html,Brand inferred from an unanimous Shobi code suffix
2103,975-YZLO,ATLAS GARDEN,YZLO,Yves Saint Laurent,FOUND,EXACT_BRAND_NAME,1.0000,1,Yves Saint Laurent,Atlas Garden,58274,https://www.fragrantica.com/perfume/Yves-Saint-Laurent/Atlas-Garden-58274.html,Brand inferred from an unanimous Shobi code suffix
2101,402-ARIA,SWEET LIKE CANDY - ARIANA GRANDE,ARIA,,NOT_FOUND,,,0,,,,,
2100,291-JOM,Tuberose Angelica by Jo Malone London,JOM,Jo Malone London,NOT_FOUND,,,0,,,,,
2099,1205-LOL,,LOL,,NOT_FOUND,,,0,,,,,
2098,972-VICT,WARM COCONUT SUGAR - VICTORIA'S SECRET,VICT,,NOT_FOUND,,,0,,,,,
2097,1234-PAC,PURE XS NIGHT,PAC,Rabanne,FOUND,EXACT_BRAND_NAME,1.0000,1,Rabanne,Pure XS Night,53453,https://www.fragrantica.com/perfume/Rabanne/Pure-XS-Night-53453.html,Brand inferred from an unanimous Shobi code suffix
2096,166-AZ,,AZ,,NOT_FOUND,,,0,,,,,
2095,1228-PAC,INVICTUS LEGEND,PAC,Rabanne,FOUND,EXACT_BRAND_NAME,1.0000,1,Rabanne,Invictus Legend,54323,https://www.fragrantica.com/perfume/Rabanne/Invictus-Legend-54323.html,Brand inferred from an unanimous Shobi code suffix
2094,160-PEN,BEWITCHING YASMINE,PEN,Penhaligon's,NOT_FOUND,,,0,,,,,
2093,163-PEN,HALFETI,PEN,Penhaligon's,FOUND,EXACT_BRAND_NAME,1.0000,1,Penhaligon s,Halfeti,31396,https://www.fragrantica.com/perfume/Penhaligon-s/Halfeti-31396.html,Brand inferred from an unanimous Shobi code suffix
2092,162-PEN,ENDYMION CONCENTRE,PEN,Penhaligon's,FOUND,EXACT_BRAND_NAME,1.0000,1,Penhaligon s,Endymion Concentre,38352,https://www.fragrantica.com/perfume/Penhaligon-s/Endymion-Concentre-38352.html,Brand inferred from an unanimous Shobi code suffix
2091,1046-CAL,EVERYONE - CK,CAL,,NOT_FOUND,,,0,,,,,
2090,347-TMFO,GREY VETIVER (M),TMFO,Tom Ford,NOT_FOUND,,,0,,,,,
2089,341-TMFO,BLACK ORCHID OUD,TMFO,Tom Ford,FOUND,EXACT_BRAND_NAME,1.0000,1,Tom Ford,Black Orchid Oud,42432,https://www.fragrantica.com/perfume/Tom-Ford/Black-Orchid-Oud-42432.html,Brand inferred from an unanimous Shobi code suffix
2087,276-JOM,Oud & Bergamot by Jo Malone London,JOM,Jo Malone London,NOT_FOUND,,,0,,,,,
2086,296-JOM,Vetiver & Golden Vanilla Jo Malone,JOM,Jo Malone London,NOT_FOUND,,,0,,,,,
2085,208-CRD,Fantasia de Fleurs,CRD,Creed,FOUND,EXACT_BRAND_NAME,1.0000,1,Creed,Fantasia de Fleurs,4249,https://www.fragrantica.com/perfume/Creed/Fantasia-de-Fleurs-4249.html,Brand inferred from an unanimous Shobi code suffix
2084,172-SHALM,MOROCCAN MUSK - SCENT SALIM,SHALM,,NOT_FOUND,,,0,,,,,
2083,932-TRU,INSIDE DELIGHT,TRU,,NOT_FOUND,,,0,,,,,
2082,861-PAC,LADY MILLION EMPIRE,PAC,Rabanne,FOUND,EXACT_BRAND_NAME,1.0000,1,Rabanne,Lady Million Empire,55787,https://www.fragrantica.com/perfume/Rabanne/Lady-Million-Empire-55787.html,Brand inferred from an unanimous Shobi code suffix
2081,789-LAN,MAGNOLIA ROSAE,LAN,Lancôme,FOUND,EXACT_BRAND_NAME,1.0000,1,Lancome,Magnolia Rosae,54193,https://www.fragrantica.com/perfume/Lancome/Magnolia-Rosae-54193.html,Brand inferred from an unanimous Shobi code suffix
2080,726-GUL,SO SCANDAL,GUL,Jean Paul Gaultier,FOUND,EXACT_BRAND_NAME,1.0000,1,Jean Paul Gaultier,So Scandal,60942,https://www.fragrantica.com/perfume/Jean-Paul-Gaultier/So-Scandal-60942.html,Brand inferred from an unanimous Shobi code suffix
2079,683-GUR,,GUR,Guerlain,NOT_FOUND,,,0,,,,,
2078,677-GUC,G by G,GUC,Gucci,NOT_FOUND,,,0,,,,,
2077,659-ARM,SI PASSIONE INTENSE,ARM,Giorgio Armani,FOUND,EXACT_BRAND_NAME,1.0000,1,Giorgio Armani,Si Passione Intense,58737,https://www.fragrantica.com/perfume/Giorgio-Armani/Si-Passione-Intense-58737.html,Brand inferred from an unanimous Shobi code suffix
2075,539-DRC,MISS ROSE & ROSES,DRC,Dior,NOT_FOUND,,,0,,,,,
2062,685-GUR,CHAMPS ELYSEES EAU DE PARFUM - GUERLAIN,GUR,Guerlain,NOT_FOUND,,,0,,,,,
2061,401-ARIA,CLOUD - ARIANA GRANDE,ARIA,,NOT_FOUND,,,0,,,,,
2059,283-JOM,Poppy & Barley Jo Malone,JOM,Jo Malone London,NOT_FOUND,,,0,,,,,
2058,141-MAN,BLACK VANILLA - MANCERA,MAN,,NOT_FOUND,,,0,,,,,
2057,152-PARF,DELINA EXCLUSIF - PARFUMS DE MARLY,PARF,Parfums de Marly,NOT_FOUND,,,0,,,,,
2053,1178-GUL,LE BEAU,GUL,Jean Paul Gaultier,FOUND,EXACT_BRAND_NAME,1.0000,1,Jean Paul Gaultier,Le Beau,55785,https://www.fragrantica.com/perfume/Jean-Paul-Gaultier/Le-Beau-55785.html,Brand inferred from an unanimous Shobi code suffix
2052,601-ESC,FLOR DEL SOL - ESCADA,ESC,,NOT_FOUND,,,0,,,,,
2051,174-SOS,ERBA PURA - SOSPIRO,SOS,Sospiro Perfumes,NOT_FOUND,,,0,,,,,
2050,231-DIP,Oud Palao,DIP,,NOT_FOUND,,,0,,,,,
1950,145-MEM,AFRICAN LEATHER - MEMO PARIS,MEM,,NOT_FOUND,,,0,,,,,
1949,130-LEL,SANTAL 26 - LE LABO,LEL,Le Labo,NOT_FOUND,,,0,,,,,
1948,102-AMG,Interlude Man,AMG,Amouage,FOUND,EXACT_BRAND_NAME,1.0000,1,Amouage,Interlude Man,15294,https://www.fragrantica.com/perfume/Amouage/Interlude-Man-15294.html,Brand inferred from an unanimous Shobi code suffix
1945,385-YAR,,YAR,,NOT_FOUND,,,0,,,,,
1944,357-TMFO,NOIR MEN,TMFO,Tom Ford,NOT_FOUND,,,0,,,,,
1943,356-TMFO,Neroli Portofino Acqua,TMFO,Tom Ford,FOUND,EXACT_BRAND_NAME,1.0000,1,Tom Ford,Neroli Portofino Acqua,32614,https://www.fragrantica.com/perfume/Tom-Ford/Neroli-Portofino-Acqua-32614.html,Brand inferred from an unanimous Shobi code suffix
1940,523-DRC,ISSIMO,DRC,Dior,NOT_FOUND,,,0,,,,,
1939,1100-DOL,THE ONE GREY,DOL,Dolce&Gabbana,FOUND,EXACT_UNIQUE_NAME,1.0000,1,Dolce Gabbana,The One Grey,50611,https://www.fragrantica.com/perfume/Dolce-Gabbana/The-One-Grey-50611.html,Perfume name is unique across the entire URL corpus
1938,1097-DOL,LIGHT BLUE DISCOVER VULCANO,DOL,Dolce&Gabbana,NOT_FOUND,,,0,,,,,
1937,564-DOL,SEXY CHOCLATE,DOL,Dolce&Gabbana,NOT_FOUND,,,0,,,,,
1936,589-ELI,,ELI,,NOT_FOUND,,,0,,,,,
1935,1088-COM,,COM,,NOT_FOUND,,,0,,,,,
1934,1072-DRC,BALADE SAUVAGE,DRC,Dior,FOUND,EXACT_BRAND_NAME,1.0000,1,Dior,Balade Sauvage,48398,https://www.fragrantica.com/perfume/Dior/Balade-Sauvage-48398.html,Brand inferred from an unanimous Shobi code suffix
1933,1509-KIL,AMBER OUD - KILIAN,KIL,By Kilian,NOT_FOUND,,,0,,,,,
1932,608-ESC,,ESC,,NOT_FOUND,,,0,,,,,
1931,993-ZAD,JUST ROCK FOR HER - ZADIG & VOLTAIRE,ZAD,Zadig & Voltaire,NOT_FOUND,,,0,,,,,
1930,967-VICT,VELVET PETALS- VICTORIA'S SECRET,VICT,,NOT_FOUND,,,0,,,,,
1929,970-VICT,VERY SEXY NOW WILD PALM,VICT,,FOUND,EXACT_UNIQUE_NAME,1.0000,1,Victoria s Secret,Very Sexy Now Wild Palm,49008,https://www.fragrantica.com/perfume/Victoria-s-Secret/Very-Sexy-Now-Wild-Palm-49008.html,Perfume name is unique across the entire URL corpus
1928,969-VICT,VERY SEXY NOW BEACH - VICTORIA'S SECRET,VICT,,NOT_FOUND,,,0,,,,,
1927,952-VICT,BOMBSHELL - VICTORIA'S SECRET,VICT,,NOT_FOUND,,,0,,,,,
1926,1482-VIC,ANTIDOTE,VIC,,FOUND,EXACT_UNIQUE_NAME,1.0000,1,Viktor Rolf,Antidote,1461,https://www.fragrantica.com/perfume/Viktor-Rolf/Antidote-1461.html,Perfume name is unique across the entire URL corpus
1924,1485-TMU,ALIEN MAN,TMU,,FOUND,EXACT_UNIQUE_NAME,1.0000,1,Mugler,Alien Man,49503,https://www.fragrantica.com/perfume/Mugler/Alien-Man-49503.html,Perfume name is unique across the entire URL corpus
1923,173-SOS,,SOS,Sospiro Perfumes,NOT_FOUND,,,0,,,,,
1922,1157-HER,TERRE D'HERMES EAU INTENSE VETIVER - HERMES,HER,Hermès,NOT_FOUND,,,0,,,,,
1921,687-GUR,L'INSTANT DE GUERLAIN - GUERLAIN,GUR,Guerlain,NOT_FOUND,,,0,,,,,
1920,679-GUC,Guilty Black Pour Femme,GUC,Gucci,NOT_FOUND,,,0,,,,,
1919,903-SALV,the fragrance notes LAGUNA - SALVADOR DALI,SALV,,NOT_FOUND,,,0,,,,,
1918,1236-PAL,,PAL,,NOT_FOUND,,,0,,,,,
1917,884-RAL,BIG PONY 2,RAL,,FOUND,EXACT_UNIQUE_NAME,1.0000,1,Ralph Lauren,Big Pony 2,9006,https://www.fragrantica.com/perfume/Ralph-Lauren/Big-Pony-2-9006.html,Perfume name is unique across the entire URL corpus
1916,1230-PAC,ONE MILLION LUCKY,PAC,Rabanne,NOT_FOUND,,,0,,,,,
1915,808-LOL,,LOL,,NOT_FOUND,,,0,,,,,
1914,1201-LBI,,LBI,,NOT_FOUND,,,0,,,,,
1913,802-LBI,,LBI,,NOT_FOUND,,,0,,,,,
1912,795-LAN,LA NUIT TRESOR MUSC DIAMANT,LAN,Lancôme,FOUND,EXACT_BRAND_NAME,1.0000,1,Lancome,La Nuit Tresor Musc Diamant,52788,https://www.fragrantica.com/perfume/Lancome/La-Nuit-Tresor-Musc-Diamant-52788.html,Brand inferred from an unanimous Shobi code suffix
1911,775-LAL,,LAL,,NOT_FOUND,,,0,,,,,
1910,740-JUI,,JUI,,NOT_FOUND,,,0,,,,,
1909,318-MNT,,MNT,,NOT_FOUND,,,0,,,,,
1908,265-JOM,Lotus Blossom and Water Lily Jo Malone,JOM,Jo Malone London,NOT_FOUND,,,0,,,,,
1907,269-JOM,Nashi Blossom Jo Malone,JOM,Jo Malone London,NOT_FOUND,,,0,,,,,
1904,314-MOL,,MOL,,NOT_FOUND,,,0,,,,,
1903,538-DRC,MISS EAU DE PARFUM (2017),DRC,Dior,NOT_FOUND,,,0,,,,,
1902,522-DRC,ADDICT EAU DE TOILETTE,DRC,Dior,NOT_FOUND,,,0,,,,,
1901,1053-CAR,212 MEN,CAR,,FOUND,EXACT_UNIQUE_NAME,1.0000,1,Carolina Herrera,212 Men,297,https://www.fragrantica.com/perfume/Carolina-Herrera/212-Men-297.html,Perfume name is unique across the entire URL corpus
1900,486-CAR,Good Girl Légère,CAR,,FOUND,EXACT_UNIQUE_NAME,1.0000,1,Carolina Herrera,Good Girl Legere,48103,https://www.fragrantica.com/perfume/Carolina-Herrera/Good-Girl-Legere-48103.html,Perfume name is unique across the entire URL corpus
1899,479-CAR,212,CAR,,AMBIGUOUS,EXACT_NAME_MULTIPLE_CANDIDATES,,2,,,,,Same perfume name exists under multiple candidates
1898,452-BYR,LA TULIPE,BYR,Byredo,FOUND,EXACT_BRAND_NAME,1.0000,1,Byredo,La Tulipe,8441,https://www.fragrantica.com/perfume/Byredo/La-Tulipe-8441.html,Brand inferred from an unanimous Shobi code suffix
1897,1037-BLG,Bvl Man,BLG,,NOT_FOUND,,,0,,,,,
1896,444-BLG,Omnia,BLG,,FOUND,EXACT_UNIQUE_NAME,1.0000,1,Bvlgari,Omnia,151,https://www.fragrantica.com/perfume/Bvlgari/Omnia-151.html,Perfume name is unique across the entire URL corpus
1895,999-ABE,,ABE,,NOT_FOUND,,,0,,,,,
1894,1006-ACQ,COLONIA INTENSA OUD,ACQ,Acqua di Parma,NOT_FOUND,,,0,,,,,
1893,1127-ARM,ACQUA DI GIO PROFUMO,ARM,Giorgio Armani,FOUND,EXACT_BRAND_NAME,1.0000,1,Giorgio Armani,Acqua di Gio Profumo,29727,https://www.fragrantica.com/perfume/Giorgio-Armani/Acqua-di-Gio-Profumo-29727.html,Brand inferred from an unanimous Shobi code suffix
1891,353-TMFO,METALLIQUE,TMFO,Tom Ford,FOUND,EXACT_BRAND_NAME,1.0000,1,Tom Ford,Metallique,55766,https://www.fragrantica.com/perfume/Tom-Ford/Metallique-55766.html,Brand inferred from an unanimous Shobi code suffix
1890,834-MOS,So Real Cheap & Chic Moschino,MOS,,NOT_FOUND,,,0,,,,,
1889,762-KIL,INTOXICATED - KILIAN,KIL,By Kilian,NOT_FOUND,,,0,,,,,
1888,252-JOM,Frangipani Flower Cologne Jo Malone,JOM,Jo Malone London,NOT_FOUND,,,0,,,,,
1883,652-ARM,IN LOVE WITH YOU,ARM,Giorgio Armani,NOT_FOUND,,,0,,,,,
1882,1090-COS,,COS,,NOT_FOUND,,,0,,,,,
1881,1091-COS,,COS,,NOT_FOUND,,,0,,,,,
1880,177-TER,KIRKE - TIZIANA TERENZI,TER,,NOT_FOUND,,,0,,,,,
1879,305-KAY,VANILLA 28 - KAYALI,KAY,Kayali Fragrances,NOT_FOUND,,,0,,,,,
1878,337-TIFF,SHEER - TIFFANY & CO,TIFF,,NOT_FOUND,,,0,,,,,
1877,453-BYR,Slow Dance,BYR,Byredo,FOUND,EXACT_BRAND_NAME,1.0000,1,Byredo,Slow Dance,57007,https://www.fragrantica.com/perfume/Byredo/Slow-Dance-57007.html,Brand inferred from an unanimous Shobi code suffix
1839,233-ESCE,,ESCE,,NOT_FOUND,,,0,,,,,
1833,271-JOM,Nectarine Blossom & Honey,JOM,Jo Malone London,NOT_FOUND,,,0,,,,,
1832,116-EXN,midnight special-ex nihilo,EXN,Ex Nihilo,NOT_FOUND,,,0,,,,,
1831,115-EXN,fleur narcotique-ex nihilo,EXN,Ex Nihilo,NOT_FOUND,,,0,,,,,
1822,722-GUL,La Belle,GUL,Jean Paul Gaultier,FOUND,EXACT_BRAND_NAME,1.0000,1,Jean Paul Gaultier,La Belle,55786,https://www.fragrantica.com/perfume/Jean-Paul-Gaultier/La-Belle-55786.html,Brand inferred from an unanimous Shobi code suffix
1821,339-TMFO,BEAU DE JOUR,TMFO,Tom Ford,FOUND,EXACT_BRAND_NAME,1.0000,1,Tom Ford,Beau de Jour,52790,https://www.fragrantica.com/perfume/Tom-Ford/Beau-de-Jour-52790.html,Brand inferred from an unanimous Shobi code suffix
1819,854-NIN,the fragrance otes of NINA ROUGE,NIN,,NOT_FOUND,,,0,,,,,
1818,352-TMFO,MEN EXTREME,TMFO,Tom Ford,NOT_FOUND,,,0,,,,,
1817,1094-DOL,K KING (2019),DOL,Dolce&Gabbana,NOT_FOUND,,,0,,,,,
1816,181-XER,ALEXANDRIA II,XER,Xerjoff,FOUND,EXACT_BRAND_NAME,1.0000,1,Xerjoff,Alexandria II,17786,https://www.fragrantica.com/perfume/Xerjoff/Alexandria-II-17786.html,Brand inferred from an unanimous Shobi code suffix
1815,131-LEL,Le Labo Santal 33,LEL,Le Labo,NOT_FOUND,,,0,,,,,
1814,153-PARF,Straigh to Heaven,PARF,Parfums de Marly,NOT_FOUND,,,0,,,,,
1813,694-GUR,TERRACOTTA LE PARFUM - GUERLAIN,GUR,Guerlain,NOT_FOUND,,,0,,,,,
1811,449-BYR,BAL D'AFRIQUE,BYR,Byredo,FOUND,EXACT_BRAND_NAME,1.0000,1,Byredo,Bal d Afrique,6458,https://www.fragrantica.com/perfume/Byredo/Bal-d-Afrique-6458.html,Brand inferred from an unanimous Shobi code suffix
1810,1161-HUG,BOSS BOTTLED OUD - HUGO BOSS,HUG,,NOT_FOUND,,,0,,,,,
1808,127-KIL,STRAIGHT TO HEAVEN - KILIAN,KIL,By Kilian,NOT_FOUND,,,0,,,,,
1807,111-BAC,ROUGE 540 - BACCARAT,BAC,,NOT_FOUND,,,0,,,,,
1806,195-ARM,VERT MALACHITE,ARM,Giorgio Armani,NOT_FOUND,,,0,,,,,
1805,763-KIL,KISSING BURNS 6,KIL,By Kilian,NOT_FOUND,,,0,,,,,
1804,767-KIL,VOULEZ-VOUS COUCHER AVEC MOI - KILIAN,KIL,By Kilian,NOT_FOUND,,,0,,,,,
1803,759-KIL,BAD BOYS ARE NO GOOD BUT GOOD BOYS ARE NO FUN-KILIAN,KIL,By Kilian,NOT_FOUND,,,0,,,,,
1802,781-LAN,JASMINS MARZIPANE,LAN,Lancôme,FOUND,EXACT_BRAND_NAME,1.0000,1,Lancome,Jasmins Marzipane,39737,https://www.fragrantica.com/perfume/Lancome/Jasmins-Marzipane-39737.html,Brand inferred from an unanimous Shobi code suffix
1801,765-KIL,LOVE DONT BE SHY - KILIAN,KIL,By Kilian,NOT_FOUND,,,0,,,,,
1796,110-ARM,ROSE D'ARABIE,ARM,Giorgio Armani,NOT_FOUND,,,0,,,,,
1795,1058-CAR,BAD BOY,CAR,,FOUND,EXACT_UNIQUE_NAME,1.0000,1,Carolina Herrera,Bad Boy,55449,https://www.fragrantica.com/perfume/Carolina-Herrera/Bad-Boy-55449.html,Perfume name is unique across the entire URL corpus
1794,780-LAN,IDOLE,LAN,Lancôme,FOUND,EXACT_BRAND_NAME,1.0000,1,Lancome,Idole,55795,https://www.fragrantica.com/perfume/Lancome/Idole-55795.html,Brand inferred from an unanimous Shobi code suffix
1793,981-YZLO,LIBRE,YZLO,Yves Saint Laurent,FOUND,EXACT_BRAND_NAME,1.0000,1,Yves Saint Laurent,Libre,56077,https://www.fragrantica.com/perfume/Yves-Saint-Laurent/Libre-56077.html,Brand inferred from an unanimous Shobi code suffix
1792,760-KIL,BLACK PHANTOM - KILIAN,KIL,By Kilian,NOT_FOUND,,,0,,,,,
1791,138-KUR,OUD CASHMERE MOOD,KUR,,FOUND,EXACT_UNIQUE_NAME,1.0000,1,Maison Francis Kurkdjian,Oud Cashmere Mood,17661,https://www.fragrantica.com/perfume/Maison-Francis-Kurkdjian/Oud-Cashmere-Mood-17661.html,Perfume name is unique across the entire URL corpus
1790,139-KUR,OUD SATIN MOOD,KUR,,FOUND,EXACT_UNIQUE_NAME,1.0000,1,Maison Francis Kurkdjian,Oud Satin Mood,30352,https://www.fragrantica.com/perfume/Maison-Francis-Kurkdjian/Oud-Satin-Mood-30352.html,Perfume name is unique across the entire URL corpus
1789,495-CHA,ALLURE SENSUELLE,CHA,Chanel,FOUND,EXACT_BRAND_NAME,1.0000,1,Chanel,Allure Sensuelle,606,https://www.fragrantica.com/perfume/Chanel/Allure-Sensuelle-606.html,Brand inferred from an unanimous Shobi code suffix
1788,350-TMFO,LOST CHERRY,TMFO,Tom Ford,FOUND,EXACT_BRAND_NAME,1.0000,1,Tom Ford,Lost Cherry,51411,https://www.fragrantica.com/perfume/Tom-Ford/Lost-Cherry-51411.html,Brand inferred from an unanimous Shobi code suffix
1787,792-LAN,OUD AMBROISIE,LAN,Lancôme,FOUND,EXACT_BRAND_NAME,1.0000,1,Lancome,Oud Ambroisie,39740,https://www.fragrantica.com/perfume/Lancome/Oud-Ambroisie-39740.html,Brand inferred from an unanimous Shobi code suffix
1786,154-PARF,LAYTON - PARFUMS DE MARLY,PARF,Parfums de Marly,NOT_FOUND,,,0,,,,,
1782,757-KIL,ADULTS - KILIAN,KIL,By Kilian,NOT_FOUND,,,0,,,,,
1781,408-BAT,WARM VANILLA SUGAR,BAT,,AMBIGUOUS,EXACT_NAME_MULTIPLE_CANDIDATES,,4,,,,,Same perfume name exists under multiple candidates
1780,699-HER,EAU DES MERVEILLES BLEUE - HERMES,HER,Hermès,NOT_FOUND,,,0,,,,,
1779,466-CAL,CALVIN KLEIN WOMEN - CALVIN KLEIN,CAL,,NOT_FOUND,,,0,,,,,
1778,990-YZLO,Supreme Bouquet,YZLO,Yves Saint Laurent,FOUND,EXACT_BRAND_NAME,1.0000,1,Yves Saint Laurent,Supreme Bouquet,18369,https://www.fragrantica.com/perfume/Yves-Saint-Laurent/Supreme-Bouquet-18369.html,Brand inferred from an unanimous Shobi code suffix
1777,615-EST,BEAUTIFUL BELLE - ESTEE LAUDER,EST,,NOT_FOUND,,,0,,,,,
1776,1187-JOV,,JOV,,NOT_FOUND,,,0,,,,,
1775,848-NRO,,NRO,Narciso Rodriguez,NOT_FOUND,,,0,,,,,
1774,647-ARM,CODE CASHMERE,ARM,Giorgio Armani,NOT_FOUND,,,0,,,,,
1771,731-JIM,,JIM,Jimmy Choo,NOT_FOUND,,,0,,,,,
1769,656-ARM,SI FIORI,ARM,Giorgio Armani,FOUND,EXACT_BRAND_NAME,1.0000,1,Giorgio Armani,Si Fiori,53243,https://www.fragrantica.com/perfume/Giorgio-Armani/Si-Fiori-53243.html,Brand inferred from an unanimous Shobi code suffix
1768,785-LAN,LA VIE EST BELLE EN ROSE,LAN,Lancôme,FOUND,EXACT_BRAND_NAME,1.0000,1,Lancome,La Vie est Belle en Rose,53345,https://www.fragrantica.com/perfume/Lancome/La-Vie-est-Belle-en-Rose-53345.html,Brand inferred from an unanimous Shobi code suffix
1766,605-ESC,MIAMI BLOSSOM - ESCADA,ESC,,NOT_FOUND,,,0,,,,,
1765,936-VAL,DONNA - VALENTINO,VAL,Valentino,NOT_FOUND,,,0,,,,,
1764,345-TMFO,FOUGERE D ARGENT,TMFO,Tom Ford,FOUND,EXACT_BRAND_NAME,1.0000,1,Tom Ford,Fougere d Argent,50458,https://www.fragrantica.com/perfume/Tom-Ford/Fougere-d-Argent-50458.html,Brand inferred from an unanimous Shobi code suffix
1763,391-ACQ,peonia nobile,ACQ,Acqua di Parma,FOUND,EXACT_BRAND_NAME,1.0000,1,Acqua di Parma,Peonia Nobile,40154,https://www.fragrantica.com/perfume/Acqua-di-Parma/Peonia-Nobile-40154.html,Brand inferred from an unanimous Shobi code suffix
1762,1188-KAR,,KAR,,NOT_FOUND,,,0,,,,,
1419,,,,,NOT_FOUND,,,0,,,,,
1418,182-XER,Comandante,XER,Xerjoff,FOUND,EXACT_BRAND_NAME,1.0000,1,Xerjoff,Comandante,16448,https://www.fragrantica.com/perfume/Xerjoff/Comandante-16448.html,Brand inferred from an unanimous Shobi code suffix
1417,183-XER,Don,XER,Xerjoff,FOUND,EXACT_BRAND_NAME,1.0000,1,Xerjoff,Don,26709,https://www.fragrantica.com/perfume/Xerjoff/Don-26709.html,Brand inferred from an unanimous Shobi code suffix
1416,175-SHA,,SHA,,NOT_FOUND,,,0,,,,,
1415,168-RAS,,RAS,,NOT_FOUND,,,0,,,,,
1414,167-RAS,,RAS,,NOT_FOUND,,,0,,,,,
1413,156-PARF,OAJAN (U) - Parfums de Marly,PARF,Parfums de Marly,NOT_FOUND,,,0,,,,,
1412,149-PARF,CARLISLE (U) - PARFUMS DE MARLY,PARF,Parfums de Marly,NOT_FOUND,,,0,,,,,
1411,148-PARF,ATHALIA (W) - PARFUMS DE MARLY,PARF,Parfums de Marly,NOT_FOUND,,,0,,,,,
1410,146-MEM,RUSSIAN LEATHER - MEMO PARIS,MEM,,NOT_FOUND,,,0,,,,,
1409,118-HAM,REHAN - HAMIDI OUD,HAM,,NOT_FOUND,,,0,,,,,
1408,113-DRC,OUD ISPAHAN,DRC,Dior,AMBIGUOUS,EXACT_BRAND_NAME_MULTIPLE_IDS,,2,,,,,Exact brand+name exists with multiple Fragrantica IDs
1407,107-ARB,TITANIUM - ARABIAN OUD,ARB,,NOT_FOUND,,,0,,,,,
1406,106-ARB,SULTAN - ARABIAN OUD,ARB,,NOT_FOUND,,,0,,,,,
1405,105-ARB,PRESTIGE CLASSIC - ARABIAN OUD,ARB,,NOT_FOUND,,,0,,,,,
1404,104-ARB,KASHMIR - ARABIAN OUD,ARB,,NOT_FOUND,,,0,,,,,
1403,103-ARB,KALEMAT - ARABIAN OUD,ARB,,NOT_FOUND,,,0,,,,,
1402,101-AHW,KING'S HAREM - AHWAZ,AHW,,NOT_FOUND,,,0,,,,,
1267,384-YAR,,YAR,,NOT_FOUND,,,0,,,,,
1266,382-YAN,,YAN,,NOT_FOUND,,,0,,,,,
1265,381-YAN,,YAN,,NOT_FOUND,,,0,,,,,
1264,380-YAN,,YAN,,NOT_FOUND,,,0,,,,,
1263,379-YAN,,YAN,,NOT_FOUND,,,0,,,,,
1262,378-TMFO,WHITE SUEDE,TMFO,Tom Ford,FOUND,EXACT_BRAND_NAME,1.0000,1,Tom Ford,White Suede,6386,https://www.fragrantica.com/perfume/Tom-Ford/White-Suede-6386.html,Brand inferred from an unanimous Shobi code suffix
1261,377-TMFO,WHITE PATCHOULI,TMFO,Tom Ford,FOUND,EXACT_BRAND_NAME,1.0000,1,Tom Ford,White Patchouli,3797,https://www.fragrantica.com/perfume/Tom-Ford/White-Patchouli-3797.html,Brand inferred from an unanimous Shobi code suffix
1260,376-TMFO,VELVET ORCHID,TMFO,Tom Ford,FOUND,EXACT_BRAND_NAME,1.0000,1,Tom Ford,Velvet Orchid,22963,https://www.fragrantica.com/perfume/Tom-Ford/Velvet-Orchid-22963.html,Brand inferred from an unanimous Shobi code suffix
1259,375-TMFO,TUSCAN LEATHER,TMFO,Tom Ford,FOUND,EXACT_BRAND_NAME,1.0000,1,Tom Ford,Tuscan Leather,1849,https://www.fragrantica.com/perfume/Tom-Ford/Tuscan-Leather-1849.html,Brand inferred from an unanimous Shobi code suffix
1258,374-TMFO,TOBACCO VANILLE,TMFO,Tom Ford,FOUND,EXACT_BRAND_NAME,1.0000,1,Tom Ford,Tobacco Vanille,1825,https://www.fragrantica.com/perfume/Tom-Ford/Tobacco-Vanille-1825.html,Brand inferred from an unanimous Shobi code suffix
1257,373-TMFO,TOBACCO OUD,TMFO,Tom Ford,FOUND,EXACT_BRAND_NAME,1.0000,1,Tom Ford,Tobacco Oud,21402,https://www.fragrantica.com/perfume/Tom-Ford/Tobacco-Oud-21402.html,Brand inferred from an unanimous Shobi code suffix
1256,372-TMFO,VANILLE FATALE,TMFO,Tom Ford,FOUND,EXACT_BRAND_NAME,1.0000,1,Tom Ford,Vanille Fatale,48029,https://www.fragrantica.com/perfume/Tom-Ford/Vanille-Fatale-48029.html,Brand inferred from an unanimous Shobi code suffix
1255,371-TMFO,SOLEIL BLANC,TMFO,Tom Ford,FOUND,EXACT_BRAND_NAME,1.0000,1,Tom Ford,Soleil Blanc,34893,https://www.fragrantica.com/perfume/Tom-Ford/Soleil-Blanc-34893.html,Brand inferred from an unanimous Shobi code suffix
1254,369-TMFO,SHANGHAI LILY,TMFO,Tom Ford,FOUND,EXACT_BRAND_NAME,1.0000,1,Tom Ford,Shanghai Lily,17220,https://www.fragrantica.com/perfume/Tom-Ford/Shanghai-Lily-17220.html,Brand inferred from an unanimous Shobi code suffix
1253,368-TMFO,SAHARA NOIR,TMFO,Tom Ford,FOUND,EXACT_BRAND_NAME,1.0000,1,Tom Ford,Sahara Noir,17333,https://www.fragrantica.com/perfume/Tom-Ford/Sahara-Noir-17333.html,Brand inferred from an unanimous Shobi code suffix
1252,366-TMFO,PLUM JAPONAIS,TMFO,Tom Ford,FOUND,EXACT_BRAND_NAME,1.0000,1,Tom Ford,Plum Japonais,18490,https://www.fragrantica.com/perfume/Tom-Ford/Plum-Japonais-18490.html,Brand inferred from an unanimous Shobi code suffix
1251,365-TMFO,PATCHOULI ABSOLU,TMFO,Tom Ford,FOUND,EXACT_BRAND_NAME,1.0000,1,Tom Ford,Patchouli Absolu,28009,https://www.fragrantica.com/perfume/Tom-Ford/Patchouli-Absolu-28009.html,Brand inferred from an unanimous Shobi code suffix
1250,364-TMFO,OUD WOOD,TMFO,Tom Ford,FOUND,EXACT_BRAND_NAME,1.0000,1,Tom Ford,Oud Wood,1826,https://www.fragrantica.com/perfume/Tom-Ford/Oud-Wood-1826.html,Brand inferred from an unanimous Shobi code suffix
1249,363-TMFO,OUD MINERALΕ,TMFO,Tom Ford,NOT_FOUND,,,0,,,,,
1247,361-TMFO,OMBRE LEATHER,TMFO,Tom Ford,NOT_FOUND,,,0,,,,,
1246,360-TMFO,NOIR POUR FEMME,TMFO,Tom Ford,FOUND,EXACT_BRAND_NAME,1.0000,1,Tom Ford,Noir Pour Femme,30957,https://www.fragrantica.com/perfume/Tom-Ford/Noir-Pour-Femme-30957.html,Brand inferred from an unanimous Shobi code suffix
1245,359-TMFO,NOIR EXTREME,TMFO,Tom Ford,FOUND,EXACT_BRAND_NAME,1.0000,1,Tom Ford,Noir Extreme,29675,https://www.fragrantica.com/perfume/Tom-Ford/Noir-Extreme-29675.html,Brand inferred from an unanimous Shobi code suffix
1244,358-TMFO,NOIR DE NOIR,TMFO,Tom Ford,FOUND,EXACT_BRAND_NAME,1.0000,1,Tom Ford,Noir de Noir,1822,https://www.fragrantica.com/perfume/Tom-Ford/Noir-de-Noir-1822.html,Brand inferred from an unanimous Shobi code suffix
1243,355-TMFO,NEROLI PORTOFINO,TMFO,Tom Ford,FOUND,EXACT_BRAND_NAME,1.0000,1,Tom Ford,Neroli Portofino,12192,https://www.fragrantica.com/perfume/Tom-Ford/Neroli-Portofino-12192.html,Brand inferred from an unanimous Shobi code suffix
1242,354-TMFO,NOIR ANTHRACITE,TMFO,Tom Ford,FOUND,EXACT_BRAND_NAME,1.0000,1,Tom Ford,Noir Anthracite,45691,https://www.fragrantica.com/perfume/Tom-Ford/Noir-Anthracite-45691.html,Brand inferred from an unanimous Shobi code suffix
1241,351-TMFO,MANDARINO DI AMALFI,TMFO,Tom Ford,FOUND,EXACT_BRAND_NAME,1.0000,1,Tom Ford,Mandarino di Amalfi,25481,https://www.fragrantica.com/perfume/Tom-Ford/Mandarino-di-Amalfi-25481.html,Brand inferred from an unanimous Shobi code suffix
1240,349-TMFO,JAPON NOIR,TMFO,Tom Ford,FOUND,EXACT_BRAND_NAME,1.0000,1,Tom Ford,Japon Noir,1851,https://www.fragrantica.com/perfume/Tom-Ford/Japon-Noir-1851.html,Brand inferred from an unanimous Shobi code suffix
1239,348-TMFO,ITALIAN CYPRESS,TMFO,Tom Ford,FOUND,EXACT_BRAND_NAME,1.0000,1,Tom Ford,Italian Cypress,4329,https://www.fragrantica.com/perfume/Tom-Ford/Italian-Cypress-4329.html,Brand inferred from an unanimous Shobi code suffix
1238,346-TMFO,FUCKING FABULOUS,TMFO,Tom Ford,NOT_FOUND,,,0,,,,,
1237,344-TMFO,COSTA AZZURA,TMFO,Tom Ford,AMBIGUOUS,FUZZY_MULTIPLE_CANDIDATES,0.9600,2,,,,,Fuzzy candidates too close to choose safely
1236,343-TMFO,CAFÉ ROSE,TMFO,Tom Ford,FOUND,EXACT_BRAND_NAME,1.0000,1,Tom Ford,Cafe Rose,15913,https://www.fragrantica.com/perfume/Tom-Ford/Cafe-Rose-15913.html,Brand inferred from an unanimous Shobi code suffix
1235,342-TMFO,BLACK VIOLET,TMFO,Tom Ford,FOUND,EXACT_BRAND_NAME,1.0000,1,Tom Ford,Black Violet,1823,https://www.fragrantica.com/perfume/Tom-Ford/Black-Violet-1823.html,Brand inferred from an unanimous Shobi code suffix
1234,340-TMFO,BLACK ORCHID,TMFO,Tom Ford,FOUND,EXACT_BRAND_NAME,1.0000,1,Tom Ford,Black Orchid,1018,https://www.fragrantica.com/perfume/Tom-Ford/Black-Orchid-1018.html,Brand inferred from an unanimous Shobi code suffix
1233,338-TMFO,ARABIAN WOOD,TMFO,Tom Ford,FOUND,EXACT_BRAND_NAME,1.0000,1,Tom Ford,Arabian Wood,6363,https://www.fragrantica.com/perfume/Tom-Ford/Arabian-Wood-6363.html,Brand inferred from an unanimous Shobi code suffix
1232,336-THCO,NARCISSUS NOIR - THE WHITE COMPANY,THCO,,NOT_FOUND,,,0,,,,,
1231,335-THCO,CASHMERE BLANC - THE WHITE COMPANY,THCO,,NOT_FOUND,,,0,,,,,
1230,334-SHI,,SHI,,NOT_FOUND,,,0,,,,,
1226,332-RAM,,RAM,,NOT_FOUND,,,0,,,,,
1225,331-PG,,PG,,NOT_FOUND,,,0,,,,,
1224,330-PG,,PG,,NOT_FOUND,,,0,,,,,
1222,327-PECK,,PECK,,NOT_FOUND,,,0,,,,,
1221,326-PECK,,PECK,,NOT_FOUND,,,0,,,,,
1220,325-PECK,,PECK,,NOT_FOUND,,,0,,,,,
1219,324-PARFD,BOIS DE PARADIS - PARFUMS DELRAE,PARFD,,NOT_FOUND,,,0,,,,,
1216,321-NAS,,NAS,,NOT_FOUND,,,0,,,,,
1214,319-MNT,THE NEW ROSE - MONTALE,MNT,,NOT_FOUND,,,0,,,,,
1213,316-MNT,,MNT,,NOT_FOUND,,,0,,,,,
1212,315-MNT,AOUD ORANGE - MONTALE,MNT,,NOT_FOUND,,,0,,,,,
1210,313-MOL,,MOL,,NOT_FOUND,,,0,,,,,
1209,312-MOL,,MOL,,NOT_FOUND,,,0,,,,,
1208,311-MOL,amber cocoon-mol,MOL,,NOT_FOUND,,,0,,,,,
1206,309-LOC,,LOC,,NOT_FOUND,,,0,,,,,
1205,308-LOC,,LOC,,NOT_FOUND,,,0,,,,,
1204,307-LOC,,LOC,,NOT_FOUND,,,0,,,,,
1203,304-KIE,ORIGINAL MUSK - KIEHL'S,KIE,,NOT_FOUND,,,0,,,,,
1202,303-JOM,Wood Sage & Sea Salt Jo Malone,JOM,Jo Malone London,NOT_FOUND,,,0,,,,,
1201,302-JOM,WISTERIA VIOLET - JO MALONE Clone,JOM,Jo Malone London,NOT_FOUND,,,0,,,,,
1200,301-JOM,"Wild Fig & Cassis Jo Malone Fragrance green, woody, fresh, fruity",JOM,Jo Malone London,NOT_FOUND,,,0,,,,,
1199,300-JOM,WILD BLUEBELL - JO MALONE Type,JOM,Jo Malone London,NOT_FOUND,,,0,,,,,
1198,299-JOM,WHITE LILAC & RHUBARB - JO MALONE Clone,JOM,Jo Malone London,NOT_FOUND,,,0,,,,,
1197,298-JOM,WHITE JASMINE & MINT - JO MALONE,JOM,Jo Malone London,NOT_FOUND,,,0,,,,,
1196,297-JOM,VINTAGE GARDENIA - JO MALONE type is a Floral fragrance for women,JOM,Jo Malone London,NOT_FOUND,,,0,,,,,
1195,295-JOM,VETYVER - JO MALONE is a Woody Aromatic fragrance for women and men,JOM,Jo Malone London,NOT_FOUND,,,0,,,,,
1194,294-JOM,VERBENAS OF PROVENCE - JO MALONE is a Citrus Aromatic fragrance for women,JOM,Jo Malone London,NOT_FOUND,,,0,,,,,
1193,293-JOM,VELVET ROSE OUD - JO MALONE Type is a Oriental Floral fragrance for women and men,JOM,Jo Malone London,NOT_FOUND,,,0,,,,,
1192,292-JOM,VANILLA & ANISE - JO MALONE,JOM,Jo Malone London,NOT_FOUND,,,0,,,,,
1191,290-JOM,SWEET LIME & CEDAR - JO MALONE,JOM,Jo Malone London,NOT_FOUND,,,0,,,,,
1190,289-JOM,SWEET ALMON & MACARRON - JO MALONE,JOM,Jo Malone London,NOT_FOUND,,,0,,,,,
1189,288-JOM,SORREL & LEMON THYME - JO MALONE,JOM,Jo Malone London,NOT_FOUND,,,0,,,,,
1188,287-JOM,SILK BLOSSOM - JO MALONE,JOM,Jo Malone London,NOT_FOUND,,,0,,,,,
1187,286-JOM,SHARDS OF CEDAR & RED THYME - JO MALONE,JOM,Jo Malone London,NOT_FOUND,,,0,,,,,
1186,285-JOM,SAFFRON - JO MALONE,JOM,Jo Malone London,NOT_FOUND,,,0,,,,,
1185,284-JOM,RED ROSES - JO MALONE,JOM,Jo Malone London,NOT_FOUND,,,0,,,,,
1184,282-JOM,POMELO - JO MALONE,JOM,Jo Malone London,NOT_FOUND,,,0,,,,,
1183,281-JOM,POMEGRANATE NOIR - JO MALONE,JOM,Jo Malone London,NOT_FOUND,,,0,,,,,
1182,280-JOM,PLUM BLOSSOM - JO MALONE,JOM,Jo Malone London,NOT_FOUND,,,0,,,,,
1181,279-JOM,PINK VETIVER - JO MALONE,JOM,Jo Malone London,NOT_FOUND,,,0,,,,,
1180,278-JOM,PEONY & MOSS - JO MALONE,JOM,Jo Malone London,NOT_FOUND,,,0,,,,,
1179,277-JOM,PEONY & BLUSH SUEDE - JO MALONE,JOM,Jo Malone London,NOT_FOUND,,,0,,,,,
1178,275-JOM,ORRIS & SANDALWOOD LIMITED EDITION - JO MALONE,JOM,Jo Malone London,NOT_FOUND,,,0,,,,,
1177,274-JOM,ORANGE BLOSSOM - JO MALONE,JOM,Jo Malone London,NOT_FOUND,,,0,,,,,
1176,273-JOM,OOLONG TEA - JO MALONE,JOM,Jo Malone London,NOT_FOUND,,,0,,,,,
1175,272-JOM,NUTMEG & GINGER - JO MALONE,JOM,Jo Malone London,NOT_FOUND,,,0,,,,,
1174,270-JOM,NASTURTIUM & CLOVER - JO MALONE,JOM,Jo Malone London,NOT_FOUND,,,0,,,,,
1173,268-JOM,MYRRH & TONKA - JO MALONE,JOM,Jo Malone London,NOT_FOUND,,,0,,,,,
1172,267-JOM,MIMOSA & CARDAMON - JO MALONE,JOM,Jo Malone London,NOT_FOUND,,,0,,,,,
1171,266-JOM,MIDNIGHT BLACK TEA - JO MALONE,JOM,Jo Malone London,NOT_FOUND,,,0,,,,,
1170,264-JOM,LIME BASIL & MANDARIN - JO MALONE,JOM,Jo Malone London,NOT_FOUND,,,0,,,,,
1169,263-JOM,JADE LEAF TEA - JO MALONE,JOM,Jo Malone London,NOT_FOUND,,,0,,,,,
1168,262-JOM,IRIS & LADY MOORE - JO MALONE,JOM,Jo Malone London,NOT_FOUND,,,0,,,,,
1167,261-JOM,INCENSE & EMBERS - JO MALONE,JOM,Jo Malone London,NOT_FOUND,,,0,,,,,
1166,260-JOM,INCENSE CEDRAT - JO MALONE,JOM,Jo Malone London,NOT_FOUND,,,0,,,,,
1165,259-JOM,HONEYSUCKLE & JASMINE - JO MALONE,JOM,Jo Malone London,NOT_FOUND,,,0,,,,,
1164,258-JOM,GREEN TOMATO LEAF - JO MALONE,JOM,Jo Malone London,NOT_FOUND,,,0,,,,,
1163,257-JOM,GREEN ORANGE & CORIANDER - JO MALONE,JOM,Jo Malone London,NOT_FOUND,,,0,,,,,
1162,256-JOM,GRAPEFRUIT - JO MALONE,JOM,Jo Malone London,NOT_FOUND,,,0,,,,,
1161,255-JOM,GOLDEN NEEDLE TEA - JO MALONE,JOM,Jo Malone London,NOT_FOUND,,,0,,,,,
1160,254-JOM,GARDENIA - JO MALONE,JOM,Jo Malone London,NOT_FOUND,,,0,,,,,
1159,253-JOM,FRENCH LIME BLOSSOM - JO MALONE,JOM,Jo Malone London,NOT_FOUND,,,0,,,,,
1158,251-JOM,ENGLISH PEAR & FREESIA - JO MALONE,JOM,Jo Malone London,NOT_FOUND,,,0,,,,,
1157,250-JOM,English Oak & Hazelnut - Jo Malone,JOM,Jo Malone London,NOT_FOUND,,,0,,,,,
1156,249-JOM,Earl Grey & Cucumber - Jo Malone,JOM,Jo Malone London,NOT_FOUND,,,0,,,,,
1155,248-JOM,Dark Amber & Ginger Lily - Jo Malone,JOM,Jo Malone London,NOT_FOUND,,,0,,,,,
1154,247-JOM,Carrot blossom & Fennel - Jo Malone,JOM,Jo Malone London,NOT_FOUND,,,0,,,,,
1153,245-JOM,Blue Agava & Cacao - Jo Malone,JOM,Jo Malone London,NOT_FOUND,,,0,,,,,
1152,244-JOM,Black Vetyver Cafe - Jo Malone,JOM,Jo Malone London,NOT_FOUND,,,0,,,,,
1151,243-JOM,Black Cedarwood & Juniper - Jo Malone,JOM,Jo Malone London,NOT_FOUND,,,0,,,,,
1150,242-JOM,Blackberry & Bay - Jo Malone,JOM,Jo Malone London,NOT_FOUND,,,0,,,,,
1149,241-JOM,Basil & Neroli Jo Malone,JOM,Jo Malone London,NOT_FOUND,,,0,,,,,
1148,240-JOM,Amber & Patchouli - Jo Malone,JOM,Jo Malone London,NOT_FOUND,,,0,,,,,
1147,239-JOM,Amber & Lavender - Jo Malone,JOM,Jo Malone London,NOT_FOUND,,,0,,,,,
1146,238-JOM,A Shot Of Oud Over Mango - Jo Malone,JOM,Jo Malone London,NOT_FOUND,,,0,,,,,
1145,237-JOM,A Shot Of Thai Over Mango - Jo Malone,JOM,Jo Malone London,NOT_FOUND,,,0,,,,,
1144,236-IND,,IND,,NOT_FOUND,,,0,,,,,
1143,235-HOLL,,HOLL,,NOT_FOUND,,,0,,,,,
1142,193-ARM,ROYAL OUD,ARM,Giorgio Armani,AMBIGUOUS,EXACT_NAME_MULTIPLE_CANDIDATES,,4,,,,,Same perfume name exists under multiple candidates
1140,189-ARM,CUIR NOIR,ARM,Giorgio Armani,FOUND,EXACT_BRAND_NAME,1.0000,1,Giorgio Armani,Cuir Noir,14205,https://www.fragrantica.com/perfume/Giorgio-Armani/Cuir-Noir-14205.html,Brand inferred from an unanimous Shobi code suffix
1139,188-ARM,CUIR AMETHYSTE,ARM,Giorgio Armani,FOUND,EXACT_BRAND_NAME,1.0000,1,Giorgio Armani,Cuir Amethyste,408,https://www.fragrantica.com/perfume/Giorgio-Armani/Cuir-Amethyste-408.html,Brand inferred from an unanimous Shobi code suffix
1138,187-ARM,BOIS D'ENCENS,ARM,Giorgio Armani,FOUND,EXACT_BRAND_NAME,1.0000,1,Giorgio Armani,Bois d Encens,406,https://www.fragrantica.com/perfume/Giorgio-Armani/Bois-d-Encens-406.html,Brand inferred from an unanimous Shobi code suffix
1137,192-ARM,ROUGE MALACHITE,ARM,Giorgio Armani,NOT_FOUND,,,0,,,,,
1136,186-ARM,AMBRE SOIE,ARM,Giorgio Armani,FOUND,EXACT_BRAND_NAME,1.0000,1,Giorgio Armani,Ambre Soie,405,https://www.fragrantica.com/perfume/Giorgio-Armani/Ambre-Soie-405.html,Brand inferred from an unanimous Shobi code suffix
1135,234-ESCE,ESCENTRIC 04,ESCE,,NOT_FOUND,,,0,,,,,
1134,232-ESCE,ESCENTRIC 01 - ESCENTRIC MOLECULES,ESCE,,NOT_FOUND,,,0,,,,,
1133,230-DIP,OPOPANAX,DIP,,NOT_FOUND,,,0,,,,,
1132,229-DIP,Philosykos Eau de Parfum,DIP,,FOUND,EXACT_UNIQUE_NAME,1.0000,1,Diptyque,Philosykos Eau de Parfum,3865,https://www.fragrantica.com/perfume/Diptyque/Philosykos-Eau-de-Parfum-3865.html,Perfume name is unique across the entire URL corpus
1131,228-DIP,FEUILLE DE LAVANDE,DIP,,NOT_FOUND,,,0,,,,,
1130,227-DIP,FEU DE BOIS / WOOD FIRE,DIP,,NOT_FOUND,,,0,,,,,
1129,226-DIP,EAU LENTE,DIP,,NOT_FOUND,,,0,,,,,
1128,225-DIP,EL EAU DES SENS,DIP,,NOT_FOUND,,,0,,,,,
1127,224-DIP,Do Son Eau de Toilette,DIP,,FOUND,EXACT_UNIQUE_NAME,1.0000,1,Diptyque,Do Son Eau de Toilette,6501,https://www.fragrantica.com/perfume/Diptyque/Do-Son-Eau-de-Toilette-6501.html,Perfume name is unique across the entire URL corpus
1126,223-DIP,BAIES,DIP,,NOT_FOUND,,,0,,,,,
1125,222-DIP,AMBRE,DIP,,AMBIGUOUS,EXACT_NAME_MULTIPLE_CANDIDATES,,4,,,,,Same perfume name exists under multiple candidates
1124,221-DIP,34 BOULEVARD SAINT GERMAIN 2011,DIP,,NOT_FOUND,,,0,,,,,
1123,220-CRD,Virgin Island Water,CRD,Creed,FOUND,EXACT_BRAND_NAME,1.0000,1,Creed,Virgin Island Water,111515,https://www.fragrantica.com/perfume/Creed/Virgin-Island-Water-111515.html,Brand inferred from an unanimous Shobi code suffix
1122,219-CRD,Viking,CRD,Creed,FOUND,EXACT_BRAND_NAME,1.0000,1,Creed,Viking,41698,https://www.fragrantica.com/perfume/Creed/Viking-41698.html,Brand inferred from an unanimous Shobi code suffix
1121,218-CRD,VETIVER,CRD,Creed,FOUND,EXACT_BRAND_NAME,1.0000,1,Creed,Vetiver,7515,https://www.fragrantica.com/perfume/Creed/Vetiver-7515.html,Brand inferred from an unanimous Shobi code suffix
1120,217-CRD,the notes of SUBLIME VANILLE,CRD,Creed,NOT_FOUND,,,0,,,,,
1119,216-CRD,Spring Flower,CRD,Creed,FOUND,EXACT_BRAND_NAME,1.0000,1,Creed,Spring Flower,471,https://www.fragrantica.com/perfume/Creed/Spring-Flower-471.html,Brand inferred from an unanimous Shobi code suffix
1117,214-CRD,Original Santal,CRD,Creed,FOUND,EXACT_BRAND_NAME,1.0000,1,Creed,Original Santal,473,https://www.fragrantica.com/perfume/Creed/Original-Santal-473.html,Brand inferred from an unanimous Shobi code suffix
1116,213-CRD,ROYAL OUD,CRD,Creed,FOUND,EXACT_BRAND_NAME,1.0000,1,Creed,Royal Oud,12317,https://www.fragrantica.com/perfume/Creed/Royal-Oud-12317.html,Brand inferred from an unanimous Shobi code suffix
1115,211-CRD,LOVE IN WHITE,CRD,Creed,FOUND,EXACT_BRAND_NAME,1.0000,1,Creed,Love in White,4262,https://www.fragrantica.com/perfume/Creed/Love-in-White-4262.html,Brand inferred from an unanimous Shobi code suffix
1114,210-CRD,GREEN IRISH TWEED,CRD,Creed,FOUND,EXACT_BRAND_NAME,1.0000,1,Creed,Green Irish Tweed,474,https://www.fragrantica.com/perfume/Creed/Green-Irish-Tweed-474.html,Brand inferred from an unanimous Shobi code suffix
1113,207-CRD,HIMALAYIA,CRD,Creed,NOT_FOUND,,,0,,,,,
1111,205-CRD,aven for her,CRD,Creed,NOT_FOUND,,,0,,,,,
1110,204-CRD,Avent,CRD,Creed,NOT_FOUND,,,0,,,,,
1106,200-CIR,,CIR,,NOT_FOUND,,,0,,,,,
1015,994-ZAD,THIS IS HER - ZADIG & VOLTAIRE,ZAD,Zadig & Voltaire,NOT_FOUND,,,0,,,,,
1014,992-ZAD,GIRLS CAN DO ANYTHING - ZADIG & VOLTAIRE,ZAD,Zadig & Voltaire,NOT_FOUND,,,0,,,,,
1013,991-YZLO,YVRESSE (CHAMPAGNE),YZLO,Yves Saint Laurent,FOUND,EXACT_BRAND_NAME,1.0000,1,Yves Saint Laurent,Yvresse Champagne,101,https://www.fragrantica.com/perfume/Yves-Saint-Laurent/Yvresse-Champagne-101.html,Brand inferred from an unanimous Shobi code suffix
1012,989-YZLO,RIVE GAUCHE,YZLO,Yves Saint Laurent,FOUND,EXACT_BRAND_NAME,1.0000,1,Yves Saint Laurent,Rive Gauche,96,https://www.fragrantica.com/perfume/Yves-Saint-Laurent/Rive-Gauche-96.html,Brand inferred from an unanimous Shobi code suffix
1011,988-YZLO,PARISIENNE,YZLO,Yves Saint Laurent,FOUND,EXACT_BRAND_NAME,1.0000,1,Yves Saint Laurent,Parisienne,6493,https://www.fragrantica.com/perfume/Yves-Saint-Laurent/Parisienne-6493.html,Brand inferred from an unanimous Shobi code suffix
1010,987-YZLO,PARIS,YZLO,Yves Saint Laurent,FOUND,EXACT_BRAND_NAME,1.0000,1,Yves Saint Laurent,Paris,94,https://www.fragrantica.com/perfume/Yves-Saint-Laurent/Paris-94.html,Brand inferred from an unanimous Shobi code suffix
1009,986-YZLO,OPIUM,YZLO,Yves Saint Laurent,NOT_FOUND,,,0,,,,,
1008,985-YZLO,MON PARIS,YZLO,Yves Saint Laurent,FOUND,EXACT_BRAND_NAME,1.0000,1,Yves Saint Laurent,Mon Paris,38914,https://www.fragrantica.com/perfume/Yves-Saint-Laurent/Mon-Paris-38914.html,Brand inferred from an unanimous Shobi code suffix
1007,984-YZLO,MANIFESTO L' ELIXIR,YZLO,Yves Saint Laurent,FOUND,EXACT_BRAND_NAME,1.0000,1,Yves Saint Laurent,Manifesto l Elixir,18785,https://www.fragrantica.com/perfume/Yves-Saint-Laurent/Manifesto-l-Elixir-18785.html,Brand inferred from an unanimous Shobi code suffix
1006,983-YZLO,MANIFESTO,YZLO,Yves Saint Laurent,FOUND,EXACT_BRAND_NAME,1.0000,1,Yves Saint Laurent,Manifesto,15540,https://www.fragrantica.com/perfume/Yves-Saint-Laurent/Manifesto-15540.html,Brand inferred from an unanimous Shobi code suffix
1005,1285-YZLO,MAGNIFICENT BLOSSOM,YZLO,Yves Saint Laurent,FOUND,EXACT_BRAND_NAME,1.0000,1,Yves Saint Laurent,Magnificent Blossom,31050,https://www.fragrantica.com/perfume/Yves-Saint-Laurent/Magnificent-Blossom-31050.html,Brand inferred from an unanimous Shobi code suffix
1004,980-YZLO,ELLE,YZLO,Yves Saint Laurent,FOUND,EXACT_BRAND_NAME,1.0000,1,Yves Saint Laurent,Elle,1574,https://www.fragrantica.com/perfume/Yves-Saint-Laurent/Elle-1574.html,Brand inferred from an unanimous Shobi code suffix
1003,979-YZLO,CINEMA,YZLO,Yves Saint Laurent,FOUND,EXACT_BRAND_NAME,1.0000,1,Yves Saint Laurent,Cinema,92,https://www.fragrantica.com/perfume/Yves-Saint-Laurent/Cinema-92.html,Brand inferred from an unanimous Shobi code suffix
1002,978-YZLO,the notes of the fragrance BLACK OPIUM NUIT BLANCHE,YZLO,Yves Saint Laurent,NOT_FOUND,,,0,,,,,
1001,977-YZLO,BLACK OPIUM,YZLO,Yves Saint Laurent,FOUND,EXACT_BRAND_NAME,1.0000,1,Yves Saint Laurent,Black Opium,25324,https://www.fragrantica.com/perfume/Yves-Saint-Laurent/Black-Opium-25324.html,Brand inferred from an unanimous Shobi code suffix
1000,976-YZLO,BELLE D'OPIUM,YZLO,Yves Saint Laurent,FOUND,EXACT_BRAND_NAME,1.0000,1,Yves Saint Laurent,Belle d Opium,9394,https://www.fragrantica.com/perfume/Yves-Saint-Laurent/Belle-d-Opium-9394.html,Brand inferred from an unanimous Shobi code suffix
999,,,,,NOT_FOUND,,,0,,,,,
998,973-VICT,WICKED - VICTORIA'S SECRET,VICT,,NOT_FOUND,,,0,,,,,
997,971-VICT,VERY SEXY TOUCH - VICTORIA'S SECRET,VICT,,NOT_FOUND,,,0,,,,,
996,968-VICT,VERY SEXY NOW - VICTORIAS SECRET,VICT,,NOT_FOUND,,,0,,,,,
995,965-VICT,the fragrance notes ofSEXY LITTLE THINGS-NOIR TEASE TEMPTATION - VICTORIA'S SECRET,VICT,,NOT_FOUND,,,0,,,,,
994,964-VICT,SCANDALOUS - VICTORIA'S SECRET,VICT,,NOT_FOUND,,,0,,,,,
993,963-VICT,PURE SEDUCTION - VICTORIA'S SECRET,VICT,,NOT_FOUND,,,0,,,,,
992,962-VICT,No1 FEATHERED MUSK - VICTORIA'S SECRET,VICT,,NOT_FOUND,,,0,,,,,
991,961-VICT,LOVE SPELL - VICTORIA'S SECRΕΤ,VICT,,NOT_FOUND,,,0,,,,,
990,960-VICT,the fragrance notes ofLOVE ME - VICTORIA'S SECRET,VICT,,NOT_FOUND,,,0,,,,,
989,959-VICT,FORBIDDEN  - VICTORIA'S SECRET,VICT,,NOT_FOUND,,,0,,,,,
988,958-VICT,FABULOUS - VICTORIA'S SECRET,VICT,,NOT_FOUND,,,0,,,,,
987,957-VICT,DREAM ANGELS GLOW - VICTORIA'S SECRET,VICT,,NOT_FOUND,,,0,,,,,
986,956-VICT,CRUSH - VICTORIA'S SECRET,VICT,,NOT_FOUND,,,0,,,,,
985,955-VICT,COCONUT PASSION - VICTORIA'S SECRET,VICT,,NOT_FOUND,,,0,,,,,
984,954-VICT,BOMBSHELL PINK DIAMOND - VICTORIA'S SECRET,VICT,,NOT_FOUND,,,0,,,,,
983,953-VICT,BOMBSHELL FOREVER - VICTORIA'S SECRET,VICT,,NOT_FOUND,,,0,,,,,
981,950-VICT,AMBER ROMANCE - VICTORIA'S SECRET,VICT,,NOT_FOUND,,,0,,,,,
980,949-VIC,FLOWER BOMB BLOOM,VIC,,NOT_FOUND,,,0,,,,,
979,948-VIC,FLOWER BOMB,VIC,,NOT_FOUND,,,0,,,,,
978,947-VIC,BON BON,VIC,,FOUND,EXACT_UNIQUE_NAME,1.0000,1,Armaf,Bon Bon,123334,https://www.fragrantica.com/perfume/Armaf/Bon-Bon-123334.html,Perfume name is unique across the entire URL corpus
977,946-VER,ORIENTAL OUD,VER,Versace,AMBIGUOUS,EXACT_NAME_MULTIPLE_CANDIDATES,,4,,,,,Same perfume name exists under multiple candidates
976,945-VER,EROS POUR FEMME,VER,Versace,FOUND,EXACT_BRAND_NAME,1.0000,1,Versace,Eros Pour Femme,28958,https://www.fragrantica.com/perfume/Versace/Eros-Pour-Femme-28958.html,Brand inferred from an unanimous Shobi code suffix
975,944-VER,CRYSTAL NOIR,VER,Versace,FOUND,EXACT_BRAND_NAME,1.0000,1,Versace,Crystal Noir,631,https://www.fragrantica.com/perfume/Versace/Crystal-Noir-631.html,Brand inferred from an unanimous Shobi code suffix
974,943-VER,BRIGHT CRYSTAL,VER,Versace,FOUND,EXACT_BRAND_NAME,1.0000,1,Versace,Bright Crystal,632,https://www.fragrantica.com/perfume/Versace/Bright-Crystal-632.html,Brand inferred from an unanimous Shobi code suffix
973,942-VERW,PRINCESS,VERW,,AMBIGUOUS,EXACT_NAME_MULTIPLE_CANDIDATES,,6,,,,,Same perfume name exists under multiple candidates
972,941-VAN,,VAN,,NOT_FOUND,,,0,,,,,
971,1270-VAN,,VAN,,NOT_FOUND,,,0,,,,,
970,939-VAL,VALENTINA PINK - VALENTINO,VAL,Valentino,NOT_FOUND,,,0,,,,,
969,938-VAL,VALENTINA - VALENTINO,VAL,Valentino,NOT_FOUND,,,0,,,,,
968,935-TRU,SKIN,TRU,,AMBIGUOUS,EXACT_NAME_MULTIPLE_CANDIDATES,,2,,,,,Same perfume name exists under multiple candidates
967,934-TRU,MY SCENT,TRU,,AMBIGUOUS,EXACT_NAME_MULTIPLE_CANDIDATES,,2,,,,,Same perfume name exists under multiple candidates
966,933-TRU,MY NAME,TRU,,FOUND,EXACT_UNIQUE_NAME,1.0000,1,Trussardi,My Name,18802,https://www.fragrantica.com/perfume/Trussardi/My-Name-18802.html,Perfume name is unique across the entire URL corpus
965,931-TRU,INSIDE,TRU,,NOT_FOUND,,,0,,,,,
964,930-TRU,ESSENZA DEL TEMPO,TRU,,FOUND,EXACT_UNIQUE_NAME,1.0000,1,Trussardi,Essenza del Tempo,3667,https://www.fragrantica.com/perfume/Trussardi/Essenza-del-Tempo-3667.html,Perfume name is unique across the entire URL corpus
963,929-TRU,DONNA,TRU,,AMBIGUOUS,EXACT_NAME_MULTIPLE_CANDIDATES,,4,,,,,Same perfume name exists under multiple candidates
962,928-TRU,DELICATE ROSE,TRU,,FOUND,EXACT_UNIQUE_NAME,1.0000,1,Aurora Scents,Delicate Rose,93471,https://www.fragrantica.com/perfume/Aurora-Scents/Delicate-Rose-93471.html,Perfume name is unique across the entire URL corpus
961,927-TOUZ,,TOUZ,,NOT_FOUND,,,0,,,,,
960,926-TOM,,TOM,,NOT_FOUND,,,0,,,,,
959,925-TMU,WOMANITY,TMU,,FOUND,EXACT_UNIQUE_NAME,1.0000,1,Mugler,Womanity,8766,https://www.fragrantica.com/perfume/Mugler/Womanity-8766.html,Perfume name is unique across the entire URL corpus
957,923-TMU,notes AURA,TMU,,NOT_FOUND,,,0,,,,,
956,921-TMU,ANGEL MUSE,TMU,,FOUND,EXACT_UNIQUE_NAME,1.0000,1,Mugler,Angel Muse,36416,https://www.fragrantica.com/perfume/Mugler/Angel-Muse-36416.html,Perfume name is unique across the entire URL corpus
955,920-TMU,ANGEL,TMU,,AMBIGUOUS,EXACT_NAME_MULTIPLE_CANDIDATES,,2,,,,,Same perfume name exists under multiple candidates
954,918-TMU,ALIEN Eau de Toilette,TMU,,FOUND,EXACT_UNIQUE_NAME,1.0000,1,Mugler,Alien Eau de Toilette,6616,https://www.fragrantica.com/perfume/Mugler/Alien-Eau-de-Toilette-6616.html,Perfume name is unique across the entire URL corpus
953,917-SWA,,SWA,,NOT_FOUND,,,0,,,,,
952,916-SOF,,SOF,,NOT_FOUND,,,0,,,,,
951,915-SIS,,SIS,,NOT_FOUND,,,0,,,,,
950,914-SIS,,SIS,,NOT_FOUND,,,0,,,,,
949,913-SIS,,SIS,,NOT_FOUND,,,0,,,,,
948,912-SHIS,,SHIS,,NOT_FOUND,,,0,,,,,
947,911-SEPH,,SEPH,,NOT_FOUND,,,0,,,,,
946,910-SARJ,,SARJ,,NOT_FOUND,,,0,,,,,
945,909-SFER,,SFER,,NOT_FOUND,,,0,,,,,
944,908-SFER,,SFER,,NOT_FOUND,,,0,,,,,
943,907-SFER,,SFER,,NOT_FOUND,,,0,,,,,
942,906-SFER,,SFER,,NOT_FOUND,,,0,,,,,
941,905-SFER,,SFER,,NOT_FOUND,,,0,,,,,
940,902-SALV,,SALV,,NOT_FOUND,,,0,,,,,
939,904-SALV,,SALV,,NOT_FOUND,,,0,,,,,
938,901-ROG,ROSE - ROGER & GALLET Type,ROG,,NOT_FOUND,,,0,,,,,
936,899-ROC,MADEMOISSELE - ROCHAS,ROC,,NOT_FOUND,,,0,,,,,
935,898-ROC,AQUA WOMAN - ROCHAS,ROC,,NOT_FOUND,,,0,,,,,
934,897-RCAV,TIGER OUD - ROBERTO CAVALLI,RCAV,,NOT_FOUND,,,0,,,,,
933,895-RCAV,SERPENTINE - CAVALLI,RCAV,,NOT_FOUND,,,0,,,,,
932,894-RCAV,PARADISO - ROBERTO CAVALLI,RCAV,,NOT_FOUND,,,0,,,,,
931,893-RCAV,NERO ASSOLUTO - CAVALLI,RCAV,,NOT_FOUND,,,0,,,,,
930,892-RCAV,JUST HER - ROBERTO CAVALLI,RCAV,,NOT_FOUND,,,0,,,,,
929,891-RCAV,JUST GOLD FOR HER - ROBERTO CAVALLI,RCAV,,NOT_FOUND,,,0,,,,,
928,890-RCAV,EXOTICA - CAVALLI,RCAV,,NOT_FOUND,,,0,,,,,
927,889-RCAV,ESSENZA - ROBERTO CAVALLI,RCAV,,NOT_FOUND,,,0,,,,,
926,888-RCAV,DIVINE OUD (U) - ROBERTO CAVALLI,RCAV,,NOT_FOUND,,,0,,,,,
924,886-RIH,RIRI - RIHANNA,RIH,,NOT_FOUND,,,0,,,,,
923,885-REP,,REP,,NOT_FOUND,,,0,,,,,
921,883-PRA,PRADA LA FEMME,PRA,Prada,FOUND,EXACT_BRAND_NAME,1.0000,1,Prada,Prada La Femme,39030,https://www.fragrantica.com/perfume/Prada/Prada-La-Femme-39030.html,Brand inferred from an unanimous Shobi code suffix
920,882-PRA,PRADA AMBER MAN,PRA,Prada,NOT_FOUND,,,0,,,,,
919,881-PRA,L'EAU AMBREE,PRA,Prada,FOUND,EXACT_BRAND_NAME,1.0000,1,Prada,L Eau Ambree,6524,https://www.fragrantica.com/perfume/Prada/L-Eau-Ambree-6524.html,Brand inferred from an unanimous Shobi code suffix
918,1239-PRA,INFUSION D'OEILLET - PRADA,PRA,Prada,NOT_FOUND,,,0,,,,,
917,879-PRA,INFUSION D'IRIS - PRADA,PRA,Prada,NOT_FOUND,,,0,,,,,
916,878-PRA,INFUSION DE MIMOSA - PRADA,PRA,Prada,NOT_FOUND,,,0,,,,,
915,875-PRA,CANDY KISS - PRADA,PRA,Prada,NOT_FOUND,,,0,,,,,
914,874-PRA,,PRA,Prada,NOT_FOUND,,,0,,,,,
913,873-PRA,CANDY FLORALE - PRADA,PRA,Prada,NOT_FOUND,,,0,,,,,
912,872-PRA,Candy,PRA,Prada,AMBIGUOUS,EXACT_NAME_MULTIPLE_CANDIDATES,,3,,,,,Same perfume name exists under multiple candidates
911,871-PIER,,PIER,,NOT_FOUND,,,0,,,,,
910,870-PIER,,PIER,,NOT_FOUND,,,0,,,,,
909,869-PIER,,PIER,,NOT_FOUND,,,0,,,,,
908,868-PARH,,PARH,,NOT_FOUND,,,0,,,,,
907,867-PAL,,PAL,,NOT_FOUND,,,0,,,,,
906,866-PAC,ULTRA VIOLET for women,PAC,Rabanne,NOT_FOUND,,,0,,,,,
905,865-PAC,PURE XS FOR HER,PAC,Rabanne,FOUND,EXACT_BRAND_NAME,1.0000,1,Rabanne,Pure XS For Her,51424,https://www.fragrantica.com/perfume/Rabanne/Pure-XS-For-Her-51424.html,Brand inferred from an unanimous Shobi code suffix
904,864-PAC,OLYMPEA INTENSE,PAC,Rabanne,FOUND,EXACT_BRAND_NAME,1.0000,1,Rabanne,Olympea Intense,42890,https://www.fragrantica.com/perfume/Rabanne/Olympea-Intense-42890.html,Brand inferred from an unanimous Shobi code suffix
903,863-PAC,OLYMPEA,PAC,Rabanne,FOUND,EXACT_BRAND_NAME,1.0000,1,Rabanne,Olympea,31666,https://www.fragrantica.com/perfume/Rabanne/Olympea-31666.html,Brand inferred from an unanimous Shobi code suffix
902,862-PAC,LADY MILLION PRIVE,PAC,Rabanne,FOUND,EXACT_BRAND_NAME,1.0000,1,Rabanne,Lady Million Prive,37699,https://www.fragrantica.com/perfume/Rabanne/Lady-Million-Prive-37699.html,Brand inferred from an unanimous Shobi code suffix
901,860-PAC,LADY MILLION,PAC,Rabanne,FOUND,EXACT_BRAND_NAME,1.0000,1,Rabanne,Lady Million,9045,https://www.fragrantica.com/perfume/Rabanne/Lady-Million-9045.html,Brand inferred from an unanimous Shobi code suffix
900,859-PAC,Black XS L'Aphrodisiaque for Women,PAC,Rabanne,FOUND,EXACT_BRAND_NAME,1.0000,1,Rabanne,Black XS L Aphrodisiaque for Women,18898,https://www.fragrantica.com/perfume/Rabanne/Black-XS-L-Aphrodisiaque-for-Women-18898.html,Brand inferred from an unanimous Shobi code suffix
899,858-PAC,BLACK XS FOR HER,PAC,Rabanne,FOUND,EXACT_BRAND_NAME,1.0000,1,Rabanne,Black XS for Her,1138,https://www.fragrantica.com/perfume/Rabanne/Black-XS-for-Her-1138.html,Brand inferred from an unanimous Shobi code suffix
898,857-ONE,YOU & I - ONE DIRECTION,ONE,,NOT_FOUND,,,0,,,,,
897,856-NIN,RICCI RICCI,NIN,,NOT_FOUND,,,0,,,,,
896,855-NIN,PREMIER JOUR,NIN,,NOT_FOUND,,,0,,,,,
895,853-NIN,NINA,NIN,,NOT_FOUND,,,0,,,,,
894,852-NIN,LUNA,NIN,,AMBIGUOUS,EXACT_NAME_MULTIPLE_CANDIDATES,,9,,,,,Same perfume name exists under multiple candidates
893,851-NIN,L'EXTASE,NIN,,NOT_FOUND,,,0,,,,,
892,850-NIN,L'AIR DU TEMPS,NIN,,NOT_FOUND,,,0,,,,,
891,849-NRO,ROSE MUSC - RODRIGUEZ,NRO,Narciso Rodriguez,NOT_FOUND,,,0,,,,,
890,847-NRO,POUDREE NARCISO - NARCISO RODRIGUEZ,NRO,Narciso Rodriguez,NOT_FOUND,,,0,,,,,
889,846-NRO,NARCISO ROUGE - RODRIGUEZ,NRO,Narciso Rodriguez,NOT_FOUND,,,0,,,,,
888,845-NRO,NARCISO (WHITE) - NARCISO RODRIGUEZ,NRO,Narciso Rodriguez,NOT_FOUND,,,0,,,,,
887,843-NRO,FOR HER PINK EAU DE TOILETTE - RODRIGUEZ,NRO,Narciso Rodriguez,NOT_FOUND,,,0,,,,,
886,844-NRO,L'ABSOLU FOR HER  - NARCISO RODRIGUEZ,NRO,Narciso Rodriguez,NOT_FOUND,,,0,,,,,
885,841-NRO,FLEUR MUSK FOR HER - RODRIGUEZ,NRO,Narciso Rodriguez,NOT_FOUND,,,0,,,,,
884,842-NRO,FOR HER BLACK EDP - NARCISO RODRIGUEZ,NRO,Narciso Rodriguez,NOT_FOUND,,,0,,,,,
883,840-NAO,NAOMI - CAMPBELL,NAO,,NOT_FOUND,,,0,,,,,
881,838-MOS,STARS - MOSCHINO,MOS,,NOT_FOUND,,,0,,,,,
880,837-MOS,PINK BOUQUET - MOSCHINO,MOS,,NOT_FOUND,,,0,,,,,
879,836-MOS,L'EAU CHEAP & CHIC - MOSCHINO,MOS,,NOT_FOUND,,,0,,,,,
878,835-MOS,FUNNY MOSCHINO,MOS,,NOT_FOUND,,,0,,,,,
877,833-MOS,CHEAP & CHIC LIGHT CLOUDS - MOSCHINO,MOS,,NOT_FOUND,,,0,,,,,
876,832-MOS,CHEAP & CHIC I LOVE LOVE - MOSCHINO,MOS,,NOT_FOUND,,,0,,,,,
875,831-MOS,CHEAP & CHIC - MOSCHINO,MOS,,NOT_FOUND,,,0,,,,,
874,830-MNTB,LEGEND POUR FEMME - MONT BLANC,MNTB,,NOT_FOUND,,,0,,,,,
873,829-MNTB,FEMME - MONT BLANC,MNTB,,NOT_FOUND,,,0,,,,,
872,828-MIY,L’Eau Bleue Miu Miu,MIY,,NOT_FOUND,,,0,,,,,
871,827-MISN,MISSONI - MISSONI,MISN,,NOT_FOUND,,,0,,,,,
870,825-MIC,WONDERLUST - MICHAEL KORS,MIC,,NOT_FOUND,,,0,,,,,
869,824-MIC,WHITE LUMINOUS GOLD - MICHAEL KORS,MIC,,NOT_FOUND,,,0,,,,,
868,823-MIC,SPORTY CITRUS - MICHAEL KORS,MIC,,NOT_FOUND,,,0,,,,,
867,822-MIC,SEXY RUBY - KORS,MIC,,NOT_FOUND,,,0,,,,,
866,821-MIC,SEXY SUNSET - KORS,MIC,,NOT_FOUND,,,0,,,,,
865,820-MIC,SEXY RIO DE JANEIRO KORS,MIC,,NOT_FOUND,,,0,,,,,
864,819-MIC,SEXY AMBER - KORS,MIC,,NOT_FOUND,,,0,,,,,
863,818-MIC,CORAL - KORS,MIC,,NOT_FOUND,,,0,,,,,
862,817-MIC,24K BRILLIANT GOLD - KORS,MIC,,NOT_FOUND,,,0,,,,,
861,816-MAX,MAX MARA,MAX,,NOT_FOUND,,,0,,,,,
860,815-MAR,HONEY - MARC JACOBS,MAR,,NOT_FOUND,,,0,,,,,
859,814-MAR,DOT - MARC JACOBS,MAR,,NOT_FOUND,,,0,,,,,
858,813-MAR,DECADENCE - MARC JACOBS,MAR,,NOT_FOUND,,,0,,,,,
856,812-MAR,DAISY DREAM - MARC JACOBS,MAR,,NOT_FOUND,,,0,,,,,
855,811-MAR,DAISY - MARC JACOBS,MAR,,NOT_FOUND,,,0,,,,,
852,807-LOL,LOLITA - LOLITA LEMPICKA,LOL,,NOT_FOUND,,,0,,,,,
851,806-LOL,L'EAU JOLIE - LOLITA LEMPICKA,LOL,,NOT_FOUND,,,0,,,,,
850,805-LOL,L DE LOLITA LEMPICKA,LOL,,NOT_FOUND,,,0,,,,,
849,804-LOE,,LOE,,NOT_FOUND,,,0,,,,,
848,801-LANV,MARRY ME,LANV,,NOT_FOUND,,,0,,,,,
847,800-LANV,LANVIN ME,LANV,,NOT_FOUND,,,0,,,,,
846,799-LANV,ECLAT D'ARPEGE,LANV,,NOT_FOUND,,,0,,,,,
845,798-LAN,TRESOR MIDNIGHT ROSE,LAN,Lancôme,FOUND,EXACT_BRAND_NAME,1.0000,1,Lancome,Tresor Midnight Rose,11721,https://www.fragrantica.com/perfume/Lancome/Tresor-Midnight-Rose-11721.html,Brand inferred from an unanimous Shobi code suffix
844,797-LAN,TRESOR,LAN,Lancôme,FOUND,EXACT_BRAND_NAME,1.0000,1,Lancome,Tresor,172,https://www.fragrantica.com/perfume/Lancome/Tresor-172.html,Brand inferred from an unanimous Shobi code suffix
843,796-LAN,POEME,LAN,Lancôme,FOUND,EXACT_BRAND_NAME,1.0000,1,Lancome,Poeme,171,https://www.fragrantica.com/perfume/Lancome/Poeme-171.html,Brand inferred from an unanimous Shobi code suffix
842,794-LAN,LA NUIT TRESOR A LA FOLIE,LAN,Lancôme,FOUND,EXACT_BRAND_NAME,1.0000,1,Lancome,La Nuit Tresor a la Folie,48019,https://www.fragrantica.com/perfume/Lancome/La-Nuit-Tresor-a-la-Folie-48019.html,Brand inferred from an unanimous Shobi code suffix
841,793-LAN,LA NUIT TRESOR,LAN,Lancôme,FOUND,EXACT_BRAND_NAME,1.0000,1,Lancome,La Nuit Tresor,29157,https://www.fragrantica.com/perfume/Lancome/La-Nuit-Tresor-29157.html,Brand inferred from an unanimous Shobi code suffix
840,791-LAN,O DE L'ORANGERIE,LAN,Lancôme,FOUND,EXACT_BRAND_NAME,1.0000,1,Lancome,O de L Orangerie,11345,https://www.fragrantica.com/perfume/Lancome/O-de-L-Orangerie-11345.html,Brand inferred from an unanimous Shobi code suffix
839,790-LAN,MIRACLE,LAN,Lancôme,FOUND,EXACT_BRAND_NAME,1.0000,1,Lancome,Miracle,184,https://www.fragrantica.com/perfume/Lancome/Miracle-184.html,Brand inferred from an unanimous Shobi code suffix
838,788-LAN,MAGNIFIQUE,LAN,Lancôme,FOUND,EXACT_BRAND_NAME,1.0000,1,Lancome,Magnifique,3746,https://www.fragrantica.com/perfume/Lancome/Magnifique-3746.html,Brand inferred from an unanimous Shobi code suffix
837,787-LAN,MAGIE NOIRE,LAN,Lancôme,FOUND,EXACT_BRAND_NAME,1.0000,1,Lancome,Magie Noire,174,https://www.fragrantica.com/perfume/Lancome/Magie-Noire-174.html,Brand inferred from an unanimous Shobi code suffix
836,784-LAN,LA VIE EST BELLE L'ECLAT,LAN,Lancôme,FOUND,EXACT_BRAND_NAME,1.0000,1,Lancome,La Vie est Belle L Eclat,45892,https://www.fragrantica.com/perfume/Lancome/La-Vie-est-Belle-L-Eclat-45892.html,Brand inferred from an unanimous Shobi code suffix
835,783-LAN,LA VIE EST BELLE L'EAU DE TOILETTE FLORALE,LAN,Lancôme,FOUND,EXACT_BRAND_NAME,1.0000,1,Lancome,La Vie Est Belle L Eau de Toilette Florale,35493,https://www.fragrantica.com/perfume/Lancome/La-Vie-Est-Belle-L-Eau-de-Toilette-Florale-35493.html,Brand inferred from an unanimous Shobi code suffix
834,782-LAN,LA VIE EST BELLE,LAN,Lancôme,FOUND,EXACT_BRAND_NAME,1.0000,1,Lancome,La Vie Est Belle,14982,https://www.fragrantica.com/perfume/Lancome/La-Vie-Est-Belle-14982.html,Brand inferred from an unanimous Shobi code suffix
833,779-LAN,HYPNOSE,LAN,Lancôme,FOUND,EXACT_BRAND_NAME,1.0000,1,Lancome,Hypnose,170,https://www.fragrantica.com/perfume/Lancome/Hypnose-170.html,Brand inferred from an unanimous Shobi code suffix
832,778-LAN,CLIMAT,LAN,Lancôme,FOUND,EXACT_BRAND_NAME,1.0000,1,Lancome,Climat,180,https://www.fragrantica.com/perfume/Lancome/Climat-180.html,Brand inferred from an unanimous Shobi code suffix
831,777-LAL,SCULPTEUR D' EPICES - LALIQUE,LAL,,NOT_FOUND,,,0,,,,,
830,776-LAL,SATINE - LALIQUE,LAL,,NOT_FOUND,,,0,,,,,
829,774-LAL,LIVING LALIQUE - LALIQUE,LAL,,NOT_FOUND,,,0,,,,,
828,773-LAL,AMETHYST - LALIQUE,LAL,,NOT_FOUND,,,0,,,,,
827,772-LAD,,LAD,,NOT_FOUND,,,0,,,,,
826,771-LAP,,LAP,,NOT_FOUND,,,0,,,,,
825,770-LAP,,LAP,,NOT_FOUND,,,0,,,,,
824,1195-LART,PREMIER FIGUIER,LART,,FOUND,EXACT_UNIQUE_NAME,1.0000,1,L Artisan Parfumeur,Premier Figuier,1261,https://www.fragrantica.com/perfume/L-Artisan-Parfumeur/Premier-Figuier-1261.html,Perfume name is unique across the entire URL corpus
823,768-KIL,WOMAN IN GOLD - KILIAN,KIL,By Kilian,NOT_FOUND,,,0,,,,,
822,766-KIL,MOONLIGHT IN HEAVEN - KILIAN,KIL,By Kilian,NOT_FOUND,,,0,,,,,
821,764-KIL,LIAISONS DANGEREUSES - KILIAN,KIL,By Kilian,NOT_FOUND,,,0,,,,,
820,761-KIL,GOOD GIRL GONE BAD - KILIAN,KIL,By Kilian,NOT_FOUND,,,0,,,,,
819,758-KIL,BACK TO BLACK - KILIAN,KIL,By Kilian,NOT_FOUND,,,0,,,,,
818,756-KEN,WORLD - KENZO,KEN,,NOT_FOUND,,,0,,,,,
817,755-KEN,SUMMER - KENZO,KEN,,NOT_FOUND,,,0,,,,,
816,754-KEN,L'EAU PAR -KENZO,KEN,,FOUND,EXACT_UNIQUE_NAME,1.0000,1,Kenzo,L Eau par Kenzo,78,https://www.fragrantica.com/perfume/Kenzo/L-Eau-par-Kenzo-78.html,Perfume name is unique across the entire URL corpus
815,753-KEN,KENZO-ΚΕΝΖΟ,KEN,,FOUND,EXACT_UNIQUE_NAME,1.0000,1,Kenzo,Kenzo,3403,https://www.fragrantica.com/perfume/Kenzo/Kenzo-3403.html,Perfume name is unique across the entire URL corpus
814,752-KEN,JUNGLE L'ELEPHANT - KENZO,KEN,,NOT_FOUND,,,0,,,,,
813,751-KEN,JEU D'AMOUR - KENZO,KEN,,NOT_FOUND,,,0,,,,,
812,750-KEN,FLOWER L ELIXIR - KENZO,KEN,,NOT_FOUND,,,0,,,,,
811,749-KEN,FLOWER - KENZO,KEN,,NOT_FOUND,,,0,,,,,
810,748-KEN,COULEUR VIOLET - KENZO,KEN,,NOT_FOUND,,,0,,,,,
809,747-KEN,AMOUR LE PARFUM - KENZO,KEN,,NOT_FOUND,,,0,,,,,
808,746-KAR,,KAR,,NOT_FOUND,,,0,,,,,
807,745-KAR,,KAR,,NOT_FOUND,,,0,,,,,
806,744-JUS,,JUS,,NOT_FOUND,,,0,,,,,
805,743-JUS,,JUS,,NOT_FOUND,,,0,,,,,
804,742-JUI,,JUI,,NOT_FOUND,,,0,,,,,
803,741-JUI,,JUI,,NOT_FOUND,,,0,,,,,
802,739-JUI,,JUI,,NOT_FOUND,,,0,,,,,
801,738-JUI,,JUI,,NOT_FOUND,,,0,,,,,
800,737-JUI,,JUI,,NOT_FOUND,,,0,,,,,
799,736-JUI,,JUI,,NOT_FOUND,,,0,,,,,
798,735-JIM,,JIM,Jimmy Choo,NOT_FOUND,,,0,,,,,
797,734-JIM,,JIM,Jimmy Choo,NOT_FOUND,,,0,,,,,
796,733-JIM,,JIM,Jimmy Choo,NOT_FOUND,,,0,,,,,
795,732-JIM,,JIM,Jimmy Choo,NOT_FOUND,,,0,,,,,
794,730-JIM,,JIM,Jimmy Choo,NOT_FOUND,,,0,,,,,
793,729-JIM,,JIM,Jimmy Choo,NOT_FOUND,,,0,,,,,
791,727-JEN,,JEN,,NOT_FOUND,,,0,,,,,
790,724-GUL,SCANDAL,GUL,Jean Paul Gaultier,FOUND,EXACT_BRAND_NAME,1.0000,1,Jean Paul Gaultier,Scandal,45651,https://www.fragrantica.com/perfume/Jean-Paul-Gaultier/Scandal-45651.html,Brand inferred from an unanimous Shobi code suffix
789,723-GUL,X CLASSIQUE,GUL,Jean Paul Gaultier,NOT_FOUND,,,0,,,,,
788,721-GUL,CLASSIQUE ESSENCE DE PARFUM,GUL,Jean Paul Gaultier,FOUND,EXACT_BRAND_NAME,1.0000,1,Jean Paul Gaultier,Classique Essence de Parfum,39582,https://www.fragrantica.com/perfume/Jean-Paul-Gaultier/Classique-Essence-de-Parfum-39582.html,Brand inferred from an unanimous Shobi code suffix
786,719-ISS,PLEATS PLEASE - ISSEY MIYAKE,ISS,,NOT_FOUND,,,0,,,,,
785,718-ISS,L'EAU D' ISSEY,ISS,,FOUND,EXACT_UNIQUE_NAME,1.0000,1,Issey Miyake,L eau d Issey,720,https://www.fragrantica.com/perfume/Issey-Miyake/L-eau-d-Issey-720.html,Perfume name is unique across the entire URL corpus
784,717-ISS,CLASSIC - ISSEY MIYAKE,ISS,,NOT_FOUND,,,0,,,,,
783,716-ISS,A SCENT - ISSEY MIYAKE,ISS,,NOT_FOUND,,,0,,,,,
782,715-HUG,WOMAN EXTREME - HUGO BOSS,HUG,,NOT_FOUND,,,0,,,,,
781,714-HUG,THE SCENT FOR HER - HUGO BOSS,HUG,,NOT_FOUND,,,0,,,,,
780,713-HUG,MA VIE - HUGO BOSS,HUG,,NOT_FOUND,,,0,,,,,
779,712-HUG,HUGO BOSS WOMAN,HUG,,NOT_FOUND,,,0,,,,,
778,711-HUG,BOSS ORANGE FEMME - HUGO BOSS,HUG,,NOT_FOUND,,,0,,,,,
777,710-HUG,BOSS JOUR - HUGO BOSS,HUG,,NOT_FOUND,,,0,,,,,
776,709-HER,VOYAGE D'HERMES - HERMES,HER,Hermès,NOT_FOUND,,,0,,,,,
775,708-HER,UN JARDIN SUR LE NIL - HERMES Unisex,HER,Hermès,NOT_FOUND,,,0,,,,,
774,707-HER,TWILLY D'HERMES,HER,Hermès,FOUND,EXACT_BRAND_NAME,1.0000,1,Hermes,Twilly d Hermes,46145,https://www.fragrantica.com/perfume/Hermes/Twilly-d-Hermes-46145.html,Brand inferred from an unanimous Shobi code suffix
773,706-HER,OSMANTHE YUNNAN - HERMES,HER,Hermès,NOT_FOUND,,,0,,,,,
772,705-HER,LE JARDIN DE MONSIEUR LI - HERMES,HER,Hermès,NOT_FOUND,,,0,,,,,
771,704-HER,L'AMBRE DES MERVEILLES - HERMES,HER,Hermès,NOT_FOUND,,,0,,,,,
770,702-HER,JOUR D'HERMES,HER,Hermès,FOUND,EXACT_BRAND_NAME,1.0000,1,Hermes,Jour d Hermes,17076,https://www.fragrantica.com/perfume/Hermes/Jour-d-Hermes-17076.html,Brand inferred from an unanimous Shobi code suffix
769,701-HER,GALOP D'HERMES,HER,Hermès,FOUND,EXACT_BRAND_NAME,1.0000,1,Hermes,Galop d Hermes,39584,https://www.fragrantica.com/perfume/Hermes/Galop-d-Hermes-39584.html,Brand inferred from an unanimous Shobi code suffix
768,700-HER,ELIXIR DES MERVEILLES - HERMES,HER,Hermès,NOT_FOUND,,,0,,,,,
767,698-HER,EAU DES MERVEILLES,HER,Hermès,FOUND,EXACT_BRAND_NAME,1.0000,1,Hermes,Eau des Merveilles,9,https://www.fragrantica.com/perfume/Hermes/Eau-des-Merveilles-9.html,Brand inferred from an unanimous Shobi code suffix
766,697-HER,AMBRE NARGUILE - HERMES,HER,Hermès,NOT_FOUND,,,0,,,,,
765,696-GLA,,GLA,,NOT_FOUND,,,0,,,,,
764,695-GUE,,GUE,,NOT_FOUND,,,0,,,,,
763,693-GUR,SHALIMAR PARFUM - GUERLAIN,GUR,Guerlain,NOT_FOUND,,,0,,,,,
762,692-GUR,SAMSARA - GUERLAIN,GUR,Guerlain,NOT_FOUND,,,0,,,,,
761,691-GUR,MUGUET - GUERLAIN,GUR,Guerlain,NOT_FOUND,,,0,,,,,
760,690-GUR,MON GUERLAIN - GUERLAIN,GUR,Guerlain,NOT_FOUND,,,0,,,,,
759,688-GUR,L'INSTANT MAGIC - GUERLAIN,GUR,Guerlain,NOT_FOUND,,,0,,,,,
758,686-GUR,INSOLENCE - GUERLAIN,GUR,Guerlain,NOT_FOUND,,,0,,,,,
757,684-GUR,BAISER DE RUSSIE - GUERLAIN,GUR,Guerlain,NOT_FOUND,,,0,,,,,
756,682-GUR,AQUA ALLEGORIA FLORA ROSA - GUERLAIN,GUR,Guerlain,NOT_FOUND,,,0,,,,,
755,681-GUC,Rush,GUC,Gucci,AMBIGUOUS,EXACT_NAME_MULTIPLE_CANDIDATES,,2,,,,,Same perfume name exists under multiple candidates
754,680-GUC,G,GUC,Gucci,NOT_FOUND,,,0,,,,,
753,678-GUC,Guilty,GUC,Gucci,NOT_FOUND,,,0,,,,,
752,676-GUC,Flora,GUC,Gucci,FOUND,EXACT_UNIQUE_NAME,1.0000,1,Anthropologie,Flora,138007,https://www.fragrantica.com/perfume/Anthropologie/Flora-138007.html,Perfume name is unique across the entire URL corpus
751,675-GUC,Bloom,GUC,Gucci,AMBIGUOUS,EXACT_NAME_MULTIPLE_CANDIDATES,,10,,,,,Same perfume name exists under multiple candidates
750,674-GUC,Bamboo,GUC,Gucci,AMBIGUOUS,EXACT_NAME_MULTIPLE_CANDIDATES,,2,,,,,Same perfume name exists under multiple candidates
749,673-GRS,,GRS,,NOT_FOUND,,,0,,,,,
747,671-GIV,PLAY FOR HER,GIV,Givenchy,FOUND,EXACT_BRAND_NAME,1.0000,1,Givenchy,Play For Her,9369,https://www.fragrantica.com/perfume/Givenchy/Play-For-Her-9369.html,Brand inferred from an unanimous Shobi code suffix
746,670-GIV,ORGANZA,GIV,Givenchy,FOUND,EXACT_BRAND_NAME,1.0000,1,Givenchy,Organza,4,https://www.fragrantica.com/perfume/Givenchy/Organza-4.html,Brand inferred from an unanimous Shobi code suffix
745,669-GIV,L'INTERDIT,GIV,Givenchy,FOUND,EXACT_BRAND_NAME,1.0000,1,Givenchy,L Interdit,4695,https://www.fragrantica.com/perfume/Givenchy/L-Interdit-4695.html,Brand inferred from an unanimous Shobi code suffix
744,668-GIV,HOT COUTURE,GIV,Givenchy,FOUND,EXACT_BRAND_NAME,1.0000,1,Givenchy,Hot Couture,35,https://www.fragrantica.com/perfume/Givenchy/Hot-Couture-35.html,Brand inferred from an unanimous Shobi code suffix
743,667-GIV,Dahlia Noir,GIV,Givenchy,FOUND,EXACT_BRAND_NAME,1.0000,1,Givenchy,Dahlia Noir,12146,https://www.fragrantica.com/perfume/Givenchy/Dahlia-Noir-12146.html,Brand inferred from an unanimous Shobi code suffix
742,666-GIV,DAHLIA DIVIN,GIV,Givenchy,FOUND,EXACT_BRAND_NAME,1.0000,1,Givenchy,Dahlia Divin,25972,https://www.fragrantica.com/perfume/Givenchy/Dahlia-Divin-25972.html,Brand inferred from an unanimous Shobi code suffix
741,665-GIV,BLOOM,GIV,Givenchy,FOUND,EXACT_BRAND_NAME,1.0000,1,Givenchy,Bloom,17610,https://www.fragrantica.com/perfume/Givenchy/Bloom-17610.html,Brand inferred from an unanimous Shobi code suffix
740,664-GIV,ANGE OU DEMON,GIV,Givenchy,FOUND,EXACT_BRAND_NAME,1.0000,1,Givenchy,Ange ou Demon,701,https://www.fragrantica.com/perfume/Givenchy/Ange-ou-Demon-701.html,Brand inferred from an unanimous Shobi code suffix
739,663-GIV,the fragrance Amarige Mariage,GIV,Givenchy,NOT_FOUND,,,0,,,,,
738,662-GIV,AMARIGE,GIV,Givenchy,FOUND,EXACT_BRAND_NAME,1.0000,1,Givenchy,Amarige,3,https://www.fragrantica.com/perfume/Givenchy/Amarige-3.html,Brand inferred from an unanimous Shobi code suffix
737,661-ARM,SUN DI GIOIA,ARM,Giorgio Armani,FOUND,EXACT_BRAND_NAME,1.0000,1,Giorgio Armani,Sun di Gioia,36600,https://www.fragrantica.com/perfume/Giorgio-Armani/Sun-di-Gioia-36600.html,Brand inferred from an unanimous Shobi code suffix
736,660-ARM,SI ROSE SIGNATURE,ARM,Giorgio Armani,FOUND,EXACT_BRAND_NAME,1.0000,1,Giorgio Armani,Si Rose Signature,35248,https://www.fragrantica.com/perfume/Giorgio-Armani/Si-Rose-Signature-35248.html,Brand inferred from an unanimous Shobi code suffix
735,658-ARM,SI PASSIONE,ARM,Giorgio Armani,FOUND,EXACT_BRAND_NAME,1.0000,1,Giorgio Armani,Si Passione,48002,https://www.fragrantica.com/perfume/Giorgio-Armani/Si-Passione-48002.html,Brand inferred from an unanimous Shobi code suffix
734,657-ARM,SI INTENSE,ARM,Giorgio Armani,FOUND,EXACT_BRAND_NAME,1.0000,1,Giorgio Armani,Si Intense,25947,https://www.fragrantica.com/perfume/Giorgio-Armani/Si-Intense-25947.html,Brand inferred from an unanimous Shobi code suffix
733,655-ARM,SI,ARM,Giorgio Armani,FOUND,EXACT_BRAND_NAME,1.0000,1,Giorgio Armani,Si,18453,https://www.fragrantica.com/perfume/Giorgio-Armani/Si-18453.html,Brand inferred from an unanimous Shobi code suffix
732,653-ARM,MANIA,ARM,Giorgio Armani,FOUND,EXACT_BRAND_NAME,1.0000,1,Giorgio Armani,Mania,423,https://www.fragrantica.com/perfume/Giorgio-Armani/Mania-423.html,Brand inferred from an unanimous Shobi code suffix
731,651-ARM,LEI/ELLE/SHE/ELLA,ARM,Giorgio Armani,NOT_FOUND,,,0,,,,,
730,650-ARM,BECAUSE IT'S YOU,ARM,Giorgio Armani,NOT_FOUND,,,0,,,,,
729,649-ARM,CODE TURQUOISE,ARM,Giorgio Armani,NOT_FOUND,,,0,,,,,
728,648-ARM,CODE SATIN,ARM,Giorgio Armani,NOT_FOUND,,,0,,,,,
727,646-ARM,CODE,ARM,Giorgio Armani,FOUND,EXACT_UNIQUE_NAME,1.0000,1,Aqua Arabia,Code,101026,https://www.fragrantica.com/perfume/Aqua-Arabia/Code-101026.html,Perfume name is unique across the entire URL corpus
726,645-ARM,ACQUA DI GIOIA JASMINE,ARM,Giorgio Armani,FOUND,EXACT_BRAND_NAME,1.0000,1,Giorgio Armani,Acqua Di Gioia Jasmine,30621,https://www.fragrantica.com/perfume/Giorgio-Armani/Acqua-Di-Gioia-Jasmine-30621.html,Brand inferred from an unanimous Shobi code suffix
725,644-ARM,ACQUA DI GIOIA ESSENZA,ARM,Giorgio Armani,FOUND,EXACT_BRAND_NAME,1.0000,1,Giorgio Armani,Acqua di Gioia Essenza,12402,https://www.fragrantica.com/perfume/Giorgio-Armani/Acqua-di-Gioia-Essenza-12402.html,Brand inferred from an unanimous Shobi code suffix
724,643-ARM,ACQUA DI GIOIA,ARM,Giorgio Armani,FOUND,EXACT_BRAND_NAME,1.0000,1,Giorgio Armani,Acqua di Gioia,8442,https://www.fragrantica.com/perfume/Giorgio-Armani/Acqua-di-Gioia-8442.html,Brand inferred from an unanimous Shobi code suffix
723,641-FRE,the notes of PORTRAIT OF A LADY,FRE,,NOT_FOUND,,,0,,,,,
722,640-FEN,,FEN,,NOT_FOUND,,,0,,,,,
721,639-FEN,,FEN,,NOT_FOUND,,,0,,,,,
720,638-EST,WHITE LINEN - ESTEE LAUDER,EST,,NOT_FOUND,,,0,,,,,
719,636-EST,SENSUOUS NUDE - ESTEE LAUDER,EST,,NOT_FOUND,,,0,,,,,
718,635-EST,SENSUOUS NOIR - ESTEE LAUDER,EST,,NOT_FOUND,,,0,,,,,
717,634-EST,sensuous,EST,,FOUND,EXACT_UNIQUE_NAME,1.0000,1,Estee Lauder,Sensuous,2938,https://www.fragrantica.com/perfume/Estee-Lauder/Sensuous-2938.html,Perfume name is unique across the entire URL corpus
716,633-EST,TUBEROSE GARDENIA - ESTEE LAUDER,EST,,NOT_FOUND,,,0,,,,,
715,632-EST,JASMIN WHITE MOSS - ESTEE LAUDER,EST,,NOT_FOUND,,,0,,,,,
714,631-EST,PRIVATE COLLECTION - ESTEE LAUDER,EST,,NOT_FOUND,,,0,,,,,
713,630-EST,PLEASURES DELIGHT - ESTEE LAUDER,EST,,NOT_FOUND,,,0,,,,,
712,629-EST,PLEASURES - ESTEE LAUDER,EST,,NOT_FOUND,,,0,,,,,
711,628-EST,MODERN MUSE NUIT,EST,,FOUND,EXACT_UNIQUE_NAME,1.0000,1,Estee Lauder,Modern Muse Nuit,40455,https://www.fragrantica.com/perfume/Estee-Lauder/Modern-Muse-Nuit-40455.html,Perfume name is unique across the entire URL corpus
710,627-EST,MODERN MUSE LE ROUGE - ESTEE LAUDER,EST,,NOT_FOUND,,,0,,,,,
709,626-EST,MODERN MUSE - ESTEE LAUDER,EST,,NOT_FOUND,,,0,,,,,
708,625-EST,KNOWING  - ESTEE LAUDER,EST,,NOT_FOUND,,,0,,,,,
707,624-EST,INTUITION - ESTEE LAUDER,EST,,NOT_FOUND,,,0,,,,,
706,623-EST,ESTEE - ESTEE LAUDER,EST,,NOT_FOUND,,,0,,,,,
705,622-EST,CINNABAR - ESTEE LAUDER,EST,,NOT_FOUND,,,0,,,,,
704,621-EST,BR,EST,,NOT_FOUND,,,0,,,,,
703,620-EST,BRONZE GODDESS SOLEIL - ESTEE LAUDER,EST,,NOT_FOUND,,,0,,,,,
702,619-EST,BR,EST,,NOT_FOUND,,,0,,,,,
701,618-EST,BRONZE GODDESS CAPRI - ESTEE LAUDER,EST,,NOT_FOUND,,,0,,,,,
700,617-EST,BRASIL DREAM - ESTEE LAUDER,EST,,NOT_FOUND,,,0,,,,,
699,616-EST,BEYOND PARADISE - ESTEE LAUDER,EST,,NOT_FOUND,,,0,,,,,
698,614-EST,BEAUTIFUL - ESTEE LAUDER,EST,,NOT_FOUND,,,0,,,,,
697,613-ESC,,ESC,,NOT_FOUND,,,0,,,,,
696,612-ESC,,ESC,,NOT_FOUND,,,0,,,,,
695,611-ESC,TAJ SUNSET - ESCADA,ESC,,NOT_FOUND,,,0,,,,,
694,610-ESC,SORBETTO ROSSO - ESCADA,ESC,,NOT_FOUND,,,0,,,,,
693,607-ESC,MARINE GROOVE - ESCADA,ESC,,NOT_FOUND,,,0,,,,,
692,606-ESC,MARGARETHA LEY (CLASSIC) - ESCADA,ESC,,NOT_FOUND,,,0,,,,,
691,604-ESC,MAGNETISM - ESCADA,ESC,,NOT_FOUND,,,0,,,,,
690,603-ESC,INCREDIBLE ME - ESCADA,ESC,,NOT_FOUND,,,0,,,,,
689,602-ESC,JOYFUL - ESCADA,ESC,,NOT_FOUND,,,0,,,,,
688,600-ESC,FIESTA CARIOCA - ESCADA,ESC,,NOT_FOUND,,,0,,,,,
687,599-ESC,CHERRY IN THE AIR - ESCADA,ESC,,NOT_FOUND,,,0,,,,,
686,598-ESC,the fragrance notes ofCELEBRATE NOW - ESCADA,ESC,,NOT_FOUND,,,0,,,,,
685,597-ESC,BORN IN PARADISE,ESC,,NOT_FOUND,,,0,,,,,
684,596-ESC,AGUA DEL SOL,ESC,,NOT_FOUND,,,0,,,,,
683,595-EMIL,EMILIO PUCCI,EMIL,,NOT_FOUND,,,0,,,,,
682,594-EMAN,DIVA - EMANOUEL UNGARO,EMAN,,NOT_FOUND,,,0,,,,,
681,593-ELZT,,ELZT,,NOT_FOUND,,,0,,,,,
680,592-ELIZ,,ELIZ,Elizabeth Arden,NOT_FOUND,,,0,,,,,
679,591-ELIZ,,ELIZ,Elizabeth Arden,NOT_FOUND,,,0,,,,,
678,590-ELIZ,,ELIZ,Elizabeth Arden,NOT_FOUND,,,0,,,,,
677,588-ELI,,ELI,,NOT_FOUND,,,0,,,,,
676,587-DSQ,,DSQ,,NOT_FOUND,,,0,,,,,
675,586-DSQ,,DSQ,,NOT_FOUND,,,0,,,,,
674,585-DSQ,,DSQ,,NOT_FOUND,,,0,,,,,
673,584-DSQ,,DSQ,,NOT_FOUND,,,0,,,,,
671,582-DON,,DON,Donna Karan,NOT_FOUND,,,0,,,,,
670,581-DON,MY NY - Donna Karan,DON,Donna Karan,NOT_FOUND,,,0,,,,,
669,580-DON,GOLDEN DELICIOUS - DKNY,DON,Donna Karan,NOT_FOUND,,,0,,,,,
668,579-DON,FRUITY ROOTY - DKNY,DON,Donna Karan,NOT_FOUND,,,0,,,,,
667,578-DON,DKNY,DON,Donna Karan,NOT_FOUND,,,0,,,,,
666,577-DON,CASHMERE MIST - DKNY,DON,Donna Karan,NOT_FOUND,,,0,,,,,
665,576-DON,,DON,Donna Karan,NOT_FOUND,,,0,,,,,
664,575-DON,BE TEMPTED - DKNY,DON,Donna Karan,NOT_FOUND,,,0,,,,,
663,574-DON,BE DELICIOUS - DKNY,DON,Donna Karan,NOT_FOUND,,,0,,,,,
662,573-DIE,LOVERDOSE RED KISS - DIESEL,DIE,,NOT_FOUND,,,0,,,,,
661,572-DIE,LOVERDOS,DIE,,NOT_FOUND,,,0,,,,,
660,571-DAV,,DAV,,NOT_FOUND,,,0,,,,,
659,570-DOL,(RED CUP),DOL,Dolce&Gabbana,NOT_FOUND,,,0,,,,,
658,569-DOL,THE ONLY ONE,DOL,Dolce&Gabbana,FOUND,EXACT_UNIQUE_NAME,1.0000,1,Dolce Gabbana,The Only One,51249,https://www.fragrantica.com/perfume/Dolce-Gabbana/The-Only-One-51249.html,Perfume name is unique across the entire URL corpus
657,568-DOL,THE ONE ESSENCE,DOL,Dolce&Gabbana,FOUND,EXACT_UNIQUE_NAME,1.0000,1,Dolce Gabbana,The One Essence,31968,https://www.fragrantica.com/perfume/Dolce-Gabbana/The-One-Essence-31968.html,Perfume name is unique across the entire URL corpus
656,567-DOL,THE ONE DESIRE,DOL,Dolce&Gabbana,FOUND,EXACT_UNIQUE_NAME,1.0000,1,Dolce Gabbana,The One Desire,17124,https://www.fragrantica.com/perfume/Dolce-Gabbana/The-One-Desire-17124.html,Perfume name is unique across the entire URL corpus
655,566-DOL,The One,DOL,Dolce&Gabbana,AMBIGUOUS,EXACT_NAME_MULTIPLE_CANDIDATES,,3,,,,,Same perfume name exists under multiple candidates
654,565-DOL,SICILY,DOL,Dolce&Gabbana,AMBIGUOUS,EXACT_NAME_MULTIPLE_CANDIDATES,,2,,,,,Same perfume name exists under multiple candidates
653,563-DOL,ROSE THE ONE,DOL,Dolce&Gabbana,FOUND,EXACT_UNIQUE_NAME,1.0000,1,Dolce Gabbana,Rose The One,6461,https://www.fragrantica.com/perfume/Dolce-Gabbana/Rose-The-One-6461.html,Perfume name is unique across the entire URL corpus
652,562-DOL,POUR FEMME INTENSE,DOL,Dolce&Gabbana,NOT_FOUND,,,0,,,,,
651,561-DOL,Pour Femme,DOL,Dolce&Gabbana,AMBIGUOUS,EXACT_NAME_MULTIPLE_CANDIDATES,,2,,,,,Same perfume name exists under multiple candidates
650,560-DOL,LIGHT BLUE SUNSET IN SALINA,DOL,Dolce&Gabbana,FOUND,EXACT_UNIQUE_NAME,1.0000,1,Dolce Gabbana,Light Blue Sunset in Salina,29959,https://www.fragrantica.com/perfume/Dolce-Gabbana/Light-Blue-Sunset-in-Salina-29959.html,Perfume name is unique across the entire URL corpus
649,559-DOL,LIGHT BLUE LOVE IN CAPRI,DOL,Dolce&Gabbana,FOUND,EXACT_UNIQUE_NAME,1.0000,1,Dolce Gabbana,Light Blue Love in Capri,36601,https://www.fragrantica.com/perfume/Dolce-Gabbana/Light-Blue-Love-in-Capri-36601.html,Perfume name is unique across the entire URL corpus
648,558-DOL,LIGHT BLUE ESCAPE TO PANAREA,DOL,Dolce&Gabbana,FOUND,EXACT_UNIQUE_NAME,1.0000,1,Dolce Gabbana,Light Blue Escape to Panarea,23620,https://www.fragrantica.com/perfume/Dolce-Gabbana/Light-Blue-Escape-to-Panarea-23620.html,Perfume name is unique across the entire URL corpus
647,557-DOL,LIGHT BLUE,DOL,Dolce&Gabbana,FOUND,EXACT_UNIQUE_NAME,1.0000,1,Dolce Gabbana,Light Blue,485,https://www.fragrantica.com/perfume/Dolce-Gabbana/Light-Blue-485.html,Perfume name is unique across the entire URL corpus
646,556-DOL,L' EAU THE ONE,DOL,Dolce&Gabbana,FOUND,EXACT_UNIQUE_NAME,1.0000,1,Dolce Gabbana,L eau The One,4494,https://www.fragrantica.com/perfume/Dolce-Gabbana/L-eau-The-One-4494.html,Perfume name is unique across the entire URL corpus
645,555-DOL,DOLCE GARDEN,DOL,Dolce&Gabbana,FOUND,EXACT_UNIQUE_NAME,1.0000,1,Dolce Gabbana,Dolce Garden,48151,https://www.fragrantica.com/perfume/Dolce-Gabbana/Dolce-Garden-48151.html,Perfume name is unique across the entire URL corpus
644,554-DOL,DOLCE FLORAL DROPS,DOL,Dolce&Gabbana,FOUND,EXACT_UNIQUE_NAME,1.0000,1,Dolce Gabbana,Dolce Floral Drops,29524,https://www.fragrantica.com/perfume/Dolce-Gabbana/Dolce-Floral-Drops-29524.html,Perfume name is unique across the entire URL corpus
642,552-DOL,ANTHOLOGY L'IMPERATRICE 3,DOL,Dolce&Gabbana,NOT_FOUND,,,0,,,,,
641,551-COUR,HYPERBOLE - COURREGES,COUR,,NOT_FOUND,,,0,,,,,
640,550-COA,COACH THE FRAGRANCE - COACH,COA,,NOT_FOUND,,,0,,,,,
639,549-CLI,SIMPLY - CLINIQUE,CLI,,FOUND,EXACT_UNIQUE_NAME,1.0000,1,Clinique,Simply Clinique,379,https://www.fragrantica.com/perfume/Clinique/Simply-Clinique-379.html,Perfume name is unique across the entire URL corpus
638,548-CLI,HAPPY - CLINIQUE,CLI,,NOT_FOUND,,,0,,,,,
637,547-CLI,BEYOND ROSE - CLINIQUE,CLI,,NOT_FOUND,,,0,,,,,
636,546-CLI,AROMATICS IN WHITE - CLINIQUE,CLI,,NOT_FOUND,,,0,,,,,
635,545-CLI,AROMATICS ELIXIR - CLINIQUE,CLI,,NOT_FOUND,,,0,,,,,
634,544-DRC,TENDRE POISON,DRC,Dior,FOUND,EXACT_BRAND_NAME,1.0000,1,Dior,Tendre Poison,220,https://www.fragrantica.com/perfume/Dior/Tendre-Poison-220.html,Brand inferred from an unanimous Shobi code suffix
633,542-DRC,PURE POISON,DRC,Dior,FOUND,EXACT_BRAND_NAME,1.0000,1,Dior,Pure Poison,214,https://www.fragrantica.com/perfume/Dior/Pure-Poison-214.html,Brand inferred from an unanimous Shobi code suffix
632,541-DRC,POISON GIRL,DRC,Dior,FOUND,EXACT_BRAND_NAME,1.0000,1,Dior,Poison Girl,35561,https://www.fragrantica.com/perfume/Dior/Poison-Girl-35561.html,Brand inferred from an unanimous Shobi code suffix
631,540-DRC,POISON,DRC,Dior,FOUND,EXACT_BRAND_NAME,1.0000,1,Dior,Poison,218,https://www.fragrantica.com/perfume/Dior/Poison-218.html,Brand inferred from an unanimous Shobi code suffix
630,537-DRC,Fragrance MISS CHERIE,DRC,Dior,NOT_FOUND,,,0,,,,,
629,536-DRC,BLOOMING BOUQUET,DRC,Dior,NOT_FOUND,,,0,,,,,
628,535-DRC,MISS ABSOLUTELY BLOOMING,DRC,Dior,NOT_FOUND,,,0,,,,,
627,534-DRC,MISS,DRC,Dior,AMBIGUOUS,EXACT_NAME_MULTIPLE_CANDIDATES,,3,,,,,Same perfume name exists under multiple candidates
626,533-DRC,MIDNIGHT POISON,DRC,Dior,FOUND,EXACT_BRAND_NAME,1.0000,1,Dior,Midnight Poison,1282,https://www.fragrantica.com/perfume/Dior/Midnight-Poison-1282.html,Brand inferred from an unanimous Shobi code suffix
625,532-DRC,JOY,DRC,Dior,AMBIGUOUS,EXACT_NAME_MULTIPLE_CANDIDATES,,5,,,,,Same perfume name exists under multiple candidates
624,531-DRC,J' ADORE IN JOY,DRC,Dior,FOUND,EXACT_BRAND_NAME,1.0000,1,Dior,J Adore In Joy,43704,https://www.fragrantica.com/perfume/Dior/J-Adore-In-Joy-43704.html,Brand inferred from an unanimous Shobi code suffix
623,530-DRC,J' ADORE,DRC,Dior,FOUND,EXACT_BRAND_NAME,1.0000,1,Dior,J adore,210,https://www.fragrantica.com/perfume/Dior/J-adore-210.html,Brand inferred from an unanimous Shobi code suffix
622,529-DRC,HYPNOTIC POISON EAU SENSUELLE,DRC,Dior,FOUND,EXACT_BRAND_NAME,1.0000,1,Dior,Hypnotic Poison Eau Sensuelle,9600,https://www.fragrantica.com/perfume/Dior/Hypnotic-Poison-Eau-Sensuelle-9600.html,Brand inferred from an unanimous Shobi code suffix
621,528-DRC,HYPNOTIC POISON,DRC,Dior,FOUND,EXACT_BRAND_NAME,1.0000,1,Dior,Hypnotic Poison,219,https://www.fragrantica.com/perfume/Dior/Hypnotic-Poison-219.html,Brand inferred from an unanimous Shobi code suffix
620,527-DRC,GRAND BAL,DRC,Dior,NOT_FOUND,,,0,,,,,
619,526-DRC,ESCALE A PORTOFINO,DRC,Dior,NOT_FOUND,,,0,,,,,
618,525-DRC,DUNE,DRC,Dior,FOUND,EXACT_BRAND_NAME,1.0000,1,Dior,Dune,221,https://www.fragrantica.com/perfume/Dior/Dune-221.html,Brand inferred from an unanimous Shobi code suffix
617,524-DRC,DOLCE VITA,DRC,Dior,FOUND,EXACT_BRAND_NAME,1.0000,1,Dior,Dolce Vita,222,https://www.fragrantica.com/perfume/Dior/Dolce-Vita-222.html,Brand inferred from an unanimous Shobi code suffix
616,521-DRC,ADDICT,DRC,Dior,FOUND,EXACT_UNIQUE_NAME,1.0000,1,Create Scent,Addict,136549,https://www.fragrantica.com/perfume/Create-Scent/Addict-136549.html,Perfume name is unique across the entire URL corpus
615,520-CHO,WISH - CHOPARD,CHO,,NOT_FOUND,,,0,,,,,
614,519-CHO,HAPPY SPIRIT AMIRA D'AMOUR - CHOPARD,CHO,,NOT_FOUND,,,0,,,,,
613,518-CHO,CASMIR - CHOPARD,CHO,,NOT_FOUND,,,0,,,,,
612,517-CHL,SEE - CHLOE,CHL,Chloé,NOT_FOUND,,,0,,,,,
611,516-CHL,ROSES DE CHLOE - CHLOE,CHL,Chloé,NOT_FOUND,,,0,,,,,
610,515-CHL,NOMADE - CHLOE,CHL,Chloé,NOT_FOUND,,,0,,,,,
609,514-CHL,LOVE STORY - CHLOE,CHL,Chloé,NOT_FOUND,,,0,,,,,
608,513-CHL,LOVE - CHLOE,CHL,Chloé,NOT_FOUND,,,0,,,,,
607,512-CHL,L'EAU DE CHLOE,CHL,Chloé,FOUND,EXACT_BRAND_NAME,1.0000,1,Chloe,L Eau de Chloe,14000,https://www.fragrantica.com/perfume/Chloe/L-Eau-de-Chloe-14000.html,Brand inferred from an unanimous Shobi code suffix
606,511-CHL,FLEUR DE PARFUM - CHLOE,CHL,Chloé,NOT_FOUND,,,0,,,,,
605,510-CHL,Chloé,CHL,Chloé,NOT_FOUND,,,0,,,,,
604,509-CHA,GABRIELLE,CHA,Chanel,FOUND,EXACT_BRAND_NAME,1.0000,1,Chanel,Gabrielle,43718,https://www.fragrantica.com/perfume/Chanel/Gabrielle-43718.html,Brand inferred from an unanimous Shobi code suffix
603,508-CHA,the fragrance Coco Black,CHA,Chanel,NOT_FOUND,,,0,,,,,
602,507-CHA,COCON MADEM INTENSE,CHA,Chanel,NOT_FOUND,,,0,,,,,
601,506-CHA,COCON MADEM,CHA,Chanel,NOT_FOUND,,,0,,,,,
600,505-CHA,COCO EAUDEPARFUM,CHA,Chanel,NOT_FOUND,,,0,,,,,
599,504-CHA,Five L'EAU,CHA,Chanel,NOT_FOUND,,,0,,,,,
598,503-CHA,No 5 EAU PREMIER,CHA,Chanel,NOT_FOUND,,,0,,,,,
597,502-CHA,No 5,CHA,Chanel,AMBIGUOUS,EXACT_NAME_MULTIPLE_CANDIDATES,,2,,,,,Same perfume name exists under multiple candidates
596,501-CHA,No 19 POUDRE,CHA,Chanel,NOT_FOUND,,,0,,,,,
595,500-CHA,No 19,CHA,Chanel,NOT_FOUND,,,0,,,,,
594,499-CHA,CHANCE EAU TENDRE,CHA,Chanel,FOUND,EXACT_BRAND_NAME,1.0000,1,Chanel,Chance Eau Tendre,8069,https://www.fragrantica.com/perfume/Chanel/Chance-Eau-Tendre-8069.html,Brand inferred from an unanimous Shobi code suffix
593,498-CHA,CHANCE EAU FRAICHE,CHA,Chanel,FOUND,EXACT_BRAND_NAME,1.0000,1,Chanel,Chance Eau Fraiche,1483,https://www.fragrantica.com/perfume/Chanel/Chance-Eau-Fraiche-1483.html,Brand inferred from an unanimous Shobi code suffix
592,497-CHA,CHANCE,CHA,Chanel,FOUND,EXACT_UNIQUE_NAME,1.0000,1,Cherigan,Chance,41672,https://www.fragrantica.com/perfume/Cherigan/Chance-41672.html,Perfume name is unique across the entire URL corpus
591,1068-CHA,Boy,CHA,Chanel,AMBIGUOUS,EXACT_NAME_MULTIPLE_CANDIDATES,,2,,,,,Same perfume name exists under multiple candidates
590,494-CHA,Allure,CHA,Chanel,FOUND,EXACT_BRAND_NAME,1.0000,1,Chanel,Allure,502,https://www.fragrantica.com/perfume/Chanel/Allure-502.html,Brand inferred from an unanimous Shobi code suffix
589,493-CER,the aromatic notes of 1881 CERRUTI FOR WOMEN,CER,,NOT_FOUND,,,0,,,,,
588,492-CARV,LE PARFUM - CARVEN,CARV,,NOT_FOUND,,,0,,,,,
585,489-CRT,LA PANTHERE - CARTIER,CRT,,NOT_FOUND,,,0,,,,,
584,488-CRT,CARAT - CARTIER,CRT,,NOT_FOUND,,,0,,,,,
583,487-CRT,BAISER VOLE - CARTIER,CRT,,NOT_FOUND,,,0,,,,,
582,485-CAR,GOOD GIRL,CAR,,FOUND,EXACT_UNIQUE_NAME,1.0000,1,Carolina Herrera,Good Girl,39681,https://www.fragrantica.com/perfume/Carolina-Herrera/Good-Girl-39681.html,Perfume name is unique across the entire URL corpus
581,484-CAR,212 WHITE,CAR,,FOUND,EXACT_UNIQUE_NAME,1.0000,1,Carolina Herrera,212 White,13618,https://www.fragrantica.com/perfume/Carolina-Herrera/212-White-13618.html,Perfume name is unique across the entire URL corpus
580,483-CAR,212 VIP WILD PARTY,CAR,,FOUND,EXACT_UNIQUE_NAME,1.0000,1,Carolina Herrera,212 VIP Wild Party,35780,https://www.fragrantica.com/perfume/Carolina-Herrera/212-VIP-Wild-Party-35780.html,Perfume name is unique across the entire URL corpus
579,482-CAR,212 vip rose,CAR,,FOUND,EXACT_UNIQUE_NAME,1.0000,1,Carolina Herrera,212 VIP Rose,22857,https://www.fragrantica.com/perfume/Carolina-Herrera/212-VIP-Rose-22857.html,Perfume name is unique across the entire URL corpus
578,481-CAR,212 VIP,CAR,,FOUND,EXACT_UNIQUE_NAME,1.0000,1,Carolina Herrera,212 VIP,10126,https://www.fragrantica.com/perfume/Carolina-Herrera/212-VIP-10126.html,Perfume name is unique across the entire URL corpus
577,480-CAR,212 SEXY,CAR,,FOUND,EXACT_UNIQUE_NAME,1.0000,1,Carolina Herrera,212 Sexy,306,https://www.fragrantica.com/perfume/Carolina-Herrera/212-Sexy-306.html,Perfume name is unique across the entire URL corpus
576,478-CAL,SECRET OBSESSION - CALVIN KLEIN,CAL,,NOT_FOUND,,,0,,,,,
575,477-CAL,REVEAL - CALVIN KLEIN,CAL,,NOT_FOUND,,,0,,,,,
574,1052-CAL,ONE SUMMER 2014 - CALVIN KLEIN,CAL,,NOT_FOUND,,,0,,,,,
573,475-CAL,OBSESSION - CALVIN KLEIN,CAL,,NOT_FOUND,,,0,,,,,
572,474-CAL,OBSESSED - CALVIN KLEIN,CAL,,NOT_FOUND,,,0,,,,,
571,473-CAL,EUPHORIA GOLD-CK,CAL,,NOT_FOUND,,,0,,,,,
570,472-CAL,EUPHORIA - CALVIN KLEIN,CAL,,NOT_FOUND,,,0,,,,,
569,470-CAL,ETERNITY - CALVIN KLEIN,CAL,,NOT_FOUND,,,0,,,,,
568,469-CAL,ESCAPE - CALVIN KLEIN,CAL,,NOT_FOUND,,,0,,,,,
567,468-CAL,DOWN TOWN - CALVIN KLEIN,CAL,,NOT_FOUND,,,0,,,,,
566,467-CAL,CONTRADICTION - CALVIN KLEIN,CAL,,NOT_FOUND,,,0,,,,,
565,465-CAL,BEAUTY - CALVIN KLEIN,CAL,,NOT_FOUND,,,0,,,,,
564,464-CAC,YES I AM,CAC,,FOUND,EXACT_UNIQUE_NAME,1.0000,1,Cacharel,Yes I Am,48112,https://www.fragrantica.com/perfume/Cacharel/Yes-I-Am-48112.html,Perfume name is unique across the entire URL corpus
563,463-CAC,NOA,CAC,,FOUND,EXACT_UNIQUE_NAME,1.0000,1,Cacharel,Noa,242,https://www.fragrantica.com/perfume/Cacharel/Noa-242.html,Perfume name is unique across the entire URL corpus
562,462-CAC,LOULOU,CAC,,FOUND,EXACT_UNIQUE_NAME,1.0000,1,Cacharel,LouLou,1276,https://www.fragrantica.com/perfume/Cacharel/LouLou-1276.html,Perfume name is unique across the entire URL corpus
561,460-CAC,EDEN,CAC,,AMBIGUOUS,EXACT_NAME_MULTIPLE_CANDIDATES,,5,,,,,Same perfume name exists under multiple candidates
560,459-CAC,ANAIS ANAIS PREMIER DELICE,CAC,,FOUND,EXACT_UNIQUE_NAME,1.0000,1,Cacharel,Anais Anais Premier Delice,23871,https://www.fragrantica.com/perfume/Cacharel/Anais-Anais-Premier-Delice-23871.html,Perfume name is unique across the entire URL corpus
559,458-CAC,ANAIS ANAIS,CAC,,FOUND,EXACT_UNIQUE_NAME,1.0000,1,Cacharel,Anais Anais,236,https://www.fragrantica.com/perfume/Cacharel/Anais-Anais-236.html,Perfume name is unique across the entire URL corpus
558,457-CAC,AMOR AMOR,CAC,,FOUND,EXACT_UNIQUE_NAME,1.0000,1,Cacharel,Amor Amor,238,https://www.fragrantica.com/perfume/Cacharel/Amor-Amor-238.html,Perfume name is unique across the entire URL corpus
556,455-BYR,VELVET HAZE,BYR,Byredo,FOUND,EXACT_BRAND_NAME,1.0000,1,Byredo,Velvet Haze,46358,https://www.fragrantica.com/perfume/Byredo/Velvet-Haze-46358.html,Brand inferred from an unanimous Shobi code suffix
554,450-BYR,BIBLIOTHEQUE,BYR,Byredo,FOUND,EXACT_BRAND_NAME,1.0000,1,Byredo,Bibliotheque,43324,https://www.fragrantica.com/perfume/Byredo/Bibliotheque-43324.html,Brand inferred from an unanimous Shobi code suffix
553,448-BLG,Petits et Mamans,BLG,,FOUND,EXACT_UNIQUE_NAME,1.0000,1,Bvlgari,Petits et Mamans,155,https://www.fragrantica.com/perfume/Bvlgari/Petits-et-Mamans-155.html,Perfume name is unique across the entire URL corpus
552,447-BLG,OMNIA INDIAN GARNET,BLG,,FOUND,EXACT_UNIQUE_NAME,1.0000,1,Bvlgari,Omnia Indian Garnet,23709,https://www.fragrantica.com/perfume/Bvlgari/Omnia-Indian-Garnet-23709.html,Perfume name is unique across the entire URL corpus
551,446-BLG,OMNIA CRYSTALLINE,BLG,,FOUND,EXACT_UNIQUE_NAME,1.0000,1,Bvlgari,Omnia Crystalline,152,https://www.fragrantica.com/perfume/Bvlgari/Omnia-Crystalline-152.html,Perfume name is unique across the entire URL corpus
550,445-BLG,OMNIA AMETHYST,BLG,,NOT_FOUND,,,0,,,,,
549,443-BLG,BLV NOTTE POUR FEMME,BLG,,FOUND,EXACT_UNIQUE_NAME,1.0000,1,Bvlgari,BLV Notte Pour Femme,149,https://www.fragrantica.com/perfume/Bvlgari/BLV-Notte-Pour-Femme-149.html,Perfume name is unique across the entire URL corpus
548,442-BLG,MON JASMIN NOIR,BLG,,FOUND,EXACT_UNIQUE_NAME,1.0000,1,Bvlgari,Mon Jasmin Noir,11512,https://www.fragrantica.com/perfume/Bvlgari/Mon-Jasmin-Noir-11512.html,Perfume name is unique across the entire URL corpus
547,441-BLG,JASMIN NOIR,BLG,,FOUND,EXACT_UNIQUE_NAME,1.0000,1,Bvlgari,Jasmin Noir,3750,https://www.fragrantica.com/perfume/Bvlgari/Jasmin-Noir-3750.html,Perfume name is unique across the entire URL corpus
546,440-BLG,GOLDEA THE ROMAN NIGHT,BLG,,FOUND,EXACT_UNIQUE_NAME,1.0000,1,Bvlgari,Goldea The Roman Night,45241,https://www.fragrantica.com/perfume/Bvlgari/Goldea-The-Roman-Night-45241.html,Perfume name is unique across the entire URL corpus
545,439-BLG,GOLDEA,BLG,,FOUND,EXACT_UNIQUE_NAME,1.0000,1,Bvlgari,Goldea,31538,https://www.fragrantica.com/perfume/Bvlgari/Goldea-31538.html,Perfume name is unique across the entire URL corpus
544,438-BLG,CORAL OMNIA,BLG,,NOT_FOUND,,,0,,,,,
543,437-BLG,,BLG,,NOT_FOUND,,,0,,,,,
542,436-BLG,BLV for Women,BLG,,NOT_FOUND,,,0,,,,,
541,435-BLG,,BLG,,NOT_FOUND,,,0,,,,,
540,434-BRB,MY BURBERRY BLUSH,BRB,,FOUND,EXACT_UNIQUE_NAME,1.0000,1,Burberry,My Burberry Blush,45820,https://www.fragrantica.com/perfume/Burberry/My-Burberry-Blush-45820.html,Perfume name is unique across the entire URL corpus
539,433-BRB,MY BURBERRY BLACK,BRB,,FOUND,EXACT_UNIQUE_NAME,1.0000,1,Burberry,My Burberry Black,32566,https://www.fragrantica.com/perfume/Burberry/My-Burberry-Black-32566.html,Perfume name is unique across the entire URL corpus
538,1496-BRB,BURBERRY WEEKEND,BRB,,NOT_FOUND,,,0,,,,,
537,431-BRB,BURBERRY TOUCH,BRB,,NOT_FOUND,,,0,,,,,
536,430-BRB,The Beat EDT,BRB,,FOUND,EXACT_UNIQUE_NAME,1.0000,1,Burberry,The Beat EDT,5946,https://www.fragrantica.com/perfume/Burberry/The-Beat-EDT-5946.html,Perfume name is unique across the entire URL corpus
535,429-BRB,BURBERRY SUMMER WOMEN,BRB,,NOT_FOUND,,,0,,,,,
534,428-BRB,BURBERRY SPORT,BRB,,NOT_FOUND,,,0,,,,,
533,427-BRB,MY BURBERRY,BRB,,FOUND,EXACT_UNIQUE_NAME,1.0000,1,Burberry,My Burberry,25836,https://www.fragrantica.com/perfume/Burberry/My-Burberry-25836.html,Perfume name is unique across the entire URL corpus
532,426-BRB,BURBERRY LONDON,BRB,,NOT_FOUND,,,0,,,,,
531,425-BRB,Burberry Her,BRB,,FOUND,EXACT_UNIQUE_NAME,1.0000,1,Burberry,Burberry Her,51694,https://www.fragrantica.com/perfume/Burberry/Burberry-Her-51694.html,Perfume name is unique across the entire URL corpus
530,424-BRB,BURBERRY CLASSIC,BRB,,NOT_FOUND,,,0,,,,,
529,423-BRB,BURBERRY BRIT,BRB,,FOUND,EXACT_UNIQUE_NAME,1.0000,1,Burberry,Burberry Brit,819,https://www.fragrantica.com/perfume/Burberry/Burberry-Brit-819.html,Perfume name is unique across the entire URL corpus
528,422-BRB,BURBERRY BODY TENDER,BRB,,NOT_FOUND,,,0,,,,,
527,421-BRB,BURBERRY BODY,BRB,,NOT_FOUND,,,0,,,,,
525,419-BRI,ROCKER FEMME FANTASY - BRITNEY SPEARS,BRI,,NOT_FOUND,,,0,,,,,
524,418-BRI,FANTASY - BRITNEY SPEARS,BRI,,NOT_FOUND,,,0,,,,,
523,417-BOUR,SOIR DE PARIS - BOURJOIS,BOUR,,NOT_FOUND,,,0,,,,,
522,416-BOU,PLACE VENDOME WHITE GOLD - BOUCHERON,BOU,,NOT_FOUND,,,0,,,,,
521,415-BOU,BOUCHERON QUATRE,BOU,,FOUND,EXACT_UNIQUE_NAME,1.0000,1,Boucheron,Boucheron Quatre,29443,https://www.fragrantica.com/perfume/Boucheron/Boucheron-Quatre-29443.html,Perfume name is unique across the entire URL corpus
520,414-BOT,KNOT - BOTTEGA VENETA,BOT,Bottega Veneta,NOT_FOUND,,,0,,,,,
519,413-BOT,BOTTEGA VENETA-BOTTEGA VENETA,BOT,Bottega Veneta,NOT_FOUND,,,0,,,,,
518,411-BOD,WHITE MUSK - BODY SHOP,BOD,,NOT_FOUND,,,0,,,,,
517,409-BOB,BEACH - BOBBI BROWN,BOB,,NOT_FOUND,,,0,,,,,
516,407-BAT,PINK AMBER  & MOROCCO ORCHID  - BATH & BODY WORKS,BAT,,NOT_FOUND,,,0,,,,,
515,406-BAL,ROSABOTANICA,BAL,,FOUND,EXACT_UNIQUE_NAME,1.0000,1,Balenciaga,Rosabotanica,21987,https://www.fragrantica.com/perfume/Balenciaga/Rosabotanica-21987.html,Perfume name is unique across the entire URL corpus
514,405-BAL,FLORABOTANICA,BAL,,FOUND,EXACT_UNIQUE_NAME,1.0000,1,Balenciaga,Florabotanica,15512,https://www.fragrantica.com/perfume/Balenciaga/Florabotanica-15512.html,Perfume name is unique across the entire URL corpus
513,404-BAL,BALE PARIS,BAL,,NOT_FOUND,,,0,,,,,
512,403-BAL,CRISTOBAL,BAL,,FOUND,EXACT_UNIQUE_NAME,1.0000,1,Balenciaga,Cristobal,397,https://www.fragrantica.com/perfume/Balenciaga/Cristobal-397.html,Perfume name is unique across the entire URL corpus
511,400-ARIA,Ari Ariana Grande,ARIA,,NOT_FOUND,,,0,,,,,
510,399-ARA,TUSCANY PER DONNA,ARA,Aramis,FOUND,EXACT_BRAND_NAME,1.0000,1,Aramis,Tuscany Per Donna,122,https://www.fragrantica.com/perfume/Aramis/Tuscany-Per-Donna-122.html,Brand inferred from an unanimous Shobi code suffix
509,398-AQU,PINK SUGAR - AQUOLINA,AQU,,NOT_FOUND,,,0,,,,,
508,397-ANT,QUEEN OF SEDUCTION,ANT,,FOUND,EXACT_UNIQUE_NAME,1.0000,1,Antonio Banderas,Queen of Seduction,37470,https://www.fragrantica.com/perfume/Antonio-Banderas/Queen-of-Seduction-37470.html,Perfume name is unique across the entire URL corpus
507,396-ANT,BLUE SEDUCTION,ANT,,AMBIGUOUS,EXACT_NAME_MULTIPLE_CANDIDATES,,2,,,,,Same perfume name exists under multiple candidates
506,395-AGE,FATALE PINK - AGENT PROVOCATEUR,AGE,,NOT_FOUND,,,0,,,,,
505,394-AGE,APHRODISIAQUE - AGENT PROVOCATEUR,AGE,,NOT_FOUND,,,0,,,,,
504,393-AER,LILAC PATH,AER,,FOUND,EXACT_UNIQUE_NAME,1.0000,1,Aerin,Lilac Path,19057,https://www.fragrantica.com/perfume/Aerin/Lilac-Path-19057.html,Perfume name is unique across the entire URL corpus
503,392-AER,AMBER MUSK,AER,,AMBIGUOUS,EXACT_NAME_MULTIPLE_CANDIDATES,,4,,,,,Same perfume name exists under multiple candidates
502,390-ACQ,Mandorlo di Sicilia,ACQ,Acqua di Parma,NOT_FOUND,,,0,,,,,
501,1493-ACQ,FICO DI AMALFI,ACQ,Acqua di Parma,NOT_FOUND,,,0,,,,,
365,1290-ZAD,THIS IS HIM - ZADIG & VOLTAIRE Type,ZAD,Zadig & Voltaire,NOT_FOUND,,,0,,,,,
364,1289-YZLO,Y,YZLO,Yves Saint Laurent,FOUND,EXACT_BRAND_NAME,1.0000,1,Yves Saint Laurent,Y,100,https://www.fragrantica.com/perfume/Yves-Saint-Laurent/Y-100.html,Brand inferred from an unanimous Shobi code suffix
363,1287-YZLO,Rive Gauche pour Homme,YZLO,Yves Saint Laurent,FOUND,EXACT_BRAND_NAME,1.0000,1,Yves Saint Laurent,Rive Gauche pour Homme,1032,https://www.fragrantica.com/perfume/Yves-Saint-Laurent/Rive-Gauche-pour-Homme-1032.html,Brand inferred from an unanimous Shobi code suffix
362,1286-YZLO,OPIUM POUR HOMME,YZLO,Yves Saint Laurent,FOUND,EXACT_BRAND_NAME,1.0000,1,Yves Saint Laurent,Opium Pour Homme,562,https://www.fragrantica.com/perfume/Yves-Saint-Laurent/Opium-Pour-Homme-562.html,Brand inferred from an unanimous Shobi code suffix
360,1284-YZLO,M7,YZLO,Yves Saint Laurent,FOUND,EXACT_BRAND_NAME,1.0000,1,Yves Saint Laurent,M7,1031,https://www.fragrantica.com/perfume/Yves-Saint-Laurent/M7-1031.html,Brand inferred from an unanimous Shobi code suffix
359,1283-YZLO,L'HOMME SPORT,YZLO,Yves Saint Laurent,FOUND,EXACT_BRAND_NAME,1.0000,1,Yves Saint Laurent,L Homme Sport,24473,https://www.fragrantica.com/perfume/Yves-Saint-Laurent/L-Homme-Sport-24473.html,Brand inferred from an unanimous Shobi code suffix
358,1282-YZLO,L'HOMME LIBRE,YZLO,Yves Saint Laurent,FOUND,EXACT_BRAND_NAME,1.0000,1,Yves Saint Laurent,L Homme Libre,12602,https://www.fragrantica.com/perfume/Yves-Saint-Laurent/L-Homme-Libre-12602.html,Brand inferred from an unanimous Shobi code suffix
357,1281-YZLO,L'HOMME INTENSE,YZLO,Yves Saint Laurent,FOUND,EXACT_UNIQUE_NAME,1.0000,1,Alan Bray,L Homme Intense,118000,https://www.fragrantica.com/perfume/Alan-Bray/L-Homme-Intense-118000.html,Perfume name is unique across the entire URL corpus
356,1280-YZLO,LA NUIT DEL'HOMME,YZLO,Yves Saint Laurent,FOUND,SAFE_FUZZY_SAME_BRAND,0.9714,1,Yves Saint Laurent,La Nuit de l Homme,5521,https://www.fragrantica.com/perfume/Yves-Saint-Laurent/La-Nuit-de-l-Homme-5521.html,High-similarity name within inferred brand; qualifier tokens preserved
355,1279-YZLO,KOUROS SILVER,YZLO,Yves Saint Laurent,NOT_FOUND,,,0,,,,,
354,1278-YZLO,KOUROS,YZLO,Yves Saint Laurent,FOUND,EXACT_BRAND_NAME,1.0000,1,Yves Saint Laurent,Kouros,735,https://www.fragrantica.com/perfume/Yves-Saint-Laurent/Kouros-735.html,Brand inferred from an unanimous Shobi code suffix
353,1277-YZLO,BODY KOUROS,YZLO,Yves Saint Laurent,FOUND,EXACT_BRAND_NAME,1.0000,1,Yves Saint Laurent,Body Kouros,736,https://www.fragrantica.com/perfume/Yves-Saint-Laurent/Body-Kouros-736.html,Brand inferred from an unanimous Shobi code suffix
352,1276-VIC,SPICEBOMB,VIC,,FOUND,EXACT_UNIQUE_NAME,1.0000,1,Viktor Rolf,Spicebomb,13857,https://www.fragrantica.com/perfume/Viktor-Rolf/Spicebomb-13857.html,Perfume name is unique across the entire URL corpus
351,1275-VER,Eros,VER,Versace,FOUND,EXACT_BRAND_NAME,1.0000,1,Versace,Eros,16657,https://www.fragrantica.com/perfume/Versace/Eros-16657.html,Brand inferred from an unanimous Shobi code suffix
350,1274-VER,DYLAN BLUE,VER,Versace,NOT_FOUND,,,0,,,,,
349,1273-VER,DREAMER,VER,Versace,NOT_FOUND,,,0,,,,,
348,1272-VER,BLUE JEANS,VER,Versace,FOUND,EXACT_BRAND_NAME,1.0000,1,Versace,Blue Jeans,637,https://www.fragrantica.com/perfume/Versace/Blue-Jeans-637.html,Brand inferred from an unanimous Shobi code suffix
347,1271-VAN,,VAN,,NOT_FOUND,,,0,,,,,
346,1270-VAN,,VAN,,NOT_FOUND,,,0,,,,,
345,1269-VAL,VALENTINO UOMO EDITION NOIR,VAL,Valentino,NOT_FOUND,,,0,,,,,
344,1268-VAL,"VALENTINO UOMO - VALENTINO Perfume with rich roast coffee, hazelnut, and chocolate",VAL,Valentino,NOT_FOUND,,,0,,,,,
343,1267-TRU,UOMO THE RED,TRU,,NOT_FOUND,,,0,,,,,
342,1266-TRU,RIFLESSO,TRU,,FOUND,EXACT_UNIQUE_NAME,1.0000,1,Trussardi,Riflesso,46287,https://www.fragrantica.com/perfume/Trussardi/Riflesso-46287.html,Perfume name is unique across the entire URL corpus
341,1265-TRU,MY LAND,TRU,,FOUND,EXACT_UNIQUE_NAME,1.0000,1,Trussardi,My Land,16027,https://www.fragrantica.com/perfume/Trussardi/My-Land-16027.html,Perfume name is unique across the entire URL corpus
340,1264-TRU,BLUE LAND,TRU,,FOUND,EXACT_UNIQUE_NAME,1.0000,1,Trussardi,Blue Land,30050,https://www.fragrantica.com/perfume/Trussardi/Blue-Land-30050.html,Perfume name is unique across the entire URL corpus
339,1263-TRU,A WAY FOR HIM,TRU,,NOT_FOUND,,,0,,,,,
338,1262-TMU,ANGEL,TMU,,AMBIGUOUS,EXACT_NAME_MULTIPLE_CANDIDATES,,2,,,,,Same perfume name exists under multiple candidates
337,1260-TMU,A*MEN,TMU,,FOUND,EXACT_UNIQUE_NAME,1.0000,1,Mugler,A Men,705,https://www.fragrantica.com/perfume/Mugler/A-Men-705.html,Perfume name is unique across the entire URL corpus
336,1259-SHU,,SHU,,NOT_FOUND,,,0,,,,,
335,1258-SFER,,SFER,,NOT_FOUND,,,0,,,,,
334,1257-SFER,,SFER,,NOT_FOUND,,,0,,,,,
333,1256-ROC,ROCHAS MAN,ROC,,NOT_FOUND,,,0,,,,,
331,1254-RCAV,JUST HIM - ROBERTO CAVALLI,RCAV,,NOT_FOUND,,,0,,,,,
330,1253-RCAV,JUST CAVALLI GOLD FOR HIM - ROBERTO CAVALLI,RCAV,,NOT_FOUND,,,0,,,,,
329,1252-RCAV,BLACK - ROBERTO CAVALLI,RCAV,,NOT_FOUND,,,0,,,,,
328,1251-ROM,,ROM,,NOT_FOUND,,,0,,,,,
327,1250-RAL,SAFARI,RAL,,AMBIGUOUS,EXACT_NAME_MULTIPLE_CANDIDATES,,8,,,,,Same perfume name exists under multiple candidates
326,1249-RAL,POLO SPORT,RAL,,FOUND,EXACT_UNIQUE_NAME,1.0000,1,Ralph Lauren,Polo Sport,894,https://www.fragrantica.com/perfume/Ralph-Lauren/Polo-Sport-894.html,Perfume name is unique across the entire URL corpus
325,1248-RAL,POLO RED INTENSE,RAL,,FOUND,EXACT_UNIQUE_NAME,1.0000,1,Ralph Lauren,Polo Red Intense,29738,https://www.fragrantica.com/perfume/Ralph-Lauren/Polo-Red-Intense-29738.html,Perfume name is unique across the entire URL corpus
324,1247-RAL,POLO RED,RAL,,FOUND,EXACT_UNIQUE_NAME,1.0000,1,Ralph Lauren,Polo Red,18598,https://www.fragrantica.com/perfume/Ralph-Lauren/Polo-Red-18598.html,Perfume name is unique across the entire URL corpus
323,1246-RAL,POLO BLUE,RAL,,FOUND,EXACT_UNIQUE_NAME,1.0000,1,Ralph Lauren,Polo Blue,1198,https://www.fragrantica.com/perfume/Ralph-Lauren/Polo-Blue-1198.html,Perfume name is unique across the entire URL corpus
322,1245-PRA,PRADA AMBER,PRA,Prada,NOT_FOUND,,,0,,,,,
320,1243-PRA,LUNA ROSSA SPORT PRADA,PRA,Prada,NOT_FOUND,,,0,,,,,
319,1242-PRA,LUNA ROSSA EXTREME PRADA,PRA,Prada,NOT_FOUND,,,0,,,,,
318,1241-PRA,LUNA ROSSA CARBON - PRADA,PRA,Prada,NOT_FOUND,,,0,,,,,
317,1240-PRA,LUNA ROSSA - PRADA,PRA,Prada,NOT_FOUND,,,0,,,,,
316,880-PRA,INFUSION D'OEILLET,PRA,Prada,FOUND,EXACT_BRAND_NAME,1.0000,1,Prada,Infusion d Oeillet,31045,https://www.fragrantica.com/perfume/Prada/Infusion-d-Oeillet-31045.html,Brand inferred from an unanimous Shobi code suffix
315,1238-PRA,INFUSION D'HOMME - PRADA,PRA,Prada,NOT_FOUND,,,0,,,,,
314,1237-PIN,,PIN,,NOT_FOUND,,,0,,,,,
313,1235-PAC,ULTRAVIOLET for men,PAC,Rabanne,NOT_FOUND,,,0,,,,,
312,1233-PAC,PURE XS EDT,PAC,Rabanne,NOT_FOUND,,,0,,,,,
311,1232-PAC,,PAC,Rabanne,NOT_FOUND,,,0,,,,,
310,1231-PAC,ONE MILLION PRIVE,PAC,Rabanne,NOT_FOUND,,,0,,,,,
309,1229-PAC,ONE MILLION,PAC,Rabanne,NOT_FOUND,,,0,,,,,
308,1227-PAC,Invictus aqua,PAC,Rabanne,FOUND,EXACT_BRAND_NAME,1.0000,1,Rabanne,Invictus Aqua,34506,https://www.fragrantica.com/perfume/Rabanne/Invictus-Aqua-34506.html,Brand inferred from an unanimous Shobi code suffix
307,1226-PAC,INVICTUS,PAC,Rabanne,FOUND,EXACT_BRAND_NAME,1.0000,1,Rabanne,Invictus,18471,https://www.fragrantica.com/perfume/Rabanne/Invictus-18471.html,Brand inferred from an unanimous Shobi code suffix
306,1225-PAC,BLACK XS for men,PAC,Rabanne,NOT_FOUND,,,0,,,,,
305,1224-APO,SCULPTURE - NIKOS APOSTOLOPOULOS,APO,,NOT_FOUND,,,0,,,,,
304,1223-NRO,NARCISO POUR HOMME - RODRIGUEZ,NRO,Narciso Rodriguez,NOT_FOUND,,,0,,,,,
303,1222-NRO,BLEU NOIR,NRO,Narciso Rodriguez,NOT_FOUND,,,0,,,,,
302,1221-MOS,UOMO? - MOSCHINO,MOS,,NOT_FOUND,,,0,,,,,
300,1219-MOS,POUR HOMME - MOSCHINO,MOS,,NOT_FOUND,,,0,,,,,
299,1218-MOS,FOREVER  - MOSCHINO,MOS,,NOT_FOUND,,,0,,,,,
298,1216-MNTB,Starwalker,MNTB,,FOUND,EXACT_UNIQUE_NAME,1.0000,1,Montblanc,Starwalker,4023,https://www.fragrantica.com/perfume/Montblanc/Starwalker-4023.html,Perfume name is unique across the entire URL corpus
297,1215-MNTB,PRESENCE - MONT BLANC,MNTB,,NOT_FOUND,,,0,,,,,
296,1214-MNTB,LEGEND SPIRIT - MONT BLANC,MNTB,,NOT_FOUND,,,0,,,,,
295,1213-MNTB,LEGEND NIGHT - MONT BLANC,MNTB,,NOT_FOUND,,,0,,,,,
294,1212-MNTB,LEGEND INTENSE - MONT BLANC,MNTB,,NOT_FOUND,,,0,,,,,
293,1211-MNTB,LEGEND FOR MEN - MONT BLANC,MNTB,,NOT_FOUND,,,0,,,,,
292,1210-MNTB,INDIVIDUEL - MONT BLANC,MNTB,,NOT_FOUND,,,0,,,,,
291,1208-MNTB,EMBLEM - MONT BLANC,MNTB,,NOT_FOUND,,,0,,,,,
290,1207-MIC,KORS FOR MEN,MIC,,NOT_FOUND,,,0,,,,,
289,1206-MAR,BANG - MARC JACOBS,MAR,,NOT_FOUND,,,0,,,,,
288,1204-LOE,,LOE,,NOT_FOUND,,,0,,,,,
286,1202-LOE,,LOE,,NOT_FOUND,,,0,,,,,
285,1200-LAN,HYPNOSE HOMME,LAN,Lancôme,FOUND,EXACT_BRAND_NAME,1.0000,1,Lancome,Hypnose Homme,992,https://www.fragrantica.com/perfume/Lancome/Hypnose-Homme-992.html,Brand inferred from an unanimous Shobi code suffix
284,777-LAL,,LAL,,NOT_FOUND,,,0,,,,,
283,1198-LAL,,LAL,,NOT_FOUND,,,0,,,,,
282,1197-LAC,LACOSTE HOMME,LAC,,NOT_FOUND,,,0,,,,,
280,769-LART,PREMIER FIGUIER,LART,,FOUND,EXACT_UNIQUE_NAME,1.0000,1,L Artisan Parfumeur,Premier Figuier,1261,https://www.fragrantica.com/perfume/L-Artisan-Parfumeur/Premier-Figuier-1261.html,Perfume name is unique across the entire URL corpus
278,1193-KEN,TOTEM ORANGE - KENZO,KEN,,NOT_FOUND,,,0,,,,,
277,1192-KEN,TOKYO,KEN,,AMBIGUOUS,EXACT_NAME_MULTIPLE_CANDIDATES,,5,,,,,Same perfume name exists under multiple candidates
276,1191-KEN,L' EAU PAR ELECTRIC WAVE -KENZO,KEN,,NOT_FOUND,,,0,,,,,
275,1190-KEN,KENZO - KENZO,KEN,,NOT_FOUND,,,0,,,,,
274,1189-KEN,HOMME SPORT EXTREME - KENZO,KEN,,NOT_FOUND,,,0,,,,,
273,1186-JOO,,JOO,,NOT_FOUND,,,0,,,,,
272,1185-JOO,,JOO,,NOT_FOUND,,,0,,,,,
271,1184-JOO,,JOO,,NOT_FOUND,,,0,,,,,
270,1183-VAR,,VAR,,NOT_FOUND,,,0,,,,,
269,1182-JIM,,JIM,Jimmy Choo,NOT_FOUND,,,0,,,,,
268,1181-GUL,ULTRA MALE,GUL,Jean Paul Gaultier,FOUND,EXACT_BRAND_NAME,1.0000,1,Jean Paul Gaultier,Ultra Male,30947,https://www.fragrantica.com/perfume/Jean-Paul-Gaultier/Ultra-Male-30947.html,Brand inferred from an unanimous Shobi code suffix
267,1180-GUL,LE MALE TERRIBLE,GUL,Jean Paul Gaultier,FOUND,EXACT_BRAND_NAME,1.0000,1,Jean Paul Gaultier,Le Male Terrible,9502,https://www.fragrantica.com/perfume/Jean-Paul-Gaultier/Le-Male-Terrible-9502.html,Brand inferred from an unanimous Shobi code suffix
266,1179-GUL,LE MALE,GUL,Jean Paul Gaultier,FOUND,EXACT_BRAND_NAME,1.0000,1,Jean Paul Gaultier,Le Male,430,https://www.fragrantica.com/perfume/Jean-Paul-Gaultier/Le-Male-430.html,Brand inferred from an unanimous Shobi code suffix
265,1177-GUL,KOKORICO,GUL,Jean Paul Gaultier,FOUND,EXACT_BRAND_NAME,1.0000,1,Jean Paul Gaultier,Kokorico,12711,https://www.fragrantica.com/perfume/Jean-Paul-Gaultier/Kokorico-12711.html,Brand inferred from an unanimous Shobi code suffix
264,1176-GUL,GAULT 2,GUL,Jean Paul Gaultier,NOT_FOUND,,,0,,,,,
263,1175-JAC,,JAC,,NOT_FOUND,,,0,,,,,
261,1174-JAC,,JAC,,NOT_FOUND,,,0,,,,,
260,1173-ISS,Nuit d'Issey Bleu Astral - ISSEY MIYAKE,ISS,,NOT_FOUND,,,0,,,,,
259,1172-ISS,EAU D'ISSEY HOMME - ISSEY MIYAKE,ISS,,NOT_FOUND,,,0,,,,,
258,1171-HUG,UNLIMITED - HUGO BOSS,HUG,,NOT_FOUND,,,0,,,,,
256,1169-HUG,THE SCENT - HUGO BOSS,HUG,,NOT_FOUND,,,0,,,,,
255,1168-HUG,HUGO ICED - BOSS,HUG,,NOT_FOUND,,,0,,,,,
254,1166-HUG,HUGO DARK BLUE - HUGO BOSS,HUG,,NOT_FOUND,,,0,,,,,
253,1165-HUG,ENERGISE - HUGO BOSS,HUG,,NOT_FOUND,,,0,,,,,
252,1164-HUG,ELEMENTS - HUGO BOSS,HUG,,NOT_FOUND,,,0,,,,,
251,1163-HUG,BOSS ORANGE - HUGO BOSS,HUG,,NOT_FOUND,,,0,,,,,
250,1162-HUG,BOSS BOTTLED TONIC - HUGO,HUG,,NOT_FOUND,,,0,,,,,
249,1160-HUG,,HUG,,NOT_FOUND,,,0,,,,,
248,1159-HUG,BALDESSARINI - HUGO BOSS,HUG,,FOUND,EXACT_UNIQUE_NAME,1.0000,1,Baldessarini,Baldessarini Hugo Boss,385,https://www.fragrantica.com/perfume/Baldessarini/Baldessarini-Hugo-Boss-385.html,Perfume name is unique across the entire URL corpus
247,1158-HER,TERRE EAU TRES FRAICHE - HERMES,HER,Hermès,NOT_FOUND,,,0,,,,,
246,1156-HER,TERRE D'HERMES - HERMES,HER,Hermès,NOT_FOUND,,,0,,,,,
245,1155-HER,POIVRE SAMARCANDE HERMES,HER,Hermès,NOT_FOUND,,,0,,,,,
244,1154-HER,UN JARDIN EN MEDITERRANEE - HERMES,HER,Hermès,NOT_FOUND,,,0,,,,,
243,1153-HER,EAU DE MANDARINE AMBREE - HERMES,HER,Hermès,NOT_FOUND,,,0,,,,,
242,1152-HER,BEL AMI - HERMES,HER,Hermès,NOT_FOUND,,,0,,,,,
241,1151-HAL,,HAL,,NOT_FOUND,,,0,,,,,
240,1150-GLA,,GLA,,NOT_FOUND,,,0,,,,,
239,1149-GUR,L' HOMME IDEAL - GUERLAIN,GUR,Guerlain,NOT_FOUND,,,0,,,,,
238,1148-GUC,OUD,GUC,Gucci,AMBIGUOUS,EXACT_NAME_MULTIPLE_CANDIDATES,,17,,,,,Same perfume name exists under multiple candidates
237,1147-GUC,Guilty pour Homme,GUC,Gucci,FOUND,EXACT_BRAND_NAME,1.0000,1,Gucci,Guilty Pour Homme,11037,https://www.fragrantica.com/perfume/Gucci/Guilty-Pour-Homme-11037.html,Brand inferred from an unanimous Shobi code suffix
236,1146-GUC,Guilty Intense,GUC,Gucci,NOT_FOUND,,,0,,,,,
234,1144-GUC,G,GUC,Gucci,NOT_FOUND,,,0,,,,,
233,1143-GUC,Envy for Men,GUC,Gucci,FOUND,EXACT_BRAND_NAME,1.0000,1,Gucci,Envy for Men,688,https://www.fragrantica.com/perfume/Gucci/Envy-for-Men-688.html,Brand inferred from an unanimous Shobi code suffix
232,1142-GIV,PLAY,GIV,Givenchy,FOUND,EXACT_UNIQUE_NAME,1.0000,1,Lattafa Perfumes,Play,98247,https://www.fragrantica.com/perfume/Lattafa-Perfumes/Play-98247.html,Perfume name is unique across the entire URL corpus
231,1141-GIV,P,GIV,Givenchy,NOT_FOUND,,,0,,,,,
230,1140-GIV,INSENSE ULTRAMARINE,GIV,Givenchy,FOUND,EXACT_BRAND_NAME,1.0000,1,Givenchy,Insense Ultramarine,858,https://www.fragrantica.com/perfume/Givenchy/Insense-Ultramarine-858.html,Brand inferred from an unanimous Shobi code suffix
229,1139-GIV,GENTLEMEN ONLY,GIV,Givenchy,FOUND,EXACT_BRAND_NAME,1.0000,1,Givenchy,Gentlemen Only,17259,https://www.fragrantica.com/perfume/Givenchy/Gentlemen-Only-17259.html,Brand inferred from an unanimous Shobi code suffix
228,1138-GIV,GENTLEMAN,GIV,Givenchy,AMBIGUOUS,EXACT_NAME_MULTIPLE_CANDIDATES,,2,,,,,Same perfume name exists under multiple candidates
227,1136-ARM,STRONGER WITH YOU,ARM,Giorgio Armani,NOT_FOUND,,,0,,,,,
226,1134-ARM,DIAMONDS,ARM,Giorgio Armani,NOT_FOUND,,,0,,,,,
225,1133-ARM,BLACK CODE,ARM,Giorgio Armani,NOT_FOUND,,,0,,,,,
224,1132-ARM,ATTITUDE,ARM,Giorgio Armani,AMBIGUOUS,EXACT_NAME_MULTIPLE_CANDIDATES,,2,,,,,Same perfume name exists under multiple candidates
223,1131-ARM,Mania,ARM,Giorgio Armani,FOUND,EXACT_BRAND_NAME,1.0000,1,Giorgio Armani,Mania,423,https://www.fragrantica.com/perfume/Giorgio-Armani/Mania-423.html,Brand inferred from an unanimous Shobi code suffix
222,1130-ARM,CODE PROFUMO,ARM,Giorgio Armani,NOT_FOUND,,,0,,,,,
221,1129-ARM,CODE ICE,ARM,Giorgio Armani,NOT_FOUND,,,0,,,,,
220,1128-ARM,CODE COLONIA,ARM,Giorgio Armani,NOT_FOUND,,,0,,,,,
218,1125-ARM,ACQUA DI GIO ESSENZA,ARM,Giorgio Armani,FOUND,EXACT_BRAND_NAME,1.0000,1,Giorgio Armani,Acqua di Gio Essenza,14825,https://www.fragrantica.com/perfume/Giorgio-Armani/Acqua-di-Gio-Essenza-14825.html,Brand inferred from an unanimous Shobi code suffix
217,1124-ARM,ACQUA DI GIO ABSOLU,ARM,Giorgio Armani,FOUND,EXACT_BRAND_NAME,1.0000,1,Giorgio Armani,Acqua di Gio Absolu,48138,https://www.fragrantica.com/perfume/Giorgio-Armani/Acqua-di-Gio-Absolu-48138.html,Brand inferred from an unanimous Shobi code suffix
216,1123-ARM,ACQUA DI GIO,ARM,Giorgio Armani,AMBIGUOUS,EXACT_BRAND_NAME_MULTIPLE_IDS,,2,,,,,Exact brand+name exists with multiple Fragrantica IDs
215,1122-GFE,,GFE,,NOT_FOUND,,,0,,,,,
213,1120-FER,,FER,,NOT_FOUND,,,0,,,,,
212,1119-FEN,,FEN,,NOT_FOUND,,,0,,,,,
211,1118-FAB,,FAB,,NOT_FOUND,,,0,,,,,
210,1117-EST,INTUITION - ESTEE LAUDER,EST,,NOT_FOUND,,,0,,,,,
209,1116-ZEG,,ZEG,Ermenegildo Zegna,NOT_FOUND,,,0,,,,,
208,1115-ZEG,,ZEG,Ermenegildo Zegna,NOT_FOUND,,,0,,,,,
207,1137-ARM,WHITE,ARM,Giorgio Armani,AMBIGUOUS,EXACT_NAME_MULTIPLE_CANDIDATES,,7,,,,,Same perfume name exists under multiple candidates
206,1135-ARM,LUI/IL/HE/EL,ARM,Giorgio Armani,NOT_FOUND,,,0,,,,,
205,1114-DUN,,DUN,,NOT_FOUND,,,0,,,,,
204,1113-DSQ,,DSQ,,NOT_FOUND,,,0,,,,,
203,1112-DSQ,,DSQ,,NOT_FOUND,,,0,,,,,
202,1111-DSQ,,DSQ,,NOT_FOUND,,,0,,,,,
201,1110-DSQ,,DSQ,,NOT_FOUND,,,0,,,,,
200,1109-DIE,,DIE,,NOT_FOUND,,,0,,,,,
199,1108-DIE,ONLY THE BRAVE - DIESEL,DIE,,NOT_FOUND,,,0,,,,,
198,1107-DIE,BAD - DIESEL,DIE,,NOT_FOUND,,,0,,,,,
197,1106-DAV,,DAV,,NOT_FOUND,,,0,,,,,
196,1105-DAV,,DAV,,NOT_FOUND,,,0,,,,,
195,1104-DAV,,DAV,,NOT_FOUND,,,0,,,,,
194,1103-DAV,,DAV,,NOT_FOUND,,,0,,,,,
193,1102-DAV,,DAV,,NOT_FOUND,,,0,,,,,
192,1101-DOL,VELVET BERGAMOT,DOL,Dolce&Gabbana,FOUND,EXACT_UNIQUE_NAME,1.0000,1,Dolce Gabbana,Velvet Bergamot,25154,https://www.fragrantica.com/perfume/Dolce-Gabbana/Velvet-Bergamot-25154.html,Perfume name is unique across the entire URL corpus
191,1099-DOL,The One,DOL,Dolce&Gabbana,AMBIGUOUS,EXACT_NAME_MULTIPLE_CANDIDATES,,3,,,,,Same perfume name exists under multiple candidates
190,1098-DOL,Pour Homme 1994,DOL,Dolce&Gabbana,NOT_FOUND,,,0,,,,,
188,1096-DOL,LIGHT BLUE EAU INTENSE,DOL,Dolce&Gabbana,FOUND,EXACT_UNIQUE_NAME,1.0000,1,Dolce Gabbana,Light Blue Eau Intense,44034,https://www.fragrantica.com/perfume/Dolce-Gabbana/Light-Blue-Eau-Intense-44034.html,Perfume name is unique across the entire URL corpus
187,1095-DOL,LIGHT BLUE MAN,DOL,Dolce&Gabbana,NOT_FOUND,,,0,,,,,
186,1093-DOL,INTENSO,DOL,Dolce&Gabbana,NOT_FOUND,,,0,,,,,
185,1092-DOL,BY,DOL,Dolce&Gabbana,AMBIGUOUS,EXACT_NAME_MULTIPLE_CANDIDATES,,2,,,,,Same perfume name exists under multiple candidates
184,1089-COM,,COM,,NOT_FOUND,,,0,,,,,
183,1087-COM,,COM,,NOT_FOUND,,,0,,,,,
182,1086-CLI,HAPPY - CLINIQUE,CLI,,NOT_FOUND,,,0,,,,,
181,1085-DRC,SAUVAGE,DRC,Dior,FOUND,EXACT_BRAND_NAME,1.0000,1,Dior,Sauvage,31861,https://www.fragrantica.com/perfume/Dior/Sauvage-31861.html,Brand inferred from an unanimous Shobi code suffix
179,1083-DRC,INTENSE HOMME,DRC,Dior,FOUND,EXACT_UNIQUE_NAME,1.0000,1,The Dua Brand,Intense Homme,86301,https://www.fragrantica.com/perfume/The-Dua-Brand/Intense-Homme-86301.html,Perfume name is unique across the entire URL corpus
178,1082-DRC,HOMME SPORT,DRC,Dior,AMBIGUOUS,EXACT_NAME_MULTIPLE_CANDIDATES,,2,,,,,Same perfume name exists under multiple candidates
176,1080-DRC,HOMME,DRC,Dior,AMBIGUOUS,EXACT_NAME_MULTIPLE_CANDIDATES,,10,,,,,Same perfume name exists under multiple candidates
175,1079-DRC,HIGHER ENERGY,DRC,Dior,FOUND,EXACT_BRAND_NAME,1.0000,1,Dior,Higher Energy,234,https://www.fragrantica.com/perfume/Dior/Higher-Energy-234.html,Brand inferred from an unanimous Shobi code suffix
174,1078-DRC,HIGHER,DRC,Dior,FOUND,EXACT_BRAND_NAME,1.0000,1,Dior,Higher,233,https://www.fragrantica.com/perfume/Dior/Higher-233.html,Brand inferred from an unanimous Shobi code suffix
173,1077-DRC,FAHRENEIT 32,DRC,Dior,FOUND,SAFE_FUZZY_SAME_BRAND,0.9600,1,Dior,Fahrenheit 32,987,https://www.fragrantica.com/perfume/Dior/Fahrenheit-32-987.html,High-similarity name within inferred brand; qualifier tokens preserved
172,,Fahrenheit,,,FOUND,EXACT_UNIQUE_NAME,1.0000,1,Dior,Fahrenheit,228,https://www.fragrantica.com/perfume/Dior/Fahrenheit-228.html,Perfume name is unique across the entire URL corpus
171,1075-DRC,EAU SAUVAGE,DRC,Dior,FOUND,EXACT_BRAND_NAME,1.0000,1,Dior,Eau Sauvage,231,https://www.fragrantica.com/perfume/Dior/Eau-Sauvage-231.html,Brand inferred from an unanimous Shobi code suffix
170,1074-DRC,DUNE,DRC,Dior,FOUND,EXACT_BRAND_NAME,1.0000,1,Dior,Dune,221,https://www.fragrantica.com/perfume/Dior/Dune-221.html,Brand inferred from an unanimous Shobi code suffix
169,1073-DRC,HOMME PARFUM,DRC,Dior,NOT_FOUND,,,0,,,,,
168,1071-DRC,AMBRE NUIT,DRC,Dior,AMBIGUOUS,EXACT_BRAND_NAME_MULTIPLE_IDS,,2,,,,,Exact brand+name exists with multiple Fragrantica IDs
167,1070-CHA,EGOISTE PLATINUM,CHA,Chanel,FOUND,EXACT_BRAND_NAME,1.0000,1,Chanel,Egoiste Platinum,614,https://www.fragrantica.com/perfume/Chanel/Egoiste-Platinum-614.html,Brand inferred from an unanimous Shobi code suffix
166,1069-CHA,Egoiste,CHA,Chanel,FOUND,EXACT_BRAND_NAME,1.0000,1,Chanel,Egoiste,613,https://www.fragrantica.com/perfume/Chanel/Egoiste-613.html,Brand inferred from an unanimous Shobi code suffix
165,1068-CHA,Boy,CHA,Chanel,AMBIGUOUS,EXACT_NAME_MULTIPLE_CANDIDATES,,2,,,,,Same perfume name exists under multiple candidates
164,1067-CHA,BLEU,CHA,Chanel,AMBIGUOUS,EXACT_NAME_MULTIPLE_CANDIDATES,,3,,,,,Same perfume name exists under multiple candidates
163,1066-CHA,Antaeus,CHA,Chanel,FOUND,EXACT_BRAND_NAME,1.0000,1,Chanel,Antaeus,616,https://www.fragrantica.com/perfume/Chanel/Antaeus-616.html,Brand inferred from an unanimous Shobi code suffix
162,1065-CHA,ALLURE HOMME SPORT,CHA,Chanel,FOUND,EXACT_BRAND_NAME,1.0000,1,Chanel,Allure Homme Sport,607,https://www.fragrantica.com/perfume/Chanel/Allure-Homme-Sport-607.html,Brand inferred from an unanimous Shobi code suffix
161,1064-CHA,ALLURE FOR MEN,CHA,Chanel,NOT_FOUND,,,0,,,,,
160,1063-CER,,CER,,NOT_FOUND,,,0,,,,,
159,1062-CRT,ROADSTER - CARTIER,CRT,,NOT_FOUND,,,0,,,,,
158,1061-CRT,PASHA DE CARTIER - CARTIER,CRT,,NOT_FOUND,,,0,,,,,
157,1060-CRT,L'ENVOL DE CARTIER,CRT,,NOT_FOUND,,,0,,,,,
156,1059-CRT,DECLARATION - CARTIER,CRT,,NOT_FOUND,,,0,,,,,
155,1057-CAR,212 VIP WILD PARTY,CAR,,FOUND,EXACT_UNIQUE_NAME,1.0000,1,Carolina Herrera,212 VIP Wild Party,35780,https://www.fragrantica.com/perfume/Carolina-Herrera/212-VIP-Wild-Party-35780.html,Perfume name is unique across the entire URL corpus
154,1056-CAR,212 VIP MEN,CAR,,FOUND,EXACT_UNIQUE_NAME,1.0000,1,Carolina Herrera,212 VIP Men,12865,https://www.fragrantica.com/perfume/Carolina-Herrera/212-VIP-Men-12865.html,Perfume name is unique across the entire URL corpus
153,1055-CAR,212 VIP CLUB EDITION,CAR,,FOUND,EXACT_UNIQUE_NAME,1.0000,1,Carolina Herrera,212 VIP Club Edition,30424,https://www.fragrantica.com/perfume/Carolina-Herrera/212-VIP-Club-Edition-30424.html,Perfume name is unique across the entire URL corpus
152,1054-CAR,212 SEXY MEN,CAR,,FOUND,EXACT_UNIQUE_NAME,1.0000,1,Carolina Herrera,212 Sexy Men,1054,https://www.fragrantica.com/perfume/Carolina-Herrera/212-Sexy-Men-1054.html,Perfume name is unique across the entire URL corpus
151,476-CAL,ONE SUMMER 2016 CALVIN KLEIN,CAL,,NOT_FOUND,,,0,,,,,
150,1051-CAL,ONE SHOCK FOR HIM  - CALVIN KLEIN,CAL,,NOT_FOUND,,,0,,,,,
149,1050-CAL,ONE RED EDITION FOR HIM - CALVIN KLEIN,CAL,,NOT_FOUND,,,0,,,,,
148,1049-CAL,ONE - CK,CAL,,NOT_FOUND,,,0,,,,,
147,1048-CAL,OBSESSION - CALVIN KLEIN,CAL,,NOT_FOUND,,,0,,,,,
146,1047-CAL,EUPHORIA MEN - CALVIN KLEIN,CAL,,NOT_FOUND,,,0,,,,,
145,1045-CAL,ETERNITY NOW - CALVIN KLEIN,CAL,,NOT_FOUND,,,0,,,,,
143,1043-CAL,BE  - CALVIN KLEIN,CAL,,NOT_FOUND,,,0,,,,,
142,1042-CAC,POUR HOMME,CAC,,AMBIGUOUS,EXACT_NAME_MULTIPLE_CANDIDATES,,2,,,,,Same perfume name exists under multiple candidates
141,1041-BLG,POUR HOMME BLG,BLG,,NOT_FOUND,,,0,,,,,
140,1040-BLG,NOTTE POUR HOMME,BLG,,NOT_FOUND,,,0,,,,,
139,1039-BLG,MAN IN BLACK - BVLGARI,BLG,,NOT_FOUND,,,0,,,,,
138,1038-BLG,MAN EXTREME - BVLGARI,BLG,,NOT_FOUND,,,0,,,,,
137,1036-BLG,BLV Pour Homme,BLG,,FOUND,EXACT_UNIQUE_NAME,1.0000,1,Bvlgari,BLV Pour Homme,148,https://www.fragrantica.com/perfume/Bvlgari/BLV-Pour-Homme-148.html,Perfume name is unique across the entire URL corpus
136,1035-BLG,BLACK - BVLGARI,BLG,,NOT_FOUND,,,0,,,,,
135,1034-BLG,AQUA - BVLGARI,BLG,,NOT_FOUND,,,0,,,,,
134,1033-BRB,Touch for Men,BRB,,FOUND,EXACT_UNIQUE_NAME,1.0000,1,Burberry,Touch for Men,815,https://www.fragrantica.com/perfume/Burberry/Touch-for-Men-815.html,Perfume name is unique across the entire URL corpus
133,1032-BRB,The Beat for Men,BRB,,FOUND,EXACT_UNIQUE_NAME,1.0000,1,Burberry,The Beat for Men,4509,https://www.fragrantica.com/perfume/Burberry/The-Beat-for-Men-4509.html,Perfume name is unique across the entire URL corpus
132,1031-BRB,RHYTHM BRIT - BURBERRY,BRB,,NOT_FOUND,,,0,,,,,
131,1030-BRB,MR,BRB,,NOT_FOUND,,,0,,,,,
130,1029-BRB,MR BURBERRY - BURBERRY,BRB,,NOT_FOUND,,,0,,,,,
129,1028-BRB,Sport for Men,BRB,,NOT_FOUND,,,0,,,,,
128,1027-BRB,LONDON,BRB,,AMBIGUOUS,EXACT_NAME_MULTIPLE_CANDIDATES,,9,,,,,Same perfume name exists under multiple candidates
127,1026-BRB,Brit,BRB,,NOT_FOUND,,,0,,,,,
126,1025-BRB,Brit Rhythm Intense,BRB,,NOT_FOUND,,,0,,,,,
125,1024-BOU,VANILLE DE ZANZIBAR (u),BOU,,NOT_FOUND,,,0,,,,,
124,1023-BOT,,BOT,Bottega Veneta,NOT_FOUND,,,0,,,,,
123,1022-BOT,,BOT,Bottega Veneta,NOT_FOUND,,,0,,,,,
122,1021-BOG,,BOG,,NOT_FOUND,,,0,,,,,
121,1020-AZZ,WANTED,AZZ,Azzaro,FOUND,EXACT_BRAND_NAME,1.0000,1,Azzaro,Wanted,38686,https://www.fragrantica.com/perfume/Azzaro/Wanted-38686.html,Brand inferred from an unanimous Shobi code suffix
120,1019-AZZ,CHROME PURE,AZZ,Azzaro,FOUND,EXACT_BRAND_NAME,1.0000,1,Azzaro,Chrome Pure,43131,https://www.fragrantica.com/perfume/Azzaro/Chrome-Pure-43131.html,Brand inferred from an unanimous Shobi code suffix
119,1018-AZZ,CHROME LEGEND,AZZ,Azzaro,FOUND,EXACT_BRAND_NAME,1.0000,1,Azzaro,Chrome Legend,2959,https://www.fragrantica.com/perfume/Azzaro/Chrome-Legend-2959.html,Brand inferred from an unanimous Shobi code suffix
118,1016-AZZ,VISIT AZZARO,AZZ,Azzaro,NOT_FOUND,,,0,,,,,
117,1015-AZZ,Night Time,AZZ,Azzaro,NOT_FOUND,,,0,,,,,
116,1014-AZZ,CLASSIC,AZZ,Azzaro,AMBIGUOUS,EXACT_NAME_MULTIPLE_CANDIDATES,,10,,,,,Same perfume name exists under multiple candidates
115,1013-ARA,VOYAGER,ARA,Aramis,FOUND,EXACT_BRAND_NAME,1.0000,1,Aramis,Voyager,39608,https://www.fragrantica.com/perfume/Aramis/Voyager-39608.html,Brand inferred from an unanimous Shobi code suffix
114,1012-ARA,HAVANA,ARA,Aramis,FOUND,EXACT_BRAND_NAME,1.0000,1,Aramis,Havana,599,https://www.fragrantica.com/perfume/Aramis/Havana-599.html,Brand inferred from an unanimous Shobi code suffix
113,1011-ARA,ADVENTURER,ARA,Aramis,FOUND,EXACT_BRAND_NAME,1.0000,1,Aramis,Adventurer,27572,https://www.fragrantica.com/perfume/Aramis/Adventurer-27572.html,Brand inferred from an unanimous Shobi code suffix
112,1010-ACQ,Essenza di Colonia,ACQ,Acqua di Parma,FOUND,EXACT_BRAND_NAME,1.0000,1,Acqua di Parma,Essenza di Colonia,9829,https://www.fragrantica.com/perfume/Acqua-di-Parma/Essenza-di-Colonia-9829.html,Brand inferred from an unanimous Shobi code suffix
111,1009-ACQ,COLONIA QUERCIA,ACQ,Acqua di Parma,FOUND,EXACT_BRAND_NAME,1.0000,1,Acqua di Parma,Colonia Quercia,38674,https://www.fragrantica.com/perfume/Acqua-di-Parma/Colonia-Quercia-38674.html,Brand inferred from an unanimous Shobi code suffix
110,1008-ACQ,COLONIA PURA (U),ACQ,Acqua di Parma,NOT_FOUND,,,0,,,,,
109,1007-ACQ,COLONIA LEATHER,ACQ,Acqua di Parma,NOT_FOUND,,,0,,,,,
108,1005-ACQ,COLONIA INTENSA,ACQ,Acqua di Parma,FOUND,EXACT_BRAND_NAME,1.0000,1,Acqua di Parma,Colonia Intensa,1684,https://www.fragrantica.com/perfume/Acqua-di-Parma/Colonia-Intensa-1684.html,Brand inferred from an unanimous Shobi code suffix
107,1004-ACQ,COLONIA EBANO,ACQ,Acqua di Parma,FOUND,EXACT_BRAND_NAME,1.0000,1,Acqua di Parma,Colonia Ebano,43409,https://www.fragrantica.com/perfume/Acqua-di-Parma/Colonia-Ebano-43409.html,Brand inferred from an unanimous Shobi code suffix
106,390-ACQ,BLU MEDITERRANEO MANDORLO DI SICILIA,ACQ,Acqua di Parma,NOT_FOUND,,,0,,,,,
