prestashop_product_id,shobi_code,inspired_by,fragrantica_id,fragrantica_url,image_url,local_path,status,detail
738,662-GIV,AMARIGE,3,https://www.fragrantica.com/perfume/Givenchy/Amarige-3.html,https://fimgs.net/mdimg/perfume-thumbs/dark-375x500.3.avif,perfume-images/3.avif,DOWNLOADED,image/avif
746,670-GIV,ORGANZA,4,https://www.fragrantica.com/perfume/Givenchy/Organza-4.html,https://fimgs.net/mdimg/perfume-thumbs/dark-375x500.4.avif,perfume-images/4.avif,DOWNLOADED,image/avif
767,698-HER,EAU DES MERVEILLES,9,https://www.fragrantica.com/perfume/Hermes/Eau-des-Merveilles-9.html,https://fimgs.net/mdimg/perfume-thumbs/dark-375x500.9.avif,perfume-images/9.avif,DOWNLOADED,image/avif
246,1156-HER,TERRE D'HERMES - HERMES,17,https://www.fragrantica.com/perfume/Hermes/Terre-d-Hermes-17.html,https://fimgs.net/mdimg/perfume-thumbs/dark-375x500.17.avif,perfume-images/17.avif,DOWNLOADED,image/avif
775,708-HER,UN JARDIN SUR LE NIL - HERMES Unisex,18,https://www.fragrantica.com/perfume/Hermes/Un-Jardin-Sur-Le-Nil-18.html,https://fimgs.net/mdimg/perfume-thumbs/dark-375x500.18.avif,perfume-images/18.avif,DOWNLOADED,image/avif
244,1154-HER,UN JARDIN EN MEDITERRANEE - HERMES,19,https://www.fragrantica.com/perfume/Hermes/Un-Jardin-en-Mediterranee-19.html,https://fimgs.net/mdimg/perfume-thumbs/dark-375x500.19.avif,perfume-images/19.avif,DOWNLOADED,image/avif
242,1152-HER,BEL AMI - HERMES,25,https://www.fragrantica.com/perfume/Hermes/Bel-Ami-25.html,https://fimgs.net/mdimg/perfume-thumbs/dark-375x500.25.avif,perfume-images/25.avif,DOWNLOADED,image/avif
2415,1682-HER,24 FAUBOURG - HERMES,27,https://www.fragrantica.com/perfume/Hermes/24-Faubourg-27.html,https://fimgs.net/mdimg/perfume-thumbs/dark-375x500.27.avif,perfume-images/27.avif,DOWNLOADED,image/avif
4974,2732-GIV,Very Irresistible for men,34,https://www.fragrantica.com/perfume/Givenchy/Very-Irresistible-for-men-34.html,https://fimgs.net/mdimg/perfume-thumbs/dark-375x500.34.avif,perfume-images/34.avif,DOWNLOADED,image/avif
744,668-GIV,HOT COUTURE,35,https://www.fragrantica.com/perfume/Givenchy/Hot-Couture-35.html,https://fimgs.net/mdimg/perfume-thumbs/dark-375x500.35.avif,perfume-images/35.avif,DOWNLOADED,image/avif
2412,1684-GIV,YSATIS,36,https://www.fragrantica.com/perfume/Givenchy/Ysatis-36.html,https://fimgs.net/mdimg/perfume-thumbs/dark-375x500.36.avif,perfume-images/36.avif,DOWNLOADED,image/avif
231,1141-GIV,P,39,https://www.fragrantica.com/perfume/Givenchy/Pi-39.html,https://fimgs.net/mdimg/perfume-thumbs/dark-375x500.39.avif,perfume-images/39.avif,DOWNLOADED,image/avif
1921,687-GUR,L'INSTANT DE GUERLAIN - GUERLAIN,51,https://www.fragrantica.com/perfume/Guerlain/L-Instant-de-Guerlain-51.html,https://fimgs.net/mdimg/perfume-thumbs/dark-375x500.51.avif,perfume-images/51.avif,DOWNLOADED,image/avif
762,692-GUR,SAMSARA - GUERLAIN,55,https://www.fragrantica.com/perfume/Guerlain/Samsara-Eau-de-Parfum-55.html,https://fimgs.net/mdimg/perfume-thumbs/dark-375x500.55.avif,perfume-images/55.avif,DOWNLOADED,image/avif
814,752-KEN,JUNGLE L'ELEPHANT - KENZO,70,https://www.fragrantica.com/perfume/Kenzo/Kenzo-Jungle-L-Elephant-70.html,https://fimgs.net/mdimg/perfume-thumbs/dark-375x500.70.avif,perfume-images/70.avif,DOWNLOADED,image/avif
817,755-KEN,SUMMER - KENZO,76,https://www.fragrantica.com/perfume/Kenzo/Summer-by-Kenzo-76.html,https://fimgs.net/mdimg/perfume-thumbs/dark-375x500.76.avif,perfume-images/76.avif,DOWNLOADED,image/avif
816,754-KEN,L'EAU PAR -KENZO,78,https://www.fragrantica.com/perfume/Kenzo/L-Eau-par-Kenzo-78.html,https://fimgs.net/mdimg/perfume-thumbs/dark-375x500.78.avif,perfume-images/78.avif,DOWNLOADED,image/avif
259,1172-ISS,EAU D'ISSEY HOMME - ISSEY MIYAKE,79,https://www.fragrantica.com/p/79,https://fimgs.net/mdimg/perfume-thumbs/dark-375x500.79.avif,perfume-images/79.avif,DOWNLOADED,image/avif
678,590-ELIZ,avenue elizabeth arden,81,https://www.fragrantica.com/p/81,https://fimgs.net/mdimg/perfume-thumbs/dark-375x500.81.avif,perfume-images/81.avif,DOWNLOADED,image/avif
680,592-ELIZ,red door elizabeth arden,86,https://www.fragrantica.com/perfume/Elizabeth-Arden/Red-Door-86.html,https://fimgs.net/mdimg/perfume-thumbs/dark-375x500.86.avif,perfume-images/86.avif,DOWNLOADED,image/avif
1003,979-YZLO,CINEMA,92,https://www.fragrantica.com/perfume/Yves-Saint-Laurent/Cinema-92.html,https://fimgs.net/mdimg/perfume-thumbs/dark-375x500.92.avif,perfume-images/92.avif,DOWNLOADED,image/avif
1009,986-YZLO,OPIUM,93,https://www.fragrantica.com/perfume/Yves-Saint-Laurent/Opium-1977-93.html,https://fimgs.net/mdimg/perfume-thumbs/dark-375x500.93.avif,perfume-images/93.avif,DOWNLOADED,image/avif
1010,987-YZLO,PARIS,94,https://www.fragrantica.com/perfume/Yves-Saint-Laurent/Paris-94.html,https://fimgs.net/mdimg/perfume-thumbs/dark-375x500.94.avif,perfume-images/94.avif,DOWNLOADED,image/avif
1012,989-YZLO,RIVE GAUCHE,96,https://www.fragrantica.com/perfume/Yves-Saint-Laurent/Rive-Gauche-96.html,https://fimgs.net/mdimg/perfume-thumbs/dark-375x500.96.avif,perfume-images/96.avif,DOWNLOADED,image/avif
2729,1842-YZLO,Baby Doll,99,https://www.fragrantica.com/perfume/Yves-Saint-Laurent/Baby-Doll-99.html,https://fimgs.net/mdimg/perfume-thumbs/dark-375x500.99.avif,perfume-images/99.avif,DOWNLOADED,image/avif
364,1289-YZLO,Y,100,https://www.fragrantica.com/perfume/Yves-Saint-Laurent/Y-100.html,https://fimgs.net/mdimg/perfume-thumbs/dark-375x500.100.avif,perfume-images/100.avif,DOWNLOADED,image/avif
1013,991-YZLO,YVRESSE (CHAMPAGNE),101,https://www.fragrantica.com/perfume/Yves-Saint-Laurent/Yvresse-Champagne-101.html,https://fimgs.net/mdimg/perfume-thumbs/dark-375x500.101.avif,perfume-images/101.avif,DOWNLOADED,image/avif
510,399-ARA,TUSCANY PER DONNA,122,https://www.fragrantica.com/perfume/Aramis/Tuscany-Per-Donna-122.html,https://fimgs.net/mdimg/perfume-thumbs/dark-375x500.122.avif,perfume-images/122.avif,DOWNLOADED,image/avif
3841,2250-ARBAS,IN RED - ARMAND BASI,128,https://www.fragrantica.com/perfume/Armand-Basi/In-Red-128.html,https://fimgs.net/mdimg/perfume-thumbs/dark-375x500.128.avif,perfume-images/128.avif,DOWNLOADED,image/avif
543,437-BLG,437 blg wp,142,https://www.fragrantica.com/p/142,https://fimgs.net/mdimg/perfume-thumbs/dark-375x500.142.avif,perfume-images/142.avif,DOWNLOADED,image/avif
141,1041-BLG,POUR HOMME BLG,143,https://www.fragrantica.com/perfume/Bvlgari/Bvlgari-Pour-Homme-143.html,https://fimgs.net/mdimg/perfume-thumbs/dark-375x500.143.avif,perfume-images/143.avif,DOWNLOADED,image/avif
3928,2278-BLG,AU THE BLANC - BVLGARI,145,https://www.fragrantica.com/perfume/Bvlgari/Eau-Parfumee-au-The-Blanc-145.html,https://fimgs.net/mdimg/perfume-thumbs/dark-375x500.145.avif,perfume-images/145.avif,DOWNLOADED,image/avif
895,853-NIN,NINA,147,https://www.fragrantica.com/perfume/Nina-Ricci/Nina-147.html,https://fimgs.net/mdimg/perfume-thumbs/dark-375x500.147.avif,perfume-images/147.avif,DOWNLOADED,image/avif
1897,1037-BLG,Bvl Man,148,https://www.fragrantica.com/perfume/Bvlgari/BLV-Pour-Homme-148.html,https://fimgs.net/mdimg/perfume-thumbs/dark-375x500.148.avif,perfume-images/148.avif,DOWNLOADED,image/avif
137,1036-BLG,BLV Pour Homme,148,https://www.fragrantica.com/perfume/Bvlgari/BLV-Pour-Homme-148.html,https://fimgs.net/mdimg/perfume-thumbs/dark-375x500.148.avif,perfume-images/148.avif,DOWNLOADED,image/avif
549,443-BLG,BLV NOTTE POUR FEMME,149,https://www.fragrantica.com/perfume/Bvlgari/BLV-Notte-Pour-Femme-149.html,https://fimgs.net/mdimg/perfume-thumbs/dark-375x500.149.avif,perfume-images/149.avif,DOWNLOADED,image/avif
140,1040-BLG,NOTTE POUR HOMME,150,https://www.fragrantica.com/perfume/Bvlgari/BLV-Notte-Pour-Homme-150.html,https://fimgs.net/mdimg/perfume-thumbs/dark-375x500.150.avif,perfume-images/150.avif,DOWNLOADED,image/avif
1896,444-BLG,Omnia,151,https://www.fragrantica.com/perfume/Bvlgari/Omnia-151.html,https://fimgs.net/mdimg/perfume-thumbs/dark-375x500.151.avif,perfume-images/151.avif,DOWNLOADED,image/avif
551,446-BLG,OMNIA CRYSTALLINE,152,https://www.fragrantica.com/perfume/Bvlgari/Omnia-Crystalline-152.html,https://fimgs.net/mdimg/perfume-thumbs/dark-375x500.152.avif,perfume-images/152.avif,DOWNLOADED,image/avif
135,1034-BLG,AQUA - BVLGARI,153,https://www.fragrantica.com/perfume/Bvlgari/Aqva-Pour-Homme-153.html,https://fimgs.net/mdimg/perfume-thumbs/dark-375x500.153.avif,perfume-images/153.avif,DOWNLOADED,image/avif
136,1035-BLG,BLACK - BVLGARI,154,https://www.fragrantica.com/perfume/Bvlgari/Black-154.html,https://fimgs.net/mdimg/perfume-thumbs/dark-375x500.154.avif,perfume-images/154.avif,DOWNLOADED,image/avif
553,448-BLG,Petits et Mamans,155,https://www.fragrantica.com/perfume/Bvlgari/Petits-et-Mamans-155.html,https://fimgs.net/mdimg/perfume-thumbs/dark-375x500.155.avif,perfume-images/155.avif,DOWNLOADED,image/avif
542,436-BLG,BLV for Women,156,https://www.fragrantica.com/perfume/Bvlgari/BLV-156.html,https://fimgs.net/mdimg/perfume-thumbs/dark-375x500.156.avif,perfume-images/156.avif,DOWNLOADED,image/avif
833,779-LAN,HYPNOSE,170,https://www.fragrantica.com/perfume/Lancome/Hypnose-170.html,https://fimgs.net/mdimg/perfume-thumbs/dark-375x500.170.avif,perfume-images/170.avif,DOWNLOADED,image/avif
843,796-LAN,POEME,171,https://www.fragrantica.com/perfume/Lancome/Poeme-171.html,https://fimgs.net/mdimg/perfume-thumbs/dark-375x500.171.avif,perfume-images/171.avif,DOWNLOADED,image/avif
844,797-LAN,TRESOR,172,https://www.fragrantica.com/perfume/Lancome/Tresor-172.html,https://fimgs.net/mdimg/perfume-thumbs/dark-375x500.172.avif,perfume-images/172.avif,DOWNLOADED,image/avif
837,787-LAN,MAGIE NOIRE,174,https://www.fragrantica.com/perfume/Lancome/Magie-Noire-174.html,https://fimgs.net/mdimg/perfume-thumbs/dark-375x500.174.avif,perfume-images/174.avif,DOWNLOADED,image/avif
832,778-LAN,CLIMAT,180,https://www.fragrantica.com/perfume/Lancome/Climat-180.html,https://fimgs.net/mdimg/perfume-thumbs/dark-375x500.180.avif,perfume-images/180.avif,DOWNLOADED,image/avif
839,790-LAN,MIRACLE,184,https://www.fragrantica.com/perfume/Lancome/Miracle-184.html,https://fimgs.net/mdimg/perfume-thumbs/dark-375x500.184.avif,perfume-images/184.avif,DOWNLOADED,image/avif
2803,1828-LAN,"O OUI! Fragrance floral, white floral, fruity, fresh, citrus, aquatic",186,https://www.fragrantica.com/perfume/Lancome/O-Oui-186.html,https://fimgs.net/mdimg/perfume-thumbs/dark-375x500.186.avif,perfume-images/186.avif,DOWNLOADED,image/avif
721,639-FEN,fendi woman,200,https://www.fragrantica.com/perfume/Fendi/Fendi-200.html,https://fimgs.net/mdimg/perfume-thumbs/dark-375x500.200.avif,perfume-images/200.avif,DOWNLOADED,image/avif
861,816-MAX,MAX MARA,204,https://www.fragrantica.com/perfume/Max-Mara/Max-Mara-204.html,https://fimgs.net/mdimg/perfume-thumbs/dark-375x500.204.avif,perfume-images/204.avif,DOWNLOADED,image/avif
1775,848-NRO,pure musk for her narciso rodriguez,209,https://www.fragrantica.com/perfume/Narciso-Rodriguez/Narciso-Rodriguez-For-Her-209.html,https://fimgs.net/mdimg/perfume-thumbs/dark-375x500.209.avif,perfume-images/209.avif,DOWNLOADED,image/avif
887,843-NRO,FOR HER PINK EAU DE TOILETTE - RODRIGUEZ,209,https://www.fragrantica.com/perfume/Narciso-Rodriguez/Narciso-Rodriguez-For-Her-209.html,https://fimgs.net/mdimg/perfume-thumbs/dark-375x500.209.avif,perfume-images/209.avif,DOWNLOADED,image/avif
623,530-DRC,J' ADORE,210,https://www.fragrantica.com/perfume/Dior/J-adore-210.html,https://fimgs.net/mdimg/perfume-thumbs/dark-375x500.210.avif,perfume-images/210.avif,DOWNLOADED,image/avif
630,537-DRC,Fragrance MISS CHERIE,213,https://www.fragrantica.com/p/213,https://fimgs.net/mdimg/perfume-thumbs/dark-375x500.213.avif,perfume-images/213.avif,DOWNLOADED,image/avif
633,542-DRC,PURE POISON,214,https://www.fragrantica.com/perfume/Dior/Pure-Poison-214.html,https://fimgs.net/mdimg/perfume-thumbs/dark-375x500.214.avif,perfume-images/214.avif,DOWNLOADED,image/avif
631,540-DRC,POISON,218,https://www.fragrantica.com/perfume/Dior/Poison-218.html,https://fimgs.net/mdimg/perfume-thumbs/dark-375x500.218.avif,perfume-images/218.avif,DOWNLOADED,image/avif
621,528-DRC,HYPNOTIC POISON,219,https://www.fragrantica.com/perfume/Dior/Hypnotic-Poison-219.html,https://fimgs.net/mdimg/perfume-thumbs/dark-375x500.219.avif,perfume-images/219.avif,DOWNLOADED,image/avif
634,544-DRC,TENDRE POISON,220,https://www.fragrantica.com/perfume/Dior/Tendre-Poison-220.html,https://fimgs.net/mdimg/perfume-thumbs/dark-375x500.220.avif,perfume-images/220.avif,DOWNLOADED,image/avif
618,525-DRC,DUNE,221,https://www.fragrantica.com/perfume/Dior/Dune-221.html,https://fimgs.net/mdimg/perfume-thumbs/dark-375x500.221.avif,perfume-images/221.avif,DOWNLOADED,image/avif
170,1074-DRC,DUNE,221,https://www.fragrantica.com/perfume/Dior/Dune-221.html,https://fimgs.net/mdimg/perfume-thumbs/dark-375x500.221.avif,perfume-images/221.avif,DOWNLOADED,image/avif
617,524-DRC,DOLCE VITA,222,https://www.fragrantica.com/perfume/Dior/Dolce-Vita-222.html,https://fimgs.net/mdimg/perfume-thumbs/dark-375x500.222.avif,perfume-images/222.avif,DOWNLOADED,image/avif
627,534-DRC,MISS,223,https://www.fragrantica.com/perfume/Christian-Dior/Miss-Dior-223.html,https://fimgs.net/mdimg/perfume-thumbs/dark-375x500.223.avif,perfume-images/223.avif,DOWNLOADED,image/avif
1940,523-DRC,ISSIMO,224,https://www.fragrantica.com/perfume/Christian-Dior/Diorissimo-224.html,https://fimgs.net/mdimg/perfume-thumbs/dark-375x500.224.avif,perfume-images/224.avif,DOWNLOADED,image/avif
172,,Fahrenheit,228,https://www.fragrantica.com/perfume/Dior/Fahrenheit-228.html,https://fimgs.net/mdimg/perfume-thumbs/dark-375x500.228.avif,perfume-images/228.avif,DOWNLOADED,image/avif
176,1080-DRC,HOMME,230,https://www.fragrantica.com/perfume/Dior/Dior-Homme-230.html,https://fimgs.net/mdimg/perfume-thumbs/dark-375x500.230.avif,perfume-images/230.avif,DOWNLOADED,image/avif
171,1075-DRC,EAU SAUVAGE,231,https://www.fragrantica.com/perfume/Dior/Eau-Sauvage-231.html,https://fimgs.net/mdimg/perfume-thumbs/dark-375x500.231.avif,perfume-images/231.avif,DOWNLOADED,image/avif
174,1078-DRC,HIGHER,233,https://www.fragrantica.com/perfume/Dior/Higher-233.html,https://fimgs.net/mdimg/perfume-thumbs/dark-375x500.233.avif,perfume-images/233.avif,DOWNLOADED,image/avif
175,1079-DRC,HIGHER ENERGY,234,https://www.fragrantica.com/perfume/Dior/Higher-Energy-234.html,https://fimgs.net/mdimg/perfume-thumbs/dark-375x500.234.avif,perfume-images/234.avif,DOWNLOADED,image/avif
559,458-CAC,ANAIS ANAIS,236,https://www.fragrantica.com/perfume/Cacharel/Anais-Anais-236.html,https://fimgs.net/mdimg/perfume-thumbs/dark-375x500.236.avif,perfume-images/236.avif,DOWNLOADED,image/avif
558,457-CAC,AMOR AMOR,238,https://www.fragrantica.com/perfume/Cacharel/Amor-Amor-238.html,https://fimgs.net/mdimg/perfume-thumbs/dark-375x500.238.avif,perfume-images/238.avif,DOWNLOADED,image/avif
563,463-CAC,NOA,242,https://www.fragrantica.com/perfume/Cacharel/Noa-242.html,https://fimgs.net/mdimg/perfume-thumbs/dark-375x500.242.avif,perfume-images/242.avif,DOWNLOADED,image/avif
561,460-CAC,EDEN,244,https://www.fragrantica.com/perfume/Cacharel/Eden-244.html,https://fimgs.net/mdimg/perfume-thumbs/dark-375x500.244.avif,perfume-images/244.avif,DOWNLOADED,image/avif
2220,461-CAC,GLORIA,246,https://www.fragrantica.com/perfume/Cacharel/Gloria-246.html,https://fimgs.net/mdimg/perfume-thumbs/dark-375x500.246.avif,perfume-images/246.avif,DOWNLOADED,image/avif
573,475-CAL,OBSESSION - CALVIN KLEIN,248,https://www.fragrantica.com/perfume/Calvin-Klein/Obsession-248.html,https://fimgs.net/mdimg/perfume-thumbs/dark-375x500.248.avif,perfume-images/248.avif,DOWNLOADED,image/avif
147,1048-CAL,OBSESSION - CALVIN KLEIN,248,https://www.fragrantica.com/perfume/Calvin-Klein/Obsession-248.html,https://fimgs.net/mdimg/perfume-thumbs/dark-375x500.248.avif,perfume-images/248.avif,DOWNLOADED,image/avif
570,472-CAL,EUPHORIA - CALVIN KLEIN,253,https://www.fragrantica.com/perfume/Calvin-Klein/Euphoria-253.html,https://fimgs.net/mdimg/perfume-thumbs/dark-375x500.253.avif,perfume-images/253.avif,DOWNLOADED,image/avif
566,467-CAL,CONTRADICTION - CALVIN KLEIN,255,https://www.fragrantica.com/p/255,https://fimgs.net/mdimg/perfume-thumbs/dark-375x500.255.avif,perfume-images/255.avif,DOWNLOADED,image/avif
569,470-CAL,ETERNITY - CALVIN KLEIN,257,https://www.fragrantica.com/perfume/Calvin-Klein/Eternity-257.html,https://fimgs.net/mdimg/perfume-thumbs/dark-375x500.257.avif,perfume-images/257.avif,DOWNLOADED,image/avif
145,1045-CAL,ETERNITY NOW - CALVIN KLEIN,257,https://www.fragrantica.com/perfume/Calvin-Klein/Eternity-257.html,https://fimgs.net/mdimg/perfume-thumbs/dark-375x500.257.avif,perfume-images/257.avif,DOWNLOADED,image/avif
568,469-CAL,ESCAPE - CALVIN KLEIN,271,https://www.fragrantica.com/perfume/Calvin-Klein/Escape-271.html,https://fimgs.net/mdimg/perfume-thumbs/dark-375x500.271.avif,perfume-images/271.avif,DOWNLOADED,image/avif
148,1049-CAL,ONE - CK,276,https://www.fragrantica.com/perfume/Calvin-Klein/CK-One-276.html,https://fimgs.net/mdimg/perfume-thumbs/dark-375x500.276.avif,perfume-images/276.avif,DOWNLOADED,image/avif
1899,479-CAR,212,296,https://www.fragrantica.com/perfume/Carolina-Herrera/212-296.html,https://fimgs.net/mdimg/perfume-thumbs/dark-375x500.296.avif,perfume-images/296.avif,DOWNLOADED,image/avif
1901,1053-CAR,212 MEN,297,https://www.fragrantica.com/perfume/Carolina-Herrera/212-Men-297.html,https://fimgs.net/mdimg/perfume-thumbs/dark-375x500.297.avif,perfume-images/297.avif,DOWNLOADED,image/avif
577,480-CAR,212 SEXY,306,https://www.fragrantica.com/perfume/Carolina-Herrera/212-Sexy-306.html,https://fimgs.net/mdimg/perfume-thumbs/dark-375x500.306.avif,perfume-images/306.avif,DOWNLOADED,image/avif
156,1059-CRT,DECLARATION - CARTIER,307,https://www.fragrantica.com/perfume/Cartier/Declaration-307.html,https://fimgs.net/mdimg/perfume-thumbs/dark-375x500.307.avif,perfume-images/307.avif,DOWNLOADED,image/avif
4386,490-CRT,Must de Cartier,312,https://www.fragrantica.com/perfume/Cartier/Must-de-Cartier-312.html,https://fimgs.net/mdimg/perfume-thumbs/dark-375x500.312.avif,perfume-images/312.avif,DOWNLOADED,image/avif
589,493-CER,the aromatic notes of 1881 CERRUTI FOR WOMEN,327,https://www.fragrantica.com/perfume/Cerruti/1881-327.html,https://fimgs.net/mdimg/perfume-thumbs/dark-375x500.327.avif,perfume-images/327.avif,DOWNLOADED,image/avif
613,518-CHO,CASMIR - CHOPARD,348,https://www.fragrantica.com/perfume/Chopard/Casmir-348.html,https://fimgs.net/mdimg/perfume-thumbs/dark-375x500.348.avif,perfume-images/348.avif,DOWNLOADED,image/avif
615,520-CHO,WISH - CHOPARD,353,https://www.fragrantica.com/perfume/Chopard/Wish-353.html,https://fimgs.net/mdimg/perfume-thumbs/dark-375x500.353.avif,perfume-images/353.avif,DOWNLOADED,image/avif
635,545-CLI,AROMATICS ELIXIR - CLINIQUE,371,https://www.fragrantica.com/perfume/Clinique/Aromatics-Elixir-371.html,https://fimgs.net/mdimg/perfume-thumbs/dark-375x500.371.avif,perfume-images/371.avif,DOWNLOADED,image/avif
639,549-CLI,SIMPLY - CLINIQUE,379,https://www.fragrantica.com/perfume/Clinique/Simply-Clinique-379.html,https://fimgs.net/mdimg/perfume-thumbs/dark-375x500.379.avif,perfume-images/379.avif,DOWNLOADED,image/avif
779,712-HUG,HUGO BOSS WOMAN,381,https://www.fragrantica.com/perfume/Hugo-Boss/Boss-Woman-381.html,https://fimgs.net/mdimg/perfume-thumbs/dark-375x500.381.avif,perfume-images/381.avif,DOWNLOADED,image/avif
249,1160-HUG,boss bottled,383,https://www.fragrantica.com/perfume/Hugo-Boss/Boss-Bottled-383.html,https://fimgs.net/mdimg/perfume-thumbs/dark-375x500.383.avif,perfume-images/383.avif,DOWNLOADED,image/avif
248,1159-HUG,BALDESSARINI - HUGO BOSS,385,https://www.fragrantica.com/perfume/Baldessarini/Baldessarini-Hugo-Boss-385.html,https://fimgs.net/mdimg/perfume-thumbs/dark-375x500.385.avif,perfume-images/385.avif,DOWNLOADED,image/avif
183,1087-COM,comme des garcons,389,https://www.fragrantica.com/perfume/Comme-des-Garcons/Comme-des-Garcons-389.html,https://fimgs.net/mdimg/perfume-thumbs/dark-375x500.389.avif,perfume-images/389.avif,DOWNLOADED,image/avif
1935,1088-COM,odeur 53 comme des garcons,395,https://www.fragrantica.com/perfume/Comme-des-Garcons/Odeur-53-395.html,https://fimgs.net/mdimg/perfume-thumbs/dark-375x500.395.avif,perfume-images/395.avif,DOWNLOADED,image/avif
512,403-BAL,CRISTOBAL,397,https://www.fragrantica.com/perfume/Balenciaga/Cristobal-397.html,https://fimgs.net/mdimg/perfume-thumbs/dark-375x500.397.avif,perfume-images/397.avif,DOWNLOADED,image/avif
1136,186-ARM,AMBRE SOIE,405,https://www.fragrantica.com/perfume/Giorgio-Armani/Ambre-Soie-405.html,https://fimgs.net/mdimg/perfume-thumbs/dark-375x500.405.avif,perfume-images/405.avif,DOWNLOADED,image/avif
1138,187-ARM,BOIS D'ENCENS,406,https://www.fragrantica.com/perfume/Giorgio-Armani/Bois-d-Encens-406.html,https://fimgs.net/mdimg/perfume-thumbs/dark-375x500.406.avif,perfume-images/406.avif,DOWNLOADED,image/avif
1139,188-ARM,CUIR AMETHYSTE,408,https://www.fragrantica.com/perfume/Giorgio-Armani/Cuir-Amethyste-408.html,https://fimgs.net/mdimg/perfume-thumbs/dark-375x500.408.avif,perfume-images/408.avif,DOWNLOADED,image/avif
216,1123-ARM,ACQUA DI GIO,410,https://www.fragrantica.com/perfume/Giorgio-Armani/Acqua-di-Gio-410.html,https://fimgs.net/mdimg/perfume-thumbs/dark-375x500.410.avif,perfume-images/410.avif,DOWNLOADED,image/avif
225,1133-ARM,BLACK CODE,412,https://www.fragrantica.com/p/412,https://fimgs.net/mdimg/perfume-thumbs/dark-375x500.412.avif,perfume-images/412.avif,DOWNLOADED,image/avif
206,1135-ARM,LUI/IL/HE/EL,416,https://www.fragrantica.com/p/416,https://fimgs.net/mdimg/perfume-thumbs/dark-375x500.416.avif,perfume-images/416.avif,DOWNLOADED,image/avif
731,651-ARM,LEI/ELLE/SHE/ELLA,417,https://www.fragrantica.com/p/417,https://fimgs.net/mdimg/perfume-thumbs/dark-375x500.417.avif,perfume-images/417.avif,DOWNLOADED,image/avif
207,1137-ARM,WHITE,419,https://www.fragrantica.com/perfume/Giorgio-Armani/Emporio-Armani-White-For-Him-419.html,https://fimgs.net/mdimg/perfume-thumbs/dark-375x500.419.avif,perfume-images/419.avif,DOWNLOADED,image/avif
732,653-ARM,MANIA,423,https://www.fragrantica.com/perfume/Giorgio-Armani/Mania-423.html,https://fimgs.net/mdimg/perfume-thumbs/dark-375x500.423.avif,perfume-images/423.avif,DOWNLOADED,image/avif
223,1131-ARM,Mania,423,https://www.fragrantica.com/perfume/Giorgio-Armani/Mania-423.html,https://fimgs.net/mdimg/perfume-thumbs/dark-375x500.423.avif,perfume-images/423.avif,DOWNLOADED,image/avif
266,1179-GUL,LE MALE,430,https://www.fragrantica.com/perfume/Jean-Paul-Gaultier/Le-Male-430.html,https://fimgs.net/mdimg/perfume-thumbs/dark-375x500.430.avif,perfume-images/430.avif,DOWNLOADED,image/avif
264,1176-GUL,GAULT 2,433,https://www.fragrantica.com/perfume/Jean-Paul-Gaultier/Gaultier-2-433.html,https://fimgs.net/mdimg/perfume-thumbs/dark-375x500.433.avif,perfume-images/433.avif,DOWNLOADED,image/avif
4409,2638-KEN,Jungle le Tigre Kenzo,435,https://www.fragrantica.com/perfume/Kenzo/Kenzo-Jungle-le-Tigre-435.html,https://fimgs.net/mdimg/perfume-thumbs/dark-375x500.435.avif,perfume-images/435.avif,DOWNLOADED,image/avif
850,805-LOL,L DE LOLITA LEMPICKA,455,https://www.fragrantica.com/perfume/Lolita-Lempicka/L-de-Lolita-Lempicka-455.html,https://fimgs.net/mdimg/perfume-thumbs/dark-375x500.455.avif,perfume-images/455.avif,DOWNLOADED,image/avif
852,807-LOL,LOLITA - LOLITA LEMPICKA,456,https://www.fragrantica.com/perfume/Lolita-Lempicka/Lolita-Lempicka-456.html,https://fimgs.net/mdimg/perfume-thumbs/dark-375x500.456.avif,perfume-images/456.avif,DOWNLOADED,image/avif
2099,1205-LOL,au masculin lolita lempicka,458,https://www.fragrantica.com/perfume/Lolita-Lempicka/Lolita-Lempicka-Au-Masculin-458.html,https://fimgs.net/mdimg/perfume-thumbs/dark-375x500.458.avif,perfume-images/458.avif,DOWNLOADED,image/avif
1113,207-CRD,HIMALAYIA,465,https://www.fragrantica.com/perfume/Creed/Himalaya-465.html,https://fimgs.net/mdimg/perfume-thumbs/dark-375x500.465.avif,perfume-images/465.avif,DOWNLOADED,image/avif
2702,1825-CRD,Millesime Imperial,466,https://www.fragrantica.com/perfume/Creed/Millesime-Imperial-466.html,https://fimgs.net/mdimg/perfume-thumbs/dark-375x500.466.avif,perfume-images/466.avif,DOWNLOADED,image/avif
3816,2227-CRD,Tabarome,470,https://www.fragrantica.com/perfume/Creed/Tabarome-470.html,https://fimgs.net/mdimg/perfume-thumbs/dark-375x500.470.avif,perfume-images/470.avif,DOWNLOADED,image/avif
1119,216-CRD,Spring Flower,471,https://www.fragrantica.com/perfume/Creed/Spring-Flower-471.html,https://fimgs.net/mdimg/perfume-thumbs/dark-375x500.471.avif,perfume-images/471.avif,DOWNLOADED,image/avif
4822,215-CRD,Silver Mountain Water,472,https://www.fragrantica.com/perfume/Creed/Silver-Mountain-Water-472.html,https://fimgs.net/mdimg/perfume-thumbs/dark-375x500.472.avif,perfume-images/472.avif,DOWNLOADED,image/avif
1117,214-CRD,Original Santal,473,https://www.fragrantica.com/perfume/Creed/Original-Santal-473.html,https://fimgs.net/mdimg/perfume-thumbs/dark-375x500.473.avif,perfume-images/473.avif,DOWNLOADED,image/avif
1114,210-CRD,GREEN IRISH TWEED,474,https://www.fragrantica.com/perfume/Creed/Green-Irish-Tweed-474.html,https://fimgs.net/mdimg/perfume-thumbs/dark-375x500.474.avif,perfume-images/474.avif,DOWNLOADED,image/avif
3565,2131-CRD,Neroli Sauvage,475,https://www.fragrantica.com/perfume/Creed/Neroli-Sauvage-475.html,https://fimgs.net/mdimg/perfume-thumbs/dark-375x500.475.avif,perfume-images/475.avif,DOWNLOADED,image/avif
3670,2177-SERG,UN BOIS VANILLE - SERGE LUTENS,478,https://www.fragrantica.com/perfume/Serge-Lutens/Un-Bois-Vanille-478.html,https://fimgs.net/mdimg/perfume-thumbs/dark-375x500.478.avif,perfume-images/478.avif,DOWNLOADED,image/avif
190,1098-DOL,Pour Homme 1994,483,https://www.fragrantica.com/perfume/Dolce-Gabbana/Dolce-Gabbana-pour-Homme-1994-483.html,https://fimgs.net/mdimg/perfume-thumbs/dark-375x500.483.avif,perfume-images/483.avif,DOWNLOADED,image/avif
659,570-DOL,(RED CUP),484,https://www.fragrantica.com/perfume/Dolce-Gabbana/D-G-484.html,https://fimgs.net/mdimg/perfume-thumbs/dark-375x500.484.avif,perfume-images/484.avif,DOWNLOADED,image/avif
647,557-DOL,LIGHT BLUE,485,https://www.fragrantica.com/perfume/Dolce-Gabbana/Light-Blue-485.html,https://fimgs.net/mdimg/perfume-thumbs/dark-375x500.485.avif,perfume-images/485.avif,DOWNLOADED,image/avif
187,1095-DOL,LIGHT BLUE MAN,485,https://www.fragrantica.com/perfume/Dolce-Gabbana/Light-Blue-485.html,https://fimgs.net/mdimg/perfume-thumbs/dark-375x500.485.avif,perfume-images/485.avif,DOWNLOADED,image/avif
654,565-DOL,SICILY,486,https://www.fragrantica.com/perfume/Dolce-Gabbana/Sicily-486.html,https://fimgs.net/mdimg/perfume-thumbs/dark-375x500.486.avif,perfume-images/486.avif,DOWNLOADED,image/avif
5082,2815-DOL,By for women,489,https://www.fragrantica.com/perfume/Dolce-Gabbana/By-489.html,https://fimgs.net/mdimg/perfume-thumbs/dark-375x500.489.avif,perfume-images/489.avif,DOWNLOADED,image/avif
185,1092-DOL,BY,490,https://www.fragrantica.com/perfume/Dolce-Gabbana/By-490.html,https://fimgs.net/mdimg/perfume-thumbs/dark-375x500.490.avif,perfume-images/490.avif,DOWNLOADED,image/avif
665,576-DON,black cashmere dkny,495,https://www.fragrantica.com/perfume/Donna-Karan/Black-Cashmere-495.html,https://fimgs.net/mdimg/perfume-thumbs/dark-375x500.495.avif,perfume-images/495.avif,DOWNLOADED,image/avif
666,577-DON,CASHMERE MIST - DKNY,496,https://www.fragrantica.com/perfume/Donna-Karan/Cashmere-Mist-496.html,https://fimgs.net/mdimg/perfume-thumbs/dark-375x500.496.avif,perfume-images/496.avif,DOWNLOADED,image/avif
2382,1504-DON,BE DELICIOUS ΜΑΙ ΤΑΙ - DKNY,498,https://www.fragrantica.com/perfume/Donna-Karan/DKNY-Be-Delicious-498.html,https://fimgs.net/mdimg/perfume-thumbs/dark-375x500.498.avif,perfume-images/498.avif,DOWNLOADED,image/avif
663,574-DON,BE DELICIOUS - DKNY,498,https://www.fragrantica.com/perfume/Donna-Karan/DKNY-Be-Delicious-498.html,https://fimgs.net/mdimg/perfume-thumbs/dark-375x500.498.avif,perfume-images/498.avif,DOWNLOADED,image/avif
590,494-CHA,Allure,502,https://www.fragrantica.com/perfume/Chanel/Allure-502.html,https://fimgs.net/mdimg/perfume-thumbs/dark-375x500.502.avif,perfume-images/502.avif,DOWNLOADED,image/avif
161,1064-CHA,ALLURE FOR MEN,502,https://www.fragrantica.com/perfume/Chanel/Allure-502.html,https://fimgs.net/mdimg/perfume-thumbs/dark-375x500.502.avif,perfume-images/502.avif,DOWNLOADED,image/avif
667,578-DON,DKNY,504,https://www.fragrantica.com/p/504,https://fimgs.net/mdimg/perfume-thumbs/dark-375x500.504.avif,perfume-images/504.avif,DOWNLOADED,image/avif
193,1102-DAV,man cool water davidoff,507,https://www.fragrantica.com/perfume/Davidoff/Cool-Water-507.html,https://fimgs.net/mdimg/perfume-thumbs/dark-375x500.507.avif,perfume-images/507.avif,DOWNLOADED,image/avif
660,571-DAV,woman cool water davidoff,508,https://www.fragrantica.com/perfume/Davidoff/Cool-Water-508.html,https://fimgs.net/mdimg/perfume-thumbs/dark-375x500.508.avif,perfume-images/508.avif,DOWNLOADED,image/avif
306,1225-PAC,BLACK XS for men,514,https://www.fragrantica.com/perfume/Rabanne/Black-XS-514.html,https://fimgs.net/mdimg/perfume-thumbs/dark-375x500.514.avif,perfume-images/514.avif,DOWNLOADED,image/avif
896,855-NIN,PREMIER JOUR,520,https://www.fragrantica.com/perfume/Nina-Ricci/Premier-jour-520.html,https://fimgs.net/mdimg/perfume-thumbs/dark-375x500.520.avif,perfume-images/520.avif,DOWNLOADED,image/avif
313,1235-PAC,ULTRAVIOLET for men,521,https://www.fragrantica.com/perfume/Paco-Rabanne/Ultraviolet-521.html,https://fimgs.net/mdimg/perfume-thumbs/dark-375x500.521.avif,perfume-images/521.avif,DOWNLOADED,image/avif
311,1232-PAC,,526,https://www.fragrantica.com/perfume/Rabanne/Paco-Rabanne-Pour-Homme-526.html,https://fimgs.net/mdimg/perfume-thumbs/dark-375x500.526.avif,perfume-images/526.avif,DOWNLOADED,image/avif
698,614-EST,BEAUTIFUL - ESTEE LAUDER,528,https://www.fragrantica.com/perfume/Estee-Lauder/Beautiful-528.html,https://fimgs.net/mdimg/perfume-thumbs/dark-375x500.528.avif,perfume-images/528.avif,DOWNLOADED,image/avif
699,616-EST,BEYOND PARADISE - ESTEE LAUDER,530,https://www.fragrantica.com/perfume/Estee-Lauder/Beyond-Paradise-530.html,https://fimgs.net/mdimg/perfume-thumbs/dark-375x500.530.avif,perfume-images/530.avif,DOWNLOADED,image/avif
210,1117-EST,INTUITION - ESTEE LAUDER,533,https://www.fragrantica.com/p/533,https://fimgs.net/mdimg/perfume-thumbs/dark-375x500.533.avif,perfume-images/533.avif,DOWNLOADED,image/avif
712,629-EST,PLEASURES - ESTEE LAUDER,536,https://www.fragrantica.com/perfume/Estee-Lauder/Pleasures-536.html,https://fimgs.net/mdimg/perfume-thumbs/dark-375x500.536.avif,perfume-images/536.avif,DOWNLOADED,image/avif
707,624-EST,INTUITION - ESTEE LAUDER,541,https://www.fragrantica.com/perfume/Estee-Lauder/Intuition-541.html,https://fimgs.net/mdimg/perfume-thumbs/dark-375x500.541.avif,perfume-images/541.avif,DOWNLOADED,image/avif
720,638-EST,WHITE LINEN - ESTEE LAUDER,542,https://www.fragrantica.com/perfume/Estee-Lauder/White-Linen-542.html,https://fimgs.net/mdimg/perfume-thumbs/dark-375x500.542.avif,perfume-images/542.avif,DOWNLOADED,image/avif
706,623-EST,ESTEE - ESTEE LAUDER,544,https://www.fragrantica.com/perfume/Estee-Lauder/Estee-544.html,https://fimgs.net/mdimg/perfume-thumbs/dark-375x500.544.avif,perfume-images/544.avif,DOWNLOADED,image/avif
705,622-EST,CINNABAR - ESTEE LAUDER,546,https://www.fragrantica.com/perfume/Estee-Lauder/Cinnabar-546.html,https://fimgs.net/mdimg/perfume-thumbs/dark-375x500.546.avif,perfume-images/546.avif,DOWNLOADED,image/avif
714,631-EST,PRIVATE COLLECTION - ESTEE LAUDER,547,https://www.fragrantica.com/perfume/Estee-Lauder/Private-Collection-547.html,https://fimgs.net/mdimg/perfume-thumbs/dark-375x500.547.avif,perfume-images/547.avif,DOWNLOADED,image/avif
708,625-EST,KNOWING - ESTEE LAUDER,548,https://www.fragrantica.com/perfume/Estee-Lauder/Knowing-548.html,https://fimgs.net/mdimg/perfume-thumbs/dark-375x500.548.avif,perfume-images/548.avif,DOWNLOADED,image/avif
2145,637-EST,SPELLBOUND - ESTEE LAUDER,552,https://www.fragrantica.com/perfume/Est-e-Lauder/SpellBound-552.html,https://fimgs.net/mdimg/perfume-thumbs/dark-375x500.552.avif,perfume-images/552.avif,DOWNLOADED,image/avif
4264,2534-ARM,Sensi,557,https://www.fragrantica.com/perfume/Giorgio-Armani/Sensi-557.html,https://fimgs.net/mdimg/perfume-thumbs/dark-375x500.557.avif,perfume-images/557.avif,DOWNLOADED,image/avif
362,1286-YZLO,OPIUM POUR HOMME,562,https://www.fragrantica.com/perfume/Yves-Saint-Laurent/Opium-Pour-Homme-562.html,https://fimgs.net/mdimg/perfume-thumbs/dark-375x500.562.avif,perfume-images/562.avif,DOWNLOADED,image/avif
254,1166-HUG,HUGO DARK BLUE - HUGO BOSS,564,https://www.fragrantica.com/perfume/Hugo-Boss/Hugo-Dark-Blue-564.html,https://fimgs.net/mdimg/perfume-thumbs/dark-375x500.564.avif,perfume-images/564.avif,DOWNLOADED,image/avif
3175,1167-HUG,HUGO - HUGO BOSS,570,https://www.fragrantica.com/perfume/Hugo-Boss/Hugo-570.html,https://fimgs.net/mdimg/perfume-thumbs/dark-375x500.570.avif,perfume-images/570.avif,DOWNLOADED,image/avif
252,1164-HUG,ELEMENTS - HUGO BOSS,571,https://www.fragrantica.com/perfume/Hugo-Boss/Boss-Elements-571.html,https://fimgs.net/mdimg/perfume-thumbs/dark-375x500.571.avif,perfume-images/571.avif,DOWNLOADED,image/avif
197,1106-DAV,zino davidoff,590,https://www.fragrantica.com/perfume/Davidoff/Zino-Davidoff-590.html,https://fimgs.net/mdimg/perfume-thumbs/dark-375x500.590.avif,perfume-images/590.avif,DOWNLOADED,image/avif
118,1016-AZZ,VISIT AZZARO,598,https://www.fragrantica.com/perfume/Azzaro/Visit-For-Men-598.html,https://fimgs.net/mdimg/perfume-thumbs/dark-375x500.598.avif,perfume-images/598.avif,DOWNLOADED,image/avif
114,1012-ARA,HAVANA,599,https://www.fragrantica.com/perfume/Aramis/Havana-599.html,https://fimgs.net/mdimg/perfume-thumbs/dark-375x500.599.avif,perfume-images/599.avif,DOWNLOADED,image/avif
524,418-BRI,FANTASY - BRITNEY SPEARS,600,https://www.fragrantica.com/perfume/Britney-Spears/Fantasy-600.html,https://fimgs.net/mdimg/perfume-thumbs/dark-375x500.600.avif,perfume-images/600.avif,DOWNLOADED,image/avif
1789,495-CHA,ALLURE SENSUELLE,606,https://www.fragrantica.com/perfume/Chanel/Allure-Sensuelle-606.html,https://fimgs.net/mdimg/perfume-thumbs/dark-375x500.606.avif,perfume-images/606.avif,DOWNLOADED,image/avif
162,1065-CHA,ALLURE HOMME SPORT,607,https://www.fragrantica.com/perfume/Chanel/Allure-Homme-Sport-607.html,https://fimgs.net/mdimg/perfume-thumbs/dark-375x500.607.avif,perfume-images/607.avif,DOWNLOADED,image/avif
597,502-CHA,No 5,608,https://www.fragrantica.com/perfume/Chanel/Chanel-N--5-608.html,https://fimgs.net/mdimg/perfume-thumbs/dark-375x500.608.avif,perfume-images/608.avif,DOWNLOADED,image/avif
600,505-CHA,COCO EAUDEPARFUM,609,https://www.fragrantica.com/p/609,https://fimgs.net/mdimg/perfume-thumbs/dark-375x500.609.avif,perfume-images/609.avif,DOWNLOADED,image/avif
592,497-CHA,CHANCE,610,https://www.fragrantica.com/perfume/Chanel/Chance-610.html,https://fimgs.net/mdimg/perfume-thumbs/dark-375x500.610.avif,perfume-images/610.avif,DOWNLOADED,image/avif
601,506-CHA,COCON MADEM,611,https://www.fragrantica.com/p/611,https://fimgs.net/mdimg/perfume-thumbs/dark-375x500.611.avif,perfume-images/611.avif,DOWNLOADED,image/avif
166,1069-CHA,Egoiste,613,https://www.fragrantica.com/perfume/Chanel/Egoiste-613.html,https://fimgs.net/mdimg/perfume-thumbs/dark-375x500.613.avif,perfume-images/613.avif,DOWNLOADED,image/avif
167,1070-CHA,EGOISTE PLATINUM,614,https://www.fragrantica.com/perfume/Chanel/Egoiste-Platinum-614.html,https://fimgs.net/mdimg/perfume-thumbs/dark-375x500.614.avif,perfume-images/614.avif,DOWNLOADED,image/avif
163,1066-CHA,Antaeus,616,https://www.fragrantica.com/perfume/Chanel/Antaeus-616.html,https://fimgs.net/mdimg/perfume-thumbs/dark-375x500.616.avif,perfume-images/616.avif,DOWNLOADED,image/avif
2612,1763-JILS,sun jil sander,618,https://www.fragrantica.com/perfume/Jil-Sander/Sun-618.html,https://fimgs.net/mdimg/perfume-thumbs/dark-375x500.618.avif,perfume-images/618.avif,DOWNLOADED,image/avif
4394,2604-JILS,Sun Men Jil Sander,619,https://www.fragrantica.com/perfume/Jil-Sander/Sun-Men-619.html,https://fimgs.net/mdimg/perfume-thumbs/dark-375x500.619.avif,perfume-images/619.avif,DOWNLOADED,image/avif
1913,802-LBI,venezia laura biagiotti aroma,625,https://www.fragrantica.com/perfume/Laura-Biagiotti/Venezia-625.html,https://fimgs.net/mdimg/perfume-thumbs/dark-375x500.625.avif,perfume-images/625.avif,DOWNLOADED,image/avif
2826,1756-LBI,roma laura biagiotti,628,https://www.fragrantica.com/perfume/Laura-Biagiotti/Roma-628.html,https://fimgs.net/mdimg/perfume-thumbs/dark-375x500.628.avif,perfume-images/628.avif,DOWNLOADED,image/avif
2285,1488-LBI,roma uomo laura biagiotti,629,https://www.fragrantica.com/p/629,https://fimgs.net/mdimg/perfume-thumbs/dark-375x500.629.avif,perfume-images/629.avif,DOWNLOADED,image/avif
975,944-VER,CRYSTAL NOIR,631,https://www.fragrantica.com/perfume/Versace/Crystal-Noir-631.html,https://fimgs.net/mdimg/perfume-thumbs/dark-375x500.631.avif,perfume-images/631.avif,DOWNLOADED,image/avif
974,943-VER,BRIGHT CRYSTAL,632,https://www.fragrantica.com/perfume/Versace/Bright-Crystal-632.html,https://fimgs.net/mdimg/perfume-thumbs/dark-375x500.632.avif,perfume-images/632.avif,DOWNLOADED,image/avif
348,1272-VER,BLUE JEANS,637,https://www.fragrantica.com/perfume/Versace/Blue-Jeans-637.html,https://fimgs.net/mdimg/perfume-thumbs/dark-375x500.637.avif,perfume-images/637.avif,DOWNLOADED,image/avif
4363,2529-VER,L'Homme,647,https://www.fragrantica.com/p/647,https://fimgs.net/mdimg/perfume-thumbs/dark-375x500.647.avif,perfume-images/647.avif,DOWNLOADED,image/avif
334,1257-SFER,ferragamo pour homme,659,https://www.fragrantica.com/p/659,https://fimgs.net/mdimg/perfume-thumbs/dark-375x500.659.avif,perfume-images/659.avif,DOWNLOADED,image/avif
2719,1840-JOO,all about eve joop,660,https://www.fragrantica.com/p/660,https://fimgs.net/mdimg/perfume-thumbs/dark-375x500.660.avif,perfume-images/660.avif,DOWNLOADED,image/avif
758,686-GUR,INSOLENCE - GUERLAIN,667,https://www.fragrantica.com/perfume/Guerlain/Insolence-667.html,https://fimgs.net/mdimg/perfume-thumbs/dark-375x500.667.avif,perfume-images/667.avif,DOWNLOADED,image/avif
2769,1863-LAC,POUR FEMME - LACOSTE,669,https://www.fragrantica.com/p/669,https://fimgs.net/mdimg/perfume-thumbs/dark-375x500.669.avif,perfume-images/669.avif,DOWNLOADED,image/avif
282,1197-LAC,LACOSTE HOMME,670,https://www.fragrantica.com/perfume/Lacoste-Fragrances/Lacoste-Pour-Homme-670.html,https://fimgs.net/mdimg/perfume-thumbs/dark-375x500.670.avif,perfume-images/670.avif,DOWNLOADED,image/avif
755,681-GUC,Rush,686,https://www.fragrantica.com/perfume/Gucci/Gucci-Rush-686.html,https://fimgs.net/mdimg/perfume-thumbs/dark-375x500.686.avif,perfume-images/686.avif,DOWNLOADED,image/avif
2759,1864-GUC,Rush 2,687,https://www.fragrantica.com/perfume/Gucci/Gucci-Rush-2-687.html,https://fimgs.net/mdimg/perfume-thumbs/dark-375x500.687.avif,perfume-images/687.avif,DOWNLOADED,image/avif
233,1143-GUC,Envy for Men,688,https://www.fragrantica.com/perfume/Gucci/Envy-for-Men-688.html,https://fimgs.net/mdimg/perfume-thumbs/dark-375x500.688.avif,perfume-images/688.avif,DOWNLOADED,image/avif
4492,1145-GUC,pour Homme (2003),691,https://www.fragrantica.com/perfume/Gucci/Gucci-pour-Homme-2003-691.html,https://fimgs.net/mdimg/perfume-thumbs/dark-375x500.691.avif,perfume-images/691.avif,DOWNLOADED,image/avif
3510,2112-GUC,Rush Man,693,https://www.fragrantica.com/perfume/Gucci/Gucci-Rush-for-Men-693.html,https://fimgs.net/mdimg/perfume-thumbs/dark-375x500.693.avif,perfume-images/693.avif,DOWNLOADED,image/avif
655,566-DOL,The One,698,https://www.fragrantica.com/perfume/Dolce-Gabbana/The-One-698.html,https://fimgs.net/mdimg/perfume-thumbs/dark-375x500.698.avif,perfume-images/698.avif,DOWNLOADED,image/avif
191,1099-DOL,The One,698,https://www.fragrantica.com/perfume/Dolce-Gabbana/The-One-698.html,https://fimgs.net/mdimg/perfume-thumbs/dark-375x500.698.avif,perfume-images/698.avif,DOWNLOADED,image/avif
740,664-GIV,ANGE OU DEMON,701,https://www.fragrantica.com/perfume/Givenchy/Ange-ou-Demon-701.html,https://fimgs.net/mdimg/perfume-thumbs/dark-375x500.701.avif,perfume-images/701.avif,DOWNLOADED,image/avif
955,920-TMU,ANGEL,704,https://www.fragrantica.com/perfume/Mugler/Angel-704.html,https://fimgs.net/mdimg/perfume-thumbs/dark-375x500.704.avif,perfume-images/704.avif,DOWNLOADED,image/avif
338,1262-TMU,ANGEL,704,https://www.fragrantica.com/perfume/Mugler/Angel-704.html,https://fimgs.net/mdimg/perfume-thumbs/dark-375x500.704.avif,perfume-images/704.avif,DOWNLOADED,image/avif
337,1260-TMU,A*MEN,705,https://www.fragrantica.com/perfume/Mugler/A-Men-705.html,https://fimgs.net/mdimg/perfume-thumbs/dark-375x500.705.avif,perfume-images/705.avif,DOWNLOADED,image/avif
2219,1261-TMU,B*MEN,706,https://www.fragrantica.com/perfume/Mugler/B-Men-706.html,https://fimgs.net/mdimg/perfume-thumbs/dark-375x500.706.avif,perfume-images/706.avif,DOWNLOADED,image/avif
3341,924-TMU,Innocent,709,https://www.fragrantica.com/perfume/Mugler/Innocent-709.html,https://fimgs.net/mdimg/perfume-thumbs/dark-375x500.709.avif,perfume-images/709.avif,DOWNLOADED,image/avif
4391,2602-TMU,Angel Garden Of Stars - Violette Angel,712,https://www.fragrantica.com/perfume/Mugler/Angel-Garden-Of-Stars-Violette-Angel-712.html,https://fimgs.net/mdimg/perfume-thumbs/dark-375x500.712.avif,perfume-images/712.avif,DOWNLOADED,image/avif
4389,2600-TMU,Angel Lily,714,https://www.fragrantica.com/p/714,https://fimgs.net/mdimg/perfume-thumbs/dark-375x500.714.avif,perfume-images/714.avif,DOWNLOADED,image/avif
785,718-ISS,L'EAU D' ISSEY,720,https://www.fragrantica.com/perfume/Issey-Miyake/L-eau-d-Issey-720.html,https://fimgs.net/mdimg/perfume-thumbs/dark-375x500.720.avif,perfume-images/720.avif,DOWNLOADED,image/avif
784,717-ISS,CLASSIC - ISSEY MIYAKE,720,https://www.fragrantica.com/perfume/Issey-Miyake/L-eau-d-Issey-720.html,https://fimgs.net/mdimg/perfume-thumbs/dark-375x500.720.avif,perfume-images/720.avif,DOWNLOADED,image/avif
875,831-MOS,CHEAP & CHIC - MOSCHINO,727,https://www.fragrantica.com/perfume/Moschino/Cheap-Chic-727.html,https://fimgs.net/mdimg/perfume-thumbs/dark-375x500.727.avif,perfume-images/727.avif,DOWNLOADED,image/avif
876,832-MOS,CHEAP & CHIC I LOVE LOVE - MOSCHINO,728,https://www.fragrantica.com/perfume/Moschino/Cheap-Chic-I-Love-Love-728.html,https://fimgs.net/mdimg/perfume-thumbs/dark-375x500.728.avif,perfume-images/728.avif,DOWNLOADED,image/avif
302,1221-MOS,UOMO? - MOSCHINO,730,https://www.fragrantica.com/perfume/Moschino/Uomo-730.html,https://fimgs.net/mdimg/perfume-thumbs/dark-375x500.730.avif,perfume-images/730.avif,DOWNLOADED,image/avif
354,1278-YZLO,KOUROS,735,https://www.fragrantica.com/perfume/Yves-Saint-Laurent/Kouros-735.html,https://fimgs.net/mdimg/perfume-thumbs/dark-375x500.735.avif,perfume-images/735.avif,DOWNLOADED,image/avif
353,1277-YZLO,BODY KOUROS,736,https://www.fragrantica.com/perfume/Yves-Saint-Laurent/Body-Kouros-736.html,https://fimgs.net/mdimg/perfume-thumbs/dark-375x500.736.avif,perfume-images/736.avif,DOWNLOADED,image/avif
739,663-GIV,Amarige Mariage,757,https://www.fragrantica.com/perfume/Givenchy/Amarige-Mariage-757.html,https://fimgs.net/mdimg/perfume-thumbs/dark-375x500.757.avif,perfume-images/757.avif,DOWNLOADED,image/avif
939,904-SALV,dali parfum salvador dali,765,https://www.fragrantica.com/perfume/Salvador-Dali/Salvador-Dali-765.html,https://fimgs.net/mdimg/perfume-thumbs/dark-375x500.765.avif,perfume-images/765.avif,DOWNLOADED,image/avif
1919,903-SALV,notes LAGUNA - SALVADOR DALI,768,https://www.fragrantica.com/perfume/Salvador-Dali/Laguna-768.html,https://fimgs.net/mdimg/perfume-thumbs/dark-375x500.768.avif,perfume-images/768.avif,DOWNLOADED,image/avif
550,445-BLG,OMNIA AMETHYST,780,https://www.fragrantica.com/perfume/Bvlgari/Omnia-Amethyste-780.html,https://fimgs.net/mdimg/perfume-thumbs/dark-375x500.780.avif,perfume-images/780.avif,DOWNLOADED,image/avif
2104,1017-AZZ,CHROME,788,https://www.fragrantica.com/perfume/Azzaro/Chrome-788.html,https://fimgs.net/mdimg/perfume-thumbs/dark-375x500.788.avif,perfume-images/788.avif,DOWNLOADED,image/avif
146,1047-CAL,EUPHORIA MEN - CALVIN KLEIN,799,https://www.fragrantica.com/perfume/Calvin-Klein/Euphoria-Men-799.html,https://fimgs.net/mdimg/perfume-thumbs/dark-375x500.799.avif,perfume-images/799.avif,DOWNLOADED,image/avif
532,426-BRB,BURBERRY LONDON,813,https://www.fragrantica.com/perfume/Burberry/London-813.html,https://fimgs.net/mdimg/perfume-thumbs/dark-375x500.813.avif,perfume-images/813.avif,DOWNLOADED,image/avif
128,1027-BRB,LONDON,813,https://www.fragrantica.com/perfume/Burberry/London-813.html,https://fimgs.net/mdimg/perfume-thumbs/dark-375x500.813.avif,perfume-images/813.avif,DOWNLOADED,image/avif
537,431-BRB,BURBERRY TOUCH,814,https://www.fragrantica.com/p/814,https://fimgs.net/mdimg/perfume-thumbs/dark-375x500.814.avif,perfume-images/814.avif,DOWNLOADED,image/avif
134,1033-BRB,Touch for Men,815,https://www.fragrantica.com/perfume/Burberry/Touch-for-Men-815.html,https://fimgs.net/mdimg/perfume-thumbs/dark-375x500.815.avif,perfume-images/815.avif,DOWNLOADED,image/avif
530,424-BRB,BURBERRY CLASSIC,818,https://www.fragrantica.com/perfume/Burberry/Burberry-Women-818.html,https://fimgs.net/mdimg/perfume-thumbs/dark-375x500.818.avif,perfume-images/818.avif,DOWNLOADED,image/avif
529,423-BRB,BURBERRY BRIT,819,https://www.fragrantica.com/perfume/Burberry/Burberry-Brit-819.html,https://fimgs.net/mdimg/perfume-thumbs/dark-375x500.819.avif,perfume-images/819.avif,DOWNLOADED,image/avif
826,771-LAP,silver rain la prairie,823,https://www.fragrantica.com/perfume/La-Prairie/Silver-Rain-823.html,https://fimgs.net/mdimg/perfume-thumbs/dark-375x500.823.avif,perfume-images/823.avif,DOWNLOADED,image/avif
825,770-LAP,midnight rain la prairie,824,https://www.fragrantica.com/perfume/La-Prairie/Midnight-Rain-824.html,https://fimgs.net/mdimg/perfume-thumbs/dark-375x500.824.avif,perfume-images/824.avif,DOWNLOADED,image/avif
2762,1518-RAL,ROMANCE,825,https://www.fragrantica.com/perfume/Ralph-Lauren/Romance-825.html,https://fimgs.net/mdimg/perfume-thumbs/dark-375x500.825.avif,perfume-images/825.avif,DOWNLOADED,image/avif
116,1014-AZZ,CLASSIC,829,https://www.fragrantica.com/perfume/Azzaro/Azzaro-pour-Homme-829.html,https://fimgs.net/mdimg/perfume-thumbs/dark-375x500.829.avif,perfume-images/829.avif,DOWNLOADED,image/avif
297,1215-MNTB,PRESENCE - MONT BLANC,832,https://www.fragrantica.com/perfume/Montblanc/Presence-832.html,https://fimgs.net/mdimg/perfume-thumbs/dark-375x500.832.avif,perfume-images/832.avif,DOWNLOADED,image/avif
873,829-MNTB,FEMME - MONT BLANC,833,https://www.fragrantica.com/perfume/Mont-Blanc/Femme-de-Montblanc-833.html,https://fimgs.net/mdimg/perfume-thumbs/dark-375x500.833.avif,perfume-images/833.avif,DOWNLOADED,image/avif
933,895-RCAV,SERPENTINE - CAVALLI,837,https://www.fragrantica.com/perfume/Roberto-Cavalli/Serpentine-837.html,https://fimgs.net/mdimg/perfume-thumbs/dark-375x500.837.avif,perfume-images/837.avif,DOWNLOADED,image/avif
329,1252-RCAV,BLACK - ROBERTO CAVALLI,838,https://www.fragrantica.com/perfume/Roberto-Cavalli/Roberto-Cavalli-Black-838.html,https://fimgs.net/mdimg/perfume-thumbs/dark-375x500.838.avif,perfume-images/838.avif,DOWNLOADED,image/avif
2393,1660-ESCE,MOLECULE 01,845,https://www.fragrantica.com/p/845,https://fimgs.net/mdimg/perfume-thumbs/dark-375x500.845.avif,perfume-images/845.avif,DOWNLOADED,image/avif
1134,232-ESCE,ESCENTRIC 01 - ESCENTRIC MOLECULES,846,https://www.fragrantica.com/perfume/Escentric-Molecules/Escentric-01-846.html,https://fimgs.net/mdimg/perfume-thumbs/dark-375x500.846.avif,perfume-images/846.avif,DOWNLOADED,image/avif
930,892-RCAV,JUST HER - ROBERTO CAVALLI,847,https://www.fragrantica.com/perfume/Roberto-Cavalli/Just-Cavalli-Her-847.html,https://fimgs.net/mdimg/perfume-thumbs/dark-375x500.847.avif,perfume-images/847.avif,DOWNLOADED,image/avif
331,1254-RCAV,JUST HIM - ROBERTO CAVALLI,848,https://www.fragrantica.com/perfume/Roberto-Cavalli/Just-Cavalli-Him-848.html,https://fimgs.net/mdimg/perfume-thumbs/dark-375x500.848.avif,perfume-images/848.avif,DOWNLOADED,image/avif
230,1140-GIV,INSENSE ULTRAMARINE,858,https://www.fragrantica.com/perfume/Givenchy/Insense-Ultramarine-858.html,https://fimgs.net/mdimg/perfume-thumbs/dark-375x500.858.avif,perfume-images/858.avif,DOWNLOADED,image/avif
2611,1765-JEN,miami glow lopez,870,https://www.fragrantica.com/p/870,https://fimgs.net/mdimg/perfume-thumbs/dark-375x500.870.avif,perfume-images/870.avif,DOWNLOADED,image/avif
965,931-TRU,INSIDE,883,https://www.fragrantica.com/perfume/Trussardi/Trussardi-Inside-for-women-883.html,https://fimgs.net/mdimg/perfume-thumbs/dark-375x500.883.avif,perfume-images/883.avif,DOWNLOADED,image/avif
681,593-ELZT,white diamonds elizabeth taylor,887,https://www.fragrantica.com/p/887,https://fimgs.net/mdimg/perfume-thumbs/dark-375x500.887.avif,perfume-images/887.avif,DOWNLOADED,image/avif
326,1249-RAL,POLO SPORT,894,https://www.fragrantica.com/perfume/Ralph-Lauren/Polo-Sport-894.html,https://fimgs.net/mdimg/perfume-thumbs/dark-375x500.894.avif,perfume-images/894.avif,DOWNLOADED,image/avif
4360,2533-RAL,Safari,897,https://www.fragrantica.com/perfume/Ralph-Lauren/Safari-897.html,https://fimgs.net/mdimg/perfume-thumbs/dark-375x500.897.avif,perfume-images/897.avif,DOWNLOADED,image/avif
327,1250-RAL,SAFARI,897,https://www.fragrantica.com/perfume/Ralph-Lauren/Safari-897.html,https://fimgs.net/mdimg/perfume-thumbs/dark-375x500.897.avif,perfume-images/897.avif,DOWNLOADED,image/avif
682,594-EMAN,DIVA - EMANOUEL UNGARO,901,https://www.fragrantica.com/p/901,https://fimgs.net/mdimg/perfume-thumbs/dark-375x500.901.avif,perfume-images/901.avif,DOWNLOADED,image/avif
883,840-NAO,NAOMI - CAMPBELL,905,https://www.fragrantica.com/perfume/Naomi-Campbell/Naomi-Campbell-905.html,https://fimgs.net/mdimg/perfume-thumbs/dark-375x500.905.avif,perfume-images/905.avif,DOWNLOADED,image/avif
2307,1525-AMG,REFLECTION WOMAN,919,https://www.fragrantica.com/perfume/Amouage/Reflection-Woman-919.html,https://fimgs.net/mdimg/perfume-thumbs/dark-375x500.919.avif,perfume-images/919.avif,DOWNLOADED,image/avif
3564,2130-AMG,REFLECTION MAN - AMOUAGE,920,https://www.fragrantica.com/perfume/Amouage/Reflection-Man-920.html,https://fimgs.net/mdimg/perfume-thumbs/dark-375x500.920.avif,perfume-images/920.avif,DOWNLOADED,image/avif
305,1224-APO,SCULPTURE - NIKOS APOSTOLOPOULOS,925,https://www.fragrantica.com/perfume/Nikos/Sculpture-Homme-925.html,https://fimgs.net/mdimg/perfume-thumbs/dark-375x500.925.avif,perfume-images/925.avif,DOWNLOADED,image/avif
535,429-BRB,BURBERRY SUMMER WOMEN,930,https://www.fragrantica.com/perfume/Burberry/Burberry-Summer-930.html,https://fimgs.net/mdimg/perfume-thumbs/dark-375x500.930.avif,perfume-images/930.avif,DOWNLOADED,image/avif
4964,2755-ZEG,Essenza di Zegna,949,https://www.fragrantica.com/p/949,https://fimgs.net/mdimg/perfume-thumbs/dark-375x500.949.avif,perfume-images/949.avif,DOWNLOADED,image/avif
1209,312-MOL,black pepper molton brown,951,https://www.fragrantica.com/perfume/Molton-Brown/Black-Pepper-951.html,https://fimgs.net/mdimg/perfume-thumbs/dark-375x500.951.avif,perfume-images/951.avif,DOWNLOADED,image/avif
940,902-SALV,dalissime salvador dali,970,https://www.fragrantica.com/perfume/Salvador-Dali/Dalissime-970.html,https://fimgs.net/mdimg/perfume-thumbs/dark-375x500.970.avif,perfume-images/970.avif,DOWNLOADED,image/avif
509,398-AQU,PINK SUGAR - AQUOLINA,975,https://www.fragrantica.com/perfume/Aquolina/Pink-Sugar-975.html,https://fimgs.net/mdimg/perfume-thumbs/dark-375x500.975.avif,perfume-images/975.avif,DOWNLOADED,image/avif
173,1077-DRC,FAHRENEIT 32,987,https://www.fragrantica.com/perfume/Dior/Fahrenheit-32-987.html,https://fimgs.net/mdimg/perfume-thumbs/dark-375x500.987.avif,perfume-images/987.avif,DOWNLOADED,image/avif
846,799-LANV,ECLAT D'ARPEGE,988,https://www.fragrantica.com/perfume/Lanvin/Eclat-d-Arpege-988.html,https://fimgs.net/mdimg/perfume-thumbs/dark-375x500.988.avif,perfume-images/988.avif,DOWNLOADED,image/avif
285,1200-LAN,HYPNOSE HOMME,992,https://www.fragrantica.com/perfume/Lancome/Hypnose-Homme-992.html,https://fimgs.net/mdimg/perfume-thumbs/dark-375x500.992.avif,perfume-images/992.avif,DOWNLOADED,image/avif
946,910-SARJ,lovely sara jessica parker,993,https://www.fragrantica.com/perfume/Sarah-Jessica-Parker/Lovely-993.html,https://fimgs.net/mdimg/perfume-thumbs/dark-375x500.993.avif,perfume-images/993.avif,DOWNLOADED,image/avif
538,1496-BRB,BURBERRY WEEKEND,1000,https://www.fragrantica.com/perfume/Burberry/Weekend-for-Women-1000.html,https://fimgs.net/mdimg/perfume-thumbs/dark-375x500.1000.avif,perfume-images/1000.avif,DOWNLOADED,image/avif
949,913-SIS,eau du soir sisley,1002,https://www.fragrantica.com/perfume/Sisley/Eau-du-Soir-1002.html,https://fimgs.net/mdimg/perfume-thumbs/dark-375x500.1002.avif,perfume-images/1002.avif,DOWNLOADED,image/avif
907,867-PAL,paloma picasso,1009,https://www.fragrantica.com/perfume/Paloma-Picasso/Paloma-Picasso-1009.html,https://fimgs.net/mdimg/perfume-thumbs/dark-375x500.1009.avif,perfume-images/1009.avif,DOWNLOADED,image/avif
892,850-NIN,L'AIR DU TEMPS,1014,https://www.fragrantica.com/perfume/Nina-Ricci/L-Air-du-Temps-1014.html,https://fimgs.net/mdimg/perfume-thumbs/dark-375x500.1014.avif,perfume-images/1014.avif,DOWNLOADED,image/avif
1234,340-TMFO,BLACK ORCHID,1018,https://www.fragrantica.com/perfume/Tom-Ford/Black-Orchid-1018.html,https://fimgs.net/mdimg/perfume-thumbs/dark-375x500.1018.avif,perfume-images/1018.avif,DOWNLOADED,image/avif
4331,2527-GUR,Angelique Noire,1021,https://www.fragrantica.com/perfume/Guerlain/Angelique-Noire-1021.html,https://fimgs.net/mdimg/perfume-thumbs/dark-375x500.1021.avif,perfume-images/1021.avif,DOWNLOADED,image/avif
2385,1648-FRE,CARNAL FLOWER,1024,https://www.fragrantica.com/perfume/Frederic-Malle/Carnal-Flower-1024.html,https://fimgs.net/mdimg/perfume-thumbs/dark-375x500.1024.avif,perfume-images/1024.avif,DOWNLOADED,image/avif
360,1284-YZLO,M7,1031,https://www.fragrantica.com/perfume/Yves-Saint-Laurent/M7-1031.html,https://fimgs.net/mdimg/perfume-thumbs/dark-375x500.1031.avif,perfume-images/1031.avif,DOWNLOADED,image/avif
363,1287-YZLO,Rive Gauche pour Homme,1032,https://www.fragrantica.com/perfume/Yves-Saint-Laurent/Rive-Gauche-pour-Homme-1032.html,https://fimgs.net/mdimg/perfume-thumbs/dark-375x500.1032.avif,perfume-images/1032.avif,DOWNLOADED,image/avif
691,604-ESC,MAGNETISM - ESCADA,1036,https://www.fragrantica.com/p/1036,https://fimgs.net/mdimg/perfume-thumbs/dark-375x500.1036.avif,perfume-images/1036.avif,DOWNLOADED,image/avif
968,935-TRU,SKIN,1038,https://www.fragrantica.com/perfume/Trussardi/Trussardi-Skin-1038.html,https://fimgs.net/mdimg/perfume-thumbs/dark-375x500.1038.avif,perfume-images/1038.avif,DOWNLOADED,image/avif
920,882-PRA,PRADA AMBER MAN,1044,https://www.fragrantica.com/perfume/Prada/Prada-Amber-Pour-Homme-Prada-Man-1044.html,https://fimgs.net/mdimg/perfume-thumbs/dark-375x500.1044.avif,perfume-images/1044.avif,DOWNLOADED,image/avif
322,1245-PRA,PRADA AMBER,1045,https://www.fragrantica.com/perfume/Prada/Prada-Amber-1045.html,https://fimgs.net/mdimg/perfume-thumbs/dark-375x500.1045.avif,perfume-images/1045.avif,DOWNLOADED,image/avif
152,1054-CAR,212 SEXY MEN,1054,https://www.fragrantica.com/perfume/Carolina-Herrera/212-Sexy-Men-1054.html,https://fimgs.net/mdimg/perfume-thumbs/dark-375x500.1054.avif,perfume-images/1054.avif,DOWNLOADED,image/avif
749,673-GRS,cabotin gres,1061,https://www.fragrantica.com/perfume/Gres/Cabotine-1061.html,https://fimgs.net/mdimg/perfume-thumbs/dark-375x500.1061.avif,perfume-images/1061.avif,DOWNLOADED,image/avif
304,1223-NRO,NARCISO POUR HOMME - RODRIGUEZ,1063,https://www.fragrantica.com/perfume/Narciso-Rodriguez/Narciso-Rodriguez-for-Him-1063.html,https://fimgs.net/mdimg/perfume-thumbs/dark-375x500.1063.avif,perfume-images/1063.avif,DOWNLOADED,image/avif
224,1132-ARM,ATTITUDE,1067,https://www.fragrantica.com/p/1067,https://fimgs.net/mdimg/perfume-thumbs/dark-375x500.1067.avif,perfume-images/1067.avif,DOWNLOADED,image/avif
871,827-MISN,MISSONI - MISSONI,1069,https://www.fragrantica.com/perfume/Missoni/Missoni-1069.html,https://fimgs.net/mdimg/perfume-thumbs/dark-375x500.1069.avif,perfume-images/1069.avif,DOWNLOADED,image/avif
347,1271-VAN,tsar van cleef arpels,1098,https://www.fragrantica.com/perfume/Van-Cleef-Arpels/Tsar-1098.html,https://fimgs.net/mdimg/perfume-thumbs/dark-375x500.1098.avif,perfume-images/1098.avif,DOWNLOADED,image/avif
972,941-VAN,feerie sping blossom van cleef arpels,1102,https://www.fragrantica.com/perfume/Van-Cleef-Arpels/Van-Cleef-1102.html,https://fimgs.net/mdimg/perfume-thumbs/dark-375x500.1102.avif,perfume-images/1102.avif,DOWNLOADED,image/avif
759,688-GUR,L'INSTANT MAGIC - GUERLAIN,1106,https://www.fragrantica.com/perfume/Guerlain/L-Instant-Magic-1106.html,https://fimgs.net/mdimg/perfume-thumbs/dark-375x500.1106.avif,perfume-images/1106.avif,DOWNLOADED,image/avif
3527,2040-AMG,Dia Woman,1109,https://www.fragrantica.com/perfume/Amouage/Dia-Woman-1109.html,https://fimgs.net/mdimg/perfume-thumbs/dark-375x500.1109.avif,perfume-images/1109.avif,DOWNLOADED,image/avif
127,1026-BRB,Brit,1115,https://www.fragrantica.com/perfume/Burberry/Burberry-Brit-for-Men-1115.html,https://fimgs.net/mdimg/perfume-thumbs/dark-375x500.1115.avif,perfume-images/1115.avif,DOWNLOADED,image/avif
899,858-PAC,BLACK XS FOR HER,1138,https://www.fragrantica.com/perfume/Rabanne/Black-XS-for-Her-1138.html,https://fimgs.net/mdimg/perfume-thumbs/dark-375x500.1138.avif,perfume-images/1138.avif,DOWNLOADED,image/avif
2741,317-MNT,BLACK AOUD - MONTALE,1142,https://www.fragrantica.com/perfume/Montale/Black-Aoud-1142.html,https://fimgs.net/mdimg/perfume-thumbs/dark-375x500.1142.avif,perfume-images/1142.avif,DOWNLOADED,image/avif
2631,1758-MNT,ROSES MUSK - MONTALE,1148,https://www.fragrantica.com/perfume/Montale/Roses-Musk-1148.html,https://fimgs.net/mdimg/perfume-thumbs/dark-375x500.1148.avif,perfume-images/1148.avif,DOWNLOADED,image/avif
2078,677-GUC,G by G,1150,https://www.fragrantica.com/perfume/Gucci/Gucci-by-Gucci-1150.html,https://fimgs.net/mdimg/perfume-thumbs/dark-375x500.1150.avif,perfume-images/1150.avif,DOWNLOADED,image/avif
2216,609-ESC,sentiment escada,1179,https://www.fragrantica.com/p/1179,https://fimgs.net/mdimg/perfume-thumbs/dark-375x500.1179.avif,perfume-images/1179.avif,DOWNLOADED,image/avif
2825,1743-LBI,sotto voce biagiotti,1185,https://www.fragrantica.com/perfume/Laura-Biagiotti/Sotto-Voce-1185.html,https://fimgs.net/mdimg/perfume-thumbs/dark-375x500.1185.avif,perfume-images/1185.avif,DOWNLOADED,image/avif
323,1246-RAL,POLO BLUE,1198,https://www.fragrantica.com/perfume/Ralph-Lauren/Polo-Blue-1198.html,https://fimgs.net/mdimg/perfume-thumbs/dark-375x500.1198.avif,perfume-images/1198.avif,DOWNLOADED,image/avif
878,835-MOS,FUNNY MOSCHINO,1215,https://www.fragrantica.com/perfume/Moschino/Moschino-Funny-1215.html,https://fimgs.net/mdimg/perfume-thumbs/dark-375x500.1215.avif,perfume-images/1215.avif,DOWNLOADED,image/avif
271,1184-JOO,αρωματα τυπου joop,1251,https://www.fragrantica.com/p/1251,https://fimgs.net/mdimg/perfume-thumbs/dark-375x500.1251.avif,perfume-images/1251.avif,DOWNLOADED,image/avif
824,1195-LART,PREMIER FIGUIER,1261,https://www.fragrantica.com/perfume/L-Artisan-Parfumeur/Premier-Figuier-1261.html,https://fimgs.net/mdimg/perfume-thumbs/dark-375x500.1261.avif,perfume-images/1261.avif,DOWNLOADED,image/avif
280,769-LART,PREMIER FIGUIER,1261,https://www.fragrantica.com/perfume/L-Artisan-Parfumeur/Premier-Figuier-1261.html,https://fimgs.net/mdimg/perfume-thumbs/dark-375x500.1261.avif,perfume-images/1261.avif,DOWNLOADED,image/avif
562,462-CAC,LOULOU,1276,https://www.fragrantica.com/perfume/Cacharel/LouLou-1276.html,https://fimgs.net/mdimg/perfume-thumbs/dark-375x500.1276.avif,perfume-images/1276.avif,DOWNLOADED,image/avif
626,533-DRC,MIDNIGHT POISON,1282,https://www.fragrantica.com/perfume/Dior/Midnight-Poison-1282.html,https://fimgs.net/mdimg/perfume-thumbs/dark-375x500.1282.avif,perfume-images/1282.avif,DOWNLOADED,image/avif
3818,2224-ARM,DIAMONDS WOMAN,1292,https://www.fragrantica.com/p/1292,https://fimgs.net/mdimg/perfume-thumbs/dark-375x500.1292.avif,perfume-images/1292.avif,DOWNLOADED,image/avif
226,1134-ARM,DIAMONDS,1292,https://www.fragrantica.com/perfume/Giorgio-Armani/Emporio-Armani-Diamonds-1292.html,https://fimgs.net/mdimg/perfume-thumbs/dark-375x500.1292.avif,perfume-images/1292.avif,DOWNLOADED,image/avif
2124,112-BON,BLEECKER STREET - BOND,1301,https://www.fragrantica.com/perfume/Bond-No-9/Bleecker-Street-1301.html,https://fimgs.net/mdimg/perfume-thumbs/dark-375x500.1301.avif,perfume-images/1301.avif,DOWNLOADED,image/avif
2206,703-HER,KELLY CALECHE - HERMES,1335,https://www.fragrantica.com/perfume/Hermes/Kelly-Caleche-1335.html,https://fimgs.net/mdimg/perfume-thumbs/dark-375x500.1335.avif,perfume-images/1335.avif,DOWNLOADED,image/avif
4159,2415-ESC,SEXY GRAFFITY - ESCADA,1352,https://www.fragrantica.com/perfume/Escada/Sexy-Graffiti-1352.html,https://fimgs.net/mdimg/perfume-thumbs/dark-375x500.1352.avif,perfume-images/1352.avif,DOWNLOADED,image/avif
598,503-CHA,No 5 EAU PREMIER,1360,https://www.fragrantica.com/perfume/Chanel/Chanel-N05-Eau-Premiere-1360.html,https://fimgs.net/mdimg/perfume-thumbs/dark-375x500.1360.avif,perfume-images/1360.avif,DOWNLOADED,image/avif
855,811-MAR,DAISY - MARC JACOBS,1361,https://www.fragrantica.com/perfume/Marc-Jacobs/Daisy-1361.html,https://fimgs.net/mdimg/perfume-thumbs/dark-375x500.1361.avif,perfume-images/1361.avif,DOWNLOADED,image/avif
692,606-ESC,MARGARETHA LEY (CLASSIC) - ESCADA,1365,https://www.fragrantica.com/p/1365,https://fimgs.net/mdimg/perfume-thumbs/dark-375x500.1365.avif,perfume-images/1365.avif,DOWNLOADED,image/avif
3364,1958-DRC,1958 drc mix 1838 tau,1377,https://www.fragrantica.com/perfume/Dior/Bois-D-argent-1377.html,https://fimgs.net/mdimg/perfume-thumbs/dark-375x500.1377.avif,perfume-images/1377.avif,DOWNLOADED,image/avif
3336,1958-DRC,BOIS D'ARGENT,1377,https://www.fragrantica.com/perfume/Dior/Bois-D-argent-1377.html,https://fimgs.net/mdimg/perfume-thumbs/dark-375x500.1377.avif,perfume-images/1377.avif,DOWNLOADED,image/avif
333,1256-ROC,ROCHAS MAN,1426,https://www.fragrantica.com/perfume/Rochas/Rochas-Man-1426.html,https://fimgs.net/mdimg/perfume-thumbs/dark-375x500.1426.avif,perfume-images/1426.avif,DOWNLOADED,image/avif
935,898-ROC,AQUA WOMAN - ROCHAS,1427,https://www.fragrantica.com/perfume/Rochas/Aquawoman-1427.html,https://fimgs.net/mdimg/perfume-thumbs/dark-375x500.1427.avif,perfume-images/1427.avif,DOWNLOADED,image/avif
160,1063-CER,cerruti pour homme,1441,https://www.fragrantica.com/perfume/Cerruti/Cerruti-Pour-Homme-1441.html,https://fimgs.net/mdimg/perfume-thumbs/dark-375x500.1441.avif,perfume-images/1441.avif,DOWNLOADED,image/avif
263,1175-JAC,paradox for men jacomo,1454,https://www.fragrantica.com/p/1454,https://fimgs.net/mdimg/perfume-thumbs/dark-375x500.1454.avif,perfume-images/1454.avif,DOWNLOADED,image/avif
979,948-VIC,FLOWER BOMB,1460,https://www.fragrantica.com/perfume/Viktor-Rolf/Flowerbomb-1460.html,https://fimgs.net/mdimg/perfume-thumbs/dark-375x500.1460.avif,perfume-images/1460.avif,DOWNLOADED,image/avif
1926,1482-VIC,ANTIDOTE,1461,https://www.fragrantica.com/perfume/Viktor-Rolf/Antidote-1461.html,https://fimgs.net/mdimg/perfume-thumbs/dark-375x500.1461.avif,perfume-images/1461.avif,DOWNLOADED,image/avif
593,498-CHA,CHANCE EAU FRAICHE,1483,https://www.fragrantica.com/perfume/Chanel/Chance-Eau-Fraiche-1483.html,https://fimgs.net/mdimg/perfume-thumbs/dark-375x500.1483.avif,perfume-images/1483.avif,DOWNLOADED,image/avif
948,912-SHIS,zen shiseido,1499,https://www.fragrantica.com/perfume/Shiseido/Zen-1499.html,https://fimgs.net/mdimg/perfume-thumbs/dark-375x500.1499.avif,perfume-images/1499.avif,DOWNLOADED,image/avif
314,1237-PIN,pino silvester,1522,https://www.fragrantica.com/perfume/Pino-Silvestre/Pino-Silvestre-Original-1522.html,https://fimgs.net/mdimg/perfume-thumbs/dark-375x500.1522.avif,perfume-images/1522.avif,DOWNLOADED,image/avif
2984,1921-VIV,BOUDOIR - VIVIENNE WESTWOOD,1532,https://www.fragrantica.com/perfume/Vivienne-Westwood/Boudoir-1532.html,https://fimgs.net/mdimg/perfume-thumbs/dark-375x500.1532.avif,perfume-images/1532.avif,DOWNLOADED,image/avif
1004,980-YZLO,ELLE,1574,https://www.fragrantica.com/perfume/Yves-Saint-Laurent/Elle-1574.html,https://fimgs.net/mdimg/perfume-thumbs/dark-375x500.1574.avif,perfume-images/1574.avif,DOWNLOADED,image/avif
973,942-VERW,PRINCESS,1596,https://www.fragrantica.com/perfume/Vera-Wang/Princess-1596.html,https://fimgs.net/mdimg/perfume-thumbs/dark-375x500.1596.avif,perfume-images/1596.avif,DOWNLOADED,image/avif
879,836-MOS,L'EAU CHEAP & CHIC - MOSCHINO,1616,https://www.fragrantica.com/perfume/Moschino/L-Eau-Cheap-and-Chic-1616.html,https://fimgs.net/mdimg/perfume-thumbs/dark-375x500.1616.avif,perfume-images/1616.avif,DOWNLOADED,image/avif
277,1192-KEN,TOKYO,1673,https://www.fragrantica.com/p/1673,https://fimgs.net/mdimg/perfume-thumbs/dark-375x500.1673.avif,perfume-images/1673.avif,DOWNLOADED,image/avif
4623,1654-ACQ,Colonia 1916,1681,https://www.fragrantica.com/p/1681,https://fimgs.net/mdimg/perfume-thumbs/dark-375x500.1681.avif,perfume-images/1681.avif,DOWNLOADED,image/avif
108,1005-ACQ,COLONIA INTENSA,1684,https://www.fragrantica.com/perfume/Acqua-di-Parma/Colonia-Intensa-1684.html,https://fimgs.net/mdimg/perfume-thumbs/dark-375x500.1684.avif,perfume-images/1684.avif,DOWNLOADED,image/avif
4154,2417-ACQ,ARANCIA DI CAPRI,1685,https://www.fragrantica.com/p/1685,https://fimgs.net/mdimg/perfume-thumbs/dark-375x500.1685.avif,perfume-images/1685.avif,DOWNLOADED,image/avif
501,1493-ACQ,FICO DI AMALFI,1687,https://www.fragrantica.com/p/1687,https://fimgs.net/mdimg/perfume-thumbs/dark-375x500.1687.avif,perfume-images/1687.avif,DOWNLOADED,image/avif
502,390-ACQ,Mandorlo di Sicilia,1688,https://www.fragrantica.com/perfume/Acqua-di-Parma/Acqua-di-Parma-Blu-Mediterraneo-Mandorlo-di-Sicilia-1688.html,https://fimgs.net/mdimg/perfume-thumbs/dark-375x500.1688.avif,perfume-images/1688.avif,DOWNLOADED,image/avif
106,390-ACQ,BLU MEDITERRANEO MANDORLO DI SICILIA,1688,https://www.fragrantica.com/perfume/Acqua-di-Parma/Acqua-di-Parma-Blu-Mediterraneo-Mandorlo-di-Sicilia-1688.html,https://fimgs.net/mdimg/perfume-thumbs/dark-375x500.1688.avif,perfume-images/1688.avif,DOWNLOADED,image/avif
1918,1236-PAL,minotaure paloma picasso,1695,https://www.fragrantica.com/perfume/Paloma-Picasso/Minotaure-1695.html,https://fimgs.net/mdimg/perfume-thumbs/dark-375x500.1695.avif,perfume-images/1695.avif,DOWNLOADED,image/avif
3967,2330-JUL,LADY VENGEANCE - JULIETTE HAS A GUN,1715,https://www.fragrantica.com/perfume/Juliette-Has-A-Gun/Lady-Vengeance-1715.html,https://fimgs.net/mdimg/perfume-thumbs/dark-375x500.1715.avif,perfume-images/1715.avif,DOWNLOADED,image/avif
272,1185-JOO,nightflight joop arwmata,1721,https://www.fragrantica.com/p/1721,https://fimgs.net/mdimg/perfume-thumbs/dark-375x500.1721.avif,perfume-images/1721.avif,DOWNLOADED,image/avif
605,510-CHL,Chloé,1733,https://www.fragrantica.com/perfume/Chloe/Chloe-Eau-de-Parfum-1733.html,https://fimgs.net/mdimg/perfume-thumbs/dark-375x500.1733.avif,perfume-images/1733.avif,DOWNLOADED,image/avif
917,879-PRA,INFUSION D'IRIS - PRADA,1795,https://www.fragrantica.com/perfume/Prada/Infusion-d-Iris-1795.html,https://fimgs.net/mdimg/perfume-thumbs/dark-375x500.1795.avif,perfume-images/1795.avif,DOWNLOADED,image/avif
2697,1818-FRE,MUSC RAVAGEUR,1801,https://www.fragrantica.com/perfume/Frederic-Malle/Musc-Ravageur-1801.html,https://fimgs.net/mdimg/perfume-thumbs/dark-375x500.1801.avif,perfume-images/1801.avif,DOWNLOADED,image/avif
1818,352-TMFO,MEN EXTREME,1820,https://www.fragrantica.com/perfume/Tom-Ford/Tom-Ford-for-Men-Extreme-1820.html,https://fimgs.net/mdimg/perfume-thumbs/dark-375x500.1820.avif,perfume-images/1820.avif,DOWNLOADED,image/avif
4082,2326-TMFO,AMBER ABSOLUTE,1821,https://www.fragrantica.com/perfume/Tom-Ford/Amber-Absolute-1821.html,https://fimgs.net/mdimg/perfume-thumbs/dark-375x500.1821.avif,perfume-images/1821.avif,DOWNLOADED,image/avif
1244,358-TMFO,NOIR DE NOIR,1822,https://www.fragrantica.com/perfume/Tom-Ford/Noir-de-Noir-1822.html,https://fimgs.net/mdimg/perfume-thumbs/dark-375x500.1822.avif,perfume-images/1822.avif,DOWNLOADED,image/avif
1235,342-TMFO,BLACK VIOLET,1823,https://www.fragrantica.com/perfume/Tom-Ford/Black-Violet-1823.html,https://fimgs.net/mdimg/perfume-thumbs/dark-375x500.1823.avif,perfume-images/1823.avif,DOWNLOADED,image/avif
4197,374-TMFO,374 tmfo mix 350 tmfo,1825,https://www.fragrantica.com/perfume/Tom-Ford/Tobacco-Vanille-1825.html,https://fimgs.net/mdimg/perfume-thumbs/dark-375x500.1825.avif,perfume-images/1825.avif,DOWNLOADED,image/avif
1258,374-TMFO,TOBACCO VANILLE,1825,https://www.fragrantica.com/perfume/Tom-Ford/Tobacco-Vanille-1825.html,https://fimgs.net/mdimg/perfume-thumbs/dark-375x500.1825.avif,perfume-images/1825.avif,DOWNLOADED,image/avif
1250,364-TMFO,OUD WOOD,1826,https://www.fragrantica.com/perfume/Tom-Ford/Oud-Wood-1826.html,https://fimgs.net/mdimg/perfume-thumbs/dark-375x500.1826.avif,perfume-images/1826.avif,DOWNLOADED,image/avif
1911,775-LAL,perles de lalique lalique,1833,https://www.fragrantica.com/perfume/Lalique/Perles-De-Lalique-1833.html,https://fimgs.net/mdimg/perfume-thumbs/dark-375x500.1833.avif,perfume-images/1833.avif,DOWNLOADED,image/avif
283,1198-LAL,encre noir lalique,1834,https://www.fragrantica.com/p/1834,https://fimgs.net/mdimg/perfume-thumbs/dark-375x500.1834.avif,perfume-images/1834.avif,DOWNLOADED,image/avif
828,773-LAL,AMETHYST - LALIQUE,1835,https://www.fragrantica.com/perfume/Lalique/Amethyst-1835.html,https://fimgs.net/mdimg/perfume-thumbs/dark-375x500.1835.avif,perfume-images/1835.avif,DOWNLOADED,image/avif
1259,375-TMFO,TUSCAN LEATHER,1849,https://www.fragrantica.com/perfume/Tom-Ford/Tuscan-Leather-1849.html,https://fimgs.net/mdimg/perfume-thumbs/dark-375x500.1849.avif,perfume-images/1849.avif,DOWNLOADED,image/avif
1240,349-TMFO,JAPON NOIR,1851,https://www.fragrantica.com/perfume/Tom-Ford/Japon-Noir-1851.html,https://fimgs.net/mdimg/perfume-thumbs/dark-375x500.1851.avif,perfume-images/1851.avif,DOWNLOADED,image/avif
1932,608-ESC,moon sparkle escada,1887,https://www.fragrantica.com/perfume/Escada/Escada-Moon-Sparkle-1887.html,https://fimgs.net/mdimg/perfume-thumbs/dark-375x500.1887.avif,perfume-images/1887.avif,DOWNLOADED,image/avif
202,1111-DSQ,he wood dsquared,1936,https://www.fragrantica.com/perfume/DSQUARED2/He-Wood-1936.html,https://fimgs.net/mdimg/perfume-thumbs/dark-375x500.1936.avif,perfume-images/1936.avif,DOWNLOADED,image/avif
4369,2584-GIV,"Eau de. Woman perfume white floral, green, citrus, yellow floral, woody",1966,https://www.fragrantica.com/perfume/Givenchy/Eau-de-Givenchy-1966.html,https://fimgs.net/mdimg/perfume-thumbs/dark-375x500.1966.avif,perfume-images/1966.avif,DOWNLOADED,image/avif
713,630-EST,PLEASURES DELIGHT - ESTEE LAUDER,1988,https://www.fragrantica.com/perfume/Estee-Lauder/Pleasures-Delight-1988.html,https://fimgs.net/mdimg/perfume-thumbs/dark-375x500.1988.avif,perfume-images/1988.avif,DOWNLOADED,image/avif
142,1042-CAC,POUR HOMME,2036,https://www.fragrantica.com/perfume/Cacharel/Cacharel-Pour-L-Homme-2036.html,https://fimgs.net/mdimg/perfume-thumbs/dark-375x500.2036.avif,perfume-images/2036.avif,DOWNLOADED,image/avif
3792,2161-GUR,AQUA ALLEGORIA MANDARINE BASILIC - Guerlain,2060,https://www.fragrantica.com/perfume/Guerlain/Aqua-Allegoria-Mandarine-Basilic-2060.html,https://fimgs.net/mdimg/perfume-thumbs/dark-375x500.2060.avif,perfume-images/2060.avif,DOWNLOADED,image/avif
765,696-GLA,fidji eau de toilette guy laroche,2068,https://www.fragrantica.com/perfume/guy-laroche/fidji-2068.html,https://fimgs.net/mdimg/perfume-thumbs/dark-375x500.2068.avif,perfume-images/2068.avif,DOWNLOADED,image/avif
240,1150-GLA,drakkar noir guy laroche,2069,https://www.fragrantica.com/p/2069,https://fimgs.net/mdimg/perfume-thumbs/dark-375x500.2069.avif,perfume-images/2069.avif,DOWNLOADED,image/avif
1909,318-MNT,318 mnt el,2186,https://www.fragrantica.com/perfume/Montale/Chocolate-Greedy-2186.html,https://fimgs.net/mdimg/perfume-thumbs/dark-375x500.2186.avif,perfume-images/2186.avif,DOWNLOADED,image/avif
1205,308-LOC,citrus verbena l occitane dupe,2224,https://www.fragrantica.com/perfume/-2224.html,https://fimgs.net/mdimg/perfume-thumbs/dark-375x500.2224.avif,perfume-images/2224.avif,DOWNLOADED,image/avif
1197,298-JOM,WHITE JASMINE & MINT - JO MALONE,2278,https://www.fragrantica.com/perfume/Jo-Malone-London/White-Jasmine-Mint-2278.html,https://fimgs.net/mdimg/perfume-thumbs/dark-375x500.2278.avif,perfume-images/2278.avif,DOWNLOADED,image/avif
1177,274-JOM,ORANGE BLOSSOM - JO MALONE,2279,https://www.fragrantica.com/perfume/Jo-Malone-London/Orange-Blossom-2279.html,https://fimgs.net/mdimg/perfume-thumbs/dark-375x500.2279.avif,perfume-images/2279.avif,DOWNLOADED,image/avif
1153,245-JOM,Blue Agava & Cacao - Jo Malone,2280,https://www.fragrantica.com/perfume/Jo-Malone-London/Blue-Agava-Cacao-2280.html,https://fimgs.net/mdimg/perfume-thumbs/dark-375x500.2280.avif,perfume-images/2280.avif,DOWNLOADED,image/avif
1196,297-JOM,VINTAGE GARDENIA - JO MALONE type is a Floral fragrance for women,2289,https://www.fragrantica.com/perfume/Jo-Malone-London/Vintage-Gardenia-2289.html,https://fimgs.net/mdimg/perfume-thumbs/dark-375x500.2289.avif,perfume-images/2289.avif,DOWNLOADED,image/avif
1175,272-JOM,NUTMEG & GINGER - JO MALONE,2290,https://www.fragrantica.com/perfume/Jo-Malone-London/Nutmeg-Ginger-2290.html,https://fimgs.net/mdimg/perfume-thumbs/dark-375x500.2290.avif,perfume-images/2290.avif,DOWNLOADED,image/avif
1195,295-JOM,VETYVER - JO MALONE is a Woody Aromatic,2291,https://www.fragrantica.com/perfume/Jo-Malone-London/Vetyver-2291.html,https://fimgs.net/mdimg/perfume-thumbs/dark-375x500.2291.avif,perfume-images/2291.avif,DOWNLOADED,image/avif
1881,1091-COS,scent intense costume national u,2305,https://www.fragrantica.com/perfume/CoSTUME-NATIONAL/Scent-Intense-2305.html,https://fimgs.net/mdimg/perfume-thumbs/dark-375x500.2305.avif,perfume-images/2305.avif,DOWNLOADED,image/avif
3667,1868-VER,Pour Homme,2318,https://www.fragrantica.com/perfume/Versace/Versace-Pour-Homme-2318.html,https://fimgs.net/mdimg/perfume-thumbs/dark-375x500.2318.avif,perfume-images/2318.avif,DOWNLOADED,image/avif
270,1183-VAR,john varvatos,2355,https://www.fragrantica.com/p/2355,https://fimgs.net/mdimg/perfume-thumbs/dark-375x500.2355.avif,perfume-images/2355.avif,DOWNLOADED,image/avif
2329,100-AMG,JUBILATION XXV MAN,2366,https://www.fragrantica.com/perfume/Amouage/Jubilation-XXV-Man-2366.html,https://fimgs.net/mdimg/perfume-thumbs/dark-375x500.2366.avif,perfume-images/2366.avif,DOWNLOADED,image/avif
2217,1217-MONT,montana homme montana,2381,https://www.fragrantica.com/p/2381,https://fimgs.net/mdimg/perfume-thumbs/dark-375x500.2381.avif,perfume-images/2381.avif,DOWNLOADED,image/avif
518,411-BOD,WHITE MUSK - BODY SHOP,2432,https://www.fragrantica.com/perfume/The-Body-Shop/White-Musk-2432.html,https://fimgs.net/mdimg/perfume-thumbs/dark-375x500.2432.avif,perfume-images/2432.avif,DOWNLOADED,image/avif
158,1061-CRT,PASHA DE CARTIER - CARTIER,2446,https://www.fragrantica.com/perfume/Cartier/Pasha-de-Cartier-Fraicheur-Menthe-2446.html,https://fimgs.net/mdimg/perfume-thumbs/dark-375x500.2446.avif,perfume-images/2446.avif,DOWNLOADED,image/avif
4222,2500-BRB,Baby Touch Burberry,2550,https://www.fragrantica.com/perfume/Burberry/Baby-Touch-2550.html,https://fimgs.net/mdimg/perfume-thumbs/dark-375x500.2550.avif,perfume-images/2550.avif,DOWNLOADED,image/avif
1219,324-PARFD,BOIS DE PARADIS - PARFUMS DELRAE,2662,https://www.fragrantica.com/perfume/Parfums-DelRae/Bois-de-Paradis-2662.html,https://fimgs.net/mdimg/perfume-thumbs/dark-375x500.2662.avif,perfume-images/2662.avif,DOWNLOADED,image/avif
766,697-HER,AMBRE NARGUILE - HERMES,2669,https://www.fragrantica.com/perfume/Hermes/Hermessence-Ambre-Narguile-2669.html,https://fimgs.net/mdimg/perfume-thumbs/dark-375x500.2669.avif,perfume-images/2669.avif,DOWNLOADED,image/avif
245,1155-HER,POIVRE SAMARCANDE HERMES,2671,https://www.fragrantica.com/perfume/Hermes/Hermessence-Poivre-Samarcande-2671.html,https://fimgs.net/mdimg/perfume-thumbs/dark-375x500.2671.avif,perfume-images/2671.avif,DOWNLOADED,image/avif
773,706-HER,OSMANTHE YUNNAN - HERMES,2674,https://www.fragrantica.com/perfume/Hermes/Hermessence-Osmanthe-Yunnan-2674.html,https://fimgs.net/mdimg/perfume-thumbs/dark-375x500.2674.avif,perfume-images/2674.avif,DOWNLOADED,image/avif
2733,191-ARM,ROSE ALEXANDRIE,2699,https://www.fragrantica.com/perfume/Giorgio-Armani/Rose-Alexandrie-2699.html,https://fimgs.net/mdimg/perfume-thumbs/dark-375x500.2699.avif,perfume-images/2699.avif,DOWNLOADED,image/avif
2716,1837-KEI,,2708,https://www.fragrantica.com/p/2708,https://fimgs.net/mdimg/perfume-thumbs/dark-375x500.2708.avif,perfume-images/2708.avif,DOWNLOADED,image/avif
4322,2498-TOUZ,Baby Tous,2732,https://www.fragrantica.com/p/2732,https://fimgs.net/mdimg/perfume-thumbs/dark-375x500.2732.avif,perfume-images/2732.avif,DOWNLOADED,image/avif
4158,2416-HER,UN JARDIN APRES LA MOUSSON - HERMES,2736,https://www.fragrantica.com/perfume/Hermes/Un-Jardin-Apres-la-Mousson-2736.html,https://fimgs.net/mdimg/perfume-thumbs/dark-375x500.2736.avif,perfume-images/2736.avif,DOWNLOADED,image/avif
2254,1533-SERG,AMBRE SULTAN - SERGE LUTENS,2760,https://www.fragrantica.com/perfume/Serge-Lutens/Ambre-Sultan-2760.html,https://fimgs.net/mdimg/perfume-thumbs/dark-375x500.2760.avif,perfume-images/2760.avif,DOWNLOADED,image/avif
2599,1745-SERG,Chergui Serge Lutens,2762,https://www.fragrantica.com/perfume/Serge-Lutens/Chergui-2762.html,https://fimgs.net/mdimg/perfume-thumbs/dark-375x500.2762.avif,perfume-images/2762.avif,DOWNLOADED,image/avif
4217,2507-SERG,FIVE O CLOCK AU GINGEMBRE by SERGE LUTENS,2764,https://www.fragrantica.com/perfume/Serge-Lutens/Five-O-Clock-Au-Gingembre-2764.html,https://fimgs.net/mdimg/perfume-thumbs/dark-375x500.2764.avif,perfume-images/2764.avif,DOWNLOADED,image/avif
1416,175-SHA,opulent shaik classic no 33 shaik,2776,https://www.fragrantica.com/perfume/Shaik/Opulent-Shaik-Classic-No-33-2776.html,https://fimgs.net/mdimg/perfume-thumbs/dark-375x500.2776.avif,perfume-images/2776.avif,DOWNLOADED,image/avif
2416,1685-FRE,EN PASSANT,2793,https://www.fragrantica.com/p/2793,https://fimgs.net/mdimg/perfume-thumbs/dark-375x500.2793.avif,perfume-images/2793.avif,DOWNLOADED,image/avif
3567,,,2799,https://www.fragrantica.com/perfume/Frederic-Malle/Lipstick-Rose-2799.html,https://fimgs.net/mdimg/perfume-thumbs/dark-375x500.2799.avif,perfume-images/2799.avif,DOWNLOADED,image/avif
2728,1841-BAN,rosewood banana republic,2803,https://www.fragrantica.com/perfume/Banana-Republic/Rosewood-2803.html,https://fimgs.net/mdimg/perfume-thumbs/dark-375x500.2803.avif,perfume-images/2803.avif,DOWNLOADED,image/avif
702,619-EST,BR.GOD. EAU FRAICHE SKINSCHENT - ESTEE LAUDER,2857,https://www.fragrantica.com/p/2857,https://fimgs.net/mdimg/perfume-thumbs/dark-375x500.2857.avif,perfume-images/2857.avif,DOWNLOADED,image/avif
4114,2383-ROCCO,ROCCOBAROCCO - ROCCOBAROCCO,2882,https://www.fragrantica.com/p/2882,https://fimgs.net/mdimg/perfume-thumbs/dark-375x500.2882.avif,perfume-images/2882.avif,DOWNLOADED,image/avif
717,634-EST,sensuous,2938,https://www.fragrantica.com/perfume/Estee-Lauder/Sensuous-2938.html,https://fimgs.net/mdimg/perfume-thumbs/dark-375x500.2938.avif,perfume-images/2938.avif,DOWNLOADED,image/avif
119,1018-AZZ,CHROME LEGEND,2959,https://www.fragrantica.com/perfume/Azzaro/Chrome-Legend-2959.html,https://fimgs.net/mdimg/perfume-thumbs/dark-375x500.2959.avif,perfume-images/2959.avif,DOWNLOADED,image/avif
1914,1201-LBI,venezia uomo laura biagiotti,3002,https://www.fragrantica.com/perfume/Laura-Biagiotti/Venezia-Uomo-3002.html,https://fimgs.net/mdimg/perfume-thumbs/dark-375x500.3002.avif,perfume-images/3002.avif,DOWNLOADED,image/avif
960,926-TOM,tomy girl tommy hilfiger,3016,https://www.fragrantica.com/perfume/Tommy-Hilfiger/Tommy-Girl-3016.html,https://fimgs.net/mdimg/perfume-thumbs/dark-375x500.3016.avif,perfume-images/3016.avif,DOWNLOADED,image/avif
4164,2427-CLEA,clean warm cotton clean dupe,3024,https://www.fragrantica.com/perfume/Clean/Clean-Warm-Cotton-3024.html,https://fimgs.net/mdimg/perfume-thumbs/dark-375x500.3024.avif,perfume-images/3024.avif,DOWNLOADED,image/avif
2083,932-TRU,INSIDE DELIGHT,3058,https://www.fragrantica.com/perfume/Trussardi/Trussardi-Inside-Delight-3058.html,https://fimgs.net/mdimg/perfume-thumbs/dark-375x500.3058.avif,perfume-images/3058.avif,DOWNLOADED,image/avif
4833,2734-ELIZ,Green Tea Summer Elizabeth Arden,3090,https://www.fragrantica.com/perfume/Elizabeth-Arden/Green-Tea-Summer-3090.html,https://fimgs.net/mdimg/perfume-thumbs/dark-375x500.3090.avif,perfume-images/3090.avif,DOWNLOADED,image/avif
3628,2097-ACQ,Blue Mediterraneo,3108,https://www.fragrantica.com/perfume/Acqua-di-Parma/Acqua-di-parma-Blue-Mediterraneo-Mirto-di-Panarea-3108.html,https://fimgs.net/mdimg/perfume-thumbs/dark-375x500.3108.avif,perfume-images/3108.avif,DOWNLOADED,image/avif
4823,199-CARO,Pour Un Homme de Caron,3166,https://www.fragrantica.com/perfume/Caron/Pour-Un-Homme-de-Caron-3166.html,https://fimgs.net/mdimg/perfume-thumbs/dark-375x500.3166.avif,perfume-images/3166.avif,DOWNLOADED,image/avif
768,700-HER,ELIXIR DES MERVEILLES - HERMES,3168,https://www.fragrantica.com/perfume/Hermes/Elixir-des-Merveilles-3168.html,https://fimgs.net/mdimg/perfume-thumbs/dark-375x500.3168.avif,perfume-images/3168.avif,DOWNLOADED,image/avif
3371,1990-MNT,MUKHALAT - MONTALE,3241,https://www.fragrantica.com/perfume/Montale/Mukhallat-3241.html,https://fimgs.net/mdimg/perfume-thumbs/dark-375x500.3241.avif,perfume-images/3241.avif,DOWNLOADED,image/avif
2350,1626-BON,NEW HAARLEM - BOND,3258,https://www.fragrantica.com/perfume/Bond-No-9/New-Haarlem-3258.html,https://fimgs.net/mdimg/perfume-thumbs/dark-375x500.3258.avif,perfume-images/3258.avif,DOWNLOADED,image/avif
619,526-DRC,ESCALE A PORTOFINO,3291,https://www.fragrantica.com/perfume/Dior/Cruise-Collection-Escale-a-Portofino-3291.html,https://fimgs.net/mdimg/perfume-thumbs/dark-375x500.3291.avif,perfume-images/3291.avif,DOWNLOADED,image/avif
2343,1620-GUR,SPIRITUESE DOUBLE VANILLA,3345,https://www.fragrantica.com/perfume/Guerlain/Spiritueuse-Double-Vanille-3345.html,https://fimgs.net/mdimg/perfume-thumbs/dark-375x500.3345.avif,perfume-images/3345.avif,DOWNLOADED,image/avif
3489,2096-KEN,PARFUM D'ETE - KENZO,3402,https://www.fragrantica.com/perfume/Kenzo/Parfum-d-Ete-1992-3402.html,https://fimgs.net/mdimg/perfume-thumbs/dark-375x500.3402.avif,perfume-images/3402.avif,DOWNLOADED,image/avif
815,753-KEN,KENZO-ΚΕΝΖΟ,3403,https://www.fragrantica.com/perfume/Kenzo/Kenzo-3403.html,https://fimgs.net/mdimg/perfume-thumbs/dark-375x500.3403.avif,perfume-images/3403.avif,DOWNLOADED,image/avif
275,1190-KEN,KENZO - KENZO,3403,https://www.fragrantica.com/perfume/Kenzo/Kenzo-3403.html,https://fimgs.net/mdimg/perfume-thumbs/dark-375x500.3403.avif,perfume-images/3403.avif,DOWNLOADED,image/avif
159,1062-CRT,ROADSTER - CARTIER,3474,https://www.fragrantica.com/perfume/Cartier/Roadster-3474.html,https://fimgs.net/mdimg/perfume-thumbs/dark-375x500.3474.avif,perfume-images/3474.avif,DOWNLOADED,image/avif
938,901-ROG,ROSE - ROGER & GALLET Type,3482,https://www.fragrantica.com/perfume/Roger-Gallet/Rose-3482.html,https://fimgs.net/mdimg/perfume-thumbs/dark-375x500.3482.avif,perfume-images/3482.avif,DOWNLOADED,image/avif
2734,997-ABE,fierce abercrombie fitch,3508,https://www.fragrantica.com/perfume/Abercrombie-Fitch/Fierce-3508.html,https://fimgs.net/mdimg/perfume-thumbs/dark-375x500.3508.avif,perfume-images/3508.avif,DOWNLOADED,image/avif
2772,1890-LEL,41 - LELABO,3510,https://www.fragrantica.com/perfume/Abercrombie-Fitch/41-3510.html,https://fimgs.net/mdimg/perfume-thumbs/dark-375x500.3510.avif,perfume-images/3510.avif,DOWNLOADED,image/avif
4117,2288-BAT,BLACK RASBERRY VANILLA - BATH BODY WORKS,3512,https://www.fragrantica.com/perfume/Bath-and-Body-Works/Black-Raspberry-Vanilla-3512.html,https://fimgs.net/mdimg/perfume-thumbs/dark-375x500.3512.avif,perfume-images/3512.avif,DOWNLOADED,image/avif
1781,408-BAT,WARM VANILLA SUGAR,3545,https://www.fragrantica.com/perfume/Bath-Body-Works/Warm-Vanilla-Sugar-3545.html,https://fimgs.net/mdimg/perfume-thumbs/dark-375x500.3545.avif,perfume-images/3545.avif,DOWNLOADED,image/avif
674,585-DSQ,she wood dsquared,3552,https://www.fragrantica.com/perfume/DSQUARED2/She-Wood-3552.html,https://fimgs.net/mdimg/perfume-thumbs/dark-375x500.3552.avif,perfume-images/3552.avif,DOWNLOADED,image/avif
2305,1498-BYR,GYPSY WATER,3575,https://www.fragrantica.com/perfume/Byredo/Gypsy-Water-3575.html,https://fimgs.net/mdimg/perfume-thumbs/dark-375x500.3575.avif,perfume-images/3575.avif,DOWNLOADED,image/avif
3839,2248-BYR,Pulp,3576,https://www.fragrantica.com/perfume/Byredo/Pulp-3576.html,https://fimgs.net/mdimg/perfume-thumbs/dark-375x500.3576.avif,perfume-images/3576.avif,DOWNLOADED,image/avif
576,478-CAL,SECRET OBSESSION - CALVIN KLEIN,3592,https://www.fragrantica.com/perfume/Calvin-Klein/Secret-Obsession-3592.html,https://fimgs.net/mdimg/perfume-thumbs/dark-375x500.3592.avif,perfume-images/3592.avif,DOWNLOADED,image/avif
523,417-BOUR,SOIR DE PARIS - BOURJOIS,3604,https://www.fragrantica.com/perfume/Bourjois/Soir-de-Paris-Evening-in-Paris-3604.html,https://fimgs.net/mdimg/perfume-thumbs/dark-375x500.3604.avif,perfume-images/3604.avif,DOWNLOADED,image/avif
1839,233-ESCE,escentric 02 dupe,3606,https://www.fragrantica.com/perfume/Escentric-Molecules/Molecule-02-3606.html,https://fimgs.net/mdimg/perfume-thumbs/dark-375x500.3606.avif,perfume-images/3606.avif,DOWNLOADED,image/avif
3635,1771-EMAN,DESNUDA - UNGARO EMANUEL,3612,https://www.fragrantica.com/p/3612,https://fimgs.net/mdimg/perfume-thumbs/dark-375x500.3612.avif,perfume-images/3612.avif,DOWNLOADED,image/avif
2773,1203-LOE,solo loewe,3643,https://www.fragrantica.com/perfume/Loewe/Solo-Loewe-3643.html,https://fimgs.net/mdimg/perfume-thumbs/dark-375x500.3643.avif,perfume-images/3643.avif,DOWNLOADED,image/avif
964,930-TRU,ESSENZA DEL TEMPO,3667,https://www.fragrantica.com/perfume/Trussardi/Essenza-del-Tempo-3667.html,https://fimgs.net/mdimg/perfume-thumbs/dark-375x500.3667.avif,perfume-images/3667.avif,DOWNLOADED,image/avif
2232,129-LEL,ROSE 31 - LE LABO,3678,https://www.fragrantica.com/perfume/Le-Labo/Rose-31-3678.html,https://fimgs.net/mdimg/perfume-thumbs/dark-375x500.3678.avif,perfume-images/3678.avif,DOWNLOADED,image/avif
241,1151-HAL,halston z14 halston,3697,https://www.fragrantica.com/p/3697,https://fimgs.net/mdimg/perfume-thumbs/dark-375x500.3697.avif,perfume-images/3697.avif,DOWNLOADED,image/avif
838,788-LAN,MAGNIFIQUE,3746,https://www.fragrantica.com/perfume/Lancome/Magnifique-3746.html,https://fimgs.net/mdimg/perfume-thumbs/dark-375x500.3746.avif,perfume-images/3746.avif,DOWNLOADED,image/avif
309,1229-PAC,ONE MILLION,3747,https://www.fragrantica.com/p/3747,https://fimgs.net/mdimg/perfume-thumbs/dark-375x500.3747.avif,perfume-images/3747.avif,DOWNLOADED,image/avif
547,441-BLG,JASMIN NOIR,3750,https://www.fragrantica.com/perfume/Bvlgari/Jasmin-Noir-3750.html,https://fimgs.net/mdimg/perfume-thumbs/dark-375x500.3750.avif,perfume-images/3750.avif,DOWNLOADED,image/avif
507,396-ANT,BLUE SEDUCTION,3751,https://www.fragrantica.com/perfume/Antonio-Banderas/Blue-Seduction-3751.html,https://fimgs.net/mdimg/perfume-thumbs/dark-375x500.3751.avif,perfume-images/3751.avif,DOWNLOADED,image/avif
2243,1545-MNT,INTENSE TIARE - MONTALE,3763,https://www.fragrantica.com/perfume/Montale/Intense-Tiare-3763.html,https://fimgs.net/mdimg/perfume-thumbs/dark-375x500.3763.avif,perfume-images/3763.avif,DOWNLOADED,image/avif
3731,2197-MNT,SOLEIL DE CAPRI - MONTALE,3767,https://www.fragrantica.com/perfume/Montale/Soleil-de-Capri-3767.html,https://fimgs.net/mdimg/perfume-thumbs/dark-375x500.3767.avif,perfume-images/3767.avif,DOWNLOADED,image/avif
1833,271-JOM,Nectarine Blossom & Honey,3782,https://www.fragrantica.com/perfume/Jo-Malone-London/Nectarine-Blossom-Honey-3782.html,https://fimgs.net/mdimg/perfume-thumbs/dark-375x500.3782.avif,perfume-images/3782.avif,DOWNLOADED,image/avif
1155,248-JOM,Dark Amber & Ginger Lily - Jo Malone,3783,https://www.fragrantica.com/perfume/Jo-Malone-London/Dark-Amber-Ginger-Lily-3783.html,https://fimgs.net/mdimg/perfume-thumbs/dark-375x500.3783.avif,perfume-images/3783.avif,DOWNLOADED,image/avif
1908,265-JOM,Lotus Blossom and Water Lily Jo Malone,3784,https://www.fragrantica.com/perfume/Jo-Malone-London/Lotus-Blossom-Water-Lily-3784.html,https://fimgs.net/mdimg/perfume-thumbs/dark-375x500.3784.avif,perfume-images/3784.avif,DOWNLOADED,image/avif
1213,316-MNT,316 mnt el,3786,https://www.fragrantica.com/perfume/Montale/Aoud-Velvet-3786.html,https://fimgs.net/mdimg/perfume-thumbs/dark-375x500.3786.avif,perfume-images/3786.avif,DOWNLOADED,image/avif
234,1144-GUC,G. by G. pour Homme,3792,https://www.fragrantica.com/perfume/Gucci/Gucci-by-Gucci-Pour-Homme-3792.html,https://fimgs.net/mdimg/perfume-thumbs/dark-375x500.3792.avif,perfume-images/3792.avif,DOWNLOADED,image/avif
315,1238-PRA,INFUSION D'HOMME - PRADA,3794,https://www.fragrantica.com/perfume/Prada/Infusion-d-Homme-3794.html,https://fimgs.net/mdimg/perfume-thumbs/dark-375x500.3794.avif,perfume-images/3794.avif,DOWNLOADED,image/avif
1261,377-TMFO,WHITE PATCHOULI,3797,https://www.fragrantica.com/perfume/Tom-Ford/White-Patchouli-3797.html,https://fimgs.net/mdimg/perfume-thumbs/dark-375x500.3797.avif,perfume-images/3797.avif,DOWNLOADED,image/avif
261,1174-JAC,jacomo de jacomo dupe,3804,https://www.fragrantica.com/p/3804,https://fimgs.net/mdimg/perfume-thumbs/dark-375x500.3804.avif,perfume-images/3804.avif,DOWNLOADED,image/avif
2736,206-CRD,Bois du Portu,3805,https://www.fragrantica.com/perfume/Creed/Bois-du-Portugal-3805.html,https://fimgs.net/mdimg/perfume-thumbs/dark-375x500.3805.avif,perfume-images/3805.avif,DOWNLOADED,image/avif
1129,226-DIP,EAU LENTE,3829,https://www.fragrantica.com/perfume/Diptyque/Eau-Lente-Eau-de-Toilette-3829.html,https://fimgs.net/mdimg/perfume-thumbs/dark-375x500.3829.avif,perfume-images/3829.avif,DOWNLOADED,image/avif
2632,1761-DIP,L' EAU DES HESPERIDES,3836,https://www.fragrantica.com/perfume/Diptyque/L-eau-des-Hesperides-3836.html,https://fimgs.net/mdimg/perfume-thumbs/dark-375x500.3836.avif,perfume-images/3836.avif,DOWNLOADED,image/avif
690,603-ESC,INCREDIBLE ME - ESCADA,3861,https://www.fragrantica.com/p/3861,https://fimgs.net/mdimg/perfume-thumbs/dark-375x500.3861.avif,perfume-images/3861.avif,DOWNLOADED,image/avif
1132,229-DIP,Philosykos Eau de Parfum,3865,https://www.fragrantica.com/perfume/Diptyque/Philosykos-Eau-de-Parfum-3865.html,https://fimgs.net/mdimg/perfume-thumbs/dark-375x500.3865.avif,perfume-images/3865.avif,DOWNLOADED,image/avif
3478,2051-PRFRO,ACQUA DI SALE - PROFUMUM ROMA,3886,https://www.fragrantica.com/perfume/Profumum-Roma/Acqua-di-Sale-3886.html,https://fimgs.net/mdimg/perfume-thumbs/dark-375x500.3886.avif,perfume-images/3886.avif,DOWNLOADED,image/avif
2751,1849-PRFRO,ACQUA E ZUCCHERO - PROFUMUM ROMA,3887,https://www.fragrantica.com/p/3887,https://fimgs.net/mdimg/perfume-thumbs/dark-375x500.3887.avif,perfume-images/3887.avif,DOWNLOADED,image/avif
2730,1833-SALV,dalimania salvador dali,3923,https://www.fragrantica.com/p/3923,https://fimgs.net/mdimg/perfume-thumbs/dark-375x500.3923.avif,perfume-images/3923.avif,DOWNLOADED,image/avif
4096,2366-DIP,TAM DAO EDT,3956,https://www.fragrantica.com/perfume/Diptyque/Tam-Dao-Eau-de-Toilette-3956.html,https://fimgs.net/mdimg/perfume-thumbs/dark-375x500.3956.avif,perfume-images/3956.avif,DOWNLOADED,image/avif
4101,2367-DIP,OYEDO EDT,3958,https://www.fragrantica.com/perfume/Diptyque/Oyedo-Eau-de-Toilette-3958.html,https://fimgs.net/mdimg/perfume-thumbs/dark-375x500.3958.avif,perfume-images/3958.avif,DOWNLOADED,image/avif
298,1216-MNTB,Starwalker,4023,https://www.fragrantica.com/perfume/Montblanc/Starwalker-4023.html,https://fimgs.net/mdimg/perfume-thumbs/dark-375x500.4023.avif,perfume-images/4023.avif,DOWNLOADED,image/avif
3952,2302-CARO,YATAGAN - CARON,4024,https://www.fragrantica.com/perfume/Caron/Yatagan-4024.html,https://fimgs.net/mdimg/perfume-thumbs/dark-375x500.4024.avif,perfume-images/4024.avif,DOWNLOADED,image/avif
178,1082-DRC,HOMME SPORT,4033,https://www.fragrantica.com/perfume/Dior/Dior-Homme-Sport-4033.html,https://fimgs.net/mdimg/perfume-thumbs/dark-375x500.4033.avif,perfume-images/4033.avif,DOWNLOADED,image/avif
2333,1617-MNT,VANILLA EXTASY - MONTALE,4059,https://www.fragrantica.com/perfume/Montale/Vanilla-Extasy-4059.html,https://fimgs.net/mdimg/perfume-thumbs/dark-375x500.4059.avif,perfume-images/4059.avif,DOWNLOADED,image/avif
292,1210-MNTB,INDIVIDUEL - MONT BLANC,4193,https://www.fragrantica.com/perfume/Montblanc/Individuel-4193.html,https://fimgs.net/mdimg/perfume-thumbs/dark-375x500.4193.avif,perfume-images/4193.avif,DOWNLOADED,image/avif
2239,114-CRD,EROLFA,4248,https://www.fragrantica.com/perfume/Creed/Erolfa-4248.html,https://fimgs.net/mdimg/perfume-thumbs/dark-375x500.4248.avif,perfume-images/4248.avif,DOWNLOADED,image/avif
2085,208-CRD,Fantasia de Fleurs,4249,https://www.fragrantica.com/perfume/Creed/Fantasia-de-Fleurs-4249.html,https://fimgs.net/mdimg/perfume-thumbs/dark-375x500.4249.avif,perfume-images/4249.avif,DOWNLOADED,image/avif
2737,209-CRD,Fleurissimo,4250,https://www.fragrantica.com/perfume/Creed/Fleurissimo-4250.html,https://fimgs.net/mdimg/perfume-thumbs/dark-375x500.4250.avif,perfume-images/4250.avif,DOWNLOADED,image/avif
2368,1637-CRD,Love in Black,4261,https://www.fragrantica.com/perfume/Creed/Love-in-Black-4261.html,https://fimgs.net/mdimg/perfume-thumbs/dark-375x500.4261.avif,perfume-images/4261.avif,DOWNLOADED,image/avif
1115,211-CRD,LOVE IN WHITE,4262,https://www.fragrantica.com/perfume/Creed/Love-in-White-4262.html,https://fimgs.net/mdimg/perfume-thumbs/dark-375x500.4262.avif,perfume-images/4262.avif,DOWNLOADED,image/avif
2326,323-NAS,,4291,https://www.fragrantica.com/perfume/Nasomatto/Duro-4291.html,https://fimgs.net/mdimg/perfume-thumbs/dark-375x500.4291.avif,perfume-images/4291.avif,DOWNLOADED,image/avif
2397,1670-NAS,,4292,https://www.fragrantica.com/perfume/Nasomatto/Narcotic-Venus-4292.html,https://fimgs.net/mdimg/perfume-thumbs/dark-375x500.4292.avif,perfume-images/4292.avif,DOWNLOADED,image/avif
2765,1860-NAS,,4293,https://www.fragrantica.com/p/4293,https://fimgs.net/mdimg/perfume-thumbs/dark-375x500.4293.avif,perfume-images/4293.avif,DOWNLOADED,image/avif
1143,235-HOLL,235 holl el,4307,https://www.fragrantica.com/perfume/Hollister/Socal-4307.html,https://fimgs.net/mdimg/perfume-thumbs/dark-375x500.4307.avif,perfume-images/4307.avif,DOWNLOADED,image/avif
4421,2608-KIL,A Taste of Heaven Kilian,4317,https://www.fragrantica.com/perfume/By-Kilian/A-Taste-of-Heaven-4317.html,https://fimgs.net/mdimg/perfume-thumbs/dark-375x500.4317.avif,perfume-images/4317.avif,DOWNLOADED,image/avif
4524,2671-KIL,Cruel Intentions - Kilian,4320,https://www.fragrantica.com/perfume/By-Kilian/Cruel-Intentions-4320.html,https://fimgs.net/mdimg/perfume-thumbs/dark-375x500.4320.avif,perfume-images/4320.avif,DOWNLOADED,image/avif
821,764-KIL,LIAISONS DANGEREUSES - KILIAN,4321,https://www.fragrantica.com/perfume/By-Kilian/Liaisons-Dangereuses-4321.html,https://fimgs.net/mdimg/perfume-thumbs/dark-375x500.4321.avif,perfume-images/4321.avif,DOWNLOADED,image/avif
1801,765-KIL,LOVE DONT BE SHY - KILIAN,4322,https://www.fragrantica.com/perfume/By-Kilian/Love-Don-t-Be-Shy-4322.html,https://fimgs.net/mdimg/perfume-thumbs/dark-375x500.4322.avif,perfume-images/4322.avif,DOWNLOADED,image/avif
1814,153-PARF,Straigh to Heaven,4323,https://www.fragrantica.com/perfume/By-Kilian/Straight-to-Heaven-4323.html,https://fimgs.net/mdimg/perfume-thumbs/dark-375x500.4323.avif,perfume-images/4323.avif,DOWNLOADED,image/avif
1808,127-KIL,STRAIGHT TO HEAVEN - KILIAN,4323,https://www.fragrantica.com/perfume/By-Kilian/Straight-to-Heaven-4323.html,https://fimgs.net/mdimg/perfume-thumbs/dark-375x500.4323.avif,perfume-images/4323.avif,DOWNLOADED,image/avif
1239,348-TMFO,ITALIAN CYPRESS,4329,https://www.fragrantica.com/perfume/Tom-Ford/Italian-Cypress-4329.html,https://fimgs.net/mdimg/perfume-thumbs/dark-375x500.4329.avif,perfume-images/4329.avif,DOWNLOADED,image/avif
4527,2674-MICA,Note Poudree Micallef,4333,https://www.fragrantica.com/p/4333,https://fimgs.net/mdimg/perfume-thumbs/dark-375x500.4333.avif,perfume-images/4333.avif,DOWNLOADED,image/avif
801,738-JUI,viva la juicy couture,4410,https://www.fragrantica.com/perfume/Juicy-Couture/Viva-la-Juicy-4410.html,https://fimgs.net/mdimg/perfume-thumbs/dark-375x500.4410.avif,perfume-images/4410.avif,DOWNLOADED,image/avif
2119,119-HIS,1725 - HISTOIRES DE PARFUMS,4491,https://www.fragrantica.com/perfume/Histoires-de-Parfums/1725-4491.html,https://fimgs.net/mdimg/perfume-thumbs/dark-375x500.4491.avif,perfume-images/4491.avif,DOWNLOADED,image/avif
646,556-DOL,L' EAU THE ONE,4494,https://www.fragrantica.com/perfume/Dolce-Gabbana/L-eau-The-One-4494.html,https://fimgs.net/mdimg/perfume-thumbs/dark-375x500.4494.avif,perfume-images/4494.avif,DOWNLOADED,image/avif
133,1032-BRB,The Beat for Men,4509,https://www.fragrantica.com/perfume/Burberry/The-Beat-for-Men-4509.html,https://fimgs.net/mdimg/perfume-thumbs/dark-375x500.4509.avif,perfume-images/4509.avif,DOWNLOADED,image/avif
2633,1762-ETLR,PUTAIN DES PALACES - ETAT LIBRE D'ORANGE,4521,https://www.fragrantica.com/perfume/Etat-Libre-d-Orange/Putain-des-Palaces-4521.html,https://fimgs.net/mdimg/perfume-thumbs/dark-375x500.4521.avif,perfume-images/4521.avif,DOWNLOADED,image/avif
2717,1838-TAU,02 L'AIR DU DESERT MAROCAIN - TAUER PERFUMES,4573,https://www.fragrantica.com/p/4573,https://fimgs.net/mdimg/perfume-thumbs/dark-375x500.4573.avif,perfume-images/4573.avif,DOWNLOADED,image/avif
1200,301-JOM,"Wild Fig & Cassis Jo Malone Fragrance green, woody, fresh, fruity",4579,https://www.fragrantica.com/perfume/Jo-Malone-London/Wild-Fig-Cassis-4579.html,https://fimgs.net/mdimg/perfume-thumbs/dark-375x500.4579.avif,perfume-images/4579.avif,DOWNLOADED,image/avif
2720,201-CLIV,No.1 for MEN - CLIVE CHRISTIAN,4648,https://www.fragrantica.com/p/4648,https://fimgs.net/mdimg/perfume-thumbs/dark-375x500.4648.avif,perfume-images/4648.avif,DOWNLOADED,image/avif
2113,203-CLIV,X FOR MEN - CLIVE CHRISTIAN,4650,https://www.fragrantica.com/perfume/Clive-Christian/X-For-Men-4650.html,https://fimgs.net/mdimg/perfume-thumbs/dark-375x500.4650.avif,perfume-images/4650.avif,DOWNLOADED,image/avif
3368,1987-SON,le parfum sonia rykiel,4655,https://www.fragrantica.com/perfume/Sonia-Rykiel/Le-Parfum-4655.html,https://fimgs.net/mdimg/perfume-thumbs/dark-375x500.4655.avif,perfume-images/4655.avif,DOWNLOADED,image/avif
745,669-GIV,L'INTERDIT,4695,https://www.fragrantica.com/perfume/Givenchy/L-Interdit-4695.html,https://fimgs.net/mdimg/perfume-thumbs/dark-375x500.4695.avif,perfume-images/4695.avif,DOWNLOADED,image/avif
809,747-KEN,AMOUR LE PARFUM - KENZO,4696,https://www.fragrantica.com/perfume/Kenzo/Kenzo-Amour-Le-Parfum-4696.html,https://fimgs.net/mdimg/perfume-thumbs/dark-375x500.4696.avif,perfume-images/4696.avif,DOWNLOADED,image/avif
2619,1760-FRE,IRIS POUDRE,4771,https://www.fragrantica.com/perfume/Frederic-Malle/Iris-Poudre-4771.html,https://fimgs.net/mdimg/perfume-thumbs/dark-375x500.4771.avif,perfume-images/4771.avif,DOWNLOADED,image/avif
4972,2730-ARA,New West for Her,4857,https://www.fragrantica.com/perfume/Aramis/New-West-for-Her-4857.html,https://fimgs.net/mdimg/perfume-thumbs/dark-375x500.4857.avif,perfume-images/4857.avif,DOWNLOADED,image/avif
700,617-EST,BRASIL DREAM - ESTEE LAUDER,4942,https://www.fragrantica.com/perfume/Estee-Lauder/Brasil-Dream-4942.html,https://fimgs.net/mdimg/perfume-thumbs/dark-375x500.4942.avif,perfume-images/4942.avif,DOWNLOADED,image/avif
1191,290-JOM,SWEET LIME & CEDAR - JO MALONE,5031,https://www.fragrantica.com/perfume/Jo-Malone-London/Sweet-Lime-Cedar-5031.html,https://fimgs.net/mdimg/perfume-thumbs/dark-375x500.5031.avif,perfume-images/5031.avif,DOWNLOADED,image/avif
3460,2044-LORV,teint de neige lorenzo villoresi,5079,https://www.fragrantica.com/perfume/Lorenzo-Villoresi/Teint-de-Neige-5079.html,https://fimgs.net/mdimg/perfume-thumbs/dark-375x500.5079.avif,perfume-images/5079.avif,DOWNLOADED,image/avif
2609,1754-HER,VANILLE GALANTE HERMESSENCE - HERMES,5213,https://www.fragrantica.com/perfume/Hermes/Hermessence-Vanille-Galante-5213.html,https://fimgs.net/mdimg/perfume-thumbs/dark-375x500.5213.avif,perfume-images/5213.avif,DOWNLOADED,image/avif
4410,2634-NRO,Essence Rodriguez,5321,https://www.fragrantica.com/perfume/Narciso-Rodriguez/Essence-5321.html,https://fimgs.net/mdimg/perfume-thumbs/dark-375x500.5321.avif,perfume-images/5321.avif,DOWNLOADED,image/avif
1185,284-JOM,RED ROSES - JO MALONE,5484,https://www.fragrantica.com/perfume/Jo-Malone-London/Red-Roses-5484.html,https://fimgs.net/mdimg/perfume-thumbs/dark-375x500.5484.avif,perfume-images/5484.avif,DOWNLOADED,image/avif
356,1280-YZLO,LA NUIT DEL'HOMME,5521,https://www.fragrantica.com/perfume/Yves-Saint-Laurent/La-Nuit-de-l-Homme-5521.html,https://fimgs.net/mdimg/perfume-thumbs/dark-375x500.5521.avif,perfume-images/5521.avif,DOWNLOADED,image/avif
199,1108-DIE,ONLY THE BRAVE - DIESEL,5532,https://www.fragrantica.com/perfume/Diesel/Only-The-Brave-5532.html,https://fimgs.net/mdimg/perfume-thumbs/dark-375x500.5532.avif,perfume-images/5532.avif,DOWNLOADED,image/avif
2701,1824-VAR,artisan john varvatos,5534,https://www.fragrantica.com/p/5534,https://fimgs.net/mdimg/perfume-thumbs/dark-375x500.5534.avif,perfume-images/5534.avif,DOWNLOADED,image/avif
1159,253-JOM,FRENCH LIME BLOSSOM - JO MALONE,5580,https://www.fragrantica.com/perfume/Jo-Malone-London/French-Lime-Blossom-5580.html,https://fimgs.net/mdimg/perfume-thumbs/dark-375x500.5580.avif,perfume-images/5580.avif,DOWNLOADED,image/avif
1183,281-JOM,POMEGRANATE NOIR - JO MALONE,5581,https://www.fragrantica.com/perfume/Jo-Malone-London/Pomegranate-Noir-5581.html,https://fimgs.net/mdimg/perfume-thumbs/dark-375x500.5581.avif,perfume-images/5581.avif,DOWNLOADED,image/avif
1147,239-JOM,Amber & Lavender - Jo Malone,5582,https://www.fragrantica.com/perfume/Jo-Malone-London/Amber-Lavender-5582.html,https://fimgs.net/mdimg/perfume-thumbs/dark-375x500.5582.avif,perfume-images/5582.avif,DOWNLOADED,image/avif
1162,256-JOM,GRAPEFRUIT - JO MALONE,5584,https://www.fragrantica.com/perfume/Jo-Malone-London/Grapefruit-5584.html,https://fimgs.net/mdimg/perfume-thumbs/dark-375x500.5584.avif,perfume-images/5584.avif,DOWNLOADED,image/avif
1170,264-JOM,LIME BASIL & MANDARIN - JO MALONE,5585,https://www.fragrantica.com/perfume/Jo-Malone-London/Lime-Basil-Mandarin-5585.html,https://fimgs.net/mdimg/perfume-thumbs/dark-375x500.5585.avif,perfume-images/5585.avif,DOWNLOADED,image/avif
4241,2493-SERG,Nuit de Cellophane Serge Lutens,5748,https://www.fragrantica.com/perfume/Serge-Lutens/Nuit-de-Cellophane-5748.html,https://fimgs.net/mdimg/perfume-thumbs/dark-375x500.5748.avif,perfume-images/5748.avif,DOWNLOADED,image/avif
2437,1701-TOSC,tosca tosca,5796,https://www.fragrantica.com/perfume/Tosca/Tosca-5796.html,https://fimgs.net/mdimg/perfume-thumbs/dark-375x500.5796.avif,perfume-images/5796.avif,DOWNLOADED,image/avif
203,1112-DSQ,he wood rocky mountain dsquared,5862,https://www.fragrantica.com/perfume/DSQUARED2/He-Wood-Rocky-Mountain-Wood-5862.html,https://fimgs.net/mdimg/perfume-thumbs/dark-375x500.5862.avif,perfume-images/5862.avif,DOWNLOADED,image/avif
2366,1616-MDI,BARBARE - MDCI,5937,https://www.fragrantica.com/p/5937,https://fimgs.net/mdimg/perfume-thumbs/dark-375x500.5937.avif,perfume-images/5937.avif,DOWNLOADED,image/avif
2824,1753-TEDL,ted lapidus,5942,https://www.fragrantica.com/perfume/Ted-Lapidus/Ted-5942.html,https://fimgs.net/mdimg/perfume-thumbs/dark-375x500.5942.avif,perfume-images/5942.avif,DOWNLOADED,image/avif
536,430-BRB,The Beat EDT,5946,https://www.fragrantica.com/perfume/Burberry/The-Beat-EDT-5946.html,https://fimgs.net/mdimg/perfume-thumbs/dark-375x500.5946.avif,perfume-images/5946.avif,DOWNLOADED,image/avif
300,1219-MOS,POUR HOMME - MOSCHINO,5951,https://www.fragrantica.com/perfume/Moschino/Moschino-Pour-Homme-5951.html,https://fimgs.net/mdimg/perfume-thumbs/dark-375x500.5951.avif,perfume-images/5951.avif,DOWNLOADED,image/avif
778,711-HUG,BOSS ORANGE FEMME - HUGO BOSS,5979,https://www.fragrantica.com/perfume/Hugo-Boss/Boss-Orange-5979.html,https://fimgs.net/mdimg/perfume-thumbs/dark-375x500.5979.avif,perfume-images/5979.avif,DOWNLOADED,image/avif
251,1163-HUG,BOSS ORANGE - HUGO BOSS,5979,https://www.fragrantica.com/perfume/Hugo-Boss/Boss-Orange-5979.html,https://fimgs.net/mdimg/perfume-thumbs/dark-375x500.5979.avif,perfume-images/5979.avif,DOWNLOADED,image/avif
761,691-GUR,MUGUET - GUERLAIN,5993,https://www.fragrantica.com/perfume/Guerlain/Muguet-5993.html,https://fimgs.net/mdimg/perfume-thumbs/dark-375x500.5993.avif,perfume-images/5993.avif,DOWNLOADED,image/avif
2715,1836-COT,vanilla fields coty,6029,https://www.fragrantica.com/perfume/Coty/Vanilla-Fields-6029.html,https://fimgs.net/mdimg/perfume-thumbs/dark-375x500.6029.avif,perfume-images/6029.avif,DOWNLOADED,image/avif
3529,2045-HER,EAU D'ORANGE VERTE - HERMES,6065,https://www.fragrantica.com/perfume/Hermes/Eau-d-Orange-Verte-6065.html,https://fimgs.net/mdimg/perfume-thumbs/dark-375x500.6065.avif,perfume-images/6065.avif,DOWNLOADED,image/avif
715,632-EST,JASMIN WHITE MOSS - ESTEE LAUDER,6066,https://www.fragrantica.com/perfume/Estee-Lauder/Private-Collection-Jasmin-White-Moss-6066.html,https://fimgs.net/mdimg/perfume-thumbs/dark-375x500.6066.avif,perfume-images/6066.avif,DOWNLOADED,image/avif
642,552-DOL,ANTHOLOGY L'IMPERATRICE 3,6086,https://www.fragrantica.com/p/6086,https://fimgs.net/mdimg/perfume-thumbs/dark-375x500.6086.avif,perfume-images/6086.avif,DOWNLOADED,image/avif
4142,2409-TMU,A*MEN PURE MALT,6103,https://www.fragrantica.com/perfume/Mugler/A-Men-Pure-Malt-6103.html,https://fimgs.net/mdimg/perfume-thumbs/dark-375x500.6103.avif,perfume-images/6103.avif,DOWNLOADED,image/avif
877,833-MOS,CHEAP & CHIC LIGHT CLOUDS - MOSCHINO,6146,https://www.fragrantica.com/perfume/Moschino/Cheap-Chic-Light-Clouds-6146.html,https://fimgs.net/mdimg/perfume-thumbs/dark-375x500.6146.avif,perfume-images/6146.avif,DOWNLOADED,image/avif
1203,304-KIE,ORIGINAL MUSK - KIEHL'S,6188,https://www.fragrantica.com/perfume/Kiehl-s/Original-Musk-6188.html,https://fimgs.net/mdimg/perfume-thumbs/dark-375x500.6188.avif,perfume-images/6188.avif,DOWNLOADED,image/avif
4344,2591-CRD,Acqua Fiorentina,6272,https://www.fragrantica.com/perfume/Creed/Acqua-Fiorentina-6272.html,https://fimgs.net/mdimg/perfume-thumbs/dark-375x500.6272.avif,perfume-images/6272.avif,DOWNLOADED,image/avif
194,1103-DAV,hot water davidoff,6282,https://www.fragrantica.com/perfume/Davidoff/Hot-Water-6282.html,https://fimgs.net/mdimg/perfume-thumbs/dark-375x500.6282.avif,perfume-images/6282.avif,DOWNLOADED,image/avif
286,1202-LOE,esencia pour homme loewe,6291,https://www.fragrantica.com/perfume/Loewe/Esencia-pour-Homme-6291.html,https://fimgs.net/mdimg/perfume-thumbs/dark-375x500.6291.avif,perfume-images/6291.avif,DOWNLOADED,image/avif
849,804-LOE,804 loe wp,6292,https://www.fragrantica.com/perfume/Loewe/A-Mi-Aire-6292.html,https://fimgs.net/mdimg/perfume-thumbs/dark-375x500.6292.avif,perfume-images/6292.avif,DOWNLOADED,image/avif
3501,2113-XER,Uden,6306,https://www.fragrantica.com/perfume/Xerjoff/Uden-6306.html,https://fimgs.net/mdimg/perfume-thumbs/dark-375x500.6306.avif,perfume-images/6306.avif,DOWNLOADED,image/avif
3926,2274-XER,Kobe,6309,https://www.fragrantica.com/perfume/Xerjoff/Kobe-6309.html,https://fimgs.net/mdimg/perfume-thumbs/dark-375x500.6309.avif,perfume-images/6309.avif,DOWNLOADED,image/avif
4106,2333-XER,Mefisto,6310,https://www.fragrantica.com/perfume/Xerjoff/Mefisto-6310.html,https://fimgs.net/mdimg/perfume-thumbs/dark-375x500.6310.avif,perfume-images/6310.avif,DOWNLOADED,image/avif
2231,128-LEL,BERGAMOTE 22 - LE LABO,6327,https://www.fragrantica.com/perfume/Le-Labo/Bergamote-22-6327.html,https://fimgs.net/mdimg/perfume-thumbs/dark-375x500.6327.avif,perfume-images/6327.avif,DOWNLOADED,image/avif
2450,1720-LEL,VETIVER 46 - LE LABO,6328,https://www.fragrantica.com/perfume/Le-Labo/Vetiver-46-6328.html,https://fimgs.net/mdimg/perfume-thumbs/dark-375x500.6328.avif,perfume-images/6328.avif,DOWNLOADED,image/avif
2429,1698-LEL,OUD 27 - LE LABO,6329,https://www.fragrantica.com/perfume/Le-Labo/Oud-27-6329.html,https://fimgs.net/mdimg/perfume-thumbs/dark-375x500.6329.avif,perfume-images/6329.avif,DOWNLOADED,image/avif
4752,2668-LEL,Neroli 36 Le Labo,6330,https://www.fragrantica.com/perfume/Le-Labo/Neroli-36-6330.html,https://fimgs.net/mdimg/perfume-thumbs/dark-375x500.6330.avif,perfume-images/6330.avif,DOWNLOADED,image/avif
3726,2195-LEL,FLEUR D'ORANGER 27 - LE LABO,6331,https://www.fragrantica.com/perfume/Le-Labo/Fleur-d-Oranger-27-6331.html,https://fimgs.net/mdimg/perfume-thumbs/dark-375x500.6331.avif,perfume-images/6331.avif,DOWNLOADED,image/avif
4083,2355-LEL,PATCHOULI 24 - LE LABO,6332,https://www.fragrantica.com/perfume/Le-Labo/Patchouli-24-6332.html,https://fimgs.net/mdimg/perfume-thumbs/dark-375x500.6332.avif,perfume-images/6332.avif,DOWNLOADED,image/avif
2768,1848-LEL,,6334,https://www.fragrantica.com/perfume/Le-Labo/Ambrette-9-6334.html,https://fimgs.net/mdimg/perfume-thumbs/dark-375x500.6334.avif,perfume-images/6334.avif,DOWNLOADED,image/avif
4162,2425-LEL,GAIAC 10 TOKYO - LE LABO,6335,https://www.fragrantica.com/perfume/Le-Labo/Gaiac-10-Tokyo-6335.html,https://fimgs.net/mdimg/perfume-thumbs/dark-375x500.6335.avif,perfume-images/6335.avif,DOWNLOADED,image/avif
4487,2643-LEL,Iris 39 Le Labo,6336,https://www.fragrantica.com/perfume/Le-Labo/Iris-39-6336.html,https://fimgs.net/mdimg/perfume-thumbs/dark-375x500.6336.avif,perfume-images/6336.avif,DOWNLOADED,image/avif
3940,2299-LEL,VANILLE 44 PARIS - LE LABO,6340,https://www.fragrantica.com/perfume/Le-Labo/Vanille-44-Paris-6340.html,https://fimgs.net/mdimg/perfume-thumbs/dark-375x500.6340.avif,perfume-images/6340.avif,DOWNLOADED,image/avif
1233,338-TMFO,ARABIAN WOOD,6363,https://www.fragrantica.com/perfume/Tom-Ford/Arabian-Wood-6363.html,https://fimgs.net/mdimg/perfume-thumbs/dark-375x500.6363.avif,perfume-images/6363.avif,DOWNLOADED,image/avif
897,856-NIN,RICCI RICCI,6382,https://www.fragrantica.com/perfume/Nina-Ricci/Ricci-Ricci-6382.html,https://fimgs.net/mdimg/perfume-thumbs/dark-375x500.6382.avif,perfume-images/6382.avif,DOWNLOADED,image/avif
2709,1830-TMFO,JASMINE MUSK,6383,https://www.fragrantica.com/perfume/Tom-Ford/Jasmine-Musk-6383.html,https://fimgs.net/mdimg/perfume-thumbs/dark-375x500.6383.avif,perfume-images/6383.avif,DOWNLOADED,image/avif
2710,1831-TMFO,URBAN MUSK,6384,https://www.fragrantica.com/perfume/Tom-Ford/Urban-Musk-6384.html,https://fimgs.net/mdimg/perfume-thumbs/dark-375x500.6384.avif,perfume-images/6384.avif,DOWNLOADED,image/avif
2711,1832-TMFO,MUSK PURE,6385,https://www.fragrantica.com/perfume/Tom-Ford/Musk-Pure-6385.html,https://fimgs.net/mdimg/perfume-thumbs/dark-375x500.6385.avif,perfume-images/6385.avif,DOWNLOADED,image/avif
1262,378-TMFO,WHITE SUEDE,6386,https://www.fragrantica.com/perfume/Tom-Ford/White-Suede-6386.html,https://fimgs.net/mdimg/perfume-thumbs/dark-375x500.6386.avif,perfume-images/6386.avif,DOWNLOADED,image/avif
819,758-KIL,BACK TO BLACK - KILIAN,6457,https://www.fragrantica.com/perfume/By-Kilian/Back-to-Black-6457.html,https://fimgs.net/mdimg/perfume-thumbs/dark-375x500.6457.avif,perfume-images/6457.avif,DOWNLOADED,image/avif
1811,449-BYR,BAL D'AFRIQUE,6458,https://www.fragrantica.com/perfume/Byredo/Bal-d-Afrique-6458.html,https://fimgs.net/mdimg/perfume-thumbs/dark-375x500.6458.avif,perfume-images/6458.avif,DOWNLOADED,image/avif
1192,292-JOM,VANILLA & ANISE - JO MALONE,6459,https://www.fragrantica.com/perfume/Jo-Malone-London/Vanilla-Anise-6459.html,https://fimgs.net/mdimg/perfume-thumbs/dark-375x500.6459.avif,perfume-images/6459.avif,DOWNLOADED,image/avif
653,563-DOL,ROSE THE ONE,6461,https://www.fragrantica.com/perfume/Dolce-Gabbana/Rose-The-One-6461.html,https://fimgs.net/mdimg/perfume-thumbs/dark-375x500.6461.avif,perfume-images/6461.avif,DOWNLOADED,image/avif
1216,321-NAS,black afgano nasomatto,6472,https://www.fragrantica.com/perfume/Nasomatto/Black-Afgano-6472.html,https://fimgs.net/mdimg/perfume-thumbs/dark-375x500.6472.avif,perfume-images/6472.avif,DOWNLOADED,image/avif
4333,2544-ACQ,Magnolia Nobile,6483,https://www.fragrantica.com/p/6483,https://fimgs.net/mdimg/perfume-thumbs/dark-375x500.6483.avif,perfume-images/6483.avif,DOWNLOADED,image/avif
1011,988-YZLO,PARISIENNE,6493,https://www.fragrantica.com/perfume/Yves-Saint-Laurent/Parisienne-6493.html,https://fimgs.net/mdimg/perfume-thumbs/dark-375x500.6493.avif,perfume-images/6493.avif,DOWNLOADED,image/avif
799,736-JUI,couture couture juicy couture,6496,https://www.fragrantica.com/perfume/Juicy-Couture/Couture-Couture-6496.html,https://fimgs.net/mdimg/perfume-thumbs/dark-375x500.6496.avif,perfume-images/6496.avif,DOWNLOADED,image/avif
1127,224-DIP,Do Son Eau de Toilette,6501,https://www.fragrantica.com/perfume/Diptyque/Do-Son-Eau-de-Toilette-6501.html,https://fimgs.net/mdimg/perfume-thumbs/dark-375x500.6501.avif,perfume-images/6501.avif,DOWNLOADED,image/avif
919,881-PRA,L'EAU AMBREE,6524,https://www.fragrantica.com/perfume/Prada/L-Eau-Ambree-6524.html,https://fimgs.net/mdimg/perfume-thumbs/dark-375x500.6524.avif,perfume-images/6524.avif,DOWNLOADED,image/avif
215,1122-GFE,in the mood for love gianfranco ferre,6530,https://www.fragrantica.com/p/6530,https://fimgs.net/mdimg/perfume-thumbs/dark-375x500.6530.avif,perfume-images/6530.avif,DOWNLOADED,image/avif
3809,2222-AMG,Epic Woman,6538,https://www.fragrantica.com/perfume/Amouage/Epic-Woman-6538.html,https://fimgs.net/mdimg/perfume-thumbs/dark-375x500.6538.avif,perfume-images/6538.avif,DOWNLOADED,image/avif
3899,2258-DRC,FAHRENEIT ABSOLUTE,6555,https://www.fragrantica.com/perfume/Dior/Fahrenheit-Absolute-6555.html,https://fimgs.net/mdimg/perfume-thumbs/dark-375x500.6555.avif,perfume-images/6555.avif,DOWNLOADED,image/avif
954,918-TMU,ALIEN Eau de Toilette,6616,https://www.fragrantica.com/perfume/Mugler/Alien-Eau-de-Toilette-6616.html,https://fimgs.net/mdimg/perfume-thumbs/dark-375x500.6616.avif,perfume-images/6616.avif,DOWNLOADED,image/avif
2563,451-BYR,Blanche,6686,https://www.fragrantica.com/perfume/Byredo/Blanche-6686.html,https://fimgs.net/mdimg/perfume-thumbs/dark-375x500.6686.avif,perfume-images/6686.avif,DOWNLOADED,image/avif
2090,347-TMFO,GREY VETIVER (M),6697,https://www.fragrantica.com/perfume/Tom-Ford/Grey-Vetiver-6697.html,https://fimgs.net/mdimg/perfume-thumbs/dark-375x500.6697.avif,perfume-images/6697.avif,DOWNLOADED,image/avif
2401,1659-CHRA,by night aguilera christina aromata,6714,https://www.fragrantica.com/perfume/Christina-Aguilera/Christina-Aguilera-by-Night-6714.html,https://fimgs.net/mdimg/perfume-thumbs/dark-375x500.6714.avif,perfume-images/6714.avif,DOWNLOADED,image/avif
4327,2547-KUR,Aqua Universalis,6804,https://www.fragrantica.com/perfume/Maison-Francis-Kurkdjian/Aqua-Universalis-6804.html,https://fimgs.net/mdimg/perfume-thumbs/dark-375x500.6804.avif,perfume-images/6804.avif,DOWNLOADED,image/avif
1120,217-CRD,SUBLIME VANILLE,7024,https://www.fragrantica.com/perfume/Creed/Sublime-Vanille-7024.html,https://fimgs.net/mdimg/perfume-thumbs/dark-375x500.7024.avif,perfume-images/7024.avif,DOWNLOADED,image/avif
1882,1090-COS,costume national,7047,https://www.fragrantica.com/perfume/CoSTUME-NATIONAL/Costume-National-Homme-7047.html,https://fimgs.net/mdimg/perfume-thumbs/dark-375x500.7047.avif,perfume-images/7047.avif,DOWNLOADED,image/avif
168,1071-DRC,AMBRE NUIT,7092,https://www.fragrantica.com/perfume/Dior/Ambre-Nuit-7092.html,https://fimgs.net/mdimg/perfume-thumbs/dark-375x500.7092.avif,perfume-images/7092.avif,DOWNLOADED,image/avif
2727,198-BON,HARRODS SWAROVSKI LIMITED EDITION - BOND,7166,https://www.fragrantica.com/perfume/Bond-No-9/Harrods-Swarovski-Limited-Edition-7166.html,https://fimgs.net/mdimg/perfume-thumbs/dark-375x500.7166.avif,perfume-images/7166.avif,DOWNLOADED,image/avif
513,404-BAL,BALE PARIS,7247,https://www.fragrantica.com/perfume/Balenciaga/Balenciaga-Paris-7247.html,https://fimgs.net/mdimg/perfume-thumbs/dark-375x500.7247.avif,perfume-images/7247.avif,DOWNLOADED,image/avif
693,607-ESC,MARINE GROOVE - ESCADA,7303,https://www.fragrantica.com/p/7303,https://fimgs.net/mdimg/perfume-thumbs/dark-375x500.7303.avif,perfume-images/7303.avif,DOWNLOADED,image/avif
2425,1696-CRD,Royal Water,7510,https://www.fragrantica.com/perfume/Creed/Royal-Water-7510.html,https://fimgs.net/mdimg/perfume-thumbs/dark-375x500.7510.avif,perfume-images/7510.avif,DOWNLOADED,image/avif
1121,218-CRD,VETIVER,7515,https://www.fragrantica.com/perfume/Creed/Vetiver-7515.html,https://fimgs.net/mdimg/perfume-thumbs/dark-375x500.7515.avif,perfume-images/7515.avif,DOWNLOADED,image/avif
1776,1187-JOV,white musk jovan,7524,https://www.fragrantica.com/perfume/Jovan/White-Musk-7524.html,https://fimgs.net/mdimg/perfume-thumbs/dark-375x500.7524.avif,perfume-images/7524.avif,DOWNLOADED,image/avif
534,428-BRB,BURBERRY SPORT,7613,https://www.fragrantica.com/perfume/Burberry/Burberry-Sport-for-Women-7613.html,https://fimgs.net/mdimg/perfume-thumbs/dark-375x500.7613.avif,perfume-images/7613.avif,DOWNLOADED,image/avif
129,1028-BRB,Sport for Men,7614,https://www.fragrantica.com/perfume/Burberry/Burberry-Sport-for-Men-7614.html,https://fimgs.net/mdimg/perfume-thumbs/dark-375x500.7614.avif,perfume-images/7614.avif,DOWNLOADED,image/avif
122,1021-BOG,one man show bogart jacques,7795,https://www.fragrantica.com/perfume/Jacques-Bogart/One-Man-Show-7795.html,https://fimgs.net/mdimg/perfume-thumbs/dark-375x500.7795.avif,perfume-images/7795.avif,DOWNLOADED,image/avif
789,723-GUL,X CLASSIQUE,7800,https://www.fragrantica.com/perfume/Jean-Paul-Gaultier/Classique-X-7800.html,https://fimgs.net/mdimg/perfume-thumbs/dark-375x500.7800.avif,perfume-images/7800.avif,DOWNLOADED,image/avif
3917,2284-HIS,1889 moulin rouge histoires de parfums,7816,https://www.fragrantica.com/perfume/Histoires-de-Parfums/1889-Moulin-Rouge-7816.html,https://fimgs.net/mdimg/perfume-thumbs/dark-375x500.7816.avif,perfume-images/7816.avif,DOWNLOADED,image/avif
2780,1861-ACQ,BLU MEDITERRANEO BERGAMOTTO DI CALABRIA,7826,https://www.fragrantica.com/perfume/Acqua-di-Parma/Acqua-di-Parma-Blu-Mediterraneo-Bergamotto-di-Calabria-7826.html,https://fimgs.net/mdimg/perfume-thumbs/dark-375x500.7826.avif,perfume-images/7826.avif,DOWNLOADED,image/avif
5111,2843-LEL,LABDANUM 18,7848,https://www.fragrantica.com/perfume/Le-Labo/Labdanum-18-7848.html,https://fimgs.net/mdimg/perfume-thumbs/dark-375x500.7848.avif,perfume-images/7848.avif,DOWNLOADED,image/avif
4250,2478-MARG,Untitled,7865,https://www.fragrantica.com/perfume/Maison-Martin-Margiela/untitled-7865.html,https://fimgs.net/mdimg/perfume-thumbs/dark-375x500.7865.avif,perfume-images/7865.avif,DOWNLOADED,image/avif
776,709-HER,VOYAGE D'HERMES - HERMES,7916,https://www.fragrantica.com/perfume/Hermes/Voyage-d-Hermes-7916.html,https://fimgs.net/mdimg/perfume-thumbs/dark-375x500.7916.avif,perfume-images/7916.avif,DOWNLOADED,image/avif
2764,583-DON,PURE DKNY - DONNA KARAN,7973,https://www.fragrantica.com/perfume/Donna-Karan/Pure-DKNY-7973.html,https://fimgs.net/mdimg/perfume-thumbs/dark-375x500.7973.avif,perfume-images/7973.avif,DOWNLOADED,image/avif
991,961-VICT,LOVE SPELL - VICTORIA'S SECRΕΤ,7988,https://www.fragrantica.com/perfume/Victoria-s-Secret/Love-Spell-7988.html,https://fimgs.net/mdimg/perfume-thumbs/dark-375x500.7988.avif,perfume-images/7988.avif,DOWNLOADED,image/avif
993,963-VICT,PURE SEDUCTION - VICTORIA'S SECRET,7989,https://www.fragrantica.com/perfume/Victoria-s-Secret/Pure-Seduction-7989.html,https://fimgs.net/mdimg/perfume-thumbs/dark-375x500.7989.avif,perfume-images/7989.avif,DOWNLOADED,image/avif
981,950-VICT,AMBER ROMANCE - VICTORIA'S SECRET,7990,https://www.fragrantica.com/perfume/Victoria-s-Secret/Amber-Romance-7990.html,https://fimgs.net/mdimg/perfume-thumbs/dark-375x500.7990.avif,perfume-images/7990.avif,DOWNLOADED,image/avif
985,955-VICT,COCONUT PASSION - VICTORIA'S SECRET,7993,https://www.fragrantica.com/perfume/Victoria-s-Secret/Coconut-Passion-7993.html,https://fimgs.net/mdimg/perfume-thumbs/dark-375x500.7993.avif,perfume-images/7993.avif,DOWNLOADED,image/avif
3488,2095-VICT,STRAWBERRIES & CHAMPAGNE - VICTORIA'S SECRET,8000,https://www.fragrantica.com/perfume/Victoria-s-Secret/Strawberries-and-Champagne-8000.html,https://fimgs.net/mdimg/perfume-thumbs/dark-375x500.8000.avif,perfume-images/8000.avif,DOWNLOADED,image/avif
3900,2255-VER,VERSUS,8009,https://www.fragrantica.com/perfume/Versace/Versus-8009.html,https://fimgs.net/mdimg/perfume-thumbs/dark-375x500.8009.avif,perfume-images/8009.avif,DOWNLOADED,image/avif
594,499-CHA,CHANCE EAU TENDRE,8069,https://www.fragrantica.com/perfume/Chanel/Chance-Eau-Tendre-8069.html,https://fimgs.net/mdimg/perfume-thumbs/dark-375x500.8069.avif,perfume-images/8069.avif,DOWNLOADED,image/avif
1152,244-JOM,Black Vetyver Cafe - Jo Malone,8278,https://www.fragrantica.com/perfume/Jo-Malone-London/Black-Vetyver-Cafe-8278.html,https://fimgs.net/mdimg/perfume-thumbs/dark-375x500.8278.avif,perfume-images/8278.avif,DOWNLOADED,image/avif
1898,452-BYR,LA TULIPE,8441,https://www.fragrantica.com/perfume/Byredo/La-Tulipe-8441.html,https://fimgs.net/mdimg/perfume-thumbs/dark-375x500.8441.avif,perfume-images/8441.avif,DOWNLOADED,image/avif
724,643-ARM,ACQUA DI GIOIA,8442,https://www.fragrantica.com/perfume/Giorgio-Armani/Acqua-di-Gioia-8442.html,https://fimgs.net/mdimg/perfume-thumbs/dark-375x500.8442.avif,perfume-images/8442.avif,DOWNLOADED,image/avif
1204,307-LOC,peony occitane,8458,https://www.fragrantica.com/perfume/L-Occitane-en-Provence/Peony-8458.html,https://fimgs.net/mdimg/perfume-thumbs/dark-375x500.8458.avif,perfume-images/8458.avif,DOWNLOADED,image/avif
3484,2107-GUR,TONKA IMPERIALE - GUERLAIN,8705,https://www.fragrantica.com/perfume/Guerlain/Tonka-Imperiale-8705.html,https://fimgs.net/mdimg/perfume-thumbs/dark-375x500.8705.avif,perfume-images/8705.avif,DOWNLOADED,image/avif
959,925-TMU,WOMANITY,8766,https://www.fragrantica.com/perfume/Mugler/Womanity-8766.html,https://fimgs.net/mdimg/perfume-thumbs/dark-375x500.8766.avif,perfume-images/8766.avif,DOWNLOADED,image/avif
565,465-CAL,BEAUTY - CALVIN KLEIN,8840,https://www.fragrantica.com/perfume/Calvin-Klein/Beauty-8840.html,https://fimgs.net/mdimg/perfume-thumbs/dark-375x500.8840.avif,perfume-images/8840.avif,DOWNLOADED,image/avif
1194,294-JOM,VERBENAS OF PROVENCE - JO MALONE is a Citrus Aromatic fragrance for women,8922,https://www.fragrantica.com/perfume/Jo-Malone-London/Verbenas-of-Provence-8922.html,https://fimgs.net/mdimg/perfume-thumbs/dark-375x500.8922.avif,perfume-images/8922.avif,DOWNLOADED,image/avif
289,1206-MAR,BANG - MARC JACOBS,8968,https://www.fragrantica.com/perfume/Marc-Jacobs/Bang-8968.html,https://fimgs.net/mdimg/perfume-thumbs/dark-375x500.8968.avif,perfume-images/8968.avif,DOWNLOADED,image/avif
184,1089-COM,wonderwood comme des garcons,8991,https://www.fragrantica.com/perfume/Comme-des-Garcons/Wonderwood-8991.html,https://fimgs.net/mdimg/perfume-thumbs/dark-375x500.8991.avif,perfume-images/8991.avif,DOWNLOADED,image/avif
1917,884-RAL,BIG PONY 2,9006,https://www.fragrantica.com/perfume/Ralph-Lauren/Big-Pony-2-9006.html,https://fimgs.net/mdimg/perfume-thumbs/dark-375x500.9006.avif,perfume-images/9006.avif,DOWNLOADED,image/avif
1267,384-YAR,english rose yardley,9010,https://www.fragrantica.com/perfume/Yardley/English-Rose-9010.html,https://fimgs.net/mdimg/perfume-thumbs/dark-375x500.9010.avif,perfume-images/9010.avif,DOWNLOADED,image/avif
1945,385-YAR,lily of the valley yardley,9012,https://www.fragrantica.com/perfume/Yardley/Lily-of-the-Valley-9012.html,https://fimgs.net/mdimg/perfume-thumbs/dark-375x500.9012.avif,perfume-images/9012.avif,DOWNLOADED,image/avif
901,860-PAC,LADY MILLION,9045,https://www.fragrantica.com/perfume/Rabanne/Lady-Million-9045.html,https://fimgs.net/mdimg/perfume-thumbs/dark-375x500.9045.avif,perfume-images/9045.avif,DOWNLOADED,image/avif
164,1067-CHA,BLEU,9099,https://www.fragrantica.com/perfume/Chanel/Bleu-de-Chanel-9099.html,https://fimgs.net/mdimg/perfume-thumbs/dark-375x500.9099.avif,perfume-images/9099.avif,DOWNLOADED,image/avif
747,671-GIV,PLAY FOR HER,9369,https://www.fragrantica.com/perfume/Givenchy/Play-For-Her-9369.html,https://fimgs.net/mdimg/perfume-thumbs/dark-375x500.9369.avif,perfume-images/9369.avif,DOWNLOADED,image/avif
608,513-CHL,LOVE - CHLOE,9370,https://www.fragrantica.com/perfume/Chloe/Love-9370.html,https://fimgs.net/mdimg/perfume-thumbs/dark-375x500.9370.avif,perfume-images/9370.avif,DOWNLOADED,image/avif
1000,976-YZLO,BELLE D'OPIUM,9394,https://www.fragrantica.com/perfume/Yves-Saint-Laurent/Belle-d-Opium-9394.html,https://fimgs.net/mdimg/perfume-thumbs/dark-375x500.9394.avif,perfume-images/9394.avif,DOWNLOADED,image/avif
848,801-LANV,MARRY ME,9405,https://www.fragrantica.com/perfume/Lanvin/Marry-Me-9405.html,https://fimgs.net/mdimg/perfume-thumbs/dark-375x500.9405.avif,perfume-images/9405.avif,DOWNLOADED,image/avif
267,1180-GUL,LE MALE TERRIBLE,9502,https://www.fragrantica.com/perfume/Jean-Paul-Gaultier/Le-Male-Terrible-9502.html,https://fimgs.net/mdimg/perfume-thumbs/dark-375x500.9502.avif,perfume-images/9502.avif,DOWNLOADED,image/avif
1165,259-JOM,HONEYSUCKLE & JASMINE - JO MALONE,9554,https://www.fragrantica.com/perfume/Jo-Malone-London/Honeysuckle-Jasmine-9554.html,https://fimgs.net/mdimg/perfume-thumbs/dark-375x500.9554.avif,perfume-images/9554.avif,DOWNLOADED,image/avif
622,529-DRC,HYPNOTIC POISON EAU SENSUELLE,9600,https://www.fragrantica.com/perfume/Dior/Hypnotic-Poison-Eau-Sensuelle-9600.html,https://fimgs.net/mdimg/perfume-thumbs/dark-375x500.9600.avif,perfume-images/9600.avif,DOWNLOADED,image/avif
753,678-GUC,Guilty,9677,https://www.fragrantica.com/perfume/Gucci/Gucci-Guilty-9677.html,https://fimgs.net/mdimg/perfume-thumbs/dark-375x500.9677.avif,perfume-images/9677.avif,DOWNLOADED,image/avif
2148,966-VICT,TEASE - VICTORIA'S SECRET,9730,https://www.fragrantica.com/perfume/Victoria-s-Secret/Sexy-Little-Things-Noir-Tease-9730.html,https://fimgs.net/mdimg/perfume-thumbs/dark-375x500.9730.avif,perfume-images/9730.avif,DOWNLOADED,image/avif
1110,204-CRD,Avent,9828,https://www.fragrantica.com/perfume/Creed/Aventus-9828.html,https://fimgs.net/mdimg/perfume-thumbs/dark-375x500.9828.avif,perfume-images/9828.avif,DOWNLOADED,image/avif
112,1010-ACQ,Essenza di Colonia,9829,https://www.fragrantica.com/perfume/Acqua-di-Parma/Essenza-di-Colonia-9829.html,https://fimgs.net/mdimg/perfume-thumbs/dark-375x500.9829.avif,perfume-images/9829.avif,DOWNLOADED,image/avif
718,635-EST,SENSUOUS NOIR - ESTEE LAUDER,9895,https://www.fragrantica.com/perfume/Estee-Lauder/Sensuous-Noir-9895.html,https://fimgs.net/mdimg/perfume-thumbs/dark-375x500.9895.avif,perfume-images/9895.avif,DOWNLOADED,image/avif
3367,1986-SOO,1986 soo ν,10016,https://www.fragrantica.com/perfume/SoOud/Nur-10016.html,https://fimgs.net/mdimg/perfume-thumbs/dark-375x500.10016.avif,perfume-images/10016.avif,DOWNLOADED,image/avif
3686,2190-ROJ,2190 roj ν,10109,https://www.fragrantica.com/perfume/Roja-Dove/Diaghilev-10109.html,https://fimgs.net/mdimg/perfume-thumbs/dark-375x500.10109.avif,perfume-images/10109.avif,DOWNLOADED,image/avif
578,481-CAR,212 VIP,10126,https://www.fragrantica.com/perfume/Carolina-Herrera/212-VIP-10126.html,https://fimgs.net/mdimg/perfume-thumbs/dark-375x500.10126.avif,perfume-images/10126.avif,DOWNLOADED,image/avif
2750,1850-LEL,ANOTHER 13 - LE LABO,10131,https://www.fragrantica.com/perfume/Le-Labo/Another-13-10131.html,https://fimgs.net/mdimg/perfume-thumbs/dark-375x500.10131.avif,perfume-images/10131.avif,DOWNLOADED,image/avif
1927,952-VICT,BOMBSHELL - VICTORIA'S SECRET,10190,https://www.fragrantica.com/perfume/Victoria-s-Secret/Bombshell-10190.html,https://fimgs.net/mdimg/perfume-thumbs/dark-375x500.10190.avif,perfume-images/10190.avif,DOWNLOADED,image/avif
3630,2171-XER,,10244,https://www.fragrantica.com/perfume/Xerjoff/Nio-10244.html,https://fimgs.net/mdimg/perfume-thumbs/dark-375x500.10244.avif,perfume-images/10244.avif,DOWNLOADED,image/avif
2696,1801-JUL,NOT A PERFUME - JULIETTE HAS A GUN,10296,https://www.fragrantica.com/perfume/Juliette-Has-A-Gun/Not-A-Perfume-10296.html,https://fimgs.net/mdimg/perfume-thumbs/dark-375x500.10296.avif,perfume-images/10296.avif,DOWNLOADED,image/avif
3337,251-JOM,251 jom mix 780 lan,10314,https://www.fragrantica.com/perfume/Jo-Malone-London/English-Pear-Freesia-10314.html,https://fimgs.net/mdimg/perfume-thumbs/dark-375x500.10314.avif,perfume-images/10314.avif,DOWNLOADED,image/avif
1158,251-JOM,ENGLISH PEAR & FREESIA - JO MALONE,10314,https://www.fragrantica.com/perfume/Jo-Malone-London/English-Pear-Freesia-10314.html,https://fimgs.net/mdimg/perfume-thumbs/dark-375x500.10314.avif,perfume-images/10314.avif,DOWNLOADED,image/avif
517,409-BOB,BEACH - BOBBI BROWN,10456,https://www.fragrantica.com/perfume/Bobbi-Brown/Beach-10456.html,https://fimgs.net/mdimg/perfume-thumbs/dark-375x500.10456.avif,perfume-images/10456.avif,DOWNLOADED,image/avif
723,641-FRE,PORTRAIT OF A LADY,10464,https://www.fragrantica.com/perfume/Frederic-Malle/Portrait-of-a-Lady-10464.html,https://fimgs.net/mdimg/perfume-thumbs/dark-375x500.10464.avif,perfume-images/10464.avif,DOWNLOADED,image/avif
2683,1809-PEN,SARTORIAL,10559,https://www.fragrantica.com/perfume/Penhaligon-s/Sartorial-10559.html,https://fimgs.net/mdimg/perfume-thumbs/dark-375x500.10559.avif,perfume-images/10559.avif,DOWNLOADED,image/avif
798,735-JIM,stars jimmy choo dupe,10573,https://www.fragrantica.com/perfume/Jimmy-Choo/Jimmy-Choo-10573.html,https://fimgs.net/mdimg/perfume-thumbs/dark-375x500.10573.avif,perfume-images/10573.avif,DOWNLOADED,image/avif
797,734-JIM,jimmy choo,10573,https://www.fragrantica.com/perfume/Jimmy-Choo/Jimmy-Choo-10573.html,https://fimgs.net/mdimg/perfume-thumbs/dark-375x500.10573.avif,perfume-images/10573.avif,DOWNLOADED,image/avif
3908,2254-VER,VANITAS,10574,https://www.fragrantica.com/perfume/Versace/Vanitas-10574.html,https://fimgs.net/mdimg/perfume-thumbs/dark-375x500.10574.avif,perfume-images/10574.avif,DOWNLOADED,image/avif
695,611-ESC,TAJ SUNSET - ESCADA,10611,https://www.fragrantica.com/p/10611,https://fimgs.net/mdimg/perfume-thumbs/dark-375x500.10611.avif,perfume-images/10611.avif,DOWNLOADED,image/avif
2748,1844-BYR,Oud Immortel,10759,https://www.fragrantica.com/perfume/Byredo/Oud-Immortel-10759.html,https://fimgs.net/mdimg/perfume-thumbs/dark-375x500.10759.avif,perfume-images/10759.avif,DOWNLOADED,image/avif
5112,2844-LUS,BLACK PEARL,10802,https://www.fragrantica.com/perfume/Lush/Black-Pearl-10802.html,https://fimgs.net/mdimg/perfume-thumbs/dark-375x500.10802.avif,perfume-images/10802.avif,DOWNLOADED,image/avif
3199,2007-SWISA,habeitak swiss arabian,10845,https://www.fragrantica.com/perfume/Swiss-Arabian/Habeitak-10845.html,https://fimgs.net/mdimg/perfume-thumbs/dark-375x500.10845.avif,perfume-images/10845.avif,DOWNLOADED,image/avif
1142,193-ARM,ROYAL OUD,10884,https://www.fragrantica.com/perfume/Giorgio-Armani/Armani-Prive-Oud-Royal-10884.html,https://fimgs.net/mdimg/perfume-thumbs/dark-375x500.10884.avif,perfume-images/10884.avif,DOWNLOADED,image/avif
1796,110-ARM,ROSE D'ARABIE,10886,https://www.fragrantica.com/perfume/Giorgio-Armani/Armani-Prive-Rose-d-Arabie-10886.html,https://fimgs.net/mdimg/perfume-thumbs/dark-375x500.10886.avif,perfume-images/10886.avif,DOWNLOADED,image/avif
669,580-DON,GOLDEN DELICIOUS - DKNY,10914,https://www.fragrantica.com/perfume/Donna-Karan/DKNY-Golden-Delicious-10914.html,https://fimgs.net/mdimg/perfume-thumbs/dark-375x500.10914.avif,perfume-images/10914.avif,DOWNLOADED,image/avif
237,1147-GUC,Guilty pour Homme,11037,https://www.fragrantica.com/perfume/Gucci/Guilty-Pour-Homme-11037.html,https://fimgs.net/mdimg/perfume-thumbs/dark-375x500.11037.avif,perfume-images/11037.avif,DOWNLOADED,image/avif
3684,2184-KIL,INCENSE OUD - KILIAN,11090,https://www.fragrantica.com/perfume/By-Kilian/Incense-Oud-11090.html,https://fimgs.net/mdimg/perfume-thumbs/dark-375x500.11090.avif,perfume-images/11090.avif,DOWNLOADED,image/avif
5116,2848-PRFRO,VANITAS,11220,https://www.fragrantica.com/p/11220,https://fimgs.net/mdimg/perfume-thumbs/dark-375x500.11220.avif,perfume-images/11220.avif,DOWNLOADED,image/avif
4107,2340-BON,NEW YORK OUD - BOND,11234,https://www.fragrantica.com/perfume/Bond-No-9/New-York-Oud-11234.html,https://fimgs.net/mdimg/perfume-thumbs/dark-375x500.11234.avif,perfume-images/11234.avif,DOWNLOADED,image/avif
953,917-SWA,aura intense swarovski,11258,https://www.fragrantica.com/perfume/Swarovski/Aura-11258.html,https://fimgs.net/mdimg/perfume-thumbs/dark-375x500.11258.avif,perfume-images/11258.avif,DOWNLOADED,image/avif
840,791-LAN,O DE L'ORANGERIE,11345,https://www.fragrantica.com/perfume/Lancome/O-de-L-Orangerie-11345.html,https://fimgs.net/mdimg/perfume-thumbs/dark-375x500.11345.avif,perfume-images/11345.avif,DOWNLOADED,image/avif
2658,1796-SERG,Jeux de Peau Serge Lutens,11350,https://www.fragrantica.com/perfume/Serge-Lutens/Jeux-de-Peau-11350.html,https://fimgs.net/mdimg/perfume-thumbs/dark-375x500.11350.avif,perfume-images/11350.avif,DOWNLOADED,image/avif
3355,1973-ETLR,ARCHIVES 69 - ETAT LIBRE D'ORANGE,11411,https://www.fragrantica.com/perfume/Etat-Libre-d-Orange/Archives-69-11411.html,https://fimgs.net/mdimg/perfume-thumbs/dark-375x500.11411.avif,perfume-images/11411.avif,DOWNLOADED,image/avif
1156,249-JOM,Earl Grey & Cucumber - Jo Malone,11488,https://www.fragrantica.com/perfume/Jo-Malone-London/Earl-Grey-Cucumber-11488.html,https://fimgs.net/mdimg/perfume-thumbs/dark-375x500.11488.avif,perfume-images/11488.avif,DOWNLOADED,image/avif
548,442-BLG,MON JASMIN NOIR,11512,https://www.fragrantica.com/perfume/Bvlgari/Mon-Jasmin-Noir-11512.html,https://fimgs.net/mdimg/perfume-thumbs/dark-375x500.11512.avif,perfume-images/11512.avif,DOWNLOADED,image/avif
703,620-EST,BRONZE GODDESS SOLEIL - ESTEE LAUDER,11537,https://www.fragrantica.com/perfume/Estee-Lauder/Bronze-Goddess-Soleil-11537.html,https://fimgs.net/mdimg/perfume-thumbs/dark-375x500.11537.avif,perfume-images/11537.avif,DOWNLOADED,image/avif
704,621-EST,BR.GOD. SUMMER LIM.EDITION - ESTEE LAUDER,11538,https://www.fragrantica.com/perfume/Estee-Lauder/Bronze-Goddess-2011-11538.html,https://fimgs.net/mdimg/perfume-thumbs/dark-375x500.11538.avif,perfume-images/11538.avif,DOWNLOADED,image/avif
4432,2625-GUR,L'Instant de pour Homme Eau Extreme,11570,https://www.fragrantica.com/perfume/Guerlain/L-Instant-de-Guerlain-pour-Homme-Eau-Extreme-11570.html,https://fimgs.net/mdimg/perfume-thumbs/dark-375x500.11570.avif,perfume-images/11570.avif,DOWNLOADED,image/avif
299,1218-MOS,FOREVER - MOSCHINO,11613,https://www.fragrantica.com/perfume/Moschino/Moschino-Forever-11613.html,https://fimgs.net/mdimg/perfume-thumbs/dark-375x500.11613.avif,perfume-images/11613.avif,DOWNLOADED,image/avif
2553,1736-PRFRO,ARSO - PROFUMUM ROMA,11700,https://www.fragrantica.com/p/11700,https://fimgs.net/mdimg/perfume-thumbs/dark-375x500.11700.avif,perfume-images/11700.avif,DOWNLOADED,image/avif
2752,1852-PRFRO,BATTITO D'ALI - PROFUMUM ROMA,11701,https://www.fragrantica.com/p/11701,https://fimgs.net/mdimg/perfume-thumbs/dark-375x500.11701.avif,perfume-images/11701.avif,DOWNLOADED,image/avif
845,798-LAN,TRESOR MIDNIGHT ROSE,11721,https://www.fragrantica.com/perfume/Lancome/Tresor-Midnight-Rose-11721.html,https://fimgs.net/mdimg/perfume-thumbs/dark-375x500.11721.avif,perfume-images/11721.avif,DOWNLOADED,image/avif
3685,2186-PARF,GODOLPHIN - PARFUMS DE MARLY,11771,https://www.fragrantica.com/perfume/Parfums-de-Marly/Godolphin-11771.html,https://fimgs.net/mdimg/perfume-thumbs/dark-375x500.11771.avif,perfume-images/11771.avif,DOWNLOADED,image/avif
293,1211-MNTB,LEGEND FOR MEN - MONT BLANC,11784,https://www.fragrantica.com/perfume/Montblanc/Legend-11784.html,https://fimgs.net/mdimg/perfume-thumbs/dark-375x500.11784.avif,perfume-images/11784.avif,DOWNLOADED,image/avif
3729,2191-XER,Bouquet Ideale,11800,https://www.fragrantica.com/perfume/Xerjoff/Bouquet-Ideale-11800.html,https://fimgs.net/mdimg/perfume-thumbs/dark-375x500.11800.avif,perfume-images/11800.avif,DOWNLOADED,image/avif
2349,1635-XER,LIRA,11801,https://www.fragrantica.com/perfume/Xerjoff/Lira-11801.html,https://fimgs.net/mdimg/perfume-thumbs/dark-375x500.11801.avif,perfume-images/11801.avif,DOWNLOADED,image/avif
2708,1829-BOB,Bath,11983,https://www.fragrantica.com/perfume/Bobbi-Brown/Bath-11983.html,https://fimgs.net/mdimg/perfume-thumbs/dark-375x500.11983.avif,perfume-images/11983.avif,DOWNLOADED,image/avif
2613,1751-GUL,MADAME,12088,https://www.fragrantica.com/perfume/Cortina-1224/Madame-12088.html,https://fimgs.net/mdimg/perfume-thumbs/dark-375x500.12088.avif,perfume-images/12088.avif,DOWNLOADED,image/avif
2938,1945-XER,RENAISSANCE XJ 1861,12126,https://www.fragrantica.com/perfume/Xerjoff/XJ-1861-Renaissance-12126.html,https://fimgs.net/mdimg/perfume-thumbs/dark-375x500.12126.avif,perfume-images/12126.avif,DOWNLOADED,image/avif
2237,147-NAS,,12130,https://www.fragrantica.com/perfume/Nasomatto/Pardon-12130.html,https://fimgs.net/mdimg/perfume-thumbs/dark-375x500.12130.avif,perfume-images/12130.avif,DOWNLOADED,image/avif
743,667-GIV,Dahlia Noir,12146,https://www.fragrantica.com/perfume/Givenchy/Dahlia-Noir-12146.html,https://fimgs.net/mdimg/perfume-thumbs/dark-375x500.12146.avif,perfume-images/12146.avif,DOWNLOADED,image/avif
1243,355-TMFO,NEROLI PORTOFINO,12192,https://www.fragrantica.com/perfume/Tom-Ford/Neroli-Portofino-12192.html,https://fimgs.net/mdimg/perfume-thumbs/dark-375x500.12192.avif,perfume-images/12192.avif,DOWNLOADED,image/avif
1815,131-LEL,Le Labo Santal 33,12201,https://www.fragrantica.com/perfume/Le-Labo/Santal-33-12201.html,https://fimgs.net/mdimg/perfume-thumbs/dark-375x500.12201.avif,perfume-images/12201.avif,DOWNLOADED,image/avif
1124,221-DIP,34 BOULEVARD SAINT GERMAIN 2011,12208,https://www.fragrantica.com/perfume/Diptyque/34-Boulevard-Saint-Germain-12208.html,https://fimgs.net/mdimg/perfume-thumbs/dark-375x500.12208.avif,perfume-images/12208.avif,DOWNLOADED,image/avif
719,636-EST,SENSUOUS NUDE - ESTEE LAUDER,12219,https://www.fragrantica.com/perfume/Estee-Lauder/Sensuous-Nude-12219.html,https://fimgs.net/mdimg/perfume-thumbs/dark-375x500.12219.avif,perfume-images/12219.avif,DOWNLOADED,image/avif
677,588-ELI,elie saab la parfum elie saab,12258,https://www.fragrantica.com/p/12258,https://fimgs.net/mdimg/perfume-thumbs/dark-375x500.12258.avif,perfume-images/12258.avif,DOWNLOADED,image/avif
2438,1700-MNT,MUSK TO MUSK - MONTALE,12299,https://www.fragrantica.com/perfume/Montale/Musk-to-Musk-12299.html,https://fimgs.net/mdimg/perfume-thumbs/dark-375x500.12299.avif,perfume-images/12299.avif,DOWNLOADED,image/avif
1199,300-JOM,WILD BLUEBELL - JO MALONE Type,12310,https://www.fragrantica.com/perfume/Jo-Malone-London/Wild-Bluebell-12310.html,https://fimgs.net/mdimg/perfume-thumbs/dark-375x500.12310.avif,perfume-images/12310.avif,DOWNLOADED,image/avif
1116,213-CRD,ROYAL OUD,12317,https://www.fragrantica.com/perfume/Creed/Royal-Oud-12317.html,https://fimgs.net/mdimg/perfume-thumbs/dark-375x500.12317.avif,perfume-images/12317.avif,DOWNLOADED,image/avif
725,644-ARM,ACQUA DI GIOIA ESSENZA,12402,https://www.fragrantica.com/perfume/Giorgio-Armani/Acqua-di-Gioia-Essenza-12402.html,https://fimgs.net/mdimg/perfume-thumbs/dark-375x500.12402.avif,perfume-images/12402.avif,DOWNLOADED,image/avif
596,501-CHA,No 19 POUDRE,12424,https://www.fragrantica.com/perfume/Chanel/Chanel-No-19-Poudre-12424.html,https://fimgs.net/mdimg/perfume-thumbs/dark-375x500.12424.avif,perfume-images/12424.avif,DOWNLOADED,image/avif
595,500-CHA,No 19,12424,https://www.fragrantica.com/perfume/Chanel/Chanel-No-19-Poudre-12424.html,https://fimgs.net/mdimg/perfume-thumbs/dark-375x500.12424.avif,perfume-images/12424.avif,DOWNLOADED,image/avif
912,872-PRA,Candy,12426,https://www.fragrantica.com/perfume/Prada/Prada-Candy-12426.html,https://fimgs.net/mdimg/perfume-thumbs/dark-375x500.12426.avif,perfume-images/12426.avif,DOWNLOADED,image/avif
661,572-DIE,LOVERDOS,12446,https://www.fragrantica.com/perfume/Diesel/Loverdose-12446.html,https://fimgs.net/mdimg/perfume-thumbs/dark-375x500.12446.avif,perfume-images/12446.avif,DOWNLOADED,image/avif
150,1051-CAL,ONE SHOCK FOR HIM - CALVIN KLEIN,12520,https://www.fragrantica.com/perfume/Calvin-Klein/CK-One-Shock-For-Him-12520.html,https://fimgs.net/mdimg/perfume-thumbs/dark-375x500.12520.avif,perfume-images/12520.avif,DOWNLOADED,image/avif
358,1282-YZLO,L'HOMME LIBRE,12602,https://www.fragrantica.com/perfume/Yves-Saint-Laurent/L-Homme-Libre-12602.html,https://fimgs.net/mdimg/perfume-thumbs/dark-375x500.12602.avif,perfume-images/12602.avif,DOWNLOADED,image/avif
2758,1858-KUR,AQUA UNIVERSALIS FORTE,12710,https://www.fragrantica.com/perfume/Maison-Francis-Kurkdjian/Aqua-Universalis-Forte-12710.html,https://fimgs.net/mdimg/perfume-thumbs/dark-375x500.12710.avif,perfume-images/12710.avif,DOWNLOADED,image/avif
265,1177-GUL,KOKORICO,12711,https://www.fragrantica.com/perfume/Jean-Paul-Gaultier/Kokorico-12711.html,https://fimgs.net/mdimg/perfume-thumbs/dark-375x500.12711.avif,perfume-images/12711.avif,DOWNLOADED,image/avif
2933,1927-AMG,AMOUAGE,12762,https://www.fragrantica.com/perfume/Amouage/Honour-Woman-12762.html,https://fimgs.net/mdimg/perfume-thumbs/dark-375x500.12762.avif,perfume-images/12762.avif,DOWNLOADED,image/avif
2698,1821-TMFO,JASMIN ROUGE,12765,https://www.fragrantica.com/perfume/Tom-Ford/Jasmin-Rouge-12765.html,https://fimgs.net/mdimg/perfume-thumbs/dark-375x500.12765.avif,perfume-images/12765.avif,DOWNLOADED,image/avif
2298,1547-TMFO,SANTAL BLUSH,12766,https://www.fragrantica.com/perfume/Tom-Ford/Santal-Blush-12766.html,https://fimgs.net/mdimg/perfume-thumbs/dark-375x500.12766.avif,perfume-images/12766.avif,DOWNLOADED,image/avif
2712,1834-TMFO,VIOLET BLONDE,12767,https://www.fragrantica.com/perfume/Tom-Ford/Violet-Blonde-12767.html,https://fimgs.net/mdimg/perfume-thumbs/dark-375x500.12767.avif,perfume-images/12767.avif,DOWNLOADED,image/avif
969,938-VAL,VALENTINA - VALENTINO,12770,https://www.fragrantica.com/perfume/Valentino/Valentina-12770.html,https://fimgs.net/mdimg/perfume-thumbs/dark-375x500.12770.avif,perfume-images/12770.avif,DOWNLOADED,image/avif
519,413-BOT,BOTTEGA VENETA-BOTTEGA VENETA,12863,https://www.fragrantica.com/perfume/Bottega-Veneta/Bottega-Veneta-12863.html,https://fimgs.net/mdimg/perfume-thumbs/dark-375x500.12863.avif,perfume-images/12863.avif,DOWNLOADED,image/avif
154,1056-CAR,212 VIP MEN,12865,https://www.fragrantica.com/perfume/Carolina-Herrera/212-VIP-Men-12865.html,https://fimgs.net/mdimg/perfume-thumbs/dark-375x500.12865.avif,perfume-images/12865.avif,DOWNLOADED,image/avif
583,487-CRT,BAISER VOLE - CARTIER,12878,https://www.fragrantica.com/perfume/Cartier/Baiser-Vole-12878.html,https://fimgs.net/mdimg/perfume-thumbs/dark-375x500.12878.avif,perfume-images/12878.avif,DOWNLOADED,image/avif
1878,337-TIFF,SHEER - TIFFANY & CO,12922,https://www.fragrantica.com/perfume/Tiffany/Sheer-Tiffany-12922.html,https://fimgs.net/mdimg/perfume-thumbs/dark-375x500.12922.avif,perfume-images/12922.avif,DOWNLOADED,image/avif
2703,1826-JOM,Iris & White Musk by Jo Malone London,12926,https://www.fragrantica.com/perfume/Jo-Malone-London/Iris-White-Musk-12926.html,https://fimgs.net/mdimg/perfume-thumbs/dark-375x500.12926.avif,perfume-images/12926.avif,DOWNLOADED,image/avif
1148,240-JOM,Amber & Patchouli - Jo Malone,12927,https://www.fragrantica.com/perfume/Jo-Malone-London/Amber-Patchouli-12927.html,https://fimgs.net/mdimg/perfume-thumbs/dark-375x500.12927.avif,perfume-images/12927.avif,DOWNLOADED,image/avif
2087,276-JOM,Oud & Bergamot by Jo Malone London,12928,https://www.fragrantica.com/perfume/Jo-Malone-London/Oud-Bergamot-12928.html,https://fimgs.net/mdimg/perfume-thumbs/dark-375x500.12928.avif,perfume-images/12928.avif,DOWNLOADED,image/avif
2283,1483-DSQ,potion dsquared,12937,https://www.fragrantica.com/perfume/DSQUARED2/Potion-12937.html,https://fimgs.net/mdimg/perfume-thumbs/dark-375x500.12937.avif,perfume-images/12937.avif,DOWNLOADED,image/avif
527,421-BRB,BURBERRY BODY,13014,https://www.fragrantica.com/perfume/Burberry/Body-13014.html,https://fimgs.net/mdimg/perfume-thumbs/dark-375x500.13014.avif,perfume-images/13014.avif,DOWNLOADED,image/avif
4111,2377-VICT,VANILLA LACE - VICTORIA'S SECRET,13033,https://www.fragrantica.com/perfume/Victoria-s-Secret/Vanilla-Lace-13033.html,https://fimgs.net/mdimg/perfume-thumbs/dark-375x500.13033.avif,perfume-images/13033.avif,DOWNLOADED,image/avif
2316,1552-VER,YELLOW DIAMOND,13064,https://www.fragrantica.com/perfume/Versace/Yellow-Diamond-13064.html,https://fimgs.net/mdimg/perfume-thumbs/dark-375x500.13064.avif,perfume-images/13064.avif,DOWNLOADED,image/avif
963,929-TRU,DONNA,13066,https://www.fragrantica.com/perfume/Trussardi/Donna-Trussardi-2011-13066.html,https://fimgs.net/mdimg/perfume-thumbs/dark-375x500.13066.avif,perfume-images/13066.avif,DOWNLOADED,image/avif
236,1146-GUC,Guilty Intense,13075,https://www.fragrantica.com/perfume/Gucci/Gucci-Guilty-Intense-Pour-Homme-13075.html,https://fimgs.net/mdimg/perfume-thumbs/dark-375x500.13075.avif,perfume-images/13075.avif,DOWNLOADED,image/avif
3902,1866-GUC,Guilty Intense,13201,https://www.fragrantica.com/p/13201,https://fimgs.net/mdimg/perfume-thumbs/dark-375x500.13201.avif,perfume-images/13201.avif,DOWNLOADED,image/avif
995,965-VICT,notes ofSEXY LITTLE THINGS-NOIR TEASE TEMPTATION - VICTORIA'S SECRET,13261,https://www.fragrantica.com/perfume/Victoria-s-Secret/Sexy-Little-Things-Noir-Tease-Temptation-13261.html,https://fimgs.net/mdimg/perfume-thumbs/dark-375x500.13261.avif,perfume-images/13261.avif,DOWNLOADED,image/avif
2724,329-PEN,JUNIPER SLING,13266,https://www.fragrantica.com/perfume/Penhaligon-s/Juniper-Sling-13266.html,https://fimgs.net/mdimg/perfume-thumbs/dark-375x500.13266.avif,perfume-images/13266.avif,DOWNLOADED,image/avif
2449,1722-CRD,White Flowers,13390,https://www.fragrantica.com/perfume/Creed/White-Flowers-13390.html,https://fimgs.net/mdimg/perfume-thumbs/dark-375x500.13390.avif,perfume-images/13390.avif,DOWNLOADED,image/avif
5015,2774-MIL,La Fumee Miller Harris,13410,https://www.fragrantica.com/p/13410,https://fimgs.net/mdimg/perfume-thumbs/dark-375x500.13410.avif,perfume-images/13410.avif,DOWNLOADED,image/avif
581,484-CAR,212 WHITE,13618,https://www.fragrantica.com/perfume/Carolina-Herrera/212-White-13618.html,https://fimgs.net/mdimg/perfume-thumbs/dark-375x500.13618.avif,perfume-images/13618.avif,DOWNLOADED,image/avif
4365,2553-BON,Andy Warhol Bond No 9,13630,https://www.fragrantica.com/perfume/Bond-No-9/Andy-Warhol-13630.html,https://fimgs.net/mdimg/perfume-thumbs/dark-375x500.13630.avif,perfume-images/13630.avif,DOWNLOADED,image/avif
943,907-SFER,signorina ferragamo dupe,13639,https://www.fragrantica.com/perfume/Salvatore-Ferragamo/Signorina-13639.html,https://fimgs.net/mdimg/perfume-thumbs/dark-375x500.13639.avif,perfume-images/13639.avif,DOWNLOADED,image/avif
1923,173-SOS,accento sospiro perfumes u,13816,https://www.fragrantica.com/perfume/Sospiro-Perfumes/Accento-13816.html,https://fimgs.net/mdimg/perfume-thumbs/dark-375x500.13816.avif,perfume-images/13816.avif,DOWNLOADED,image/avif
1184,282-JOM,POMELO - JO MALONE,13826,https://www.fragrantica.com/perfume/Jo-Loves/Pomelo-13826.html,https://fimgs.net/mdimg/perfume-thumbs/dark-375x500.13826.avif,perfume-images/13826.avif,DOWNLOADED,image/avif
1163,257-JOM,GREEN ORANGE & CORIANDER - JO MALONE,13827,https://www.fragrantica.com/perfume/Jo-Loves/Green-Orange-Coriander-13827.html,https://fimgs.net/mdimg/perfume-thumbs/dark-375x500.13827.avif,perfume-images/13827.avif,DOWNLOADED,image/avif
1160,254-JOM,GARDENIA - JO MALONE,13829,https://www.fragrantica.com/perfume/Jo-Loves/Gardenia-13829.html,https://fimgs.net/mdimg/perfume-thumbs/dark-375x500.13829.avif,perfume-images/13829.avif,DOWNLOADED,image/avif
352,1276-VIC,SPICEBOMB,13857,https://www.fragrantica.com/perfume/Viktor-Rolf/Spicebomb-13857.html,https://fimgs.net/mdimg/perfume-thumbs/dark-375x500.13857.avif,perfume-images/13857.avif,DOWNLOADED,image/avif
117,1015-AZZ,Night Time,13965,https://www.fragrantica.com/perfume/Azzaro/Azzaro-Pour-Homme-Night-Time-13965.html,https://fimgs.net/mdimg/perfume-thumbs/dark-375x500.13965.avif,perfume-images/13965.avif,DOWNLOADED,image/avif
607,512-CHL,L'EAU DE CHLOE,14000,https://www.fragrantica.com/perfume/Chloe/L-Eau-de-Chloe-14000.html,https://fimgs.net/mdimg/perfume-thumbs/dark-375x500.14000.avif,perfume-images/14000.avif,DOWNLOADED,image/avif
1198,299-JOM,WHITE LILAC & RHUBARB - JO MALONE Clone,14134,https://www.fragrantica.com/perfume/Jo-Malone-London/White-Lilac-Rhubarb-14134.html,https://fimgs.net/mdimg/perfume-thumbs/dark-375x500.14134.avif,perfume-images/14134.avif,DOWNLOADED,image/avif
1180,278-JOM,PEONY & MOSS - JO MALONE,14135,https://www.fragrantica.com/perfume/Jo-Malone-London/Peony-Moss-14135.html,https://fimgs.net/mdimg/perfume-thumbs/dark-375x500.14135.avif,perfume-images/14135.avif,DOWNLOADED,image/avif
1168,262-JOM,IRIS & LADY MOORE - JO MALONE,14136,https://www.fragrantica.com/perfume/Jo-Malone-London/Iris-Lady-Moore-14136.html,https://fimgs.net/mdimg/perfume-thumbs/dark-375x500.14136.avif,perfume-images/14136.avif,DOWNLOADED,image/avif
1140,189-ARM,CUIR NOIR,14205,https://www.fragrantica.com/perfume/Giorgio-Armani/Cuir-Noir-14205.html,https://fimgs.net/mdimg/perfume-thumbs/dark-375x500.14205.avif,perfume-images/14205.avif,DOWNLOADED,image/avif
1933,1509-KIL,AMBER OUD - KILIAN,14206,https://www.fragrantica.com/perfume/By-Kilian/Amber-Oud-14206.html,https://fimgs.net/mdimg/perfume-thumbs/dark-375x500.14206.avif,perfume-images/14206.avif,DOWNLOADED,image/avif
544,438-BLG,CORAL OMNIA,14297,https://www.fragrantica.com/perfume/Bvlgari/Omnia-Coral-14297.html,https://fimgs.net/mdimg/perfume-thumbs/dark-375x500.14297.avif,perfume-images/14297.avif,DOWNLOADED,image/avif
701,618-EST,BRONZE GODDESS CAPRI - ESTEE LAUDER,14309,https://www.fragrantica.com/perfume/Estee-Lauder/Bronze-Goddess-Capri-14309.html,https://fimgs.net/mdimg/perfume-thumbs/dark-375x500.14309.avif,perfume-images/14309.avif,DOWNLOADED,image/avif
884,842-NRO,FOR HER BLACK EDP - NARCISO RODRIGUEZ,14319,https://www.fragrantica.com/perfume/Narciso-Rodriguez/Narciso-Rodriguez-for-Her-Eau-de-Parfum-14319.html,https://fimgs.net/mdimg/perfume-thumbs/dark-375x500.14319.avif,perfume-images/14319.avif,DOWNLOADED,image/avif
2306,1514-KIL,WATER CALIGRAPHY - KILIAN,14329,https://www.fragrantica.com/perfume/By-Kilian/Water-Calligraphy-14329.html,https://fimgs.net/mdimg/perfume-thumbs/dark-375x500.14329.avif,perfume-images/14329.avif,DOWNLOADED,image/avif
2300,1510-KIL,BAMBOO HARMONY - KILIAN,14330,https://www.fragrantica.com/perfume/By-Kilian/Bamboo-Harmony-14330.html,https://fimgs.net/mdimg/perfume-thumbs/dark-375x500.14330.avif,perfume-images/14330.avif,DOWNLOADED,image/avif
2126,133-MICA,YLANG IN GOLD - M,14409,https://www.fragrantica.com/perfume/M-Micallef/Ylang-in-Gold-14409.html,https://fimgs.net/mdimg/perfume-thumbs/dark-375x500.14409.avif,perfume-images/14409.avif,DOWNLOADED,image/avif
195,1104-DAV,pure pacific davidoff,14564,https://www.fragrantica.com/perfume/Davidoff/Cool-Water-Pure-Pacific-for-Him-14564.html,https://fimgs.net/mdimg/perfume-thumbs/dark-375x500.14564.avif,perfume-images/14564.avif,DOWNLOADED,image/avif
567,468-CAL,DOWN TOWN - CALVIN KLEIN,14606,https://www.fragrantica.com/perfume/Calvin-Klein/Calvin-Klein-14606.html,https://fimgs.net/mdimg/perfume-thumbs/dark-375x500.14606.avif,perfume-images/14606.avif,DOWNLOADED,image/avif
143,1043-CAL,BE - CALVIN KLEIN,14606,https://www.fragrantica.com/perfume/Calvin-Klein/Calvin-Klein-14606.html,https://fimgs.net/mdimg/perfume-thumbs/dark-375x500.14606.avif,perfume-images/14606.avif,DOWNLOADED,image/avif
4387,1702-KUR,Oud,14610,https://www.fragrantica.com/perfume/Maison-Francis-Kurkdjian/Oud-14610.html,https://fimgs.net/mdimg/perfume-thumbs/dark-375x500.14610.avif,perfume-images/14610.avif,DOWNLOADED,image/avif
997,971-VICT,VERY SEXY TOUCH - VICTORIA'S SECRET,14635,https://www.fragrantica.com/perfume/Victoria-s-Secret/Very-Sexy-Touch-14635.html,https://fimgs.net/mdimg/perfume-thumbs/dark-375x500.14635.avif,perfume-images/14635.avif,DOWNLOADED,image/avif
2399,1658-GUR,LA PETITE ROBE NOIRE - GUERLAIN,14681,https://www.fragrantica.com/perfume/Guerlain/La-Petite-Robe-Noir-14681.html,https://fimgs.net/mdimg/perfume-thumbs/dark-375x500.14681.avif,perfume-images/14681.avif,DOWNLOADED,image/avif
336,1259-SHU,old spice shulton company,14746,https://www.fragrantica.com/perfume/Shulton-Company/Old-Spice-Original-14746.html,https://fimgs.net/mdimg/perfume-thumbs/dark-375x500.14746.avif,perfume-images/14746.avif,DOWNLOADED,image/avif
859,814-MAR,DOT - MARC JACOBS,14781,https://www.fragrantica.com/perfume/Marc-Jacobs/Dot-14781.html,https://fimgs.net/mdimg/perfume-thumbs/dark-375x500.14781.avif,perfume-images/14781.avif,DOWNLOADED,image/avif
218,1125-ARM,ACQUA DI GIO ESSENZA,14825,https://www.fragrantica.com/perfume/Giorgio-Armani/Acqua-di-Gio-Essenza-14825.html,https://fimgs.net/mdimg/perfume-thumbs/dark-375x500.14825.avif,perfume-images/14825.avif,DOWNLOADED,image/avif
4419,2605-ARM,Figuier Eden,14878,https://www.fragrantica.com/perfume/Giorgio-Armani/Figuier-Eden-14878.html,https://fimgs.net/mdimg/perfume-thumbs/dark-375x500.14878.avif,perfume-images/14878.avif,DOWNLOADED,image/avif
4010,2323-MICA,VANILLE FLEUR - MICALLEF,14896,https://www.fragrantica.com/p/14896,https://fimgs.net/mdimg/perfume-thumbs/dark-375x500.14896.avif,perfume-images/14896.avif,DOWNLOADED,image/avif
834,782-LAN,LA VIE EST BELLE,14982,https://www.fragrantica.com/perfume/Lancome/La-Vie-Est-Belle-14982.html,https://fimgs.net/mdimg/perfume-thumbs/dark-375x500.14982.avif,perfume-images/14982.avif,DOWNLOADED,image/avif
620,527-DRC,GRAND BAL,14984,https://www.fragrantica.com/p/14984,https://fimgs.net/mdimg/perfume-thumbs/dark-375x500.14984.avif,perfume-images/14984.avif,DOWNLOADED,image/avif
1182,280-JOM,PLUM BLOSSOM - JO MALONE,15005,https://www.fragrantica.com/perfume/Jo-Malone-London/Plum-Blossom-15005.html,https://fimgs.net/mdimg/perfume-thumbs/dark-375x500.15005.avif,perfume-images/15005.avif,DOWNLOADED,image/avif
2689,1814-AJMA,mizyaan ajmal arabic,15083,https://www.fragrantica.com/p/15083,https://fimgs.net/mdimg/perfume-thumbs/dark-375x500.15083.avif,perfume-images/15083.avif,DOWNLOADED,image/avif
1150,242-JOM,Blackberry & Bay - Jo Malone,15134,https://www.fragrantica.com/perfume/Jo-Malone-London/Blackberry-Bay-15134.html,https://fimgs.net/mdimg/perfume-thumbs/dark-375x500.15134.avif,perfume-images/15134.avif,DOWNLOADED,image/avif
880,837-MOS,PINK BOUQUET - MOSCHINO,15209,https://www.fragrantica.com/perfume/Moschino/Pink-Bouquet-15209.html,https://fimgs.net/mdimg/perfume-thumbs/dark-375x500.15209.avif,perfume-images/15209.avif,DOWNLOADED,image/avif
2386,1653-MAN,ROSES VANILLE - MANCERA,15210,https://www.fragrantica.com/perfume/Mancera/Roses-Vanille-15210.html,https://fimgs.net/mdimg/perfume-thumbs/dark-375x500.15210.avif,perfume-images/15210.avif,DOWNLOADED,image/avif
2133,142-MAN,CEDRAT BOISE - MANCERA,15211,https://www.fragrantica.com/perfume/Mancera/Cedrat-Boise-15211.html,https://fimgs.net/mdimg/perfume-thumbs/dark-375x500.15211.avif,perfume-images/15211.avif,DOWNLOADED,image/avif
1408,113-DRC,OUD ISPAHAN,15231,https://www.fragrantica.com/perfume/Dior/Oud-Ispahan-15231.html,https://fimgs.net/mdimg/perfume-thumbs/dark-375x500.15231.avif,perfume-images/15231.avif,DOWNLOADED,image/avif
4163,2426-MARG,BEACH WALK,15261,https://www.fragrantica.com/perfume/Maison-Martin-Margiela/Beach-Walk-15261.html,https://fimgs.net/mdimg/perfume-thumbs/dark-375x500.15261.avif,perfume-images/15261.avif,DOWNLOADED,image/avif
1193,293-JOM,VELVET ROSE OUD - JO MALONE Type is a Oriental Floral,15286,https://www.fragrantica.com/perfume/Jo-Malone-London/Velvet-Rose-Oud-15286.html,https://fimgs.net/mdimg/perfume-thumbs/dark-375x500.15286.avif,perfume-images/15286.avif,DOWNLOADED,image/avif
805,743-JUS,girlfriend justin bieber,15287,https://www.fragrantica.com/perfume/Justin-Bieber/Girlfriend-15287.html,https://fimgs.net/mdimg/perfume-thumbs/dark-375x500.15287.avif,perfume-images/15287.avif,DOWNLOADED,image/avif
1948,102-AMG,Interlude Man,15294,https://www.fragrantica.com/perfume/Amouage/Interlude-Man-15294.html,https://fimgs.net/mdimg/perfume-thumbs/dark-375x500.15294.avif,perfume-images/15294.avif,DOWNLOADED,image/avif
2308,1524-AMG,INTERLUDE WOMAN,15295,https://www.fragrantica.com/perfume/Amouage/Interlude-Woman-15295.html,https://fimgs.net/mdimg/perfume-thumbs/dark-375x500.15295.avif,perfume-images/15295.avif,DOWNLOADED,image/avif
651,561-DOL,Pour Femme,15335,https://www.fragrantica.com/perfume/Dolce-Gabbana/Dolce-Gabbana-Pour-Femme-15335.html,https://fimgs.net/mdimg/perfume-thumbs/dark-375x500.15335.avif,perfume-images/15335.avif,DOWNLOADED,image/avif
827,772-LAD,fame lady gaga similar parfum,15338,https://www.fragrantica.com/perfume/Lady-Gaga/Fame-15338.html,https://fimgs.net/mdimg/perfume-thumbs/dark-375x500.15338.avif,perfume-images/15338.avif,DOWNLOADED,image/avif
754,680-GUC,G.PREMIERE,15449,https://www.fragrantica.com/perfume/Gucci/Gucci-Premiere-15449.html,https://fimgs.net/mdimg/perfume-thumbs/dark-375x500.15449.avif,perfume-images/15449.avif,DOWNLOADED,image/avif
2212,919-TMU,ALIEN ESSENCE ABSOLUE,15452,https://www.fragrantica.com/perfume/Mugler/Alien-Essence-Absolue-15452.html,https://fimgs.net/mdimg/perfume-thumbs/dark-375x500.15452.avif,perfume-images/15452.avif,DOWNLOADED,image/avif
786,719-ISS,PLEATS PLEASE - ISSEY MIYAKE,15464,https://www.fragrantica.com/perfume/Issey-Miyake/Pleats-Please-15464.html,https://fimgs.net/mdimg/perfume-thumbs/dark-375x500.15464.avif,perfume-images/15464.avif,DOWNLOADED,image/avif
673,584-DSQ,potion for women dsquared,15481,https://www.fragrantica.com/p/15481,https://fimgs.net/mdimg/perfume-thumbs/dark-375x500.15481.avif,perfume-images/15481.avif,DOWNLOADED,image/avif
1226,332-RAM,dry wood ramon monegal,15503,https://www.fragrantica.com/perfume/Ramon-Monegal/Dry-Wood-15503.html,https://fimgs.net/mdimg/perfume-thumbs/dark-375x500.15503.avif,perfume-images/15503.avif,DOWNLOADED,image/avif
514,405-BAL,FLORABOTANICA,15512,https://www.fragrantica.com/perfume/Balenciaga/Florabotanica-15512.html,https://fimgs.net/mdimg/perfume-thumbs/dark-375x500.15512.avif,perfume-images/15512.avif,DOWNLOADED,image/avif
1894,1006-ACQ,COLONIA INTENSA OUD,15519,https://www.fragrantica.com/perfume/Acqua-di-Parma/Colonia-Intensa-Oud-Eau-de-Cologne-Concentree-15519.html,https://fimgs.net/mdimg/perfume-thumbs/dark-375x500.15519.avif,perfume-images/15519.avif,DOWNLOADED,image/avif
1006,983-YZLO,MANIFESTO,15540,https://www.fragrantica.com/perfume/Yves-Saint-Laurent/Manifesto-15540.html,https://fimgs.net/mdimg/perfume-thumbs/dark-375x500.15540.avif,perfume-images/15540.avif,DOWNLOADED,image/avif
4210,2474-XER,Dama Bianca,15555,https://www.fragrantica.com/perfume/Xerjoff/Dama-Bianca-15555.html,https://fimgs.net/mdimg/perfume-thumbs/dark-375x500.15555.avif,perfume-images/15555.avif,DOWNLOADED,image/avif
911,871-PIER,ivoire pierre balmain type arvmata,15557,https://www.fragrantica.com/perfume/Pierre-Balmain/Ivoire-15557.html,https://fimgs.net/mdimg/perfume-thumbs/dark-375x500.15557.avif,perfume-images/15557.avif,DOWNLOADED,image/avif
4231,2503-JUL,Mad Madame Juliette Has A Gun,15563,https://www.fragrantica.com/perfume/Juliette-Has-A-Gun/Mad-Madame-15563.html,https://fimgs.net/mdimg/perfume-thumbs/dark-375x500.15563.avif,perfume-images/15563.avif,DOWNLOADED,image/avif
2704,1820-KUR,AMYRIS FEMME,15565,https://www.fragrantica.com/perfume/Maison-Francis-Kurkdjian/Amyris-Femme-15565.html,https://fimgs.net/mdimg/perfume-thumbs/dark-375x500.15565.avif,perfume-images/15565.avif,DOWNLOADED,image/avif
2238,134-KUR,AMYRIS HOMME,15566,https://www.fragrantica.com/perfume/Maison-Francis-Kurkdjian/Amyris-Homme-15566.html,https://fimgs.net/mdimg/perfume-thumbs/dark-375x500.15566.avif,perfume-images/15566.avif,DOWNLOADED,image/avif
1944,357-TMFO,NOIR MEN,15727,https://www.fragrantica.com/perfume/Tom-Ford/Noir-15727.html,https://fimgs.net/mdimg/perfume-thumbs/dark-375x500.15727.avif,perfume-images/15727.avif,DOWNLOADED,image/avif
317,1240-PRA,LUNA ROSSA - PRADA,15754,https://www.fragrantica.com/perfume/Prada/Luna-Rossa-15754.html,https://fimgs.net/mdimg/perfume-thumbs/dark-375x500.15754.avif,perfume-images/15754.avif,DOWNLOADED,image/avif
1236,343-TMFO,CAFÉ ROSE,15913,https://www.fragrantica.com/perfume/Tom-Ford/Cafe-Rose-15913.html,https://fimgs.net/mdimg/perfume-thumbs/dark-375x500.15913.avif,perfume-images/15913.avif,DOWNLOADED,image/avif
4420,2609-TMFO,Ombre de Hyacinth,15916,https://www.fragrantica.com/perfume/Tom-Ford/Ombre-de-Hyacinth-15916.html,https://fimgs.net/mdimg/perfume-thumbs/dark-375x500.15916.avif,perfume-images/15916.avif,DOWNLOADED,image/avif
820,761-KIL,GOOD GIRL GONE BAD - KILIAN,15924,https://www.fragrantica.com/perfume/By-Kilian/Good-Girl-Gone-Bad-15924.html,https://fimgs.net/mdimg/perfume-thumbs/dark-375x500.15924.avif,perfume-images/15924.avif,DOWNLOADED,image/avif
2302,1511-KIL,FORBIDDEN GAMES - KILIAN,15925,https://www.fragrantica.com/perfume/By-Kilian/Forbidden-Games-15925.html,https://fimgs.net/mdimg/perfume-thumbs/dark-375x500.15925.avif,perfume-images/15925.avif,DOWNLOADED,image/avif
2304,1512-KIL,IN THE CITY OF SIN - KILIAN,15926,https://www.fragrantica.com/perfume/By-Kilian/In-the-City-of-Sin-15926.html,https://fimgs.net/mdimg/perfume-thumbs/dark-375x500.15926.avif,perfume-images/15926.avif,DOWNLOADED,image/avif
4090,1481-EON,james bond 007 eon productions,15944,https://www.fragrantica.com/p/15944,https://fimgs.net/mdimg/perfume-thumbs/dark-375x500.15944.avif,perfume-images/15944.avif,DOWNLOADED,image/avif
4220,2484-ETLR,THE AFTERNOON OF A FAUN by ETAT LIBRE D'ORANGE,15948,https://www.fragrantica.com/perfume/Etat-Libre-d-Orange/The-Afternoon-of-a-Faun-15948.html,https://fimgs.net/mdimg/perfume-thumbs/dark-375x500.15948.avif,perfume-images/15948.avif,DOWNLOADED,image/avif
771,704-HER,L'AMBRE DES MERVEILLES - HERMES,15949,https://www.fragrantica.com/perfume/Hermes/L-Ambre-des-Merveilles-15949.html,https://fimgs.net/mdimg/perfume-thumbs/dark-375x500.15949.avif,perfume-images/15949.avif,DOWNLOADED,image/avif
603,508-CHA,Coco Black,15963,https://www.fragrantica.com/p/15963,https://fimgs.net/mdimg/perfume-thumbs/dark-375x500.15963.avif,perfume-images/15963.avif,DOWNLOADED,image/avif
987,957-VICT,DREAM ANGELS GLOW - VICTORIA'S SECRET,16003,https://www.fragrantica.com/perfume/Victoria-s-Secret/Dream-Angels-Glow-16003.html,https://fimgs.net/mdimg/perfume-thumbs/dark-375x500.16003.avif,perfume-images/16003.avif,DOWNLOADED,image/avif
341,1265-TRU,MY LAND,16027,https://www.fragrantica.com/perfume/Trussardi/My-Land-16027.html,https://fimgs.net/mdimg/perfume-thumbs/dark-375x500.16027.avif,perfume-images/16027.avif,DOWNLOADED,image/avif
874,830-MNTB,LEGEND POUR FEMME - MONT BLANC,16059,https://www.fragrantica.com/perfume/Montblanc/Legend-Pour-Femme-16059.html,https://fimgs.net/mdimg/perfume-thumbs/dark-375x500.16059.avif,perfume-images/16059.avif,DOWNLOADED,image/avif
4169,2439-ZEG,2439 zeg ν,16188,https://www.fragrantica.com/perfume/Ermenegildo-Zegna/Indonesian-Oud-16188.html,https://fimgs.net/mdimg/perfume-thumbs/dark-375x500.16188.avif,perfume-images/16188.avif,DOWNLOADED,image/avif
2747,1845-BYR,Black Saffron,16220,https://www.fragrantica.com/perfume/Byredo/Black-Saffron-16220.html,https://fimgs.net/mdimg/perfume-thumbs/dark-375x500.16220.avif,perfume-images/16220.avif,DOWNLOADED,image/avif
1181,279-JOM,PINK VETIVER - JO MALONE,16433,https://www.fragrantica.com/perfume/Jo-Loves/Pink-Vetiver-16433.html,https://fimgs.net/mdimg/perfume-thumbs/dark-375x500.16433.avif,perfume-images/16433.avif,DOWNLOADED,image/avif
1146,238-JOM,A Shot Of Oud Over Mango - Jo Malone,16434,https://www.fragrantica.com/perfume/Jo-Loves/A-Shot-Of-Oud-Over-Mango-16434.html,https://fimgs.net/mdimg/perfume-thumbs/dark-375x500.16434.avif,perfume-images/16434.avif,DOWNLOADED,image/avif
1145,237-JOM,A Shot Of Thai Over Mango - Jo Malone,16436,https://www.fragrantica.com/perfume/Jo-Loves/Mango-Thai-Lime-16436.html,https://fimgs.net/mdimg/perfume-thumbs/dark-375x500.16436.avif,perfume-images/16436.avif,DOWNLOADED,image/avif
3373,1920-XER,40 KNOTS,16445,https://www.fragrantica.com/perfume/Xerjoff/40-Knots-16445.html,https://fimgs.net/mdimg/perfume-thumbs/dark-375x500.16445.avif,perfume-images/16445.avif,DOWNLOADED,image/avif
1418,182-XER,Comandante,16448,https://www.fragrantica.com/perfume/Xerjoff/Comandante-16448.html,https://fimgs.net/mdimg/perfume-thumbs/dark-375x500.16448.avif,perfume-images/16448.avif,DOWNLOADED,image/avif
2395,1673-XER,MORE THAN WORDS,16450,https://www.fragrantica.com/perfume/Xerjoff/More-Than-Words-16450.html,https://fimgs.net/mdimg/perfume-thumbs/dark-375x500.16450.avif,perfume-images/16450.avif,DOWNLOADED,image/avif
4235,2483-CLEA,Clean Skin Clean,16603,https://www.fragrantica.com/perfume/Clean/Clean-Skin-16603.html,https://fimgs.net/mdimg/perfume-thumbs/dark-375x500.16603.avif,perfume-images/16603.avif,DOWNLOADED,image/avif
351,1275-VER,Eros,16657,https://www.fragrantica.com/perfume/Versace/Eros-16657.html,https://fimgs.net/mdimg/perfume-thumbs/dark-375x500.16657.avif,perfume-images/16657.avif,DOWNLOADED,image/avif
3949,2307-AQU,GOLD SUGAR - AQUOLINA,16661,https://www.fragrantica.com/perfume/Aquolina/Gold-Sugar-16661.html,https://fimgs.net/mdimg/perfume-thumbs/dark-375x500.16661.avif,perfume-images/16661.avif,DOWNLOADED,image/avif
2629,1780-RCAV,JUST - CAVALLI,16760,https://www.fragrantica.com/p/16760,https://fimgs.net/mdimg/perfume-thumbs/dark-375x500.16760.avif,perfume-images/16760.avif,DOWNLOADED,image/avif
3920,2270-ORMO,ORMONDE JAYNE,16896,https://www.fragrantica.com/p/16896,https://fimgs.net/mdimg/perfume-thumbs/dark-375x500.16896.avif,perfume-images/16896.avif,DOWNLOADED,image/avif
2120,157-PARF,PEGASUS - PARFUMS DE MARLY,16938,https://www.fragrantica.com/perfume/Parfums-de-Marly/Pegasus-16938.html,https://fimgs.net/mdimg/perfume-thumbs/dark-375x500.16938.avif,perfume-images/16938.avif,DOWNLOADED,image/avif
770,702-HER,JOUR D'HERMES,17076,https://www.fragrantica.com/perfume/Hermes/Jour-d-Hermes-17076.html,https://fimgs.net/mdimg/perfume-thumbs/dark-375x500.17076.avif,perfume-images/17076.avif,DOWNLOADED,image/avif
612,517-CHL,SEE - CHLOE,17123,https://www.fragrantica.com/perfume/Chloe/See-By-Chloe-17123.html,https://fimgs.net/mdimg/perfume-thumbs/dark-375x500.17123.avif,perfume-images/17123.avif,DOWNLOADED,image/avif
656,567-DOL,THE ONE DESIRE,17124,https://www.fragrantica.com/perfume/Dolce-Gabbana/The-One-Desire-17124.html,https://fimgs.net/mdimg/perfume-thumbs/dark-375x500.17124.avif,perfume-images/17124.avif,DOWNLOADED,image/avif
687,599-ESC,CHERRY IN THE AIR - ESCADA,17129,https://www.fragrantica.com/p/17129,https://fimgs.net/mdimg/perfume-thumbs/dark-375x500.17129.avif,perfume-images/17129.avif,DOWNLOADED,image/avif
2277,1503-DRC,HYPNOTIC POISON EAU SECRETE,17218,https://www.fragrantica.com/perfume/Dior/Hypnotic-Poison-Eau-Secrete-17218.html,https://fimgs.net/mdimg/perfume-thumbs/dark-375x500.17218.avif,perfume-images/17218.avif,DOWNLOADED,image/avif
1254,369-TMFO,SHANGHAI LILY,17220,https://www.fragrantica.com/perfume/Tom-Ford/Shanghai-Lily-17220.html,https://fimgs.net/mdimg/perfume-thumbs/dark-375x500.17220.avif,perfume-images/17220.avif,DOWNLOADED,image/avif
795,732-JIM,flash jimmy choo,17223,https://www.fragrantica.com/perfume/Jimmy-Choo/Flash-17223.html,https://fimgs.net/mdimg/perfume-thumbs/dark-375x500.17223.avif,perfume-images/17223.avif,DOWNLOADED,image/avif
229,1139-GIV,GENTLEMEN ONLY,17259,https://www.fragrantica.com/perfume/Givenchy/Gentlemen-Only-17259.html,https://fimgs.net/mdimg/perfume-thumbs/dark-375x500.17259.avif,perfume-images/17259.avif,DOWNLOADED,image/avif
3660,887-RCAV,ACQUA - ROBERTO CAVALLI,17310,https://www.fragrantica.com/p/17310,https://fimgs.net/mdimg/perfume-thumbs/dark-375x500.17310.avif,perfume-images/17310.avif,DOWNLOADED,image/avif
528,422-BRB,BURBERRY BODY TENDER,17320,https://www.fragrantica.com/perfume/Burberry/Body-Tender-17320.html,https://fimgs.net/mdimg/perfume-thumbs/dark-375x500.17320.avif,perfume-images/17320.avif,DOWNLOADED,image/avif
1920,679-GUC,Guilty Black Pour Femme,17321,https://www.fragrantica.com/perfume/Gucci/Gucci-Guilty-Black-Pour-Femme-17321.html,https://fimgs.net/mdimg/perfume-thumbs/dark-375x500.17321.avif,perfume-images/17321.avif,DOWNLOADED,image/avif
1253,368-TMFO,SAHARA NOIR,17333,https://www.fragrantica.com/perfume/Tom-Ford/Sahara-Noir-17333.html,https://fimgs.net/mdimg/perfume-thumbs/dark-375x500.17333.avif,perfume-images/17333.avif,DOWNLOADED,image/avif
138,1038-BLG,MAN EXTREME - BVLGARI,17373,https://www.fragrantica.com/perfume/Bvlgari/Bvlgari-Man-Extreme-17373.html,https://fimgs.net/mdimg/perfume-thumbs/dark-375x500.17373.avif,perfume-images/17373.avif,DOWNLOADED,image/avif
741,665-GIV,BLOOM,17610,https://www.fragrantica.com/perfume/Givenchy/Bloom-17610.html,https://fimgs.net/mdimg/perfume-thumbs/dark-375x500.17610.avif,perfume-images/17610.avif,DOWNLOADED,image/avif
1791,138-KUR,OUD CASHMERE MOOD,17661,https://www.fragrantica.com/perfume/Maison-Francis-Kurkdjian/Oud-Cashmere-Mood-17661.html,https://fimgs.net/mdimg/perfume-thumbs/dark-375x500.17661.avif,perfume-images/17661.avif,DOWNLOADED,image/avif
4141,2408-JOM,Ginger Biscuit Jo Malone,17685,https://www.fragrantica.com/perfume/Jo-Malone-London/Ginger-Biscuit-17685.html,https://fimgs.net/mdimg/perfume-thumbs/dark-375x500.17685.avif,perfume-images/17685.avif,DOWNLOADED,image/avif
988,958-VICT,FABULOUS - VICTORIA'S SECRET,17699,https://www.fragrantica.com/perfume/Victoria-s-Secret/Fabulous-17699.html,https://fimgs.net/mdimg/perfume-thumbs/dark-375x500.17699.avif,perfume-images/17699.avif,DOWNLOADED,image/avif
847,800-LANV,LANVIN ME,17701,https://www.fragrantica.com/perfume/Lanvin/Lanvin-Me-17701.html,https://fimgs.net/mdimg/perfume-thumbs/dark-375x500.17701.avif,perfume-images/17701.avif,DOWNLOADED,image/avif
588,492-CARV,LE PARFUM - CARVEN,17744,https://www.fragrantica.com/perfume/Carven/Carven-Le-Parfum-17744.html,https://fimgs.net/mdimg/perfume-thumbs/dark-375x500.17744.avif,perfume-images/17744.avif,DOWNLOADED,image/avif
1816,181-XER,ALEXANDRIA II,17786,https://www.fragrantica.com/perfume/Xerjoff/Alexandria-II-17786.html,https://fimgs.net/mdimg/perfume-thumbs/dark-375x500.17786.avif,perfume-images/17786.avif,DOWNLOADED,image/avif
961,927-TOUZ,rosa tous,17827,https://www.fragrantica.com/perfume/Tous/Rosa-17827.html,https://fimgs.net/mdimg/perfume-thumbs/dark-375x500.17827.avif,perfume-images/17827.avif,DOWNLOADED,image/avif
1206,309-LOC,309 loc el,17836,https://www.fragrantica.com/perfume/L-Occitane/Magnolia-Mure-17836.html,https://fimgs.net/mdimg/perfume-thumbs/dark-375x500.17836.avif,perfume-images/17836.avif,DOWNLOADED,image/avif
830,776-LAL,SATINE - LALIQUE,17840,https://www.fragrantica.com/perfume/Lalique/Satine-17840.html,https://fimgs.net/mdimg/perfume-thumbs/dark-375x500.17840.avif,perfume-images/17840.avif,DOWNLOADED,image/avif
3111,1994-ROJ,AOUD - ROJA DOVE,17930,https://www.fragrantica.com/perfume/Roja-Dove/Aoud-17930.html,https://fimgs.net/mdimg/perfume-thumbs/dark-375x500.17930.avif,perfume-images/17930.avif,DOWNLOADED,image/avif
4204,2469-ROJ,AMBER AOUD - ROJA DOVE,17931,https://www.fragrantica.com/perfume/Roja-Dove/Amber-Aoud-17931.html,https://fimgs.net/mdimg/perfume-thumbs/dark-375x500.17931.avif,perfume-images/17931.avif,DOWNLOADED,image/avif
4180,2432-ROJ,DANGER MAN - ROJA DOVE,17934,https://www.fragrantica.com/p/17934,https://fimgs.net/mdimg/perfume-thumbs/dark-375x500.17934.avif,perfume-images/17934.avif,DOWNLOADED,image/avif
851,806-LOL,L'EAU JOLIE - LOLITA LEMPICKA,17936,https://www.fragrantica.com/perfume/Lolita-Lempicka/L-Eau-Jolie-17936.html,https://fimgs.net/mdimg/perfume-thumbs/dark-375x500.17936.avif,perfume-images/17936.avif,DOWNLOADED,image/avif
2408,1681-MNT,INTENSE CAFE - MONTALE,18021,https://www.fragrantica.com/perfume/Montale/Intense-Cafe-18021.html,https://fimgs.net/mdimg/perfume-thumbs/dark-375x500.18021.avif,perfume-images/18021.avif,DOWNLOADED,image/avif
2784,1873-MAN,ROSES AND CHOCOLATE - MANCERA,18043,https://www.fragrantica.com/perfume/Mancera/Roses-Chocolate-18043.html,https://fimgs.net/mdimg/perfume-thumbs/dark-375x500.18043.avif,perfume-images/18043.avif,DOWNLOADED,image/avif
756,682-GUR,AQUA ALLEGORIA FLORA ROSA - GUERLAIN,18061,https://www.fragrantica.com/perfume/Guerlain/Aqua-Allegoria-Flora-Rosa-18061.html,https://fimgs.net/mdimg/perfume-thumbs/dark-375x500.18061.avif,perfume-images/18061.avif,DOWNLOADED,image/avif
212,1119-FEN,acqua fan di fendi,18154,https://www.fragrantica.com/perfume/Fendi/Fan-di-Fendi-pour-Homme-Acqua-18154.html,https://fimgs.net/mdimg/perfume-thumbs/dark-375x500.18154.avif,perfume-images/18154.avif,DOWNLOADED,image/avif
868,823-MIC,SPORTY CITRUS - MICHAEL KORS,18160,https://www.fragrantica.com/perfume/Michael-Kors/Sporty-Citrus-18160.html,https://fimgs.net/mdimg/perfume-thumbs/dark-375x500.18160.avif,perfume-images/18160.avif,DOWNLOADED,image/avif
864,819-MIC,SEXY AMBER - KORS,18161,https://www.fragrantica.com/perfume/Michael-Kors/Sexy-Amber-18161.html,https://fimgs.net/mdimg/perfume-thumbs/dark-375x500.18161.avif,perfume-images/18161.avif,DOWNLOADED,image/avif
243,1153-HER,EAU DE MANDARINE AMBREE - HERMES,18183,https://www.fragrantica.com/perfume/Hermes/Eau-de-Mandarine-Ambree-18183.html,https://fimgs.net/mdimg/perfume-thumbs/dark-375x500.18183.avif,perfume-images/18183.avif,DOWNLOADED,image/avif
860,815-MAR,HONEY - MARC JACOBS,18272,https://www.fragrantica.com/perfume/Marc-Jacobs/Honey-18272.html,https://fimgs.net/mdimg/perfume-thumbs/dark-375x500.18272.avif,perfume-images/18272.avif,DOWNLOADED,image/avif
983,953-VICT,BOMBSHELL FOREVER - VICTORIA'S SECRET,18315,https://www.fragrantica.com/perfume/Victoria-s-Secret/Bombshell-Forever-18315.html,https://fimgs.net/mdimg/perfume-thumbs/dark-375x500.18315.avif,perfume-images/18315.avif,DOWNLOADED,image/avif
709,626-EST,MODERN MUSE - ESTEE LAUDER,18319,https://www.fragrantica.com/perfume/Estee-Lauder/Modern-Muse-18319.html,https://fimgs.net/mdimg/perfume-thumbs/dark-375x500.18319.avif,perfume-images/18319.avif,DOWNLOADED,image/avif
2210,803-LAU,eau gourmande ambre vanille laura mercier,18364,https://www.fragrantica.com/perfume/Laura-Mercier/Eau-Gourmande-Ambre-Vanille-18364.html,https://fimgs.net/mdimg/perfume-thumbs/dark-375x500.18364.avif,perfume-images/18364.avif,DOWNLOADED,image/avif
1778,990-YZLO,Supreme Bouquet,18369,https://www.fragrantica.com/perfume/Yves-Saint-Laurent/Supreme-Bouquet-18369.html,https://fimgs.net/mdimg/perfume-thumbs/dark-375x500.18369.avif,perfume-images/18369.avif,DOWNLOADED,image/avif
777,710-HUG,BOSS JOUR - HUGO BOSS,18385,https://www.fragrantica.com/perfume/Hugo-Boss/Boss-Jour-Pour-Femme-18385.html,https://fimgs.net/mdimg/perfume-thumbs/dark-375x500.18385.avif,perfume-images/18385.avif,DOWNLOADED,image/avif
794,730-JIM,exotic jimmy choo,18386,https://www.fragrantica.com/perfume/Jimmy-Choo/Jimmy-Choo-Exotic-18386.html,https://fimgs.net/mdimg/perfume-thumbs/dark-375x500.18386.avif,perfume-images/18386.avif,DOWNLOADED,image/avif
733,655-ARM,"SI. Perfume woody, vanilla, aromatic, soft spicy, fruity",18453,https://www.fragrantica.com/perfume/Giorgio-Armani/Si-18453.html,https://fimgs.net/mdimg/perfume-thumbs/dark-375x500.18453.avif,perfume-images/18453.avif,DOWNLOADED,image/avif
4147,2411-JAME,coccobello james heeley dupe,18470,https://www.fragrantica.com/p/18470,https://fimgs.net/mdimg/perfume-thumbs/dark-375x500.18470.avif,perfume-images/18470.avif,DOWNLOADED,image/avif
307,1226-PAC,INVICTUS,18471,https://www.fragrantica.com/perfume/Rabanne/Invictus-18471.html,https://fimgs.net/mdimg/perfume-thumbs/dark-375x500.18471.avif,perfume-images/18471.avif,DOWNLOADED,image/avif
2722,328-PEN,IRIS PRIMA,18488,https://www.fragrantica.com/perfume/Penhaligon-s/Iris-Prima-18488.html,https://fimgs.net/mdimg/perfume-thumbs/dark-375x500.18488.avif,perfume-images/18488.avif,DOWNLOADED,image/avif
1252,366-TMFO,PLUM JAPONAIS,18490,https://www.fragrantica.com/perfume/Tom-Ford/Plum-Japonais-18490.html,https://fimgs.net/mdimg/perfume-thumbs/dark-375x500.18490.avif,perfume-images/18490.avif,DOWNLOADED,image/avif
2296,1535-BOA,BLUE SAPPHIRE,18518,https://www.fragrantica.com/p/18518,https://fimgs.net/mdimg/perfume-thumbs/dark-375x500.18518.avif,perfume-images/18518.avif,DOWNLOADED,image/avif
3935,2277-AMG,Fate Man,18543,https://www.fragrantica.com/perfume/Amouage/Fate-Man-18543.html,https://fimgs.net/mdimg/perfume-thumbs/dark-375x500.18543.avif,perfume-images/18543.avif,DOWNLOADED,image/avif
1186,285-JOM,SAFFRON - JO MALONE,18546,https://www.fragrantica.com/perfume/Jo-Malone-London/Saffron-18546.html,https://fimgs.net/mdimg/perfume-thumbs/dark-375x500.18546.avif,perfume-images/18546.avif,DOWNLOADED,image/avif
201,1110-DSQ,black potion dsquared,18592,https://www.fragrantica.com/perfume/DSQUARED2/Potion-Royal-Black-18592.html,https://fimgs.net/mdimg/perfume-thumbs/dark-375x500.18592.avif,perfume-images/18592.avif,DOWNLOADED,image/avif
324,1247-RAL,POLO RED,18598,https://www.fragrantica.com/perfume/Ralph-Lauren/Polo-Red-18598.html,https://fimgs.net/mdimg/perfume-thumbs/dark-375x500.18598.avif,perfume-images/18598.avif,DOWNLOADED,image/avif
2051,174-SOS,ERBA PURA - SOSPIRO,18652,https://www.fragrantica.com/perfume/Sospiro-Perfumes/Erba-Pura-18652.html,https://fimgs.net/mdimg/perfume-thumbs/dark-375x500.18652.avif,perfume-images/18652.avif,DOWNLOADED,image/avif
806,744-JUS,the key justin bieber,18665,https://www.fragrantica.com/perfume/Justin-Bieber/The-Key-18665.html,https://fimgs.net/mdimg/perfume-thumbs/dark-375x500.18665.avif,perfume-images/18665.avif,DOWNLOADED,image/avif
611,516-CHL,ROSES DE CHLOE - CHLOE,18702,https://www.fragrantica.com/perfume/Chloe/Chloe-Roses-de-Chloe-18702.html,https://fimgs.net/mdimg/perfume-thumbs/dark-375x500.18702.avif,perfume-images/18702.avif,DOWNLOADED,image/avif
722,640-FEN,acqua rossa fendi,18706,https://www.fragrantica.com/p/18706,https://fimgs.net/mdimg/perfume-thumbs/dark-375x500.18706.avif,perfume-images/18706.avif,DOWNLOADED,image/avif
4092,2364-PEN,VAARA,18719,https://www.fragrantica.com/perfume/Penhaligon-s/Vaara-18719.html,https://fimgs.net/mdimg/perfume-thumbs/dark-375x500.18719.avif,perfume-images/18719.avif,DOWNLOADED,image/avif
2125,159-PARF,SAFANAD - PARFUMS DE MARLY,18749,https://www.fragrantica.com/perfume/Parfums-de-Marly/Safanad-18749.html,https://fimgs.net/mdimg/perfume-thumbs/dark-375x500.18749.avif,perfume-images/18749.avif,DOWNLOADED,image/avif
2753,1856-PARF,MELIORA - PARFUMS DE MARLY,18750,https://www.fragrantica.com/perfume/Parfums-de-Marly/Meliora-18750.html,https://fimgs.net/mdimg/perfume-thumbs/dark-375x500.18750.avif,perfume-images/18750.avif,DOWNLOADED,image/avif
1179,277-JOM,PEONY & BLUSH SUEDE - JO MALONE,18767,https://www.fragrantica.com/perfume/Jo-Malone-London/Peony-Blush-Suede-18767.html,https://fimgs.net/mdimg/perfume-thumbs/dark-375x500.18767.avif,perfume-images/18767.avif,DOWNLOADED,image/avif
1007,984-YZLO,MANIFESTO L' ELIXIR,18785,https://www.fragrantica.com/perfume/Yves-Saint-Laurent/Manifesto-l-Elixir-18785.html,https://fimgs.net/mdimg/perfume-thumbs/dark-375x500.18785.avif,perfume-images/18785.avif,DOWNLOADED,image/avif
966,933-TRU,MY NAME,18802,https://www.fragrantica.com/perfume/Trussardi/My-Name-18802.html,https://fimgs.net/mdimg/perfume-thumbs/dark-375x500.18802.avif,perfume-images/18802.avif,DOWNLOADED,image/avif
4325,2510-ONE,Our Moment One Direction,18810,https://www.fragrantica.com/p/18810,https://fimgs.net/mdimg/perfume-thumbs/dark-375x500.18810.avif,perfume-images/18810.avif,DOWNLOADED,image/avif
931,893-RCAV,NERO ASSOLUTO - CAVALLI,18833,https://www.fragrantica.com/perfume/Roberto-Cavalli/Roberto-Cavalli-Nero-Assoluto-18833.html,https://fimgs.net/mdimg/perfume-thumbs/dark-375x500.18833.avif,perfume-images/18833.avif,DOWNLOADED,image/avif
652,562-DOL,POUR FEMME INTENSE,18837,https://www.fragrantica.com/perfume/Dolce-Gabbana/Dolce-Gabbana-Pour-Femme-Intense-18837.html,https://fimgs.net/mdimg/perfume-thumbs/dark-375x500.18837.avif,perfume-images/18837.avif,DOWNLOADED,image/avif
294,1212-MNTB,LEGEND INTENSE - MONT BLANC,18861,https://www.fragrantica.com/perfume/Montblanc/Legend-Intense-18861.html,https://fimgs.net/mdimg/perfume-thumbs/dark-375x500.18861.avif,perfume-images/18861.avif,DOWNLOADED,image/avif
319,1242-PRA,LUNA ROSSA EXTREME PRADA,18882,https://www.fragrantica.com/perfume/Prada/Luna-Rossa-Extreme-18882.html,https://fimgs.net/mdimg/perfume-thumbs/dark-375x500.18882.avif,perfume-images/18882.avif,DOWNLOADED,image/avif
3571,2138-TMFO,LONDON,18883,https://www.fragrantica.com/perfume/Tom-Ford/London-18883.html,https://fimgs.net/mdimg/perfume-thumbs/dark-375x500.18883.avif,perfume-images/18883.avif,DOWNLOADED,image/avif
900,859-PAC,Black XS L'Aphrodisiaque for Women,18898,https://www.fragrantica.com/perfume/Rabanne/Black-XS-L-Aphrodisiaque-for-Women-18898.html,https://fimgs.net/mdimg/perfume-thumbs/dark-375x500.18898.avif,perfume-images/18898.avif,DOWNLOADED,image/avif
2286,1487-PAC,BLACK XS L'APHRODISIAQUE for men,18899,https://www.fragrantica.com/perfume/Rabanne/Black-XS-L-Aphrodisiaque-for-Men-18899.html,https://fimgs.net/mdimg/perfume-thumbs/dark-375x500.18899.avif,perfume-images/18899.avif,DOWNLOADED,image/avif
132,1031-BRB,RHYTHM BRIT - BURBERRY,18903,https://www.fragrantica.com/perfume/Burberry/Burberry-Brit-Rhythm-18903.html,https://fimgs.net/mdimg/perfume-thumbs/dark-375x500.18903.avif,perfume-images/18903.avif,DOWNLOADED,image/avif
4080,2324-KIL,MUSK OUD - KILIAN,18904,https://www.fragrantica.com/perfume/By-Kilian/Musk-Oud-18904.html,https://fimgs.net/mdimg/perfume-thumbs/dark-375x500.18904.avif,perfume-images/18904.avif,DOWNLOADED,image/avif
2735,1706-KIL,PLAYING WITH THE DEVIL - KILIAN,18931,https://www.fragrantica.com/perfume/By-Kilian/Playing-With-The-Devil-18931.html,https://fimgs.net/mdimg/perfume-thumbs/dark-375x500.18931.avif,perfume-images/18931.avif,DOWNLOADED,image/avif
992,962-VICT,No1 FEATHERED MUSK - VICTORIA'S SECRET,19029,https://www.fragrantica.com/perfume/Victoria-s-Secret/No1-Feathered-Musk-19029.html,https://fimgs.net/mdimg/perfume-thumbs/dark-375x500.19029.avif,perfume-images/19029.avif,DOWNLOADED,image/avif
503,392-AER,AMBER MUSK,19056,https://www.fragrantica.com/perfume/Aerin/Amber-Musk-19056.html,https://fimgs.net/mdimg/perfume-thumbs/dark-375x500.19056.avif,perfume-images/19056.avif,DOWNLOADED,image/avif
504,393-AER,LILAC PATH,19057,https://www.fragrantica.com/perfume/Aerin/Lilac-Path-19057.html,https://fimgs.net/mdimg/perfume-thumbs/dark-375x500.19057.avif,perfume-images/19057.avif,DOWNLOADED,image/avif
3641,,kashkha swiss arabian inspired perfrume,19456,https://www.fragrantica.com/perfume/Swiss-Arabian/Kashkha-19456.html,https://fimgs.net/mdimg/perfume-thumbs/dark-375x500.19456.avif,perfume-images/19456.avif,DOWNLOADED,image/avif
3965,2327-SWISA,2327 swisa ν,19470,https://www.fragrantica.com/perfume/Swiss-Arabian/Noora-19470.html,https://fimgs.net/mdimg/perfume-thumbs/dark-375x500.19470.avif,perfume-images/19470.avif,DOWNLOADED,image/avif
344,1268-VAL,"VALENTINO UOMO - VALENTINO Perfume with rich roast coffee, hazelnut, and chocolate",19558,https://www.fragrantica.com/perfume/Valentino/Valentino-Uomo-19558.html,https://fimgs.net/mdimg/perfume-thumbs/dark-375x500.19558.avif,perfume-images/19558.avif,DOWNLOADED,image/avif
3804,,hayati al haramain arabic,19607,https://www.fragrantica.com/perfume/Al-Haramain-Perfumes/Hayati-19607.html,https://fimgs.net/mdimg/perfume-thumbs/dark-375x500.19607.avif,perfume-images/19607.avif,DOWNLOADED,image/avif
3360,1979-RAS,arba wardat rasasi arabic,19663,https://www.fragrantica.com/perfume/Rasasi/Arba-Wardat-19663.html,https://fimgs.net/mdimg/perfume-thumbs/dark-375x500.19663.avif,perfume-images/19663.avif,DOWNLOADED,image/avif
1415,168-RAS,daarej for women rasasi,19687,https://www.fragrantica.com/perfume/Rasasi/Dareej-19687.html,https://fimgs.net/mdimg/perfume-thumbs/dark-375x500.19687.avif,perfume-images/19687.avif,DOWNLOADED,image/avif
1414,167-RAS,,19688,https://www.fragrantica.com/perfume/Rasasi/Daarej-19688.html,https://fimgs.net/mdimg/perfume-thumbs/dark-375x500.19688.avif,perfume-images/19688.avif,DOWNLOADED,image/avif
2911,,sultan al haramain,19846,https://www.fragrantica.com/perfume/Al-Haramain-Perfumes/Sultan-19846.html,https://fimgs.net/mdimg/perfume-thumbs/dark-375x500.19846.avif,perfume-images/19846.avif,DOWNLOADED,image/avif
4233,2480-JUL,Anyway Juliette Has A Gun,19894,https://www.fragrantica.com/perfume/Juliette-Has-A-Gun/Anyway-19894.html,https://fimgs.net/mdimg/perfume-thumbs/dark-375x500.19894.avif,perfume-images/19894.avif,DOWNLOADED,image/avif
2334,,wardia al haramain,19945,https://www.fragrantica.com/perfume/Al-Haramain-Perfumes/Wardia-19945.html,https://fimgs.net/mdimg/perfume-thumbs/dark-375x500.19945.avif,perfume-images/19945.avif,DOWNLOADED,image/avif
3629,2170-BOA,Ardent,20516,https://www.fragrantica.com/perfume/Boadicea-the-Victorious/Ardent-20516.html,https://fimgs.net/mdimg/perfume-thumbs/dark-375x500.20516.avif,perfume-images/20516.avif,DOWNLOADED,image/avif
2657,1795-MARG,Jazz Club edt,20541,https://www.fragrantica.com/perfume/Maison-Martin-Margiela/Jazz-Club-20541.html,https://fimgs.net/mdimg/perfume-thumbs/dark-375x500.20541.avif,perfume-images/20541.avif,DOWNLOADED,image/avif
4087,2356-MARG,LAZY SUNDAY MORNING,20542,https://www.fragrantica.com/perfume/Maison-Martin-Margiela/Lazy-Sunday-Morning-20542.html,https://fimgs.net/mdimg/perfume-thumbs/dark-375x500.20542.avif,perfume-images/20542.avif,DOWNLOADED,image/avif
3821,2226-BON,THE SCENT OF PEACE FOR HIM - BOND,20551,https://www.fragrantica.com/perfume/Bond-No-9/The-Scent-of-Peace-for-Him-20551.html,https://fimgs.net/mdimg/perfume-thumbs/dark-375x500.20551.avif,perfume-images/20551.avif,DOWNLOADED,image/avif
2235,170-ROJ,,20558,https://www.fragrantica.com/perfume/Roja-Dove/Enigma-20558.html,https://fimgs.net/mdimg/perfume-thumbs/dark-375x500.20558.avif,perfume-images/20558.avif,DOWNLOADED,image/avif
3468,2066-LEL,LIMETTE 37 - LE LABO,20560,https://www.fragrantica.com/perfume/Le-Labo/Limette-37-San-Francisco-20560.html,https://fimgs.net/mdimg/perfume-thumbs/dark-375x500.20560.avif,perfume-images/20560.avif,DOWNLOADED,image/avif
3955,2306-MASQ,2306 masq ν,20693,https://www.fragrantica.com/p/20693,https://fimgs.net/mdimg/perfume-thumbs/dark-375x500.20693.avif,perfume-images/20693.avif,DOWNLOADED,image/avif
328,1251-ROM,,21103,https://www.fragrantica.com/perfume/Romane/Royal-Blue-21103.html,https://fimgs.net/mdimg/perfume-thumbs/dark-375x500.21103.avif,perfume-images/21103.avif,DOWNLOADED,image/avif
2685,1810-RAS,la yuqawam tobacco blaze rasasi,21365,https://www.fragrantica.com/perfume/Rasasi/La-Yuqawam-Tobacco-Blaze-21365.html,https://fimgs.net/mdimg/perfume-thumbs/dark-375x500.21365.avif,perfume-images/21365.avif,DOWNLOADED,image/avif
2436,1694-TMFO,1694 tmfo el,21401,https://www.fragrantica.com/perfume/Tom-Ford/Oud-Fleur-21401.html,https://fimgs.net/mdimg/perfume-thumbs/dark-375x500.21401.avif,perfume-images/21401.avif,DOWNLOADED,image/avif
1257,373-TMFO,TOBACCO OUD,21402,https://www.fragrantica.com/perfume/Tom-Ford/Tobacco-Oud-21402.html,https://fimgs.net/mdimg/perfume-thumbs/dark-375x500.21402.avif,perfume-images/21402.avif,DOWNLOADED,image/avif
3835,2244-ARM,MYRRHE IMPERIALE,21403,https://www.fragrantica.com/perfume/Giorgio-Armani/Myrrhe-Imperiale-21403.html,https://fimgs.net/mdimg/perfume-thumbs/dark-375x500.21403.avif,perfume-images/21403.avif,DOWNLOADED,image/avif
2204,171-DUP,,21459,https://www.fragrantica.com/perfume/S-T-Dupont/Dupont-Oud-Oriental-21459.html,https://fimgs.net/mdimg/perfume-thumbs/dark-375x500.21459.avif,perfume-images/21459.avif,DOWNLOADED,image/avif
1413,156-PARF,OAJAN (U) - Parfums de Marly,21548,https://www.fragrantica.com/perfume/Parfums-de-Marly/Oajan-21548.html,https://fimgs.net/mdimg/perfume-thumbs/dark-375x500.21548.avif,perfume-images/21548.avif,DOWNLOADED,image/avif
1406,106-ARB,SULTAN - ARABIAN OUD,21560,https://www.fragrantica.com/parfem/Arabian-Oud/Sultan-Blend-21560.html,https://fimgs.net/mdimg/perfume-thumbs/dark-375x500.21560.avif,perfume-images/21560.avif,DOWNLOADED,image/avif
1405,105-ARB,PRESTIGE CLASSIC - ARABIAN OUD,21602,https://www.fragrantica.com/perfume/Arabian-Oud/Arabian-Prestige-Classic-21602.html,https://fimgs.net/mdimg/perfume-thumbs/dark-375x500.21602.avif,perfume-images/21602.avif,DOWNLOADED,image/avif
2374,1638-XER,STAR MUSK,21617,https://www.fragrantica.com/perfume/Xerjoff/Star-Musk-21617.html,https://fimgs.net/mdimg/perfume-thumbs/dark-375x500.21617.avif,perfume-images/21617.avif,DOWNLOADED,image/avif
3589,2143-XER,Amber Star,21618,https://www.fragrantica.com/perfume/Xerjoff/Amber-Star-21618.html,https://fimgs.net/mdimg/perfume-thumbs/dark-375x500.21618.avif,perfume-images/21618.avif,DOWNLOADED,image/avif
1403,103-ARB,KALEMAT - ARABIAN OUD,21623,https://www.fragrantica.com/perfume/Arabian-Oud/Kalemat-21623.html,https://fimgs.net/mdimg/perfume-thumbs/dark-375x500.21623.avif,perfume-images/21623.avif,DOWNLOADED,image/avif
683,595-EMIL,EMILIO PUCCI,21762,https://www.fragrantica.com/perfume/Emilio-Pucci/Pucci-21762.html,https://fimgs.net/mdimg/perfume-thumbs/dark-375x500.21762.avif,perfume-images/21762.avif,DOWNLOADED,image/avif
515,406-BAL,ROSABOTANICA,21987,https://www.fragrantica.com/perfume/Balenciaga/Rosabotanica-21987.html,https://fimgs.net/mdimg/perfume-thumbs/dark-375x500.21987.avif,perfume-images/21987.avif,DOWNLOADED,image/avif
3933,2276-ATKI,OUD SAVE THE KING - ATKINSONS,22056,https://www.fragrantica.com/perfume/Atkinsons/Oud-Save-The-King-22056.html,https://fimgs.net/mdimg/perfume-thumbs/dark-375x500.22056.avif,perfume-images/22056.avif,DOWNLOADED,image/avif
3950,2309-ATKI,OUD SAVE THE QUEEN - ATKINSONS,22057,https://www.fragrantica.com/perfume/Atkinsons/Oud-Save-The-Queen-22057.html,https://fimgs.net/mdimg/perfume-thumbs/dark-375x500.22057.avif,perfume-images/22057.avif,DOWNLOADED,image/avif
685,597-ESC,BORN IN PARADISE,22106,https://www.fragrantica.com/p/22106,https://fimgs.net/mdimg/perfume-thumbs/dark-375x500.22106.avif,perfume-images/22106.avif,DOWNLOADED,image/avif
934,897-RCAV,TIGER OUD - ROBERTO CAVALLI,22194,https://www.fragrantica.com/perfume/Roberto-Cavalli/Roberto-Cavalli-Tiger-Oud-22194.html,https://fimgs.net/mdimg/perfume-thumbs/dark-375x500.22194.avif,perfume-images/22194.avif,DOWNLOADED,image/avif
149,1050-CAL,ONE RED EDITION FOR HIM - CALVIN KLEIN,22327,https://www.fragrantica.com/perfume/Calvin-Klein/CK-One-Red-Edition-for-Him-22327.html,https://fimgs.net/mdimg/perfume-thumbs/dark-375x500.22327.avif,perfume-images/22327.avif,DOWNLOADED,image/avif
3363,1982-ALEX,ZAFEER OUD VANILLE - ALEXANDRE J,22361,https://www.fragrantica.com/perfume/Alexandre-J/Zafeer-Oud-Vanille-22361.html,https://fimgs.net/mdimg/perfume-thumbs/dark-375x500.22361.avif,perfume-images/22361.avif,DOWNLOADED,image/avif
1201,302-JOM,WISTERIA VIOLET - JO MALONE Clone,22503,https://www.fragrantica.com/perfume/Jo-Malone-London/London-Rain-Wisteria-Violet-22503.html,https://fimgs.net/mdimg/perfume-thumbs/dark-375x500.22503.avif,perfume-images/22503.avif,DOWNLOADED,image/avif
1151,243-JOM,Black Cedarwood & Juniper - Jo Malone,22504,https://www.fragrantica.com/perfume/Jo-Malone/Black-Cedarwood-Juniper-22504.html,https://fimgs.net/mdimg/perfume-thumbs/dark-375x500.22504.avif,perfume-images/22504.avif,DOWNLOADED,image/avif
258,1171-HUG,UNLIMITED - HUGO BOSS,22528,https://www.fragrantica.com/perfume/Hugo-Boss/Boss-Bottled-Unlimited-22528.html,https://fimgs.net/mdimg/perfume-thumbs/dark-375x500.22528.avif,perfume-images/22528.avif,DOWNLOADED,image/avif
1910,740-JUI,viva la juicy luxe parfum juicy couture,22574,https://www.fragrantica.com/perfume/Juicy-Couture/Viva-La-Juicy-Luxe-Parfum-22574.html,https://fimgs.net/mdimg/perfume-thumbs/dark-375x500.22574.avif,perfume-images/22574.avif,DOWNLOADED,image/avif
2365,1625-KIL,APPLE BRANDY - KILIAN,22614,https://www.fragrantica.com/perfume/By-Kilian/Apple-Brandy-22614.html,https://fimgs.net/mdimg/perfume-thumbs/dark-375x500.22614.avif,perfume-images/22614.avif,DOWNLOADED,image/avif
909,869-PIER,extatic pierre balmain,22817,https://www.fragrantica.com/perfume/Pierre-Balmain/Extatic-22817.html,https://fimgs.net/mdimg/perfume-thumbs/dark-375x500.22817.avif,perfume-images/22817.avif,DOWNLOADED,image/avif
977,946-VER,ORIENTAL OUD,22819,https://www.fragrantica.com/perfume/Versace/Versace-Pour-Femme-Oud-Oriental-22819.html,https://fimgs.net/mdimg/perfume-thumbs/dark-375x500.22819.avif,perfume-images/22819.avif,DOWNLOADED,image/avif
579,482-CAR,212 vip rose,22857,https://www.fragrantica.com/perfume/Carolina-Herrera/212-VIP-Rose-22857.html,https://fimgs.net/mdimg/perfume-thumbs/dark-375x500.22857.avif,perfume-images/22857.avif,DOWNLOADED,image/avif
928,890-RCAV,EXOTICA - CAVALLI,22902,https://www.fragrantica.com/perfume/Roberto-Cavalli/Roberto-Cavalli-Exotica-22902.html,https://fimgs.net/mdimg/perfume-thumbs/dark-375x500.22902.avif,perfume-images/22902.avif,DOWNLOADED,image/avif
3362,1981-KHAL,gra khaltat,22907,https://www.fragrantica.com/perfume/Khaltat/Gra-22907.html,https://fimgs.net/mdimg/perfume-thumbs/dark-375x500.22907.avif,perfume-images/22907.avif,DOWNLOADED,image/avif
2376,1641-KHAL,aloha khaltat,22911,https://www.fragrantica.com/perfume/Khaltat/Aloha-22911.html,https://fimgs.net/mdimg/perfume-thumbs/dark-375x500.22911.avif,perfume-images/22911.avif,DOWNLOADED,image/avif
2941,,AL AMAKEN - SWISS ARABIAN,22928,https://www.fragrantica.com/perfume/Swiss-Arabian/Al-Amaken-22928.html,https://fimgs.net/mdimg/perfume-thumbs/dark-375x500.22928.avif,perfume-images/22928.avif,DOWNLOADED,image/avif
800,737-JUI,juicy couture malibu juicy couture arwma,22956,https://www.fragrantica.com/perfume/Juicy-Couture/Juicy-Couture-Malibu-22956.html,https://fimgs.net/mdimg/perfume-thumbs/dark-375x500.22956.avif,perfume-images/22956.avif,DOWNLOADED,image/avif
1260,376-TMFO,VELVET ORCHID,22963,https://www.fragrantica.com/perfume/Tom-Ford/Velvet-Orchid-22963.html,https://fimgs.net/mdimg/perfume-thumbs/dark-375x500.22963.avif,perfume-images/22963.avif,DOWNLOADED,image/avif
3645,,sukar anfasic dokhoon arabic perfrume,23000,https://www.fragrantica.com/perfume/Anfasic-Dokhoon/Sukar-23000.html,https://fimgs.net/mdimg/perfume-thumbs/dark-375x500.23000.avif,perfume-images/23000.avif,DOWNLOADED,image/avif
4170,2431-ROJ,2431 roj ν,23008,https://www.fragrantica.com/p/23008,https://fimgs.net/mdimg/perfume-thumbs/dark-375x500.23008.avif,perfume-images/23008.avif,DOWNLOADED,image/avif
4234,2482-CLEA,Cool Cotton Clean,23032,https://www.fragrantica.com/perfume/Clean/Cool-Cotton-23032.html,https://fimgs.net/mdimg/perfume-thumbs/dark-375x500.23032.avif,perfume-images/23032.avif,DOWNLOADED,image/avif
3669,2179-PEN,TRALALA,23081,https://www.fragrantica.com/perfume/Penhaligon-s/Tralala-23081.html,https://fimgs.net/mdimg/perfume-thumbs/dark-375x500.23081.avif,perfume-images/23081.avif,DOWNLOADED,image/avif
4845,2746-DRC,Fahrenheit Le Parfum,23099,https://www.fragrantica.com/perfume/Dior/Fahrenheit-Le-Parfum-23099.html,https://fimgs.net/mdimg/perfume-thumbs/dark-375x500.23099.avif,perfume-images/23099.avif,DOWNLOADED,image/avif
989,959-VICT,FORBIDDEN - VICTORIA'S SECRET,23244,https://www.fragrantica.com/perfume/Victoria-s-Secret/Victoria-s-Secret-Forbidden-23244.html,https://fimgs.net/mdimg/perfume-thumbs/dark-375x500.23244.avif,perfume-images/23244.avif,DOWNLOADED,image/avif
2681,1807-PARF,DARCY - PARFUMS DE MARLY,23270,https://www.fragrantica.com/perfume/Parfums-de-Marly/Darcy-23270.html,https://fimgs.net/mdimg/perfume-thumbs/dark-375x500.23270.avif,perfume-images/23270.avif,DOWNLOADED,image/avif
629,536-DRC,BLOOMING BOUQUET,23280,https://www.fragrantica.com/p/23280,https://fimgs.net/mdimg/perfume-thumbs/dark-375x500.23280.avif,perfume-images/23280.avif,DOWNLOADED,image/avif
585,489-CRT,LA PANTHERE - CARTIER,23295,https://www.fragrantica.com/perfume/Cartier/La-Panthere-23295.html,https://fimgs.net/mdimg/perfume-thumbs/dark-375x500.23295.avif,perfume-images/23295.avif,DOWNLOADED,image/avif
810,748-KEN,COULEUR VIOLET - KENZO,23315,https://www.fragrantica.com/perfume/Kenzo/Couleur-Kenzo-Violet-23315.html,https://fimgs.net/mdimg/perfume-thumbs/dark-375x500.23315.avif,perfume-images/23315.avif,DOWNLOADED,image/avif
950,914-SIS,eau tropicale sisley,23324,https://www.fragrantica.com/perfume/Sisley/Eau-Tropicale-23324.html,https://fimgs.net/mdimg/perfume-thumbs/dark-375x500.23324.avif,perfume-images/23324.avif,DOWNLOADED,image/avif
2771,1853-KIL,KILLING ME SLOWLY - KILIAN,23337,https://www.fragrantica.com/perfume/By-Kilian/Killing-Me-Slowly-23337.html,https://fimgs.net/mdimg/perfume-thumbs/dark-375x500.23337.avif,perfume-images/23337.avif,DOWNLOADED,image/avif
2791,1880-KIL,KISSES DON’T LIE - KILIAN,23339,https://www.fragrantica.com/perfume/By-Kilian/Kisses-Don-t-Lie-23339.html,https://fimgs.net/mdimg/perfume-thumbs/dark-375x500.23339.avif,perfume-images/23339.avif,DOWNLOADED,image/avif
1212,315-MNT,AOUD ORANGE - MONTALE,23365,https://www.fragrantica.com/perfume/Montale/Orange-Aoud-23365.html,https://fimgs.net/mdimg/perfume-thumbs/dark-375x500.23365.avif,perfume-images/23365.avif,DOWNLOADED,image/avif
574,1052-CAL,ONE SUMMER 2014 - CALVIN KLEIN,23436,https://www.fragrantica.com/perfume/Calvin-Klein/CK-One-Summer-2014-23436.html,https://fimgs.net/mdimg/perfume-thumbs/dark-375x500.23436.avif,perfume-images/23436.avif,DOWNLOADED,image/avif
123,1022-BOT,essence aromatique bottega veneta,23524,https://www.fragrantica.com/perfume/Bottega-Veneta/Bottega-Veneta-Essence-Aromatique-23524.html,https://fimgs.net/mdimg/perfume-thumbs/dark-375x500.23524.avif,perfume-images/23524.avif,DOWNLOADED,image/avif
1938,1097-DOL,LIGHT BLUE DISCOVER VULCANO,23619,https://www.fragrantica.com/perfume/Dolce-Gabbana/Light-Blue-Discover-Vulcano-Pour-Homme-23619.html,https://fimgs.net/mdimg/perfume-thumbs/dark-375x500.23619.avif,perfume-images/23619.avif,DOWNLOADED,image/avif
648,558-DOL,LIGHT BLUE ESCAPE TO PANAREA,23620,https://www.fragrantica.com/perfume/Dolce-Gabbana/Light-Blue-Escape-to-Panarea-23620.html,https://fimgs.net/mdimg/perfume-thumbs/dark-375x500.23620.avif,perfume-images/23620.avif,DOWNLOADED,image/avif
552,447-BLG,OMNIA INDIAN GARNET,23709,https://www.fragrantica.com/perfume/Bvlgari/Omnia-Indian-Garnet-23709.html,https://fimgs.net/mdimg/perfume-thumbs/dark-375x500.23709.avif,perfume-images/23709.avif,DOWNLOADED,image/avif
291,1208-MNTB,EMBLEM - MONT BLANC,23711,https://www.fragrantica.com/perfume/Montblanc/Emblem-23711.html,https://fimgs.net/mdimg/perfume-thumbs/dark-375x500.23711.avif,perfume-images/23711.avif,DOWNLOADED,image/avif
4153,2423-ACQ,GINEPRO DI SARDEGNA,23851,https://www.fragrantica.com/perfume/Acqua-di-Parma/Acqua-di-Parma-Blu-Mediterraneo-Ginepro-di-Sardegna-23851.html,https://fimgs.net/mdimg/perfume-thumbs/dark-375x500.23851.avif,perfume-images/23851.avif,DOWNLOADED,image/avif
560,459-CAC,ANAIS ANAIS PREMIER DELICE,23871,https://www.fragrantica.com/perfume/Cacharel/Anais-Anais-Premier-Delice-23871.html,https://fimgs.net/mdimg/perfume-thumbs/dark-375x500.23871.avif,perfume-images/23871.avif,DOWNLOADED,image/avif
4329,2523-KIL,Sacred Wood - Kilian,23897,https://www.fragrantica.com/perfume/By-Kilian/Sacred-Wood-23897.html,https://fimgs.net/mdimg/perfume-thumbs/dark-375x500.23897.avif,perfume-images/23897.avif,DOWNLOADED,image/avif
2404,1672-KIL,VODKA ON THE ROCKS - KILIAN,23899,https://www.fragrantica.com/perfume/By-Kilian/Vodka-on-the-Rocks-23899.html,https://fimgs.net/mdimg/perfume-thumbs/dark-375x500.23899.avif,perfume-images/23899.avif,DOWNLOADED,image/avif
247,1158-HER,TERRE EAU TRES FRAICHE - HERMES,24060,https://www.fragrantica.com/perfume/Hermes/Terre-d-Hermes-Eau-Tres-Fraiche-24060.html,https://fimgs.net/mdimg/perfume-thumbs/dark-375x500.24060.avif,perfume-images/24060.avif,DOWNLOADED,image/avif
807,745-KAR,karl lagerfeld for her,24068,https://www.fragrantica.com/perfume/Karl-Lagerfeld/Karl-Lagerfeld-for-Her-24068.html,https://fimgs.net/mdimg/perfume-thumbs/dark-375x500.24068.avif,perfume-images/24068.avif,DOWNLOADED,image/avif
4778,2716-ORT,Bergamask Orto Parisi,24191,https://www.fragrantica.com/perfume/Orto-Parisi/Bergamask-24191.html,https://fimgs.net/mdimg/perfume-thumbs/dark-375x500.24191.avif,perfume-images/24191.avif,DOWNLOADED,image/avif
213,1120-FER,cedar essence ferrari,24450,https://www.fragrantica.com/perfume/-24450.html,https://fimgs.net/mdimg/perfume-thumbs/dark-375x500.24450.avif,perfume-images/24450.avif,DOWNLOADED,image/avif
679,591-ELIZ,green tea yuzu elizabeth arden,24471,https://www.fragrantica.com/perfume/Elizabeth-Arden/Green-Tea-Yuzu-24471.html,https://fimgs.net/mdimg/perfume-thumbs/dark-375x500.24471.avif,perfume-images/24471.avif,DOWNLOADED,image/avif
359,1283-YZLO,L'HOMME SPORT,24473,https://www.fragrantica.com/perfume/Yves-Saint-Laurent/L-Homme-Sport-24473.html,https://fimgs.net/mdimg/perfume-thumbs/dark-375x500.24473.avif,perfume-images/24473.avif,DOWNLOADED,image/avif
5062,2793-FRAG,Oud Noir Intense Fragrance Du Bois,24483,https://www.fragrantica.com/p/24483,https://fimgs.net/mdimg/perfume-thumbs/dark-375x500.24483.avif,perfume-images/24483.avif,DOWNLOADED,image/avif
913,873-PRA,873 pra wp,24487,https://www.fragrantica.com/perfume/Prada/Prada-Candy-Florale-24487.html,https://fimgs.net/mdimg/perfume-thumbs/dark-375x500.24487.avif,perfume-images/24487.avif,DOWNLOADED,image/avif
221,1129-ARM,CODE ICE,24601,https://www.fragrantica.com/perfume/Giorgio-Armani/Armani-Code-Ice-24601.html,https://fimgs.net/mdimg/perfume-thumbs/dark-375x500.24601.avif,perfume-images/24601.avif,DOWNLOADED,image/avif
1188,287-JOM,SILK BLOSSOM - JO MALONE,24717,https://www.fragrantica.com/perfume/Jo-Malone/Silk-Blossom-24717.html,https://fimgs.net/mdimg/perfume-thumbs/dark-375x500.24717.avif,perfume-images/24717.avif,DOWNLOADED,image/avif
339,1263-TRU,A WAY FOR HIM,24719,https://www.fragrantica.com/perfume/Trussardi/Trussardi-A-Way-for-Him-24719.html,https://fimgs.net/mdimg/perfume-thumbs/dark-375x500.24719.avif,perfume-images/24719.avif,DOWNLOADED,image/avif
1813,694-GUR,TERRACOTTA LE PARFUM - GUERLAIN,24785,https://www.fragrantica.com/perfume/Guerlain/Terracotta-Le-Parfum-24785.html,https://fimgs.net/mdimg/perfume-thumbs/dark-375x500.24785.avif,perfume-images/24785.avif,DOWNLOADED,image/avif
2100,291-JOM,Tuberose Angelica by Jo Malone London,25069,https://www.fragrantica.com/perfume/Jo-Malone-London/Tuberose-Angelica-25069.html,https://fimgs.net/mdimg/perfume-thumbs/dark-375x500.25069.avif,perfume-images/25069.avif,DOWNLOADED,image/avif
2377,1639-TER,,25120,https://www.fragrantica.com/perfume/Tiziana-Terenzi/Casanova-25120.html,https://fimgs.net/mdimg/perfume-thumbs/dark-375x500.25120.avif,perfume-images/25120.avif,DOWNLOADED,image/avif
192,1101-DOL,VELVET BERGAMOT,25154,https://www.fragrantica.com/perfume/Dolce-Gabbana/Velvet-Bergamot-25154.html,https://fimgs.net/mdimg/perfume-thumbs/dark-375x500.25154.avif,perfume-images/25154.avif,DOWNLOADED,image/avif
1902,522-DRC,ADDICT EAU DE TOILETTE,25159,https://www.fragrantica.com/perfume/Dior/Dior-Addict-Eau-de-Toilette-25159.html,https://fimgs.net/mdimg/perfume-thumbs/dark-375x500.25159.avif,perfume-images/25159.avif,DOWNLOADED,image/avif
2660,1798-AMG,Journey Man,25251,https://www.fragrantica.com/perfume/Amouage/Journey-Man-25251.html,https://fimgs.net/mdimg/perfume-thumbs/dark-375x500.25251.avif,perfume-images/25251.avif,DOWNLOADED,image/avif
856,812-MAR,DAISY DREAM - MARC JACOBS,25289,https://www.fragrantica.com/perfume/Marc-Jacobs/Daisy-Dream-25289.html,https://fimgs.net/mdimg/perfume-thumbs/dark-375x500.25289.avif,perfume-images/25289.avif,DOWNLOADED,image/avif
780,713-HUG,MA VIE - HUGO BOSS,25298,https://www.fragrantica.com/perfume/Hugo-Boss/Boss-Ma-Vie-Pour-Femme-25298.html,https://fimgs.net/mdimg/perfume-thumbs/dark-375x500.25298.avif,perfume-images/25298.avif,DOWNLOADED,image/avif
2149,689-GUR,,25316,https://www.fragrantica.com/perfume/Guerlain/Mitsouko-Eau-de-Parfum-25316.html,https://fimgs.net/mdimg/perfume-thumbs/dark-375x500.25316.avif,perfume-images/25316.avif,DOWNLOADED,image/avif
1001,977-YZLO,BLACK OPIUM,25324,https://www.fragrantica.com/perfume/Yves-Saint-Laurent/Black-Opium-25324.html,https://fimgs.net/mdimg/perfume-thumbs/dark-375x500.25324.avif,perfume-images/25324.avif,DOWNLOADED,image/avif
2062,685-GUR,CHAMPS ELYSEES EAU DE PARFUM - GUERLAIN,25330,https://www.fragrantica.com/perfume/Guerlain/Champs-Elysees-Eau-de-Parfum-25330.html,https://fimgs.net/mdimg/perfume-thumbs/dark-375x500.25330.avif,perfume-images/25330.avif,DOWNLOADED,image/avif
109,1007-ACQ,COLONIA LEATHER,25349,https://www.fragrantica.com/perfume/Acqua-di-Parma/Colonia-Leather-Eau-de-Cologne-Concentree-25349.html,https://fimgs.net/mdimg/perfume-thumbs/dark-375x500.25349.avif,perfume-images/25349.avif,DOWNLOADED,image/avif
506,395-AGE,FATALE PINK - AGENT PROVOCATEUR,25352,https://www.fragrantica.com/perfume/Agent-Provocateur/Fatale-Pink-25352.html,https://fimgs.net/mdimg/perfume-thumbs/dark-375x500.25352.avif,perfume-images/25352.avif,DOWNLOADED,image/avif
516,407-BAT,PINK AMBER & MOROCCO ORCHID - BATH & BODY WORKS,25388,https://www.fragrantica.com/perfume/Bath-Body-Works/Morocco-Orchid-Pink-Amber-25388.html,https://fimgs.net/mdimg/perfume-thumbs/dark-375x500.25388.avif,perfume-images/25388.avif,DOWNLOADED,image/avif
689,602-ESC,JOYFUL - ESCADA,25459,https://www.fragrantica.com/p/25459,https://fimgs.net/mdimg/perfume-thumbs/dark-375x500.25459.avif,perfume-images/25459.avif,DOWNLOADED,image/avif
3357,1975-ZARK,PINK MOLECULE 090,25474,https://www.fragrantica.com/perfume/ZARKOPERFUME/PINK-MOL-CULE-090-09-25474.html,https://fimgs.net/mdimg/perfume-thumbs/dark-375x500.25474.avif,perfume-images/25474.avif,DOWNLOADED,image/avif
1241,351-TMFO,MANDARINO DI AMALFI,25481,https://www.fragrantica.com/perfume/Tom-Ford/Mandarino-di-Amalfi-25481.html,https://fimgs.net/mdimg/perfume-thumbs/dark-375x500.25481.avif,perfume-images/25481.avif,DOWNLOADED,image/avif
1237,344-TMFO,COSTA AZZURA,25482,https://www.fragrantica.com/perfume/Tom-Ford/Costa-Azzurra-25482.html,https://fimgs.net/mdimg/perfume-thumbs/dark-375x500.25482.avif,perfume-images/25482.avif,DOWNLOADED,image/avif
1202,303-JOM,Wood Sage & Sea Salt Jo Malone,25529,https://www.fragrantica.com/perfume/Jo-Malone-London/Wood-Sage-Sea-Salt-25529.html,https://fimgs.net/mdimg/perfume-thumbs/dark-375x500.25529.avif,perfume-images/25529.avif,DOWNLOADED,image/avif
2725,322-NAS,blamage nasomatto,25575,https://www.fragrantica.com/perfume/Nasomatto/Blamage-25575.html,https://fimgs.net/mdimg/perfume-thumbs/dark-375x500.25575.avif,perfume-images/25575.avif,DOWNLOADED,image/avif
637,547-CLI,BEYOND ROSE - CLINIQUE,25726,https://www.fragrantica.com/perfume/Clinique/Beyond-Rose-25726.html,https://fimgs.net/mdimg/perfume-thumbs/dark-375x500.25726.avif,perfume-images/25726.avif,DOWNLOADED,image/avif
802,739-JUI,viva la juicy gold couture juicy couture,25753,https://www.fragrantica.com/perfume/Juicy-Couture/Viva-la-Juicy-Gold-Couture-25753.html,https://fimgs.net/mdimg/perfume-thumbs/dark-375x500.25753.avif,perfume-images/25753.avif,DOWNLOADED,image/avif
239,1149-GUR,L' HOMME IDEAL - GUERLAIN,25780,https://www.fragrantica.com/perfume/Guerlain/L-Homme-Ideal-25780.html,https://fimgs.net/mdimg/perfume-thumbs/dark-375x500.25780.avif,perfume-images/25780.avif,DOWNLOADED,image/avif
2944,1951-LAT,RAGHBA - LATTAFA,25807,https://www.fragrantica.com/perfume/Lattafa-Perfumes/Raghba-25807.html,https://fimgs.net/mdimg/perfume-thumbs/dark-375x500.25807.avif,perfume-images/25807.avif,DOWNLOADED,image/avif
571,473-CAL,EUPHORIA GOLD-CK,25812,https://www.fragrantica.com/perfume/Calvin-Klein/Euphoria-Gold-25812.html,https://fimgs.net/mdimg/perfume-thumbs/dark-375x500.25812.avif,perfume-images/25812.avif,DOWNLOADED,image/avif
533,427-BRB,MY BURBERRY,25836,https://www.fragrantica.com/perfume/Burberry/My-Burberry-25836.html,https://fimgs.net/mdimg/perfume-thumbs/dark-375x500.25836.avif,perfume-images/25836.avif,DOWNLOADED,image/avif
813,751-KEN,JEU D'AMOUR - KENZO,25866,https://www.fragrantica.com/perfume/Kenzo/Jeu-d-Amour-25866.html,https://fimgs.net/mdimg/perfume-thumbs/dark-375x500.25866.avif,perfume-images/25866.avif,DOWNLOADED,image/avif
3717,2199-LAT,KHALIS MUSK (PURE MUSK) - LATTAFA,25880,https://www.fragrantica.com/perfume/Lattafa-Perfumes/Khalis-Musk-Pure-Musk-25880.html,https://fimgs.net/mdimg/perfume-thumbs/dark-375x500.25880.avif,perfume-images/25880.avif,DOWNLOADED,image/avif
238,1148-GUC,OUD,25946,https://www.fragrantica.com/p/25946,https://fimgs.net/mdimg/perfume-thumbs/dark-375x500.25946.avif,perfume-images/25946.avif,DOWNLOADED,image/avif
734,657-ARM,SI INTENSE,25947,https://www.fragrantica.com/perfume/Giorgio-Armani/Si-Intense-25947.html,https://fimgs.net/mdimg/perfume-thumbs/dark-375x500.25947.avif,perfume-images/25947.avif,DOWNLOADED,image/avif
670,581-DON,MY NY - Donna Karan,25948,https://www.fragrantica.com/p/25948,https://fimgs.net/mdimg/perfume-thumbs/dark-375x500.25948.avif,perfume-images/25948.avif,DOWNLOADED,image/avif
742,666-GIV,DAHLIA DIVIN,25972,https://www.fragrantica.com/perfume/Givenchy/Dahlia-Divin-25972.html,https://fimgs.net/mdimg/perfume-thumbs/dark-375x500.25972.avif,perfume-images/25972.avif,DOWNLOADED,image/avif
269,1182-JIM,jimmy choo man,25977,https://www.fragrantica.com/perfume/Jimmy-Choo/Jimmy-Choo-Man-25977.html,https://fimgs.net/mdimg/perfume-thumbs/dark-375x500.25977.avif,perfume-images/25977.avif,DOWNLOADED,image/avif
1889,762-KIL,INTOXICATED - KILIAN,25991,https://www.fragrantica.com/perfume/By-Kilian/Intoxicated-25991.html,https://fimgs.net/mdimg/perfume-thumbs/dark-375x500.25991.avif,perfume-images/25991.avif,DOWNLOADED,image/avif
2205,126-KIL,LIGHT MY FIRE - KILIAN PERFUME,25992,https://www.fragrantica.com/perfume/By-Kilian/Light-My-Fire-25992.html,https://fimgs.net/mdimg/perfume-thumbs/dark-375x500.25992.avif,perfume-images/25992.avif,DOWNLOADED,image/avif
3803,2219-AJMA,amber wood ajmal arabic,26016,https://www.fragrantica.com/perfume/Ajmal/Amber-Wood-26016.html,https://fimgs.net/mdimg/perfume-thumbs/dark-375x500.26016.avif,perfume-images/26016.avif,DOWNLOADED,image/avif
888,845-NRO,NARCISO (WHITE) - NARCISO RODRIGUEZ,26127,https://www.fragrantica.com/perfume/Narciso-Rodriguez/Narciso-26127.html,https://fimgs.net/mdimg/perfume-thumbs/dark-375x500.26127.avif,perfume-images/26127.avif,DOWNLOADED,image/avif
200,1109-DIE,,26131,https://www.fragrantica.com/perfume/Diesel/Only-The-Brave-Wild-26131.html,https://fimgs.net/mdimg/perfume-thumbs/dark-375x500.26131.avif,perfume-images/26131.avif,DOWNLOADED,image/avif
4786,2724-GUR,Shalimar Souffle de Parfum 2014,26132,https://www.fragrantica.com/perfume/Guerlain/Shalimar-Souffle-de-Parfum-26132.html,https://fimgs.net/mdimg/perfume-thumbs/dark-375x500.26132.avif,perfume-images/26132.avif,DOWNLOADED,image/avif
929,891-RCAV,JUST GOLD FOR HER - ROBERTO CAVALLI,26216,https://www.fragrantica.com/perfume/Roberto-Cavalli/Just-Cavalli-Gold-for-Her-26216.html,https://fimgs.net/mdimg/perfume-thumbs/dark-375x500.26216.avif,perfume-images/26216.avif,DOWNLOADED,image/avif
330,1253-RCAV,JUST CAVALLI GOLD FOR HIM - ROBERTO CAVALLI,26217,https://www.fragrantica.com/perfume/Roberto-Cavalli/Just-Cavalli-Gold-for-Him-26217.html,https://fimgs.net/mdimg/perfume-thumbs/dark-375x500.26217.avif,perfume-images/26217.avif,DOWNLOADED,image/avif
609,514-CHL,LOVE STORY - CHLOE,26227,https://www.fragrantica.com/perfume/Chloe/Love-Story-26227.html,https://fimgs.net/mdimg/perfume-thumbs/dark-375x500.26227.avif,perfume-images/26227.avif,DOWNLOADED,image/avif
3498,2101-KUR,MASCULIN PLURIEL,26252,https://www.fragrantica.com/perfume/Maison-Francis-Kurkdjian/Masculin-Pluriel-26252.html,https://fimgs.net/mdimg/perfume-thumbs/dark-375x500.26252.avif,perfume-images/26252.avif,DOWNLOADED,image/avif
290,1207-MIC,KORS FOR MEN,26264,https://www.fragrantica.com/p/26264,https://fimgs.net/mdimg/perfume-thumbs/dark-375x500.26264.avif,perfume-images/26264.avif,DOWNLOADED,image/avif
139,1039-BLG,MAN IN BLACK - BVLGARI,26358,https://www.fragrantica.com/perfume/Bvlgari/Bvlgari-Man-In-Black-26358.html,https://fimgs.net/mdimg/perfume-thumbs/dark-375x500.26358.avif,perfume-images/26358.avif,DOWNLOADED,image/avif
575,477-CAL,REVEAL - CALVIN KLEIN,26372,https://www.fragrantica.com/perfume/Calvin-Klein/Reveal-26372.html,https://fimgs.net/mdimg/perfume-thumbs/dark-375x500.26372.avif,perfume-images/26372.avif,DOWNLOADED,image/avif
764,695-GUE,dare guess,26415,https://www.fragrantica.com/perfume/Guess/Guess-Dare-26415.html,https://fimgs.net/mdimg/perfume-thumbs/dark-375x500.26415.avif,perfume-images/26415.avif,DOWNLOADED,image/avif
520,414-BOT,KNOT - BOTTEGA VENETA,26465,https://www.fragrantica.com/perfume/Bottega-Veneta/Knot-26465.html,https://fimgs.net/mdimg/perfume-thumbs/dark-375x500.26465.avif,perfume-images/26465.avif,DOWNLOADED,image/avif
4821,196-BELLA,1970 Bella Freud for women,26662,https://www.fragrantica.com/perfume/Bella-Freud/1970-26662.html,https://fimgs.net/mdimg/perfume-thumbs/dark-375x500.26662.avif,perfume-images/26662.avif,DOWNLOADED,image/avif
898,857-ONE,YOU & I - ONE DIRECTION,26663,https://www.fragrantica.com/perfume/One-Direction/You-I-26663.html,https://fimgs.net/mdimg/perfume-thumbs/dark-375x500.26663.avif,perfume-images/26663.avif,DOWNLOADED,image/avif
3916,2283-XER,Gran Ballo,26708,https://www.fragrantica.com/perfume/Xerjoff/Gran-Ballo-26708.html,https://fimgs.net/mdimg/perfume-thumbs/dark-375x500.26708.avif,perfume-images/26708.avif,DOWNLOADED,image/avif
1417,183-XER,Don,26709,https://www.fragrantica.com/perfume/Xerjoff/Don-26709.html,https://fimgs.net/mdimg/perfume-thumbs/dark-375x500.26709.avif,perfume-images/26709.avif,DOWNLOADED,image/avif
945,909-SFER,tuscan scent white mimosa ferragamo dupe,26777,https://www.fragrantica.com/perfume/Salvatore-Ferragamo/White-Mimosa-26777.html,https://fimgs.net/mdimg/perfume-thumbs/dark-375x500.26777.avif,perfume-images/26777.avif,DOWNLOADED,image/avif
335,1258-SFER,tuscan scent white mimosa salvatore ferragamo,26777,https://www.fragrantica.com/perfume/Salvatore-Ferragamo/White-Mimosa-26777.html,https://fimgs.net/mdimg/perfume-thumbs/dark-375x500.26777.avif,perfume-images/26777.avif,DOWNLOADED,image/avif
4255,2520-PEN,Empressa,27037,https://www.fragrantica.com/perfume/Penhaligon-s/Empressa-27037.html,https://fimgs.net/mdimg/perfume-thumbs/dark-375x500.27037.avif,perfume-images/27037.avif,DOWNLOADED,image/avif
2299,1499-BYR,MOJAVE GHOST,27040,https://www.fragrantica.com/perfume/Byredo/Mojave-Ghost-27040.html,https://fimgs.net/mdimg/perfume-thumbs/dark-375x500.27040.avif,perfume-images/27040.avif,DOWNLOADED,image/avif
169,1073-DRC,HOMME PARFUM,27417,https://www.fragrantica.com/perfume/Dior/Dior-Homme-Parfum-27417.html,https://fimgs.net/mdimg/perfume-thumbs/dark-375x500.27417.avif,perfume-images/27417.avif,DOWNLOADED,image/avif
2726,197-BON,HARRODS ROYAL ROSE - BOND,27420,https://www.fragrantica.com/perfume/Bond-No-9/Harrods-Royal-Rose-27420.html,https://fimgs.net/mdimg/perfume-thumbs/dark-375x500.27420.avif,perfume-images/27420.avif,DOWNLOADED,image/avif
204,1113-DSQ,wild dsquared dupe,27438,https://www.fragrantica.com/perfume/DSQUARED2/Wild-27438.html,https://fimgs.net/mdimg/perfume-thumbs/dark-375x500.27438.avif,perfume-images/27438.avif,DOWNLOADED,image/avif
865,820-MIC,SEXY RIO DE JANEIRO KORS,27497,https://www.fragrantica.com/perfume/Michael-Kors/Sexy-Rio-de-Janeiro-27497.html,https://fimgs.net/mdimg/perfume-thumbs/dark-375x500.27497.avif,perfume-images/27497.avif,DOWNLOADED,image/avif
3495,2103-EXN,VETIVER MOLOKO - EX NIHILO,27564,https://www.fragrantica.com/perfume/Ex-Nihilo/Vetiver-Moloko-27564.html,https://fimgs.net/mdimg/perfume-thumbs/dark-375x500.27564.avif,perfume-images/27564.avif,DOWNLOADED,image/avif
1831,115-EXN,fleur narcotique-ex nihilo,27571,https://www.fragrantica.com/perfume/Ex-Nihilo/Fleur-Narcotique-27571.html,https://fimgs.net/mdimg/perfume-thumbs/dark-375x500.27571.avif,perfume-images/27571.avif,DOWNLOADED,image/avif
113,1011-ARA,ADVENTURER,27572,https://www.fragrantica.com/perfume/Aramis/Adventurer-27572.html,https://fimgs.net/mdimg/perfume-thumbs/dark-375x500.27572.avif,perfume-images/27572.avif,DOWNLOADED,image/avif
1409,118-HAM,REHAN - HAMIDI OUD,27808,https://www.fragrantica.com/perfume/Hamidi-Oud-Perfumes/Rehan-27808.html,https://fimgs.net/mdimg/perfume-thumbs/dark-375x500.27808.avif,perfume-images/27808.avif,DOWNLOADED,image/avif
881,838-MOS,STARS - MOSCHINO,27957,https://www.fragrantica.com/perfume/Moschino/Stars-27957.html,https://fimgs.net/mdimg/perfume-thumbs/dark-375x500.27957.avif,perfume-images/27957.avif,DOWNLOADED,image/avif
1251,365-TMFO,PATCHOULI ABSOLU,28009,https://www.fragrantica.com/perfume/Tom-Ford/Patchouli-Absolu-28009.html,https://fimgs.net/mdimg/perfume-thumbs/dark-375x500.28009.avif,perfume-images/28009.avif,DOWNLOADED,image/avif
910,870-PIER,extatic intense gold pierre balmain,28047,https://www.fragrantica.com/perfume/Pierre-Balmain/Extatic-Intense-Gold-28047.html,https://fimgs.net/mdimg/perfume-thumbs/dark-375x500.28047.avif,perfume-images/28047.avif,DOWNLOADED,image/avif
942,906-SFER,emozione sferragamo dupe,28117,https://www.fragrantica.com/perfume/Salvatore-Ferragamo/Emozione-28117.html,https://fimgs.net/mdimg/perfume-thumbs/dark-375x500.28117.avif,perfume-images/28117.avif,DOWNLOADED,image/avif
209,1116-ZEG,uomo absolut zegna,28142,https://www.fragrantica.com/perfume/Ermenegildo-Zegna/Uomo-Absolute-28142.html,https://fimgs.net/mdimg/perfume-thumbs/dark-375x500.28142.avif,perfume-images/28142.avif,DOWNLOADED,image/avif
1915,808-LOL,sweet lolita lempicka,28177,https://www.fragrantica.com/perfume/Lolita-Lempicka/Sweet-28177.html,https://fimgs.net/mdimg/perfume-thumbs/dark-375x500.28177.avif,perfume-images/28177.avif,DOWNLOADED,image/avif
1419,,huboob yas arabic,28237,https://www.fragrantica.com/perfume/Yas-Perfumes/Huboob-Yas-28237.html,https://fimgs.net/mdimg/perfume-thumbs/dark-375x500.28237.avif,perfume-images/28237.avif,DOWNLOADED,image/avif
831,777-LAL,SCULPTEUR D' EPICES - LALIQUE,28250,https://www.fragrantica.com/perfume/Lalique/Sculpteur-d-Epices-28250.html,https://fimgs.net/mdimg/perfume-thumbs/dark-375x500.28250.avif,perfume-images/28250.avif,DOWNLOADED,image/avif
284,777-LAL,sculpteur d epices lalique,28250,https://www.fragrantica.com/perfume/Lalique/Sculpteur-d-Epices-28250.html,https://fimgs.net/mdimg/perfume-thumbs/dark-375x500.28250.avif,perfume-images/28250.avif,DOWNLOADED,image/avif
994,964-VICT,SCANDALOUS - VICTORIA'S SECRET,28256,https://www.fragrantica.com/perfume/Victoria-s-Secret/Scandalous-28256.html,https://fimgs.net/mdimg/perfume-thumbs/dark-375x500.28256.avif,perfume-images/28256.avif,DOWNLOADED,image/avif
2324,1613-FRE,THE NIGHT,28407,https://www.fragrantica.com/perfume/Frederic-Malle/The-Night-28407.html,https://fimgs.net/mdimg/perfume-thumbs/dark-375x500.28407.avif,perfume-images/28407.avif,DOWNLOADED,image/avif
636,546-CLI,AROMATICS IN WHITE - CLINIQUE,28532,https://www.fragrantica.com/perfume/Clinique/Aromatics-in-White-28532.html,https://fimgs.net/mdimg/perfume-thumbs/dark-375x500.28532.avif,perfume-images/28532.avif,DOWNLOADED,image/avif
525,419-BRI,ROCKER FEMME FANTASY - BRITNEY SPEARS,28607,https://www.fragrantica.com/perfume/Britney-Spears/Rocker-Femme-Fantasy-28607.html,https://fimgs.net/mdimg/perfume-thumbs/dark-375x500.28607.avif,perfume-images/28607.avif,DOWNLOADED,image/avif
932,894-RCAV,PARADISO - ROBERTO CAVALLI,28609,https://www.fragrantica.com/perfume/Roberto-Cavalli/Paradiso-28609.html,https://fimgs.net/mdimg/perfume-thumbs/dark-375x500.28609.avif,perfume-images/28609.avif,DOWNLOADED,image/avif
697,613-ESC,turquoise summer escada,28630,https://www.fragrantica.com/p/28630,https://fimgs.net/mdimg/perfume-thumbs/dark-375x500.28630.avif,perfume-images/28630.avif,DOWNLOADED,image/avif
696,612-ESC,turquoise escada,28630,https://www.fragrantica.com/perfume/Escada/Turquoise-Summer-28630.html,https://fimgs.net/mdimg/perfume-thumbs/dark-375x500.28630.avif,perfume-images/28630.avif,DOWNLOADED,image/avif
196,1105-DAV,brilliant game davidoff,28801,https://www.fragrantica.com/perfume/Davidoff/The-Brilliant-Game-28801.html,https://fimgs.net/mdimg/perfume-thumbs/dark-375x500.28801.avif,perfume-images/28801.avif,DOWNLOADED,image/avif
984,954-VICT,BOMBSHELL PINK DIAMOND - VICTORIA'S SECRET,28811,https://www.fragrantica.com/perfume/Victoria-s-Secret/Bombshell-Pink-Diamond-28811.html,https://fimgs.net/mdimg/perfume-thumbs/dark-375x500.28811.avif,perfume-images/28811.avif,DOWNLOADED,image/avif
186,1093-DOL,INTENSO,28935,https://www.fragrantica.com/perfume/Dolce-Gabbana/Dolce-Gabbana-Pour-Homme-Intenso-28935.html,https://fimgs.net/mdimg/perfume-thumbs/dark-375x500.28935.avif,perfume-images/28935.avif,DOWNLOADED,image/avif
976,945-VER,EROS POUR FEMME,28958,https://www.fragrantica.com/perfume/Versace/Eros-Pour-Femme-28958.html,https://fimgs.net/mdimg/perfume-thumbs/dark-375x500.28958.avif,perfume-images/28958.avif,DOWNLOADED,image/avif
841,793-LAN,LA NUIT TRESOR,29157,https://www.fragrantica.com/perfume/Lancome/La-Nuit-Tresor-29157.html,https://fimgs.net/mdimg/perfume-thumbs/dark-375x500.29157.avif,perfume-images/29157.avif,DOWNLOADED,image/avif
793,729-JIM,blossom jimmy choo,29165,https://www.fragrantica.com/perfume/Jimmy-Choo/Jimmy-Choo-Blossom-29165.html,https://fimgs.net/mdimg/perfume-thumbs/dark-375x500.29165.avif,perfume-images/29165.avif,DOWNLOADED,image/avif
2731,190-ARM,PIVOINE SUZHOU,29301,https://www.fragrantica.com/perfume/Giorgio-Armani/Pivoine-Suzhou-29301.html,https://fimgs.net/mdimg/perfume-thumbs/dark-375x500.29301.avif,perfume-images/29301.avif,DOWNLOADED,image/avif
124,1023-BOT,pour homme extreme bottega veneta,29351,https://www.fragrantica.com/perfume/Bottega-Veneta/Bottega-Veneta-Pour-Homme-Extreme-29351.html,https://fimgs.net/mdimg/perfume-thumbs/dark-375x500.29351.avif,perfume-images/29351.avif,DOWNLOADED,image/avif
668,579-DON,FRUITY ROOTY - DKNY,29370,https://www.fragrantica.com/perfume/Donna-Karan/DKNY-Delicious-Delights-Fruity-Rooty-29370.html,https://fimgs.net/mdimg/perfume-thumbs/dark-375x500.29370.avif,perfume-images/29370.avif,DOWNLOADED,image/avif
541,435-BLG,435 blg wp,29442,https://www.fragrantica.com/perfume/Bvlgari/Aqva-Divina-29442.html,https://fimgs.net/mdimg/perfume-thumbs/dark-375x500.29442.avif,perfume-images/29442.avif,DOWNLOADED,image/avif
521,415-BOU,BOUCHERON QUATRE,29443,https://www.fragrantica.com/perfume/Boucheron/Boucheron-Quatre-29443.html,https://fimgs.net/mdimg/perfume-thumbs/dark-375x500.29443.avif,perfume-images/29443.avif,DOWNLOADED,image/avif
644,554-DOL,554 dol wp,29524,https://www.fragrantica.com/perfume/Dolce-Gabbana/Dolce-Floral-Drops-29524.html,https://fimgs.net/mdimg/perfume-thumbs/dark-375x500.29524.avif,perfume-images/29524.avif,DOWNLOADED,image/avif
990,960-VICT,notes ofLOVE ME - VICTORIA'S SECRET,29526,https://www.fragrantica.com/perfume/Victoria-s-Secret/Love-Me-29526.html,https://fimgs.net/mdimg/perfume-thumbs/dark-375x500.29526.avif,perfume-images/29526.avif,DOWNLOADED,image/avif
126,1025-BRB,Brit Rhythm Intense,29561,https://www.fragrantica.com/perfume/Burberry/Brit-Rhythm-for-Him-Intense-29561.html,https://fimgs.net/mdimg/perfume-thumbs/dark-375x500.29561.avif,perfume-images/29561.avif,DOWNLOADED,image/avif
4110,2376-TMU,A*MEN ULTRA ZEST,29589,https://www.fragrantica.com/perfume/Mugler/A-Men-Ultra-Zest-29589.html,https://fimgs.net/mdimg/perfume-thumbs/dark-375x500.29589.avif,perfume-images/29589.avif,DOWNLOADED,image/avif
345,1269-VAL,VALENTINO UOMO EDITION NOIR,29601,https://www.fragrantica.com/p/29601,https://fimgs.net/mdimg/perfume-thumbs/dark-375x500.29601.avif,perfume-images/29601.avif,DOWNLOADED,image/avif
4218,2496-SERG,LA RELIGIEUSE by SERGE LUTENS,29636,https://www.fragrantica.com/perfume/Serge-Lutens/La-Religieuse-29636.html,https://fimgs.net/mdimg/perfume-thumbs/dark-375x500.29636.avif,perfume-images/29636.avif,DOWNLOADED,image/avif
893,851-NIN,L'EXTASE,29668,https://www.fragrantica.com/perfume/Nina-Ricci/L-Extase-29668.html,https://fimgs.net/mdimg/perfume-thumbs/dark-375x500.29668.avif,perfume-images/29668.avif,DOWNLOADED,image/avif
1245,359-TMFO,NOIR EXTREME,29675,https://www.fragrantica.com/perfume/Tom-Ford/Noir-Extreme-29675.html,https://fimgs.net/mdimg/perfume-thumbs/dark-375x500.29675.avif,perfume-images/29675.avif,DOWNLOADED,image/avif
1893,1127-ARM,ACQUA DI GIO PROFUMO,29727,https://www.fragrantica.com/perfume/Giorgio-Armani/Acqua-di-Gio-Profumo-29727.html,https://fimgs.net/mdimg/perfume-thumbs/dark-375x500.29727.avif,perfume-images/29727.avif,DOWNLOADED,image/avif
1166,260-JOM,INCENSE CEDRAT - JO MALONE,29737,https://www.fragrantica.com/perfume/Jo-Malone-London/Incense-Cedrat-29737.html,https://fimgs.net/mdimg/perfume-thumbs/dark-375x500.29737.avif,perfume-images/29737.avif,DOWNLOADED,image/avif
325,1248-RAL,POLO RED INTENSE,29738,https://www.fragrantica.com/perfume/Ralph-Lauren/Polo-Red-Intense-29738.html,https://fimgs.net/mdimg/perfume-thumbs/dark-375x500.29738.avif,perfume-images/29738.avif,DOWNLOADED,image/avif
791,727-JEN,jluxe jennifer lopez,29758,https://www.fragrantica.com/perfume/Jennifer-Lopez/JLuxe-29758.html,https://fimgs.net/mdimg/perfume-thumbs/dark-375x500.29758.avif,perfume-images/29758.avif,DOWNLOADED,image/avif
662,573-DIE,LOVERDOSE RED KISS - DIESEL,29771,https://www.fragrantica.com/perfume/Diesel/Loverdose-Red-Kiss-29771.html,https://fimgs.net/mdimg/perfume-thumbs/dark-375x500.29771.avif,perfume-images/29771.avif,DOWNLOADED,image/avif
829,774-LAL,LIVING LALIQUE - LALIQUE,29816,https://www.fragrantica.com/perfume/Lalique/Living-Lalique-29816.html,https://fimgs.net/mdimg/perfume-thumbs/dark-375x500.29816.avif,perfume-images/29816.avif,DOWNLOADED,image/avif
772,705-HER,LE JARDIN DE MONSIEUR LI - HERMES,29818,https://www.fragrantica.com/perfume/Hermes/Le-Jardin-de-Monsieur-Li-29818.html,https://fimgs.net/mdimg/perfume-thumbs/dark-375x500.29818.avif,perfume-images/29818.avif,DOWNLOADED,image/avif
970,939-VAL,VALENTINA PINK - VALENTINO,29901,https://www.fragrantica.com/perfume/Valentino/Valentina-Pink-29901.html,https://fimgs.net/mdimg/perfume-thumbs/dark-375x500.29901.avif,perfume-images/29901.avif,DOWNLOADED,image/avif
650,560-DOL,LIGHT BLUE SUNSET IN SALINA,29959,https://www.fragrantica.com/perfume/Dolce-Gabbana/Light-Blue-Sunset-in-Salina-29959.html,https://fimgs.net/mdimg/perfume-thumbs/dark-375x500.29959.avif,perfume-images/29959.avif,DOWNLOADED,image/avif
4782,2720-ROJ,United Arab Emirates Spirit Of The Union Roja Dove,29977,https://www.fragrantica.com/perfume/Roja-Dove/United-Arab-Emirates-Spirit-Of-The-Union-29977.html,https://fimgs.net/mdimg/perfume-thumbs/dark-375x500.29977.avif,perfume-images/29977.avif,DOWNLOADED,image/avif
340,1264-TRU,BLUE LAND,30050,https://www.fragrantica.com/perfume/Trussardi/Blue-Land-30050.html,https://fimgs.net/mdimg/perfume-thumbs/dark-375x500.30050.avif,perfume-images/30050.avif,DOWNLOADED,image/avif
923,885-REP,,30159,https://www.fragrantica.com/perfume/Repetto/Repetto-L-Eau-Florale-30159.html,https://fimgs.net/mdimg/perfume-thumbs/dark-375x500.30159.avif,perfume-images/30159.avif,DOWNLOADED,image/avif
3443,2024-DRC,FEVE DELICIEUSE,30164,https://www.fragrantica.com/perfume/Dior/Feve-Delicieuse-30164.html,https://fimgs.net/mdimg/perfume-thumbs/dark-375x500.30164.avif,perfume-images/30164.avif,DOWNLOADED,image/avif
355,1279-YZLO,KOUROS SILVER,30240,https://www.fragrantica.com/perfume/Yves-Saint-Laurent/Yves-Saint-Laurent-Kouros-Silver-30240.html,https://fimgs.net/mdimg/perfume-thumbs/dark-375x500.30240.avif,perfume-images/30240.avif,DOWNLOADED,image/avif
4246,2476-MARG,At The Barber's,30262,https://www.fragrantica.com/perfume/Maison-Martin-Margiela/At-The-Barber-s-30262.html,https://fimgs.net/mdimg/perfume-thumbs/dark-375x500.30262.avif,perfume-images/30262.avif,DOWNLOADED,image/avif
288,1204-LOE,solo loewe cedro,30321,https://www.fragrantica.com/perfume/Loewe/Solo-Loewe-Cedro-30321.html,https://fimgs.net/mdimg/perfume-thumbs/dark-375x500.30321.avif,perfume-images/30321.avif,DOWNLOADED,image/avif
729,649-ARM,CODE TURQUOISE,30323,https://www.fragrantica.com/perfume/Giorgio-Armani/Armani-Code-Turquoise-for-Women-30323.html,https://fimgs.net/mdimg/perfume-thumbs/dark-375x500.30323.avif,perfume-images/30323.avif,DOWNLOADED,image/avif
1790,139-KUR,OUD SATIN MOOD,30352,https://www.fragrantica.com/perfume/Maison-Francis-Kurkdjian/Oud-Satin-Mood-30352.html,https://fimgs.net/mdimg/perfume-thumbs/dark-375x500.30352.avif,perfume-images/30352.avif,DOWNLOADED,image/avif
153,1055-CAR,212 VIP CLUB EDITION,30424,https://www.fragrantica.com/perfume/Carolina-Herrera/212-VIP-Club-Edition-30424.html,https://fimgs.net/mdimg/perfume-thumbs/dark-375x500.30424.avif,perfume-images/30424.avif,DOWNLOADED,image/avif
3301,1930-VIC,1930 vic mix 1039 blg,30499,https://www.fragrantica.com/perfume/Viktor-Rolf/Spicebomb-Extreme-30499.html,https://fimgs.net/mdimg/perfume-thumbs/dark-375x500.30499.avif,perfume-images/30499.avif,DOWNLOADED,image/avif
2982,1930-VIC,SPICEBOMB EXTREME,30499,https://www.fragrantica.com/perfume/Viktor-Rolf/Spicebomb-Extreme-30499.html,https://fimgs.net/mdimg/perfume-thumbs/dark-375x500.30499.avif,perfume-images/30499.avif,DOWNLOADED,image/avif
3207,2009-MNT,HONEY AOUD - MONTALE,30509,https://www.fragrantica.com/perfume/Montale/Honey-Aoud-30509.html,https://fimgs.net/mdimg/perfume-thumbs/dark-375x500.30509.avif,perfume-images/30509.avif,DOWNLOADED,image/avif
614,519-CHO,HAPPY SPIRIT AMIRA D'AMOUR - CHOPARD,30520,https://www.fragrantica.com/perfume/Chopard/Happy-Spirit-Amira-d-Amour-30520.html,https://fimgs.net/mdimg/perfume-thumbs/dark-375x500.30520.avif,perfume-images/30520.avif,DOWNLOADED,image/avif
2118,179-XER,1861 NAXOS,30529,https://www.fragrantica.com/perfume/Xerjoff/XJ-1861-Naxos-30529.html,https://fimgs.net/mdimg/perfume-thumbs/dark-375x500.30529.avif,perfume-images/30529.avif,DOWNLOADED,image/avif
4751,2667-CHAB,Lait Concentre,30551,https://www.fragrantica.com/perfume/Chabaud-Maison-de-Parfum/Lait-Concentre-30551.html,https://fimgs.net/mdimg/perfume-thumbs/dark-375x500.30551.avif,perfume-images/30551.avif,DOWNLOADED,image/avif
2796,1883-NISH,Fragrance WULONG CHA - NISHANE,30567,https://www.fragrantica.com/perfume/Nishane/Wulong-Cha-30567.html,https://fimgs.net/mdimg/perfume-thumbs/dark-375x500.30567.avif,perfume-images/30567.avif,DOWNLOADED,image/avif
2934,1923-NISH,AMBRA CALABRIA - NISHANE,30568,https://www.fragrantica.com/perfume/Nishane/Ambra-Calabria-30568.html,https://fimgs.net/mdimg/perfume-thumbs/dark-375x500.30568.avif,perfume-images/30568.avif,DOWNLOADED,image/avif
3811,2231-NISH,SULTAN VETIVER - NISHANE,30574,https://www.fragrantica.com/perfume/Nishane/Sultan-Vetiver-30574.html,https://fimgs.net/mdimg/perfume-thumbs/dark-375x500.30574.avif,perfume-images/30574.avif,DOWNLOADED,image/avif
726,645-ARM,ACQUA DI GIOIA JASMINE,30621,https://www.fragrantica.com/perfume/Giorgio-Armani/Acqua-Di-Gioia-Jasmine-30621.html,https://fimgs.net/mdimg/perfume-thumbs/dark-375x500.30621.avif,perfume-images/30621.avif,DOWNLOADED,image/avif
3934,2273-TER,ANDROMEDA - TIZIANA TERENZI,30623,https://www.fragrantica.com/perfume/Tiziana-Terenzi/Andromeda-30623.html,https://fimgs.net/mdimg/perfume-thumbs/dark-375x500.30623.avif,perfume-images/30623.avif,DOWNLOADED,image/avif
2452,1718-TER,CASSIOPEA - TIZIANA TERENZI,30624,https://www.fragrantica.com/perfume/Tiziana-Terenzi/Cassiopea-30624.html,https://fimgs.net/mdimg/perfume-thumbs/dark-375x500.30624.avif,perfume-images/30624.avif,DOWNLOADED,image/avif
3444,2025-TER,DRACO - TIZIANA TERENZI,30626,https://www.fragrantica.com/perfume/Tiziana-Terenzi/Draco-30626.html,https://fimgs.net/mdimg/perfume-thumbs/dark-375x500.30626.avif,perfume-images/30626.avif,DOWNLOADED,image/avif
2690,333-ROJ,a goodnight kiss roja dove,30776,https://www.fragrantica.com/perfume/Roja-Dove/A-Goodnight-Kiss-30776.html,https://fimgs.net/mdimg/perfume-thumbs/dark-375x500.30776.avif,perfume-images/30776.avif,DOWNLOADED,image/avif
750,674-GUC,Bamboo,30815,https://www.fragrantica.com/perfume/Gucci/Gucci-Bamboo-30815.html,https://fimgs.net/mdimg/perfume-thumbs/dark-375x500.30815.avif,perfume-images/30815.avif,DOWNLOADED,image/avif
2885,1911-KIL,SINGLE MALT - KILIAN,30821,https://www.fragrantica.com/perfume/By-Kilian/Single-Malt-30821.html,https://fimgs.net/mdimg/perfume-thumbs/dark-375x500.30821.avif,perfume-images/30821.avif,DOWNLOADED,image/avif
268,1181-GUL,ULTRA MALE,30947,https://www.fragrantica.com/perfume/Jean-Paul-Gaultier/Ultra-Male-30947.html,https://fimgs.net/mdimg/perfume-thumbs/dark-375x500.30947.avif,perfume-images/30947.avif,DOWNLOADED,image/avif
1246,360-TMFO,NOIR POUR FEMME,30957,https://www.fragrantica.com/perfume/Tom-Ford/Noir-Pour-Femme-30957.html,https://fimgs.net/mdimg/perfume-thumbs/dark-375x500.30957.avif,perfume-images/30957.avif,DOWNLOADED,image/avif
2191,120-INI,ABSOLUTE APHRODISIAC - INITIO PARFUMS,30989,https://www.fragrantica.com/perfume/Initio-Parfums-Prives/Absolute-Aphrodisiac-30989.html,https://fimgs.net/mdimg/perfume-thumbs/dark-375x500.30989.avif,perfume-images/30989.avif,DOWNLOADED,image/avif
2659,1797-INI,BLESSED BARAKA - INITIO PARFUMS,30991,https://www.fragrantica.com/perfume/Initio-Parfums-Prives/Blessed-Baraka-30991.html,https://fimgs.net/mdimg/perfume-thumbs/dark-375x500.30991.avif,perfume-images/30991.avif,DOWNLOADED,image/avif
4348,2595-INI,Mystic Experience Initio Parfums,30992,https://www.fragrantica.com/perfume/Initio-Parfums-Prives/Mystic-Experience-30992.html,https://fimgs.net/mdimg/perfume-thumbs/dark-375x500.30992.avif,perfume-images/30992.avif,DOWNLOADED,image/avif
2252,1530-INI,DIVINE ATTRACTION - INITIO PARFUMS (U) PERFUME,30993,https://www.fragrantica.com/perfume/Initio-Parfums-Prives/Divine-Attraction-30993.html,https://fimgs.net/mdimg/perfume-thumbs/dark-375x500.30993.avif,perfume-images/30993.avif,DOWNLOADED,image/avif
967,934-TRU,MY SCENT,31030,https://www.fragrantica.com/perfume/Trussardi/My-Scent-31030.html,https://fimgs.net/mdimg/perfume-thumbs/dark-375x500.31030.avif,perfume-images/31030.avif,DOWNLOADED,image/avif
2973,1954-CARN,PALO SANTO - CARNER BARCELONA,31035,https://www.fragrantica.com/perfume/Carner-Barcelona/Palo-Santo-31035.html,https://fimgs.net/mdimg/perfume-thumbs/dark-375x500.31035.avif,perfume-images/31035.avif,DOWNLOADED,image/avif
918,1239-PRA,INFUSION D'OEILLET - PRADA,31045,https://www.fragrantica.com/perfume/Prada/Infusion-d-Oeillet-31045.html,https://fimgs.net/mdimg/perfume-thumbs/dark-375x500.31045.avif,perfume-images/31045.avif,DOWNLOADED,image/avif
316,880-PRA,INFUSION D'OEILLET,31045,https://www.fragrantica.com/perfume/Prada/Infusion-d-Oeillet-31045.html,https://fimgs.net/mdimg/perfume-thumbs/dark-375x500.31045.avif,perfume-images/31045.avif,DOWNLOADED,image/avif
1005,1285-YZLO,MAGNIFICENT BLOSSOM,31050,https://www.fragrantica.com/perfume/Yves-Saint-Laurent/Magnificent-Blossom-31050.html,https://fimgs.net/mdimg/perfume-thumbs/dark-375x500.31050.avif,perfume-images/31050.avif,DOWNLOADED,image/avif
320,1243-PRA,LUNA ROSSA SPORT PRADA,31116,https://www.fragrantica.com/perfume/Prada/Luna-Rossa-Sport-31116.html,https://fimgs.net/mdimg/perfume-thumbs/dark-375x500.31116.avif,perfume-images/31116.avif,DOWNLOADED,image/avif
1810,1161-HUG,BOSS BOTTLED OUD - HUGO BOSS,31141,https://www.fragrantica.com/perfume/Hugo-Boss/Boss-Bottled-Oud-31141.html,https://fimgs.net/mdimg/perfume-thumbs/dark-375x500.31141.avif,perfume-images/31141.avif,DOWNLOADED,image/avif
3494,2094-SHIS,ever bloom wedding,31202,https://www.fragrantica.com/perfume/Shiseido/Ever-Bloom-31202.html,https://fimgs.net/mdimg/perfume-thumbs/dark-375x500.31202.avif,perfume-images/31202.avif,DOWNLOADED,image/avif
278,1193-KEN,TOTEM ORANGE - KENZO,31206,https://www.fragrantica.com/perfume/Kenzo/Totem-Orange-31206.html,https://fimgs.net/mdimg/perfume-thumbs/dark-375x500.31206.avif,perfume-images/31206.avif,DOWNLOADED,image/avif
2346,1623-ARM,AMBRE ECCENTRICO,31209,https://www.fragrantica.com/perfume/Giorgio-Armani/Ambre-Eccentrico-31209.html,https://fimgs.net/mdimg/perfume-thumbs/dark-375x500.31209.avif,perfume-images/31209.avif,DOWNLOADED,image/avif
858,813-MAR,DECADENCE - MARC JACOBS,31226,https://www.fragrantica.com/perfume/Marc-Jacobs/Decadence-31226.html,https://fimgs.net/mdimg/perfume-thumbs/dark-375x500.31226.avif,perfume-images/31226.avif,DOWNLOADED,image/avif
796,733-JIM,illicit jimmy choo,31233,https://www.fragrantica.com/perfume/Jimmy-Choo/Illicit-31233.html,https://fimgs.net/mdimg/perfume-thumbs/dark-375x500.31233.avif,perfume-images/31233.avif,DOWNLOADED,image/avif
303,1222-NRO,BLEU NOIR,31247,https://www.fragrantica.com/perfume/Narciso-Rodriguez/Narciso-Rodriguez-for-Him-Bleu-Noir-31247.html,https://fimgs.net/mdimg/perfume-thumbs/dark-375x500.31247.avif,perfume-images/31247.avif,DOWNLOADED,image/avif
675,586-DSQ,want dsquared,31292,https://www.fragrantica.com/perfume/DSQUARED2/Want-31292.html,https://fimgs.net/mdimg/perfume-thumbs/dark-375x500.31292.avif,perfume-images/31292.avif,DOWNLOADED,image/avif
710,627-EST,MODERN MUSE LE ROUGE - ESTEE LAUDER,31293,https://www.fragrantica.com/perfume/Estee-Lauder/Modern-Muse-Le-Rouge-31293.html,https://fimgs.net/mdimg/perfume-thumbs/dark-375x500.31293.avif,perfume-images/31293.avif,DOWNLOADED,image/avif
862,817-MIC,24K BRILLIANT GOLD - KORS,31341,https://www.fragrantica.com/perfume/Michael-Kors/24K-Brilliant-Gold-31341.html,https://fimgs.net/mdimg/perfume-thumbs/dark-375x500.31341.avif,perfume-images/31341.avif,DOWNLOADED,image/avif
869,824-MIC,WHITE LUMINOUS GOLD - MICHAEL KORS,31343,https://www.fragrantica.com/perfume/Michael-Kors/White-Luminous-Gold-31343.html,https://fimgs.net/mdimg/perfume-thumbs/dark-375x500.31343.avif,perfume-images/31343.avif,DOWNLOADED,image/avif
1950,145-MEM,AFRICAN LEATHER - MEMO PARIS,31383,https://www.fragrantica.com/perfume/Memo-Paris/African-Leather-31383.html,https://fimgs.net/mdimg/perfume-thumbs/dark-375x500.31383.avif,perfume-images/31383.avif,DOWNLOADED,image/avif
2093,163-PEN,HALFETI,31396,https://www.fragrantica.com/perfume/Penhaligon-s/Halfeti-31396.html,https://fimgs.net/mdimg/perfume-thumbs/dark-375x500.31396.avif,perfume-images/31396.avif,DOWNLOADED,image/avif
1765,936-VAL,DONNA - VALENTINO,31411,https://www.fragrantica.com/perfume/Valentino/Valentino-Donna-31411.html,https://fimgs.net/mdimg/perfume-thumbs/dark-375x500.31411.avif,perfume-images/31411.avif,DOWNLOADED,image/avif
2215,1003-ACQ,COLONIA CLUB,31424,https://www.fragrantica.com/perfume/Acqua-di-Parma/Colonia-Club-31424.html,https://fimgs.net/mdimg/perfume-thumbs/dark-375x500.31424.avif,perfume-images/31424.avif,DOWNLOADED,image/avif
3497,2093-MNTB,LADY EMBLEM - MONTBLANC,31425,https://www.fragrantica.com/perfume/Montblanc/Lady-Emblem-31425.html,https://fimgs.net/mdimg/perfume-thumbs/dark-375x500.31425.avif,perfume-images/31425.avif,DOWNLOADED,image/avif
256,1169-HUG,THE SCENT - HUGO BOSS,31445,https://www.fragrantica.com/p/31445,https://fimgs.net/mdimg/perfume-thumbs/dark-375x500.31445.avif,perfume-images/31445.avif,DOWNLOADED,image/avif
927,889-RCAV,ESSENZA - ROBERTO CAVALLI,31459,https://www.fragrantica.com/perfume/Roberto-Cavalli/Roberto-Cavalli-Essenza-31459.html,https://fimgs.net/mdimg/perfume-thumbs/dark-375x500.31459.avif,perfume-images/31459.avif,DOWNLOADED,image/avif
886,844-NRO,L'ABSOLU FOR HER - NARCISO RODRIGUEZ,31509,https://www.fragrantica.com/perfume/Narciso-Rodriguez/Narciso-Rodriguez-For-Her-L-Absolu-31509.html,https://fimgs.net/mdimg/perfume-thumbs/dark-375x500.31509.avif,perfume-images/31509.avif,DOWNLOADED,image/avif
545,439-BLG,GOLDEA,31538,https://www.fragrantica.com/perfume/Bvlgari/Goldea-31538.html,https://fimgs.net/mdimg/perfume-thumbs/dark-375x500.31538.avif,perfume-images/31538.avif,DOWNLOADED,image/avif
812,750-KEN,FLOWER L ELIXIR - KENZO,31539,https://www.fragrantica.com/perfume/Kenzo/Flower-by-Kenzo-L-Elixir-31539.html,https://fimgs.net/mdimg/perfume-thumbs/dark-375x500.31539.avif,perfume-images/31539.avif,DOWNLOADED,image/avif
2738,212-CRD,Royal Mayfair,31562,https://www.fragrantica.com/perfume/Creed/Royal-Mayfair-31562.html,https://fimgs.net/mdimg/perfume-thumbs/dark-375x500.31562.avif,perfume-images/31562.avif,DOWNLOADED,image/avif
1222,327-PECK,mistraal pecksniff eaudeparfum,31584,https://www.fragrantica.com/perfume/Pecksniff-s/Mistraal-31584.html,https://fimgs.net/mdimg/perfume-thumbs/dark-375x500.31584.avif,perfume-images/31584.avif,DOWNLOADED,image/avif
1220,325-PECK,black oak cedar pecksniff s aroma,31590,https://www.fragrantica.com/perfume/Pecksniff-s/Black-Oak-Cedar-31590.html,https://fimgs.net/mdimg/perfume-thumbs/dark-375x500.31590.avif,perfume-images/31590.avif,DOWNLOADED,image/avif
522,416-BOU,PLACE VENDOME WHITE GOLD - BOUCHERON,31618,https://www.fragrantica.com/perfume/Boucheron/Place-Vendome-White-Gold-31618.html,https://fimgs.net/mdimg/perfume-thumbs/dark-375x500.31618.avif,perfume-images/31618.avif,DOWNLOADED,image/avif
4790,2729-AMG,Sunshine Man,31619,https://www.fragrantica.com/perfume/Amouage/Sunshine-Man-31619.html,https://fimgs.net/mdimg/perfume-thumbs/dark-375x500.31619.avif,perfume-images/31619.avif,DOWNLOADED,image/avif
2792,1882-MARG,BY THE FIRE PLACE,31623,https://www.fragrantica.com/perfume/Maison-Martin-Margiela/By-the-Fireplace-31623.html,https://fimgs.net/mdimg/perfume-thumbs/dark-375x500.31623.avif,perfume-images/31623.avif,DOWNLOADED,image/avif
1804,767-KIL,VOULEZ-VOUS COUCHER AVEC MOI - KILIAN,31625,https://www.fragrantica.com/perfume/By-Kilian/Voulez-Vous-Coucher-Avec-Moi-31625.html,https://fimgs.net/mdimg/perfume-thumbs/dark-375x500.31625.avif,perfume-images/31625.avif,DOWNLOADED,image/avif
924,886-RIH,RIRI - RIHANNA,31629,https://www.fragrantica.com/perfume/Rihanna/RiRi-31629.html,https://fimgs.net/mdimg/perfume-thumbs/dark-375x500.31629.avif,perfume-images/31629.avif,DOWNLOADED,image/avif
511,400-ARIA,Ari Ariana Grande,31661,https://www.fragrantica.com/perfume/Ariana-Grande/Ari-31661.html,https://fimgs.net/mdimg/perfume-thumbs/dark-375x500.31661.avif,perfume-images/31661.avif,DOWNLOADED,image/avif
952,916-SOF,love sofia vergara,31662,https://www.fragrantica.com/perfume/Sofia-Vergara/Love-31662.html,https://fimgs.net/mdimg/perfume-thumbs/dark-375x500.31662.avif,perfume-images/31662.avif,DOWNLOADED,image/avif
728,648-ARM,CODE SATIN,31664,https://www.fragrantica.com/perfume/Giorgio-Armani/Armani-Code-Satin-31664.html,https://fimgs.net/mdimg/perfume-thumbs/dark-375x500.31664.avif,perfume-images/31664.avif,DOWNLOADED,image/avif
903,863-PAC,OLYMPEA,31666,https://www.fragrantica.com/perfume/Rabanne/Olympea-31666.html,https://fimgs.net/mdimg/perfume-thumbs/dark-375x500.31666.avif,perfume-images/31666.avif,DOWNLOADED,image/avif
2241,1549-TMFO,VENETIAN BERGAMOT,31696,https://www.fragrantica.com/perfume/Tom-Ford/Venetian-Bergamot-31696.html,https://fimgs.net/mdimg/perfume-thumbs/dark-375x500.31696.avif,perfume-images/31696.avif,DOWNLOADED,image/avif
2050,231-DIP,Oud Palao,31738,https://www.fragrantica.com/perfume/Diptyque/Oud-Palao-Eau-de-Parfum-31738.html,https://fimgs.net/mdimg/perfume-thumbs/dark-375x500.31738.avif,perfume-images/31738.avif,DOWNLOADED,image/avif
3805,2230-VAR,dark rebel john varvatos,31760,https://www.fragrantica.com/p/31760,https://fimgs.net/mdimg/perfume-thumbs/dark-375x500.31760.avif,perfume-images/31760.avif,DOWNLOADED,image/avif
2598,1744-CLI,AROMATICS IN BLACK - CLINIQUE,31761,https://www.fragrantica.com/perfume/Clinique/Aromatics-in-Black-31761.html,https://fimgs.net/mdimg/perfume-thumbs/dark-375x500.31761.avif,perfume-images/31761.avif,DOWNLOADED,image/avif
4011,2322-MNT,GOLDEN SAND - MONTALE,31770,https://www.fragrantica.com/perfume/Montale/Golden-Sand-31770.html,https://fimgs.net/mdimg/perfume-thumbs/dark-375x500.31770.avif,perfume-images/31770.avif,DOWNLOADED,image/avif
4244,2519-MNT,Starry Nights Montale,31771,https://www.fragrantica.com/perfume/Montale/Starry-Nights-31771.html,https://fimgs.net/mdimg/perfume-thumbs/dark-375x500.31771.avif,perfume-images/31771.avif,DOWNLOADED,image/avif
1172,267-JOM,MIMOSA & CARDAMON - JO MALONE,31825,https://www.fragrantica.com/perfume/Jo-Malone-London/Mimosa-Cardamom-31825.html,https://fimgs.net/mdimg/perfume-thumbs/dark-375x500.31825.avif,perfume-images/31825.avif,DOWNLOADED,image/avif
4390,2601-TMU,Angel Passion Star,31849,https://www.fragrantica.com/perfume/Mugler/Angel-Passion-Star-31849.html,https://fimgs.net/mdimg/perfume-thumbs/dark-375x500.31849.avif,perfume-images/31849.avif,DOWNLOADED,image/avif
181,1085-DRC,SAUVAGE,31861,https://www.fragrantica.com/perfume/Dior/Sauvage-31861.html,https://fimgs.net/mdimg/perfume-thumbs/dark-375x500.31861.avif,perfume-images/31861.avif,DOWNLOADED,image/avif
2430,1697-LEL,THE NOIR 29 - LE LABO,31872,https://www.fragrantica.com/perfume/Le-Labo/The-Noir-29-31872.html,https://fimgs.net/mdimg/perfume-thumbs/dark-375x500.31872.avif,perfume-images/31872.avif,DOWNLOADED,image/avif
2407,1679-BYR,ROSE OF NO MAN'S LAND,31931,https://www.fragrantica.com/perfume/Byredo/Rose-Of-No-Man-s-Land-31931.html,https://fimgs.net/mdimg/perfume-thumbs/dark-375x500.31931.avif,perfume-images/31931.avif,DOWNLOADED,image/avif
657,568-DOL,THE ONE ESSENCE,31968,https://www.fragrantica.com/perfume/Dolce-Gabbana/The-One-Essence-31968.html,https://fimgs.net/mdimg/perfume-thumbs/dark-375x500.31968.avif,perfume-images/31968.avif,DOWNLOADED,image/avif
4022,2317-TER,ORION - TIZIANA TERENZI,32170,https://www.fragrantica.com/perfume/Tiziana-Terenzi/Orion-32170.html,https://fimgs.net/mdimg/perfume-thumbs/dark-375x500.32170.avif,perfume-images/32170.avif,DOWNLOADED,image/avif
1880,177-TER,KIRKE - TIZIANA TERENZI,32172,https://www.fragrantica.com/perfume/Tiziana-Terenzi/Kirke-32172.html,https://fimgs.net/mdimg/perfume-thumbs/dark-375x500.32172.avif,perfume-images/32172.avif,DOWNLOADED,image/avif
4258,2532-PRA,Cargo de Nuit Prada,32197,https://www.fragrantica.com/perfume/Prada/Cargo-de-Nuit-32197.html,https://fimgs.net/mdimg/perfume-thumbs/dark-375x500.32197.avif,perfume-images/32197.avif,DOWNLOADED,image/avif
2146,410-BOD,BLACK MUSK - BODY SHOP,32247,https://www.fragrantica.com/perfume/The-Body-Shop/Black-Musk-32247.html,https://fimgs.net/mdimg/perfume-thumbs/dark-375x500.32247.avif,perfume-images/32247.avif,DOWNLOADED,image/avif
3112,1995-YZLO,CABAN,32267,https://www.fragrantica.com/perfume/Yves-Saint-Laurent/Caban-32267.html,https://fimgs.net/mdimg/perfume-thumbs/dark-375x500.32267.avif,perfume-images/32267.avif,DOWNLOADED,image/avif
2116,1288-YZLO,TUXEDO,32269,https://www.fragrantica.com/perfume/Yves-Saint-Laurent/Tuxedo-32269.html,https://fimgs.net/mdimg/perfume-thumbs/dark-375x500.32269.avif,perfume-images/32269.avif,DOWNLOADED,image/avif
908,868-PARH,heirless paris hilton,32365,https://www.fragrantica.com/perfume/Paris-Hilton/Heiress-Limited-Edition-32365.html,https://fimgs.net/mdimg/perfume-thumbs/dark-375x500.32365.avif,perfume-images/32365.avif,DOWNLOADED,image/avif
3487,2102-MOS,FRESH COUTURE - MOSCHINO,32393,https://www.fragrantica.com/perfume/Moschino/Fresh-Couture-32393.html,https://fimgs.net/mdimg/perfume-thumbs/dark-375x500.32393.avif,perfume-images/32393.avif,DOWNLOADED,image/avif
3570,2137-ROJ,2137 roj ν,32537,https://www.fragrantica.com/perfume/Roja-Dove/Great-Britain-32537.html,https://fimgs.net/mdimg/perfume-thumbs/dark-375x500.32537.avif,perfume-images/32537.avif,DOWNLOADED,image/avif
130,1029-BRB,MR BURBERRY - BURBERRY,32565,https://www.fragrantica.com/perfume/Burberry/Mr-Burberry-32565.html,https://fimgs.net/mdimg/perfume-thumbs/dark-375x500.32565.avif,perfume-images/32565.avif,DOWNLOADED,image/avif
539,433-BRB,MY BURBERRY BLACK,32566,https://www.fragrantica.com/perfume/Burberry/My-Burberry-Black-32566.html,https://fimgs.net/mdimg/perfume-thumbs/dark-375x500.32566.avif,perfume-images/32566.avif,DOWNLOADED,image/avif
4229,2505-JACFAT,Curacao Bay Jacques Fath,32571,https://www.fragrantica.com/p/32571,https://fimgs.net/mdimg/perfume-thumbs/dark-375x500.32571.avif,perfume-images/32571.avif,DOWNLOADED,image/avif
1943,356-TMFO,Neroli Portofino Acqua,32614,https://www.fragrantica.com/perfume/Tom-Ford/Neroli-Portofino-Acqua-32614.html,https://fimgs.net/mdimg/perfume-thumbs/dark-375x500.32614.avif,perfume-images/32614.avif,DOWNLOADED,image/avif
944,908-SFER,signorina misteriosa ferragamo,32646,https://www.fragrantica.com/perfume/Salvatore-Ferragamo/Signorina-Misteriosa-32646.html,https://fimgs.net/mdimg/perfume-thumbs/dark-375x500.32646.avif,perfume-images/32646.avif,DOWNLOADED,image/avif
3369,1988-THEVE,THE MERCHANT OF VENICE,32670,https://www.fragrantica.com/perfume/The-Merchant-of-Venice/Arabesque-32670.html,https://fimgs.net/mdimg/perfume-thumbs/dark-375x500.32670.avif,perfume-images/32670.avif,DOWNLOADED,image/avif
2322,1559-VICT,ANGEL GOLD - VICTORIA'S SECRET,32693,https://www.fragrantica.com/perfume/Victoria-s-Secret/Angel-Gold-32693.html,https://fimgs.net/mdimg/perfume-thumbs/dark-375x500.32693.avif,perfume-images/32693.avif,DOWNLOADED,image/avif
863,818-MIC,CORAL - KORS,32739,https://www.fragrantica.com/perfume/Michael-Kors/Coral-32739.html,https://fimgs.net/mdimg/perfume-thumbs/dark-375x500.32739.avif,perfume-images/32739.avif,DOWNLOADED,image/avif
684,596-ESC,AGUA DEL SOL,32741,https://www.fragrantica.com/p/32741,https://fimgs.net/mdimg/perfume-thumbs/dark-375x500.32741.avif,perfume-images/32741.avif,DOWNLOADED,image/avif
2303,1497-BYR,CASABLANCA LILY,32777,https://www.fragrantica.com/perfume/Byredo/Casablanca-Lily-32777.html,https://fimgs.net/mdimg/perfume-thumbs/dark-375x500.32777.avif,perfume-images/32777.avif,DOWNLOADED,image/avif
2661,1799-MAN,AOUD VANILLE - MANCERA,32907,https://www.fragrantica.com/perfume/Mancera/Aoud-Vanille-32907.html,https://fimgs.net/mdimg/perfume-thumbs/dark-375x500.32907.avif,perfume-images/32907.avif,DOWNLOADED,image/avif
3482,1983-ATTAR,THE QUEEN OF SHEBA - ATTAR,33414,https://www.fragrantica.com/perfume/Attar-Collection/The-Queen-of-Sheba-33414.html,https://fimgs.net/mdimg/perfume-thumbs/dark-375x500.33414.avif,perfume-images/33414.avif,DOWNLOADED,image/avif
296,1214-MNTB,LEGEND SPIRIT - MONT BLANC,33443,https://www.fragrantica.com/perfume/Montblanc/Legend-Spirit-33443.html,https://fimgs.net/mdimg/perfume-thumbs/dark-375x500.33443.avif,perfume-images/33443.avif,DOWNLOADED,image/avif
1412,149-PARF,CARLISLE (U) - PARFUMS DE MARLY,33514,https://www.fragrantica.com/perfume/Parfums-de-Marly/Carlisle-33514.html,https://fimgs.net/mdimg/perfume-thumbs/dark-375x500.33514.avif,perfume-images/33514.avif,DOWNLOADED,image/avif
3295,111-BAC,111 bac mix 204 crd,33519,https://www.fragrantica.com/perfume/Maison-Francis-Kurkdjian/Baccarat-Rouge-540-33519.html,https://fimgs.net/mdimg/perfume-thumbs/dark-375x500.33519.avif,perfume-images/33519.avif,DOWNLOADED,image/avif
1807,111-BAC,ROUGE 540 - BACCARAT,33519,https://www.fragrantica.com/perfume/Maison-Francis-Kurkdjian/Baccarat-Rouge-540-33519.html,https://fimgs.net/mdimg/perfume-thumbs/dark-375x500.33519.avif,perfume-images/33519.avif,DOWNLOADED,image/avif
763,693-GUR,SHALIMAR PARFUM - GUERLAIN,33557,https://www.fragrantica.com/perfume/Guerlain/Shalimar-Parfum-33557.html,https://fimgs.net/mdimg/perfume-thumbs/dark-375x500.33557.avif,perfume-images/33557.avif,DOWNLOADED,image/avif
803,741-JUI,viva la juicy rose couture,33567,https://www.fragrantica.com/perfume/Juicy-Couture/Viva-La-Juicy-Rose-33567.html,https://fimgs.net/mdimg/perfume-thumbs/dark-375x500.33567.avif,perfume-images/33567.avif,DOWNLOADED,image/avif
2108,117-EXN,SWEET MORPHINE - EX NIHILO,33574,https://www.fragrantica.com/perfume/Ex-Nihilo/Sweet-Morphine-33574.html,https://fimgs.net/mdimg/perfume-thumbs/dark-375x500.33574.avif,perfume-images/33574.avif,DOWNLOADED,image/avif
866,821-MIC,SEXY SUNSET - KORS,34276,https://www.fragrantica.com/perfume/Michael-Kors/Sexy-Sunset-34276.html,https://fimgs.net/mdimg/perfume-thumbs/dark-375x500.34276.avif,perfume-images/34276.avif,DOWNLOADED,image/avif
1002,978-YZLO,BLACK OPIUM NUIT BLANCHE,34503,https://www.fragrantica.com/perfume/Yves-Saint-Laurent/Black-Opium-Nuit-Blanche-34503.html,https://fimgs.net/mdimg/perfume-thumbs/dark-375x500.34503.avif,perfume-images/34503.avif,DOWNLOADED,image/avif
308,1227-PAC,Invictus aqua,34506,https://www.fragrantica.com/perfume/Rabanne/Invictus-Aqua-34506.html,https://fimgs.net/mdimg/perfume-thumbs/dark-375x500.34506.avif,perfume-images/34506.avif,DOWNLOADED,image/avif
1806,195-ARM,VERT MALACHITE,34588,https://www.fragrantica.com/perfume/Giorgio-Armani/Armani-Prive-Vert-Malachite-34588.html,https://fimgs.net/mdimg/perfume-thumbs/dark-375x500.34588.avif,perfume-images/34588.avif,DOWNLOADED,image/avif
1137,192-ARM,ROUGE MALACHITE,34589,https://www.fragrantica.com/perfume/Giorgio-Armani/Armani-Prive-Rouge-Malachite-34589.html,https://fimgs.net/mdimg/perfume-thumbs/dark-375x500.34589.avif,perfume-images/34589.avif,DOWNLOADED,image/avif
222,1130-ARM,CODE PROFUMO,34761,https://www.fragrantica.com/perfume/Giorgio-Armani/Armani-Code-Profumo-34761.html,https://fimgs.net/mdimg/perfume-thumbs/dark-375x500.34761.avif,perfume-images/34761.avif,DOWNLOADED,image/avif
782,715-HUG,WOMAN EXTREME - HUGO BOSS,34870,https://www.fragrantica.com/perfume/Hugo-Boss/Hugo-Woman-Extreme-34870.html,https://fimgs.net/mdimg/perfume-thumbs/dark-375x500.34870.avif,perfume-images/34870.avif,DOWNLOADED,image/avif
1255,371-TMFO,SOLEIL BLANC,34893,https://www.fragrantica.com/perfume/Tom-Ford/Soleil-Blanc-34893.html,https://fimgs.net/mdimg/perfume-thumbs/dark-375x500.34893.avif,perfume-images/34893.avif,DOWNLOADED,image/avif
915,875-PRA,CANDY KISS - PRADA,34973,https://www.fragrantica.com/perfume/Prada/Prada-Candy-Kiss-34973.html,https://fimgs.net/mdimg/perfume-thumbs/dark-375x500.34973.avif,perfume-images/34973.avif,DOWNLOADED,image/avif
3808,2169-ROJ,AMO - ROJA DOVE,34996,https://www.fragrantica.com/p/34996,https://fimgs.net/mdimg/perfume-thumbs/dark-375x500.34996.avif,perfume-images/34996.avif,DOWNLOADED,image/avif
736,660-ARM,SI ROSE SIGNATURE,35248,https://www.fragrantica.com/perfume/Giorgio-Armani/Si-Rose-Signature-35248.html,https://fimgs.net/mdimg/perfume-thumbs/dark-375x500.35248.avif,perfume-images/35248.avif,DOWNLOADED,image/avif
276,1191-KEN,L' EAU PAR ELECTRIC WAVE -KENZO,35459,https://www.fragrantica.com/p/35459,https://fimgs.net/mdimg/perfume-thumbs/dark-375x500.35459.avif,perfume-images/35459.avif,DOWNLOADED,image/avif
835,783-LAN,LA VIE EST BELLE L'EAU DE TOILETTE FLORALE,35493,https://www.fragrantica.com/perfume/Lancome/La-Vie-Est-Belle-L-Eau-de-Toilette-Florale-35493.html,https://fimgs.net/mdimg/perfume-thumbs/dark-375x500.35493.avif,perfume-images/35493.avif,DOWNLOADED,image/avif
4242,2494-BYR,Super Cedar,35530,https://www.fragrantica.com/perfume/Byredo/Super-Cedar-35530.html,https://fimgs.net/mdimg/perfume-thumbs/dark-375x500.35530.avif,perfume-images/35530.avif,DOWNLOADED,image/avif
4161,2424-GUR,AQUA ALLEGORIA PERA GRANITA - GUERLAIN,35554,https://www.fragrantica.com/perfume/Guerlain/Aqua-Allegoria-Pera-Granita-35554.html,https://fimgs.net/mdimg/perfume-thumbs/dark-375x500.35554.avif,perfume-images/35554.avif,DOWNLOADED,image/avif
632,541-DRC,POISON GIRL,35561,https://www.fragrantica.com/perfume/Dior/Poison-Girl-35561.html,https://fimgs.net/mdimg/perfume-thumbs/dark-375x500.35561.avif,perfume-images/35561.avif,DOWNLOADED,image/avif
151,476-CAL,ONE SUMMER 2016 CALVIN KLEIN,35568,https://www.fragrantica.com/perfume/Calvin-Klein/CK-One-Summer-2016-35568.html,https://fimgs.net/mdimg/perfume-thumbs/dark-375x500.35568.avif,perfume-images/35568.avif,DOWNLOADED,image/avif
808,746-KAR,ocean view karl lagerfeld,35570,https://www.fragrantica.com/perfume/Karl-Lagerfeld/Ocean-View-for-Women-35570.html,https://fimgs.net/mdimg/perfume-thumbs/dark-375x500.35570.avif,perfume-images/35570.avif,DOWNLOADED,image/avif
3113,2001-TMFO,NEROLI PORTOFINO FORTE,35575,https://www.fragrantica.com/perfume/Tom-Ford/Neroli-Portofino-Forte-35575.html,https://fimgs.net/mdimg/perfume-thumbs/dark-375x500.35575.avif,perfume-images/35575.avif,DOWNLOADED,image/avif
2402,1657-TMU,A*MEN PURE TONKA,35590,https://www.fragrantica.com/perfume/Mugler/A-Men-Pure-Tonka-35590.html,https://fimgs.net/mdimg/perfume-thumbs/dark-375x500.35590.avif,perfume-images/35590.avif,DOWNLOADED,image/avif
2794,1888-MOR,MORESQUE,35669,https://www.fragrantica.com/perfume/Moresque/Contessa-35669.html,https://fimgs.net/mdimg/perfume-thumbs/dark-375x500.35669.avif,perfume-images/35669.avif,DOWNLOADED,image/avif
1128,225-DIP,EL EAU DES SENS,35678,https://www.fragrantica.com/perfume/Diptyque/Eau-des-Sens-Eau-de-Toilette-35678.html,https://fimgs.net/mdimg/perfume-thumbs/dark-375x500.35678.avif,perfume-images/35678.avif,DOWNLOADED,image/avif
891,849-NRO,ROSE MUSC - RODRIGUEZ,35713,https://www.fragrantica.com/perfume/Narciso-Rodriguez/Rose-Musc-35713.html,https://fimgs.net/mdimg/perfume-thumbs/dark-375x500.35713.avif,perfume-images/35713.avif,DOWNLOADED,image/avif
580,483-CAR,212 VIP WILD PARTY,35780,https://www.fragrantica.com/perfume/Carolina-Herrera/212-VIP-Wild-Party-35780.html,https://fimgs.net/mdimg/perfume-thumbs/dark-375x500.35780.avif,perfume-images/35780.avif,DOWNLOADED,image/avif
155,1057-CAR,212 VIP WILD PARTY,35780,https://www.fragrantica.com/perfume/Carolina-Herrera/212-VIP-Wild-Party-35780.html,https://fimgs.net/mdimg/perfume-thumbs/dark-375x500.35780.avif,perfume-images/35780.avif,DOWNLOADED,image/avif
4642,2702-DIP,Chantilly,35857,https://www.fragrantica.com/perfume/Dana/Chantilly-35857.html,https://fimgs.net/mdimg/perfume-thumbs/dark-375x500.35857.avif,perfume-images/35857.avif,DOWNLOADED,image/avif
1189,288-JOM,SORREL & LEMON THYME - JO MALONE,35878,https://www.fragrantica.com/perfume/Jo-Malone-London/Sorrel-Lemon-Thyme-35878.html,https://fimgs.net/mdimg/perfume-thumbs/dark-375x500.35878.avif,perfume-images/35878.avif,DOWNLOADED,image/avif
1174,270-JOM,NASTURTIUM & CLOVER - JO MALONE,35880,https://www.fragrantica.com/perfume/Jo-Malone-London/Nasturtium-Clover-35880.html,https://fimgs.net/mdimg/perfume-thumbs/dark-375x500.35880.avif,perfume-images/35880.avif,DOWNLOADED,image/avif
1154,247-JOM,Carrot blossom & Fennel - Jo Malone,35881,https://www.fragrantica.com/perfume/Jo-Malone-London/Carrot-Blossom-Fennel-35881.html,https://fimgs.net/mdimg/perfume-thumbs/dark-375x500.35881.avif,perfume-images/35881.avif,DOWNLOADED,image/avif
822,766-KIL,MOONLIGHT IN HEAVEN - KILIAN,35973,https://www.fragrantica.com/perfume/By-Kilian/Moonlight-in-Heaven-35973.html,https://fimgs.net/mdimg/perfume-thumbs/dark-375x500.35973.avif,perfume-images/35973.avif,DOWNLOADED,image/avif
956,921-TMU,ANGEL MUSE,36416,https://www.fragrantica.com/perfume/Mugler/Angel-Muse-36416.html,https://fimgs.net/mdimg/perfume-thumbs/dark-375x500.36416.avif,perfume-images/36416.avif,DOWNLOADED,image/avif
1411,148-PARF,ATHALIA (W) - PARFUMS DE MARLY,36539,https://www.fragrantica.com/perfume/Parfums-de-Marly/Athalia-36539.html,https://fimgs.net/mdimg/perfume-thumbs/dark-375x500.36539.avif,perfume-images/36539.avif,DOWNLOADED,image/avif
4012,2321-PARF,NISEAN - PARFUMS DE MARLY,36540,https://www.fragrantica.com/perfume/Parfums-de-Marly/Nisean-36540.html,https://fimgs.net/mdimg/perfume-thumbs/dark-375x500.36540.avif,perfume-images/36540.avif,DOWNLOADED,image/avif
737,661-ARM,SUN DI GIOIA,36600,https://www.fragrantica.com/perfume/Giorgio-Armani/Sun-di-Gioia-36600.html,https://fimgs.net/mdimg/perfume-thumbs/dark-375x500.36600.avif,perfume-images/36600.avif,DOWNLOADED,image/avif
649,559-DOL,LIGHT BLUE LOVE IN CAPRI,36601,https://www.fragrantica.com/perfume/Dolce-Gabbana/Light-Blue-Love-in-Capri-36601.html,https://fimgs.net/mdimg/perfume-thumbs/dark-375x500.36601.avif,perfume-images/36601.avif,DOWNLOADED,image/avif
4491,2637-HARM,Sacred Water,36737,https://www.fragrantica.com/perfume/The-Harmonist/Sacred-Water-36737.html,https://fimgs.net/mdimg/perfume-thumbs/dark-375x500.36737.avif,perfume-images/36737.avif,DOWNLOADED,image/avif
1176,273-JOM,OOLONG TEA - JO MALONE,36749,https://www.fragrantica.com/perfume/Jo-Malone-London/Oolong-Tea-36749.html,https://fimgs.net/mdimg/perfume-thumbs/dark-375x500.36749.avif,perfume-images/36749.avif,DOWNLOADED,image/avif
1171,266-JOM,MIDNIGHT BLACK TEA - JO MALONE,36750,https://www.fragrantica.com/perfume/Jo-Malone-London/Midnight-Black-Tea-36750.html,https://fimgs.net/mdimg/perfume-thumbs/dark-375x500.36750.avif,perfume-images/36750.avif,DOWNLOADED,image/avif
1169,263-JOM,JADE LEAF TEA - JO MALONE,36751,https://www.fragrantica.com/perfume/Jo-Malone-London/Jade-Leaf-Tea-36751.html,https://fimgs.net/mdimg/perfume-thumbs/dark-375x500.36751.avif,perfume-images/36751.avif,DOWNLOADED,image/avif
1161,255-JOM,GOLDEN NEEDLE TEA - JO MALONE,36752,https://www.fragrantica.com/perfume/Jo-Malone-London/Golden-Needle-Tea-36752.html,https://fimgs.net/mdimg/perfume-thumbs/dark-375x500.36752.avif,perfume-images/36752.avif,DOWNLOADED,image/avif
3901,2262-MEM,MARFA - MEMO PARIS,37185,https://www.fragrantica.com/perfume/Memo-Paris/Marfa-37185.html,https://fimgs.net/mdimg/perfume-thumbs/dark-375x500.37185.avif,perfume-images/37185.avif,DOWNLOADED,image/avif
4172,2441-PANTRO,2441 pantro ν,37468,https://www.fragrantica.com/p/37468,https://fimgs.net/mdimg/perfume-thumbs/dark-375x500.37468.avif,perfume-images/37468.avif,DOWNLOADED,image/avif
508,397-ANT,QUEEN OF SEDUCTION,37470,https://www.fragrantica.com/perfume/Antonio-Banderas/Queen-of-Seduction-37470.html,https://fimgs.net/mdimg/perfume-thumbs/dark-375x500.37470.avif,perfume-images/37470.avif,DOWNLOADED,image/avif
591,1068-CHA,Boy,37473,https://www.fragrantica.com/perfume/Chanel/Boy-Eau-de-Parfum-37473.html,https://fimgs.net/mdimg/perfume-thumbs/dark-375x500.37473.avif,perfume-images/37473.avif,DOWNLOADED,image/avif
165,1068-CHA,Boy,37473,https://www.fragrantica.com/perfume/Chanel/Boy-Eau-de-Parfum-37473.html,https://fimgs.net/mdimg/perfume-thumbs/dark-375x500.37473.avif,perfume-images/37473.avif,DOWNLOADED,image/avif
1907,269-JOM,Nashi Blossom Jo Malone,37551,https://www.fragrantica.com/perfume/Jo-Malone-London/Nashi-Blossom-37551.html,https://fimgs.net/mdimg/perfume-thumbs/dark-375x500.37551.avif,perfume-images/37551.avif,DOWNLOADED,image/avif
1187,286-JOM,SHARDS OF CEDAR & RED THYME - JO MALONE,37578,https://www.fragrantica.com/perfume/Jo-Loves/Shards-of-Cedar-Red-Thyme-37578.html,https://fimgs.net/mdimg/perfume-thumbs/dark-375x500.37578.avif,perfume-images/37578.avif,DOWNLOADED,image/avif
2337,1619-NISH,HUNDRED SILENT WAYS - NISHANE,37602,https://www.fragrantica.com/perfume/Nishane/Hundred-Silent-Ways-37602.html,https://fimgs.net/mdimg/perfume-thumbs/dark-375x500.37602.avif,perfume-images/37602.avif,DOWNLOADED,image/avif
2795,1884-NISH,FAN YOUR FLAMES - NISHANE,37603,https://www.fragrantica.com/perfume/Nishane/Fan-Your-Flames-37603.html,https://fimgs.net/mdimg/perfume-thumbs/dark-375x500.37603.avif,perfume-images/37603.avif,DOWNLOADED,image/avif
310,1231-PAC,ONE MILLION PRIVE,37698,https://www.fragrantica.com/perfume/Rabanne/1-Million-Prive-37698.html,https://fimgs.net/mdimg/perfume-thumbs/dark-375x500.37698.avif,perfume-images/37698.avif,DOWNLOADED,image/avif
902,862-PAC,LADY MILLION PRIVE,37699,https://www.fragrantica.com/perfume/Rabanne/Lady-Million-Prive-37699.html,https://fimgs.net/mdimg/perfume-thumbs/dark-375x500.37699.avif,perfume-images/37699.avif,DOWNLOADED,image/avif
1895,999-ABE,first instinct abercrombie fitch,37753,https://www.fragrantica.com/perfume/Abercrombie-Fitch/First-Instinct-37753.html,https://fimgs.net/mdimg/perfume-thumbs/dark-375x500.37753.avif,perfume-images/37753.avif,DOWNLOADED,image/avif
2369,1642-VICT,ROSE CARAMEL - VICTORIA'S SECRET,37895,https://www.fragrantica.com/perfume/Victoria-s-Secret/Rose-Caramel-37895.html,https://fimgs.net/mdimg/perfume-thumbs/dark-375x500.37895.avif,perfume-images/37895.avif,DOWNLOADED,image/avif
947,911-SEPH,fleur de coton sephora,37955,https://www.fragrantica.com/perfume/Sephora/Fleur-de-Coton-Cotton-Flower-37955.html,https://fimgs.net/mdimg/perfume-thumbs/dark-375x500.37955.avif,perfume-images/37955.avif,DOWNLOADED,image/avif
2823,998-ABE,fierce icon abercrombie,38014,https://www.fragrantica.com/perfume/Abercrombie-Fitch/Fierce-Icon-38014.html,https://fimgs.net/mdimg/perfume-thumbs/dark-375x500.38014.avif,perfume-images/38014.avif,DOWNLOADED,image/avif
3376,1984-ATTAR,MUSK KASHMIR - ATTAR,38134,https://www.fragrantica.com/perfume/Attar-Collection/Musk-Kashmir-38134.html,https://fimgs.net/mdimg/perfume-thumbs/dark-375x500.38134.avif,perfume-images/38134.avif,DOWNLOADED,image/avif
211,1118-FAB,brut 1964 faberge,38206,https://www.fragrantica.com/perfume/Faberge/Brut-38206.html,https://fimgs.net/mdimg/perfume-thumbs/dark-375x500.38206.avif,perfume-images/38206.avif,DOWNLOADED,image/avif
3451,2022-ANN,lucky wish anna sui,38258,https://www.fragrantica.com/perfume/Anna-Sui/Lucky-Wish-38258.html,https://fimgs.net/mdimg/perfume-thumbs/dark-375x500.38258.avif,perfume-images/38258.avif,DOWNLOADED,image/avif
2881,1912-AMG,Myths Man,38259,https://www.fragrantica.com/perfume/Amouage/Myths-Man-38259.html,https://fimgs.net/mdimg/perfume-thumbs/dark-375x500.38259.avif,perfume-images/38259.avif,DOWNLOADED,image/avif
916,878-PRA,INFUSION DE MIMOSA - PRADA,38347,https://www.fragrantica.com/perfume/Prada/Infusion-de-Mimosa-38347.html,https://fimgs.net/mdimg/perfume-thumbs/dark-375x500.38347.avif,perfume-images/38347.avif,DOWNLOADED,image/avif
2781,1889-PEN,LUNA,38351,https://www.fragrantica.com/perfume/Penhaligon-s/Luna-38351.html,https://fimgs.net/mdimg/perfume-thumbs/dark-375x500.38351.avif,perfume-images/38351.avif,DOWNLOADED,image/avif
2092,162-PEN,ENDYMION CONCENTRE,38352,https://www.fragrantica.com/perfume/Penhaligon-s/Endymion-Concentre-38352.html,https://fimgs.net/mdimg/perfume-thumbs/dark-375x500.38352.avif,perfume-images/38352.avif,DOWNLOADED,image/avif
1111,205-CRD,aven for her,38497,https://www.fragrantica.com/perfume/Creed/Aventus-for-Her-38497.html,https://fimgs.net/mdimg/perfume-thumbs/dark-375x500.38497.avif,perfume-images/38497.avif,DOWNLOADED,image/avif
599,504-CHA,Five L'EAU,38543,https://www.fragrantica.com/p/38543,https://fimgs.net/mdimg/perfume-thumbs/dark-375x500.38543.avif,perfume-images/38543.avif,DOWNLOADED,image/avif
2786,1876-INI,ADDICTIVE VIBRATION - INITIO PARFUMS,38666,https://www.fragrantica.com/perfume/Initio-Parfums-Prives/Addictive-Vibration-38666.html,https://fimgs.net/mdimg/perfume-thumbs/dark-375x500.38666.avif,perfume-images/38666.avif,DOWNLOADED,image/avif
111,1009-ACQ,COLONIA QUERCIA,38674,https://www.fragrantica.com/perfume/Acqua-di-Parma/Colonia-Quercia-38674.html,https://fimgs.net/mdimg/perfume-thumbs/dark-375x500.38674.avif,perfume-images/38674.avif,DOWNLOADED,image/avif
2234,169-ROJ,,38675,https://www.fragrantica.com/p/38675,https://fimgs.net/mdimg/perfume-thumbs/dark-375x500.38675.avif,perfume-images/38675.avif,DOWNLOADED,image/avif
121,1020-AZZ,WANTED,38686,https://www.fragrantica.com/perfume/Azzaro/Wanted-38686.html,https://fimgs.net/mdimg/perfume-thumbs/dark-375x500.38686.avif,perfume-images/38686.avif,DOWNLOADED,image/avif
2098,972-VICT,WARM COCONUT SUGAR - VICTORIA'S SECRET,38834,https://www.fragrantica.com/perfume/Victoria-s-Secret/Warm-Coconut-Sugar-38834.html,https://fimgs.net/mdimg/perfume-thumbs/dark-375x500.38834.avif,perfume-images/38834.avif,DOWNLOADED,image/avif
640,550-COA,COACH THE FRAGRANCE - COACH,38855,https://www.fragrantica.com/perfume/Coach/Coach-the-Fragrance-38855.html,https://fimgs.net/mdimg/perfume-thumbs/dark-375x500.38855.avif,perfume-images/38855.avif,DOWNLOADED,image/avif
1008,985-YZLO,MON PARIS,38914,https://www.fragrantica.com/perfume/Yves-Saint-Laurent/Mon-Paris-38914.html,https://fimgs.net/mdimg/perfume-thumbs/dark-375x500.38914.avif,perfume-images/38914.avif,DOWNLOADED,image/avif
4023,2316-ATKI,HER MAJESTY THE OUD - ATKINSONS,38960,https://www.fragrantica.com/perfume/Atkinsons/Atkinsons-Her-Majesty-The-Oud-38960.html,https://fimgs.net/mdimg/perfume-thumbs/dark-375x500.38960.avif,perfume-images/38960.avif,DOWNLOADED,image/avif
3951,2305-ATKI,HIS MAJESTY THE OUD - ATKINSONS,38961,https://www.fragrantica.com/perfume/Atkinsons/Atkinsons-His-Majesty-The-Oud-38961.html,https://fimgs.net/mdimg/perfume-thumbs/dark-375x500.38961.avif,perfume-images/38961.avif,DOWNLOADED,image/avif
205,1114-DUN,icon elite dunhill,38982,https://www.fragrantica.com/perfume/Alfred-Dunhill/Icon-Elite-38982.html,https://fimgs.net/mdimg/perfume-thumbs/dark-375x500.38982.avif,perfume-images/38982.avif,DOWNLOADED,image/avif
2700,1819-MIC,Midnight Shimmer,38989,https://www.fragrantica.com/p/38989,https://fimgs.net/mdimg/perfume-thumbs/dark-375x500.38989.avif,perfume-images/38989.avif,DOWNLOADED,image/avif
781,714-HUG,THE SCENT FOR HER - HUGO BOSS,38998,https://www.fragrantica.com/perfume/Hugo-Boss/Boss-The-Scent-For-Her-38998.html,https://fimgs.net/mdimg/perfume-thumbs/dark-375x500.38998.avif,perfume-images/38998.avif,DOWNLOADED,image/avif
2770,1862-PRA,PRADA L'HOMME,39029,https://www.fragrantica.com/perfume/Prada/Prada-L-Homme-39029.html,https://fimgs.net/mdimg/perfume-thumbs/dark-375x500.39029.avif,perfume-images/39029.avif,DOWNLOADED,image/avif
921,883-PRA,PRADA LA FEMME,39030,https://www.fragrantica.com/perfume/Prada/Prada-La-Femme-39030.html,https://fimgs.net/mdimg/perfume-thumbs/dark-375x500.39030.avif,perfume-images/39030.avif,DOWNLOADED,image/avif
4375,2562-JUSB,Beat Cafe Jusbox,39041,https://www.fragrantica.com/p/39041,https://fimgs.net/mdimg/perfume-thumbs/dark-375x500.39041.avif,perfume-images/39041.avif,DOWNLOADED,image/avif
628,535-DRC,MISS ABSOLUTELY BLOOMING,39070,https://www.fragrantica.com/perfume/Dior/Miss-Dior-Absolutely-Blooming-39070.html,https://fimgs.net/mdimg/perfume-thumbs/dark-375x500.39070.avif,perfume-images/39070.avif,DOWNLOADED,image/avif
3114,1999-MAN,AOUD LEMON MINT - MANCERA,39181,https://www.fragrantica.com/perfume/Mancera/Aoud-Lemon-Mint-39181.html,https://fimgs.net/mdimg/perfume-thumbs/dark-375x500.39181.avif,perfume-images/39181.avif,DOWNLOADED,image/avif
1178,275-JOM,ORRIS & SANDALWOOD LIMITED EDITION - JO MALONE,39183,https://www.fragrantica.com/perfume/Jo-Malone-London/Orris-Sandalwood-Limited-Edition-39183.html,https://fimgs.net/mdimg/perfume-thumbs/dark-375x500.39183.avif,perfume-images/39183.avif,DOWNLOADED,image/avif
664,575-DON,BE TEMPTED - DKNY,39240,https://www.fragrantica.com/perfume/Donna-Karan/DKNY-Be-Tempted-39240.html,https://fimgs.net/mdimg/perfume-thumbs/dark-375x500.39240.avif,perfume-images/39240.avif,DOWNLOADED,image/avif
1786,154-PARF,LAYTON - PARFUMS DE MARLY,39314,https://www.fragrantica.com/perfume/Parfums-de-Marly/Layton-39314.html,https://fimgs.net/mdimg/perfume-thumbs/dark-375x500.39314.avif,perfume-images/39314.avif,DOWNLOADED,image/avif
1015,994-ZAD,THIS IS HER - ZADIG & VOLTAIRE,39358,https://www.fragrantica.com/perfume/Zadig-Voltaire/This-is-Her-39358.html,https://fimgs.net/mdimg/perfume-thumbs/dark-375x500.39358.avif,perfume-images/39358.avif,DOWNLOADED,image/avif
365,1290-ZAD,THIS IS HIM - ZADIG & VOLTAIRE Type,39359,https://www.fragrantica.com/perfume/Zadig-Voltaire/This-is-Him-39359.html,https://fimgs.net/mdimg/perfume-thumbs/dark-375x500.39359.avif,perfume-images/39359.avif,DOWNLOADED,image/avif
894,852-NIN,LUNA,39376,https://www.fragrantica.com/perfume/Nina-Ricci/Luna-39376.html,https://fimgs.net/mdimg/perfume-thumbs/dark-375x500.39376.avif,perfume-images/39376.avif,DOWNLOADED,image/avif
198,1107-DIE,BAD - DIESEL,39383,https://www.fragrantica.com/perfume/Diesel/Bad-39383.html,https://fimgs.net/mdimg/perfume-thumbs/dark-375x500.39383.avif,perfume-images/39383.avif,DOWNLOADED,image/avif
870,825-MIC,WONDERLUST - MICHAEL KORS,39459,https://www.fragrantica.com/perfume/Michael-Kors/Wonderlust-39459.html,https://fimgs.net/mdimg/perfume-thumbs/dark-375x500.39459.avif,perfume-images/39459.avif,DOWNLOADED,image/avif
788,721-GUL,CLASSIQUE ESSENCE DE PARFUM,39582,https://www.fragrantica.com/perfume/Jean-Paul-Gaultier/Classique-Essence-de-Parfum-39582.html,https://fimgs.net/mdimg/perfume-thumbs/dark-375x500.39582.avif,perfume-images/39582.avif,DOWNLOADED,image/avif
769,701-HER,GALOP D'HERMES,39584,https://www.fragrantica.com/perfume/Hermes/Galop-d-Hermes-39584.html,https://fimgs.net/mdimg/perfume-thumbs/dark-375x500.39584.avif,perfume-images/39584.avif,DOWNLOADED,image/avif
115,1013-ARA,VOYAGER,39608,https://www.fragrantica.com/perfume/Aramis/Voyager-39608.html,https://fimgs.net/mdimg/perfume-thumbs/dark-375x500.39608.avif,perfume-images/39608.avif,DOWNLOADED,image/avif
606,511-CHL,FLEUR DE PARFUM - CHLOE,39632,https://www.fragrantica.com/perfume/Chloe/Chloe-Fleur-de-Parfum-39632.html,https://fimgs.net/mdimg/perfume-thumbs/dark-375x500.39632.avif,perfume-images/39632.avif,DOWNLOADED,image/avif
343,1267-TRU,UOMO THE RED,39678,https://www.fragrantica.com/perfume/Trussardi/Trussardi-Uomo-The-Red-39678.html,https://fimgs.net/mdimg/perfume-thumbs/dark-375x500.39678.avif,perfume-images/39678.avif,DOWNLOADED,image/avif
582,485-CAR,GOOD GIRL,39681,https://www.fragrantica.com/perfume/Carolina-Herrera/Good-Girl-39681.html,https://fimgs.net/mdimg/perfume-thumbs/dark-375x500.39681.avif,perfume-images/39681.avif,DOWNLOADED,image/avif
1802,781-LAN,JASMINS MARZIPANE,39737,https://www.fragrantica.com/perfume/Lancome/Jasmins-Marzipane-39737.html,https://fimgs.net/mdimg/perfume-thumbs/dark-375x500.39737.avif,perfume-images/39737.avif,DOWNLOADED,image/avif
2114,306-LAN,306 lan el,39739,https://www.fragrantica.com/perfume/Lancome/Oud-Bouquet-39739.html,https://fimgs.net/mdimg/perfume-thumbs/dark-375x500.39739.avif,perfume-images/39739.avif,DOWNLOADED,image/avif
1787,792-LAN,OUD AMBROISIE,39740,https://www.fragrantica.com/perfume/Lancome/Oud-Ambroisie-39740.html,https://fimgs.net/mdimg/perfume-thumbs/dark-375x500.39740.avif,perfume-images/39740.avif,DOWNLOADED,image/avif
157,1060-CRT,L'ENVOL DE CARTIER,39885,https://www.fragrantica.com/perfume/Cartier/L-Envol-de-Cartier-39885.html,https://fimgs.net/mdimg/perfume-thumbs/dark-375x500.39885.avif,perfume-images/39885.avif,DOWNLOADED,image/avif
2101,402-ARIA,SWEET LIKE CANDY - ARIANA GRANDE,39970,https://www.fragrantica.com/perfume/Ariana-Grande/Sweet-Like-Candy-39970.html,https://fimgs.net/mdimg/perfume-thumbs/dark-375x500.39970.avif,perfume-images/39970.avif,DOWNLOADED,image/avif
2096,166-AZ,,40007,https://www.fragrantica.com/perfume/The-Perfumer-s-Story-by-Azzi/Sequoia-Wood-40007.html,https://fimgs.net/mdimg/perfume-thumbs/dark-375x500.40007.avif,perfume-images/40007.avif,DOWNLOADED,image/avif
350,1274-VER,DYLAN BLUE,40031,https://www.fragrantica.com/perfume/Versace/Versace-Pour-Homme-Dylan-Blue-40031.html,https://fimgs.net/mdimg/perfume-thumbs/dark-375x500.40031.avif,perfume-images/40031.avif,DOWNLOADED,image/avif
2448,1723-TMFO,VERT DES BOIS,40089,https://www.fragrantica.com/perfume/Tom-Ford/Vert-des-Bois-40089.html,https://fimgs.net/mdimg/perfume-thumbs/dark-375x500.40089.avif,perfume-images/40089.avif,DOWNLOADED,image/avif
1763,391-ACQ,peonia nobile,40154,https://www.fragrantica.com/perfume/Acqua-di-Parma/Peonia-Nobile-40154.html,https://fimgs.net/mdimg/perfume-thumbs/dark-375x500.40154.avif,perfume-images/40154.avif,DOWNLOADED,image/avif
676,587-DSQ,want pink ginger dsquared,40156,https://www.fragrantica.com/perfume/DSQUARED2/Want-Pink-Ginger-40156.html,https://fimgs.net/mdimg/perfume-thumbs/dark-375x500.40156.avif,perfume-images/40156.avif,DOWNLOADED,image/avif
641,551-COUR,HYPERBOLE - COURREGES,40170,https://www.fragrantica.com/perfume/Courreges/Hyperbole-40170.html,https://fimgs.net/mdimg/perfume-thumbs/dark-375x500.40170.avif,perfume-images/40170.avif,DOWNLOADED,image/avif
2684,320-NAS,baraonda nasomatto,40200,https://www.fragrantica.com/perfume/Nasomatto/Baraonda-40200.html,https://fimgs.net/mdimg/perfume-thumbs/dark-375x500.40200.avif,perfume-images/40200.avif,DOWNLOADED,image/avif
986,956-VICT,CRUSH - VICTORIA'S SECRET,40201,https://www.fragrantica.com/perfume/Victoria-s-Secret/Crush-40201.html,https://fimgs.net/mdimg/perfume-thumbs/dark-375x500.40201.avif,perfume-images/40201.avif,DOWNLOADED,image/avif
818,756-KEN,WORLD - KENZO,40278,https://www.fragrantica.com/perfume/Kenzo/Kenzo-World-40278.html,https://fimgs.net/mdimg/perfume-thumbs/dark-375x500.40278.avif,perfume-images/40278.avif,DOWNLOADED,image/avif
783,716-ISS,A SCENT - ISSEY MIYAKE,40294,https://www.fragrantica.com/perfume/Accessorize/A-Scent-40294.html,https://fimgs.net/mdimg/perfume-thumbs/dark-375x500.40294.avif,perfume-images/40294.avif,DOWNLOADED,image/avif
2201,1501-CAR,MYSTERY TOBACCO,40373,https://www.fragrantica.com/perfume/Carolina-Herrera/Mystery-Tobacco-40373.html,https://fimgs.net/mdimg/perfume-thumbs/dark-375x500.40373.avif,perfume-images/40373.avif,DOWNLOADED,image/avif
1149,241-JOM,Basil & Neroli Jo Malone,40419,https://www.fragrantica.com/perfume/Jo-Malone-London/Basil-Neroli-40419.html,https://fimgs.net/mdimg/perfume-thumbs/dark-375x500.40419.avif,perfume-images/40419.avif,DOWNLOADED,image/avif
711,628-EST,MODERN MUSE NUIT,40455,https://www.fragrantica.com/perfume/Estee-Lauder/Modern-Muse-Nuit-40455.html,https://fimgs.net/mdimg/perfume-thumbs/dark-375x500.40455.avif,perfume-images/40455.avif,DOWNLOADED,image/avif
2713,1835-JUL,mmmm juliette has a gun,40461,https://www.fragrantica.com/perfume/Juliette-Has-A-Gun/Mmmm-40461.html,https://fimgs.net/mdimg/perfume-thumbs/dark-375x500.40461.avif,perfume-images/40461.avif,DOWNLOADED,image/avif
2624,1769-LTN,notes Roses,40495,https://www.fragrantica.com/perfume/Louis-Vuitton/Rose-des-Vents-40495.html,https://fimgs.net/mdimg/perfume-thumbs/dark-375x500.40495.avif,perfume-images/40495.avif,DOWNLOADED,image/avif
2692,810-LTN,notes,40496,https://www.fragrantica.com/perfume/Louis-Vuitton/Matiere-Noire-40496.html,https://fimgs.net/mdimg/perfume-thumbs/dark-375x500.40496.avif,perfume-images/40496.avif,DOWNLOADED,image/avif
2691,809-LTN,notes,40498,https://www.fragrantica.com/perfume/Louis-Vuitton/Apogee-40498.html,https://fimgs.net/mdimg/perfume-thumbs/dark-375x500.40498.avif,perfume-images/40498.avif,DOWNLOADED,image/avif
2325,1612-LTN,notes,40499,https://www.fragrantica.com/perfume/Louis-Vuitton/Turbulences-40499.html,https://fimgs.net/mdimg/perfume-thumbs/dark-375x500.40499.avif,perfume-images/40499.avif,DOWNLOADED,image/avif
3233,2011-LTN,notes,40500,https://www.fragrantica.com/perfume/Louis-Vuitton/Dans-la-Peau-40500.html,https://fimgs.net/mdimg/perfume-thumbs/dark-375x500.40500.avif,perfume-images/40500.avif,DOWNLOADED,image/avif
2623,1768-LTN,notes,40501,https://www.fragrantica.com/perfume/Louis-Vuitton/Contre-Moi-40501.html,https://fimgs.net/mdimg/perfume-thumbs/dark-375x500.40501.avif,perfume-images/40501.avif,DOWNLOADED,image/avif
1410,146-MEM,RUSSIAN LEATHER - MEMO PARIS,40544,https://www.fragrantica.com/perfume/Memo-Paris/Russian-Leather-40544.html,https://fimgs.net/mdimg/perfume-thumbs/dark-375x500.40544.avif,perfume-images/40544.avif,DOWNLOADED,image/avif
3919,2269-ARB,ARABIAN KNIGHT - ARABIAN OUD,40684,https://www.fragrantica.com/perfume/Arabian-Oud/Arabian-Knight-40684.html,https://fimgs.net/mdimg/perfume-thumbs/dark-375x500.40684.avif,perfume-images/40684.avif,DOWNLOADED,image/avif
2936,1928-ROJ,OLIGARCH - ROJA DOVE,40687,https://www.fragrantica.com/perfume/Roja-Dove/Oligarch-40687.html,https://fimgs.net/mdimg/perfume-thumbs/dark-375x500.40687.avif,perfume-images/40687.avif,DOWNLOADED,image/avif
2140,165-PEN,THE TRAGEDY OF LORD GEORGE,40716,https://www.fragrantica.com/perfume/Penhaligon-s/The-Tragedy-of-Lord-George-40716.html,https://fimgs.net/mdimg/perfume-thumbs/dark-375x500.40716.avif,perfume-images/40716.avif,DOWNLOADED,image/avif
2670,1492-ABE,beacon abercrombie fitch,40775,https://www.fragrantica.com/p/40775,https://fimgs.net/mdimg/perfume-thumbs/dark-375x500.40775.avif,perfume-images/40775.avif,DOWNLOADED,image/avif
2227,137-KUR,GRAND SOIR,40816,https://www.fragrantica.com/perfume/Maison-Francis-Kurkdjian/Grand-Soir-40816.html,https://fimgs.net/mdimg/perfume-thumbs/dark-375x500.40816.avif,perfume-images/40816.avif,DOWNLOADED,image/avif
4431,2633-KUR,Petit Matin,40817,https://www.fragrantica.com/perfume/Maison-Francis-Kurkdjian/Petit-Matin-40817.html,https://fimgs.net/mdimg/perfume-thumbs/dark-375x500.40817.avif,perfume-images/40817.avif,DOWNLOADED,image/avif
4135,2404-FRANB,ANGEL'S DUST - FRANCESCA BIANCHI,40882,https://www.fragrantica.com/perfume/Francesca-Bianchi/Angel-s-Dust-40882.html,https://fimgs.net/mdimg/perfume-thumbs/dark-375x500.40882.avif,perfume-images/40882.avif,DOWNLOADED,image/avif
1214,319-MNT,THE NEW ROSE - MONTALE,40906,https://www.fragrantica.com/perfume/Montale/The-New-Rose-40906.html,https://fimgs.net/mdimg/perfume-thumbs/dark-375x500.40906.avif,perfume-images/40906.avif,DOWNLOADED,image/avif
3963,2312-YZLO,VINYLE,40933,https://www.fragrantica.com/perfume/Yves-Saint-Laurent/Vinyle-40933.html,https://fimgs.net/mdimg/perfume-thumbs/dark-375x500.40933.avif,perfume-images/40933.avif,DOWNLOADED,image/avif
3989,2351-LOU,BIKINI QUESTA SERA,40982,https://www.fragrantica.com/perfume/Christian-Louboutin/Bikini-Questa-Sera-40982.html,https://fimgs.net/mdimg/perfume-thumbs/dark-375x500.40982.avif,perfume-images/40982.avif,DOWNLOADED,image/avif
3671,2176-TMFO,VELVET ORCHID LUMIERE,40986,https://www.fragrantica.com/perfume/Tom-Ford/Velvet-Orchid-Lumiere-40986.html,https://fimgs.net/mdimg/perfume-thumbs/dark-375x500.40986.avif,perfume-images/40986.avif,DOWNLOADED,image/avif
3985,2272-TAU,Au Coeur du Desert Tauer Perfumes,41053,https://www.fragrantica.com/p/41053,https://fimgs.net/mdimg/perfume-thumbs/dark-375x500.41053.avif,perfume-images/41053.avif,DOWNLOADED,image/avif
2552,1735-XER,ITALICA,41149,https://www.fragrantica.com/perfume/Xerjoff/Italica-41149.html,https://fimgs.net/mdimg/perfume-thumbs/dark-375x500.41149.avif,perfume-images/41149.avif,DOWNLOADED,image/avif
4341,2588-BLG,Onekh,41220,https://www.fragrantica.com/perfume/Bvlgari/Onekh-41220.html,https://fimgs.net/mdimg/perfume-thumbs/dark-375x500.41220.avif,perfume-images/41220.avif,DOWNLOADED,image/avif
2603,1749-BLG,Gyan,41221,https://www.fragrantica.com/perfume/Bvlgari/Gyan-41221.html,https://fimgs.net/mdimg/perfume-thumbs/dark-375x500.41221.avif,perfume-images/41221.avif,DOWNLOADED,image/avif
3116,1929-BLG,Le Gemme Tygar Eau de Parfum,41222,https://www.fragrantica.com/perfume/Bvlgari/Tygar-41222.html,https://fimgs.net/mdimg/perfume-thumbs/dark-375x500.41222.avif,perfume-images/41222.avif,DOWNLOADED,image/avif
1122,219-CRD,Viking,41698,https://www.fragrantica.com/perfume/Creed/Viking-41698.html,https://fimgs.net/mdimg/perfume-thumbs/dark-375x500.41698.avif,perfume-images/41698.avif,DOWNLOADED,image/avif
926,888-RCAV,DIVINE OUD (U) - ROBERTO CAVALLI,41717,https://www.fragrantica.com/perfume/Roberto-Cavalli/Divine-Oud-41717.html,https://fimgs.net/mdimg/perfume-thumbs/dark-375x500.41717.avif,perfume-images/41717.avif,DOWNLOADED,image/avif
4166,2437-MELA,cry baby perfume milk melanie martinez dupe,41799,https://www.fragrantica.com/p/41799,https://fimgs.net/mdimg/perfume-thumbs/dark-375x500.41799.avif,perfume-images/41799.avif,DOWNLOADED,image/avif
688,600-ESC,FIESTA CARIOCA - ESCADA,41897,https://www.fragrantica.com/p/41897,https://fimgs.net/mdimg/perfume-thumbs/dark-375x500.41897.avif,perfume-images/41897.avif,DOWNLOADED,image/avif
2403,1656-LOC,terre de lumiere l occitane,41970,https://www.fragrantica.com/p/41970,https://fimgs.net/mdimg/perfume-thumbs/dark-375x500.41970.avif,perfume-images/41970.avif,DOWNLOADED,image/avif
1173,268-JOM,MYRRH & TONKA - JO MALONE,42027,https://www.fragrantica.com/perfume/Jo-Malone-London/Myrrh-Tonka-42027.html,https://fimgs.net/mdimg/perfume-thumbs/dark-375x500.42027.avif,perfume-images/42027.avif,DOWNLOADED,image/avif
1144,236-IND,236 ind el,42046,https://www.fragrantica.com/perfume/Indigo-Wild/Zum-Mist-Frankincense-Myrrh-42046.html,https://fimgs.net/mdimg/perfume-thumbs/dark-375x500.42046.avif,perfume-images/42046.avif,DOWNLOADED,image/avif
804,742-JUI,viva la juicy sucre couture,42053,https://www.fragrantica.com/perfume/Juicy-Couture/Viva-La-Juicy-Sucre-42053.html,https://fimgs.net/mdimg/perfume-thumbs/dark-375x500.42053.avif,perfume-images/42053.avif,DOWNLOADED,image/avif
4236,2486-MA,Velvet Teddy MAC,42254,https://www.fragrantica.com/p/42254,https://fimgs.net/mdimg/perfume-thumbs/dark-375x500.42254.avif,perfume-images/42254.avif,DOWNLOADED,image/avif
3682,2188-INI,HIGH FREQUENCY - INITIO,42259,https://www.fragrantica.com/perfume/Initio-Parfums-Prives/High-Frequency-42259.html,https://fimgs.net/mdimg/perfume-thumbs/dark-375x500.42259.avif,perfume-images/42259.avif,DOWNLOADED,image/avif
2223,124-INI,Side Effect - Initio Parfums Prives,42260,https://www.fragrantica.com/perfume/Initio-Parfums-Prives/Side-Effect-42260.html,https://fimgs.net/mdimg/perfume-thumbs/dark-375x500.42260.avif,perfume-images/42260.avif,DOWNLOADED,image/avif
3569,2135-KUR,AQUA CELESTIA,42268,https://www.fragrantica.com/perfume/Maison-Francis-Kurkdjian/Aqua-Celestia-42268.html,https://fimgs.net/mdimg/perfume-thumbs/dark-375x500.42268.avif,perfume-images/42268.avif,DOWNLOADED,image/avif
1774,647-ARM,CODE CASHMERE,42278,https://www.fragrantica.com/perfume/Giorgio-Armani/Armani-Code-Cashmere-42278.html,https://fimgs.net/mdimg/perfume-thumbs/dark-375x500.42278.avif,perfume-images/42278.avif,DOWNLOADED,image/avif
2089,341-TMFO,BLACK ORCHID OUD,42432,https://www.fragrantica.com/perfume/Tom-Ford/Black-Orchid-Oud-42432.html,https://fimgs.net/mdimg/perfume-thumbs/dark-375x500.42432.avif,perfume-images/42432.avif,DOWNLOADED,image/avif
255,1168-HUG,HUGO ICED - BOSS,42484,https://www.fragrantica.com/perfume/Hugo-Boss/Hugo-Iced-42484.html,https://fimgs.net/mdimg/perfume-thumbs/dark-375x500.42484.avif,perfume-images/42484.avif,DOWNLOADED,image/avif
4104,2335-BOA,Rose Sapphire,42568,https://www.fragrantica.com/perfume/Boadicea-the-Victorious/Rose-Sapphire-42568.html,https://fimgs.net/mdimg/perfume-thumbs/dark-375x500.42568.avif,perfume-images/42568.avif,DOWNLOADED,image/avif
885,841-NRO,FLEUR MUSK FOR HER - RODRIGUEZ,42580,https://www.fragrantica.com/perfume/Narciso-Rodriguez/Fleur-Musc-for-Her-42580.html,https://fimgs.net/mdimg/perfume-thumbs/dark-375x500.42580.avif,perfume-images/42580.avif,DOWNLOADED,image/avif
2970,1957-PEN,SAVOY STEAM,42702,https://www.fragrantica.com/perfume/Penhaligon-s/Savoy-Steam-42702.html,https://fimgs.net/mdimg/perfume-thumbs/dark-375x500.42702.avif,perfume-images/42702.avif,DOWNLOADED,image/avif
872,828-MIY,L’Eau Bleue Miu Miu,42720,https://www.fragrantica.com/perfume/Miu-Miu/Miu-Miu-L-Eau-Bleue-42720.html,https://fimgs.net/mdimg/perfume-thumbs/dark-375x500.42720.avif,perfume-images/42720.avif,DOWNLOADED,image/avif
1780,699-HER,EAU DES MERVEILLES BLEUE - HERMES,42747,https://www.fragrantica.com/perfume/Hermes/Eau-des-Merveilles-Bleue-42747.html,https://fimgs.net/mdimg/perfume-thumbs/dark-375x500.42747.avif,perfume-images/42747.avif,DOWNLOADED,image/avif
2746,1846-MAN,COCO VANILLE - MANCERA,42782,https://www.fragrantica.com/perfume/Mancera/Coco-Vanille-42782.html,https://fimgs.net/mdimg/perfume-thumbs/dark-375x500.42782.avif,perfume-images/42782.avif,DOWNLOADED,image/avif
3500,2111-BLG,Aqva Pour Homme Atlantiqve,42856,https://www.fragrantica.com/perfume/Bvlgari/Aqva-Pour-Homme-Atlantiqve-42856.html,https://fimgs.net/mdimg/perfume-thumbs/dark-375x500.42856.avif,perfume-images/42856.avif,DOWNLOADED,image/avif
273,1186-JOO,wow joop,42887,https://www.fragrantica.com/perfume/Joop-/Wow--42887.html,https://fimgs.net/mdimg/perfume-thumbs/dark-375x500.42887.avif,perfume-images/42887.avif,DOWNLOADED,image/avif
904,864-PAC,OLYMPEA INTENSE,42890,https://www.fragrantica.com/perfume/Rabanne/Olympea-Intense-42890.html,https://fimgs.net/mdimg/perfume-thumbs/dark-375x500.42890.avif,perfume-images/42890.avif,DOWNLOADED,image/avif
220,1128-ARM,CODE COLONIA,42895,https://www.fragrantica.com/perfume/Giorgio-Armani/Armani-Code-Colonia-42895.html,https://fimgs.net/mdimg/perfume-thumbs/dark-375x500.42895.avif,perfume-images/42895.avif,DOWNLOADED,image/avif
980,949-VIC,FLOWER BOMB BLOOM,42905,https://www.fragrantica.com/perfume/Viktor-Rolf/Flowerbomb-Bloom-42905.html,https://fimgs.net/mdimg/perfume-thumbs/dark-375x500.42905.avif,perfume-images/42905.avif,DOWNLOADED,image/avif
951,915-SIS,izia sisley,42935,https://www.fragrantica.com/perfume/Sisley/Izia-42935.html,https://fimgs.net/mdimg/perfume-thumbs/dark-375x500.42935.avif,perfume-images/42935.avif,DOWNLOADED,image/avif
1402,101-AHW,KING'S HAREM - AHWAZ,42972,https://www.fragrantica.com/perfume/Ahwaz-Fragrance/King-s-Harem-42972.html,https://fimgs.net/mdimg/perfume-thumbs/dark-375x500.42972.avif,perfume-images/42972.avif,DOWNLOADED,image/avif
2662,1800-XER,DOLCE AMALFI,42988,https://www.fragrantica.com/perfume/Xerjoff/Dolce-Amalfi-42988.html,https://fimgs.net/mdimg/perfume-thumbs/dark-375x500.42988.avif,perfume-images/42988.avif,DOWNLOADED,image/avif
1135,234-ESCE,ESCENTRIC 04,42995,https://www.fragrantica.com/perfume/Escentric-Molecules/Escentric-04-42995.html,https://fimgs.net/mdimg/perfume-thumbs/dark-375x500.42995.avif,perfume-images/42995.avif,DOWNLOADED,image/avif
4415,2628-PEN,Roaring Radcliff,43037,https://www.fragrantica.com/perfume/Penhaligon-s/Roaring-Radcliff-43037.html,https://fimgs.net/mdimg/perfume-thumbs/dark-375x500.43037.avif,perfume-images/43037.avif,DOWNLOADED,image/avif
120,1019-AZZ,CHROME PURE,43131,https://www.fragrantica.com/perfume/Azzaro/Chrome-Pure-43131.html,https://fimgs.net/mdimg/perfume-thumbs/dark-375x500.43131.avif,perfume-images/43131.avif,DOWNLOADED,image/avif
936,899-ROC,MADEMOISSELE - ROCHAS,43205,https://www.fragrantica.com/perfume/Rochas/Mademoiselle-Rochas-43205.html,https://fimgs.net/mdimg/perfume-thumbs/dark-375x500.43205.avif,perfume-images/43205.avif,DOWNLOADED,image/avif
760,690-GUR,MON GUERLAIN - GUERLAIN,43297,https://www.fragrantica.com/perfume/Guerlain/Mon-Guerlain-43297.html,https://fimgs.net/mdimg/perfume-thumbs/dark-375x500.43297.avif,perfume-images/43297.avif,DOWNLOADED,image/avif
260,1173-ISS,Nuit d'Issey Bleu Astral - ISSEY MIYAKE,43311,https://www.fragrantica.com/perfume/Issey-Miyake/Nuit-d-Issey-Bleu-Astral-43311.html,https://fimgs.net/mdimg/perfume-thumbs/dark-375x500.43311.avif,perfume-images/43311.avif,DOWNLOADED,image/avif
554,450-BYR,BIBLIOTHEQUE,43324,https://www.fragrantica.com/perfume/Byredo/Bibliotheque-43324.html,https://fimgs.net/mdimg/perfume-thumbs/dark-375x500.43324.avif,perfume-images/43324.avif,DOWNLOADED,image/avif
250,1162-HUG,BOSS BOTTLED TONIC - HUGO,43331,https://www.fragrantica.com/perfume/Hugo-Boss/Boss-Bottled-Tonic-43331.html,https://fimgs.net/mdimg/perfume-thumbs/dark-375x500.43331.avif,perfume-images/43331.avif,DOWNLOADED,image/avif
318,1241-PRA,LUNA ROSSA CARBON - PRADA,43402,https://www.fragrantica.com/perfume/Prada/Luna-Rossa-Carbon-43402.html,https://fimgs.net/mdimg/perfume-thumbs/dark-375x500.43402.avif,perfume-images/43402.avif,DOWNLOADED,image/avif
107,1004-ACQ,COLONIA EBANO,43409,https://www.fragrantica.com/perfume/Acqua-di-Parma/Colonia-Ebano-43409.html,https://fimgs.net/mdimg/perfume-thumbs/dark-375x500.43409.avif,perfume-images/43409.avif,DOWNLOADED,image/avif
4240,2492-ETLR,You Or Someone Like You Etat Libre d'Orange,43531,https://www.fragrantica.com/perfume/Etat-Libre-d-Orange/You-Or-Someone-Like-You-43531.html,https://fimgs.net/mdimg/perfume-thumbs/dark-375x500.43531.avif,perfume-images/43531.avif,DOWNLOADED,image/avif
1792,760-KIL,BLACK PHANTOM - KILIAN,43632,https://www.fragrantica.com/perfume/By-Kilian/Black-Phantom-43632.html,https://fimgs.net/mdimg/perfume-thumbs/dark-375x500.43632.avif,perfume-images/43632.avif,DOWNLOADED,image/avif
624,531-DRC,J' ADORE IN JOY,43704,https://www.fragrantica.com/perfume/Dior/J-Adore-In-Joy-43704.html,https://fimgs.net/mdimg/perfume-thumbs/dark-375x500.43704.avif,perfume-images/43704.avif,DOWNLOADED,image/avif
604,509-CHA,GABRIELLE,43718,https://www.fragrantica.com/perfume/Chanel/Gabrielle-43718.html,https://fimgs.net/mdimg/perfume-thumbs/dark-375x500.43718.avif,perfume-images/43718.avif,DOWNLOADED,image/avif
3806,2232-PEN,CLANDESTINE CLARA,43808,https://www.fragrantica.com/perfume/Penhaligon-s/Clandestine-Clara-43808.html,https://fimgs.net/mdimg/perfume-thumbs/dark-375x500.43808.avif,perfume-images/43808.avif,DOWNLOADED,image/avif
2790,1879-KIL,GOOD GIRL GONE BAD EXTREME - KILIAN,43810,https://www.fragrantica.com/perfume/By-Kilian/Good-Girl-Gone-Bad-Extreme-43810.html,https://fimgs.net/mdimg/perfume-thumbs/dark-375x500.43810.avif,perfume-images/43810.avif,DOWNLOADED,image/avif
2229,151-PARF,DELINA - PARFUMS DE MARLY,43871,https://www.fragrantica.com/perfume/Parfums-de-Marly/Delina-43871.html,https://fimgs.net/mdimg/perfume-thumbs/dark-375x500.43871.avif,perfume-images/43871.avif,DOWNLOADED,image/avif
2804,1872-DOL,LIGHT BLUE EAU INTENSE,44034,https://www.fragrantica.com/perfume/Dolce-Gabbana/Light-Blue-Eau-Intense-44034.html,https://fimgs.net/mdimg/perfume-thumbs/dark-375x500.44034.avif,perfume-images/44034.avif,DOWNLOADED,image/avif
188,1096-DOL,LIGHT BLUE EAU INTENSE,44034,https://www.fragrantica.com/perfume/Dolce-Gabbana/Light-Blue-Eau-Intense-44034.html,https://fimgs.net/mdimg/perfume-thumbs/dark-375x500.44034.avif,perfume-images/44034.avif,DOWNLOADED,image/avif
3627,412-BOD,WHITE MUSK L'EAU - BODY SHOP,44100,https://www.fragrantica.com/p/44100,https://fimgs.net/mdimg/perfume-thumbs/dark-375x500.44100.avif,perfume-images/44100.avif,DOWNLOADED,image/avif
2115,370-TMFO,SOLE DI POSITANO,44106,https://www.fragrantica.com/perfume/Tom-Ford/Sole-di-Positano-44106.html,https://fimgs.net/mdimg/perfume-thumbs/dark-375x500.44106.avif,perfume-images/44106.avif,DOWNLOADED,image/avif
4345,2592-GOLD,Pacific Rock Moss Goldfield & Banks Australia,44120,https://www.fragrantica.com/perfume/Goldfield-Banks-Australia/Pacific-Rock-Moss-44120.html,https://fimgs.net/mdimg/perfume-thumbs/dark-375x500.44120.avif,perfume-images/44120.avif,DOWNLOADED,image/avif
2352,1622-FRA,COCAINE-FRANCK BOCLET,44128,https://www.fragrantica.com/p/44128,https://fimgs.net/mdimg/perfume-thumbs/dark-375x500.44128.avif,perfume-images/44128.avif,DOWNLOADED,image/avif
3192,2006-NISH,HACIVAT - NISHANE,44174,https://www.fragrantica.com/perfume/Nishane/Hacivat-44174.html,https://fimgs.net/mdimg/perfume-thumbs/dark-375x500.44174.avif,perfume-images/44174.avif,DOWNLOADED,image/avif
3454,2069-NISH,KARAGOZ - NISHANE,44176,https://www.fragrantica.com/perfume/Nishane/Karagoz-44176.html,https://fimgs.net/mdimg/perfume-thumbs/dark-375x500.44176.avif,perfume-images/44176.avif,DOWNLOADED,image/avif
4024,2315-RAM,flamenco ramon monegal,44233,https://www.fragrantica.com/p/44233,https://fimgs.net/mdimg/perfume-thumbs/dark-375x500.44233.avif,perfume-images/44233.avif,DOWNLOADED,image/avif
2718,1839-JOV,,44237,https://www.fragrantica.com/p/44237,https://fimgs.net/mdimg/perfume-thumbs/dark-375x500.44237.avif,perfume-images/44237.avif,DOWNLOADED,image/avif
4120,2392-ANFAS,SALAM - ANFAS,44440,https://www.fragrantica.com/perfume/Anfas/Salam-44440.html,https://fimgs.net/mdimg/perfume-thumbs/dark-375x500.44440.avif,perfume-images/44440.avif,DOWNLOADED,image/avif
914,874-PRA,CANDY GLOSS - PRADA,44534,https://www.fragrantica.com/perfume/Prada/Prada-Candy-Gloss-44534.html,https://fimgs.net/mdimg/perfume-thumbs/dark-375x500.44534.avif,perfume-images/44534.avif,DOWNLOADED,image/avif
125,1024-BOU,VANILLE DE ZANZIBAR (u),44720,https://www.fragrantica.com/perfume/Boucheron/Vanille-de-Zanzibar-44720.html,https://fimgs.net/mdimg/perfume-thumbs/dark-375x500.44720.avif,perfume-images/44720.avif,DOWNLOADED,image/avif
971,1270-VAN,bois dore van cleef arpels,44864,https://www.fragrantica.com/perfume/Van-Cleef-Arpels/Bois-Dore-44864.html,https://fimgs.net/mdimg/perfume-thumbs/dark-375x500.44864.avif,perfume-images/44864.avif,DOWNLOADED,image/avif
346,1270-VAN,bois dore van cleef arpels arwma,44864,https://www.fragrantica.com/perfume/Van-Cleef-Arpels/Bois-Dore-44864.html,https://fimgs.net/mdimg/perfume-thumbs/dark-375x500.44864.avif,perfume-images/44864.avif,DOWNLOADED,image/avif
751,675-GUC,Bloom,44894,https://www.fragrantica.com/perfume/Gucci/Gucci-Bloom-44894.html,https://fimgs.net/mdimg/perfume-thumbs/dark-375x500.44894.avif,perfume-images/44894.avif,DOWNLOADED,image/avif
2218,826-MIS,babe power missguided,45063,https://www.fragrantica.com/p/45063,https://fimgs.net/mdimg/perfume-thumbs/dark-375x500.45063.avif,perfume-images/45063.avif,DOWNLOADED,image/avif
1249,363-TMFO,OUD MINERALΕ,45192,https://www.fragrantica.com/perfume/Tom-Ford/Oud-Minerale-45192.html,https://fimgs.net/mdimg/perfume-thumbs/dark-375x500.45192.avif,perfume-images/45192.avif,DOWNLOADED,image/avif
1903,538-DRC,MISS EAU DE PARFUM (2017),45202,https://www.fragrantica.com/perfume/Dior/Miss-Dior-Eau-de-Parfum-2017-45202.html,https://fimgs.net/mdimg/perfume-thumbs/dark-375x500.45202.avif,perfume-images/45202.avif,DOWNLOADED,image/avif
546,440-BLG,GOLDEA THE ROMAN NIGHT,45241,https://www.fragrantica.com/perfume/Bvlgari/Goldea-The-Roman-Night-45241.html,https://fimgs.net/mdimg/perfume-thumbs/dark-375x500.45241.avif,perfume-images/45241.avif,DOWNLOADED,image/avif
730,650-ARM,BECAUSE IT'S YOU,45257,https://www.fragrantica.com/perfume/Giorgio-Armani/Emporio-Armani-Because-It-s-You-45257.html,https://fimgs.net/mdimg/perfume-thumbs/dark-375x500.45257.avif,perfume-images/45257.avif,DOWNLOADED,image/avif
227,1136-ARM,STRONGER WITH YOU,45258,https://www.fragrantica.com/perfume/Giorgio-Armani/Emporio-Armani-Stronger-With-You-45258.html,https://fimgs.net/mdimg/perfume-thumbs/dark-375x500.45258.avif,perfume-images/45258.avif,DOWNLOADED,image/avif
505,394-AGE,APHRODISIAQUE - AGENT PROVOCATEUR,45363,https://www.fragrantica.com/perfume/Agent-Provocateur/Aphrodisiaque-45363.html,https://fimgs.net/mdimg/perfume-thumbs/dark-375x500.45363.avif,perfume-images/45363.avif,DOWNLOADED,image/avif
2688,,danat al duniya ajmal,45398,https://www.fragrantica.com/perfume/Ajmal/Danat-Al-Duniya-45398.html,https://fimgs.net/mdimg/perfume-thumbs/dark-375x500.45398.avif,perfume-images/45398.avif,DOWNLOADED,image/avif
2309,1539-ORT,terroni orto parisi aroma,45475,https://www.fragrantica.com/perfume/Orto-Parisi/Terroni-45475.html,https://fimgs.net/mdimg/perfume-thumbs/dark-375x500.45475.avif,perfume-images/45475.avif,DOWNLOADED,image/avif
671,582-DON,nectar love dkny,45499,https://www.fragrantica.com/perfume/Donna-Karan/DKNY-Nectar-Love-45499.html,https://fimgs.net/mdimg/perfume-thumbs/dark-375x500.45499.avif,perfume-images/45499.avif,DOWNLOADED,image/avif
4084,2354-CRD,White Amber,45599,https://www.fragrantica.com/perfume/Creed/White-Amber-45599.html,https://fimgs.net/mdimg/perfume-thumbs/dark-375x500.45599.avif,perfume-images/45599.avif,DOWNLOADED,image/avif
957,923-TMU,notes AURA,45639,https://www.fragrantica.com/perfume/Mugler/Aura-Mugler-45639.html,https://fimgs.net/mdimg/perfume-thumbs/dark-375x500.45639.avif,perfume-images/45639.avif,DOWNLOADED,image/avif
790,724-GUL,SCANDAL,45651,https://www.fragrantica.com/perfume/Jean-Paul-Gaultier/Scandal-45651.html,https://fimgs.net/mdimg/perfume-thumbs/dark-375x500.45651.avif,perfume-images/45651.avif,DOWNLOADED,image/avif
1936,589-ELI,girl of now elie saab,45686,https://www.fragrantica.com/perfume/Elie-Saab/Girl-of-Now-45686.html,https://fimgs.net/mdimg/perfume-thumbs/dark-375x500.45686.avif,perfume-images/45686.avif,DOWNLOADED,image/avif
1242,354-TMFO,NOIR ANTHRACITE,45691,https://www.fragrantica.com/perfume/Tom-Ford/Noir-Anthracite-45691.html,https://fimgs.net/mdimg/perfume-thumbs/dark-375x500.45691.avif,perfume-images/45691.avif,DOWNLOADED,image/avif
295,1213-MNTB,LEGEND NIGHT - MONT BLANC,45692,https://www.fragrantica.com/perfume/Montblanc/Legend-Night-45692.html,https://fimgs.net/mdimg/perfume-thumbs/dark-375x500.45692.avif,perfume-images/45692.avif,DOWNLOADED,image/avif
540,434-BRB,MY BURBERRY BLUSH,45820,https://www.fragrantica.com/perfume/Burberry/My-Burberry-Blush-45820.html,https://fimgs.net/mdimg/perfume-thumbs/dark-375x500.45820.avif,perfume-images/45820.avif,DOWNLOADED,image/avif
1762,1188-KAR,bois de vetiver karl lagerfeld,45857,https://www.fragrantica.com/perfume/Karl-Lagerfeld/Bois-de-Vetiver-45857.html,https://fimgs.net/mdimg/perfume-thumbs/dark-375x500.45857.avif,perfume-images/45857.avif,DOWNLOADED,image/avif
1931,993-ZAD,JUST ROCK FOR HER - ZADIG & VOLTAIRE,45862,https://www.fragrantica.com/perfume/Zadig-Voltaire/Just-Rock-for-Her-45862.html,https://fimgs.net/mdimg/perfume-thumbs/dark-375x500.45862.avif,perfume-images/45862.avif,DOWNLOADED,image/avif
110,1008-ACQ,COLONIA PURA (U),45876,https://www.fragrantica.com/perfume/Acqua-di-Parma/Acqua-di-Parma-Colonia-Pura-45876.html,https://fimgs.net/mdimg/perfume-thumbs/dark-375x500.45876.avif,perfume-images/45876.avif,DOWNLOADED,image/avif
836,784-LAN,LA VIE EST BELLE L'ECLAT,45892,https://www.fragrantica.com/perfume/Lancome/La-Vie-est-Belle-L-Eclat-45892.html,https://fimgs.net/mdimg/perfume-thumbs/dark-375x500.45892.avif,perfume-images/45892.avif,DOWNLOADED,image/avif
4253,2540-COM,Concrete Comme des Garcons,45911,https://www.fragrantica.com/perfume/Comme-des-Garcons/Concrete-45911.html,https://fimgs.net/mdimg/perfume-thumbs/dark-375x500.45911.avif,perfume-images/45911.avif,DOWNLOADED,image/avif
1832,116-EXN,midnight special-ex nihilo,45957,https://www.fragrantica.com/perfume/Ex-Nihilo/Midnight-Special-45957.html,https://fimgs.net/mdimg/perfume-thumbs/dark-375x500.45957.avif,perfume-images/45957.avif,DOWNLOADED,image/avif
2190,123-INI,PSYCHEDELIC LOVE - INITIO PARFUMS PRIVES,45977,https://www.fragrantica.com/perfume/Initio-Parfums-Prives/Psychedelic-Love-45977.html,https://fimgs.net/mdimg/perfume-thumbs/dark-375x500.45977.avif,perfume-images/45977.avif,DOWNLOADED,image/avif
312,1233-PAC,PURE XS EDT,46038,https://www.fragrantica.com/perfume/Rabanne/Pure-XS-46038.html,https://fimgs.net/mdimg/perfume-thumbs/dark-375x500.46038.avif,perfume-images/46038.avif,DOWNLOADED,image/avif
2625,1770-BON,NEW YORK NIGHTS - BOND,46057,https://www.fragrantica.com/perfume/Bond-No-9/New-York-Nights-46057.html,https://fimgs.net/mdimg/perfume-thumbs/dark-375x500.46057.avif,perfume-images/46057.avif,DOWNLOADED,image/avif
2269,1528-KUR,BACCARAT ROUGE 540 EXTRAIT,46066,https://www.fragrantica.com/p/46066,https://fimgs.net/mdimg/perfume-thumbs/dark-375x500.46066.avif,perfume-images/46066.avif,DOWNLOADED,image/avif
3572,2139-XER,Cruz del Sur I,46097,https://www.fragrantica.com/perfume/Xerjoff/Cruz-del-Sur-I-46097.html,https://fimgs.net/mdimg/perfume-thumbs/dark-375x500.46097.avif,perfume-images/46097.avif,DOWNLOADED,image/avif
2695,1817-JUL,SUNNY SIDE UP - JULIETTE HAS A GUN,46128,https://www.fragrantica.com/perfume/Juliette-Has-A-Gun/Sunny-Side-Up-46128.html,https://fimgs.net/mdimg/perfume-thumbs/dark-375x500.46128.avif,perfume-images/46128.avif,DOWNLOADED,image/avif
774,707-HER,TWILLY D'HERMES,46145,https://www.fragrantica.com/perfume/Hermes/Twilly-d-Hermes-46145.html,https://fimgs.net/mdimg/perfume-thumbs/dark-375x500.46145.avif,perfume-images/46145.avif,DOWNLOADED,image/avif
3937,2295-FLOR,ONE UMBRELLA FOR TWO - FLORAIKU,46165,https://www.fragrantica.com/p/46165,https://fimgs.net/mdimg/perfume-thumbs/dark-375x500.46165.avif,perfume-images/46165.avif,DOWNLOADED,image/avif
4280,2545-MEM,Kedu Sesame Memo Paris,46179,https://www.fragrantica.com/perfume/Memo-Paris/Kedu-Sesame-46179.html,https://fimgs.net/mdimg/perfume-thumbs/dark-375x500.46179.avif,perfume-images/46179.avif,DOWNLOADED,image/avif
686,598-ESC,notes ofCELEBRATE NOW - ESCADA,46180,https://www.fragrantica.com/p/46180,https://fimgs.net/mdimg/perfume-thumbs/dark-375x500.46180.avif,perfume-images/46180.avif,DOWNLOADED,image/avif
867,822-MIC,SEXY RUBY - KORS,46182,https://www.fragrantica.com/perfume/Michael-Kors/Sexy-Ruby-46182.html,https://fimgs.net/mdimg/perfume-thumbs/dark-375x500.46182.avif,perfume-images/46182.avif,DOWNLOADED,image/avif
4433,2626-JOM,English Oak & Redcurrant Jo Malone,46186,https://www.fragrantica.com/perfume/Jo-Malone-London/English-Oak-Redcurrant-46186.html,https://fimgs.net/mdimg/perfume-thumbs/dark-375x500.46186.avif,perfume-images/46186.avif,DOWNLOADED,image/avif
2740,1542-JOM,English Oak & Redcurrant by Jo Malone London,46186,https://www.fragrantica.com/perfume/Jo-Malone-London/English-Oak-Redcurrant-46186.html,https://fimgs.net/mdimg/perfume-thumbs/dark-375x500.46186.avif,perfume-images/46186.avif,DOWNLOADED,image/avif
1157,250-JOM,English Oak & Hazelnut - Jo Malone,46187,https://www.fragrantica.com/perfume/Jo-Malone-London/English-Oak-Hazelnut-46187.html,https://fimgs.net/mdimg/perfume-thumbs/dark-375x500.46187.avif,perfume-images/46187.avif,DOWNLOADED,image/avif
2763,1865-YZLO,MAGNIFICENT GOLD,46243,https://www.fragrantica.com/perfume/Yves-Saint-Laurent/Magnificent-Gold-46243.html,https://fimgs.net/mdimg/perfume-thumbs/dark-375x500.46243.avif,perfume-images/46243.avif,DOWNLOADED,image/avif
342,1266-TRU,RIFLESSO,46287,https://www.fragrantica.com/perfume/Trussardi/Riflesso-46287.html,https://fimgs.net/mdimg/perfume-thumbs/dark-375x500.46287.avif,perfume-images/46287.avif,DOWNLOADED,image/avif
4036,2344-LEL,MOUSSE DE CHENE 30 - LE LABO,46295,https://www.fragrantica.com/perfume/Le-Labo/Mousse-de-Chene-30-Amsterdam-46295.html,https://fimgs.net/mdimg/perfume-thumbs/dark-375x500.46295.avif,perfume-images/46295.avif,DOWNLOADED,image/avif
3817,2221-AMG,Beach Hut Man,46336,https://www.fragrantica.com/perfume/Amouage/Beach-Hut-Man-46336.html,https://fimgs.net/mdimg/perfume-thumbs/dark-375x500.46336.avif,perfume-images/46336.avif,DOWNLOADED,image/avif
556,455-BYR,VELVET HAZE,46358,https://www.fragrantica.com/perfume/Byredo/Velvet-Haze-46358.html,https://fimgs.net/mdimg/perfume-thumbs/dark-375x500.46358.avif,perfume-images/46358.avif,DOWNLOADED,image/avif
4645,2697-RIT,Karma Rituals,46391,https://www.fragrantica.com/p/46391,https://fimgs.net/mdimg/perfume-thumbs/dark-375x500.46391.avif,perfume-images/46391.avif,DOWNLOADED,image/avif
823,768-KIL,WOMAN IN GOLD - KILIAN,46469,https://www.fragrantica.com/perfume/By-Kilian/Woman-in-Gold-46469.html,https://fimgs.net/mdimg/perfume-thumbs/dark-375x500.46469.avif,perfume-images/46469.avif,DOWNLOADED,image/avif
4305,1194-KIL,Gold Knight Kilian,46470,https://www.fragrantica.com/perfume/By-Kilian/Gold-Knight-46470.html,https://fimgs.net/mdimg/perfume-thumbs/dark-375x500.46470.avif,perfume-images/46470.avif,DOWNLOADED,image/avif
4789,2728-PEN,The Uncompromising Sohan,46503,https://www.fragrantica.com/perfume/Penhaligon-s/The-Uncompromising-Sohan-46503.html,https://fimgs.net/mdimg/perfume-thumbs/dark-375x500.46503.avif,perfume-images/46503.avif,DOWNLOADED,image/avif
2094,160-PEN,BEWITCHING YASMINE,46504,https://www.fragrantica.com/perfume/Penhaligon-s/The-Bewitching-Yasmine-46504.html,https://fimgs.net/mdimg/perfume-thumbs/dark-375x500.46504.avif,perfume-images/46504.avif,DOWNLOADED,image/avif
1238,346-TMFO,FUCKING FABULOUS,46513,https://www.fragrantica.com/perfume/Tom-Ford/Fucking-Fabulous-46513.html,https://fimgs.net/mdimg/perfume-thumbs/dark-375x500.46513.avif,perfume-images/46513.avif,DOWNLOADED,image/avif
2230,155-PARF,LAYTON EXCLUSIF - PARFUMS DE MARLY,46633,https://www.fragrantica.com/perfume/Parfums-de-Marly/Layton-Exclusif-46633.html,https://fimgs.net/mdimg/perfume-thumbs/dark-375x500.46633.avif,perfume-images/46633.avif,DOWNLOADED,image/avif
2058,141-MAN,BLACK VANILLA - MANCERA,46662,https://www.fragrantica.com/perfume/Mancera/Black-Vanilla-46662.html,https://fimgs.net/mdimg/perfume-thumbs/dark-375x500.46662.avif,perfume-images/46662.avif,DOWNLOADED,image/avif
2109,143-MAN,RED TOBACCO - MANCERA,46663,https://www.fragrantica.com/perfume/Mancera/Red-Tobacco-46663.html,https://fimgs.net/mdimg/perfume-thumbs/dark-375x500.46663.avif,perfume-images/46663.avif,DOWNLOADED,image/avif
3485,,Β683 - MARC ANTOINE BARROIS,46802,https://www.fragrantica.com/perfume/Marc-Antoine-Barrois/B683-46802.html,https://fimgs.net/mdimg/perfume-thumbs/dark-375x500.46802.avif,perfume-images/46802.avif,DOWNLOADED,image/avif
941,905-SFER,amo ferragamo,46832,https://www.fragrantica.com/perfume/Salvatore-Ferragamo/Amo-Ferragamo-46832.html,https://fimgs.net/mdimg/perfume-thumbs/dark-375x500.46832.avif,perfume-images/46832.avif,DOWNLOADED,image/avif
1890,834-MOS,So Real Cheap & Chic Moschino,46867,https://www.fragrantica.com/perfume/Moschino/So-Real-Cheap-Chic-46867.html,https://fimgs.net/mdimg/perfume-thumbs/dark-375x500.46867.avif,perfume-images/46867.avif,DOWNLOADED,image/avif
4425,2598-GLO,You Glossier,46885,https://www.fragrantica.com/perfume/Glossier/You-46885.html,https://fimgs.net/mdimg/perfume-thumbs/dark-375x500.46885.avif,perfume-images/46885.avif,DOWNLOADED,image/avif
694,610-ESC,SORBETTO ROSSO - ESCADA,47255,https://www.fragrantica.com/p/47255,https://fimgs.net/mdimg/perfume-thumbs/dark-375x500.47255.avif,perfume-images/47255.avif,DOWNLOADED,image/avif
2327,1615-FRE,PROMISE,47332,https://www.fragrantica.com/perfume/Frederic-Malle/Promise-47332.html,https://fimgs.net/mdimg/perfume-thumbs/dark-375x500.47332.avif,perfume-images/47332.avif,DOWNLOADED,image/avif
3921,1532-ROJ,elysium pour homme parfum roja dove,47480,https://www.fragrantica.com/perfume/Roja-Dove/Elysium-Pour-Homme-Parfum-47480.html,https://fimgs.net/mdimg/perfume-thumbs/dark-375x500.47480.avif,perfume-images/47480.avif,DOWNLOADED,image/avif
3960,2303-EXN,FRENCH AFFAIR - EX NIHILO,47569,https://www.fragrantica.com/perfume/Ex-Nihilo/French-Affair-47569.html,https://fimgs.net/mdimg/perfume-thumbs/dark-375x500.47569.avif,perfume-images/47569.avif,DOWNLOADED,image/avif
3954,2304-YZLO,6 PLACE SAINT SULPICE,47737,https://www.fragrantica.com/perfume/Yves-Saint-Laurent/6-place-Saint-Sulpice-47737.html,https://fimgs.net/mdimg/perfume-thumbs/dark-375x500.47737.avif,perfume-images/47737.avif,DOWNLOADED,image/avif
2655,1794-ISS,L'Eau d'Issey Pure Nectar,47780,https://www.fragrantica.com/p/47780,https://fimgs.net/mdimg/perfume-thumbs/dark-375x500.47780.avif,perfume-images/47780.avif,DOWNLOADED,image/avif
2798,1885-WID,LONDON - WIDIAN,47781,https://www.fragrantica.com/perfume/Widian/Widian-London-47781.html,https://fimgs.net/mdimg/perfume-thumbs/dark-375x500.47781.avif,perfume-images/47781.avif,DOWNLOADED,image/avif
4230,2504-JUL,Moscow Mule Juliette Has A Gun,47872,https://www.fragrantica.com/perfume/Juliette-Has-A-Gun/Moscow-Mule-47872.html,https://fimgs.net/mdimg/perfume-thumbs/dark-375x500.47872.avif,perfume-images/47872.avif,DOWNLOADED,image/avif
3492,2100-MARG,SAILING DAY,47891,https://www.fragrantica.com/perfume/Maison-Martin-Margiela/Sailing-Day-47891.html,https://fimgs.net/mdimg/perfume-thumbs/dark-375x500.47891.avif,perfume-images/47891.avif,DOWNLOADED,image/avif
3370,1989-VERT,NARCOS'IS,47923,https://www.fragrantica.com/perfume/Vertus/Narcos-is-47923.html,https://fimgs.net/mdimg/perfume-thumbs/dark-375x500.47923.avif,perfume-images/47923.avif,DOWNLOADED,image/avif
2084,172-SHALM,MOROCCAN MUSK - SCENT SALIM,47982,https://www.fragrantica.com/perfume/Scent-Salim/Moroccan-Musk-47982.html,https://fimgs.net/mdimg/perfume-thumbs/dark-375x500.47982.avif,perfume-images/47982.avif,DOWNLOADED,image/avif
735,658-ARM,SI PASSIONE,48002,https://www.fragrantica.com/perfume/Giorgio-Armani/Si-Passione-48002.html,https://fimgs.net/mdimg/perfume-thumbs/dark-375x500.48002.avif,perfume-images/48002.avif,DOWNLOADED,image/avif
842,794-LAN,LA NUIT TRESOR A LA FOLIE,48019,https://www.fragrantica.com/perfume/Lancome/La-Nuit-Tresor-a-la-Folie-48019.html,https://fimgs.net/mdimg/perfume-thumbs/dark-375x500.48019.avif,perfume-images/48019.avif,DOWNLOADED,image/avif
1256,372-TMFO,VANILLE FATALE,48029,https://www.fragrantica.com/perfume/Tom-Ford/Vanille-Fatale-48029.html,https://fimgs.net/mdimg/perfume-thumbs/dark-375x500.48029.avif,perfume-images/48029.avif,DOWNLOADED,image/avif
2112,108-ARM,BLEU LAZULI,48059,https://www.fragrantica.com/perfume/Giorgio-Armani/Armani-Prive-Bleu-Lazuli-48059.html,https://fimgs.net/mdimg/perfume-thumbs/dark-375x500.48059.avif,perfume-images/48059.avif,DOWNLOADED,image/avif
3819,2218-ARM,BLEU TURQUOISE,48060,https://www.fragrantica.com/perfume/Giorgio-Armani/Armani-Prive-Bleu-Turquoise-48060.html,https://fimgs.net/mdimg/perfume-thumbs/dark-375x500.48060.avif,perfume-images/48060.avif,DOWNLOADED,image/avif
1900,486-CAR,Good Girl Légère,48103,https://www.fragrantica.com/perfume/Carolina-Herrera/Good-Girl-Legere-48103.html,https://fimgs.net/mdimg/perfume-thumbs/dark-375x500.48103.avif,perfume-images/48103.avif,DOWNLOADED,image/avif
564,464-CAC,YES I AM,48112,https://www.fragrantica.com/perfume/Cacharel/Yes-I-Am-48112.html,https://fimgs.net/mdimg/perfume-thumbs/dark-375x500.48112.avif,perfume-images/48112.avif,DOWNLOADED,image/avif
217,1124-ARM,ACQUA DI GIO ABSOLU,48138,https://www.fragrantica.com/perfume/Giorgio-Armani/Acqua-di-Gio-Absolu-48138.html,https://fimgs.net/mdimg/perfume-thumbs/dark-375x500.48138.avif,perfume-images/48138.avif,DOWNLOADED,image/avif
645,555-DOL,DOLCE GARDEN,48151,https://www.fragrantica.com/perfume/Dolce-Gabbana/Dolce-Garden-48151.html,https://fimgs.net/mdimg/perfume-thumbs/dark-375x500.48151.avif,perfume-images/48151.avif,DOWNLOADED,image/avif
602,507-CHA,COCON MADEM INTENSE,48310,https://www.fragrantica.com/p/48310,https://fimgs.net/mdimg/perfume-thumbs/dark-375x500.48310.avif,perfume-images/48310.avif,DOWNLOADED,image/avif
2059,283-JOM,Poppy & Barley Jo Malone,48316,https://www.fragrantica.com/perfume/Jo-Malone-London/Poppy-Barley-48316.html,https://fimgs.net/mdimg/perfume-thumbs/dark-375x500.48316.avif,perfume-images/48316.avif,DOWNLOADED,image/avif
2400,1655-JOM,Oat & Cornflower by Jo Malone London,48318,https://www.fragrantica.com/perfume/Jo-Malone-London/Oat-Cornflower-48318.html,https://fimgs.net/mdimg/perfume-thumbs/dark-375x500.48318.avif,perfume-images/48318.avif,DOWNLOADED,image/avif
2743,543-DRC,SOUFFLE DE SOIE,48377,https://www.fragrantica.com/perfume/Dior/Souffle-De-Soie-48377.html,https://fimgs.net/mdimg/perfume-thumbs/dark-375x500.48377.avif,perfume-images/48377.avif,DOWNLOADED,image/avif
4324,2508-DRC,Gris,48387,https://www.fragrantica.com/p/48387,https://fimgs.net/mdimg/perfume-thumbs/dark-375x500.48387.avif,perfume-images/48387.avif,DOWNLOADED,image/avif
1934,1072-DRC,BALADE SAUVAGE,48398,https://www.fragrantica.com/perfume/Dior/Balade-Sauvage-48398.html,https://fimgs.net/mdimg/perfume-thumbs/dark-375x500.48398.avif,perfume-images/48398.avif,DOWNLOADED,image/avif
610,515-CHL,NOMADE - CHLOE,48434,https://www.fragrantica.com/perfume/Chloe/Nomade-48434.html,https://fimgs.net/mdimg/perfume-thumbs/dark-375x500.48434.avif,perfume-images/48434.avif,DOWNLOADED,image/avif
2226,140-KUR,OUD SILK MOOD,48456,https://www.fragrantica.com/perfume/Maison-Francis-Kurkdjian/Oud-Silk-Mood-48456.html,https://fimgs.net/mdimg/perfume-thumbs/dark-375x500.48456.avif,perfume-images/48456.avif,DOWNLOADED,image/avif
228,1138-GIV,GENTLEMAN,48476,https://www.fragrantica.com/perfume/Givenchy/Gentleman-Eau-de-Parfum-48476.html,https://fimgs.net/mdimg/perfume-thumbs/dark-375x500.48476.avif,perfume-images/48476.avif,DOWNLOADED,image/avif
2079,683-GUR,,48678,https://www.fragrantica.com/perfume/Guerlain/Aqua-Allegoria-Passiflora-48678.html,https://fimgs.net/mdimg/perfume-thumbs/dark-375x500.48678.avif,perfume-images/48678.avif,DOWNLOADED,image/avif
757,684-GUR,BAISER DE RUSSIE - GUERLAIN,48679,https://www.fragrantica.com/perfume/Guerlain/Baiser-de-Russie-48679.html,https://fimgs.net/mdimg/perfume-thumbs/dark-375x500.48679.avif,perfume-images/48679.avif,DOWNLOADED,image/avif
4221,2475-DIP,TEMPO DIP,48680,https://www.fragrantica.com/perfume/Diptyque/Tempo-Eau-de-Parfum-48680.html,https://fimgs.net/mdimg/perfume-thumbs/dark-375x500.48680.avif,perfume-images/48680.avif,DOWNLOADED,image/avif
2413,1686-PRA,LUNA ROSSA BLACK - PRADA,48682,https://www.fragrantica.com/perfume/Prada/Luna-Rossa-Black-48682.html,https://fimgs.net/mdimg/perfume-thumbs/dark-375x500.48682.avif,perfume-images/48682.avif,DOWNLOADED,image/avif
1916,1230-PAC,ONE MILLION LUCKY,48903,https://www.fragrantica.com/perfume/Rabanne/1-Million-Lucky-48903.html,https://fimgs.net/mdimg/perfume-thumbs/dark-375x500.48903.avif,perfume-images/48903.avif,DOWNLOADED,image/avif
5063,2794-PAC,Lady Million Lucky,48904,https://www.fragrantica.com/perfume/Rabanne/Lady-Million-Lucky-48904.html,https://fimgs.net/mdimg/perfume-thumbs/dark-375x500.48904.avif,perfume-images/48904.avif,DOWNLOADED,image/avif
4188,2461-BOD,BLACK MUSK NIGHT BLOOM - BODY SHOP,48939,https://www.fragrantica.com/p/48939,https://fimgs.net/mdimg/perfume-thumbs/dark-375x500.48939.avif,perfume-images/48939.avif,DOWNLOADED,image/avif
2805,1894-MNT,FANTASTIC OUD - MONTALE,48945,https://www.fragrantica.com/perfume/Montale/Fantastic-Oud-48945.html,https://fimgs.net/mdimg/perfume-thumbs/dark-375x500.48945.avif,perfume-images/48945.avif,DOWNLOADED,image/avif
2705,1822-MNT,ORCHID POWDER - MONTALE,48947,https://www.fragrantica.com/perfume/Montale/Orchid-Powder-48947.html,https://fimgs.net/mdimg/perfume-thumbs/dark-375x500.48947.avif,perfume-images/48947.avif,DOWNLOADED,image/avif
2618,1755-MNT,VANILLA CAKE - MONTALE,48948,https://www.fragrantica.com/perfume/Montale/Vanilla-Cake-48948.html,https://fimgs.net/mdimg/perfume-thumbs/dark-375x500.48948.avif,perfume-images/48948.avif,DOWNLOADED,image/avif
1928,969-VICT,VERY SEXY NOW BEACH - VICTORIA'S SECRET,49007,https://www.fragrantica.com/perfume/Victoria-s-Secret/Very-Sexy-Now-Beach-49007.html,https://fimgs.net/mdimg/perfume-thumbs/dark-375x500.49007.avif,perfume-images/49007.avif,DOWNLOADED,image/avif
1929,970-VICT,VERY SEXY NOW WILD PALM,49008,https://www.fragrantica.com/perfume/Victoria-s-Secret/Very-Sexy-Now-Wild-Palm-49008.html,https://fimgs.net/mdimg/perfume-thumbs/dark-375x500.49008.avif,perfume-images/49008.avif,DOWNLOADED,image/avif
3508,2092-MAN,HINDU KUSH - MANCERA,49030,https://www.fragrantica.com/perfume/Mancera/Hindu-Kush-49030.html,https://fimgs.net/mdimg/perfume-thumbs/dark-375x500.49030.avif,perfume-images/49030.avif,DOWNLOADED,image/avif
131,1030-BRB,MR. BURBERRY INDIGO,49095,https://www.fragrantica.com/perfume/Burberry/Mr-Burberry-Indigo-49095.html,https://fimgs.net/mdimg/perfume-thumbs/dark-375x500.49095.avif,perfume-images/49095.avif,DOWNLOADED,image/avif
2610,1757-DIP,EAU DUELLE EAU DE PARFUM,49100,https://www.fragrantica.com/perfume/Diptyque/Eau-Duelle-Eau-de-Parfum-49100.html,https://fimgs.net/mdimg/perfume-thumbs/dark-375x500.49100.avif,perfume-images/49100.avif,DOWNLOADED,image/avif
4021,2318-NAS,2318 nas ν,49223,https://www.fragrantica.com/perfume/Nasomatto/Nudiflorum-49223.html,https://fimgs.net/mdimg/perfume-thumbs/dark-375x500.49223.avif,perfume-images/49223.avif,DOWNLOADED,image/avif
3449,2026-HER,EAU DE CITRON NOIR - HERMES,49231,https://www.fragrantica.com/perfume/Hermes/Eau-de-Citron-Noir-49231.html,https://fimgs.net/mdimg/perfume-thumbs/dark-375x500.49231.avif,perfume-images/49231.avif,DOWNLOADED,image/avif
2127,178-VIL,MANGO SKIN - VILHELM PARFUMERIE,49305,https://www.fragrantica.com/perfume/Vilhelm-Parfumerie/Mango-Skin-49305.html,https://fimgs.net/mdimg/perfume-thumbs/dark-375x500.49305.avif,perfume-images/49305.avif,DOWNLOADED,image/avif
889,846-NRO,NARCISO ROUGE - RODRIGUEZ,49331,https://www.fragrantica.com/perfume/Narciso-Rodriguez/Narciso-Rouge-49331.html,https://fimgs.net/mdimg/perfume-thumbs/dark-375x500.49331.avif,perfume-images/49331.avif,DOWNLOADED,image/avif
3840,2251-JOVP,E - JOVOY PARIS,49435,https://www.fragrantica.com/p/49435,https://fimgs.net/mdimg/perfume-thumbs/dark-375x500.49435.avif,perfume-images/49435.avif,DOWNLOADED,image/avif
1924,1485-TMU,ALIEN MAN,49503,https://www.fragrantica.com/perfume/Mugler/Alien-Man-49503.html,https://fimgs.net/mdimg/perfume-thumbs/dark-375x500.49503.avif,perfume-images/49503.avif,DOWNLOADED,image/avif
2706,1827-JOM,Tropical Cherimoya by Jo Malone London,49602,https://www.fragrantica.com/perfume/Jo-Malone-London/Tropical-Cherimoya-Cologne-49602.html,https://fimgs.net/mdimg/perfume-thumbs/dark-375x500.49602.avif,perfume-images/49602.avif,DOWNLOADED,image/avif
1771,731-JIM,fever jimmy choo dupe,49615,https://www.fragrantica.com/perfume/Jimmy-Choo/Jimmy-Choo-Fever-49615.html,https://fimgs.net/mdimg/perfume-thumbs/dark-375x500.49615.avif,perfume-images/49615.avif,DOWNLOADED,image/avif
4103,2336-THAM,CARVED OUD - THAMEEN,49688,https://www.fragrantica.com/p/49688,https://fimgs.net/mdimg/perfume-thumbs/dark-375x500.49688.avif,perfume-images/49688.avif,DOWNLOADED,image/avif
2756,1855-LTN,,49751,https://www.fragrantica.com/perfume/Louis-Vuitton/L-Immensite-49751.html,https://fimgs.net/mdimg/perfume-thumbs/dark-375x500.49751.avif,perfume-images/49751.avif,DOWNLOADED,image/avif
4015,2319-LTN,notes,49752,https://www.fragrantica.com/perfume/Louis-Vuitton/Orage-49752.html,https://fimgs.net/mdimg/perfume-thumbs/dark-375x500.49752.avif,perfume-images/49752.avif,DOWNLOADED,image/avif
3728,2193-LTN,notes,49753,https://www.fragrantica.com/perfume/Louis-Vuitton/Nouveau-Monde-49753.html,https://fimgs.net/mdimg/perfume-thumbs/dark-375x500.49753.avif,perfume-images/49753.avif,DOWNLOADED,image/avif
2131,132-LTN,notes,49755,https://www.fragrantica.com/perfume/Louis-Vuitton/Ombre-Nomade-49755.html,https://fimgs.net/mdimg/perfume-thumbs/dark-375x500.49755.avif,perfume-images/49755.avif,DOWNLOADED,image/avif
4219,2495-ETLR,I AM TRASH - LES FLEURS DU DECHET by ETAT LIBRE D'ORANGE,50009,https://www.fragrantica.com/perfume/Etat-Libre-d-Orange/I-am-Trash-Les-Fleurs-du-Dechet-50009.html,https://fimgs.net/mdimg/perfume-thumbs/dark-375x500.50009.avif,perfume-images/50009.avif,DOWNLOADED,image/avif
4223,2501-LOE,AGUA MIAMI LOEWE,50228,https://www.fragrantica.com/perfume/Loewe/Agua-Miami-50228.html,https://fimgs.net/mdimg/perfume-thumbs/dark-375x500.50228.avif,perfume-images/50228.avif,DOWNLOADED,image/avif
1247,361-TMFO,OMBRE LEATHER,50239,https://www.fragrantica.com/perfume/Tom-Ford/Ombre-Leather-2018-50239.html,https://fimgs.net/mdimg/perfume-thumbs/dark-375x500.50239.avif,perfume-images/50239.avif,DOWNLOADED,image/avif
2634,1766-PEN,THE BLAZING MR SAM,50255,https://www.fragrantica.com/perfume/Penhaligon-s/The-Blazing-Mr-Sam-50255.html,https://fimgs.net/mdimg/perfume-thumbs/dark-375x500.50255.avif,perfume-images/50255.avif,DOWNLOADED,image/avif
2972,1953-PEN,CHANGING CONSTANCE,50256,https://www.fragrantica.com/perfume/Penhaligon-s/Changing-Constance-50256.html,https://fimgs.net/mdimg/perfume-thumbs/dark-375x500.50256.avif,perfume-images/50256.avif,DOWNLOADED,image/avif
3374,2016-PARELM,D'AMOUR - PARFUMS D'ELMAR,50275,https://www.fragrantica.com/perfume/Parfums-d-Elmar/Elixir-d-Amour-50275.html,https://fimgs.net/mdimg/perfume-thumbs/dark-375x500.50275.avif,perfume-images/50275.avif,DOWNLOADED,image/avif
3683,2187-INI,REHAB - INITIO,50351,https://www.fragrantica.com/perfume/Initio-Parfums-Prives/Rehab-50351.html,https://fimgs.net/mdimg/perfume-thumbs/dark-375x500.50351.avif,perfume-images/50351.avif,DOWNLOADED,image/avif
2057,152-PARF,DELINA EXCLUSIF - PARFUMS DE MARLY,50370,https://www.fragrantica.com/perfume/Parfums-de-Marly/Delina-Exclusif-50370.html,https://fimgs.net/mdimg/perfume-thumbs/dark-375x500.50370.avif,perfume-images/50370.avif,DOWNLOADED,image/avif
3315,401-ARIA,401 aria mix 305 kay,50384,https://www.fragrantica.com/perfume/Ariana-Grande/Cloud-50384.html,https://fimgs.net/mdimg/perfume-thumbs/dark-375x500.50384.avif,perfume-images/50384.avif,DOWNLOADED,image/avif
2061,401-ARIA,CLOUD - ARIANA GRANDE,50384,https://www.fragrantica.com/perfume/Ariana-Grande/Cloud-50384.html,https://fimgs.net/mdimg/perfume-thumbs/dark-375x500.50384.avif,perfume-images/50384.avif,DOWNLOADED,image/avif
3493,2098-MIC,TWILIGHT SHIMMER - MICHAEL KORS,50396,https://www.fragrantica.com/perfume/Michael-Kors/Twilight-Shimmer-50396.html,https://fimgs.net/mdimg/perfume-thumbs/dark-375x500.50396.avif,perfume-images/50396.avif,DOWNLOADED,image/avif
1764,345-TMFO,FOUGERE D ARGENT,50458,https://www.fragrantica.com/perfume/Tom-Ford/Fougere-d-Argent-50458.html,https://fimgs.net/mdimg/perfume-thumbs/dark-375x500.50458.avif,perfume-images/50458.avif,DOWNLOADED,image/avif
1803,759-KIL,BAD BOYS ARE NO GOOD BUT GOOD BOYS ARE NO FUN-KILIAN,50495,https://www.fragrantica.com/perfume/By-Kilian/Bad-Boys-Are-No-Good-But-Good-Boys-Are-No-Fun-50495.html,https://fimgs.net/mdimg/perfume-thumbs/dark-375x500.50495.avif,perfume-images/50495.avif,DOWNLOADED,image/avif
1805,763-KIL,KISSING BURNS 6,50496,https://www.fragrantica.com/perfume/By-Kilian/Kissing-Burns-6-4-Calories-A-Minute-Wanna-Workout-50496.html,https://fimgs.net/mdimg/perfume-thumbs/dark-375x500.50496.avif,perfume-images/50496.avif,DOWNLOADED,image/avif
1782,757-KIL,ADULTS - KILIAN,50498,https://www.fragrantica.com/perfume/By-Kilian/Let-s-Settle-This-Argument-Like-Adults-In-The-Bedroom-Naked-50498.html,https://fimgs.net/mdimg/perfume-thumbs/dark-375x500.50498.avif,perfume-images/50498.avif,DOWNLOADED,image/avif
5085,2818-SWISA,Shaghaf Oud Swiss Arabian,50582,https://www.fragrantica.com/perfume/Swiss-Arabian/Shaghaf-Oud-50582.html,https://fimgs.net/mdimg/perfume-thumbs/dark-375x500.50582.avif,perfume-images/50582.avif,DOWNLOADED,image/avif
1939,1100-DOL,THE ONE GREY,50611,https://www.fragrantica.com/perfume/Dolce-Gabbana/The-One-Grey-50611.html,https://fimgs.net/mdimg/perfume-thumbs/dark-375x500.50611.avif,perfume-images/50611.avif,DOWNLOADED,image/avif
1779,466-CAL,CALVIN KLEIN WOMEN - CALVIN KLEIN,50662,https://www.fragrantica.com/perfume/Calvin-Klein/Calvin-Klein-Women-50662.html,https://fimgs.net/mdimg/perfume-thumbs/dark-375x500.50662.avif,perfume-images/50662.avif,DOWNLOADED,image/avif
1922,1157-HER,TERRE D'HERMES EAU INTENSE VETIVER - HERMES,50672,https://www.fragrantica.com/perfume/Hermes/Terre-D-Hermes-Eau-Intense-Vetiver-50672.html,https://fimgs.net/mdimg/perfume-thumbs/dark-375x500.50672.avif,perfume-images/50672.avif,DOWNLOADED,image/avif
4973,2731-BYRP,Mula Mula Byron Parfums,50711,https://www.fragrantica.com/perfume/Byron-Parfums/Mula-Mula-50711.html,https://fimgs.net/mdimg/perfume-thumbs/dark-375x500.50711.avif,perfume-images/50711.avif,DOWNLOADED,image/avif
2194,725-GUL,Scandal by night,50715,https://www.fragrantica.com/perfume/Jean-Paul-Gaultier/Scandal-By-Night-50715.html,https://fimgs.net/mdimg/perfume-thumbs/dark-375x500.50715.avif,perfume-images/50715.avif,DOWNLOADED,image/avif
584,488-CRT,CARAT - CARTIER,50748,https://www.fragrantica.com/perfume/Cartier/Carat-50748.html,https://fimgs.net/mdimg/perfume-thumbs/dark-375x500.50748.avif,perfume-images/50748.avif,DOWNLOADED,image/avif
2348,1627-CLIV,,50752,https://www.fragrantica.com/perfume/Clive-Christian/XXI-Art-Deco-Vanilla-Orchid-50752.html,https://fimgs.net/mdimg/perfume-thumbs/dark-375x500.50752.avif,perfume-images/50752.avif,DOWNLOADED,image/avif
1777,615-EST,BEAUTIFUL BELLE - ESTEE LAUDER,50793,https://www.fragrantica.com/perfume/Estee-Lauder/Beautiful-Belle-50793.html,https://fimgs.net/mdimg/perfume-thumbs/dark-375x500.50793.avif,perfume-images/50793.avif,DOWNLOADED,image/avif
3675,2181-AMG,Love Tuberose,50889,https://www.fragrantica.com/perfume/Amouage/Love-Tuberose-50889.html,https://fimgs.net/mdimg/perfume-thumbs/dark-375x500.50889.avif,perfume-images/50889.avif,DOWNLOADED,image/avif
3531,2048-KIL,MADLY IN LOVE - KILIAN,50933,https://www.fragrantica.com/perfume/By-Kilian/Yes-I-Was-Madly-In-Love-But-That-Was-Yesterday-50933.html,https://fimgs.net/mdimg/perfume-thumbs/dark-375x500.50933.avif,perfume-images/50933.avif,DOWNLOADED,image/avif
2406,1677-BYR,ELEVENTH HOUR,50934,https://www.fragrantica.com/perfume/Byredo/Eleventh-Hour-50934.html,https://fimgs.net/mdimg/perfume-thumbs/dark-375x500.50934.avif,perfume-images/50934.avif,DOWNLOADED,image/avif
2622,,,51016,https://www.fragrantica.com/perfume/Louis-Vuitton/Attrape-Reves-51016.html,https://fimgs.net/mdimg/perfume-thumbs/dark-375x500.51016.avif,perfume-images/51016.avif,DOWNLOADED,image/avif
2228,158-PARF,PERCIVAL - PARFUMS DE MARLY,51037,https://www.fragrantica.com/perfume/Parfums-de-Marly/Percival-51037.html,https://fimgs.net/mdimg/perfume-thumbs/dark-375x500.51037.avif,perfume-images/51037.avif,DOWNLOADED,image/avif
2214,125-JUL,LIQUID ILLUSION - JULIETTE HAS A GUN,51055,https://www.fragrantica.com/p/51055,https://fimgs.net/mdimg/perfume-thumbs/dark-375x500.51055.avif,perfume-images/51055.avif,DOWNLOADED,image/avif
1014,992-ZAD,GIRLS CAN DO ANYTHING - ZADIG & VOLTAIRE,51198,https://www.fragrantica.com/perfume/Zadig-Voltaire/Girls-Can-Do-Anything-51198.html,https://fimgs.net/mdimg/perfume-thumbs/dark-375x500.51198.avif,perfume-images/51198.avif,DOWNLOADED,image/avif
3218,2010-LART,MONT DE NARCISSE,51203,https://www.fragrantica.com/perfume/L-Artisan-Parfumeur/Mont-de-Narcisse-51203.html,https://fimgs.net/mdimg/perfume-thumbs/dark-375x500.51203.avif,perfume-images/51203.avif,DOWNLOADED,image/avif
658,569-DOL,THE ONLY ONE,51249,https://www.fragrantica.com/perfume/Dolce-Gabbana/The-Only-One-51249.html,https://fimgs.net/mdimg/perfume-thumbs/dark-375x500.51249.avif,perfume-images/51249.avif,DOWNLOADED,image/avif
3674,2182-JOM,Honeysuckle & Davana - Jo Malone,51266,https://www.fragrantica.com/perfume/Jo-Malone-London/Honeysuckle-Davana-51266.html,https://fimgs.net/mdimg/perfume-thumbs/dark-375x500.51266.avif,perfume-images/51266.avif,DOWNLOADED,image/avif
625,532-DRC,JOY,51285,https://www.fragrantica.com/p/51285,https://fimgs.net/mdimg/perfume-thumbs/dark-375x500.51285.avif,perfume-images/51285.avif,DOWNLOADED,image/avif
2983,1964-ARB,MADAWI - ARABIAN OUD,51307,https://www.fragrantica.com/perfume/Arabian-Oud/Madawi-51307.html,https://fimgs.net/mdimg/perfume-thumbs/dark-375x500.51307.avif,perfume-images/51307.avif,DOWNLOADED,image/avif
1788,350-TMFO,LOST CHERRY,51411,https://www.fragrantica.com/perfume/Tom-Ford/Lost-Cherry-51411.html,https://fimgs.net/mdimg/perfume-thumbs/dark-375x500.51411.avif,perfume-images/51411.avif,DOWNLOADED,image/avif
905,865-PAC,PURE XS FOR HER,51424,https://www.fragrantica.com/perfume/Rabanne/Pure-XS-For-Her-51424.html,https://fimgs.net/mdimg/perfume-thumbs/dark-375x500.51424.avif,perfume-images/51424.avif,DOWNLOADED,image/avif
2986,1966-XER,ALEXANDRIA ORIENTALE,51439,https://www.fragrantica.com/perfume/Xerjoff/Alexandria-Orientale-51439.html,https://fimgs.net/mdimg/perfume-thumbs/dark-375x500.51439.avif,perfume-images/51439.avif,DOWNLOADED,image/avif
4281,2546-MEM,Moroccan Leather Memo Paris,51440,https://www.fragrantica.com/perfume/Memo-Paris/Moroccan-Leather-51440.html,https://fimgs.net/mdimg/perfume-thumbs/dark-375x500.51440.avif,perfume-images/51440.avif,DOWNLOADED,image/avif
2247,1529-BDIK,ROUGE SMOKING - BDK,51468,https://www.fragrantica.com/perfume/BDK-Parfums/Rouge-Smoking-51468.html,https://fimgs.net/mdimg/perfume-thumbs/dark-375x500.51468.avif,perfume-images/51468.avif,DOWNLOADED,image/avif
3496,2108-BDIK,CREME DE CUIR - BDK,51469,https://www.fragrantica.com/perfume/BDK-Parfums/Creme-de-Cuir-51469.html,https://fimgs.net/mdimg/perfume-thumbs/dark-375x500.51469.avif,perfume-images/51469.avif,DOWNLOADED,image/avif
2117,144-MAN,VANILLE EXCLUSIF - MANCERA,51494,https://www.fragrantica.com/perfume/Mancera/Vanille-Exclusive-51494.html,https://fimgs.net/mdimg/perfume-thumbs/dark-375x500.51494.avif,perfume-images/51494.avif,DOWNLOADED,image/avif
2279,1517-MOS,TOY 2 - MOSCHINO,51589,https://www.fragrantica.com/perfume/Moschino/Toy-2-51589.html,https://fimgs.net/mdimg/perfume-thumbs/dark-375x500.51589.avif,perfume-images/51589.avif,DOWNLOADED,image/avif
531,425-BRB,Burberry Her,51694,https://www.fragrantica.com/perfume/Burberry/Burberry-Her-51694.html,https://fimgs.net/mdimg/perfume-thumbs/dark-375x500.51694.avif,perfume-images/51694.avif,DOWNLOADED,image/avif
2782,1891-LEL,TONKA 25 - LE LABO,51697,https://www.fragrantica.com/perfume/Le-Labo/Tonka-25-51697.html,https://fimgs.net/mdimg/perfume-thumbs/dark-375x500.51697.avif,perfume-images/51697.avif,DOWNLOADED,image/avif
5086,2819-AKR,Awake Akro,51704,https://www.fragrantica.com/perfume/Akro/Awake-51704.html,https://fimgs.net/mdimg/perfume-thumbs/dark-375x500.51704.avif,perfume-images/51704.avif,DOWNLOADED,image/avif
3820,2225-BON,LAFAYETTE STREET - BOND,51742,https://www.fragrantica.com/perfume/Bond-No-9/Lafayette-Street-51742.html,https://fimgs.net/mdimg/perfume-thumbs/dark-375x500.51742.avif,perfume-images/51742.avif,DOWNLOADED,image/avif
2142,1209-MNTB,EXPLORER - MONT BLANC,52002,https://www.fragrantica.com/perfume/Montblanc/Explorer-52002.html,https://fimgs.net/mdimg/perfume-thumbs/dark-375x500.52002.avif,perfume-images/52002.avif,DOWNLOADED,image/avif
906,866-PAC,ULTRA VIOLET for women,52121,https://www.fragrantica.com/perfume/Be-Style-Perfumes/Ultra-Violet-52121.html,https://fimgs.net/mdimg/perfume-thumbs/dark-375x500.52121.avif,perfume-images/52121.avif,DOWNLOADED,image/avif
2760,1867-VER,EROS FLAME,52180,https://www.fragrantica.com/perfume/Versace/Eros-Flame-52180.html,https://fimgs.net/mdimg/perfume-thumbs/dark-375x500.52180.avif,perfume-images/52180.avif,DOWNLOADED,image/avif
3912,2280-XER,JTC 400,52181,https://www.fragrantica.com/perfume/Xerjoff/JTC-400-52181.html,https://fimgs.net/mdimg/perfume-thumbs/dark-375x500.52181.avif,perfume-images/52181.avif,DOWNLOADED,image/avif
2328,1614-FRE,DAWN,52195,https://www.fragrantica.com/perfume/Frederic-Malle/Dawn-52195.html,https://fimgs.net/mdimg/perfume-thumbs/dark-375x500.52195.avif,perfume-images/52195.avif,DOWNLOADED,image/avif
2766,1859-XER,UDEN OVERDOSE,52433,https://www.fragrantica.com/perfume/Xerjoff/Uden-Overdose-52433.html,https://fimgs.net/mdimg/perfume-thumbs/dark-375x500.52433.avif,perfume-images/52433.avif,DOWNLOADED,image/avif
3486,2104-CHA,1957,52483,https://www.fragrantica.com/perfume/Chanel/1957-Eau-de-Parfum-52483.html,https://fimgs.net/mdimg/perfume-thumbs/dark-375x500.52483.avif,perfume-images/52483.avif,DOWNLOADED,image/avif
4779,2717-EXN,Brompton Immortals Ex Nihilo,52591,https://www.fragrantica.com/perfume/Ex-Nihilo/Brompton-Immortals-52591.html,https://fimgs.net/mdimg/perfume-thumbs/dark-375x500.52591.avif,perfume-images/52591.avif,DOWNLOADED,image/avif
4430,2611-KAY,Elixir 11 Kayali Fragrances,52610,https://www.fragrantica.com/perfume/Kayali-Fragrances/Elixir-11-52610.html,https://fimgs.net/mdimg/perfume-thumbs/dark-375x500.52610.avif,perfume-images/52610.avif,DOWNLOADED,image/avif
3907,2267-KAY,MUSK 12 - KAYALI,52615,https://www.fragrantica.com/perfume/Kayali-Fragrances/Musk-12-52615.html,https://fimgs.net/mdimg/perfume-thumbs/dark-375x500.52615.avif,perfume-images/52615.avif,DOWNLOADED,image/avif
1879,305-KAY,VANILLA 28 - KAYALI,52616,https://www.fragrantica.com/perfume/Kayali-Fragrances/Vanilla-28-52616.html,https://fimgs.net/mdimg/perfume-thumbs/dark-375x500.52616.avif,perfume-images/52616.avif,DOWNLOADED,image/avif
4646,2699-RIT,Ayurveda Rituals,52638,https://www.fragrantica.com/p/52638,https://fimgs.net/mdimg/perfume-thumbs/dark-375x500.52638.avif,perfume-images/52638.avif,DOWNLOADED,image/avif
1912,795-LAN,LA NUIT TRESOR MUSC DIAMANT,52788,https://www.fragrantica.com/perfume/Lancome/La-Nuit-Tresor-Musc-Diamant-52788.html,https://fimgs.net/mdimg/perfume-thumbs/dark-375x500.52788.avif,perfume-images/52788.avif,DOWNLOADED,image/avif
3472,2075-TMFO,COSTA AZZURA ACQUA,52789,https://www.fragrantica.com/perfume/Tom-Ford/Costa-Azzurra-Acqua-52789.html,https://fimgs.net/mdimg/perfume-thumbs/dark-375x500.52789.avif,perfume-images/52789.avif,DOWNLOADED,image/avif
1821,339-TMFO,BEAU DE JOUR,52790,https://www.fragrantica.com/perfume/Tom-Ford/Beau-de-Jour-52790.html,https://fimgs.net/mdimg/perfume-thumbs/dark-375x500.52790.avif,perfume-images/52790.avif,DOWNLOADED,image/avif
1883,652-ARM,IN LOVE WITH YOU,52801,https://www.fragrantica.com/perfume/Giorgio-Armani/Emporio-Armani-In-Love-With-You-52801.html,https://fimgs.net/mdimg/perfume-thumbs/dark-375x500.52801.avif,perfume-images/52801.avif,DOWNLOADED,image/avif
3359,1978-ARM,STRONGER WITH YOU INTENSENLY,52802,https://www.fragrantica.com/perfume/Giorgio-Armani/Emporio-Armani-Stronger-With-You-Intensely-52802.html,https://fimgs.net/mdimg/perfume-thumbs/dark-375x500.52802.avif,perfume-images/52802.avif,DOWNLOADED,image/avif
2208,246-JOM,Bronze Wood & Leather by Jo Malone London,52803,https://www.fragrantica.com/perfume/Jo-Malone-London/Bronze-Wood-Leather-52803.html,https://fimgs.net/mdimg/perfume-thumbs/dark-375x500.52803.avif,perfume-images/52803.avif,DOWNLOADED,image/avif
4366,2587-MAR,Daisy Dream Sunshine Marc Jacobs,52931,https://www.fragrantica.com/perfume/Marc-Jacobs/Daisy-Dream-Sunshine-52931.html,https://fimgs.net/mdimg/perfume-thumbs/dark-375x500.52931.avif,perfume-images/52931.avif,DOWNLOADED,image/avif
2694,1816-TER,BIANCO PURO - TIZIANA TERENZI,53039,https://www.fragrantica.com/perfume/Tiziana-Terenzi/Bianco-Puro-53039.html,https://fimgs.net/mdimg/perfume-thumbs/dark-375x500.53039.avif,perfume-images/53039.avif,DOWNLOADED,image/avif
4374,2560-JUSB,Siren & Sailors Jusbox,53042,https://www.fragrantica.com/p/53042,https://fimgs.net/mdimg/perfume-thumbs/dark-375x500.53042.avif,perfume-images/53042.avif,DOWNLOADED,image/avif
1766,605-ESC,MIAMI BLOSSOM - ESCADA,53054,https://www.fragrantica.com/perfume/Escada/Miami-Blossom-53054.html,https://fimgs.net/mdimg/perfume-thumbs/dark-375x500.53054.avif,perfume-images/53054.avif,DOWNLOADED,image/avif
2375,1640-GUC,the Voice of the Snake,53088,https://www.fragrantica.com/perfume/Gucci/The-Voice-Of-The-Snake-53088.html,https://fimgs.net/mdimg/perfume-thumbs/dark-375x500.53088.avif,perfume-images/53088.avif,DOWNLOADED,image/avif
2370,1643-GUL,CLASSIQUE CABARET,53187,https://www.fragrantica.com/perfume/Jean-Paul-Gaultier/Classique-Cabaret-Eau-de-Parfum-53187.html,https://fimgs.net/mdimg/perfume-thumbs/dark-375x500.53187.avif,perfume-images/53187.avif,DOWNLOADED,image/avif
1769,656-ARM,SI FIORI,53243,https://www.fragrantica.com/perfume/Giorgio-Armani/Si-Fiori-53243.html,https://fimgs.net/mdimg/perfume-thumbs/dark-375x500.53243.avif,perfume-images/53243.avif,DOWNLOADED,image/avif
4347,2594-HUG,Bottled Oud Saffron,53338,https://www.fragrantica.com/perfume/Hugo-Boss/Boss-Bottled-Oud-Saffron-53338.html,https://fimgs.net/mdimg/perfume-thumbs/dark-375x500.53338.avif,perfume-images/53338.avif,DOWNLOADED,image/avif
1768,785-LAN,LA VIE EST BELLE EN ROSE,53345,https://www.fragrantica.com/perfume/Lancome/La-Vie-est-Belle-en-Rose-53345.html,https://fimgs.net/mdimg/perfume-thumbs/dark-375x500.53345.avif,perfume-images/53345.avif,DOWNLOADED,image/avif
4392,2607-TMU,Angel Eau Croisière,53351,https://www.fragrantica.com/perfume/Mugler/Angel-Eau-Croisiere-53351.html,https://fimgs.net/mdimg/perfume-thumbs/dark-375x500.53351.avif,perfume-images/53351.avif,DOWNLOADED,image/avif
4160,2419-BAT,PINK COCONUT CALYPSO - BATH BODY WORKS,53363,https://www.fragrantica.com/perfume/Bath-Body-Works/Pink-Coconut-Calypso-53363.html,https://fimgs.net/mdimg/perfume-thumbs/dark-375x500.53363.avif,perfume-images/53363.avif,DOWNLOADED,image/avif
2414,1683-HER,UN JARDIN SUR LA LAGUNE - HERMES,53373,https://www.fragrantica.com/perfume/Hermes/Un-Jardin-Sur-La-Lagune-53373.html,https://fimgs.net/mdimg/perfume-thumbs/dark-375x500.53373.avif,perfume-images/53373.avif,DOWNLOADED,image/avif
3796,2168-MARG,UNDER THE LEMON TREE,53379,https://www.fragrantica.com/perfume/Maison-Martin-Margiela/Under-The-Lemon-Tree-53379.html,https://fimgs.net/mdimg/perfume-thumbs/dark-375x500.53379.avif,perfume-images/53379.avif,DOWNLOADED,image/avif
2209,136-KUR,GENTLE FLUIDITY SILVER,53400,https://www.fragrantica.com/perfume/Maison-Francis-Kurkdjian/Gentle-Fluidity-Silver-53400.html,https://fimgs.net/mdimg/perfume-thumbs/dark-375x500.53400.avif,perfume-images/53400.avif,DOWNLOADED,image/avif
2192,135-KUR,GENTLE FLUIDITY GOLD,53401,https://www.fragrantica.com/perfume/Maison-Francis-Kurkdjian/Gentle-Fluidity-Gold-53401.html,https://fimgs.net/mdimg/perfume-thumbs/dark-375x500.53401.avif,perfume-images/53401.avif,DOWNLOADED,image/avif
2985,1965-BYRP,THE CHRONIC - BYRON PARFUMS,53452,https://www.fragrantica.com/perfume/Byron-Parfums/The-Chronic-53452.html,https://fimgs.net/mdimg/perfume-thumbs/dark-375x500.53452.avif,perfume-images/53452.avif,DOWNLOADED,image/avif
2097,1234-PAC,PURE XS NIGHT,53453,https://www.fragrantica.com/perfume/Rabanne/Pure-XS-Night-53453.html,https://fimgs.net/mdimg/perfume-thumbs/dark-375x500.53453.avif,perfume-images/53453.avif,DOWNLOADED,image/avif
2940,1922-ORT,megamare orto parisi,53471,https://www.fragrantica.com/perfume/Orto-Parisi/Megamare-53471.html,https://fimgs.net/mdimg/perfume-thumbs/dark-375x500.53471.avif,perfume-images/53471.avif,DOWNLOADED,image/avif
4247,2477-MARG,Whispers in the Library,53537,https://www.fragrantica.com/perfume/Maison-Martin-Margiela/Whispers-in-the-Library-53537.html,https://fimgs.net/mdimg/perfume-thumbs/dark-375x500.53537.avif,perfume-images/53537.avif,DOWNLOADED,image/avif
2767,1854-EXN,LUST IN PARADISE - EXNIHILO,53588,https://www.fragrantica.com/perfume/Ex-Nihilo/Lust-in-Paradise-53588.html,https://fimgs.net/mdimg/perfume-thumbs/dark-375x500.53588.avif,perfume-images/53588.avif,DOWNLOADED,image/avif
2132,122-INI,OUD FOR GREATNESS - INITIO PARFUMS PRIVES (U) PERFUME,53641,https://www.fragrantica.com/perfume/Initio-Parfums-Prives/Oud-for-Greatness-53641.html,https://fimgs.net/mdimg/perfume-thumbs/dark-375x500.53641.avif,perfume-images/53641.avif,DOWNLOADED,image/avif
4522,2659-MNT,Sensual Instinct Montale,53675,https://www.fragrantica.com/perfume/Montale/Sensual-Instinct-53675.html,https://fimgs.net/mdimg/perfume-thumbs/dark-375x500.53675.avif,perfume-images/53675.avif,DOWNLOADED,image/avif
3372,1926-KOS,L'AMOUR - THOMAS KOSMALA,53742,https://www.fragrantica.com/perfume/Thomas-Kosmala/No-4-Apres-l-Amour-Eau-de-Parfum-53742.html,https://fimgs.net/mdimg/perfume-thumbs/dark-375x500.53742.avif,perfume-images/53742.avif,DOWNLOADED,image/avif
2620,1764-GUR,AQUA ALLEGORIA COCONUT FIZZ - GUERLAIN,53806,https://www.fragrantica.com/perfume/Guerlain/Aqua-Allegoria-Coconut-Fizz-53806.html,https://fimgs.net/mdimg/perfume-thumbs/dark-375x500.53806.avif,perfume-images/53806.avif,DOWNLOADED,image/avif
2604,1750-LTN,notes,53945,https://www.fragrantica.com/perfume/Louis-Vuitton/Sun-Song-53945.html,https://fimgs.net/mdimg/perfume-thumbs/dark-375x500.53945.avif,perfume-images/53945.avif,DOWNLOADED,image/avif
3490,2109-LTN,notes,53946,https://www.fragrantica.com/perfume/Louis-Vuitton/Cactus-Garden-53946.html,https://fimgs.net/mdimg/perfume-thumbs/dark-375x500.53946.avif,perfume-images/53946.avif,DOWNLOADED,image/avif
3117,1998-LTN,Citrus,53947,https://www.fragrantica.com/perfume/Louis-Vuitton/Afternoon-Swim-53947.html,https://fimgs.net/mdimg/perfume-thumbs/dark-375x500.53947.avif,perfume-images/53947.avif,DOWNLOADED,image/avif
4237,2488-ANN,Fantasia Mermaid Anna Sui,54060,https://www.fragrantica.com/perfume/Anna-Sui/Fantasia-Mermaid-54060.html,https://fimgs.net/mdimg/perfume-thumbs/dark-375x500.54060.avif,perfume-images/54060.avif,DOWNLOADED,image/avif
2317,1551-VICT,TEASE DREAMER - VICTORIA'S SECRET,54073,https://www.fragrantica.com/perfume/Victoria-s-Secret/Tease-Dreamer-54073.html,https://fimgs.net/mdimg/perfume-thumbs/dark-375x500.54073.avif,perfume-images/54073.avif,DOWNLOADED,image/avif
3909,2260-BON,GREENWICH VILLAGE - BOND,54157,https://www.fragrantica.com/perfume/Bond-No-9/Greenwich-Village-54157.html,https://fimgs.net/mdimg/perfume-thumbs/dark-375x500.54157.avif,perfume-images/54157.avif,DOWNLOADED,image/avif
2081,789-LAN,MAGNOLIA ROSAE,54193,https://www.fragrantica.com/perfume/Lancome/Magnolia-Rosae-54193.html,https://fimgs.net/mdimg/perfume-thumbs/dark-375x500.54193.avif,perfume-images/54193.avif,DOWNLOADED,image/avif
4081,2360-ARM,CODE ABSOLU FEMME,54302,https://www.fragrantica.com/perfume/Giorgio-Armani/Armani-Code-Absolu-Femme-54302.html,https://fimgs.net/mdimg/perfume-thumbs/dark-375x500.54302.avif,perfume-images/54302.avif,DOWNLOADED,image/avif
2095,1228-PAC,INVICTUS LEGEND,54323,https://www.fragrantica.com/perfume/Rabanne/Invictus-Legend-54323.html,https://fimgs.net/mdimg/perfume-thumbs/dark-375x500.54323.avif,perfume-images/54323.avif,DOWNLOADED,image/avif
3461,1931-TMFO,LAVENDER EXTREME,54381,https://www.fragrantica.com/perfume/Tom-Ford/Lavender-Extreme-54381.html,https://fimgs.net/mdimg/perfume-thumbs/dark-375x500.54381.avif,perfume-images/54381.avif,DOWNLOADED,image/avif
1888,252-JOM,Frangipani Flower Cologne Jo Malone,54458,https://www.fragrantica.com/perfume/Jo-Malone-London/Frangipani-Flower-Cologne-54458.html,https://fimgs.net/mdimg/perfume-thumbs/dark-375x500.54458.avif,perfume-images/54458.avif,DOWNLOADED,image/avif
4102,2347-AMG,Portrayal Man,54460,https://www.fragrantica.com/perfume/Amouage/Portrayal-Man-54460.html,https://fimgs.net/mdimg/perfume-thumbs/dark-375x500.54460.avif,perfume-images/54460.avif,DOWNLOADED,image/avif
2699,1823-DOL,LIGHT BLUE SUN,54493,https://www.fragrantica.com/perfume/Dolce-Gabbana/Light-Blue-Sun-54493.html,https://fimgs.net/mdimg/perfume-thumbs/dark-375x500.54493.avif,perfume-images/54493.avif,DOWNLOADED,image/avif
2122,150-PARF,CASSILI - PARFUMS DE MARLY,54660,https://www.fragrantica.com/perfume/Parfums-de-Marly/Cassili-54660.html,https://fimgs.net/mdimg/perfume-thumbs/dark-375x500.54660.avif,perfume-images/54660.avif,DOWNLOADED,image/avif
2233,161-PEN,CAIRO,54665,https://www.fragrantica.com/perfume/Penhaligon-s/Cairo-54665.html,https://fimgs.net/mdimg/perfume-thumbs/dark-375x500.54665.avif,perfume-images/54665.avif,DOWNLOADED,image/avif
2939,1946-MARC,GANYMEDE - MARC ANTOINE BARROIS,54720,https://www.fragrantica.com/perfume/Marc-Antoine-Barrois/Ganymede-54720.html,https://fimgs.net/mdimg/perfume-thumbs/dark-375x500.54720.avif,perfume-images/54720.avif,DOWNLOADED,image/avif
2211,454-BYR,SUNDAZED,54747,https://www.fragrantica.com/perfume/Byredo/Sundazed-54747.html,https://fimgs.net/mdimg/perfume-thumbs/dark-375x500.54747.avif,perfume-images/54747.avif,DOWNLOADED,image/avif
3969,2337-LEL,TABAC 28 MIAMI- LE LABO,54784,https://www.fragrantica.com/perfume/Le-Labo/Tabac-28-Miami-54784.html,https://fimgs.net/mdimg/perfume-thumbs/dark-375x500.54784.avif,perfume-images/54784.avif,DOWNLOADED,image/avif
2336,1618-NISH,ANI - NISHANE,54785,https://www.fragrantica.com/perfume/Nishane/Ani-54785.html,https://fimgs.net/mdimg/perfume-thumbs/dark-375x500.54785.avif,perfume-images/54785.avif,DOWNLOADED,image/avif
2606,1752-JUL,VANILLA VIBES - JULIETTE HAS A GUN,54878,https://www.fragrantica.com/perfume/Juliette-Has-A-Gun/Vanilla-Vibes-54878.html,https://fimgs.net/mdimg/perfume-thumbs/dark-375x500.54878.avif,perfume-images/54878.avif,DOWNLOADED,image/avif
3366,1985-WID,GOLD II SAHARA - WIDIAN,54883,https://www.fragrantica.com/perfume/WIDIAN/Gold-II-Sahara-54883.html,https://fimgs.net/mdimg/perfume-thumbs/dark-375x500.54883.avif,perfume-images/54883.avif,DOWNLOADED,image/avif
3470,2074-MAN,INSTANT CRUSH - MANCERA,54885,https://www.fragrantica.com/perfume/Mancera/Instant-Crush-54885.html,https://fimgs.net/mdimg/perfume-thumbs/dark-375x500.54885.avif,perfume-images/54885.avif,DOWNLOADED,image/avif
4119,2390-ANFAS,ISHQ - ANFAS,54903,https://www.fragrantica.com/perfume/Anfas/Ishq-54903.html,https://fimgs.net/mdimg/perfume-thumbs/dark-375x500.54903.avif,perfume-images/54903.avif,DOWNLOADED,image/avif
3833,2242-THESPD,TURATH - THE SPIRIT OF DUBAI,55003,https://www.fragrantica.com/p/55003,https://fimgs.net/mdimg/perfume-thumbs/dark-375x500.55003.avif,perfume-images/55003.avif,DOWNLOADED,image/avif
4085,2359-XER,Accento,55156,https://www.fragrantica.com/perfume/Xerjoff/Accento-55156.html,https://fimgs.net/mdimg/perfume-thumbs/dark-375x500.55156.avif,perfume-images/55156.avif,DOWNLOADED,image/avif
2799,1887-XER,ERBA PURA,55157,https://www.fragrantica.com/perfume/Xerjoff/Erba-Pura-55157.html,https://fimgs.net/mdimg/perfume-thumbs/dark-375x500.55157.avif,perfume-images/55157.avif,DOWNLOADED,image/avif
4146,2420-XER,Laylati,55159,https://www.fragrantica.com/perfume/Xerjoff/Laylati-55159.html,https://fimgs.net/mdimg/perfume-thumbs/dark-375x500.55159.avif,perfume-images/55159.avif,DOWNLOADED,image/avif
4144,2422-XER,Soprano,55160,https://www.fragrantica.com/perfume/Xerjoff/Soprano-55160.html,https://fimgs.net/mdimg/perfume-thumbs/dark-375x500.55160.avif,perfume-images/55160.avif,DOWNLOADED,image/avif
4227,2506-XER,MUSE,55161,https://www.fragrantica.com/perfume/Xerjoff/Muse-55161.html,https://fimgs.net/mdimg/perfume-thumbs/dark-375x500.55161.avif,perfume-images/55161.avif,DOWNLOADED,image/avif
4145,2421-XER,Opera,55162,https://www.fragrantica.com/perfume/Xerjoff/Opera-55162.html,https://fimgs.net/mdimg/perfume-thumbs/dark-375x500.55162.avif,perfume-images/55162.avif,DOWNLOADED,image/avif
4211,2497-XER,Wardasina,55163,https://www.fragrantica.com/perfume/Xerjoff/Wardasina-55163.html,https://fimgs.net/mdimg/perfume-thumbs/dark-375x500.55163.avif,perfume-images/55163.avif,DOWNLOADED,image/avif
4118,2389-DOL,VELVET ORIENTAL MUSK,55167,https://www.fragrantica.com/perfume/Dolce-Gabbana/Velvet-Oriental-Musk-55167.html,https://fimgs.net/mdimg/perfume-thumbs/dark-375x500.55167.avif,perfume-images/55167.avif,DOWNLOADED,image/avif
4199,2465-PAC,STRONG ME,55189,https://www.fragrantica.com/perfume/Rabanne/Strong-Me-55189.html,https://fimgs.net/mdimg/perfume-thumbs/dark-375x500.55189.avif,perfume-images/55189.avif,DOWNLOADED,image/avif
2196,109-ARM,MUSC SHAMAL,55282,https://www.fragrantica.com/perfume/Giorgio-Armani/Musc-Shamal-55282.html,https://fimgs.net/mdimg/perfume-thumbs/dark-375x500.55282.avif,perfume-images/55282.avif,DOWNLOADED,image/avif
3936,2285-BOT,ILLUSIONE FOR HER - BOTTEGA VENETA,55300,https://www.fragrantica.com/perfume/Bottega-Veneta/Illusione-for-Her-55300.html,https://fimgs.net/mdimg/perfume-thumbs/dark-375x500.55300.avif,perfume-images/55300.avif,DOWNLOADED,image/avif
5016,2775-BOT,Illusione for Him for men,55301,https://www.fragrantica.com/perfume/Bottega-Veneta/Illusione-for-Him-55301.html,https://fimgs.net/mdimg/perfume-thumbs/dark-375x500.55301.avif,perfume-images/55301.avif,DOWNLOADED,image/avif
4321,2487-PEN,Terrible Teddy,55441,https://www.fragrantica.com/perfume/Penhaligon-s/Terrible-Teddy-55441.html,https://fimgs.net/mdimg/perfume-thumbs/dark-375x500.55441.avif,perfume-images/55441.avif,DOWNLOADED,image/avif
1795,1058-CAR,BAD BOY,55449,https://www.fragrantica.com/perfume/Carolina-Herrera/Bad-Boy-55449.html,https://fimgs.net/mdimg/perfume-thumbs/dark-375x500.55449.avif,perfume-images/55449.avif,DOWNLOADED,image/avif
1891,353-TMFO,METALLIQUE,55766,https://www.fragrantica.com/perfume/Tom-Ford/Metallique-55766.html,https://fimgs.net/mdimg/perfume-thumbs/dark-375x500.55766.avif,perfume-images/55766.avif,DOWNLOADED,image/avif
2295,1536-BOA,HEROINE for women,55770,https://www.fragrantica.com/p/55770,https://fimgs.net/mdimg/perfume-thumbs/dark-375x500.55770.avif,perfume-images/55770.avif,DOWNLOADED,image/avif
2351,1624-XER,LA CAPITALE,55782,https://www.fragrantica.com/perfume/Xerjoff/La-Capitale-55782.html,https://fimgs.net/mdimg/perfume-thumbs/dark-375x500.55782.avif,perfume-images/55782.avif,DOWNLOADED,image/avif
2053,1178-GUL,LE BEAU,55785,https://www.fragrantica.com/perfume/Jean-Paul-Gaultier/Le-Beau-55785.html,https://fimgs.net/mdimg/perfume-thumbs/dark-375x500.55785.avif,perfume-images/55785.avif,DOWNLOADED,image/avif
1822,722-GUL,La Belle,55786,https://www.fragrantica.com/perfume/Jean-Paul-Gaultier/La-Belle-55786.html,https://fimgs.net/mdimg/perfume-thumbs/dark-375x500.55786.avif,perfume-images/55786.avif,DOWNLOADED,image/avif
2082,861-PAC,LADY MILLION EMPIRE,55787,https://www.fragrantica.com/perfume/Rabanne/Lady-Million-Empire-55787.html,https://fimgs.net/mdimg/perfume-thumbs/dark-375x500.55787.avif,perfume-images/55787.avif,DOWNLOADED,image/avif
1794,780-LAN,IDOLE,55795,https://www.fragrantica.com/perfume/Lancome/Idole-55795.html,https://fimgs.net/mdimg/perfume-thumbs/dark-375x500.55795.avif,perfume-images/55795.avif,DOWNLOADED,image/avif
2198,937-VAL,DONNA BORN IN ROMA - VALENTINO,55805,https://www.fragrantica.com/perfume/Valentino/Valentino-Donna-Born-In-Roma-55805.html,https://fimgs.net/mdimg/perfume-thumbs/dark-375x500.55805.avif,perfume-images/55805.avif,DOWNLOADED,image/avif
4016,2352-MOS,TOY BOY - MOSCHINO,55858,https://www.fragrantica.com/perfume/Moschino/Toy-Boy-55858.html,https://fimgs.net/mdimg/perfume-thumbs/dark-375x500.55858.avif,perfume-images/55858.avif,DOWNLOADED,image/avif
4151,2428-MARG,COFFEE BREAK,55926,https://www.fragrantica.com/perfume/Maison-Martin-Margiela/Coffee-Break-55926.html,https://fimgs.net/mdimg/perfume-thumbs/dark-375x500.55926.avif,perfume-images/55926.avif,DOWNLOADED,image/avif
2287,1484-VAL,UOMO BORN IN ROMA - VALENTINO,55963,https://www.fragrantica.com/perfume/Valentino/Valentino-Uomo-Born-in-Roma-55963.html,https://fimgs.net/mdimg/perfume-thumbs/dark-375x500.55963.avif,perfume-images/55963.avif,DOWNLOADED,image/avif
3597,2152-XER,Apollonia,55970,https://www.fragrantica.com/perfume/Xerjoff/Apollonia-55970.html,https://fimgs.net/mdimg/perfume-thumbs/dark-375x500.55970.avif,perfume-images/55970.avif,DOWNLOADED,image/avif
4426,2599-ACQ,Sandalo Eau de Parfum,56002,https://www.fragrantica.com/perfume/Acqua-di-Parma/Sandalo-Eau-de-Parfum-56002.html,https://fimgs.net/mdimg/perfume-thumbs/dark-375x500.56002.avif,perfume-images/56002.avif,DOWNLOADED,image/avif
4152,2418-ACQ,VANIGLIA SIGNATURE,56003,https://www.fragrantica.com/perfume/Acqua-di-Parma/Vaniglia-Eau-de-Parfum-56003.html,https://fimgs.net/mdimg/perfume-thumbs/dark-375x500.56003.avif,perfume-images/56003.avif,DOWNLOADED,image/avif
3930,2294-ACQ,YUZU EAU DE PARFUM,56004,https://www.fragrantica.com/perfume/Acqua-di-Parma/Yuzu-Eau-de-Parfum-56004.html,https://fimgs.net/mdimg/perfume-thumbs/dark-375x500.56004.avif,perfume-images/56004.avif,DOWNLOADED,image/avif
3931,2293-ACQ,SAKURA EAU DE PARFUM,56007,https://www.fragrantica.com/perfume/Acqua-di-Parma/Sakura-Eau-de-Parfum-56007.html,https://fimgs.net/mdimg/perfume-thumbs/dark-375x500.56007.avif,perfume-images/56007.avif,DOWNLOADED,image/avif
2250,1531-PARF,KALAN - PARFUMS DE MARLY,56036,https://www.fragrantica.com/perfume/Parfums-de-Marly/Kalan-56036.html,https://fimgs.net/mdimg/perfume-thumbs/dark-375x500.56036.avif,perfume-images/56036.avif,DOWNLOADED,image/avif
3512,2129-SOL,BRAZILIAN CRUSH CHEIROSA 62 - SOL DE JANEIRO,56062,https://www.fragrantica.com/perfume/Sol-de-Janeiro/Cheirosa-62-56062.html,https://fimgs.net/mdimg/perfume-thumbs/dark-375x500.56062.avif,perfume-images/56062.avif,DOWNLOADED,image/avif
1793,981-YZLO,LIBRE,56077,https://www.fragrantica.com/perfume/Yves-Saint-Laurent/Libre-56077.html,https://fimgs.net/mdimg/perfume-thumbs/dark-375x500.56077.avif,perfume-images/56077.avif,DOWNLOADED,image/avif
2294,1538-FRE,THE MOON,56095,https://www.fragrantica.com/perfume/Frederic-Malle/The-Moon-56095.html,https://fimgs.net/mdimg/perfume-thumbs/dark-375x500.56095.avif,perfume-images/56095.avif,DOWNLOADED,image/avif
1819,854-NIN,otes of NINA ROUGE,56162,https://www.fragrantica.com/perfume/Nina-Ricci/Nina-Rouge-56162.html,https://fimgs.net/mdimg/perfume-thumbs/dark-375x500.56162.avif,perfume-images/56162.avif,DOWNLOADED,image/avif
2935,1924-PARF,SEDLEY - PARFUMS DE MARLY,56273,https://www.fragrantica.com/perfume/Parfums-de-Marly/Sedley-56273.html,https://fimgs.net/mdimg/perfume-thumbs/dark-375x500.56273.avif,perfume-images/56273.avif,DOWNLOADED,image/avif
3958,,Sauvage Parfum,56324,https://www.fragrantica.com/perfume/Dior/Sauvage-Parfum-56324.html,https://fimgs.net/mdimg/perfume-thumbs/dark-375x500.56324.avif,perfume-images/56324.avif,DOWNLOADED,image/avif
4238,2489-KKWI,Red Lips KKW,56352,https://www.fragrantica.com/p/56352,https://fimgs.net/mdimg/perfume-thumbs/dark-375x500.56352.avif,perfume-images/56352.avif,DOWNLOADED,image/avif
1817,1094-DOL,K KING (2019),56358,https://www.fragrantica.com/perfume/Dolce-Gabbana/K-by-Dolce-Gabbana-56358.html,https://fimgs.net/mdimg/perfume-thumbs/dark-375x500.56358.avif,perfume-images/56358.avif,DOWNLOADED,image/avif
2398,1671-KIL,ROLLING IN LOVE - KILIAN,56402,https://www.fragrantica.com/perfume/By-Kilian/Rolling-in-Love-56402.html,https://fimgs.net/mdimg/perfume-thumbs/dark-375x500.56402.avif,perfume-images/56402.avif,DOWNLOADED,image/avif
3962,2311-YVRO,PLAIN SOLEIL - YVES ROCHER,56457,https://www.fragrantica.com/p/56457,https://fimgs.net/mdimg/perfume-thumbs/dark-375x500.56457.avif,perfume-images/56457.avif,DOWNLOADED,image/avif
2320,1557-FRE,ROSE & CUIR,56516,https://www.fragrantica.com/p/56516,https://fimgs.net/mdimg/perfume-thumbs/dark-375x500.56516.avif,perfume-images/56516.avif,DOWNLOADED,image/avif
4418,2610-JUL,Not A Perfume Superdose - Juliette Has A Gun,56679,https://www.fragrantica.com/perfume/Juliette-Has-A-Gun/Not-A-Perfume-Superdose-56679.html,https://fimgs.net/mdimg/perfume-thumbs/dark-375x500.56679.avif,perfume-images/56679.avif,DOWNLOADED,image/avif
4651,2691-SOL,Cheirosa '39 Sol de Janeiro,56681,https://www.fragrantica.com/perfume/Sol-de-Janeiro/Cheirosa-39-56681.html,https://fimgs.net/mdimg/perfume-thumbs/dark-375x500.56681.avif,perfume-images/56681.avif,DOWNLOADED,image/avif
2321,1556-CHA,COROMANDEL PARFUM,56712,https://www.fragrantica.com/perfume/Chanel/Coromandel-Parfum-56712.html,https://fimgs.net/mdimg/perfume-thumbs/dark-375x500.56712.avif,perfume-images/56712.avif,DOWNLOADED,image/avif
2244,1548-TMFO,SOLEIL NIEGE,56737,https://www.fragrantica.com/perfume/Tom-Ford/Soleil-Neige-56737.html,https://fimgs.net/mdimg/perfume-thumbs/dark-375x500.56737.avif,perfume-images/56737.avif,DOWNLOADED,image/avif
4179,2413-ARIA,THANK U NEXT - ARIANA GRANDE,56741,https://www.fragrantica.com/perfume/Ariana-Grande/Thank-U-Next-56741.html,https://fimgs.net/mdimg/perfume-thumbs/dark-375x500.56741.avif,perfume-images/56741.avif,DOWNLOADED,image/avif
2601,1747-VICT,BARE VANILLA - VICTORIA SECRET,56836,https://www.fragrantica.com/perfume/Victoria-s-Secret/Bare-Vanilla-56836.html,https://fimgs.net/mdimg/perfume-thumbs/dark-375x500.56836.avif,perfume-images/56836.avif,DOWNLOADED,image/avif
1930,967-VICT,VELVET PETALS- VICTORIA'S SECRET,56837,https://www.fragrantica.com/perfume/Victoria-s-Secret/Velvet-Petals-56837.html,https://fimgs.net/mdimg/perfume-thumbs/dark-375x500.56837.avif,perfume-images/56837.avif,DOWNLOADED,image/avif
1877,453-BYR,Slow Dance,57007,https://www.fragrantica.com/perfume/Byredo/Slow-Dance-57007.html,https://fimgs.net/mdimg/perfume-thumbs/dark-375x500.57007.avif,perfume-images/57007.avif,DOWNLOADED,image/avif
4592,2682-BDIK,Gris Charnel BDK Parfums,57038,https://www.fragrantica.com/perfume/BDK-Parfums/Gris-Charnel-57038.html,https://fimgs.net/mdimg/perfume-thumbs/dark-375x500.57038.avif,perfume-images/57038.avif,DOWNLOADED,image/avif
2600,1746-XER,ALEXANDRIA III,57363,https://www.fragrantica.com/perfume/Xerjoff/Alexandria-III-57363.html,https://fimgs.net/mdimg/perfume-thumbs/dark-375x500.57363.avif,perfume-images/57363.avif,DOWNLOADED,image/avif
2315,1553-MNT,ARABIANS TONKA - MONTALE,57384,https://www.fragrantica.com/perfume/Montale/Arabians-Tonka-57384.html,https://fimgs.net/mdimg/perfume-thumbs/dark-375x500.57384.avif,perfume-images/57384.avif,DOWNLOADED,image/avif
4212,2491-LEL,BAIE 19 - LE LABO,57513,https://www.fragrantica.com/perfume/Le-Labo/Baie-19-57513.html,https://fimgs.net/mdimg/perfume-thumbs/dark-375x500.57513.avif,perfume-images/57513.avif,DOWNLOADED,image/avif
2224,121-INI,ATOMIC ROSE - INITIO PERFUME,57587,https://www.fragrantica.com/perfume/Initio-Parfums-Prives/Atomic-Rose-57587.html,https://fimgs.net/mdimg/perfume-thumbs/dark-375x500.57587.avif,perfume-images/57587.avif,DOWNLOADED,image/avif
4099,2363-VER,SANTAL BOISE,57700,https://www.fragrantica.com/perfume/Versace/Santal-Boise-57700.html,https://fimgs.net/mdimg/perfume-thumbs/dark-375x500.57700.avif,perfume-images/57700.avif,DOWNLOADED,image/avif
3923,1925-PEN,BABYLON,57835,https://www.fragrantica.com/perfume/Penhaligon-s/Babylon-57835.html,https://fimgs.net/mdimg/perfume-thumbs/dark-375x500.57835.avif,perfume-images/57835.avif,DOWNLOADED,image/avif
4156,2430-CELI,2430 celi ν,57918,https://www.fragrantica.com/perfume/Celine/Parade-57918.html,https://fimgs.net/mdimg/perfume-thumbs/dark-375x500.57918.avif,perfume-images/57918.avif,DOWNLOADED,image/avif
4787,2725-CELI,Reptile Celine,57924,https://www.fragrantica.com/perfume/Celine/Reptile-57924.html,https://fimgs.net/mdimg/perfume-thumbs/dark-375x500.57924.avif,perfume-images/57924.avif,DOWNLOADED,image/avif
4750,2666-CELI,Black Tie Celine,57925,https://www.fragrantica.com/perfume/Celine/Black-Tie-57925.html,https://fimgs.net/mdimg/perfume-thumbs/dark-375x500.57925.avif,perfume-images/57925.avif,DOWNLOADED,image/avif
5017,2776-CELI,Nightclubbing Celine,57926,https://www.fragrantica.com/perfume/Celine/Nightclubbing-57926.html,https://fimgs.net/mdimg/perfume-thumbs/dark-375x500.57926.avif,perfume-images/57926.avif,DOWNLOADED,image/avif
3505,2036-GIS,,58226,https://www.fragrantica.com/perfume/Gisada/Ambassador-Men-58226.html,https://fimgs.net/mdimg/perfume-thumbs/dark-375x500.58226.avif,perfume-images/58226.avif,DOWNLOADED,image/avif
3573,2140-XER,Starlight,58246,https://www.fragrantica.com/perfume/Xerjoff/Starlight-58246.html,https://fimgs.net/mdimg/perfume-thumbs/dark-375x500.58246.avif,perfume-images/58246.avif,DOWNLOADED,image/avif
2103,975-YZLO,ATLAS GARDEN,58274,https://www.fragrantica.com/perfume/Yves-Saint-Laurent/Atlas-Garden-58274.html,https://fimgs.net/mdimg/perfume-thumbs/dark-375x500.58274.avif,perfume-images/58274.avif,DOWNLOADED,image/avif
2086,296-JOM,Vetiver & Golden Vanilla Jo Malone,58393,https://www.fragrantica.com/perfume/Jo-Malone-London/Vetiver-Golden-Vanilla-58393.html,https://fimgs.net/mdimg/perfume-thumbs/dark-375x500.58393.avif,perfume-images/58393.avif,DOWNLOADED,image/avif
2052,601-ESC,FLOR DEL SOL - ESCADA,58398,https://www.fragrantica.com/perfume/Escada/Flor-del-Sol-58398.html,https://fimgs.net/mdimg/perfume-thumbs/dark-375x500.58398.avif,perfume-images/58398.avif,DOWNLOADED,image/avif
2213,896-RCAV,SPLENDID VANILLA - ROBERTO CAVALLI,58538,https://www.fragrantica.com/perfume/Roberto-Cavalli/Splendid-Vanilla-58538.html,https://fimgs.net/mdimg/perfume-thumbs/dark-375x500.58538.avif,perfume-images/58538.avif,DOWNLOADED,image/avif
2075,539-DRC,MISS ROSE & ROSES,58562,https://www.fragrantica.com/perfume/Dior/Miss-Dior-Rose-N-Roses-58562.html,https://fimgs.net/mdimg/perfume-thumbs/dark-375x500.58562.avif,perfume-images/58562.avif,DOWNLOADED,image/avif
2405,1678-BYR,SELLIER,58572,https://www.fragrantica.com/perfume/Byredo/Sellier-58572.html,https://fimgs.net/mdimg/perfume-thumbs/dark-375x500.58572.avif,perfume-images/58572.avif,DOWNLOADED,image/avif
2409,1680-DRC,ROUGE TRAFALGAR,58665,https://www.fragrantica.com/perfume/Dior/Rouge-Trafalgar-58665.html,https://fimgs.net/mdimg/perfume-thumbs/dark-375x500.58665.avif,perfume-images/58665.avif,DOWNLOADED,image/avif
2282,1490-DRC,HOMME 2020,58714,https://www.fragrantica.com/perfume/Dior/Dior-Homme-2020-58714.html,https://fimgs.net/mdimg/perfume-thumbs/dark-375x500.58714.avif,perfume-images/58714.avif,DOWNLOADED,image/avif
2077,659-ARM,SI PASSIONE INTENSE,58737,https://www.fragrantica.com/perfume/Giorgio-Armani/Si-Passione-Intense-58737.html,https://fimgs.net/mdimg/perfume-thumbs/dark-375x500.58737.avif,perfume-images/58737.avif,DOWNLOADED,image/avif
2193,367-TMFO,ROSE PRICK,58781,https://www.fragrantica.com/perfume/Tom-Ford/Rose-Prick-58781.html,https://fimgs.net/mdimg/perfume-thumbs/dark-375x500.58781.avif,perfume-images/58781.avif,DOWNLOADED,image/avif
2251,1516-LAN,LA NUIT TRESOR NUDE,58825,https://www.fragrantica.com/perfume/Lancome/La-Nuit-Tresor-Nude-58825.html,https://fimgs.net/mdimg/perfume-thumbs/dark-375x500.58825.avif,perfume-images/58825.avif,DOWNLOADED,image/avif
5061,2792-AJMA,Musk Silk Ajmal,58837,https://www.fragrantica.com/perfume/Ajmal/Musk-Silk-58837.html,https://fimgs.net/mdimg/perfume-thumbs/dark-375x500.58837.avif,perfume-images/58837.avif,DOWNLOADED,image/avif
2732,194-ARM,THE YULONG,58907,https://www.fragrantica.com/perfume/Giorgio-Armani/The-Yulong-58907.html,https://fimgs.net/mdimg/perfume-thumbs/dark-375x500.58907.avif,perfume-images/58907.avif,DOWNLOADED,image/avif
2755,1851-ARM,JASMIN KUSAMONO,58909,https://www.fragrantica.com/perfume/Giorgio-Armani/Jasmin-Kusamono-58909.html,https://fimgs.net/mdimg/perfume-thumbs/dark-375x500.58909.avif,perfume-images/58909.avif,DOWNLOADED,image/avif
3789,2203-ARM,ROSE MILANO,58911,https://www.fragrantica.com/perfume/Giorgio-Armani/Rose-Milano-58911.html,https://fimgs.net/mdimg/perfume-thumbs/dark-375x500.58911.avif,perfume-images/58911.avif,DOWNLOADED,image/avif
3795,2215-CAR,GOOD GIRL FANTASTIC PINK,58923,https://www.fragrantica.com/perfume/Carolina-Herrera/Good-Girl-Fantastic-Pink-58923.html,https://fimgs.net/mdimg/perfume-thumbs/dark-375x500.58923.avif,perfume-images/58923.avif,DOWNLOADED,image/avif
2785,1875-ESCE,,58969,https://www.fragrantica.com/p/58969,https://fimgs.net/mdimg/perfume-thumbs/dark-375x500.58969.avif,perfume-images/58969.avif,DOWNLOADED,image/avif
2754,1857-ESCE,ESCENTRIC 05 - ESCENTRIC MOLECULES,58970,https://www.fragrantica.com/p/58970,https://fimgs.net/mdimg/perfume-thumbs/dark-375x500.58970.avif,perfume-images/58970.avif,DOWNLOADED,image/avif
2091,1046-CAL,EVERYONE - CK,59021,https://www.fragrantica.com/perfume/Calvin-Klein/CK-Everyone-Eau-de-Toilette-59021.html,https://fimgs.net/mdimg/perfume-thumbs/dark-375x500.59021.avif,perfume-images/59021.avif,DOWNLOADED,image/avif
4323,2502-MATIE,Parisian Musc Matiere Premiere,59063,https://www.fragrantica.com/perfume/Matiere-Premiere/Parisian-Musc-59063.html,https://fimgs.net/mdimg/perfume-thumbs/dark-375x500.59063.avif,perfume-images/59063.avif,DOWNLOADED,image/avif
3621,2153-KAY,DEJA VU WHITE FLOWER 57 - KAYALI,59093,https://www.fragrantica.com/perfume/Kayali-Fragrances/Deja-Vu-White-Flower-57-59093.html,https://fimgs.net/mdimg/perfume-thumbs/dark-375x500.59093.avif,perfume-images/59093.avif,DOWNLOADED,image/avif
2267,1507-HUG,ALIVE EAU DE PARFUM - BOSS,59228,https://www.fragrantica.com/perfume/Hugo-Boss/Boss-Alive-Eau-de-Parfum-59228.html,https://fimgs.net/mdimg/perfume-thumbs/dark-375x500.59228.avif,perfume-images/59228.avif,DOWNLOADED,image/avif
5012,2770-DOL,Pineapple,59231,https://www.fragrantica.com/perfume/Dolce-Gabbana/Pineapple-59231.html,https://fimgs.net/mdimg/perfume-thumbs/dark-375x500.59231.avif,perfume-images/59231.avif,DOWNLOADED,image/avif
2141,1505-EST,BRONZE GODDESS AZUR - ESTEE LAUDER,59242,https://www.fragrantica.com/perfume/Estee-Lauder/Bronze-Goddess-Azur-59242.html,https://fimgs.net/mdimg/perfume-thumbs/dark-375x500.59242.avif,perfume-images/59242.avif,DOWNLOADED,image/avif
2199,786-LAN,LA VIE EST BELLE INTENSEMENT,59326,https://www.fragrantica.com/perfume/Lancome/La-Vie-Est-Belle-Intensement-59326.html,https://fimgs.net/mdimg/perfume-thumbs/dark-375x500.59326.avif,perfume-images/59326.avif,DOWNLOADED,image/avif
349,1273-VER,DREAMER,59417,https://www.fragrantica.com/perfume/Versace/Versace-The-Dreamer-59417.html,https://fimgs.net/mdimg/perfume-thumbs/dark-375x500.59417.avif,perfume-images/59417.avif,DOWNLOADED,image/avif
3118,1996-LTN,notes,59485,https://www.fragrantica.com/perfume/Louis-Vuitton/Heures-d-Absence-59485.html,https://fimgs.net/mdimg/perfume-thumbs/dark-375x500.59485.avif,perfume-images/59485.avif,DOWNLOADED,image/avif
2200,1126-ARM,ACQUA DI GIO PROFONDO,59532,https://www.fragrantica.com/perfume/Giorgio-Armani/Acqua-di-Gio-Profondo-59532.html,https://fimgs.net/mdimg/perfume-thumbs/dark-375x500.59532.avif,perfume-images/59532.avif,DOWNLOADED,image/avif
2886,1913-CAR,SAFFRON LAZULI,59562,https://www.fragrantica.com/perfume/Carolina-Herrera/Saffron-Lazuli-59562.html,https://fimgs.net/mdimg/perfume-thumbs/dark-375x500.59562.avif,perfume-images/59562.avif,DOWNLOADED,image/avif
2882,1906-XER,SYMPHONIUM,59707,https://www.fragrantica.com/perfume/Xerjoff/Symphonium-59707.html,https://fimgs.net/mdimg/perfume-thumbs/dark-375x500.59707.avif,perfume-images/59707.avif,DOWNLOADED,image/avif
3115,2000-BLG,Kobraa,59754,https://www.fragrantica.com/perfume/Bvlgari/Kobraa-59754.html,https://fimgs.net/mdimg/perfume-thumbs/dark-375x500.59754.avif,perfume-images/59754.avif,DOWNLOADED,image/avif
2236,176-THAM,PEREGRINA - THAMEEN,59756,https://www.fragrantica.com/p/59756,https://fimgs.net/mdimg/perfume-thumbs/dark-375x500.59756.avif,perfume-images/59756.avif,DOWNLOADED,image/avif
2270,1479-HER,L'OMBRE DES MERVEILLES - HERMES,59799,https://www.fragrantica.com/perfume/Hermes/L-Ombre-Des-Merveilles-59799.html,https://fimgs.net/mdimg/perfume-thumbs/dark-375x500.59799.avif,perfume-images/59799.avif,DOWNLOADED,image/avif
5057,2606-ARM,Ocean di Gioia Giorgio Armani,59809,https://www.fragrantica.com/perfume/Giorgio-Armani/Ocean-di-Gioia-59809.html,https://fimgs.net/mdimg/perfume-thumbs/dark-375x500.59809.avif,perfume-images/59809.avif,DOWNLOADED,image/avif
4094,2339-KIL,GOOD GIRL GONE BAD EAU FRAICHE - KILIAN,59813,https://www.fragrantica.com/perfume/By-Kilian/Good-Girl-Gone-Bad-Eau-Fraiche-59813.html,https://fimgs.net/mdimg/perfume-thumbs/dark-375x500.59813.avif,perfume-images/59813.avif,DOWNLOADED,image/avif
4373,2555-BON,TriBeCa Bond No 9,59904,https://www.fragrantica.com/perfume/Bond-No-9/TriBeCa-59904.html,https://fimgs.net/mdimg/perfume-thumbs/dark-375x500.59904.avif,perfume-images/59904.avif,DOWNLOADED,image/avif
2428,1699-LTN,notes,60031,https://www.fragrantica.com/perfume/Louis-Vuitton/Nuit-de-Feu-60031.html,https://fimgs.net/mdimg/perfume-thumbs/dark-375x500.60031.avif,perfume-images/60031.avif,DOWNLOADED,image/avif
4770,2706-LUS,Let The Good Times Roll Lush,60072,https://www.fragrantica.com/perfume/Lush/Let-The-Good-Times-Roll-60072.html,https://fimgs.net/mdimg/perfume-thumbs/dark-375x500.60072.avif,perfume-images/60072.avif,DOWNLOADED,image/avif
2246,1519-YZLO,CAPELINE,60081,https://www.fragrantica.com/perfume/Yves-Saint-Laurent/Capeline-60081.html,https://fimgs.net/mdimg/perfume-thumbs/dark-375x500.60081.avif,perfume-images/60081.avif,DOWNLOADED,image/avif
3356,1974-MARG,BUBBLE BATH,60105,https://www.fragrantica.com/perfume/Maison-Martin-Margiela/Bubble-Bath-60105.html,https://fimgs.net/mdimg/perfume-thumbs/dark-375x500.60105.avif,perfume-images/60105.avif,DOWNLOADED,image/avif
2410,1676-CAL,EUPHORIA BLUSH - CALVIN KLEIN,60172,https://www.fragrantica.com/perfume/Calvin-Klein/Euphoria-Blush-60172.html,https://fimgs.net/mdimg/perfume-thumbs/dark-375x500.60172.avif,perfume-images/60172.avif,DOWNLOADED,image/avif
4261,2528-JER,Gozo Jeroboam,60300,https://www.fragrantica.com/p/60300,https://fimgs.net/mdimg/perfume-thumbs/dark-375x500.60300.avif,perfume-images/60300.avif,DOWNLOADED,image/avif
3566,2132-DRC,OUD ROSEWOOD,60318,https://www.fragrantica.com/perfume/Dior/Oud-Rosewood-60318.html,https://fimgs.net/mdimg/perfume-thumbs/dark-375x500.60318.avif,perfume-images/60318.avif,DOWNLOADED,image/avif
2783,1874-LTN,CALIFORNIA Citrus,60388,https://www.fragrantica.com/perfume/Louis-Vuitton/California-Dream-60388.html,https://fimgs.net/mdimg/perfume-thumbs/dark-375x500.60388.avif,perfume-images/60388.avif,DOWNLOADED,image/avif
3568,2134-MEM,OCEAN LEATHER - MEMO PARIS,60587,https://www.fragrantica.com/perfume/Memo-Paris/Ocean-Leather-60587.html,https://fimgs.net/mdimg/perfume-thumbs/dark-375x500.60587.avif,perfume-images/60587.avif,DOWNLOADED,image/avif
2878,1899-ZARK,THE MUSE - ZARKOPERFUME,60665,https://www.fragrantica.com/perfume/ZARKOPERFUME/The-Muse-60665.html,https://fimgs.net/mdimg/perfume-thumbs/dark-375x500.60665.avif,perfume-images/60665.avif,DOWNLOADED,image/avif
2248,1521-ZAD,GIRLS CAN BE CRAZY - ZADIG & VOLTAIRE,60794,https://www.fragrantica.com/p/60794,https://fimgs.net/mdimg/perfume-thumbs/dark-375x500.60794.avif,perfume-images/60794.avif,DOWNLOADED,image/avif
2275,1495-BRB,Her London Dream,60795,https://www.fragrantica.com/perfume/Burberry/Burberry-Her-London-Dream-60795.html,https://fimgs.net/mdimg/perfume-thumbs/dark-375x500.60795.avif,perfume-images/60795.avif,DOWNLOADED,image/avif
2411,1675-NRO,AMBREE - NARCISO RODRIGUEZ,60867,https://www.fragrantica.com/perfume/Narciso-Rodriguez/Narciso-Eau-de-Parfum-Ambree-60867.html,https://fimgs.net/mdimg/perfume-thumbs/dark-375x500.60867.avif,perfume-images/60867.avif,DOWNLOADED,image/avif
4109,2378-GOLD,2378 gold ν,60923,https://www.fragrantica.com/p/60923,https://fimgs.net/mdimg/perfume-thumbs/dark-375x500.60923.avif,perfume-images/60923.avif,DOWNLOADED,image/avif
3918,2268-AMG,Interlude Black Iris,60929,https://www.fragrantica.com/perfume/Amouage/Interlude-Black-Iris-60929.html,https://fimgs.net/mdimg/perfume-thumbs/dark-375x500.60929.avif,perfume-images/60929.avif,DOWNLOADED,image/avif
2080,726-GUL,SO SCANDAL,60942,https://www.fragrantica.com/perfume/Jean-Paul-Gaultier/So-Scandal-60942.html,https://fimgs.net/mdimg/perfume-thumbs/dark-375x500.60942.avif,perfume-images/60942.avif,DOWNLOADED,image/avif
2454,1726-MNTB,1726 mntb wp,60962,https://www.fragrantica.com/perfume/Montblanc/Signature-60962.html,https://fimgs.net/mdimg/perfume-thumbs/dark-375x500.60962.avif,perfume-images/60962.avif,DOWNLOADED,image/avif
2310,1537-CHA,LE LION,61036,https://www.fragrantica.com/perfume/Chanel/Le-Lion-Eau-de-Parfum-61036.html,https://fimgs.net/mdimg/perfume-thumbs/dark-375x500.61036.avif,perfume-images/61036.avif,DOWNLOADED,image/avif
4190,2459-MAN,SAHARIAN WIND - MANCERA,61044,https://www.fragrantica.com/perfume/Mancera/Saharian-Wind-61044.html,https://fimgs.net/mdimg/perfume-thumbs/dark-375x500.61044.avif,perfume-images/61044.avif,DOWNLOADED,image/avif
2111,,red african al haramain perfumes original,61372,https://www.fragrantica.com/perfume/Al-Haramain-Perfumes/Red-African-61372.html,https://fimgs.net/mdimg/perfume-thumbs/dark-375x500.61372.avif,perfume-images/61372.avif,DOWNLOADED,image/avif
4413,2639-TRU,Donna Pink Marina,61387,https://www.fragrantica.com/perfume/Trussardi/Trussardi-Donna-Pink-Marina-61387.html,https://fimgs.net/mdimg/perfume-thumbs/dark-375x500.61387.avif,perfume-images/61387.avif,DOWNLOADED,image/avif
2150,922-TMU,ANGEL NOVA,61519,https://www.fragrantica.com/perfume/Mugler/Angel-Nova-61519.html,https://fimgs.net/mdimg/perfume-thumbs/dark-375x500.61519.avif,perfume-images/61519.avif,DOWNLOADED,image/avif
2240,164-PEN,HALFETI LEATHER,61523,https://www.fragrantica.com/perfume/Penhaligon-s/Halfeti-Leather-61523.html,https://fimgs.net/mdimg/perfume-thumbs/dark-375x500.61523.avif,perfume-images/61523.avif,DOWNLOADED,image/avif
4330,2525-CAR,Good Girl Supreme,61769,https://www.fragrantica.com/perfume/Carolina-Herrera/Good-Girl-Supreme-61769.html,https://fimgs.net/mdimg/perfume-thumbs/dark-375x500.61769.avif,perfume-images/61769.avif,DOWNLOADED,image/avif
2394,1674-KUR,L'HOMME A LA ROSE,61779,https://www.fragrantica.com/perfume/Maison-Francis-Kurkdjian/L-Homme-A-la-Rose-61779.html,https://fimgs.net/mdimg/perfume-thumbs/dark-375x500.61779.avif,perfume-images/61779.avif,DOWNLOADED,image/avif
3953,2308-GUL,LE MALE LE PARFUM,61856,https://www.fragrantica.com/perfume/Jean-Paul-Gaultier/Le-Male-Le-Parfum-61856.html,https://fimgs.net/mdimg/perfume-thumbs/dark-375x500.61856.avif,perfume-images/61856.avif,DOWNLOADED,image/avif
4182,2452-JOM,Cypress & Grapevine Cologne Intense,61928,https://www.fragrantica.com/perfume/Jo-Malone-London/Cypress-Grapevine-Cologne-Intense-61928.html,https://fimgs.net/mdimg/perfume-thumbs/dark-375x500.61928.avif,perfume-images/61928.avif,DOWNLOADED,image/avif
5019,2778-JOM,Fig & Lotus Flower,61929,https://www.fragrantica.com/perfume/Jo-Malone-London/Fig-Lotus-Flower-61929.html,https://fimgs.net/mdimg/perfume-thumbs/dark-375x500.61929.avif,perfume-images/61929.avif,DOWNLOADED,image/avif
4781,2719-FRAG,New York 5th Avenue Fragrance Du Bois,61946,https://www.fragrantica.com/p/61946,https://fimgs.net/mdimg/perfume-thumbs/dark-375x500.61946.avif,perfume-images/61946.avif,DOWNLOADED,image/avif
2123,654-ARM,MY WAY,62036,https://www.fragrantica.com/perfume/Giorgio-Armani/My-Way-62036.html,https://fimgs.net/mdimg/perfume-thumbs/dark-375x500.62036.avif,perfume-images/62036.avif,DOWNLOADED,image/avif
2396,1669-PARF,GREENLEY - PARFUMS DE MARLY,62101,https://www.fragrantica.com/perfume/Parfums-de-Marly/Greenley-62101.html,https://fimgs.net/mdimg/perfume-thumbs/dark-375x500.62101.avif,perfume-images/62101.avif,DOWNLOADED,image/avif
2276,1502-CHA,COCON MADEM L'EAU PRIVEE,62194,https://www.fragrantica.com/p/62194,https://fimgs.net/mdimg/perfume-thumbs/dark-375x500.62194.avif,perfume-images/62194.avif,DOWNLOADED,image/avif
4422,2627-LTN,notes,62251,https://www.fragrantica.com/perfume/Louis-Vuitton/Meteore-62251.html,https://fimgs.net/mdimg/perfume-thumbs/dark-375x500.62251.avif,perfume-images/62251.avif,DOWNLOADED,image/avif
5011,2772-DOL,K Eau de Parfum 2020 for men,62311,https://www.fragrantica.com/perfume/Dolce-Gabbana/K-by-Dolce-Gabbana-Eau-de-Parfum-62311.html,https://fimgs.net/mdimg/perfume-thumbs/dark-375x500.62311.avif,perfume-images/62311.avif,DOWNLOADED,image/avif
2280,1520-YZLO,LIBRE INTENSE,62318,https://www.fragrantica.com/perfume/Yves-Saint-Laurent/Libre-Intense-62318.html,https://fimgs.net/mdimg/perfume-thumbs/dark-375x500.62318.avif,perfume-images/62318.avif,DOWNLOADED,image/avif
3924,2275-ROJ,1819 - ROJA DOVE,62320,https://www.fragrantica.com/p/62320,https://fimgs.net/mdimg/perfume-thumbs/dark-375x500.62320.avif,perfume-images/62320.avif,DOWNLOADED,image/avif
2653,1785-LAN,IDOLE L'INTENSE,62333,https://www.fragrantica.com/perfume/Lancome/Idole-L-Intense-62333.html,https://fimgs.net/mdimg/perfume-thumbs/dark-375x500.62333.avif,perfume-images/62333.avif,DOWNLOADED,image/avif
4157,2429-JUL,2429 jul wp,62377,https://www.fragrantica.com/perfume/Juliette-Has-A-Gun/Musc-Invisible-62377.html,https://fimgs.net/mdimg/perfume-thumbs/dark-375x500.62377.avif,perfume-images/62377.avif,DOWNLOADED,image/avif
5055,2787-KAJ,Lamar Kajal,62571,https://www.fragrantica.com/perfume/Kajal/Lamar-62571.html,https://fimgs.net/mdimg/perfume-thumbs/dark-375x500.62571.avif,perfume-images/62571.avif,DOWNLOADED,image/avif
2266,1508-KIL,ANGELS SHARE - KILIAN,62615,https://www.fragrantica.com/perfume/By-Kilian/Angels-Share-62615.html,https://fimgs.net/mdimg/perfume-thumbs/dark-375x500.62615.avif,perfume-images/62615.avif,DOWNLOADED,image/avif
2676,1803-DRC,J'ADORE INFINISSIME,62638,https://www.fragrantica.com/perfume/Dior/J-Adore-Infinissime-62638.html,https://fimgs.net/mdimg/perfume-thumbs/dark-375x500.62638.avif,perfume-images/62638.avif,DOWNLOADED,image/avif
2245,1546-TMFO,BITTER PEACH,62707,https://www.fragrantica.com/perfume/Tom-Ford/Bitter-Peach-62707.html,https://fimgs.net/mdimg/perfume-thumbs/dark-375x500.62707.avif,perfume-images/62707.avif,DOWNLOADED,image/avif
2281,1478-HUG,BOSS BOTTLED EAU DE PARFUM - BOSS,62744,https://www.fragrantica.com/perfume/Hugo-Boss/Boss-Bottled-Eau-de-Parfum-62744.html,https://fimgs.net/mdimg/perfume-thumbs/dark-375x500.62744.avif,perfume-images/62744.avif,DOWNLOADED,image/avif
3676,2180-VAL,"VOCE VIVA INTENSEPerfume white floral, citrus, vanilla, mossy, sweet, earthy, powdery",62754,https://www.fragrantica.com/perfume/Valentino/Voce-Viva-62754.html,https://fimgs.net/mdimg/perfume-thumbs/dark-375x500.62754.avif,perfume-images/62754.avif,DOWNLOADED,image/avif
2347,1621-NAS,,62775,https://www.fragrantica.com/perfume/Nasomatto/Fantomas-62775.html,https://fimgs.net/mdimg/perfume-thumbs/dark-375x500.62775.avif,perfume-images/62775.avif,DOWNLOADED,image/avif
2319,1555-GUR,SHALIMAR PHILTRE DE PARFUM - GUERLAIN,62811,https://www.fragrantica.com/perfume/Guerlain/Shalimar-Philtre-de-Parfum-62811.html,https://fimgs.net/mdimg/perfume-thumbs/dark-375x500.62811.avif,perfume-images/62811.avif,DOWNLOADED,image/avif
4343,2590-BYRP,Mula Mula Rouge Extreme Byron Parfums,62827,https://www.fragrantica.com/perfume/Byron-Parfums/Mula-Mula-Rouge-Extreme-62827.html,https://fimgs.net/mdimg/perfume-thumbs/dark-375x500.62827.avif,perfume-images/62827.avif,DOWNLOADED,image/avif
5101,2833-AMG,MEANDER,62859,https://www.fragrantica.com/perfume/Amouage/Meander-62859.html,https://fimgs.net/mdimg/perfume-thumbs/dark-375x500.62859.avif,perfume-images/62859.avif,DOWNLOADED,image/avif
2249,1500-BYR,TOBACCO MANDARIN,63031,https://www.fragrantica.com/perfume/Byredo/Tobacco-Mandarin-63031.html,https://fimgs.net/mdimg/perfume-thumbs/dark-375x500.63031.avif,perfume-images/63031.avif,DOWNLOADED,image/avif
1404,104-ARB,KASHMIR - ARABIAN OUD,63057,https://www.fragrantica.com/perfume/Arabian-Oud/Kashmir-63057.html,https://fimgs.net/mdimg/perfume-thumbs/dark-375x500.63057.avif,perfume-images/63057.avif,DOWNLOADED,image/avif
4283,2567-SOL,Cheirosa '71 Sol de Janeiro,63079,https://www.fragrantica.com/perfume/Sol-de-Janeiro/Cheirosa-71-63079.html,https://fimgs.net/mdimg/perfume-thumbs/dark-375x500.63079.avif,perfume-images/63079.avif,DOWNLOADED,image/avif
3574,2142-PARF,PEGASUS EXCLUSIVE - PARFUMS DE MARLY,63100,https://www.fragrantica.com/perfume/Parfums-de-Marly/Pegasus-Exclusif-63100.html,https://fimgs.net/mdimg/perfume-thumbs/dark-375x500.63100.avif,perfume-images/63100.avif,DOWNLOADED,image/avif
4328,2548-RIT,Hammam Rituals,63387,https://www.fragrantica.com/perfume/Avgerinos/Hammam-63387.html,https://fimgs.net/mdimg/perfume-thumbs/dark-375x500.63387.avif,perfume-images/63387.avif,DOWNLOADED,image/avif
3987,2349-LOU,LOUBIROUGE,63439,https://www.fragrantica.com/perfume/Christian-Louboutin/Loubirouge-63439.html,https://fimgs.net/mdimg/perfume-thumbs/dark-375x500.63439.avif,perfume-images/63439.avif,DOWNLOADED,image/avif
3988,2350-LOU,Loubiraj is a Leather fragrance for women,63440,https://www.fragrantica.com/p/63440,https://fimgs.net/mdimg/perfume-thumbs/dark-375x500.63440.avif,perfume-images/63440.avif,DOWNLOADED,image/avif
4412,2636-YZLO,Black Opium Baby Cat Collector,63448,https://www.fragrantica.com/perfume/Yves-Saint-Laurent/Black-Opium-Baby-Cat-Collector-63448.html,https://fimgs.net/mdimg/perfume-thumbs/dark-375x500.63448.avif,perfume-images/63448.avif,DOWNLOADED,image/avif
2318,1554-VICT,BOMBSHELL GOLD - VICTORIA'S SECRET,63685,https://www.fragrantica.com/perfume/Victoria-s-Secret/Bombshell-Gold-63685.html,https://fimgs.net/mdimg/perfume-thumbs/dark-375x500.63685.avif,perfume-images/63685.avif,DOWNLOADED,image/avif
2672,1802-JOM,Midnight Musk & Amber by Jo Malone London,63920,https://www.fragrantica.com/perfume/Jo-Malone-London/Midnight-Musk-Amber-63920.html,https://fimgs.net/mdimg/perfume-thumbs/dark-375x500.63920.avif,perfume-images/63920.avif,DOWNLOADED,image/avif
2654,1787-JIM,i want choo jimmy,64015,https://www.fragrantica.com/perfume/Jimmy-Choo/I-Want-Choo-64015.html,https://fimgs.net/mdimg/perfume-thumbs/dark-375x500.64015.avif,perfume-images/64015.avif,DOWNLOADED,image/avif
2628,1776-MNT,DARK VANILLA - MONTALE,64050,https://www.fragrantica.com/perfume/Montale/Dark-Vanilla-64050.html,https://fimgs.net/mdimg/perfume-thumbs/dark-375x500.64050.avif,perfume-images/64050.avif,DOWNLOADED,image/avif
4202,2467-NISH,EGE / ΑΙΓΑΙΟ - Nishane,64092,https://www.fragrantica.com/p/64092,https://fimgs.net/mdimg/perfume-thumbs/dark-375x500.64092.avif,perfume-images/64092.avif,DOWNLOADED,image/avif
3499,2110-AMG,Interlude 53 Man,64153,https://www.fragrantica.com/perfume/Amouage/Interlude-53-Man-64153.html,https://fimgs.net/mdimg/perfume-thumbs/dark-375x500.64153.avif,perfume-images/64153.avif,DOWNLOADED,image/avif
2274,1522-ZAD,THIS IS US! - ZADIG & VOLTAIRE TYPE PERFUMEAmber Woody,64313,https://www.fragrantica.com/p/64313,https://fimgs.net/mdimg/perfume-thumbs/dark-375x500.64313.avif,perfume-images/64313.avif,DOWNLOADED,image/avif
3469,2073-LTN,notes,64314,https://www.fragrantica.com/perfume/Louis-Vuitton/Etoile-Filante-64314.html,https://fimgs.net/mdimg/perfume-thumbs/dark-375x500.64314.avif,perfume-images/64314.avif,DOWNLOADED,image/avif
4203,2468-ESPAR,BOIS IMPERIAL - ESSENTIAL PARFUMS,64338,https://www.fragrantica.com/perfume/Essential-Parfums/Bois-Imperial-64338.html,https://fimgs.net/mdimg/perfume-thumbs/dark-375x500.64338.avif,perfume-images/64338.avif,DOWNLOADED,image/avif
2284,1480-ARM,STRONGER WITH YOU ABSOLUTELY,64501,https://www.fragrantica.com/perfume/Giorgio-Armani/Emporio-Armani-Stronger-With-You-Absolutely-64501.html,https://fimgs.net/mdimg/perfume-thumbs/dark-375x500.64501.avif,perfume-images/64501.avif,DOWNLOADED,image/avif
2971,1956-JOM,Scarlet Poppy Intense Jo Malone,64551,https://www.fragrantica.com/perfume/Jo-Malone-London/Scarlet-Poppy-Intense-64551.html,https://fimgs.net/mdimg/perfume-thumbs/dark-375x500.64551.avif,perfume-images/64551.avif,DOWNLOADED,image/avif
4349,2596-PEN,Halfeti Cedar,64560,https://www.fragrantica.com/perfume/Penhaligon-s/Halfeti-Cedar-64560.html,https://fimgs.net/mdimg/perfume-thumbs/dark-375x500.64560.avif,perfume-images/64560.avif,DOWNLOADED,image/avif
2278,1515-LAN,LA NUIT TRESOR DENTELLE DE ROSES,64639,https://www.fragrantica.com/perfume/Lancome/La-Nuit-Tresor-Dentelle-de-Roses-64639.html,https://fimgs.net/mdimg/perfume-thumbs/dark-375x500.64639.avif,perfume-images/64639.avif,DOWNLOADED,image/avif
3483,2105-MNT,OUD PASHMINA - MONTALE,64641,https://www.fragrantica.com/perfume/Montale/Oud-Pashmina-64641.html,https://fimgs.net/mdimg/perfume-thumbs/dark-375x500.64641.avif,perfume-images/64641.avif,DOWNLOADED,image/avif
2645,1784-ESC,SUMMER FESTIVAL - ESCADA,64643,https://www.fragrantica.com/p/64643,https://fimgs.net/mdimg/perfume-thumbs/dark-375x500.64643.avif,perfume-images/64643.avif,DOWNLOADED,image/avif
2797,1886-PARF,DELINA LA ROSE - PDM,64667,https://www.fragrantica.com/perfume/Parfums-de-Marly/Delina-La-Ros-e-64667.html,https://fimgs.net/mdimg/perfume-thumbs/dark-375x500.64667.avif,perfume-images/64667.avif,DOWNLOADED,image/avif
2323,1558-TMFO,TUBEREUSE NUE,64698,https://www.fragrantica.com/perfume/Tom-Ford/Tubereuse-Nue-64698.html,https://fimgs.net/mdimg/perfume-thumbs/dark-375x500.64698.avif,perfume-images/64698.avif,DOWNLOADED,image/avif
4089,2088-YZLO,Y LE PARFUM,64718,https://www.fragrantica.com/perfume/Yves-Saint-Laurent/Y-Le-Parfum-64718.html,https://fimgs.net/mdimg/perfume-thumbs/dark-375x500.64718.avif,perfume-images/64718.avif,DOWNLOADED,image/avif
2312,1476-NRO,MUSC NOIR FOR HER - NARCISO RODRIGUEZ,64730,https://www.fragrantica.com/perfume/Narciso-Rodriguez/Musc-Noir-For-Her-64730.html,https://fimgs.net/mdimg/perfume-thumbs/dark-375x500.64730.avif,perfume-images/64730.avif,DOWNLOADED,image/avif
4434,2624-BLG,Rock N Rome,64736,https://www.fragrantica.com/perfume/Bvlgari/Rock-N-Rome-64736.html,https://fimgs.net/mdimg/perfume-thumbs/dark-375x500.64736.avif,perfume-images/64736.avif,DOWNLOADED,image/avif
3791,2206-GIA,2206 gia lux,64757,https://www.fragrantica.com/perfume/Giardini-Di-Toscana/Bianco-Latte-64757.html,https://fimgs.net/mdimg/perfume-thumbs/dark-375x500.64757.avif,perfume-images/64757.avif,DOWNLOADED,image/avif
3857,2003-KIL,LOVE DON'T BE SHY EXTREME - KILIAN,64761,https://www.fragrantica.com/perfume/By-Kilian/Love-Don-t-Be-Shy-Extreme-64761.html,https://fimgs.net/mdimg/perfume-thumbs/dark-375x500.64761.avif,perfume-images/64761.avif,DOWNLOADED,image/avif
4209,2499-VICT,FRESH SNOWFALL VICTORIA'S SECRET,65021,https://www.fragrantica.com/perfume/Victoria-s-Secret/Fresh-Snowfall-65021.html,https://fimgs.net/mdimg/perfume-thumbs/dark-375x500.65021.avif,perfume-images/65021.avif,DOWNLOADED,image/avif
3638,2174-ZIE,VANILLA BLEND,65069,https://www.fragrantica.com/p/65069,https://fimgs.net/mdimg/perfume-thumbs/dark-375x500.65069.avif,perfume-images/65069.avif,DOWNLOADED,image/avif
2311,1477-HER,H24 - HERMES,65147,https://www.fragrantica.com/perfume/Hermes/H24-65147.html,https://fimgs.net/mdimg/perfume-thumbs/dark-375x500.65147.avif,perfume-images/65147.avif,DOWNLOADED,image/avif
2381,1650-LAN,LA VIE EST BELLE SOLEIL CRISTAL,65156,https://www.fragrantica.com/perfume/Lancome/La-Vie-Est-Belle-Soleil-Cristal-65156.html,https://fimgs.net/mdimg/perfume-thumbs/dark-375x500.65156.avif,perfume-images/65156.avif,DOWNLOADED,image/avif
2338,1633-PAC,INVICTUS VICTORY,65177,https://www.fragrantica.com/perfume/Rabanne/Invictus-Victory-65177.html,https://fimgs.net/mdimg/perfume-thumbs/dark-375x500.65177.avif,perfume-images/65177.avif,DOWNLOADED,image/avif
3358,1977-SHIS,ginza shiseido,65234,https://www.fragrantica.com/perfume/Shiseido/Ginza-65234.html,https://fimgs.net/mdimg/perfume-thumbs/dark-375x500.65234.avif,perfume-images/65234.avif,DOWNLOADED,image/avif
2427,1693-BYR,MIXED EMOTIONS,65525,https://www.fragrantica.com/perfume/Byredo/Mixed-Emotions-65525.html,https://fimgs.net/mdimg/perfume-thumbs/dark-375x500.65525.avif,perfume-images/65525.avif,DOWNLOADED,image/avif
2677,1804-DRC,TOBACOLOR,65551,https://www.fragrantica.com/perfume/Dior/Tobacolor-65551.html,https://fimgs.net/mdimg/perfume-thumbs/dark-375x500.65551.avif,perfume-images/65551.avif,DOWNLOADED,image/avif
2455,1729-CAR,VERY GOOD GIRL,65560,https://www.fragrantica.com/perfume/Carolina-Herrera/Very-Good-Girl-65560.html,https://fimgs.net/mdimg/perfume-thumbs/dark-375x500.65560.avif,perfume-images/65560.avif,DOWNLOADED,image/avif
3957,2314-CAR,UNDER THE SEA WOMAN,65696,https://www.fragrantica.com/perfume/Carolina-Herrera/CH-Under-The-Sea-65696.html,https://fimgs.net/mdimg/perfume-thumbs/dark-375x500.65696.avif,perfume-images/65696.avif,DOWNLOADED,image/avif
3956,2310-CAR,UNDER THE SEA MAN,65697,https://www.fragrantica.com/perfume/Carolina-Herrera/CH-Men-Under-The-Sea-65697.html,https://fimgs.net/mdimg/perfume-thumbs/dark-375x500.65697.avif,perfume-images/65697.avif,DOWNLOADED,image/avif
2607,1775-DIP,ORPHEON EAU DE PARFUM,65738,https://www.fragrantica.com/perfume/Diptyque/Orpheon-Eau-de-Parfum-65738.html,https://fimgs.net/mdimg/perfume-thumbs/dark-375x500.65738.avif,perfume-images/65738.avif,DOWNLOADED,image/avif
3471,2067-ROJ,POUR FEMME ESSENCE DE PARFUM - ROJA,65869,https://www.fragrantica.com/perfume/Roja-Dove/Risque-Pour-Femme-Essence-De-Parfum-65869.html,https://fimgs.net/mdimg/perfume-thumbs/dark-375x500.65869.avif,perfume-images/65869.avif,DOWNLOADED,image/avif
4774,2711-CLIV,Matsukita Clive Christian,65983,https://www.fragrantica.com/perfume/Clive-Christian/Matsukita-65983.html,https://fimgs.net/mdimg/perfume-thumbs/dark-375x500.65983.avif,perfume-images/65983.avif,DOWNLOADED,image/avif
2439,1704-CAR,212 HEROES,65988,https://www.fragrantica.com/perfume/Carolina-Herrera/212-Heroes-65988.html,https://fimgs.net/mdimg/perfume-thumbs/dark-375x500.65988.avif,perfume-images/65988.avif,DOWNLOADED,image/avif
3632,2175-ESCE,MOLECULE 01 + MANDARIN - ESCENTRIC MOLECULES,66047,https://www.fragrantica.com/p/66047,https://fimgs.net/mdimg/perfume-thumbs/dark-375x500.66047.avif,perfume-images/66047.avif,DOWNLOADED,image/avif
3823,2228-ESCE,MOLECULE 01 + IRIS - ESCENTRIC MOLECULES,66048,https://www.fragrantica.com/p/66048,https://fimgs.net/mdimg/perfume-thumbs/dark-375x500.66048.avif,perfume-images/66048.avif,DOWNLOADED,image/avif
3824,2229-ESCE,MOLECULE 01 + PATCHOULI - ESCENTRIC MOLECULES,66049,https://www.fragrantica.com/p/66049,https://fimgs.net/mdimg/perfume-thumbs/dark-375x500.66049.avif,perfume-images/66049.avif,DOWNLOADED,image/avif
3119,1997-LTN,notes,66060,https://www.fragrantica.com/perfume/Louis-Vuitton/On-The-Beach-66060.html,https://fimgs.net/mdimg/perfume-thumbs/dark-375x500.66060.avif,perfume-images/66060.avif,DOWNLOADED,image/avif
2787,1881-INI,MUSK THERAPY - INITIO PARFUMS,66097,https://www.fragrantica.com/perfume/Initio-Parfums-Prives/Musk-Therapy-66097.html,https://fimgs.net/mdimg/perfume-thumbs/dark-375x500.66097.avif,perfume-images/66097.avif,DOWNLOADED,image/avif
2873,1901-MOS,TOY 2 BUBBLE GUM - MOSCHINO,66098,https://www.fragrantica.com/perfume/Moschino/Toy-2-Bubble-Gum-66098.html,https://fimgs.net/mdimg/perfume-thumbs/dark-375x500.66098.avif,perfume-images/66098.avif,DOWNLOADED,image/avif
2453,1721-BLG,Azaran,66122,https://www.fragrantica.com/perfume/Bvlgari/Azaran-66122.html,https://fimgs.net/mdimg/perfume-thumbs/dark-375x500.66122.avif,perfume-images/66122.avif,DOWNLOADED,image/avif
2426,1695-TMFO,SOLEIL BRULANT,66125,https://www.fragrantica.com/perfume/Tom-Ford/Soleil-Brulant-66125.html,https://fimgs.net/mdimg/perfume-thumbs/dark-375x500.66125.avif,perfume-images/66125.avif,DOWNLOADED,image/avif
638,548-CLI,HAPPY - CLINIQUE,66133,https://www.fragrantica.com/perfume/The-Dua-Brand/Happy-66133.html,https://fimgs.net/mdimg/perfume-thumbs/dark-375x500.66133.avif,perfume-images/66133.avif,DOWNLOADED,image/avif
182,1086-CLI,HAPPY - CLINIQUE,66133,https://www.fragrantica.com/perfume/The-Dua-Brand/Happy-66133.html,https://fimgs.net/mdimg/perfume-thumbs/dark-375x500.66133.avif,perfume-images/66133.avif,DOWNLOADED,image/avif
4847,2750-NISH,Shem Nishane,66277,https://www.fragrantica.com/perfume/Nishane/Shem-66277.html,https://fimgs.net/mdimg/perfume-thumbs/dark-375x500.66277.avif,perfume-images/66277.avif,DOWNLOADED,image/avif
2627,1774-ARM,a TERRA DI GIOIA,66409,https://www.fragrantica.com/perfume/Giorgio-Armani/Terra-di-Gioia-66409.html,https://fimgs.net/mdimg/perfume-thumbs/dark-375x500.66409.avif,perfume-images/66409.avif,DOWNLOADED,image/avif
3507,2091-AMG,Material,66527,https://www.fragrantica.com/perfume/Amouage/Material-66527.html,https://fimgs.net/mdimg/perfume-thumbs/dark-375x500.66527.avif,perfume-images/66527.avif,DOWNLOADED,image/avif
2789,1878-KIL,A KISS FROM A ROSE - KILIAN,66726,https://www.fragrantica.com/perfume/By-Kilian/A-Kiss-from-a-Rose-66726.html,https://fimgs.net/mdimg/perfume-thumbs/dark-375x500.66726.avif,perfume-images/66726.avif,DOWNLOADED,image/avif
3961,2345-DIP,Eau Rihla EDP,66765,https://www.fragrantica.com/perfume/Diptyque/Eau-Rihla-Eau-de-Parfum-66765.html,https://fimgs.net/mdimg/perfume-thumbs/dark-375x500.66765.avif,perfume-images/66765.avif,DOWNLOADED,image/avif
4277,2571-GOLD,Silky Woods Goldfield & Banks Australia,66766,https://www.fragrantica.com/perfume/Goldfield-Banks-Australia/Silky-Woods-66766.html,https://fimgs.net/mdimg/perfume-thumbs/dark-375x500.66766.avif,perfume-images/66766.avif,DOWNLOADED,image/avif
2626,1772-TER,BURDEL - TIZIANA TERENZI,66816,https://www.fragrantica.com/perfume/Tiziana-Terenzi/Burdel-66816.html,https://fimgs.net/mdimg/perfume-thumbs/dark-375x500.66816.avif,perfume-images/66816.avif,DOWNLOADED,image/avif
3725,2196-BYR,Open Sky,66825,https://www.fragrantica.com/perfume/Byredo/Open-Sky-66825.html,https://fimgs.net/mdimg/perfume-thumbs/dark-375x500.66825.avif,perfume-images/66825.avif,DOWNLOADED,image/avif
3375,2014-AZZ,MOST WANTED,66826,https://www.fragrantica.com/perfume/Azzaro/The-Most-Wanted-66826.html,https://fimgs.net/mdimg/perfume-thumbs/dark-375x500.66826.avif,perfume-images/66826.avif,DOWNLOADED,image/avif
4776,2713-KAY,Sweet Diamond Pink Pepper 25 Kayali,67023,https://www.fragrantica.com/perfume/Kayali-Fragrances/Sweet-Diamond-Pink-Pepper-25-67023.html,https://fimgs.net/mdimg/perfume-thumbs/dark-375x500.67023.avif,perfume-images/67023.avif,DOWNLOADED,image/avif
3509,2090-MNT,CRAZY IN LOVE - MONTALE,67108,https://www.fragrantica.com/perfume/Montale/Crazy-In-Love-67108.html,https://fimgs.net/mdimg/perfume-thumbs/dark-375x500.67108.avif,perfume-images/67108.avif,DOWNLOADED,image/avif
4013,2320-LTN,notes,67370,https://www.fragrantica.com/perfume/Louis-Vuitton/Imagination-67370.html,https://fimgs.net/mdimg/perfume-thumbs/dark-375x500.67370.avif,perfume-images/67370.avif,DOWNLOADED,image/avif
4652,2693-SOL,Cheirosa '40 Sol de Janeiro,67527,https://www.fragrantica.com/perfume/Sol-de-Janeiro/Cheirosa-40-67527.html,https://fimgs.net/mdimg/perfume-thumbs/dark-375x500.67527.avif,perfume-images/67527.avif,DOWNLOADED,image/avif
2456,1727-LAN,IDOLE AURA,67578,https://www.fragrantica.com/perfume/Lancome/Idole-Aura-67578.html,https://fimgs.net/mdimg/perfume-thumbs/dark-375x500.67578.avif,perfume-images/67578.avif,DOWNLOADED,image/avif
2458,1730-HER,TWILLY EAU GINGER - HERMES,67667,https://www.fragrantica.com/perfume/Hermes/Twilly-d-Hermes-Eau-Ginger-67667.html,https://fimgs.net/mdimg/perfume-thumbs/dark-375x500.67667.avif,perfume-images/67667.avif,DOWNLOADED,image/avif
3491,2099-MARG,AUTUMN VIBES,67789,https://www.fragrantica.com/perfume/Maison-Martin-Margiela/Autumn-Vibes-67789.html,https://fimgs.net/mdimg/perfume-thumbs/dark-375x500.67789.avif,perfume-images/67789.avif,DOWNLOADED,image/avif
4155,2414-DIP,Ilio,67808,https://www.fragrantica.com/perfume/Diptyque/Ilio-67808.html,https://fimgs.net/mdimg/perfume-thumbs/dark-375x500.67808.avif,perfume-images/67808.avif,DOWNLOADED,image/avif
3807,2233-YZLO,LA NUIT DE L'HOMME BLEU ELECTRIQUE,67997,https://www.fragrantica.com/perfume/Yves-Saint-Laurent/La-Nuit-de-L-Homme-Bleu-Electrique-67997.html,https://fimgs.net/mdimg/perfume-thumbs/dark-375x500.67997.avif,perfume-images/67997.avif,DOWNLOADED,image/avif
2341,1630-GUL,SCANDAL POUR HOMME,68074,https://www.fragrantica.com/perfume/Jean-Paul-Gaultier/Scandal-Pour-Homme-68074.html,https://fimgs.net/mdimg/perfume-thumbs/dark-375x500.68074.avif,perfume-images/68074.avif,DOWNLOADED,image/avif
4417,2632-BDIK,Velvet Tonka BDK Parfums,68119,https://www.fragrantica.com/perfume/BDK-Parfums/Velvet-Tonka-68119.html,https://fimgs.net/mdimg/perfume-thumbs/dark-375x500.68119.avif,perfume-images/68119.avif,DOWNLOADED,image/avif
2742,1631-DRC,VANILLA ORAMA,68198,https://www.fragrantica.com/perfume/Dior/Vanilla-Diorama-68198.html,https://fimgs.net/mdimg/perfume-thumbs/dark-375x500.68198.avif,perfume-images/68198.avif,DOWNLOADED,image/avif
3622,2154-KAY,UTOPIA VANILLA COCO 21 - KAYALI,68220,https://www.fragrantica.com/perfume/Kayali-Fragrances/Utopia-Vanilla-Coco-21-68220.html,https://fimgs.net/mdimg/perfume-thumbs/dark-375x500.68220.avif,perfume-images/68220.avif,DOWNLOADED,image/avif
2440,1703-CAL,DEFY - CALVIN KLEIN,68225,https://www.fragrantica.com/perfume/Calvin-Klein/Defy-68225.html,https://fimgs.net/mdimg/perfume-thumbs/dark-375x500.68225.avif,perfume-images/68225.avif,DOWNLOADED,image/avif
2339,1632-PAC,PHANTOM,68226,https://www.fragrantica.com/perfume/Rabanne/Phantom-68226.html,https://fimgs.net/mdimg/perfume-thumbs/dark-375x500.68226.avif,perfume-images/68226.avif,DOWNLOADED,image/avif
2451,1719-MEM,CORFU - MEMO PARIS,68292,https://www.fragrantica.com/perfume/Memo-Paris/Corfu-68292.html,https://fimgs.net/mdimg/perfume-thumbs/dark-375x500.68292.avif,perfume-images/68292.avif,DOWNLOADED,image/avif
3475,2047-KIL,L'HEURE VERTE - KILIAN,68324,https://www.fragrantica.com/perfume/By-Kilian/L-Heure-Verte-68324.html,https://fimgs.net/mdimg/perfume-thumbs/dark-375x500.68324.avif,perfume-images/68324.avif,DOWNLOADED,image/avif
3467,2072-KIL,APPLE BRANDY ON THE ROCKS - KILIAN,68326,https://www.fragrantica.com/perfume/By-Kilian/Apple-Brandy-on-the-Rocks-68326.html,https://fimgs.net/mdimg/perfume-thumbs/dark-375x500.68326.avif,perfume-images/68326.avif,DOWNLOADED,image/avif
2383,1651-TMU,ALIEN GODDESS,68354,https://www.fragrantica.com/perfume/Mugler/Alien-Goddess-68354.html,https://fimgs.net/mdimg/perfume-thumbs/dark-375x500.68354.avif,perfume-images/68354.avif,DOWNLOADED,image/avif
3588,2141-LTN,notes,68356,https://www.fragrantica.com/perfume/Louis-Vuitton/Stellar-Times-68356.html,https://fimgs.net/mdimg/perfume-thumbs/dark-375x500.68356.avif,perfume-images/68356.avif,DOWNLOADED,image/avif
4438,2647-LTN,notes,68357,https://www.fragrantica.com/perfume/Louis-Vuitton/Symphony-68357.html,https://fimgs.net/mdimg/perfume-thumbs/dark-375x500.68357.avif,perfume-images/68357.avif,DOWNLOADED,image/avif
4785,2723-LTN,notes,68359,https://www.fragrantica.com/perfume/Louis-Vuitton/Rhapsody-68359.html,https://fimgs.net/mdimg/perfume-thumbs/dark-375x500.68359.avif,perfume-images/68359.avif,DOWNLOADED,image/avif
2555,1737-GIV,L INTERDIT ROUGE EDP,68404,https://www.fragrantica.com/perfume/Givenchy/L-Interdit-Eau-de-Parfum-Rouge-68404.html,https://fimgs.net/mdimg/perfume-thumbs/dark-375x500.68404.avif,perfume-images/68404.avif,DOWNLOADED,image/avif
2371,,SAUVAGE ELIXIR,68415,https://www.fragrantica.com/perfume/Dior/Sauvage-Elixir-68415.html,https://fimgs.net/mdimg/perfume-thumbs/dark-375x500.68415.avif,perfume-images/68415.avif,DOWNLOADED,image/avif
2648,1788-YZLO,BLACK OPIUM EXTREME,68506,https://www.fragrantica.com/perfume/Yves-Saint-Laurent/Black-Opium-Extreme-68506.html,https://fimgs.net/mdimg/perfume-thumbs/dark-375x500.68506.avif,perfume-images/68506.avif,DOWNLOADED,image/avif
2516,1731-VICT,TEASE CREAM CLOUD - VICTORIA'S SECRET,68550,https://www.fragrantica.com/perfume/Victoria-s-Secret/Tease-Creme-Cloud-68550.html,https://fimgs.net/mdimg/perfume-thumbs/dark-375x500.68550.avif,perfume-images/68550.avif,DOWNLOADED,image/avif
2647,1789-GUC,Flora Gorgeous Gardenia EDP,68578,https://www.fragrantica.com/perfume/Gucci/Flora-Gorgeous-Gardenia-68578.html,https://fimgs.net/mdimg/perfume-thumbs/dark-375x500.68578.avif,perfume-images/68578.avif,DOWNLOADED,image/avif
2457,1728-ARM,MY WAY INTENSE,68596,https://www.fragrantica.com/perfume/Giorgio-Armani/My-Way-Intense-68596.html,https://fimgs.net/mdimg/perfume-thumbs/dark-375x500.68596.avif,perfume-images/68596.avif,DOWNLOADED,image/avif
2518,1732-MIC,SUPER GORGEOUS! - MICHAEL KORS,68626,https://www.fragrantica.com/perfume/Michael-Kors/Super-Gorgeous-68626.html,https://fimgs.net/mdimg/perfume-thumbs/dark-375x500.68626.avif,perfume-images/68626.avif,DOWNLOADED,image/avif
2340,1634-BRB,HERO,68627,https://www.fragrantica.com/perfume/Burberry/Hero-68627.html,https://fimgs.net/mdimg/perfume-thumbs/dark-375x500.68627.avif,perfume-images/68627.avif,DOWNLOADED,image/avif
811,749-KEN,FLOWER - KENZO,68655,https://www.fragrantica.com/perfume/Ciclo-Cosmeticos/Flower-68655.html,https://fimgs.net/mdimg/perfume-thumbs/dark-375x500.68655.avif,perfume-images/68655.avif,DOWNLOADED,image/avif
4284,2557-ARIA,God Is A Woman Ariana Grande,68664,https://www.fragrantica.com/perfume/Ariana-Grande/God-Is-A-Woman-68664.html,https://fimgs.net/mdimg/perfume-thumbs/dark-375x500.68664.avif,perfume-images/68664.avif,DOWNLOADED,image/avif
2693,1815-PAC,BLOSSOM ME,68724,https://www.fragrantica.com/perfume/Rabanne/Blossom-Me-68724.html,https://fimgs.net/mdimg/perfume-thumbs/dark-375x500.68724.avif,perfume-images/68724.avif,DOWNLOADED,image/avif
2605,1773-PRA,LUNA ROSSA OCEAN - PRADA,68753,https://www.fragrantica.com/perfume/Prada/Luna-Rossa-Ocean-68753.html,https://fimgs.net/mdimg/perfume-thumbs/dark-375x500.68753.avif,perfume-images/68753.avif,DOWNLOADED,image/avif
4183,2451-LEL,Cedrat 37 Berlin,68788,https://www.fragrantica.com/perfume/Le-Labo/Cedrat-37-Berlin-68788.html,https://fimgs.net/mdimg/perfume-thumbs/dark-375x500.68788.avif,perfume-images/68788.avif,DOWNLOADED,image/avif
2964,1940-FRE,SYNTHETIC JUNGLE,68794,https://www.fragrantica.com/perfume/Frederic-Malle/Synthetic-Jungle-68794.html,https://fimgs.net/mdimg/perfume-thumbs/dark-375x500.68794.avif,perfume-images/68794.avif,DOWNLOADED,image/avif
2384,1652-DRC,MISS EAU DE PARFUM 2021,68905,https://www.fragrantica.com/perfume/Dior/Miss-Dior-Eau-de-Parfum-2021-68905.html,https://fimgs.net/mdimg/perfume-thumbs/dark-375x500.68905.avif,perfume-images/68905.avif,DOWNLOADED,image/avif
3905,2266-KAY,INVITE ONLY AMBER 23 - KAYALI,68958,https://www.fragrantica.com/perfume/Kayali-Fragrances/Invite-Only-Amber-23-68958.html,https://fimgs.net/mdimg/perfume-thumbs/dark-375x500.68958.avif,perfume-images/68958.avif,DOWNLOADED,image/avif
3838,2247-LTN,notes,68960,https://www.fragrantica.com/perfume/Louis-Vuitton/Spell-On-You-68960.html,https://fimgs.net/mdimg/perfume-thumbs/dark-375x500.68960.avif,perfume-images/68960.avif,DOWNLOADED,image/avif
2757,1871-PEN,CONSTANTINOPLE,68998,https://www.fragrantica.com/perfume/Penhaligon-s/Constantinople-68998.html,https://fimgs.net/mdimg/perfume-thumbs/dark-375x500.68998.avif,perfume-images/68998.avif,DOWNLOADED,image/avif
2515,1734-TMFO,Ebene Fume,69008,https://www.fragrantica.com/perfume/Tom-Ford/Ebene-Fume-69008.html,https://fimgs.net/mdimg/perfume-thumbs/dark-375x500.69008.avif,perfume-images/69008.avif,DOWNLOADED,image/avif
4526,2673-ARB,Al Fareed Arabian Oud,69012,https://www.fragrantica.com/perfume/Arabian-Oud/Al-Fareed-69012.html,https://fimgs.net/mdimg/perfume-thumbs/dark-375x500.69012.avif,perfume-images/69012.avif,DOWNLOADED,image/avif
2637,1782-DIP,KYOTO,69014,https://www.fragrantica.com/perfume/Diptyque/Kyoto-69014.html,https://fimgs.net/mdimg/perfume-thumbs/dark-375x500.69014.avif,perfume-images/69014.avif,DOWNLOADED,image/avif
4784,2722-CRIVEL,Hibiscus Mahajad Maison Crivelli,69069,https://www.fragrantica.com/perfume/Maison-Crivelli/Hibiscus-Mahajad-69069.html,https://fimgs.net/mdimg/perfume-thumbs/dark-375x500.69069.avif,perfume-images/69069.avif,DOWNLOADED,image/avif
2680,1806-PARF,ORIANA - PARFUMS DE MARLY,69117,https://www.fragrantica.com/perfume/Parfums-de-Marly/Oriana-69117.html,https://fimgs.net/mdimg/perfume-thumbs/dark-375x500.69117.avif,perfume-images/69117.avif,DOWNLOADED,image/avif
2788,1877-INI,OUD FOR HAPPINESS - INITIO PARFUMS,69224,https://www.fragrantica.com/perfume/Initio-Parfums-Prives/Oud-for-Happiness-69224.html,https://fimgs.net/mdimg/perfume-thumbs/dark-375x500.69224.avif,perfume-images/69224.avif,DOWNLOADED,image/avif
5018,2777-GUR,Herbes Troublantes,69275,https://www.fragrantica.com/perfume/Guerlain/Herbes-Troublantes-69275.html,https://fimgs.net/mdimg/perfume-thumbs/dark-375x500.69275.avif,perfume-images/69275.avif,DOWNLOADED,image/avif
3107,1941-ARIA,CLOUD INTENSE - ARIANA GRANDE,69296,https://www.fragrantica.com/perfume/Ariana-Grande/Cloud-Intense-69296.html,https://fimgs.net/mdimg/perfume-thumbs/dark-375x500.69296.avif,perfume-images/69296.avif,DOWNLOADED,image/avif
4262,2485-ETLR,The Ghost In The Shell Etat Libre d'Orange,69412,https://www.fragrantica.com/perfume/Etat-Libre-d-Orange/The-Ghost-In-The-Shell-69412.html,https://fimgs.net/mdimg/perfume-thumbs/dark-375x500.69412.avif,perfume-images/69412.avif,DOWNLOADED,image/avif
3822,2223-AMG,Reflection 45 Man,69488,https://www.fragrantica.com/perfume/Amouage/Reflection-45-Man-69488.html,https://fimgs.net/mdimg/perfume-thumbs/dark-375x500.69488.avif,perfume-images/69488.avif,DOWNLOADED,image/avif
2874,1904-ARM,A MILANO,69489,https://www.fragrantica.com/perfume/Giorgio-Armani/A-Milano-69489.html,https://fimgs.net/mdimg/perfume-thumbs/dark-375x500.69489.avif,perfume-images/69489.avif,DOWNLOADED,image/avif
4105,2334-ROJ,2334 roj ν,69553,https://www.fragrantica.com/p/69553,https://fimgs.net/mdimg/perfume-thumbs/dark-375x500.69553.avif,perfume-images/69553.avif,DOWNLOADED,image/avif
3810,2212-AMG,Epic 56 Woman,69700,https://www.fragrantica.com/perfume/Amouage/Epic-56-Woman-69700.html,https://fimgs.net/mdimg/perfume-thumbs/dark-375x500.69700.avif,perfume-images/69700.avif,DOWNLOADED,image/avif
3593,2150-LEL,THE MATCHA 26 - LE LABO,69731,https://www.fragrantica.com/perfume/Le-Labo/The-Matcha-26-69731.html,https://fimgs.net/mdimg/perfume-thumbs/dark-375x500.69731.avif,perfume-images/69731.avif,DOWNLOADED,image/avif
3672,2178-MON,pour homme moncler,69818,https://www.fragrantica.com/p/69818,https://fimgs.net/mdimg/perfume-thumbs/dark-375x500.69818.avif,perfume-images/69818.avif,DOWNLOADED,image/avif
3827,2234-MON,moncler pour femme,69819,https://www.fragrantica.com/p/69819,https://fimgs.net/mdimg/perfume-thumbs/dark-375x500.69819.avif,perfume-images/69819.avif,DOWNLOADED,image/avif
2506,1733-BYR,MUMBAI NOISE,69858,https://www.fragrantica.com/perfume/Byredo/Mumbai-Noise-69858.html,https://fimgs.net/mdimg/perfume-thumbs/dark-375x500.69858.avif,perfume-images/69858.avif,DOWNLOADED,image/avif
4260,2542-FUR,Autentica Furla for women,69941,https://www.fragrantica.com/p/69941,https://fimgs.net/mdimg/perfume-thumbs/dark-375x500.69941.avif,perfume-images/69941.avif,DOWNLOADED,image/avif
2974,1937-BIL,Eilish Billie Eilish,70052,https://www.fragrantica.com/perfume/Billie-Eilish/Eilish-70052.html,https://fimgs.net/mdimg/perfume-thumbs/dark-375x500.70052.avif,perfume-images/70052.avif,DOWNLOADED,image/avif
2876,1902-CRD,Wind Flowers,70182,https://www.fragrantica.com/perfume/Creed/Wind-Flowers-70182.html,https://fimgs.net/mdimg/perfume-thumbs/dark-375x500.70182.avif,perfume-images/70182.avif,DOWNLOADED,image/avif
4832,2733-LES,Blanche Bete Les Liquides Imaginaires,70189,https://www.fragrantica.com/perfume/Les-Liquides-Imaginaires/Blanche-Bete-70189.html,https://fimgs.net/mdimg/perfume-thumbs/dark-375x500.70189.avif,perfume-images/70189.avif,DOWNLOADED,image/avif
2801,1896-ESC,CHERRY IN JAPAN - ESCADA,70279,https://www.fragrantica.com/perfume/Escada/Cherry-In-Japan-70279.html,https://fimgs.net/mdimg/perfume-thumbs/dark-375x500.70279.avif,perfume-images/70279.avif,DOWNLOADED,image/avif
2646,1786-COUR,slogan courreges arwma,70283,https://www.fragrantica.com/perfume/Courreges/Slogan-70283.html,https://fimgs.net/mdimg/perfume-thumbs/dark-375x500.70283.avif,perfume-images/70283.avif,DOWNLOADED,image/avif
2943,1870-ARDAL,ameerat al ehsaas ard al zaafaran dupe,70365,https://www.fragrantica.com/perfume/Ard-Al-Zaafaran/Ameerat-Al-Ehsaas-70365.html,https://fimgs.net/mdimg/perfume-thumbs/dark-375x500.70365.avif,perfume-images/70365.avif,DOWNLOADED,image/avif
2884,1909-XER,TORINO 21,70424,https://www.fragrantica.com/perfume/Xerjoff/Torino21-70424.html,https://fimgs.net/mdimg/perfume-thumbs/dark-375x500.70424.avif,perfume-images/70424.avif,DOWNLOADED,image/avif
3596,2148-BAT,PURE WONDER - BATH & BODY WORKS,70500,https://www.fragrantica.com/perfume/Bath-Body-Works/Pure-Wonder-70500.html,https://fimgs.net/mdimg/perfume-thumbs/dark-375x500.70500.avif,perfume-images/70500.avif,DOWNLOADED,image/avif
3441,2020-VICT,VELVET PETALS SUNKISSED - VICTORIA'S SECRET,70512,https://www.fragrantica.com/perfume/Victoria-s-Secret/Velvet-Petals-Sunkissed-70512.html,https://fimgs.net/mdimg/perfume-thumbs/dark-375x500.70512.avif,perfume-images/70512.avif,DOWNLOADED,image/avif
4637,2684-CLIV,Jump Up And Kiss Me Hedonistic (2021) Clive Christian,70767,https://www.fragrantica.com/perfume/Clive-Christian/Jump-Up-And-Kiss-Me-Hedonistic-2021-70767.html,https://fimgs.net/mdimg/perfume-thumbs/dark-375x500.70767.avif,perfume-images/70767.avif,DOWNLOADED,image/avif
2967,1935-PARF,HALTANE - PARFUMS DE MARLY,70776,https://www.fragrantica.com/perfume/Parfums-de-Marly/Haltane-70776.html,https://fimgs.net/mdimg/perfume-thumbs/dark-375x500.70776.avif,perfume-images/70776.avif,DOWNLOADED,image/avif
2883,1908-XER,TONY IOMMI MONKEY SPECIAL,70789,https://www.fragrantica.com/perfume/Xerjoff/Tony-Iommi-Monkey-Special-70789.html,https://fimgs.net/mdimg/perfume-thumbs/dark-375x500.70789.avif,perfume-images/70789.avif,DOWNLOADED,image/avif
3353,1972-KAY,EDEN JUICY APPLE 01 EDP - KAYALI,70875,https://www.fragrantica.com/perfume/Kayali-Fragrances/Eden-Juicy-Apple-01-Eau-De-Parfum-70875.html,https://fimgs.net/mdimg/perfume-thumbs/dark-375x500.70875.avif,perfume-images/70875.avif,DOWNLOADED,image/avif
3830,2237-VER,GINGEMBRE PETILLANT,70884,https://www.fragrantica.com/perfume/Versace/Gingembre-Petillant-70884.html,https://fimgs.net/mdimg/perfume-thumbs/dark-375x500.70884.avif,perfume-images/70884.avif,DOWNLOADED,image/avif
4098,2362-VER,IRIS D'ELITE,70885,https://www.fragrantica.com/perfume/Versace/Iris-d-Elite-70885.html,https://fimgs.net/mdimg/perfume-thumbs/dark-375x500.70885.avif,perfume-images/70885.avif,DOWNLOADED,image/avif
4251,2481-MARG,When the Rain Stops,70985,https://www.fragrantica.com/perfume/Maison-Martin-Margiela/When-the-Rain-Stops-70985.html,https://fimgs.net/mdimg/perfume-thumbs/dark-375x500.70985.avif,perfume-images/70985.avif,DOWNLOADED,image/avif
2879,1900-AMG,Orris Wakan,71109,https://www.fragrantica.com/perfume/Amouage/Orris-Wakan-71109.html,https://fimgs.net/mdimg/perfume-thumbs/dark-375x500.71109.avif,perfume-images/71109.avif,DOWNLOADED,image/avif
2966,1936-AMG,Vanilla Barka,71111,https://www.fragrantica.com/perfume/Amouage/Vanilla-Barka-71111.html,https://fimgs.net/mdimg/perfume-thumbs/dark-375x500.71111.avif,perfume-images/71111.avif,DOWNLOADED,image/avif
2880,1905-AMG,Saffron Hamra,71113,https://www.fragrantica.com/perfume/Amouage/Saffron-Hamra-71113.html,https://fimgs.net/mdimg/perfume-thumbs/dark-375x500.71113.avif,perfume-images/71113.avif,DOWNLOADED,image/avif
2872,1932-YZLO,BLACK OPIUM ILLICIT GREEN,71193,https://www.fragrantica.com/perfume/Yves-Saint-Laurent/Black-Opium-Illicit-Green-71193.html,https://fimgs.net/mdimg/perfume-thumbs/dark-375x500.71193.avif,perfume-images/71193.avif,DOWNLOADED,image/avif
3891,2259-GIV,GENTLEMAN RESERVE EAU DE PARFUM PRIVE,71272,https://www.fragrantica.com/p/71272,https://fimgs.net/mdimg/perfume-thumbs/dark-375x500.71272.avif,perfume-images/71272.avif,DOWNLOADED,image/avif
3730,2198-MNT,WOOD ON FIRE - MONTALE Inspired Perfume,71301,https://www.fragrantica.com/p/71301,https://fimgs.net/mdimg/perfume-thumbs/dark-375x500.71301.avif,perfume-images/71301.avif,DOWNLOADED,image/avif
2793,1893-CHA,No 1 LEAU ROUGE,71442,https://www.fragrantica.com/perfume/Chanel/N-1-de-Chanel-L-Eau-Rouge-71442.html,https://fimgs.net/mdimg/perfume-thumbs/dark-375x500.71442.avif,perfume-images/71442.avif,DOWNLOADED,image/avif
3504,2033-ARM,MAGENTA TANZANITE,71536,https://www.fragrantica.com/perfume/Giorgio-Armani/Magenta-Tanzanite-71536.html,https://fimgs.net/mdimg/perfume-thumbs/dark-375x500.71536.avif,perfume-images/71536.avif,DOWNLOADED,image/avif
2949,1943-TMFO,ROSE DE CHINE,71539,https://www.fragrantica.com/perfume/Tom-Ford/Rose-de-Chine-71539.html,https://fimgs.net/mdimg/perfume-thumbs/dark-375x500.71539.avif,perfume-images/71539.avif,DOWNLOADED,image/avif
3812,2207-BLG,SPETTACOLORE,71542,https://www.fragrantica.com/perfume/Bvlgari/Spettacolore-71542.html,https://fimgs.net/mdimg/perfume-thumbs/dark-375x500.71542.avif,perfume-images/71542.avif,DOWNLOADED,image/avif
2800,1892-NRO,MUSC NOIR ROSE FOR HER - RODRIGUEZ,71596,https://www.fragrantica.com/perfume/Narciso-Rodriguez/Musc-Noir-Rose-For-Her-71596.html,https://fimgs.net/mdimg/perfume-thumbs/dark-375x500.71596.avif,perfume-images/71596.avif,DOWNLOADED,image/avif
3106,1991-CHL,NOMADE NATURELLE EDP - CHLOE,71597,https://www.fragrantica.com/perfume/Chloe/Nomade-Naturelle-Eau-de-Parfum-71597.html,https://fimgs.net/mdimg/perfume-thumbs/dark-375x500.71597.avif,perfume-images/71597.avif,DOWNLOADED,image/avif
3242,2013-CAC,YES I AM DELICIOUS,71610,https://www.fragrantica.com/perfume/Cacharel/Yes-I-Am-Delicious-71610.html,https://fimgs.net/mdimg/perfume-thumbs/dark-375x500.71610.avif,perfume-images/71610.avif,DOWNLOADED,image/avif
2875,1907-PEN,THE WORLD ACCORDING TO ARTHUR,71646,https://www.fragrantica.com/perfume/Penhaligon-s/The-World-According-to-Arthur-71646.html,https://fimgs.net/mdimg/perfume-thumbs/dark-375x500.71646.avif,perfume-images/71646.avif,DOWNLOADED,image/avif
2820,1917-MNTB,LEGEND RED - MONT BLANC,71652,https://www.fragrantica.com/perfume/Montblanc/Legend-Red-71652.html,https://fimgs.net/mdimg/perfume-thumbs/dark-375x500.71652.avif,perfume-images/71652.avif,DOWNLOADED,image/avif
3825,2240-PAC,ONE MILLION ELIXIR,71708,https://www.fragrantica.com/perfume/Rabanne/1-Million-Elixir-71708.html,https://fimgs.net/mdimg/perfume-thumbs/dark-375x500.71708.avif,perfume-images/71708.avif,DOWNLOADED,image/avif
4337,2561-SOM,Capriccio Somens,71727,https://www.fragrantica.com/p/71727,https://fimgs.net/mdimg/perfume-thumbs/dark-375x500.71727.avif,perfume-images/71727.avif,DOWNLOADED,image/avif
2745,1847-LAN,OUI LA VIE EST BELLE,72050,https://www.fragrantica.com/perfume/Lancome/Oui-La-Vie-est-Belle-72050.html,https://fimgs.net/mdimg/perfume-thumbs/dark-375x500.72050.avif,perfume-images/72050.avif,DOWNLOADED,image/avif
3831,2253-ALEX,IMPERIAL PEACOCK - ALEXANDRE J,72244,https://www.fragrantica.com/perfume/Alexandre-J/Imperial-Peacock-72244.html,https://fimgs.net/mdimg/perfume-thumbs/dark-375x500.72244.avif,perfume-images/72244.avif,DOWNLOADED,image/avif
4252,2541-STE,God of Fire Stéphane Humbert,72381,https://www.fragrantica.com/perfume/Stephane-Humbert-Lucas-777/God-of-Fire-72381.html,https://fimgs.net/mdimg/perfume-thumbs/dark-375x500.72381.avif,perfume-images/72381.avif,DOWNLOADED,image/avif
4783,2721-STE,Sand Dance Stephane Humbert,72384,https://www.fragrantica.com/perfume/Stephane-Humbert-Lucas-777/Sand-Dance-72384.html,https://fimgs.net/mdimg/perfume-thumbs/dark-375x500.72384.avif,perfume-images/72384.avif,DOWNLOADED,image/avif
2802,1895-HER,TERRE D'HERMES EAU GIVREE,72439,https://www.fragrantica.com/perfume/Hermes/Terre-d-Hermes-Eau-Givree-72439.html,https://fimgs.net/mdimg/perfume-thumbs/dark-375x500.72439.avif,perfume-images/72439.avif,DOWNLOADED,image/avif
2818,1915-PAC,OLYMPEA SOLAR,72556,https://www.fragrantica.com/perfume/Rabanne/Olympea-Solar-72556.html,https://fimgs.net/mdimg/perfume-thumbs/dark-375x500.72556.avif,perfume-images/72556.avif,DOWNLOADED,image/avif
2977,1971-PAC,INVICTUS PLATINUM,72557,https://www.fragrantica.com/perfume/Rabanne/Invictus-Platinum-72557.html,https://fimgs.net/mdimg/perfume-thumbs/dark-375x500.72557.avif,perfume-images/72557.avif,DOWNLOADED,image/avif
3108,1993-DRIE,JARDIN DE L'ORANGERIE,72594,https://www.fragrantica.com/perfume/Dries-Van-Noten/Jardin-de-L-Orangerie-72594.html,https://fimgs.net/mdimg/perfume-thumbs/dark-375x500.72594.avif,perfume-images/72594.avif,DOWNLOADED,image/avif
4216,2518-MATAH,ESCAPADE GOURMANDE MAISON MATAHA,72607,https://www.fragrantica.com/perfume/Maison-Mataha/Escapade-Gourmande-72607.html,https://fimgs.net/mdimg/perfume-thumbs/dark-375x500.72607.avif,perfume-images/72607.avif,DOWNLOADED,image/avif
3506,2032-CAR,TRUE OUD,72619,https://www.fragrantica.com/perfume/Carolina-Herrera/True-Oud-72619.html,https://fimgs.net/mdimg/perfume-thumbs/dark-375x500.72619.avif,perfume-images/72619.avif,DOWNLOADED,image/avif
2975,1968-DOL,LIGHT BLUE ITALIAN LOVE W,72621,https://www.fragrantica.com/perfume/Dolce-Gabbana/Light-Blue-Italian-Love-72621.html,https://fimgs.net/mdimg/perfume-thumbs/dark-375x500.72621.avif,perfume-images/72621.avif,DOWNLOADED,image/avif
2976,1969-DOL,LIGHT BLUE ITALIAN LOVE POUR HOMME,72622,https://www.fragrantica.com/perfume/Dolce-Gabbana/Light-Blue-pour-Homme-Italian-Love-72622.html,https://fimgs.net/mdimg/perfume-thumbs/dark-375x500.72622.avif,perfume-images/72622.avif,DOWNLOADED,image/avif
4150,2436-PHL,2436 phl ν,72665,https://www.fragrantica.com/perfume/Phlur/Missing-Person-72665.html,https://fimgs.net/mdimg/perfume-thumbs/dark-375x500.72665.avif,perfume-images/72665.avif,DOWNLOADED,image/avif
2861,1903-BYR,De Los Santos,72693,https://www.fragrantica.com/perfume/Byredo/De-Los-Santos-72693.html,https://fimgs.net/mdimg/perfume-thumbs/dark-375x500.72693.avif,perfume-images/72693.avif,DOWNLOADED,image/avif
4304,2380-CAR,Very Good Girl Glam,72698,https://www.fragrantica.com/perfume/Carolina-Herrera/Very-Good-Girl-Glam-72698.html,https://fimgs.net/mdimg/perfume-thumbs/dark-375x500.72698.avif,perfume-images/72698.avif,DOWNLOADED,image/avif
3440,2021-ROJ,apex men roja dove,72723,https://www.fragrantica.com/perfume/Roja-Dove/Apex-72723.html,https://fimgs.net/mdimg/perfume-thumbs/dark-375x500.72723.avif,perfume-images/72723.avif,DOWNLOADED,image/avif
3503,2034-MAN,MELODY OF THE SUN - MANCERA,72736,https://www.fragrantica.com/perfume/Mancera/Melody-Of-The-Sun-72736.html,https://fimgs.net/mdimg/perfume-thumbs/dark-375x500.72736.avif,perfume-images/72736.avif,DOWNLOADED,image/avif
3681,2185-DRC,EAU SAUVAGE EXTREME 2010,72771,https://www.fragrantica.com/perfume/Dior/Eau-Sauvage-Extreme-2010-72771.html,https://fimgs.net/mdimg/perfume-thumbs/dark-375x500.72771.avif,perfume-images/72771.avif,DOWNLOADED,image/avif
3938,2298-ELEC,2298 elec ν,72806,https://www.fragrantica.com/p/72806,https://fimgs.net/mdimg/perfume-thumbs/dark-375x500.72806.avif,perfume-images/72806.avif,DOWNLOADED,image/avif
3530,2046-VICT,VERY SEXY OASIS - VICTORIA'S SECRET,72836,https://www.fragrantica.com/perfume/Victoria-s-Secret/Very-Sexy-Oasis-72836.html,https://fimgs.net/mdimg/perfume-thumbs/dark-375x500.72836.avif,perfume-images/72836.avif,DOWNLOADED,image/avif
3727,2192-LTN,notes,73006,https://www.fragrantica.com/perfume/Louis-Vuitton/Fleur-du-Desert-73006.html,https://fimgs.net/mdimg/perfume-thumbs/dark-375x500.73006.avif,perfume-images/73006.avif,DOWNLOADED,image/avif
2859,1898-NRO,CRISTAL EAU DE PARFUM - RODRIGUEZ,73075,https://www.fragrantica.com/perfume/Narciso-Rodriguez/Narciso-Eau-de-Parfum-Cristal-73075.html,https://fimgs.net/mdimg/perfume-thumbs/dark-375x500.73075.avif,perfume-images/73075.avif,DOWNLOADED,image/avif
2965,1938-YZLO,BABY CAT,73149,https://www.fragrantica.com/perfume/Yves-Saint-Laurent/Babycat-73149.html,https://fimgs.net/mdimg/perfume-thumbs/dark-375x500.73149.avif,perfume-images/73149.avif,DOWNLOADED,image/avif
3600,2059-NARC,2059 narc ν,73265,https://www.fragrantica.com/p/73265,https://fimgs.net/mdimg/perfume-thumbs/dark-375x500.73265.avif,perfume-images/73265.avif,DOWNLOADED,image/avif
2877,1897-VICT,BOMBSHELL SUNDRENCHED - VICTORIAS SECRET,73276,https://www.fragrantica.com/perfume/Victoria-s-Secret/Bombshell-Sundrenched-73276.html,https://fimgs.net/mdimg/perfume-thumbs/dark-375x500.73276.avif,perfume-images/73276.avif,DOWNLOADED,image/avif
3523,2116-ARM,MY WAY FLORAL,73284,https://www.fragrantica.com/perfume/Giorgio-Armani/My-Way-Floral-73284.html,https://fimgs.net/mdimg/perfume-thumbs/dark-375x500.73284.avif,perfume-images/73284.avif,DOWNLOADED,image/avif
4014,2332-LTN,notes,73344,https://www.fragrantica.com/perfume/Louis-Vuitton/City-Of-Stars-73344.html,https://fimgs.net/mdimg/perfume-thumbs/dark-375x500.73344.avif,perfume-images/73344.avif,DOWNLOADED,image/avif
3110,1992-ACQ,ZAFFERANO,73365,https://www.fragrantica.com/perfume/Acqua-di-Parma/Zafferano-73365.html,https://fimgs.net/mdimg/perfume-thumbs/dark-375x500.73365.avif,perfume-images/73365.avif,DOWNLOADED,image/avif
2978,1970-CHA,PARIS PARIS,73411,https://www.fragrantica.com/perfume/Chanel/Paris-Paris-73411.html,https://fimgs.net/mdimg/perfume-thumbs/dark-375x500.73411.avif,perfume-images/73411.avif,DOWNLOADED,image/avif
2968,1939-BYR,Vanille Antique,73438,https://www.fragrantica.com/perfume/Byredo/Vanille-Antique-73438.html,https://fimgs.net/mdimg/perfume-thumbs/dark-375x500.73438.avif,perfume-images/73438.avif,DOWNLOADED,image/avif
3536,2125-TRU,THE ITALIAN ARTISTS OF VIA SOLFERINO,73547,https://www.fragrantica.com/perfume/Trussardi/The-Italian-Artists-of-Via-Solferino-73547.html,https://fimgs.net/mdimg/perfume-thumbs/dark-375x500.73547.avif,perfume-images/73547.avif,DOWNLOADED,image/avif
3448,2029-GUC,Tears from the Moon,73560,https://www.fragrantica.com/perfume/Gucci/Tears-From-The-Moon-73560.html,https://fimgs.net/mdimg/perfume-thumbs/dark-375x500.73560.avif,perfume-images/73560.avif,DOWNLOADED,image/avif
3528,2053-BDIK,GRIS CHARNEL EXTRAIT - BDK,73645,https://www.fragrantica.com/perfume/BDK-Parfums/Gris-Charnel-Extrait-73645.html,https://fimgs.net/mdimg/perfume-thumbs/dark-375x500.73645.avif,perfume-images/73645.avif,DOWNLOADED,image/avif
4416,2629-PEN,Sports Car Club,73924,https://www.fragrantica.com/perfume/Penhaligon-s/Sports-Car-Club-73924.html,https://fimgs.net/mdimg/perfume-thumbs/dark-375x500.73924.avif,perfume-images/73924.avif,DOWNLOADED,image/avif
4115,2386-SOL,CHEIROSA 68 BRAZILIAN CRUSH - SOL DE JANEIRO,73990,https://www.fragrantica.com/perfume/Sol-de-Janeiro/Cheirosa-68-73990.html,https://fimgs.net/mdimg/perfume-thumbs/dark-375x500.73990.avif,perfume-images/73990.avif,DOWNLOADED,image/avif
4171,2440-MARC,ENCELADE - MARC ANTONIE BARROIS,74121,https://www.fragrantica.com/perfume/Marc-Antoine-Barrois/Encelade-74121.html,https://fimgs.net/mdimg/perfume-thumbs/dark-375x500.74121.avif,perfume-images/74121.avif,DOWNLOADED,image/avif
2948,1942-LAN,IDOLE NECTAR,74137,https://www.fragrantica.com/perfume/Lancome/Idole-Nectar-74137.html,https://fimgs.net/mdimg/perfume-thumbs/dark-375x500.74137.avif,perfume-images/74137.avif,DOWNLOADED,image/avif
4205,2472-VIC,GOOD FORTUNE,74194,https://www.fragrantica.com/perfume/Viktor-Rolf/Good-Fortune-74194.html,https://fimgs.net/mdimg/perfume-thumbs/dark-375x500.74194.avif,perfume-images/74194.avif,DOWNLOADED,image/avif
2686,1811-ALJA,magic al jazeera,74353,https://www.fragrantica.com/perfume/Al-Jazeera-Perfumes/Magic-74353.html,https://fimgs.net/mdimg/perfume-thumbs/dark-375x500.74353.avif,perfume-images/74353.avif,DOWNLOADED,image/avif
2687,1812-ALJA,palace al jazeera,74402,https://www.fragrantica.com/perfume/Al-Jazeera-Perfumes/Palace-74402.html,https://fimgs.net/mdimg/perfume-thumbs/dark-375x500.74402.avif,perfume-images/74402.avif,DOWNLOADED,image/avif
2860,1910-PRA,INFUSION DE VANILLE - PRADA,74476,https://www.fragrantica.com/perfume/Prada/Infusion-de-Vanille-74476.html,https://fimgs.net/mdimg/perfume-thumbs/dark-375x500.74476.avif,perfume-images/74476.avif,DOWNLOADED,image/avif
5117,2849-STE,HARRODS RUBY NAGA,74594,https://www.fragrantica.com/perfume/Stephane-Humbert-Lucas-777/Harrods-Ruby-Naga-74594.html,https://fimgs.net/mdimg/perfume-thumbs/dark-375x500.74594.avif,perfume-images/74594.avif,DOWNLOADED,image/avif
3502,2035-HER,EAU DE BASILIC POURPRE - HERMES,74600,https://www.fragrantica.com/perfume/Hermes/Eau-de-Basilic-Pourpre-74600.html,https://fimgs.net/mdimg/perfume-thumbs/dark-375x500.74600.avif,perfume-images/74600.avif,DOWNLOADED,image/avif
4113,2384-MAN,FRENCH RIVIERA - MANCERA,74636,https://www.fragrantica.com/perfume/Mancera/French-Riviera-74636.html,https://fimgs.net/mdimg/perfume-thumbs/dark-375x500.74636.avif,perfume-images/74636.avif,DOWNLOADED,image/avif
3476,2049-NISH,PAPILEFIKO - NISHANE,74667,https://www.fragrantica.com/perfume/Nishane/Papilefiko-74667.html,https://fimgs.net/mdimg/perfume-thumbs/dark-375x500.74667.avif,perfume-images/74667.avif,DOWNLOADED,image/avif
3477,2050-NISH,TEMPFLUO - NISHANE,74668,https://www.fragrantica.com/perfume/Nishane/Tempfluo-74668.html,https://fimgs.net/mdimg/perfume-thumbs/dark-375x500.74668.avif,perfume-images/74668.avif,DOWNLOADED,image/avif
3829,2236-NISH,KREDO - NISHANE,74670,https://www.fragrantica.com/perfume/Nishane/Kredo-74670.html,https://fimgs.net/mdimg/perfume-thumbs/dark-375x500.74670.avif,perfume-images/74670.avif,DOWNLOADED,image/avif
3535,2126-GIV,MMW,74819,https://www.fragrantica.com/perfume/Givenchy/MMW-74819.html,https://fimgs.net/mdimg/perfume-thumbs/dark-375x500.74819.avif,perfume-images/74819.avif,DOWNLOADED,image/avif
3785,2205-TMU,ALIEN GODDESS INTENSE,74871,https://www.fragrantica.com/perfume/Mugler/Alien-Goddess-Intense-74871.html,https://fimgs.net/mdimg/perfume-thumbs/dark-375x500.74871.avif,perfume-images/74871.avif,DOWNLOADED,image/avif
4128,2396-GUL,SCANDAL LE PARFUM,74914,https://www.fragrantica.com/perfume/Jean-Paul-Gaultier/Scandal-Le-Parfum-74914.html,https://fimgs.net/mdimg/perfume-thumbs/dark-375x500.74914.avif,perfume-images/74914.avif,DOWNLOADED,image/avif
2858,1918-PAC,FAME,74962,https://www.fragrantica.com/perfume/Rabanne/Fame-74962.html,https://fimgs.net/mdimg/perfume-thumbs/dark-375x500.74962.avif,perfume-images/74962.avif,DOWNLOADED,image/avif
3215,2017-DIE,D - DIESEL,74965,https://www.fragrantica.com/perfume/Diesel/D-by-Diesel-74965.html,https://fimgs.net/mdimg/perfume-thumbs/dark-375x500.74965.avif,perfume-images/74965.avif,DOWNLOADED,image/avif
4655,2694-STE,Pink Boa Stéphane Humbert,75021,https://www.fragrantica.com/perfume/Stephane-Humbert-Lucas-777/Pink-Boa-75021.html,https://fimgs.net/mdimg/perfume-thumbs/dark-375x500.75021.avif,perfume-images/75021.avif,DOWNLOADED,image/avif
3217,2008-EXN,FLEUR NARCOTIQUE EXTRAIT DE PARFUM - EX NIHILO,75061,https://www.fragrantica.com/perfume/Ex-Nihilo/Fleur-Narcotique-Extrait-de-Parfum-75061.html,https://fimgs.net/mdimg/perfume-thumbs/dark-375x500.75061.avif,perfume-images/75061.avif,DOWNLOADED,image/avif
3813,2213-AMG,Opus XIV – Royal Tobacco,75064,https://www.fragrantica.com/perfume/Amouage/Opus-XIV-Royal-Tobacco-75064.html,https://fimgs.net/mdimg/perfume-thumbs/dark-375x500.75064.avif,perfume-images/75064.avif,DOWNLOADED,image/avif
4364,2552-SOR,Night Horse (Ночная Кобыла) Siordia Parfums,75119,https://www.fragrantica.com/perfume/Siordia-Parfums/Night-Horse--75119.html,https://fimgs.net/mdimg/perfume-thumbs/dark-375x500.75119.avif,perfume-images/75119.avif,DOWNLOADED,image/avif
3214,2018-ARM,the notes CODE PARFUM,75126,https://www.fragrantica.com/perfume/Giorgio-Armani/Armani-Code-Parfum-75126.html,https://fimgs.net/mdimg/perfume-thumbs/dark-375x500.75126.avif,perfume-images/75126.avif,DOWNLOADED,image/avif
3446,2019-GUC,Flora Gorgeous Jasmine,75190,https://www.fragrantica.com/perfume/Gucci/Flora-Gorgeous-Jasmine-75190.html,https://fimgs.net/mdimg/perfume-thumbs/dark-375x500.75190.avif,perfume-images/75190.avif,DOWNLOADED,image/avif
3481,2086-VICT,BARE - VICTORIA'S SECRET,75277,https://www.fragrantica.com/perfume/Victoria-s-Secret/Bare-75277.html,https://fimgs.net/mdimg/perfume-thumbs/dark-375x500.75277.avif,perfume-images/75277.avif,DOWNLOADED,image/avif
3480,2041-TMFO,NOIR EXTREME PARFUM,75489,https://www.fragrantica.com/perfume/Tom-Ford/Noir-Extreme-Parfum-75489.html,https://fimgs.net/mdimg/perfume-thumbs/dark-375x500.75489.avif,perfume-images/75489.avif,DOWNLOADED,image/avif
3445,2023-PEN,LEGACY OF PETRA,75584,https://www.fragrantica.com/perfume/Penhaligon-s/Legacy-of-Petra-75584.html,https://fimgs.net/mdimg/perfume-thumbs/dark-375x500.75584.avif,perfume-images/75584.avif,DOWNLOADED,image/avif
3453,2028-ZARK,YOUTH - ZARKOPERFUME,75594,https://www.fragrantica.com/perfume/ZARKOPERFUME/Youth-75594.html,https://fimgs.net/mdimg/perfume-thumbs/dark-375x500.75594.avif,perfume-images/75594.avif,DOWNLOADED,image/avif
3138,2002-DRC,J'ADORE PARFUM D'EAU,75642,https://www.fragrantica.com/perfume/Dior/J-adore-Parfum-d-Eau-75642.html,https://fimgs.net/mdimg/perfume-thumbs/dark-375x500.75642.avif,perfume-images/75642.avif,DOWNLOADED,image/avif
2857,1919-PRA,PARADOXE - PRADA,75668,https://www.fragrantica.com/perfume/Prada/Prada-Paradoxe-75668.html,https://fimgs.net/mdimg/perfume-thumbs/dark-375x500.75668.avif,perfume-images/75668.avif,DOWNLOADED,image/avif
3522,2117-YZLO,LIBRE LE PARFUM,75676,https://www.fragrantica.com/perfume/Yves-Saint-Laurent/Libre-Le-Parfum-75676.html,https://fimgs.net/mdimg/perfume-thumbs/dark-375x500.75676.avif,perfume-images/75676.avif,DOWNLOADED,image/avif
2950,1944-KUR,724,75754,https://www.fragrantica.com/perfume/Maison-Francis-Kurkdjian/724-75754.html,https://fimgs.net/mdimg/perfume-thumbs/dark-375x500.75754.avif,perfume-images/75754.avif,DOWNLOADED,image/avif
3788,2164-LAT,"KHAMRAH - LATTAFA Inspired Perfume Fragrance sweet, warm spicy, amber, vanilla, cinnamon, woody, fresh spicy",75805,https://www.fragrantica.com/p/75805,https://fimgs.net/mdimg/perfume-thumbs/dark-375x500.75805.avif,perfume-images/75805.avif,DOWNLOADED,image/avif
4483,2658-CHA,Sycomore Parfum,75821,https://www.fragrantica.com/perfume/Chanel/Sycomore-Parfum-75821.html,https://fimgs.net/mdimg/perfume-thumbs/dark-375x500.75821.avif,perfume-images/75821.avif,DOWNLOADED,image/avif
4288,2559-LAT,Ra'ed Silver Lattafa Perfumes,75900,https://www.fragrantica.com/perfume/Lattafa-Perfumes/Ra-ed-Silver-75900.html,https://fimgs.net/mdimg/perfume-thumbs/dark-375x500.75900.avif,perfume-images/75900.avif,DOWNLOADED,image/avif
4429,2613-SOS,Vibrato Sospiro Perfume,75930,https://www.fragrantica.com/perfume/Sospiro-Perfumes/Vibrato-75930.html,https://fimgs.net/mdimg/perfume-thumbs/dark-375x500.75930.avif,perfume-images/75930.avif,DOWNLOADED,image/avif
4206,2471-SOS,PASTICCIO - SOSPIRO,75940,https://www.fragrantica.com/perfume/Sospiro-Perfumes/Pasticcio-75940.html,https://fimgs.net/mdimg/perfume-thumbs/dark-375x500.75940.avif,perfume-images/75940.avif,DOWNLOADED,image/avif
4423,2630-SOS,Erba Pura Magica Sospiro,75942,https://www.fragrantica.com/perfume/Sospiro-Perfumes/Erba-Pura-Magica-75942.html,https://fimgs.net/mdimg/perfume-thumbs/dark-375x500.75942.avif,perfume-images/75942.avif,DOWNLOADED,image/avif
3120,2005-EXN,SANTAL CALLING - EX NIHILO,75961,https://www.fragrantica.com/perfume/Ex-Nihilo/Santal-Calling-75961.html,https://fimgs.net/mdimg/perfume-thumbs/dark-375x500.75961.avif,perfume-images/75961.avif,DOWNLOADED,image/avif
4174,2443-BRB,BURBERRY HER ELIXIR DE PARFUM,75968,https://www.fragrantica.com/perfume/Burberry/Burberry-Her-Elixir-de-Parfum-75968.html,https://fimgs.net/mdimg/perfume-thumbs/dark-375x500.75968.avif,perfume-images/75968.avif,DOWNLOADED,image/avif
4780,2718-GUR,Shalimar Millesime Tonka,76063,https://www.fragrantica.com/perfume/Guerlain/Shalimar-Millesime-Tonka-76063.html,https://fimgs.net/mdimg/perfume-thumbs/dark-375x500.76063.avif,perfume-images/76063.avif,DOWNLOADED,image/avif
3797,2209-MATIE,crystal saffron matiere premiere,76131,https://www.fragrantica.com/perfume/Matiere-Premiere/Crystal-Saffron-76131.html,https://fimgs.net/mdimg/perfume-thumbs/dark-375x500.76131.avif,perfume-images/76131.avif,DOWNLOADED,image/avif
3474,2043-VER,DYLAN PURPLE,76274,https://www.fragrantica.com/perfume/Versace/Versace-Pour-Femme-Dylan-Purple-76274.html,https://fimgs.net/mdimg/perfume-thumbs/dark-375x500.76274.avif,perfume-images/76274.avif,DOWNLOADED,image/avif
4963,2754-CHL,Rose Naturelle Intense Chloe,76287,https://www.fragrantica.com/perfume/Chloe/Chloe-Rose-Naturelle-Intense-76287.html,https://fimgs.net/mdimg/perfume-thumbs/dark-375x500.76287.avif,perfume-images/76287.avif,DOWNLOADED,image/avif
4755,2704-GUR,Cherry Oud Guerl,76302,https://www.fragrantica.com/perfume/Guerlain/Cherry-Oud-76302.html,https://fimgs.net/mdimg/perfume-thumbs/dark-375x500.76302.avif,perfume-images/76302.avif,DOWNLOADED,image/avif
3121,2004-BYR,Eyes Closed,76339,https://www.fragrantica.com/perfume/Byredo/Eyes-Closed-76339.html,https://fimgs.net/mdimg/perfume-thumbs/dark-375x500.76339.avif,perfume-images/76339.avif,DOWNLOADED,image/avif
3532,2054-CAR,BAD BOY GOLD FANTASY,76365,https://www.fragrantica.com/perfume/Carolina-Herrera/Bad-Boy-Gold-Fantasy-76365.html,https://fimgs.net/mdimg/perfume-thumbs/dark-375x500.76365.avif,perfume-images/76365.avif,DOWNLOADED,image/avif
4191,2466-ELIZ,white tea eau de parfum elizabeth arden dupe,76395,https://www.fragrantica.com/perfume/Elizabeth-Arden/White-Tea-Eau-de-Parfum-76395.html,https://fimgs.net/mdimg/perfume-thumbs/dark-375x500.76395.avif,perfume-images/76395.avif,DOWNLOADED,image/avif
4372,2583-INI,Paragon Initio Parfums,76580,https://www.fragrantica.com/perfume/Initio-Parfums-Prives/Paragon-76580.html,https://fimgs.net/mdimg/perfume-thumbs/dark-375x500.76580.avif,perfume-images/76580.avif,DOWNLOADED,image/avif
4134,2395-XER,Erba Gold,76683,https://www.fragrantica.com/perfume/Xerjoff/Erba-Gold-76683.html,https://fimgs.net/mdimg/perfume-thumbs/dark-375x500.76683.avif,perfume-images/76683.avif,DOWNLOADED,image/avif
3603,2060-BAT,WHISKEY RESERVE - BATH & BODY WORKS,76785,https://www.fragrantica.com/perfume/Bath-Body-Works/Whiskey-Reserve-76785.html,https://fimgs.net/mdimg/perfume-thumbs/dark-375x500.76785.avif,perfume-images/76785.avif,DOWNLOADED,image/avif
3521,2115-EST,OASIS DAWN - ESTEE LAUDER,76833,https://www.fragrantica.com/perfume/Estee-Lauder/Oasis-Dawn-76833.html,https://fimgs.net/mdimg/perfume-thumbs/dark-375x500.76833.avif,perfume-images/76833.avif,DOWNLOADED,image/avif
3922,2286-YZLO,LAVALLIERE,76844,https://www.fragrantica.com/perfume/Yves-Saint-Laurent/Lavalliere-76844.html,https://fimgs.net/mdimg/perfume-thumbs/dark-375x500.76844.avif,perfume-images/76844.avif,DOWNLOADED,image/avif
4149,2412-LAT,YARA - LATTAFA,76880,https://www.fragrantica.com/perfume/Lattafa-Perfumes/Yara-76880.html,https://fimgs.net/mdimg/perfume-thumbs/dark-375x500.76880.avif,perfume-images/76880.avif,DOWNLOADED,image/avif
3354,2015-MAN,TONKA COLA - MANCERA,76893,https://www.fragrantica.com/perfume/Mancera/Tonka-Cola-76893.html,https://fimgs.net/mdimg/perfume-thumbs/dark-375x500.76893.avif,perfume-images/76893.avif,DOWNLOADED,image/avif
3450,2027-VICT,TEASE SUGAR FLEUR - VICTORIA'S SECRET,76967,https://www.fragrantica.com/perfume/Victoria-s-Secret/Tease-Sugar-Fleur-76967.html,https://fimgs.net/mdimg/perfume-thumbs/dark-375x500.76967.avif,perfume-images/76967.avif,DOWNLOADED,image/avif
4122,2391-XER,Torino22,77059,https://www.fragrantica.com/perfume/Xerjoff/Torino22-77059.html,https://fimgs.net/mdimg/perfume-thumbs/dark-375x500.77059.avif,perfume-images/77059.avif,DOWNLOADED,image/avif
3799,2163-SNI,dead dinosaur snif,77309,https://www.fragrantica.com/p/77309,https://fimgs.net/mdimg/perfume-thumbs/dark-375x500.77309.avif,perfume-images/77309.avif,DOWNLOADED,image/avif
3661,2165-KAY,VANILLA ROYALE SUGARED PATCHOULI - KAYALI,77430,https://www.fragrantica.com/p/77430,https://fimgs.net/mdimg/perfume-thumbs/dark-375x500.77430.avif,perfume-images/77430.avif,DOWNLOADED,image/avif
3538,2128-BEN,we are tribe βενεττον,77611,https://www.fragrantica.com/perfume/Benetton/We-Are-Tribe-77611.html,https://fimgs.net/mdimg/perfume-thumbs/dark-375x500.77611.avif,perfume-images/77611.avif,DOWNLOADED,image/avif
3518,2121-CAR,MAD WORLD,77688,https://www.fragrantica.com/perfume/Carolina-Herrera/Mad-World-77688.html,https://fimgs.net/mdimg/perfume-thumbs/dark-375x500.77688.avif,perfume-images/77688.avif,DOWNLOADED,image/avif
3517,2120-CAR,LUCKY CHARM,77689,https://www.fragrantica.com/perfume/Carolina-Herrera/Lucky-Charm-77689.html,https://fimgs.net/mdimg/perfume-thumbs/dark-375x500.77689.avif,perfume-images/77689.avif,DOWNLOADED,image/avif
3619,2159-CAR,CALL ME DARLING,77691,https://www.fragrantica.com/perfume/Carolina-Herrera/Call-Me-Darling-77691.html,https://fimgs.net/mdimg/perfume-thumbs/dark-375x500.77691.avif,perfume-images/77691.avif,DOWNLOADED,image/avif
3519,2124-CAR,ALEGRIA DE VIVIR,77692,https://www.fragrantica.com/perfume/Carolina-Herrera/Alegria-de-Vivir-77692.html,https://fimgs.net/mdimg/perfume-thumbs/dark-375x500.77692.avif,perfume-images/77692.avif,DOWNLOADED,image/avif
253,1165-HUG,ENERGISE - HUGO BOSS,77736,https://www.fragrantica.com/perfume/Avon/Energise-77736.html,https://fimgs.net/mdimg/perfume-thumbs/dark-375x500.77736.avif,perfume-images/77736.avif,DOWNLOADED,image/avif
3534,2056-ARIA,MOD BLUSH - ARIANA GRANDE,77800,https://www.fragrantica.com/perfume/Ariana-Grande/Mod-Blush-77800.html,https://fimgs.net/mdimg/perfume-thumbs/dark-375x500.77800.avif,perfume-images/77800.avif,DOWNLOADED,image/avif
4239,2490-MARG,On A Date,78292,https://www.fragrantica.com/perfume/Maison-Martin-Margiela/On-A-Date-78292.html,https://fimgs.net/mdimg/perfume-thumbs/dark-375x500.78292.avif,perfume-images/78292.avif,DOWNLOADED,image/avif
3601,2063-MNT,HERBAL AQUATICA - MONTALE,78379,https://www.fragrantica.com/perfume/Montale/Herbal-Aquatica-78379.html,https://fimgs.net/mdimg/perfume-thumbs/dark-375x500.78379.avif,perfume-images/78379.avif,DOWNLOADED,image/avif
4332,2543-HUG,The Scent For Him Magnetic,78424,https://www.fragrantica.com/perfume/Hugo-Boss/Boss-The-Scent-For-Him-Magnetic-78424.html,https://fimgs.net/mdimg/perfume-thumbs/dark-375x500.78424.avif,perfume-images/78424.avif,DOWNLOADED,image/avif
3595,2149-ESC,SANTORINI SUNRISE - ESCADA,78425,https://www.fragrantica.com/p/78425,https://fimgs.net/mdimg/perfume-thumbs/dark-375x500.78425.avif,perfume-images/78425.avif,DOWNLOADED,image/avif
3599,2061-YZLO,BLACK OPIUM LE PARFUM,78427,https://www.fragrantica.com/perfume/Yves-Saint-Laurent/Black-Opium-Le-Parfum-78427.html,https://fimgs.net/mdimg/perfume-thumbs/dark-375x500.78427.avif,perfume-images/78427.avif,DOWNLOADED,image/avif
3524,2119-ARM,MY WAY PARFUM,78561,https://www.fragrantica.com/perfume/Giorgio-Armani/My-Way-Parfum-78561.html,https://fimgs.net/mdimg/perfume-thumbs/dark-375x500.78561.avif,perfume-images/78561.avif,DOWNLOADED,image/avif
3563,2136-PARF,2136 parf ν,78574,https://www.fragrantica.com/perfume/Parfums-de-Marly/Valaya-78574.html,https://fimgs.net/mdimg/perfume-thumbs/dark-375x500.78574.avif,perfume-images/78574.avif,DOWNLOADED,image/avif
4168,2442-PAC,INVICTUS VICTORY ELIXIR,78575,https://www.fragrantica.com/perfume/Rabanne/Invictus-Victory-Elixir-78575.html,https://fimgs.net/mdimg/perfume-thumbs/dark-375x500.78575.avif,perfume-images/78575.avif,DOWNLOADED,image/avif
3513,2052-CAR,GOOD GIRL BLUSH,78576,https://www.fragrantica.com/perfume/Carolina-Herrera/Good-Girl-Blush-78576.html,https://fimgs.net/mdimg/perfume-thumbs/dark-375x500.78576.avif,perfume-images/78576.avif,DOWNLOADED,image/avif
3526,2038-TMFO,CHERRY SMOKE,78578,https://www.fragrantica.com/perfume/Tom-Ford/Cherry-Smoke-78578.html,https://fimgs.net/mdimg/perfume-thumbs/dark-375x500.78578.avif,perfume-images/78578.avif,DOWNLOADED,image/avif
3724,2208-TMU,Angel Elixir,78581,https://www.fragrantica.com/perfume/Mugler/Angel-Elixir-78581.html,https://fimgs.net/mdimg/perfume-thumbs/dark-375x500.78581.avif,perfume-images/78581.avif,DOWNLOADED,image/avif
3592,2147-TMFO,ELECTRIC CHERRY,78583,https://www.fragrantica.com/perfume/Tom-Ford/Electric-Cherry-78583.html,https://fimgs.net/mdimg/perfume-thumbs/dark-375x500.78583.avif,perfume-images/78583.avif,DOWNLOADED,image/avif
3602,2151-GIV,GENTLEMAN SOCIETY,78639,https://www.fragrantica.com/perfume/Givenchy/Gentleman-Society-78639.html,https://fimgs.net/mdimg/perfume-thumbs/dark-375x500.78639.avif,perfume-images/78639.avif,DOWNLOADED,image/avif
4009,2348-AMG,Guidance,78656,https://www.fragrantica.com/perfume/Amouage/Guidance-78656.html,https://fimgs.net/mdimg/perfume-thumbs/dark-375x500.78656.avif,perfume-images/78656.avif,DOWNLOADED,image/avif
4095,2365-DIP,L'EAU PAPIER,78658,https://www.fragrantica.com/p/78658,https://fimgs.net/mdimg/perfume-thumbs/dark-375x500.78658.avif,perfume-images/78658.avif,DOWNLOADED,image/avif
4185,2454-KIL,CAN'T STOP LOVING YOU - KILIAN,78735,https://www.fragrantica.com/perfume/By-Kilian/Can-t-Stop-Loving-You-78735.html,https://fimgs.net/mdimg/perfume-thumbs/dark-375x500.78735.avif,perfume-images/78735.avif,DOWNLOADED,image/avif
3932,2287-VAL,DONNA BORN IN ROMA INTENSE - VALENTINO,78739,https://www.fragrantica.com/perfume/Valentino/Valentino-Donna-Born-In-Roma-Intense-78739.html,https://fimgs.net/mdimg/perfume-thumbs/dark-375x500.78739.avif,perfume-images/78739.avif,DOWNLOADED,image/avif
3673,2183-MIY,Miu Miu Fleur de Lait,78755,https://www.fragrantica.com/p/78755,https://fimgs.net/mdimg/perfume-thumbs/dark-375x500.78755.avif,perfume-images/78755.avif,DOWNLOADED,image/avif
3617,2156-NRO,FOR HER FOREVER - RODRIGUEZ,78835,https://www.fragrantica.com/perfume/Narciso-Rodriguez/Narciso-Rodriguez-For-Her-Forever-78835.html,https://fimgs.net/mdimg/perfume-thumbs/dark-375x500.78835.avif,perfume-images/78835.avif,DOWNLOADED,image/avif
3533,2055-BAT,DREAM BRIGHT - BATH & BODY WORKS,78849,https://www.fragrantica.com/p/78849,https://fimgs.net/mdimg/perfume-thumbs/dark-375x500.78849.avif,perfume-images/78849.avif,DOWNLOADED,image/avif
4846,2748-BORN,Drunk Saffron BORNTOSTANDOUT,78857,https://www.fragrantica.com/perfume/BORNTOSTANDOUT/Drunk-Saffron-78857.html,https://fimgs.net/mdimg/perfume-thumbs/dark-375x500.78857.avif,perfume-images/78857.avif,DOWNLOADED,image/avif
3241,2012-DOL,Q QUEEN,78873,https://www.fragrantica.com/perfume/Dolce-Gabbana/Q-by-Dolce-Gabbana-78873.html,https://fimgs.net/mdimg/perfume-thumbs/dark-375x500.78873.avif,perfume-images/78873.avif,DOWNLOADED,image/avif
4088,2062-PAC,ONE MILLION ROYAL,79159,https://www.fragrantica.com/perfume/Rabanne/1-Million-Royal-79159.html,https://fimgs.net/mdimg/perfume-thumbs/dark-375x500.79159.avif,perfume-images/79159.avif,DOWNLOADED,image/avif
3587,2144-ARM,STRONGER WITH YOU LIMITED EDITION,79166,https://www.fragrantica.com/perfume/Giorgio-Armani/Stronger-With-You-Limited-Edition-79166.html,https://fimgs.net/mdimg/perfume-thumbs/dark-375x500.79166.avif,perfume-images/79166.avif,DOWNLOADED,image/avif
3515,2114-HER,UN JARDIN A CYTHERE - HERMES,79225,https://www.fragrantica.com/perfume/Hermes/Un-Jardin-a-Cythere-79225.html,https://fimgs.net/mdimg/perfume-thumbs/dark-375x500.79225.avif,perfume-images/79225.avif,DOWNLOADED,image/avif
3802,2214-CAR,STALLION LEATHER,79237,https://www.fragrantica.com/perfume/Carolina-Herrera/Stallion-Leather-79237.html,https://fimgs.net/mdimg/perfume-thumbs/dark-375x500.79237.avif,perfume-images/79237.avif,DOWNLOADED,image/avif
3479,2071-LAN,LA VIE EST BELLE IRIS ABSOLU,79245,https://www.fragrantica.com/perfume/Lancome/La-Vie-Est-Belle-Iris-Absolu-79245.html,https://fimgs.net/mdimg/perfume-thumbs/dark-375x500.79245.avif,perfume-images/79245.avif,DOWNLOADED,image/avif
572,474-CAL,OBSESSED - CALVIN KLEIN,79356,https://www.fragrantica.com/perfume/We-Pink/Obsessed-79356.html,https://fimgs.net/mdimg/perfume-thumbs/dark-375x500.79356.avif,perfume-images/79356.avif,DOWNLOADED,image/avif
3590,2057-ESCE,MOLECULE 01 + BLACK TEA - ESCENTRIC,79414,https://www.fragrantica.com/p/79414,https://fimgs.net/mdimg/perfume-thumbs/dark-375x500.79414.avif,perfume-images/79414.avif,DOWNLOADED,image/avif
3516,2122-GUR,ROSA ROSSA HARVEST - GUERLAIN,79472,https://www.fragrantica.com/perfume/Guerlain/Rosa-Rossa-Harvest-79472.html,https://fimgs.net/mdimg/perfume-thumbs/dark-375x500.79472.avif,perfume-images/79472.avif,DOWNLOADED,image/avif
3520,2118-GUC,Bloom Intense,79602,https://www.fragrantica.com/perfume/Gucci/Gucci-Bloom-Intense-79602.html,https://fimgs.net/mdimg/perfume-thumbs/dark-375x500.79602.avif,perfume-images/79602.avif,DOWNLOADED,image/avif
4176,2447-MARC,GANYMEDE EXTRAIT - MARC ANTONIE BARROIS,79632,https://www.fragrantica.com/perfume/Marc-Antoine-Barrois/Ganymede-Extrait-79632.html,https://fimgs.net/mdimg/perfume-thumbs/dark-375x500.79632.avif,perfume-images/79632.avif,DOWNLOADED,image/avif
4086,2361-ARM,STRONGER WITH YOU AMBER,79699,https://www.fragrantica.com/perfume/Giorgio-Armani/Emporio-Armani-Stronger-With-You-Amber-79699.html,https://fimgs.net/mdimg/perfume-thumbs/dark-375x500.79699.avif,perfume-images/79699.avif,DOWNLOADED,image/avif
3623,2157-BLG,MA MAGNIFICΑ,79715,https://www.fragrantica.com/perfume/Bvlgari/Ma-magnifica-79715.html,https://fimgs.net/mdimg/perfume-thumbs/dark-375x500.79715.avif,perfume-images/79715.avif,DOWNLOADED,image/avif
3514,2123-KIL,BLUE MOON GINGER DASH - KILIAN,79731,https://www.fragrantica.com/perfume/By-Kilian/Blue-Moon-Ginger-Dash-79731.html,https://fimgs.net/mdimg/perfume-thumbs/dark-375x500.79731.avif,perfume-images/79731.avif,DOWNLOADED,image/avif
3537,2127-HUG,BOSS BOTTLED PACIFIC,79762,https://www.fragrantica.com/perfume/Hugo-Boss/Boss-Bottled-Pacific-79762.html,https://fimgs.net/mdimg/perfume-thumbs/dark-375x500.79762.avif,perfume-images/79762.avif,DOWNLOADED,image/avif
3618,2155-KAY,YUM PISTACHIO GELATO - KAYALI,79846,https://www.fragrantica.com/perfume/Kayali-Fragrances/Yum-Pistachio-Gelato-33-79846.html,https://fimgs.net/mdimg/perfume-thumbs/dark-375x500.79846.avif,perfume-images/79846.avif,DOWNLOADED,image/avif
4406,2603-JUL,Lust for Sun Juliette Has A Gun,80004,https://www.fragrantica.com/perfume/Juliette-Has-A-Gun/Lust-for-Sun-80004.html,https://fimgs.net/mdimg/perfume-thumbs/dark-375x500.80004.avif,perfume-images/80004.avif,DOWNLOADED,image/avif
3894,2263-NAS,2263 nas ν,80076,https://www.fragrantica.com/perfume/Nasomatto/Sadonaso-80076.html,https://fimgs.net/mdimg/perfume-thumbs/dark-375x500.80076.avif,perfume-images/80076.avif,DOWNLOADED,image/avif
3787,2204-TMFO,the notes SOLEIL DE FEU,80083,https://www.fragrantica.com/perfume/Tom-Ford/Soleil-de-Feu-80083.html,https://fimgs.net/mdimg/perfume-thumbs/dark-375x500.80083.avif,perfume-images/80083.avif,DOWNLOADED,image/avif
3798,2202-ROJ,BLU - ROJA DOVE,80177,https://www.fragrantica.com/p/80177,https://fimgs.net/mdimg/perfume-thumbs/dark-375x500.80177.avif,perfume-images/80177.avif,DOWNLOADED,image/avif
4108,2374-MICA,GN TONIC - MICALLEF,80353,https://www.fragrantica.com/p/80353,https://fimgs.net/mdimg/perfume-thumbs/dark-375x500.80353.avif,perfume-images/80353.avif,DOWNLOADED,image/avif
5115,2847-NISH,HUNDRED SILENT WAYS X,80463,https://www.fragrantica.com/perfume/Nishane/Hundred-Silent-Ways-X-80463.html,https://fimgs.net/mdimg/perfume-thumbs/dark-375x500.80463.avif,perfume-images/80463.avif,DOWNLOADED,image/avif
4285,2556-LAT,Yara Moi Lattafa Perfumes,80722,https://www.fragrantica.com/perfume/Lattafa-Perfumes/Yara-Moi-80722.html,https://fimgs.net/mdimg/perfume-thumbs/dark-375x500.80722.avif,perfume-images/80722.avif,DOWNLOADED,image/avif
3790,2201-LTN,notes,81423,https://www.fragrantica.com/perfume/Louis-Vuitton/Pacific-Chill-81423.html,https://fimgs.net/mdimg/perfume-thumbs/dark-375x500.81423.avif,perfume-images/81423.avif,DOWNLOADED,image/avif
4488,2644-PAZZ,Summer Hammer Lorenzo Pazzaglia,81476,https://www.fragrantica.com/perfume/Lorenzo-Pazzaglia/Summer-Hammer-81476.html,https://fimgs.net/mdimg/perfume-thumbs/dark-375x500.81476.avif,perfume-images/81476.avif,DOWNLOADED,image/avif
2630,1759-LTN,LES,81501,https://www.fragrantica.com/perfume/Boy-Smells/Les-81501.html,https://fimgs.net/mdimg/perfume-thumbs/dark-375x500.81501.avif,perfume-images/81501.avif,DOWNLOADED,image/avif
4137,2402-AKR,bake akro dupe,81614,https://www.fragrantica.com/perfume/Akro/Bake-81614.html,https://fimgs.net/mdimg/perfume-thumbs/dark-375x500.81614.avif,perfume-images/81614.avif,DOWNLOADED,image/avif
3786,2167-GUL,LE MALE ELIXIR,81642,https://www.fragrantica.com/perfume/Jean-Paul-Gaultier/Le-Male-Elixir-81642.html,https://fimgs.net/mdimg/perfume-thumbs/dark-375x500.81642.avif,perfume-images/81642.avif,DOWNLOADED,image/avif
3941,2300-MNT,INFINITY - MONTALE,81773,https://www.fragrantica.com/perfume/Montale/Infinity-81773.html,https://fimgs.net/mdimg/perfume-thumbs/dark-375x500.81773.avif,perfume-images/81773.avif,DOWNLOADED,image/avif
4131,2407-LAN,IDOLE NOW,81792,https://www.fragrantica.com/perfume/Lancome/Idole-Now-81792.html,https://fimgs.net/mdimg/perfume-thumbs/dark-375x500.81792.avif,perfume-images/81792.avif,DOWNLOADED,image/avif
3929,2271-ROJ,2271 roj ν,81839,https://www.fragrantica.com/p/81839,https://fimgs.net/mdimg/perfume-thumbs/dark-375x500.81839.avif,perfume-images/81839.avif,DOWNLOADED,image/avif
3915,,IVIERA,81847,https://www.fragrantica.com/perfume/Dior/Dioriviera-81847.html,https://fimgs.net/mdimg/perfume-thumbs/dark-375x500.81847.avif,perfume-images/81847.avif,DOWNLOADED,image/avif
4836,2737-BORN,Drunk Lovers BORNTOSTANDOUT,81882,https://www.fragrantica.com/perfume/BORNTOSTANDOUT/Drunk-Lovers-81882.html,https://fimgs.net/mdimg/perfume-thumbs/dark-375x500.81882.avif,perfume-images/81882.avif,DOWNLOADED,image/avif
4278,2569-GOLD,Ingenious Ginger Goldfield & Banks Australia,81895,https://www.fragrantica.com/perfume/Goldfield-Banks-Australia/Ingenious-Ginger-81895.html,https://fimgs.net/mdimg/perfume-thumbs/dark-375x500.81895.avif,perfume-images/81895.avif,DOWNLOADED,image/avif
4656,2695-STE,Soleil de Jeddah - Mango Kiss Stéphane Humbert,81913,https://www.fragrantica.com/perfume/Stephane-Humbert-Lucas-777/Soleil-de-Jeddah-Mango-Kiss-81913.html,https://fimgs.net/mdimg/perfume-thumbs/dark-375x500.81913.avif,perfume-images/81913.avif,DOWNLOADED,image/avif
3836,2245-KUR,AQUA MEDIA COLOGNE FORTE,82030,https://www.fragrantica.com/perfume/Maison-Francis-Kurkdjian/Aqua-Media-Cologne-Forte-82030.html,https://fimgs.net/mdimg/perfume-thumbs/dark-375x500.82030.avif,perfume-images/82030.avif,DOWNLOADED,image/avif
3616,2158-MNT,RENDEZ VOUS A PARIS - MONTALE,82127,https://www.fragrantica.com/perfume/Montale/Rendez-vous-a-Paris-82127.html,https://fimgs.net/mdimg/perfume-thumbs/dark-375x500.82127.avif,perfume-images/82127.avif,DOWNLOADED,image/avif
4653,2692-SOL,Rio Radiance Sol de Janeiro,82595,https://www.fragrantica.com/p/82595,https://fimgs.net/mdimg/perfume-thumbs/dark-375x500.82595.avif,perfume-images/82595.avif,DOWNLOADED,image/avif
5014,2773-RIT,The Rituals of Mehr,83081,https://www.fragrantica.com/perfume/Rituals/The-Rituals-of-Mehr-Body-Mist-83081.html,https://fimgs.net/mdimg/perfume-thumbs/dark-375x500.83081.avif,perfume-images/83081.avif,DOWNLOADED,image/avif
4037,2358-KAY,THE WEDDING VELVET SANTAL 35 - KAYALI,83207,https://www.fragrantica.com/perfume/Kayali-Fragrances/The-Wedding-Velvet-Santal-35-83207.html,https://fimgs.net/mdimg/perfume-thumbs/dark-375x500.83207.avif,perfume-images/83207.avif,DOWNLOADED,image/avif
4670,2688-KAY,The Wedding Silk Santal | 36 Kayali Fragrances,83208,https://www.fragrantica.com/perfume/Kayali-Fragrances/The-Wedding-Silk-Santal-36-83208.html,https://fimgs.net/mdimg/perfume-thumbs/dark-375x500.83208.avif,perfume-images/83208.avif,DOWNLOADED,image/avif
3910,2257-YZLO,LIBRE L'ABSOLU PLATINE,83296,https://www.fragrantica.com/perfume/Yves-Saint-Laurent/Libre-L-Absolu-Platine-83296.html,https://fimgs.net/mdimg/perfume-thumbs/dark-375x500.83296.avif,perfume-images/83296.avif,DOWNLOADED,image/avif
4273,2558-LAT,Bade'e Al Oud Sublime Lattafa Perfumes,83309,https://www.fragrantica.com/perfume/Lattafa-Perfumes/Bade-e-Al-Oud-Sublime-83309.html,https://fimgs.net/mdimg/perfume-thumbs/dark-375x500.83309.avif,perfume-images/83309.avif,DOWNLOADED,image/avif
3842,2249-BYR,Rouge Chaotique,83369,https://www.fragrantica.com/perfume/Byredo/Rouge-Chaotique-83369.html,https://fimgs.net/mdimg/perfume-thumbs/dark-375x500.83369.avif,perfume-images/83369.avif,DOWNLOADED,image/avif
3687,2162-BRB,Goddess,83483,https://www.fragrantica.com/perfume/Burberry/Goddess-83483.html,https://fimgs.net/mdimg/perfume-thumbs/dark-375x500.83483.avif,perfume-images/83483.avif,DOWNLOADED,image/avif
3837,2246-GUC,Flora Gorgeous Magnolia,83621,https://www.fragrantica.com/perfume/Gucci/Flora-Gorgeous-Magnolia-83621.html,https://fimgs.net/mdimg/perfume-thumbs/dark-375x500.83621.avif,perfume-images/83621.avif,DOWNLOADED,image/avif
3784,2160-ZAR,barbie zara,83741,https://www.fragrantica.com/perfume/Zara/Barbie-83741.html,https://fimgs.net/mdimg/perfume-thumbs/dark-375x500.83741.avif,perfume-images/83741.avif,DOWNLOADED,image/avif
4232,2479-PHL,Father Figure Phlur,83775,https://www.fragrantica.com/perfume/Phlur/Father-Figure-83775.html,https://fimgs.net/mdimg/perfume-thumbs/dark-375x500.83775.avif,perfume-images/83775.avif,DOWNLOADED,image/avif
4213,2509-CRIVEL,OUD MARACUJA - CRIVELLI,83842,https://www.fragrantica.com/perfume/Maison-Crivelli/Oud-Maracuja-83842.html,https://fimgs.net/mdimg/perfume-thumbs/dark-375x500.83842.avif,perfume-images/83842.avif,DOWNLOADED,image/avif
4340,2568-GIV,L'Interdit Eau de Parfum Rouge Ultime,83865,https://www.fragrantica.com/perfume/Givenchy/L-Interdit-Eau-de-Parfum-Rouge-Ultime-83865.html,https://fimgs.net/mdimg/perfume-thumbs/dark-375x500.83865.avif,perfume-images/83865.avif,DOWNLOADED,image/avif
3826,2241-GUL,DIVINE,83889,https://www.fragrantica.com/perfume/Jean-Paul-Gaultier/Gaultier-Divine-83889.html,https://fimgs.net/mdimg/perfume-thumbs/dark-375x500.83889.avif,perfume-images/83889.avif,DOWNLOADED,image/avif
3913,2279-LEL,MYRRHE 55 - LE LABO,83918,https://www.fragrantica.com/perfume/Le-Labo/Myrrhe-55-Shanghai-83918.html,https://fimgs.net/mdimg/perfume-thumbs/dark-375x500.83918.avif,perfume-images/83918.avif,DOWNLOADED,image/avif
3834,2243-TMFO,MYRRHE MYSTERE,83981,https://www.fragrantica.com/perfume/Tom-Ford/Myrrhe-Mystere-83981.html,https://fimgs.net/mdimg/perfume-thumbs/dark-375x500.83981.avif,perfume-images/83981.avif,DOWNLOADED,image/avif
3828,2235-PRA,PARADOXE INTENSE - PRADA,83988,https://www.fragrantica.com/perfume/Prada/Prada-Paradoxe-Intense-83988.html,https://fimgs.net/mdimg/perfume-thumbs/dark-375x500.83988.avif,perfume-images/83988.avif,DOWNLOADED,image/avif
4178,2444-ARIA,CLOUD PINK - ARIANA GRANDE,83995,https://www.fragrantica.com/perfume/Ariana-Grande/Cloud-Pink-83995.html,https://fimgs.net/mdimg/perfume-thumbs/dark-375x500.83995.avif,perfume-images/83995.avif,DOWNLOADED,image/avif
4272,2570-JOM,English Pear & Sweet Pea Jo Malone,84035,https://www.fragrantica.com/perfume/Jo-Malone-London/English-Pear-Sweet-Pea-84035.html,https://fimgs.net/mdimg/perfume-thumbs/dark-375x500.84035.avif,perfume-images/84035.avif,DOWNLOADED,image/avif
4175,2445-CAR,GOOD GIRL DAZZLING GARDEN,84049,https://www.fragrantica.com/perfume/Carolina-Herrera/Good-Girl-Dazzling-Garden-84049.html,https://fimgs.net/mdimg/perfume-thumbs/dark-375x500.84049.avif,perfume-images/84049.avif,DOWNLOADED,image/avif
4346,2593-HUG,Bottled Elixir,84074,https://www.fragrantica.com/perfume/Hugo-Boss/Boss-Bottled-Elixir-84074.html,https://fimgs.net/mdimg/perfume-thumbs/dark-375x500.84074.avif,perfume-images/84074.avif,DOWNLOADED,image/avif
3794,2211-YZLO,MYSLF,84094,https://www.fragrantica.com/perfume/Yves-Saint-Laurent/MYSLF-Eau-de-Parfum-84094.html,https://fimgs.net/mdimg/perfume-thumbs/dark-375x500.84094.avif,perfume-images/84094.avif,DOWNLOADED,image/avif
4961,2752-SAB,Sweet Tooth Caramel Dream Sabrina Carpenter,84095,https://www.fragrantica.com/perfume/Sabrina-Carpenter/Sweet-Tooth-Caramel-Dream-84095.html,https://fimgs.net/mdimg/perfume-thumbs/dark-375x500.84095.avif,perfume-images/84095.avif,DOWNLOADED,image/avif
3890,2261-PARF,ALTHAIR - PARFUMS DE MARLY,84109,https://www.fragrantica.com/perfume/Parfums-de-Marly/Althair-84109.html,https://fimgs.net/mdimg/perfume-thumbs/dark-375x500.84109.avif,perfume-images/84109.avif,DOWNLOADED,image/avif
3815,2217-NRO,ALL OF ME - RODRIG,84201,https://www.fragrantica.com/perfume/Narciso-Rodriguez/All-Of-Me-84201.html,https://fimgs.net/mdimg/perfume-thumbs/dark-375x500.84201.avif,perfume-images/84201.avif,DOWNLOADED,image/avif
4361,2535-DRC,J'adore L'Or (2023),84202,https://www.fragrantica.com/perfume/Dior/J-adore-L-Or-2023-84202.html,https://fimgs.net/mdimg/perfume-thumbs/dark-375x500.84202.avif,perfume-images/84202.avif,DOWNLOADED,image/avif
3964,2325-CRD,Carmina,84206,https://www.fragrantica.com/perfume/Creed/Carmina-84206.html,https://fimgs.net/mdimg/perfume-thumbs/dark-375x500.84206.avif,perfume-images/84206.avif,DOWNLOADED,image/avif
4121,2387-EXN,Blue Talisman Ex Nihilo,84224,https://www.fragrantica.com/perfume/Ex-Nihilo/Blue-Talisman-84224.html,https://fimgs.net/mdimg/perfume-thumbs/dark-375x500.84224.avif,perfume-images/84224.avif,DOWNLOADED,image/avif
3832,2252-KIL,SMOKING HOT - KILIAN,84413,https://www.fragrantica.com/perfume/By-Kilian/Smoking-Hot-84413.html,https://fimgs.net/mdimg/perfume-thumbs/dark-375x500.84413.avif,perfume-images/84413.avif,DOWNLOADED,image/avif
3914,2281-GUR,TOBACCO HONEY - GUERLAIN,84518,https://www.fragrantica.com/perfume/Guerlain/Tobacco-Honey-84518.html,https://fimgs.net/mdimg/perfume-thumbs/dark-375x500.84518.avif,perfume-images/84518.avif,DOWNLOADED,image/avif
4338,2565-GUC,Guilty Elixir de Parfum pour Homme,84547,https://www.fragrantica.com/perfume/Gucci/Guilty-Elixir-de-Parfum-pour-Homme-84547.html,https://fimgs.net/mdimg/perfume-thumbs/dark-375x500.84547.avif,perfume-images/84547.avif,DOWNLOADED,image/avif
4127,2394-MOS,TOY 2 PEARL - MOSCHINO,84718,https://www.fragrantica.com/perfume/Moschino/Toy-2-Pearl-84718.html,https://fimgs.net/mdimg/perfume-thumbs/dark-375x500.84718.avif,perfume-images/84718.avif,DOWNLOADED,image/avif
4097,2371-MATIE,vanilla powder matiere premiere,84933,https://www.fragrantica.com/p/84933,https://fimgs.net/mdimg/perfume-thumbs/dark-375x500.84933.avif,perfume-images/84933.avif,DOWNLOADED,image/avif
3814,2216-DOL,DEVOTION,84951,https://www.fragrantica.com/p/84951,https://fimgs.net/mdimg/perfume-thumbs/dark-375x500.84951.avif,perfume-images/84951.avif,DOWNLOADED,image/avif
4838,2739-BORN,Sugar Addict BORNTOSTANDOUT,85084,https://www.fragrantica.com/perfume/BORNTOSTANDOUT/Sugar-Addict-85084.html,https://fimgs.net/mdimg/perfume-thumbs/dark-375x500.85084.avif,perfume-images/85084.avif,DOWNLOADED,image/avif
3939,2297-BYR,Animalique,85157,https://www.fragrantica.com/perfume/Byredo/Animalique-85157.html,https://fimgs.net/mdimg/perfume-thumbs/dark-375x500.85157.avif,perfume-images/85157.avif,DOWNLOADED,image/avif
3906,2264-KAY,OUDGASM TOBACCO 04 - KAYALI,85185,https://www.fragrantica.com/p/85185,https://fimgs.net/mdimg/perfume-thumbs/dark-375x500.85185.avif,perfume-images/85185.avif,DOWNLOADED,image/avif
3942,2296-KAY,OUDGASM CAFÉ OUD 19 -KAYALI,85187,https://www.fragrantica.com/p/85187,https://fimgs.net/mdimg/perfume-thumbs/dark-375x500.85187.avif,perfume-images/85187.avif,DOWNLOADED,image/avif
179,1083-DRC,INTENSE HOMME,86301,https://www.fragrantica.com/perfume/The-Dua-Brand/Intense-Homme-86301.html,https://fimgs.net/mdimg/perfume-thumbs/dark-375x500.86301.avif,perfume-images/86301.avif,DOWNLOADED,image/avif
4644,2687-GRIT,Mango Aoud Gritti,86927,https://www.fragrantica.com/p/86927,https://fimgs.net/mdimg/perfume-thumbs/dark-375x500.86927.avif,perfume-images/86927.avif,DOWNLOADED,image/avif
3462,2065-FRA,sugar franck boclet,87109,https://www.fragrantica.com/perfume/d-grayi/Sugar-87109.html,https://fimgs.net/mdimg/perfume-thumbs/dark-375x500.87109.avif,perfume-images/87109.avif,DOWNLOADED,image/avif
4479,2622-PHL,Vanilla Skin Phlur,87258,https://www.fragrantica.com/perfume/Phlur/Vanilla-Skin-87258.html,https://fimgs.net/mdimg/perfume-thumbs/dark-375x500.87258.avif,perfume-images/87258.avif,DOWNLOADED,image/avif
4091,2369-MAN,AMORE CAFFE - MANCERA,87409,https://www.fragrantica.com/perfume/Mancera/Amore-Caffe-87409.html,https://fimgs.net/mdimg/perfume-thumbs/dark-375x500.87409.avif,perfume-images/87409.avif,DOWNLOADED,image/avif
4370,2581-GUR,Vanille Planifolia Extrait 21,87539,https://www.fragrantica.com/perfume/Guerlain/Vanille-Planifolia-Extrait-21-87539.html,https://fimgs.net/mdimg/perfume-thumbs/dark-375x500.87539.avif,perfume-images/87539.avif,DOWNLOADED,image/avif
3361,1980-HIND,EMARATI MUSK PARFUM - HIND AL OUD,87692,https://www.fragrantica.com/perfume/Hind-Al-Oud/Emarati-Musk-87692.html,https://fimgs.net/mdimg/perfume-thumbs/dark-375x500.87692.avif,perfume-images/87692.avif,DOWNLOADED,image/avif
3793,2210-JOM,Orange Bitters Cologne (2023) - Jo Malone,87710,https://www.fragrantica.com/perfume/Jo-Malone-London/Orange-Bitters-Cologne-2023-87710.html,https://fimgs.net/mdimg/perfume-thumbs/dark-375x500.87710.avif,perfume-images/87710.avif,DOWNLOADED,image/avif
5064,2795-AMG,Jubilation 40 Man Amouage for men,87958,https://www.fragrantica.com/perfume/Amouage/Jubilation-40-Man-87958.html,https://fimgs.net/mdimg/perfume-thumbs/dark-375x500.87958.avif,perfume-images/87958.avif,DOWNLOADED,image/avif
4177,2446-XER,Torino 23,87970,https://www.fragrantica.com/perfume/Xerjoff/Torino23-87970.html,https://fimgs.net/mdimg/perfume-thumbs/dark-375x500.87970.avif,perfume-images/87970.avif,DOWNLOADED,image/avif
4648,2689-LAT,Khamrah Qahwa Lattafa Perfumes,88175,https://www.fragrantica.com/perfume/Lattafa-Perfumes/Khamrah-Qahwa-88175.html,https://fimgs.net/mdimg/perfume-thumbs/dark-375x500.88175.avif,perfume-images/88175.avif,DOWNLOADED,image/avif
4125,2393-KAY,EDEN SPARKLING LYCHEE | 39 KAYALI,88197,https://www.fragrantica.com/perfume/Kayali-Fragrances/Eden-Sparkling-Lychee-39-Eau-de-Parfum-88197.html,https://fimgs.net/mdimg/perfume-thumbs/dark-375x500.88197.avif,perfume-images/88197.avif,DOWNLOADED,image/avif
4139,2400-MORH,2400 morh ν,88416,https://www.fragrantica.com/p/88416,https://fimgs.net/mdimg/perfume-thumbs/dark-375x500.88416.avif,perfume-images/88416.avif,DOWNLOADED,image/avif
4342,2589-BYRP,Mula Mula Double Caramel Byron Parfums,88568,https://www.fragrantica.com/perfume/Byron-Parfums/Mula-Mula-Double-Caramel-88568.html,https://fimgs.net/mdimg/perfume-thumbs/dark-375x500.88568.avif,perfume-images/88568.avif,DOWNLOADED,image/avif
3966,2346-TMFO,VANILLA SEX,88588,https://www.fragrantica.com/p/88588,https://fimgs.net/mdimg/perfume-thumbs/dark-375x500.88588.avif,perfume-images/88588.avif,DOWNLOADED,image/avif
4186,2455-YZLO,BLACK OPIUM OVER RED,88707,https://www.fragrantica.com/perfume/Yves-Saint-Laurent/Black-Opium-Over-Red-88707.html,https://fimgs.net/mdimg/perfume-thumbs/dark-375x500.88707.avif,perfume-images/88707.avif,DOWNLOADED,image/avif
4116,2385-SOL,CHEIROSA 59 BRAZILIAN CRUSH - SOL DE JANEIRO,88722,https://www.fragrantica.com/perfume/Sol-de-Janeiro/Cheirosa-59-88722.html,https://fimgs.net/mdimg/perfume-thumbs/dark-375x500.88722.avif,perfume-images/88722.avif,DOWNLOADED,image/avif
4353,2574-MEM,Cappadocia Memo Paris,88771,https://www.fragrantica.com/perfume/Memo-Paris/Cappadocia-88771.html,https://fimgs.net/mdimg/perfume-thumbs/dark-375x500.88771.avif,perfume-images/88771.avif,DOWNLOADED,image/avif
4835,2736-NAV,Lost in a Dream Navitus Parfums,88834,https://www.fragrantica.com/p/88834,https://fimgs.net/mdimg/perfume-thumbs/dark-375x500.88834.avif,perfume-images/88834.avif,DOWNLOADED,image/avif
4140,2410-GUL,LE BEAU PARADISE GARDEN,88836,https://www.fragrantica.com/perfume/Jean-Paul-Gaultier/Le-Beau-Paradise-Garden-88836.html,https://fimgs.net/mdimg/perfume-thumbs/dark-375x500.88836.avif,perfume-images/88836.avif,DOWNLOADED,image/avif
4093,2368-ESC,NECTAR DE COSTA RICA - ESCADA,88837,https://www.fragrantica.com/p/88837,https://fimgs.net/mdimg/perfume-thumbs/dark-375x500.88837.avif,perfume-images/88837.avif,DOWNLOADED,image/avif
5056,2788-MIN,French Defense Mind Games,88867,https://www.fragrantica.com/perfume/Mind-Games/French-Defense-88867.html,https://fimgs.net/mdimg/perfume-thumbs/dark-375x500.88867.avif,perfume-images/88867.avif,DOWNLOADED,image/avif
4263,2564-NRO,For Her Musc Nude Narciso Rodriguez,88936,https://www.fragrantica.com/perfume/Narciso-Rodriguez/Narciso-Rodriguez-For-Her-Musc-Nude-88936.html,https://fimgs.net/mdimg/perfume-thumbs/dark-375x500.88936.avif,perfume-images/88936.avif,DOWNLOADED,image/avif
4112,2379-CAR,GOOD GIRL BLUSH ELIXIR,88937,https://www.fragrantica.com/perfume/Carolina-Herrera/Good-Girl-Blush-Elixir-Eau-de-Parfum-88937.html,https://fimgs.net/mdimg/perfume-thumbs/dark-375x500.88937.avif,perfume-images/88937.avif,DOWNLOADED,image/avif
4820,2726-DRC,New Look 2024,88939,https://www.fragrantica.com/perfume/Dior/New-Look-2024-88939.html,https://fimgs.net/mdimg/perfume-thumbs/dark-375x500.88939.avif,perfume-images/88939.avif,DOWNLOADED,image/avif
4100,2370-VIC,FLOWERBOMB TIGER LILY,88986,https://www.fragrantica.com/perfume/Viktor-Rolf/Flowerbomb-Tiger-Lily-88986.html,https://fimgs.net/mdimg/perfume-thumbs/dark-375x500.88986.avif,perfume-images/88986.avif,DOWNLOADED,image/avif
4388,2375-ESC,"Brisa Cubana Escada Woman perfume citrus, green, aromatic, fresh spicy, fresh",88990,https://www.fragrantica.com/p/88990,https://fimgs.net/mdimg/perfume-thumbs/dark-375x500.88990.avif,perfume-images/88990.avif,DOWNLOADED,image/avif
4428,2612-LUS,Sticky Dates Lush,88995,https://www.fragrantica.com/perfume/Lush/Sticky-Dates-88995.html,https://fimgs.net/mdimg/perfume-thumbs/dark-375x500.88995.avif,perfume-images/88995.avif,DOWNLOADED,image/avif
4198,2464-ZAD,THIS IS REALLY HIM - ZADIG & VOLTAIRE,89350,https://www.fragrantica.com/p/89350,https://fimgs.net/mdimg/perfume-thumbs/dark-375x500.89350.avif,perfume-images/89350.avif,DOWNLOADED,image/avif
4184,2453-INI,NARCOTIC DELIGHT - INITIO,89368,https://www.fragrantica.com/perfume/Initio-Parfums-Prives/Narcotic-Delight-89368.html,https://fimgs.net/mdimg/perfume-thumbs/dark-375x500.89368.avif,perfume-images/89368.avif,DOWNLOADED,image/avif
4259,2531-CAR,Bad Boy Cobalt Elixir,89374,https://www.fragrantica.com/perfume/Carolina-Herrera/Bad-Boy-Cobalt-Elixir-89374.html,https://fimgs.net/mdimg/perfume-thumbs/dark-375x500.89374.avif,perfume-images/89374.avif,DOWNLOADED,image/avif
4362,2537-DRC,Miss Parfum (2024),89584,https://www.fragrantica.com/perfume/Dior/Miss-Dior-Parfum-2024-89584.html,https://fimgs.net/mdimg/perfume-thumbs/dark-375x500.89584.avif,perfume-images/89584.avif,DOWNLOADED,image/avif
4165,2397-CRD,Queen of Silk,89643,https://www.fragrantica.com/perfume/Creed/Queen-of-Silk-89643.html,https://fimgs.net/mdimg/perfume-thumbs/dark-375x500.89643.avif,perfume-images/89643.avif,DOWNLOADED,image/avif
4256,2538-GUL,Le Male Lover,89720,https://www.fragrantica.com/perfume/Jean-Paul-Gaultier/Le-Male-Lover-89720.html,https://fimgs.net/mdimg/perfume-thumbs/dark-375x500.89720.avif,perfume-images/89720.avif,DOWNLOADED,image/avif
4148,2372-GUR,AQUA ALLEGORIA FLORABLOOM - GUERLAIN,89854,https://www.fragrantica.com/perfume/Guerlain/Aqua-Allegoria-Florabloom-89854.html,https://fimgs.net/mdimg/perfume-thumbs/dark-375x500.89854.avif,perfume-images/89854.avif,DOWNLOADED,image/avif
5087,2820-MIN,Queening Mind Games,89898,https://www.fragrantica.com/perfume/Mind-Games/Queening-89898.html,https://fimgs.net/mdimg/perfume-thumbs/dark-375x500.89898.avif,perfume-images/89898.avif,DOWNLOADED,image/avif
4358,2579-SOS,Maraschino Sospiro Perfumes,89902,https://www.fragrantica.com/perfume/Sospiro-Perfumes/Maraschino-89902.html,https://fimgs.net/mdimg/perfume-thumbs/dark-375x500.89902.avif,perfume-images/89902.avif,DOWNLOADED,image/avif
4132,2405-JOM,Yuzu Zest Cologne - Jo Malone,90019,https://www.fragrantica.com/perfume/Jo-Malone-London/Yuzu-Zest-Cologne-90019.html,https://fimgs.net/mdimg/perfume-thumbs/dark-375x500.90019.avif,perfume-images/90019.avif,DOWNLOADED,image/avif
4181,2450-PEN,ALULA,90117,https://www.fragrantica.com/p/90117,https://fimgs.net/mdimg/perfume-thumbs/dark-375x500.90117.avif,perfume-images/90117.avif,DOWNLOADED,image/avif
4243,2517-MNTB,Legend Blue Montblanc,90137,https://www.fragrantica.com/perfume/Montblanc/Legend-Blue-90137.html,https://fimgs.net/mdimg/perfume-thumbs/dark-375x500.90137.avif,perfume-images/90137.avif,DOWNLOADED,image/avif
2242,1513-KIL,PRINCESS - KILIAN PERFUME,90174,https://www.fragrantica.com/perfume/By-Kilian/Princess-90174.html,https://fimgs.net/mdimg/perfume-thumbs/dark-375x500.90174.avif,perfume-images/90174.avif,DOWNLOADED,image/avif
4123,2388-PARF,PERSEUS - PARFUMS DE MARLY,90199,https://www.fragrantica.com/perfume/Parfums-de-Marly/Perseus-90199.html,https://fimgs.net/mdimg/perfume-thumbs/dark-375x500.90199.avif,perfume-images/90199.avif,DOWNLOADED,image/avif
4639,2686-GIV,L'Interdit Tubéreuse Noire,90200,https://www.fragrantica.com/perfume/Givenchy/L-Interdit-Tubereuse-Noire-90200.html,https://fimgs.net/mdimg/perfume-thumbs/dark-375x500.90200.avif,perfume-images/90200.avif,DOWNLOADED,image/avif
4270,2550-ARM,Stronger With You Tobacco,90333,https://www.fragrantica.com/perfume/Giorgio-Armani/Emporio-Armani-Stronger-With-You-Tobacco-90333.html,https://fimgs.net/mdimg/perfume-thumbs/dark-375x500.90333.avif,perfume-images/90333.avif,DOWNLOADED,image/avif
4129,2406-KIL,SUNKISSED GODDESS - KILIAN,90336,https://www.fragrantica.com/perfume/By-Kilian/Sunkissed-Goddess-90336.html,https://fimgs.net/mdimg/perfume-thumbs/dark-375x500.90336.avif,perfume-images/90336.avif,DOWNLOADED,image/avif
4189,2460-PAC,OLYMPEA PARFUM,90432,https://www.fragrantica.com/perfume/Rabanne/Olympea-Parfum-90432.html,https://fimgs.net/mdimg/perfume-thumbs/dark-375x500.90432.avif,perfume-images/90432.avif,DOWNLOADED,image/avif
4228,2511-CHA,Comete,90434,https://www.fragrantica.com/perfume/Chanel/Comete-90434.html,https://fimgs.net/mdimg/perfume-thumbs/dark-375x500.90434.avif,perfume-images/90434.avif,DOWNLOADED,image/avif
4593,2683-CLIV,E Cashmere Musk Clive Christian,90448,https://www.fragrantica.com/perfume/Clive-Christian/E-Cashmere-Musk-90448.html,https://fimgs.net/mdimg/perfume-thumbs/dark-375x500.90448.avif,perfume-images/90448.avif,DOWNLOADED,image/avif
4257,2539-CRIVEL,Tubéreuse Astrale Maison Crivelli,90733,https://www.fragrantica.com/perfume/Maison-Crivelli/Tubereuse-Astrale-90733.html,https://fimgs.net/mdimg/perfume-thumbs/dark-375x500.90733.avif,perfume-images/90733.avif,DOWNLOADED,image/avif
4130,2403-MNT,BUBBLE FOREVER - MONTALE,90739,https://www.fragrantica.com/perfume/Montale/Bubble-Forever-90739.html,https://fimgs.net/mdimg/perfume-thumbs/dark-375x500.90739.avif,perfume-images/90739.avif,DOWNLOADED,image/avif
4138,2399-MORH,2399 morh ν,90868,https://www.fragrantica.com/p/90868,https://fimgs.net/mdimg/perfume-thumbs/dark-375x500.90868.avif,perfume-images/90868.avif,DOWNLOADED,image/avif
4385,2438-KYLJ,Cosmic Kylie Jenner,90957,https://www.fragrantica.com/p/90957,https://fimgs.net/mdimg/perfume-thumbs/dark-375x500.90957.avif,perfume-images/90957.avif,DOWNLOADED,image/avif
5104,2836-FRA,MADNESS,90972,https://www.fragrantica.com/p/90972,https://fimgs.net/mdimg/perfume-thumbs/dark-375x500.90972.avif,perfume-images/90972.avif,DOWNLOADED,image/avif
5065,2798-NICO,Macaron Bourbon Nicolai Parfumeur Createur,91006,https://www.fragrantica.com/p/91006,https://fimgs.net/mdimg/perfume-thumbs/dark-375x500.91006.avif,perfume-images/91006.avif,DOWNLOADED,image/avif
4326,2516-GUL,Scandal Pour Homme Absolu,91053,https://www.fragrantica.com/perfume/Jean-Paul-Gaultier/Scandal-Pour-Homme-Absolu-91053.html,https://fimgs.net/mdimg/perfume-thumbs/dark-375x500.91053.avif,perfume-images/91053.avif,DOWNLOADED,image/avif
4136,2398-FRE,Acne Studios,91209,https://www.fragrantica.com/perfume/Frederic-Malle/Acne-Studios-91209.html,https://fimgs.net/mdimg/perfume-thumbs/dark-375x500.91209.avif,perfume-images/91209.avif,DOWNLOADED,image/avif
4771,2707-ROOM,Wavechild Room 1015,91364,https://www.fragrantica.com/p/91364,https://fimgs.net/mdimg/perfume-thumbs/dark-375x500.91364.avif,perfume-images/91364.avif,DOWNLOADED,image/avif
4269,2549-MARC,Tilia Marc-Antoine Barrois,91688,https://www.fragrantica.com/perfume/Marc-Antoine-Barrois/Tilia-91688.html,https://fimgs.net/mdimg/perfume-thumbs/dark-375x500.91688.avif,perfume-images/91688.avif,DOWNLOADED,image/avif
2819,1916-VICT,BLISSFUL GARDEN - VICTORIA'S SECRET,91949,https://www.fragrantica.com/perfume/Victoria-s-Secret/Blissful-Garden-91949.html,https://fimgs.net/mdimg/perfume-thumbs/dark-375x500.91949.avif,perfume-images/91949.avif,DOWNLOADED,image/avif
4478,2621-CHAR,More Sex,92086,https://www.fragrantica.com/perfume/Charlotte-Tilbury/More-Sex-92086.html,https://fimgs.net/mdimg/perfume-thumbs/dark-375x500.92086.avif,perfume-images/92086.avif,DOWNLOADED,image/avif
4443,2620-CHAR,Cosmic Power,92088,https://www.fragrantica.com/perfume/Charlotte-Tilbury/Cosmic-Power-92088.html,https://fimgs.net/mdimg/perfume-thumbs/dark-375x500.92088.avif,perfume-images/92088.avif,DOWNLOADED,image/avif
4126,2401-KAY,VANILLA CANDY ROCK SUGAR | 44 - KAYALI,92258,https://www.fragrantica.com/perfume/Kayali-Fragrances/Vanilla-Candy-Rock-Sugar-42-92258.html,https://fimgs.net/mdimg/perfume-thumbs/dark-375x500.92258.avif,perfume-images/92258.avif,DOWNLOADED,image/avif
4395,2575-XER,Deified Tony Iommi Parfum,92497,https://www.fragrantica.com/perfume/Xerjoff/Deified-Tony-Iommi-Parfum-92497.html,https://fimgs.net/mdimg/perfume-thumbs/dark-375x500.92497.avif,perfume-images/92497.avif,DOWNLOADED,image/avif
4654,2698-SOL,Beijos de Sol Sol de Janeiro,92620,https://www.fragrantica.com/perfume/Sol-de-Janeiro/Beijos-de-Sol-92620.html,https://fimgs.net/mdimg/perfume-thumbs/dark-375x500.92620.avif,perfume-images/92620.avif,DOWNLOADED,image/avif
4368,2585-SOL,Summer e Amor Sol de Janeiro,92622,https://www.fragrantica.com/perfume/Sol-de-Janeiro/Summer-e-Amor-92622.html,https://fimgs.net/mdimg/perfume-thumbs/dark-375x500.92622.avif,perfume-images/92622.avif,DOWNLOADED,image/avif
4254,2521-SOL,Carioca Crush Sol de Janeiro,92623,https://www.fragrantica.com/perfume/Sol-de-Janeiro/Carioca-Crush-92623.html,https://fimgs.net/mdimg/perfume-thumbs/dark-375x500.92623.avif,perfume-images/92623.avif,DOWNLOADED,image/avif
4339,2566-VER,Eros Energy,92647,https://www.fragrantica.com/perfume/Versace/Eros-Energy-92647.html,https://fimgs.net/mdimg/perfume-thumbs/dark-375x500.92647.avif,perfume-images/92647.avif,DOWNLOADED,image/avif
4591,2681-ARB,Madawi Gold Edition Arabian Oud,92704,https://www.fragrantica.com/perfume/Arabian-Oud/Madawi-Gold-Edition-92704.html,https://fimgs.net/mdimg/perfume-thumbs/dark-375x500.92704.avif,perfume-images/92704.avif,DOWNLOADED,image/avif
4336,2551-PAR,Khair Fusion Paris Corner,92768,https://www.fragrantica.com/perfume/PARIS-CORNER/Khair-Fusion-92768.html,https://fimgs.net/mdimg/perfume-thumbs/dark-375x500.92768.avif,perfume-images/92768.avif,DOWNLOADED,image/avif
5084,2817-INI,Oud for Greatness Neo Initio Parfums,93090,https://www.fragrantica.com/perfume/Initio-Parfums-Prives/Oud-for-Greatness-Neo-93090.html,https://fimgs.net/mdimg/perfume-thumbs/dark-375x500.93090.avif,perfume-images/93090.avif,DOWNLOADED,image/avif
4245,2522-VIC,Spicebomb Dark Leather,93116,https://www.fragrantica.com/perfume/Viktor-Rolf/Spicebomb-Dark-Leather-93116.html,https://fimgs.net/mdimg/perfume-thumbs/dark-375x500.93116.avif,perfume-images/93116.avif,DOWNLOADED,image/avif
962,928-TRU,DELICATE ROSE,93471,https://www.fragrantica.com/perfume/Aurora-Scents/Delicate-Rose-93471.html,https://fimgs.net/mdimg/perfume-thumbs/dark-375x500.93471.avif,perfume-images/93471.avif,DOWNLOADED,image/avif
4424,2641-LAT,Eclaire Lattafa Perfumes,93628,https://www.fragrantica.com/perfume/Lattafa-Perfumes/Eclaire-93628.html,https://fimgs.net/mdimg/perfume-thumbs/dark-375x500.93628.avif,perfume-images/93628.avif,DOWNLOADED,image/avif
4486,2458-LTN,notes,93785,https://www.fragrantica.com/perfume/Louis-Vuitton/LV-Lovers-93785.html,https://fimgs.net/mdimg/perfume-thumbs/dark-375x500.93785.avif,perfume-images/93785.avif,DOWNLOADED,image/avif
4435,2614-AMG,Guidance 46 Amouagee,94033,https://www.fragrantica.com/perfume/Amouage/Guidance-46-94033.html,https://fimgs.net/mdimg/perfume-thumbs/dark-375x500.94033.avif,perfume-images/94033.avif,DOWNLOADED,image/avif
4289,2524-KAY,Marrakesh in a Bottle Orange Blossom Kayali Fragrances,94203,https://www.fragrantica.com/perfume/Kayali-Fragrances/Marrakesh-in-a-Bottle-Orange-Blossom-24-Eau-de-Parfum-94203.html,https://fimgs.net/mdimg/perfume-thumbs/dark-375x500.94203.avif,perfume-images/94203.avif,DOWNLOADED,image/avif
4303,2526-KAY,Capri in a Bottle Lemon Sugar | 14 Eau de Parfum by Kayali Fragrances,94204,https://www.fragrantica.com/perfume/Kayali-Fragrances/Capri-in-a-Bottle-Lemon-Sugar-14-Eau-de-Parfum-94204.html,https://fimgs.net/mdimg/perfume-thumbs/dark-375x500.94204.avif,perfume-images/94204.avif,DOWNLOADED,image/avif
4207,2470-KAY,MAUI IN A BOTTLE SWEET BANANA - KAYALI,94205,https://www.fragrantica.com/perfume/Kayali-Fragrances/Maui-in-a-Bottle-Sweet-Banana-37-Eau-de-Parfum-94205.html,https://fimgs.net/mdimg/perfume-thumbs/dark-375x500.94205.avif,perfume-images/94205.avif,DOWNLOADED,image/avif
4352,2573-KAY,Maldives in a Bottle Ylang Coco | 20 Eau de Parfum Kayali Fragrances,94206,https://www.fragrantica.com/perfume/Kayali-Fragrances/Maldives-in-a-Bottle-Ylang-Coco-20-Eau-de-Parfum-94206.html,https://fimgs.net/mdimg/perfume-thumbs/dark-375x500.94206.avif,perfume-images/94206.avif,DOWNLOADED,image/avif
4286,2554-JOM,Orange Marmalade Jo Malone,94355,https://www.fragrantica.com/perfume/Jo-Malone-London/Orange-Marmalade-94355.html,https://fimgs.net/mdimg/perfume-thumbs/dark-375x500.94355.avif,perfume-images/94355.avif,DOWNLOADED,image/avif
4357,2578-DON,DKNY 24/7,94958,https://www.fragrantica.com/perfume/Donna-Karan/DKNY-24-7-94958.html,https://fimgs.net/mdimg/perfume-thumbs/dark-375x500.94958.avif,perfume-images/94958.avif,DOWNLOADED,image/avif
4200,2463-GUC,Flora Gorgeous Orchid,94979,https://www.fragrantica.com/perfume/Gucci/Flora-Gorgeous-Orchid-94979.html,https://fimgs.net/mdimg/perfume-thumbs/dark-375x500.94979.avif,perfume-images/94979.avif,DOWNLOADED,image/avif
4279,2536-PRA,Paradoxe Virtual Flower Prada,95006,https://www.fragrantica.com/perfume/Prada/Prada-Paradoxe-Virtual-Flower-95006.html,https://fimgs.net/mdimg/perfume-thumbs/dark-375x500.95006.avif,perfume-images/95006.avif,DOWNLOADED,image/avif
4355,2576-TMFO,Eau d'Ombré Leather,95389,https://www.fragrantica.com/perfume/Tom-Ford/Eau-d-Ombre-Leather-95389.html,https://fimgs.net/mdimg/perfume-thumbs/dark-375x500.95389.avif,perfume-images/95389.avif,DOWNLOADED,image/avif
4490,2646-PEN,The Dandy,95396,https://www.fragrantica.com/perfume/Penhaligon-s/The-Dandy-95396.html,https://fimgs.net/mdimg/perfume-thumbs/dark-375x500.95396.avif,perfume-images/95396.avif,DOWNLOADED,image/avif
5097,2830-VAL,Sogno In Rosso,95537,https://www.fragrantica.com/perfume/Valentino/Sogno-In-Rosso-95537.html,https://fimgs.net/mdimg/perfume-thumbs/dark-375x500.95537.avif,perfume-images/95537.avif,DOWNLOADED,image/avif
4407,2642-CRD,Centaurus,95601,https://www.fragrantica.com/perfume/Creed/Centaurus-95601.html,https://fimgs.net/mdimg/perfume-thumbs/dark-375x500.95601.avif,perfume-images/95601.avif,DOWNLOADED,image/avif
4201,2462-YZLO,LIBRE FLOWERS & FLAMES,95623,https://www.fragrantica.com/perfume/Yves-Saint-Laurent/Libre-Flowers-Flames-95623.html,https://fimgs.net/mdimg/perfume-thumbs/dark-375x500.95623.avif,perfume-images/95623.avif,DOWNLOADED,image/avif
4214,2513-PAC,MILLION GOLD MAN,95641,https://www.fragrantica.com/perfume/Rabanne/Million-Gold-95641.html,https://fimgs.net/mdimg/perfume-thumbs/dark-375x500.95641.avif,perfume-images/95641.avif,DOWNLOADED,image/avif
4187,2456-PAC,MILLION GOLD,95641,https://www.fragrantica.com/perfume/Rabanne/Million-Gold-95641.html,https://fimgs.net/mdimg/perfume-thumbs/dark-375x500.95641.avif,perfume-images/95641.avif,DOWNLOADED,image/avif
4414,2631-TMFO,Black Lacquer,95808,https://www.fragrantica.com/perfume/Tom-Ford/Black-Lacquer-95808.html,https://fimgs.net/mdimg/perfume-thumbs/dark-375x500.95808.avif,perfume-images/95808.avif,DOWNLOADED,image/avif
4224,2515-LAN,LA VIE EST BELLE L'ELIXIR,95856,https://www.fragrantica.com/perfume/Lancome/La-Vie-est-Belle-L-Elixir-95856.html,https://fimgs.net/mdimg/perfume-thumbs/dark-375x500.95856.avif,perfume-images/95856.avif,DOWNLOADED,image/avif
4215,,Sauvage Eau Forte,95863,https://www.fragrantica.com/perfume/Dior/Sauvage-Eau-Forte-95863.html,https://fimgs.net/mdimg/perfume-thumbs/dark-375x500.95863.avif,perfume-images/95863.avif,DOWNLOADED,image/avif
4226,2512-BRB,GODDESS INTENSE BURBERRY,95883,https://www.fragrantica.com/perfume/Burberry/Goddess-Intense-95883.html,https://fimgs.net/mdimg/perfume-thumbs/dark-375x500.95883.avif,perfume-images/95883.avif,DOWNLOADED,image/avif
5052,2784-MARG,Afternoon Delight Margiela,95923,https://www.fragrantica.com/perfume/Maison-Martin-Margiela/Afternoon-Delight-95923.html,https://fimgs.net/mdimg/perfume-thumbs/dark-375x500.95923.avif,perfume-images/95923.avif,DOWNLOADED,image/avif
208,1115-ZEG,bourbon vanilla zegna,95947,https://www.fragrantica.com/perfume/Cremo/Bourbon-Vanilla-95947.html,https://fimgs.net/mdimg/perfume-thumbs/dark-375x500.95947.avif,perfume-images/95947.avif,DOWNLOADED,image/avif
4484,2648-FUGA,Vanilla Haze Fugazzi,95955,https://www.fragrantica.com/perfume/Fugazzi/Vanilla-Haze-95955.html,https://fimgs.net/mdimg/perfume-thumbs/dark-375x500.95955.avif,perfume-images/95955.avif,DOWNLOADED,image/avif
4351,2572-KUR,APOM,95969,https://www.fragrantica.com/perfume/Maison-Francis-Kurkdjian/APOM-95969.html,https://fimgs.net/mdimg/perfume-thumbs/dark-375x500.95969.avif,perfume-images/95969.avif,DOWNLOADED,image/avif
4408,2640-CRD,Delphinus,95970,https://www.fragrantica.com/perfume/Creed/Delphinus-95970.html,https://fimgs.net/mdimg/perfume-thumbs/dark-375x500.95970.avif,perfume-images/95970.avif,DOWNLOADED,image/avif
4539,2678-PARF,Palatine Parfums de Marly,96023,https://www.fragrantica.com/perfume/Parfums-de-Marly/Palatine-96023.html,https://fimgs.net/mdimg/perfume-thumbs/dark-375x500.96023.avif,perfume-images/96023.avif,DOWNLOADED,image/avif
4356,2577-DOL,Devotion Intense,96028,https://www.fragrantica.com/perfume/Dolce-Gabbana/Devotion-Intense-96028.html,https://fimgs.net/mdimg/perfume-thumbs/dark-375x500.96028.avif,perfume-images/96028.avif,DOWNLOADED,image/avif
5059,2790-KIL,Old Fashioned By Kilian,96096,https://www.fragrantica.com/perfume/By-Kilian/Old-Fashioned-96096.html,https://fimgs.net/mdimg/perfume-thumbs/dark-375x500.96096.avif,perfume-images/96096.avif,DOWNLOADED,image/avif
4411,2635-SOL,Cheirosa '76 Sol de Janeiro,96167,https://www.fragrantica.com/perfume/Sol-de-Janeiro/Cheirosa-76-96167.html,https://fimgs.net/mdimg/perfume-thumbs/dark-375x500.96167.avif,perfume-images/96167.avif,DOWNLOADED,image/avif
4208,2473-HER,BARENIA - HERMES,96428,https://www.fragrantica.com/perfume/Hermes/Barenia-96428.html,https://fimgs.net/mdimg/perfume-thumbs/dark-375x500.96428.avif,perfume-images/96428.avif,DOWNLOADED,image/avif
5013,2771-GUR,Santal Royal,96470,https://www.fragrantica.com/perfume/Guerlain/Santal-Royal-96470.html,https://fimgs.net/mdimg/perfume-thumbs/dark-375x500.96470.avif,perfume-images/96470.avif,DOWNLOADED,image/avif
4371,2582-PIER,Carbone Pierre Balmain type,96728,https://www.fragrantica.com/p/96728,https://fimgs.net/mdimg/perfume-thumbs/dark-375x500.96728.avif,perfume-images/96728.avif,DOWNLOADED,image/avif
5020,2780-LAT,Angham Lattafa Perfumes,96768,https://www.fragrantica.com/perfume/Lattafa-Perfumes/Angham-96768.html,https://fimgs.net/mdimg/perfume-thumbs/dark-375x500.96768.avif,perfume-images/96768.avif,DOWNLOADED,image/avif
4444,2649-BORN,Naked Laundry BORNTOSTANDOUT®,97132,https://www.fragrantica.com/perfume/BORNTOSTANDOUT/Naked-Laundry-97132.html,https://fimgs.net/mdimg/perfume-thumbs/dark-375x500.97132.avif,perfume-images/97132.avif,DOWNLOADED,image/avif
4350,2597-TMFO,Amber Intrigue,97380,https://www.fragrantica.com/perfume/Tom-Ford/Amber-Intrigue-97380.html,https://fimgs.net/mdimg/perfume-thumbs/dark-375x500.97380.avif,perfume-images/97380.avif,DOWNLOADED,image/avif
4840,2741-ROJ,Lost In Paris Roja Dove,97481,https://www.fragrantica.com/perfume/Roja-Dove/Lost-In-Paris-97481.html,https://fimgs.net/mdimg/perfume-thumbs/dark-375x500.97481.avif,perfume-images/97481.avif,DOWNLOADED,image/avif
4519,2655-MNT,Dallachaï Montale,97830,https://www.fragrantica.com/perfume/Montale/Dallachai-97830.html,https://fimgs.net/mdimg/perfume-thumbs/dark-375x500.97830.avif,perfume-images/97830.avif,DOWNLOADED,image/avif
4590,2680-AMG,Outlands Amouage,97924,https://www.fragrantica.com/perfume/Amouage/Outlands-97924.html,https://fimgs.net/mdimg/perfume-thumbs/dark-375x500.97924.avif,perfume-images/97924.avif,DOWNLOADED,image/avif
232,1142-GIV,PLAY,98247,https://www.fragrantica.com/perfume/Lattafa-Perfumes/Play-98247.html,https://fimgs.net/mdimg/perfume-thumbs/dark-375x500.98247.avif,perfume-images/98247.avif,DOWNLOADED,image/avif
4274,2563-TMFO,Rose Exposed,98669,https://www.fragrantica.com/perfume/Tom-Ford/Rose-Exposed-98669.html,https://fimgs.net/mdimg/perfume-thumbs/dark-375x500.98669.avif,perfume-images/98669.avif,DOWNLOADED,image/avif
4754,2703-VER,Eros Najim,99116,https://www.fragrantica.com/perfume/Versace/Eros-Najim-99116.html,https://fimgs.net/mdimg/perfume-thumbs/dark-375x500.99116.avif,perfume-images/99116.avif,DOWNLOADED,image/avif
4525,2672-MEM,Abu Dhabi Memo Paris,99240,https://www.fragrantica.com/perfume/Memo-Paris/Abu-Dhabi-99240.html,https://fimgs.net/mdimg/perfume-thumbs/dark-375x500.99240.avif,perfume-images/99240.avif,DOWNLOADED,image/avif
4359,2580-KAY,2580 kay el,99254,https://www.fragrantica.com/p/99254,https://fimgs.net/mdimg/perfume-thumbs/dark-375x500.99254.avif,perfume-images/99254.avif,DOWNLOADED,image/avif
4841,2742-XER,Torino24,99380,https://www.fragrantica.com/perfume/Xerjoff/Torino24-99380.html,https://fimgs.net/mdimg/perfume-thumbs/dark-375x500.99380.avif,perfume-images/99380.avif,DOWNLOADED,image/avif
4528,2618-TMFO,Bois Pacifique,100411,https://www.fragrantica.com/perfume/Tom-Ford/Bois-Pacifique-100411.html,https://fimgs.net/mdimg/perfume-thumbs/dark-375x500.100411.avif,perfume-images/100411.avif,DOWNLOADED,image/avif
4517,2653-YZLO,Black Opium Glitter,100628,https://www.fragrantica.com/perfume/Yves-Saint-Laurent/Black-Opium-Glitter-100628.html,https://fimgs.net/mdimg/perfume-thumbs/dark-375x500.100628.avif,perfume-images/100628.avif,DOWNLOADED,image/avif
4521,2657-CRD,Fragaria,100641,https://www.fragrantica.com/perfume/Creed/Fragaria-100641.html,https://fimgs.net/mdimg/perfume-thumbs/dark-375x500.100641.avif,perfume-images/100641.avif,DOWNLOADED,image/avif
4746,2663-ARM,Stronger With You Parfum,100895,https://www.fragrantica.com/perfume/Giorgio-Armani/Emporio-Armani-Stronger-With-You-Parfum-100895.html,https://fimgs.net/mdimg/perfume-thumbs/dark-375x500.100895.avif,perfume-images/100895.avif,DOWNLOADED,image/avif
4481,2619-DRC,Homme Parfum 2025,101016,https://www.fragrantica.com/perfume/Dior/Dior-Homme-Parfum-2025-101016.html,https://fimgs.net/mdimg/perfume-thumbs/dark-375x500.101016.avif,perfume-images/101016.avif,DOWNLOADED,image/avif
727,646-ARM,CODE,101026,https://www.fragrantica.com/perfume/Aqua-Arabia/Code-101026.html,https://fimgs.net/mdimg/perfume-thumbs/dark-375x500.101026.avif,perfume-images/101026.avif,DOWNLOADED,image/avif
4745,2662-LAT,Asad Bourbon Lattafa Perfumes for men,101124,https://www.fragrantica.com/perfume/Lattafa-Perfumes/Asad-Bourbon-101124.html,https://fimgs.net/mdimg/perfume-thumbs/dark-375x500.101124.avif,perfume-images/101124.avif,DOWNLOADED,image/avif
5077,2810-MIN,Prodigy Mind Games,101192,https://www.fragrantica.com/perfume/Mind-Games/Prodigy-101192.html,https://fimgs.net/mdimg/perfume-thumbs/dark-375x500.101192.avif,perfume-images/101192.avif,DOWNLOADED,image/avif
4520,2656-LAN,Idôle Power,101224,https://www.fragrantica.com/perfume/Lancome/Idole-Power-101224.html,https://fimgs.net/mdimg/perfume-thumbs/dark-375x500.101224.avif,perfume-images/101224.avif,DOWNLOADED,image/avif
716,633-EST,TUBEROSE GARDENIA - ESTEE LAUDER,101277,https://www.fragrantica.com/perfume/Aerin/Tuberose-Gardenia-101277.html,https://fimgs.net/mdimg/perfume-thumbs/dark-375x500.101277.avif,perfume-images/101277.avif,DOWNLOADED,image/avif
4480,2617-DOL,Devotion Pour Homme,101353,https://www.fragrantica.com/perfume/Dolce-Gabbana/Devotion-Pour-Homme-101353.html,https://fimgs.net/mdimg/perfume-thumbs/dark-375x500.101353.avif,perfume-images/101353.avif,DOWNLOADED,image/avif
5053,2785-VAL,Born in Roma Extradose Donna Valentino,101384,https://www.fragrantica.com/perfume/Valentino/Born-in-Roma-Extradose-Donna-101384.html,https://fimgs.net/mdimg/perfume-thumbs/dark-375x500.101384.avif,perfume-images/101384.avif,DOWNLOADED,image/avif
4482,2616-TMU,Alien Extraintense,101560,https://www.fragrantica.com/perfume/Mugler/Alien-Extraintense-101560.html,https://fimgs.net/mdimg/perfume-thumbs/dark-375x500.101560.avif,perfume-images/101560.avif,DOWNLOADED,image/avif
890,847-NRO,POUDREE NARCISO - NARCISO RODRIGUEZ,101576,https://www.fragrantica.com/perfume/Asia-Perfumes/Poudree-101576.html,https://fimgs.net/mdimg/perfume-thumbs/dark-375x500.101576.avif,perfume-images/101576.avif,DOWNLOADED,image/avif
4485,2615-ARMA,Odyssey Dubai Chocolat,102117,https://www.fragrantica.com/perfume/Armaf/Odyssey-Dubai-Chocolat-102117.html,https://fimgs.net/mdimg/perfume-thumbs/dark-375x500.102117.avif,perfume-images/102117.avif,DOWNLOADED,image/avif
4650,2700-BLG,Amunae Bvlgari,102120,https://www.fragrantica.com/perfume/Bvlgari/Amunae-102120.html,https://fimgs.net/mdimg/perfume-thumbs/dark-375x500.102120.avif,perfume-images/102120.avif,DOWNLOADED,image/avif
5050,2782-AJMA,Musk Silk Supreme Ajmal,102549,https://www.fragrantica.com/perfume/Ajmal/Musk-Silk-Supreme-102549.html,https://fimgs.net/mdimg/perfume-thumbs/dark-375x500.102549.avif,perfume-images/102549.avif,DOWNLOADED,image/avif
5069,2802-HER,Terre Intense for men,102772,https://www.fragrantica.com/perfume/Hermes/Terre-d-Hermes-Intense-102772.html,https://fimgs.net/mdimg/perfume-thumbs/dark-375x500.102772.avif,perfume-images/102772.avif,DOWNLOADED,image/avif
4842,2743-BORN,Black Guava BORNTOSTANDOUT,102807,https://www.fragrantica.com/perfume/BORNTOSTANDOUT/Black-Guava-102807.html,https://fimgs.net/mdimg/perfume-thumbs/dark-375x500.102807.avif,perfume-images/102807.avif,DOWNLOADED,image/avif
4772,2708-BORN,Black Mango BORNTOSTANDOUT,102808,https://www.fragrantica.com/perfume/BORNTOSTANDOUT/Black-Mango-102808.html,https://fimgs.net/mdimg/perfume-thumbs/dark-375x500.102808.avif,perfume-images/102808.avif,DOWNLOADED,image/avif
4869,2714-BORN,Oud Candy Bornstandout,102809,https://www.fragrantica.com/perfume/BORNTOSTANDOUT/Oud-Candy-102809.html,https://fimgs.net/mdimg/perfume-thumbs/dark-375x500.102809.avif,perfume-images/102809.avif,DOWNLOADED,image/avif
5103,2835-BORN,PURPLE STAIN,102810,https://www.fragrantica.com/perfume/BORNTOSTANDOUT/Purple-Stain-102810.html,https://fimgs.net/mdimg/perfume-thumbs/dark-375x500.102810.avif,perfume-images/102810.avif,DOWNLOADED,image/avif
5076,2809-AZZ,Forever Wanted Elixir Azzaro,102882,https://www.fragrantica.com/perfume/Azzaro/Forever-Wanted-Elixir-102882.html,https://fimgs.net/mdimg/perfume-thumbs/dark-375x500.102882.avif,perfume-images/102882.avif,DOWNLOADED,image/avif
4749,2665-KAJ,Ruby Kajal,102994,https://www.fragrantica.com/p/102994,https://fimgs.net/mdimg/perfume-thumbs/dark-375x500.102994.avif,perfume-images/102994.avif,DOWNLOADED,image/avif
5068,2801-DON,Cashmere & Vanilla Essence,103064,https://www.fragrantica.com/perfume/Donna-Karan/Cashmere-Vanilla-Essence-103064.html,https://fimgs.net/mdimg/perfume-thumbs/dark-375x500.103064.avif,perfume-images/103064.avif,DOWNLOADED,image/avif
4523,2670-CRD,Eladaria,103066,https://www.fragrantica.com/perfume/Creed/Eladaria-103066.html,https://fimgs.net/mdimg/perfume-thumbs/dark-375x500.103066.avif,perfume-images/103066.avif,DOWNLOADED,image/avif
4753,2669-SOS,Il Padrino Sospiro Perfumes,103313,https://www.fragrantica.com/perfume/Sospiro-Perfumes/Il-Padrino-103313.html,https://fimgs.net/mdimg/perfume-thumbs/dark-375x500.103313.avif,perfume-images/103313.avif,DOWNLOADED,image/avif
5066,2799-OBVI,Milk & Matcha Obvious,103407,https://www.fragrantica.com/p/103407,https://fimgs.net/mdimg/perfume-thumbs/dark-375x500.103407.avif,perfume-images/103407.avif,DOWNLOADED,image/avif
5067,2800-ACQ,Buongiorno,103426,https://www.fragrantica.com/perfume/Acqua-di-Parma/Buongiorno-103426.html,https://fimgs.net/mdimg/perfume-thumbs/dark-375x500.103426.avif,perfume-images/103426.avif,DOWNLOADED,image/avif
5099,2832-ZAD,Zadig Eau de Parfum,103492,https://www.fragrantica.com/p/103492,https://fimgs.net/mdimg/perfume-thumbs/dark-375x500.103492.avif,perfume-images/103492.avif,DOWNLOADED,image/avif
5058,2789-PEN,Fortuitous Finley Penhaligon's,103514,https://www.fragrantica.com/perfume/Penhaligon-s/Fortuitous-Finley-103514.html,https://fimgs.net/mdimg/perfume-thumbs/dark-375x500.103514.avif,perfume-images/103514.avif,DOWNLOADED,image/avif
4518,2654-KUR,Kurky,103517,https://www.fragrantica.com/perfume/Maison-Francis-Kurkdjian/Kurky-103517.html,https://fimgs.net/mdimg/perfume-thumbs/dark-375x500.103517.avif,perfume-images/103517.avif,DOWNLOADED,image/avif
5072,2805-MARG,Never-ending Summer Margiela,103564,https://www.fragrantica.com/perfume/Maison-Martin-Margiela/Never-ending-Summer-103564.html,https://fimgs.net/mdimg/perfume-thumbs/dark-375x500.103564.avif,perfume-images/103564.avif,DOWNLOADED,image/avif
4649,2696-AMG,Decision Amouage,103892,https://www.fragrantica.com/perfume/Amouage/Decision-103892.html,https://fimgs.net/mdimg/perfume-thumbs/dark-375x500.103892.avif,perfume-images/103892.avif,DOWNLOADED,image/avif
5075,2808-LES,Roasted Tangerine Les Liquides Imaginaires,103914,https://www.fragrantica.com/perfume/Les-Liquides-Imaginaires/Roasted-Tangerine-103914.html,https://fimgs.net/mdimg/perfume-thumbs/dark-375x500.103914.avif,perfume-images/103914.avif,DOWNLOADED,image/avif
4994,2767-MATAH,Printemps Blanc Maison Mataha,103992,https://www.fragrantica.com/perfume/Maison-Mataha/Printemps-Blanc-103992.html,https://fimgs.net/mdimg/perfume-thumbs/dark-375x500.103992.avif,perfume-images/103992.avif,DOWNLOADED,image/avif
4489,2645-LTN,notes,104087,https://www.fragrantica.com/perfume/Louis-Vuitton/eLVes-104087.html,https://fimgs.net/mdimg/perfume-thumbs/dark-375x500.104087.avif,perfume-images/104087.avif,DOWNLOADED,image/avif
2207,180-XER,CASAMORATI 1888,104515,https://www.fragrantica.com/perfume/Fragrance-World/Casamorati-1888-104515.html,https://fimgs.net/mdimg/perfume-thumbs/dark-375x500.104515.avif,perfume-images/104515.avif,DOWNLOADED,image/avif
5095,2828-ATEL,Vanille Carbone Atelier Materi,104586,https://www.fragrantica.com/perfume/Atelier-Materi/Vanille-Carbone-104586.html,https://fimgs.net/mdimg/perfume-thumbs/dark-375x500.104586.avif,perfume-images/104586.avif,DOWNLOADED,image/avif
4748,2664-CHA,Chance Eau Splendide,104610,https://www.fragrantica.com/perfume/Chanel/Chance-Eau-Splendide-104610.html,https://fimgs.net/mdimg/perfume-thumbs/dark-375x500.104610.avif,perfume-images/104610.avif,DOWNLOADED,image/avif
5080,2813-OMA,Caden Omanluxury,105465,https://www.fragrantica.com/p/105465,https://fimgs.net/mdimg/perfume-thumbs/dark-375x500.105465.avif,perfume-images/105465.avif,DOWNLOADED,image/avif
5070,2803-AKR,Crush Akro,105831,https://www.fragrantica.com/perfume/Akro/Crush-105831.html,https://fimgs.net/mdimg/perfume-thumbs/dark-375x500.105831.avif,perfume-images/105831.avif,DOWNLOADED,image/avif
5071,2804-BOYS,Coco Cream Boy Smells,105919,https://www.fragrantica.com/perfume/Boy-Smells/Coco-Cream-105919.html,https://fimgs.net/mdimg/perfume-thumbs/dark-375x500.105919.avif,perfume-images/105919.avif,DOWNLOADED,image/avif
4579,2679-CAR,La Bomba,105931,https://www.fragrantica.com/perfume/Carolina-Herrera/La-Bomba-105931.html,https://fimgs.net/mdimg/perfume-thumbs/dark-375x500.105931.avif,perfume-images/105931.avif,DOWNLOADED,image/avif
4038,2357-CRD,Absolu Aven,106624,https://www.fragrantica.com/perfume/Creed/Absolu-Aventus-106624.html,https://fimgs.net/mdimg/perfume-thumbs/dark-375x500.106624.avif,perfume-images/106624.avif,DOWNLOADED,image/avif
4991,2764-TMFO,Black Orchid Reserve,107401,https://www.fragrantica.com/perfume/Tom-Ford/Black-Orchid-Reserve-107401.html,https://fimgs.net/mdimg/perfume-thumbs/dark-375x500.107401.avif,perfume-images/107401.avif,DOWNLOADED,image/avif
5094,2827-BYR,Bal d'Afrique Absolu,108421,https://www.fragrantica.com/perfume/Byredo/Bal-d-Afrique-Absolu-108421.html,https://fimgs.net/mdimg/perfume-thumbs/dark-375x500.108421.avif,perfume-images/108421.avif,DOWNLOADED,image/avif
4995,2768-LAN,La Vie Est Belle Vanille Nude,109311,https://www.fragrantica.com/perfume/Lancome/La-Vie-Est-Belle-Vanille-Nude-109311.html,https://fimgs.net/mdimg/perfume-thumbs/dark-375x500.109311.avif,perfume-images/109311.avif,DOWNLOADED,image/avif
274,1189-KEN,HOMME SPORT EXTREME - KENZO,110164,https://www.fragrantica.com/perfume/Bellerive/Homme-Sport-Extreme-110164.html,https://fimgs.net/mdimg/perfume-thumbs/dark-375x500.110164.avif,perfume-images/110164.avif,DOWNLOADED,image/avif
4638,2685-FRAG,Rude Cherry Fragrance Du Bois,110478,https://www.fragrantica.com/p/110478,https://fimgs.net/mdimg/perfume-thumbs/dark-375x500.110478.avif,perfume-images/110478.avif,DOWNLOADED,image/avif
4773,2709-STE,Le 8 Stéphane Humbert,110493,https://www.fragrantica.com/perfume/Stephane-Humbert-Lucas-777/Le-8-110493.html,https://fimgs.net/mdimg/perfume-thumbs/dark-375x500.110493.avif,perfume-images/110493.avif,DOWNLOADED,image/avif
4848,2751-PRA,Paradigme,110661,https://www.fragrantica.com/perfume/Prada/Paradigme-110661.html,https://fimgs.net/mdimg/perfume-thumbs/dark-375x500.110661.avif,perfume-images/110661.avif,DOWNLOADED,image/avif
2987,1967-XER,CORO,110891,https://www.fragrantica.com/perfume/Xerjoff/Coro-110891.html,https://fimgs.net/mdimg/perfume-thumbs/dark-375x500.110891.avif,perfume-images/110891.avif,DOWNLOADED,image/avif
4844,2747-XER,Purple Accento,110892,https://www.fragrantica.com/perfume/Xerjoff/Purple-Accento-110892.html,https://fimgs.net/mdimg/perfume-thumbs/dark-375x500.110892.avif,perfume-images/110892.avif,DOWNLOADED,image/avif
4647,2690-NISH,Oudous Lux Solis Nishane,111174,https://www.fragrantica.com/perfume/Nishane/Oudous-Lux-Solis-111174.html,https://fimgs.net/mdimg/perfume-thumbs/dark-375x500.111174.avif,perfume-images/111174.avif,DOWNLOADED,image/avif
4775,2712-TMFO,Oud Voyager,111206,https://www.fragrantica.com/perfume/Tom-Ford/Oud-Voyager-111206.html,https://fimgs.net/mdimg/perfume-thumbs/dark-375x500.111206.avif,perfume-images/111206.avif,DOWNLOADED,image/avif
4777,2715-CRD,Oud Zarian,111224,https://www.fragrantica.com/perfume/Creed/Oud-Zarian-111224.html,https://fimgs.net/mdimg/perfume-thumbs/dark-375x500.111224.avif,perfume-images/111224.avif,DOWNLOADED,image/avif
1123,220-CRD,Virgin Island Water,111515,https://www.fragrantica.com/perfume/Creed/Virgin-Island-Water-111515.html,https://fimgs.net/mdimg/perfume-thumbs/dark-375x500.111515.avif,perfume-images/111515.avif,DOWNLOADED,image/avif
5092,2825-RARB,Rare Beauty,112206,https://www.fragrantica.com/p/112206,https://fimgs.net/mdimg/perfume-thumbs/dark-375x500.112206.avif,perfume-images/112206.avif,DOWNLOADED,image/avif
5049,2797-MATIE,Vanilla Powder Extrait de Parfum Matiere Premiere,112581,https://www.fragrantica.com/perfume/Matiere-Premiere/Vanilla-Powder-112581.html,https://fimgs.net/mdimg/perfume-thumbs/dark-375x500.112581.avif,perfume-images/112581.avif,DOWNLOADED,image/avif
4837,2738-LUS,Super Milk Lush,112787,https://www.fragrantica.com/perfume/Lush/Super-Milk-112787.html,https://fimgs.net/mdimg/perfume-thumbs/dark-375x500.112787.avif,perfume-images/112787.avif,DOWNLOADED,image/avif
5025,2705-KIL,Angels Share On The Rocks Kilian,113083,https://www.fragrantica.com/perfume/By-Kilian/Angel-s-Share-On-The-Rocks-113083.html,https://fimgs.net/mdimg/perfume-thumbs/dark-375x500.113083.avif,perfume-images/113083.avif,DOWNLOADED,image/avif
4962,2753-YZLO,Libre Vanille Couture,113623,https://www.fragrantica.com/perfume/Yves-Saint-Laurent/Libre-Vanille-Couture-113623.html,https://fimgs.net/mdimg/perfume-thumbs/dark-375x500.113623.avif,perfume-images/113623.avif,DOWNLOADED,image/avif
5106,2838-JIM,I WANT CHOO WITH LOVE,113626,https://www.fragrantica.com/perfume/Jimmy-Choo/I-Want-Choo-With-Love-113626.html,https://fimgs.net/mdimg/perfume-thumbs/dark-375x500.113626.avif,perfume-images/113626.avif,DOWNLOADED,image/avif
5107,2839-JUL,POWDER LOVE,113627,https://www.fragrantica.com/perfume/Juliette-Has-A-Gun/Powder-Love-113627.html,https://fimgs.net/mdimg/perfume-thumbs/dark-375x500.113627.avif,perfume-images/113627.avif,DOWNLOADED,image/avif
4968,2762-LAT,Eclaire Pistache Lattafa Perfumes,113777,https://www.fragrantica.com/perfume/Lattafa-Perfumes/Eclaire-Pistache-113777.html,https://fimgs.net/mdimg/perfume-thumbs/dark-375x500.113777.avif,perfume-images/113777.avif,DOWNLOADED,image/avif
4965,2757-LAT,Vanilla Freak Lattafa Perfumes,114400,https://www.fragrantica.com/perfume/Lattafa-Perfumes/Vanilla-Freak-114400.html,https://fimgs.net/mdimg/perfume-thumbs/dark-375x500.114400.avif,perfume-images/114400.avif,DOWNLOADED,image/avif
996,968-VICT,VERY SEXY NOW - VICTORIAS SECRET,114425,https://www.fragrantica.com/perfume/Victoria-s-Secret/Very-Sexy-114425.html,https://fimgs.net/mdimg/perfume-thumbs/dark-375x500.114425.avif,perfume-images/114425.avif,DOWNLOADED,image/avif
5114,2846-MIN,COUNTER PLAY,114442,https://www.fragrantica.com/perfume/Mind-Games/Counterplay-114442.html,https://fimgs.net/mdimg/perfume-thumbs/dark-375x500.114442.avif,perfume-images/114442.avif,DOWNLOADED,image/avif
4992,2765-GUC,Muschio di Luce Gucci,114849,https://www.fragrantica.com/perfume/Gucci/Muschio-di-Luce-114849.html,https://fimgs.net/mdimg/perfume-thumbs/dark-375x500.114849.avif,perfume-images/114849.avif,DOWNLOADED,image/avif
5054,2786-LTN,notes,115406,https://www.fragrantica.com/perfume/Louis-Vuitton/Rain-Tea-115406.html,https://fimgs.net/mdimg/perfume-thumbs/dark-375x500.115406.avif,perfume-images/115406.avif,DOWNLOADED,image/avif
5051,2783-LTN,notes,115407,https://www.fragrantica.com/perfume/Louis-Vuitton/Ink-Mark-115407.html,https://fimgs.net/mdimg/perfume-thumbs/dark-375x500.115407.avif,perfume-images/115407.avif,DOWNLOADED,image/avif
5060,2791-LTN,notes of,115408,https://www.fragrantica.com/perfume/Louis-Vuitton/Moon-Tale-115408.html,https://fimgs.net/mdimg/perfume-thumbs/dark-375x500.115408.avif,perfume-images/115408.avif,DOWNLOADED,image/avif
5003,2744-NISH,Meant To Be Seen,116224,https://www.fragrantica.com/perfume/Nishane/Meant-To-Be-Seen-116224.html,https://fimgs.net/mdimg/perfume-thumbs/dark-375x500.116224.avif,perfume-images/116224.avif,DOWNLOADED,image/avif
4993,2766-PARF,Eragon Parfums de Marly,116243,https://www.fragrantica.com/perfume/Parfums-de-Marly/Eragon-116243.html,https://fimgs.net/mdimg/perfume-thumbs/dark-375x500.116243.avif,perfume-images/116243.avif,DOWNLOADED,image/avif
4839,2740-MIN,Check Please Mind Games,116343,https://www.fragrantica.com/perfume/Mind-Games/Check-Please-116343.html,https://fimgs.net/mdimg/perfume-thumbs/dark-375x500.116343.avif,perfume-images/116343.avif,DOWNLOADED,image/avif
5102,2834-AMG,SINDBAD,116626,https://www.fragrantica.com/perfume/Amouage/Sindbad-116626.html,https://fimgs.net/mdimg/perfume-thumbs/dark-375x500.116626.avif,perfume-images/116626.avif,DOWNLOADED,image/avif
5074,2807-VIRT,Buttercream Haze The 7 Virtues,116996,https://www.fragrantica.com/p/116996,https://fimgs.net/mdimg/perfume-thumbs/dark-375x500.116996.avif,perfume-images/116996.avif,DOWNLOADED,image/avif
5110,2842-KYLJ,VANILLA DEW,117345,https://www.fragrantica.com/p/117345,https://fimgs.net/mdimg/perfume-thumbs/dark-375x500.117345.avif,perfume-images/117345.avif,DOWNLOADED,image/avif
5108,2840-KYLJ,CARAMEL CLOUD,117346,https://www.fragrantica.com/p/117346,https://fimgs.net/mdimg/perfume-thumbs/dark-375x500.117346.avif,perfume-images/117346.avif,DOWNLOADED,image/avif
5109,2841-KYLJ,SWEET ECLAIRE,117347,https://www.fragrantica.com/p/117347,https://fimgs.net/mdimg/perfume-thumbs/dark-375x500.117347.avif,perfume-images/117347.avif,DOWNLOADED,image/avif
5113,2845-LUS,WE BELIEVE IN GLINDA,117589,https://www.fragrantica.com/perfume/Lush/We-Believe-in-Glinda-117589.html,https://fimgs.net/mdimg/perfume-thumbs/dark-375x500.117589.avif,perfume-images/117589.avif,DOWNLOADED,image/avif
4966,2760-LAT,Yara Elixir Lattafa Perfumes,117615,https://www.fragrantica.com/perfume/Lattafa-Perfumes/Yara-Elixir-117615.html,https://fimgs.net/mdimg/perfume-thumbs/dark-375x500.117615.avif,perfume-images/117615.avif,DOWNLOADED,image/avif
4967,2761-LAT,Asad Elixir Lattafa Perfumes,117616,https://www.fragrantica.com/perfume/Lattafa-Perfumes/Asad-Elixir-117616.html,https://fimgs.net/mdimg/perfume-thumbs/dark-375x500.117616.avif,perfume-images/117616.avif,DOWNLOADED,image/avif
357,1281-YZLO,L'HOMME INTENSE,118000,https://www.fragrantica.com/perfume/Alan-Bray/L-Homme-Intense-118000.html,https://fimgs.net/mdimg/perfume-thumbs/dark-375x500.118000.avif,perfume-images/118000.avif,DOWNLOADED,image/avif
4969,2763-KAY,Freedom Musk Bouquet 27 Eau de Parfum Kayali Fragrances,118621,https://www.fragrantica.com/perfume/Kayali-Fragrances/Freedom-Musk-Bouquet-27-Eau-de-Parfum-118621.html,https://fimgs.net/mdimg/perfume-thumbs/dark-375x500.118621.avif,perfume-images/118621.avif,DOWNLOADED,image/avif
3473,2039-KAY,LOVEFEST BURNING CHERRY - KAYALI,118806,https://www.fragrantica.com/perfume/Kayali-Fragrances/Lovefest-Burning-Cherry-48-All-Over-Body-Spray-118806.html,https://fimgs.net/mdimg/perfume-thumbs/dark-375x500.118806.avif,perfume-images/118806.avif,DOWNLOADED,image/avif
3904,2265-KAY,OUDGASM ROSE OUD 16 - KAYALI,118808,https://www.fragrantica.com/perfume/Kayali-Fragrances/Oudgasm-Rose-Oud-16-Hair-Mist-118808.html,https://fimgs.net/mdimg/perfume-thumbs/dark-375x500.118808.avif,perfume-images/118808.avif,DOWNLOADED,image/avif
5078,2811-DRC,Sauvage Rare Blend,118815,https://www.fragrantica.com/perfume/Dior/Sauvage-Rare-Blend-118815.html,https://fimgs.net/mdimg/perfume-thumbs/dark-375x500.118815.avif,perfume-images/118815.avif,DOWNLOADED,image/avif
5081,2814-TMFO,Figue Erotique Tom Ford,119402,https://www.fragrantica.com/perfume/Tom-Ford/Figue-Erotique-119402.html,https://fimgs.net/mdimg/perfume-thumbs/dark-375x500.119402.avif,perfume-images/119402.avif,DOWNLOADED,image/avif
5073,2806-PHL,Afterglow Phlur,119441,https://www.fragrantica.com/perfume/Phlur/Afterglow-119441.html,https://fimgs.net/mdimg/perfume-thumbs/dark-375x500.119441.avif,perfume-images/119441.avif,DOWNLOADED,image/avif
3732,2194-ORT,ORTO PARISI,119473,https://www.fragrantica.com/perfume/Al-Qasim-Oud/ORTO-119473.html,https://fimgs.net/mdimg/perfume-thumbs/dark-375x500.119473.avif,perfume-images/119473.avif,DOWNLOADED,image/avif
5093,2826-SOL,Cheirosa 91 Sol de Janeiro,119651,https://www.fragrantica.com/perfume/Sol-de-Janeiro/Cheirosa-91-119651.html,https://fimgs.net/mdimg/perfume-thumbs/dark-375x500.119651.avif,perfume-images/119651.avif,DOWNLOADED,image/avif
4970,2758-YZLO,Libre Berry Crush,120531,https://www.fragrantica.com/perfume/Yves-Saint-Laurent/Libre-Berry-Crush-120531.html,https://fimgs.net/mdimg/perfume-thumbs/dark-375x500.120531.avif,perfume-images/120531.avif,DOWNLOADED,image/avif
4436,2623-NES,Santa Barbara Strawberry - Nest,120744,https://www.fragrantica.com/p/120744,https://fimgs.net/mdimg/perfume-thumbs/dark-375x500.120744.avif,perfume-images/120744.avif,DOWNLOADED,image/avif
5105,2837-GUL,SCANDAL POUR HOMME ELIXIR,121453,https://www.fragrantica.com/perfume/Jean-Paul-Gaultier/Scandal-Pour-Homme-Elixir-121453.html,https://fimgs.net/mdimg/perfume-thumbs/dark-375x500.121453.avif,perfume-images/121453.avif,DOWNLOADED,image/avif
5089,2822-DRC,Addict Purple Glow Eau De Parfum,121565,https://www.fragrantica.com/perfume/Dior/Addict-Purple-Glow-Eau-De-Parfum-121565.html,https://fimgs.net/mdimg/perfume-thumbs/dark-375x500.121565.avif,perfume-images/121565.avif,DOWNLOADED,image/avif
5088,2821-DRC,Addict Peachy Glow Eau de Parfum,121566,https://www.fragrantica.com/perfume/Dior/Addict-Peachy-Glow-Eau-de-Parfum-121566.html,https://fimgs.net/mdimg/perfume-thumbs/dark-375x500.121566.avif,perfume-images/121566.avif,DOWNLOADED,image/avif
4971,2759-ARM,Power Of You,121870,https://www.fragrantica.com/perfume/Giorgio-Armani/Power-Of-You-121870.html,https://fimgs.net/mdimg/perfume-thumbs/dark-375x500.121870.avif,perfume-images/121870.avif,DOWNLOADED,image/avif
5091,2824-NRO,Pure Musc Blanc For Her,122211,https://www.fragrantica.com/perfume/Narciso-Rodriguez/Pure-Musc-Blanc-For-Her-122211.html,https://fimgs.net/mdimg/perfume-thumbs/dark-375x500.122211.avif,perfume-images/122211.avif,DOWNLOADED,image/avif
3525,2037-VICT,COCONUT MILK & ROSE - V,122346,https://www.fragrantica.com/perfume/Victoria-s-Secret/Coconut-Milk-Rose-122346.html,https://fimgs.net/mdimg/perfume-thumbs/dark-375x500.122346.avif,perfume-images/122346.avif,DOWNLOADED,image/avif
5079,2812-ARM,Stronger With You Powerfully,123070,https://www.fragrantica.com/perfume/Giorgio-Armani/Emporio-Armani-Stronger-With-You-Powerfully-123070.html,https://fimgs.net/mdimg/perfume-thumbs/dark-375x500.123070.avif,perfume-images/123070.avif,DOWNLOADED,image/avif
978,947-VIC,BON BON,123334,https://www.fragrantica.com/perfume/Armaf/Bon-Bon-123334.html,https://fimgs.net/mdimg/perfume-thumbs/dark-375x500.123334.avif,perfume-images/123334.avif,DOWNLOADED,image/avif
5096,2829-PARF,Athénaïs,123716,https://www.fragrantica.com/perfume/Parfums-de-Marly/Athenais-123716.html,https://fimgs.net/mdimg/perfume-thumbs/dark-375x500.123716.avif,perfume-images/123716.avif,DOWNLOADED,image/avif
5098,2831-GISS,Martinique Osmanthus Gissah 2025,126288,https://www.fragrantica.com/p/126288,https://fimgs.net/mdimg/perfume-thumbs/dark-375x500.126288.avif,perfume-images/126288.avif,DOWNLOADED,image/avif
5090,2823-KAY,Eden Plush Pear | 23 Kayali,127453,https://www.fragrantica.com/perfume/Kayali-Fragrances/Eden-Plush-Pear-23-Eau-de-Parfum-127453.html,https://fimgs.net/mdimg/perfume-thumbs/dark-375x500.127453.avif,perfume-images/127453.avif,DOWNLOADED,image/avif
1407,107-ARB,TITANIUM - ARABIAN OUD,127709,https://www.fragrantica.com/perfume/Arabian-Oud/Titanium-127709.html,https://fimgs.net/mdimg/perfume-thumbs/dark-375x500.127709.avif,perfume-images/127709.avif,DOWNLOADED,image/avif
3943,2301-DIP,FLEUR DE PEAU,131717,https://www.fragrantica.com/perfume/Diptyque/Fleur-de-Peau-131717.html,https://fimgs.net/mdimg/perfume-thumbs/dark-375x500.131717.avif,perfume-images/131717.avif,DOWNLOADED,image/avif
998,973-VICT,WICKED - VICTORIA'S SECRET,133200,https://www.fragrantica.com/perfume/Victoria-s-Secret/Wicked-133200.html,https://fimgs.net/mdimg/perfume-thumbs/dark-375x500.133200.avif,perfume-images/133200.avif,DOWNLOADED,image/avif
616,521-DRC,ADDICT,136549,https://www.fragrantica.com/perfume/Create-Scent/Addict-136549.html,https://fimgs.net/mdimg/perfume-thumbs/dark-375x500.136549.avif,perfume-images/136549.avif,DOWNLOADED,image/avif
752,676-GUC,Flora,138007,https://www.fragrantica.com/perfume/Anthropologie/Flora-138007.html,https://fimgs.net/mdimg/perfume-thumbs/dark-375x500.138007.avif,perfume-images/138007.avif,DOWNLOADED,image/avif
