prestashop_product_id,shobi_code,brand,perfume,inspired_by,reference,shobi_url,fragrantica_id,gender,season,main_notes,status,source
2329,100-AMG,,,JUBILATION XXV MAN,,https://leparfum.com.gr/en/niche-perfumes/100-amg-n,,,,,ACTIVE_MASTER_V2,VERIFIED_OPERATIONAL_DB_2026-09-06
1402,101-AHW,,,King S Harem,,https://leparfum.com.gr/en/niche-perfumes/101-ahw-n,,,,,ACTIVE_MASTER_V2,VERIFIED_OPERATIONAL_DB_2026-09-06
1948,102-AMG,,,Interlude Man,,https://leparfum.com.gr/en/niche-perfumes/102-amg-n,,,,,ACTIVE_MASTER_V2,VERIFIED_OPERATIONAL_DB_2026-09-06
1403,103-ARB,,,Kalemat,,https://leparfum.com.gr/en/arabian-perfumes/kalemat-arabian-oud-type,,,,,ACTIVE_MASTER_V2,VERIFIED_OPERATIONAL_DB_2026-09-06
1404,104-ARB,,,Kashmir,,https://leparfum.com.gr/en/arabian-perfumes/104-arb-ar,,,,,ACTIVE_MASTER_V2,VERIFIED_OPERATIONAL_DB_2026-09-06
1405,105-ARB,,,PRESTIGE CLASSIC - ARABIAN OUD,,https://leparfum.com.gr/en/arabian-perfumes/arabski-parfjumi-arabian,,,,,ACTIVE_MASTER_V2,VERIFIED_OPERATIONAL_DB_2026-09-06
1406,106-ARB,,,SULTAN - ARABIAN OUD,,https://leparfum.com.gr/en/arabian-perfumes/sultan-arabian-oud-type,,,,,ACTIVE_MASTER_V2,VERIFIED_OPERATIONAL_DB_2026-09-06
1407,107-ARB,,,Titanium,,https://leparfum.com.gr/en/arabian-perfumes/titanium-arabian-oud-clone,,,,,ACTIVE_MASTER_V2,VERIFIED_OPERATIONAL_DB_2026-09-06
2112,108-ARM,,,BLEU LAZULI,,https://leparfum.com.gr/en/elegants-fragrances/108-arm-el,,,,,ACTIVE_MASTER_V2,VERIFIED_OPERATIONAL_DB_2026-09-06
2196,109-ARM,,,MUSC SHAMAL,,https://leparfum.com.gr/en/niche-perfumes/109-arm-n,,,,,ACTIVE_MASTER_V2,VERIFIED_OPERATIONAL_DB_2026-09-06
1796,110-ARM,,,ROSE D'ARABIE,,https://leparfum.com.gr/en/niche-perfumes/110-arm-n,,,,,ACTIVE_MASTER_V2,VERIFIED_OPERATIONAL_DB_2026-09-06
1807,111-BAC,,,Rouge 540,,https://leparfum.com.gr/en/niche-perfumes/111-bac-n,,,,,ACTIVE_MASTER_V2,VERIFIED_OPERATIONAL_DB_2026-09-06
2124,112-BON,,,Bleecker Street,,https://leparfum.com.gr/en/niche-perfumes/112-bon-n,,,,,ACTIVE_MASTER_V2,VERIFIED_OPERATIONAL_DB_2026-09-06
1408,113-DRC,,,Oud-ispahan-eau-de-,,https://leparfum.com.gr/en/niche-perfumes/113-drc-n,,,,,ACTIVE_MASTER_V2,VERIFIED_OPERATIONAL_DB_2026-09-06
2239,114-CRD,,,Erolfa,,https://leparfum.com.gr/en/niche-perfumes/114-crd-n,,,,,ACTIVE_MASTER_V2,VERIFIED_OPERATIONAL_DB_2026-09-06
1831,115-EXN,,,Fleur Narcotique,,https://leparfum.com.gr/en/niche-perfumes/115-exn-n,,,,,ACTIVE_MASTER_V2,VERIFIED_OPERATIONAL_DB_2026-09-06
1832,116-EXN,,,Midnight Special,,https://leparfum.com.gr/en/niche-perfumes/midnight-special-ex-nihilo-u-type,,,,,ACTIVE_MASTER_V2,VERIFIED_OPERATIONAL_DB_2026-09-06
2108,117-EXN,,,Sweet Morphine,,https://leparfum.com.gr/en/niche-perfumes/117-exn-n,,,,,ACTIVE_MASTER_V2,VERIFIED_OPERATIONAL_DB_2026-09-06
1409,118-HAM,,,REHAN - HAMIDI OUD,,https://leparfum.com.gr/en/arabian-perfumes/rehan-hamidi-oud-similar,,,,,ACTIVE_MASTER_V2,VERIFIED_OPERATIONAL_DB_2026-09-06
2119,119-HIS,,,1725 Casanova,,https://leparfum.com.gr/en/niche-perfumes/119-his-n,,,,,ACTIVE_MASTER_V2,VERIFIED_OPERATIONAL_DB_2026-09-06
2191,120-INI,,,ABSOLUTE APHRODISIAC - INITIO PARFUMS,,https://leparfum.com.gr/en/niche-perfumes/120-ini-n,,,,,ACTIVE_MASTER_V2,VERIFIED_OPERATIONAL_DB_2026-09-06
2224,121-INI,,,ATOMIC ROSE - INITIO PERFUME,,https://leparfum.com.gr/en/niche-perfumes/121-ini-n,,,,,ACTIVE_MASTER_V2,VERIFIED_OPERATIONAL_DB_2026-09-06
2132,122-INI,,,OUD FOR GREATNESS - INITIO PARFUMS PRIVES,,https://leparfum.com.gr/en/niche-perfumes/122-ini-n,,,,,ACTIVE_MASTER_V2,VERIFIED_OPERATIONAL_DB_2026-09-06
2190,123-INI,,,PSYCHEDELIC LOVE - INITIO PARFUMS PRIVES,,https://leparfum.com.gr/en/niche-perfumes/123-ini-n,,,,,ACTIVE_MASTER_V2,VERIFIED_OPERATIONAL_DB_2026-09-06
2223,124-INI,,,Side Effect - Initio Parfums Prives,,https://leparfum.com.gr/en/niche-perfumes/124-ini-n,,,,,ACTIVE_MASTER_V2,VERIFIED_OPERATIONAL_DB_2026-09-06
2214,125-JUL,,,Liquid Illusion,,https://leparfum.com.gr/en/niche-perfumes/125-jul-n,,,,,ACTIVE_MASTER_V2,VERIFIED_OPERATIONAL_DB_2026-09-06
2205,126-KIL,,,LIGHT MY FIRE - KILIAN PERFUME,,https://leparfum.com.gr/en/niche-perfumes/126-kil-ar,,,,,ACTIVE_MASTER_V2,VERIFIED_OPERATIONAL_DB_2026-09-06
1808,127-KIL,,,STRAIGHT TO HEAVEN - KILIAN,,https://leparfum.com.gr/en/niche-perfumes/127-kil-n,,,,,ACTIVE_MASTER_V2,VERIFIED_OPERATIONAL_DB_2026-09-06
2231,128-LEL,,,Bergamote 22,,https://leparfum.com.gr/en/niche-perfumes/128-lel-n,,,,,ACTIVE_MASTER_V2,VERIFIED_OPERATIONAL_DB_2026-09-06
2232,129-LEL,,,Rose 31,,https://leparfum.com.gr/en/niche-perfumes/129-lel-n,,,,,ACTIVE_MASTER_V2,VERIFIED_OPERATIONAL_DB_2026-09-06
1949,130-LEL,,,SANTAL 26 - LE LABO,,https://leparfum.com.gr/en/niche-perfumes/130-lel-n,,,,,ACTIVE_MASTER_V2,VERIFIED_OPERATIONAL_DB_2026-09-06
1815,131-LEL,,,Santal 33,,https://leparfum.com.gr/en/niche-perfumes/131-lel-n,,,,,ACTIVE_MASTER_V2,VERIFIED_OPERATIONAL_DB_2026-09-06
2131,132-LTN,,,Ombre Nomade,,https://leparfum.com.gr/en/niche-perfumes/132-ltn-n,,,,,ACTIVE_MASTER_V2,VERIFIED_OPERATIONAL_DB_2026-09-06
2126,133-MICA,,,YLANG IN GOLD - M,,https://leparfum.com.gr/en/niche-perfumes/133-mica-n,,,,,ACTIVE_MASTER_V2,VERIFIED_OPERATIONAL_DB_2026-09-06
2238,134-KUR,,,Amyris Homme,,https://leparfum.com.gr/en/niche-perfumes/134-kur-n,,,,,ACTIVE_MASTER_V2,VERIFIED_OPERATIONAL_DB_2026-09-06
2192,135-KUR,,,Gentle-fluidity-gold,,https://leparfum.com.gr/en/niche-perfumes/135-kur-n,,,,,ACTIVE_MASTER_V2,VERIFIED_OPERATIONAL_DB_2026-09-06
2209,136-KUR,,,Gentle-fluidity-silver,,https://leparfum.com.gr/en/niche-perfumes/136-kur-n,,,,,ACTIVE_MASTER_V2,VERIFIED_OPERATIONAL_DB_2026-09-06
2227,137-KUR,,,Grand Soir Eau de Parfum,,https://leparfum.com.gr/en/niche-perfumes/137-kur-n,,,,,ACTIVE_MASTER_V2,VERIFIED_OPERATIONAL_DB_2026-09-06
1791,138-KUR,,,Oud Cashmere Mood,,https://leparfum.com.gr/en/niche-perfumes/138-kur-n,,,,,ACTIVE_MASTER_V2,VERIFIED_OPERATIONAL_DB_2026-09-06
,139-KUR,,,OUD SATIN MOOD,,,,,,,ACTIVE_MASTER_V2,VERIFIED_OPERATIONAL_DB_2026-09-06
,140-KUR,,,OUD SILK MOOD,,,,,,,ACTIVE_MASTER_V2,VERIFIED_OPERATIONAL_DB_2026-09-06
2058,141-MAN,,,Black Vanilla,,https://leparfum.com.gr/en/niche-perfumes/141-man-n,,,,,ACTIVE_MASTER_V2,VERIFIED_OPERATIONAL_DB_2026-09-06
2133,142-MAN,,,Cedrat Boise,,https://leparfum.com.gr/en/niche-perfumes/142-man-n,,,,,ACTIVE_MASTER_V2,VERIFIED_OPERATIONAL_DB_2026-09-06
2109,143-MAN,,,Red Tobacco,,https://leparfum.com.gr/en/niche-perfumes/143-man-n,,,,,ACTIVE_MASTER_V2,VERIFIED_OPERATIONAL_DB_2026-09-06
2117,144-MAN,,,Vanille Exclusive,,https://leparfum.com.gr/en/niche-perfumes/144-man-n,,,,,ACTIVE_MASTER_V2,VERIFIED_OPERATIONAL_DB_2026-09-06
1950,145-MEM,,,African-leather-eau-de-,,https://leparfum.com.gr/en/niche-perfumes/145-mem-n,,,,,ACTIVE_MASTER_V2,VERIFIED_OPERATIONAL_DB_2026-09-06
1410,146-MEM,,,Russian-leather-eau-de-,,https://leparfum.com.gr/en/niche-perfumes/146-mem-n,,,,,ACTIVE_MASTER_V2,VERIFIED_OPERATIONAL_DB_2026-09-06
2237,147-NAS,,,Pardon,,https://leparfum.com.gr/en/niche-perfumes/147-nas-n,,,,,ACTIVE_MASTER_V2,VERIFIED_OPERATIONAL_DB_2026-09-06
1411,148-PARF,,,Athalia,,https://leparfum.com.gr/en/niche-perfumes/148-parf-n,,,,,ACTIVE_MASTER_V2,VERIFIED_OPERATIONAL_DB_2026-09-06
1412,149-PARF,,,CARLISLE (U) - PARFUMS DE MARLY,,https://leparfum.com.gr/en/niche-perfumes/149-parf-n,,,,,ACTIVE_MASTER_V2,VERIFIED_OPERATIONAL_DB_2026-09-06
2122,150-PARF,,,Cassili,,https://leparfum.com.gr/en/niche-perfumes/150-parf-n,,,,,ACTIVE_MASTER_V2,VERIFIED_OPERATIONAL_DB_2026-09-06
2229,151-PARF,,,Delina,,https://leparfum.com.gr/en/niche-perfumes/151-parf-n,,,,,ACTIVE_MASTER_V2,VERIFIED_OPERATIONAL_DB_2026-09-06
2057,152-PARF,,,Delina Exclusif,,https://leparfum.com.gr/en/niche-perfumes/152-parf-n,,,,,ACTIVE_MASTER_V2,VERIFIED_OPERATIONAL_DB_2026-09-06
,153-PARF,,,HEROD,,,,,,,ACTIVE_MASTER_V2,VERIFIED_OPERATIONAL_DB_2026-09-06
1786,154-PARF,,,Layton,,https://leparfum.com.gr/en/niche-perfumes/154-parf-n,,,,,ACTIVE_MASTER_V2,VERIFIED_OPERATIONAL_DB_2026-09-06
2230,155-PARF,,,Layton Exclusif,,https://leparfum.com.gr/en/niche-perfumes/155-parf-n,,,,,ACTIVE_MASTER_V2,VERIFIED_OPERATIONAL_DB_2026-09-06
1413,156-PARF,,,OAJAN (U) - Parfums de Marly,,https://leparfum.com.gr/en/niche-perfumes/156-parf-n,,,,,ACTIVE_MASTER_V2,VERIFIED_OPERATIONAL_DB_2026-09-06
2120,157-PARF,,,Pegasus,,https://leparfum.com.gr/en/niche-perfumes/157-parf-n,,,,,ACTIVE_MASTER_V2,VERIFIED_OPERATIONAL_DB_2026-09-06
2228,158-PARF,,,Percival,,https://leparfum.com.gr/en/niche-perfumes/158-parf-n,,,,,ACTIVE_MASTER_V2,VERIFIED_OPERATIONAL_DB_2026-09-06
2125,159-PARF,,,Safanad,,https://leparfum.com.gr/en/niche-perfumes/159-parf-n,,,,,ACTIVE_MASTER_V2,VERIFIED_OPERATIONAL_DB_2026-09-06
2094,160-PEN,,,BEWITCHING YASMINE,,https://leparfum.com.gr/en/niche-perfumes/160-pen-n,,,,,ACTIVE_MASTER_V2,VERIFIED_OPERATIONAL_DB_2026-09-06
2233,161-PEN,,,Cairo,,https://leparfum.com.gr/en/niche-perfumes/161-pen-n,,,,,ACTIVE_MASTER_V2,VERIFIED_OPERATIONAL_DB_2026-09-06
2092,162-PEN,,,Endymion Concentre,,https://leparfum.com.gr/en/niche-perfumes/162-pen-n,,,,,ACTIVE_MASTER_V2,VERIFIED_OPERATIONAL_DB_2026-09-06
2093,163-PEN,,,Halfeti-eau-de-,,https://leparfum.com.gr/en/niche-perfumes/163-pen-n,,,,,ACTIVE_MASTER_V2,VERIFIED_OPERATIONAL_DB_2026-09-06
2240,164-PEN,,,Halfeti-leather,,https://leparfum.com.gr/en/niche-perfumes/164-pen-n,,,,,ACTIVE_MASTER_V2,VERIFIED_OPERATIONAL_DB_2026-09-06
2140,165-PEN,,,The-tragedy-of-lord-george-eau-de-,,https://leparfum.com.gr/en/niche-perfumes/165-pen-n,,,,,ACTIVE_MASTER_V2,VERIFIED_OPERATIONAL_DB_2026-09-06
2096,166-AZ,,,Sequoia Wood Eau de Parfum,,https://leparfum.com.gr/en/niche-perfumes/166-az-n,,,,,ACTIVE_MASTER_V2,VERIFIED_OPERATIONAL_DB_2026-09-06
1414,167-RAS,,,Daarej pour Homme Eau de Parfum,,https://leparfum.com.gr/en/niche-perfumes/167-ras-n,,,,,ACTIVE_MASTER_V2,VERIFIED_OPERATIONAL_DB_2026-09-06
1415,168-RAS,,,Daarej for Women Rasasi,,https://leparfum.com.gr/en/arabian-perfumes/daarej-for-women-rasasi-perfume-type,,,,,ACTIVE_MASTER_V2,VERIFIED_OPERATIONAL_DB_2026-09-06
2234,169-ROJ,,,BRITANNIA - ROJA DOVE,,https://leparfum.com.gr/en/niche-perfumes/169-roj-n,,,,,ACTIVE_MASTER_V2,VERIFIED_OPERATIONAL_DB_2026-09-06
2235,170-ROJ,,,ENIGMA WOMAN - ROJA DOVE,,https://leparfum.com.gr/en/niche-perfumes/170-roj-n,,,,,ACTIVE_MASTER_V2,VERIFIED_OPERATIONAL_DB_2026-09-06
2204,171-DUP,,,Souvenirs De Malles Oud Oriental,,https://leparfum.com.gr/en/niche-perfumes/171-dup-n,,,,,ACTIVE_MASTER_V2,VERIFIED_OPERATIONAL_DB_2026-09-06
2084,172-SHALM,,,Moroccan-musk,,https://leparfum.com.gr/en/arabian-perfumes/172-shalm-ar,,,,,ACTIVE_MASTER_V2,VERIFIED_OPERATIONAL_DB_2026-09-06
1923,173-SOS,,,Accento Sospiro,,https://leparfum.com.gr/en/niche-perfumes/accento-sospiro-perfumes-u-type,,,,,ACTIVE_MASTER_V2,VERIFIED_OPERATIONAL_DB_2026-09-06
2051,174-SOS,,,Erba Pura,,https://leparfum.com.gr/en/niche-perfumes/174-sos-n,,,,,ACTIVE_MASTER_V2,VERIFIED_OPERATIONAL_DB_2026-09-06
1416,175-SHA,,,Opulent Shaik Classic No. 33 Eau de Parfum,,https://leparfum.com.gr/en/arabian-perfumes/opulent-shaik-classic-no-33-shaik-type,,,,,ACTIVE_MASTER_V2,VERIFIED_OPERATIONAL_DB_2026-09-06
2236,176-THAM,,,Peregrina,,https://leparfum.com.gr/en/niche-perfumes/176-tham-n,,,,,ACTIVE_MASTER_V2,VERIFIED_OPERATIONAL_DB_2026-09-06
1880,177-TER,,,Kirkè,,https://leparfum.com.gr/en/niche-perfumes/177-ter-n,,,,,ACTIVE_MASTER_V2,VERIFIED_OPERATIONAL_DB_2026-09-06
2127,178-VIL,,,Mango Skin,,https://leparfum.com.gr/en/niche-perfumes/178-vil-ν,,,,,ACTIVE_MASTER_V2,VERIFIED_OPERATIONAL_DB_2026-09-06
2118,179-XER,,,1861 NAXOS,,https://leparfum.com.gr/en/niche-perfumes/179-xer-n,,,,,ACTIVE_MASTER_V2,VERIFIED_OPERATIONAL_DB_2026-09-06
2207,180-XER,,,1888,,https://leparfum.com.gr/en/niche-perfumes/180-xer-n,,,,,ACTIVE_MASTER_V2,VERIFIED_OPERATIONAL_DB_2026-09-06
1816,181-XER,,,Alexandria II,,https://leparfum.com.gr/en/niche-perfumes/181-xer-n,,,,,ACTIVE_MASTER_V2,VERIFIED_OPERATIONAL_DB_2026-09-06
1418,182-XER,,,Comandante,,https://leparfum.com.gr/en/niche-perfumes/182-xer-n,,,,,ACTIVE_MASTER_V2,VERIFIED_OPERATIONAL_DB_2026-09-06
1417,183-XER,,,Don,,https://leparfum.com.gr/en/niche-perfumes/183-xer-n,,,,,ACTIVE_MASTER_V2,VERIFIED_OPERATIONAL_DB_2026-09-06
,184-YAS,,,HUBOOB,,,,,,,ACTIVE_MASTER_V2,VERIFIED_OPERATIONAL_DB_2026-09-06
2111,185-AL HAR,,Red African,Red African,,https://leparfum.com.gr/en/niche-perfumes/red-african-al-haramain-perfumes-original,,,,,ACTIVE_MASTER_V2,VERIFIED_OPERATIONAL_DB_2026-09-06
1136,186-ARM,,,AMBRE SOIE,,https://leparfum.com.gr/en/elegants-fragrances/186-arm-el,,,,,ACTIVE_MASTER_V2,VERIFIED_OPERATIONAL_DB_2026-09-06
1138,187-ARM,,,BOIS D'ENCENS,,https://leparfum.com.gr/en/elegants-fragrances/187-arm-el,,,,,ACTIVE_MASTER_V2,VERIFIED_OPERATIONAL_DB_2026-09-06
1139,188-ARM,,,CUIR AMETHYSTE,,https://leparfum.com.gr/en/elegants-fragrances/188-arm-el,,,,,ACTIVE_MASTER_V2,VERIFIED_OPERATIONAL_DB_2026-09-06
1140,189-ARM,,,CUIR NOIR,,https://leparfum.com.gr/en/elegants-fragrances/189-arm-el,,,,,ACTIVE_MASTER_V2,VERIFIED_OPERATIONAL_DB_2026-09-06
2731,190-ARM,,,PIVOINE SUZHOU,,https://leparfum.com.gr/en/elegants-fragrances/190-arm-el,,,,,ACTIVE_MASTER_V2,VERIFIED_OPERATIONAL_DB_2026-09-06
2733,191-ARM,,,ROSE ALEXANDRIE,,https://leparfum.com.gr/en/elegants-fragrances/191-arm-el,,,,,ACTIVE_MASTER_V2,VERIFIED_OPERATIONAL_DB_2026-09-06
1137,192-ARM,,,ROUGE MALACHITE,,https://leparfum.com.gr/en/elegants-fragrances/192-arm-el,,,,,ACTIVE_MASTER_V2,VERIFIED_OPERATIONAL_DB_2026-09-06
1142,193-ARM,,,ROYAL OUD,,https://leparfum.com.gr/en/elegants-fragrances/193-arm-el,,,,,ACTIVE_MASTER_V2,VERIFIED_OPERATIONAL_DB_2026-09-06
2732,194-ARM,,,THE YULONG,,https://leparfum.com.gr/en/elegants-fragrances/194-arm-el,,,,,ACTIVE_MASTER_V2,VERIFIED_OPERATIONAL_DB_2026-09-06
1806,195-ARM,,,Vert Malachite,,https://leparfum.com.gr/en/elegants-fragrances/195-arm-el,,,,,ACTIVE_MASTER_V2,VERIFIED_OPERATIONAL_DB_2026-09-06
4821,196-BELLA,,,1970 Eau de Parfum,,https://leparfum.com.gr/en/elegants-fragrances/196-bella,,,,,ACTIVE_MASTER_V2,VERIFIED_OPERATIONAL_DB_2026-09-06
2726,197-BON,,,Harrods Royal Rose,,https://leparfum.com.gr/en/niche-perfumes/harrods-royal-rose-bond-no9-similar-type,,,,,ACTIVE_MASTER_V2,VERIFIED_OPERATIONAL_DB_2026-09-06
2727,198-BON,,,Harrods Swarovski Limited Edition,,https://leparfum.com.gr/en/niche-perfumes/swarovski-bond-no9-similar-fragrance,,,,,ACTIVE_MASTER_V2,VERIFIED_OPERATIONAL_DB_2026-09-06
4823,199-CARO,,,Pour Un Homme de Caron,,https://leparfum.com.gr/en/elegants-fragrances/199-caro,,,,,ACTIVE_MASTER_V2,VERIFIED_OPERATIONAL_DB_2026-09-06
,200-CIR,,,ERNESTO CHE GUEVARA,,,,,,,ACTIVE_MASTER_V2,VERIFIED_OPERATIONAL_DB_2026-09-06
2720,201-CLIV,,,No-1-for-men,,https://leparfum.com.gr/en/niche-perfumes/no1-for-men-clive-christian-similar-type,,,,,ACTIVE_MASTER_V2,VERIFIED_OPERATIONAL_DB_2026-09-06
,202-CLIV,,,No. 1 FOR WOMEN,,,,,,,ACTIVE_MASTER_V2,VERIFIED_OPERATIONAL_DB_2026-09-06
2113,203-CLIV,,,X-for-men,,https://leparfum.com.gr/en/niche-perfumes/203-cliv-n,,,,,ACTIVE_MASTER_V2,VERIFIED_OPERATIONAL_DB_2026-09-06
1110,204-CRD,,,Avent,,https://leparfum.com.gr/en/elegants-fragrances/204-crd-el,,,,,ACTIVE_MASTER_V2,VERIFIED_OPERATIONAL_DB_2026-09-06
1111,205-CRD,,,aven for her,,https://leparfum.com.gr/en/elegants-fragrances/205-crd-el,,,,,ACTIVE_MASTER_V2,VERIFIED_OPERATIONAL_DB_2026-09-06
2736,206-CRD,,,Bois du Portu,,https://leparfum.com.gr/en/elegants-fragrances/206-crd-el,,,,,ACTIVE_MASTER_V2,VERIFIED_OPERATIONAL_DB_2026-09-06
1113,207-CRD,,,HIMALAYIA,,https://leparfum.com.gr/en/elegants-fragrances/207-crd-el,,,,,ACTIVE_MASTER_V2,VERIFIED_OPERATIONAL_DB_2026-09-06
2085,208-CRD,,,Fantasia De Fleurs,,https://leparfum.com.gr/en/elegants-fragrances/208-crd-el,,,,,ACTIVE_MASTER_V2,VERIFIED_OPERATIONAL_DB_2026-09-06
2737,209-CRD,,,Fleurissimo,,https://leparfum.com.gr/en/elegants-fragrances/209-crd-el,,,,,ACTIVE_MASTER_V2,VERIFIED_OPERATIONAL_DB_2026-09-06
1114,210-CRD,,,Green Irish Tweed,,https://leparfum.com.gr/en/elegants-fragrances/210-crd-el,,,,,ACTIVE_MASTER_V2,VERIFIED_OPERATIONAL_DB_2026-09-06
1115,211-CRD,,,Love In White,,https://leparfum.com.gr/en/elegants-fragrances/211-crd-el,,,,,ACTIVE_MASTER_V2,VERIFIED_OPERATIONAL_DB_2026-09-06
2738,212-CRD,,,Royal-mayfair-,,https://leparfum.com.gr/en/elegants-fragrances/212-crd-el,,,,,ACTIVE_MASTER_V2,VERIFIED_OPERATIONAL_DB_2026-09-06
1116,213-CRD,,,Royal Oud,,https://leparfum.com.gr/en/elegants-fragrances/213-crd-el,,,,,ACTIVE_MASTER_V2,VERIFIED_OPERATIONAL_DB_2026-09-06
1117,214-CRD,,,Original Santal,,https://leparfum.com.gr/en/elegants-fragrances/214-crd,,,,,ACTIVE_MASTER_V2,VERIFIED_OPERATIONAL_DB_2026-09-06
4822,215-CRD,,,Silver Mountain Water,,https://leparfum.com.gr/en/elegants-fragrances/215-crd,,,,,ACTIVE_MASTER_V2,VERIFIED_OPERATIONAL_DB_2026-09-06
1119,216-CRD,,,Spring Flower,,https://leparfum.com.gr/en/elegants-fragrances/216-crd-el,,,,,ACTIVE_MASTER_V2,VERIFIED_OPERATIONAL_DB_2026-09-06
1120,217-CRD,,,the notes of SUBLIME VANILLE,,https://leparfum.com.gr/en/elegants-fragrances/217-crd-el,,,,,ACTIVE_MASTER_V2,VERIFIED_OPERATIONAL_DB_2026-09-06
1121,218-CRD,,,VETIVER,,https://leparfum.com.gr/en/elegants-fragrances/218-crd-el,,,,,ACTIVE_MASTER_V2,VERIFIED_OPERATIONAL_DB_2026-09-06
1122,219-CRD,,,Viking Eau de Parfum,,https://leparfum.com.gr/en/elegants-fragrances/219-crd-el,,,,,ACTIVE_MASTER_V2,VERIFIED_OPERATIONAL_DB_2026-09-06
1123,220-CRD,,,Virgin Island Water,,https://leparfum.com.gr/en/elegants-fragrances/220-crd-el,,,,,ACTIVE_MASTER_V2,VERIFIED_OPERATIONAL_DB_2026-09-06
1124,221-DIP,,,34 BOULEVARD SAINT GERMAIN 2011,,https://leparfum.com.gr/en/elegants-fragrances/221-dip-el,,,,,ACTIVE_MASTER_V2,VERIFIED_OPERATIONAL_DB_2026-09-06
1125,222-DIP,,,AMBRE,,https://leparfum.com.gr/en/elegants-fragrances/222-dip-el,,,,,ACTIVE_MASTER_V2,VERIFIED_OPERATIONAL_DB_2026-09-06
1126,223-DIP,,,BAIES,,https://leparfum.com.gr/en/elegants-fragrances/223-dip-el,,,,,ACTIVE_MASTER_V2,VERIFIED_OPERATIONAL_DB_2026-09-06
1127,224-DIP,,,Do Son,,https://leparfum.com.gr/en/elegants-fragrances/224-dip-el,,,,,ACTIVE_MASTER_V2,VERIFIED_OPERATIONAL_DB_2026-09-06
1128,225-DIP,,,EL EAU DES SENS,,https://leparfum.com.gr/en/elegants-fragrances/225-dip-el,,,,,ACTIVE_MASTER_V2,VERIFIED_OPERATIONAL_DB_2026-09-06
1129,226-DIP,,,Eau Lente,,https://leparfum.com.gr/en/elegants-fragrances/226-dip-el,,,,,ACTIVE_MASTER_V2,VERIFIED_OPERATIONAL_DB_2026-09-06
1130,227-DIP,,,FEU DE BOIS / WOOD FIRE,,https://leparfum.com.gr/en/elegants-fragrances/227-dip-el,,,,,ACTIVE_MASTER_V2,VERIFIED_OPERATIONAL_DB_2026-09-06
1131,228-DIP,,,FEUILLE DE LAVANDE,,https://leparfum.com.gr/en/elegants-fragrances/228-dip-el,,,,,ACTIVE_MASTER_V2,VERIFIED_OPERATIONAL_DB_2026-09-06
1132,229-DIP,,,Philosykos,,https://leparfum.com.gr/en/elegants-fragrances/229-dip-el,,,,,ACTIVE_MASTER_V2,VERIFIED_OPERATIONAL_DB_2026-09-06
1133,230-DIP,,,OPOPANAX,,https://leparfum.com.gr/en/elegants-fragrances/230-dip-el,,,,,ACTIVE_MASTER_V2,VERIFIED_OPERATIONAL_DB_2026-09-06
2050,231-DIP,,,Oud Palao,,https://leparfum.com.gr/en/elegants-fragrances/231-dip-el,,,,,ACTIVE_MASTER_V2,VERIFIED_OPERATIONAL_DB_2026-09-06
1134,232-ESCE,,,Escentric 01,,https://leparfum.com.gr/en/elegants-fragrances/232-esce-el,,,,,ACTIVE_MASTER_V2,VERIFIED_OPERATIONAL_DB_2026-09-06
1839,233-ESCE,,,Molecule 02,,https://leparfum.com.gr/en/elegants-fragrances/escentric-02-dupe-perfume,,,,,ACTIVE_MASTER_V2,VERIFIED_OPERATIONAL_DB_2026-09-06
1135,234-ESCE,,,Escentric 04,,https://leparfum.com.gr/en/elegants-fragrances/234-esce-el,,,,,ACTIVE_MASTER_V2,VERIFIED_OPERATIONAL_DB_2026-09-06
,235-HOLL,,,SOCAL,,,,,,,ACTIVE_MASTER_V2,VERIFIED_OPERATIONAL_DB_2026-09-06
,236-IND,,,ZUM FRANKINCENSE & MYRRH,,,,,,,ACTIVE_MASTER_V2,VERIFIED_OPERATIONAL_DB_2026-09-06
1145,237-JOM,,,A Shot Of Thai Over Mango - Jo Malone,,https://leparfum.com.gr/en/elegants-fragrances/237-jom-el,,,,,ACTIVE_MASTER_V2,VERIFIED_OPERATIONAL_DB_2026-09-06
1146,238-JOM,,,A Shot Of Oud Over Mango - Jo Malone,,https://leparfum.com.gr/en/elegants-fragrances/238-jom-el,,,,,ACTIVE_MASTER_V2,VERIFIED_OPERATIONAL_DB_2026-09-06
1147,239-JOM,,,Amber  Lavender,,https://leparfum.com.gr/en/elegants-fragrances/239-jom-el,,,,,ACTIVE_MASTER_V2,VERIFIED_OPERATIONAL_DB_2026-09-06
1148,240-JOM,,,Amber & Patchouli - Jo Malone,,https://leparfum.com.gr/en/elegants-fragrances/240-jom-el,,,,,ACTIVE_MASTER_V2,VERIFIED_OPERATIONAL_DB_2026-09-06
1149,241-JOM,,,Basil  Neroli,,https://leparfum.com.gr/en/elegants-fragrances/241-jom-el,,,,,ACTIVE_MASTER_V2,VERIFIED_OPERATIONAL_DB_2026-09-06
1150,242-JOM,,,Blackberry  Bay,,https://leparfum.com.gr/en/elegants-fragrances/242-jom-el,,,,,ACTIVE_MASTER_V2,VERIFIED_OPERATIONAL_DB_2026-09-06
1151,243-JOM,,,Black Cedarwood  Juniper,,https://leparfum.com.gr/en/elegants-fragrances/243-jom-el,,,,,ACTIVE_MASTER_V2,VERIFIED_OPERATIONAL_DB_2026-09-06
1152,244-JOM,,,Black Vetyver Cafe,,https://leparfum.com.gr/en/elegants-fragrances/244-jom-el,,,,,ACTIVE_MASTER_V2,VERIFIED_OPERATIONAL_DB_2026-09-06
1153,245-JOM,,,Blue-agava-amp-cacao,,https://leparfum.com.gr/en/elegants-fragrances/245-jom-el,,,,,ACTIVE_MASTER_V2,VERIFIED_OPERATIONAL_DB_2026-09-06
2208,246-JOM,,,Bronze Wood & Leather by Jo Malone London,,https://leparfum.com.gr/en/elegants-fragrances/246-jom-el,,,,,ACTIVE_MASTER_V2,VERIFIED_OPERATIONAL_DB_2026-09-06
1154,247-JOM,,,The Herb Garden  Carrot Blossom  Fennel,,https://leparfum.com.gr/en/elegants-fragrances/247-jom-el,,,,,ACTIVE_MASTER_V2,VERIFIED_OPERATIONAL_DB_2026-09-06
1155,248-JOM,,,Dark Amber And Ginger Lily,,https://leparfum.com.gr/en/elegants-fragrances/248-jom-el,,,,,ACTIVE_MASTER_V2,VERIFIED_OPERATIONAL_DB_2026-09-06
1156,249-JOM,,,Earl Grey  Cucumber,,https://leparfum.com.gr/en/elegants-fragrances/249-jom-el,,,,,ACTIVE_MASTER_V2,VERIFIED_OPERATIONAL_DB_2026-09-06
1157,250-JOM,,,English Oak  Hazelnut,,https://leparfum.com.gr/en/elegants-fragrances/250-jom-el,,,,,ACTIVE_MASTER_V2,VERIFIED_OPERATIONAL_DB_2026-09-06
1158,251-JOM,,,English-pear-freesia-,,https://leparfum.com.gr/en/elegants-fragrances/251-jom-el,,,,,ACTIVE_MASTER_V2,VERIFIED_OPERATIONAL_DB_2026-09-06
1888,252-JOM,,,Frangipani Flower,,https://leparfum.com.gr/en/elegants-fragrances/252-jom-el,,,,,ACTIVE_MASTER_V2,VERIFIED_OPERATIONAL_DB_2026-09-06
1159,253-JOM,,,French Lime Blossom,,https://leparfum.com.gr/en/elegants-fragrances/253-jom-el,,,,,ACTIVE_MASTER_V2,VERIFIED_OPERATIONAL_DB_2026-09-06
1160,254-JOM,,,GARDENIA - JO MALONE,,https://leparfum.com.gr/en/elegants-fragrances/254-jom-el,,,,,ACTIVE_MASTER_V2,VERIFIED_OPERATIONAL_DB_2026-09-06
1161,255-JOM,,,Rare Teas  Golden Needle Tea,,https://leparfum.com.gr/en/elegants-fragrances/255-jom-el,,,,,ACTIVE_MASTER_V2,VERIFIED_OPERATIONAL_DB_2026-09-06
1162,256-JOM,,,Grapefruit,,https://leparfum.com.gr/en/elegants-fragrances/256-jom-el,,,,,ACTIVE_MASTER_V2,VERIFIED_OPERATIONAL_DB_2026-09-06
1163,257-JOM,,,GREEN ORANGE & CORIANDER - JO MALONE,,https://leparfum.com.gr/en/elegants-fragrances/257-jom-el,,,,,ACTIVE_MASTER_V2,VERIFIED_OPERATIONAL_DB_2026-09-06
1164,258-JOM,,,GREEN TOMATO LEAF - JO MALONE,,https://leparfum.com.gr/en/elegants-fragrances/258-jom-el,,,,,ACTIVE_MASTER_V2,VERIFIED_OPERATIONAL_DB_2026-09-06
1165,259-JOM,,,Honeysuckle  Jasmine,,https://leparfum.com.gr/en/elegants-fragrances/259-jom-el,,,,,ACTIVE_MASTER_V2,VERIFIED_OPERATIONAL_DB_2026-09-06
1166,260-JOM,,,Incense  Cedrat,,https://leparfum.com.gr/en/elegants-fragrances/260-jom-el,,,,,ACTIVE_MASTER_V2,VERIFIED_OPERATIONAL_DB_2026-09-06
1167,261-JOM,,,INCENSE & EMBERS - JO MALONE,,https://leparfum.com.gr/en/elegants-fragrances/261-jom-el,,,,,ACTIVE_MASTER_V2,VERIFIED_OPERATIONAL_DB_2026-09-06
1168,262-JOM,,,Iris And Lady Moore,,https://leparfum.com.gr/en/elegants-fragrances/262-jom-el,,,,,ACTIVE_MASTER_V2,VERIFIED_OPERATIONAL_DB_2026-09-06
1169,263-JOM,,,Rare Teas  Jade Leaf Tea,,https://leparfum.com.gr/en/elegants-fragrances/263-jom-el,,,,,ACTIVE_MASTER_V2,VERIFIED_OPERATIONAL_DB_2026-09-06
1170,264-JOM,,,Lime Basil  Mandarin,,https://leparfum.com.gr/en/elegants-fragrances/264-jom-el,,,,,ACTIVE_MASTER_V2,VERIFIED_OPERATIONAL_DB_2026-09-06
1908,265-JOM,,,Lotus Blossom  Water Lily,,https://leparfum.com.gr/en/elegants-fragrances/265-jom-el,,,,,ACTIVE_MASTER_V2,VERIFIED_OPERATIONAL_DB_2026-09-06
1171,266-JOM,,,Rare Teas  Midnight Black Tea,,https://leparfum.com.gr/en/elegants-fragrances/266-jom-el,,,,,ACTIVE_MASTER_V2,VERIFIED_OPERATIONAL_DB_2026-09-06
1172,267-JOM,,,MIMOSA & CARDAMON - JO MALONE,,https://leparfum.com.gr/en/elegants-fragrances/267-jom-el,,,,,ACTIVE_MASTER_V2,VERIFIED_OPERATIONAL_DB_2026-09-06
1173,268-JOM,,,MYRRH & TONKA - JO MALONE,,https://leparfum.com.gr/en/elegants-fragrances/268-jom-el,,,,,ACTIVE_MASTER_V2,VERIFIED_OPERATIONAL_DB_2026-09-06
1907,269-JOM,,,Nashi Blossom,,https://leparfum.com.gr/en/elegants-fragrances/269-jom-el,,,,,ACTIVE_MASTER_V2,VERIFIED_OPERATIONAL_DB_2026-09-06
1174,270-JOM,,,The Herb Garden  Nasturtium  Clover,,https://leparfum.com.gr/en/elegants-fragrances/270-jom-el,,,,,ACTIVE_MASTER_V2,VERIFIED_OPERATIONAL_DB_2026-09-06
1833,271-JOM,,,Nectarine Blossom & Honey Cologne,,https://leparfum.com.gr/en/elegants-fragrances/271-jom-el,,,,,ACTIVE_MASTER_V2,VERIFIED_OPERATIONAL_DB_2026-09-06
1175,272-JOM,,,Nutmeg  Ginger,,https://leparfum.com.gr/en/elegants-fragrances/272-jom-el,,,,,ACTIVE_MASTER_V2,VERIFIED_OPERATIONAL_DB_2026-09-06
1176,273-JOM,,,Rare Teas  Oolong Tea,,https://leparfum.com.gr/en/elegants-fragrances/273-jom-el,,,,,ACTIVE_MASTER_V2,VERIFIED_OPERATIONAL_DB_2026-09-06
1177,274-JOM,,,Orange Blossom,,https://leparfum.com.gr/en/elegants-fragrances/274-jom-el,,,,,ACTIVE_MASTER_V2,VERIFIED_OPERATIONAL_DB_2026-09-06
1178,275-JOM,,,Orris  Sandalwood Limited Edition,,https://leparfum.com.gr/en/elegants-fragrances/275-jom-el,,,,,ACTIVE_MASTER_V2,VERIFIED_OPERATIONAL_DB_2026-09-06
2087,276-JOM,,,Oud & Bergamot by Jo Malone London,,https://leparfum.com.gr/en/elegants-fragrances/276-jom-el,,,,,ACTIVE_MASTER_V2,VERIFIED_OPERATIONAL_DB_2026-09-06
1179,277-JOM,,,Peony  Blush Suede Cologne,,https://leparfum.com.gr/en/elegants-fragrances/277-jom-el,,,,,ACTIVE_MASTER_V2,VERIFIED_OPERATIONAL_DB_2026-09-06
1180,278-JOM,,,Peony And Moss,,https://leparfum.com.gr/en/elegants-fragrances/278-jom-el,,,,,ACTIVE_MASTER_V2,VERIFIED_OPERATIONAL_DB_2026-09-06
1181,279-JOM,,,PINK VETIVER - JO MALONE,,https://leparfum.com.gr/en/elegants-fragrances/279-jom-el,,,,,ACTIVE_MASTER_V2,VERIFIED_OPERATIONAL_DB_2026-09-06
1182,280-JOM,,,Plum Blossom,,https://leparfum.com.gr/en/elegants-fragrances/280-jom-el,,,,,ACTIVE_MASTER_V2,VERIFIED_OPERATIONAL_DB_2026-09-06
1183,281-JOM,,,Pomegranate Noir,,https://leparfum.com.gr/en/elegants-fragrances/281-jom-el,,,,,ACTIVE_MASTER_V2,VERIFIED_OPERATIONAL_DB_2026-09-06
1184,282-JOM,,,POMELO - JO MALONE,,https://leparfum.com.gr/en/elegants-fragrances/282-jom-el,,,,,ACTIVE_MASTER_V2,VERIFIED_OPERATIONAL_DB_2026-09-06
2059,283-JOM,,,English Fields  Poppy  Barley,,https://leparfum.com.gr/en/elegants-fragrances/283-jom-el,,,,,ACTIVE_MASTER_V2,VERIFIED_OPERATIONAL_DB_2026-09-06
1185,284-JOM,,,Red Roses,,https://leparfum.com.gr/en/elegants-fragrances/284-jom-el,,,,,ACTIVE_MASTER_V2,VERIFIED_OPERATIONAL_DB_2026-09-06
1186,285-JOM,,,Saffron,,https://leparfum.com.gr/en/elegants-fragrances/285-jom-el,,,,,ACTIVE_MASTER_V2,VERIFIED_OPERATIONAL_DB_2026-09-06
1187,286-JOM,,,SHARDS OF CEDAR & RED THYME - JO MALONE,,https://leparfum.com.gr/en/elegants-fragrances/286-jom-el,,,,,ACTIVE_MASTER_V2,VERIFIED_OPERATIONAL_DB_2026-09-06
1188,287-JOM,,,Silk Blossom,,https://leparfum.com.gr/en/elegants-fragrances/287-jom-el,,,,,ACTIVE_MASTER_V2,VERIFIED_OPERATIONAL_DB_2026-09-06
1189,288-JOM,,,The Herb Garden  Sorrel  Lemon Thyme,,https://leparfum.com.gr/en/elegants-fragrances/288-jom-el,,,,,ACTIVE_MASTER_V2,VERIFIED_OPERATIONAL_DB_2026-09-06
1190,289-JOM,,,SWEET ALMON & MACARRON - JO MALONE,,https://leparfum.com.gr/en/elegants-fragrances/289-jom-el,,,,,ACTIVE_MASTER_V2,VERIFIED_OPERATIONAL_DB_2026-09-06
1191,290-JOM,,,Sweet Lime  Cedar,,https://leparfum.com.gr/en/elegants-fragrances/290-jom-el,,,,,ACTIVE_MASTER_V2,VERIFIED_OPERATIONAL_DB_2026-09-06
2100,291-JOM,,,Tuberose Angelica by Jo Malone London,,https://leparfum.com.gr/en/elegants-fragrances/291-jom-el,,,,,ACTIVE_MASTER_V2,VERIFIED_OPERATIONAL_DB_2026-09-06
1192,292-JOM,,,Vanilla-amp-anise,,https://leparfum.com.gr/en/elegants-fragrances/292-jom-el,,,,,ACTIVE_MASTER_V2,VERIFIED_OPERATIONAL_DB_2026-09-06
1193,293-JOM,,,VELVET ROSE OUD - JO MALONE,,https://leparfum.com.gr/en/elegants-fragrances/293-jom-el,,,,,ACTIVE_MASTER_V2,VERIFIED_OPERATIONAL_DB_2026-09-06
1194,294-JOM,,,VERBENAS OF PROVENCE - JO MALONE,,https://leparfum.com.gr/en/elegants-fragrances/294-jom-el,,,,,ACTIVE_MASTER_V2,VERIFIED_OPERATIONAL_DB_2026-09-06
1195,295-JOM,,,VETYVER - JO MALONE,,https://leparfum.com.gr/en/elegants-fragrances/295-jom-el,,,,,ACTIVE_MASTER_V2,VERIFIED_OPERATIONAL_DB_2026-09-06
2086,296-JOM,,,Vetiver-amp-golden-vanilla,,https://leparfum.com.gr/en/elegants-fragrances/296-jom-el,,,,,ACTIVE_MASTER_V2,VERIFIED_OPERATIONAL_DB_2026-09-06
1196,297-JOM,,,VINTAGE GARDENIA - JO MALONE,,https://leparfum.com.gr/en/elegants-fragrances/297-jom-el,,,,,ACTIVE_MASTER_V2,VERIFIED_OPERATIONAL_DB_2026-09-06
1197,298-JOM,,,White-jasmine-amp-mint,,https://leparfum.com.gr/en/elegants-fragrances/298-jom-el,,,,,ACTIVE_MASTER_V2,VERIFIED_OPERATIONAL_DB_2026-09-06
1198,299-JOM,,,WHITE LILAC & RHUBARB - JO MALONE,,https://leparfum.com.gr/en/elegants-fragrances/299-jom-el,,,,,ACTIVE_MASTER_V2,VERIFIED_OPERATIONAL_DB_2026-09-06
1199,300-JOM,,,WILD BLUEBELL - JO MALONE Type,,https://leparfum.com.gr/en/elegants-fragrances/300-jom-el,,,,,ACTIVE_MASTER_V2,VERIFIED_OPERATIONAL_DB_2026-09-06
1200,301-JOM,,,Wild Fig & Cassis Jo Malone,,https://leparfum.com.gr/en/elegants-fragrances/wild-fig-cassis-jo-malone-type,,,,,ACTIVE_MASTER_V2,VERIFIED_OPERATIONAL_DB_2026-09-06
1201,302-JOM,,,WISTERIA VIOLET - JO MALONE,,https://leparfum.com.gr/en/elegants-fragrances/302-jom-el,,,,,ACTIVE_MASTER_V2,VERIFIED_OPERATIONAL_DB_2026-09-06
1202,303-JOM,,,Wood Sage  Sea Salt,,https://leparfum.com.gr/en/elegants-fragrances/303-jom-el,,,,,ACTIVE_MASTER_V2,VERIFIED_OPERATIONAL_DB_2026-09-06
,304-KIE,,,ORIGINAL MUSK,,,,,,,ACTIVE_MASTER_V2,VERIFIED_OPERATIONAL_DB_2026-09-06
1879,305-KAY,,,Vanilla-28-eau-de-,,https://leparfum.com.gr/en/elegants-fragrances/305-kay-el,,,,,ACTIVE_MASTER_V2,VERIFIED_OPERATIONAL_DB_2026-09-06
2114,306-LAN,,,OUD BOUQUET (U),,https://leparfum.com.gr/en/elegants-fragrances/306-lan-el,,,,,ACTIVE_MASTER_V2,VERIFIED_OPERATIONAL_DB_2026-09-06
1204,307-LOC,,,PEONY - L' OCCITANE,,https://leparfum.com.gr/en/elegants-fragrances/peony-occitane-type,,,,,ACTIVE_MASTER_V2,VERIFIED_OPERATIONAL_DB_2026-09-06
1205,308-LOC,,,CITRUS VERBENA - L' OCCITANE,,https://leparfum.com.gr/en/elegants-fragrances/citrus-verbena-l-occitane-dupe,,,,,ACTIVE_MASTER_V2,VERIFIED_OPERATIONAL_DB_2026-09-06
1206,309-LOC,,,MAGNOLIA & MURE - L' OCCITANE,,https://leparfum.com.gr/en/elegants-fragrances/309-loc-el,,,,,ACTIVE_MASTER_V2,VERIFIED_OPERATIONAL_DB_2026-09-06
,310-MIL,,,FEUILLES DE TABAC,,,,,,,ACTIVE_MASTER_V2,VERIFIED_OPERATIONAL_DB_2026-09-06
1208,311-MOL,,,amber cocoon-mol,,https://leparfum.com.gr/en/elegants-fragrances/amber-cocoon-molton-brown-type,,,,,ACTIVE_MASTER_V2,VERIFIED_OPERATIONAL_DB_2026-09-06
1209,312-MOL,,,black pepper-molΞυλώδες Πικάντικο,,https://leparfum.com.gr/en/elegants-fragrances/black-pepper-molton-brown-type,,,,,ACTIVE_MASTER_V2,VERIFIED_OPERATIONAL_DB_2026-09-06
1210,313-MOL,,,thai vert-mol,,https://leparfum.com.gr/en/elegants-fragrances/thai-vert-molton-brown-type,,,,,ACTIVE_MASTER_V2,VERIFIED_OPERATIONAL_DB_2026-09-06
1904,314-MOL,,,ZIAO JAO - MOLTON BROWN,,https://leparfum.com.gr/en/elegants-fragrances/ziao-jao-molton-brown-type,,,,,ACTIVE_MASTER_V2,VERIFIED_OPERATIONAL_DB_2026-09-06
1212,315-MNT,,,Aoud Orange,,https://leparfum.com.gr/en/elegants-fragrances/315-mnt-el-perfume,,,,,ACTIVE_MASTER_V2,VERIFIED_OPERATIONAL_DB_2026-09-06
1213,316-MNT,,,AOUD VELVET Fragrance,,https://leparfum.com.gr/en/elegants-fragrances/316-mnt-el-fragrance,,,,,ACTIVE_MASTER_V2,VERIFIED_OPERATIONAL_DB_2026-09-06
2741,317-MNT,,,Black Aoud,,https://leparfum.com.gr/en/elegants-fragrances/317-mnt-el-perfume,,,,,ACTIVE_MASTER_V2,VERIFIED_OPERATIONAL_DB_2026-09-06
1909,318-MNT,,,Chocolate Greedy,,https://leparfum.com.gr/en/elegants-fragrances/318-mnt-el-perfume,,,,,ACTIVE_MASTER_V2,VERIFIED_OPERATIONAL_DB_2026-09-06
1214,319-MNT,,,The New Rose,,https://leparfum.com.gr/en/elegants-fragrances/319-mnt-el,,,,,ACTIVE_MASTER_V2,VERIFIED_OPERATIONAL_DB_2026-09-06
2684,320-NAS,,,Baraonda Nasomatto,,https://leparfum.com.gr/en/niche-perfumes/baraonda-nasomatto-perfume-type,,,,,ACTIVE_MASTER_V2,VERIFIED_OPERATIONAL_DB_2026-09-06
1216,321-NAS,,,Black Afgano,,https://leparfum.com.gr/en/elegants-fragrances/black-afgano-nasomatto-clone,,,,,ACTIVE_MASTER_V2,VERIFIED_OPERATIONAL_DB_2026-09-06
2725,322-NAS,,,BLAMAGE - NASOMATTO,,https://leparfum.com.gr/en/niche-perfumes/blamage-nasomatto-clone,,,,,ACTIVE_MASTER_V2,VERIFIED_OPERATIONAL_DB_2026-09-06
2326,323-NAS,,,Duro,,https://leparfum.com.gr/en/niche-perfumes/323-nas-n,,,,,ACTIVE_MASTER_V2,VERIFIED_OPERATIONAL_DB_2026-09-06
1219,324-PARFD,,,Bois De Paradis,,https://leparfum.com.gr/en/elegants-fragrances/324-parfd-el,,,,,ACTIVE_MASTER_V2,VERIFIED_OPERATIONAL_DB_2026-09-06
1220,325-PECK,,,BLACK OAK & CEDAR - PECKSNIFF'S,,https://leparfum.com.gr/en/elegants-fragrances/black-oak-cedar-pecksniff-s-aroma,,,,,ACTIVE_MASTER_V2,VERIFIED_OPERATIONAL_DB_2026-09-06
1221,326-PECK,,,CALM - PECKSNIFF'S,,https://leparfum.com.gr/en/elegants-fragrances/calm-pecksniff-s-clones-fragrances,,,,,ACTIVE_MASTER_V2,VERIFIED_OPERATIONAL_DB_2026-09-06
1222,327-PECK,,,MISTRAAL - PECKSNIFF'S Perfumes,,https://leparfum.com.gr/en/elegants-fragrances/mistraal-pecksniff-eaudeparfum,,,,,ACTIVE_MASTER_V2,VERIFIED_OPERATIONAL_DB_2026-09-06
2722,328-PEN,,,Iris Prima,,https://leparfum.com.gr/en/niche-perfumes/328-pen-el,,,,,ACTIVE_MASTER_V2,VERIFIED_OPERATIONAL_DB_2026-09-06
2724,329-PEN,,,Juniper Sling,,https://leparfum.com.gr/en/niche-perfumes/329-pen-el,,,,,ACTIVE_MASTER_V2,VERIFIED_OPERATIONAL_DB_2026-09-06
,330-PG,,,ORIENTAL BLOSSOM,,,,,,,ACTIVE_MASTER_V2,VERIFIED_OPERATIONAL_DB_2026-09-06
,331-PG,,,CRYSTAL WATER & WATER LILY,,,,,,,ACTIVE_MASTER_V2,VERIFIED_OPERATIONAL_DB_2026-09-06
1226,332-RAM,,,Dry Wood,,https://leparfum.com.gr/en/elegants-fragrances/dry-wood-ramon-monegal-clone,,,,,ACTIVE_MASTER_V2,VERIFIED_OPERATIONAL_DB_2026-09-06
2690,333-ROJ,,,A GOODNIGHT KISS - ROJA DOVE,,https://leparfum.com.gr/en/niche-perfumes/a-goodnight-kiss-roja-dove-perfume-type,,,,,ACTIVE_MASTER_V2,VERIFIED_OPERATIONAL_DB_2026-09-06
,334-SHI,,,SHIRLEY MAY,,,,,,,ACTIVE_MASTER_V2,VERIFIED_OPERATIONAL_DB_2026-09-06
1231,335-THCO,,,CASHMERE BLANC - THE WHITE COMPANY,,https://leparfum.com.gr/en/elegants-fragrances/335-thco-el,,,,,ACTIVE_MASTER_V2,VERIFIED_OPERATIONAL_DB_2026-09-06
1232,336-THCO,,,NARCISSUS NOIR - THE WHITE COMPANY,,https://leparfum.com.gr/en/elegants-fragrances/336-thco-el,,,,,ACTIVE_MASTER_V2,VERIFIED_OPERATIONAL_DB_2026-09-06
1878,337-TIFF,,,Tiffany  Co Sheer,,https://leparfum.com.gr/en/elegants-fragrances/337-tiff-wp,,,,,ACTIVE_MASTER_V2,VERIFIED_OPERATIONAL_DB_2026-09-06
1233,338-TMFO,,,Arabian Wood,,https://leparfum.com.gr/en/elegants-fragrances/338-tmfo-el,,,,,ACTIVE_MASTER_V2,VERIFIED_OPERATIONAL_DB_2026-09-06
1821,339-TMFO,,,Beau-de-jour-eau-de-,,https://leparfum.com.gr/en/elegants-fragrances/339-tmfo-el,,,,,ACTIVE_MASTER_V2,VERIFIED_OPERATIONAL_DB_2026-09-06
1234,340-TMFO,,,Black Orchid Eau de Parfum,,https://leparfum.com.gr/en/elegants-fragrances/340-tmfo-el,,,,,ACTIVE_MASTER_V2,VERIFIED_OPERATIONAL_DB_2026-09-06
2089,341-TMFO,,,BLACK ORCHID OUD,,https://leparfum.com.gr/en/elegants-fragrances/341-tmfo-el,,,,,ACTIVE_MASTER_V2,VERIFIED_OPERATIONAL_DB_2026-09-06
1235,342-TMFO,,,Black Violet,,https://leparfum.com.gr/en/elegants-fragrances/342-tmfo-el,,,,,ACTIVE_MASTER_V2,VERIFIED_OPERATIONAL_DB_2026-09-06
1236,343-TMFO,,,Cafe-rose-,,https://leparfum.com.gr/en/elegants-fragrances/343-tmfo-el,,,,,ACTIVE_MASTER_V2,VERIFIED_OPERATIONAL_DB_2026-09-06
1237,344-TMFO,,,COSTA AZZURA,,https://leparfum.com.gr/en/elegants-fragrances/344-tmfo-el,,,,,ACTIVE_MASTER_V2,VERIFIED_OPERATIONAL_DB_2026-09-06
1764,345-TMFO,,,Fougere D Argent,,https://leparfum.com.gr/en/elegants-fragrances/345-tmfo-el,,,,,ACTIVE_MASTER_V2,VERIFIED_OPERATIONAL_DB_2026-09-06
1238,346-TMFO,,,Fucking Fabulous Eau de Parfum (2017),,https://leparfum.com.gr/en/elegants-fragrances/346-tmfo-el,,,,,ACTIVE_MASTER_V2,VERIFIED_OPERATIONAL_DB_2026-09-06
2090,347-TMFO,,,GREY VETIVER (M),,https://leparfum.com.gr/en/elegants-fragrances/347-tmfo-el,,,,,ACTIVE_MASTER_V2,VERIFIED_OPERATIONAL_DB_2026-09-06
1239,348-TMFO,,,Italian Cypress,,https://leparfum.com.gr/en/elegants-fragrances/348-tmfo-el,,,,,ACTIVE_MASTER_V2,VERIFIED_OPERATIONAL_DB_2026-09-06
1240,349-TMFO,,,Japon Noir,,https://leparfum.com.gr/en/elegants-fragrances/349-tmfo-el,,,,,ACTIVE_MASTER_V2,VERIFIED_OPERATIONAL_DB_2026-09-06
1788,350-TMFO,,,Lost Cherry,,https://leparfum.com.gr/en/elegants-fragrances/350-tmfo-el,,,,,ACTIVE_MASTER_V2,VERIFIED_OPERATIONAL_DB_2026-09-06
1241,351-TMFO,,,Mandarino Di Amalfi,,https://leparfum.com.gr/en/elegants-fragrances/351-tmfo-el,,,,,ACTIVE_MASTER_V2,VERIFIED_OPERATIONAL_DB_2026-09-06
1818,352-TMFO,,,MEN EXTREME,,https://leparfum.com.gr/en/elegants-fragrances/352-tmfo-el,,,,,ACTIVE_MASTER_V2,VERIFIED_OPERATIONAL_DB_2026-09-06
1891,353-TMFO,,,Metallique,,https://leparfum.com.gr/en/elegants-fragrances/353-tmfo-el,,,,,ACTIVE_MASTER_V2,VERIFIED_OPERATIONAL_DB_2026-09-06
1242,354-TMFO,,,Noir Anthracite,,https://leparfum.com.gr/en/elegants-fragrances/354-tmfo-el,,,,,ACTIVE_MASTER_V2,VERIFIED_OPERATIONAL_DB_2026-09-06
1243,355-TMFO,,,Neroli Portofino Eau de Parfum,,https://leparfum.com.gr/en/elegants-fragrances/355-tmfo-el,,,,,ACTIVE_MASTER_V2,VERIFIED_OPERATIONAL_DB_2026-09-06
1943,356-TMFO,,,Neroli Portofino Acqua,,https://leparfum.com.gr/en/elegants-fragrances/356-tmfo-el,,,,,ACTIVE_MASTER_V2,VERIFIED_OPERATIONAL_DB_2026-09-06
1944,357-TMFO,,,NOIR MEN,,https://leparfum.com.gr/en/elegants-fragrances/357-tmfo-el,,,,,ACTIVE_MASTER_V2,VERIFIED_OPERATIONAL_DB_2026-09-06
1244,358-TMFO,,,Noir De Noir,,https://leparfum.com.gr/en/elegants-fragrances/358-tmfo-el,,,,,ACTIVE_MASTER_V2,VERIFIED_OPERATIONAL_DB_2026-09-06
1245,359-TMFO,,,Noir Extreme Eau de Parfum,,https://leparfum.com.gr/en/elegants-fragrances/359-tmfo-el,,,,,ACTIVE_MASTER_V2,VERIFIED_OPERATIONAL_DB_2026-09-06
1246,360-TMFO,,,Noir Pour Femme,,https://leparfum.com.gr/en/elegants-fragrances/360-tmfo-el,,,,,ACTIVE_MASTER_V2,VERIFIED_OPERATIONAL_DB_2026-09-06
1247,361-TMFO,,,Ombré Leather Eau de Parfum,,https://leparfum.com.gr/en/elegants-fragrances/361-tmfo-el,,,,,ACTIVE_MASTER_V2,VERIFIED_OPERATIONAL_DB_2026-09-06
,362-TMFO,,,ORCHID SOLEIL,,,,,,,ACTIVE_MASTER_V2,VERIFIED_OPERATIONAL_DB_2026-09-06
1249,363-TMFO,,,OUD MINERALΕ,,https://leparfum.com.gr/en/elegants-fragrances/363-tmfo-el,,,,,ACTIVE_MASTER_V2,VERIFIED_OPERATIONAL_DB_2026-09-06
1250,364-TMFO,,,Oud Wood Eau de Parfum,,https://leparfum.com.gr/en/elegants-fragrances/364-tmfo-el,,,,,ACTIVE_MASTER_V2,VERIFIED_OPERATIONAL_DB_2026-09-06
1251,365-TMFO,,,Patchouli Absolu,,https://leparfum.com.gr/en/elegants-fragrances/365-tmfo-el,,,,,ACTIVE_MASTER_V2,VERIFIED_OPERATIONAL_DB_2026-09-06
1252,366-TMFO,,,Plum Japonais,,https://leparfum.com.gr/en/elegants-fragrances/366-tmfo-el,,,,,ACTIVE_MASTER_V2,VERIFIED_OPERATIONAL_DB_2026-09-06
2193,367-TMFO,,,Rose-prick,,https://leparfum.com.gr/en/elegants-fragrances/367-tmfo-el,,,,,ACTIVE_MASTER_V2,VERIFIED_OPERATIONAL_DB_2026-09-06
1253,368-TMFO,,,Sahara Noir,,https://leparfum.com.gr/en/elegants-fragrances/368-tmfo-el,,,,,ACTIVE_MASTER_V2,VERIFIED_OPERATIONAL_DB_2026-09-06
1254,369-TMFO,,,Shanghai Lily,,https://leparfum.com.gr/en/elegants-fragrances/369-tmfo-el,,,,,ACTIVE_MASTER_V2,VERIFIED_OPERATIONAL_DB_2026-09-06
2115,370-TMFO,,,Sole Di Positano,,https://leparfum.com.gr/en/elegants-fragrances/370-tmfo-el,,,,,ACTIVE_MASTER_V2,VERIFIED_OPERATIONAL_DB_2026-09-06
1255,371-TMFO,,,Soleil Blanc,,https://leparfum.com.gr/en/elegants-fragrances/371-tmfo-el,,,,,ACTIVE_MASTER_V2,VERIFIED_OPERATIONAL_DB_2026-09-06
1256,372-TMFO,,,Vanille Fatale,,https://leparfum.com.gr/en/fragrances-for-men/372-tmfo-el,,,,,ACTIVE_MASTER_V2,VERIFIED_OPERATIONAL_DB_2026-09-06
1257,373-TMFO,,,Tobacco Oud,,https://leparfum.com.gr/en/elegants-fragrances/373-tmfo-el,,,,,ACTIVE_MASTER_V2,VERIFIED_OPERATIONAL_DB_2026-09-06
1258,374-TMFO,,,Tobacco Vanille,,https://leparfum.com.gr/en/elegants-fragrances/374-tmfo-el,,,,,ACTIVE_MASTER_V2,VERIFIED_OPERATIONAL_DB_2026-09-06
1259,375-TMFO,,,Tuscan Leather,,https://leparfum.com.gr/en/elegants-fragrances/375-tmfo-el,,,,,ACTIVE_MASTER_V2,VERIFIED_OPERATIONAL_DB_2026-09-06
1260,376-TMFO,,,Velvet Orchid,,https://leparfum.com.gr/en/elegants-fragrances/376-tmfo-el,,,,,ACTIVE_MASTER_V2,VERIFIED_OPERATIONAL_DB_2026-09-06
1261,377-TMFO,,,White Patchouli,,https://leparfum.com.gr/en/elegants-fragrances/377-tmfo-el,,,,,ACTIVE_MASTER_V2,VERIFIED_OPERATIONAL_DB_2026-09-06
1262,378-TMFO,,,White Suede,,https://leparfum.com.gr/en/elegants-fragrances/378-tmfo-el,,,,,ACTIVE_MASTER_V2,VERIFIED_OPERATIONAL_DB_2026-09-06
1263,379-YAN,,,CLEAN COTTON - YANKEE CANDLES,,https://leparfum.com.gr/en/elegants-fragrances/clean-cotton-yankee-candles-fragrance,,,,,ACTIVE_MASTER_V2,VERIFIED_OPERATIONAL_DB_2026-09-06
1264,380-YAN,,,FALL FESTIVAL - YANKEE CANDLES,,https://leparfum.com.gr/en/elegants-fragrances/fall-festival-yankee-candles-smells,,,,,ACTIVE_MASTER_V2,VERIFIED_OPERATIONAL_DB_2026-09-06
1265,381-YAN,,,FRESH CUT ROSES - YANKEE CANDLES,,https://leparfum.com.gr/en/elegants-fragrances/fresh-cut-roses-yankee-candles-dupe,,,,,ACTIVE_MASTER_V2,VERIFIED_OPERATIONAL_DB_2026-09-06
1266,382-YAN,,,POMEGRANATE CIDER - YANKEE CANDLES,,https://leparfum.com.gr/en/elegants-fragrances/pomegranate-cider-yankee-candles-clones,,,,,ACTIVE_MASTER_V2,VERIFIED_OPERATIONAL_DB_2026-09-06
2105,383-YAN,,,WEDDING DAY - YANKEE,,https://leparfum.com.gr/en/fragrances-for-women/wedding-day-yankee-perfume-type,,,,,ACTIVE_MASTER_V2,VERIFIED_OPERATIONAL_DB_2026-09-06
1267,384-YAR,,,ENGLISH ROSE - YARDLEY,,https://leparfum.com.gr/en/elegants-fragrances/english-rose-yardley-perfume-type,,,,,ACTIVE_MASTER_V2,VERIFIED_OPERATIONAL_DB_2026-09-06
1945,385-YAR,,,LILY OF THE VALLEY - YARDLEY,,https://leparfum.com.gr/en/elegants-fragrances/lily-of-the-valley-yardley-type,,,,,ACTIVE_MASTER_V2,VERIFIED_OPERATIONAL_DB_2026-09-06
,387-,,,CIGAR,,,,,,,ACTIVE_MASTER_V2,VERIFIED_OPERATIONAL_DB_2026-09-06
502,390-ACQ,,,Mandorlo-di-sicilia,,https://leparfum.com.gr/en/fragrances-for-women/390-acq,,,,,ACTIVE_MASTER_V2,VERIFIED_OPERATIONAL_DB_2026-09-06
1763,391-ACQ,,,Peonia Nobile,,https://leparfum.com.gr/en/fragrances-for-women/391-acq,,,,,ACTIVE_MASTER_V2,VERIFIED_OPERATIONAL_DB_2026-09-06
503,392-AER,,,Amber Musk,,https://leparfum.com.gr/en/fragrances-for-women/392-aer-wp,,,,,ACTIVE_MASTER_V2,VERIFIED_OPERATIONAL_DB_2026-09-06
504,393-AER,,,Lilac Path,,https://leparfum.com.gr/en/fragrances-for-women/393-aer-wp,,,,,ACTIVE_MASTER_V2,VERIFIED_OPERATIONAL_DB_2026-09-06
505,394-AGE,,,Aphrodisiaque,,https://leparfum.com.gr/en/fragrances-for-women/aphrodisiaque-agent-provocateur-type,,,,,ACTIVE_MASTER_V2,VERIFIED_OPERATIONAL_DB_2026-09-06
506,395-AGE,,,Fatale Pink,,https://leparfum.com.gr/en/fragrances-for-women/fatale-pink-agent-provocateur-type,,,,,ACTIVE_MASTER_V2,VERIFIED_OPERATIONAL_DB_2026-09-06
507,396-ANT,,,Blue Seduction for Women Eau de Toilette,,https://leparfum.com.gr/en/fragrances-for-women/396-ant-wp,,,,,ACTIVE_MASTER_V2,VERIFIED_OPERATIONAL_DB_2026-09-06
508,397-ANT,,,Queen Of Seduction,,https://leparfum.com.gr/en/fragrances-for-women/397-ant-wp,,,,,ACTIVE_MASTER_V2,VERIFIED_OPERATIONAL_DB_2026-09-06
509,398-AQU,,,PINK SUGAR - AQUOLINA,,https://leparfum.com.gr/en/fragrances-for-women/398-aqu-wp,,,,,ACTIVE_MASTER_V2,VERIFIED_OPERATIONAL_DB_2026-09-06
,399-ARA,,,TUSCANY PER DONNA,,,,,,,ACTIVE_MASTER_V2,VERIFIED_OPERATIONAL_DB_2026-09-06
511,400-ARIA,,,Ari,,https://leparfum.com.gr/en/fragrances-for-women/400-aria-wp,,,,,ACTIVE_MASTER_V2,VERIFIED_OPERATIONAL_DB_2026-09-06
2061,401-ARIA,,,Cloud-eau-de-,,https://leparfum.com.gr/en/fragrances-for-women/401-aria-wp,,,,,ACTIVE_MASTER_V2,VERIFIED_OPERATIONAL_DB_2026-09-06
2101,402-ARIA,,,Sweet-like-candy-eau-de-,,https://leparfum.com.gr/en/fragrances-for-women/402-aria-wp,,,,,ACTIVE_MASTER_V2,VERIFIED_OPERATIONAL_DB_2026-09-06
512,403-BAL,,,CRISTOBAL,,https://leparfum.com.gr/en/fragrances-for-women/403-bal-wp,,,,,ACTIVE_MASTER_V2,VERIFIED_OPERATIONAL_DB_2026-09-06
513,404-BAL,,,BALE PARIS,,https://leparfum.com.gr/en/fragrances-for-women/404-bal-wp,,,,,ACTIVE_MASTER_V2,VERIFIED_OPERATIONAL_DB_2026-09-06
514,405-BAL,,,Florabotanica,,https://leparfum.com.gr/en/fragrances-for-women/405-bal-wp,,,,,ACTIVE_MASTER_V2,VERIFIED_OPERATIONAL_DB_2026-09-06
515,406-BAL,,,Rosabotanica,,https://leparfum.com.gr/en/fragrances-for-women/406-bal-wp,,,,,ACTIVE_MASTER_V2,VERIFIED_OPERATIONAL_DB_2026-09-06
516,407-BAT,,,PINK AMBER  & MOROCCO ORCHID  - BATH & BODY WORKS,,https://leparfum.com.gr/en/fragrances-for-women/407-bat-wp,,,,,ACTIVE_MASTER_V2,VERIFIED_OPERATIONAL_DB_2026-09-06
,408-BAT,,,WARM VANILLA SUGAR,,,,,,,ACTIVE_MASTER_V2,VERIFIED_OPERATIONAL_DB_2026-09-06
517,409-BOB,,,Beach,,https://leparfum.com.gr/en/fragrances-for-women/beach-bobbi-brown-type,,,,,ACTIVE_MASTER_V2,VERIFIED_OPERATIONAL_DB_2026-09-06
,410-BOD,,,BLACK MUSK,,,,,,,ACTIVE_MASTER_V2,VERIFIED_OPERATIONAL_DB_2026-09-06
,411-BOD,,,WHITE MUSK,,,,,,,ACTIVE_MASTER_V2,VERIFIED_OPERATIONAL_DB_2026-09-06
3627,412-BOD,,,White Musk L Eau,,https://leparfum.com.gr/en/fragrances-for-women/412-bod-wp,,,,,ACTIVE_MASTER_V2,VERIFIED_OPERATIONAL_DB_2026-09-06
519,413-BOT,,,Bottega Veneta,,https://leparfum.com.gr/en/fragrances-for-women/bottega-veneta-type,,,,,ACTIVE_MASTER_V2,VERIFIED_OPERATIONAL_DB_2026-09-06
520,414-BOT,,,Knot,,https://leparfum.com.gr/en/fragrances-for-women/knot-bottega-similar-type,,,,,ACTIVE_MASTER_V2,VERIFIED_OPERATIONAL_DB_2026-09-06
521,415-BOU,,,Quatre,,https://leparfum.com.gr/en/fragrances-for-women/sensual_perfume,,,,,ACTIVE_MASTER_V2,VERIFIED_OPERATIONAL_DB_2026-09-06
522,416-BOU,,,Place Vendome White Gold,,https://leparfum.com.gr/en/fragrances-for-women/place-vendome-white-gold-perfume-type,,,,,ACTIVE_MASTER_V2,VERIFIED_OPERATIONAL_DB_2026-09-06
523,417-BOUR,,,SOIR DE PARIS - BOURJOIS,,https://leparfum.com.gr/en/fragrances-for-women/soir-de-paris-bourjois-type,,,,,ACTIVE_MASTER_V2,VERIFIED_OPERATIONAL_DB_2026-09-06
524,418-BRI,,,Fantasy,,https://leparfum.com.gr/en/fragrances-for-women/fantasy-britney-spears-aromata,,,,,ACTIVE_MASTER_V2,VERIFIED_OPERATIONAL_DB_2026-09-06
525,419-BRI,,,Rocker Femme Fantasy,,https://leparfum.com.gr/en/fragrances-for-women/rocker-femme-fantasy-britney-spears-clone,,,,,ACTIVE_MASTER_V2,VERIFIED_OPERATIONAL_DB_2026-09-06
,420-BRB,,,BRIT RHYTHM FOR HER FLORAL,,,,,,,ACTIVE_MASTER_V2,VERIFIED_OPERATIONAL_DB_2026-09-06
,421-BRB,,,BODY,,,,,,,ACTIVE_MASTER_V2,VERIFIED_OPERATIONAL_DB_2026-09-06
528,422-BRB,,,Body Tender,,https://leparfum.com.gr/en/fragrances-for-women/422-brb-wp,,,,,ACTIVE_MASTER_V2,VERIFIED_OPERATIONAL_DB_2026-09-06
529,423-BRB,,,BURBERRY BRIT,,https://leparfum.com.gr/en/fragrances-for-women/423-brb-wp,,,,,ACTIVE_MASTER_V2,VERIFIED_OPERATIONAL_DB_2026-09-06
530,424-BRB,,,BURBERRY CLASSIC,,https://leparfum.com.gr/en/fragrances-for-women/424-brb-wp,,,,,ACTIVE_MASTER_V2,VERIFIED_OPERATIONAL_DB_2026-09-06
,425-BRB,,,HER,,,,,,,ACTIVE_MASTER_V2,VERIFIED_OPERATIONAL_DB_2026-09-06
532,426-BRB,,,BURBERRY LONDON,,https://leparfum.com.gr/en/fragrances-for-women/426-brb-wp,,,,,ACTIVE_MASTER_V2,VERIFIED_OPERATIONAL_DB_2026-09-06
533,427-BRB,,,My Burberry,,https://leparfum.com.gr/en/fragrances-for-women/427-brb-wp,,,,,ACTIVE_MASTER_V2,VERIFIED_OPERATIONAL_DB_2026-09-06
534,428-BRB,,,BURBERRY SPORT,,https://leparfum.com.gr/en/fragrances-for-women/428-brb-wp,,,,,ACTIVE_MASTER_V2,VERIFIED_OPERATIONAL_DB_2026-09-06
535,429-BRB,,,BURBERRY SUMMER WOMEN,,https://leparfum.com.gr/en/fragrances-for-women/429-brb-w,,,,,ACTIVE_MASTER_V2,VERIFIED_OPERATIONAL_DB_2026-09-06
536,430-BRB,,,The Beat EDT,,https://leparfum.com.gr/en/fragrances-for-women/430-brb-wp,,,,,ACTIVE_MASTER_V2,VERIFIED_OPERATIONAL_DB_2026-09-06
537,431-BRB,,,BURBERRY TOUCH,,https://leparfum.com.gr/en/fragrances-for-women/431-brb-wp,,,,,ACTIVE_MASTER_V2,VERIFIED_OPERATIONAL_DB_2026-09-06
539,433-BRB,,,My Burberry Black,,https://leparfum.com.gr/en/fragrances-for-women/433-brb-wp,,,,,ACTIVE_MASTER_V2,VERIFIED_OPERATIONAL_DB_2026-09-06
540,434-BRB,,,My Burberry Blush,,https://leparfum.com.gr/en/fragrances-for-women/434-brb-wp,,,,,ACTIVE_MASTER_V2,VERIFIED_OPERATIONAL_DB_2026-09-06
541,435-BLG,,,Aqva Divina,,https://leparfum.com.gr/en/fragrances-for-women/435-blg-wp,,,,,ACTIVE_MASTER_V2,VERIFIED_OPERATIONAL_DB_2026-09-06
542,436-BLG,,,BLV for Women,,https://leparfum.com.gr/en/fragrances-for-women/436-blg-wp,,,,,ACTIVE_MASTER_V2,VERIFIED_OPERATIONAL_DB_2026-09-06
543,437-BLG,,,BVL Pour Femme,,https://leparfum.com.gr/en/fragrances-for-women/437-blg-wp,,,,,ACTIVE_MASTER_V2,VERIFIED_OPERATIONAL_DB_2026-09-06
544,438-BLG,,,CORAL OMNIA,,https://leparfum.com.gr/en/fragrances-for-women/438-blg-wp,,,,,ACTIVE_MASTER_V2,VERIFIED_OPERATIONAL_DB_2026-09-06
545,439-BLG,,,Goldea,,https://leparfum.com.gr/en/fragrances-for-women/439-blg-wp,,,,,ACTIVE_MASTER_V2,VERIFIED_OPERATIONAL_DB_2026-09-06
546,440-BLG,,,Goldea The Roman Night,,https://leparfum.com.gr/en/fragrances-for-women/440-blg-wp,,,,,ACTIVE_MASTER_V2,VERIFIED_OPERATIONAL_DB_2026-09-06
,441-BLG,,,JASMIN NOIR,,,,,,,ACTIVE_MASTER_V2,VERIFIED_OPERATIONAL_DB_2026-09-06
548,442-BLG,,,Mon Jasmin Noir,,https://leparfum.com.gr/en/fragrances-for-women/442-blg-wp,,,,,ACTIVE_MASTER_V2,VERIFIED_OPERATIONAL_DB_2026-09-06
549,443-BLG,,,BLV NOTTE POUR FEMME,,https://leparfum.com.gr/en/fragrances-for-women/443-blg-wp,,,,,ACTIVE_MASTER_V2,VERIFIED_OPERATIONAL_DB_2026-09-06
1896,444-BLG,,,Omnia,,https://leparfum.com.gr/en/fragrances-for-women/444-blg-wp,,,,,ACTIVE_MASTER_V2,VERIFIED_OPERATIONAL_DB_2026-09-06
550,445-BLG,,,OMNIA AMETHYST,,https://leparfum.com.gr/en/fragrances-for-women/445-blg-wp,,,,,ACTIVE_MASTER_V2,VERIFIED_OPERATIONAL_DB_2026-09-06
551,446-BLG,,,Omnia Crystalline,,https://leparfum.com.gr/en/fragrances-for-women/446-blg-wp,,,,,ACTIVE_MASTER_V2,VERIFIED_OPERATIONAL_DB_2026-09-06
552,447-BLG,,,Omnia Indian Garnet,,https://leparfum.com.gr/en/fragrances-for-women/447-blg-wp,,,,,ACTIVE_MASTER_V2,VERIFIED_OPERATIONAL_DB_2026-09-06
553,448-BLG,,,Petits Et Mamans,,https://leparfum.com.gr/en/fragrances-for-women/448-blg-wp,,,,,ACTIVE_MASTER_V2,VERIFIED_OPERATIONAL_DB_2026-09-06
1811,449-BYR,,,Bal D Afrique,,https://leparfum.com.gr/en/fragrances-for-women/449-byr-wp,,,,,ACTIVE_MASTER_V2,VERIFIED_OPERATIONAL_DB_2026-09-06
554,450-BYR,,,Bibliotheque,,https://leparfum.com.gr/en/fragrances-for-women/450-byr-wp,,,,,ACTIVE_MASTER_V2,VERIFIED_OPERATIONAL_DB_2026-09-06
2563,451-BYR,,,Blanche,,https://leparfum.com.gr/en/fragrances-for-women/451-byr-wp,,,,,ACTIVE_MASTER_V2,VERIFIED_OPERATIONAL_DB_2026-09-06
1898,452-BYR,,,La Tulipe,,https://leparfum.com.gr/en/fragrances-for-women/452-byr-wp,,,,,ACTIVE_MASTER_V2,VERIFIED_OPERATIONAL_DB_2026-09-06
1877,453-BYR,,,Slow-dance,,https://leparfum.com.gr/en/fragrances-for-women/453-byr-wp,,,,,ACTIVE_MASTER_V2,VERIFIED_OPERATIONAL_DB_2026-09-06
2211,454-BYR,,,Sundazed,,https://leparfum.com.gr/en/fragrances-for-women/454-byr-wp,,,,,ACTIVE_MASTER_V2,VERIFIED_OPERATIONAL_DB_2026-09-06
556,455-BYR,,,Velvet Haze,,https://leparfum.com.gr/en/fragrances-for-women/455-byr-wp,,,,,ACTIVE_MASTER_V2,VERIFIED_OPERATIONAL_DB_2026-09-06
,456-CAC,,,AMOR AMOR FORBIDDEN KISS,,,,,,,ACTIVE_MASTER_V2,VERIFIED_OPERATIONAL_DB_2026-09-06
558,457-CAC,,,Amor-amor-eau-de-toilette,,https://leparfum.com.gr/en/fragrances-for-women/457-cac-w,,,,,ACTIVE_MASTER_V2,VERIFIED_OPERATIONAL_DB_2026-09-06
559,458-CAC,,,Anais-anais-eau-de-toilette,,https://leparfum.com.gr/en/fragrances-for-women/458-cac-w,,,,,ACTIVE_MASTER_V2,VERIFIED_OPERATIONAL_DB_2026-09-06
560,459-CAC,,,Anais-anais-premier-delice-eau-de-toilette,,https://leparfum.com.gr/en/fragrances-for-women/459-cac-w,,,,,ACTIVE_MASTER_V2,VERIFIED_OPERATIONAL_DB_2026-09-06
561,460-CAC,,,Eden,,https://leparfum.com.gr/en/fragrances-for-women/460-cac-w,,,,,ACTIVE_MASTER_V2,VERIFIED_OPERATIONAL_DB_2026-09-06
2220,461-CAC,,,Gloria,,https://leparfum.com.gr/en/fragrances-for-women/461-cac-w,,,,,ACTIVE_MASTER_V2,VERIFIED_OPERATIONAL_DB_2026-09-06
,462-CAC,,,LOULOU,,,,,,,ACTIVE_MASTER_V2,VERIFIED_OPERATIONAL_DB_2026-09-06
563,463-CAC,,,Noa,,https://leparfum.com.gr/en/fragrances-for-women/463-cac-w,,,,,ACTIVE_MASTER_V2,VERIFIED_OPERATIONAL_DB_2026-09-06
564,464-CAC,,,Yes I Am,,https://leparfum.com.gr/en/fragrances-for-women/464-cac-w,,,,,ACTIVE_MASTER_V2,VERIFIED_OPERATIONAL_DB_2026-09-06
565,465-CAL,,,Beauty,,https://leparfum.com.gr/en/fragrances-for-women/465-cal-wp,,,,,ACTIVE_MASTER_V2,VERIFIED_OPERATIONAL_DB_2026-09-06
,466-CAL,,,CALVIN KLEIN WOMEN,,,,,,,ACTIVE_MASTER_V2,VERIFIED_OPERATIONAL_DB_2026-09-06
566,467-CAL,,,Contradiction for Women Eau de Parfum,,https://leparfum.com.gr/en/fragrances-for-women/467-cal-wp,,,,,ACTIVE_MASTER_V2,VERIFIED_OPERATIONAL_DB_2026-09-06
567,468-CAL,,,DOWN TOWN - CALVIN KLEIN,,https://leparfum.com.gr/en/fragrances-for-women/468-cal-wp,,,,,ACTIVE_MASTER_V2,VERIFIED_OPERATIONAL_DB_2026-09-06
,469-CAL,,,ESCAPE,,,,,,,ACTIVE_MASTER_V2,VERIFIED_OPERATIONAL_DB_2026-09-06
569,470-CAL,,,Eternity,,https://leparfum.com.gr/en/fragrances-for-women/470-cal-wp,,,,,ACTIVE_MASTER_V2,VERIFIED_OPERATIONAL_DB_2026-09-06
570,472-CAL,,,Euphoria,,https://leparfum.com.gr/en/fragrances-for-women/472-cal-wp,,,,,ACTIVE_MASTER_V2,VERIFIED_OPERATIONAL_DB_2026-09-06
571,473-CAL,,,Euphoria Gold,,https://leparfum.com.gr/en/fragrances-for-women/473-cal-wp,,,,,ACTIVE_MASTER_V2,VERIFIED_OPERATIONAL_DB_2026-09-06
572,474-CAL,,,OBSESSED - CALVIN KLEIN,,https://leparfum.com.gr/en/fragrances-for-women/474-cal-wp,,,,,ACTIVE_MASTER_V2,VERIFIED_OPERATIONAL_DB_2026-09-06
573,475-CAL,,,Obsession for Women Eau de Parfum,,https://leparfum.com.gr/en/fragrances-for-women/475-cal-w,,,,,ACTIVE_MASTER_V2,VERIFIED_OPERATIONAL_DB_2026-09-06
575,477-CAL,,,Reveal,,https://leparfum.com.gr/en/fragrances-for-women/477-cal-wp,,,,,ACTIVE_MASTER_V2,VERIFIED_OPERATIONAL_DB_2026-09-06
576,478-CAL,,,Secret Obsession,,https://leparfum.com.gr/en/fragrances-for-women/478-cal-wp,,,,,ACTIVE_MASTER_V2,VERIFIED_OPERATIONAL_DB_2026-09-06
1899,479-CAR,,,212,,https://leparfum.com.gr/en/fragrances-for-women/479-car-w,,,,,ACTIVE_MASTER_V2,VERIFIED_OPERATIONAL_DB_2026-09-06
577,480-CAR,,,212 Sexy,,https://leparfum.com.gr/en/fragrances-for-women/480-car-w,,,,,ACTIVE_MASTER_V2,VERIFIED_OPERATIONAL_DB_2026-09-06
578,481-CAR,,,212-vip-eau-de-,,https://leparfum.com.gr/en/fragrances-for-women/481-car-w,,,,,ACTIVE_MASTER_V2,VERIFIED_OPERATIONAL_DB_2026-09-06
579,482-CAR,,,212-vip-rose-eau-de-,,https://leparfum.com.gr/en/fragrances-for-women/482-car-w,,,,,ACTIVE_MASTER_V2,VERIFIED_OPERATIONAL_DB_2026-09-06
580,483-CAR,,,212 Vip Wild Party,,https://leparfum.com.gr/en/fragrances-for-women/483-car-wp,,,,,ACTIVE_MASTER_V2,VERIFIED_OPERATIONAL_DB_2026-09-06
581,484-CAR,,,212 White,,https://leparfum.com.gr/en/fragrances-for-women/484-car-w,,,,,ACTIVE_MASTER_V2,VERIFIED_OPERATIONAL_DB_2026-09-06
582,485-CAR,,,Good Girl,,https://leparfum.com.gr/en/fragrances-for-women/485-car-wp,,,,,ACTIVE_MASTER_V2,VERIFIED_OPERATIONAL_DB_2026-09-06
1900,486-CAR,,,Good Girl Eau De Parfum Legere,,https://leparfum.com.gr/en/fragrances-for-women/486-car-wp,,,,,ACTIVE_MASTER_V2,VERIFIED_OPERATIONAL_DB_2026-09-06
,487-CRT,,,BAISER VOLE,,,,,,,ACTIVE_MASTER_V2,VERIFIED_OPERATIONAL_DB_2026-09-06
584,488-CRT,,,Carat-eau-de-,,https://leparfum.com.gr/en/fragrances-for-women/488-crt-wp,,,,,ACTIVE_MASTER_V2,VERIFIED_OPERATIONAL_DB_2026-09-06
,489-CRT,,,LA PANTHERE,,,,,,,ACTIVE_MASTER_V2,VERIFIED_OPERATIONAL_DB_2026-09-06
,490-CRT,,,MUST DE CARTIER,,,,,,,ACTIVE_MASTER_V2,VERIFIED_OPERATIONAL_DB_2026-09-06
,491-CRT,,,MUST DE CARTIER GOLD,,,,,,,ACTIVE_MASTER_V2,VERIFIED_OPERATIONAL_DB_2026-09-06
588,492-CARV,,,Carven Le Parfum,,https://leparfum.com.gr/en/fragrances-for-women/492-carv-wp,,,,,ACTIVE_MASTER_V2,VERIFIED_OPERATIONAL_DB_2026-09-06
,493-CER,,,1881 CERRUTI FOR WOMEN,,,,,,,ACTIVE_MASTER_V2,VERIFIED_OPERATIONAL_DB_2026-09-06
,494-CHA,,,ALLURE,,,,,,,ACTIVE_MASTER_V2,VERIFIED_OPERATIONAL_DB_2026-09-06
,495-CHA,,,ALLURE SENSUELLE,,,,,,,ACTIVE_MASTER_V2,VERIFIED_OPERATIONAL_DB_2026-09-06
,497-CHA,,,CHANCE,,,,,,,ACTIVE_MASTER_V2,VERIFIED_OPERATIONAL_DB_2026-09-06
593,498-CHA,,,Chance Eau Fraîche,,https://leparfum.com.gr/en/fragrances-for-women/498-cha-w,,,,,ACTIVE_MASTER_V2,VERIFIED_OPERATIONAL_DB_2026-09-06
594,499-CHA,,,Chance Eau Tendre,,https://leparfum.com.gr/en/fragrances-for-women/499-cha,,,,,ACTIVE_MASTER_V2,VERIFIED_OPERATIONAL_DB_2026-09-06
595,500-CHA,,,No 19,,https://leparfum.com.gr/en/fragrances-for-women/500-cha-w,,,,,ACTIVE_MASTER_V2,VERIFIED_OPERATIONAL_DB_2026-09-06
596,501-CHA,,,No 19 Poudre,,https://leparfum.com.gr/en/fragrances-for-women/501-cha-w,,,,,ACTIVE_MASTER_V2,VERIFIED_OPERATIONAL_DB_2026-09-06
597,502-CHA,,,No 5,,https://leparfum.com.gr/en/fragrances-for-women/502-cha-w,,,,,ACTIVE_MASTER_V2,VERIFIED_OPERATIONAL_DB_2026-09-06
598,503-CHA,,,No 5 EAU PREMIER,,https://leparfum.com.gr/en/fragrances-for-women/503-cha-w,,,,,ACTIVE_MASTER_V2,VERIFIED_OPERATIONAL_DB_2026-09-06
599,504-CHA,,,Five L'EAU,,https://leparfum.com.gr/en/fragrances-for-women/504-cha-w,,,,,ACTIVE_MASTER_V2,VERIFIED_OPERATIONAL_DB_2026-09-06
600,505-CHA,,,COCO EAUDEPARFUM,,https://leparfum.com.gr/en/fragrances-for-women/505-cha-w,,,,,ACTIVE_MASTER_V2,VERIFIED_OPERATIONAL_DB_2026-09-06
601,506-CHA,,,COCON MADEM,,https://leparfum.com.gr/en/fragrances-for-women/506-cha-w,,,,,ACTIVE_MASTER_V2,VERIFIED_OPERATIONAL_DB_2026-09-06
602,507-CHA,,,COCON MADEM INTENSE,,https://leparfum.com.gr/en/fragrances-for-women/507-cha-w,,,,,ACTIVE_MASTER_V2,VERIFIED_OPERATIONAL_DB_2026-09-06
603,508-CHA,,,the fragrance Coco Black,,https://leparfum.com.gr/en/fragrances-for-women/508-cha-w,,,,,ACTIVE_MASTER_V2,VERIFIED_OPERATIONAL_DB_2026-09-06
604,509-CHA,,,Gabrielle Chanel,,https://leparfum.com.gr/en/fragrances-for-women/509-cha-w,,,,,ACTIVE_MASTER_V2,VERIFIED_OPERATIONAL_DB_2026-09-06
605,510-CHL,,,Chloé,,https://leparfum.com.gr/en/fragrances-for-women/510-chl-wp,,,,,ACTIVE_MASTER_V2,VERIFIED_OPERATIONAL_DB_2026-09-06
606,511-CHL,,,Chloe Fleur De Parfum,,https://leparfum.com.gr/en/fragrances-for-women/511-chl-wp,,,,,ACTIVE_MASTER_V2,VERIFIED_OPERATIONAL_DB_2026-09-06
607,512-CHL,,,L Eau De Chloe,,https://leparfum.com.gr/en/fragrances-for-women/512-chl-wp,,,,,ACTIVE_MASTER_V2,VERIFIED_OPERATIONAL_DB_2026-09-06
608,513-CHL,,,Love,,https://leparfum.com.gr/en/fragrances-for-women/513-chl-wp,,,,,ACTIVE_MASTER_V2,VERIFIED_OPERATIONAL_DB_2026-09-06
,514-CHL,,,LOVE STORY,,,,,,,ACTIVE_MASTER_V2,VERIFIED_OPERATIONAL_DB_2026-09-06
,515-CHL,,,NOMADE,,,,,,,ACTIVE_MASTER_V2,VERIFIED_OPERATIONAL_DB_2026-09-06
611,516-CHL,,,Roses De Chloe,,https://leparfum.com.gr/en/fragrances-for-women/516-chl-wp,,,,,ACTIVE_MASTER_V2,VERIFIED_OPERATIONAL_DB_2026-09-06
612,517-CHL,,,SEE - CHLOE,,https://leparfum.com.gr/en/fragrances-for-women/517-chl-wp,,,,,ACTIVE_MASTER_V2,VERIFIED_OPERATIONAL_DB_2026-09-06
613,518-CHO,,,CASMIR - CHOPARD,,https://leparfum.com.gr/en/fragrances-for-women/casmir-chopard-type,,,,,ACTIVE_MASTER_V2,VERIFIED_OPERATIONAL_DB_2026-09-06
614,519-CHO,,,Happy Spirit Amira D Amour,,https://leparfum.com.gr/en/fragrances-for-women/happy-spirit-amira-chopard-clone,,,,,ACTIVE_MASTER_V2,VERIFIED_OPERATIONAL_DB_2026-09-06
,520-CHO,,,WISH,,,,,,,ACTIVE_MASTER_V2,VERIFIED_OPERATIONAL_DB_2026-09-06
,521-DRC,,,ADDICT,,,,,,,ACTIVE_MASTER_V2,VERIFIED_OPERATIONAL_DB_2026-09-06
1902,522-DRC,,,Dior Addict,,https://leparfum.com.gr/en/fragrances-for-women/522-drc-w,,,,,ACTIVE_MASTER_V2,VERIFIED_OPERATIONAL_DB_2026-09-06
1940,523-DRC,,,ISSIMO,,https://leparfum.com.gr/en/fragrances-for-women/523-drc-w,,,,,ACTIVE_MASTER_V2,VERIFIED_OPERATIONAL_DB_2026-09-06
,524-DRC,,,DOLCE VITA,,,,,,,ACTIVE_MASTER_V2,VERIFIED_OPERATIONAL_DB_2026-09-06
,525-DRC,,,DUNE,,,,,,,ACTIVE_MASTER_V2,VERIFIED_OPERATIONAL_DB_2026-09-06
619,526-DRC,,,Escale A Portofino,,https://leparfum.com.gr/en/fragrances-for-women/526-drc-w,,,,,ACTIVE_MASTER_V2,VERIFIED_OPERATIONAL_DB_2026-09-06
620,527-DRC,,,La Collection Privee Grand Bal,,https://leparfum.com.gr/en/fragrances-for-women/527-drc-w,,,,,ACTIVE_MASTER_V2,VERIFIED_OPERATIONAL_DB_2026-09-06
,528-DRC,,,HYPNOTIC POISON,,,,,,,ACTIVE_MASTER_V2,VERIFIED_OPERATIONAL_DB_2026-09-06
622,529-DRC,,,Hypnotic Poison Eau Sensuelle,,https://leparfum.com.gr/en/fragrances-for-women/529-drc-w,,,,,ACTIVE_MASTER_V2,VERIFIED_OPERATIONAL_DB_2026-09-06
623,530-DRC,,,J Adore,,https://leparfum.com.gr/en/fragrances-for-women/530-drc-w,,,,,ACTIVE_MASTER_V2,VERIFIED_OPERATIONAL_DB_2026-09-06
624,531-DRC,,,J Adore In Joy,,https://leparfum.com.gr/en/fragrances-for-women/531-drc-w,,,,,ACTIVE_MASTER_V2,VERIFIED_OPERATIONAL_DB_2026-09-06
625,532-DRC,,,Joy,,https://leparfum.com.gr/en/fragrances-for-women/532-drc-w,,,,,ACTIVE_MASTER_V2,VERIFIED_OPERATIONAL_DB_2026-09-06
,533-DRC,,,MIDNIGHT POISON,,,,,,,ACTIVE_MASTER_V2,VERIFIED_OPERATIONAL_DB_2026-09-06
627,534-DRC,,,MISS,,https://leparfum.com.gr/en/fragrances-for-women/534-drc-w,,,,,ACTIVE_MASTER_V2,VERIFIED_OPERATIONAL_DB_2026-09-06
628,535-DRC,,,Miss Dior Absolutely Blooming,,https://leparfum.com.gr/en/fragrances-for-women/535-drc-w,,,,,ACTIVE_MASTER_V2,VERIFIED_OPERATIONAL_DB_2026-09-06
629,536-DRC,,,BLOOMING BOUQUET,,https://leparfum.com.gr/en/fragrances-for-women/536-drc-w,,,,,ACTIVE_MASTER_V2,VERIFIED_OPERATIONAL_DB_2026-09-06
630,537-DRC,,,Fragrance MISS CHERIE,,https://leparfum.com.gr/en/fragrances-for-women/537-drc-w,,,,,ACTIVE_MASTER_V2,VERIFIED_OPERATIONAL_DB_2026-09-06
1903,538-DRC,,,MISS EAU DE PARFUM (2017),,https://leparfum.com.gr/en/fragrances-for-women/538-drc-w,,,,,ACTIVE_MASTER_V2,VERIFIED_OPERATIONAL_DB_2026-09-06
2075,539-DRC,,,MISS ROSE & ROSES,,https://leparfum.com.gr/en/fragrances-for-women/539-drc-w,,,,,ACTIVE_MASTER_V2,VERIFIED_OPERATIONAL_DB_2026-09-06
631,540-DRC,,,Poison,,https://leparfum.com.gr/en/fragrances-for-women/540-drc-w,,,,,ACTIVE_MASTER_V2,VERIFIED_OPERATIONAL_DB_2026-09-06
,541-DRC,,,POISON GIRL,,,,,,,ACTIVE_MASTER_V2,VERIFIED_OPERATIONAL_DB_2026-09-06
633,542-DRC,,,Pure Poison,,https://leparfum.com.gr/en/fragrances-for-women/542-drc-w,,,,,ACTIVE_MASTER_V2,VERIFIED_OPERATIONAL_DB_2026-09-06
2743,543-DRC,,,La Collection Privee  Souffle De Soie,,https://leparfum.com.gr/en/elegants-fragrances/543-drc-el,,,,,ACTIVE_MASTER_V2,VERIFIED_OPERATIONAL_DB_2026-09-06
,544-DRC,,,TENDRE POISON,,,,,,,ACTIVE_MASTER_V2,VERIFIED_OPERATIONAL_DB_2026-09-06
635,545-CLI,,,Aromatics Elixir Eau de Parfum,,https://leparfum.com.gr/en/fragrances-for-women/aromatics-elixir-clinique-clone,,,,,ACTIVE_MASTER_V2,VERIFIED_OPERATIONAL_DB_2026-09-06
636,546-CLI,,,Aromatics In White,,https://leparfum.com.gr/en/fragrances-for-women/aromatics-in-white-clinique-type,,,,,ACTIVE_MASTER_V2,VERIFIED_OPERATIONAL_DB_2026-09-06
637,547-CLI,,,Beyond Rose,,https://leparfum.com.gr/en/fragrances-for-women/beyond-rose-clinique-clone,,,,,ACTIVE_MASTER_V2,VERIFIED_OPERATIONAL_DB_2026-09-06
638,548-CLI,,,Happy,,https://leparfum.com.gr/en/fragrances-for-women/happy-woman-clinique-type,,,,,ACTIVE_MASTER_V2,VERIFIED_OPERATIONAL_DB_2026-09-06
639,549-CLI,,,Simply,,https://leparfum.com.gr/en/fragrances-for-women/simply-clinique-fragrance-dupe,,,,,ACTIVE_MASTER_V2,VERIFIED_OPERATIONAL_DB_2026-09-06
640,550-COA,,,Coach Eau de Parfum,,https://leparfum.com.gr/en/fragrances-for-women/coach-the-fragrance-coach-clone,,,,,ACTIVE_MASTER_V2,VERIFIED_OPERATIONAL_DB_2026-09-06
641,551-COUR,,,Hyperbole,,https://leparfum.com.gr/en/fragrances-for-women/hyperbole-courreges-type,,,,,ACTIVE_MASTER_V2,VERIFIED_OPERATIONAL_DB_2026-09-06
642,552-DOL,,,ANTHOLOGY L'IMPERATRICE 3,,https://leparfum.com.gr/en/fragrances-for-women/552-dol-wp,,,,,ACTIVE_MASTER_V2,VERIFIED_OPERATIONAL_DB_2026-09-06
,553-DOL,,,DOLCE,,,,,,,ACTIVE_MASTER_V2,VERIFIED_OPERATIONAL_DB_2026-09-06
644,554-DOL,,,Dolce Floral Drops,,https://leparfum.com.gr/en/fragrances-for-women/554-dol-wp,,,,,ACTIVE_MASTER_V2,VERIFIED_OPERATIONAL_DB_2026-09-06
645,555-DOL,,,Dolce Garden,,https://leparfum.com.gr/en/fragrances-for-women/555-dol-wp,,,,,ACTIVE_MASTER_V2,VERIFIED_OPERATIONAL_DB_2026-09-06
646,556-DOL,,,L'Eau The One,,https://leparfum.com.gr/en/fragrances-for-women/556-dol-wp,,,,,ACTIVE_MASTER_V2,VERIFIED_OPERATIONAL_DB_2026-09-06
647,557-DOL,,,Light-blue-eau-de-toilette,,https://leparfum.com.gr/en/fragrances-for-women/557-dol-w,,,,,ACTIVE_MASTER_V2,VERIFIED_OPERATIONAL_DB_2026-09-06
648,558-DOL,,,Light Blue Escape To Panarea,,https://leparfum.com.gr/en/fragrances-for-women/558-dol-w,,,,,ACTIVE_MASTER_V2,VERIFIED_OPERATIONAL_DB_2026-09-06
649,559-DOL,,,Light Blue Love In Capri,,https://leparfum.com.gr/en/fragrances-for-women/559-dol-w,,,,,ACTIVE_MASTER_V2,VERIFIED_OPERATIONAL_DB_2026-09-06
650,560-DOL,,,Light Blue Sunset In Salina,,https://leparfum.com.gr/en/fragrances-for-women/560-dol-w,,,,,ACTIVE_MASTER_V2,VERIFIED_OPERATIONAL_DB_2026-09-06
651,561-DOL,,,Dolce  Gabbana Pour Femme,,https://leparfum.com.gr/en/fragrances-for-women/561-dol-wp,,,,,ACTIVE_MASTER_V2,VERIFIED_OPERATIONAL_DB_2026-09-06
652,562-DOL,,,Dolce  Gabbana Pour Femme Intense,,https://leparfum.com.gr/en/fragrances-for-women/562-dol-wp,,,,,ACTIVE_MASTER_V2,VERIFIED_OPERATIONAL_DB_2026-09-06
653,563-DOL,,,Rose-the-one,,https://leparfum.com.gr/en/fragrances-for-women/563-dol-wp,,,,,ACTIVE_MASTER_V2,VERIFIED_OPERATIONAL_DB_2026-09-06
1937,564-DOL,,,SEXY CHOCLATE,,https://leparfum.com.gr/en/fragrances-for-women/564-dol-wp,,,,,ACTIVE_MASTER_V2,VERIFIED_OPERATIONAL_DB_2026-09-06
654,565-DOL,,,Sicily,,https://leparfum.com.gr/en/fragrances-for-women/565-dol-wp,,,,,ACTIVE_MASTER_V2,VERIFIED_OPERATIONAL_DB_2026-09-06
655,566-DOL,,,The One,,https://leparfum.com.gr/en/fragrances-for-women/566-dol-wp,,,,,ACTIVE_MASTER_V2,VERIFIED_OPERATIONAL_DB_2026-09-06
656,567-DOL,,,The One Desire,,https://leparfum.com.gr/en/fragrances-for-women/567-dol-wp,,,,,ACTIVE_MASTER_V2,VERIFIED_OPERATIONAL_DB_2026-09-06
657,568-DOL,,,The One Essence,,https://leparfum.com.gr/en/fragrances-for-women/568-dol-wp,,,,,ACTIVE_MASTER_V2,VERIFIED_OPERATIONAL_DB_2026-09-06
658,569-DOL,,,The-only-one-eau-de-,,https://leparfum.com.gr/en/fragrances-for-women/569-dol-w,,,,,ACTIVE_MASTER_V2,VERIFIED_OPERATIONAL_DB_2026-09-06
659,570-DOL,,,(RED CUP),,https://leparfum.com.gr/en/fragrances-for-women/570-dol-wp,,,,,ACTIVE_MASTER_V2,VERIFIED_OPERATIONAL_DB_2026-09-06
,571-DAV,,,COOL WATER,,,,,,,ACTIVE_MASTER_V2,VERIFIED_OPERATIONAL_DB_2026-09-06
661,572-DIE,,,LOVERDOS,,https://leparfum.com.gr/en/fragrances-for-women/572-die-w-fragrance,,,,,ACTIVE_MASTER_V2,VERIFIED_OPERATIONAL_DB_2026-09-06
662,573-DIE,,,Loverdose Red Kiss,,https://leparfum.com.gr/en/fragrances-for-women/573-die-w,,,,,ACTIVE_MASTER_V2,VERIFIED_OPERATIONAL_DB_2026-09-06
663,574-DON,,,Be Delicious Eau de Parfum,,https://leparfum.com.gr/en/fragrances-for-women/574-don-wp,,,,,ACTIVE_MASTER_V2,VERIFIED_OPERATIONAL_DB_2026-09-06
664,575-DON,,,Be Tempted,,https://leparfum.com.gr/en/fragrances-for-women/575-don-wp,,,,,ACTIVE_MASTER_V2,VERIFIED_OPERATIONAL_DB_2026-09-06
665,576-DON,,,Black Cashmere,,https://leparfum.com.gr/en/fragrances-for-women/black-cashmere-dkny-clone,,,,,ACTIVE_MASTER_V2,VERIFIED_OPERATIONAL_DB_2026-09-06
666,577-DON,,,CASHMERE MIST - DKNY,,https://leparfum.com.gr/en/fragrances-for-women/577-don-wp,,,,,ACTIVE_MASTER_V2,VERIFIED_OPERATIONAL_DB_2026-09-06
667,578-DON,,,DKNY,,https://leparfum.com.gr/en/fragrances-for-women/578-don-wp,,,,,ACTIVE_MASTER_V2,VERIFIED_OPERATIONAL_DB_2026-09-06
668,579-DON,,,Delicious Delights Fruity Rooty,,https://leparfum.com.gr/en/fragrances-for-women/579-don-wp,,,,,ACTIVE_MASTER_V2,VERIFIED_OPERATIONAL_DB_2026-09-06
669,580-DON,,,Golden-delicious-eau-de-,,https://leparfum.com.gr/en/fragrances-for-women/580-don-wp,,,,,ACTIVE_MASTER_V2,VERIFIED_OPERATIONAL_DB_2026-09-06
670,581-DON,,,MY NY - Donna Karan,,https://leparfum.com.gr/en/fragrances-for-women/581-don-wp,,,,,ACTIVE_MASTER_V2,VERIFIED_OPERATIONAL_DB_2026-09-06
671,582-DON,,,Nectar Love,,https://leparfum.com.gr/en/fragrances-for-women/nectar-love-dkny-similar,,,,,ACTIVE_MASTER_V2,VERIFIED_OPERATIONAL_DB_2026-09-06
2764,583-DON,,,PURE DKNY - DONNA KARAN,,https://leparfum.com.gr/en/fragrances-for-women/583-don-wp,,,,,ACTIVE_MASTER_V2,VERIFIED_OPERATIONAL_DB_2026-09-06
673,584-DSQ,,,POTION FOR WOMEN - DSQUARED,,https://leparfum.com.gr/en/fragrances-for-women/potion-for-women-dsquared-clone,,,,,ACTIVE_MASTER_V2,VERIFIED_OPERATIONAL_DB_2026-09-06
674,585-DSQ,,,She Wood,,https://leparfum.com.gr/en/fragrances-for-women/she-wood-dsquared-type,,,,,ACTIVE_MASTER_V2,VERIFIED_OPERATIONAL_DB_2026-09-06
675,586-DSQ,,,Want,,https://leparfum.com.gr/en/fragrances-for-women/want-dsquared-type,,,,,ACTIVE_MASTER_V2,VERIFIED_OPERATIONAL_DB_2026-09-06
676,587-DSQ,,,Want Pink Ginger,,https://leparfum.com.gr/en/fragrances-for-women/want-pink-ginger-dsquared-type,,,,,ACTIVE_MASTER_V2,VERIFIED_OPERATIONAL_DB_2026-09-06
677,588-ELI,,,Le Parfum,,https://leparfum.com.gr/en/fragrances-for-women/elie-saab-la-parfum-elie-saab-type,,,,,ACTIVE_MASTER_V2,VERIFIED_OPERATIONAL_DB_2026-09-06
1936,589-ELI,,,Girl of Now,,https://leparfum.com.gr/en/fragrances-for-women/girl-of-now-elie-saab-type,,,,,ACTIVE_MASTER_V2,VERIFIED_OPERATIONAL_DB_2026-09-06
678,590-ELIZ,,,5th AVENUE - ELIZABETH,,https://leparfum.com.gr/en/fragrances-for-women/avenue-elizabeth-arden-type,,,,,ACTIVE_MASTER_V2,VERIFIED_OPERATIONAL_DB_2026-09-06
679,591-ELIZ,,,Green Tea Yuzu,,https://leparfum.com.gr/en/fragrances-for-women/green-tea-yuzu-elizabeth-arden-type,,,,,ACTIVE_MASTER_V2,VERIFIED_OPERATIONAL_DB_2026-09-06
680,592-ELIZ,,,RED DOOR - ELIZABETH ARDEN,,https://leparfum.com.gr/en/fragrances-for-women/red-door-elizabeth-arden-type,,,,,ACTIVE_MASTER_V2,VERIFIED_OPERATIONAL_DB_2026-09-06
681,593-ELZT,,,White Diamonds,,https://leparfum.com.gr/en/fragrances-for-women/white-diamonds-elizabeth-taylor-type,,,,,ACTIVE_MASTER_V2,VERIFIED_OPERATIONAL_DB_2026-09-06
682,594-EMAN,,,Diva Eau de Parfum,,https://leparfum.com.gr/en/fragrances-for-women/594-eman-wp,,,,,ACTIVE_MASTER_V2,VERIFIED_OPERATIONAL_DB_2026-09-06
683,595-EMIL,,,EMILIO PUCCI,,https://leparfum.com.gr/en/fragrances-for-women/595-emil-wp,,,,,ACTIVE_MASTER_V2,VERIFIED_OPERATIONAL_DB_2026-09-06
684,596-ESC,,,Agua Del Sol,,https://leparfum.com.gr/en/fragrances-for-women/596-esc-wp,,,,,ACTIVE_MASTER_V2,VERIFIED_OPERATIONAL_DB_2026-09-06
685,597-ESC,,,Born In Paradise,,https://leparfum.com.gr/en/fragrances-for-women/summer_fragrance,,,,,ACTIVE_MASTER_V2,VERIFIED_OPERATIONAL_DB_2026-09-06
686,598-ESC,,,CELEBRATE NOW - ESCADA,,https://leparfum.com.gr/en/fragrances-for-women/598-esc-wp,,,,,ACTIVE_MASTER_V2,VERIFIED_OPERATIONAL_DB_2026-09-06
687,599-ESC,,,Cherry In The Air,,https://leparfum.com.gr/en/fragrances-for-women/599-esc-wp,,,,,ACTIVE_MASTER_V2,VERIFIED_OPERATIONAL_DB_2026-09-06
688,600-ESC,,,Fiesta Carioca,,https://leparfum.com.gr/en/fragrances-for-women/600-esc-wp,,,,,ACTIVE_MASTER_V2,VERIFIED_OPERATIONAL_DB_2026-09-06
2052,601-ESC,,,Flor-del-sol,,https://leparfum.com.gr/en/fragrances-for-women/flor-del-sol-escada-arwma-typou,,,,,ACTIVE_MASTER_V2,VERIFIED_OPERATIONAL_DB_2026-09-06
689,602-ESC,,,Joyful,,https://leparfum.com.gr/en/fragrances-for-women/602-esc-wp,,,,,ACTIVE_MASTER_V2,VERIFIED_OPERATIONAL_DB_2026-09-06
690,603-ESC,,,Incredible Me,,https://leparfum.com.gr/en/fragrances-for-women/603-esc-wp,,,,,ACTIVE_MASTER_V2,VERIFIED_OPERATIONAL_DB_2026-09-06
691,604-ESC,,,Magnetism,,https://leparfum.com.gr/en/fragrances-for-women/604-esc-wp,,,,,ACTIVE_MASTER_V2,VERIFIED_OPERATIONAL_DB_2026-09-06
1766,605-ESC,,,Miami Blossom,,https://leparfum.com.gr/en/fragrances-for-women/miami-blossom-escada-type,,,,,ACTIVE_MASTER_V2,VERIFIED_OPERATIONAL_DB_2026-09-06
692,606-ESC,,,MARGARETHA LEY (CLASSIC) - ESCADA,,https://leparfum.com.gr/en/fragrances-for-women/margaretha-ley-classic-escada-type,,,,,ACTIVE_MASTER_V2,VERIFIED_OPERATIONAL_DB_2026-09-06
693,607-ESC,,,Marine Groove,,https://leparfum.com.gr/en/fragrances-for-women/marine-groove-escada-type,,,,,ACTIVE_MASTER_V2,VERIFIED_OPERATIONAL_DB_2026-09-06
1932,608-ESC,,,Moon Sparkle,,https://leparfum.com.gr/en/fragrances-for-women/moon-sparkle-escada-type,,,,,ACTIVE_MASTER_V2,VERIFIED_OPERATIONAL_DB_2026-09-06
2216,609-ESC,,,Sentiment,,https://leparfum.com.gr/en/fragrances-for-women/sentiment-escada-perfume-type,,,,,ACTIVE_MASTER_V2,VERIFIED_OPERATIONAL_DB_2026-09-06
694,610-ESC,,,Sorbetto Rosso,,https://leparfum.com.gr/en/fragrances-for-women/sorbetto-rosso-escada-type,,,,,ACTIVE_MASTER_V2,VERIFIED_OPERATIONAL_DB_2026-09-06
695,611-ESC,,,Taj Sunset,,https://leparfum.com.gr/en/fragrances-for-women/taj-sunset-escada-type,,,,,ACTIVE_MASTER_V2,VERIFIED_OPERATIONAL_DB_2026-09-06
696,612-ESC,,,TURQUOISE - ESCADA,,https://leparfum.com.gr/en/fragrances-for-women/turquoise-escada-type,,,,,ACTIVE_MASTER_V2,VERIFIED_OPERATIONAL_DB_2026-09-06
697,613-ESC,,,Turquoise Summer,,https://leparfum.com.gr/en/fragrances-for-women/turquoise-summer-escada-fragrance,,,,,ACTIVE_MASTER_V2,VERIFIED_OPERATIONAL_DB_2026-09-06
698,614-EST,,,Beautiful Eau de Parfum,,https://leparfum.com.gr/en/fragrances-for-women/614-est-wp,,,,,ACTIVE_MASTER_V2,VERIFIED_OPERATIONAL_DB_2026-09-06
1777,615-EST,,,Beautiful Belle,,https://leparfum.com.gr/en/fragrances-for-women/615-est-wp,,,,,ACTIVE_MASTER_V2,VERIFIED_OPERATIONAL_DB_2026-09-06
699,616-EST,,,Beyond Paradise,,https://leparfum.com.gr/en/fragrances-for-women/616-est-wp,,,,,ACTIVE_MASTER_V2,VERIFIED_OPERATIONAL_DB_2026-09-06
700,617-EST,,,Brasil Dream,,https://leparfum.com.gr/en/fragrances-for-women/617-est-wp,,,,,ACTIVE_MASTER_V2,VERIFIED_OPERATIONAL_DB_2026-09-06
701,618-EST,,,Bronze Goddess Capri,,https://leparfum.com.gr/en/fragrances-for-women/618-est-wp,,,,,ACTIVE_MASTER_V2,VERIFIED_OPERATIONAL_DB_2026-09-06
702,619-EST,,,Bronze Goddess Eau Fraiche Skinscent Estee Lauder,,https://leparfum.com.gr/en/fragrances-for-women/619-est-wp,,,,,ACTIVE_MASTER_V2,VERIFIED_OPERATIONAL_DB_2026-09-06
703,620-EST,,,Bronze Goddess Soleil,,https://leparfum.com.gr/en/fragrances-for-women/620-est-wp,,,,,ACTIVE_MASTER_V2,VERIFIED_OPERATIONAL_DB_2026-09-06
,621-EST,,,BRONZE GODDESS EAU DE PARFUM (SUMMER LIMITED EDITION),,,,,,,ACTIVE_MASTER_V2,VERIFIED_OPERATIONAL_DB_2026-09-06
705,622-EST,,,Cinnabar Eau de Parfum,,https://leparfum.com.gr/en/fragrances-for-women/622-est-wp,,,,,ACTIVE_MASTER_V2,VERIFIED_OPERATIONAL_DB_2026-09-06
706,623-EST,,,ESTEE - ESTEE LAUDER,,https://leparfum.com.gr/en/fragrances-for-women/623-est-wp,,,,,ACTIVE_MASTER_V2,VERIFIED_OPERATIONAL_DB_2026-09-06
,624-EST,,,INTUITION FOR WOMEN,,,,,,,ACTIVE_MASTER_V2,VERIFIED_OPERATIONAL_DB_2026-09-06
708,625-EST,,,Knowing Eau de Parfum,,https://leparfum.com.gr/en/fragrances-for-women/625-est-wp,,,,,ACTIVE_MASTER_V2,VERIFIED_OPERATIONAL_DB_2026-09-06
709,626-EST,,,Modern Muse Eau de Parfum,,https://leparfum.com.gr/en/fragrances-for-women/626-est-wp,,,,,ACTIVE_MASTER_V2,VERIFIED_OPERATIONAL_DB_2026-09-06
710,627-EST,,,Modern Muse Le Rouge,,https://leparfum.com.gr/en/fragrances-for-women/627-est-wp,,,,,ACTIVE_MASTER_V2,VERIFIED_OPERATIONAL_DB_2026-09-06
711,628-EST,,,Modern Muse Nuit,,https://leparfum.com.gr/en/fragrances-for-women/628-est-wp,,,,,ACTIVE_MASTER_V2,VERIFIED_OPERATIONAL_DB_2026-09-06
712,629-EST,,,Pleasures,,https://leparfum.com.gr/en/fragrances-for-women/629-est-wp,,,,,ACTIVE_MASTER_V2,VERIFIED_OPERATIONAL_DB_2026-09-06
713,630-EST,,,Pleasures Delight,,https://leparfum.com.gr/en/fragrances-for-women/630-est-wp,,,,,ACTIVE_MASTER_V2,VERIFIED_OPERATIONAL_DB_2026-09-06
714,631-EST,,,Private Collection Eau de Parfum,,https://leparfum.com.gr/en/fragrances-for-women/631-est-wp,,,,,ACTIVE_MASTER_V2,VERIFIED_OPERATIONAL_DB_2026-09-06
715,632-EST,,,JASMIN WHITE MOSS - ESTEE LAUDER,,https://leparfum.com.gr/en/fragrances-for-women/632-est-wp,,,,,ACTIVE_MASTER_V2,VERIFIED_OPERATIONAL_DB_2026-09-06
716,633-EST,,,Private Collection Tuberose Gardenia,,https://leparfum.com.gr/en/fragrances-for-women/633-est-w,,,,,ACTIVE_MASTER_V2,VERIFIED_OPERATIONAL_DB_2026-09-06
717,634-EST,,,Sensuous Eau de Parfum,,https://leparfum.com.gr/en/fragrances-for-women/sensuous-estee-lauder-type,,,,,ACTIVE_MASTER_V2,VERIFIED_OPERATIONAL_DB_2026-09-06
718,635-EST,,,Sensuous Noir,,https://leparfum.com.gr/en/fragrances-for-women/635-est-wp,,,,,ACTIVE_MASTER_V2,VERIFIED_OPERATIONAL_DB_2026-09-06
719,636-EST,,,Sensuous Nude,,https://leparfum.com.gr/en/fragrances-for-women/636-est-wp,,,,,ACTIVE_MASTER_V2,VERIFIED_OPERATIONAL_DB_2026-09-06
2145,637-EST,,,Spellbound,,https://leparfum.com.gr/en/fragrances-for-women/637-est-wp,,,,,ACTIVE_MASTER_V2,VERIFIED_OPERATIONAL_DB_2026-09-06
720,638-EST,,,White Linen Eau de Parfum,,https://leparfum.com.gr/en/fragrances-for-women/638-est-wp,,,,,ACTIVE_MASTER_V2,VERIFIED_OPERATIONAL_DB_2026-09-06
721,639-FEN,,,FENDI Woman,,https://leparfum.com.gr/en/fragrances-for-women/fendi-woman-similar-fragrance,,,,,ACTIVE_MASTER_V2,VERIFIED_OPERATIONAL_DB_2026-09-06
722,640-FEN,,,L'ACQUA ROSSA - FENDI,,https://leparfum.com.gr/en/fragrances-for-women/acqua-rossa-fendi-type,,,,,ACTIVE_MASTER_V2,VERIFIED_OPERATIONAL_DB_2026-09-06
723,641-FRE,,,PORTRAIT OF A LADY,,https://leparfum.com.gr/en/fragrances-for-women/641-fre-wp,,,,,ACTIVE_MASTER_V2,VERIFIED_OPERATIONAL_DB_2026-09-06
724,643-ARM,,,Acqua di Gioia Eau de Parfum,,https://leparfum.com.gr/en/fragrances-for-women/643-arm-w,,,,,ACTIVE_MASTER_V2,VERIFIED_OPERATIONAL_DB_2026-09-06
725,644-ARM,,,Acqua Di Gioia Essenza,,https://leparfum.com.gr/en/fragrances-for-women/644-arm-w,,,,,ACTIVE_MASTER_V2,VERIFIED_OPERATIONAL_DB_2026-09-06
726,645-ARM,,,ACQUA DI GIOIA JASMINE,,https://leparfum.com.gr/en/fragrances-for-women/645-arm-w,,,,,ACTIVE_MASTER_V2,VERIFIED_OPERATIONAL_DB_2026-09-06
727,646-ARM,,,Armani Code for Women Eau de Parfum,,https://leparfum.com.gr/en/fragrances-for-women/646-arm-w,,,,,ACTIVE_MASTER_V2,VERIFIED_OPERATIONAL_DB_2026-09-06
1774,647-ARM,,,Armani Code Cashmere,,https://leparfum.com.gr/en/fragrances-for-women/647-arm-w,,,,,ACTIVE_MASTER_V2,VERIFIED_OPERATIONAL_DB_2026-09-06
728,648-ARM,,,Armani Code Satin,,https://leparfum.com.gr/en/fragrances-for-women/648-arm-w,,,,,ACTIVE_MASTER_V2,VERIFIED_OPERATIONAL_DB_2026-09-06
729,649-ARM,,,Armani Code Turquoise,,https://leparfum.com.gr/en/fragrances-for-women/649-arm-w,,,,,ACTIVE_MASTER_V2,VERIFIED_OPERATIONAL_DB_2026-09-06
730,650-ARM,,,Emporio Armani Because It S You,,https://leparfum.com.gr/en/fragrances-for-women/650-arm-w,,,,,ACTIVE_MASTER_V2,VERIFIED_OPERATIONAL_DB_2026-09-06
731,651-ARM,,,LEI/ELLE/SHE/ELLA,,https://leparfum.com.gr/en/fragrances-for-women/651-arm-w,,,,,ACTIVE_MASTER_V2,VERIFIED_OPERATIONAL_DB_2026-09-06
1883,652-ARM,,,Emporio Armani  In Love With You,,https://leparfum.com.gr/en/fragrances-for-women/652-arm-w,,,,,ACTIVE_MASTER_V2,VERIFIED_OPERATIONAL_DB_2026-09-06
,653-ARM,,,ARMANI MANIA FOR WOMEN,,,,,,,ACTIVE_MASTER_V2,VERIFIED_OPERATIONAL_DB_2026-09-06
2123,654-ARM,,,My Way Eau de Parfum,,https://leparfum.com.gr/en/fragrances-for-women/654-arm-w,,,,,ACTIVE_MASTER_V2,VERIFIED_OPERATIONAL_DB_2026-09-06
733,655-ARM,,,Si,,https://leparfum.com.gr/en/fragrances-for-women/655-arm-w,,,,,ACTIVE_MASTER_V2,VERIFIED_OPERATIONAL_DB_2026-09-06
1769,656-ARM,,,SI FIORI,,https://leparfum.com.gr/en/fragrances-for-women/656-arm-w,,,,,ACTIVE_MASTER_V2,VERIFIED_OPERATIONAL_DB_2026-09-06
734,657-ARM,,,SI INTENSE,,https://leparfum.com.gr/en/fragrances-for-women/657-arm-w,,,,,ACTIVE_MASTER_V2,VERIFIED_OPERATIONAL_DB_2026-09-06
735,658-ARM,,,SI PASSIONE,,https://leparfum.com.gr/en/fragrances-for-women/658-arm-w,,,,,ACTIVE_MASTER_V2,VERIFIED_OPERATIONAL_DB_2026-09-06
2077,659-ARM,,,Sì Passione Intense,,https://leparfum.com.gr/en/fragrances-for-women/659-arm-w,,,,,ACTIVE_MASTER_V2,VERIFIED_OPERATIONAL_DB_2026-09-06
736,660-ARM,,,Si-eau-de-parfum-rose-signature,,https://leparfum.com.gr/en/fragrances-for-women/660-arm-wp,,,,,ACTIVE_MASTER_V2,VERIFIED_OPERATIONAL_DB_2026-09-06
737,661-ARM,,,Sun Di Gioia,,https://leparfum.com.gr/en/fragrances-for-women/661-arm-w,,,,,ACTIVE_MASTER_V2,VERIFIED_OPERATIONAL_DB_2026-09-06
738,662-GIV,,,Amarige,,https://leparfum.com.gr/en/fragrances-for-women/662-giv-w,,,,,ACTIVE_MASTER_V2,VERIFIED_OPERATIONAL_DB_2026-09-06
739,663-GIV,,,the fragrance Amarige Mariage,,https://leparfum.com.gr/en/fragrances-for-women/663-giv-w,,,,,ACTIVE_MASTER_V2,VERIFIED_OPERATIONAL_DB_2026-09-06
740,664-GIV,,,Ange Ou Demon,,https://leparfum.com.gr/en/fragrances-for-women/664-giv-w,,,,,ACTIVE_MASTER_V2,VERIFIED_OPERATIONAL_DB_2026-09-06
741,665-GIV,,,Bloom,,https://leparfum.com.gr/en/fragrances-for-women/665-giv-w,,,,,ACTIVE_MASTER_V2,VERIFIED_OPERATIONAL_DB_2026-09-06
,666-GIV,,,DAHLIA DIVIN,,,,,,,ACTIVE_MASTER_V2,VERIFIED_OPERATIONAL_DB_2026-09-06
,667-GIV,,,DAHLIA NOIR,,,,,,,ACTIVE_MASTER_V2,VERIFIED_OPERATIONAL_DB_2026-09-06
,668-GIV,,,HOT COUTURE,,,,,,,ACTIVE_MASTER_V2,VERIFIED_OPERATIONAL_DB_2026-09-06
745,669-GIV,,,L’Interdit,,https://leparfum.com.gr/en/fragrances-for-women/669-giv-w,,,,,ACTIVE_MASTER_V2,VERIFIED_OPERATIONAL_DB_2026-09-06
,670-GIV,,,ORGANZA,,,,,,,ACTIVE_MASTER_V2,VERIFIED_OPERATIONAL_DB_2026-09-06
,671-GIV,,,PLAY FOR HER,,,,,,,ACTIVE_MASTER_V2,VERIFIED_OPERATIONAL_DB_2026-09-06
,673-GRS,,,CABOTIN,,,,,,,ACTIVE_MASTER_V2,VERIFIED_OPERATIONAL_DB_2026-09-06
,674-GUC,,,BAMBOO,,,,,,,ACTIVE_MASTER_V2,VERIFIED_OPERATIONAL_DB_2026-09-06
751,675-GUC,,,Bloom,,https://leparfum.com.gr/en/fragrances-for-women/675-guc-wp,,,,,ACTIVE_MASTER_V2,VERIFIED_OPERATIONAL_DB_2026-09-06
752,676-GUC,,,Flora,,https://leparfum.com.gr/en/fragrances-for-women/676-guc-wp,,,,,ACTIVE_MASTER_V2,VERIFIED_OPERATIONAL_DB_2026-09-06
2078,677-GUC,,,G by G,,https://leparfum.com.gr/en/fragrances-for-women/677-guc-wp,,,,,ACTIVE_MASTER_V2,VERIFIED_OPERATIONAL_DB_2026-09-06
753,678-GUC,,,Guilty,,https://leparfum.com.gr/en/fragrances-for-women/678-guc-wp,,,,,ACTIVE_MASTER_V2,VERIFIED_OPERATIONAL_DB_2026-09-06
1920,679-GUC,,,Guilty Black Pour Femme,,https://leparfum.com.gr/en/fragrances-for-women/679-guc-wp,,,,,ACTIVE_MASTER_V2,VERIFIED_OPERATIONAL_DB_2026-09-06
754,680-GUC,,,Gucci Premiere,,https://leparfum.com.gr/en/fragrances-for-women/680-guc-wp,,,,,ACTIVE_MASTER_V2,VERIFIED_OPERATIONAL_DB_2026-09-06
755,681-GUC,,,Rush,,https://leparfum.com.gr/en/fragrances-for-women/681-guc-wp,,,,,ACTIVE_MASTER_V2,VERIFIED_OPERATIONAL_DB_2026-09-06
756,682-GUR,,,Aqua Allegoria Flora Rosa,,https://leparfum.com.gr/en/fragrances-for-women/682-gur-w,,,,,ACTIVE_MASTER_V2,VERIFIED_OPERATIONAL_DB_2026-09-06
2079,683-GUR,,,Aqua Allegoria Passiflora,,https://leparfum.com.gr/en/fragrances-for-women/683-gur-w,,,,,ACTIVE_MASTER_V2,VERIFIED_OPERATIONAL_DB_2026-09-06
757,684-GUR,,,Baiser De Russie,,https://leparfum.com.gr/en/fragrances-for-women/684-gur-w,,,,,ACTIVE_MASTER_V2,VERIFIED_OPERATIONAL_DB_2026-09-06
2062,685-GUR,,,Champs Elysees,,https://leparfum.com.gr/en/fragrances-for-women/685-gur-w,,,,,ACTIVE_MASTER_V2,VERIFIED_OPERATIONAL_DB_2026-09-06
,686-GUR,,,INSOLENCE,,,,,,,ACTIVE_MASTER_V2,VERIFIED_OPERATIONAL_DB_2026-09-06
,687-GUR,,,L'INSTANT DE GUERLAIN,,,,,,,ACTIVE_MASTER_V2,VERIFIED_OPERATIONAL_DB_2026-09-06
,688-GUR,,,L'INSTANT MAGIC,,,,,,,ACTIVE_MASTER_V2,VERIFIED_OPERATIONAL_DB_2026-09-06
2149,689-GUR,,,MITSOUKO EAU DE PARFUM - GUERLAIN,,https://leparfum.com.gr/en/fragrances-for-women/689-gur-w,,,,,ACTIVE_MASTER_V2,VERIFIED_OPERATIONAL_DB_2026-09-06
760,690-GUR,,,Mon Guerlain,,https://leparfum.com.gr/en/fragrances-for-women/690-gur-w,,,,,ACTIVE_MASTER_V2,VERIFIED_OPERATIONAL_DB_2026-09-06
761,691-GUR,,,Muguet,,https://leparfum.com.gr/en/fragrances-for-women/691-gur-w,,,,,ACTIVE_MASTER_V2,VERIFIED_OPERATIONAL_DB_2026-09-06
,692-GUR,,,SAMSARA,,,,,,,ACTIVE_MASTER_V2,VERIFIED_OPERATIONAL_DB_2026-09-06
763,693-GUR,,,SHALIMAR PARFUM - GUERLAIN,,https://leparfum.com.gr/en/fragrances-for-women/693-gur-w,,,,,ACTIVE_MASTER_V2,VERIFIED_OPERATIONAL_DB_2026-09-06
1813,694-GUR,,,Terracotta-terracotta-le-,,https://leparfum.com.gr/en/fragrances-for-women/694-gur-w,,,,,ACTIVE_MASTER_V2,VERIFIED_OPERATIONAL_DB_2026-09-06
764,695-GUE,,,Dare,,https://leparfum.com.gr/en/fragrances-for-women/dare-guess-similar-fragrance,,,,,ACTIVE_MASTER_V2,VERIFIED_OPERATIONAL_DB_2026-09-06
,696-GLA,,,FIDJI,,,,,,,ACTIVE_MASTER_V2,VERIFIED_OPERATIONAL_DB_2026-09-06
766,697-HER,,,Ambre-narguile,,https://leparfum.com.gr/en/fragrances-for-women/697-her-w,,,,,ACTIVE_MASTER_V2,VERIFIED_OPERATIONAL_DB_2026-09-06
767,698-HER,,,Eau-des-merveilles-eau-de-toilette,,https://leparfum.com.gr/en/fragrances-for-women/698-her-w,,,,,ACTIVE_MASTER_V2,VERIFIED_OPERATIONAL_DB_2026-09-06
1780,699-HER,,,Eau Des Merveilles Bleue,,https://leparfum.com.gr/en/fragrances-for-women/699-her-w,,,,,ACTIVE_MASTER_V2,VERIFIED_OPERATIONAL_DB_2026-09-06
768,700-HER,,,Elixir Des Merveilles,,https://leparfum.com.gr/en/fragrances-for-women/700-her-w,,,,,ACTIVE_MASTER_V2,VERIFIED_OPERATIONAL_DB_2026-09-06
769,701-HER,,,Galop D Hermes,,https://leparfum.com.gr/en/fragrances-for-women/701-her-w,,,,,ACTIVE_MASTER_V2,VERIFIED_OPERATIONAL_DB_2026-09-06
770,702-HER,,,Jour D Hermes,,https://leparfum.com.gr/en/fragrances-for-women/702-her-w,,,,,ACTIVE_MASTER_V2,VERIFIED_OPERATIONAL_DB_2026-09-06
,703-HER,,,KELLY CALECHE,,,,,,,ACTIVE_MASTER_V2,VERIFIED_OPERATIONAL_DB_2026-09-06
771,704-HER,,,L Ambre Des Merveilles,,https://leparfum.com.gr/en/fragrances-for-women/704-her-w,,,,,ACTIVE_MASTER_V2,VERIFIED_OPERATIONAL_DB_2026-09-06
772,705-HER,,,Le Jardin De Monsieur Li,,https://leparfum.com.gr/en/fragrances-for-women/705-her-w,,,,,ACTIVE_MASTER_V2,VERIFIED_OPERATIONAL_DB_2026-09-06
773,706-HER,,,Osmanthe-yunnan,,https://leparfum.com.gr/en/fragrances-for-women/706-her-w,,,,,ACTIVE_MASTER_V2,VERIFIED_OPERATIONAL_DB_2026-09-06
774,707-HER,,,TWILLY D'HERMES,,https://leparfum.com.gr/en/fragrances-for-women/707-her-w,,,,,ACTIVE_MASTER_V2,VERIFIED_OPERATIONAL_DB_2026-09-06
775,708-HER,,,UN JARDIN SUR LE NIL - HERMES Unisex,,https://leparfum.com.gr/en/fragrances-for-women/708-her-w,,,,,ACTIVE_MASTER_V2,VERIFIED_OPERATIONAL_DB_2026-09-06
,709-HER,,,VOYAGE D'HERMES,,,,,,,ACTIVE_MASTER_V2,VERIFIED_OPERATIONAL_DB_2026-09-06
777,710-HUG,,,BOSS JOUR - HUGO BOSS,,https://leparfum.com.gr/en/fragrances-for-women/710-hug-wp,,,,,ACTIVE_MASTER_V2,VERIFIED_OPERATIONAL_DB_2026-09-06
778,711-HUG,,,BOSS ORANGE FEMME - HUGO BOSS,,https://leparfum.com.gr/en/fragrances-for-women/711-hug-wp,,,,,ACTIVE_MASTER_V2,VERIFIED_OPERATIONAL_DB_2026-09-06
779,712-HUG,,,Boss Woman,,https://leparfum.com.gr/en/fragrances-for-women/712-hug-wp,,,,,ACTIVE_MASTER_V2,VERIFIED_OPERATIONAL_DB_2026-09-06
780,713-HUG,,,MA VIE - HUGO BOSS,,https://leparfum.com.gr/en/fragrances-for-women/713-hug-wp,,,,,ACTIVE_MASTER_V2,VERIFIED_OPERATIONAL_DB_2026-09-06
781,714-HUG,,,BOSS The Scent for Her Eau de Parfum,,https://leparfum.com.gr/en/fragrances-for-women/714-hug-wp,,,,,ACTIVE_MASTER_V2,VERIFIED_OPERATIONAL_DB_2026-09-06
782,715-HUG,,,Hugo Woman Extreme,,https://leparfum.com.gr/en/fragrances-for-women/715-hug-wp,,,,,ACTIVE_MASTER_V2,VERIFIED_OPERATIONAL_DB_2026-09-06
783,716-ISS,,,A SCENT - ISSEY MIYAKE,,https://leparfum.com.gr/en/fragrances-for-women/716-iss-w,,,,,ACTIVE_MASTER_V2,VERIFIED_OPERATIONAL_DB_2026-09-06
784,717-ISS,,,CLASSIC - ISSEY MIYAKE,,https://leparfum.com.gr/en/fragrances-for-women/717-iss-wp,,,,,ACTIVE_MASTER_V2,VERIFIED_OPERATIONAL_DB_2026-09-06
785,718-ISS,,,L Eau D Issey,,https://leparfum.com.gr/en/fragrances-for-women/718-iss-wp,,,,,ACTIVE_MASTER_V2,VERIFIED_OPERATIONAL_DB_2026-09-06
,719-ISS,,,PLEATS PLEASE,,,,,,,ACTIVE_MASTER_V2,VERIFIED_OPERATIONAL_DB_2026-09-06
,720-GUL,,,CLASSIQUE,,,,,,,ACTIVE_MASTER_V2,VERIFIED_OPERATIONAL_DB_2026-09-06
788,721-GUL,,,Classique Essence De Parfum,,https://leparfum.com.gr/en/fragrances-for-women/721-gul-wp,,,,,ACTIVE_MASTER_V2,VERIFIED_OPERATIONAL_DB_2026-09-06
1822,722-GUL,,,La Belle,,https://leparfum.com.gr/en/fragrances-for-women/722-gul-wp,,,,,ACTIVE_MASTER_V2,VERIFIED_OPERATIONAL_DB_2026-09-06
789,723-GUL,,,X CLASSIQUE,,https://leparfum.com.gr/en/fragrances-for-women/723-gul-wp,,,,,ACTIVE_MASTER_V2,VERIFIED_OPERATIONAL_DB_2026-09-06
790,724-GUL,,,Scandal,,https://leparfum.com.gr/en/fragrances-for-women/724-gul-wp,,,,,ACTIVE_MASTER_V2,VERIFIED_OPERATIONAL_DB_2026-09-06
2194,725-GUL,,,Scandal By Night,,https://leparfum.com.gr/en/fragrances-for-women/725-gul-wp,,,,,ACTIVE_MASTER_V2,VERIFIED_OPERATIONAL_DB_2026-09-06
2080,726-GUL,,,So-scandal,,https://leparfum.com.gr/en/fragrances-for-women/726-gul-wp,,,,,ACTIVE_MASTER_V2,VERIFIED_OPERATIONAL_DB_2026-09-06
791,727-JEN,,,JLuxe,,https://leparfum.com.gr/en/fragrances-for-women/jluxe-jennifer-lopez-type,,,,,ACTIVE_MASTER_V2,VERIFIED_OPERATIONAL_DB_2026-09-06
,728-JES,,,IN BLACK,,,,,,,ACTIVE_MASTER_V2,VERIFIED_OPERATIONAL_DB_2026-09-06
793,729-JIM,,,Blossom,,https://leparfum.com.gr/en/fragrances-for-women/blossom-jimmy-choo-similar,,,,,ACTIVE_MASTER_V2,VERIFIED_OPERATIONAL_DB_2026-09-06
794,730-JIM,,,EXOTIC - JIMMY CHOO,,https://leparfum.com.gr/en/fragrances-for-women/exotic-jimmy-choo-clone,,,,,ACTIVE_MASTER_V2,VERIFIED_OPERATIONAL_DB_2026-09-06
1771,731-JIM,,,Fever,,https://leparfum.com.gr/en/fragrances-for-women/fever-jimmy-choo-dupe,,,,,ACTIVE_MASTER_V2,VERIFIED_OPERATIONAL_DB_2026-09-06
795,732-JIM,,,JIMMY CHOO,,https://leparfum.com.gr/en/fragrances-for-women/flash-jimmy-choo-clone,,,,,ACTIVE_MASTER_V2,VERIFIED_OPERATIONAL_DB_2026-09-06
796,733-JIM,,,ILLICIT - JIMMY CHOO Fragrance,,https://leparfum.com.gr/en/fragrances-for-women/illicit-jimmy-choo-fragrance-clone,,,,,ACTIVE_MASTER_V2,VERIFIED_OPERATIONAL_DB_2026-09-06
797,734-JIM,,,Eau de Parfum (Eau de Parfum),,https://leparfum.com.gr/en/fragrances-for-women/jimmy-choo-similar,,,,,ACTIVE_MASTER_V2,VERIFIED_OPERATIONAL_DB_2026-09-06
798,735-JIM,,,Stars,,https://leparfum.com.gr/en/fragrances-for-women/stars-jimmy-choo-dupe,,,,,ACTIVE_MASTER_V2,VERIFIED_OPERATIONAL_DB_2026-09-06
799,736-JUI,,,Couture Couture,,https://leparfum.com.gr/en/fragrances-for-women/couture-couture-juicy-couture-similar-type,,,,,ACTIVE_MASTER_V2,VERIFIED_OPERATIONAL_DB_2026-09-06
800,737-JUI,,,Malibu,,https://leparfum.com.gr/en/fragrances-for-women/juicy-couture-malibu-juicy-couture-arwma,,,,,ACTIVE_MASTER_V2,VERIFIED_OPERATIONAL_DB_2026-09-06
,738-JUI,,,VIVA LA JUICY,,,,,,,ACTIVE_MASTER_V2,VERIFIED_OPERATIONAL_DB_2026-09-06
802,739-JUI,,,Viva La Juicy Gold Couture,,https://leparfum.com.gr/en/fragrances-for-women/viva-la-juicy-gold-couture-juicy-couture-similar-type,,,,,ACTIVE_MASTER_V2,VERIFIED_OPERATIONAL_DB_2026-09-06
1910,740-JUI,,,VIVA LA JUICY LUXE PARFUM - JUICY COUTURE,,https://leparfum.com.gr/en/fragrances-for-women/viva-la-juicy-luxe-parfum-juicy-couture-type,,,,,ACTIVE_MASTER_V2,VERIFIED_OPERATIONAL_DB_2026-09-06
803,741-JUI,,,Viva La Juicy Rosé,,https://leparfum.com.gr/en/fragrances-for-women/viva-la-juicy-rose-couture-type,,,,,ACTIVE_MASTER_V2,VERIFIED_OPERATIONAL_DB_2026-09-06
804,742-JUI,,,VIVA LA JUICY SUCRE - COUTURE,,https://leparfum.com.gr/en/fragrances-for-women/viva-la-juicy-sucre-couture-type,,,,,ACTIVE_MASTER_V2,VERIFIED_OPERATIONAL_DB_2026-09-06
805,743-JUS,,,Girlfriend,,https://leparfum.com.gr/en/fragrances-for-women/girlfriend-justin-bieber-perfume,,,,,ACTIVE_MASTER_V2,VERIFIED_OPERATIONAL_DB_2026-09-06
806,744-JUS,,,The Key,,https://leparfum.com.gr/en/fragrances-for-women/the-key-justin-bieber-clone,,,,,ACTIVE_MASTER_V2,VERIFIED_OPERATIONAL_DB_2026-09-06
807,745-KAR,,,Karl Lagerfeld for Her Eau de Parfum,,https://leparfum.com.gr/en/fragrances-for-women/karl-lagerfeld-for-her-type,,,,,ACTIVE_MASTER_V2,VERIFIED_OPERATIONAL_DB_2026-09-06
808,746-KAR,,,Ocean View,,https://leparfum.com.gr/en/fragrances-for-women/ocean-view-karl-lagerfeld-type,,,,,ACTIVE_MASTER_V2,VERIFIED_OPERATIONAL_DB_2026-09-06
809,747-KEN,,,Kenzo Amour Le Parfum,,https://leparfum.com.gr/en/fragrances-for-women/747-ken-wp,,,,,ACTIVE_MASTER_V2,VERIFIED_OPERATIONAL_DB_2026-09-06
810,748-KEN,,,Couleur Kenzo Violet,,https://leparfum.com.gr/en/fragrances-for-women/748-ken-wp,,,,,ACTIVE_MASTER_V2,VERIFIED_OPERATIONAL_DB_2026-09-06
811,749-KEN,,,FLOWER - KENZO,,https://leparfum.com.gr/en/fragrances-for-women/749-ken-wp,,,,,ACTIVE_MASTER_V2,VERIFIED_OPERATIONAL_DB_2026-09-06
812,750-KEN,,,Flower By Kenzo L Elixir,,https://leparfum.com.gr/en/fragrances-for-women/750-ken-w-perfume,,,,,ACTIVE_MASTER_V2,VERIFIED_OPERATIONAL_DB_2026-09-06
,751-KEN,,,JEU D'AMOUR,,,,,,,ACTIVE_MASTER_V2,VERIFIED_OPERATIONAL_DB_2026-09-06
814,752-KEN,,,Kenzo Jungle Jungle L Elephant,,https://leparfum.com.gr/en/fragrances-for-women/752-ken-wp,,,,,ACTIVE_MASTER_V2,VERIFIED_OPERATIONAL_DB_2026-09-06
815,753-KEN,,,KENZO-ΚΕΝΖΟ,,https://leparfum.com.gr/en/fragrances-for-women/753-ken-w,,,,,ACTIVE_MASTER_V2,VERIFIED_OPERATIONAL_DB_2026-09-06
816,754-KEN,,,L Eau Par Kenzo,,https://leparfum.com.gr/en/fragrances-for-women/754-ken-wp,,,,,ACTIVE_MASTER_V2,VERIFIED_OPERATIONAL_DB_2026-09-06
817,755-KEN,,,SUMMER - KENZO,,https://leparfum.com.gr/en/fragrances-for-women/755-ken-wp,,,,,ACTIVE_MASTER_V2,VERIFIED_OPERATIONAL_DB_2026-09-06
,756-KEN,,,WORLD,,,,,,,ACTIVE_MASTER_V2,VERIFIED_OPERATIONAL_DB_2026-09-06
1782,757-KIL,,,Let-s-settle-this-argument-like-adults-in-the-bedroom-naked-1,,https://leparfum.com.gr/en/fragrances-for-women/757-kil-wp,,,,,ACTIVE_MASTER_V2,VERIFIED_OPERATIONAL_DB_2026-09-06
819,758-KIL,,,BACK TO BLACK - KILIAN,,https://leparfum.com.gr/en/fragrances-for-women/758-kil-wp,,,,,ACTIVE_MASTER_V2,VERIFIED_OPERATIONAL_DB_2026-09-06
1803,759-KIL,,,Born-to-be-unforgettable-bad-boys-are-no-good-but-good-boys-are-no-fun-1,,https://leparfum.com.gr/en/fragrances-for-women/759-kil-wp,,,,,ACTIVE_MASTER_V2,VERIFIED_OPERATIONAL_DB_2026-09-06
1792,760-KIL,,,BLACK PHANTOM - KILIAN,,https://leparfum.com.gr/en/fragrances-for-women/760-kil-wp,,,,,ACTIVE_MASTER_V2,VERIFIED_OPERATIONAL_DB_2026-09-06
820,761-KIL,,,Good Girl Gone Bad,,https://leparfum.com.gr/en/fragrances-for-women/761-kil-wp,,,,,ACTIVE_MASTER_V2,VERIFIED_OPERATIONAL_DB_2026-09-06
1889,762-KIL,,,Intoxicated,,https://leparfum.com.gr/en/fragrances-for-women/762-kil-wp,,,,,ACTIVE_MASTER_V2,VERIFIED_OPERATIONAL_DB_2026-09-06
1805,763-KIL,,,KISSING BURNS 6,,https://leparfum.com.gr/en/fragrances-for-women/763-kil-wp,,,,,ACTIVE_MASTER_V2,VERIFIED_OPERATIONAL_DB_2026-09-06
821,764-KIL,,,Liaisons Dangereuses,,https://leparfum.com.gr/en/fragrances-for-women/764-kil-wp,,,,,ACTIVE_MASTER_V2,VERIFIED_OPERATIONAL_DB_2026-09-06
1801,765-KIL,,,Love Don’t Be Shy,,https://leparfum.com.gr/en/fragrances-for-women/765-kil-wp,,,,,ACTIVE_MASTER_V2,VERIFIED_OPERATIONAL_DB_2026-09-06
822,766-KIL,,,Moonlight In Heaven,,https://leparfum.com.gr/en/fragrances-for-women/766-kil-wp,,,,,ACTIVE_MASTER_V2,VERIFIED_OPERATIONAL_DB_2026-09-06
1804,767-KIL,,,Voulez Vous Coucher Avec Moi,,https://leparfum.com.gr/en/fragrances-for-women/767-kil-wp,,,,,ACTIVE_MASTER_V2,VERIFIED_OPERATIONAL_DB_2026-09-06
823,768-KIL,,,Woman In Gold,,https://leparfum.com.gr/en/fragrances-for-women/768-kil-wp,,,,,ACTIVE_MASTER_V2,VERIFIED_OPERATIONAL_DB_2026-09-06
825,770-LAP,,,Midnight Rain,,https://leparfum.com.gr/en/fragrances-for-women/midnight-rain-la-prairie-type,,,,,ACTIVE_MASTER_V2,VERIFIED_OPERATIONAL_DB_2026-09-06
826,771-LAP,,,Silver Rain,,https://leparfum.com.gr/en/fragrances-for-women/silver-rain-la-prairie-type,,,,,ACTIVE_MASTER_V2,VERIFIED_OPERATIONAL_DB_2026-09-06
827,772-LAD,,,Fame,,https://leparfum.com.gr/en/fragrances-for-women/fame-lady-gaga-similar-parfum,,,,,ACTIVE_MASTER_V2,VERIFIED_OPERATIONAL_DB_2026-09-06
828,773-LAL,,,Amethyst,,https://leparfum.com.gr/en/fragrances-for-women/amethyst-lalique-parfum,,,,,ACTIVE_MASTER_V2,VERIFIED_OPERATIONAL_DB_2026-09-06
829,774-LAL,,,Living Lalique Eau de Parfum,,https://leparfum.com.gr/en/fragrances-for-women/living-lalique-type,,,,,ACTIVE_MASTER_V2,VERIFIED_OPERATIONAL_DB_2026-09-06
1911,775-LAL,,,Perles de Lalique,,https://leparfum.com.gr/en/fragrances-for-women/perles-de-lalique-lalique-type,,,,,ACTIVE_MASTER_V2,VERIFIED_OPERATIONAL_DB_2026-09-06
,776-LAL,,,SATINE,,,,,,,ACTIVE_MASTER_V2,VERIFIED_OPERATIONAL_DB_2026-09-06
831,777-LAL,,,Noir Premier  Sculpteur D Epices,,https://leparfum.com.gr/en/fragrances-for-women/sculpteur-epices-lalique-woman,,,,,ACTIVE_MASTER_V2,VERIFIED_OPERATIONAL_DB_2026-09-06
,778-LAN,,,CLIMAT,,,,,,,ACTIVE_MASTER_V2,VERIFIED_OPERATIONAL_DB_2026-09-06
833,779-LAN,,,Hypnôse Eau de Parfum,,https://leparfum.com.gr/en/fragrances-for-women/779-lan-w,,,,,ACTIVE_MASTER_V2,VERIFIED_OPERATIONAL_DB_2026-09-06
1794,780-LAN,,,Idole,,https://leparfum.com.gr/en/fragrances-for-women/780-lan-w,,,,,ACTIVE_MASTER_V2,VERIFIED_OPERATIONAL_DB_2026-09-06
1802,781-LAN,,,Jasmins Marzipane,,https://leparfum.com.gr/en/fragrances-for-women/781-lan-w,,,,,ACTIVE_MASTER_V2,VERIFIED_OPERATIONAL_DB_2026-09-06
834,782-LAN,,,LA VIE EST BELLE,,https://leparfum.com.gr/en/fragrances-for-women/782-lan-w,,,,,ACTIVE_MASTER_V2,VERIFIED_OPERATIONAL_DB_2026-09-06
835,783-LAN,,,La Vie Est Belle L Eau De Toilette Florale,,https://leparfum.com.gr/en/fragrances-for-women/783-lan-w,,,,,ACTIVE_MASTER_V2,VERIFIED_OPERATIONAL_DB_2026-09-06
836,784-LAN,,,LA VIE EST BELLE L'ECLAT,,https://leparfum.com.gr/en/fragrances-for-women/784-lan-w,,,,,ACTIVE_MASTER_V2,VERIFIED_OPERATIONAL_DB_2026-09-06
1768,785-LAN,,,La Vie Est Belle En Rose,,https://leparfum.com.gr/en/fragrances-for-women/785-lan-w,,,,,ACTIVE_MASTER_V2,VERIFIED_OPERATIONAL_DB_2026-09-06
2199,786-LAN,,,La-vie-est-belle-intensement,,https://leparfum.com.gr/en/fragrances-for-women/786-lan-w,,,,,ACTIVE_MASTER_V2,VERIFIED_OPERATIONAL_DB_2026-09-06
,787-LAN,,,MAGIE NOIRE,,,,,,,ACTIVE_MASTER_V2,VERIFIED_OPERATIONAL_DB_2026-09-06
838,788-LAN,,,Magnifique Eau de Parfum,,https://leparfum.com.gr/en/fragrances-for-women/788-lan-w,,,,,ACTIVE_MASTER_V2,VERIFIED_OPERATIONAL_DB_2026-09-06
2081,789-LAN,,,Magnolia Rosae,,https://leparfum.com.gr/en/fragrances-for-women/789-lan-w,,,,,ACTIVE_MASTER_V2,VERIFIED_OPERATIONAL_DB_2026-09-06
839,790-LAN,,,Miracle,,https://leparfum.com.gr/en/fragrances-for-women/790-lan-w,,,,,ACTIVE_MASTER_V2,VERIFIED_OPERATIONAL_DB_2026-09-06
840,791-LAN,,,Ô de l'Orangerie,,https://leparfum.com.gr/en/fragrances-for-women/791-lan-w,,,,,ACTIVE_MASTER_V2,VERIFIED_OPERATIONAL_DB_2026-09-06
1787,792-LAN,,,Oud Ambroisie,,https://leparfum.com.gr/en/fragrances-for-women/792-lan-w,,,,,ACTIVE_MASTER_V2,VERIFIED_OPERATIONAL_DB_2026-09-06
841,793-LAN,,,La Nuit Tresor,,https://leparfum.com.gr/en/fragrances-for-women/793-lan-w,,,,,ACTIVE_MASTER_V2,VERIFIED_OPERATIONAL_DB_2026-09-06
842,794-LAN,,,La Nuit Tresor  La Folie,,https://leparfum.com.gr/en/fragrances-for-women/794-lan-w,,,,,ACTIVE_MASTER_V2,VERIFIED_OPERATIONAL_DB_2026-09-06
1912,795-LAN,,,La Nuit Tresor Musc Diamant,,https://leparfum.com.gr/en/fragrances-for-women/795-lan-w,,,,,ACTIVE_MASTER_V2,VERIFIED_OPERATIONAL_DB_2026-09-06
843,796-LAN,,,POEME,,https://leparfum.com.gr/en/fragrances-for-women/796-lan-w,,,,,ACTIVE_MASTER_V2,VERIFIED_OPERATIONAL_DB_2026-09-06
844,797-LAN,,,Tresor,,https://leparfum.com.gr/en/fragrances-for-women/797-lan-w,,,,,ACTIVE_MASTER_V2,VERIFIED_OPERATIONAL_DB_2026-09-06
845,798-LAN,,,Tresor Midnight Rose,,https://leparfum.com.gr/en/fragrances-for-women/798-lan-w,,,,,ACTIVE_MASTER_V2,VERIFIED_OPERATIONAL_DB_2026-09-06
846,799-LANV,,,Eclat-d-arpege-eau-de-,,https://leparfum.com.gr/en/fragrances-for-women/799-lanv-wp,,,,,ACTIVE_MASTER_V2,VERIFIED_OPERATIONAL_DB_2026-09-06
847,800-LANV,,,Me,,https://leparfum.com.gr/en/fragrances-for-women/800-lanv-wp,,,,,ACTIVE_MASTER_V2,VERIFIED_OPERATIONAL_DB_2026-09-06
848,801-LANV,,,Marry Me,,https://leparfum.com.gr/en/fragrances-for-women/801-lanv-wp,,,,,ACTIVE_MASTER_V2,VERIFIED_OPERATIONAL_DB_2026-09-06
1913,802-LBI,,,VENEZIA - LAURA BIAGIOTTI,,https://leparfum.com.gr/en/fragrances-for-women/venezia-laura-biagiotti-aroma,,,,,ACTIVE_MASTER_V2,VERIFIED_OPERATIONAL_DB_2026-09-06
2210,803-LAU,,,Ambre Vanille Eau de Toilette,,https://leparfum.com.gr/en/fragrances-for-women/eau-gourmande-ambre-vanille-laura-mercier-perfume-type,,,,,ACTIVE_MASTER_V2,VERIFIED_OPERATIONAL_DB_2026-09-06
849,804-LOE,,,A Mi Aire,,https://leparfum.com.gr/en/fragrances-for-women/804-loe-wp,,,,,ACTIVE_MASTER_V2,VERIFIED_OPERATIONAL_DB_2026-09-06
850,805-LOL,,,L DE LOLITA LEMPICKA,,https://leparfum.com.gr/en/fragrances-for-women/l-lolita-lempicka-type,,,,,ACTIVE_MASTER_V2,VERIFIED_OPERATIONAL_DB_2026-09-06
851,806-LOL,,,L Eau Jolie,,https://leparfum.com.gr/en/fragrances-for-women/eau-jolie-lolita-lempicka-type,,,,,ACTIVE_MASTER_V2,VERIFIED_OPERATIONAL_DB_2026-09-06
852,807-LOL,,,LOLITA - LOLITA LEMPICKA,,https://leparfum.com.gr/en/fragrances-for-women/lolita-lolita-lempicka-perfume-type,,,,,ACTIVE_MASTER_V2,VERIFIED_OPERATIONAL_DB_2026-09-06
1915,808-LOL,,,Sweet,,https://leparfum.com.gr/en/fragrances-for-women/sweet-lolita-lempicka-type,,,,,ACTIVE_MASTER_V2,VERIFIED_OPERATIONAL_DB_2026-09-06
2691,809-LTN,,,Apogée,,https://leparfum.com.gr/en/niche-perfumes/809-ltn-n,,,,,ACTIVE_MASTER_V2,VERIFIED_OPERATIONAL_DB_2026-09-06
2692,810-LTN,,,Matière Noire,,https://leparfum.com.gr/en/niche-perfumes/810-ltn-n,,,,,ACTIVE_MASTER_V2,VERIFIED_OPERATIONAL_DB_2026-09-06
855,811-MAR,,,Daisy,,https://leparfum.com.gr/en/fragrances-for-women/811-mar-wp,,,,,ACTIVE_MASTER_V2,VERIFIED_OPERATIONAL_DB_2026-09-06
856,812-MAR,,,Daisy Dream,,https://leparfum.com.gr/en/fragrances-for-women/812-mar-wp,,,,,ACTIVE_MASTER_V2,VERIFIED_OPERATIONAL_DB_2026-09-06
858,813-MAR,,,Decadence,,https://leparfum.com.gr/en/fragrances-for-women/813-mar-wp,,,,,ACTIVE_MASTER_V2,VERIFIED_OPERATIONAL_DB_2026-09-06
859,814-MAR,,,Dot,,https://leparfum.com.gr/en/fragrances-for-women/814-mar-wp,,,,,ACTIVE_MASTER_V2,VERIFIED_OPERATIONAL_DB_2026-09-06
860,815-MAR,,,Honey,,https://leparfum.com.gr/en/fragrances-for-women/815-mar-wp,,,,,ACTIVE_MASTER_V2,VERIFIED_OPERATIONAL_DB_2026-09-06
861,816-MAX,,,MAX MARA,,https://leparfum.com.gr/en/fragrances-for-women/816-max,,,,,ACTIVE_MASTER_V2,VERIFIED_OPERATIONAL_DB_2026-09-06
862,817-MIC,,,Gold Collection  24k Brilliant Gold,,https://leparfum.com.gr/en/fragrances-for-women/817-mic-w,,,,,ACTIVE_MASTER_V2,VERIFIED_OPERATIONAL_DB_2026-09-06
863,818-MIC,,,Michael Kors Coral,,https://leparfum.com.gr/en/fragrances-for-women/818-mic-w,,,,,ACTIVE_MASTER_V2,VERIFIED_OPERATIONAL_DB_2026-09-06
864,819-MIC,,,SEXY AMBER - KORS,,https://leparfum.com.gr/en/fragrances-for-women/819-mic-w,,,,,ACTIVE_MASTER_V2,VERIFIED_OPERATIONAL_DB_2026-09-06
865,820-MIC,,,SEXY RIO DE JANEIRO KORS,,https://leparfum.com.gr/en/fragrances-for-women/820-mic-w,,,,,ACTIVE_MASTER_V2,VERIFIED_OPERATIONAL_DB_2026-09-06
866,821-MIC,,,SEXY SUNSET - KORS,,https://leparfum.com.gr/en/fragrances-for-women/821-mic-w,,,,,ACTIVE_MASTER_V2,VERIFIED_OPERATIONAL_DB_2026-09-06
867,822-MIC,,,Sexy-ruby-glam-ruby,,https://leparfum.com.gr/en/fragrances-for-women/822-mic-w,,,,,ACTIVE_MASTER_V2,VERIFIED_OPERATIONAL_DB_2026-09-06
868,823-MIC,,,Sporty Citrus,,https://leparfum.com.gr/en/fragrances-for-women/823-mic-w,,,,,ACTIVE_MASTER_V2,VERIFIED_OPERATIONAL_DB_2026-09-06
869,824-MIC,,,Gold Collection  White Luminous Gold,,https://leparfum.com.gr/en/fragrances-for-women/824-mic-w,,,,,ACTIVE_MASTER_V2,VERIFIED_OPERATIONAL_DB_2026-09-06
870,825-MIC,,,Wonderlust,,https://leparfum.com.gr/en/fragrances-for-women/825-mic-w,,,,,ACTIVE_MASTER_V2,VERIFIED_OPERATIONAL_DB_2026-09-06
2218,826-MIS,,,Babe Power,,https://leparfum.com.gr/en/fragrances-for-women/babe-power-missguided-perfume-type,,,,,ACTIVE_MASTER_V2,VERIFIED_OPERATIONAL_DB_2026-09-06
871,827-MISN,,,Missoni,,https://leparfum.com.gr/en/fragrances-for-women/missoni-fragrance-type,,,,,ACTIVE_MASTER_V2,VERIFIED_OPERATIONAL_DB_2026-09-06
,828-MIY,,,L' EAU BLEUE,,,,,,,ACTIVE_MASTER_V2,VERIFIED_OPERATIONAL_DB_2026-09-06
873,829-MNTB,,,FEMME - MONT BLANC,,https://leparfum.com.gr/en/fragrances-for-women/femme-mont-blanc-dupe,,,,,ACTIVE_MASTER_V2,VERIFIED_OPERATIONAL_DB_2026-09-06
874,830-MNTB,,,Legend Pour Femme,,https://leparfum.com.gr/en/fragrances-for-women/legend-pour-femme-mont-blanc-clone,,,,,ACTIVE_MASTER_V2,VERIFIED_OPERATIONAL_DB_2026-09-06
875,831-MOS,,,Cheap And Chic,,https://leparfum.com.gr/en/fragrances-for-women/cheap-chic-moschino-type,,,,,ACTIVE_MASTER_V2,VERIFIED_OPERATIONAL_DB_2026-09-06
876,832-MOS,,,Cheap And Chic I Love Love,,https://leparfum.com.gr/en/fragrances-for-women/cheap-chic-love-moschino-clone,,,,,ACTIVE_MASTER_V2,VERIFIED_OPERATIONAL_DB_2026-09-06
877,833-MOS,,,Cheap And Chic Light Clouds,,https://leparfum.com.gr/en/fragrances-for-women/cheap-chic-light-clouds-moschino-type,,,,,ACTIVE_MASTER_V2,VERIFIED_OPERATIONAL_DB_2026-09-06
1890,834-MOS,,,Cheap  Chic  So Real,,https://leparfum.com.gr/en/fragrances-for-women/834-mos-wp,,,,,ACTIVE_MASTER_V2,VERIFIED_OPERATIONAL_DB_2026-09-06
878,835-MOS,,,Moschino Funny,,https://leparfum.com.gr/en/fragrances-for-women/funny-moschino-clone,,,,,ACTIVE_MASTER_V2,VERIFIED_OPERATIONAL_DB_2026-09-06
879,836-MOS,,,L Eau Cheap And Chic,,https://leparfum.com.gr/en/fragrances-for-women/eau-cheap-chic-moschino-dupe,,,,,ACTIVE_MASTER_V2,VERIFIED_OPERATIONAL_DB_2026-09-06
880,837-MOS,,,Pink Bouquet,,https://leparfum.com.gr/en/fragrances-for-women/pink-bouquet-moschino-perfume-sweet,,,,,ACTIVE_MASTER_V2,VERIFIED_OPERATIONAL_DB_2026-09-06
881,838-MOS,,,Cheap And Chic Stars,,https://leparfum.com.gr/en/fragrances-for-women/stars-moschino-type,,,,,ACTIVE_MASTER_V2,VERIFIED_OPERATIONAL_DB_2026-09-06
883,840-NAO,,,Naomi Campbell,,https://leparfum.com.gr/en/fragrances-for-women/naomi-campbell-perfume-clone,,,,,ACTIVE_MASTER_V2,VERIFIED_OPERATIONAL_DB_2026-09-06
885,841-NRO,,,FLEUR MUSK FOR HER - RODRIGUEZ,,https://leparfum.com.gr/en/fragrances-for-women/fleur-musk-for-her-rodriguez-type,,,,,ACTIVE_MASTER_V2,VERIFIED_OPERATIONAL_DB_2026-09-06
884,842-NRO,,,FOR HER BLACK EDP - NARCISO RODRIGUEZ,,https://leparfum.com.gr/en/fragrances-for-women/for-her-black-edp-narciso-rodriguez-type,,,,,ACTIVE_MASTER_V2,VERIFIED_OPERATIONAL_DB_2026-09-06
887,843-NRO,,,FOR HER PINK EAU DE TOILETTE - RODRIGUEZ,,https://leparfum.com.gr/en/fragrances-for-women/for-her-eau-de-toilet-rodriguez-type,,,,,ACTIVE_MASTER_V2,VERIFIED_OPERATIONAL_DB_2026-09-06
886,844-NRO,,,For Her L Absolu,,https://leparfum.com.gr/en/fragrances-for-women/l-absolu-for-her-narciso-rodriguez-type,,,,,ACTIVE_MASTER_V2,VERIFIED_OPERATIONAL_DB_2026-09-06
888,845-NRO,,,NARCISO (WHITE) - NARCISO RODRIGUEZ,,https://leparfum.com.gr/en/fragrances-for-women/narciso-white-narciso-rodriguez-poudra,,,,,ACTIVE_MASTER_V2,VERIFIED_OPERATIONAL_DB_2026-09-06
889,846-NRO,,,NARCISO ROUGE - RODRIGUEZ,,https://leparfum.com.gr/en/fragrances-for-women/narciso-rouge-rodriguez-clone,,,,,ACTIVE_MASTER_V2,VERIFIED_OPERATIONAL_DB_2026-09-06
890,847-NRO,,,Narciso Eau De Parfum Poudree,,https://leparfum.com.gr/en/fragrances-for-women/poudree-narciso-narciso-rodriguez-poudre-aroma,,,,,ACTIVE_MASTER_V2,VERIFIED_OPERATIONAL_DB_2026-09-06
1775,848-NRO,,,PURE MUSK FOR HER - NARCISO RODRIGUEZ,,https://leparfum.com.gr/en/fragrances-for-women/pure-musk-for-her-narciso-rodriguez-type,,,,,ACTIVE_MASTER_V2,VERIFIED_OPERATIONAL_DB_2026-09-06
891,849-NRO,,,Rose Musc,,https://leparfum.com.gr/en/fragrances-for-women/rose-musc-rodriguez-clone,,,,,ACTIVE_MASTER_V2,VERIFIED_OPERATIONAL_DB_2026-09-06
,850-NIN,,,L'AIR DU TEMPS,,,,,,,ACTIVE_MASTER_V2,VERIFIED_OPERATIONAL_DB_2026-09-06
893,851-NIN,,,L Extase,,https://leparfum.com.gr/en/fragrances-for-women/851-nin-wp,,,,,ACTIVE_MASTER_V2,VERIFIED_OPERATIONAL_DB_2026-09-06
894,852-NIN,,,Luna,,https://leparfum.com.gr/en/fragrances-for-women/852-nin-wp,,,,,ACTIVE_MASTER_V2,VERIFIED_OPERATIONAL_DB_2026-09-06
895,853-NIN,,,NINA,,https://leparfum.com.gr/en/fragrances-for-women/853-nin-wp,,,,,ACTIVE_MASTER_V2,VERIFIED_OPERATIONAL_DB_2026-09-06
1819,854-NIN,,,the fragrance otes of NINA ROUGE,,https://leparfum.com.gr/en/fragrances-for-women/854-nin-wp,,,,,ACTIVE_MASTER_V2,VERIFIED_OPERATIONAL_DB_2026-09-06
896,855-NIN,,,Premier Jour,,https://leparfum.com.gr/en/fragrances-for-women/855-nin-wp,,,,,ACTIVE_MASTER_V2,VERIFIED_OPERATIONAL_DB_2026-09-06
897,856-NIN,,,Ricci Ricci,,https://leparfum.com.gr/en/fragrances-for-women/856-nin-wp,,,,,ACTIVE_MASTER_V2,VERIFIED_OPERATIONAL_DB_2026-09-06
898,857-ONE,,,You  I,,https://leparfum.com.gr/en/fragrances-for-women/you-i-one-direction-perfume,,,,,ACTIVE_MASTER_V2,VERIFIED_OPERATIONAL_DB_2026-09-06
,858-PAC,,,BLACK XS FOR HER,,,,,,,ACTIVE_MASTER_V2,VERIFIED_OPERATIONAL_DB_2026-09-06
900,859-PAC,,,Black Xs L Aphrodisiaque For Women,,https://leparfum.com.gr/en/fragrances-for-women/859-pac-wp,,,,,ACTIVE_MASTER_V2,VERIFIED_OPERATIONAL_DB_2026-09-06
,860-PAC,,,LADY MILLION,,,,,,,ACTIVE_MASTER_V2,VERIFIED_OPERATIONAL_DB_2026-09-06
2082,861-PAC,,,Lady Million Empire,,https://leparfum.com.gr/en/fragrances-for-women/861-pac-wp,,,,,ACTIVE_MASTER_V2,VERIFIED_OPERATIONAL_DB_2026-09-06
902,862-PAC,,,Lady Million Prive,,https://leparfum.com.gr/en/fragrances-for-women/862-pac-wp,,,,,ACTIVE_MASTER_V2,VERIFIED_OPERATIONAL_DB_2026-09-06
,863-PAC,,,OLYMPEA,,,,,,,ACTIVE_MASTER_V2,VERIFIED_OPERATIONAL_DB_2026-09-06
904,864-PAC,,,Olympea Intense,,https://leparfum.com.gr/en/fragrances-for-women/864-pac-wp,,,,,ACTIVE_MASTER_V2,VERIFIED_OPERATIONAL_DB_2026-09-06
905,865-PAC,,,Pure Xs For Her,,https://leparfum.com.gr/en/fragrances-for-women/865-pac-wp,,,,,ACTIVE_MASTER_V2,VERIFIED_OPERATIONAL_DB_2026-09-06
906,866-PAC,,,ULTRA VIOLET for women,,https://leparfum.com.gr/en/fragrances-for-women/866-pac-wp,,,,,ACTIVE_MASTER_V2,VERIFIED_OPERATIONAL_DB_2026-09-06
,867-PAL,,,PALOMA PICASSO,,,,,,,ACTIVE_MASTER_V2,VERIFIED_OPERATIONAL_DB_2026-09-06
908,868-PARH,,,Heiress Limited Edition Eau de Parfum (2015),,https://leparfum.com.gr/en/fragrances-for-women/heirless-paris-hilton-clone,,,,,ACTIVE_MASTER_V2,VERIFIED_OPERATIONAL_DB_2026-09-06
909,869-PIER,,,EXTATIC - PIERRE BALMAIN,,https://leparfum.com.gr/en/fragrances-for-women/extatic-pierre-balmain-type,,,,,ACTIVE_MASTER_V2,VERIFIED_OPERATIONAL_DB_2026-09-06
910,870-PIER,,,EXTATIC INTENSE GOLD - PIERRE BALMAIN,,https://leparfum.com.gr/en/fragrances-for-women/extatic-intense-gold-pierre-balmain-type,,,,,ACTIVE_MASTER_V2,VERIFIED_OPERATIONAL_DB_2026-09-06
911,871-PIER,,,IVOIRE - PIERRE BALMAIN,,https://leparfum.com.gr/en/fragrances-for-women/ivoire-pierre-balmain-type-arvmata,,,,,ACTIVE_MASTER_V2,VERIFIED_OPERATIONAL_DB_2026-09-06
912,872-PRA,,,Candy,,https://leparfum.com.gr/en/fragrances-for-women/872-pra-wp,,,,,ACTIVE_MASTER_V2,VERIFIED_OPERATIONAL_DB_2026-09-06
913,873-PRA,,,Candy Florale,,https://leparfum.com.gr/en/fragrances-for-women/873-pra-wp,,,,,ACTIVE_MASTER_V2,VERIFIED_OPERATIONAL_DB_2026-09-06
914,874-PRA,,,Candy Gloss,,https://leparfum.com.gr/en/fragrances-for-women/874-pra-wp,,,,,ACTIVE_MASTER_V2,VERIFIED_OPERATIONAL_DB_2026-09-06
915,875-PRA,,,Candy Kiss,,https://leparfum.com.gr/en/fragrances-for-women/875-pra-wp,,,,,ACTIVE_MASTER_V2,VERIFIED_OPERATIONAL_DB_2026-09-06
,876-PRA,,,INFUSION D'AMANDE,,,,,,,ACTIVE_MASTER_V2,VERIFIED_OPERATIONAL_DB_2026-09-06
,877-PRA,,,INFUSION DE FLEUR D'ORANGER,,,,,,,ACTIVE_MASTER_V2,VERIFIED_OPERATIONAL_DB_2026-09-06
916,878-PRA,,,Infusion De Mimosa,,https://leparfum.com.gr/en/fragrances-for-women/878-pra-wp,,,,,ACTIVE_MASTER_V2,VERIFIED_OPERATIONAL_DB_2026-09-06
,879-PRA,,,INFUSION D'IRIS,,,,,,,ACTIVE_MASTER_V2,VERIFIED_OPERATIONAL_DB_2026-09-06
919,881-PRA,,,L Eau Ambree,,https://leparfum.com.gr/en/fragrances-for-women/881-pra-wp,,,,,ACTIVE_MASTER_V2,VERIFIED_OPERATIONAL_DB_2026-09-06
920,882-PRA,,,PRADA AMBER MAN,,https://leparfum.com.gr/en/fragrances-for-women/882-pra-wp,,,,,ACTIVE_MASTER_V2,VERIFIED_OPERATIONAL_DB_2026-09-06
921,883-PRA,,,La Femme,,https://leparfum.com.gr/en/fragrances-for-women/883-pra-wp,,,,,ACTIVE_MASTER_V2,VERIFIED_OPERATIONAL_DB_2026-09-06
1917,884-RAL,,,BIG PONY 2,,https://leparfum.com.gr/en/fragrances-for-women/884-ral-w,,,,,ACTIVE_MASTER_V2,VERIFIED_OPERATIONAL_DB_2026-09-06
923,885-REP,,,Repetto L’Eau Florale Eau de Toilette,,https://leparfum.com.gr/en/fragrances-for-women/repetto-eau-florale-fragrance,,,,,ACTIVE_MASTER_V2,VERIFIED_OPERATIONAL_DB_2026-09-06
924,886-RIH,,,Riri,,https://leparfum.com.gr/en/fragrances-for-women/886-rih-wp,,,,,ACTIVE_MASTER_V2,VERIFIED_OPERATIONAL_DB_2026-09-06
3660,887-RCAV,,,Roberto Cavalli Acqua,,https://leparfum.com.gr/en/fragrances-for-women/887-rcav-wp,,,,,ACTIVE_MASTER_V2,VERIFIED_OPERATIONAL_DB_2026-09-06
926,888-RCAV,,,DIVINE OUD (U) - ROBERTO CAVALLI,,https://leparfum.com.gr/en/fragrances-for-women/888-rcav-wp,,,,,ACTIVE_MASTER_V2,VERIFIED_OPERATIONAL_DB_2026-09-06
927,889-RCAV,,,Roberto Cavalli Essenza,,https://leparfum.com.gr/en/fragrances-for-women/889-rcav-wp,,,,,ACTIVE_MASTER_V2,VERIFIED_OPERATIONAL_DB_2026-09-06
928,890-RCAV,,,Roberto Cavalli Exotica,,https://leparfum.com.gr/en/fragrances-for-women/890-rcav-wp,,,,,ACTIVE_MASTER_V2,VERIFIED_OPERATIONAL_DB_2026-09-06
929,891-RCAV,,,Just Cavalli Gold For Her,,https://leparfum.com.gr/en/fragrances-for-women/891-rcav-wp,,,,,ACTIVE_MASTER_V2,VERIFIED_OPERATIONAL_DB_2026-09-06
930,892-RCAV,,,JUST HER - ROBERTO CAVALLI,,https://leparfum.com.gr/en/fragrances-for-women/892-rcav-wp,,,,,ACTIVE_MASTER_V2,VERIFIED_OPERATIONAL_DB_2026-09-06
931,893-RCAV,,,NERO ASSOLUTO - CAVALLI,,https://leparfum.com.gr/en/fragrances-for-women/893-rcav-wp,,,,,ACTIVE_MASTER_V2,VERIFIED_OPERATIONAL_DB_2026-09-06
932,894-RCAV,,,Paradiso,,https://leparfum.com.gr/en/fragrances-for-women/894-rcav-wp,,,,,ACTIVE_MASTER_V2,VERIFIED_OPERATIONAL_DB_2026-09-06
933,895-RCAV,,,SERPENTINE - CAVALLI,,https://leparfum.com.gr/en/fragrances-for-women/895-rcav-wp,,,,,ACTIVE_MASTER_V2,VERIFIED_OPERATIONAL_DB_2026-09-06
2213,896-RCAV,,,Splendid-vanilla,,https://leparfum.com.gr/en/fragrances-for-women/896-rcav-wp,,,,,ACTIVE_MASTER_V2,VERIFIED_OPERATIONAL_DB_2026-09-06
934,897-RCAV,,,Tiger Oud,,https://leparfum.com.gr/en/fragrances-for-women/897-rcav-wp,,,,,ACTIVE_MASTER_V2,VERIFIED_OPERATIONAL_DB_2026-09-06
935,898-ROC,,,AQUA WOMAN - ROCHAS,,https://leparfum.com.gr/en/fragrances-for-women/898-roc-w,,,,,ACTIVE_MASTER_V2,VERIFIED_OPERATIONAL_DB_2026-09-06
936,899-ROC,,,MADEMOISSELE - ROCHAS,,https://leparfum.com.gr/en/fragrances-for-women/899-roc-w,,,,,ACTIVE_MASTER_V2,VERIFIED_OPERATIONAL_DB_2026-09-06
,900-ROG,,,FLEUR DE FIGUIER,,,,,,,ACTIVE_MASTER_V2,VERIFIED_OPERATIONAL_DB_2026-09-06
,901-ROG,,,ROSE,,,,,,,ACTIVE_MASTER_V2,VERIFIED_OPERATIONAL_DB_2026-09-06
940,902-SALV,,,Dalissime,,https://leparfum.com.gr/en/fragrances-for-women/dalissime-salvador-dali-clone,,,,,ACTIVE_MASTER_V2,VERIFIED_OPERATIONAL_DB_2026-09-06
1919,903-SALV,,,the fragrance notes LAGUNA - SALVADOR DALI,,https://leparfum.com.gr/en/fragrances-for-women/903-salv-w,,,,,ACTIVE_MASTER_V2,VERIFIED_OPERATIONAL_DB_2026-09-06
939,904-SALV,,,SALVADOR DALI fragrances,,https://leparfum.com.gr/en/fragrances-for-women/dali-parfum-salvador-dali-similar-fragrance,,,,,ACTIVE_MASTER_V2,VERIFIED_OPERATIONAL_DB_2026-09-06
941,905-SFER,,,AMO - S.FERRAGAMO,,https://leparfum.com.gr/en/fragrances-for-women/amo-ferragamo-perfume,,,,,ACTIVE_MASTER_V2,VERIFIED_OPERATIONAL_DB_2026-09-06
942,906-SFER,,,EMOZIONE - S.FERRAGAMO,,https://leparfum.com.gr/en/fragrances-for-women/emozione-sferragamo-dupe,,,,,ACTIVE_MASTER_V2,VERIFIED_OPERATIONAL_DB_2026-09-06
943,907-SFER,,,SIGNORINA - FERRAGAMO,,https://leparfum.com.gr/en/fragrances-for-women/signorina-ferragamo-dupe-fragrance,,,,,ACTIVE_MASTER_V2,VERIFIED_OPERATIONAL_DB_2026-09-06
944,908-SFER,,,SIGNORINA MISTERIOSA - FERRAGAMO,,https://leparfum.com.gr/en/fragrances-for-women/signorina-misteriosa-ferragamo-clone,,,,,ACTIVE_MASTER_V2,VERIFIED_OPERATIONAL_DB_2026-09-06
945,909-SFER,,,TUSCAN SCENT WHITE MIMOSA - FERRAGAMO,,https://leparfum.com.gr/en/fragrances-for-women/tuscan-scent-white-mimosa-ferragamo-dupe,,,,,ACTIVE_MASTER_V2,VERIFIED_OPERATIONAL_DB_2026-09-06
,910-SARJ,,,LOVELY,,,,,,,ACTIVE_MASTER_V2,VERIFIED_OPERATIONAL_DB_2026-09-06
947,911-SEPH,,,Fleur de Coton / Cotton Flower,,https://leparfum.com.gr/en/fragrances-for-women/fleur-de-coton-sephora-perfumes,,,,,ACTIVE_MASTER_V2,VERIFIED_OPERATIONAL_DB_2026-09-06
,912-SHIS,,,ZEN,,,,,,,ACTIVE_MASTER_V2,VERIFIED_OPERATIONAL_DB_2026-09-06
949,913-SIS,,,Eau du Soir,,https://leparfum.com.gr/en/fragrances-for-women/eau-du-soir-sisley-type,,,,,ACTIVE_MASTER_V2,VERIFIED_OPERATIONAL_DB_2026-09-06
950,914-SIS,,,Eau Tropicale,,https://leparfum.com.gr/en/fragrances-for-women/eau-tropicale-sisley-type-perfume,,,,,ACTIVE_MASTER_V2,VERIFIED_OPERATIONAL_DB_2026-09-06
951,915-SIS,,,Izia,,https://leparfum.com.gr/en/fragrances-for-women/izia-sisley-type,,,,,ACTIVE_MASTER_V2,VERIFIED_OPERATIONAL_DB_2026-09-06
952,916-SOF,,,Love,,https://leparfum.com.gr/en/fragrances-for-women/love-sofia-vergara-type,,,,,ACTIVE_MASTER_V2,VERIFIED_OPERATIONAL_DB_2026-09-06
953,917-SWA,,,Aura,,https://leparfum.com.gr/en/fragrances-for-women/aura-intense-swarovski-type,,,,,ACTIVE_MASTER_V2,VERIFIED_OPERATIONAL_DB_2026-09-06
954,918-TMU,,,Alien,,https://leparfum.com.gr/en/fragrances-for-women/918-tmu-w,,,,,ACTIVE_MASTER_V2,VERIFIED_OPERATIONAL_DB_2026-09-06
2212,919-TMU,,,Alien Essence Absolue,,https://leparfum.com.gr/en/fragrances-for-women/919-tmu-w,,,,,ACTIVE_MASTER_V2,VERIFIED_OPERATIONAL_DB_2026-09-06
955,920-TMU,,,Angel,,https://leparfum.com.gr/en/fragrances-for-women/920-tmu-w,,,,,ACTIVE_MASTER_V2,VERIFIED_OPERATIONAL_DB_2026-09-06
,921-TMU,,,ANGEL MUSE,,,,,,,ACTIVE_MASTER_V2,VERIFIED_OPERATIONAL_DB_2026-09-06
2150,922-TMU,,,Angel Nova Eau de Parfum,,https://leparfum.com.gr/en/fragrances-for-women/922-tmu-w,,,,,ACTIVE_MASTER_V2,VERIFIED_OPERATIONAL_DB_2026-09-06
957,923-TMU,,,notes AURA,,https://leparfum.com.gr/en/fragrances-for-women/923-tmu-w,,,,,ACTIVE_MASTER_V2,VERIFIED_OPERATIONAL_DB_2026-09-06
3341,924-TMU,,,Innocent,,https://leparfum.com.gr/en/fragrances-for-women/924-tmu-w,,,,,ACTIVE_MASTER_V2,VERIFIED_OPERATIONAL_DB_2026-09-06
959,925-TMU,,,Womanity,,https://leparfum.com.gr/en/fragrances-for-women/925-tmu-w,,,,,ACTIVE_MASTER_V2,VERIFIED_OPERATIONAL_DB_2026-09-06
,926-TOM,,,Tommy Girl,,,,,,,ACTIVE_MASTER_V2,VERIFIED_OPERATIONAL_DB_2026-09-06
961,927-TOUZ,,,Rosa,,https://leparfum.com.gr/en/fragrances-for-women/rosa-tous-type,,,,,ACTIVE_MASTER_V2,VERIFIED_OPERATIONAL_DB_2026-09-06
962,928-TRU,,,Delicate Rose,,https://leparfum.com.gr/en/fragrances-for-women/928-tru-wp,,,,,ACTIVE_MASTER_V2,VERIFIED_OPERATIONAL_DB_2026-09-06
963,929-TRU,,,Donna,,https://leparfum.com.gr/en/fragrances-for-women/929-tru-wp,,,,,ACTIVE_MASTER_V2,VERIFIED_OPERATIONAL_DB_2026-09-06
964,930-TRU,,,Essenza-del-tempo,,https://leparfum.com.gr/en/fragrances-for-women/930-tru-wp,,,,,ACTIVE_MASTER_V2,VERIFIED_OPERATIONAL_DB_2026-09-06
965,931-TRU,,,INSIDE,,https://leparfum.com.gr/en/fragrances-for-women/931-tru-wp,,,,,ACTIVE_MASTER_V2,VERIFIED_OPERATIONAL_DB_2026-09-06
2083,932-TRU,,,Inside Delight,,https://leparfum.com.gr/en/fragrances-for-women/932-tru-wp,,,,,ACTIVE_MASTER_V2,VERIFIED_OPERATIONAL_DB_2026-09-06
966,933-TRU,,,My Name,,https://leparfum.com.gr/en/fragrances-for-women/933-tru-wp,,,,,ACTIVE_MASTER_V2,VERIFIED_OPERATIONAL_DB_2026-09-06
967,934-TRU,,,My Scent,,https://leparfum.com.gr/en/fragrances-for-women/934-tru-wp,,,,,ACTIVE_MASTER_V2,VERIFIED_OPERATIONAL_DB_2026-09-06
968,935-TRU,,,Skin,,https://leparfum.com.gr/en/fragrances-for-women/935-tru-wp,,,,,ACTIVE_MASTER_V2,VERIFIED_OPERATIONAL_DB_2026-09-06
1765,936-VAL,,,DONNA - VALENTINO,,https://leparfum.com.gr/en/fragrances-for-women/936-val-wp,,,,,ACTIVE_MASTER_V2,VERIFIED_OPERATIONAL_DB_2026-09-06
2198,937-VAL,,,Valentino Donna Born In Roma,,https://leparfum.com.gr/en/fragrances-for-women/937-val-wp,,,,,ACTIVE_MASTER_V2,VERIFIED_OPERATIONAL_DB_2026-09-06
969,938-VAL,,,Valentina,,https://leparfum.com.gr/en/fragrances-for-women/938-val-wp,,,,,ACTIVE_MASTER_V2,VERIFIED_OPERATIONAL_DB_2026-09-06
970,939-VAL,,,Valentina Pink,,https://leparfum.com.gr/en/fragrances-for-women/939-val-wp,,,,,ACTIVE_MASTER_V2,VERIFIED_OPERATIONAL_DB_2026-09-06
972,941-VAN,,,FEERIE SPING BLOSSOM - VAN CLEEF & ARPELS,,https://leparfum.com.gr/en/fragrances-for-women/feerie-sping-blossom-van-cleef-arpels-type,,,,,ACTIVE_MASTER_V2,VERIFIED_OPERATIONAL_DB_2026-09-06
973,942-VERW,,,Princess,,https://leparfum.com.gr/en/fragrances-for-women/942-verw-wp,,,,,ACTIVE_MASTER_V2,VERIFIED_OPERATIONAL_DB_2026-09-06
,943-VER,,,BRIGHT CRYSTAL,,,,,,,ACTIVE_MASTER_V2,VERIFIED_OPERATIONAL_DB_2026-09-06
,944-VER,,,CRYSTAL NOIR,,,,,,,ACTIVE_MASTER_V2,VERIFIED_OPERATIONAL_DB_2026-09-06
,945-VER,,,EROS POUR FEMME,,,,,,,ACTIVE_MASTER_V2,VERIFIED_OPERATIONAL_DB_2026-09-06
977,946-VER,,,ORIENTAL OUD,,https://leparfum.com.gr/en/fragrances-for-women/946-ver-w,,,,,ACTIVE_MASTER_V2,VERIFIED_OPERATIONAL_DB_2026-09-06
978,947-VIC,,,BON BON,,https://leparfum.com.gr/en/fragrances-for-women/947-vic-w,,,,,ACTIVE_MASTER_V2,VERIFIED_OPERATIONAL_DB_2026-09-06
979,948-VIC,,,Flowerbomb,,https://leparfum.com.gr/en/fragrances-for-women/948-vic-w,,,,,ACTIVE_MASTER_V2,VERIFIED_OPERATIONAL_DB_2026-09-06
980,949-VIC,,,FLOWER BOMB BLOOM,,https://leparfum.com.gr/en/fragrances-for-women/949-vic-w,,,,,ACTIVE_MASTER_V2,VERIFIED_OPERATIONAL_DB_2026-09-06
981,950-VICT,,,Amber Romance,,https://leparfum.com.gr/en/fragrances-for-women/950-vict-wp,,,,,ACTIVE_MASTER_V2,VERIFIED_OPERATIONAL_DB_2026-09-06
1927,952-VICT,,,Bombshell,,https://leparfum.com.gr/en/fragrances-for-women/952-vict-wp,,,,,ACTIVE_MASTER_V2,VERIFIED_OPERATIONAL_DB_2026-09-06
983,953-VICT,,,Bombshell Forever,,https://leparfum.com.gr/en/fragrances-for-women/953-vict-wp,,,,,ACTIVE_MASTER_V2,VERIFIED_OPERATIONAL_DB_2026-09-06
984,954-VICT,,,Bombshell Pink Diamonds,,https://leparfum.com.gr/en/fragrances-for-women/954-vict-wp,,,,,ACTIVE_MASTER_V2,VERIFIED_OPERATIONAL_DB_2026-09-06
985,955-VICT,,,Coconut Passion,,https://leparfum.com.gr/en/fragrances-for-women/955-vict-wp,,,,,ACTIVE_MASTER_V2,VERIFIED_OPERATIONAL_DB_2026-09-06
986,956-VICT,,,Crush,,https://leparfum.com.gr/en/fragrances-for-women/956-vict-wp,,,,,ACTIVE_MASTER_V2,VERIFIED_OPERATIONAL_DB_2026-09-06
987,957-VICT,,,Dream Angels Glow,,https://leparfum.com.gr/en/fragrances-for-women/957-vict-wp,,,,,ACTIVE_MASTER_V2,VERIFIED_OPERATIONAL_DB_2026-09-06
988,958-VICT,,,Fabulous-eau-de-,,https://leparfum.com.gr/en/fragrances-for-women/958-vict-wp,,,,,ACTIVE_MASTER_V2,VERIFIED_OPERATIONAL_DB_2026-09-06
989,959-VICT,,,Forbidden,,https://leparfum.com.gr/en/fragrances-for-women/959-vict-wp,,,,,ACTIVE_MASTER_V2,VERIFIED_OPERATIONAL_DB_2026-09-06
990,960-VICT,,,LOVE ME - VICTORIA'S SECRET,,https://leparfum.com.gr/en/fragrances-for-women/960-vict-wp,,,,,ACTIVE_MASTER_V2,VERIFIED_OPERATIONAL_DB_2026-09-06
991,961-VICT,,,LOVE SPELL - VICTORIA'S SECRΕΤ,,https://leparfum.com.gr/en/fragrances-for-women/961-vict-wp,,,,,ACTIVE_MASTER_V2,VERIFIED_OPERATIONAL_DB_2026-09-06
992,962-VICT,,,No1 FEATHERED MUSK - VICTORIA'S SECRET,,https://leparfum.com.gr/en/fragrances-for-women/962-vict-wp,,,,,ACTIVE_MASTER_V2,VERIFIED_OPERATIONAL_DB_2026-09-06
993,963-VICT,,,Pure Seduction,,https://leparfum.com.gr/en/fragrances-for-women/963-vict-wp,,,,,ACTIVE_MASTER_V2,VERIFIED_OPERATIONAL_DB_2026-09-06
994,964-VICT,,,Scandalous,,https://leparfum.com.gr/en/fragrances-for-women/964-vict-wp,,,,,ACTIVE_MASTER_V2,VERIFIED_OPERATIONAL_DB_2026-09-06
995,965-VICT,,,SEXY LITTLE THINGS-NOIR TEASE TEMPTATION - VICTORIA'S SECRET,,https://leparfum.com.gr/en/fragrances-for-women/965-vict-wp,,,,,ACTIVE_MASTER_V2,VERIFIED_OPERATIONAL_DB_2026-09-06
2148,966-VICT,,,TEASE - VICTORIA'S SECRET,,https://leparfum.com.gr/en/fragrances-for-women/966-vict-wp,,,,,ACTIVE_MASTER_V2,VERIFIED_OPERATIONAL_DB_2026-09-06
1930,967-VICT,,,Velvet Petals,,https://leparfum.com.gr/en/fragrances-for-women/967-vict-wp,,,,,ACTIVE_MASTER_V2,VERIFIED_OPERATIONAL_DB_2026-09-06
996,968-VICT,,,VERY SEXY NOW - VICTORIAS SECRET,,https://leparfum.com.gr/en/fragrances-for-women/968-vict-wp,,,,,ACTIVE_MASTER_V2,VERIFIED_OPERATIONAL_DB_2026-09-06
1928,969-VICT,,,Very Sexy Now Beach,,https://leparfum.com.gr/en/fragrances-for-women/969-vict-wp,,,,,ACTIVE_MASTER_V2,VERIFIED_OPERATIONAL_DB_2026-09-06
1929,970-VICT,,,Very Sexy Now Wild Palm,,https://leparfum.com.gr/en/fragrances-for-women/970-vict-wp,,,,,ACTIVE_MASTER_V2,VERIFIED_OPERATIONAL_DB_2026-09-06
997,971-VICT,,,Very Sexy Touch,,https://leparfum.com.gr/en/fragrances-for-women/971-vict-wp,,,,,ACTIVE_MASTER_V2,VERIFIED_OPERATIONAL_DB_2026-09-06
2098,972-VICT,,,Warm Coconut Sugar,,https://leparfum.com.gr/en/fragrances-for-women/972-vict-wp,,,,,ACTIVE_MASTER_V2,VERIFIED_OPERATIONAL_DB_2026-09-06
998,973-VICT,,,Wicked,,https://leparfum.com.gr/en/fragrances-for-women/973-vict-wp,,,,,ACTIVE_MASTER_V2,VERIFIED_OPERATIONAL_DB_2026-09-06
2103,975-YZLO,,,Atlas-garden,,https://leparfum.com.gr/en/fragrances-for-women/975-yzlo-w,,,,,ACTIVE_MASTER_V2,VERIFIED_OPERATIONAL_DB_2026-09-06
1000,976-YZLO,,,Belle D Opium,,https://leparfum.com.gr/en/fragrances-for-women/976-yzlo-w,,,,,ACTIVE_MASTER_V2,VERIFIED_OPERATIONAL_DB_2026-09-06
,977-YZLO,,,BLACK OPIUM,,,,,,,ACTIVE_MASTER_V2,VERIFIED_OPERATIONAL_DB_2026-09-06
1002,978-YZLO,,,the notes of the fragrance BLACK OPIUM NUIT BLANCHE,,https://leparfum.com.gr/en/fragrances-for-women/978-yzlo-wp,,,,,ACTIVE_MASTER_V2,VERIFIED_OPERATIONAL_DB_2026-09-06
,979-YZLO,,,CINEMA,,,,,,,ACTIVE_MASTER_V2,VERIFIED_OPERATIONAL_DB_2026-09-06
1004,980-YZLO,,,Elle,,https://leparfum.com.gr/en/fragrances-for-women/980-yzlo-w,,,,,ACTIVE_MASTER_V2,VERIFIED_OPERATIONAL_DB_2026-09-06
1793,981-YZLO,,,Libre-eau-de-,,https://leparfum.com.gr/en/fragrances-for-women/981-yzlo-w,,,,,ACTIVE_MASTER_V2,VERIFIED_OPERATIONAL_DB_2026-09-06
1006,983-YZLO,,,Manifesto,,https://leparfum.com.gr/en/fragrances-for-women/983-yzlo-w,,,,,ACTIVE_MASTER_V2,VERIFIED_OPERATIONAL_DB_2026-09-06
1007,984-YZLO,,,Manifesto L Elixir,,https://leparfum.com.gr/en/fragrances-for-women/984-yzlo-w,,,,,ACTIVE_MASTER_V2,VERIFIED_OPERATIONAL_DB_2026-09-06
,985-YZLO,,,MON PARIS,,,,,,,ACTIVE_MASTER_V2,VERIFIED_OPERATIONAL_DB_2026-09-06
1009,986-YZLO,,,OPIUM,,https://leparfum.com.gr/en/fragrances-for-women/986-yzlo-w,,,,,ACTIVE_MASTER_V2,VERIFIED_OPERATIONAL_DB_2026-09-06
,987-YZLO,,,PARIS,,,,,,,ACTIVE_MASTER_V2,VERIFIED_OPERATIONAL_DB_2026-09-06
,988-YZLO,,,PARISIENNE,,,,,,,ACTIVE_MASTER_V2,VERIFIED_OPERATIONAL_DB_2026-09-06
,989-YZLO,,,RIVE GAUCHE,,,,,,,ACTIVE_MASTER_V2,VERIFIED_OPERATIONAL_DB_2026-09-06
1778,990-YZLO,,,Supreme Bouquet,,https://leparfum.com.gr/en/fragrances-for-women/990-yzlo-w,,,,,ACTIVE_MASTER_V2,VERIFIED_OPERATIONAL_DB_2026-09-06
1013,991-YZLO,,,YVRESSE (CHAMPAGNE),,https://leparfum.com.gr/en/fragrances-for-women/991-yzlo-w,,,,,ACTIVE_MASTER_V2,VERIFIED_OPERATIONAL_DB_2026-09-06
1014,992-ZAD,,,Girls Can Do Anything,,https://leparfum.com.gr/en/fragrances-for-women/992-zad-wp,,,,,ACTIVE_MASTER_V2,VERIFIED_OPERATIONAL_DB_2026-09-06
1931,993-ZAD,,,JUST ROCK FOR HER - ZADIG & VOLTAIRE,,https://leparfum.com.gr/en/fragrances-for-women/993-zad-wp,,,,,ACTIVE_MASTER_V2,VERIFIED_OPERATIONAL_DB_2026-09-06
1015,994-ZAD,,,This Is Her,,https://leparfum.com.gr/en/fragrances-for-women/994-zad-wp,,,,,ACTIVE_MASTER_V2,VERIFIED_OPERATIONAL_DB_2026-09-06
,995-ZAR,,,POUR FEMME,,,,,,,ACTIVE_MASTER_V2,VERIFIED_OPERATIONAL_DB_2026-09-06
2734,997-ABE,,,Fierce Cologne,,https://leparfum.com.gr/en/fragrances-for-men/fierce-abercrombie-fitch-type,,,,,ACTIVE_MASTER_V2,VERIFIED_OPERATIONAL_DB_2026-09-06
2823,998-ABE,,,Fierce Icon,,https://leparfum.com.gr/en/fragrances-for-men/fierce-icon-abercrombie-type,,,,,ACTIVE_MASTER_V2,VERIFIED_OPERATIONAL_DB_2026-09-06
1895,999-ABE,,,FIRST INSTINCT - ABERCROMBIE & FITCH,,https://leparfum.com.gr/en/fragrances-for-men/first-instinct-abercrombie-fitch-type,,,,,ACTIVE_MASTER_V2,VERIFIED_OPERATIONAL_DB_2026-09-06
,1000-ADO,,,AGUA FRESCA,,,,,,,ACTIVE_MASTER_V2,VERIFIED_OPERATIONAL_DB_2026-09-06
,1001-ANT,,,KING OF SEDUCTION,,,,,,,ACTIVE_MASTER_V2,VERIFIED_OPERATIONAL_DB_2026-09-06
2215,1003-ACQ,,,COLONIA CLUB,,https://leparfum.com.gr/en/fragrances-for-men/1003-acq,,,,,ACTIVE_MASTER_V2,VERIFIED_OPERATIONAL_DB_2026-09-06
107,1004-ACQ,,,Colonia Ebano,,https://leparfum.com.gr/en/fragrances-for-men/1004-acq-mp,,,,,ACTIVE_MASTER_V2,VERIFIED_OPERATIONAL_DB_2026-09-06
108,1005-ACQ,,,COLONIA INTENSA,,https://leparfum.com.gr/en/fragrances-for-men/1005-acq-mp,,,,,ACTIVE_MASTER_V2,VERIFIED_OPERATIONAL_DB_2026-09-06
1894,1006-ACQ,,,COLONIA INTENSA OUD,,https://leparfum.com.gr/en/fragrances-for-men/1006-acq,,,,,ACTIVE_MASTER_V2,VERIFIED_OPERATIONAL_DB_2026-09-06
109,1007-ACQ,,,Colonia Leather,,https://leparfum.com.gr/en/fragrances-for-men/1007-acq-mp,,,,,ACTIVE_MASTER_V2,VERIFIED_OPERATIONAL_DB_2026-09-06
110,1008-ACQ,,,COLONIA PURA (U),,https://leparfum.com.gr/en/fragrances-for-men/1008-acq-mp,,,,,ACTIVE_MASTER_V2,VERIFIED_OPERATIONAL_DB_2026-09-06
111,1009-ACQ,,,Colonia Quercia,,https://leparfum.com.gr/en/fragrances-for-men/1009-acq-mp,,,,,ACTIVE_MASTER_V2,VERIFIED_OPERATIONAL_DB_2026-09-06
112,1010-ACQ,,,Essenza di Colonia,,https://leparfum.com.gr/en/fragrances-for-men/1010-acq-mp,,,,,ACTIVE_MASTER_V2,VERIFIED_OPERATIONAL_DB_2026-09-06
113,1011-ARA,,,Aramis-adventurer,,https://leparfum.com.gr/en/fragrances-for-men/adventurer_fragrance,,,,,ACTIVE_MASTER_V2,VERIFIED_OPERATIONAL_DB_2026-09-06
114,1012-ARA,,,Havana,,https://leparfum.com.gr/en/fragrances-for-men/1012-ara-mp,,,,,ACTIVE_MASTER_V2,VERIFIED_OPERATIONAL_DB_2026-09-06
115,1013-ARA,,,Aramis Voyager,,https://leparfum.com.gr/en/fragrances-for-men/1013-ara-mp,,,,,ACTIVE_MASTER_V2,VERIFIED_OPERATIONAL_DB_2026-09-06
116,1014-AZZ,,,CLASSIC,,https://leparfum.com.gr/en/fragrances-for-men/1014-azz-m,,,,,ACTIVE_MASTER_V2,VERIFIED_OPERATIONAL_DB_2026-09-06
117,1015-AZZ,,,Night Time,,https://leparfum.com.gr/en/fragrances-for-men/1015-azz-m,,,,,ACTIVE_MASTER_V2,VERIFIED_OPERATIONAL_DB_2026-09-06
118,1016-AZZ,,,VISIT AZZARO,,https://leparfum.com.gr/en/fragrances-for-men/1016-azz-m,,,,,ACTIVE_MASTER_V2,VERIFIED_OPERATIONAL_DB_2026-09-06
2104,1017-AZZ,,,Chrome Eau de Toilette,,https://leparfum.com.gr/en/fragrances-for-men/1017-azz-m,,,,,ACTIVE_MASTER_V2,VERIFIED_OPERATIONAL_DB_2026-09-06
119,1018-AZZ,,,Chrome Legend,,https://leparfum.com.gr/en/fragrances-for-men/1018-azz-m,,,,,ACTIVE_MASTER_V2,VERIFIED_OPERATIONAL_DB_2026-09-06
120,1019-AZZ,,,Chrome Pure,,https://leparfum.com.gr/en/fragrances-for-men/1019-azz-m,,,,,ACTIVE_MASTER_V2,VERIFIED_OPERATIONAL_DB_2026-09-06
,1020-AZZ,,,WANTED,,,,,,,ACTIVE_MASTER_V2,VERIFIED_OPERATIONAL_DB_2026-09-06
122,1021-BOG,,,One Man Show Eau de Toilette,,https://leparfum.com.gr/en/fragrances-for-men/one-man-show-bogart-jacques-type,,,,,ACTIVE_MASTER_V2,VERIFIED_OPERATIONAL_DB_2026-09-06
123,1022-BOT,,,Essence Aromatique,,https://leparfum.com.gr/en/fragrances-for-men/essence-aromatique-bottega-veneta-type,,,,,ACTIVE_MASTER_V2,VERIFIED_OPERATIONAL_DB_2026-09-06
124,1023-BOT,,,pour Homme Extrême,,https://leparfum.com.gr/en/fragrances-for-men/pour-homme-extreme-bottega-veneta-type,,,,,ACTIVE_MASTER_V2,VERIFIED_OPERATIONAL_DB_2026-09-06
125,1024-BOU,,,VANILLE DE ZANZIBAR (u),,https://leparfum.com.gr/en/fragrances-for-men/vanilla_perfumes,,,,,ACTIVE_MASTER_V2,VERIFIED_OPERATIONAL_DB_2026-09-06
126,1025-BRB,,,Brit Rhythm For Him Intense,,https://leparfum.com.gr/en/fragrances-for-men/1025-brb-mp,,,,,ACTIVE_MASTER_V2,VERIFIED_OPERATIONAL_DB_2026-09-06
127,1026-BRB,,,Brit,,https://leparfum.com.gr/en/fragrances-for-men/1026-brb-mp,,,,,ACTIVE_MASTER_V2,VERIFIED_OPERATIONAL_DB_2026-09-06
128,1027-BRB,,,LONDON,,https://leparfum.com.gr/en/fragrances-for-men/1027-brb-mp,,,,,ACTIVE_MASTER_V2,VERIFIED_OPERATIONAL_DB_2026-09-06
129,1028-BRB,,,Sport For Men,,https://leparfum.com.gr/en/fragrances-for-men/1028-brb-mp,,,,,ACTIVE_MASTER_V2,VERIFIED_OPERATIONAL_DB_2026-09-06
,1029-BRB,,,MR. BURBERRY EAU DE PARFUM,,,,,,,ACTIVE_MASTER_V2,VERIFIED_OPERATIONAL_DB_2026-09-06
131,1030-BRB,,,Mr Burberry Indigo,,https://leparfum.com.gr/en/fragrances-for-men/1030-brb-mp,,,,,ACTIVE_MASTER_V2,VERIFIED_OPERATIONAL_DB_2026-09-06
132,1031-BRB,,,RHYTHM BRIT - BURBERRY,,https://leparfum.com.gr/en/fragrances-for-men/1031-brb-mp,,,,,ACTIVE_MASTER_V2,VERIFIED_OPERATIONAL_DB_2026-09-06
133,1032-BRB,,,The Beat For Men,,https://leparfum.com.gr/en/fragrances-for-men/1032-brb-mp,,,,,ACTIVE_MASTER_V2,VERIFIED_OPERATIONAL_DB_2026-09-06
134,1033-BRB,,,Touch For Men,,https://leparfum.com.gr/en/fragrances-for-men/1033-brb-mp,,,,,ACTIVE_MASTER_V2,VERIFIED_OPERATIONAL_DB_2026-09-06
135,1034-BLG,,,AQUA - BVLGARI,,https://leparfum.com.gr/en/fragrances-for-men/1034-blg-mp,,,,,ACTIVE_MASTER_V2,VERIFIED_OPERATIONAL_DB_2026-09-06
136,1035-BLG,,,Bvlgari Black,,https://leparfum.com.gr/en/fragrances-for-men/1035-blg-mp,,,,,ACTIVE_MASTER_V2,VERIFIED_OPERATIONAL_DB_2026-09-06
137,1036-BLG,,,Blv Pour Homme,,https://leparfum.com.gr/en/fragrances-for-men/1036-blg-mp,,,,,ACTIVE_MASTER_V2,VERIFIED_OPERATIONAL_DB_2026-09-06
1897,1037-BLG,,,Bvl Man,,https://leparfum.com.gr/en/fragrances-for-men/1037-blg-m,,,,,ACTIVE_MASTER_V2,VERIFIED_OPERATIONAL_DB_2026-09-06
138,1038-BLG,,,Bvlgari Man Extreme,,https://leparfum.com.gr/en/fragrances-for-men/1038-blg-mp,,,,,ACTIVE_MASTER_V2,VERIFIED_OPERATIONAL_DB_2026-09-06
139,1039-BLG,,,Bvlgari Man in Black Eau de Parfum,,https://leparfum.com.gr/en/fragrances-for-men/1039-blg-mp,,,,,ACTIVE_MASTER_V2,VERIFIED_OPERATIONAL_DB_2026-09-06
140,1040-BLG,,,NOTTE POUR HOMME,,https://leparfum.com.gr/en/fragrances-for-men/1040-blg-mp,,,,,ACTIVE_MASTER_V2,VERIFIED_OPERATIONAL_DB_2026-09-06
141,1041-BLG,,,POUR HOMME BLG,,https://leparfum.com.gr/en/fragrances-for-men/1041-blg-mp,,,,,ACTIVE_MASTER_V2,VERIFIED_OPERATIONAL_DB_2026-09-06
142,1042-CAC,,,POUR HOMME,,https://leparfum.com.gr/en/fragrances-for-men/1042-cac-m,,,,,ACTIVE_MASTER_V2,VERIFIED_OPERATIONAL_DB_2026-09-06
143,1043-CAL,,,Ck Be,,https://leparfum.com.gr/en/fragrances-for-men/1043-cal-mp,,,,,ACTIVE_MASTER_V2,VERIFIED_OPERATIONAL_DB_2026-09-06
,1044-CAL,,,ETERNITY,,,,,,,ACTIVE_MASTER_V2,VERIFIED_OPERATIONAL_DB_2026-09-06
145,1045-CAL,,,Eternity Now,,https://leparfum.com.gr/en/fragrances-for-men/1045-cal-mp,,,,,ACTIVE_MASTER_V2,VERIFIED_OPERATIONAL_DB_2026-09-06
,1046-CAL,,,EVERYONE,,,,,,,ACTIVE_MASTER_V2,VERIFIED_OPERATIONAL_DB_2026-09-06
146,1047-CAL,,,Euphoria Men,,https://leparfum.com.gr/en/fragrances-for-men/1047-cal-mp,,,,,ACTIVE_MASTER_V2,VERIFIED_OPERATIONAL_DB_2026-09-06
147,1048-CAL,,,Obsession for Men Eau de Toilette,,https://leparfum.com.gr/en/fragrances-for-men/1048-cal-m,,,,,ACTIVE_MASTER_V2,VERIFIED_OPERATIONAL_DB_2026-09-06
148,1049-CAL,,,Ck One,,https://leparfum.com.gr/en/fragrances-for-men/1049-cal-mp,,,,,ACTIVE_MASTER_V2,VERIFIED_OPERATIONAL_DB_2026-09-06
149,1050-CAL,,,Ck One Red Edition For Him,,https://leparfum.com.gr/en/fragrances-for-men/1050-cal-mp,,,,,ACTIVE_MASTER_V2,VERIFIED_OPERATIONAL_DB_2026-09-06
150,1051-CAL,,,Ck One Shock For Him,,https://leparfum.com.gr/en/fragrances-for-men/1051-cal-mp,,,,,ACTIVE_MASTER_V2,VERIFIED_OPERATIONAL_DB_2026-09-06
574,1052-CAL,,,Ck One Summer,,https://leparfum.com.gr/en/fragrances-for-women/1052-cal,,,,,ACTIVE_MASTER_V2,VERIFIED_OPERATIONAL_DB_2026-09-06
1901,1053-CAR,,,212 Men,,https://leparfum.com.gr/en/fragrances-for-men/1053-car-m,,,,,ACTIVE_MASTER_V2,VERIFIED_OPERATIONAL_DB_2026-09-06
152,1054-CAR,,,212 Sexy Men,,https://leparfum.com.gr/en/fragrances-for-men/1054-car-m,,,,,ACTIVE_MASTER_V2,VERIFIED_OPERATIONAL_DB_2026-09-06
153,1055-CAR,,,212 Vip Club Edition,,https://leparfum.com.gr/en/fragrances-for-men/1055-car-m,,,,,ACTIVE_MASTER_V2,VERIFIED_OPERATIONAL_DB_2026-09-06
154,1056-CAR,,,212 Vip Men,,https://leparfum.com.gr/en/fragrances-for-men/1056-car-m,,,,,ACTIVE_MASTER_V2,VERIFIED_OPERATIONAL_DB_2026-09-06
155,1057-CAR,,,212 Vip Wild Party,,https://leparfum.com.gr/en/fragrances-for-men/1057-car-mp,,,,,ACTIVE_MASTER_V2,VERIFIED_OPERATIONAL_DB_2026-09-06
1795,1058-CAR,,,Bad-boy-eau-de-toilette,,https://leparfum.com.gr/en/fragrances-for-men/1058-car-mp,,,,,ACTIVE_MASTER_V2,VERIFIED_OPERATIONAL_DB_2026-09-06
,1059-CRT,,,DECLARATION,,,,,,,ACTIVE_MASTER_V2,VERIFIED_OPERATIONAL_DB_2026-09-06
,1060-CRT,,,L'ENVOL DE CARTIER,,,,,,,ACTIVE_MASTER_V2,VERIFIED_OPERATIONAL_DB_2026-09-06
,1061-CRT,,,PASHA DE CARTIER,,,,,,,ACTIVE_MASTER_V2,VERIFIED_OPERATIONAL_DB_2026-09-06
159,1062-CRT,,,Roadster,,https://leparfum.com.gr/en/fragrances-for-men/1062-crt-mp,,,,,ACTIVE_MASTER_V2,VERIFIED_OPERATIONAL_DB_2026-09-06
160,1063-CER,,,pour Homme Eau de Toilette (Eau de Toilette),,https://leparfum.com.gr/en/fragrances-for-men/cerruti-pour-homme-clone-fragrance,,,,,ACTIVE_MASTER_V2,VERIFIED_OPERATIONAL_DB_2026-09-06
161,1064-CHA,,,ALLURE FOR MEN,,https://leparfum.com.gr/en/fragrances-for-men/1064-cha-m,,,,,ACTIVE_MASTER_V2,VERIFIED_OPERATIONAL_DB_2026-09-06
,1065-CHA,,,ALLURE HOMME SPORT,,,,,,,ACTIVE_MASTER_V2,VERIFIED_OPERATIONAL_DB_2026-09-06
163,1066-CHA,,,Antaeus,,https://leparfum.com.gr/en/fragrances-for-men/1066-cha-m,,,,,ACTIVE_MASTER_V2,VERIFIED_OPERATIONAL_DB_2026-09-06
164,1067-CHA,,,BLEU,,https://leparfum.com.gr/en/fragrances-for-men/1067-cha-m,,,,,ACTIVE_MASTER_V2,VERIFIED_OPERATIONAL_DB_2026-09-06
591,1068-CHA,,,Les Exclusifs De Chanel  Boy,,https://leparfum.com.gr/en/fragrances-for-women/1068-cha-w,,,,,ACTIVE_MASTER_V2,VERIFIED_OPERATIONAL_DB_2026-09-06
166,1069-CHA,,,Egoiste,,https://leparfum.com.gr/en/fragrances-for-men/1069-cha-m,,,,,ACTIVE_MASTER_V2,VERIFIED_OPERATIONAL_DB_2026-09-06
167,1070-CHA,,,EGOISTE PLATINUM,,https://leparfum.com.gr/en/fragrances-for-men/1070-cha-m,,,,,ACTIVE_MASTER_V2,VERIFIED_OPERATIONAL_DB_2026-09-06
168,1071-DRC,,,Ambre-nuit-eau-de-,,https://leparfum.com.gr/en/fragrances-for-men/1071-drc-m,,,,,ACTIVE_MASTER_V2,VERIFIED_OPERATIONAL_DB_2026-09-06
1934,1072-DRC,,,La Collection Privee  Balade Sauvage,,https://leparfum.com.gr/en/fragrances-for-men/1072-drc-m,,,,,ACTIVE_MASTER_V2,VERIFIED_OPERATIONAL_DB_2026-09-06
169,1073-DRC,,,HOMME PARFUM,,https://leparfum.com.gr/en/fragrances-for-men/1073-drc-m-perfume,,,,,ACTIVE_MASTER_V2,VERIFIED_OPERATIONAL_DB_2026-09-06
170,1074-DRC,,,Dune pour Homme Eau de Toilette,,https://leparfum.com.gr/en/fragrances-for-men/1074-drc-m,,,,,ACTIVE_MASTER_V2,VERIFIED_OPERATIONAL_DB_2026-09-06
,1075-DRC,,,EAU SAUVAGE,,,,,,,ACTIVE_MASTER_V2,VERIFIED_OPERATIONAL_DB_2026-09-06
,1076-DRC,,,FAHRENEIT,,,,,,,ACTIVE_MASTER_V2,VERIFIED_OPERATIONAL_DB_2026-09-06
173,1077-DRC,,,FAHRENEIT 32,,https://leparfum.com.gr/en/fragrances-for-men/1077-drc-m,,,,,ACTIVE_MASTER_V2,VERIFIED_OPERATIONAL_DB_2026-09-06
174,1078-DRC,,,Higher,,https://leparfum.com.gr/en/fragrances-for-men/1078-drc-m,,,,,ACTIVE_MASTER_V2,VERIFIED_OPERATIONAL_DB_2026-09-06
175,1079-DRC,,,Higher Energy,,https://leparfum.com.gr/en/fragrances-for-men/1079-drc-m-perfume,,,,,ACTIVE_MASTER_V2,VERIFIED_OPERATIONAL_DB_2026-09-06
176,1080-DRC,,,HOMME,,https://leparfum.com.gr/en/fragrances-for-men/1080-drc-m,,,,,ACTIVE_MASTER_V2,VERIFIED_OPERATIONAL_DB_2026-09-06
,1081-DRC,,,HOMME EAU,,,,,,,ACTIVE_MASTER_V2,VERIFIED_OPERATIONAL_DB_2026-09-06
178,1082-DRC,,,HOMME SPORT,,https://leparfum.com.gr/en/fragrances-for-men/1082-drc-m,,,,,ACTIVE_MASTER_V2,VERIFIED_OPERATIONAL_DB_2026-09-06
179,1083-DRC,,,INTENSE HOMME,,https://leparfum.com.gr/en/fragrances-for-men/1083-drc-m,,,,,ACTIVE_MASTER_V2,VERIFIED_OPERATIONAL_DB_2026-09-06
,1085-DRC,,,SAUVAGE,,,,,,,ACTIVE_MASTER_V2,VERIFIED_OPERATIONAL_DB_2026-09-06
182,1086-CLI,,,Happy,,https://leparfum.com.gr/en/fragrances-for-men/happy-man-clinique-perfume-type,,,,,ACTIVE_MASTER_V2,VERIFIED_OPERATIONAL_DB_2026-09-06
183,1087-COM,,,Comme des Garçons 2,,https://leparfum.com.gr/en/fragrances-for-men/comme-des-garcons-inspired-perfume,,,,,ACTIVE_MASTER_V2,VERIFIED_OPERATIONAL_DB_2026-09-06
1935,1088-COM,,,Odeur 53 Eau de Toilette,,https://leparfum.com.gr/en/fragrances-for-men/odeur-53-comme-des-garcons-type,,,,,ACTIVE_MASTER_V2,VERIFIED_OPERATIONAL_DB_2026-09-06
184,1089-COM,,,Wonderwood,,https://leparfum.com.gr/en/fragrances-for-men/wonderwood-comme-des-garcons-type,,,,,ACTIVE_MASTER_V2,VERIFIED_OPERATIONAL_DB_2026-09-06
,1090-COS,,,COSTUME NATIONAL HOMME,,,,,,,ACTIVE_MASTER_V2,VERIFIED_OPERATIONAL_DB_2026-09-06
,1091-COS,,,SCENT INTENSE,,,,,,,ACTIVE_MASTER_V2,VERIFIED_OPERATIONAL_DB_2026-09-06
185,1092-DOL,,,By Man Eau de Toilette,,https://leparfum.com.gr/en/fragrances-for-men/1092-dol,,,,,ACTIVE_MASTER_V2,VERIFIED_OPERATIONAL_DB_2026-09-06
186,1093-DOL,,,INTENSO,,https://leparfum.com.gr/en/fragrances-for-men/1093-dol-mp,,,,,ACTIVE_MASTER_V2,VERIFIED_OPERATIONAL_DB_2026-09-06
1817,1094-DOL,,,K KING (2019),,https://leparfum.com.gr/en/summer-fragrances/1094-dol-mp,,,,,ACTIVE_MASTER_V2,VERIFIED_OPERATIONAL_DB_2026-09-06
187,1095-DOL,,,LIGHT BLUE MAN,,https://leparfum.com.gr/en/fragrances-for-men/1095-dol-m,,,,,ACTIVE_MASTER_V2,VERIFIED_OPERATIONAL_DB_2026-09-06
188,1096-DOL,,,Light Blue Eau Intense,,https://leparfum.com.gr/en/fragrances-for-men/1096-dol-m,,,,,ACTIVE_MASTER_V2,VERIFIED_OPERATIONAL_DB_2026-09-06
1938,1097-DOL,,,LIGHT BLUE DISCOVER VULCANO,,https://leparfum.com.gr/en/fragrances-for-men/1097-dol-m,,,,,ACTIVE_MASTER_V2,VERIFIED_OPERATIONAL_DB_2026-09-06
190,1098-DOL,,,Dolce  Gabbana Pour Homme 1994,,https://leparfum.com.gr/en/fragrances-for-men/1098-dol-m,,,,,ACTIVE_MASTER_V2,VERIFIED_OPERATIONAL_DB_2026-09-06
191,1099-DOL,,,The One,,https://leparfum.com.gr/en/fragrances-for-men/1099-dol-mp,,,,,ACTIVE_MASTER_V2,VERIFIED_OPERATIONAL_DB_2026-09-06
1939,1100-DOL,,,The One Grey,,https://leparfum.com.gr/en/fragrances-for-men/1100-dol-mp,,,,,ACTIVE_MASTER_V2,VERIFIED_OPERATIONAL_DB_2026-09-06
192,1101-DOL,,,Velvet Bergamot,,https://leparfum.com.gr/en/fragrances-for-men/1101-dol-mp,,,,,ACTIVE_MASTER_V2,VERIFIED_OPERATIONAL_DB_2026-09-06
,1102-DAV,,,COOL WATER WOMAN,,,,,,,ACTIVE_MASTER_V2,VERIFIED_OPERATIONAL_DB_2026-09-06
194,1103-DAV,,,Hot Water,,https://leparfum.com.gr/en/fragrances-for-men/hot-water-davidoff-clone-perfume,,,,,ACTIVE_MASTER_V2,VERIFIED_OPERATIONAL_DB_2026-09-06
195,1104-DAV,,,PURE PACIFIC - DAVIDOFF,,https://leparfum.com.gr/en/fragrances-for-men/pure-pacific-davidoff-similar,,,,,ACTIVE_MASTER_V2,VERIFIED_OPERATIONAL_DB_2026-09-06
196,1105-DAV,,,The Brilliant Game,,https://leparfum.com.gr/en/fragrances-for-men/brilliant-game-davidoff-clone,,,,,ACTIVE_MASTER_V2,VERIFIED_OPERATIONAL_DB_2026-09-06
197,1106-DAV,,,ZINO DAVIDOFF Perfume,,https://leparfum.com.gr/en/fragrances-for-men/zino-davidoff-perfume-clone,,,,,ACTIVE_MASTER_V2,VERIFIED_OPERATIONAL_DB_2026-09-06
198,1107-DIE,,,Bad-eau-de-toilette,,https://leparfum.com.gr/en/fragrances-for-men/1107-die-m,,,,,ACTIVE_MASTER_V2,VERIFIED_OPERATIONAL_DB_2026-09-06
,1108-DIE,,,ONLY THE BRAVE,,,,,,,ACTIVE_MASTER_V2,VERIFIED_OPERATIONAL_DB_2026-09-06
200,1109-DIE,,,Only The Brave Wild,,https://leparfum.com.gr/en/fragrances-for-men/1109-die-m,,,,,ACTIVE_MASTER_V2,VERIFIED_OPERATIONAL_DB_2026-09-06
201,1110-DSQ,,,BLACK POTION - DSQUARED,,https://leparfum.com.gr/en/fragrances-for-men/black-potion-dsquared-similar,,,,,ACTIVE_MASTER_V2,VERIFIED_OPERATIONAL_DB_2026-09-06
202,1111-DSQ,,,HE WOOD - DSQUARED Perfumes,,https://leparfum.com.gr/en/fragrances-for-men/he-wood-dsquared-perfumes-similar,,,,,ACTIVE_MASTER_V2,VERIFIED_OPERATIONAL_DB_2026-09-06
203,1112-DSQ,,,HE WOOD ROCKY MOUNTAIN - DSQUARED,,https://leparfum.com.gr/en/fragrances-for-men/he-wood-rocky-mountain-dsquared-clone,,,,,ACTIVE_MASTER_V2,VERIFIED_OPERATIONAL_DB_2026-09-06
204,1113-DSQ,,,Wild,,https://leparfum.com.gr/en/fragrances-for-men/wild-dsquared-dupe-perfume,,,,,ACTIVE_MASTER_V2,VERIFIED_OPERATIONAL_DB_2026-09-06
205,1114-DUN,,,Icon Elite,,https://leparfum.com.gr/en/fragrances-for-men/icon-elite-dunhill-type,,,,,ACTIVE_MASTER_V2,VERIFIED_OPERATIONAL_DB_2026-09-06
208,1115-ZEG,,,Bourbon Vanilla,,https://leparfum.com.gr/en/fragrances-for-men/bourbon-vanilla-zegna-type,,,,,ACTIVE_MASTER_V2,VERIFIED_OPERATIONAL_DB_2026-09-06
209,1116-ZEG,,,UOMO ABSOLUT - ERMENEGILDO ZEGNA,,https://leparfum.com.gr/en/fragrances-for-men/uomo-absolut-zegna-clone,,,,,ACTIVE_MASTER_V2,VERIFIED_OPERATIONAL_DB_2026-09-06
210,1117-EST,,,Intuition for Men Cologne,,https://leparfum.com.gr/en/fragrances-for-men/1117-est-mp,,,,,ACTIVE_MASTER_V2,VERIFIED_OPERATIONAL_DB_2026-09-06
,1118-FAB,,,BRUT 1964,,,,,,,ACTIVE_MASTER_V2,VERIFIED_OPERATIONAL_DB_2026-09-06
212,1119-FEN,,,ACQUA FAN DI FENDI,,https://leparfum.com.gr/en/fragrances-for-men/acqua-fan-di-fendi-clone-perfume,,,,,ACTIVE_MASTER_V2,VERIFIED_OPERATIONAL_DB_2026-09-06
213,1120-FER,,,Cedar Essence,,https://leparfum.com.gr/en/fragrances-for-men/cedar-essence-ferrari,,,,,ACTIVE_MASTER_V2,VERIFIED_OPERATIONAL_DB_2026-09-06
,1121-GFE,,,FERRE MAN,,,,,,,ACTIVE_MASTER_V2,VERIFIED_OPERATIONAL_DB_2026-09-06
215,1122-GFE,,,In the Mood for Love,,https://leparfum.com.gr/en/fragrances-for-men/in-the-mood-for-love-gianfranco-ferre-type,,,,,ACTIVE_MASTER_V2,VERIFIED_OPERATIONAL_DB_2026-09-06
,1123-ARM,,,ACQUA DI GIO,,,,,,,ACTIVE_MASTER_V2,VERIFIED_OPERATIONAL_DB_2026-09-06
217,1124-ARM,,,Acqua Di Gio Absolu,,https://leparfum.com.gr/en/fragrances-for-men/1124-arm-m,,,,,ACTIVE_MASTER_V2,VERIFIED_OPERATIONAL_DB_2026-09-06
218,1125-ARM,,,Acqua Di Gio Essenza,,https://leparfum.com.gr/en/fragrances-for-men/1125-arm-m,,,,,ACTIVE_MASTER_V2,VERIFIED_OPERATIONAL_DB_2026-09-06
,1126-ARM,,,ACQUA DI GIO PROFONDO,,,,,,,ACTIVE_MASTER_V2,VERIFIED_OPERATIONAL_DB_2026-09-06
1893,1127-ARM,,,Acqua Di Gio Profumo,,https://leparfum.com.gr/en/fragrances-for-men/1127-arm-m,,,,,ACTIVE_MASTER_V2,VERIFIED_OPERATIONAL_DB_2026-09-06
220,1128-ARM,,,Armani Code Colonia,,https://leparfum.com.gr/en/fragrances-for-men/1128-arm-m,,,,,ACTIVE_MASTER_V2,VERIFIED_OPERATIONAL_DB_2026-09-06
221,1129-ARM,,,Armani Code Ice,,https://leparfum.com.gr/en/fragrances-for-men/1129-arm-m,,,,,ACTIVE_MASTER_V2,VERIFIED_OPERATIONAL_DB_2026-09-06
222,1130-ARM,,,Armani Code Profumo,,https://leparfum.com.gr/en/fragrances-for-men/1130-arm-m,,,,,ACTIVE_MASTER_V2,VERIFIED_OPERATIONAL_DB_2026-09-06
223,1131-ARM,,,Armani Mania for Men Eau de Toilette,,https://leparfum.com.gr/en/fragrances-for-men/1131-arm-m,,,,,ACTIVE_MASTER_V2,VERIFIED_OPERATIONAL_DB_2026-09-06
224,1132-ARM,,,Attitude,,https://leparfum.com.gr/en/fragrances-for-men/1132-arm-m,,,,,ACTIVE_MASTER_V2,VERIFIED_OPERATIONAL_DB_2026-09-06
225,1133-ARM,,,BLACK CODE,,https://leparfum.com.gr/en/fragrances-for-men/1133-arm-m,,,,,ACTIVE_MASTER_V2,VERIFIED_OPERATIONAL_DB_2026-09-06
226,1134-ARM,,,Emporio Armani Diamonds,,https://leparfum.com.gr/en/fragrances-for-men/1134-arm-m,,,,,ACTIVE_MASTER_V2,VERIFIED_OPERATIONAL_DB_2026-09-06
206,1135-ARM,,,LUI/IL/HE/EL,,https://leparfum.com.gr/en/fragrances-for-men/1135-arm-m,,,,,ACTIVE_MASTER_V2,VERIFIED_OPERATIONAL_DB_2026-09-06
,1136-ARM,,,STRONGER WITH YOU (EMPORIO),,,,,,,ACTIVE_MASTER_V2,VERIFIED_OPERATIONAL_DB_2026-09-06
207,1137-ARM,,,WHITE,,https://leparfum.com.gr/en/fragrances-for-men/1137-arm-m,,,,,ACTIVE_MASTER_V2,VERIFIED_OPERATIONAL_DB_2026-09-06
228,1138-GIV,,,Givenchy Gentleman,,https://leparfum.com.gr/en/fragrances-for-men/1138-giv-m,,,,,ACTIVE_MASTER_V2,VERIFIED_OPERATIONAL_DB_2026-09-06
229,1139-GIV,,,Gentlemen Only,,https://leparfum.com.gr/en/fragrances-for-men/1139-giv-m,,,,,ACTIVE_MASTER_V2,VERIFIED_OPERATIONAL_DB_2026-09-06
230,1140-GIV,,,Insense Ultramarine,,https://leparfum.com.gr/en/fragrances-for-men/1140-giv-m,,,,,ACTIVE_MASTER_V2,VERIFIED_OPERATIONAL_DB_2026-09-06
,1141-GIV,,,P,,,,,,,ACTIVE_MASTER_V2,VERIFIED_OPERATIONAL_DB_2026-09-06
232,1142-GIV,,,Play,,https://leparfum.com.gr/en/fragrances-for-men/1142-giv-m,,,,,ACTIVE_MASTER_V2,VERIFIED_OPERATIONAL_DB_2026-09-06
233,1143-GUC,,,Envy For Men,,https://leparfum.com.gr/en/fragrances-for-men/1143-guc-mp,,,,,ACTIVE_MASTER_V2,VERIFIED_OPERATIONAL_DB_2026-09-06
234,1144-GUC,,,Gucci by Gucci pour Homme Eau de Toilette,,https://leparfum.com.gr/en/fragrances-for-men/1144-guc-mp,,,,,ACTIVE_MASTER_V2,VERIFIED_OPERATIONAL_DB_2026-09-06
4492,1145-GUC,,,Gucci Pour Homme 2003,,https://leparfum.com.gr/en/fragrances-for-men/1145-guc-mp,,,,,ACTIVE_MASTER_V2,VERIFIED_OPERATIONAL_DB_2026-09-06
236,1146-GUC,,,Guilty Intense,,https://leparfum.com.gr/en/fragrances-for-men/1146-guc-mp,,,,,ACTIVE_MASTER_V2,VERIFIED_OPERATIONAL_DB_2026-09-06
237,1147-GUC,,,Guilty pour Homme,,https://leparfum.com.gr/en/fragrances-for-men/1147-guc-mp,,,,,ACTIVE_MASTER_V2,VERIFIED_OPERATIONAL_DB_2026-09-06
238,1148-GUC,,,Oud,,https://leparfum.com.gr/en/fragrances-for-men/1148-guc-mp,,,,,ACTIVE_MASTER_V2,VERIFIED_OPERATIONAL_DB_2026-09-06
,1149-GUR,,,L'HOMME IDEAL,,,,,,,ACTIVE_MASTER_V2,VERIFIED_OPERATIONAL_DB_2026-09-06
240,1150-GLA,,,Drakkar Noir,,https://leparfum.com.gr/en/fragrances-for-men/drakkar-noir-guy-laroche-perfume,,,,,ACTIVE_MASTER_V2,VERIFIED_OPERATIONAL_DB_2026-09-06
241,1151-HAL,,,Halston Z-14 Cologne,,https://leparfum.com.gr/en/fragrances-for-men/halston-z14-halston-type,,,,,ACTIVE_MASTER_V2,VERIFIED_OPERATIONAL_DB_2026-09-06
242,1152-HER,,,Bel Ami,,https://leparfum.com.gr/en/fragrances-for-men/1152-her-m,,,,,ACTIVE_MASTER_V2,VERIFIED_OPERATIONAL_DB_2026-09-06
243,1153-HER,,,Eau De Mandarine Ambree,,https://leparfum.com.gr/en/fragrances-for-men/1153-her-m,,,,,ACTIVE_MASTER_V2,VERIFIED_OPERATIONAL_DB_2026-09-06
244,1154-HER,,,Un Jardin En Mediterranee,,https://leparfum.com.gr/en/fragrances-for-men/1154-her-m,,,,,ACTIVE_MASTER_V2,VERIFIED_OPERATIONAL_DB_2026-09-06
245,1155-HER,,,Poivre-samarcande,,https://leparfum.com.gr/en/fragrances-for-men/1155-her-m,,,,,ACTIVE_MASTER_V2,VERIFIED_OPERATIONAL_DB_2026-09-06
,1156-HER,,,TERRE D'HERMES,,,,,,,ACTIVE_MASTER_V2,VERIFIED_OPERATIONAL_DB_2026-09-06
1922,1157-HER,,,Terre D Hermes Eau Intense Vetiver,,https://leparfum.com.gr/en/fragrances-for-men/1157-her-m,,,,,ACTIVE_MASTER_V2,VERIFIED_OPERATIONAL_DB_2026-09-06
247,1158-HER,,,TERRE EAU TRES FRAICHE - HERMES,,https://leparfum.com.gr/en/fragrances-for-men/1158-her-m,,,,,ACTIVE_MASTER_V2,VERIFIED_OPERATIONAL_DB_2026-09-06
248,1159-HUG,,,BALDESSARINI - HUGO BOSS,,https://leparfum.com.gr/en/fragrances-for-men/1159-hug-mp,,,,,ACTIVE_MASTER_V2,VERIFIED_OPERATIONAL_DB_2026-09-06
,1160-HUG,,,BOSS BOTTLED,,,,,,,ACTIVE_MASTER_V2,VERIFIED_OPERATIONAL_DB_2026-09-06
,1161-HUG,,,BOSS BOTTLED OUD,,,,,,,ACTIVE_MASTER_V2,VERIFIED_OPERATIONAL_DB_2026-09-06
250,1162-HUG,,,BOSS BOTTLED TONIC - HUGO,,https://leparfum.com.gr/en/fragrances-for-men/1162-hug-mp,,,,,ACTIVE_MASTER_V2,VERIFIED_OPERATIONAL_DB_2026-09-06
251,1163-HUG,,,Boss Orange Man Eau de Toilette,,https://leparfum.com.gr/en/fragrances-for-men/1163-hug-mp,,,,,ACTIVE_MASTER_V2,VERIFIED_OPERATIONAL_DB_2026-09-06
252,1164-HUG,,,ELEMENTS - HUGO BOSS,,https://leparfum.com.gr/en/fragrances-for-men/1164-hug-mp,,,,,ACTIVE_MASTER_V2,VERIFIED_OPERATIONAL_DB_2026-09-06
253,1165-HUG,,,ENERGISE - HUGO BOSS,,https://leparfum.com.gr/en/fragrances-for-men/1165-hug-mp,,,,,ACTIVE_MASTER_V2,VERIFIED_OPERATIONAL_DB_2026-09-06
254,1166-HUG,,,Hugo Dark Blue,,https://leparfum.com.gr/en/fragrances-for-men/1166-hug-mp,,,,,ACTIVE_MASTER_V2,VERIFIED_OPERATIONAL_DB_2026-09-06
3175,1167-HUG,,,Hugo,,https://leparfum.com.gr/en/fragrances-for-men/1167-hug-mp,,,,,ACTIVE_MASTER_V2,VERIFIED_OPERATIONAL_DB_2026-09-06
255,1168-HUG,,,Hugo Iced,,https://leparfum.com.gr/en/fragrances-for-men/1168-hug-mp,,,,,ACTIVE_MASTER_V2,VERIFIED_OPERATIONAL_DB_2026-09-06
256,1169-HUG,,,The Scent,,https://leparfum.com.gr/en/fragrances-for-men/1169-hug-mp,,,,,ACTIVE_MASTER_V2,VERIFIED_OPERATIONAL_DB_2026-09-06
258,1171-HUG,,,Boss Bottled Unlimited,,https://leparfum.com.gr/en/fragrances-for-men/1171-hug-mp,,,,,ACTIVE_MASTER_V2,VERIFIED_OPERATIONAL_DB_2026-09-06
259,1172-ISS,,,EAU D'ISSEY HOMME - ISSEY MIYAKE,,https://leparfum.com.gr/en/fragrances-for-men/1172-iss-mp,,,,,ACTIVE_MASTER_V2,VERIFIED_OPERATIONAL_DB_2026-09-06
260,1173-ISS,,,Nuit D Issey Bleu Astral,,https://leparfum.com.gr/en/fragrances-for-men/1173-iss-mp,,,,,ACTIVE_MASTER_V2,VERIFIED_OPERATIONAL_DB_2026-09-06
261,1174-JAC,,,JACOMO DE JACOMO,,https://leparfum.com.gr/en/fragrances-for-men/jacomo-de-jacomo-dupe,,,,,ACTIVE_MASTER_V2,VERIFIED_OPERATIONAL_DB_2026-09-06
263,1175-JAC,,,PARADOX FOR MEN - JACOMO,,https://leparfum.com.gr/en/fragrances-for-men/paradox-for-men-jacomo-type,,,,,ACTIVE_MASTER_V2,VERIFIED_OPERATIONAL_DB_2026-09-06
264,1176-GUL,,,GAULT 2,,https://leparfum.com.gr/en/fragrances-for-men/1176-gul-mp,,,,,ACTIVE_MASTER_V2,VERIFIED_OPERATIONAL_DB_2026-09-06
265,1177-GUL,,,Kokorico,,https://leparfum.com.gr/en/fragrances-for-men/1177-gul-mp,,,,,ACTIVE_MASTER_V2,VERIFIED_OPERATIONAL_DB_2026-09-06
2053,1178-GUL,,,Le Beau,,https://leparfum.com.gr/en/fragrances-for-men/1178-gul-mp,,,,,ACTIVE_MASTER_V2,VERIFIED_OPERATIONAL_DB_2026-09-06
266,1179-GUL,,,Le Male,,https://leparfum.com.gr/en/fragrances-for-men/1179-gul-mp,,,,,ACTIVE_MASTER_V2,VERIFIED_OPERATIONAL_DB_2026-09-06
267,1180-GUL,,,Le Male Terrible,,https://leparfum.com.gr/en/fragrances-for-men/1180-gul-mp,,,,,ACTIVE_MASTER_V2,VERIFIED_OPERATIONAL_DB_2026-09-06
268,1181-GUL,,,Ultra Male,,https://leparfum.com.gr/en/fragrances-for-men/1181-gul-mp,,,,,ACTIVE_MASTER_V2,VERIFIED_OPERATIONAL_DB_2026-09-06
,1182-JIM,,,JIMMY CHOO MAN,,,,,,,ACTIVE_MASTER_V2,VERIFIED_OPERATIONAL_DB_2026-09-06
270,1183-VAR,,,John Varvatos Eau de Toilette,,https://leparfum.com.gr/en/fragrances-for-men/john-varvatos-fragrance-type,,,,,ACTIVE_MASTER_V2,VERIFIED_OPERATIONAL_DB_2026-09-06
271,1184-JOO,,,JOOP - JOOP,,https://leparfum.com.gr/en/fragrances-for-men/αρωματα-τυπου-joop,,,,,ACTIVE_MASTER_V2,VERIFIED_OPERATIONAL_DB_2026-09-06
272,1185-JOO,,,Nightflight,,https://leparfum.com.gr/en/fragrances-for-men/nightflight-joop-arwmata,,,,,ACTIVE_MASTER_V2,VERIFIED_OPERATIONAL_DB_2026-09-06
273,1186-JOO,,,WOW - JOOP,,https://leparfum.com.gr/en/fragrances-for-men/wow-joop-fragrance-clone,,,,,ACTIVE_MASTER_V2,VERIFIED_OPERATIONAL_DB_2026-09-06
1776,1187-JOV,,,White Musk for Women,,https://leparfum.com.gr/en/fragrances-for-men/white-musk-jovan-type,,,,,ACTIVE_MASTER_V2,VERIFIED_OPERATIONAL_DB_2026-09-06
1762,1188-KAR,,,Bois de Vétiver,,https://leparfum.com.gr/en/fragrances-for-men/bois-de-vetiver-karl-lagerfeld-type,,,,,ACTIVE_MASTER_V2,VERIFIED_OPERATIONAL_DB_2026-09-06
274,1189-KEN,,,Kenzo Homme Sport Extrme,,https://leparfum.com.gr/en/fragrances-for-men/1189-ken-m,,,,,ACTIVE_MASTER_V2,VERIFIED_OPERATIONAL_DB_2026-09-06
275,1190-KEN,,,KENZO - KENZO,,https://leparfum.com.gr/en/fragrances-for-men/1190-ken-m,,,,,ACTIVE_MASTER_V2,VERIFIED_OPERATIONAL_DB_2026-09-06
276,1191-KEN,,,L' EAU PAR ELECTRIC WAVE -KENZO,,https://leparfum.com.gr/en/fragrances-for-men/1191-ken-mp,,,,,ACTIVE_MASTER_V2,VERIFIED_OPERATIONAL_DB_2026-09-06
277,1192-KEN,,,Tokyo,,https://leparfum.com.gr/en/fragrances-for-men/1192-ken-mp,,,,,ACTIVE_MASTER_V2,VERIFIED_OPERATIONAL_DB_2026-09-06
278,1193-KEN,,,Totem Orange,,https://leparfum.com.gr/en/fragrances-for-men/1193-ken-mp,,,,,ACTIVE_MASTER_V2,VERIFIED_OPERATIONAL_DB_2026-09-06
4305,1194-KIL,,,Gold Knight,,https://leparfum.com.gr/en/niche-perfumes/1194-kil-n,,,,,ACTIVE_MASTER_V2,VERIFIED_OPERATIONAL_DB_2026-09-06
824,1195-LART,,,Premier Figuier,,https://leparfum.com.gr/en/fragrances-for-women/1195-lart-wp,,,,,ACTIVE_MASTER_V2,VERIFIED_OPERATIONAL_DB_2026-09-06
,1196-LAC,,,L.12.12 MAGNETIC,,,,,,,ACTIVE_MASTER_V2,VERIFIED_OPERATIONAL_DB_2026-09-06
282,1197-LAC,,,LACOSTE HOMME,,https://leparfum.com.gr/en/fragrances-for-men/1197-lac-m,,,,,ACTIVE_MASTER_V2,VERIFIED_OPERATIONAL_DB_2026-09-06
283,1198-LAL,,,ENCRE NOIR - LALIQUE,,https://leparfum.com.gr/en/fragrances-for-men/encre-noir-lalique-clone,,,,,ACTIVE_MASTER_V2,VERIFIED_OPERATIONAL_DB_2026-09-06
285,1200-LAN,,,Hypnose Homme,,https://leparfum.com.gr/en/fragrances-for-men/1200-lan-m,,,,,ACTIVE_MASTER_V2,VERIFIED_OPERATIONAL_DB_2026-09-06
1914,1201-LBI,,,Venezia Uomo,,https://leparfum.com.gr/en/fragrances-for-men/venezia-uomo-laura-biagiotti-type,,,,,ACTIVE_MASTER_V2,VERIFIED_OPERATIONAL_DB_2026-09-06
286,1202-LOE,,,ESENCIA POUR HOMME - LOEWE,,https://leparfum.com.gr/en/fragrances-for-men/esencia-pour-homme-loewe-perfumes,,,,,ACTIVE_MASTER_V2,VERIFIED_OPERATIONAL_DB_2026-09-06
2773,1203-LOE,,,Solo,,https://leparfum.com.gr/en/fragrances-for-men/solo-loewe-inspired-fragrance,,,,,ACTIVE_MASTER_V2,VERIFIED_OPERATIONAL_DB_2026-09-06
288,1204-LOE,,,Solo Cedro,,https://leparfum.com.gr/en/fragrances-for-men/solo-loewe-cedro-inspired,,,,,ACTIVE_MASTER_V2,VERIFIED_OPERATIONAL_DB_2026-09-06
2099,1205-LOL,,,Au Masculin,,https://leparfum.com.gr/en/fragrances-for-men/au-masculin-lolita-lempicka-type,,,,,ACTIVE_MASTER_V2,VERIFIED_OPERATIONAL_DB_2026-09-06
289,1206-MAR,,,Bang,,https://leparfum.com.gr/en/fragrances-for-men/1206-mar-mp,,,,,ACTIVE_MASTER_V2,VERIFIED_OPERATIONAL_DB_2026-09-06
290,1207-MIC,,,KORS FOR MEN,,https://leparfum.com.gr/en/fragrances-for-men/1207-mic-m,,,,,ACTIVE_MASTER_V2,VERIFIED_OPERATIONAL_DB_2026-09-06
291,1208-MNTB,,,Emblem,,https://leparfum.com.gr/en/fragrances-for-men/1208-mntb-mp,,,,,ACTIVE_MASTER_V2,VERIFIED_OPERATIONAL_DB_2026-09-06
2142,1209-MNTB,,,Explorer,,https://leparfum.com.gr/en/fragrances-for-men/1209-mntb-mp,,,,,ACTIVE_MASTER_V2,VERIFIED_OPERATIONAL_DB_2026-09-06
292,1210-MNTB,,,Individuel,,https://leparfum.com.gr/en/fragrances-for-men/1210-mntb-mp,,,,,ACTIVE_MASTER_V2,VERIFIED_OPERATIONAL_DB_2026-09-06
293,1211-MNTB,,,LEGEND FOR MEN - MONT BLANC,,https://leparfum.com.gr/en/fragrances-for-men/1211-mntb-mp,,,,,ACTIVE_MASTER_V2,VERIFIED_OPERATIONAL_DB_2026-09-06
294,1212-MNTB,,,Legend Intense,,https://leparfum.com.gr/en/fragrances-for-men/1212-mntb-mp,,,,,ACTIVE_MASTER_V2,VERIFIED_OPERATIONAL_DB_2026-09-06
295,1213-MNTB,,,Legend Night,,https://leparfum.com.gr/en/fragrances-for-men/1213-mntb-mp,,,,,ACTIVE_MASTER_V2,VERIFIED_OPERATIONAL_DB_2026-09-06
296,1214-MNTB,,,Legend Spirit,,https://leparfum.com.gr/en/fragrances-for-men/1214-mntb-mp,,,,,ACTIVE_MASTER_V2,VERIFIED_OPERATIONAL_DB_2026-09-06
297,1215-MNTB,,,Presence,,https://leparfum.com.gr/en/fragrances-for-men/1215-mntb-mp,,,,,ACTIVE_MASTER_V2,VERIFIED_OPERATIONAL_DB_2026-09-06
298,1216-MNTB,,,Starwalker,,https://leparfum.com.gr/en/fragrances-for-men/1216-mntb,,,,,ACTIVE_MASTER_V2,VERIFIED_OPERATIONAL_DB_2026-09-06
2217,1217-MONT,,,Homme Eau de Toilette (Eau de Toilette),,https://leparfum.com.gr/en/fragrances-for-men/montana-homme-montana-type-perfume,,,,,ACTIVE_MASTER_V2,VERIFIED_OPERATIONAL_DB_2026-09-06
299,1218-MOS,,,Forever,,https://leparfum.com.gr/en/fragrances-for-men/1218-mos-mp,,,,,ACTIVE_MASTER_V2,VERIFIED_OPERATIONAL_DB_2026-09-06
300,1219-MOS,,,Moschino Pour Homme,,https://leparfum.com.gr/en/fragrances-for-men/1219-mos-mp,,,,,ACTIVE_MASTER_V2,VERIFIED_OPERATIONAL_DB_2026-09-06
,1220-MOS,,,Toy,,,,,,,ACTIVE_MASTER_V2,VERIFIED_OPERATIONAL_DB_2026-09-06
302,1221-MOS,,,Uomo,,https://leparfum.com.gr/en/fragrances-for-men/1221-mos-mp,,,,,ACTIVE_MASTER_V2,VERIFIED_OPERATIONAL_DB_2026-09-06
303,1222-NRO,,,BLEU NOIR,,https://leparfum.com.gr/en/fragrances-for-men/1222-nro-mp,,,,,ACTIVE_MASTER_V2,VERIFIED_OPERATIONAL_DB_2026-09-06
304,1223-NRO,,,NARCISO POUR HOMME - RODRIGUEZ,,https://leparfum.com.gr/en/fragrances-for-men/1223-nro-mp,,,,,ACTIVE_MASTER_V2,VERIFIED_OPERATIONAL_DB_2026-09-06
,1224-APO,,,SCULPTURE,,,,,,,ACTIVE_MASTER_V2,VERIFIED_OPERATIONAL_DB_2026-09-06
306,1225-PAC,,,Black XS Eau de Toilette,,https://leparfum.com.gr/en/fragrances-for-men/1225-pac-m,,,,,ACTIVE_MASTER_V2,VERIFIED_OPERATIONAL_DB_2026-09-06
,1226-PAC,,,INVICTUS,,,,,,,ACTIVE_MASTER_V2,VERIFIED_OPERATIONAL_DB_2026-09-06
308,1227-PAC,,,Invictus aqua,,https://leparfum.com.gr/en/fragrances-for-men/1227-pac-mp,,,,,ACTIVE_MASTER_V2,VERIFIED_OPERATIONAL_DB_2026-09-06
2095,1228-PAC,,,Invictus Legend,,https://leparfum.com.gr/en/fragrances-for-men/1228-pac-mp,,,,,ACTIVE_MASTER_V2,VERIFIED_OPERATIONAL_DB_2026-09-06
309,1229-PAC,,,ONE MILLION,,https://leparfum.com.gr/en/fragrances-for-men/1229-pac-mp,,,,,ACTIVE_MASTER_V2,VERIFIED_OPERATIONAL_DB_2026-09-06
1916,1230-PAC,,,ONE MILLION LUCKY,,https://leparfum.com.gr/en/fragrances-for-men/1230-pac-mp,,,,,ACTIVE_MASTER_V2,VERIFIED_OPERATIONAL_DB_2026-09-06
310,1231-PAC,,,ONE MILLION PRIVE,,https://leparfum.com.gr/en/fragrances-for-men/1231-pac-mp,,,,,ACTIVE_MASTER_V2,VERIFIED_OPERATIONAL_DB_2026-09-06
311,1232-PAC,,,POUR HOMME - PACO RABANNE,,https://leparfum.com.gr/en/fragrances-for-men/1232-pac-m,,,,,ACTIVE_MASTER_V2,VERIFIED_OPERATIONAL_DB_2026-09-06
312,1233-PAC,,,PURE XS EDT,,https://leparfum.com.gr/en/fragrances-for-men/1233-pac-mp,,,,,ACTIVE_MASTER_V2,VERIFIED_OPERATIONAL_DB_2026-09-06
2097,1234-PAC,,,Pure Xs Night,,https://leparfum.com.gr/en/fragrances-for-men/1234-pac-mp,,,,,ACTIVE_MASTER_V2,VERIFIED_OPERATIONAL_DB_2026-09-06
313,1235-PAC,,,ULTRAVIOLET for men,,https://leparfum.com.gr/en/fragrances-for-men/1235-pac-mp,,,,,ACTIVE_MASTER_V2,VERIFIED_OPERATIONAL_DB_2026-09-06
1918,1236-PAL,,,Minotaure,,https://leparfum.com.gr/en/fragrances-for-men/minotaure-paloma-picasso-type,,,,,ACTIVE_MASTER_V2,VERIFIED_OPERATIONAL_DB_2026-09-06
314,1237-PIN,,,Pino Silvestre Original Eau de Toilette,,https://leparfum.com.gr/en/fragrances-for-men/pino-silvester-type,,,,,ACTIVE_MASTER_V2,VERIFIED_OPERATIONAL_DB_2026-09-06
315,1238-PRA,,,Infusion D Homme,,https://leparfum.com.gr/en/fragrances-for-men/1238-pra-mp,,,,,ACTIVE_MASTER_V2,VERIFIED_OPERATIONAL_DB_2026-09-06
918,1239-PRA,,,Infusion D Oeillet,,https://leparfum.com.gr/en/fragrances-for-women/1239-pra-wp,,,,,ACTIVE_MASTER_V2,VERIFIED_OPERATIONAL_DB_2026-09-06
317,1240-PRA,,,Luna Rossa,,https://leparfum.com.gr/en/fragrances-for-men/1240-pra-mp,,,,,ACTIVE_MASTER_V2,VERIFIED_OPERATIONAL_DB_2026-09-06
318,1241-PRA,,,Luna Rossa Carbon Eau de Toilette,,https://leparfum.com.gr/en/fragrances-for-men/1241-pra-mp,,,,,ACTIVE_MASTER_V2,VERIFIED_OPERATIONAL_DB_2026-09-06
319,1242-PRA,,,Luna Rossa Extreme,,https://leparfum.com.gr/en/fragrances-for-men/1242-pra-mp,,,,,ACTIVE_MASTER_V2,VERIFIED_OPERATIONAL_DB_2026-09-06
320,1243-PRA,,,Luna Rossa Sport,,https://leparfum.com.gr/en/fragrances-for-men/1243-pra-mp,,,,,ACTIVE_MASTER_V2,VERIFIED_OPERATIONAL_DB_2026-09-06
,1244-PRA,,,PRADA AMBER POUR HOMME,,,,,,,ACTIVE_MASTER_V2,VERIFIED_OPERATIONAL_DB_2026-09-06
322,1245-PRA,,,PRADA AMBER,,https://leparfum.com.gr/en/fragrances-for-men/1245-pra-mp,,,,,ACTIVE_MASTER_V2,VERIFIED_OPERATIONAL_DB_2026-09-06
,1246-RAL,,,POLO BLUE,,,,,,,ACTIVE_MASTER_V2,VERIFIED_OPERATIONAL_DB_2026-09-06
,1247-RAL,,,POLO RED,,,,,,,ACTIVE_MASTER_V2,VERIFIED_OPERATIONAL_DB_2026-09-06
325,1248-RAL,,,Polo Red Intense,,https://leparfum.com.gr/en/fragrances-for-men/1248-ral-m,,,,,ACTIVE_MASTER_V2,VERIFIED_OPERATIONAL_DB_2026-09-06
326,1249-RAL,,,Polo Sport,,https://leparfum.com.gr/en/fragrances-for-men/1249-ral-m,,,,,ACTIVE_MASTER_V2,VERIFIED_OPERATIONAL_DB_2026-09-06
327,1250-RAL,,,Safari,,https://leparfum.com.gr/en/fragrances-for-men/1250-ral-m,,,,,ACTIVE_MASTER_V2,VERIFIED_OPERATIONAL_DB_2026-09-06
,1251-ROM,,,ROYAL BLUE,,,,,,,ACTIVE_MASTER_V2,VERIFIED_OPERATIONAL_DB_2026-09-06
329,1252-RCAV,,,Black,,https://leparfum.com.gr/en/fragrances-for-men/1252-rcav-mp,,,,,ACTIVE_MASTER_V2,VERIFIED_OPERATIONAL_DB_2026-09-06
330,1253-RCAV,,,Just Cavalli Gold For Him,,https://leparfum.com.gr/en/fragrances-for-men/1253-rcav-mp,,,,,ACTIVE_MASTER_V2,VERIFIED_OPERATIONAL_DB_2026-09-06
331,1254-RCAV,,,JUST HIM - ROBERTO CAVALLI,,https://leparfum.com.gr/en/fragrances-for-men/1254-rcav-mp,,,,,ACTIVE_MASTER_V2,VERIFIED_OPERATIONAL_DB_2026-09-06
333,1256-ROC,,,Rochas Man,,https://leparfum.com.gr/en/fragrances-for-men/1256-roc-μ,,,,,ACTIVE_MASTER_V2,VERIFIED_OPERATIONAL_DB_2026-09-06
334,1257-SFER,,,FERRAGAMO POUR HOMME,,https://leparfum.com.gr/en/fragrances-for-men/ferragamo-pour-homme-clone-perfume,,,,,ACTIVE_MASTER_V2,VERIFIED_OPERATIONAL_DB_2026-09-06
335,1258-SFER,,,TUSCAN SCENT WHITE MIMOSA - SALVATORE FERRAGAMO,,https://leparfum.com.gr/en/fragrances-for-men/tuscan-scent-white-mimosa-salvatore-ferragamo-clone,,,,,ACTIVE_MASTER_V2,VERIFIED_OPERATIONAL_DB_2026-09-06
,1259-SHU,,,OLD SPICE,,,,,,,ACTIVE_MASTER_V2,VERIFIED_OPERATIONAL_DB_2026-09-06
337,1260-TMU,,,A*MEN,,https://leparfum.com.gr/en/fragrances-for-men/1260-tmu-m,,,,,ACTIVE_MASTER_V2,VERIFIED_OPERATIONAL_DB_2026-09-06
2219,1261-TMU,,,B*Men,,https://leparfum.com.gr/en/fragrances-for-men/1261-tmu-m,,,,,ACTIVE_MASTER_V2,VERIFIED_OPERATIONAL_DB_2026-09-06
338,1262-TMU,,,Angel,,https://leparfum.com.gr/en/fragrances-for-men/1262-tmu-m,,,,,ACTIVE_MASTER_V2,VERIFIED_OPERATIONAL_DB_2026-09-06
339,1263-TRU,,,A Way For Him,,https://leparfum.com.gr/en/fragrances-for-men/1263-tru-mp,,,,,ACTIVE_MASTER_V2,VERIFIED_OPERATIONAL_DB_2026-09-06
340,1264-TRU,,,Blue Land,,https://leparfum.com.gr/en/fragrances-for-men/1264-tru-mp,,,,,ACTIVE_MASTER_V2,VERIFIED_OPERATIONAL_DB_2026-09-06
341,1265-TRU,,,My Land,,https://leparfum.com.gr/en/fragrances-for-men/1265-tru-mp,,,,,ACTIVE_MASTER_V2,VERIFIED_OPERATIONAL_DB_2026-09-06
342,1266-TRU,,,Riflesso,,https://leparfum.com.gr/en/fragrances-for-men/1266-tru-mp,,,,,ACTIVE_MASTER_V2,VERIFIED_OPERATIONAL_DB_2026-09-06
343,1267-TRU,,,Trussardi Uomo The Red,,https://leparfum.com.gr/en/fragrances-for-men/1267-tru-mp,,,,,ACTIVE_MASTER_V2,VERIFIED_OPERATIONAL_DB_2026-09-06
344,1268-VAL,,,VALENTINO UOMO - VALENTINO,,https://leparfum.com.gr/en/fragrances-for-men/1268-val-mp,,,,,ACTIVE_MASTER_V2,VERIFIED_OPERATIONAL_DB_2026-09-06
345,1269-VAL,,,VALENTINO UOMO EDITION NOIR,,https://leparfum.com.gr/en/fragrances-for-men/1269-val-mp,,,,,ACTIVE_MASTER_V2,VERIFIED_OPERATIONAL_DB_2026-09-06
971,1270-VAN,,,Bois Doré,,https://leparfum.com.gr/en/fragrances-for-women/bois-dore-van-cleef-arpels-type,,,,,ACTIVE_MASTER_V2,VERIFIED_OPERATIONAL_DB_2026-09-06
347,1271-VAN,,,Tsar Cologne,,https://leparfum.com.gr/en/fragrances-for-men/tsar-van-cleef-arpels-clone,,,,,ACTIVE_MASTER_V2,VERIFIED_OPERATIONAL_DB_2026-09-06
348,1272-VER,,,Blue Jeans,,https://leparfum.com.gr/en/fragrances-for-men/1272-ver-m,,,,,ACTIVE_MASTER_V2,VERIFIED_OPERATIONAL_DB_2026-09-06
349,1273-VER,,,DREAMER,,https://leparfum.com.gr/en/fragrances-for-men/1273-ver-m,,,,,ACTIVE_MASTER_V2,VERIFIED_OPERATIONAL_DB_2026-09-06
350,1274-VER,,,DYLAN BLUE,,https://leparfum.com.gr/en/fragrances-for-men/1274-ver-m,,,,,ACTIVE_MASTER_V2,VERIFIED_OPERATIONAL_DB_2026-09-06
,1275-VER,,,EROS,,,,,,,ACTIVE_MASTER_V2,VERIFIED_OPERATIONAL_DB_2026-09-06
352,1276-VIC,,,Spicebomb,,https://leparfum.com.gr/en/fragrances-for-men/1276-vic-m,,,,,ACTIVE_MASTER_V2,VERIFIED_OPERATIONAL_DB_2026-09-06
353,1277-YZLO,,,Body Kouros,,https://leparfum.com.gr/en/fragrances-for-men/1277-yzlo-m,,,,,ACTIVE_MASTER_V2,VERIFIED_OPERATIONAL_DB_2026-09-06
354,1278-YZLO,,,Kouros,,https://leparfum.com.gr/en/fragrances-for-men/1278-yzlo-m,,,,,ACTIVE_MASTER_V2,VERIFIED_OPERATIONAL_DB_2026-09-06
355,1279-YZLO,,,Kouros Silver,,https://leparfum.com.gr/en/fragrances-for-men/1279-yzlo-m,,,,,ACTIVE_MASTER_V2,VERIFIED_OPERATIONAL_DB_2026-09-06
356,1280-YZLO,,,LA NUIT DEL'HOMME,,https://leparfum.com.gr/en/fragrances-for-men/1280-yzlo-m,,,,,ACTIVE_MASTER_V2,VERIFIED_OPERATIONAL_DB_2026-09-06
357,1281-YZLO,,,L'HOMME INTENSE,,https://leparfum.com.gr/en/fragrances-for-men/1281-yzlo-m,,,,,ACTIVE_MASTER_V2,VERIFIED_OPERATIONAL_DB_2026-09-06
358,1282-YZLO,,,L Homme Libre,,https://leparfum.com.gr/en/fragrances-for-men/1282-yzlo-m,,,,,ACTIVE_MASTER_V2,VERIFIED_OPERATIONAL_DB_2026-09-06
359,1283-YZLO,,,L-homme-sport,,https://leparfum.com.gr/en/fragrances-for-men/1283-yzlo-m,,,,,ACTIVE_MASTER_V2,VERIFIED_OPERATIONAL_DB_2026-09-06
,1284-YZLO,,,M7,,,,,,,ACTIVE_MASTER_V2,VERIFIED_OPERATIONAL_DB_2026-09-06
1005,1285-YZLO,,,Magnificent-blossom,,https://leparfum.com.gr/en/fragrances-for-women/1285-yzlo-w,,,,,ACTIVE_MASTER_V2,VERIFIED_OPERATIONAL_DB_2026-09-06
,1286-YZLO,,,OPIUM,,,,,,,ACTIVE_MASTER_V2,VERIFIED_OPERATIONAL_DB_2026-09-06
363,1287-YZLO,,,Rive Gauche pour Homme,,https://leparfum.com.gr/en/fragrances-for-men/1287-yzlo-m,,,,,ACTIVE_MASTER_V2,VERIFIED_OPERATIONAL_DB_2026-09-06
2116,1288-YZLO,,,Tuxedo Eau de Parfum,,https://leparfum.com.gr/en/fragrances-for-men/1288-yzlo-m,,,,,ACTIVE_MASTER_V2,VERIFIED_OPERATIONAL_DB_2026-09-06
364,1289-YZLO,,,Y,,https://leparfum.com.gr/en/fragrances-for-men/1289-yzlo-m,,,,,ACTIVE_MASTER_V2,VERIFIED_OPERATIONAL_DB_2026-09-06
365,1290-ZAD,,,THIS IS HIM - ZADIG & VOLTAIRE Type,,https://leparfum.com.gr/en/fragrances-for-men/1290-zad-mp,,,,,ACTIVE_MASTER_V2,VERIFIED_OPERATIONAL_DB_2026-09-06
2312,1476-NRO,,,MUSC NOIR FOR HER - NARCISO RODRIGUEZ,,https://leparfum.com.gr/en/fragrances-for-women/1476-nro-wp,,,,,ACTIVE_MASTER_V2,VERIFIED_OPERATIONAL_DB_2026-09-06
2311,1477-HER,,,H24 Eau de Toilette,,https://leparfum.com.gr/en/fragrances-for-men/1477-her-m,,,,,ACTIVE_MASTER_V2,VERIFIED_OPERATIONAL_DB_2026-09-06
2281,1478-HUG,,,Boss-bottled-eau-de-,,https://leparfum.com.gr/en/fragrances-for-men/1478-hug-mp,,,,,ACTIVE_MASTER_V2,VERIFIED_OPERATIONAL_DB_2026-09-06
2270,1479-HER,,,L-ombre-des-merveilles,,https://leparfum.com.gr/en/fragrances-for-women/1479-her-w,,,,,ACTIVE_MASTER_V2,VERIFIED_OPERATIONAL_DB_2026-09-06
2284,1480-ARM,,,Emporio-armani-stronger-with-you-absolutely,,https://leparfum.com.gr/en/fragrances-for-men/1480-arm-m,,,,,ACTIVE_MASTER_V2,VERIFIED_OPERATIONAL_DB_2026-09-06
4090,1481-EON,,,James Bond 007 Eau de Toilette,,https://leparfum.com.gr/en/fragrances-for-men/james-bond-007-eon-productions-inspired,,,,,ACTIVE_MASTER_V2,VERIFIED_OPERATIONAL_DB_2026-09-06
1926,1482-VIC,,,Antidote,,https://leparfum.com.gr/en/fragrances-for-men/1482-vic-m,,,,,ACTIVE_MASTER_V2,VERIFIED_OPERATIONAL_DB_2026-09-06
,1483-DSQ,,,POTION,,,,,,,ACTIVE_MASTER_V2,VERIFIED_OPERATIONAL_DB_2026-09-06
2287,1484-VAL,,,Valentino-uomo-born-in-roma,,https://leparfum.com.gr/en/fragrances-for-men/1484-val-mp,,,,,ACTIVE_MASTER_V2,VERIFIED_OPERATIONAL_DB_2026-09-06
1924,1485-TMU,,,Alien Man,,https://leparfum.com.gr/en/fragrances-for-men/1485-tmu-m,,,,,ACTIVE_MASTER_V2,VERIFIED_OPERATIONAL_DB_2026-09-06
,1486-TRU,,,TRUSSARDI UOMO,,,,,,,ACTIVE_MASTER_V2,VERIFIED_OPERATIONAL_DB_2026-09-06
2286,1487-PAC,,,Black Xs L Aphrodisiaque For Men,,https://leparfum.com.gr/en/fragrances-for-men/1487-pac-mp,,,,,ACTIVE_MASTER_V2,VERIFIED_OPERATIONAL_DB_2026-09-06
2285,1488-LBI,,,Roma Uomo,,https://leparfum.com.gr/en/fragrances-for-men/roma-uomo-laura-biagiotti-type-perfume,,,,,ACTIVE_MASTER_V2,VERIFIED_OPERATIONAL_DB_2026-09-06
,1489-DAV,,,HORIZON,,,,,,,ACTIVE_MASTER_V2,VERIFIED_OPERATIONAL_DB_2026-09-06
2282,1490-DRC,,,Dior-homme-2020-eau-de-toilette,,https://leparfum.com.gr/en/fragrances-for-men/1490-drc-m,,,,,ACTIVE_MASTER_V2,VERIFIED_OPERATIONAL_DB_2026-09-06
,1491-CAL,,,OBSESSED FOR MEN,,,,,,,ACTIVE_MASTER_V2,VERIFIED_OPERATIONAL_DB_2026-09-06
2670,1492-ABE,,,A&F BEACON - ABERCROMBIE & FITCH,,https://leparfum.com.gr/en/fragrances-for-men/beacon-abercrombie-fitch-type,,,,,ACTIVE_MASTER_V2,VERIFIED_OPERATIONAL_DB_2026-09-06
501,1493-ACQ,,,Fico-di-amalfi,,https://leparfum.com.gr/en/fragrances-for-women/1493-acq,,,,,ACTIVE_MASTER_V2,VERIFIED_OPERATIONAL_DB_2026-09-06
,1494-BOD,,,RED MUSK OUD,,,,,,,ACTIVE_MASTER_V2,VERIFIED_OPERATIONAL_DB_2026-09-06
2275,1495-BRB,,,Her-london-dream-eau-de-,,https://leparfum.com.gr/en/fragrances-for-women/1495-brb-wp,,,,,ACTIVE_MASTER_V2,VERIFIED_OPERATIONAL_DB_2026-09-06
538,1496-BRB,,,BURBERRY WEEKEND,,https://leparfum.com.gr/en/fragrances-for-women/1496-brb-wp,,,,,ACTIVE_MASTER_V2,VERIFIED_OPERATIONAL_DB_2026-09-06
2303,1497-BYR,,,Casablanca-lily,,https://leparfum.com.gr/en/elegants-fragrances/1497-byr-el,,,,,ACTIVE_MASTER_V2,VERIFIED_OPERATIONAL_DB_2026-09-06
2305,1498-BYR,,,Gypsy Water,,https://leparfum.com.gr/en/elegants-fragrances/1498-byr-el,,,,,ACTIVE_MASTER_V2,VERIFIED_OPERATIONAL_DB_2026-09-06
2299,1499-BYR,,,Mojave Ghost,,https://leparfum.com.gr/en/elegants-fragrances/1499-byr-el,,,,,ACTIVE_MASTER_V2,VERIFIED_OPERATIONAL_DB_2026-09-06
2249,1500-BYR,,,Tobacco-mandarin,,https://leparfum.com.gr/en/fragrances-for-women/1500-byr-wp,,,,,ACTIVE_MASTER_V2,VERIFIED_OPERATIONAL_DB_2026-09-06
2201,1501-CAR,,,Mystery-tobacco,,https://leparfum.com.gr/en/fragrances-for-women/1501-car-wp,,,,,ACTIVE_MASTER_V2,VERIFIED_OPERATIONAL_DB_2026-09-06
2276,1502-CHA,,,the fragrance COCON MADEM L'EAU PRIVEE,,https://leparfum.com.gr/en/fragrances-for-women/1502-cha-w,,,,,ACTIVE_MASTER_V2,VERIFIED_OPERATIONAL_DB_2026-09-06
2277,1503-DRC,,,Hypnotic Poison Eau Secrete,,https://leparfum.com.gr/en/fragrances-for-women/1503-drc-w,,,,,ACTIVE_MASTER_V2,VERIFIED_OPERATIONAL_DB_2026-09-06
2382,1504-DON,,,BE DELICIOUS ΜΑΙ ΤΑΙ - DKNY,,https://leparfum.com.gr/en/fragrances-for-women/1504-don-wp,,,,,ACTIVE_MASTER_V2,VERIFIED_OPERATIONAL_DB_2026-09-06
2141,1505-EST,,,Bronze-goddess-azur,,https://leparfum.com.gr/en/fragrances-for-women/1505-est-wp,,,,,ACTIVE_MASTER_V2,VERIFIED_OPERATIONAL_DB_2026-09-06
2267,1507-HUG,,,Boss-alive,,https://leparfum.com.gr/en/fragrances-for-women/1507-hug-wp,,,,,ACTIVE_MASTER_V2,VERIFIED_OPERATIONAL_DB_2026-09-06
2266,1508-KIL,,,Angels-share-eau-de-,,https://leparfum.com.gr/en/fragrances-for-women/1508-kil-wp,,,,,ACTIVE_MASTER_V2,VERIFIED_OPERATIONAL_DB_2026-09-06
1933,1509-KIL,,,Amber Oud,,https://leparfum.com.gr/en/fragrances-for-women/1509-kil-wp,,,,,ACTIVE_MASTER_V2,VERIFIED_OPERATIONAL_DB_2026-09-06
2300,1510-KIL,,,Bamboo Harmony,,https://leparfum.com.gr/en/elegants-fragrances/1510-kil-wp,,,,,ACTIVE_MASTER_V2,VERIFIED_OPERATIONAL_DB_2026-09-06
2302,1511-KIL,,,Forbidden Games,,https://leparfum.com.gr/en/fragrances-for-women/1511-kil-wp,,,,,ACTIVE_MASTER_V2,VERIFIED_OPERATIONAL_DB_2026-09-06
2304,1512-KIL,,,In The City Of Sin,,https://leparfum.com.gr/en/fragrances-for-women/1512-kil-wp,,,,,ACTIVE_MASTER_V2,VERIFIED_OPERATIONAL_DB_2026-09-06
2242,1513-KIL,,,PRINCESS - KILIAN PERFUME,,https://leparfum.com.gr/en/fragrances-for-women/1513-kil-wp,,,,,ACTIVE_MASTER_V2,VERIFIED_OPERATIONAL_DB_2026-09-06
2306,1514-KIL,,,WATER CALIGRAPHY - KILIAN,,https://leparfum.com.gr/en/elegants-fragrances/1514-kil-wp,,,,,ACTIVE_MASTER_V2,VERIFIED_OPERATIONAL_DB_2026-09-06
2278,1515-LAN,,,La-nuit-tresor-dentelle-de-roses,,https://leparfum.com.gr/en/fragrances-for-women/1515-lan-w,,,,,ACTIVE_MASTER_V2,VERIFIED_OPERATIONAL_DB_2026-09-06
2251,1516-LAN,,,La-nuit-tresor-nude,,https://leparfum.com.gr/en/fragrances-for-women/1516-lan-w,,,,,ACTIVE_MASTER_V2,VERIFIED_OPERATIONAL_DB_2026-09-06
2279,1517-MOS,,,Toy 2,,https://leparfum.com.gr/en/fragrances-for-women/1517-mos-wp,,,,,ACTIVE_MASTER_V2,VERIFIED_OPERATIONAL_DB_2026-09-06
2762,1518-RAL,,,Romance,,https://leparfum.com.gr/en/fragrances-for-women/1518-ral-w,,,,,ACTIVE_MASTER_V2,VERIFIED_OPERATIONAL_DB_2026-09-06
2246,1519-YZLO,,,Capeline,,https://leparfum.com.gr/en/fragrances-for-women/1519-yzlo-w,,,,,ACTIVE_MASTER_V2,VERIFIED_OPERATIONAL_DB_2026-09-06
2280,1520-YZLO,,,Libre-eau-de-parfum-intense,,https://leparfum.com.gr/en/fragrances-for-women/1520-yzlo-w,,,,,ACTIVE_MASTER_V2,VERIFIED_OPERATIONAL_DB_2026-09-06
2248,1521-ZAD,,,Girls-can-be-crazy,,https://leparfum.com.gr/en/fragrances-for-women/1521-zad-wp,,,,,ACTIVE_MASTER_V2,VERIFIED_OPERATIONAL_DB_2026-09-06
2274,1522-ZAD,,,THIS IS US! - ZADIG & VOLTAIRE,,https://leparfum.com.gr/en/fragrances-for-men/1522-zad-wp,,,,,ACTIVE_MASTER_V2,VERIFIED_OPERATIONAL_DB_2026-09-06
,1523-AFN,,,DEHN AL OUDH ABIYAD,,,,,,,ACTIVE_MASTER_V2,VERIFIED_OPERATIONAL_DB_2026-09-06
2308,1524-AMG,,,Interlude Woman Eau de Parfum,,https://leparfum.com.gr/en/niche-perfumes/1524-amg-n,,,,,ACTIVE_MASTER_V2,VERIFIED_OPERATIONAL_DB_2026-09-06
2307,1525-AMG,,,Reflection Woman,,https://leparfum.com.gr/en/niche-perfumes/1525-amg-n,,,,,ACTIVE_MASTER_V2,VERIFIED_OPERATIONAL_DB_2026-09-06
,1526-AL HAR,,,MUKHALLAT AL EMIRATES,,,,,,,ACTIVE_MASTER_V2,VERIFIED_OPERATIONAL_DB_2026-09-06
2269,1528-KUR,,,BACCARAT ROUGE 540 EXTRAIT,,https://leparfum.com.gr/en/niche-perfumes/1528-kur-n,,,,,ACTIVE_MASTER_V2,VERIFIED_OPERATIONAL_DB_2026-09-06
2247,1529-BDIK,,,Rouge Smoking Eau de Parfum,,https://leparfum.com.gr/en/niche-perfumes/1529-bdik-n,,,,,ACTIVE_MASTER_V2,VERIFIED_OPERATIONAL_DB_2026-09-06
2252,1530-INI,,,DIVINE ATTRACTION - INITIO PARFUMS,,https://leparfum.com.gr/en/niche-perfumes/1530-ini-n,,,,,ACTIVE_MASTER_V2,VERIFIED_OPERATIONAL_DB_2026-09-06
2250,1531-PARF,,,Kalan,,https://leparfum.com.gr/en/niche-perfumes/1531-parf-n,,,,,ACTIVE_MASTER_V2,VERIFIED_OPERATIONAL_DB_2026-09-06
3921,1532-ROJ,,,ELYSIUM POUR HOMME PARFUM - ROJA DOVE,,https://leparfum.com.gr/en/luxury-perfumes/elysium-pour-homme-parfum-roja-dove-inspired-perfume,,,,,ACTIVE_MASTER_V2,VERIFIED_OPERATIONAL_DB_2026-09-06
2254,1533-SERG,,,Ambre-sultan-eau-de-,,https://leparfum.com.gr/en/niche-perfumes/1533-serg-ν,,,,,ACTIVE_MASTER_V2,VERIFIED_OPERATIONAL_DB_2026-09-06
,1534-SWI,,,SWISS ARMY VICTORINOX,,,,,,,ACTIVE_MASTER_V2,VERIFIED_OPERATIONAL_DB_2026-09-06
2296,1535-BOA,,,Blue Sapphire Pure Parfum,,https://leparfum.com.gr/en/luxury-perfumes/1535-boa-lux,,,,,ACTIVE_MASTER_V2,VERIFIED_OPERATIONAL_DB_2026-09-06
2295,1536-BOA,,,HEROINE for women,,https://leparfum.com.gr/en/luxury-perfumes/1536-boa-lux,,,,,ACTIVE_MASTER_V2,VERIFIED_OPERATIONAL_DB_2026-09-06
2310,1537-CHA,,,LE LION,,https://leparfum.com.gr/en/luxury-perfumes/1537-cha-lux,,,,,ACTIVE_MASTER_V2,VERIFIED_OPERATIONAL_DB_2026-09-06
2294,1538-FRE,,,THE MOON,,https://leparfum.com.gr/en/luxury-perfumes/1538-fre-lux,,,,,ACTIVE_MASTER_V2,VERIFIED_OPERATIONAL_DB_2026-09-06
2309,1539-ORT,,,Terroni,,https://leparfum.com.gr/en/luxury-perfumes/terroni-orto-parisi-aroma,,,,,ACTIVE_MASTER_V2,VERIFIED_OPERATIONAL_DB_2026-09-06
2740,1542-JOM,,,English Oak & Redcurrant by Jo Malone London,,https://leparfum.com.gr/en/elegants-fragrances/1542-jom,,,,,ACTIVE_MASTER_V2,VERIFIED_OPERATIONAL_DB_2026-09-06
2243,1545-MNT,,,Intense Tiare,,https://leparfum.com.gr/en/elegants-fragrances/1545-mnt-el,,,,,ACTIVE_MASTER_V2,VERIFIED_OPERATIONAL_DB_2026-09-06
2245,1546-TMFO,,,Bitter-peach-eau-de-,,https://leparfum.com.gr/en/elegants-fragrances/1546-tmfo-el,,,,,ACTIVE_MASTER_V2,VERIFIED_OPERATIONAL_DB_2026-09-06
2298,1547-TMFO,,,Santal Blush,,https://leparfum.com.gr/en/elegants-fragrances/1547-tmfo-el,,,,,ACTIVE_MASTER_V2,VERIFIED_OPERATIONAL_DB_2026-09-06
2244,1548-TMFO,,,SOLEIL NIEGE,,https://leparfum.com.gr/en/elegants-fragrances/1548-tmfo-el,,,,,ACTIVE_MASTER_V2,VERIFIED_OPERATIONAL_DB_2026-09-06
2241,1549-TMFO,,,Venetian Bergamot,,https://leparfum.com.gr/en/elegants-fragrances/1549-tmfo-el,,,,,ACTIVE_MASTER_V2,VERIFIED_OPERATIONAL_DB_2026-09-06
2331,1550-YAN,,,HOME SWEET HOME - YANKEE,,https://leparfum.com.gr/en/elegants-fragrances/home-sweet-home-yankee-arwmata_xvrou,,,,,ACTIVE_MASTER_V2,VERIFIED_OPERATIONAL_DB_2026-09-06
2317,1551-VICT,,,Tease-dreamer-eau-de-,,https://leparfum.com.gr/en/fragrances-for-women/1551-vict-wp,,,,,ACTIVE_MASTER_V2,VERIFIED_OPERATIONAL_DB_2026-09-06
2316,1552-VER,,,Yellow Diamond,,https://leparfum.com.gr/en/fragrances-for-women/1552-ver-w,,,,,ACTIVE_MASTER_V2,VERIFIED_OPERATIONAL_DB_2026-09-06
2315,1553-MNT,,,Arabians-tonka,,https://leparfum.com.gr/en/niche-perfumes/1553-mnt-n,,,,,ACTIVE_MASTER_V2,VERIFIED_OPERATIONAL_DB_2026-09-06
2318,1554-VICT,,,Bombshell-gold-eau-de-,,https://leparfum.com.gr/en/fragrances-for-women/1554-vict-wp,,,,,ACTIVE_MASTER_V2,VERIFIED_OPERATIONAL_DB_2026-09-06
2319,1555-GUR,,,Shalimar-philtre-de-,,https://leparfum.com.gr/en/fragrances-for-women/1555-gur-w,,,,,ACTIVE_MASTER_V2,VERIFIED_OPERATIONAL_DB_2026-09-06
2321,1556-CHA,,,Coromandel-,,https://leparfum.com.gr/en/niche-perfumes/1556-cha-n,,,,,ACTIVE_MASTER_V2,VERIFIED_OPERATIONAL_DB_2026-09-06
2320,1557-FRE,,,ROSE & CUIR,,https://leparfum.com.gr/en/niche-perfumes/1557-fre-n,,,,,ACTIVE_MASTER_V2,VERIFIED_OPERATIONAL_DB_2026-09-06
2323,1558-TMFO,,,Tubereuse-nue,,https://leparfum.com.gr/en/elegants-fragrances/1558-tmfo-el,,,,,ACTIVE_MASTER_V2,VERIFIED_OPERATIONAL_DB_2026-09-06
2322,1559-VICT,,,Angel-gold-eau-de-,,https://leparfum.com.gr/en/fragrances-for-women/1559-vict-wp,,,,,ACTIVE_MASTER_V2,VERIFIED_OPERATIONAL_DB_2026-09-06
2325,1612-LTN,,,Turbulences,,https://leparfum.com.gr/en/niche-perfumes/1612-ltn-n,,,,,ACTIVE_MASTER_V2,VERIFIED_OPERATIONAL_DB_2026-09-06
2324,1613-FRE,,,THE NIGHT,,https://leparfum.com.gr/en/luxury-perfumes/1613-fre-lux,,,,,ACTIVE_MASTER_V2,VERIFIED_OPERATIONAL_DB_2026-09-06
2328,1614-FRE,,,DAWN,,https://leparfum.com.gr/en/luxury-perfumes/1614-fre-lux,,,,,ACTIVE_MASTER_V2,VERIFIED_OPERATIONAL_DB_2026-09-06
2327,1615-FRE,,,PROMISE,,https://leparfum.com.gr/en/luxury-perfumes/1615-fre-lux,,,,,ACTIVE_MASTER_V2,VERIFIED_OPERATIONAL_DB_2026-09-06
2366,1616-MDI,,,Invasion Barbare Eau de Parfum,,https://leparfum.com.gr/en/niche-perfumes/1616-mdi-n,,,,,ACTIVE_MASTER_V2,VERIFIED_OPERATIONAL_DB_2026-09-06
2333,1617-MNT,,,Vanilla Extasy,,https://leparfum.com.gr/en/niche-perfumes/1617-mnt-n,,,,,ACTIVE_MASTER_V2,VERIFIED_OPERATIONAL_DB_2026-09-06
2336,1618-NISH,,,Ani,,https://leparfum.com.gr/en/niche-perfumes/1618-nish-n,,,,,ACTIVE_MASTER_V2,VERIFIED_OPERATIONAL_DB_2026-09-06
2337,1619-NISH,,,Hundred Silent Ways,,https://leparfum.com.gr/en/niche-perfumes/1619-nish-n,,,,,ACTIVE_MASTER_V2,VERIFIED_OPERATIONAL_DB_2026-09-06
2343,1620-GUR,,,SPIRITUESE DOUBLE VANILLA,,https://leparfum.com.gr/en/niche-perfumes/1620-gur-n,,,,,ACTIVE_MASTER_V2,VERIFIED_OPERATIONAL_DB_2026-09-06
2347,1621-NAS,,,Fantomas,,https://leparfum.com.gr/en/niche-perfumes/1621-nas-n,,,,,ACTIVE_MASTER_V2,VERIFIED_OPERATIONAL_DB_2026-09-06
2352,1622-FRA,,,COCAINE-FRANCK BOCLET,,https://leparfum.com.gr/en/niche-perfumes/1622-fra-n,,,,,ACTIVE_MASTER_V2,VERIFIED_OPERATIONAL_DB_2026-09-06
2346,1623-ARM,,,AMBRE ECCENTRICO,,https://leparfum.com.gr/en/niche-perfumes/1623-arm-n,,,,,ACTIVE_MASTER_V2,VERIFIED_OPERATIONAL_DB_2026-09-06
2351,1624-XER,,,La-capitale,,https://leparfum.com.gr/en/niche-perfumes/1624-xer-n,,,,,ACTIVE_MASTER_V2,VERIFIED_OPERATIONAL_DB_2026-09-06
2365,1625-KIL,,,Apple Brandy,,https://leparfum.com.gr/en/niche-perfumes/1625-kil-n,,,,,ACTIVE_MASTER_V2,VERIFIED_OPERATIONAL_DB_2026-09-06
2350,1626-BON,,,New Haarlem,,https://leparfum.com.gr/en/niche-perfumes/1626-bon-n,,,,,ACTIVE_MASTER_V2,VERIFIED_OPERATIONAL_DB_2026-09-06
2348,1627-CLIV,,,VANILLA ORCHID XXI ART DECO - CLIVE CHRISTIAN,,https://leparfum.com.gr/en/niche-perfumes/1627-cliv-n,,,,,ACTIVE_MASTER_V2,VERIFIED_OPERATIONAL_DB_2026-09-06
,1628-AL HAR,,,WARDIA,,,,,,,ACTIVE_MASTER_V2,VERIFIED_OPERATIONAL_DB_2026-09-06
,1629-AL HAR,,,MUSK MALIKI,,,,,,,ACTIVE_MASTER_V2,VERIFIED_OPERATIONAL_DB_2026-09-06
2341,1630-GUL,,,Scandal-pour-homme,,https://leparfum.com.gr/en/fragrances-for-men/1630-gul-mp,,,,,ACTIVE_MASTER_V2,VERIFIED_OPERATIONAL_DB_2026-09-06
2742,1631-DRC,,,VANILLA ORAMA,,https://leparfum.com.gr/en/elegants-fragrances/1631-drc-el,,,,,ACTIVE_MASTER_V2,VERIFIED_OPERATIONAL_DB_2026-09-06
2339,1632-PAC,,,Phantom Eau de Toilette,,https://leparfum.com.gr/en/fragrances-for-men/1632-pac-mp,,,,,ACTIVE_MASTER_V2,VERIFIED_OPERATIONAL_DB_2026-09-06
2338,1633-PAC,,,Invictus-victory,,https://leparfum.com.gr/en/fragrances-for-men/1633-pac-mp,,,,,ACTIVE_MASTER_V2,VERIFIED_OPERATIONAL_DB_2026-09-06
2340,1634-BRB,,,Hero Eau de Toilette,,https://leparfum.com.gr/en/fragrances-for-men/1634-brb-mp,,,,,ACTIVE_MASTER_V2,VERIFIED_OPERATIONAL_DB_2026-09-06
2349,1635-XER,,,Lira,,https://leparfum.com.gr/en/niche-perfumes/1635-xer-n,,,,,ACTIVE_MASTER_V2,VERIFIED_OPERATIONAL_DB_2026-09-06
,1636-KIL,,,PEARL OUD,,,,,,,ACTIVE_MASTER_V2,VERIFIED_OPERATIONAL_DB_2026-09-06
2368,1637-CRD,,,Love In Black,,https://leparfum.com.gr/en/elegants-fragrances/1637-crd-el,,,,,ACTIVE_MASTER_V2,VERIFIED_OPERATIONAL_DB_2026-09-06
2374,1638-XER,,,Star-musk,,https://leparfum.com.gr/en/niche-perfumes/1638-xer-n,,,,,ACTIVE_MASTER_V2,VERIFIED_OPERATIONAL_DB_2026-09-06
2377,1639-TER,,,Casanova,,https://leparfum.com.gr/en/niche-perfumes/1639-ter-n,,,,,ACTIVE_MASTER_V2,VERIFIED_OPERATIONAL_DB_2026-09-06
2375,1640-GUC,,,The Voice Of The Snake,,https://leparfum.com.gr/en/niche-perfumes/1640-guc-n,,,,,ACTIVE_MASTER_V2,VERIFIED_OPERATIONAL_DB_2026-09-06
2376,1641-KHAL,,,Aloha Parfum,,https://leparfum.com.gr/en/arabian-perfumes/aloha-khaltat-similar-type,,,,,ACTIVE_MASTER_V2,VERIFIED_OPERATIONAL_DB_2026-09-06
2369,1642-VICT,,,Rose Caramel,,https://leparfum.com.gr/en/fragrances-for-women/1642-vict-wp,,,,,ACTIVE_MASTER_V2,VERIFIED_OPERATIONAL_DB_2026-09-06
2370,1643-GUL,,,Classique Cabaret,,https://leparfum.com.gr/en/fragrances-for-women/1643-gul-wp,,,,,ACTIVE_MASTER_V2,VERIFIED_OPERATIONAL_DB_2026-09-06
,1644-DRC,,,SAUVAGE ELIXIR,,,,,,,ACTIVE_MASTER_V2,VERIFIED_OPERATIONAL_DB_2026-09-06
2385,1648-FRE,,,Carnal Flower,,https://leparfum.com.gr/en/niche-perfumes/1648-fre-n,,,,,ACTIVE_MASTER_V2,VERIFIED_OPERATIONAL_DB_2026-09-06
,1649-GIV,,,L INTERDIT INTENSE,,,,,,,ACTIVE_MASTER_V2,VERIFIED_OPERATIONAL_DB_2026-09-06
2381,1650-LAN,,,La-vie-est-belle-soleil-cristal,,https://leparfum.com.gr/en/fragrances-for-women/1650-lan-w,,,,,ACTIVE_MASTER_V2,VERIFIED_OPERATIONAL_DB_2026-09-06
2383,1651-TMU,,,Alien-goddess-eau-de-,,https://leparfum.com.gr/en/fragrances-for-women/1651-tmu-w,,,,,ACTIVE_MASTER_V2,VERIFIED_OPERATIONAL_DB_2026-09-06
2384,1652-DRC,,,MISS EAU DE PARFUM 2021,,https://leparfum.com.gr/en/fragrances-for-women/1652-drc-w-perfume,,,,,ACTIVE_MASTER_V2,VERIFIED_OPERATIONAL_DB_2026-09-06
2386,1653-MAN,,,Roses-vanille-eau-de-,,https://leparfum.com.gr/en/niche-perfumes/1653-man-n,,,,,ACTIVE_MASTER_V2,VERIFIED_OPERATIONAL_DB_2026-09-06
4623,1654-ACQ,,,Colonia 1916,,https://leparfum.com.gr/en/fragrances-for-men/1654-acq-mp,,,,,ACTIVE_MASTER_V2,VERIFIED_OPERATIONAL_DB_2026-09-06
2400,1655-JOM,,,Oat & Cornflower by Jo Malone London,,https://leparfum.com.gr/en/elegants-fragrances/1655-jom-el,,,,,ACTIVE_MASTER_V2,VERIFIED_OPERATIONAL_DB_2026-09-06
2403,1656-LOC,,,TERRE DE LUMIERE - L OCCITANE,,https://leparfum.com.gr/en/elegants-fragrances/terre-de-lumiere-l-occitane-similar-type,,,,,ACTIVE_MASTER_V2,VERIFIED_OPERATIONAL_DB_2026-09-06
2402,1657-TMU,,,Amen Pure Tonka,,https://leparfum.com.gr/en/fragrances-for-men/1657-tmu-m,,,,,ACTIVE_MASTER_V2,VERIFIED_OPERATIONAL_DB_2026-09-06
2399,1658-GUR,,,La Petite Robe Noire,,https://leparfum.com.gr/en/fragrances-for-women/1658-gur-w,,,,,ACTIVE_MASTER_V2,VERIFIED_OPERATIONAL_DB_2026-09-06
,1659-CHRA,,,BY NIGHT,,,,,,,ACTIVE_MASTER_V2,VERIFIED_OPERATIONAL_DB_2026-09-06
2393,1660-ESCE,,,Molecule 01,,https://leparfum.com.gr/en/elegants-fragrances/molecule-01-similar-type,,,,,ACTIVE_MASTER_V2,VERIFIED_OPERATIONAL_DB_2026-09-06
2396,1669-PARF,,,Greenley,,https://leparfum.com.gr/en/niche-perfumes/1669-parf-n,,,,,ACTIVE_MASTER_V2,VERIFIED_OPERATIONAL_DB_2026-09-06
2397,1670-NAS,,,Narcotic Venus,,https://leparfum.com.gr/en/niche-perfumes/1670-nas-n,,,,,ACTIVE_MASTER_V2,VERIFIED_OPERATIONAL_DB_2026-09-06
2398,1671-KIL,,,Rolling-in-love,,https://leparfum.com.gr/en/niche-perfumes/1671-kil-n,,,,,ACTIVE_MASTER_V2,VERIFIED_OPERATIONAL_DB_2026-09-06
2404,1672-KIL,,,Vodka On The Rocks,,https://leparfum.com.gr/en/niche-perfumes/1672-kil-n,,,,,ACTIVE_MASTER_V2,VERIFIED_OPERATIONAL_DB_2026-09-06
2395,1673-XER,,,More-than-words,,https://leparfum.com.gr/en/niche-perfumes/1673-xer-n,,,,,ACTIVE_MASTER_V2,VERIFIED_OPERATIONAL_DB_2026-09-06
2394,1674-KUR,,,L-homme-a-la-rose,,https://leparfum.com.gr/en/niche-perfumes/1674-kur-n,,,,,ACTIVE_MASTER_V2,VERIFIED_OPERATIONAL_DB_2026-09-06
2411,1675-NRO,,,Narciso-eau-de-parfum-ambree,,https://leparfum.com.gr/en/fragrances-for-women/1675-nro-wp,,,,,ACTIVE_MASTER_V2,VERIFIED_OPERATIONAL_DB_2026-09-06
2410,1676-CAL,,,Euphoria-blush,,https://leparfum.com.gr/en/fragrances-for-women/1676-cal-wp,,,,,ACTIVE_MASTER_V2,VERIFIED_OPERATIONAL_DB_2026-09-06
2406,1677-BYR,,,Eleventh Hour,,https://leparfum.com.gr/en/niche-perfumes/1677-byr-n,,,,,ACTIVE_MASTER_V2,VERIFIED_OPERATIONAL_DB_2026-09-06
2405,1678-BYR,,,SELLIER,,https://leparfum.com.gr/en/niche-perfumes/1678-byr-n,,,,,ACTIVE_MASTER_V2,VERIFIED_OPERATIONAL_DB_2026-09-06
2407,1679-BYR,,,Rose Of No Man S Land,,https://leparfum.com.gr/en/niche-perfumes/1679-byr-n,,,,,ACTIVE_MASTER_V2,VERIFIED_OPERATIONAL_DB_2026-09-06
2409,1680-DRC,,,Rouge-trafalgar-eau-de-,,https://leparfum.com.gr/en/niche-perfumes/1680-drc-n,,,,,ACTIVE_MASTER_V2,VERIFIED_OPERATIONAL_DB_2026-09-06
2408,1681-MNT,,,Intense Cafe,,https://leparfum.com.gr/en/niche-perfumes/1681-mnt-n-perfume,,,,,ACTIVE_MASTER_V2,VERIFIED_OPERATIONAL_DB_2026-09-06
,1682-HER,,,24 FAUBOURG,,,,,,,ACTIVE_MASTER_V2,VERIFIED_OPERATIONAL_DB_2026-09-06
2414,1683-HER,,,Un Jardin Sur La Lagune,,https://leparfum.com.gr/en/fragrances-for-women/1683-her-w,,,,,ACTIVE_MASTER_V2,VERIFIED_OPERATIONAL_DB_2026-09-06
,1684-GIV,,,YSATIS,,,,,,,ACTIVE_MASTER_V2,VERIFIED_OPERATIONAL_DB_2026-09-06
2416,1685-FRE,,,EN PASSANT Woman's perfume,,https://leparfum.com.gr/en/niche-perfumes/1685-fre-n,,,,,ACTIVE_MASTER_V2,VERIFIED_OPERATIONAL_DB_2026-09-06
2413,1686-PRA,,,Luna Rossa Black,,https://leparfum.com.gr/en/fragrances-for-men/1686-pra-mp,,,,,ACTIVE_MASTER_V2,VERIFIED_OPERATIONAL_DB_2026-09-06
2427,1693-BYR,,,Mixed-emotions,,https://leparfum.com.gr/en/elegants-fragrances/1693-byr-el,,,,,ACTIVE_MASTER_V2,VERIFIED_OPERATIONAL_DB_2026-09-06
2436,1694-TMFO,,,Oud Fleur,,https://leparfum.com.gr/en/elegants-fragrances/1694-tmfo-el,,,,,ACTIVE_MASTER_V2,VERIFIED_OPERATIONAL_DB_2026-09-06
2426,1695-TMFO,,,Soleil-brulant,,https://leparfum.com.gr/en/elegants-fragrances/1695-tmfo-el,,,,,ACTIVE_MASTER_V2,VERIFIED_OPERATIONAL_DB_2026-09-06
2425,1696-CRD,,,Royal Water,,https://leparfum.com.gr/en/elegants-fragrances/1696-crd-el,,,,,ACTIVE_MASTER_V2,VERIFIED_OPERATIONAL_DB_2026-09-06
2430,1697-LEL,,,The Noir 29,,https://leparfum.com.gr/en/niche-perfumes/1697-lel-n,,,,,ACTIVE_MASTER_V2,VERIFIED_OPERATIONAL_DB_2026-09-06
2429,1698-LEL,,,Oud 27,,https://leparfum.com.gr/en/niche-perfumes/1698-lel-n,,,,,ACTIVE_MASTER_V2,VERIFIED_OPERATIONAL_DB_2026-09-06
2428,1699-LTN,,,Nuit de Feu,,https://leparfum.com.gr/en/niche-perfumes/1699-ltn-n,,,,,ACTIVE_MASTER_V2,VERIFIED_OPERATIONAL_DB_2026-09-06
2438,1700-MNT,,,Musk To Musk,,https://leparfum.com.gr/en/niche-perfumes/1700-mnt-n,,,,,ACTIVE_MASTER_V2,VERIFIED_OPERATIONAL_DB_2026-09-06
,1701-TOSC,,,TOSCA,,,,,,,ACTIVE_MASTER_V2,VERIFIED_OPERATIONAL_DB_2026-09-06
4387,1702-KUR,,,Oud,,https://leparfum.com.gr/el/niche-%CE%B1%CF%81%CF%8E%CE%BC%CE%B1%CF%84%CE%B1/1702-kur-oud,,,,,ACTIVE_MASTER_V2,VERIFIED_OPERATIONAL_DB_2026-09-06
2440,1703-CAL,,,Defy Eau de Toilette,,https://leparfum.com.gr/en/fragrances-for-men/1703-cal-mp,,,,,ACTIVE_MASTER_V2,VERIFIED_OPERATIONAL_DB_2026-09-06
2439,1704-CAR,,,212-heroes,,https://leparfum.com.gr/en/fragrances-for-men/1704-car-m,,,,,ACTIVE_MASTER_V2,VERIFIED_OPERATIONAL_DB_2026-09-06
2735,1706-KIL,,,Playing With The Devil,,https://leparfum.com.gr/en/elegants-fragrances/1706-kil-wp,,,,,ACTIVE_MASTER_V2,VERIFIED_OPERATIONAL_DB_2026-09-06
2452,1718-TER,,,Cassiopea,,https://leparfum.com.gr/en/niche-perfumes/1718-ter-n,,,,,ACTIVE_MASTER_V2,VERIFIED_OPERATIONAL_DB_2026-09-06
2451,1719-MEM,,,Corfu,,https://leparfum.com.gr/en/niche-perfumes/1719-mem-n,,,,,ACTIVE_MASTER_V2,VERIFIED_OPERATIONAL_DB_2026-09-06
2450,1720-LEL,,,Vetiver 46,,https://leparfum.com.gr/en/niche-perfumes/1720-lel-n,,,,,ACTIVE_MASTER_V2,VERIFIED_OPERATIONAL_DB_2026-09-06
2453,1721-BLG,,,Le-gemme-azaran,,https://leparfum.com.gr/en/niche-perfumes/1721-blg-n,,,,,ACTIVE_MASTER_V2,VERIFIED_OPERATIONAL_DB_2026-09-06
2449,1722-CRD,,,White-flowers,,https://leparfum.com.gr/en/elegants-fragrances/1722-crd-el,,,,,ACTIVE_MASTER_V2,VERIFIED_OPERATIONAL_DB_2026-09-06
2448,1723-TMFO,,,Vert Des Bois,,https://leparfum.com.gr/en/elegants-fragrances/1723-tmfo-el,,,,,ACTIVE_MASTER_V2,VERIFIED_OPERATIONAL_DB_2026-09-06
2454,1726-MNTB,,,Signature,,https://leparfum.com.gr/en/fragrances-for-women/1726-mntb-wp,,,,,ACTIVE_MASTER_V2,VERIFIED_OPERATIONAL_DB_2026-09-06
2456,1727-LAN,,,Idole-aura,,https://leparfum.com.gr/en/fragrances-for-women/1727-lan-w,,,,,ACTIVE_MASTER_V2,VERIFIED_OPERATIONAL_DB_2026-09-06
2457,1728-ARM,,,My-way-intense,,https://leparfum.com.gr/en/fragrances-for-women/1728-arm-w,,,,,ACTIVE_MASTER_V2,VERIFIED_OPERATIONAL_DB_2026-09-06
2455,1729-CAR,,,Very-good-girl-eau-de-,,https://leparfum.com.gr/en/fragrances-for-women/1729-car-wp,,,,,ACTIVE_MASTER_V2,VERIFIED_OPERATIONAL_DB_2026-09-06
2458,1730-HER,,,Twilly-d-hermes-eau-ginger,,https://leparfum.com.gr/en/fragrances-for-women/1730-her-w,,,,,ACTIVE_MASTER_V2,VERIFIED_OPERATIONAL_DB_2026-09-06
2516,1731-VICT,,,TEASE CREAM CLOUD - VICTORIA'S SECRET,,https://leparfum.com.gr/en/fragrances-for-women/1731-vict-wp,,,,,ACTIVE_MASTER_V2,VERIFIED_OPERATIONAL_DB_2026-09-06
2518,1732-MIC,,,Super-gorgeous,,https://leparfum.com.gr/en/fragrances-for-women/1732-mic-w,,,,,ACTIVE_MASTER_V2,VERIFIED_OPERATIONAL_DB_2026-09-06
2506,1733-BYR,,,Mumbai-noise,,https://leparfum.com.gr/en/niche-perfumes/1733-byr-n,,,,,ACTIVE_MASTER_V2,VERIFIED_OPERATIONAL_DB_2026-09-06
2515,1734-TMFO,,,Ebene-fume-eau-de-,,https://leparfum.com.gr/en/niche-perfumes/1734-tmfo-n,,,,,ACTIVE_MASTER_V2,VERIFIED_OPERATIONAL_DB_2026-09-06
2552,1735-XER,,,Italica,,https://leparfum.com.gr/en/niche-perfumes/1735-xer-n,,,,,ACTIVE_MASTER_V2,VERIFIED_OPERATIONAL_DB_2026-09-06
2553,1736-PRFRO,,,Arso,,https://leparfum.com.gr/en/niche-perfumes/1736-prfro-n,,,,,ACTIVE_MASTER_V2,VERIFIED_OPERATIONAL_DB_2026-09-06
2555,1737-GIV,,,L INTERDIT ROUGE EDP,,https://leparfum.com.gr/en/fragrances-for-women/1737-giv-w,,,,,ACTIVE_MASTER_V2,VERIFIED_OPERATIONAL_DB_2026-09-06
2825,1743-LBI,,,Sotto Voce,,https://leparfum.com.gr/en/fragrances-for-women/sotto-voce-biagiotti-perfume-type,,,,,ACTIVE_MASTER_V2,VERIFIED_OPERATIONAL_DB_2026-09-06
2598,1744-CLI,,,Aromatics In Black,,https://leparfum.com.gr/en/fragrances-for-women/aromatics-black-clinique-clone,,,,,ACTIVE_MASTER_V2,VERIFIED_OPERATIONAL_DB_2026-09-06
2599,1745-SERG,,,Chergui-eau-de-,,https://leparfum.com.gr/en/niche-perfumes/1745-serg-ν,,,,,ACTIVE_MASTER_V2,VERIFIED_OPERATIONAL_DB_2026-09-06
2600,1746-XER,,,Alexandria-iii,,https://leparfum.com.gr/en/niche-perfumes/1746-xer-n,,,,,ACTIVE_MASTER_V2,VERIFIED_OPERATIONAL_DB_2026-09-06
2601,1747-VICT,,,Bare Vanilla,,https://leparfum.com.gr/en/fragrances-for-women/1747-vict-wp,,,,,ACTIVE_MASTER_V2,VERIFIED_OPERATIONAL_DB_2026-09-06
2602,1748-BYR,,,Marijuana,,https://leparfum.com.gr/en/niche-perfumes/1748-byr-n,,,,,ACTIVE_MASTER_V2,VERIFIED_OPERATIONAL_DB_2026-09-06
2603,1749-BLG,,,Le Gemme  Gyan,,https://leparfum.com.gr/en/niche-perfumes/1749-blg-n,,,,,ACTIVE_MASTER_V2,VERIFIED_OPERATIONAL_DB_2026-09-06
2604,1750-LTN,,,Sun Song,,https://leparfum.com.gr/en/niche-perfumes/1750-ltn-n,,,,,ACTIVE_MASTER_V2,VERIFIED_OPERATIONAL_DB_2026-09-06
2613,1751-GUL,,,MADAME,,https://leparfum.com.gr/en/fragrances-for-women/1751-gul-wp,,,,,ACTIVE_MASTER_V2,VERIFIED_OPERATIONAL_DB_2026-09-06
2606,1752-JUL,,,Vanilla Vibes,,https://leparfum.com.gr/en/niche-perfumes/1752-jul-n,,,,,ACTIVE_MASTER_V2,VERIFIED_OPERATIONAL_DB_2026-09-06
,1753-TEDL,,,TED,,,,,,,ACTIVE_MASTER_V2,VERIFIED_OPERATIONAL_DB_2026-09-06
2609,1754-HER,,,VANILLE GALANTE HERMESSENCE - HERMES,,https://leparfum.com.gr/en/niche-perfumes/1754-her-n,,,,,ACTIVE_MASTER_V2,VERIFIED_OPERATIONAL_DB_2026-09-06
2618,1755-MNT,,,Vanilla Cake,,https://leparfum.com.gr/en/niche-perfumes/1755-mnt-n-perfume,,,,,ACTIVE_MASTER_V2,VERIFIED_OPERATIONAL_DB_2026-09-06
2826,1756-LBI,,,ROMA - LAURA BIAGIOTTI,,https://leparfum.com.gr/en/fragrances-for-women/roma-laura-biagiotti-perfume-type,,,,,ACTIVE_MASTER_V2,VERIFIED_OPERATIONAL_DB_2026-09-06
2610,1757-DIP,,,Eau Duelle,,https://leparfum.com.gr/en/niche-perfumes/1757-dip-n,,,,,ACTIVE_MASTER_V2,VERIFIED_OPERATIONAL_DB_2026-09-06
2631,1758-MNT,,,Roses-musk-eau-de-,,https://leparfum.com.gr/en/niche-perfumes/1758-mnt-n,,,,,ACTIVE_MASTER_V2,VERIFIED_OPERATIONAL_DB_2026-09-06
2630,1759-LTN,,,LES,,https://leparfum.com.gr/en/niche-perfumes/1759-ltn-n,,,,,ACTIVE_MASTER_V2,VERIFIED_OPERATIONAL_DB_2026-09-06
2619,1760-FRE,,,IRIS POUDRE,,https://leparfum.com.gr/en/niche-perfumes/1760-fre-n,,,,,ACTIVE_MASTER_V2,VERIFIED_OPERATIONAL_DB_2026-09-06
2632,1761-DIP,,,L Eau Des Hesperides,,https://leparfum.com.gr/en/niche-perfumes/1761-dip-n,,,,,ACTIVE_MASTER_V2,VERIFIED_OPERATIONAL_DB_2026-09-06
2633,1762-ETLR,,,Putain Des Palaces,,https://leparfum.com.gr/en/niche-perfumes/1762-etlr-n,,,,,ACTIVE_MASTER_V2,VERIFIED_OPERATIONAL_DB_2026-09-06
,1763-JILS,,,SUN,,,,,,,ACTIVE_MASTER_V2,VERIFIED_OPERATIONAL_DB_2026-09-06
2620,1764-GUR,,,Aqua Allegoria Coconut Fizz,,https://leparfum.com.gr/en/fragrances-for-women/1764-gur-w,,,,,ACTIVE_MASTER_V2,VERIFIED_OPERATIONAL_DB_2026-09-06
2611,1765-JEN,,,Miami Glow,,https://leparfum.com.gr/en/fragrances-for-women/miami-glow-lopez-similar,,,,,ACTIVE_MASTER_V2,VERIFIED_OPERATIONAL_DB_2026-09-06
2634,1766-PEN,,,THE BLAZING MR SAM,,https://leparfum.com.gr/en/niche-perfumes/1766-pen-n,,,,,ACTIVE_MASTER_V2,VERIFIED_OPERATIONAL_DB_2026-09-06
,1767-LTN,,,ATTRAPE REVES,,,,,,,ACTIVE_MASTER_V2,VERIFIED_OPERATIONAL_DB_2026-09-06
2623,1768-LTN,,,Contre Moi,,https://leparfum.com.gr/en/niche-perfumes/1768-ltn-n,,,,,ACTIVE_MASTER_V2,VERIFIED_OPERATIONAL_DB_2026-09-06
2624,1769-LTN,,,the fragrance notes Roses,,https://leparfum.com.gr/en/niche-perfumes/1769-ltn-n,,,,,ACTIVE_MASTER_V2,VERIFIED_OPERATIONAL_DB_2026-09-06
2625,1770-BON,,,New York Nights,,https://leparfum.com.gr/en/niche-perfumes/1770-bon-n,,,,,ACTIVE_MASTER_V2,VERIFIED_OPERATIONAL_DB_2026-09-06
3635,1771-EMAN,,,Desnuda,,https://leparfum.com.gr/en/elegants-fragrances/1771-eman-el,,,,,ACTIVE_MASTER_V2,VERIFIED_OPERATIONAL_DB_2026-09-06
2626,1772-TER,,,Burdel,,https://leparfum.com.gr/en/niche-perfumes/1772-ter-n,,,,,ACTIVE_MASTER_V2,VERIFIED_OPERATIONAL_DB_2026-09-06
2605,1773-PRA,,,Luna Rossa Ocean Eau de Toilette,,https://leparfum.com.gr/en/fragrances-for-men/1773-pra-mp,,,,,ACTIVE_MASTER_V2,VERIFIED_OPERATIONAL_DB_2026-09-06
2627,1774-ARM,,,a TERRA DI GIOIA,,https://leparfum.com.gr/en/fragrances-for-women/1774-arm-w,,,,,ACTIVE_MASTER_V2,VERIFIED_OPERATIONAL_DB_2026-09-06
2607,1775-DIP,,,Orpheon-eau-de-,,https://leparfum.com.gr/en/niche-perfumes/1775-dip-n,,,,,ACTIVE_MASTER_V2,VERIFIED_OPERATIONAL_DB_2026-09-06
2628,1776-MNT,,,Dark-vanilla,,https://leparfum.com.gr/en/niche-perfumes/1776-mnt-n,,,,,ACTIVE_MASTER_V2,VERIFIED_OPERATIONAL_DB_2026-09-06
2629,1780-RCAV,,,Just Cavalli,,https://leparfum.com.gr/en/fragrances-for-women/1780-rcav-wp,,,,,ACTIVE_MASTER_V2,VERIFIED_OPERATIONAL_DB_2026-09-06
,1781-LAC,,,TOUCH OF SUN,,,,,,,ACTIVE_MASTER_V2,VERIFIED_OPERATIONAL_DB_2026-09-06
2637,1782-DIP,,,Kyoto,,https://leparfum.com.gr/en/elegants-fragrances/1782-dip-el,,,,,ACTIVE_MASTER_V2,VERIFIED_OPERATIONAL_DB_2026-09-06
,1783-AL HAR,,,SULTAN,,,,,,,ACTIVE_MASTER_V2,VERIFIED_OPERATIONAL_DB_2026-09-06
2645,1784-ESC,,,Summer-festival-eau-de-toilette,,https://leparfum.com.gr/en/fragrances-for-women/summer-festival-escada-similar-type,,,,,ACTIVE_MASTER_V2,VERIFIED_OPERATIONAL_DB_2026-09-06
2653,1785-LAN,,,Idole-l-intense,,https://leparfum.com.gr/en/fragrances-for-women/1785-lan-w,,,,,ACTIVE_MASTER_V2,VERIFIED_OPERATIONAL_DB_2026-09-06
2646,1786-COUR,,,Slogan,,https://leparfum.com.gr/en/fragrances-for-women/slogan-courreges-arwma,,,,,ACTIVE_MASTER_V2,VERIFIED_OPERATIONAL_DB_2026-09-06
2654,1787-JIM,,,I Want Choo Jimmy Choo,,https://leparfum.com.gr/en/fragrances-for-women/i-want-choo-jimmy-similar-type,,,,,ACTIVE_MASTER_V2,VERIFIED_OPERATIONAL_DB_2026-09-06
2648,1788-YZLO,,,Black-opium-eau-de-parfum-extreme,,https://leparfum.com.gr/en/fragrances-for-women/1788-yzlo-w,,,,,ACTIVE_MASTER_V2,VERIFIED_OPERATIONAL_DB_2026-09-06
2647,1789-GUC,,,Flora Gorgeous Gardenia EDP,,https://leparfum.com.gr/en/fragrances-for-women/1789-guc-wp,,,,,ACTIVE_MASTER_V2,VERIFIED_OPERATIONAL_DB_2026-09-06
2655,1794-ISS,,,L'Eau d'Issey Pure Nectar,,https://leparfum.com.gr/en/fragrances-for-women/1794-iss,,,,,ACTIVE_MASTER_V2,VERIFIED_OPERATIONAL_DB_2026-09-06
2657,1795-MARG,,,Jazz Club edt,,https://leparfum.com.gr/en/niche-perfumes/1795-marg-ar,,,,,ACTIVE_MASTER_V2,VERIFIED_OPERATIONAL_DB_2026-09-06
2658,1796-SERG,,,Jeux De Peau,,https://leparfum.com.gr/en/niche-perfumes/1796-serg-n,,,,,ACTIVE_MASTER_V2,VERIFIED_OPERATIONAL_DB_2026-09-06
2659,1797-INI,,,BLESSED BARAKA - INITIO PARFUMS,,https://leparfum.com.gr/en/niche-perfumes/1797-ini-n,,,,,ACTIVE_MASTER_V2,VERIFIED_OPERATIONAL_DB_2026-09-06
2660,1798-AMG,,,Journey Man,,https://leparfum.com.gr/en/niche-perfumes/1798-amg-n,,,,,ACTIVE_MASTER_V2,VERIFIED_OPERATIONAL_DB_2026-09-06
2661,1799-MAN,,,Aoud Vanille,,https://leparfum.com.gr/en/niche-perfumes/1799-man-n,,,,,ACTIVE_MASTER_V2,VERIFIED_OPERATIONAL_DB_2026-09-06
2662,1800-XER,,,DOLCE AMALFI,,https://leparfum.com.gr/en/niche-perfumes/1800-xer-n,,,,,ACTIVE_MASTER_V2,VERIFIED_OPERATIONAL_DB_2026-09-06
2696,1801-JUL,,,Not-a-perfume-eau-de-,,https://leparfum.com.gr/en/elegants-fragrances/not-a-perfume-juliette-has-a-gun-clone,,,,,ACTIVE_MASTER_V2,VERIFIED_OPERATIONAL_DB_2026-09-06
2672,1802-JOM,,,Midnight Musk & Amber by Jo Malone London,,https://leparfum.com.gr/en/elegants-fragrances/1802-jom,,,,,ACTIVE_MASTER_V2,VERIFIED_OPERATIONAL_DB_2026-09-06
2676,1803-DRC,,,J-adore-eau-de-parfum-infinissime,,https://leparfum.com.gr/en/fragrances-for-women/1803-drc-w,,,,,ACTIVE_MASTER_V2,VERIFIED_OPERATIONAL_DB_2026-09-06
2677,1804-DRC,,,Tobacolor,,https://leparfum.com.gr/en/elegants-fragrances/1804-drc-el,,,,,ACTIVE_MASTER_V2,VERIFIED_OPERATIONAL_DB_2026-09-06
2680,1806-PARF,,,Oriana,,https://leparfum.com.gr/en/niche-perfumes/1806-parf-n,,,,,ACTIVE_MASTER_V2,VERIFIED_OPERATIONAL_DB_2026-09-06
2681,1807-PARF,,,Darcy,,https://leparfum.com.gr/en/niche-perfumes/1807-parf-n,,,,,ACTIVE_MASTER_V2,VERIFIED_OPERATIONAL_DB_2026-09-06
,1808-LTN,,,MILLE FEUX,,,,,,,ACTIVE_MASTER_V2,VERIFIED_OPERATIONAL_DB_2026-09-06
2683,1809-PEN,,,Sartorial,,https://leparfum.com.gr/en/niche-perfumes/1809-pen-n,,,,,ACTIVE_MASTER_V2,VERIFIED_OPERATIONAL_DB_2026-09-06
2685,1810-RAS,,,LA YUQAWAM TOBACCO BLAZE - RASASI,,https://leparfum.com.gr/en/arabian-perfumes/la-yuqawam-tobacco-blaze-rasasi-perfume-type,,,,,ACTIVE_MASTER_V2,VERIFIED_OPERATIONAL_DB_2026-09-06
2686,1811-ALJA,,,MAGIC - AL JAZEERA,,https://leparfum.com.gr/en/arabian-perfumes/magic-al-jazeera-perfumes-type,,,,,ACTIVE_MASTER_V2,VERIFIED_OPERATIONAL_DB_2026-09-06
2687,1812-ALJA,,,PALACE - AL JAZEERΑ,,https://leparfum.com.gr/en/arabian-perfumes/palace-al-jazeera-perfumes-type,,,,,ACTIVE_MASTER_V2,VERIFIED_OPERATIONAL_DB_2026-09-06
2689,1814-AJMA,,,MIZYAAN - AJMAL,,https://leparfum.com.gr/en/arabian-perfumes/mizyaan-ajmal-arabic-perfume-type,,,,,ACTIVE_MASTER_V2,VERIFIED_OPERATIONAL_DB_2026-09-06
2693,1815-PAC,,,Blossom-me,,https://leparfum.com.gr/en/fragrances-for-women/1815-pac-wp,,,,,ACTIVE_MASTER_V2,VERIFIED_OPERATIONAL_DB_2026-09-06
2694,1816-TER,,,Bianco Puro,,https://leparfum.com.gr/en/niche-perfumes/1816-ter-n,,,,,ACTIVE_MASTER_V2,VERIFIED_OPERATIONAL_DB_2026-09-06
2695,1817-JUL,,,Sunny Side Up,,https://leparfum.com.gr/en/elegants-fragrances/1817-jul,,,,,ACTIVE_MASTER_V2,VERIFIED_OPERATIONAL_DB_2026-09-06
2697,1818-FRE,,,MUSC RAVAGEUR,,https://leparfum.com.gr/en/niche-perfumes/1818-fre-n,,,,,ACTIVE_MASTER_V2,VERIFIED_OPERATIONAL_DB_2026-09-06
2700,1819-MIC,,,Midnight Shimmer,,https://leparfum.com.gr/en/fragrances-for-women/1819-mic-w,,,,,ACTIVE_MASTER_V2,VERIFIED_OPERATIONAL_DB_2026-09-06
2704,1820-KUR,,,Amyris femme Eau de Parfum,,https://leparfum.com.gr/en/niche-perfumes/1820-kur-n,,,,,ACTIVE_MASTER_V2,VERIFIED_OPERATIONAL_DB_2026-09-06
2698,1821-TMFO,,,Jasmin Rouge,,https://leparfum.com.gr/en/elegants-fragrances/1821-tmfo,,,,,ACTIVE_MASTER_V2,VERIFIED_OPERATIONAL_DB_2026-09-06
2705,1822-MNT,,,Orchid Powder,,https://leparfum.com.gr/en/niche-perfumes/1822-mnt-n-perfume,,,,,ACTIVE_MASTER_V2,VERIFIED_OPERATIONAL_DB_2026-09-06
2699,1823-DOL,,,Light Blue Sun,,https://leparfum.com.gr/en/fragrances-for-women/1823-dol-w,,,,,ACTIVE_MASTER_V2,VERIFIED_OPERATIONAL_DB_2026-09-06
2701,1824-VAR,,,Artisan,,https://leparfum.com.gr/en/fragrances-for-men/artisan-john-varvatos-similar-type,,,,,ACTIVE_MASTER_V2,VERIFIED_OPERATIONAL_DB_2026-09-06
2702,1825-CRD,,,Millesime Imperial,,https://leparfum.com.gr/en/niche-perfumes/1825-crd-n,,,,,ACTIVE_MASTER_V2,VERIFIED_OPERATIONAL_DB_2026-09-06
2703,1826-JOM,,,Iris & White Musk by Jo Malone London,,https://leparfum.com.gr/en/elegants-fragrances/1826-jom,,,,,ACTIVE_MASTER_V2,VERIFIED_OPERATIONAL_DB_2026-09-06
2706,1827-JOM,,,Tropical Cherimoya by Jo Malone London,,https://leparfum.com.gr/en/elegants-fragrances/1827-jom,,,,,ACTIVE_MASTER_V2,VERIFIED_OPERATIONAL_DB_2026-09-06
2803,1828-LAN,,,O OUI!,,https://leparfum.com.gr/en/fragrances-for-women/1828-lan-w,,,,,ACTIVE_MASTER_V2,VERIFIED_OPERATIONAL_DB_2026-09-06
,1829-BOB,,,BATH,,,,,,,ACTIVE_MASTER_V2,VERIFIED_OPERATIONAL_DB_2026-09-06
2709,1830-TMFO,,,JASMINE MUSK,,https://leparfum.com.gr/en/elegants-fragrances/1830-tmfo,,,,,ACTIVE_MASTER_V2,VERIFIED_OPERATIONAL_DB_2026-09-06
2710,1831-TMFO,,,Urban Musk,,https://leparfum.com.gr/en/elegants-fragrances/1831-tmfo-el,,,,,ACTIVE_MASTER_V2,VERIFIED_OPERATIONAL_DB_2026-09-06
2711,1832-TMFO,,,Musk Pure,,https://leparfum.com.gr/en/elegants-fragrances/1832-tmfo,,,,,ACTIVE_MASTER_V2,VERIFIED_OPERATIONAL_DB_2026-09-06
2730,1833-SALV,,,Dalimania,,https://leparfum.com.gr/en/fragrances-for-women/dalimania-salvador-dali-similar-type,,,,,ACTIVE_MASTER_V2,VERIFIED_OPERATIONAL_DB_2026-09-06
2712,1834-TMFO,,,Violet Blonde,,https://leparfum.com.gr/en/elegants-fragrances/1834-tmfo,,,,,ACTIVE_MASTER_V2,VERIFIED_OPERATIONAL_DB_2026-09-06
2713,1835-JUL,,,MMMM...,,https://leparfum.com.gr/en/elegants-fragrances/mmmm-juliette-has-a-gun-similar-type,,,,,ACTIVE_MASTER_V2,VERIFIED_OPERATIONAL_DB_2026-09-06
,1836-COT,,,VANILLA FIELDS,,,,,,,ACTIVE_MASTER_V2,VERIFIED_OPERATIONAL_DB_2026-09-06
2716,1837-KEI,,,Loukhoum Eau de Parfum,,https://leparfum.com.gr/en/niche-perfumes/1837-kei-n,,,,,ACTIVE_MASTER_V2,VERIFIED_OPERATIONAL_DB_2026-09-06
2717,1838-TAU,,,No-02-l-air-du-desert-marocain-eau-de-toilette-intense,,https://leparfum.com.gr/en/niche-perfumes/02-l-air-du-desert-marocain-tauer-perfumes-similar-type,,,,,ACTIVE_MASTER_V2,VERIFIED_OPERATIONAL_DB_2026-09-06
2718,1839-JOV,,,Incident Diplomatique Eau de Parfum,,https://leparfum.com.gr/en/niche-perfumes/1839-jov-n,,,,,ACTIVE_MASTER_V2,VERIFIED_OPERATIONAL_DB_2026-09-06
2719,1840-JOO,,,All About Eve Eau de Parfum,,https://leparfum.com.gr/en/fragrances-for-women/all-about-eve-joop-similar-type,,,,,ACTIVE_MASTER_V2,VERIFIED_OPERATIONAL_DB_2026-09-06
2728,1841-BAN,,,Rosewood,,https://leparfum.com.gr/en/fragrances-for-women/rosewood-banana-republic-similar-type,,,,,ACTIVE_MASTER_V2,VERIFIED_OPERATIONAL_DB_2026-09-06
2729,1842-YZLO,,,Baby Doll,,https://leparfum.com.gr/en/fragrances-for-women/1842-yzlo-w,,,,,ACTIVE_MASTER_V2,VERIFIED_OPERATIONAL_DB_2026-09-06
2748,1844-BYR,,,Oud Immortel,,https://leparfum.com.gr/en/elegants-fragrances/1844-byr-el,,,,,ACTIVE_MASTER_V2,VERIFIED_OPERATIONAL_DB_2026-09-06
2747,1845-BYR,,,Black Saffron,,https://leparfum.com.gr/en/elegants-fragrances/1845-byr-el,,,,,ACTIVE_MASTER_V2,VERIFIED_OPERATIONAL_DB_2026-09-06
2746,1846-MAN,,,Coco Vanille,,https://leparfum.com.gr/en/elegants-fragrances/1846-man-el,,,,,ACTIVE_MASTER_V2,VERIFIED_OPERATIONAL_DB_2026-09-06
2745,1847-LAN,,,Oui-la-vie-est-belle,,https://leparfum.com.gr/en/fragrances-for-women/1847-lan-w-,,,,,ACTIVE_MASTER_V2,VERIFIED_OPERATIONAL_DB_2026-09-06
2768,1848-LEL,,,Ambrette 9,,https://leparfum.com.gr/en/niche-perfumes/1848-lel-n,,,,,ACTIVE_MASTER_V2,VERIFIED_OPERATIONAL_DB_2026-09-06
2751,1849-PRFRO,,,Acqua E Zucchero,,https://leparfum.com.gr/en/niche-perfumes/1849-prfro-n,,,,,ACTIVE_MASTER_V2,VERIFIED_OPERATIONAL_DB_2026-09-06
2750,1850-LEL,,,Another 13,,https://leparfum.com.gr/en/niche-perfumes/1850-lel-n,,,,,ACTIVE_MASTER_V2,VERIFIED_OPERATIONAL_DB_2026-09-06
2755,1851-ARM,,,JASMIN KUSAMONO,,https://leparfum.com.gr/en/niche-perfumes/1851-arm-n,,,,,ACTIVE_MASTER_V2,VERIFIED_OPERATIONAL_DB_2026-09-06
2752,1852-PRFRO,,,Battito D Ali,,https://leparfum.com.gr/en/niche-perfumes/1852-prfro-n,,,,,ACTIVE_MASTER_V2,VERIFIED_OPERATIONAL_DB_2026-09-06
2771,1853-KIL,,,Killing Me Slowly,,https://leparfum.com.gr/en/elegants-fragrances/1853-kil-el,,,,,ACTIVE_MASTER_V2,VERIFIED_OPERATIONAL_DB_2026-09-06
2767,1854-EXN,,,LUST IN PARADISE - EXNIHILO,,https://leparfum.com.gr/en/niche-perfumes/1854-exn-n,,,,,ACTIVE_MASTER_V2,VERIFIED_OPERATIONAL_DB_2026-09-06
2756,1855-LTN,,,L’Immensité,,https://leparfum.com.gr/en/niche-perfumes/1855-ltn-n,,,,,ACTIVE_MASTER_V2,VERIFIED_OPERATIONAL_DB_2026-09-06
2753,1856-PARF,,,Meliora,,https://leparfum.com.gr/en/niche-perfumes/1856-parf-n,,,,,ACTIVE_MASTER_V2,VERIFIED_OPERATIONAL_DB_2026-09-06
2754,1857-ESCE,,,Escentric-05,,https://leparfum.com.gr/en/niche-perfumes/1857-esce-n,,,,,ACTIVE_MASTER_V2,VERIFIED_OPERATIONAL_DB_2026-09-06
2758,1858-KUR,,,Aqua Universalis Forte,,https://leparfum.com.gr/en/niche-perfumes/1858-kur-n,,,,,ACTIVE_MASTER_V2,VERIFIED_OPERATIONAL_DB_2026-09-06
2766,1859-XER,,,Uden Overdose,,https://leparfum.com.gr/en/niche-perfumes/1859-xer-n,,,,,ACTIVE_MASTER_V2,VERIFIED_OPERATIONAL_DB_2026-09-06
2765,1860-NAS,,,ABSINT - NASOMATTO,,https://leparfum.com.gr/en/niche-perfumes/1860-nas-n,,,,,ACTIVE_MASTER_V2,VERIFIED_OPERATIONAL_DB_2026-09-06
2780,1861-ACQ,,,Bergamotto-di-calabria,,https://leparfum.com.gr/en/fragrances-for-women/1861-acq,,,,,ACTIVE_MASTER_V2,VERIFIED_OPERATIONAL_DB_2026-09-06
2770,1862-PRA,,,L Homme,,https://leparfum.com.gr/en/fragrances-for-men/1862-pra-mp,,,,,ACTIVE_MASTER_V2,VERIFIED_OPERATIONAL_DB_2026-09-06
2769,1863-LAC,,,Lacoste Pour Femme,,https://leparfum.com.gr/en/fragrances-for-women/1863-lac-w,,,,,ACTIVE_MASTER_V2,VERIFIED_OPERATIONAL_DB_2026-09-06
2759,1864-GUC,,,Rush 2,,https://leparfum.com.gr/en/fragrances-for-women/1864-guc-wp,,,,,ACTIVE_MASTER_V2,VERIFIED_OPERATIONAL_DB_2026-09-06
2763,1865-YZLO,,,Magnificent-gold,,https://leparfum.com.gr/en/fragrances-for-women/1865-yzlo-w,,,,,ACTIVE_MASTER_V2,VERIFIED_OPERATIONAL_DB_2026-09-06
3902,1866-GUC,,,Guilty Intense,,https://leparfum.com.gr/en/fragrances-for-women/1866-guc-wp,,,,,ACTIVE_MASTER_V2,VERIFIED_OPERATIONAL_DB_2026-09-06
2760,1867-VER,,,Eros Flame,,https://leparfum.com.gr/en/fragrances-for-men/1867-ver-m,,,,,ACTIVE_MASTER_V2,VERIFIED_OPERATIONAL_DB_2026-09-06
3667,1868-VER,,,Versace Pour Homme,,https://leparfum.com.gr/en/fragrances-for-men/1868-ver-m,,,,,ACTIVE_MASTER_V2,VERIFIED_OPERATIONAL_DB_2026-09-06
,1869-DOL,,,BY,,,,,,,ACTIVE_MASTER_V2,VERIFIED_OPERATIONAL_DB_2026-09-06
2943,1870-ARDAL,,,Ameerat Al Ehsaas,,https://leparfum.com.gr/en/arabian-perfumes/ameerat-al-ehsaas-ard-al-zaafaran-dupe,,,,,ACTIVE_MASTER_V2,VERIFIED_OPERATIONAL_DB_2026-09-06
2757,1871-PEN,,,Constantinople,,https://leparfum.com.gr/en/niche-perfumes/1871-pen-n,,,,,ACTIVE_MASTER_V2,VERIFIED_OPERATIONAL_DB_2026-09-06
2804,1872-DOL,,,Light Blue Eau Intense,,https://leparfum.com.gr/en/fragrances-for-women/1872-dol-w,,,,,ACTIVE_MASTER_V2,VERIFIED_OPERATIONAL_DB_2026-09-06
2784,1873-MAN,,,Roses  Chocolate,,https://leparfum.com.gr/en/elegants-fragrances/1873-man-el,,,,,ACTIVE_MASTER_V2,VERIFIED_OPERATIONAL_DB_2026-09-06
2783,1874-LTN,,,CALIFORNIA Citrus fragrance for women and men,,https://leparfum.com.gr/en/niche-perfumes/1874-ltn-n,,,,,ACTIVE_MASTER_V2,VERIFIED_OPERATIONAL_DB_2026-09-06
2785,1875-ESCE,,,MOLECULE 05 - ESCENTRIC MOLECULES,,https://leparfum.com.gr/en/niche-perfumes/1875-esce-n,,,,,ACTIVE_MASTER_V2,VERIFIED_OPERATIONAL_DB_2026-09-06
2786,1876-INI,,,ADDICTIVE VIBRATION - INITIO PARFUMS,,https://leparfum.com.gr/en/niche-perfumes/1876-ini-n,,,,,ACTIVE_MASTER_V2,VERIFIED_OPERATIONAL_DB_2026-09-06
2788,1877-INI,,,OUD FOR HAPPINESS - INITIO PARFUMS,,https://leparfum.com.gr/en/niche-perfumes/1877-ini-n,,,,,ACTIVE_MASTER_V2,VERIFIED_OPERATIONAL_DB_2026-09-06
2789,1878-KIL,,,A-kiss-from-a-rose,,https://leparfum.com.gr/en/elegants-fragrances/1878-kil-el,,,,,ACTIVE_MASTER_V2,VERIFIED_OPERATIONAL_DB_2026-09-06
2790,1879-KIL,,,Good Girl Gone Bad Extreme,,https://leparfum.com.gr/en/elegants-fragrances/1879-kil-el,,,,,ACTIVE_MASTER_V2,VERIFIED_OPERATIONAL_DB_2026-09-06
2791,1880-KIL,,,Kisses Don T Lie,,https://leparfum.com.gr/en/elegants-fragrances/1880-kil-el,,,,,ACTIVE_MASTER_V2,VERIFIED_OPERATIONAL_DB_2026-09-06
2787,1881-INI,,,MUSK THERAPY - INITIO PARFUMS,,https://leparfum.com.gr/en/niche-perfumes/1881-ini-n,,,,,ACTIVE_MASTER_V2,VERIFIED_OPERATIONAL_DB_2026-09-06
2792,1882-MARG,,,By the Fireplace,,https://leparfum.com.gr/en/niche-perfumes/1882-marg-n,,,,,ACTIVE_MASTER_V2,VERIFIED_OPERATIONAL_DB_2026-09-06
2796,1883-NISH,,,Fragrance WULONG CHA - NISHANE,,https://leparfum.com.gr/en/niche-perfumes/1883-nish-n,,,,,ACTIVE_MASTER_V2,VERIFIED_OPERATIONAL_DB_2026-09-06
2795,1884-NISH,,,Fan Your Flames,,https://leparfum.com.gr/en/niche-perfumes/1884-nish-n,,,,,ACTIVE_MASTER_V2,VERIFIED_OPERATIONAL_DB_2026-09-06
,1885-WID,,,LONDON,,,,,,,ACTIVE_MASTER_V2,VERIFIED_OPERATIONAL_DB_2026-09-06
2797,1886-PARF,,,DELINA LA ROSE - PDM,,https://leparfum.com.gr/en/niche-perfumes/1886-parf-n,,,,,ACTIVE_MASTER_V2,VERIFIED_OPERATIONAL_DB_2026-09-06
2799,1887-XER,,,Erba Pura,,https://leparfum.com.gr/en/niche-perfumes/1887-xer-n,,,,,ACTIVE_MASTER_V2,VERIFIED_OPERATIONAL_DB_2026-09-06
2794,1888-MOR,,,Contessa,,https://leparfum.com.gr/en/niche-perfumes/1888-mor-n,,,,,ACTIVE_MASTER_V2,VERIFIED_OPERATIONAL_DB_2026-09-06
2781,1889-PEN,,,Luna,,https://leparfum.com.gr/en/niche-perfumes/1889-pen-n,,,,,ACTIVE_MASTER_V2,VERIFIED_OPERATIONAL_DB_2026-09-06
2772,1890-LEL,,,LYS 41 - LELABO,,https://leparfum.com.gr/en/niche-perfumes/1890-lel-n,,,,,ACTIVE_MASTER_V2,VERIFIED_OPERATIONAL_DB_2026-09-06
2782,1891-LEL,,,Tonka 25,,https://leparfum.com.gr/en/niche-perfumes/1891-lel-n,,,,,ACTIVE_MASTER_V2,VERIFIED_OPERATIONAL_DB_2026-09-06
2800,1892-NRO,,,For-her-musc-noir-rose,,https://leparfum.com.gr/en/fragrances-for-women/1892-nro-wp,,,,,ACTIVE_MASTER_V2,VERIFIED_OPERATIONAL_DB_2026-09-06
2793,1893-CHA,,,N-1-l-eau-rouge,,https://leparfum.com.gr/en/fragrances-for-women/1893-cha-w,,,,,ACTIVE_MASTER_V2,VERIFIED_OPERATIONAL_DB_2026-09-06
2805,1894-MNT,,,Fantastic Oud,,https://leparfum.com.gr/en/elegants-fragrances/1894-mnt-el-perfume,,,,,ACTIVE_MASTER_V2,VERIFIED_OPERATIONAL_DB_2026-09-06
2802,1895-HER,,,Terre-d-hermes-eau-givree,,https://leparfum.com.gr/en/fragrances-for-men/1895-her-m,,,,,ACTIVE_MASTER_V2,VERIFIED_OPERATIONAL_DB_2026-09-06
2801,1896-ESC,,,Cherry-in-japan,,https://leparfum.com.gr/en/fragrances-for-women/cherry-in-japan-escada-clone,,,,,ACTIVE_MASTER_V2,VERIFIED_OPERATIONAL_DB_2026-09-06
2877,1897-VICT,,,Bombshell-sundrenched,,https://leparfum.com.gr/en/fragrances-for-women/1897-vict-wp,,,,,ACTIVE_MASTER_V2,VERIFIED_OPERATIONAL_DB_2026-09-06
2859,1898-NRO,,,Narciso-eau-de-parfum-cristal,,https://leparfum.com.gr/en/fragrances-for-women/1898-nro-wp,,,,,ACTIVE_MASTER_V2,VERIFIED_OPERATIONAL_DB_2026-09-06
2878,1899-ZARK,,,The-muse,,https://leparfum.com.gr/en/elegants-fragrances/1899-zark-el,,,,,ACTIVE_MASTER_V2,VERIFIED_OPERATIONAL_DB_2026-09-06
2879,1900-AMG,,,Orris-wakan,,https://leparfum.com.gr/en/luxury-perfumes/1900-amg-lux,,,,,ACTIVE_MASTER_V2,VERIFIED_OPERATIONAL_DB_2026-09-06
2873,1901-MOS,,,Toy-2-bubble-gum-eau-de-toilette,,https://leparfum.com.gr/en/fragrances-for-women/1901-mos-wp,,,,,ACTIVE_MASTER_V2,VERIFIED_OPERATIONAL_DB_2026-09-06
2876,1902-CRD,,,Wind-flowers,,https://leparfum.com.gr/en/niche-perfumes/1902-crd-n,,,,,ACTIVE_MASTER_V2,VERIFIED_OPERATIONAL_DB_2026-09-06
2861,1903-BYR,,,De-los-santos,,https://leparfum.com.gr/en/luxury-perfumes/1903-byr-lux,,,,,ACTIVE_MASTER_V2,VERIFIED_OPERATIONAL_DB_2026-09-06
2874,1904-ARM,,,A MILANO,,https://leparfum.com.gr/en/niche-perfumes/1904-arm-n,,,,,ACTIVE_MASTER_V2,VERIFIED_OPERATIONAL_DB_2026-09-06
2880,1905-AMG,,,Saffron-hamra,,https://leparfum.com.gr/en/luxury-perfumes/1905-amg-lux,,,,,ACTIVE_MASTER_V2,VERIFIED_OPERATIONAL_DB_2026-09-06
2882,1906-XER,,,Symphonium,,https://leparfum.com.gr/en/niche-perfumes/1906-xer-n,,,,,ACTIVE_MASTER_V2,VERIFIED_OPERATIONAL_DB_2026-09-06
2875,1907-PEN,,,The-world-according-to-arthur-1,,https://leparfum.com.gr/en/luxury-perfumes/1907-pen-lux,,,,,ACTIVE_MASTER_V2,VERIFIED_OPERATIONAL_DB_2026-09-06
2883,1908-XER,,,Tony-iommi-monkey-special,,https://leparfum.com.gr/en/niche-perfumes/1908-xer-n,,,,,ACTIVE_MASTER_V2,VERIFIED_OPERATIONAL_DB_2026-09-06
2884,1909-XER,,,Torino21,,https://leparfum.com.gr/en/niche-perfumes/1909-xer-n,,,,,ACTIVE_MASTER_V2,VERIFIED_OPERATIONAL_DB_2026-09-06
2860,1910-PRA,,,Infusion-de-vanille,,https://leparfum.com.gr/en/fragrances-for-women/1910-pra-wp,,,,,ACTIVE_MASTER_V2,VERIFIED_OPERATIONAL_DB_2026-09-06
2885,1911-KIL,,,Single Malt,,https://leparfum.com.gr/en/niche-perfumes/1911-kil-n,,,,,ACTIVE_MASTER_V2,VERIFIED_OPERATIONAL_DB_2026-09-06
2881,1912-AMG,,,Myths Man,,https://leparfum.com.gr/en/niche-perfumes/1912-amg-n,,,,,ACTIVE_MASTER_V2,VERIFIED_OPERATIONAL_DB_2026-09-06
2886,1913-CAR,,,Saffron-lazuli,,https://leparfum.com.gr/en/niche-perfumes/1913-car-n,,,,,ACTIVE_MASTER_V2,VERIFIED_OPERATIONAL_DB_2026-09-06
2818,1915-PAC,,,Olympea-solar,,https://leparfum.com.gr/en/fragrances-for-women/1915-pac-wp,,,,,ACTIVE_MASTER_V2,VERIFIED_OPERATIONAL_DB_2026-09-06
2819,1916-VICT,,,Blissful-garden,,https://leparfum.com.gr/en/fragrances-for-women/1916-vict-wp,,,,,ACTIVE_MASTER_V2,VERIFIED_OPERATIONAL_DB_2026-09-06
2820,1917-MNTB,,,Legend-red,,https://leparfum.com.gr/en/fragrances-for-men/1917-mntb-mp,,,,,ACTIVE_MASTER_V2,VERIFIED_OPERATIONAL_DB_2026-09-06
2858,1918-PAC,,,Fame Eau de Parfum,,https://leparfum.com.gr/en/fragrances-for-women/1918-pac-wp,,,,,ACTIVE_MASTER_V2,VERIFIED_OPERATIONAL_DB_2026-09-06
2857,1919-PRA,,,Paradoxe-eau-de-,,https://leparfum.com.gr/en/fragrances-for-women/1919-pra-wp,,,,,ACTIVE_MASTER_V2,VERIFIED_OPERATIONAL_DB_2026-09-06
3373,1920-XER,,,40-knots,,https://leparfum.com.gr/en/niche-perfumes/1920-xer-n,,,,,ACTIVE_MASTER_V2,VERIFIED_OPERATIONAL_DB_2026-09-06
2984,1921-VIV,,,Boudoir-,,https://leparfum.com.gr/en/niche-perfumes/1921-viv-n,,,,,ACTIVE_MASTER_V2,VERIFIED_OPERATIONAL_DB_2026-09-06
2940,1922-ORT,,,Megamare,,https://leparfum.com.gr/en/luxury-perfumes/megamare-orto-parisi-type,,,,,ACTIVE_MASTER_V2,VERIFIED_OPERATIONAL_DB_2026-09-06
2934,1923-NISH,,,Ambra Calabria,,https://leparfum.com.gr/en/niche-perfumes/1923-nish-n,,,,,ACTIVE_MASTER_V2,VERIFIED_OPERATIONAL_DB_2026-09-06
2935,1924-PARF,,,Sedley,,https://leparfum.com.gr/en/niche-perfumes/1924-parf-n,,,,,ACTIVE_MASTER_V2,VERIFIED_OPERATIONAL_DB_2026-09-06
3923,1925-PEN,,,Babylon,,https://leparfum.com.gr/en/niche-perfumes/1925-pen-n,,,,,ACTIVE_MASTER_V2,VERIFIED_OPERATIONAL_DB_2026-09-06
3372,1926-KOS,,,No. 4 Après l’Amour Eau de Parfum,,https://leparfum.com.gr/en/niche-perfumes/1926-kos-ν,,,,,ACTIVE_MASTER_V2,VERIFIED_OPERATIONAL_DB_2026-09-06
2933,1927-AMG,,,HONOUR - AMOUAGE,,https://leparfum.com.gr/en/niche-perfumes/1927-amg-n,,,,,ACTIVE_MASTER_V2,VERIFIED_OPERATIONAL_DB_2026-09-06
2936,1928-ROJ,,,OLIGARCH - ROJA DOVE,,https://leparfum.com.gr/en/niche-perfumes/1928-roj-n,,,,,ACTIVE_MASTER_V2,VERIFIED_OPERATIONAL_DB_2026-09-06
3116,1929-BLG,,,Le-gemme-tygar-eau-de-,,https://leparfum.com.gr/en/niche-perfumes/1929-blg-ν,,,,,ACTIVE_MASTER_V2,VERIFIED_OPERATIONAL_DB_2026-09-06
2982,1930-VIC,,,Spicebomb Extreme,,https://leparfum.com.gr/en/fragrances-for-men/1930-vic-m,,,,,ACTIVE_MASTER_V2,VERIFIED_OPERATIONAL_DB_2026-09-06
3461,1931-TMFO,,,LAVENDER EXTREME,,https://leparfum.com.gr/en/elegants-fragrances/1931-tmfo-el,,,,,ACTIVE_MASTER_V2,VERIFIED_OPERATIONAL_DB_2026-09-06
2872,1932-YZLO,,,Black-opium-eau-de-parfum-illicit-green,,https://leparfum.com.gr/en/fragrances-for-women/1932-yzlo-w,,,,,ACTIVE_MASTER_V2,VERIFIED_OPERATIONAL_DB_2026-09-06
2967,1935-PARF,,,Haltane,,https://leparfum.com.gr/en/niche-perfumes/1935-parf-n,,,,,ACTIVE_MASTER_V2,VERIFIED_OPERATIONAL_DB_2026-09-06
2966,1936-AMG,,,Vanilla-barka,,https://leparfum.com.gr/en/niche-perfumes/1936-amg-n,,,,,ACTIVE_MASTER_V2,VERIFIED_OPERATIONAL_DB_2026-09-06
2974,1937-BIL,,,Eilish-eau-de-,,https://leparfum.com.gr/en/fragrances-for-women/Eilish_Billie_fragrance,,,,,ACTIVE_MASTER_V2,VERIFIED_OPERATIONAL_DB_2026-09-06
2965,1938-YZLO,,,Babycat,,https://leparfum.com.gr/en/niche-perfumes/1938-yzlo-n,,,,,ACTIVE_MASTER_V2,VERIFIED_OPERATIONAL_DB_2026-09-06
2968,1939-BYR,,,Vanille-antique,,https://leparfum.com.gr/en/niche-perfumes/1939-byr-n,,,,,ACTIVE_MASTER_V2,VERIFIED_OPERATIONAL_DB_2026-09-06
2964,1940-FRE,,,SYNTHETIC JUNGLE,,https://leparfum.com.gr/en/elegants-fragrances/1940-fre-el,,,,,ACTIVE_MASTER_V2,VERIFIED_OPERATIONAL_DB_2026-09-06
3107,1941-ARIA,,,Cloud-2-0-intense,,https://leparfum.com.gr/en/fragrances-for-women/1941-aria-wp,,,,,ACTIVE_MASTER_V2,VERIFIED_OPERATIONAL_DB_2026-09-06
2948,1942-LAN,,,Idole-l-eau-de-parfum-nectar,,https://leparfum.com.gr/en/fragrances-for-women/1942-lan-w,,,,,ACTIVE_MASTER_V2,VERIFIED_OPERATIONAL_DB_2026-09-06
2949,1943-TMFO,,,Rose-de-chine,,https://leparfum.com.gr/en/elegants-fragrances/1943-tmfo-el,,,,,ACTIVE_MASTER_V2,VERIFIED_OPERATIONAL_DB_2026-09-06
2950,1944-KUR,,,724,,https://leparfum.com.gr/en/niche-perfumes/1944-kur-n,,,,,ACTIVE_MASTER_V2,VERIFIED_OPERATIONAL_DB_2026-09-06
2938,1945-XER,,,RENAISSANCE XJ 1861,,https://leparfum.com.gr/en/niche-perfumes/1945-xer-n,,,,,ACTIVE_MASTER_V2,VERIFIED_OPERATIONAL_DB_2026-09-06
2939,1946-MARC,,,Ganymede,,https://leparfum.com.gr/en/niche-perfumes/1946-marc-n,,,,,ACTIVE_MASTER_V2,VERIFIED_OPERATIONAL_DB_2026-09-06
,1950-SWISA,,,AL AMAKEN,,,,,,,ACTIVE_MASTER_V2,VERIFIED_OPERATIONAL_DB_2026-09-06
2944,1951-LAT,,,Raghba-eau-de-,,https://leparfum.com.gr/en/arabian-perfumes/1951-lat-ar,,,,,ACTIVE_MASTER_V2,VERIFIED_OPERATIONAL_DB_2026-09-06
2972,1953-PEN,,,Changing-constance-eau-de-,,https://leparfum.com.gr/en/niche-perfumes/1953-pen-n,,,,,ACTIVE_MASTER_V2,VERIFIED_OPERATIONAL_DB_2026-09-06
2973,1954-CARN,,,Palo Santo,,https://leparfum.com.gr/en/niche-perfumes/1954-carn-n,,,,,ACTIVE_MASTER_V2,VERIFIED_OPERATIONAL_DB_2026-09-06
,1955-LAP,,,CELLULAR ENERGIZING,,,,,,,ACTIVE_MASTER_V2,VERIFIED_OPERATIONAL_DB_2026-09-06
2971,1956-JOM,,,Scarlet Poppy Intense Jo Malone,,https://leparfum.com.gr/en/elegants-fragrances/1956-jom-el,,,,,ACTIVE_MASTER_V2,VERIFIED_OPERATIONAL_DB_2026-09-06
2970,1957-PEN,,,Savoy Steam,,https://leparfum.com.gr/en/niche-perfumes/1957-pen-n,,,,,ACTIVE_MASTER_V2,VERIFIED_OPERATIONAL_DB_2026-09-06
3336,1958-DRC,,,Bois-d-argent-eau-de-,,https://leparfum.com.gr/en/elegants-fragrances/1958-drc-el,,,,,ACTIVE_MASTER_V2,VERIFIED_OPERATIONAL_DB_2026-09-06
2983,1964-ARB,,,Madawi,,https://leparfum.com.gr/en/arabian-perfumes/madawi-arabian-oud-dupe,,,,,ACTIVE_MASTER_V2,VERIFIED_OPERATIONAL_DB_2026-09-06
2985,1965-BYRP,,,The Chronic,,https://leparfum.com.gr/en/niche-perfumes/1965-byrp-n,,,,,ACTIVE_MASTER_V2,VERIFIED_OPERATIONAL_DB_2026-09-06
2986,1966-XER,,,Alexandria-orientale,,https://leparfum.com.gr/en/niche-perfumes/1966-xer-n,,,,,ACTIVE_MASTER_V2,VERIFIED_OPERATIONAL_DB_2026-09-06
2987,1967-XER,,,Coro,,https://leparfum.com.gr/en/niche-perfumes/1967-xer-n,,,,,ACTIVE_MASTER_V2,VERIFIED_OPERATIONAL_DB_2026-09-06
2975,1968-DOL,,,LIGHT BLUE ITALIAN LOVE W,,https://leparfum.com.gr/en/fragrances-for-women/1968-dol-w,,,,,ACTIVE_MASTER_V2,VERIFIED_OPERATIONAL_DB_2026-09-06
2976,1969-DOL,,,Light-blue-pour-homme-italian-love,,https://leparfum.com.gr/en/fragrances-for-men/1969-dol-m,,,,,ACTIVE_MASTER_V2,VERIFIED_OPERATIONAL_DB_2026-09-06
2978,1970-CHA,,,Paris - Paris,,https://leparfum.com.gr/en/fragrances-for-women/1970-cha-wp,,,,,ACTIVE_MASTER_V2,VERIFIED_OPERATIONAL_DB_2026-09-06
2977,1971-PAC,,,Invictus-platinum,,https://leparfum.com.gr/en/fragrances-for-men/1971-pac-mp,,,,,ACTIVE_MASTER_V2,VERIFIED_OPERATIONAL_DB_2026-09-06
3353,1972-KAY,,,EDEN JUICY APPLE 01 EDP - KAYALI,,https://leparfum.com.gr/en/elegants-fragrances/1972-kay-el,,,,,ACTIVE_MASTER_V2,VERIFIED_OPERATIONAL_DB_2026-09-06
3355,1973-ETLR,,,Archives 69,,https://leparfum.com.gr/en/niche-perfumes/1973-etlr-ν,,,,,ACTIVE_MASTER_V2,VERIFIED_OPERATIONAL_DB_2026-09-06
3356,1974-MARG,,,Bubble-bath,,https://leparfum.com.gr/en/elegants-fragrances/1974-marg-el,,,,,ACTIVE_MASTER_V2,VERIFIED_OPERATIONAL_DB_2026-09-06
3357,1975-ZARK,,,PINK MOLéCULE 090.09 Eau de Parfum,,https://leparfum.com.gr/en/elegants-fragrances/1975-zark-el,,,,,ACTIVE_MASTER_V2,VERIFIED_OPERATIONAL_DB_2026-09-06
3358,1977-SHIS,,,Ginza (2021),,https://leparfum.com.gr/en/fragrances-for-women/ginza-shiseido-similar-fragrance,,,,,ACTIVE_MASTER_V2,VERIFIED_OPERATIONAL_DB_2026-09-06
3359,1978-ARM,,,STRONGER WITH YOU INTENSENLY,,https://leparfum.com.gr/en/fragrances-for-men/1978-arm-m,,,,,ACTIVE_MASTER_V2,VERIFIED_OPERATIONAL_DB_2026-09-06
3360,1979-RAS,,,Arba Wardat,,https://leparfum.com.gr/en/arabian-perfumes/arba-wardat-rasasi-arabic-clone,,,,,ACTIVE_MASTER_V2,VERIFIED_OPERATIONAL_DB_2026-09-06
3361,1980-HIND,,,Emarati Musk Parfum,,https://leparfum.com.gr/en/arabian-perfumes/1980-hind-ar,,,,,ACTIVE_MASTER_V2,VERIFIED_OPERATIONAL_DB_2026-09-06
3362,1981-KHAL,,,Grá,,https://leparfum.com.gr/en/arabian-perfumes/gra-khaltat-similar-fragrance,,,,,ACTIVE_MASTER_V2,VERIFIED_OPERATIONAL_DB_2026-09-06
3363,1982-ALEX,,,ZAFEER OUD VANILLE - ALEXANDRE J,,https://leparfum.com.gr/en/niche-perfumes/1982-alex-ν,,,,,ACTIVE_MASTER_V2,VERIFIED_OPERATIONAL_DB_2026-09-06
3482,1983-ATTAR,,,The Queen of Sheba,,https://leparfum.com.gr/en/arabian-perfumes/the-queen-of-sheba-attar-collection-similar-fragrance,,,,,ACTIVE_MASTER_V2,VERIFIED_OPERATIONAL_DB_2026-09-06
3376,1984-ATTAR,,,Musk Kashmir,,https://leparfum.com.gr/en/arabian-perfumes/musk-kashmir-attar-collection-similar,,,,,ACTIVE_MASTER_V2,VERIFIED_OPERATIONAL_DB_2026-09-06
3366,1985-WID,,,GOLD II SAHARA - WIDIAN,,https://leparfum.com.gr/en/arabian-perfumes/gold-ii-sahara-widian-similar-fragrance,,,,,ACTIVE_MASTER_V2,VERIFIED_OPERATIONAL_DB_2026-09-06
,1986-SOO,,,NUR,,,,,,,ACTIVE_MASTER_V2,VERIFIED_OPERATIONAL_DB_2026-09-06
3368,1987-SON,,,Le Parfum,,https://leparfum.com.gr/en/fragrances-for-women/le-parfum-sonia-rykiel-similar-fragrance,,,,,ACTIVE_MASTER_V2,VERIFIED_OPERATIONAL_DB_2026-09-06
3369,1988-THEVE,,,Arabesque,,https://leparfum.com.gr/en/niche-perfumes/1988-theve-ν,,,,,ACTIVE_MASTER_V2,VERIFIED_OPERATIONAL_DB_2026-09-06
,1989-VERT,,,NARCOS'IS,,,,,,,ACTIVE_MASTER_V2,VERIFIED_OPERATIONAL_DB_2026-09-06
3371,1990-MNT,,,Mukhallat,,https://leparfum.com.gr/en/elegants-fragrances/1990-mnt-el-perfume,,,,,ACTIVE_MASTER_V2,VERIFIED_OPERATIONAL_DB_2026-09-06
3106,1991-CHL,,,NOMADE NATURELLE EDP - CHLOE,,https://leparfum.com.gr/en/fragrances-for-women/1991-chl-wp,,,,,ACTIVE_MASTER_V2,VERIFIED_OPERATIONAL_DB_2026-09-06
3110,1992-ACQ,,,Zafferano,,https://leparfum.com.gr/en/elegants-fragrances/1992-acq,,,,,ACTIVE_MASTER_V2,VERIFIED_OPERATIONAL_DB_2026-09-06
3108,1993-DRIE,,,Jardin-de-l-orangerie,,https://leparfum.com.gr/en/niche-perfumes/1993-drie-n,,,,,ACTIVE_MASTER_V2,VERIFIED_OPERATIONAL_DB_2026-09-06
3111,1994-ROJ,,,SWEETIE AOUD - ROJA DOVE,,https://leparfum.com.gr/en/niche-perfumes/1994-roj-ν,,,,,ACTIVE_MASTER_V2,VERIFIED_OPERATIONAL_DB_2026-09-06
3112,1995-YZLO,,,Caban,,https://leparfum.com.gr/en/niche-perfumes/1995-yzlo-n,,,,,ACTIVE_MASTER_V2,VERIFIED_OPERATIONAL_DB_2026-09-06
3118,1996-LTN,,,Heures d’Absence (2020),,https://leparfum.com.gr/en/niche-perfumes/1996-ltn-n,,,,,ACTIVE_MASTER_V2,VERIFIED_OPERATIONAL_DB_2026-09-06
3119,1997-LTN,,,On the Beach,,https://leparfum.com.gr/en/niche-perfumes/1997-ltn-n,,,,,ACTIVE_MASTER_V2,VERIFIED_OPERATIONAL_DB_2026-09-06
3117,1998-LTN,,,Citrus fragrance for women and men,,https://leparfum.com.gr/en/niche-perfumes/1998-ltn-n,,,,,ACTIVE_MASTER_V2,VERIFIED_OPERATIONAL_DB_2026-09-06
3114,1999-MAN,,,Aoud Lemon Mint,,https://leparfum.com.gr/en/elegants-fragrances/1999-man-el,,,,,ACTIVE_MASTER_V2,VERIFIED_OPERATIONAL_DB_2026-09-06
3115,2000-BLG,,,Le-gemme-kobraa,,https://leparfum.com.gr/en/niche-perfumes/2000-blg-ν,,,,,ACTIVE_MASTER_V2,VERIFIED_OPERATIONAL_DB_2026-09-06
3113,2001-TMFO,,,Neroli Portofino Forte,,https://leparfum.com.gr/en/elegants-fragrances/2001-tmfo-el,,,,,ACTIVE_MASTER_V2,VERIFIED_OPERATIONAL_DB_2026-09-06
3138,2002-DRC,,,J-adore-parfum-d-eau,,https://leparfum.com.gr/en/fragrances-for-women/2002-drc-w-perfume,,,,,ACTIVE_MASTER_V2,VERIFIED_OPERATIONAL_DB_2026-09-06
3857,2003-KIL,,,Love-don-t-be-shy-extreme,,https://leparfum.com.gr/en/elegants-fragrances/2003-kil-el,,,,,ACTIVE_MASTER_V2,VERIFIED_OPERATIONAL_DB_2026-09-06
3121,2004-BYR,,,Eyes-closed,,https://leparfum.com.gr/en/niche-perfumes/2004-byr-n,,,,,ACTIVE_MASTER_V2,VERIFIED_OPERATIONAL_DB_2026-09-06
3120,2005-EXN,,,Santal-calling,,https://leparfum.com.gr/en/niche-perfumes/2005-exn-ν,,,,,ACTIVE_MASTER_V2,VERIFIED_OPERATIONAL_DB_2026-09-06
3192,2006-NISH,,,Hacivat,,https://leparfum.com.gr/en/niche-perfumes/2006-nish-ν,,,,,ACTIVE_MASTER_V2,VERIFIED_OPERATIONAL_DB_2026-09-06
3199,2007-SWISA,,,Habeitak,,https://leparfum.com.gr/en/arabian-perfumes/habeitak-swiss-arabian-clone,,,,,ACTIVE_MASTER_V2,VERIFIED_OPERATIONAL_DB_2026-09-06
3217,2008-EXN,,,Fleur-narcotique-extrait-de-,,https://leparfum.com.gr/en/elegants-fragrances/fleur-narcotique-extrait-de-parfum-ex-nihilo-clone,,,,,ACTIVE_MASTER_V2,VERIFIED_OPERATIONAL_DB_2026-09-06
3207,2009-MNT,,,Honey Aoud,,https://leparfum.com.gr/en/elegants-fragrances/2009-mnt-el-perfume,,,,,ACTIVE_MASTER_V2,VERIFIED_OPERATIONAL_DB_2026-09-06
3218,2010-LART,,,Mont De Narcisse,,https://leparfum.com.gr/en/elegants-fragrances/2010-lart-el,,,,,ACTIVE_MASTER_V2,VERIFIED_OPERATIONAL_DB_2026-09-06
3233,2011-LTN,,,Dans la Peau,,https://leparfum.com.gr/en/niche-perfumes/2011-ltn-n,,,,,ACTIVE_MASTER_V2,VERIFIED_OPERATIONAL_DB_2026-09-06
3241,2012-DOL,,,Q QUEEN,,https://leparfum.com.gr/en/fragrances-for-women/2012-dol-wp,,,,,ACTIVE_MASTER_V2,VERIFIED_OPERATIONAL_DB_2026-09-06
3242,2013-CAC,,,Yes-i-am-delicious,,https://leparfum.com.gr/en/fragrances-for-women/2013-cac-w,,,,,ACTIVE_MASTER_V2,VERIFIED_OPERATIONAL_DB_2026-09-06
3375,2014-AZZ,,,MOST WANTED,,https://leparfum.com.gr/en/fragrances-for-men/2014-azz-m,,,,,ACTIVE_MASTER_V2,VERIFIED_OPERATIONAL_DB_2026-09-06
3354,2015-MAN,,,Tonka-cola,,https://leparfum.com.gr/en/elegants-fragrances/2015-man-el,,,,,ACTIVE_MASTER_V2,VERIFIED_OPERATIONAL_DB_2026-09-06
3374,2016-PARELM,,,Elixir d'Amour,,https://leparfum.com.gr/en/niche-perfumes/2016-parelm-ν,,,,,ACTIVE_MASTER_V2,VERIFIED_OPERATIONAL_DB_2026-09-06
3215,2017-DIE,,,D,,https://leparfum.com.gr/en/fragrances-for-men/2017-die-m,,,,,ACTIVE_MASTER_V2,VERIFIED_OPERATIONAL_DB_2026-09-06
3214,2018-ARM,,,the notes CODE PARFUM,,https://leparfum.com.gr/en/fragrances-for-men/2018-arm-m,,,,,ACTIVE_MASTER_V2,VERIFIED_OPERATIONAL_DB_2026-09-06
3446,2019-GUC,,,Flora-gorgeous-jasmine,,https://leparfum.com.gr/en/fragrances-for-women/2019-guc-wp,,,,,ACTIVE_MASTER_V2,VERIFIED_OPERATIONAL_DB_2026-09-06
3441,2020-VICT,,,Velvet-petals-sunkissed,,https://leparfum.com.gr/en/fragrances-for-women/2020-vict-wp,,,,,ACTIVE_MASTER_V2,VERIFIED_OPERATIONAL_DB_2026-09-06
3440,2021-ROJ,,,Apex Roja Dove,,https://leparfum.com.gr/en/niche-perfumes/apex-men-roja-dove-similar-fragrance,,,,,ACTIVE_MASTER_V2,VERIFIED_OPERATIONAL_DB_2026-09-06
3451,2022-ANN,,,Secret Wish Lucky Wish Eau de Toilette,,https://leparfum.com.gr/en/fragrances-for-women/lucky-wish-anna-sui-inspired-fragrance,,,,,ACTIVE_MASTER_V2,VERIFIED_OPERATIONAL_DB_2026-09-06
3445,2023-PEN,,,Legacy-of-petra,,https://leparfum.com.gr/en/niche-perfumes/2023-pen-n,,,,,ACTIVE_MASTER_V2,VERIFIED_OPERATIONAL_DB_2026-09-06
3443,2024-DRC,,,La Collection Privee  Feve Delicieuse,,https://leparfum.com.gr/en/niche-perfumes/2024-drc-n,,,,,ACTIVE_MASTER_V2,VERIFIED_OPERATIONAL_DB_2026-09-06
3444,2025-TER,,,Draco,,https://leparfum.com.gr/en/niche-perfumes/2025-ter-ν,,,,,ACTIVE_MASTER_V2,VERIFIED_OPERATIONAL_DB_2026-09-06
3449,2026-HER,,,Eau De Citron Noir,,https://leparfum.com.gr/en/fragrances-for-women/2026-her-w,,,,,ACTIVE_MASTER_V2,VERIFIED_OPERATIONAL_DB_2026-09-06
3450,2027-VICT,,,Tease-sugar-fleur-eau-de-,,https://leparfum.com.gr/en/fragrances-for-women/2027-vict-wp,,,,,ACTIVE_MASTER_V2,VERIFIED_OPERATIONAL_DB_2026-09-06
3453,2028-ZARK,,,Youth,,https://leparfum.com.gr/en/elegants-fragrances/2028-zark-el,,,,,ACTIVE_MASTER_V2,VERIFIED_OPERATIONAL_DB_2026-09-06
3448,2029-GUC,,,Tears-from-the-moon,,https://leparfum.com.gr/en/niche-perfumes/2029-guc-ν,,,,,ACTIVE_MASTER_V2,VERIFIED_OPERATIONAL_DB_2026-09-06
3506,2032-CAR,,,True-oud,,https://leparfum.com.gr/en/elegants-fragrances/2032-car-el,,,,,ACTIVE_MASTER_V2,VERIFIED_OPERATIONAL_DB_2026-09-06
3504,2033-ARM,,,MAGENTA TANZANITE,,https://leparfum.com.gr/en/elegants-fragrances/2033-arm-el,,,,,ACTIVE_MASTER_V2,VERIFIED_OPERATIONAL_DB_2026-09-06
3503,2034-MAN,,,Melody-of-the-sun,,https://leparfum.com.gr/en/elegants-fragrances/2034-man-el,,,,,ACTIVE_MASTER_V2,VERIFIED_OPERATIONAL_DB_2026-09-06
3502,2035-HER,,,Eau-de-basilic-pourpre,,https://leparfum.com.gr/en/fragrances-for-women/2035-her-w,,,,,ACTIVE_MASTER_V2,VERIFIED_OPERATIONAL_DB_2026-09-06
3505,2036-GIS,,,Ambassador Men Eau de Parfum,,https://leparfum.com.gr/en/elegants-fragrances/2036-gis-m,,,,,ACTIVE_MASTER_V2,VERIFIED_OPERATIONAL_DB_2026-09-06
3525,2037-VICT,,,COCONUT MILK & ROSE - V,,https://leparfum.com.gr/en/fragrances-for-women/2037-vict-wp,,,,,ACTIVE_MASTER_V2,VERIFIED_OPERATIONAL_DB_2026-09-06
3526,2038-TMFO,,,Cherry-smoke,,https://leparfum.com.gr/en/elegants-fragrances/2038-tmfo-el,,,,,ACTIVE_MASTER_V2,VERIFIED_OPERATIONAL_DB_2026-09-06
3473,2039-KAY,,,Lovefest Burning Cherry,,https://leparfum.com.gr/en/elegants-fragrances/2039-kay-el,,,,,ACTIVE_MASTER_V2,VERIFIED_OPERATIONAL_DB_2026-09-06
3527,2040-AMG,,,Dia Woman,,https://leparfum.com.gr/en/elegants-fragrances/2040-amg-el,,,,,ACTIVE_MASTER_V2,VERIFIED_OPERATIONAL_DB_2026-09-06
3480,2041-TMFO,,,Noir-extreme-,,https://leparfum.com.gr/en/elegants-fragrances/2041-tmfo-el,,,,,ACTIVE_MASTER_V2,VERIFIED_OPERATIONAL_DB_2026-09-06
3474,2043-VER,,,DYLAN PURPLE,,https://leparfum.com.gr/en/fragrances-for-women/2043-ver-w,,,,,ACTIVE_MASTER_V2,VERIFIED_OPERATIONAL_DB_2026-09-06
,2044-LORV,,,TEINT DE NEIGE,,,,,,,ACTIVE_MASTER_V2,VERIFIED_OPERATIONAL_DB_2026-09-06
3529,2045-HER,,,Eau Orange Verte,,https://leparfum.com.gr/en/fragrances-for-women/2045-her-w,,,,,ACTIVE_MASTER_V2,VERIFIED_OPERATIONAL_DB_2026-09-06
3530,2046-VICT,,,Very-sexy-oasis-eau-de-,,https://leparfum.com.gr/en/fragrances-for-women/2046-vict-wp,,,,,ACTIVE_MASTER_V2,VERIFIED_OPERATIONAL_DB_2026-09-06
3475,2047-KIL,,,Fievre-verte-l-heure-verte,,https://leparfum.com.gr/en/niche-perfumes/2047-kil-ν,,,,,ACTIVE_MASTER_V2,VERIFIED_OPERATIONAL_DB_2026-09-06
3531,2048-KIL,,,Yes I Was Madly In Love But That Was Yesterday,,https://leparfum.com.gr/en/elegants-fragrances/2048-kil-el,,,,,ACTIVE_MASTER_V2,VERIFIED_OPERATIONAL_DB_2026-09-06
3476,2049-NISH,,,Papilefiko,,https://leparfum.com.gr/en/niche-perfumes/2049-nish-ν,,,,,ACTIVE_MASTER_V2,VERIFIED_OPERATIONAL_DB_2026-09-06
3477,2050-NISH,,,Tempfluo,,https://leparfum.com.gr/en/niche-perfumes/2050-nish-ν,,,,,ACTIVE_MASTER_V2,VERIFIED_OPERATIONAL_DB_2026-09-06
3478,2051-PRFRO,,,Acqua Di Sale,,https://leparfum.com.gr/en/niche-perfumes/2051-prfro-ν,,,,,ACTIVE_MASTER_V2,VERIFIED_OPERATIONAL_DB_2026-09-06
3513,2052-CAR,,,Good-girl-blush-eau-de-,,https://leparfum.com.gr/en/fragrances-for-women/2052-car-wp,,,,,ACTIVE_MASTER_V2,VERIFIED_OPERATIONAL_DB_2026-09-06
3528,2053-BDIK,,,Gris-charnel-,,https://leparfum.com.gr/en/niche-perfumes/2053-bdik-ν,,,,,ACTIVE_MASTER_V2,VERIFIED_OPERATIONAL_DB_2026-09-06
3532,2054-CAR,,,Bad-boy-gold-fantasy,,https://leparfum.com.gr/en/fragrances-for-men/2054-car-mp,,,,,ACTIVE_MASTER_V2,VERIFIED_OPERATIONAL_DB_2026-09-06
3533,2055-BAT,,,Dream-bright-eau-de-,,https://leparfum.com.gr/en/fragrances-for-women/2055-bat-wp,,,,,ACTIVE_MASTER_V2,VERIFIED_OPERATIONAL_DB_2026-09-06
3534,2056-ARIA,,,Mod-blush-eau-de-,,https://leparfum.com.gr/en/fragrances-for-women/2056-aria-wp,,,,,ACTIVE_MASTER_V2,VERIFIED_OPERATIONAL_DB_2026-09-06
3590,2057-ESCE,,,MOLECULE 01 + BLACK TEA - ESCENTRIC,,https://leparfum.com.gr/en/elegants-fragrances/molecule-01-black-tea-similar-fragrance,,,,,ACTIVE_MASTER_V2,VERIFIED_OPERATIONAL_DB_2026-09-06
3600,2059-NARC,,,Dulce Diablo,,https://leparfum.com.gr/en/niche-perfumes/2059-narc-ν,,,,,ACTIVE_MASTER_V2,VERIFIED_OPERATIONAL_DB_2026-09-06
3603,2060-BAT,,,Whiskey-reserve-,,https://leparfum.com.gr/en/fragrances-for-men/2060-bat-mp,,,,,ACTIVE_MASTER_V2,VERIFIED_OPERATIONAL_DB_2026-09-06
3599,2061-YZLO,,,Black-opium-le-,,https://leparfum.com.gr/en/fragrances-for-women/2061-yzlo-w,,,,,ACTIVE_MASTER_V2,VERIFIED_OPERATIONAL_DB_2026-09-06
4088,2062-PAC,,,ONE MILLION ROYAL,,https://leparfum.com.gr/en/fragrances-for-men/2062-pac-mp,,,,,ACTIVE_MASTER_V2,VERIFIED_OPERATIONAL_DB_2026-09-06
3601,2063-MNT,,,Herbal-aquatica,,https://leparfum.com.gr/en/elegants-fragrances/2063-mnt-el-perfrume,,,,,ACTIVE_MASTER_V2,VERIFIED_OPERATIONAL_DB_2026-09-06
3462,2065-FRA,,,Sugar Franck Boclet,,https://leparfum.com.gr/en/elegants-fragrances/sugar-franck-boclet-clone,,,,,ACTIVE_MASTER_V2,VERIFIED_OPERATIONAL_DB_2026-09-06
3468,2066-LEL,,,Limette 37,,https://leparfum.com.gr/en/niche-perfumes/2066-lel-ν,,,,,ACTIVE_MASTER_V2,VERIFIED_OPERATIONAL_DB_2026-09-06
3471,2067-ROJ,,,RISQUE POUR FEMME ESSENCE DE PARFUM - ROJA,,https://leparfum.com.gr/en/niche-perfumes/2067-roj-ν,,,,,ACTIVE_MASTER_V2,VERIFIED_OPERATIONAL_DB_2026-09-06
3454,2069-NISH,,,Karagoz,,https://leparfum.com.gr/en/niche-perfumes/2069-nish-ν,,,,,ACTIVE_MASTER_V2,VERIFIED_OPERATIONAL_DB_2026-09-06
3479,2071-LAN,,,La-vie-est-belle-iris-absolu,,https://leparfum.com.gr/en/fragrances-for-women/2071-lan-w,,,,,ACTIVE_MASTER_V2,VERIFIED_OPERATIONAL_DB_2026-09-06
3467,2072-KIL,,,Apple-brandy-on-the-rocks,,https://leparfum.com.gr/en/elegants-fragrances/2072-kil-el,,,,,ACTIVE_MASTER_V2,VERIFIED_OPERATIONAL_DB_2026-09-06
3469,2073-LTN,,,Étoile Filante,,https://leparfum.com.gr/en/niche-perfumes/2073-ltn-n,,,,,ACTIVE_MASTER_V2,VERIFIED_OPERATIONAL_DB_2026-09-06
3470,2074-MAN,,,Instant Crush,,https://leparfum.com.gr/en/elegants-fragrances/2074-man-el,,,,,ACTIVE_MASTER_V2,VERIFIED_OPERATIONAL_DB_2026-09-06
3472,2075-TMFO,,,COSTA AZZURA ACQUA,,https://leparfum.com.gr/en/elegants-fragrances/2075-tmfo-el,,,,,ACTIVE_MASTER_V2,VERIFIED_OPERATIONAL_DB_2026-09-06
3455,2085-CLIV,,,X NEROLI LIMITED EDITION - CLIVE CHRISTIAN,,https://leparfum.com.gr/en/niche-perfumes/2085-cliv-ν,,,,,ACTIVE_MASTER_V2,VERIFIED_OPERATIONAL_DB_2026-09-06
3481,2086-VICT,,,Bare,,https://leparfum.com.gr/en/fragrances-for-women/2086-vict-wp,,,,,ACTIVE_MASTER_V2,VERIFIED_OPERATIONAL_DB_2026-09-06
4089,2088-YZLO,,,Y LE PARFUM,,https://leparfum.com.gr/en/fragrances-for-men/2088-yzlo-m,,,,,ACTIVE_MASTER_V2,VERIFIED_OPERATIONAL_DB_2026-09-06
3509,2090-MNT,,,Crazy-in-love,,https://leparfum.com.gr/en/elegants-fragrances/2090-mnt-el-fragrance,,,,,ACTIVE_MASTER_V2,VERIFIED_OPERATIONAL_DB_2026-09-06
3507,2091-AMG,,,Material,,https://leparfum.com.gr/en/elegants-fragrances/2091-amg-el,,,,,ACTIVE_MASTER_V2,VERIFIED_OPERATIONAL_DB_2026-09-06
3508,2092-MAN,,,Hindu Kush,,https://leparfum.com.gr/en/elegants-fragrances/2092-man-el,,,,,ACTIVE_MASTER_V2,VERIFIED_OPERATIONAL_DB_2026-09-06
3497,2093-MNTB,,,Lady Emblem,,https://leparfum.com.gr/en/fragrances-for-women/2093-mntb-wp,,,,,ACTIVE_MASTER_V2,VERIFIED_OPERATIONAL_DB_2026-09-06
3494,2094-SHIS,,,Ever Bloom,,https://leparfum.com.gr/en/fragrances-for-women/ever-bloom-wedding-perfume,,,,,ACTIVE_MASTER_V2,VERIFIED_OPERATIONAL_DB_2026-09-06
3488,2095-VICT,,,Strawberries-champagne-eau-de-toilette,,https://leparfum.com.gr/en/fragrances-for-women/2095-vict-wp,,,,,ACTIVE_MASTER_V2,VERIFIED_OPERATIONAL_DB_2026-09-06
3489,2096-KEN,,,Parfum D Ete,,https://leparfum.com.gr/en/fragrances-for-women/2096-ken-wp,,,,,ACTIVE_MASTER_V2,VERIFIED_OPERATIONAL_DB_2026-09-06
3628,2097-ACQ,,,Blue Mediterraneo,,https://leparfum.com.gr/en/fragrances-for-women/2097-acq-wp,,,,,ACTIVE_MASTER_V2,VERIFIED_OPERATIONAL_DB_2026-09-06
3493,2098-MIC,,,Twilight Shimmer,,https://leparfum.com.gr/en/fragrances-for-women/2098-mic-w,,,,,ACTIVE_MASTER_V2,VERIFIED_OPERATIONAL_DB_2026-09-06
3491,2099-MARG,,,Autumn-vibes,,https://leparfum.com.gr/en/elegants-fragrances/2099-marg-el,,,,,ACTIVE_MASTER_V2,VERIFIED_OPERATIONAL_DB_2026-09-06
3492,2100-MARG,,,Sailing-day,,https://leparfum.com.gr/en/elegants-fragrances/2100-marg-el,,,,,ACTIVE_MASTER_V2,VERIFIED_OPERATIONAL_DB_2026-09-06
3498,2101-KUR,,,Masculin-pluriel,,https://leparfum.com.gr/en/niche-perfumes/2101-kur-n,,,,,ACTIVE_MASTER_V2,VERIFIED_OPERATIONAL_DB_2026-09-06
3487,2102-MOS,,,Fresh Couture,,https://leparfum.com.gr/en/fragrances-for-women/2102-mos-wp,,,,,ACTIVE_MASTER_V2,VERIFIED_OPERATIONAL_DB_2026-09-06
3495,2103-EXN,,,Vetiver Moloko,,https://leparfum.com.gr/en/niche-perfumes/vetiver-moloko-ex-nihilo-inspired-perfume,,,,,ACTIVE_MASTER_V2,VERIFIED_OPERATIONAL_DB_2026-09-06
,2104-CHA,,,1957,,,,,,,ACTIVE_MASTER_V2,VERIFIED_OPERATIONAL_DB_2026-09-06
3483,2105-MNT,,,Oud-pashmina,,https://leparfum.com.gr/en/niche-perfumes/2105-mnt-n-perfume,,,,,ACTIVE_MASTER_V2,VERIFIED_OPERATIONAL_DB_2026-09-06
,2106-MARC,,,B683,,,,,,,ACTIVE_MASTER_V2,VERIFIED_OPERATIONAL_DB_2026-09-06
3484,2107-GUR,,,Tonka Imperiale,,https://leparfum.com.gr/en/niche-perfumes/2107-gur-n,,,,,ACTIVE_MASTER_V2,VERIFIED_OPERATIONAL_DB_2026-09-06
3496,2108-BDIK,,,Creme-de-cuir-eau-de-,,https://leparfum.com.gr/en/niche-perfumes/creme-de-cuir-bdk-parfums-inspired,,,,,ACTIVE_MASTER_V2,VERIFIED_OPERATIONAL_DB_2026-09-06
3490,2109-LTN,,,Cactus Garden,,https://leparfum.com.gr/en/niche-perfumes/2109-ltn-n,,,,,ACTIVE_MASTER_V2,VERIFIED_OPERATIONAL_DB_2026-09-06
3499,2110-AMG,,,Interlude 53 Man,,https://leparfum.com.gr/en/niche-perfumes/2110-amg-ν,,,,,ACTIVE_MASTER_V2,VERIFIED_OPERATIONAL_DB_2026-09-06
3500,2111-BLG,,,Aqva Pour Homme Atlantiqve,,https://leparfum.com.gr/en/fragrances-for-men/2111-blg-mp,,,,,ACTIVE_MASTER_V2,VERIFIED_OPERATIONAL_DB_2026-09-06
3510,2112-GUC,,,Rush Man,,https://leparfum.com.gr/en/fragrances-for-men/2112-guc-mp,,,,,ACTIVE_MASTER_V2,VERIFIED_OPERATIONAL_DB_2026-09-06
3501,2113-XER,,,Uden,,https://leparfum.com.gr/en/niche-perfumes/2113-xer-n,,,,,ACTIVE_MASTER_V2,VERIFIED_OPERATIONAL_DB_2026-09-06
3515,2114-HER,,,Un-jardin-a-cythere-eau-de-toilette,,https://leparfum.com.gr/en/niche-perfumes/2114-her-n,,,,,ACTIVE_MASTER_V2,VERIFIED_OPERATIONAL_DB_2026-09-06
3521,2115-EST,,,Oasis-dawn,,https://leparfum.com.gr/en/fragrances-for-women/2115-est-wp,,,,,ACTIVE_MASTER_V2,VERIFIED_OPERATIONAL_DB_2026-09-06
3523,2116-ARM,,,My-way-floral,,https://leparfum.com.gr/en/fragrances-for-women/2116-arm-w,,,,,ACTIVE_MASTER_V2,VERIFIED_OPERATIONAL_DB_2026-09-06
3522,2117-YZLO,,,Libre-le-,,https://leparfum.com.gr/en/fragrances-for-women/2117-yzlo-w,,,,,ACTIVE_MASTER_V2,VERIFIED_OPERATIONAL_DB_2026-09-06
3520,2118-GUC,,,Bloom-intense,,https://leparfum.com.gr/en/fragrances-for-women/2118-guc-wp,,,,,ACTIVE_MASTER_V2,VERIFIED_OPERATIONAL_DB_2026-09-06
3524,2119-ARM,,,My-way-,,https://leparfum.com.gr/en/fragrances-for-women/2119-arm-w,,,,,ACTIVE_MASTER_V2,VERIFIED_OPERATIONAL_DB_2026-09-06
3517,2120-CAR,,,Lucky-charm,,https://leparfum.com.gr/en/elegants-fragrances/2120-car-el,,,,,ACTIVE_MASTER_V2,VERIFIED_OPERATIONAL_DB_2026-09-06
3518,2121-CAR,,,Mad-world,,https://leparfum.com.gr/en/elegants-fragrances/2121-car-el,,,,,ACTIVE_MASTER_V2,VERIFIED_OPERATIONAL_DB_2026-09-06
3516,2122-GUR,,,Aqua-allegoria-harvest-rosa-rossa,,https://leparfum.com.gr/en/elegants-fragrances/2122-gur-el,,,,,ACTIVE_MASTER_V2,VERIFIED_OPERATIONAL_DB_2026-09-06
3514,2123-KIL,,,Blue-moon-ginger-dash,,https://leparfum.com.gr/en/elegants-fragrances/2123-kil-el,,,,,ACTIVE_MASTER_V2,VERIFIED_OPERATIONAL_DB_2026-09-06
3519,2124-CAR,,,Alegria-de-vivir,,https://leparfum.com.gr/en/elegants-fragrances/2124-car-el,,,,,ACTIVE_MASTER_V2,VERIFIED_OPERATIONAL_DB_2026-09-06
3536,2125-TRU,,,The-italian-artists-of-via-solferino,,https://leparfum.com.gr/en/elegants-fragrances/2125-tru-el,,,,,ACTIVE_MASTER_V2,VERIFIED_OPERATIONAL_DB_2026-09-06
3535,2126-GIV,,,MMW,,https://leparfum.com.gr/en/elegants-fragrances/2126-giv-el,,,,,ACTIVE_MASTER_V2,VERIFIED_OPERATIONAL_DB_2026-09-06
3537,2127-HUG,,,Boss-bottled-pacific,,https://leparfum.com.gr/en/fragrances-for-men/2127-hug-mp,,,,,ACTIVE_MASTER_V2,VERIFIED_OPERATIONAL_DB_2026-09-06
3538,2128-BEN,,,WE ARE TRIBE - ΒΕΝΕΤΤΟΝ,,https://leparfum.com.gr/en/fragrances-for-men/we-are-tribe-βενεττον-similar-fragrance,,,,,ACTIVE_MASTER_V2,VERIFIED_OPERATIONAL_DB_2026-09-06
3512,2129-SOL,,,Cheirosa-62-brazilian-crush-cheirosa-62-perfume-mist,,https://leparfum.com.gr/en/elegants-fragrances/2129-sol-el,,,,,ACTIVE_MASTER_V2,VERIFIED_OPERATIONAL_DB_2026-09-06
3564,2130-AMG,,,Reflection Man,,https://leparfum.com.gr/en/niche-perfumes/2130-amg-n,,,,,ACTIVE_MASTER_V2,VERIFIED_OPERATIONAL_DB_2026-09-06
3565,2131-CRD,,,Neroli Sauvage,,https://leparfum.com.gr/en/elegants-fragrances/2131-crd-el,,,,,ACTIVE_MASTER_V2,VERIFIED_OPERATIONAL_DB_2026-09-06
3566,2132-DRC,,,Oud-rosewood-eau-de-,,https://leparfum.com.gr/en/niche-perfumes/2132-drc-n-perfrume,,,,,ACTIVE_MASTER_V2,VERIFIED_OPERATIONAL_DB_2026-09-06
3567,2133-FRE,,,Lipstick Rose Eau de Parfum,,https://leparfum.com.gr/en/niche-perfumes/2133-fre-n,,,,,ACTIVE_MASTER_V2,VERIFIED_OPERATIONAL_DB_2026-09-06
3568,2134-MEM,,,Ocean-leather,,https://leparfum.com.gr/en/niche-perfumes/2134-mem-ν,,,,,ACTIVE_MASTER_V2,VERIFIED_OPERATIONAL_DB_2026-09-06
3569,2135-KUR,,,Aqua Celestia,,https://leparfum.com.gr/en/niche-perfumes/2135-kur-n,,,,,ACTIVE_MASTER_V2,VERIFIED_OPERATIONAL_DB_2026-09-06
3563,2136-PARF,,,Valaya,,https://leparfum.com.gr/en/niche-perfumes/2136-parf-ν,,,,,ACTIVE_MASTER_V2,VERIFIED_OPERATIONAL_DB_2026-09-06
3570,2137-ROJ,,,GREAT BRITAIN - ROJA DOVE,,https://leparfum.com.gr/en/niche-perfumes/2137-roj-ν,,,,,ACTIVE_MASTER_V2,VERIFIED_OPERATIONAL_DB_2026-09-06
3571,2138-TMFO,,,London,,https://leparfum.com.gr/en/elegants-fragrances/2138-tmfo-el,,,,,ACTIVE_MASTER_V2,VERIFIED_OPERATIONAL_DB_2026-09-06
3572,2139-XER,,,Cruz-del-sur-i,,https://leparfum.com.gr/en/niche-perfumes/2139-xer-n,,,,,ACTIVE_MASTER_V2,VERIFIED_OPERATIONAL_DB_2026-09-06
3573,2140-XER,,,Starlight,,https://leparfum.com.gr/en/niche-perfumes/2140-xer-n,,,,,ACTIVE_MASTER_V2,VERIFIED_OPERATIONAL_DB_2026-09-06
3588,2141-LTN,,,Stellar Times,,https://leparfum.com.gr/en/niche-perfumes/2141-ltn-n,,,,,ACTIVE_MASTER_V2,VERIFIED_OPERATIONAL_DB_2026-09-06
3574,2142-PARF,,,PEGASUS EXCLUSIVE - PARFUMS DE MARLY,,https://leparfum.com.gr/en/niche-perfumes/2142-parf-ν,,,,,ACTIVE_MASTER_V2,VERIFIED_OPERATIONAL_DB_2026-09-06
3589,2143-XER,,,Amber-star,,https://leparfum.com.gr/en/niche-perfumes/2143-xer-n,,,,,ACTIVE_MASTER_V2,VERIFIED_OPERATIONAL_DB_2026-09-06
3587,2144-ARM,,,STRONGER WITH YOU LIMITED EDITION,,https://leparfum.com.gr/en/fragrances-for-men/2144-arm-m,,,,,ACTIVE_MASTER_V2,VERIFIED_OPERATIONAL_DB_2026-09-06
3592,2147-TMFO,,,Electric-cherry-eau-de-,,https://leparfum.com.gr/en/elegants-fragrances/2147-tmfo-el,,,,,ACTIVE_MASTER_V2,VERIFIED_OPERATIONAL_DB_2026-09-06
3596,2148-BAT,,,Pure-wonder-eau-de-,,https://leparfum.com.gr/en/fragrances-for-women/2148-bat-wp,,,,,ACTIVE_MASTER_V2,VERIFIED_OPERATIONAL_DB_2026-09-06
3595,2149-ESC,,,Santorini-sunrise,,https://leparfum.com.gr/en/fragrances-for-women/santorini-sunrise-escada-similar-fragrance,,,,,ACTIVE_MASTER_V2,VERIFIED_OPERATIONAL_DB_2026-09-06
3593,2150-LEL,,,The-matcha-26,,https://leparfum.com.gr/en/elegants-fragrances/2150-lel-el,,,,,ACTIVE_MASTER_V2,VERIFIED_OPERATIONAL_DB_2026-09-06
3602,2151-GIV,,,Gentleman-society-eau-de-,,https://leparfum.com.gr/en/fragrances-for-men/2151-giv-m,,,,,ACTIVE_MASTER_V2,VERIFIED_OPERATIONAL_DB_2026-09-06
3597,2152-XER,,,Apollonia,,https://leparfum.com.gr/en/niche-perfumes/2152-xer-n,,,,,ACTIVE_MASTER_V2,VERIFIED_OPERATIONAL_DB_2026-09-06
3621,2153-KAY,,,Deja-vu-white-flower-57-eau-de-,,https://leparfum.com.gr/en/elegants-fragrances/2153-kay-el,,,,,ACTIVE_MASTER_V2,VERIFIED_OPERATIONAL_DB_2026-09-06
3622,2154-KAY,,,Utopia-vanilla-coco-21,,https://leparfum.com.gr/en/elegants-fragrances/2154-kay-el,,,,,ACTIVE_MASTER_V2,VERIFIED_OPERATIONAL_DB_2026-09-06
3618,2155-KAY,,,Yum Pistachio Gelato 33,,https://leparfum.com.gr/en/elegants-fragrances/2155-kay-el,,,,,ACTIVE_MASTER_V2,VERIFIED_OPERATIONAL_DB_2026-09-06
3617,2156-NRO,,,For-her-forever,,https://leparfum.com.gr/en/fragrances-for-women/2156-nro-wp,,,,,ACTIVE_MASTER_V2,VERIFIED_OPERATIONAL_DB_2026-09-06
3623,2157-BLG,,,MA MAGNIFICΑ,,https://leparfum.com.gr/en/elegants-fragrances/2157-blg-el,,,,,ACTIVE_MASTER_V2,VERIFIED_OPERATIONAL_DB_2026-09-06
3616,2158-MNT,,,Rendez-vous-a-paris,,https://leparfum.com.gr/en/elegants-fragrances/2158-mnt-el,,,,,ACTIVE_MASTER_V2,VERIFIED_OPERATIONAL_DB_2026-09-06
3619,2159-CAR,,,Call-me-darling,,https://leparfum.com.gr/en/elegants-fragrances/2159-car-el,,,,,ACTIVE_MASTER_V2,VERIFIED_OPERATIONAL_DB_2026-09-06
,2160-ZAR,,,BARBIE,,,,,,,ACTIVE_MASTER_V2,VERIFIED_OPERATIONAL_DB_2026-09-06
3792,2161-GUR,,,Aqua Allegoria Mandarine Basilic,,https://leparfum.com.gr/en/fragrances-for-women/2161-gur-w,,,,,ACTIVE_MASTER_V2,VERIFIED_OPERATIONAL_DB_2026-09-06
3687,2162-BRB,,,Goddess,,https://leparfum.com.gr/en/fragrances-for-women/2162-brb-wp,,,,,ACTIVE_MASTER_V2,VERIFIED_OPERATIONAL_DB_2026-09-06
3799,2163-SNI,,,Dead Dinosaur,,https://leparfum.com.gr/en/luxury-perfumes/dead-dinosaur-snif-inspired-perfume,,,,,ACTIVE_MASTER_V2,VERIFIED_OPERATIONAL_DB_2026-09-06
3788,2164-LAT,,,KHAMRAH - LATTAFA Inspired Perfume,,https://leparfum.com.gr/en/elegants-fragrances/2164-lat-el,,,,,ACTIVE_MASTER_V2,VERIFIED_OPERATIONAL_DB_2026-09-06
3661,2165-KAY,,,Vanilla-royale-sugared-patchouli-64,,https://leparfum.com.gr/en/elegants-fragrances/2165-kay-el,,,,,ACTIVE_MASTER_V2,VERIFIED_OPERATIONAL_DB_2026-09-06
3786,2167-GUL,,,Le-male-elixir,,https://leparfum.com.gr/en/fragrances-for-men/2167-gul-mp,,,,,ACTIVE_MASTER_V2,VERIFIED_OPERATIONAL_DB_2026-09-06
3796,2168-MARG,,,UNDER THE LEMON TREE,,https://leparfum.com.gr/en/elegants-fragrances/2168-marg-el,,,,,ACTIVE_MASTER_V2,VERIFIED_OPERATIONAL_DB_2026-09-06
3808,2169-ROJ,,,TI AMO - ROJA DOVE,,https://leparfum.com.gr/en/niche-perfumes/2169-roj-ν,,,,,ACTIVE_MASTER_V2,VERIFIED_OPERATIONAL_DB_2026-09-06
3629,2170-BOA,,,Ardent-eau-de-,,https://leparfum.com.gr/en/niche-perfumes/2170-boa-ν,,,,,ACTIVE_MASTER_V2,VERIFIED_OPERATIONAL_DB_2026-09-06
3630,2171-XER,,,Nio,,https://leparfum.com.gr/en/niche-perfumes/2171-xer-n,,,,,ACTIVE_MASTER_V2,VERIFIED_OPERATIONAL_DB_2026-09-06
,2172-SWISA,,,KASHKHA,,,,,,,ACTIVE_MASTER_V2,VERIFIED_OPERATIONAL_DB_2026-09-06
,2173-ANFAD,,,SUKAR,,,,,,,ACTIVE_MASTER_V2,VERIFIED_OPERATIONAL_DB_2026-09-06
3638,2174-ZIE,,,Vanilla-blend,,https://leparfum.com.gr/en/fragrances-for-women/2174-zie-wp,,,,,ACTIVE_MASTER_V2,VERIFIED_OPERATIONAL_DB_2026-09-06
3632,2175-ESCE,,,Molecule-01-mandarin,,https://leparfum.com.gr/en/elegants-fragrances/molecule-01-mandarin-perfume-type,,,,,ACTIVE_MASTER_V2,VERIFIED_OPERATIONAL_DB_2026-09-06
3671,2176-TMFO,,,Velvet Orchid Lumiere,,https://leparfum.com.gr/en/elegants-fragrances/2176-tmfo-el,,,,,ACTIVE_MASTER_V2,VERIFIED_OPERATIONAL_DB_2026-09-06
3670,2177-SERG,,,Un Bois Vanille,,https://leparfum.com.gr/en/niche-perfumes/2177-serg-ν,,,,,ACTIVE_MASTER_V2,VERIFIED_OPERATIONAL_DB_2026-09-06
3672,2178-MON,,,pour Homme,,https://leparfum.com.gr/en/elegants-fragrances/pour-homme-moncler-inspired-perfume,,,,,ACTIVE_MASTER_V2,VERIFIED_OPERATIONAL_DB_2026-09-06
3669,2179-PEN,,,Tralala,,https://leparfum.com.gr/en/niche-perfumes/2179-pen-n,,,,,ACTIVE_MASTER_V2,VERIFIED_OPERATIONAL_DB_2026-09-06
3676,2180-VAL,,,VOCE VIVA INTENSE,,https://leparfum.com.gr/en/fragrances-for-women/2180-val-wp,,,,,ACTIVE_MASTER_V2,VERIFIED_OPERATIONAL_DB_2026-09-06
3675,2181-AMG,,,Love Tuberose,,https://leparfum.com.gr/en/niche-perfumes/2181-amg-ν,,,,,ACTIVE_MASTER_V2,VERIFIED_OPERATIONAL_DB_2026-09-06
3674,2182-JOM,,,Honeysuckle  Davana,,https://leparfum.com.gr/en/elegants-fragrances/2182-jom-el,,,,,ACTIVE_MASTER_V2,VERIFIED_OPERATIONAL_DB_2026-09-06
3673,2183-MIY,,,Miu-miu-fleur-de-lait,,https://leparfum.com.gr/en/fragrances-for-women/2183-miy-wp,,,,,ACTIVE_MASTER_V2,VERIFIED_OPERATIONAL_DB_2026-09-06
3684,2184-KIL,,,Incense Oud,,https://leparfum.com.gr/en/niche-perfumes/2184-kil-ν,,,,,ACTIVE_MASTER_V2,VERIFIED_OPERATIONAL_DB_2026-09-06
3681,2185-DRC,,,Eau Sauvage Extrme Intense,,https://leparfum.com.gr/en/fragrances-for-men/2185-drc-m,,,,,ACTIVE_MASTER_V2,VERIFIED_OPERATIONAL_DB_2026-09-06
3685,2186-PARF,,,Godolphin,,https://leparfum.com.gr/en/niche-perfumes/2186-parf-ν,,,,,ACTIVE_MASTER_V2,VERIFIED_OPERATIONAL_DB_2026-09-06
3683,2187-INI,,,Rehab,,https://leparfum.com.gr/en/niche-perfumes/2187-ini-n,,,,,ACTIVE_MASTER_V2,VERIFIED_OPERATIONAL_DB_2026-09-06
3682,2188-INI,,,High Frequency,,https://leparfum.com.gr/en/niche-perfumes/2188-ini-n,,,,,ACTIVE_MASTER_V2,VERIFIED_OPERATIONAL_DB_2026-09-06
,2189-ARM,,,STRONGER WITH YOU OUD,,,,,,,ACTIVE_MASTER_V2,VERIFIED_OPERATIONAL_DB_2026-09-06
,2190-ROJ,,,DIAGHILEV,,,,,,,ACTIVE_MASTER_V2,VERIFIED_OPERATIONAL_DB_2026-09-06
3729,2191-XER,,,Bouquet Ideale,,https://leparfum.com.gr/en/niche-perfumes/2191-xer-n,,,,,ACTIVE_MASTER_V2,VERIFIED_OPERATIONAL_DB_2026-09-06
3727,2192-LTN,,,Fleur du Désert,,https://leparfum.com.gr/en/niche-perfumes/2192-ltn-n,,,,,ACTIVE_MASTER_V2,VERIFIED_OPERATIONAL_DB_2026-09-06
,2193-LTN,,,NOUVEAU MONDE,,,,,,,ACTIVE_MASTER_V2,VERIFIED_OPERATIONAL_DB_2026-09-06
3732,2194-ORT,,,Cuoium,,https://leparfum.com.gr/en/niche-perfumes/2194-ort-ν,,,,,ACTIVE_MASTER_V2,VERIFIED_OPERATIONAL_DB_2026-09-06
3726,2195-LEL,,,Fleur D Oranger 27,,https://leparfum.com.gr/en/niche-perfumes/2195-lel-ν,,,,,ACTIVE_MASTER_V2,VERIFIED_OPERATIONAL_DB_2026-09-06
3725,2196-BYR,,,Open-sky,,https://leparfum.com.gr/en/niche-perfumes/2196-byr-n,,,,,ACTIVE_MASTER_V2,VERIFIED_OPERATIONAL_DB_2026-09-06
3731,2197-MNT,,,Soleil De Capri,,https://leparfum.com.gr/en/elegants-fragrances/2197-mnt-el-perfume,,,,,ACTIVE_MASTER_V2,VERIFIED_OPERATIONAL_DB_2026-09-06
3730,2198-MNT,,,WOOD ON FIRE - MONTALE Inspired Perfume,,https://leparfum.com.gr/en/niche-perfumes/2198-mnt-n-perfume,,,,,ACTIVE_MASTER_V2,VERIFIED_OPERATIONAL_DB_2026-09-06
3717,2199-LAT,,,KHALIS MUSK (PURE MUSK) - LATTAFA,,https://leparfum.com.gr/en/niche-perfumes/2199-lat-ν,,,,,ACTIVE_MASTER_V2,VERIFIED_OPERATIONAL_DB_2026-09-06
3790,2201-LTN,,,Pacific Chill,,https://leparfum.com.gr/en/luxury-perfumes/2201-ltn-l,,,,,ACTIVE_MASTER_V2,VERIFIED_OPERATIONAL_DB_2026-09-06
3798,2202-ROJ,,,ISOLA BLU - ROJA DOVE,,https://leparfum.com.gr/en/niche-perfumes/2202-roj-ν,,,,,ACTIVE_MASTER_V2,VERIFIED_OPERATIONAL_DB_2026-09-06
3789,2203-ARM,,,ROSE MILANO,,https://leparfum.com.gr/en/elegants-fragrances/2203-arm-el,,,,,ACTIVE_MASTER_V2,VERIFIED_OPERATIONAL_DB_2026-09-06
3787,2204-TMFO,,,the notes SOLEIL DE FEU,,https://leparfum.com.gr/en/niche-perfumes/2204-tmfo-n,,,,,ACTIVE_MASTER_V2,VERIFIED_OPERATIONAL_DB_2026-09-06
3785,2205-TMU,,,Alien-goddess-eau-de-parfum-intense,,https://leparfum.com.gr/en/fragrances-for-women/2205-tmu-w,,,,,ACTIVE_MASTER_V2,VERIFIED_OPERATIONAL_DB_2026-09-06
3791,2206-GIA,,,Bianco Latte,,https://leparfum.com.gr/en/luxury-perfumes/2206-gia-lux,,,,,ACTIVE_MASTER_V2,VERIFIED_OPERATIONAL_DB_2026-09-06
3812,2207-BLG,,,Spettacolore,,https://leparfum.com.gr/en/niche-perfumes/2207-blg-ν,,,,,ACTIVE_MASTER_V2,VERIFIED_OPERATIONAL_DB_2026-09-06
3724,2208-TMU,,,Angel-elixir,,https://leparfum.com.gr/en/fragrances-for-women/2208-tmu-w,,,,,ACTIVE_MASTER_V2,VERIFIED_OPERATIONAL_DB_2026-09-06
3797,2209-MATIE,,,CRYSTAL SAFFRON - MATIERE PREMIERE,,https://leparfum.com.gr/en/fragrances-for-men/crystal-saffron-matiere-premiere-inspired-perfume,,,,,ACTIVE_MASTER_V2,VERIFIED_OPERATIONAL_DB_2026-09-06
3793,2210-JOM,,,Orange Bitters Cologne (2023) - Jo Malone,,https://leparfum.com.gr/en/elegants-fragrances/2210-jom-el,,,,,ACTIVE_MASTER_V2,VERIFIED_OPERATIONAL_DB_2026-09-06
3794,2211-YZLO,,,Myslf-eau-de-,,https://leparfum.com.gr/en/fragrances-for-men/2211-yzlo-m,,,,,ACTIVE_MASTER_V2,VERIFIED_OPERATIONAL_DB_2026-09-06
3810,2212-AMG,,,Epic-56-woman,,https://leparfum.com.gr/en/elegants-fragrances/2212-amg-el,,,,,ACTIVE_MASTER_V2,VERIFIED_OPERATIONAL_DB_2026-09-06
3813,2213-AMG,,,Opus-xiv-royal-tobacco,,https://leparfum.com.gr/en/elegants-fragrances/2213-amg-el,,,,,ACTIVE_MASTER_V2,VERIFIED_OPERATIONAL_DB_2026-09-06
3802,2214-CAR,,,Stallion-leather,,https://leparfum.com.gr/en/elegants-fragrances/2214-car-el,,,,,ACTIVE_MASTER_V2,VERIFIED_OPERATIONAL_DB_2026-09-06
3795,2215-CAR,,,Good-girl-fantastic-pink,,https://leparfum.com.gr/en/fragrances-for-women/2215-car-wp,,,,,ACTIVE_MASTER_V2,VERIFIED_OPERATIONAL_DB_2026-09-06
3814,2216-DOL,,,Devotion-eau-de-,,https://leparfum.com.gr/en/fragrances-for-women/2216-dol-wp,,,,,ACTIVE_MASTER_V2,VERIFIED_OPERATIONAL_DB_2026-09-06
3815,2217-NRO,,,ALL OF ME - RODRIG,,https://leparfum.com.gr/en/fragrances-for-women/2217-nro-wp,,,,,ACTIVE_MASTER_V2,VERIFIED_OPERATIONAL_DB_2026-09-06
3819,2218-ARM,,,BLEU TURQUOISE,,https://leparfum.com.gr/en/elegants-fragrances/2218-arm-el,,,,,ACTIVE_MASTER_V2,VERIFIED_OPERATIONAL_DB_2026-09-06
3803,2219-AJMA,,,Amber Wood,,https://leparfum.com.gr/en/elegants-fragrances/amber-wood-ajmal-arabic-perfume,,,,,ACTIVE_MASTER_V2,VERIFIED_OPERATIONAL_DB_2026-09-06
,2220-AL HAR,,,HAYATI,,,,,,,ACTIVE_MASTER_V2,VERIFIED_OPERATIONAL_DB_2026-09-06
3817,2221-AMG,,,Beach Hut Man,,https://leparfum.com.gr/en/elegants-fragrances/2221-amg-el,,,,,ACTIVE_MASTER_V2,VERIFIED_OPERATIONAL_DB_2026-09-06
3809,2222-AMG,,,Epic Woman Eau de Parfum,,https://leparfum.com.gr/en/elegants-fragrances/2222-amg-el,,,,,ACTIVE_MASTER_V2,VERIFIED_OPERATIONAL_DB_2026-09-06
3822,2223-AMG,,,Reflection 45 Man,,https://leparfum.com.gr/en/niche-perfumes/2223-amg-ν,,,,,ACTIVE_MASTER_V2,VERIFIED_OPERATIONAL_DB_2026-09-06
3818,2224-ARM,,,DIAMONDS WOMAN,,https://leparfum.com.gr/en/fragrances-for-women/2224-arm-w,,,,,ACTIVE_MASTER_V2,VERIFIED_OPERATIONAL_DB_2026-09-06
3820,2225-BON,,,Lafayette Street,,https://leparfum.com.gr/en/niche-perfumes/2225-bon-ν,,,,,ACTIVE_MASTER_V2,VERIFIED_OPERATIONAL_DB_2026-09-06
3821,2226-BON,,,The Scent Of Peace For Him,,https://leparfum.com.gr/en/elegants-fragrances/the-scent-of-peace-for-him-bond-n9-inspired-perfume,,,,,ACTIVE_MASTER_V2,VERIFIED_OPERATIONAL_DB_2026-09-06
3816,2227-CRD,,,Tabarome,,https://leparfum.com.gr/en/elegants-fragrances/2227-crd-el,,,,,ACTIVE_MASTER_V2,VERIFIED_OPERATIONAL_DB_2026-09-06
3823,2228-ESCE,,,Molecule-01-iris,,https://leparfum.com.gr/en/elegants-fragrances/molecule-01-iris-inspired-perfume,,,,,ACTIVE_MASTER_V2,VERIFIED_OPERATIONAL_DB_2026-09-06
3824,2229-ESCE,,,Molecule-01-patchouli,,https://leparfum.com.gr/en/elegants-fragrances/molecule-01-patchouli-inspired-perfume,,,,,ACTIVE_MASTER_V2,VERIFIED_OPERATIONAL_DB_2026-09-06
3805,2230-VAR,,,Dark Rebel,,https://leparfum.com.gr/en/fragrances-for-men/dark-rebel-john-varvatos-inspired-perfume,,,,,ACTIVE_MASTER_V2,VERIFIED_OPERATIONAL_DB_2026-09-06
3811,2231-NISH,,,Sultan Vetiver,,https://leparfum.com.gr/en/niche-perfumes/2231-nish-ν,,,,,ACTIVE_MASTER_V2,VERIFIED_OPERATIONAL_DB_2026-09-06
3806,2232-PEN,,,Clandestine-clara,,https://leparfum.com.gr/en/niche-perfumes/2232-pen-n,,,,,ACTIVE_MASTER_V2,VERIFIED_OPERATIONAL_DB_2026-09-06
3807,2233-YZLO,,,La-nuit-de-l-homme-bleu-electrique,,https://leparfum.com.gr/en/fragrances-for-men/2233-yzlo-m,,,,,ACTIVE_MASTER_V2,VERIFIED_OPERATIONAL_DB_2026-09-06
3827,2234-MON,,,pour Femme,,https://leparfum.com.gr/en/fragrances-for-women/moncler-pour-femme-inspired-perfume,,,,,ACTIVE_MASTER_V2,VERIFIED_OPERATIONAL_DB_2026-09-06
3828,2235-PRA,,,Paradoxe-intense,,https://leparfum.com.gr/en/fragrances-for-women/2235-pra-wp,,,,,ACTIVE_MASTER_V2,VERIFIED_OPERATIONAL_DB_2026-09-06
3829,2236-NISH,,,Kredo,,https://leparfum.com.gr/en/niche-perfumes/2236-nish-ν,,,,,ACTIVE_MASTER_V2,VERIFIED_OPERATIONAL_DB_2026-09-06
3830,2237-VER,,,Gingembre-petillant,,https://leparfum.com.gr/en/fragrances-for-women/2237-ver-w,,,,,ACTIVE_MASTER_V2,VERIFIED_OPERATIONAL_DB_2026-09-06
3825,2240-PAC,,,ONE MILLION ELIXIR,,https://leparfum.com.gr/en/fragrances-for-men/2240-pac-m,,,,,ACTIVE_MASTER_V2,VERIFIED_OPERATIONAL_DB_2026-09-06
3826,2241-GUL,,,Gaultier Divine,,https://leparfum.com.gr/en/fragrances-for-women/2241-gul-wp,,,,,ACTIVE_MASTER_V2,VERIFIED_OPERATIONAL_DB_2026-09-06
3833,2242-THESPD,,,The-spirit-of-dubai-turath,,https://leparfum.com.gr/en/niche-perfumes/2242-thespd-ν,,,,,ACTIVE_MASTER_V2,VERIFIED_OPERATIONAL_DB_2026-09-06
3834,2243-TMFO,,,Myrrhe-mystere,,https://leparfum.com.gr/en/niche-perfumes/2243-tmfo-n,,,,,ACTIVE_MASTER_V2,VERIFIED_OPERATIONAL_DB_2026-09-06
3835,2244-ARM,,,MYRRHE IMPERIALE,,https://leparfum.com.gr/en/niche-perfumes/2244-arm-n,,,,,ACTIVE_MASTER_V2,VERIFIED_OPERATIONAL_DB_2026-09-06
3836,2245-KUR,,,Aqua-media-cologne-forte,,https://leparfum.com.gr/en/niche-perfumes/2245-kur-n,,,,,ACTIVE_MASTER_V2,VERIFIED_OPERATIONAL_DB_2026-09-06
3837,2246-GUC,,,Flora-gorgeous-magnolia,,https://leparfum.com.gr/en/fragrances-for-women/2246-guc-wp,,,,,ACTIVE_MASTER_V2,VERIFIED_OPERATIONAL_DB_2026-09-06
3838,2247-LTN,,,Spell On You,,https://leparfum.com.gr/en/luxury-perfumes/2247-ltn-l,,,,,ACTIVE_MASTER_V2,VERIFIED_OPERATIONAL_DB_2026-09-06
3839,2248-BYR,,,Pulp,,https://leparfum.com.gr/en/elegants-fragrances/2248-byr-el,,,,,ACTIVE_MASTER_V2,VERIFIED_OPERATIONAL_DB_2026-09-06
3842,2249-BYR,,,Rouge-chaotique,,https://leparfum.com.gr/en/niche-perfumes/2249-byr-n,,,,,ACTIVE_MASTER_V2,VERIFIED_OPERATIONAL_DB_2026-09-06
,2250-ARBAS,,,IN RED,,,,,,,ACTIVE_MASTER_V2,VERIFIED_OPERATIONAL_DB_2026-09-06
3840,2251-JOVP,,,REMEMBER ME - JOVOY PARIS,,https://leparfum.com.gr/en/niche-perfumes/2251-jovp-ν,,,,,ACTIVE_MASTER_V2,VERIFIED_OPERATIONAL_DB_2026-09-06
3832,2252-KIL,,,Smoking-hot,,https://leparfum.com.gr/en/niche-perfumes/2252-kil-ν,,,,,ACTIVE_MASTER_V2,VERIFIED_OPERATIONAL_DB_2026-09-06
3831,2253-ALEX,,,IMPERIAL PEACOCK - ALEXANDRE J,,https://leparfum.com.gr/en/niche-perfumes/2253-alex-ν,,,,,ACTIVE_MASTER_V2,VERIFIED_OPERATIONAL_DB_2026-09-06
3908,2254-VER,,,Vanitas,,https://leparfum.com.gr/en/fragrances-for-women/2254-ver-w,,,,,ACTIVE_MASTER_V2,VERIFIED_OPERATIONAL_DB_2026-09-06
3900,2255-VER,,,Versus,,https://leparfum.com.gr/en/fragrances-for-women/2255-ver-w,,,,,ACTIVE_MASTER_V2,VERIFIED_OPERATIONAL_DB_2026-09-06
,2256-GIV,,,VERY IRRESISTIBLE,,,,,,,ACTIVE_MASTER_V2,VERIFIED_OPERATIONAL_DB_2026-09-06
3910,2257-YZLO,,,Libre-l-absolu-platine,,https://leparfum.com.gr/en/fragrances-for-women/2257-yzlo-w,,,,,ACTIVE_MASTER_V2,VERIFIED_OPERATIONAL_DB_2026-09-06
3899,2258-DRC,,,FAHRENEIT ABSOLUTE,,https://leparfum.com.gr/en/fragrances-for-men/2258-drc-m,,,,,ACTIVE_MASTER_V2,VERIFIED_OPERATIONAL_DB_2026-09-06
3891,2259-GIV,,,GENTLEMAN RESERVE EAU DE PARFUM PRIVE,,https://leparfum.com.gr/en/fragrances-for-men/2259-giv-m-perfume,,,,,ACTIVE_MASTER_V2,VERIFIED_OPERATIONAL_DB_2026-09-06
3909,2260-BON,,,Greenwich Village,,https://leparfum.com.gr/en/niche-perfumes/2260-bon-ν,,,,,ACTIVE_MASTER_V2,VERIFIED_OPERATIONAL_DB_2026-09-06
3890,2261-PARF,,,Althair,,https://leparfum.com.gr/en/niche-perfumes/2261-parf-ν,,,,,ACTIVE_MASTER_V2,VERIFIED_OPERATIONAL_DB_2026-09-06
3901,2262-MEM,,,Marfa-eau-de-,,https://leparfum.com.gr/en/niche-perfumes/2262-mem-ν,,,,,ACTIVE_MASTER_V2,VERIFIED_OPERATIONAL_DB_2026-09-06
3894,2263-NAS,,,Sadonaso,,https://leparfum.com.gr/en/niche-perfumes/2263-nas-ν,,,,,ACTIVE_MASTER_V2,VERIFIED_OPERATIONAL_DB_2026-09-06
3906,2264-KAY,,,Oudgasm-tobacco-oud-04,,https://leparfum.com.gr/en/elegants-fragrances/2264-kay-el,,,,,ACTIVE_MASTER_V2,VERIFIED_OPERATIONAL_DB_2026-09-06
3904,2265-KAY,,,Oudgasm-rose-oud-16-eau-de-,,https://leparfum.com.gr/en/elegants-fragrances/2265-kay-el,,,,,ACTIVE_MASTER_V2,VERIFIED_OPERATIONAL_DB_2026-09-06
3905,2266-KAY,,,Invite-only-amber-23,,https://leparfum.com.gr/en/elegants-fragrances/2266-kay-el,,,,,ACTIVE_MASTER_V2,VERIFIED_OPERATIONAL_DB_2026-09-06
3907,2267-KAY,,,Musk  12,,https://leparfum.com.gr/en/elegants-fragrances/2267-kay-el,,,,,ACTIVE_MASTER_V2,VERIFIED_OPERATIONAL_DB_2026-09-06
3918,2268-AMG,,,Interlude-black-iris,,https://leparfum.com.gr/en/niche-perfumes/2268-amg-ν,,,,,ACTIVE_MASTER_V2,VERIFIED_OPERATIONAL_DB_2026-09-06
3919,2269-ARB,,,Arabian Knight,,https://leparfum.com.gr/en/niche-perfumes/2269-arb-ν,,,,,ACTIVE_MASTER_V2,VERIFIED_OPERATIONAL_DB_2026-09-06
3920,2270-ORMO,,,MONTABACO - ORMONDE JAYNE,,https://leparfum.com.gr/en/niche-perfumes/2270-ormo-ν,,,,,ACTIVE_MASTER_V2,VERIFIED_OPERATIONAL_DB_2026-09-06
3929,2271-ROJ,,,ELYSIUM POUR HOMME EAU INTENSE - ROJA DOVE,,https://leparfum.com.gr/en/niche-perfumes/2271-roj-ν,,,,,ACTIVE_MASTER_V2,VERIFIED_OPERATIONAL_DB_2026-09-06
3985,2272-TAU,,,Au Coeur Du Desert,,https://leparfum.com.gr/en/luxury-perfumes/2272-tau-lux,,,,,ACTIVE_MASTER_V2,VERIFIED_OPERATIONAL_DB_2026-09-06
3934,2273-TER,,,Andromeda,,https://leparfum.com.gr/en/niche-perfumes/2273-ter-ν,,,,,ACTIVE_MASTER_V2,VERIFIED_OPERATIONAL_DB_2026-09-06
3926,2274-XER,,,Kobe,,https://leparfum.com.gr/en/niche-perfumes/2274-xer-n,,,,,ACTIVE_MASTER_V2,VERIFIED_OPERATIONAL_DB_2026-09-06
3924,2275-ROJ,,,BURLINGTON 1819 - ROJA DOVE,,https://leparfum.com.gr/en/niche-perfumes/2275-roj-ν,,,,,ACTIVE_MASTER_V2,VERIFIED_OPERATIONAL_DB_2026-09-06
3933,2276-ATKI,,,Oud-save-the-king-eau-de-,,https://leparfum.com.gr/en/niche-perfumes/2276-atki-ν,,,,,ACTIVE_MASTER_V2,VERIFIED_OPERATIONAL_DB_2026-09-06
3935,2277-AMG,,,Fate Man,,https://leparfum.com.gr/en/niche-perfumes/2277-amg-ν,,,,,ACTIVE_MASTER_V2,VERIFIED_OPERATIONAL_DB_2026-09-06
3928,2278-BLG,,,Eau Parfumée au Thé Blanc Eau de Cologne,,https://leparfum.com.gr/en/fragrances-for-women/2278-blg-wp,,,,,ACTIVE_MASTER_V2,VERIFIED_OPERATIONAL_DB_2026-09-06
3913,2279-LEL,,,Myrrhe-55,,https://leparfum.com.gr/en/luxury-perfumes/2279-lel-lux,,,,,ACTIVE_MASTER_V2,VERIFIED_OPERATIONAL_DB_2026-09-06
3912,2280-XER,,,JTC 400,,https://leparfum.com.gr/en/niche-perfumes/2280-xer-n,,,,,ACTIVE_MASTER_V2,VERIFIED_OPERATIONAL_DB_2026-09-06
3914,2281-GUR,,,Tobacco-honey,,https://leparfum.com.gr/en/niche-perfumes/2281-gur-n,,,,,ACTIVE_MASTER_V2,VERIFIED_OPERATIONAL_DB_2026-09-06
3915,2282-DRC,,,Dioriviera Eau de Parfum,,https://leparfum.com.gr/en/elegants-fragrances/2282-drc-el,,,,,ACTIVE_MASTER_V2,VERIFIED_OPERATIONAL_DB_2026-09-06
3916,2283-XER,,,Gran Ballo,,https://leparfum.com.gr/en/niche-perfumes/2283-xer-n,,,,,ACTIVE_MASTER_V2,VERIFIED_OPERATIONAL_DB_2026-09-06
3917,2284-HIS,,,1889 - Moulin Rouge,,https://leparfum.com.gr/en/niche-perfumes/1889-moulin-rouge-histoires-de-parfums-inspired-perfume,,,,,ACTIVE_MASTER_V2,VERIFIED_OPERATIONAL_DB_2026-09-06
3936,2285-BOT,,,ILLUSIONE FOR HER - BOTTEGA VENETA,,https://leparfum.com.gr/en/fragrances-for-women/2285-bot-wp,,,,,ACTIVE_MASTER_V2,VERIFIED_OPERATIONAL_DB_2026-09-06
3922,2286-YZLO,,,the fragrance LAVALLIERE,,https://leparfum.com.gr/en/elegants-fragrances/2286-yzlo-el,,,,,ACTIVE_MASTER_V2,VERIFIED_OPERATIONAL_DB_2026-09-06
3932,2287-VAL,,,Valentino-donna-born-in-roma-intense,,https://leparfum.com.gr/en/fragrances-for-women/2287-val-wp,,,,,ACTIVE_MASTER_V2,VERIFIED_OPERATIONAL_DB_2026-09-06
4117,2288-BAT,,,BLACK RASBERRY VANILLA - BATH BODY WORKS,,https://leparfum.com.gr/en/fragrances-for-women/2288-bat-w,,,,,ACTIVE_MASTER_V2,VERIFIED_OPERATIONAL_DB_2026-09-06
3931,2293-ACQ,,,SAKURA EAU DE PARFUM,,https://leparfum.com.gr/en/elegants-fragrances/2293-acq-el,,,,,ACTIVE_MASTER_V2,VERIFIED_OPERATIONAL_DB_2026-09-06
3930,2294-ACQ,,,YUZU EAU DE PARFUM,,https://leparfum.com.gr/en/elegants-fragrances/2294-acq-el,,,,,ACTIVE_MASTER_V2,VERIFIED_OPERATIONAL_DB_2026-09-06
3937,2295-FLOR,,,One Umbrella For Two,,https://leparfum.com.gr/en/niche-perfumes/2295-flor-ν,,,,,ACTIVE_MASTER_V2,VERIFIED_OPERATIONAL_DB_2026-09-06
3942,2296-KAY,,,Oudgasm-cafe-oud-19,,https://leparfum.com.gr/en/elegants-fragrances/2296-kay-el,,,,,ACTIVE_MASTER_V2,VERIFIED_OPERATIONAL_DB_2026-09-06
3939,2297-BYR,,,Animalique,,https://leparfum.com.gr/en/niche-perfumes/2297-byr-n,,,,,ACTIVE_MASTER_V2,VERIFIED_OPERATIONAL_DB_2026-09-06
3938,2298-ELEC,,,Patchouli of the Underworld,,https://leparfum.com.gr/en/niche-perfumes/2298-elec-ν,,,,,ACTIVE_MASTER_V2,VERIFIED_OPERATIONAL_DB_2026-09-06
3940,2299-LEL,,,VANILLE 44 PARIS - LE LABO,,https://leparfum.com.gr/en/elegants-fragrances/2299-lel-el,,,,,ACTIVE_MASTER_V2,VERIFIED_OPERATIONAL_DB_2026-09-06
3941,2300-MNT,,,Infinity,,https://leparfum.com.gr/en/elegants-fragrances/2300-mnt-el,,,,,ACTIVE_MASTER_V2,VERIFIED_OPERATIONAL_DB_2026-09-06
,2301-DIP,,,FLEUR DE PEAU,,,,,,,ACTIVE_MASTER_V2,VERIFIED_OPERATIONAL_DB_2026-09-06
3952,2302-CARO,,,Yatagan,,https://leparfum.com.gr/en/fragrances-for-men/2302-caro-mp,,,,,ACTIVE_MASTER_V2,VERIFIED_OPERATIONAL_DB_2026-09-06
3960,2303-EXN,,,French Affair,,https://leparfum.com.gr/en/niche-perfumes/2303-exn-ν,,,,,ACTIVE_MASTER_V2,VERIFIED_OPERATIONAL_DB_2026-09-06
3954,2304-YZLO,,,6-place-saint-sulpice,,https://leparfum.com.gr/en/elegants-fragrances/2304-yzlo-el,,,,,ACTIVE_MASTER_V2,VERIFIED_OPERATIONAL_DB_2026-09-06
3951,2305-ATKI,,,His-majesty-the-oud,,https://leparfum.com.gr/en/niche-perfumes/2305-atki-ν,,,,,ACTIVE_MASTER_V2,VERIFIED_OPERATIONAL_DB_2026-09-06
3955,2306-MASQ,,,TANGO - MASQUE MILANO,,https://leparfum.com.gr/en/niche-perfumes/2306-masq-ν,,,,,ACTIVE_MASTER_V2,VERIFIED_OPERATIONAL_DB_2026-09-06
3949,2307-AQU,,,GOLD SUGAR - AQUOLINA,,https://leparfum.com.gr/en/fragrances-for-women/2307-aqu-wp,,,,,ACTIVE_MASTER_V2,VERIFIED_OPERATIONAL_DB_2026-09-06
3953,2308-GUL,,,Le-male-le-,,https://leparfum.com.gr/en/fragrances-for-men/2308-gul-mp,,,,,ACTIVE_MASTER_V2,VERIFIED_OPERATIONAL_DB_2026-09-06
3950,2309-ATKI,,,Oud-save-the-queen-eau-de-,,https://leparfum.com.gr/en/niche-perfumes/2309-atki-ν,,,,,ACTIVE_MASTER_V2,VERIFIED_OPERATIONAL_DB_2026-09-06
3956,2310-CAR,,,UNDER THE SEA MAN,,https://leparfum.com.gr/en/fragrances-for-men/2310-car-mp,,,,,ACTIVE_MASTER_V2,VERIFIED_OPERATIONAL_DB_2026-09-06
3962,2311-YVRO,,,PLAIN SOLEIL - YVES ROCHER,,https://leparfum.com.gr/en/fragrances-for-women/2311-yvro-wp,,,,,ACTIVE_MASTER_V2,VERIFIED_OPERATIONAL_DB_2026-09-06
3963,2312-YZLO,,,Vinyle,,https://leparfum.com.gr/en/fragrances-for-women/2312-yzlo-w,,,,,ACTIVE_MASTER_V2,VERIFIED_OPERATIONAL_DB_2026-09-06
,2313-DRC,,,SAUVAGE PARFUM 2019,,,,,,,ACTIVE_MASTER_V2,VERIFIED_OPERATIONAL_DB_2026-09-06
3957,2314-CAR,,,UNDER THE SEA WOMAN,,https://leparfum.com.gr/en/fragrances-for-women/2314-car-wp,,,,,ACTIVE_MASTER_V2,VERIFIED_OPERATIONAL_DB_2026-09-06
4024,2315-RAM,,,Flamenco Eau de Parfum,,https://leparfum.com.gr/en/elegants-fragrances/flamenco-ramon-monegal-inspired-perfume,,,,,ACTIVE_MASTER_V2,VERIFIED_OPERATIONAL_DB_2026-09-06
4023,2316-ATKI,,,Her-majesty-the-oud,,https://leparfum.com.gr/en/niche-perfumes/2316-atki-ν,,,,,ACTIVE_MASTER_V2,VERIFIED_OPERATIONAL_DB_2026-09-06
4022,2317-TER,,,Orion,,https://leparfum.com.gr/en/niche-perfumes/2317-ter-ν,,,,,ACTIVE_MASTER_V2,VERIFIED_OPERATIONAL_DB_2026-09-06
4021,2318-NAS,,,Nudiflorum,,https://leparfum.com.gr/en/niche-perfumes/2318-nas-ν,,,,,ACTIVE_MASTER_V2,VERIFIED_OPERATIONAL_DB_2026-09-06
4015,2319-LTN,,,Orage,,https://leparfum.com.gr/en/niche-perfumes/2319-ltn-n,,,,,ACTIVE_MASTER_V2,VERIFIED_OPERATIONAL_DB_2026-09-06
4013,2320-LTN,,,Imagination,,https://leparfum.com.gr/en/niche-perfumes/2320-ltn-n,,,,,ACTIVE_MASTER_V2,VERIFIED_OPERATIONAL_DB_2026-09-06
4012,2321-PARF,,,Nisean,,https://leparfum.com.gr/en/niche-perfumes/2321-parf-ν,,,,,ACTIVE_MASTER_V2,VERIFIED_OPERATIONAL_DB_2026-09-06
4011,2322-MNT,,,Golden Sand,,https://leparfum.com.gr/en/niche-perfumes/2322-mnt-n-perfume,,,,,ACTIVE_MASTER_V2,VERIFIED_OPERATIONAL_DB_2026-09-06
4010,2323-MICA,,,Vanille Fleur,,https://leparfum.com.gr/en/elegants-fragrances/2323-mica-el,,,,,ACTIVE_MASTER_V2,VERIFIED_OPERATIONAL_DB_2026-09-06
4080,2324-KIL,,,Musk Oud,,https://leparfum.com.gr/en/niche-perfumes/2324-kil-ν,,,,,ACTIVE_MASTER_V2,VERIFIED_OPERATIONAL_DB_2026-09-06
3964,2325-CRD,,,Carmina,,https://leparfum.com.gr/en/niche-perfumes/2325-crd-n,,,,,ACTIVE_MASTER_V2,VERIFIED_OPERATIONAL_DB_2026-09-06
4082,2326-TMFO,,,Amber Absolute,,https://leparfum.com.gr/en/elegants-fragrances/2326-tmfo-el,,,,,ACTIVE_MASTER_V2,VERIFIED_OPERATIONAL_DB_2026-09-06
3965,2327-SWISA,,,Noora,,https://leparfum.com.gr/en/niche-perfumes/2327-swisa-ν,,,,,ACTIVE_MASTER_V2,VERIFIED_OPERATIONAL_DB_2026-09-06
3967,2330-JUL,,,Lady Vengeance,,https://leparfum.com.gr/en/niche-perfumes/2330-jul-ν,,,,,ACTIVE_MASTER_V2,VERIFIED_OPERATIONAL_DB_2026-09-06
,2331-DOL,,,THE ONE MYSTERIOUS NIGHT,,,,,,,ACTIVE_MASTER_V2,VERIFIED_OPERATIONAL_DB_2026-09-06
4014,2332-LTN,,,City of Stars,,https://leparfum.com.gr/en/niche-perfumes/2332-ltn-n,,,,,ACTIVE_MASTER_V2,VERIFIED_OPERATIONAL_DB_2026-09-06
4106,2333-XER,,,Mefisto,,https://leparfum.com.gr/en/niche-perfumes/2333-xer-n,,,,,ACTIVE_MASTER_V2,VERIFIED_OPERATIONAL_DB_2026-09-06
4105,2334-ROJ,,,MANHATTAN - ROJA DOVE,,https://leparfum.com.gr/en/niche-perfumes/2334-roj-ν,,,,,ACTIVE_MASTER_V2,VERIFIED_OPERATIONAL_DB_2026-09-06
4104,2335-BOA,,,Rose Sapphire,,https://leparfum.com.gr/en/niche-perfumes/2335-boa-ν,,,,,ACTIVE_MASTER_V2,VERIFIED_OPERATIONAL_DB_2026-09-06
4103,2336-THAM,,,Carved Oud,,https://leparfum.com.gr/en/niche-perfumes/2336-tham-n,,,,,ACTIVE_MASTER_V2,VERIFIED_OPERATIONAL_DB_2026-09-06
3969,2337-LEL,,,TABAC 28 MIAMI- LE LABO,,https://leparfum.com.gr/en/niche-perfumes/2337-lel-ν,,,,,ACTIVE_MASTER_V2,VERIFIED_OPERATIONAL_DB_2026-09-06
4094,2339-KIL,,,Good-girl-gone-bad-eau-fraiche,,https://leparfum.com.gr/en/elegants-fragrances/2339-kil-el,,,,,ACTIVE_MASTER_V2,VERIFIED_OPERATIONAL_DB_2026-09-06
4107,2340-BON,,,New York Oud,,https://leparfum.com.gr/en/niche-perfumes/2340-bon-ν,,,,,ACTIVE_MASTER_V2,VERIFIED_OPERATIONAL_DB_2026-09-06
4036,2344-LEL,,,Mousse De Chne 30,,https://leparfum.com.gr/en/niche-perfumes/2344-lel-ν,,,,,ACTIVE_MASTER_V2,VERIFIED_OPERATIONAL_DB_2026-09-06
3961,2345-DIP,,,Eau Rihla EDP,,https://leparfum.com.gr/en/fragrances-for-women/2345-dip-wp,,,,,ACTIVE_MASTER_V2,VERIFIED_OPERATIONAL_DB_2026-09-06
3966,2346-TMFO,,,Vanilla Sex,,https://leparfum.com.gr/en/elegants-fragrances/2346-tmfo-el,,,,,ACTIVE_MASTER_V2,VERIFIED_OPERATIONAL_DB_2026-09-06
4102,2347-AMG,,,Portrayal Man,,https://leparfum.com.gr/en/niche-perfumes/2347-amg-ν,,,,,ACTIVE_MASTER_V2,VERIFIED_OPERATIONAL_DB_2026-09-06
4009,2348-AMG,,,Guidance-eau-de-,,https://leparfum.com.gr/en/niche-perfumes/2348-amg-ν,,,,,ACTIVE_MASTER_V2,VERIFIED_OPERATIONAL_DB_2026-09-06
3987,2349-LOU,,,Loubirouge,,https://leparfum.com.gr/en/fragrances-for-women/2349-lou-wp,,,,,ACTIVE_MASTER_V2,VERIFIED_OPERATIONAL_DB_2026-09-06
3988,2350-LOU,,,Loubiraj is a Leather fragrance for women,,https://leparfum.com.gr/en/fragrances-for-women/2350-lou-wp,,,,,ACTIVE_MASTER_V2,VERIFIED_OPERATIONAL_DB_2026-09-06
,2351-LOU,,,BIKINI QUESTA SERA,,,,,,,ACTIVE_MASTER_V2,VERIFIED_OPERATIONAL_DB_2026-09-06
4016,2352-MOS,,,Toy Boy,,https://leparfum.com.gr/en/fragrances-for-men/2352-mos-mp,,,,,ACTIVE_MASTER_V2,VERIFIED_OPERATIONAL_DB_2026-09-06
4084,2354-CRD,,,White-amber,,https://leparfum.com.gr/en/elegants-fragrances/2354-crd-el,,,,,ACTIVE_MASTER_V2,VERIFIED_OPERATIONAL_DB_2026-09-06
4083,2355-LEL,,,Patchouli 24,,https://leparfum.com.gr/en/niche-perfumes/2355-lel-ν,,,,,ACTIVE_MASTER_V2,VERIFIED_OPERATIONAL_DB_2026-09-06
4087,2356-MARG,,,Lazy-sunday-morning-eau-de-toilette,,https://leparfum.com.gr/en/niche-perfumes/2356-marg-n,,,,,ACTIVE_MASTER_V2,VERIFIED_OPERATIONAL_DB_2026-09-06
4038,2357-CRD,,,Absolu Aven,,https://leparfum.com.gr/en/elegants-fragrances/2357-crd-el,,,,,ACTIVE_MASTER_V2,VERIFIED_OPERATIONAL_DB_2026-09-06
4037,2358-KAY,,,The-wedding-velvet-santal-35,,https://leparfum.com.gr/en/elegants-fragrances/2358-kay-el,,,,,ACTIVE_MASTER_V2,VERIFIED_OPERATIONAL_DB_2026-09-06
4085,2359-XER,,,Accento,,https://leparfum.com.gr/en/niche-perfumes/2359-xer-n,,,,,ACTIVE_MASTER_V2,VERIFIED_OPERATIONAL_DB_2026-09-06
4081,2360-ARM,,,Armani Code Absolu,,https://leparfum.com.gr/en/fragrances-for-women/2360-arm-w,,,,,ACTIVE_MASTER_V2,VERIFIED_OPERATIONAL_DB_2026-09-06
4086,2361-ARM,,,STRONGER WITH YOU AMBER,,https://leparfum.com.gr/en/fragrances-for-men/2361-arm-m,,,,,ACTIVE_MASTER_V2,VERIFIED_OPERATIONAL_DB_2026-09-06
4098,2362-VER,,,Iris-d-elite,,https://leparfum.com.gr/en/fragrances-for-women/2362-ver-w,,,,,ACTIVE_MASTER_V2,VERIFIED_OPERATIONAL_DB_2026-09-06
4099,2363-VER,,,Santal-boise,,https://leparfum.com.gr/en/fragrances-for-women/2363-ver-w,,,,,ACTIVE_MASTER_V2,VERIFIED_OPERATIONAL_DB_2026-09-06
4092,2364-PEN,,,Vaara,,https://leparfum.com.gr/en/niche-perfumes/2364-pen-n,,,,,ACTIVE_MASTER_V2,VERIFIED_OPERATIONAL_DB_2026-09-06
4095,2365-DIP,,,L-eau-papier-eau-de-toilette,,https://leparfum.com.gr/en/niche-perfumes/2365-dip-n,,,,,ACTIVE_MASTER_V2,VERIFIED_OPERATIONAL_DB_2026-09-06
4096,2366-DIP,,,TAM DAO EDT,,https://leparfum.com.gr/en/niche-perfumes/2366-dip-n,,,,,ACTIVE_MASTER_V2,VERIFIED_OPERATIONAL_DB_2026-09-06
4101,2367-DIP,,,OYEDO EDT,,https://leparfum.com.gr/en/niche-perfumes/2367-dip-ν,,,,,ACTIVE_MASTER_V2,VERIFIED_OPERATIONAL_DB_2026-09-06
4093,2368-ESC,,,Nectar-de-costa-rica,,https://leparfum.com.gr/en/fragrances-for-women/2368-esc-wp,,,,,ACTIVE_MASTER_V2,VERIFIED_OPERATIONAL_DB_2026-09-06
4091,2369-MAN,,,Amore-caffe,,https://leparfum.com.gr/en/elegants-fragrances/2369-man-el,,,,,ACTIVE_MASTER_V2,VERIFIED_OPERATIONAL_DB_2026-09-06
4100,2370-VIC,,,Flowerbomb-tiger-lily,,https://leparfum.com.gr/en/fragrances-for-women/2370-vic-w,,,,,ACTIVE_MASTER_V2,VERIFIED_OPERATIONAL_DB_2026-09-06
4097,2371-MATIE,,,Vanilla Powder,,https://leparfum.com.gr/en/elegants-fragrances/vanilla-powder-matiere-premiere-inspired-perfume,,,,,ACTIVE_MASTER_V2,VERIFIED_OPERATIONAL_DB_2026-09-06
4148,2372-GUR,,,Aqua-allegoria-florabloom,,https://leparfum.com.gr/en/fragrances-for-women/2372-gur-w,,,,,ACTIVE_MASTER_V2,VERIFIED_OPERATIONAL_DB_2026-09-06
4108,2374-MICA,,,GN TONIC - MICALLEF,,https://leparfum.com.gr/en/elegants-fragrances/2374-mica-el,,,,,ACTIVE_MASTER_V2,VERIFIED_OPERATIONAL_DB_2026-09-06
4388,2375-ESC,,,Brisa Cubana Escada,,https://leparfum.com.gr/en/fragrances-for-women/Brisa-Cubana-perfume,,,,,ACTIVE_MASTER_V2,VERIFIED_OPERATIONAL_DB_2026-09-06
4110,2376-TMU,,,Amen Ultra Zest,,https://leparfum.com.gr/en/fragrances-for-men/2376-tmu-m,,,,,ACTIVE_MASTER_V2,VERIFIED_OPERATIONAL_DB_2026-09-06
4111,2377-VICT,,,Vanilla Lace,,https://leparfum.com.gr/en/fragrances-for-women/2377-vict-wp,,,,,ACTIVE_MASTER_V2,VERIFIED_OPERATIONAL_DB_2026-09-06
4109,2378-GOLD,,,BOHEMIAN LIME - GOLDFIELD & BANKS AUSTRALIA,,https://leparfum.com.gr/en/niche-perfumes/2378-gold-ν,,,,,ACTIVE_MASTER_V2,VERIFIED_OPERATIONAL_DB_2026-09-06
4112,2379-CAR,,,Good-girl-blush-elixir,,https://leparfum.com.gr/en/fragrances-for-women/2379-car-wp,,,,,ACTIVE_MASTER_V2,VERIFIED_OPERATIONAL_DB_2026-09-06
4304,2380-CAR,,,Very-good-girl-glam,,https://leparfum.com.gr/en/fragrances-for-women/2380-car-w,,,,,ACTIVE_MASTER_V2,VERIFIED_OPERATIONAL_DB_2026-09-06
4114,2383-ROCCO,,,ROCCOBAROCCO - ROCCOBAROCCO,,https://leparfum.com.gr/en/fragrances-for-women/2383-rocco-w,,,,,ACTIVE_MASTER_V2,VERIFIED_OPERATIONAL_DB_2026-09-06
4113,2384-MAN,,,French-riviera,,https://leparfum.com.gr/en/elegants-fragrances/2384-man-el,,,,,ACTIVE_MASTER_V2,VERIFIED_OPERATIONAL_DB_2026-09-06
4116,2385-SOL,,,CHEIROSA 59 BRAZILIAN CRUSH - SOL DE JANEIRO,,https://leparfum.com.gr/en/elegants-fragrances/2385-sol-el,,,,,ACTIVE_MASTER_V2,VERIFIED_OPERATIONAL_DB_2026-09-06
4115,2386-SOL,,,Cheirosa-68-brazilian-crush-cheirosa-68-perfume-mist,,https://leparfum.com.gr/en/elegants-fragrances/2386-sol-el,,,,,ACTIVE_MASTER_V2,VERIFIED_OPERATIONAL_DB_2026-09-06
4121,2387-EXN,,,Blue Talisman,,https://leparfum.com.gr/en/niche-perfumes/2387-exn-ν,,,,,ACTIVE_MASTER_V2,VERIFIED_OPERATIONAL_DB_2026-09-06
4123,2388-PARF,,,Perseus,,https://leparfum.com.gr/en/niche-perfumes/2388-parf-ν,,,,,ACTIVE_MASTER_V2,VERIFIED_OPERATIONAL_DB_2026-09-06
4118,2389-DOL,,,VELVET ORIENTAL MUSK,,https://leparfum.com.gr/en/elegants-fragrances/2389-dol-el,,,,,ACTIVE_MASTER_V2,VERIFIED_OPERATIONAL_DB_2026-09-06
4119,2390-ANFAS,,,Ishq,,https://leparfum.com.gr/en/niche-perfumes/2390-anfas-ν,,,,,ACTIVE_MASTER_V2,VERIFIED_OPERATIONAL_DB_2026-09-06
4122,2391-XER,,,Torino22,,https://leparfum.com.gr/en/niche-perfumes/2391-xer-n,,,,,ACTIVE_MASTER_V2,VERIFIED_OPERATIONAL_DB_2026-09-06
4120,2392-ANFAS,,,Salam,,https://leparfum.com.gr/en/niche-perfumes/2392-anfas-ν,,,,,ACTIVE_MASTER_V2,VERIFIED_OPERATIONAL_DB_2026-09-06
4125,2393-KAY,,,Eden-sparkling-lychee-39,,https://leparfum.com.gr/en/elegants-fragrances/2393-kay-el,,,,,ACTIVE_MASTER_V2,VERIFIED_OPERATIONAL_DB_2026-09-06
4127,2394-MOS,,,Toy-2-pearl,,https://leparfum.com.gr/en/fragrances-for-women/2394-mos-wp,,,,,ACTIVE_MASTER_V2,VERIFIED_OPERATIONAL_DB_2026-09-06
4134,2395-XER,,,Erba Gold,,https://leparfum.com.gr/en/niche-perfumes/2395-xer-n,,,,,ACTIVE_MASTER_V2,VERIFIED_OPERATIONAL_DB_2026-09-06
4128,2396-GUL,,,Scandal-le-,,https://leparfum.com.gr/en/fragrances-for-women/2396-gul-wp,,,,,ACTIVE_MASTER_V2,VERIFIED_OPERATIONAL_DB_2026-09-06
4165,2397-CRD,,,Queen-of-silk,,https://leparfum.com.gr/en/niche-perfumes/2397-crd-n,,,,,ACTIVE_MASTER_V2,VERIFIED_OPERATIONAL_DB_2026-09-06
4136,2398-FRE,,,Acne Studios,,https://leparfum.com.gr/en/luxury-perfumes/2398-fre-lux,,,,,ACTIVE_MASTER_V2,VERIFIED_OPERATIONAL_DB_2026-09-06
4138,2399-MORH,,,Tonkatonic,,https://leparfum.com.gr/en/niche-perfumes/2399-morh-ν,,,,,ACTIVE_MASTER_V2,VERIFIED_OPERATIONAL_DB_2026-09-06
4139,2400-MORH,,,Antigua Bay,,https://leparfum.com.gr/en/niche-perfumes/2400-morh-ν,,,,,ACTIVE_MASTER_V2,VERIFIED_OPERATIONAL_DB_2026-09-06
4126,2401-KAY,,,Vanilla Candy Rock Sugar,,https://leparfum.com.gr/en/elegants-fragrances/2401-kay-el,,,,,ACTIVE_MASTER_V2,VERIFIED_OPERATIONAL_DB_2026-09-06
4137,2402-AKR,,,Bake,,https://leparfum.com.gr/en/elegants-fragrances/bake-akro-dupe-perfume,,,,,ACTIVE_MASTER_V2,VERIFIED_OPERATIONAL_DB_2026-09-06
4130,2403-MNT,,,Bubble-forever,,https://leparfum.com.gr/en/elegants-fragrances/2403-mnt-el-perfume,,,,,ACTIVE_MASTER_V2,VERIFIED_OPERATIONAL_DB_2026-09-06
4135,2404-FRANB,,,Angel S Dust,,https://leparfum.com.gr/en/niche-perfumes/2404-franb-ν,,,,,ACTIVE_MASTER_V2,VERIFIED_OPERATIONAL_DB_2026-09-06
4132,2405-JOM,,,Yuzu Zest Cologne - Jo Malone,,https://leparfum.com.gr/en/elegants-fragrances/2405-jom-el,,,,,ACTIVE_MASTER_V2,VERIFIED_OPERATIONAL_DB_2026-09-06
4129,2406-KIL,,,Sunkissed-goddess,,https://leparfum.com.gr/en/elegants-fragrances/2406-kil-el,,,,,ACTIVE_MASTER_V2,VERIFIED_OPERATIONAL_DB_2026-09-06
4131,2407-LAN,,,Idole-now,,https://leparfum.com.gr/en/fragrances-for-women/2407-lan-w,,,,,ACTIVE_MASTER_V2,VERIFIED_OPERATIONAL_DB_2026-09-06
4141,2408-JOM,,,Ginger Biscuit,,https://leparfum.com.gr/en/elegants-fragrances/2408-jom-el,,,,,ACTIVE_MASTER_V2,VERIFIED_OPERATIONAL_DB_2026-09-06
4142,2409-TMU,,,Amen Pure Malt,,https://leparfum.com.gr/en/fragrances-for-men/2409-tmu-m,,,,,ACTIVE_MASTER_V2,VERIFIED_OPERATIONAL_DB_2026-09-06
4140,2410-GUL,,,Le-beau-paradise-garden,,https://leparfum.com.gr/en/fragrances-for-men/2410-gul-mp,,,,,ACTIVE_MASTER_V2,VERIFIED_OPERATIONAL_DB_2026-09-06
4147,2411-JAME,,,COCCOBELLO - JAMES HEELEY,,https://leparfum.com.gr/en/elegants-fragrances/coccobello-james-heeley-dupe-perfume,,,,,ACTIVE_MASTER_V2,VERIFIED_OPERATIONAL_DB_2026-09-06
4149,2412-LAT,,,YARA - LATTAFA,,https://leparfum.com.gr/en/niche-perfumes/yara_lattafa_perfumes,,,,,ACTIVE_MASTER_V2,VERIFIED_OPERATIONAL_DB_2026-09-06
4179,2413-ARIA,,,Thank-u-next-eau-de-,,https://leparfum.com.gr/en/fragrances-for-women/2413-aria-wp,,,,,ACTIVE_MASTER_V2,VERIFIED_OPERATIONAL_DB_2026-09-06
4155,2414-DIP,,,Ilio-eau-de-toilette,,https://leparfum.com.gr/en/niche-perfumes/2414-dip-ν,,,,,ACTIVE_MASTER_V2,VERIFIED_OPERATIONAL_DB_2026-09-06
4159,2415-ESC,,,SEXY GRAFFITY - ESCADA,,https://leparfum.com.gr/en/fragrances-for-women/2415-esc-wp,,,,,ACTIVE_MASTER_V2,VERIFIED_OPERATIONAL_DB_2026-09-06
4158,2416-HER,,,Un Jardin Apres La Mousson,,https://leparfum.com.gr/en/fragrances-for-women/2416-her-w,,,,,ACTIVE_MASTER_V2,VERIFIED_OPERATIONAL_DB_2026-09-06
4154,2417-ACQ,,,Arancia-di-capri,,https://leparfum.com.gr/en/fragrances-for-women/2417-acq-wp,,,,,ACTIVE_MASTER_V2,VERIFIED_OPERATIONAL_DB_2026-09-06
4152,2418-ACQ,,,VANIGLIA SIGNATURE,,https://leparfum.com.gr/en/fragrances-for-women/2418-acq-wp,,,,,ACTIVE_MASTER_V2,VERIFIED_OPERATIONAL_DB_2026-09-06
4160,2419-BAT,,,Pink Coconut Calypso,,https://leparfum.com.gr/en/fragrances-for-women/2419-bat-wp,,,,,ACTIVE_MASTER_V2,VERIFIED_OPERATIONAL_DB_2026-09-06
4146,2420-XER,,,Laylati,,https://leparfum.com.gr/en/niche-perfumes/2420-xer-n,,,,,ACTIVE_MASTER_V2,VERIFIED_OPERATIONAL_DB_2026-09-06
4145,2421-XER,,,Opera,,https://leparfum.com.gr/en/niche-perfumes/2421-xer-ν,,,,,ACTIVE_MASTER_V2,VERIFIED_OPERATIONAL_DB_2026-09-06
4144,2422-XER,,,Soprano,,https://leparfum.com.gr/en/niche-perfumes/2422-xer-n,,,,,ACTIVE_MASTER_V2,VERIFIED_OPERATIONAL_DB_2026-09-06
4153,2423-ACQ,,,Ginepro-di-sardegna,,https://leparfum.com.gr/en/fragrances-for-women/2423-acq-wp,,,,,ACTIVE_MASTER_V2,VERIFIED_OPERATIONAL_DB_2026-09-06
4161,2424-GUR,,,Aqua Allegoria Pera Granita,,https://leparfum.com.gr/en/fragrances-for-women/2424-gur-w,,,,,ACTIVE_MASTER_V2,VERIFIED_OPERATIONAL_DB_2026-09-06
4162,2425-LEL,,,GAIAC 10 TOKYO - LE LABO,,https://leparfum.com.gr/en/luxury-perfumes/2425-lel-lux,,,,,ACTIVE_MASTER_V2,VERIFIED_OPERATIONAL_DB_2026-09-06
4163,2426-MARG,,,Beach-walk,,https://leparfum.com.gr/en/elegants-fragrances/2426-marg-el,,,,,ACTIVE_MASTER_V2,VERIFIED_OPERATIONAL_DB_2026-09-06
,2427-CLEA,,,CLEAN WARM COTTON,,,,,,,ACTIVE_MASTER_V2,VERIFIED_OPERATIONAL_DB_2026-09-06
4151,2428-MARG,,,Coffee-break,,https://leparfum.com.gr/en/niche-perfumes/2428-marg-N,,,,,ACTIVE_MASTER_V2,VERIFIED_OPERATIONAL_DB_2026-09-06
4157,2429-JUL,,,Musc Invisible,,https://leparfum.com.gr/en/fragrances-for-women/2429-jul-wp,,,,,ACTIVE_MASTER_V2,VERIFIED_OPERATIONAL_DB_2026-09-06
4156,2430-CELI,,,Parade,,https://leparfum.com.gr/en/niche-perfumes/2430-celi-ν,,,,,ACTIVE_MASTER_V2,VERIFIED_OPERATIONAL_DB_2026-09-06
4170,2431-ROJ,,,MUSK AOUD - ROJA DOVE,,https://leparfum.com.gr/en/niche-perfumes/2431-roj-ν,,,,,ACTIVE_MASTER_V2,VERIFIED_OPERATIONAL_DB_2026-09-06
4180,2432-ROJ,,,DANGER MAN - ROJA DOVE,,https://leparfum.com.gr/en/niche-perfumes/2432-roj-n,,,,,ACTIVE_MASTER_V2,VERIFIED_OPERATIONAL_DB_2026-09-06
4150,2436-PHL,,,Missing Person,,https://leparfum.com.gr/en/niche-perfumes/2436-phl-ν,,,,,ACTIVE_MASTER_V2,VERIFIED_OPERATIONAL_DB_2026-09-06
4166,2437-MELA,,,CRY BABY PERFUME MILK - MELANIE MARTINEZ,,https://leparfum.com.gr/en/elegants-fragrances/cry-baby-perfume-milk-melanie-martinez-dupe-perfume,,,,,ACTIVE_MASTER_V2,VERIFIED_OPERATIONAL_DB_2026-09-06
4385,2438-KYLJ,,,Cosmic-kylie-jenner-eau-de-,,https://leparfum.com.gr/en/fragrances-for-women/2438-kylj-w,,,,,ACTIVE_MASTER_V2,VERIFIED_OPERATIONAL_DB_2026-09-06
,2438-KYLJE,,,COSMIC,,,,,,,ACTIVE_MASTER_V2,VERIFIED_OPERATIONAL_DB_2026-09-06
,2439-ZEG,,,INDONESIAN OUD,,,,,,,ACTIVE_MASTER_V2,VERIFIED_OPERATIONAL_DB_2026-09-06
4171,2440-MARC,,,ENCELADE - MARC ANTONIE BARROIS,,https://leparfum.com.gr/en/niche-perfumes/2440-marc-ν,,,,,ACTIVE_MASTER_V2,VERIFIED_OPERATIONAL_DB_2026-09-06
4172,2441-PANTRO,,,DOLCE PASSIONE - PANTHEON ROMA,,https://leparfum.com.gr/en/niche-perfumes/2441-pantro-ν,,,,,ACTIVE_MASTER_V2,VERIFIED_OPERATIONAL_DB_2026-09-06
4168,2442-PAC,,,Invictus-victory-elixir,,https://leparfum.com.gr/en/fragrances-for-men/2442-pac-mp,,,,,ACTIVE_MASTER_V2,VERIFIED_OPERATIONAL_DB_2026-09-06
4174,2443-BRB,,,Her-elixir-de-,,https://leparfum.com.gr/en/fragrances-for-women/2443-brb-wp,,,,,ACTIVE_MASTER_V2,VERIFIED_OPERATIONAL_DB_2026-09-06
4178,2444-ARIA,,,Cloud-pink-eau-de-,,https://leparfum.com.gr/en/fragrances-for-women/2444-aria-wp,,,,,ACTIVE_MASTER_V2,VERIFIED_OPERATIONAL_DB_2026-09-06
4175,2445-CAR,,,Good-girl-dazzling-garden,,https://leparfum.com.gr/en/fragrances-for-women/2445-car-wp,,,,,ACTIVE_MASTER_V2,VERIFIED_OPERATIONAL_DB_2026-09-06
4177,2446-XER,,,Torino23,,https://leparfum.com.gr/en/niche-perfumes/2446-xer-n,,,,,ACTIVE_MASTER_V2,VERIFIED_OPERATIONAL_DB_2026-09-06
4176,2447-MARC,,,Ganymede Extrait,,https://leparfum.com.gr/en/niche-perfumes/2447-marc-n,,,,,ACTIVE_MASTER_V2,VERIFIED_OPERATIONAL_DB_2026-09-06
4181,2450-PEN,,,Alula,,https://leparfum.com.gr/en/niche-perfumes/2450-pen-n,,,,,ACTIVE_MASTER_V2,VERIFIED_OPERATIONAL_DB_2026-09-06
4183,2451-LEL,,,Cedrat 37 Berlin,,https://leparfum.com.gr/en/niche-perfumes/2451-lel-n,,,,,ACTIVE_MASTER_V2,VERIFIED_OPERATIONAL_DB_2026-09-06
4182,2452-JOM,,,Cypress-grapevine-cologne-intense,,https://leparfum.com.gr/en/elegants-fragrances/2452-jom-el,,,,,ACTIVE_MASTER_V2,VERIFIED_OPERATIONAL_DB_2026-09-06
4184,2453-INI,,,Narcotic-delight,,https://leparfum.com.gr/en/niche-perfumes/2453-ini-n,,,,,ACTIVE_MASTER_V2,VERIFIED_OPERATIONAL_DB_2026-09-06
4185,2454-KIL,,,Can-t-stop-loving-you,,https://leparfum.com.gr/en/niche-perfumes/2454-kil-ν,,,,,ACTIVE_MASTER_V2,VERIFIED_OPERATIONAL_DB_2026-09-06
4186,2455-YZLO,,,Black-opium-eau-de-parfum-over-red,,https://leparfum.com.gr/en/fragrances-for-women/2455-yzlo-w,,,,,ACTIVE_MASTER_V2,VERIFIED_OPERATIONAL_DB_2026-09-06
4187,2456-PAC,,,Million-gold,,https://leparfum.com.gr/en/fragrances-for-women/2456-pac-wp,,,,,ACTIVE_MASTER_V2,VERIFIED_OPERATIONAL_DB_2026-09-06
4486,2458-LTN,,,LV Lovers,,https://leparfum.com.gr/en/elegants-fragrances/2458-ltn-el,,,,,ACTIVE_MASTER_V2,VERIFIED_OPERATIONAL_DB_2026-09-06
4190,2459-MAN,,,Saharian-wind,,https://leparfum.com.gr/en/elegants-fragrances/2459-man-el,,,,,ACTIVE_MASTER_V2,VERIFIED_OPERATIONAL_DB_2026-09-06
4189,2460-PAC,,,Olympea-,,https://leparfum.com.gr/en/fragrances-for-women/2460-pac-wp,,,,,ACTIVE_MASTER_V2,VERIFIED_OPERATIONAL_DB_2026-09-06
4188,2461-BOD,,,Black-musk-night-bloom-eau-de-toilette,,https://leparfum.com.gr/en/fragrances-for-women/2461-bod-wp,,,,,ACTIVE_MASTER_V2,VERIFIED_OPERATIONAL_DB_2026-09-06
4201,2462-YZLO,,,Libre-flowers-flames,,https://leparfum.com.gr/en/fragrances-for-women/2462-yzlo-w,,,,,ACTIVE_MASTER_V2,VERIFIED_OPERATIONAL_DB_2026-09-06
4200,2463-GUC,,,Flora-gorgeous-orchid,,https://leparfum.com.gr/en/fragrances-for-women/2463-guc-wp,,,,,ACTIVE_MASTER_V2,VERIFIED_OPERATIONAL_DB_2026-09-06
4198,2464-ZAD,,,This-is-really-him,,https://leparfum.com.gr/en/fragrances-for-men/2464-zad-mp,,,,,ACTIVE_MASTER_V2,VERIFIED_OPERATIONAL_DB_2026-09-06
4199,2465-PAC,,,Strong Me,,https://leparfum.com.gr/en/fragrances-for-men/2465-pac-mp,,,,,ACTIVE_MASTER_V2,VERIFIED_OPERATIONAL_DB_2026-09-06
4191,2466-ELIZ,,,White Tea,,https://leparfum.com.gr/en/elegants-fragrances/white-tea-eau-de-parfum-elizabeth-arden-dupe,,,,,ACTIVE_MASTER_V2,VERIFIED_OPERATIONAL_DB_2026-09-06
4202,2467-NISH,,,Ege,,https://leparfum.com.gr/en/niche-perfumes/2467-nish-n,,,,,ACTIVE_MASTER_V2,VERIFIED_OPERATIONAL_DB_2026-09-06
4203,2468-ESPAR,,,Bois Impérial,,https://leparfum.com.gr/en/niche-perfumes/2468-espar-n,,,,,ACTIVE_MASTER_V2,VERIFIED_OPERATIONAL_DB_2026-09-06
4204,2469-ROJ,,,AMBER AOUD - ROJA DOVE,,https://leparfum.com.gr/en/niche-perfumes/2469-roj-n,,,,,ACTIVE_MASTER_V2,VERIFIED_OPERATIONAL_DB_2026-09-06
4207,2470-KAY,,,Maui-in-a-bottle-sweet-banana-37,,https://leparfum.com.gr/en/elegants-fragrances/2470-kay-el,,,,,ACTIVE_MASTER_V2,VERIFIED_OPERATIONAL_DB_2026-09-06
4206,2471-SOS,,,Pasticcio,,https://leparfum.com.gr/en/niche-perfumes/2471-sos-n,,,,,ACTIVE_MASTER_V2,VERIFIED_OPERATIONAL_DB_2026-09-06
4205,2472-VIC,,,Good-fortune,,https://leparfum.com.gr/en/fragrances-for-women/2472-vic-w,,,,,ACTIVE_MASTER_V2,VERIFIED_OPERATIONAL_DB_2026-09-06
4208,2473-HER,,,Barenia-eau-de-,,https://leparfum.com.gr/en/fragrances-for-women/2473-her-w,,,,,ACTIVE_MASTER_V2,VERIFIED_OPERATIONAL_DB_2026-09-06
4210,2474-XER,,,Dama Bianca,,https://leparfum.com.gr/en/elegants-fragrances/2474-xer-el,,,,,ACTIVE_MASTER_V2,VERIFIED_OPERATIONAL_DB_2026-09-06
4221,2475-DIP,,,Tempo,,https://leparfum.com.gr/en/niche-perfumes/2475-dip-n,,,,,ACTIVE_MASTER_V2,VERIFIED_OPERATIONAL_DB_2026-09-06
4246,2476-MARG,,,At-the-barber-s,,https://leparfum.com.gr/en/niche-perfumes/2476-marg-n,,,,,ACTIVE_MASTER_V2,VERIFIED_OPERATIONAL_DB_2026-09-06
4247,2477-MARG,,,Whispers-in-the-library,,https://leparfum.com.gr/en/niche-perfumes/2477-marg-n,,,,,ACTIVE_MASTER_V2,VERIFIED_OPERATIONAL_DB_2026-09-06
4250,2478-MARG,,,Untitled,,https://leparfum.com.gr/en/elegants-fragrances/2478-marg-el,,,,,ACTIVE_MASTER_V2,VERIFIED_OPERATIONAL_DB_2026-09-06
4232,2479-PHL,,,Father-figure,,https://leparfum.com.gr/en/niche-perfumes/2479-phl-n,,,,,ACTIVE_MASTER_V2,VERIFIED_OPERATIONAL_DB_2026-09-06
4233,2480-JUL,,,Anyway,,https://leparfum.com.gr/en/niche-perfumes/2480-jul-n,,,,,ACTIVE_MASTER_V2,VERIFIED_OPERATIONAL_DB_2026-09-06
4251,2481-MARG,,,When-the-rain-stops-1,,https://leparfum.com.gr/en/elegants-fragrances/2481-marg-el,,,,,ACTIVE_MASTER_V2,VERIFIED_OPERATIONAL_DB_2026-09-06
,2482-CLEA,,,COOL COTTON,,,,,,,ACTIVE_MASTER_V2,VERIFIED_OPERATIONAL_DB_2026-09-06
,2483-CLEA,,,CLEAN SKIN,,,,,,,ACTIVE_MASTER_V2,VERIFIED_OPERATIONAL_DB_2026-09-06
4220,2484-ETLR,,,THE AFTERNOON OF A FAUN by ETAT LIBRE D'ORANGE,,https://leparfum.com.gr/en/niche-perfumes/2484-etlr-n,,,,,ACTIVE_MASTER_V2,VERIFIED_OPERATIONAL_DB_2026-09-06
4262,2485-ETLR,,,The-ghost-in-the-shell-1,,https://leparfum.com.gr/en/niche-perfumes/2485-etlr-n,,,,,ACTIVE_MASTER_V2,VERIFIED_OPERATIONAL_DB_2026-09-06
4236,2486-MA,,,Velvet Teddy MAC,,https://leparfum.com.gr/en/elegants-fragrances/2486-ma-el,,,,,ACTIVE_MASTER_V2,VERIFIED_OPERATIONAL_DB_2026-09-06
4321,2487-PEN,,,Terrible-teddy,,https://leparfum.com.gr/en/niche-perfumes/2487-pen-n,,,,,ACTIVE_MASTER_V2,VERIFIED_OPERATIONAL_DB_2026-09-06
4237,2488-ANN,,,Fantasia Mermaid,,https://leparfum.com.gr/en/fragrances-for-women/2488-ann-w,,,,,ACTIVE_MASTER_V2,VERIFIED_OPERATIONAL_DB_2026-09-06
4238,2489-KKWI,,,Red Lips,,https://leparfum.com.gr/en/elegants-fragrances/2489-kkwi-el,,,,,ACTIVE_MASTER_V2,VERIFIED_OPERATIONAL_DB_2026-09-06
4239,2490-MARG,,,On-a-date-1,,https://leparfum.com.gr/en/niche-perfumes/2490-marg-n,,,,,ACTIVE_MASTER_V2,VERIFIED_OPERATIONAL_DB_2026-09-06
4212,2491-LEL,,,Baie-19,,https://leparfum.com.gr/en/niche-perfumes/2491-lel-n,,,,,ACTIVE_MASTER_V2,VERIFIED_OPERATIONAL_DB_2026-09-06
4240,2492-ETLR,,,You-or-someone-like-you,,https://leparfum.com.gr/en/niche-perfumes/2492-etlr-n,,,,,ACTIVE_MASTER_V2,VERIFIED_OPERATIONAL_DB_2026-09-06
4241,2493-SERG,,,Nuit De Cellophane,,https://leparfum.com.gr/en/niche-perfumes/2493-serg-n,,,,,ACTIVE_MASTER_V2,VERIFIED_OPERATIONAL_DB_2026-09-06
4242,2494-BYR,,,Super Cedar,,https://leparfum.com.gr/en/niche-perfumes/2494-byr-n,,,,,ACTIVE_MASTER_V2,VERIFIED_OPERATIONAL_DB_2026-09-06
4219,2495-ETLR,,,I AM TRASH - LES FLEURS DU DECHET by ETAT LIBRE D'ORANGE,,https://leparfum.com.gr/en/niche-perfumes/I_AM_TRASH,,,,,ACTIVE_MASTER_V2,VERIFIED_OPERATIONAL_DB_2026-09-06
4218,2496-SERG,,,LA RELIGIEUSE by SERGE LUTENS,,https://leparfum.com.gr/en/niche-perfumes/2496-serg-n,,,,,ACTIVE_MASTER_V2,VERIFIED_OPERATIONAL_DB_2026-09-06
4211,2497-XER,,,Wardasina,,https://leparfum.com.gr/en/niche-perfumes/2497-xer-ν,,,,,ACTIVE_MASTER_V2,VERIFIED_OPERATIONAL_DB_2026-09-06
4322,2498-TOUZ,,,Baby Tous,,https://leparfum.com.gr/en/fragrances-for-women/2498-touz-w,,,,,ACTIVE_MASTER_V2,VERIFIED_OPERATIONAL_DB_2026-09-06
4209,2499-VICT,,,Fresh-snowfall,,https://leparfum.com.gr/en/fragrances-for-women/2499-vict-wp,,,,,ACTIVE_MASTER_V2,VERIFIED_OPERATIONAL_DB_2026-09-06
4222,2500-BRB,,,Baby Touch,,https://leparfum.com.gr/en/fragrances-for-women/2500-brb-w,,,,,ACTIVE_MASTER_V2,VERIFIED_OPERATIONAL_DB_2026-09-06
4223,2501-LOE,,,Agua Miami,,https://leparfum.com.gr/en/fragrances-for-women/2501-loe-w,,,,,ACTIVE_MASTER_V2,VERIFIED_OPERATIONAL_DB_2026-09-06
4323,2502-MATIE,,,Parisian-musc,,https://leparfum.com.gr/en/niche-perfumes/Musc-Matiere-Premiere-dupe,,,,,ACTIVE_MASTER_V2,VERIFIED_OPERATIONAL_DB_2026-09-06
4231,2503-JUL,,,Mad Madame,,https://leparfum.com.gr/en/elegants-fragrances/2503-jul-el,,,,,ACTIVE_MASTER_V2,VERIFIED_OPERATIONAL_DB_2026-09-06
4230,2504-JUL,,,Moscow Mule,,https://leparfum.com.gr/en/elegants-fragrances/2504-jul-el,,,,,ACTIVE_MASTER_V2,VERIFIED_OPERATIONAL_DB_2026-09-06
4229,2505-JACFAT,,,Curacao-bay,,https://leparfum.com.gr/en/niche-perfumes/2505-jacfat-n,,,,,ACTIVE_MASTER_V2,VERIFIED_OPERATIONAL_DB_2026-09-06
4227,2506-XER,,,Muse,,https://leparfum.com.gr/en/niche-perfumes/2506-xer-n,,,,,ACTIVE_MASTER_V2,VERIFIED_OPERATIONAL_DB_2026-09-06
4217,2507-SERG,,,FIVE O CLOCK AU GINGEMBRE by SERGE LUTENS,,https://leparfum.com.gr/en/niche-perfumes/2507-serg-n,,,,,ACTIVE_MASTER_V2,VERIFIED_OPERATIONAL_DB_2026-09-06
4324,2508-DRC,,,Gris,,https://leparfum.com.gr/en/niche-perfumes/2508-drc-n,,,,,ACTIVE_MASTER_V2,VERIFIED_OPERATIONAL_DB_2026-09-06
4213,2509-CRIVEL,,,Oud-maracuja,,https://leparfum.com.gr/en/niche-perfumes/2509-crivel-n,,,,,ACTIVE_MASTER_V2,VERIFIED_OPERATIONAL_DB_2026-09-06
4325,2510-ONE,,,Our-moment-eau-de-,,https://leparfum.com.gr/en/fragrances-for-women/2510-one-w,,,,,ACTIVE_MASTER_V2,VERIFIED_OPERATIONAL_DB_2026-09-06
4228,2511-CHA,,,Comete,,https://leparfum.com.gr/en/elegants-fragrances/2511-cha-el,,,,,ACTIVE_MASTER_V2,VERIFIED_OPERATIONAL_DB_2026-09-06
4226,2512-BRB,,,Goddess-eau-de-parfum-intense,,https://leparfum.com.gr/en/fragrances-for-women/2512-brb-w,,,,,ACTIVE_MASTER_V2,VERIFIED_OPERATIONAL_DB_2026-09-06
4214,2513-PAC,,,Million Gold,,https://leparfum.com.gr/en/fragrances-for-men/2513-pac-mp,,,,,ACTIVE_MASTER_V2,VERIFIED_OPERATIONAL_DB_2026-09-06
4215,2514-DRC,,,Sauvage Eau Forte,,https://leparfum.com.gr/en/fragrances-for-men/2514-drc-m,,,,,ACTIVE_MASTER_V2,VERIFIED_OPERATIONAL_DB_2026-09-06
4224,2515-LAN,,,LA VIE EST BELLE L'ELIXIR,,https://leparfum.com.gr/en/fragrances-for-women/2515-lan-w,,,,,ACTIVE_MASTER_V2,VERIFIED_OPERATIONAL_DB_2026-09-06
4326,2516-GUL,,,Scandal-pour-homme-absolu,,https://leparfum.com.gr/en/fragrances-for-men/2516-gul-m,,,,,ACTIVE_MASTER_V2,VERIFIED_OPERATIONAL_DB_2026-09-06
4243,2517-MNTB,,,Legend-blue,,https://leparfum.com.gr/en/fragrances-for-men/2517-mntb-m,,,,,ACTIVE_MASTER_V2,VERIFIED_OPERATIONAL_DB_2026-09-06
4216,2518-MATAH,,,Escapade-gourmande,,https://leparfum.com.gr/en/niche-perfumes/2518-matah-n,,,,,ACTIVE_MASTER_V2,VERIFIED_OPERATIONAL_DB_2026-09-06
4244,2519-MNT,,,Starry Nights,,https://leparfum.com.gr/en/elegants-fragrances/2519-mnt-el,,,,,ACTIVE_MASTER_V2,VERIFIED_OPERATIONAL_DB_2026-09-06
4255,2520-PEN,,,Empressa Eau de Parfum,,https://leparfum.com.gr/en/elegants-fragrances/2520-pen-el,,,,,ACTIVE_MASTER_V2,VERIFIED_OPERATIONAL_DB_2026-09-06
4254,2521-SOL,,,Carioca-crush,,https://leparfum.com.gr/en/elegants-fragrances/2521-sol-el,,,,,ACTIVE_MASTER_V2,VERIFIED_OPERATIONAL_DB_2026-09-06
4245,2522-VIC,,,Spicebomb-dark-leather,,https://leparfum.com.gr/en/fragrances-for-men/2522-vic-m,,,,,ACTIVE_MASTER_V2,VERIFIED_OPERATIONAL_DB_2026-09-06
4329,2523-KIL,,,Sacred Wood,,https://leparfum.com.gr/en/elegants-fragrances/2523-kil-el,,,,,ACTIVE_MASTER_V2,VERIFIED_OPERATIONAL_DB_2026-09-06
4289,2524-KAY,,,Marrakesh in a Bottle Orange Blossom 24,,https://leparfum.com.gr/en/elegants-fragrances/2524-kay-el,,,,,ACTIVE_MASTER_V2,VERIFIED_OPERATIONAL_DB_2026-09-06
4330,2525-CAR,,,Good-girl-eau-de-parfum-supreme,,https://leparfum.com.gr/en/elegants-fragrances/2525-car-el,,,,,ACTIVE_MASTER_V2,VERIFIED_OPERATIONAL_DB_2026-09-06
4303,2526-KAY,,,Capri in a Bottle Lemon Sugar | 14 Eau de Parfum by Kayali Fragrances,,https://leparfum.com.gr/en/elegants-fragrances/2526-kay-el,,,,,ACTIVE_MASTER_V2,VERIFIED_OPERATIONAL_DB_2026-09-06
4331,2527-GUR,,,Angelique Noire,,https://leparfum.com.gr/en/elegants-fragrances/2527-gur-el,,,,,ACTIVE_MASTER_V2,VERIFIED_OPERATIONAL_DB_2026-09-06
4261,2528-JER,,,Gozo,,https://leparfum.com.gr/en/niche-perfumes/2528-jer-n,,,,,ACTIVE_MASTER_V2,VERIFIED_OPERATIONAL_DB_2026-09-06
4363,2529-VER,,,L'Homme Eau de Toilette (Eau de Toilette),,https://leparfum.com.gr/en/fragrances-for-men/2529-ver-m,,,,,ACTIVE_MASTER_V2,VERIFIED_OPERATIONAL_DB_2026-09-06
4259,2531-CAR,,,Bad-boy-cobalt-elixir,,https://leparfum.com.gr/en/fragrances-for-men/2531-car-m,,,,,ACTIVE_MASTER_V2,VERIFIED_OPERATIONAL_DB_2026-09-06
4258,2532-PRA,,,Cargo-de-nuit,,https://leparfum.com.gr/en/niche-perfumes/2532-pra-n,,,,,ACTIVE_MASTER_V2,VERIFIED_OPERATIONAL_DB_2026-09-06
4360,2533-RAL,,,Safari,,https://leparfum.com.gr/en/fragrances-for-women/ral-safari,,,,,ACTIVE_MASTER_V2,VERIFIED_OPERATIONAL_DB_2026-09-06
4264,2534-ARM,,,Sensi,,https://leparfum.com.gr/en/fragrances-for-women/2534-arm-w,,,,,ACTIVE_MASTER_V2,VERIFIED_OPERATIONAL_DB_2026-09-06
4361,2535-DRC,,,J'adore L'Or (2023),,https://leparfum.com.gr/en/fragrances-for-women/2535-drc-w,,,,,ACTIVE_MASTER_V2,VERIFIED_OPERATIONAL_DB_2026-09-06
4279,2536-PRA,,,Paradoxe-virtual-flower,,https://leparfum.com.gr/en/fragrances-for-women/2536-pra-w,,,,,ACTIVE_MASTER_V2,VERIFIED_OPERATIONAL_DB_2026-09-06
4362,2537-DRC,,,Miss Parfum (2024),,https://leparfum.com.gr/en/fragrances-for-women/2537-drc-w,,,,,ACTIVE_MASTER_V2,VERIFIED_OPERATIONAL_DB_2026-09-06
4256,2538-GUL,,,Le-male-lover,,https://leparfum.com.gr/en/fragrances-for-men/2538-gul-m,,,,,ACTIVE_MASTER_V2,VERIFIED_OPERATIONAL_DB_2026-09-06
4257,2539-CRIVEL,,,Tubereuse-astrale,,https://leparfum.com.gr/en/niche-perfumes/2539-crivel-n,,,,,ACTIVE_MASTER_V2,VERIFIED_OPERATIONAL_DB_2026-09-06
4253,2540-COM,,,Concrete,,https://leparfum.com.gr/en/fragrances-for-men/2540-com-m,,,,,ACTIVE_MASTER_V2,VERIFIED_OPERATIONAL_DB_2026-09-06
4252,2541-STE,,,God-of-fire,,https://leparfum.com.gr/en/niche-perfumes/2541-ste-n,,,,,ACTIVE_MASTER_V2,VERIFIED_OPERATIONAL_DB_2026-09-06
4260,2542-FUR,,,Autentica Furla for women,,https://leparfum.com.gr/en/fragrances-for-women/2542-fur-w,,,,,ACTIVE_MASTER_V2,VERIFIED_OPERATIONAL_DB_2026-09-06
4332,2543-HUG,,,The-scent-magnetic-for-him,,https://leparfum.com.gr/en/fragrances-for-men/2543-hug-m,,,,,ACTIVE_MASTER_V2,VERIFIED_OPERATIONAL_DB_2026-09-06
4333,2544-ACQ,,,Magnolia Nobile,,https://leparfum.com.gr/en/fragrances-for-women/2544-acq-w,,,,,ACTIVE_MASTER_V2,VERIFIED_OPERATIONAL_DB_2026-09-06
4280,2545-MEM,,,Kedu-sesame,,https://leparfum.com.gr/en/niche-perfumes/2545-mem-n,,,,,ACTIVE_MASTER_V2,VERIFIED_OPERATIONAL_DB_2026-09-06
4281,2546-MEM,,,Moroccan-leather,,https://leparfum.com.gr/en/niche-perfumes/2546-mem-n,,,,,ACTIVE_MASTER_V2,VERIFIED_OPERATIONAL_DB_2026-09-06
4327,2547-KUR,,,Aqua Universalis Eau de Toilette,,https://leparfum.com.gr/en/niche-perfumes/Aqua-Universalis,,,,,ACTIVE_MASTER_V2,VERIFIED_OPERATIONAL_DB_2026-09-06
4328,2548-RIT,,,Hammam Rituals,,https://leparfum.com.gr/en/elegants-fragrances/Hammam-Rituals,,,,,ACTIVE_MASTER_V2,VERIFIED_OPERATIONAL_DB_2026-09-06
4269,2549-MARC,,,Tilia,,https://leparfum.com.gr/en/elegants-fragrances/2549-marc-el,,,,,ACTIVE_MASTER_V2,VERIFIED_OPERATIONAL_DB_2026-09-06
4270,2550-ARM,,,Emporio-armani-stronger-with-you-tobacco,,https://leparfum.com.gr/en/fragrances-for-men/2550-arm-m,,,,,ACTIVE_MASTER_V2,VERIFIED_OPERATIONAL_DB_2026-09-06
4336,2551-PAR,,,Khair-fusion-eau-de-,,https://leparfum.com.gr/en/elegants-fragrances/Khair-Fusion-Paris-Corner-perfume,,,,,ACTIVE_MASTER_V2,VERIFIED_OPERATIONAL_DB_2026-09-06
,2552-SOR,,,NIGHT HORSE,,,,,,,ACTIVE_MASTER_V2,VERIFIED_OPERATIONAL_DB_2026-09-06
4365,2553-BON,,,Andy Warhol,,https://leparfum.com.gr/en/niche-perfumes/Andy-Warhol-Bond-perfume,,,,,ACTIVE_MASTER_V2,VERIFIED_OPERATIONAL_DB_2026-09-06
4286,2554-JOM,,,Orange-marmalade-orange-peel,,https://leparfum.com.gr/en/elegants-fragrances/2554-jom-el,,,,,ACTIVE_MASTER_V2,VERIFIED_OPERATIONAL_DB_2026-09-06
4373,2555-BON,,,Tribeca,,https://leparfum.com.gr/en/niche-perfumes/TriBeCa-Bond-perfumes,,,,,ACTIVE_MASTER_V2,VERIFIED_OPERATIONAL_DB_2026-09-06
4285,2556-LAT,,,Yara Moi Lattafa Perfumes,,https://leparfum.com.gr/en/elegants-fragrances/2556-lat-el,,,,,ACTIVE_MASTER_V2,VERIFIED_OPERATIONAL_DB_2026-09-06
4284,2557-ARIA,,,God-is-a-woman-eau-de-,,https://leparfum.com.gr/en/fragrances-for-women/2557-aria-w,,,,,ACTIVE_MASTER_V2,VERIFIED_OPERATIONAL_DB_2026-09-06
4273,2558-LAT,,,Bade'e Al Oud Sublime Lattafa Perfumes,,https://leparfum.com.gr/en/elegants-fragrances/2558-lat-el,,,,,ACTIVE_MASTER_V2,VERIFIED_OPERATIONAL_DB_2026-09-06
4288,2559-LAT,,,Ra'ed Silver Lattafa Perfumes,,https://leparfum.com.gr/en/elegants-fragrances/2559-lat-el,,,,,ACTIVE_MASTER_V2,VERIFIED_OPERATIONAL_DB_2026-09-06
4374,2560-JUSB,,,Siren-amp-sailors,,https://leparfum.com.gr/en/niche-perfumes/Siren-Sailors-Jusbox,,,,,ACTIVE_MASTER_V2,VERIFIED_OPERATIONAL_DB_2026-09-06
4337,2561-SOM,,,Capriccio,,https://leparfum.com.gr/en/niche-perfumes/Capriccio-Somens-Perfume,,,,,ACTIVE_MASTER_V2,VERIFIED_OPERATIONAL_DB_2026-09-06
4375,2562-JUSB,,,Beat Cafe,,https://leparfum.com.gr/en/niche-perfumes/Beat-Cafe-Jusbox-profumi,,,,,ACTIVE_MASTER_V2,VERIFIED_OPERATIONAL_DB_2026-09-06
4274,2563-TMFO,,,Rose-exposed,,https://leparfum.com.gr/en/elegants-fragrances/2563-tmfo-el,,,,,ACTIVE_MASTER_V2,VERIFIED_OPERATIONAL_DB_2026-09-06
4263,2564-NRO,,,For-her-musc-nude,,https://leparfum.com.gr/en/fragrances-for-women/2564-nro-w,,,,,ACTIVE_MASTER_V2,VERIFIED_OPERATIONAL_DB_2026-09-06
4338,2565-GUC,,,Guilty-elixir-de-parfum-pour-homme,,https://leparfum.com.gr/en/fragrances-for-men/2565-guc-mp,,,,,ACTIVE_MASTER_V2,VERIFIED_OPERATIONAL_DB_2026-09-06
4339,2566-VER,,,Eros-energy,,https://leparfum.com.gr/en/fragrances-for-men/2566-ver-m,,,,,ACTIVE_MASTER_V2,VERIFIED_OPERATIONAL_DB_2026-09-06
4283,2567-SOL,,,Cheirosa-71,,https://leparfum.com.gr/en/elegants-fragrances/2567-sol-el,,,,,ACTIVE_MASTER_V2,VERIFIED_OPERATIONAL_DB_2026-09-06
4340,2568-GIV,,,L-interdit-eau-de-parfum-rouge-ultime,,https://leparfum.com.gr/en/fragrances-for-women/2568-giv-w,,,,,ACTIVE_MASTER_V2,VERIFIED_OPERATIONAL_DB_2026-09-06
4278,2569-GOLD,,,Ingenious Ginger Goldfield & Banks Australia,,https://leparfum.com.gr/en/niche-perfumes/2569-gold-n,,,,,ACTIVE_MASTER_V2,VERIFIED_OPERATIONAL_DB_2026-09-06
4272,2570-JOM,,,English-pear-sweet-pea-,,https://leparfum.com.gr/en/elegants-fragrances/2570-jom-el,,,,,ACTIVE_MASTER_V2,VERIFIED_OPERATIONAL_DB_2026-09-06
4277,2571-GOLD,,,Silky Woods Goldfield & Banks Australia,,https://leparfum.com.gr/en/niche-perfumes/2571-gold-n,,,,,ACTIVE_MASTER_V2,VERIFIED_OPERATIONAL_DB_2026-09-06
4351,2572-KUR,,,APOM Eau de Parfum,,https://leparfum.com.gr/en/niche-perfumes/2572-kur-n,,,,,ACTIVE_MASTER_V2,VERIFIED_OPERATIONAL_DB_2026-09-06
4352,2573-KAY,,,Maldives in a Bottle Ylang Coco | 20 Eau de Parfum Kayali Fragrances,,https://leparfum.com.gr/en/elegants-fragrances/2573-kay-el,,,,,ACTIVE_MASTER_V2,VERIFIED_OPERATIONAL_DB_2026-09-06
4353,2574-MEM,,,Cappadocia,,https://leparfum.com.gr/en/niche-perfumes/2574-mem-n,,,,,ACTIVE_MASTER_V2,VERIFIED_OPERATIONAL_DB_2026-09-06
4395,2575-XER,,,Deified Tony Iommi Parfum,,https://leparfum.com.gr/en/luxury-perfumes/2575-xer-lux,,,,,ACTIVE_MASTER_V2,VERIFIED_OPERATIONAL_DB_2026-09-06
4355,2576-TMFO,,,Eau-d-ombre-leather,,https://leparfum.com.gr/en/luxury-perfumes/2576-tmfo-lux,,,,,ACTIVE_MASTER_V2,VERIFIED_OPERATIONAL_DB_2026-09-06
4356,2577-DOL,,,Devotion-eau-de-parfum-intense,,https://leparfum.com.gr/en/fragrances-for-women/2577-dol-w,,,,,ACTIVE_MASTER_V2,VERIFIED_OPERATIONAL_DB_2026-09-06
4357,2578-DON,,,Dkny-24-7,,https://leparfum.com.gr/en/fragrances-for-women/2578-don-w,,,,,ACTIVE_MASTER_V2,VERIFIED_OPERATIONAL_DB_2026-09-06
4358,2579-SOS,,,Maraschino Sospiro Perfumes,,https://leparfum.com.gr/en/niche-perfumes/Maraschino-Sospiro-Perfume,,,,,ACTIVE_MASTER_V2,VERIFIED_OPERATIONAL_DB_2026-09-06
4359,2580-KAY,,,Yum Boujee Marshmallow | 81 Kayali Fragrances,,https://leparfum.com.gr/en/elegants-fragrances/2580-kay-el,,,,,ACTIVE_MASTER_V2,VERIFIED_OPERATIONAL_DB_2026-09-06
4370,2581-GUR,,,Vanille-planifolia-extrait-21,,https://leparfum.com.gr/en/luxury-perfumes/2581-gur-lux,,,,,ACTIVE_MASTER_V2,VERIFIED_OPERATIONAL_DB_2026-09-06
4371,2582-PIER,,,Carbone Pierre Balmain type,,https://leparfum.com.gr/en/luxury-perfumes/2582-pier-lux,,,,,ACTIVE_MASTER_V2,VERIFIED_OPERATIONAL_DB_2026-09-06
4372,2583-INI,,,Paragon Initio Parfums,,https://leparfum.com.gr/en/niche-perfumes/2583-ini-n,,,,,ACTIVE_MASTER_V2,VERIFIED_OPERATIONAL_DB_2026-09-06
4369,2584-GIV,,,Eau de,,https://leparfum.com.gr/en/fragrances-for-women/2584-giv-w,,,,,ACTIVE_MASTER_V2,VERIFIED_OPERATIONAL_DB_2026-09-06
4368,2585-SOL,,,Summer-e-amor,,https://leparfum.com.gr/en/elegants-fragrances/2585-sol-el,,,,,ACTIVE_MASTER_V2,VERIFIED_OPERATIONAL_DB_2026-09-06
4367,2586-DIP,,,Biscuit DIP,,https://leparfum.com.gr/en/elegants-fragrances/biscuit-perfume,,,,,ACTIVE_MASTER_V2,VERIFIED_OPERATIONAL_DB_2026-09-06
4366,2587-MAR,,,Daisy Dream Sunshine,,https://leparfum.com.gr/en/fragrances-for-women/2587-mar-w,,,,,ACTIVE_MASTER_V2,VERIFIED_OPERATIONAL_DB_2026-09-06
4341,2588-BLG,,,Le Gemme  Onekh,,https://leparfum.com.gr/en/niche-perfumes/2588-blg-n,,,,,ACTIVE_MASTER_V2,VERIFIED_OPERATIONAL_DB_2026-09-06
4342,2589-BYRP,,,Mula-mula-double-caramel,,https://leparfum.com.gr/en/niche-perfumes/2589-byrp-n,,,,,ACTIVE_MASTER_V2,VERIFIED_OPERATIONAL_DB_2026-09-06
4343,2590-BYRP,,,Mula-mula-rouge-extreme,,https://leparfum.com.gr/en/niche-perfumes/2590-byrp-n,,,,,ACTIVE_MASTER_V2,VERIFIED_OPERATIONAL_DB_2026-09-06
4344,2591-CRD,,,Acqua Fiorentina,,https://leparfum.com.gr/en/elegants-fragrances/2591-crd-el,,,,,ACTIVE_MASTER_V2,VERIFIED_OPERATIONAL_DB_2026-09-06
4345,2592-GOLD,,,Pacific Rock Moss Goldfield & Banks Australia,,https://leparfum.com.gr/en/niche-perfumes/Pacific-Rock-Moss-GOLDFIELD,,,,,ACTIVE_MASTER_V2,VERIFIED_OPERATIONAL_DB_2026-09-06
4346,2593-HUG,,,Boss-bottled-elixir,,https://leparfum.com.gr/en/fragrances-for-men/2593-hug-m,,,,,ACTIVE_MASTER_V2,VERIFIED_OPERATIONAL_DB_2026-09-06
4347,2594-HUG,,,Boss Bottled Oud Saffron,,https://leparfum.com.gr/en/fragrances-for-men/2594-hug-m,,,,,ACTIVE_MASTER_V2,VERIFIED_OPERATIONAL_DB_2026-09-06
4348,2595-INI,,,Mystic Experience Initio Parfums,,https://leparfum.com.gr/en/niche-perfumes/2595-ini-n,,,,,ACTIVE_MASTER_V2,VERIFIED_OPERATIONAL_DB_2026-09-06
4349,2596-PEN,,,Halfeti-cedar,,https://leparfum.com.gr/en/niche-perfumes/2596-pen-n,,,,,ACTIVE_MASTER_V2,VERIFIED_OPERATIONAL_DB_2026-09-06
4350,2597-TMFO,,,Amber-intrigue,,https://leparfum.com.gr/en/niche-perfumes/2597-tmfo-n,,,,,ACTIVE_MASTER_V2,VERIFIED_OPERATIONAL_DB_2026-09-06
4425,2598-GLO,,,You,,https://leparfum.com.gr/en/fragrances-for-women/2598-glo-w,,,,,ACTIVE_MASTER_V2,VERIFIED_OPERATIONAL_DB_2026-09-06
4426,2599-ACQ,,,Sandalo-eau-de-,,https://leparfum.com.gr/en/fragrances-for-men/2599-acq-m,,,,,ACTIVE_MASTER_V2,VERIFIED_OPERATIONAL_DB_2026-09-06
4389,2600-TMU,,,Angel Lily,,https://leparfum.com.gr/en/fragrances-for-women/angel-star,,,,,ACTIVE_MASTER_V2,VERIFIED_OPERATIONAL_DB_2026-09-06
4390,2601-TMU,,,Angel Passion Star,,https://leparfum.com.gr/en/fragrances-for-women/2601-tmu-w,,,,,ACTIVE_MASTER_V2,VERIFIED_OPERATIONAL_DB_2026-09-06
4391,2602-TMU,,,Angel Garden Of Stars - Violette Angel,,https://leparfum.com.gr/en/fragrances-for-women/2602-tmu-w,,,,,ACTIVE_MASTER_V2,VERIFIED_OPERATIONAL_DB_2026-09-06
4406,2603-JUL,,,Lust-for-sun,,https://leparfum.com.gr/en/elegants-fragrances/2603-jul-el,,,,,ACTIVE_MASTER_V2,VERIFIED_OPERATIONAL_DB_2026-09-06
4394,2604-JILS,,,Sun Men Jil Sander,,https://leparfum.com.gr/en/fragrances-for-men/Sun-Men-Jil-Sander-perfume,,,,,ACTIVE_MASTER_V2,VERIFIED_OPERATIONAL_DB_2026-09-06
4419,2605-ARM,,,Figuier Eden,,https://leparfum.com.gr/en/elegants-fragrances/2605-arm-el,,,,,ACTIVE_MASTER_V2,VERIFIED_OPERATIONAL_DB_2026-09-06
5057,2606-ARM,,,Ocean-di-gioia,,https://leparfum.com.gr/en/fragrances-for-women/ocean_perfumes,,,,,ACTIVE_MASTER_V2,VERIFIED_OPERATIONAL_DB_2026-09-06
4392,2607-TMU,,,Angel Eau Croisiere,,https://leparfum.com.gr/en/fragrances-for-women/2607-tmu-w,,,,,ACTIVE_MASTER_V2,VERIFIED_OPERATIONAL_DB_2026-09-06
4421,2608-KIL,,,A Taste Of Heaven,,https://leparfum.com.gr/en/niche-perfumes/2608-kil-n,,,,,ACTIVE_MASTER_V2,VERIFIED_OPERATIONAL_DB_2026-09-06
4420,2609-TMFO,,,Opaline Hyacinth,,https://leparfum.com.gr/en/elegants-fragrances/2609-tmfo-el,,,,,ACTIVE_MASTER_V2,VERIFIED_OPERATIONAL_DB_2026-09-06
4418,2610-JUL,,,Not-a-perfume-superdose,,https://leparfum.com.gr/en/elegants-fragrances/2610-jul-el,,,,,ACTIVE_MASTER_V2,VERIFIED_OPERATIONAL_DB_2026-09-06
4430,2611-KAY,,,Elixir 11 Kayali Fragrances,,https://leparfum.com.gr/en/elegants-fragrances/2611-kay-el,,,,,ACTIVE_MASTER_V2,VERIFIED_OPERATIONAL_DB_2026-09-06
4428,2612-LUS,,,Sticky Dates Lush,,https://leparfum.com.gr/en/elegants-fragrances/2612-lus-el,,,,,ACTIVE_MASTER_V2,VERIFIED_OPERATIONAL_DB_2026-09-06
4429,2613-SOS,,,Vibrato Sospiro Perfume,,https://leparfum.com.gr/en/niche-perfumes/2613-sos-n,,,,,ACTIVE_MASTER_V2,VERIFIED_OPERATIONAL_DB_2026-09-06
4435,2614-AMG,,,Guidance 46 Amouagee,,https://leparfum.com.gr/en/luxury-perfumes/2614-amg-lux,,,,,ACTIVE_MASTER_V2,VERIFIED_OPERATIONAL_DB_2026-09-06
4485,2615-ARMA,,,Odyssey-dubai-chocolat,,https://leparfum.com.gr/en/niche-perfumes/2615-arma-n,,,,,ACTIVE_MASTER_V2,VERIFIED_OPERATIONAL_DB_2026-09-06
4482,2616-TMU,,,Alien-extraintense,,https://leparfum.com.gr/en/fragrances-for-women/2616-tmu-w,,,,,ACTIVE_MASTER_V2,VERIFIED_OPERATIONAL_DB_2026-09-06
4480,2617-DOL,,,Devotion Pour Homme,,https://leparfum.com.gr/en/fragrances-for-men/2617-dol-m,,,,,ACTIVE_MASTER_V2,VERIFIED_OPERATIONAL_DB_2026-09-06
4528,2618-TMFO,,,Bois-pacifique,,https://leparfum.com.gr/en/luxury-perfumes/2618-tmfo-lux,,,,,ACTIVE_MASTER_V2,VERIFIED_OPERATIONAL_DB_2026-09-06
4481,2619-DRC,,,Homme Parfum 2025,,https://leparfum.com.gr/en/fragrances-for-men/2619-drc-m,,,,,ACTIVE_MASTER_V2,VERIFIED_OPERATIONAL_DB_2026-09-06
4443,2620-CHAR,,,Cosmic-power,,https://leparfum.com.gr/en/elegants-fragrances/2620-char-el,,,,,ACTIVE_MASTER_V2,VERIFIED_OPERATIONAL_DB_2026-09-06
4478,2621-CHAR,,,More-sex,,https://leparfum.com.gr/en/niche-perfumes/2621-char-n,,,,,ACTIVE_MASTER_V2,VERIFIED_OPERATIONAL_DB_2026-09-06
4479,2622-PHL,,,Vanilla-skin-eau-de-,,https://leparfum.com.gr/en/niche-perfumes/2622-phl-n,,,,,ACTIVE_MASTER_V2,VERIFIED_OPERATIONAL_DB_2026-09-06
4436,2623-NES,,,Santa-barbara-strawberry-eau-de-,,https://leparfum.com.gr/en/elegants-fragrances/2623-nes-el,,,,,ACTIVE_MASTER_V2,VERIFIED_OPERATIONAL_DB_2026-09-06
4434,2624-BLG,,,Rock-n-rome,,https://leparfum.com.gr/en/luxury-perfumes/2624-blg-lux,,,,,ACTIVE_MASTER_V2,VERIFIED_OPERATIONAL_DB_2026-09-06
4432,2625-GUR,,,L Instant De Guerlain Pour Homme,,https://leparfum.com.gr/en/niche-perfumes/2625-gur-n,,,,,ACTIVE_MASTER_V2,VERIFIED_OPERATIONAL_DB_2026-09-06
4433,2626-JOM,,,English Oak  Redcurrant,,https://leparfum.com.gr/en/elegants-fragrances/2626-jom-el,,,,,ACTIVE_MASTER_V2,VERIFIED_OPERATIONAL_DB_2026-09-06
4422,2627-LTN,,,Météore,,https://leparfum.com.gr/en/niche-perfumes/2627-ltn-n,,,,,ACTIVE_MASTER_V2,VERIFIED_OPERATIONAL_DB_2026-09-06
4415,2628-PEN,,,Roaring-radcliff,,https://leparfum.com.gr/en/niche-perfumes/2628-pen-n,,,,,ACTIVE_MASTER_V2,VERIFIED_OPERATIONAL_DB_2026-09-06
4416,2629-PEN,,,Sports-car-club,,https://leparfum.com.gr/en/niche-perfumes/2629-pen-n,,,,,ACTIVE_MASTER_V2,VERIFIED_OPERATIONAL_DB_2026-09-06
4423,2630-SOS,,,Erba-pura-magica,,https://leparfum.com.gr/en/niche-perfumes/2630-sos-n,,,,,ACTIVE_MASTER_V2,VERIFIED_OPERATIONAL_DB_2026-09-06
4414,2631-TMFO,,,Black-lacquer,,https://leparfum.com.gr/en/niche-perfumes/2631-tmfo-n,,,,,ACTIVE_MASTER_V2,VERIFIED_OPERATIONAL_DB_2026-09-06
4417,2632-BDIK,,,Velvet Tonka Eau de Parfum,,https://leparfum.com.gr/en/niche-perfumes/Velvet-Tonka-BDK-Parfums-type,,,,,ACTIVE_MASTER_V2,VERIFIED_OPERATIONAL_DB_2026-09-06
4431,2633-KUR,,,Petit Matin,,https://leparfum.com.gr/en/niche-perfumes/2633-kur-n,,,,,ACTIVE_MASTER_V2,VERIFIED_OPERATIONAL_DB_2026-09-06
4410,2634-NRO,,,Essence,,https://leparfum.com.gr/en/fragrances-for-women/2634-nro-w,,,,,ACTIVE_MASTER_V2,VERIFIED_OPERATIONAL_DB_2026-09-06
4411,2635-SOL,,,Cheirosa-76-after-hours,,https://leparfum.com.gr/en/elegants-fragrances/2635-sol-el,,,,,ACTIVE_MASTER_V2,VERIFIED_OPERATIONAL_DB_2026-09-06
4412,2636-YZLO,,,Black Opium Baby Cat Collector,,https://leparfum.com.gr/en/fragrances-for-women/2636-yzlo-w,,,,,ACTIVE_MASTER_V2,VERIFIED_OPERATIONAL_DB_2026-09-06
4491,2637-HARM,,,Sacred Water,,https://leparfum.com.gr/en/elegants-fragrances/2637-harm-el,,,,,ACTIVE_MASTER_V2,VERIFIED_OPERATIONAL_DB_2026-09-06
4409,2638-KEN,,,Jungle Le Tigre,,https://leparfum.com.gr/en/fragrances-for-women/2638-ken-w,,,,,ACTIVE_MASTER_V2,VERIFIED_OPERATIONAL_DB_2026-09-06
4413,2639-TRU,,,Trussardi-donna-pink-marina,,https://leparfum.com.gr/en/fragrances-for-women/2639-tru-w,,,,,ACTIVE_MASTER_V2,VERIFIED_OPERATIONAL_DB_2026-09-06
4408,2640-CRD,,,Delphinus,,https://leparfum.com.gr/en/niche-perfumes/2640-crd-n,,,,,ACTIVE_MASTER_V2,VERIFIED_OPERATIONAL_DB_2026-09-06
4424,2641-LAT,,,Eclaire Lattafa Perfumes,,https://leparfum.com.gr/en/elegants-fragrances/2641-lat-el,,,,,ACTIVE_MASTER_V2,VERIFIED_OPERATIONAL_DB_2026-09-06
4407,2642-CRD,,,Centaurus,,https://leparfum.com.gr/en/luxury-perfumes/2642-crd-lux,,,,,ACTIVE_MASTER_V2,VERIFIED_OPERATIONAL_DB_2026-09-06
4487,2643-LEL,,,Iris 39,,https://leparfum.com.gr/en/niche-perfumes/2643-lel-n,,,,,ACTIVE_MASTER_V2,VERIFIED_OPERATIONAL_DB_2026-09-06
4488,2644-PAZZ,,,Summer-hammer,,https://leparfum.com.gr/en/niche-perfumes/2644-pazz-n,,,,,ACTIVE_MASTER_V2,VERIFIED_OPERATIONAL_DB_2026-09-06
4489,2645-LTN,,,eLVes,,https://leparfum.com.gr/en/niche-perfumes/2645-ltn-n,,,,,ACTIVE_MASTER_V2,VERIFIED_OPERATIONAL_DB_2026-09-06
4490,2646-PEN,,,The Dandy,,https://leparfum.com.gr/en/niche-perfumes/2646-pen-n,,,,,ACTIVE_MASTER_V2,VERIFIED_OPERATIONAL_DB_2026-09-06
4438,2647-LTN,,,Symphony,,https://leparfum.com.gr/en/niche-perfumes/2647-ltn-n,,,,,ACTIVE_MASTER_V2,VERIFIED_OPERATIONAL_DB_2026-09-06
4484,2648-FUGA,,,Vanilla Haze Eau de Parfum,,https://leparfum.com.gr/en/elegants-fragrances/2648-fuga-el,,,,,ACTIVE_MASTER_V2,VERIFIED_OPERATIONAL_DB_2026-09-06
4444,2649-BORN,,,Naked Laundry,,https://leparfum.com.gr/en/elegants-fragrances/2649-born-el,,,,,ACTIVE_MASTER_V2,VERIFIED_OPERATIONAL_DB_2026-09-06
4517,2653-YZLO,,,Black-opium-eau-de-parfum-glitter,,https://leparfum.com.gr/en/fragrances-for-women/2653-yzlo-w,,,,,ACTIVE_MASTER_V2,VERIFIED_OPERATIONAL_DB_2026-09-06
4518,2654-KUR,,,Kurky-eau-de-,,https://leparfum.com.gr/en/niche-perfumes/2654-kur-n,,,,,ACTIVE_MASTER_V2,VERIFIED_OPERATIONAL_DB_2026-09-06
4519,2655-MNT,,,Dallachai,,https://leparfum.com.gr/en/niche-perfumes/2655-mnt-n,,,,,ACTIVE_MASTER_V2,VERIFIED_OPERATIONAL_DB_2026-09-06
4520,2656-LAN,,,Idole-power,,https://leparfum.com.gr/en/fragrances-for-women/2656-lan-w,,,,,ACTIVE_MASTER_V2,VERIFIED_OPERATIONAL_DB_2026-09-06
4521,2657-CRD,,,Fragaria,,https://leparfum.com.gr/en/niche-perfumes/2657-crd-n,,,,,ACTIVE_MASTER_V2,VERIFIED_OPERATIONAL_DB_2026-09-06
4483,2658-CHA,,,Sycomore-,,https://leparfum.com.gr/en/luxury-perfumes/2658-cha-lux,,,,,ACTIVE_MASTER_V2,VERIFIED_OPERATIONAL_DB_2026-09-06
4522,2659-MNT,,,Sensual Instinct,,https://leparfum.com.gr/en/niche-perfumes/2659-mnt-n,,,,,ACTIVE_MASTER_V2,VERIFIED_OPERATIONAL_DB_2026-09-06
4745,2662-LAT,,,Asad Bourbon Lattafa Perfumes for men,,https://leparfum.com.gr/en/niche-perfumes/2662-lat-n,,,,,ACTIVE_MASTER_V2,VERIFIED_OPERATIONAL_DB_2026-09-06
4746,2663-ARM,,,Emporio-armani-stronger-with-you-,,https://leparfum.com.gr/en/fragrances-for-men/2663-arm-mp,,,,,ACTIVE_MASTER_V2,VERIFIED_OPERATIONAL_DB_2026-09-06
4748,2664-CHA,,,Chance-eau-splendide,,https://leparfum.com.gr/en/fragrances-for-women/2664-cha-w,,,,,ACTIVE_MASTER_V2,VERIFIED_OPERATIONAL_DB_2026-09-06
4749,2665-KAJ,,,Ruby,,https://leparfum.com.gr/en/luxury-perfumes/Ruby_Kajal_perfume,,,,,ACTIVE_MASTER_V2,VERIFIED_OPERATIONAL_DB_2026-09-06
4750,2666-CELI,,,Black-tie-eau-de-,,https://leparfum.com.gr/en/niche-perfumes/2666-celi-n,,,,,ACTIVE_MASTER_V2,VERIFIED_OPERATIONAL_DB_2026-09-06
4751,2667-CHAB,,,Lait Concentre,,https://leparfum.com.gr/en/elegants-fragrances/2667-chab-el,,,,,ACTIVE_MASTER_V2,VERIFIED_OPERATIONAL_DB_2026-09-06
4752,2668-LEL,,,Neroli 36,,https://leparfum.com.gr/en/niche-perfumes/2668-lel-n,,,,,ACTIVE_MASTER_V2,VERIFIED_OPERATIONAL_DB_2026-09-06
4753,2669-SOS,,,Il Padrino Sospiro Perfumes,,https://leparfum.com.gr/en/niche-perfumes/il_padrino_perfume,,,,,ACTIVE_MASTER_V2,VERIFIED_OPERATIONAL_DB_2026-09-06
4523,2670-CRD,,,Eladaria,,https://leparfum.com.gr/en/niche-perfumes/2670-crd-n,,,,,ACTIVE_MASTER_V2,VERIFIED_OPERATIONAL_DB_2026-09-06
4524,2671-KIL,,,Cruel Intentions,,https://leparfum.com.gr/en/niche-perfumes/2671-kil-n,,,,,ACTIVE_MASTER_V2,VERIFIED_OPERATIONAL_DB_2026-09-06
4525,2672-MEM,,,Abu-dhabi,,https://leparfum.com.gr/en/luxury-perfumes/2672-mem-lux,,,,,ACTIVE_MASTER_V2,VERIFIED_OPERATIONAL_DB_2026-09-06
4526,2673-ARB,,,Al-fareed,,https://leparfum.com.gr/en/niche-perfumes/Al_Fareed_Arabian_Oud_perfumi,,,,,ACTIVE_MASTER_V2,VERIFIED_OPERATIONAL_DB_2026-09-06
4527,2674-MICA,,,Note Poudree,,https://leparfum.com.gr/en/niche-perfumes/2674-mica-n,,,,,ACTIVE_MASTER_V2,VERIFIED_OPERATIONAL_DB_2026-09-06
4539,2678-PARF,,,Palatine,,https://leparfum.com.gr/en/niche-perfumes/2678-parf-n,,,,,ACTIVE_MASTER_V2,VERIFIED_OPERATIONAL_DB_2026-09-06
4579,2679-CAR,,,La-bomba,,https://leparfum.com.gr/en/fragrances-for-women/2679-car-w,,,,,ACTIVE_MASTER_V2,VERIFIED_OPERATIONAL_DB_2026-09-06
4590,2680-AMG,,,Outlands,,https://leparfum.com.gr/en/niche-perfumes/2680-amg-n,,,,,ACTIVE_MASTER_V2,VERIFIED_OPERATIONAL_DB_2026-09-06
4591,2681-ARB,,,Madawi-40-years-gold-edition,,https://leparfum.com.gr/en/niche-perfumes/2681-arb-n,,,,,ACTIVE_MASTER_V2,VERIFIED_OPERATIONAL_DB_2026-09-06
4592,2682-BDIK,,,Gris Charnel Eau de Parfum,,https://leparfum.com.gr/en/niche-perfumes/2682-bdik-n,,,,,ACTIVE_MASTER_V2,VERIFIED_OPERATIONAL_DB_2026-09-06
4593,2683-CLIV,,,E-cashmere-musk,,https://leparfum.com.gr/en/luxury-perfumes/2683-cliv-lux,,,,,ACTIVE_MASTER_V2,VERIFIED_OPERATIONAL_DB_2026-09-06
4637,2684-CLIV,,,Jump Up And Kiss Me Hedonistic (2021) Clive Christian,,https://leparfum.com.gr/en/niche-perfumes/2684-cliv-n,,,,,ACTIVE_MASTER_V2,VERIFIED_OPERATIONAL_DB_2026-09-06
4638,2685-FRAG,,,Rude-cherry,,https://leparfum.com.gr/en/niche-perfumes/2685-frag-n,,,,,ACTIVE_MASTER_V2,VERIFIED_OPERATIONAL_DB_2026-09-06
4639,2686-GIV,,,L-interdit-tubereuse-noire,,https://leparfum.com.gr/en/fragrances-for-women/2686-giv-w,,,,,ACTIVE_MASTER_V2,VERIFIED_OPERATIONAL_DB_2026-09-06
4644,2687-GRIT,,,Mango-aoud,,https://leparfum.com.gr/en/niche-perfumes/mango_parfum,,,,,ACTIVE_MASTER_V2,VERIFIED_OPERATIONAL_DB_2026-09-06
4670,2688-KAY,,,The Wedding Silk Santal | 36 Kayali Fragrances,,https://leparfum.com.gr/en/elegants-fragrances/2688-kay-el,,,,,ACTIVE_MASTER_V2,VERIFIED_OPERATIONAL_DB_2026-09-06
4648,2689-LAT,,,Khamrah Qahwa Lattafa Perfumes,,https://leparfum.com.gr/en/elegants-fragrances/2689-lat-el,,,,,ACTIVE_MASTER_V2,VERIFIED_OPERATIONAL_DB_2026-09-06
4647,2690-NISH,,,Oudous-lux-solis,,https://leparfum.com.gr/en/niche-perfumes/odous_perfume,,,,,ACTIVE_MASTER_V2,VERIFIED_OPERATIONAL_DB_2026-09-06
4651,2691-SOL,,,Cheirosa-39-coco-cabana-cheirosa-39,,https://leparfum.com.gr/en/elegants-fragrances/2691-sol-el,,,,,ACTIVE_MASTER_V2,VERIFIED_OPERATIONAL_DB_2026-09-06
4653,2692-SOL,,,Cheirosa-87-rio-radiance-tan-lines,,https://leparfum.com.gr/en/elegants-fragrances/2692-sol-el,,,,,ACTIVE_MASTER_V2,VERIFIED_OPERATIONAL_DB_2026-09-06
4652,2693-SOL,,,Cheirosa '40 Sol de Janeiro,,https://leparfum.com.gr/en/elegants-fragrances/2693-sol-el,,,,,ACTIVE_MASTER_V2,VERIFIED_OPERATIONAL_DB_2026-09-06
4655,2694-STE,,,Pink-boa,,https://leparfum.com.gr/en/niche-perfumes/Pink_Boa_clone,,,,,ACTIVE_MASTER_V2,VERIFIED_OPERATIONAL_DB_2026-09-06
4656,2695-STE,,,Soleil-de-jeddah-mango-kiss,,https://leparfum.com.gr/en/niche-perfumes/Soleil_de_Jeddah_dupe,,,,,ACTIVE_MASTER_V2,VERIFIED_OPERATIONAL_DB_2026-09-06
4649,2696-AMG,,,Decision,,https://leparfum.com.gr/en/niche-perfumes/decision_parfum,,,,,ACTIVE_MASTER_V2,VERIFIED_OPERATIONAL_DB_2026-09-06
4645,2697-RIT,,,Karma Rituals,,https://leparfum.com.gr/en/elegants-fragrances/parfum_karma,,,,,ACTIVE_MASTER_V2,VERIFIED_OPERATIONAL_DB_2026-09-06
4654,2698-SOL,,,Beijos-de-sol,,https://leparfum.com.gr/en/elegants-fragrances/2698-sol-el,,,,,ACTIVE_MASTER_V2,VERIFIED_OPERATIONAL_DB_2026-09-06
4646,2699-RIT,,,Ayurveda Rituals,,https://leparfum.com.gr/en/elegants-fragrances/ayurveda_scent,,,,,ACTIVE_MASTER_V2,VERIFIED_OPERATIONAL_DB_2026-09-06
4650,2700-BLG,,,Le-gemme-amunae,,https://leparfum.com.gr/en/niche-perfumes/2700-blg-n,,,,,ACTIVE_MASTER_V2,VERIFIED_OPERATIONAL_DB_2026-09-06
4640,2701-DIP,,,Cafe Verlet,,https://leparfum.com.gr/en/elegants-fragrances/cafe_scent,,,,,ACTIVE_MASTER_V2,VERIFIED_OPERATIONAL_DB_2026-09-06
4642,2702-DIP,,,Chantilly,,https://leparfum.com.gr/en/elegants-fragrances/2702-dip-el,,,,,ACTIVE_MASTER_V2,VERIFIED_OPERATIONAL_DB_2026-09-06
4754,2703-VER,,,Eros-najim,,https://leparfum.com.gr/en/fragrances-for-men/2703-ver-mp,,,,,ACTIVE_MASTER_V2,VERIFIED_OPERATIONAL_DB_2026-09-06
4755,2704-GUR,,,Cherry-oud,,https://leparfum.com.gr/en/niche-perfumes/2704-gur-n,,,,,ACTIVE_MASTER_V2,VERIFIED_OPERATIONAL_DB_2026-09-06
5025,2705-KIL,,,Angels-share-on-the-rocks-1,,https://leparfum.com.gr/en/niche-perfumes/2705-kil-n,,,,,ACTIVE_MASTER_V2,VERIFIED_OPERATIONAL_DB_2026-09-06
4770,2706-LUS,,,Let-the-good-times-roll-1,,https://leparfum.com.gr/en/elegants-fragrances/2706-lus-el,,,,,ACTIVE_MASTER_V2,VERIFIED_OPERATIONAL_DB_2026-09-06
4771,2707-ROOM,,,Wavechild,,https://leparfum.com.gr/en/elegants-fragrances/wavechild_parfum,,,,,ACTIVE_MASTER_V2,VERIFIED_OPERATIONAL_DB_2026-09-06
4772,2708-BORN,,,Black-mango,,https://leparfum.com.gr/en/niche-perfumes/mango_perfumes,,,,,ACTIVE_MASTER_V2,VERIFIED_OPERATIONAL_DB_2026-09-06
4773,2709-STE,,,Le-8,,https://leparfum.com.gr/en/luxury-perfumes/le_8_perfume,,,,,ACTIVE_MASTER_V2,VERIFIED_OPERATIONAL_DB_2026-09-06
4774,2711-CLIV,,,Matsukita,,https://leparfum.com.gr/en/niche-perfumes/Matsukita_Perfume,,,,,ACTIVE_MASTER_V2,VERIFIED_OPERATIONAL_DB_2026-09-06
4775,2712-TMFO,,,Oud-voyager,,https://leparfum.com.gr/en/niche-perfumes/2712-tmfo-n,,,,,ACTIVE_MASTER_V2,VERIFIED_OPERATIONAL_DB_2026-09-06
4776,2713-KAY,,,Sweet-diamond-pink-pepper-25,,https://leparfum.com.gr/en/elegants-fragrances/sweet_perfume,,,,,ACTIVE_MASTER_V2,VERIFIED_OPERATIONAL_DB_2026-09-06
4869,2714-BORN,,,Oud Candy Bornstandout,,https://leparfum.com.gr/en/niche-perfumes/2714-born-n,,,,,ACTIVE_MASTER_V2,VERIFIED_OPERATIONAL_DB_2026-09-06
4777,2715-CRD,,,Oud-zarian,,https://leparfum.com.gr/en/luxury-perfumes/zarian_profumo,,,,,ACTIVE_MASTER_V2,VERIFIED_OPERATIONAL_DB_2026-09-06
4778,2716-ORT,,,Bergamask,,https://leparfum.com.gr/en/niche-perfumes/Bergamask_perfumy,,,,,ACTIVE_MASTER_V2,VERIFIED_OPERATIONAL_DB_2026-09-06
4779,2717-EXN,,,Brompton Immortals Eau de Parfum,,https://leparfum.com.gr/en/niche-perfumes/rose_fragrance,,,,,ACTIVE_MASTER_V2,VERIFIED_OPERATIONAL_DB_2026-09-06
4780,2718-GUR,,,Shalimar-millesime-tonka,,https://leparfum.com.gr/en/niche-perfumes/2718-gur-n,,,,,ACTIVE_MASTER_V2,VERIFIED_OPERATIONAL_DB_2026-09-06
4781,2719-FRAG,,,New-york-5th-avenue,,https://leparfum.com.gr/en/niche-perfumes/New_York_5th_Avenue_Fragrance,,,,,ACTIVE_MASTER_V2,VERIFIED_OPERATIONAL_DB_2026-09-06
4782,2720-ROJ,,,United Arab Emirates Spirit Of The Union Roja Dove,,https://leparfum.com.gr/en/niche-perfumes/zapach,,,,,ACTIVE_MASTER_V2,VERIFIED_OPERATIONAL_DB_2026-09-06
4783,2721-STE,,,Sand-dance,,https://leparfum.com.gr/en/niche-perfumes/sand_dance,,,,,ACTIVE_MASTER_V2,VERIFIED_OPERATIONAL_DB_2026-09-06
4784,2722-CRIVEL,,,Hibiscus-mahajad-1,,https://leparfum.com.gr/en/niche-perfumes/2722-crivel-n,,,,,ACTIVE_MASTER_V2,VERIFIED_OPERATIONAL_DB_2026-09-06
4785,2723-LTN,,,Rhapsody,,https://leparfum.com.gr/en/niche-perfumes/2723-ltn-n,,,,,ACTIVE_MASTER_V2,VERIFIED_OPERATIONAL_DB_2026-09-06
4786,2724-GUR,,,Shalimar Souffle de Parfum,,https://leparfum.com.gr/en/niche-perfumes/souffle_parfum,,,,,ACTIVE_MASTER_V2,VERIFIED_OPERATIONAL_DB_2026-09-06
4787,2725-CELI,,,Reptile-eau-de-,,https://leparfum.com.gr/en/niche-perfumes/leather_fragrance,,,,,ACTIVE_MASTER_V2,VERIFIED_OPERATIONAL_DB_2026-09-06
4820,2726-DRC,,,New Look 2024,,https://leparfum.com.gr/en/elegants-fragrances/2726-drc,,,,,ACTIVE_MASTER_V2,VERIFIED_OPERATIONAL_DB_2026-09-06
4789,2728-PEN,,,The-uncompromising-sohan,,https://leparfum.com.gr/en/niche-perfumes/2728-pen-n,,,,,ACTIVE_MASTER_V2,VERIFIED_OPERATIONAL_DB_2026-09-06
4790,2729-AMG,,,Sunshine Man,,https://leparfum.com.gr/en/niche-perfumes/sunshine_dupe_fragrance,,,,,ACTIVE_MASTER_V2,VERIFIED_OPERATIONAL_DB_2026-09-06
4972,2730-ARA,,,New West for Her,,https://leparfum.com.gr/en/fragrances-for-women/aramis_perfumes,,,,,ACTIVE_MASTER_V2,VERIFIED_OPERATIONAL_DB_2026-09-06
4973,2731-BYRP,,,Mula-mula,,https://leparfum.com.gr/en/niche-perfumes/mula_mula_byr,,,,,ACTIVE_MASTER_V2,VERIFIED_OPERATIONAL_DB_2026-09-06
4974,2732-GIV,,,Very Irresistible for men,,https://leparfum.com.gr/en/fragrances-for-men/2732-giv-mp,,,,,ACTIVE_MASTER_V2,VERIFIED_OPERATIONAL_DB_2026-09-06
4832,2733-LES,,,Blanche-bete,,https://leparfum.com.gr/en/niche-perfumes/Blanche_profumo,,,,,ACTIVE_MASTER_V2,VERIFIED_OPERATIONAL_DB_2026-09-06
4833,2734-ELIZ,,,Green Tea Summer,,https://leparfum.com.gr/en/fragrances-for-women/Green_Tea_parfum,,,,,ACTIVE_MASTER_V2,VERIFIED_OPERATIONAL_DB_2026-09-06
4835,2736-NAV,,,Lost In A Dream,,https://leparfum.com.gr/en/elegants-fragrances/2736-nav,,,,,ACTIVE_MASTER_V2,VERIFIED_OPERATIONAL_DB_2026-09-06
4836,2737-BORN,,,Drunk-lovers-eau-de-,,https://leparfum.com.gr/en/niche-perfumes/Drunk_Lovers_parfum,,,,,ACTIVE_MASTER_V2,VERIFIED_OPERATIONAL_DB_2026-09-06
4837,2738-LUS,,,Super-milk-perfume,,https://leparfum.com.gr/en/niche-perfumes/Super_Milk_perfume,,,,,ACTIVE_MASTER_V2,VERIFIED_OPERATIONAL_DB_2026-09-06
4838,2739-BORN,,,Sugar-addict,,https://leparfum.com.gr/en/niche-perfumes/Sugar_Addict_parfum_sweet,,,,,ACTIVE_MASTER_V2,VERIFIED_OPERATIONAL_DB_2026-09-06
4839,2740-MIN,,,Check-please,,https://leparfum.com.gr/en/niche-perfumes/Check_Please_perfume,,,,,ACTIVE_MASTER_V2,VERIFIED_OPERATIONAL_DB_2026-09-06
4840,2741-ROJ,,,Lost In Paris Roja Dove,,https://leparfum.com.gr/en/niche-perfumes/Lost_In_Paris_perfume,,,,,ACTIVE_MASTER_V2,VERIFIED_OPERATIONAL_DB_2026-09-06
4841,2742-XER,,,Torino24,,https://leparfum.com.gr/en/niche-perfumes/Torino24_profumo,,,,,ACTIVE_MASTER_V2,VERIFIED_OPERATIONAL_DB_2026-09-06
4842,2743-BORN,,,Black-guava,,https://leparfum.com.gr/en/niche-perfumes/Black_Guava_perfume,,,,,ACTIVE_MASTER_V2,VERIFIED_OPERATIONAL_DB_2026-09-06
5003,2744-NISH,,,Meant-to-be-seen-1,,https://leparfum.com.gr/en/luxury-perfumes/2744-nish-lux,,,,,ACTIVE_MASTER_V2,VERIFIED_OPERATIONAL_DB_2026-09-06
4845,2746-DRC,,,Fahrenheit Le Parfum,,https://leparfum.com.gr/en/fragrances-for-men/2746-drc-mp,,,,,ACTIVE_MASTER_V2,VERIFIED_OPERATIONAL_DB_2026-09-06
4844,2747-XER,,,Purple Accento,,https://leparfum.com.gr/en/niche-perfumes/2747-xer-n,,,,,ACTIVE_MASTER_V2,VERIFIED_OPERATIONAL_DB_2026-09-06
4846,2748-BORN,,,Drunk-saffron,,https://leparfum.com.gr/en/niche-perfumes/Drunk_Saffron_sexy_pperfume,,,,,ACTIVE_MASTER_V2,VERIFIED_OPERATIONAL_DB_2026-09-06
4847,2750-NISH,,,Shem,,https://leparfum.com.gr/en/niche-perfumes/Shem_zapach,,,,,ACTIVE_MASTER_V2,VERIFIED_OPERATIONAL_DB_2026-09-06
4848,2751-PRA,,,Paradigme-eau-de-,,https://leparfum.com.gr/en/fragrances-for-men/2751-pra-mp,,,,,ACTIVE_MASTER_V2,VERIFIED_OPERATIONAL_DB_2026-09-06
4961,2752-SAB,,,Sweet-tooth-caramel-dream-eau-de-,,https://leparfum.com.gr/en/fragrances-for-women/2752-sab-w,,,,,ACTIVE_MASTER_V2,VERIFIED_OPERATIONAL_DB_2026-09-06
4962,2753-YZLO,,,Libre-vanille-couture,,https://leparfum.com.gr/en/fragrances-for-women/2753-yzlo-w,,,,,ACTIVE_MASTER_V2,VERIFIED_OPERATIONAL_DB_2026-09-06
4963,2754-CHL,,,Chloe-rose-naturelle-intense,,https://leparfum.com.gr/en/fragrances-for-women/2754-chl-w,,,,,ACTIVE_MASTER_V2,VERIFIED_OPERATIONAL_DB_2026-09-06
4964,2755-ZEG,,,Essenza Di Zegna,,https://leparfum.com.gr/en/fragrances-for-men/2755-zeg-mp,,,,,ACTIVE_MASTER_V2,VERIFIED_OPERATIONAL_DB_2026-09-06
4965,2757-LAT,,,Vanilla Freak Lattafa Perfumes,,https://leparfum.com.gr/en/elegants-fragrances/2757-lat,,,,,ACTIVE_MASTER_V2,VERIFIED_OPERATIONAL_DB_2026-09-06
4970,2758-YZLO,,,Libre-berry-crush,,https://leparfum.com.gr/en/fragrances-for-women/2758-yzlo-w,,,,,ACTIVE_MASTER_V2,VERIFIED_OPERATIONAL_DB_2026-09-06
4971,2759-ARM,,,Emporio-armani-power-of-you,,https://leparfum.com.gr/en/fragrances-for-women/2759-arm-w,,,,,ACTIVE_MASTER_V2,VERIFIED_OPERATIONAL_DB_2026-09-06
4966,2760-LAT,,,Yara Elixir Lattafa Perfumes,,https://leparfum.com.gr/en/elegants-fragrances/yara-elixir-perfume,,,,,ACTIVE_MASTER_V2,VERIFIED_OPERATIONAL_DB_2026-09-06
4967,2761-LAT,,,Asad Elixir Lattafa Perfumes,,https://leparfum.com.gr/en/elegants-fragrances/2761-lat,,,,,ACTIVE_MASTER_V2,VERIFIED_OPERATIONAL_DB_2026-09-06
4968,2762-LAT,,,Eclaire Pistache Lattafa Perfumes,,https://leparfum.com.gr/en/elegants-fragrances/Eclaire_Pistache_Lattafa_Perfumes,,,,,ACTIVE_MASTER_V2,VERIFIED_OPERATIONAL_DB_2026-09-06
4969,2763-KAY,,,Freedom Musk Bouquet 27 Eau de Parfum Kayali Fragrances,,https://leparfum.com.gr/en/elegants-fragrances/Freedom_Musk_Bouquet_kay,,,,,ACTIVE_MASTER_V2,VERIFIED_OPERATIONAL_DB_2026-09-06
4991,2764-TMFO,,,Black-orchid-reserve,,https://leparfum.com.gr/en/elegants-fragrances/2764-tmfo,,,,,ACTIVE_MASTER_V2,VERIFIED_OPERATIONAL_DB_2026-09-06
4992,2765-GUC,,,Muschio-di-luce,,https://leparfum.com.gr/en/niche-perfumes/2765-guc-n,,,,,ACTIVE_MASTER_V2,VERIFIED_OPERATIONAL_DB_2026-09-06
4993,2766-PARF,,,Eragon,,https://leparfum.com.gr/en/niche-perfumes/2766-parf-n,,,,,ACTIVE_MASTER_V2,VERIFIED_OPERATIONAL_DB_2026-09-06
4994,2767-MATAH,,,Printemps-blanc,,https://leparfum.com.gr/en/niche-perfumes/2767-matah-n,,,,,ACTIVE_MASTER_V2,VERIFIED_OPERATIONAL_DB_2026-09-06
4995,2768-LAN,,,La-vie-est-belle-vanille-nude,,https://leparfum.com.gr/en/fragrances-for-women/2768-lan-w,,,,,ACTIVE_MASTER_V2,VERIFIED_OPERATIONAL_DB_2026-09-06
5012,2770-DOL,,,Fruit Collection - Pineapple,,https://leparfum.com.gr/en/elegants-fragrances/pineaplle_perfume,,,,,ACTIVE_MASTER_V2,VERIFIED_OPERATIONAL_DB_2026-09-06
5013,2771-GUR,,,Santal Royal,,https://leparfum.com.gr/en/niche-perfumes/woody_perfume,,,,,ACTIVE_MASTER_V2,VERIFIED_OPERATIONAL_DB_2026-09-06
5011,2772-DOL,,,K Eau de Parfum,,https://leparfum.com.gr/en/fragrances-for-men/2772-dol-mp,,,,,ACTIVE_MASTER_V2,VERIFIED_OPERATIONAL_DB_2026-09-06
5014,2773-RIT,,,The Rituals of Mehr,,https://leparfum.com.gr/en/elegants-fragrances/mehr_parfum,,,,,ACTIVE_MASTER_V2,VERIFIED_OPERATIONAL_DB_2026-09-06
5015,2774-MIL,,,La Fumee,,https://leparfum.com.gr/en/elegants-fragrances/fummee_parfum,,,,,ACTIVE_MASTER_V2,VERIFIED_OPERATIONAL_DB_2026-09-06
5016,2775-BOT,,,Illusione for Him for men,,https://leparfum.com.gr/en/fragrances-for-men/Illusione_for_Him_parfum,,,,,ACTIVE_MASTER_V2,VERIFIED_OPERATIONAL_DB_2026-09-06
5017,2776-CELI,,,Nightclubbing,,https://leparfum.com.gr/en/niche-perfumes/Nightclubbing-perfumes,,,,,ACTIVE_MASTER_V2,VERIFIED_OPERATIONAL_DB_2026-09-06
5018,2777-GUR,,,Herbes-troublantes,,https://leparfum.com.gr/en/luxury-perfumes/spring_perfumes,,,,,ACTIVE_MASTER_V2,VERIFIED_OPERATIONAL_DB_2026-09-06
5019,2778-JOM,,,Fig-lotus-flower,,https://leparfum.com.gr/en/elegants-fragrances/Fig-Lotus-Flower-fragrance,,,,,ACTIVE_MASTER_V2,VERIFIED_OPERATIONAL_DB_2026-09-06
5020,2780-LAT,,,Angham Lattafa Perfumes,,https://leparfum.com.gr/en/elegants-fragrances/Angham-Lattafa-Parfums,,,,,ACTIVE_MASTER_V2,VERIFIED_OPERATIONAL_DB_2026-09-06
5050,2782-AJMA,,,Musk-silk-supreme,,https://leparfum.com.gr/en/niche-perfumes/2782-ajma-n,,,,,ACTIVE_MASTER_V2,VERIFIED_OPERATIONAL_DB_2026-09-06
5051,2783-LTN,Louis Vuitton,Ink Mark,Ink Mark Louis Vuitton,,https://leparfum.com.gr/en/niche-perfumes/2783-ltn-n,,,,,ACTIVE_MASTER_V2,VERIFIED_OPERATIONAL_DB_2026-09-06
5052,2784-MARG,,,Afternoon-delight,,https://leparfum.com.gr/en/niche-perfumes/lactonic_perfumes,,,,,ACTIVE_MASTER_V2,VERIFIED_OPERATIONAL_DB_2026-09-06
5053,2785-VAL,,,Valentino-donna-born-in-roma-extradose,,https://leparfum.com.gr/en/fragrances-for-women/2785-val-w,,,,,ACTIVE_MASTER_V2,VERIFIED_OPERATIONAL_DB_2026-09-06
5054,2786-LTN,Louis Vuitton,Rain Tea,Rain Tea Louis Vuitton,,https://leparfum.com.gr/en/niche-perfumes/2786-ltn-n,,,,,ACTIVE_MASTER_V2,VERIFIED_OPERATIONAL_DB_2026-09-06
5055,2787-KAJ,,,Lamar,,https://leparfum.com.gr/en/niche-perfumes/Lamar_Kajal_perfume,,,,,ACTIVE_MASTER_V2,VERIFIED_OPERATIONAL_DB_2026-09-06
5056,2788-MIN,,,French-defense,,https://leparfum.com.gr/en/niche-perfumes/2788-min-n,,,,,ACTIVE_MASTER_V2,VERIFIED_OPERATIONAL_DB_2026-09-06
5058,2789-PEN,,,Fortuitous-finley,,https://leparfum.com.gr/en/niche-perfumes/2789-pen-n,,,,,ACTIVE_MASTER_V2,VERIFIED_OPERATIONAL_DB_2026-09-06
5059,2790-KIL,,,Old Fashioned By Kilian,,https://leparfum.com.gr/en/niche-perfumes/Old_Fashioned_perfum,,,,,ACTIVE_MASTER_V2,VERIFIED_OPERATIONAL_DB_2026-09-06
5060,2791-LTN,Louis Vuitton,Moon Tale,Moon Tale Louis Vuitton,,https://leparfum.com.gr/en/niche-perfumes/2791-ltn-n,,,,,ACTIVE_MASTER_V2,VERIFIED_OPERATIONAL_DB_2026-09-06
5061,2792-AJMA,,,Musk-silk,,https://leparfum.com.gr/en/niche-perfumes/2792-ajma-n,,,,,ACTIVE_MASTER_V2,VERIFIED_OPERATIONAL_DB_2026-09-06
5062,2793-FRAG,,,Oud-noir-intense,,https://leparfum.com.gr/en/niche-perfumes/oud_perfumes,,,,,ACTIVE_MASTER_V2,VERIFIED_OPERATIONAL_DB_2026-09-06
5063,2794-PAC,,,Lady Million Lucky,,https://leparfum.com.gr/en/fragrances-for-women/2794-pac-w,,,,,ACTIVE_MASTER_V2,VERIFIED_OPERATIONAL_DB_2026-09-06
5064,2795-AMG,,,Jubilation 40 Man Amouage for men,,https://leparfum.com.gr/en/niche-perfumes/2795-amg-n,,,,,ACTIVE_MASTER_V2,VERIFIED_OPERATIONAL_DB_2026-09-06
5049,2797-MATIE,,,Vanilla-powder-extrait-de-,,https://leparfum.com.gr/en/luxury-perfumes/2797-matie-lux,,,,,ACTIVE_MASTER_V2,VERIFIED_OPERATIONAL_DB_2026-09-06
5065,2798-NICO,,,Macaron Bourbon,,https://leparfum.com.gr/en/niche-perfumes/macaron_perfumes,,,,,ACTIVE_MASTER_V2,VERIFIED_OPERATIONAL_DB_2026-09-06
5066,2799-OBVI,,,Milk-matcha-un-ete,,https://leparfum.com.gr/en/niche-perfumes/latte_perfumes,,,,,ACTIVE_MASTER_V2,VERIFIED_OPERATIONAL_DB_2026-09-06
5067,2800-ACQ,,,Buongiorno,,https://leparfum.com.gr/en/niche-perfumes/2800-acq-n,,,,,ACTIVE_MASTER_V2,VERIFIED_OPERATIONAL_DB_2026-09-06
5068,2801-DON,,,Cashmere-vanilla-essence,,https://leparfum.com.gr/en/fragrances-for-women/Cashmere_parfum,,,,,ACTIVE_MASTER_V2,VERIFIED_OPERATIONAL_DB_2026-09-06
5069,2802-HER,,,Terre Intense for men,,https://leparfum.com.gr/en/fragrances-for-men/2802-her-mp,,,,,ACTIVE_MASTER_V2,VERIFIED_OPERATIONAL_DB_2026-09-06
5070,2803-AKR,,,Crush,,https://leparfum.com.gr/en/elegants-fragrances/dolce_profumo,,,,,ACTIVE_MASTER_V2,VERIFIED_OPERATIONAL_DB_2026-09-06
5071,2804-BOYS,,,Coco-cream,,https://leparfum.com.gr/en/elegants-fragrances/coco_cream_fragrance,,,,,ACTIVE_MASTER_V2,VERIFIED_OPERATIONAL_DB_2026-09-06
5072,2805-MARG,,,Never-ending-summer,,https://leparfum.com.gr/en/elegants-fragrances/summer_fragrances,,,,,ACTIVE_MASTER_V2,VERIFIED_OPERATIONAL_DB_2026-09-06
5073,2806-PHL,,,Afterglow,,https://leparfum.com.gr/en/niche-perfumes/2806-phl-n,,,,,ACTIVE_MASTER_V2,VERIFIED_OPERATIONAL_DB_2026-09-06
5074,2807-VIRT,,,Buttercream-haze,,https://leparfum.com.gr/en/niche-perfumes/Buttercream_fragrance,,,,,ACTIVE_MASTER_V2,VERIFIED_OPERATIONAL_DB_2026-09-06
5075,2808-LES,,,Roasted Tangerine,,https://leparfum.com.gr/en/niche-perfumes/2808-les-n,,,,,ACTIVE_MASTER_V2,VERIFIED_OPERATIONAL_DB_2026-09-06
5076,2809-AZZ,,,Forever-wanted-elixir,,https://leparfum.com.gr/en/fragrances-for-men/2809-azz-mp,,,,,ACTIVE_MASTER_V2,VERIFIED_OPERATIONAL_DB_2026-09-06
5077,2810-MIN,,,Prodigy,,https://leparfum.com.gr/en/niche-perfumes/prodigy_perfume,,,,,ACTIVE_MASTER_V2,VERIFIED_OPERATIONAL_DB_2026-09-06
5078,2811-DRC,,,Sauvage-rare-blend,,https://leparfum.com.gr/en/fragrances-for-men/2811-drc-mp,,,,,ACTIVE_MASTER_V2,VERIFIED_OPERATIONAL_DB_2026-09-06
5079,2812-ARM,,,Emporio-armani-stronger-with-you-powerfully,,https://leparfum.com.gr/en/fragrances-for-men/2812-arm-mp,,,,,ACTIVE_MASTER_V2,VERIFIED_OPERATIONAL_DB_2026-09-06
5080,2813-OMA,,,Caden,,https://leparfum.com.gr/en/niche-perfumes/oman_parfums,,,,,ACTIVE_MASTER_V2,VERIFIED_OPERATIONAL_DB_2026-09-06
5081,2814-TMFO,,,Figue-erotique,,https://leparfum.com.gr/en/niche-perfumes/erotique_perfumes,,,,,ACTIVE_MASTER_V2,VERIFIED_OPERATIONAL_DB_2026-09-06
5082,2815-DOL,,,By for women,,https://leparfum.com.gr/en/fragrances-for-women/2815-dol-w,,,,,ACTIVE_MASTER_V2,VERIFIED_OPERATIONAL_DB_2026-09-06
5083,2816-MOOD,,,Blonde Maracuja Mood London,,https://leparfum.com.gr/en/elegants-fragrances/2816-mood,,,,,ACTIVE_MASTER_V2,VERIFIED_OPERATIONAL_DB_2026-09-06
5084,2817-INI,,,Oud for Greatness Neo Initio Parfums,,https://leparfum.com.gr/en/luxury-perfumes/oud_greatness_perfume,,,,,ACTIVE_MASTER_V2,VERIFIED_OPERATIONAL_DB_2026-09-06
5085,2818-SWISA,,,Shaghaf-oud-eau-de-,,https://leparfum.com.gr/en/niche-perfumes/Swiss_Arabian_dupe,,,,,ACTIVE_MASTER_V2,VERIFIED_OPERATIONAL_DB_2026-09-06
5086,2819-AKR,,,Awake,,https://leparfum.com.gr/en/elegants-fragrances/akro_perfume_type,,,,,ACTIVE_MASTER_V2,VERIFIED_OPERATIONAL_DB_2026-09-06
5087,2820-MIN,,,Queening,,https://leparfum.com.gr/en/niche-perfumes/Queening_Mind_Games_inspired,,,,,ACTIVE_MASTER_V2,VERIFIED_OPERATIONAL_DB_2026-09-06
5088,2821-DRC,,,Addict Peachy Glow Eau de Parfum,,https://leparfum.com.gr/en/fragrances-for-women/peachy_perfumes,,,,,ACTIVE_MASTER_V2,VERIFIED_OPERATIONAL_DB_2026-09-06
5089,2822-DRC,,,Addict Purple Glow Eau De Parfum,,https://leparfum.com.gr/en/fragrances-for-women/eau_de_parfums,,,,,ACTIVE_MASTER_V2,VERIFIED_OPERATIONAL_DB_2026-09-06
5090,2823-KAY,,,Eden-plush-pear-23,,https://leparfum.com.gr/en/elegants-fragrances/Eden_Plush_Pear_parfum_type,,,,,ACTIVE_MASTER_V2,VERIFIED_OPERATIONAL_DB_2026-09-06
5091,2824-NRO,,,For-her-pure-musc-blanc,,https://leparfum.com.gr/en/fragrances-for-women/musc_perfumes,,,,,ACTIVE_MASTER_V2,VERIFIED_OPERATIONAL_DB_2026-09-06
5092,2825-RARB,,,Rare,,https://leparfum.com.gr/en/elegants-fragrances/rare_beauty_perfume_inspired,,,,,ACTIVE_MASTER_V2,VERIFIED_OPERATIONAL_DB_2026-09-06
5093,2826-SOL,,,Cheirosa-91,,https://leparfum.com.gr/en/elegants-fragrances/Cheirosa_91_Sol_fragrances_type,,,,,ACTIVE_MASTER_V2,VERIFIED_OPERATIONAL_DB_2026-09-06
5094,2827-BYR,,,Bal d'Afrique Absolu de Parfum,,https://leparfum.com.gr/en/niche-perfumes/absolu_perfumes,,,,,ACTIVE_MASTER_V2,VERIFIED_OPERATIONAL_DB_2026-09-06
5095,2828-ATEL,,,Vanille-carbone,,https://leparfum.com.gr/en/niche-perfumes/Vanille_Carbone_fragrance,,,,,ACTIVE_MASTER_V2,VERIFIED_OPERATIONAL_DB_2026-09-06
5096,2829-PARF,,,Athénaïs,,https://leparfum.com.gr/en/niche-perfumes/2829-parf-n,,,,,ACTIVE_MASTER_V2,VERIFIED_OPERATIONAL_DB_2026-09-06
5097,2830-VAL,,,Sogno-in-rosso,,https://leparfum.com.gr/en/elegants-fragrances/2830-val,,,,,ACTIVE_MASTER_V2,VERIFIED_OPERATIONAL_DB_2026-09-06
5098,2831-GISS,,,Martinique-osmanthus-eau-de-parfum-,,https://leparfum.com.gr/en/elegants-fragrances/Martinique_Osmanthus_Gissah_inspired,,,,,ACTIVE_MASTER_V2,VERIFIED_OPERATIONAL_DB_2026-09-06
5099,2832-ZAD,,,Zadig Eau de Parfum,,https://leparfum.com.gr/en/fragrances-for-women/2832-zad-w,,,,,ACTIVE_MASTER_V2,VERIFIED_OPERATIONAL_DB_2026-09-06
5101,2833-AMG,,,Meander,,https://leparfum.com.gr/en/niche-perfumes/2833-amg-n,,,,,ACTIVE_MASTER_V2,VERIFIED_OPERATIONAL_DB_2026-09-06
5102,2834-AMG,,,Elsewhere / Sindbad,,https://leparfum.com.gr/en/niche-perfumes/2834-amg-n,,,,,ACTIVE_MASTER_V2,VERIFIED_OPERATIONAL_DB_2026-09-06
5103,2835-BORN,,,Purple-stain,,https://leparfum.com.gr/en/niche-perfumes/2835-born-n,,,,,ACTIVE_MASTER_V2,VERIFIED_OPERATIONAL_DB_2026-09-06
5104,2836-FRA,,,Madness,,https://leparfum.com.gr/en/niche-perfumes/2836-fra-n,,,,,ACTIVE_MASTER_V2,VERIFIED_OPERATIONAL_DB_2026-09-06
5105,2837-GUL,,,Scandal-pour-homme-elixir,,https://leparfum.com.gr/en/fragrances-for-men/2837-gul-mp,,,,,ACTIVE_MASTER_V2,VERIFIED_OPERATIONAL_DB_2026-09-06
5106,2838-JIM,,,I-want-choo-with-love-1,,https://leparfum.com.gr/en/fragrances-for-women/2838-jim-w,,,,,ACTIVE_MASTER_V2,VERIFIED_OPERATIONAL_DB_2026-09-06
5107,2839-JUL,,,Powder-love,,https://leparfum.com.gr/en/niche-perfumes/2839-jul-n,,,,,ACTIVE_MASTER_V2,VERIFIED_OPERATIONAL_DB_2026-09-06
5108,2840-KYLJ,,,Caramel-cloud,,https://leparfum.com.gr/en/fragrances-for-women/2840-kylj-w,,,,,ACTIVE_MASTER_V2,VERIFIED_OPERATIONAL_DB_2026-09-06
5109,2841-KYLJ,,,SWEET ECLAIRE,,https://leparfum.com.gr/en/fragrances-for-women/2841-kylj-w,,,,,ACTIVE_MASTER_V2,VERIFIED_OPERATIONAL_DB_2026-09-06
5110,2842-KYLJ,,,Vanilla-dew,,https://leparfum.com.gr/en/fragrances-for-women/2842-kylj-w,,,,,ACTIVE_MASTER_V2,VERIFIED_OPERATIONAL_DB_2026-09-06
5111,2843-LEL,,,Labdanum 18,,https://leparfum.com.gr/en/niche-perfumes/2843-lel-n,,,,,ACTIVE_MASTER_V2,VERIFIED_OPERATIONAL_DB_2026-09-06
5112,2844-LUS,,,Black Pearl,,https://leparfum.com.gr/en/elegants-fragrances/2844-lus,,,,,ACTIVE_MASTER_V2,VERIFIED_OPERATIONAL_DB_2026-09-06
5113,2845-LUS,,,We-believe-in-glinda,,https://leparfum.com.gr/en/elegants-fragrances/2845-lus,,,,,ACTIVE_MASTER_V2,VERIFIED_OPERATIONAL_DB_2026-09-06
5114,2846-MIN,,,Counterplay,,https://leparfum.com.gr/en/niche-perfumes/2846-min-n,,,,,ACTIVE_MASTER_V2,VERIFIED_OPERATIONAL_DB_2026-09-06
5115,2847-NISH,,,Hundred-silent-ways-x,,https://leparfum.com.gr/en/niche-perfumes/2847-nish-n,,,,,ACTIVE_MASTER_V2,VERIFIED_OPERATIONAL_DB_2026-09-06
5116,2848-PRFRO,,,Vanitas,,https://leparfum.com.gr/en/niche-perfumes/2848-prfro-n,,,,,ACTIVE_MASTER_V2,VERIFIED_OPERATIONAL_DB_2026-09-06
5117,2849-STE,,,Ruby Naga,,https://leparfum.com.gr/en/niche-perfumes/2849-ste-n,,,,,ACTIVE_MASTER_V2,VERIFIED_OPERATIONAL_DB_2026-09-06
2688,,,,Danat Al Duniya Eau de Parfum,,https://leparfum.com.gr/en/arabian-perfumes/danat-al-duniya-ajmal-perfume-type,,,,,ACTIVE_MASTER_V2,VERIFIED_OPERATIONAL_DB_2026-09-06
,-HUG,,,HUGO MAN,,,,,,,ACTIVE_MASTER_V2,VERIFIED_OPERATIONAL_DB_2026-09-06
,-VICT,,,ANGELS ONLY,,,,,,,ACTIVE_MASTER_V2,VERIFIED_OPERATIONAL_DB_2026-09-06
,ALH004,,,Dhahab,,https://leparfum.com.gr/en/al-haramain-oriental-perfumes/dhahab-al-haramain-perfumes-oil-15ml,,,,,ACTIVE_MASTER_V2,VERIFIED_OPERATIONAL_DB_2026-09-06
,ALH078,,,Amber Oud Gold Edition,,https://leparfum.com.gr/en/al-haramain-oriental-perfumes/al-haramain-amber-oud-gold-edition-60ml,,,,,ACTIVE_MASTER_V2,VERIFIED_OPERATIONAL_DB_2026-09-06
