prestashop_product_id,shobi_code,original_brand,original_perfume,old_fragrantica_id,new_fragrantica_id,fragrantica_url,result,providers,note
5083,2816-MOOD,Mood London,Blonde Maracuja Mood London,,,,UNRESOLVED,bing-rss:0|ddg-html:0|bing:0,no candidates
4785,2723-LTN,Louis Vuitton,Rhapsody,,68359,https://www.fragrantica.com/perfume/Louis-Vuitton/Rhapsody-68359.html,FOUND,bing-rss:0|ddg-html:1|bing:0,accepted score=1.000 margin=1.000
4654,2698-SOL,Sol de Janeiro,Beijos-de-sol,,,,UNRESOLVED,bing-rss:0|ddg-html:0|bing:0,no candidates
4653,2692-SOL,Sol de Janeiro,Cheirosa-87-rio-radiance-tan-lines,,,,UNRESOLVED,bing-rss:0|ddg-html:0|bing:0,no candidates
4651,2691-SOL,Sol de Janeiro,Cheirosa-39-coco-cabana-cheirosa-39,,,,UNRESOLVED,bing-rss:0|ddg-html:0|bing:0,no candidates
4650,2700-BLG,Bvlgari,Le-gemme-amunae,,,,UNRESOLVED,bing-rss:0|ddg-html:0|bing:0,no candidates
4649,2696-AMG,Amouage,Decision,,,,UNRESOLVED,bing-rss:0|ddg-html:0|bing:0,no candidates
4648,2689-LAT,Lattafa,Khamrah Qahwa Lattafa Perfumes,,,,UNRESOLVED,bing-rss:0|ddg-html:0|bing:0,no candidates
4647,2690-NISH,Nishane,Oudous-lux-solis,,,,UNRESOLVED,bing-rss:0|ddg-html:0|bing:0,no candidates
4646,2699-RIT,Rituals,Ayurveda Rituals,,,,UNRESOLVED,bing-rss:0|ddg-html:0|bing:0,no candidates
4645,2697-RIT,Rituals,Karma Rituals,,,,UNRESOLVED,bing-rss:0|ddg-html:0|bing:0,no candidates
4644,2687-GRIT,Gritti,Mango-aoud,,,,UNRESOLVED,bing-rss:1|ddg-html:0|bing:0,weak best=0.370 brand=1.000 perfume=0.000 second=0.000
4642,2702-DIP,Diptyque,Chantilly,,,,UNRESOLVED,bing-rss:0|ddg-html:0|bing:0,no candidates
4640,2701-DIP,Diptyque,Cafe Verlet,,,,UNRESOLVED,bing-rss:0|ddg-html:0|bing:0,no candidates
4639,2686-GIV,Givenchy,L-interdit-tubereuse-noire,,,,UNRESOLVED,bing-rss:0|ddg-html:0|bing:0,no candidates
4638,2685-FRAG,Fragrance Du Bois,Rude-cherry,,,,UNRESOLVED,bing-rss:0|ddg-html:0|bing:0,no candidates
4637,2684-CLIV,Clive Christian,Jump Up And Kiss Me Hedonistic (2021) Clive Christian,,,,UNRESOLVED,bing-rss:0|ddg-html:0|bing:0,no candidates
4623,1654-ACQ,Acqua di Parma,Colonia 1916,,,,UNRESOLVED,bing-rss:0|ddg-html:0|bing:0,no candidates
4593,2683-CLIV,Clive Christian,E-cashmere-musk,,,,UNRESOLVED,bing-rss:0|ddg-html:0|bing:0,no candidates
4592,2682-BDIK,BDK Parfums,Gris Charnel Eau de Parfum,,,,UNRESOLVED,bing-rss:0|ddg-html:0|bing:0,no candidates
4591,2681-ARB,Arabian Oud,Madawi-40-years-gold-edition,,,,UNRESOLVED,bing-rss:0|ddg-html:0|bing:0,no candidates
4590,2680-AMG,Amouage,Outlands,,97924,https://www.fragrantica.com/perfume/Amouage/Outlands-97924.html,FOUND,bing-rss:1|ddg-html:0|bing:0,accepted score=1.000 margin=1.000
4579,2679-CAR,Carolina Herrera,La-bomba,,105931,https://www.fragrantica.com/perfume/Carolina-Herrera/La-Bomba-105931.html,FOUND,bing-rss:1|ddg-html:0|bing:0,accepted score=1.000 margin=1.000
4539,2678-PARF,Parfums de Marly,Palatine,,,,UNRESOLVED,bing-rss:0|ddg-html:0|bing:0,no candidates
4528,2618-TMFO,Tom Ford,Bois-pacifique,,100411,https://www.fragrantica.com/perfume/Tom-Ford/Bois-Pacifique-100411.html,FOUND,bing-rss:1|ddg-html:0|bing:0,accepted score=1.000 margin=1.000
4527,2674-MICA,Martine Micallef,Note Poudree,,,,UNRESOLVED,bing-rss:0|ddg-html:0|bing:0,no candidates
4526,2673-ARB,Arabian Oud,Al-fareed,,,,UNRESOLVED,bing-rss:0|ddg-html:0|bing:0,no candidates
4525,2672-MEM,memo-paris,Abu-dhabi,,,,UNRESOLVED,bing-rss:0|ddg-html:0|bing:0,no candidates
4524,2671-KIL,Kilian,Cruel Intentions,,,,UNRESOLVED,bing-rss:0|ddg-html:0|bing:0,no candidates
4523,2670-CRD,Creed,Eladaria,,,,UNRESOLVED,bing-rss:0|ddg-html:0|bing:0,no candidates
4522,2659-MNT,Montale,Sensual Instinct,,,,UNRESOLVED,bing-rss:0|ddg-html:0|bing:0,no candidates
4521,2657-CRD,Creed,Fragaria,,,,UNRESOLVED,bing-rss:0|ddg-html:0|bing:0,no candidates
4520,2656-LAN,Lancome,Idole-power,,,,UNRESOLVED,bing-rss:0|ddg-html:0|bing:0,no candidates
4519,2655-MNT,Montale,Dallachai,,,,UNRESOLVED,bing-rss:0|ddg-html:0|bing:0,no candidates
4518,2654-KUR,Maison Francis Kurkdjian,Kurky-eau-de-,,,,UNRESOLVED,bing-rss:0|ddg-html:0|bing:0,no candidates
4517,2653-YZLO,Yves Saint Laurent,Black-opium-eau-de-parfum-glitter,,,,UNRESOLVED,bing-rss:0|ddg-html:0|bing:0,no candidates
4492,1145-GUC,Gucci,Gucci Pour Homme 2003,,,,UNRESOLVED,bing-rss:0|ddg-html:0|bing:0,no candidates
4491,2637-HARM,The Harmonist,Sacred Water,,,,UNRESOLVED,bing-rss:0|ddg-html:0|bing:0,no candidates
4490,2646-PEN,Penhaligons,The Dandy,,,,UNRESOLVED,bing-rss:0|ddg-html:0|bing:0,no candidates
4489,2645-LTN,Louis Vuitton,eLVes,,,,UNRESOLVED,bing-rss:0|ddg-html:0|bing:0,no candidates
4488,2644-PAZZ,lorenzo-pazzaglia,Summer-hammer,,81476,https://www.fragrantica.com/perfume/Lorenzo-Pazzaglia/Summer-Hammer-81476.html,FOUND,bing-rss:1|ddg-html:0|bing:0,accepted score=1.000 margin=1.000
4487,2643-LEL,Le Labo,Iris 39,,6336,https://www.fragrantica.com/perfume/Le-Labo/Iris-39-6336.html,FOUND,bing-rss:1|ddg-html:0|bing:0,accepted score=1.000 margin=1.000
4486,2458-LTN,Louis Vuitton,LV Lovers,,,,UNRESOLVED,bing-rss:0|ddg-html:0|bing:0,no candidates
4485,2615-ARMA,Armaf,Odyssey-dubai-chocolat,,,,UNRESOLVED,bing-rss:0|ddg-html:0|bing:0,no candidates
4484,2648-FUGA,Fugazzi,Vanilla Haze Eau de Parfum,,,,UNRESOLVED,bing-rss:0|ddg-html:0|bing:0,no candidates
4483,2658-CHA,Chanel,Sycomore-,,,,UNRESOLVED,bing-rss:0|ddg-html:0|bing:0,no candidates
4482,2616-TMU,mugler,Alien-extraintense,,,,UNRESOLVED,bing-rss:0|ddg-html:0|bing:0,no candidates
4481,2619-DRC,Dior,Homme Parfum 2025,,,,UNRESOLVED,bing-rss:0|ddg-html:0|bing:0,no candidates
4480,2617-DOL,Dolce & Gabbana,Devotion Pour Homme,,,,UNRESOLVED,bing-rss:0|ddg-html:0|bing:0,no candidates
4479,2622-PHL,Phlur,Vanilla-skin-eau-de-,,,,UNRESOLVED,bing-rss:0|ddg-html:0|bing:0,no candidates
4478,2621-CHAR,Charlotte Tilbury,More-sex,,,,UNRESOLVED,bing-rss:0|ddg-html:0|bing:0,no candidates
4444,2649-BORN,Borntostandout,Naked Laundry,,,,UNRESOLVED,bing-rss:0|ddg-html:0|bing:0,no candidates
4443,2620-CHAR,Charlotte Tilbury,Cosmic-power,,,,UNRESOLVED,bing-rss:0|ddg-html:0|bing:0,no candidates
4438,2647-LTN,Louis Vuitton,Symphony,,,,UNRESOLVED,bing-rss:0|ddg-html:ERR:HTTPError|bing:0,no candidates
4436,2623-NES,Nest,Santa-barbara-strawberry-eau-de-,,,,UNRESOLVED,bing-rss:0|ddg-html:ERR:HTTPError|bing:0,no candidates
4435,2614-AMG,Amouage,Guidance 46 Amouagee,,,,UNRESOLVED,bing-rss:0|ddg-html:ERR:HTTPError|bing:0,no candidates
4434,2624-BLG,Bvlgari,Rock-n-rome,,,,UNRESOLVED,bing-rss:0|ddg-html:ERR:HTTPError|bing:0,no candidates
4433,2626-JOM,Jo Malone,English Oak  Redcurrant,,,,UNRESOLVED,bing-rss:0|ddg-html:ERR:HTTPError|bing:0,no candidates
4432,2625-GUR,Guerlain,L Instant De Guerlain Pour Homme,,,,UNRESOLVED,bing-rss:0|ddg-html:ERR:HTTPError|bing:0,no candidates
4431,2633-KUR,Maison Francis Kurkdjian,Petit Matin,,,,UNRESOLVED,bing-rss:0|ddg-html:ERR:HTTPError|bing:0,no candidates
4430,2611-KAY,Kayali,Elixir 11 Kayali Fragrances,,,,UNRESOLVED,bing-rss:0|ddg-html:ERR:HTTPError|bing:0,no candidates
4429,2613-SOS,Sospiro,Vibrato Sospiro Perfume,,,,UNRESOLVED,bing-rss:1|ddg-html:ERR:HTTPError|bing:0,weak best=0.668 brand=1.000 perfume=0.500 second=0.000
4428,2612-LUS,Lush,Sticky Dates Lush,,,,UNRESOLVED,bing-rss:0|ddg-html:ERR:HTTPError|bing:0,no candidates
4426,2599-ACQ,Acqua di Parma,Sandalo-eau-de-,,,,UNRESOLVED,bing-rss:0|ddg-html:ERR:HTTPError|bing:0,no candidates
4425,2598-GLO,Glossier,You,,46885,https://www.fragrantica.com/perfume/Glossier/You-46885.html,FOUND,bing-rss:1|ddg-html:ERR:HTTPError|bing:0,accepted score=1.000 margin=1.000
4424,2641-LAT,Lattafa,Eclaire Lattafa Perfumes,,,,UNRESOLVED,bing-rss:0|ddg-html:ERR:HTTPError|bing:0,no candidates
4423,2630-SOS,Sospiro,Erba-pura-magica,,,,UNRESOLVED,bing-rss:1|ddg-html:ERR:HTTPError|bing:0,weak best=0.402 brand=1.000 perfume=0.000 second=0.000
4422,2627-LTN,Louis Vuitton,Météore,,,,UNRESOLVED,bing-rss:0|ddg-html:ERR:HTTPError|bing:0,no candidates
4421,2608-KIL,Kilian,A Taste Of Heaven,,,,UNRESOLVED,bing-rss:0|ddg-html:ERR:HTTPError|bing:0,no candidates
4420,2609-TMFO,Tom Ford,Opaline Hyacinth,,,,UNRESOLVED,bing-rss:0|ddg-html:ERR:HTTPError|bing:0,no candidates
4419,2605-ARM,Giorgio Armani,Figuier Eden,,,,UNRESOLVED,bing-rss:0|ddg-html:ERR:HTTPError|bing:0,no candidates
4418,2610-JUL,Juliette Has a Gun,Not-a-perfume-superdose,,,,UNRESOLVED,bing-rss:0|ddg-html:ERR:HTTPError|bing:0,no candidates
4417,2632-BDIK,BDK Parfums,Velvet Tonka Eau de Parfum,,,,UNRESOLVED,bing-rss:0|ddg-html:ERR:HTTPError|bing:0,no candidates
4416,2629-PEN,Penhaligons,Sports-car-club,,,,UNRESOLVED,bing-rss:0|ddg-html:ERR:HTTPError|bing:0,no candidates
4415,2628-PEN,Penhaligons,Roaring-radcliff,,,,UNRESOLVED,bing-rss:0|ddg-html:ERR:HTTPError|bing:0,no candidates
4414,2631-TMFO,Tom Ford,Black-lacquer,,,,UNRESOLVED,bing-rss:0|ddg-html:ERR:HTTPError|bing:0,no candidates
4413,2639-TRU,Trussardi,Trussardi-donna-pink-marina,,,,UNRESOLVED,bing-rss:0|ddg-html:ERR:HTTPError|bing:0,no candidates
4412,2636-YZLO,Yves Saint Laurent,Black Opium Baby Cat Collector,,,,UNRESOLVED,bing-rss:0|ddg-html:ERR:HTTPError|bing:0,no candidates
4411,2635-SOL,Sol de Janeiro,Cheirosa-76-after-hours,,,,UNRESOLVED,bing-rss:0|ddg-html:ERR:HTTPError|bing:0,no candidates
4410,2634-NRO,Narciso Rodriguez,Essence,,,,UNRESOLVED,bing-rss:1|ddg-html:ERR:HTTPError|bing:0,weak best=0.379 brand=1.000 perfume=0.000 second=0.000
4409,2638-KEN,Kenzo,Jungle Le Tigre,,,,UNRESOLVED,bing-rss:0|ddg-html:ERR:HTTPError|bing:0,no candidates
4408,2640-CRD,Creed,Delphinus,,,,UNRESOLVED,bing-rss:0|ddg-html:ERR:HTTPError|bing:0,no candidates
4407,2642-CRD,Creed,Centaurus,,95601,https://www.fragrantica.com/perfume/Creed/Centaurus-95601.html,FOUND,bing-rss:1|ddg-html:ERR:HTTPError|bing:0,accepted score=1.000 margin=1.000
4406,2603-JUL,Juliette Has a Gun,Lust-for-sun,,,,UNRESOLVED,bing-rss:0|ddg-html:ERR:HTTPError|bing:0,no candidates
4395,2575-XER,Xerjoff,Deified Tony Iommi Parfum,,,,UNRESOLVED,bing-rss:0|ddg-html:ERR:HTTPError|bing:0,no candidates
4392,2607-TMU,mugler,Angel Eau Croisiere,,,,UNRESOLVED,bing-rss:0|ddg-html:ERR:HTTPError|bing:0,no candidates
4391,2602-TMU,mugler,Angel Garden Of Stars - Violette Angel,,,,UNRESOLVED,bing-rss:0|ddg-html:ERR:HTTPError|bing:0,no candidates
4390,2601-TMU,mugler,Angel Passion Star,,,,UNRESOLVED,bing-rss:0|ddg-html:ERR:HTTPError|bing:0,no candidates
4389,2600-TMU,mugler,Angel Lily,,,,UNRESOLVED,bing-rss:0|ddg-html:ERR:HTTPError|bing:0,no candidates
4388,2375-ESC,Escada,Brisa Cubana Escada,,,,UNRESOLVED,bing-rss:0|ddg-html:ERR:HTTPError|bing:0,no candidates
4387,1702-KUR,Maison Francis Kurkdjian,Oud,,,,UNRESOLVED,bing-rss:0|ddg-html:ERR:HTTPError|bing:0,no candidates
4385,2438-KYLJ,kylie-cosmetics,Cosmic-kylie-jenner-eau-de-,,,,UNRESOLVED,bing-rss:0|ddg-html:ERR:HTTPError|bing:0,no candidates
4375,2562-JUSB,Jusbox,Beat Cafe,,,,UNRESOLVED,bing-rss:0|ddg-html:ERR:HTTPError|bing:0,no candidates
4374,2560-JUSB,Jusbox,Siren-amp-sailors,,,,UNRESOLVED,bing-rss:0|ddg-html:ERR:HTTPError|bing:0,no candidates
4373,2555-BON,Bond No 9,Tribeca,,,,UNRESOLVED,bing-rss:0|ddg-html:ERR:HTTPError|bing:0,no candidates
4372,2583-INI,Initio,Paragon Initio Parfums,,,,UNRESOLVED,bing-rss:0|ddg-html:ERR:HTTPError|bing:0,no candidates
4371,2582-PIER,Pierre Balmain,Carbone Pierre Balmain type,,,,UNRESOLVED,bing-rss:0|ddg-html:ERR:HTTPError|bing:0,no candidates
4370,2581-GUR,Guerlain,Vanille-planifolia-extrait-21,,,,UNRESOLVED,bing-rss:0|ddg-html:ERR:HTTPError|bing:0,no candidates
4369,2584-GIV,Givenchy,Eau de,,,,UNRESOLVED,bing-rss:0|ddg-html:ERR:HTTPError|bing:0,no candidates
4368,2585-SOL,Sol de Janeiro,Summer-e-amor,,,,UNRESOLVED,bing-rss:0|ddg-html:ERR:HTTPError|bing:0,no candidates
4367,2586-DIP,Diptyque,Biscuit DIP,,,,UNRESOLVED,bing-rss:0|ddg-html:ERR:HTTPError|bing:0,no candidates
4366,2587-MAR,Marc Jacobs,Daisy Dream Sunshine,,,,UNRESOLVED,bing-rss:0|ddg-html:ERR:HTTPError|bing:0,no candidates
4365,2553-BON,Bond No 9,Andy Warhol,,,,UNRESOLVED,bing-rss:0|ddg-html:ERR:HTTPError|bing:0,no candidates
4363,2529-VER,Versace,L'Homme Eau de Toilette (Eau de Toilette),,,,UNRESOLVED,bing-rss:0|ddg-html:ERR:HTTPError|bing:0,no candidates
4362,2537-DRC,Dior,Miss Parfum (2024),,,,UNRESOLVED,bing-rss:0|ddg-html:ERR:HTTPError|bing:0,no candidates
4361,2535-DRC,Dior,J'adore L'Or (2023),,,,UNRESOLVED,bing-rss:0|ddg-html:ERR:HTTPError|bing:0,no candidates
4360,2533-RAL,Ralph Lauren,Safari,,,,UNRESOLVED,bing-rss:0|ddg-html:ERR:HTTPError|bing:0,no candidates
4359,2580-KAY,Kayali,Yum Boujee Marshmallow | 81 Kayali Fragrances,,,,UNRESOLVED,bing-rss:0|ddg-html:ERR:RemoteDisconnected|bing:0,no candidates
4358,2579-SOS,Sospiro,Maraschino Sospiro Perfumes,,,,UNRESOLVED,bing-rss:1|ddg-html:ERR:URLError|bing:0,weak best=0.385 brand=1.000 perfume=0.000 second=0.000
4357,2578-DON,DKNY,Dkny-24-7,,,,UNRESOLVED,bing-rss:0|ddg-html:ERR:URLError|bing:0,no candidates
4356,2577-DOL,Dolce Gabbana,Devotion-eau-de-parfum-intense,,,,UNRESOLVED,bing-rss:0|ddg-html:ERR:URLError|bing:0,no candidates
4355,2576-TMFO,Tom Ford,Eau-d-ombre-leather,,,,UNRESOLVED,bing-rss:0|ddg-html:ERR:URLError|bing:0,no candidates
4353,2574-MEM,memo-paris,Cappadocia,,,,UNRESOLVED,bing-rss:0|ddg-html:ERR:URLError|bing:0,no candidates
4352,2573-KAY,Kayali,Maldives in a Bottle Ylang Coco | 20 Eau de Parfum Kayali Fragrances,,,,UNRESOLVED,bing-rss:0|ddg-html:ERR:URLError|bing:0,no candidates
4351,2572-KUR,Maison Francis Kurkdjian,APOM Eau de Parfum,,,,UNRESOLVED,bing-rss:0|ddg-html:ERR:URLError|bing:0,no candidates
4350,2597-TMFO,Tom Ford,Amber-intrigue,,,,UNRESOLVED,bing-rss:0|ddg-html:ERR:URLError|bing:0,no candidates
4349,2596-PEN,Penhaligons,Halfeti-cedar,,,,UNRESOLVED,bing-rss:0|ddg-html:ERR:URLError|bing:0,no candidates
4348,2595-INI,Initio,Mystic Experience Initio Parfums,,,,UNRESOLVED,bing-rss:0|ddg-html:ERR:URLError|bing:0,no candidates
4347,2594-HUG,Hugo Boss,Boss Bottled Oud Saffron,,,,UNRESOLVED,bing-rss:0|ddg-html:ERR:URLError|bing:0,no candidates
4346,2593-HUG,Hugo Boss,Boss-bottled-elixir,,,,UNRESOLVED,bing-rss:0|ddg-html:ERR:URLError|bing:0,no candidates
4345,2592-GOLD,Goldfield & Banks,Pacific Rock Moss Goldfield & Banks Australia,,,,UNRESOLVED,bing-rss:0|ddg-html:ERR:URLError|bing:0,no candidates
4344,2591-CRD,Creed,Acqua Fiorentina,,,,UNRESOLVED,bing-rss:0|ddg-html:ERR:URLError|bing:0,no candidates
4343,2590-BYRP,Byron Parfums,Mula-mula-rouge-extreme,,,,UNRESOLVED,bing-rss:0|ddg-html:ERR:URLError|bing:0,no candidates
4342,2589-BYRP,Byron Parfums,Mula-mula-double-caramel,,,,UNRESOLVED,bing-rss:0|ddg-html:ERR:URLError|bing:0,no candidates
4341,2588-BLG,Bvlgari,Le Gemme  Onekh,,,,UNRESOLVED,bing-rss:0|ddg-html:ERR:URLError|bing:0,no candidates
4340,2568-GIV,Givenchy,L-interdit-eau-de-parfum-rouge-ultime,,,,UNRESOLVED,bing-rss:0|ddg-html:ERR:URLError|bing:0,no candidates
4339,2566-VER,Versace,Eros-energy,,92647,https://www.fragrantica.com/perfume/Versace/Eros-Energy-92647.html,FOUND,bing-rss:1|ddg-html:ERR:URLError|bing:0,accepted score=1.000 margin=1.000
4338,2565-GUC,Gucci,Guilty-elixir-de-parfum-pour-homme,,,,UNRESOLVED,bing-rss:0|ddg-html:ERR:URLError|bing:0,no candidates
4337,2561-SOM,somens,Capriccio,,,,UNRESOLVED,bing-rss:0|ddg-html:ERR:URLError|bing:0,no candidates
4336,2551-PAR,paris-corner,Khair-fusion-eau-de-,,,,UNRESOLVED,bing-rss:0|ddg-html:ERR:URLError|bing:0,no candidates
4333,2544-ACQ,Acqua di Parma,Magnolia Nobile,,,,UNRESOLVED,bing-rss:0|ddg-html:ERR:URLError|bing:0,no candidates
4332,2543-HUG,Hugo Boss,The-scent-magnetic-for-him,,,,UNRESOLVED,bing-rss:0|ddg-html:ERR:URLError|bing:0,no candidates
4331,2527-GUR,Guerlain,Angelique Noire,,,,UNRESOLVED,bing-rss:0|ddg-html:ERR:URLError|bing:0,no candidates
4330,2525-CAR,Carolina Herrera,Good-girl-eau-de-parfum-supreme,,,,UNRESOLVED,bing-rss:0|ddg-html:ERR:URLError|bing:0,no candidates
4329,2523-KIL,Kilian,Sacred Wood,,,,UNRESOLVED,bing-rss:0|ddg-html:ERR:URLError|bing:0,no candidates
4328,2548-RIT,Rituals,Hammam Rituals,,,,UNRESOLVED,bing-rss:0|ddg-html:ERR:URLError|bing:0,no candidates
4327,2547-KUR,Maison Francis Kurkdjian,Aqua Universalis Eau de Toilette,,,,UNRESOLVED,bing-rss:0|ddg-html:ERR:URLError|bing:0,no candidates
4326,2516-GUL,Jean Paul Gaultier,Scandal-pour-homme-absolu,,,,UNRESOLVED,bing-rss:0|ddg-html:ERR:URLError|bing:0,no candidates
4325,2510-ONE,One Direction,Our-moment-eau-de-,,,,UNRESOLVED,bing-rss:0|ddg-html:ERR:URLError|bing:0,no candidates
4324,2508-DRC,Dior,Gris,,,,UNRESOLVED,bing-rss:0|ddg-html:ERR:URLError|bing:0,no candidates
4323,2502-MATIE,matiere-premiere,Parisian-musc,,,,UNRESOLVED,bing-rss:0|ddg-html:ERR:URLError|bing:0,no candidates
4322,2498-TOUZ,Tous,Baby Tous,,,,UNRESOLVED,bing-rss:0|ddg-html:ERR:URLError|bing:0,no candidates
4321,2487-PEN,Penhaligons,Terrible-teddy,,,,UNRESOLVED,bing-rss:0|ddg-html:ERR:URLError|bing:0,no candidates
4305,1194-KIL,Kilian,Gold Knight,,,,UNRESOLVED,bing-rss:0|ddg-html:ERR:URLError|bing:0,no candidates
4304,2380-CAR,Carolina Herrera,Very-good-girl-glam,,,,UNRESOLVED,bing-rss:0|ddg-html:ERR:URLError|bing:0,no candidates
4303,2526-KAY,Kayali,Capri in a Bottle Lemon Sugar | 14 Eau de Parfum by Kayali Fragrances,,,,UNRESOLVED,bing-rss:0|ddg-html:ERR:URLError|bing:0,no candidates
4289,2524-KAY,Kayali,Marrakesh in a Bottle Orange Blossom 24,,,,UNRESOLVED,bing-rss:0|ddg-html:ERR:URLError|bing:0,no candidates
4288,2559-LAT,Lattafa,Ra'ed Silver Lattafa Perfumes,,,,UNRESOLVED,bing-rss:0|ddg-html:ERR:URLError|bing:0,no candidates
4286,2554-JOM,Jo Malone,Orange-marmalade-orange-peel,,,,UNRESOLVED,bing-rss:0|ddg-html:ERR:URLError|bing:0,no candidates
4285,2556-LAT,Lattafa,Yara Moi Lattafa Perfumes,,,,UNRESOLVED,bing-rss:0|ddg-html:ERR:URLError|bing:0,no candidates
4284,2557-ARIA,Ariana Grande,God-is-a-woman-eau-de-,,,,UNRESOLVED,bing-rss:0|ddg-html:ERR:URLError|bing:0,no candidates
4283,2567-SOL,Sol de Janeiro,Cheirosa-71,,,,UNRESOLVED,bing-rss:0|ddg-html:ERR:URLError|bing:0,no candidates
4281,2546-MEM,memo-paris,Moroccan-leather,,,,UNRESOLVED,bing-rss:0|ddg-html:ERR:URLError|bing:0,no candidates
4280,2545-MEM,memo-paris,Kedu-sesame,,,,UNRESOLVED,bing-rss:0|ddg-html:ERR:URLError|bing:0,no candidates
4279,2536-PRA,Prada,Paradoxe-virtual-flower,,,,UNRESOLVED,bing-rss:0|ddg-html:ERR:URLError|bing:0,no candidates
4278,2569-GOLD,Goldfield & Banks,Ingenious Ginger Goldfield & Banks Australia,,,,UNRESOLVED,bing-rss:0|ddg-html:ERR:URLError|bing:0,no candidates
4277,2571-GOLD,Goldfield & Banks,Silky Woods Goldfield & Banks Australia,,,,UNRESOLVED,bing-rss:0|ddg-html:ERR:URLError|bing:0,no candidates
4274,2563-TMFO,Tom Ford,Rose-exposed,,,,UNRESOLVED,bing-rss:0|ddg-html:ERR:URLError|bing:0,no candidates
4273,2558-LAT,Lattafa,Bade'e Al Oud Sublime Lattafa Perfumes,,,,UNRESOLVED,bing-rss:0|ddg-html:ERR:URLError|bing:0,no candidates
4272,2570-JOM,Jo Malone,English-pear-sweet-pea-,,,,UNRESOLVED,bing-rss:0|ddg-html:ERR:URLError|bing:0,no candidates
4270,2550-ARM,Giorgio Armani,Emporio-armani-stronger-with-you-tobacco,,,,UNRESOLVED,bing-rss:0|ddg-html:ERR:URLError|bing:0,no candidates
4269,2549-MARC,Marc Antoine Barrois,Tilia,,,,UNRESOLVED,bing-rss:0|ddg-html:ERR:URLError|bing:0,no candidates
4264,2534-ARM,Giorgio Armani,Sensi,,,,UNRESOLVED,bing-rss:0|ddg-html:ERR:URLError|bing:0,no candidates
4263,2564-NRO,Narciso Rodriguez,For-her-musc-nude,,,,UNRESOLVED,bing-rss:1|ddg-html:ERR:URLError|bing:0,weak best=0.367 brand=1.000 perfume=0.000 second=0.000
4262,2485-ETLR,Etat Libre d Orange,The-ghost-in-the-shell-1,,,,UNRESOLVED,bing-rss:0|ddg-html:ERR:URLError|bing:0,no candidates
4261,2528-JER,Jeroboam,Gozo,,,,UNRESOLVED,bing-rss:0|ddg-html:ERR:URLError|bing:0,no candidates
4260,2542-FUR,Furla,Autentica Furla for women,,,,UNRESOLVED,bing-rss:0|ddg-html:ERR:URLError|bing:0,no candidates
4259,2531-CAR,Carolina Herrera,Bad-boy-cobalt-elixir,,,,UNRESOLVED,bing-rss:0|ddg-html:ERR:URLError|bing:0,no candidates
4258,2532-PRA,Prada,Cargo-de-nuit,,,,UNRESOLVED,bing-rss:0|ddg-html:ERR:URLError|bing:0,no candidates
4257,2539-CRIVEL,Maison Crivelli,Tubereuse-astrale,,,,UNRESOLVED,bing-rss:0|ddg-html:ERR:URLError|bing:0,no candidates
4256,2538-GUL,Jean Paul Gaultier,Le-male-lover,,,,UNRESOLVED,bing-rss:0|ddg-html:ERR:URLError|bing:0,no candidates
4255,2520-PEN,Penhaligon's,Empressa Eau de Parfum,,,,UNRESOLVED,bing-rss:0|ddg-html:ERR:URLError|bing:0,no candidates
4254,2521-SOL,Sol de Janeiro,Carioca-crush,,,,UNRESOLVED,bing-rss:0|ddg-html:ERR:URLError|bing:0,no candidates
4253,2540-COM,Comme des Garons,Concrete,,,,UNRESOLVED,bing-rss:0|ddg-html:ERR:URLError|bing:0,no candidates
4252,2541-STE,Stephane Humbert Lucas,God-of-fire,,,,UNRESOLVED,bing-rss:0|ddg-html:ERR:URLError|bing:0,no candidates
4251,2481-MARG,Maison Margiela,When-the-rain-stops-1,,,,UNRESOLVED,bing-rss:0|ddg-html:ERR:URLError|bing:0,no candidates
4250,2478-MARG,Maison Margiela,Untitled,,,,UNRESOLVED,bing-rss:0|ddg-html:ERR:URLError|bing:0,no candidates
4247,2477-MARG,Maison Margiela,Whispers-in-the-library,,,,UNRESOLVED,bing-rss:0|ddg-html:ERR:URLError|bing:0,no candidates
4246,2476-MARG,Maison Margiela,At-the-barber-s,,,,UNRESOLVED,bing-rss:0|ddg-html:ERR:URLError|bing:0,no candidates
4245,2522-VIC,Viktor Rolf,Spicebomb-dark-leather,,,,UNRESOLVED,bing-rss:0|ddg-html:ERR:URLError|bing:0,no candidates
4244,2519-MNT,Montale,Starry Nights,,,,UNRESOLVED,bing-rss:0|ddg-html:ERR:URLError|bing:0,no candidates
4243,2517-MNTB,Montblanc,Legend-blue,,,,UNRESOLVED,bing-rss:0|ddg-html:ERR:URLError|bing:0,no candidates
4242,2494-BYR,Byredo,Super Cedar,,35530,https://www.fragrantica.com/perfume/Byredo/Super-Cedar-35530.html,FOUND,bing-rss:1|ddg-html:ERR:URLError|bing:0,accepted score=1.000 margin=1.000
4241,2493-SERG,Serge Lutens,Nuit De Cellophane,,,,UNRESOLVED,bing-rss:0|ddg-html:ERR:URLError|bing:0,no candidates
4240,2492-ETLR,Etat Libre d Orange,You-or-someone-like-you,,,,UNRESOLVED,bing-rss:0|ddg-html:ERR:URLError|bing:0,no candidates
4239,2490-MARG,Maison Margiela,On-a-date-1,,,,UNRESOLVED,bing-rss:0|ddg-html:ERR:URLError|bing:0,no candidates
4238,2489-KKWI,KKW Fragrance,Red Lips,,,,UNRESOLVED,bing-rss:0|ddg-html:ERR:URLError|bing:0,no candidates
4237,2488-ANN,Anna Sui,Fantasia Mermaid,,,,UNRESOLVED,bing-rss:0|ddg-html:ERR:URLError|bing:0,no candidates
4236,2486-MA,MAC,Velvet Teddy MAC,,,,UNRESOLVED,bing-rss:0|ddg-html:ERR:URLError|bing:0,no candidates
4233,2480-JUL,Juliette Has a Gun,Anyway,,,,UNRESOLVED,bing-rss:0|ddg-html:ERR:URLError|bing:0,no candidates
4232,2479-PHL,Phlur,Father-figure,,83775,https://www.fragrantica.com/perfume/Phlur/Father-Figure-83775.html,FOUND,bing-rss:1|ddg-html:ERR:URLError|bing:0,accepted score=1.000 margin=1.000
4231,2503-JUL,Juliette Has a Gun,Mad Madame,,,,UNRESOLVED,bing-rss:0|ddg-html:ERR:URLError|bing:0,no candidates
4230,2504-JUL,Juliette Has a Gun,Moscow Mule,,,,UNRESOLVED,bing-rss:0|ddg-html:ERR:URLError|bing:0,no candidates
4229,2505-JACFAT,Jacques Fath,Curacao-bay,,,,UNRESOLVED,bing-rss:0|ddg-html:ERR:URLError|bing:0,no candidates
4228,2511-CHA,Chanel,Comete,,,,UNRESOLVED,bing-rss:0|ddg-html:ERR:URLError|bing:0,no candidates
4227,2506-XER,Xerjoff,Muse,,,,UNRESOLVED,bing-rss:0|ddg-html:ERR:URLError|bing:0,no candidates
4226,2512-BRB,Burberry,Goddess-eau-de-parfum-intense,,,,UNRESOLVED,bing-rss:0|ddg-html:ERR:URLError|bing:0,no candidates
4224,2515-LAN,Lancome,LA VIE EST BELLE L'ELIXIR,,,,UNRESOLVED,bing-rss:0|ddg-html:ERR:URLError|bing:0,no candidates
4223,2501-LOE,Loewe,Agua Miami,,,,UNRESOLVED,bing-rss:0|ddg-html:ERR:URLError|bing:0,no candidates
4222,2500-BRB,Burberry,Baby Touch,,,,UNRESOLVED,bing-rss:0|ddg-html:ERR:URLError|bing:0,no candidates
4221,2475-DIP,Diptyque,Tempo,,48680,https://www.fragrantica.com/perfume/Diptyque/Tempo-Eau-de-Parfum-48680.html,FOUND,bing-rss:1|ddg-html:ERR:URLError|bing:0,accepted score=0.883 margin=0.883
4220,2484-ETLR,Etat Libre d Orange,THE AFTERNOON OF A FAUN by ETAT LIBRE D'ORANGE,,,,UNRESOLVED,bing-rss:0|ddg-html:ERR:URLError|bing:0,no candidates
4219,2495-ETLR,Etat Libre d Orange,I AM TRASH - LES FLEURS DU DECHET by ETAT LIBRE D'ORANGE,,,,UNRESOLVED,bing-rss:0|ddg-html:ERR:URLError|bing:0,no candidates
4218,2496-SERG,Serge Lutens,LA RELIGIEUSE by SERGE LUTENS,,,,UNRESOLVED,bing-rss:0|ddg-html:ERR:URLError|bing:0,no candidates
4217,2507-SERG,Serge Lutens,FIVE O CLOCK AU GINGEMBRE by SERGE LUTENS,,,,UNRESOLVED,bing-rss:0|ddg-html:ERR:URLError|bing:0,no candidates
4216,2518-MATAH,maison-mataha,Escapade-gourmande,,72607,https://www.fragrantica.com/perfume/Maison-Mataha/Escapade-Gourmande-72607.html,FOUND,bing-rss:4,accepted score=1.000 margin=0.588
4215,,Dior,Sauvage-eau-forte,,,,UNRESOLVED,bing-rss:0|ddg-html:ERR:URLError|bing:0,no candidates
4214,2513-PAC,Rabanne,Million Gold,,,,UNRESOLVED,bing-rss:0|ddg-html:ERR:URLError|bing:0,no candidates
4213,2509-CRIVEL,Maison Crivelli,Oud-maracuja,,,,UNRESOLVED,bing-rss:0|ddg-html:ERR:URLError|bing:0,no candidates
4212,2491-LEL,Le Labo,Baie-19,,,,UNRESOLVED,bing-rss:0|ddg-html:ERR:URLError|bing:0,no candidates
4211,2497-XER,Xerjoff,Wardasina,,,,UNRESOLVED,bing-rss:0|ddg-html:ERR:URLError|bing:0,no candidates
4210,2474-XER,Xerjoff,Dama Bianca,,,,UNRESOLVED,bing-rss:0|ddg-html:ERR:URLError|bing:0,no candidates
4209,2499-VICT,Victoria s Secret,Fresh-snowfall,,,,UNRESOLVED,bing-rss:0|ddg-html:ERR:URLError|bing:0,no candidates
4208,2473-HER,Hermes,Barenia-eau-de-,,,,UNRESOLVED,bing-rss:0|ddg-html:ERR:URLError|bing:0,no candidates
4207,2470-KAY,Kayali,Maui-in-a-bottle-sweet-banana-37,,,,UNRESOLVED,bing-rss:0|ddg-html:ERR:URLError|bing:0,no candidates
4206,2471-SOS,Sospiro,Pasticcio,,,,UNRESOLVED,bing-rss:1|ddg-html:ERR:URLError|bing:0,weak best=0.425 brand=1.000 perfume=0.000 second=0.000
4205,2472-VIC,Viktor Rolf,Good-fortune,,,,UNRESOLVED,bing-rss:0|ddg-html:ERR:URLError|bing:0,no candidates
4204,2469-ROJ,Roja Parfums,AMBER AOUD - ROJA DOVE,,,,UNRESOLVED,bing-rss:0|ddg-html:ERR:URLError|bing:0,no candidates
4203,2468-ESPAR,Essential Parfums,Bois Impérial,,,,UNRESOLVED,bing-rss:0|ddg-html:ERR:URLError|bing:0,no candidates
4202,2467-NISH,Nishane,Ege,,,,UNRESOLVED,bing-rss:0|ddg-html:ERR:URLError|bing:0,no candidates
4201,2462-YZLO,Yves Saint Laurent,Libre-flowers-flames,,,,UNRESOLVED,bing-rss:0|ddg-html:ERR:URLError|bing:0,no candidates
4200,2463-GUC,Gucci,Flora-gorgeous-orchid,,,,UNRESOLVED,bing-rss:0|ddg-html:ERR:URLError|bing:0,no candidates
4199,2465-PAC,Rabanne,Strong Me,,,,UNRESOLVED,bing-rss:0|ddg-html:ERR:URLError|bing:0,no candidates
4198,2464-ZAD,Zadig  Voltaire,This-is-really-him,,,,UNRESOLVED,bing-rss:0|ddg-html:ERR:URLError|bing:0,no candidates
4191,2466-ELIZ,Elizabeth Arden,White Tea,,42439,https://www.fragrantica.com/perfume/Elizabeth-Arden/White-Tea-42439.html,FOUND,bing-rss:2|ddg-html:ERR:URLError|bing:0,accepted score=1.000 margin=0.087
4190,2459-MAN,Mancera,Saharian-wind,,,,UNRESOLVED,bing-rss:0|ddg-html:ERR:URLError|bing:0,no candidates
4189,2460-PAC,Rabanne,Olympea-,,,,UNRESOLVED,bing-rss:0|ddg-html:ERR:URLError|bing:0,no candidates
4188,2461-BOD,The Body Shop,Black-musk-night-bloom-eau-de-toilette,,,,UNRESOLVED,bing-rss:0|ddg-html:ERR:URLError|bing:0,no candidates
4187,2456-PAC,Rabanne,Million-gold,,,,UNRESOLVED,bing-rss:0|ddg-html:ERR:URLError|bing:0,no candidates
4186,2455-YZLO,Yves Saint Laurent,Black-opium-eau-de-parfum-over-red,,,,UNRESOLVED,bing-rss:0|ddg-html:ERR:URLError|bing:0,no candidates
4185,2454-KIL,Kilian,Can-t-stop-loving-you,,,,UNRESOLVED,bing-rss:0|ddg-html:ERR:URLError|bing:0,no candidates
4184,2453-INI,Initio,Narcotic-delight,,89368,https://www.fragrantica.com/perfume/Initio-Parfums-Prives/Narcotic-Delight-89368.html,FOUND,bing-rss:1|ddg-html:ERR:URLError|bing:0,accepted score=1.000 margin=1.000
4183,2451-LEL,Le Labo,Cedrat 37 Berlin,,,,UNRESOLVED,bing-rss:0|ddg-html:ERR:URLError|bing:0,no candidates
4182,2452-JOM,Jo Malone,Cypress-grapevine-cologne-intense,,,,UNRESOLVED,bing-rss:0|ddg-html:ERR:URLError|bing:0,no candidates
4181,2450-PEN,Penhaligons,Alula,,,,UNRESOLVED,bing-rss:0|ddg-html:ERR:URLError|bing:0,no candidates
4180,2432-ROJ,Roja Parfums,DANGER MAN - ROJA DOVE,,,,UNRESOLVED,bing-rss:0|ddg-html:ERR:URLError|bing:0,no candidates
4179,2413-ARIA,Ariana Grande,Thank-u-next-eau-de-,,,,UNRESOLVED,bing-rss:0|ddg-html:ERR:URLError|bing:0,no candidates
4178,2444-ARIA,Ariana Grande,Cloud-pink-eau-de-,,,,UNRESOLVED,bing-rss:0|ddg-html:ERR:URLError|bing:0,no candidates
4177,2446-XER,Xerjoff,Torino23,,,,UNRESOLVED,bing-rss:0|ddg-html:ERR:URLError|bing:0,no candidates
4176,2447-MARC,Marc-Antoine Barrois,Ganymede Extrait,,,,UNRESOLVED,bing-rss:0|ddg-html:ERR:URLError|bing:0,no candidates
4175,2445-CAR,Carolina Herrera,Good-girl-dazzling-garden,,,,UNRESOLVED,bing-rss:0|ddg-html:ERR:URLError|bing:0,no candidates
4174,2443-BRB,Burberry,Her-elixir-de-,,,,UNRESOLVED,bing-rss:0|ddg-html:ERR:URLError|bing:0,no candidates
4172,2441-PANTRO,Pantheon Roma,DOLCE PASSIONE - PANTHEON ROMA,,,,UNRESOLVED,bing-rss:0|ddg-html:ERR:URLError|bing:0,no candidates
4171,2440-MARC,Marc-Antoine Barrois,ENCELADE - MARC ANTONIE BARROIS,,,,UNRESOLVED,bing-rss:0|ddg-html:ERR:URLError|bing:0,no candidates
4170,2431-ROJ,Roja Parfums,MUSK AOUD - ROJA DOVE,,,,UNRESOLVED,bing-rss:0|ddg-html:ERR:URLError|bing:0,no candidates
4168,2442-PAC,Rabanne,Invictus-victory-elixir,,,,UNRESOLVED,bing-rss:0|ddg-html:ERR:URLError|bing:0,no candidates
4166,2437-MELA,Melanie Martinez,CRY BABY PERFUME MILK - MELANIE MARTINEZ,,,,UNRESOLVED,bing-rss:0|ddg-html:ERR:URLError|bing:0,no candidates
4165,2397-CRD,Creed,Queen-of-silk,,,,UNRESOLVED,bing-rss:0|ddg-html:ERR:URLError|bing:0,no candidates
4163,2426-MARG,Maison Margiela,Beach-walk,,,,UNRESOLVED,bing-rss:0|ddg-html:ERR:URLError|bing:0,no candidates
4162,2425-LEL,Le Labo,GAIAC 10 TOKYO - LE LABO,,,,UNRESOLVED,bing-rss:0|ddg-html:ERR:URLError|bing:0,no candidates
5083,2816-MOOD,Mood London,Blonde Maracuja Mood London,,,,UNRESOLVED,q1:bing-rss:0:0.1s|q1:ddg-html:0:0.6s|q1:bing:0:0.2s|q2:bing-rss:0:0.1s|q2:ddg-html:10:0.6s,weak best=0.387 brand=0.000 perfume=0.500 seq=0.815 second=0.360
4654,2698-SOL,Sol de Janeiro,Beijos-de-sol,,,,UNRESOLVED,q1:bing-rss:0:0.1s|q1:ddg-html:0:0.1s|q1:bing:0:0.2s|q2:bing-rss:0:0.1s|q2:ddg-html:0:0.2s|q2:bing:0:0.2s|q3:bing-rss:0:0.1s|q3:ddg-html:0:0.1s|q3:bing:0:0.1s,no candidates
4653,2692-SOL,Sol de Janeiro,Cheirosa-87-rio-radiance-tan-lines,,,,UNRESOLVED,q1:bing-rss:0:0.1s|q1:ddg-html:0:0.1s|q1:bing:0:0.1s|q2:bing-rss:0:0.1s|q2:ddg-html:0:0.1s|q2:bing:0:0.2s|q3:bing-rss:0:0.1s|q3:ddg-html:0:0.1s|q3:bing:0:0.1s,no candidates
4651,2691-SOL,Sol de Janeiro,Cheirosa-39-coco-cabana-cheirosa-39,,,,UNRESOLVED,q1:bing-rss:0:0.2s|q1:ddg-html:0:0.1s|q1:bing:0:0.1s|q2:bing-rss:0:0.1s|q2:ddg-html:0:0.1s|q2:bing:0:0.2s|q3:bing-rss:0:0.1s|q3:ddg-html:0:0.1s|q3:bing:0:0.1s,no candidates
4650,2700-BLG,Bvlgari,Le-gemme-amunae,,,,UNRESOLVED,q1:bing-rss:0:0.1s|q1:ddg-html:0:0.1s|q1:bing:0:0.1s|q2:bing-rss:0:0.1s|q2:ddg-html:0:0.1s|q2:bing:0:0.2s|q3:bing-rss:0:0.2s|q3:ddg-html:0:0.1s|q3:bing:0:0.1s,no candidates
4649,2696-AMG,Amouage,Decision,,,,UNRESOLVED,q1:bing-rss:0:0.1s|q1:ddg-html:0:0.1s|q1:bing:0:0.1s|q2:bing-rss:0:0.1s|q2:ddg-html:0:0.1s|q2:bing:0:0.1s|q3:bing-rss:0:0.1s|q3:ddg-html:0:0.1s|q3:bing:0:0.1s,no candidates
4648,2689-LAT,Lattafa,Khamrah Qahwa Lattafa Perfumes,,,,UNRESOLVED,q1:bing-rss:0:0.1s|q1:ddg-html:0:0.1s|q1:bing:0:0.1s|q2:bing-rss:0:0.1s|q2:ddg-html:0:0.1s|q2:bing:0:0.1s|q3:bing-rss:0:0.1s|q3:ddg-html:0:0.1s|q3:bing:0:0.1s,no candidates
4647,2690-NISH,Nishane,Oudous-lux-solis,,,,UNRESOLVED,q1:bing-rss:0:0.1s|q1:ddg-html:0:0.1s|q1:bing:0:0.2s|q2:bing-rss:0:0.2s|q2:ddg-html:0:0.1s|q2:bing:0:0.1s|q3:bing-rss:0:0.1s|q3:ddg-html:0:0.1s|q3:bing:0:0.1s,no candidates
4646,2699-RIT,Rituals,Ayurveda Rituals,,,,UNRESOLVED,q1:bing-rss:0:0.1s|q1:ddg-html:0:0.1s|q1:bing:0:0.1s|q2:bing-rss:0:0.1s|q2:ddg-html:0:0.1s|q2:bing:0:0.2s|q3:bing-rss:0:0.1s|q3:ddg-html:0:0.1s|q3:bing:0:0.2s,no candidates
4645,2697-RIT,Rituals,Karma Rituals,,,,UNRESOLVED,q1:bing-rss:0:0.2s|q1:ddg-html:0:0.1s|q1:bing:0:0.2s|q2:bing-rss:0:0.1s|q2:ddg-html:0:0.1s|q2:bing:0:0.2s|q3:bing-rss:0:0.1s|q3:ddg-html:0:0.1s|q3:bing:0:0.1s,no candidates
4644,2687-GRIT,Gritti,Mango-aoud,,,,UNRESOLVED,q1:bing-rss:0:0.1s|q1:ddg-html:0:0.1s|q1:bing:0:0.1s|q2:bing-rss:0:0.1s|q2:ddg-html:0:0.1s|q2:bing:0:0.3s|q3:bing-rss:0:0.1s|q3:ddg-html:0:0.1s|q3:bing:0:0.1s,no candidates
4642,2702-DIP,Diptyque,Chantilly,,,,UNRESOLVED,q1:bing-rss:0:0.1s|q1:ddg-html:0:0.1s|q1:bing:0:0.2s|q2:bing-rss:0:0.2s|q2:ddg-html:0:0.1s|q2:bing:0:0.1s|q3:bing-rss:0:0.2s|q3:ddg-html:0:0.1s|q3:bing:0:0.1s,no candidates
4640,2701-DIP,Diptyque,Cafe Verlet,,,,UNRESOLVED,q1:bing-rss:0:0.1s|q1:ddg-html:0:0.1s|q1:bing:0:0.1s|q2:bing-rss:0:0.1s|q2:ddg-html:0:0.1s|q2:bing:0:0.1s|q3:bing-rss:0:0.1s|q3:ddg-html:0:0.1s|q3:bing:0:0.1s,no candidates
4639,2686-GIV,Givenchy,L-interdit-tubereuse-noire,,,,UNRESOLVED,q1:bing-rss:0:0.1s|q1:ddg-html:0:0.1s|q1:bing:0:0.5s|q2:bing-rss:0:0.1s|q2:ddg-html:0:0.1s|q2:bing:0:0.1s|q3:bing-rss:0:0.2s|q3:ddg-html:0:0.1s|q3:bing:0:0.1s,no candidates
4638,2685-FRAG,Fragrance Du Bois,Rude-cherry,,,,UNRESOLVED,q1:bing-rss:0:0.1s|q1:ddg-html:0:0.1s|q1:bing:0:0.2s|q2:bing-rss:0:0.1s|q2:ddg-html:0:0.1s|q2:bing:0:0.2s|q3:bing-rss:0:0.1s|q3:ddg-html:0:0.1s|q3:bing:0:0.2s,no candidates
4637,2684-CLIV,Clive Christian,Jump Up And Kiss Me Hedonistic (2021) Clive Christian,,,,UNRESOLVED,q1:bing-rss:0:0.1s|q1:ddg-html:0:0.1s|q1:bing:0:0.2s|q2:bing-rss:0:0.2s|q2:ddg-html:0:0.1s|q2:bing:0:0.1s|q3:bing-rss:0:0.2s|q3:ddg-html:0:0.1s|q3:bing:0:0.1s|q4:bing-rss:0:0.1s|q4:ddg-html:0:0.1s|q4:bing:0:0.2s,no candidates
4623,1654-ACQ,Acqua di Parma,Colonia 1916,,,,UNRESOLVED,q1:bing-rss:0:0.1s|q1:ddg-html:0:0.1s|q1:bing:0:0.2s|q2:bing-rss:0:0.1s|q2:ddg-html:0:0.1s|q2:bing:0:0.2s|q3:bing-rss:0:0.1s|q3:ddg-html:0:0.1s|q3:bing:0:0.1s|q4:bing-rss:0:0.1s|q4:ddg-html:0:0.1s|q4:bing:0:0.2s,no candidates
4593,2683-CLIV,Clive Christian,E-cashmere-musk,,,,UNRESOLVED,q1:bing-rss:0:0.1s|q1:ddg-html:0:0.1s|q1:bing:0:0.1s|q2:bing-rss:0:0.1s|q2:ddg-html:ERR:HTTPError|q2:bing:0:0.2s|q3:bing-rss:0:0.1s|q3:ddg-html:ERR:HTTPError|q3:bing:0:0.1s,no candidates
4592,2682-BDIK,BDK Parfums,Gris Charnel Eau de Parfum,,,,UNRESOLVED,q1:bing-rss:0:0.2s|q1:ddg-html:ERR:HTTPError|ddg-html:DISABLED|q1:bing:0:0.2s|q2:bing-rss:0:0.1s|q2:bing:0:0.1s|q3:bing-rss:0:0.1s|q3:bing:0:0.1s|q4:bing-rss:0:0.1s|q4:bing:0:0.2s,no candidates
4591,2681-ARB,Arabian Oud,Madawi-40-years-gold-edition,,,,UNRESOLVED,q1:bing-rss:0:0.1s|q1:bing:0:0.2s|q2:bing-rss:0:0.1s|q2:bing:0:0.1s|q3:bing-rss:0:0.1s|q3:bing:0:0.1s,no candidates
4539,2678-PARF,Parfums de Marly,Palatine,,,,UNRESOLVED,q1:bing-rss:0:0.1s|q1:bing:0:0.1s|q2:bing-rss:0:0.1s|q2:bing:0:0.1s|q3:bing-rss:0:0.2s|q3:bing:0:0.1s,no candidates
4527,2674-MICA,Martine Micallef,Note Poudree,,,,UNRESOLVED,q1:bing-rss:0:0.1s|q1:bing:0:0.2s|q2:bing-rss:0:0.1s|q2:bing:0:0.1s|q3:bing-rss:0:0.1s|q3:bing:0:0.1s,no candidates
4526,2673-ARB,Arabian Oud,Al-fareed,,,,UNRESOLVED,q1:bing-rss:0:0.1s|q1:bing:0:0.1s|q2:bing-rss:0:0.1s|q2:bing:0:0.1s|q3:bing-rss:0:0.1s|q3:bing:0:0.2s,no candidates
4525,2672-MEM,memo-paris,Abu-dhabi,,,,UNRESOLVED,q1:bing-rss:0:0.2s|q1:bing:0:0.1s|q2:bing-rss:0:0.1s|q2:bing:0:0.1s|q3:bing-rss:0:0.1s|q3:bing:0:0.1s,no candidates
4524,2671-KIL,Kilian,Cruel Intentions,,,,UNRESOLVED,q1:bing-rss:0:0.1s|q1:bing:0:0.1s|q2:bing-rss:0:0.1s|q2:bing:0:0.1s|q3:bing-rss:0:0.1s|q3:bing:0:0.1s,no candidates
4523,2670-CRD,Creed,Eladaria,,,,UNRESOLVED,q1:bing-rss:0:0.1s|q1:bing:0:0.4s|q2:bing-rss:0:0.1s|q2:bing:0:0.1s|q3:bing-rss:0:0.1s|q3:bing:0:0.2s,no candidates
4522,2659-MNT,Montale,Sensual Instinct,,,,UNRESOLVED,q1:bing-rss:0:0.2s|q1:bing:0:0.1s|q2:bing-rss:0:0.2s|q2:bing:0:0.2s|q3:bing-rss:0:0.1s|q3:bing:0:0.2s,no candidates
4521,2657-CRD,Creed,Fragaria,,,,UNRESOLVED,q1:bing-rss:0:0.1s|q1:bing:0:0.1s|q2:bing-rss:0:0.1s|q2:bing:0:0.1s|q3:bing-rss:0:0.1s|q3:bing:0:0.2s,no candidates
4520,2656-LAN,Lancome,Idole-power,,,,UNRESOLVED,q1:bing-rss:0:0.1s|q1:bing:0:0.2s|q2:bing-rss:0:0.1s|q2:bing:0:0.1s|q3:bing-rss:0:0.1s|q3:bing:0:0.1s,no candidates
4519,2655-MNT,Montale,Dallachai,,,,UNRESOLVED,q1:bing-rss:0:0.2s|q1:bing:0:0.1s|q2:bing-rss:0:0.2s|q2:bing:0:0.2s|q3:bing-rss:0:0.1s|q3:bing:0:0.1s,no candidates
4518,2654-KUR,Maison Francis Kurkdjian,Kurky-eau-de-,,,,UNRESOLVED,q1:bing-rss:0:0.1s|q1:bing:0:0.2s|q2:bing-rss:0:0.1s|q2:bing:0:0.1s|q3:bing-rss:0:0.1s|q3:bing:0:0.2s,no candidates
4517,2653-YZLO,Yves Saint Laurent,Black-opium-eau-de-parfum-glitter,,,,UNRESOLVED,q1:bing-rss:0:0.3s|q1:bing:0:0.1s|q2:bing-rss:0:0.1s|q2:bing:0:0.1s|q3:bing-rss:0:0.2s|q3:bing:0:0.2s|q4:bing-rss:0:0.1s|q4:bing:0:0.1s,no candidates
4492,1145-GUC,Gucci,Gucci Pour Homme 2003,,,,UNRESOLVED,q1:bing-rss:0:0.1s|q1:bing:0:0.1s|q2:bing-rss:0:0.1s|q2:bing:0:0.1s|q3:bing-rss:0:0.1s|q3:bing:0:0.2s|q4:bing-rss:0:0.1s|q4:bing:0:0.2s,no candidates
4491,2637-HARM,The Harmonist,Sacred Water,,36737,https://www.fragrantica.com/perfume/The-Harmonist/Sacred-Water-36737.html,FOUND,q1:bing-rss:1:0.1s|q1:bing:0:0.2s|q2:bing-rss:1:0.1s|q2:bing:0:0.1s,accepted score=1.000 margin=1.000 clean='Sacred Water'
4490,2646-PEN,Penhaligons,The Dandy,,,,UNRESOLVED,q1:bing-rss:0:0.2s|q1:bing:0:0.1s|q2:bing-rss:0:0.1s|q2:bing:0:0.2s|q3:bing-rss:0:0.1s|q3:bing:0:0.1s,no candidates
4489,2645-LTN,Louis Vuitton,eLVes,,104087,https://www.fragrantica.com/perfume/Louis-Vuitton/eLVes-104087.html,FOUND,q1:bing-rss:2:0.1s|q1:bing:0:0.1s|q2:bing-rss:2:0.2s|q2:bing:0:0.1s,accepted score=1.000 margin=0.110 clean='eLVes'
4486,2458-LTN,Louis Vuitton,LV Lovers,,,,UNRESOLVED,q1:bing-rss:0:0.1s|q1:bing:0:0.2s|q2:bing-rss:0:0.1s|q2:bing:0:0.2s|q3:bing-rss:0:0.1s|q3:bing:0:0.1s,no candidates
4485,2615-ARMA,Armaf,Odyssey-dubai-chocolat,,,,UNRESOLVED,q1:bing-rss:0:0.1s|q1:bing:0:0.1s|q2:bing-rss:0:0.2s|q2:bing:0:0.1s|q3:bing-rss:0:0.1s|q3:bing:0:0.1s,no candidates
4484,2648-FUGA,Fugazzi,Vanilla Haze Eau de Parfum,,,,UNRESOLVED,q1:bing-rss:0:0.1s|q1:bing:0:0.1s|q2:bing-rss:0:0.1s|q2:bing:0:0.1s|q3:bing-rss:0:0.1s|q3:bing:0:0.2s|q4:bing-rss:0:0.1s|q4:bing:0:0.1s,no candidates
4483,2658-CHA,Chanel,Sycomore-,,,,UNRESOLVED,q1:bing-rss:0:0.1s|q1:bing:0:0.2s|q2:bing-rss:0:0.1s|q2:bing:0:0.2s|q3:bing-rss:0:0.1s|q3:bing:0:0.1s,no candidates
4482,2616-TMU,mugler,Alien-extraintense,,,,UNRESOLVED,q1:bing-rss:0:0.1s|q1:bing:0:0.1s|q2:bing-rss:0:0.1s|q2:bing:0:0.2s|q3:bing-rss:0:0.1s|q3:bing:0:0.1s,no candidates
4481,2619-DRC,Dior,Homme Parfum 2025,,13015,https://www.fragrantica.com/perfume/Dior/Dior-Homme-13015.html,FOUND,q1:bing-rss:2:0.1s|q1:bing:0:0.1s|q2:bing-rss:2:0.1s|q2:bing:0:0.1s,accepted score=0.915 margin=0.038 clean='Homme'
4480,2617-DOL,Dolce & Gabbana,Devotion Pour Homme,,,,UNRESOLVED,q1:bing-rss:0:0.3s|q1:bing:0:0.1s|q2:bing-rss:0:0.1s|q2:bing:0:0.1s|q3:bing-rss:0:0.2s|q3:bing:0:0.1s|q4:bing-rss:0:0.2s|q4:bing:0:0.1s,no candidates
4479,2622-PHL,Phlur,Vanilla-skin-eau-de-,,87258,https://www.fragrantica.com/perfume/Phlur/Vanilla-Skin-87258.html,FOUND,q1:bing-rss:0:0.1s|q1:bing:0:0.1s|q2:bing-rss:0:0.1s|q2:bing:0:0.1s|q3:bing-rss:1:0.1s|q3:bing:0:0.1s,accepted score=0.959 margin=0.959 clean='Vanilla skin eau de'
4478,2621-CHAR,Charlotte Tilbury,More-sex,,,,UNRESOLVED,q1:bing-rss:0:0.1s|q1:bing:0:0.3s|q2:bing-rss:0:0.1s|q2:bing:0:0.2s|q3:bing-rss:0:0.1s|q3:bing:0:0.1s,no candidates
4444,2649-BORN,Borntostandout,Naked Laundry,,,,UNRESOLVED,q1:bing-rss:0:0.1s|q1:bing:0:0.1s|q2:bing-rss:0:0.1s|q2:bing:0:0.3s|q3:bing-rss:0:0.1s|q3:bing:0:0.1s,no candidates
4443,2620-CHAR,Charlotte Tilbury,Cosmic-power,,,,UNRESOLVED,q1:bing-rss:0:0.1s|q1:bing:0:0.1s|q2:bing-rss:0:0.1s|q2:bing:0:0.2s|q3:bing-rss:0:0.1s|q3:bing:0:0.1s,no candidates
4438,2647-LTN,Louis Vuitton,Symphony,,68357,https://www.fragrantica.com/perfume/Louis-Vuitton/Symphony-68357.html,FOUND,q1:bing-rss:1:0.2s|q1:bing:0:0.1s|q2:bing-rss:1:0.1s|q2:bing:0:0.1s,accepted score=1.000 margin=1.000 clean='Symphony'
4436,2623-NES,Nest,Santa-barbara-strawberry-eau-de-,,,,UNRESOLVED,q1:bing-rss:0:0.1s|q1:bing:0:0.1s|q2:bing-rss:0:0.1s|q2:bing:0:0.2s|q3:bing-rss:0:0.1s|q3:bing:0:0.2s,no candidates
4435,2614-AMG,Amouage,Guidance 46 Amouagee,,,,UNRESOLVED,q1:bing-rss:0:0.1s|q1:bing:0:0.2s|q2:bing-rss:0:0.1s|q2:bing:0:0.2s|q3:bing-rss:0:0.1s|q3:bing:0:0.1s,no candidates
4434,2624-BLG,Bvlgari,Rock-n-rome,,,,UNRESOLVED,q1:bing-rss:0:0.1s|q1:bing:0:0.1s|q2:bing-rss:0:0.1s|q2:bing:0:0.1s|q3:bing-rss:0:0.1s|q3:bing:0:0.1s,no candidates
4433,2626-JOM,Jo Malone,English Oak  Redcurrant,,,,UNRESOLVED,q1:bing-rss:0:0.1s|q1:bing:0:0.1s|q2:bing-rss:0:0.1s|q2:bing:0:0.1s|q3:bing-rss:0:0.2s|q3:bing:0:0.1s,no candidates
4432,2625-GUR,Guerlain,L Instant De Guerlain Pour Homme,,,,UNRESOLVED,q1:bing-rss:0:0.1s|q1:bing:0:0.1s|q2:bing-rss:0:0.1s|q2:bing:0:0.1s|q3:bing-rss:0:0.1s|q3:bing:0:0.1s|q4:bing-rss:0:0.1s|q4:bing:0:0.1s,no candidates
4431,2633-KUR,Maison Francis Kurkdjian,Petit Matin,,,,UNRESOLVED,q1:bing-rss:0:0.1s|q1:bing:0:0.1s|q2:bing-rss:0:0.1s|q2:bing:0:0.2s|q3:bing-rss:0:0.2s|q3:bing:0:0.1s,no candidates
4430,2611-KAY,Kayali,Elixir 11 Kayali Fragrances,,,,UNRESOLVED,q1:bing-rss:0:0.2s|q1:bing:0:0.2s|q2:bing-rss:0:0.1s|q2:bing:0:0.2s|q3:bing-rss:0:0.1s|q3:bing:0:0.2s,no candidates
4429,2613-SOS,Sospiro,Vibrato Sospiro Perfume,,75930,https://www.fragrantica.com/perfume/Sospiro-Perfumes/Vibrato-75930.html,FOUND,q1:bing-rss:1:0.1s|q1:bing:0:0.1s|q2:bing-rss:1:0.1s|q2:bing:0:0.1s,accepted score=1.000 margin=1.000 clean='vibrato'
4428,2612-LUS,Lush,Sticky Dates Lush,,,,UNRESOLVED,q1:bing-rss:0:0.1s|q1:bing:0:0.2s|q2:bing-rss:0:0.1s|q2:bing:0:0.2s|q3:bing-rss:0:0.1s|q3:bing:0:0.2s,no candidates
4426,2599-ACQ,Acqua di Parma,Sandalo-eau-de-,,56002,https://www.fragrantica.com/perfume/Acqua-di-Parma/Sandalo-Eau-de-Parfum-56002.html,FOUND,q1:bing-rss:0:0.1s|q1:bing:0:0.2s|q2:bing-rss:0:0.1s|q2:bing:0:0.1s|q3:bing-rss:1:0.2s|q3:bing:0:0.2s,accepted score=0.964 margin=0.964 clean='Sandalo eau de'
4424,2641-LAT,Lattafa,Eclaire Lattafa Perfumes,,,,UNRESOLVED,q1:bing-rss:0:0.2s|q1:bing:0:0.2s|q2:bing-rss:0:0.1s|q2:bing:0:0.2s|q3:bing-rss:0:0.1s|q3:bing:0:0.2s,no candidates
4423,2630-SOS,Sospiro,Erba-pura-magica,,,,UNRESOLVED,q1:bing-rss:1:0.2s|q1:bing:0:0.1s|q2:bing-rss:1:0.1s|q2:bing:0:0.1s,weak best=0.387 brand=1.000 perfume=0.000 seq=0.261 second=0.000
4422,2627-LTN,Louis Vuitton,Météore,,,,UNRESOLVED,q1:bing-rss:0:0.1s|q1:bing:0:0.2s|q2:bing-rss:0:0.1s|q2:bing:0:0.1s|q3:bing-rss:0:0.2s|q3:bing:0:0.1s,no candidates
4421,2608-KIL,Kilian,A Taste Of Heaven,,,,UNRESOLVED,q1:bing-rss:0:0.1s|q1:bing:0:0.1s|q2:bing-rss:0:0.1s|q2:bing:0:0.2s|q3:bing-rss:0:0.1s|q3:bing:0:0.1s,no candidates
4420,2609-TMFO,Tom Ford,Opaline Hyacinth,,,,UNRESOLVED,q1:bing-rss:0:0.1s|q1:bing:0:0.2s|q2:bing-rss:0:0.1s|q2:bing:0:0.2s|q3:bing-rss:0:0.1s|q3:bing:0:0.1s,no candidates
4419,2605-ARM,Giorgio Armani,Figuier Eden,,,,UNRESOLVED,q1:bing-rss:0:0.1s|q1:bing:0:0.2s|q2:bing-rss:0:0.1s|q2:bing:0:0.2s|q3:bing-rss:0:0.1s|q3:bing:0:0.1s,no candidates
4418,2610-JUL,Juliette Has a Gun,Not-a-perfume-superdose,,,,UNRESOLVED,q1:bing-rss:0:0.1s|q1:bing:0:0.2s|q2:bing-rss:0:0.1s|q2:bing:0:0.1s|q3:bing-rss:0:0.1s|q3:bing:0:0.2s|q4:bing-rss:0:0.1s|q4:bing:0:0.2s,no candidates
4417,2632-BDIK,BDK Parfums,Velvet Tonka Eau de Parfum,,,,UNRESOLVED,q1:bing-rss:0:0.1s|q1:bing:0:0.1s|q2:bing-rss:0:0.1s|q2:bing:0:0.1s|q3:bing-rss:0:0.1s|q3:bing:0:0.2s|q4:bing-rss:0:0.2s|q4:bing:0:0.1s,no candidates
4416,2629-PEN,Penhaligons,Sports-car-club,,,,UNRESOLVED,q1:bing-rss:0:0.1s|q1:bing:0:0.1s|q2:bing-rss:0:0.1s|q2:bing:0:0.1s|q3:bing-rss:0:0.1s|q3:bing:0:0.1s,no candidates
4415,2628-PEN,Penhaligons,Roaring-radcliff,,,,UNRESOLVED,q1:bing-rss:0:0.1s|q1:bing:0:0.1s|q2:bing-rss:0:0.1s|q2:bing:0:0.1s|q3:bing-rss:0:0.1s|q3:bing:0:0.2s,no candidates
4414,2631-TMFO,Tom Ford,Black-lacquer,,,,UNRESOLVED,q1:bing-rss:0:0.1s|q1:bing:0:0.1s|q2:bing-rss:0:0.1s|q2:bing:0:0.1s|q3:bing-rss:0:0.1s|q3:bing:0:0.3s,no candidates
4413,2639-TRU,Trussardi,Trussardi-donna-pink-marina,,,,UNRESOLVED,q1:bing-rss:0:0.1s|q1:bing:0:0.2s|q2:bing-rss:0:0.1s|q2:bing:0:0.1s|q3:bing-rss:0:0.1s|q3:bing:0:0.1s,no candidates
4412,2636-YZLO,Yves Saint Laurent,Black Opium Baby Cat Collector,,,,UNRESOLVED,q1:bing-rss:0:0.1s|q1:bing:0:0.1s|q2:bing-rss:0:0.1s|q2:bing:0:0.1s|q3:bing-rss:0:0.1s|q3:bing:0:0.2s,no candidates
4411,2635-SOL,Sol de Janeiro,Cheirosa-76-after-hours,,,,UNRESOLVED,q1:bing-rss:0:0.1s|q1:bing:0:0.2s|q2:bing-rss:0:0.1s|q2:bing:0:0.1s|q3:bing-rss:0:0.1s|q3:bing:0:0.1s,no candidates
4410,2634-NRO,Narciso Rodriguez,Essence,,,,UNRESOLVED,q1:bing-rss:0:0.1s|q1:bing:0:0.2s|q2:bing-rss:0:0.1s|q2:bing:0:0.1s|q3:bing-rss:0:0.2s|q3:bing:0:0.1s,no candidates
4409,2638-KEN,Kenzo,Jungle Le Tigre,,,,UNRESOLVED,q1:bing-rss:0:0.1s|q1:bing:0:0.2s|q2:bing-rss:0:0.1s|q2:bing:0:0.1s|q3:bing-rss:0:0.1s|q3:bing:0:0.3s,no candidates
4408,2640-CRD,Creed,Delphinus,,95970,https://www.fragrantica.com/perfume/Creed/Delphinus-95970.html,FOUND,q1:bing-rss:1:0.2s|q1:bing:0:0.1s|q2:bing-rss:1:0.1s|q2:bing:0:0.2s,accepted score=1.000 margin=1.000 clean='Delphinus'
4406,2603-JUL,Juliette Has a Gun,Lust-for-sun,,,,UNRESOLVED,q1:bing-rss:0:0.1s|q1:bing:0:0.1s|q2:bing-rss:0:0.1s|q2:bing:0:0.1s|q3:bing-rss:0:0.1s|q3:bing:0:0.1s,no candidates
4395,2575-XER,Xerjoff,Deified Tony Iommi Parfum,,,,UNRESOLVED,q1:bing-rss:1:0.1s|q1:bing:0:0.3s|q2:bing-rss:1:0.1s|q2:bing:0:0.2s,weak best=0.363 brand=1.000 perfume=0.000 seq=0.129 second=0.000
4392,2607-TMU,mugler,Angel Eau Croisiere,,,,UNRESOLVED,q1:bing-rss:0:0.1s|q1:bing:0:0.2s|q2:bing-rss:0:0.1s|q2:bing:0:0.1s|q3:bing-rss:0:0.1s|q3:bing:0:0.2s,no candidates
4391,2602-TMU,mugler,Angel Garden Of Stars - Violette Angel,,,,UNRESOLVED,q1:bing-rss:0:0.1s|q1:bing:0:0.1s|q2:bing-rss:0:0.2s|q2:bing:0:0.2s|q3:bing-rss:0:0.1s|q3:bing:0:0.2s,no candidates
4390,2601-TMU,mugler,Angel Passion Star,,,,UNRESOLVED,q1:bing-rss:0:0.1s|q1:bing:0:0.1s|q2:bing-rss:0:0.1s|q2:bing:0:0.2s|q3:bing-rss:0:0.2s|q3:bing:0:0.1s,no candidates
4389,2600-TMU,mugler,Angel Lily,,,,UNRESOLVED,q1:bing-rss:0:0.1s|q1:bing:0:0.1s|q2:bing-rss:0:0.2s|q2:bing:0:0.1s|q3:bing-rss:0:0.1s|q3:bing:0:0.1s,no candidates
4388,2375-ESC,Escada,Brisa Cubana Escada,,,,UNRESOLVED,q1:bing-rss:0:0.1s|q1:bing:0:0.1s|q2:bing-rss:0:0.3s|q2:bing:0:0.1s|q3:bing-rss:0:0.1s|q3:bing:0:0.2s,no candidates
4387,1702-KUR,Maison Francis Kurkdjian,Oud,,,,UNRESOLVED,q1:bing-rss:0:0.2s|q1:bing:0:0.1s|q2:bing-rss:0:0.1s|q2:bing:0:0.2s|q3:bing-rss:0:0.2s|q3:bing:0:0.2s,no candidates
4385,2438-KYLJ,kylie-cosmetics,Cosmic-kylie-jenner-eau-de-,,,,UNRESOLVED,q1:bing-rss:0:0.1s|q1:bing:0:0.1s|q2:bing-rss:0:0.2s|q2:bing:0:0.2s|q3:bing-rss:0:0.1s|q3:bing:0:0.1s,no candidates
4375,2562-JUSB,Jusbox,Beat Cafe,,,,UNRESOLVED,q1:bing-rss:0:0.1s|q1:bing:0:0.1s|q2:bing-rss:0:0.1s|q2:bing:0:0.1s|q3:bing-rss:0:0.1s|q3:bing:0:0.1s,no candidates
4374,2560-JUSB,Jusbox,Siren-amp-sailors,,,,UNRESOLVED,q1:bing-rss:0:0.1s|q1:bing:0:0.2s|q2:bing-rss:0:0.1s|q2:bing:0:0.2s|q3:bing-rss:0:0.1s|q3:bing:0:0.1s,no candidates
4373,2555-BON,Bond No 9,Tribeca,,,,UNRESOLVED,q1:bing-rss:0:0.1s|q1:bing:0:0.2s|q2:bing-rss:0:0.1s|q2:bing:0:0.1s|q3:bing-rss:0:0.1s|q3:bing:0:0.1s,no candidates
4372,2583-INI,Initio,Paragon Initio Parfums,,,,UNRESOLVED,q1:bing-rss:0:0.2s|q1:bing:0:0.1s|q2:bing-rss:0:0.1s|q2:bing:0:0.1s|q3:bing-rss:0:0.1s|q3:bing:0:0.2s,no candidates
4371,2582-PIER,Pierre Balmain,Carbone Pierre Balmain type,,,,UNRESOLVED,q1:bing-rss:0:0.1s|q1:bing:0:0.2s|q2:bing-rss:0:0.1s|q2:bing:0:0.1s|q3:bing-rss:0:0.1s|q3:bing:0:0.2s,no candidates
4370,2581-GUR,Guerlain,Vanille-planifolia-extrait-21,,,,UNRESOLVED,q1:bing-rss:0:0.1s|q1:bing:0:0.2s|q2:bing-rss:0:0.1s|q2:bing:0:0.1s|q3:bing-rss:0:0.1s|q3:bing:0:0.1s,no candidates
4369,2584-GIV,Givenchy,Eau de,,,,UNRESOLVED,q1:bing-rss:0:0.2s|q1:bing:0:0.2s|q2:bing-rss:0:0.1s|q2:bing:0:0.1s,no candidates
4368,2585-SOL,Sol de Janeiro,Summer-e-amor,,,,UNRESOLVED,q1:bing-rss:0:0.1s|q1:bing:0:0.1s|q2:bing-rss:0:0.1s|q2:bing:0:0.1s|q3:bing-rss:0:0.1s|q3:bing:0:0.2s,no candidates
4367,2586-DIP,Diptyque,Biscuit DIP,,,,UNRESOLVED,q1:bing-rss:0:0.2s|q1:bing:0:0.1s|q2:bing-rss:0:0.1s|q2:bing:0:0.1s|q3:bing-rss:0:0.1s|q3:bing:0:0.1s,no candidates
4366,2587-MAR,Marc Jacobs,Daisy Dream Sunshine,,,,UNRESOLVED,q1:bing-rss:0:0.2s|q1:bing:0:0.1s|q2:bing-rss:0:0.1s|q2:bing:0:0.1s|q3:bing-rss:0:0.1s|q3:bing:0:0.1s,no candidates
4365,2553-BON,Bond No 9,Andy Warhol,,,,UNRESOLVED,q1:bing-rss:0:0.1s|q1:bing:0:0.1s|q2:bing-rss:0:0.2s|q2:bing:0:0.2s|q3:bing-rss:0:0.2s|q3:bing:0:0.1s,no candidates
4363,2529-VER,Versace,L'Homme Eau de Toilette (Eau de Toilette),,,,UNRESOLVED,q1:bing-rss:0:0.2s|q1:bing:0:0.1s|q2:bing-rss:0:0.1s|q2:bing:0:0.1s|q3:bing-rss:0:0.1s|q3:bing:0:0.1s|q4:bing-rss:0:0.1s|q4:bing:0:0.1s,no candidates
4362,2537-DRC,Dior,Miss Parfum (2024),,,,UNRESOLVED,q1:bing-rss:0:0.1s|q1:bing:0:0.1s|q2:bing-rss:0:0.1s|q2:bing:0:0.2s|q3:bing-rss:0:0.1s|q3:bing:0:0.1s|q4:bing-rss:0:0.2s|q4:bing:0:0.1s,no candidates
4361,2535-DRC,Dior,J'adore L'Or (2023),,,,UNRESOLVED,q1:bing-rss:0:0.1s|q1:bing:0:0.2s|q2:bing-rss:0:0.2s|q2:bing:0:0.1s|q3:bing-rss:0:0.1s|q3:bing:0:0.1s|q4:bing-rss:0:0.1s|q4:bing:0:0.1s,no candidates
4360,2533-RAL,Ralph Lauren,Safari,,,,UNRESOLVED,q1:bing-rss:0:0.1s|q1:bing:0:0.1s|q2:bing-rss:0:0.1s|q2:bing:0:0.1s|q3:bing-rss:0:0.1s|q3:bing:0:0.1s,no candidates
4359,2580-KAY,Kayali,Yum Boujee Marshmallow | 81 Kayali Fragrances,,,,UNRESOLVED,q1:bing-rss:0:0.1s|q1:bing:0:0.2s|q2:bing-rss:0:0.1s|q2:bing:0:0.1s|q3:bing-rss:0:0.1s|q3:bing:0:0.1s,no candidates
4358,2579-SOS,Sospiro,Maraschino Sospiro Perfumes,,,,UNRESOLVED,q1:bing-rss:1:0.1s|q1:bing:0:0.2s|q2:bing-rss:1:0.1s|q2:bing:0:0.1s,weak best=0.372 brand=1.000 perfume=0.000 seq=0.176 second=0.000
4357,2578-DON,DKNY,Dkny-24-7,,,,UNRESOLVED,q1:bing-rss:0:0.2s|q1:bing:0:0.1s|q2:bing-rss:0:0.1s|q2:bing:0:0.1s|q3:bing-rss:0:0.2s|q3:bing:0:0.1s,no candidates
4356,2577-DOL,Dolce Gabbana,Devotion-eau-de-parfum-intense,,,,UNRESOLVED,q1:bing-rss:0:0.2s|q1:bing:0:0.1s|q2:bing-rss:0:0.2s|q2:bing:0:0.1s|q3:bing-rss:0:0.1s|q3:bing:0:0.1s|q4:bing-rss:0:0.2s|q4:bing:0:0.1s,no candidates
4355,2576-TMFO,Tom Ford,Eau-d-ombre-leather,,,,UNRESOLVED,q1:bing-rss:0:0.1s|q1:bing:0:0.1s|q2:bing-rss:0:0.1s|q2:bing:0:0.2s|q3:bing-rss:0:0.1s|q3:bing:0:0.2s,no candidates
4353,2574-MEM,memo-paris,Cappadocia,,,,UNRESOLVED,q1:bing-rss:0:0.2s|q1:bing:0:0.2s|q2:bing-rss:0:0.1s|q2:bing:0:0.2s|q3:bing-rss:0:0.2s|q3:bing:0:0.1s,no candidates
4352,2573-KAY,Kayali,Maldives in a Bottle Ylang Coco | 20 Eau de Parfum Kayali Fragrances,,,,UNRESOLVED,q1:bing-rss:0:0.1s|q1:bing:0:0.1s|q2:bing-rss:0:0.2s|q2:bing:0:0.1s|q3:bing-rss:0:0.1s|q3:bing:0:0.1s|q4:bing-rss:0:0.1s|q4:bing:0:0.1s,no candidates
4351,2572-KUR,Maison Francis Kurkdjian,APOM Eau de Parfum,,,,UNRESOLVED,q1:bing-rss:0:0.3s|q1:bing:0:0.2s|q2:bing-rss:0:0.1s|q2:bing:0:0.1s|q3:bing-rss:0:0.1s|q3:bing:0:0.2s|q4:bing-rss:0:0.1s|q4:bing:0:0.2s,no candidates
4350,2597-TMFO,Tom Ford,Amber-intrigue,,,,UNRESOLVED,q1:bing-rss:0:0.2s|q1:bing:0:0.2s|q2:bing-rss:0:0.2s|q2:bing:0:0.1s|q3:bing-rss:0:0.1s|q3:bing:0:0.2s,no candidates
4349,2596-PEN,Penhaligons,Halfeti-cedar,,,,UNRESOLVED,q1:bing-rss:0:0.1s|q1:bing:0:0.2s|q2:bing-rss:0:0.1s|q2:bing:0:0.1s|q3:bing-rss:0:0.1s|q3:bing:0:0.1s,no candidates
4348,2595-INI,Initio,Mystic Experience Initio Parfums,,,,UNRESOLVED,q1:bing-rss:0:0.1s|q1:bing:0:0.1s|q2:bing-rss:0:0.1s|q2:bing:0:0.2s|q3:bing-rss:0:0.1s|q3:bing:0:0.1s,no candidates
4347,2594-HUG,Hugo Boss,Boss Bottled Oud Saffron,,,,UNRESOLVED,q1:bing-rss:0:0.1s|q1:bing:0:0.1s|q2:bing-rss:0:0.1s|q2:bing:0:0.2s|q3:bing-rss:0:0.2s|q3:bing:0:0.1s,no candidates
4346,2593-HUG,Hugo Boss,Boss-bottled-elixir,,,,UNRESOLVED,q1:bing-rss:0:0.1s|q1:bing:0:0.1s|q2:bing-rss:0:0.2s|q2:bing:0:0.2s|q3:bing-rss:0:0.1s|q3:bing:0:0.2s,no candidates
4345,2592-GOLD,Goldfield & Banks,Pacific Rock Moss Goldfield & Banks Australia,,,,UNRESOLVED,q1:bing-rss:0:0.1s|q1:bing:0:0.2s|q2:bing-rss:0:0.2s|q2:bing:0:0.2s|q3:bing-rss:0:0.1s|q3:bing:0:0.1s,no candidates
4344,2591-CRD,Creed,Acqua Fiorentina,,,,UNRESOLVED,q1:bing-rss:0:0.1s|q1:bing:0:0.1s|q2:bing-rss:0:0.1s|q2:bing:0:0.1s|q3:bing-rss:0:0.1s|q3:bing:0:0.2s,no candidates
4343,2590-BYRP,Byron Parfums,Mula-mula-rouge-extreme,,,,UNRESOLVED,q1:bing-rss:0:0.1s|q1:bing:0:0.1s|q2:bing-rss:0:0.1s|q2:bing:0:0.1s|q3:bing-rss:0:0.1s|q3:bing:0:0.1s,no candidates
4342,2589-BYRP,Byron Parfums,Mula-mula-double-caramel,,,,UNRESOLVED,q1:bing-rss:0:0.6s|q1:bing:0:0.2s|q2:bing-rss:0:0.2s|q2:bing:0:0.2s|q3:bing-rss:0:0.1s|q3:bing:0:0.1s,no candidates
4341,2588-BLG,Bvlgari,Le Gemme  Onekh,,,,UNRESOLVED,q1:bing-rss:0:0.1s|q1:bing:0:0.1s|q2:bing-rss:0:0.1s|q2:bing:0:0.1s|q3:bing-rss:0:0.1s|q3:bing:0:0.1s,no candidates
4340,2568-GIV,Givenchy,L-interdit-eau-de-parfum-rouge-ultime,,,,UNRESOLVED,q1:bing-rss:0:0.1s|q1:bing:0:0.2s|q2:bing-rss:0:0.1s|q2:bing:0:0.2s|q3:bing-rss:0:0.2s|q3:bing:0:0.1s|q4:bing-rss:0:0.1s|q4:bing:0:0.2s,no candidates
4338,2565-GUC,Gucci,Guilty-elixir-de-parfum-pour-homme,,,,UNRESOLVED,q1:bing-rss:0:0.1s|q1:bing:0:0.2s|q2:bing-rss:0:0.1s|q2:bing:0:0.1s|q3:bing-rss:0:0.1s|q3:bing:0:0.1s|q4:bing-rss:0:0.1s|q4:bing:0:0.2s,no candidates
4337,2561-SOM,somens,Capriccio,,,,UNRESOLVED,q1:bing-rss:0:0.2s|q1:bing:0:0.2s|q2:bing-rss:0:0.1s|q2:bing:0:0.1s|q3:bing-rss:0:0.1s|q3:bing:0:0.2s,no candidates
4336,2551-PAR,paris-corner,Khair-fusion-eau-de-,,,,UNRESOLVED,q1:bing-rss:0:0.1s|q1:bing:0:0.1s|q2:bing-rss:0:0.1s|q2:bing:0:0.1s|q3:bing-rss:0:0.1s|q3:bing:0:0.2s,no candidates
4333,2544-ACQ,Acqua di Parma,Magnolia Nobile,,,,UNRESOLVED,q1:bing-rss:0:0.2s|q1:bing:0:0.2s|q2:bing-rss:0:0.1s|q2:bing:0:0.2s|q3:bing-rss:0:0.2s|q3:bing:0:0.1s,no candidates
4332,2543-HUG,Hugo Boss,The-scent-magnetic-for-him,,,,UNRESOLVED,q1:bing-rss:0:0.1s|q1:bing:0:0.2s|q2:bing-rss:0:0.1s|q2:bing:0:0.1s|q3:bing-rss:0:0.1s|q3:bing:0:0.2s,no candidates
4331,2527-GUR,Guerlain,Angelique Noire,,1021,https://www.fragrantica.com/perfume/Guerlain/Angelique-Noire-1021.html,FOUND,q1:bing-rss:1:0.1s|q1:bing:0:0.2s|q2:bing-rss:1:0.2s|q2:bing:0:0.2s,accepted score=1.000 margin=1.000 clean='Angelique Noire'
4330,2525-CAR,Carolina Herrera,Good-girl-eau-de-parfum-supreme,,,,UNRESOLVED,q1:bing-rss:0:0.1s|q1:bing:0:0.1s|q2:bing-rss:0:0.2s|q2:bing:0:0.2s|q3:bing-rss:0:0.2s|q3:bing:0:0.2s|q4:bing-rss:0:0.1s|q4:bing:0:0.2s,no candidates
4329,2523-KIL,Kilian,Sacred Wood,,,,UNRESOLVED,q1:bing-rss:0:0.1s|q1:bing:0:0.1s|q2:bing-rss:0:0.1s|q2:bing:0:0.2s|q3:bing-rss:0:0.2s|q3:bing:0:0.2s,no candidates
4328,2548-RIT,Rituals,Hammam Rituals,,,,UNRESOLVED,q1:bing-rss:0:0.2s|q1:bing:0:0.2s|q2:bing-rss:0:0.1s|q2:bing:0:0.2s|q3:bing-rss:0:0.1s|q3:bing:0:0.2s,no candidates
4327,2547-KUR,Maison Francis Kurkdjian,Aqua Universalis Eau de Toilette,,,,UNRESOLVED,q1:bing-rss:0:0.1s|q1:bing:0:0.2s|q2:bing-rss:0:0.1s|q2:bing:0:0.1s|q3:bing-rss:0:0.2s|q3:bing:0:0.1s|q4:bing-rss:0:0.2s|q4:bing:0:0.2s,no candidates
4326,2516-GUL,Jean Paul Gaultier,Scandal-pour-homme-absolu,,,,UNRESOLVED,q1:bing-rss:0:0.1s|q1:bing:0:0.2s|q2:bing-rss:0:0.1s|q2:bing:0:0.2s|q3:bing-rss:0:0.2s|q3:bing:0:0.1s,no candidates
4325,2510-ONE,One Direction,Our-moment-eau-de-,,,,UNRESOLVED,q1:bing-rss:0:0.1s|q1:bing:0:0.2s|q2:bing-rss:0:0.1s|q2:bing:0:0.2s|q3:bing-rss:0:0.1s|q3:bing:0:0.1s,no candidates
4324,2508-DRC,Dior,Gris,,,,UNRESOLVED,q1:bing-rss:0:0.1s|q1:bing:0:0.2s|q2:bing-rss:0:0.1s|q2:bing:0:0.2s|q3:bing-rss:0:0.1s|q3:bing:0:0.1s,no candidates
4323,2502-MATIE,matiere-premiere,Parisian-musc,,,,UNRESOLVED,q1:bing-rss:0:0.1s|q1:bing:0:0.1s|q2:bing-rss:0:0.2s|q2:bing:0:0.1s|q3:bing-rss:0:0.1s|q3:bing:0:0.1s,no candidates
4322,2498-TOUZ,Tous,Baby Tous,,,,UNRESOLVED,q1:bing-rss:0:0.1s|q1:bing:0:0.1s|q2:bing-rss:0:0.1s|q2:bing:0:0.1s|q3:bing-rss:0:0.2s|q3:bing:0:0.1s,no candidates
4321,2487-PEN,Penhaligons,Terrible-teddy,,,,UNRESOLVED,q1:bing-rss:0:0.1s|q1:bing:0:0.1s|q2:bing-rss:0:0.1s|q2:bing:0:0.2s|q3:bing-rss:0:0.2s|q3:bing:0:0.2s,no candidates
4305,1194-KIL,Kilian,Gold Knight,,,,UNRESOLVED,q1:bing-rss:0:0.1s|q1:bing:0:0.1s|q2:bing-rss:0:0.2s|q2:bing:0:0.1s|q3:bing-rss:0:0.2s|q3:bing:0:0.1s,no candidates
4304,2380-CAR,Carolina Herrera,Very-good-girl-glam,,,,UNRESOLVED,q1:bing-rss:0:0.1s|q1:bing:0:0.1s|q2:bing-rss:0:0.1s|q2:bing:0:0.1s|q3:bing-rss:0:0.1s|q3:bing:0:0.1s,no candidates
4303,2526-KAY,Kayali,Capri in a Bottle Lemon Sugar | 14 Eau de Parfum by Kayali Fragrances,,,,UNRESOLVED,q1:bing-rss:0:0.2s|q1:bing:0:0.1s|q2:bing-rss:0:0.2s|q2:bing:0:0.2s|q3:bing-rss:0:0.2s|q3:bing:0:0.1s|q4:bing-rss:0:0.2s|q4:bing:0:0.1s,no candidates
4289,2524-KAY,Kayali,Marrakesh in a Bottle Orange Blossom 24,,,,UNRESOLVED,q1:bing-rss:0:0.1s|q1:bing:0:0.1s|q2:bing-rss:0:0.2s|q2:bing:0:0.1s|q3:bing-rss:0:0.1s|q3:bing:0:0.2s,no candidates
4288,2559-LAT,Lattafa,Ra'ed Silver Lattafa Perfumes,,,,UNRESOLVED,q1:bing-rss:0:0.1s|q1:bing:0:0.2s|q2:bing-rss:0:0.1s|q2:bing:0:0.1s|q3:bing-rss:0:0.2s|q3:bing:0:0.2s,no candidates
4286,2554-JOM,Jo Malone,Orange-marmalade-orange-peel,,,,UNRESOLVED,q1:bing-rss:0:0.1s|q1:bing:0:0.2s|q2:bing-rss:0:0.1s|q2:bing:0:0.1s|q3:bing-rss:0:0.2s|q3:bing:0:0.3s,no candidates
4285,2556-LAT,Lattafa,Yara Moi Lattafa Perfumes,,,,UNRESOLVED,q1:bing-rss:0:0.2s|q1:bing:0:0.1s|q2:bing-rss:0:0.1s|q2:bing:0:0.1s|q3:bing-rss:0:0.1s|q3:bing:0:0.2s,no candidates
4284,2557-ARIA,Ariana Grande,God-is-a-woman-eau-de-,,,,UNRESOLVED,q1:bing-rss:0:0.1s|q1:bing:0:0.2s|q2:bing-rss:0:0.1s|q2:bing:0:0.1s|q3:bing-rss:0:0.1s|q3:bing:0:0.2s,no candidates
4283,2567-SOL,Sol de Janeiro,Cheirosa-71,,,,UNRESOLVED,q1:bing-rss:0:0.1s|q1:bing:0:0.1s|q2:bing-rss:0:0.2s|q2:bing:0:0.1s|q3:bing-rss:0:0.1s|q3:bing:0:0.1s,no candidates
4281,2546-MEM,memo-paris,Moroccan-leather,,,,UNRESOLVED,q1:bing-rss:0:0.2s|q1:bing:0:0.2s|q2:bing-rss:0:0.1s|q2:bing:0:0.2s|q3:bing-rss:0:0.1s|q3:bing:0:0.2s,no candidates
4280,2545-MEM,memo-paris,Kedu-sesame,,,,UNRESOLVED,q1:bing-rss:0:0.2s|q1:bing:0:0.2s|q2:bing-rss:0:0.1s|q2:bing:0:0.2s|q3:bing-rss:0:0.1s|q3:bing:0:0.3s,no candidates
4279,2536-PRA,Prada,Paradoxe-virtual-flower,,,,UNRESOLVED,q1:bing-rss:0:0.1s|q1:bing:0:0.1s|q2:bing-rss:0:0.2s|q2:bing:0:0.1s|q3:bing-rss:0:0.1s|q3:bing:0:0.7s,no candidates
4278,2569-GOLD,Goldfield & Banks,Ingenious Ginger Goldfield & Banks Australia,,,,UNRESOLVED,q1:bing-rss:0:0.3s|q1:bing:0:0.2s|q2:bing-rss:0:0.1s|q2:bing:0:0.1s|q3:bing-rss:0:0.1s|q3:bing:0:0.2s,no candidates
4277,2571-GOLD,Goldfield & Banks,Silky Woods Goldfield & Banks Australia,,,,UNRESOLVED,q1:bing-rss:0:0.1s|q1:bing:0:0.1s|q2:bing-rss:0:0.1s|q2:bing:0:0.3s|q3:bing-rss:0:0.1s|q3:bing:0:0.2s,no candidates
4274,2563-TMFO,Tom Ford,Rose-exposed,,,,UNRESOLVED,q1:bing-rss:0:0.1s|q1:bing:0:0.2s|q2:bing-rss:0:0.1s|q2:bing:0:0.2s|q3:bing-rss:0:0.2s|q3:bing:0:0.1s,no candidates
4273,2558-LAT,Lattafa,Bade'e Al Oud Sublime Lattafa Perfumes,,,,UNRESOLVED,q1:bing-rss:0:0.2s|q1:bing:0:0.1s|q2:bing-rss:0:0.1s|q2:bing:0:0.2s|q3:bing-rss:0:0.1s|q3:bing:0:0.1s,no candidates
4272,2570-JOM,Jo Malone,English-pear-sweet-pea-,,,,UNRESOLVED,q1:bing-rss:0:0.2s|q1:bing:0:0.3s|q2:bing-rss:0:0.1s|q2:bing:0:0.1s|q3:bing-rss:0:0.1s|q3:bing:0:0.1s,no candidates
4270,2550-ARM,Giorgio Armani,Emporio-armani-stronger-with-you-tobacco,,,,UNRESOLVED,q1:bing-rss:0:0.1s|q1:bing:0:0.1s|q2:bing-rss:0:0.1s|q2:bing:0:0.1s|q3:bing-rss:0:0.1s|q3:bing:0:0.1s,no candidates
4269,2549-MARC,Marc Antoine Barrois,Tilia,,,,UNRESOLVED,q1:bing-rss:0:0.2s|q1:bing:0:0.1s|q2:bing-rss:0:0.1s|q2:bing:0:0.1s|q3:bing-rss:0:0.2s|q3:bing:0:0.1s,no candidates
4264,2534-ARM,Giorgio Armani,Sensi,,,,UNRESOLVED,q1:bing-rss:0:0.1s|q1:bing:0:0.1s|q2:bing-rss:0:0.1s|q2:bing:0:0.2s|q3:bing-rss:0:0.2s|q3:bing:0:0.1s,no candidates
4263,2564-NRO,Narciso Rodriguez,For-her-musc-nude,,,,UNRESOLVED,q1:bing-rss:0:0.1s|q1:bing:0:0.2s|q2:bing-rss:0:0.1s|q2:bing:0:0.2s|q3:bing-rss:0:0.1s|q3:bing:0:0.1s,no candidates
4262,2485-ETLR,Etat Libre d Orange,The-ghost-in-the-shell-1,,,,UNRESOLVED,q1:bing-rss:0:0.1s|q1:bing:0:0.1s|q2:bing-rss:0:0.1s|q2:bing:0:0.1s|q3:bing-rss:0:0.1s|q3:bing:0:0.1s,no candidates
4261,2528-JER,Jeroboam,Gozo,,,,UNRESOLVED,q1:bing-rss:0:0.1s|q1:bing:0:0.1s|q2:bing-rss:0:0.1s|q2:bing:0:0.2s|q3:bing-rss:0:0.1s|q3:bing:0:0.2s,no candidates
4260,2542-FUR,Furla,Autentica Furla for women,,,,UNRESOLVED,q1:bing-rss:0:0.1s|q1:bing:0:0.2s|q2:bing-rss:0:0.3s|q2:bing:0:0.1s|q3:bing-rss:0:0.1s|q3:bing:0:0.1s,no candidates
4259,2531-CAR,Carolina Herrera,Bad-boy-cobalt-elixir,,,,UNRESOLVED,q1:bing-rss:0:0.1s|q1:bing:0:0.1s|q2:bing-rss:0:0.1s|q2:bing:0:0.1s|q3:bing-rss:0:0.1s|q3:bing:0:0.1s,no candidates
4258,2532-PRA,Prada,Cargo-de-nuit,,,,UNRESOLVED,q1:bing-rss:0:0.1s|q1:bing:0:0.2s|q2:bing-rss:0:0.1s|q2:bing:0:0.2s|q3:bing-rss:0:0.1s|q3:bing:0:0.1s,no candidates
4257,2539-CRIVEL,Maison Crivelli,Tubereuse-astrale,,,,UNRESOLVED,q1:bing-rss:0:0.1s|q1:bing:0:0.2s|q2:bing-rss:0:0.2s|q2:bing:0:0.2s|q3:bing-rss:0:0.1s|q3:bing:0:0.2s,no candidates
4256,2538-GUL,Jean Paul Gaultier,Le-male-lover,,,,UNRESOLVED,q1:bing-rss:0:0.1s|q1:bing:0:0.1s|q2:bing-rss:0:0.1s|q2:bing:0:0.2s|q3:bing-rss:0:0.1s|q3:bing:0:0.1s,no candidates
4255,2520-PEN,Penhaligon's,Empressa Eau de Parfum,,,,UNRESOLVED,q1:bing-rss:0:0.1s|q1:bing:0:0.2s|q2:bing-rss:0:0.1s|q2:bing:0:0.1s|q3:bing-rss:0:0.1s|q3:bing:0:0.1s|q4:bing-rss:0:0.1s|q4:bing:0:0.1s,no candidates
4254,2521-SOL,Sol de Janeiro,Carioca-crush,,,,UNRESOLVED,q1:bing-rss:0:0.2s|q1:bing:0:0.2s|q2:bing-rss:0:0.1s|q2:bing:0:0.1s|q3:bing-rss:0:0.1s|q3:bing:0:0.1s,no candidates
4253,2540-COM,Comme des Garons,Concrete,,,,UNRESOLVED,q1:bing-rss:0:0.1s|q1:bing:0:0.1s|q2:bing-rss:0:0.1s|q2:bing:0:0.2s|q3:bing-rss:0:0.1s|q3:bing:0:0.2s,no candidates
4252,2541-STE,Stephane Humbert Lucas,God-of-fire,,,,UNRESOLVED,q1:bing-rss:0:0.1s|q1:bing:0:0.1s|q2:bing-rss:0:0.1s|q2:bing:0:0.1s|q3:bing-rss:0:0.1s|q3:bing:0:0.1s,no candidates
4251,2481-MARG,Maison Margiela,When-the-rain-stops-1,,,,UNRESOLVED,q1:bing-rss:0:0.1s|q1:bing:0:0.1s|q2:bing-rss:0:0.1s|q2:bing:0:0.2s|q3:bing-rss:0:0.1s|q3:bing:0:0.1s,no candidates
4250,2478-MARG,Maison Margiela,Untitled,,,,UNRESOLVED,q1:bing-rss:0:0.2s|q1:bing:0:0.1s|q2:bing-rss:0:0.1s|q2:bing:0:0.1s|q3:bing-rss:0:0.1s|q3:bing:0:0.1s,no candidates
4247,2477-MARG,Maison Margiela,Whispers-in-the-library,,,,UNRESOLVED,q1:bing-rss:0:0.1s|q1:bing:0:0.1s|q2:bing-rss:0:0.1s|q2:bing:0:0.2s|q3:bing-rss:0:0.2s|q3:bing:0:0.1s,no candidates
4246,2476-MARG,Maison Margiela,At-the-barber-s,,,,UNRESOLVED,q1:bing-rss:0:0.1s|q1:bing:0:0.1s|q2:bing-rss:0:0.1s|q2:bing:0:0.1s|q3:bing-rss:0:0.1s|q3:bing:0:0.2s,no candidates
4245,2522-VIC,Viktor Rolf,Spicebomb-dark-leather,,,,UNRESOLVED,q1:bing-rss:0:0.1s|q1:bing:0:0.1s|q2:bing-rss:0:0.1s|q2:bing:0:0.1s|q3:bing-rss:0:0.2s|q3:bing:0:0.1s,no candidates
4244,2519-MNT,Montale,Starry Nights,,,,UNRESOLVED,q1:bing-rss:0:0.1s|q1:bing:0:0.1s|q2:bing-rss:0:0.1s|q2:bing:0:0.1s|q3:bing-rss:0:0.1s|q3:bing:0:0.1s,no candidates
4243,2517-MNTB,Montblanc,Legend-blue,,,,UNRESOLVED,q1:bing-rss:0:0.1s|q1:bing:0:0.1s|q2:bing-rss:0:0.1s|q2:bing:0:0.1s|q3:bing-rss:0:0.1s|q3:bing:0:0.1s,no candidates
4241,2493-SERG,Serge Lutens,Nuit De Cellophane,,,,UNRESOLVED,q1:bing-rss:0:0.1s|q1:bing:0:0.1s|q2:bing-rss:0:0.1s|q2:bing:0:0.1s|q3:bing-rss:0:0.1s|q3:bing:0:0.2s,no candidates
4240,2492-ETLR,Etat Libre d Orange,You-or-someone-like-you,,,,UNRESOLVED,q1:bing-rss:0:0.1s|q1:bing:0:0.2s|q2:bing-rss:0:0.2s|q2:bing:0:0.1s|q3:bing-rss:0:0.2s|q3:bing:0:0.2s,no candidates
4239,2490-MARG,Maison Margiela,On-a-date-1,,,,UNRESOLVED,q1:bing-rss:0:0.1s|q1:bing:0:0.1s|q2:bing-rss:0:0.1s|q2:bing:0:0.2s|q3:bing-rss:0:0.1s|q3:bing:0:0.1s,no candidates
4238,2489-KKWI,KKW Fragrance,Red Lips,,,,UNRESOLVED,q1:bing-rss:0:0.1s|q1:bing:0:0.1s|q2:bing-rss:0:0.1s|q2:bing:0:0.1s|q3:bing-rss:0:0.1s|q3:bing:0:0.1s,no candidates
4237,2488-ANN,Anna Sui,Fantasia Mermaid,,,,UNRESOLVED,q1:bing-rss:0:0.1s|q1:bing:0:0.1s|q2:bing-rss:0:0.1s|q2:bing:0:0.1s|q3:bing-rss:0:0.1s|q3:bing:0:0.1s,no candidates
4236,2486-MA,MAC,Velvet Teddy MAC,,,,UNRESOLVED,q1:bing-rss:0:0.1s|q1:bing:0:0.1s|q2:bing-rss:0:0.1s|q2:bing:0:0.1s|q3:bing-rss:0:0.1s|q3:bing:0:0.1s,no candidates
4233,2480-JUL,Juliette Has a Gun,Anyway,,,,UNRESOLVED,q1:bing-rss:0:0.1s|q1:bing:0:0.1s|q2:bing-rss:0:0.2s|q2:bing:0:0.1s|q3:bing-rss:0:0.2s|q3:bing:0:0.1s,no candidates
4231,2503-JUL,Juliette Has a Gun,Mad Madame,,,,UNRESOLVED,q1:bing-rss:0:0.2s|q1:bing:0:0.1s|q2:bing-rss:0:0.1s|q2:bing:0:0.2s|q3:bing-rss:0:0.1s|q3:bing:0:0.1s,no candidates
4230,2504-JUL,Juliette Has a Gun,Moscow Mule,,,,UNRESOLVED,q1:bing-rss:0:0.1s|q1:bing:0:0.1s|q2:bing-rss:0:0.1s|q2:bing:0:0.1s|q3:bing-rss:0:0.1s|q3:bing:0:0.1s,no candidates
4229,2505-JACFAT,Jacques Fath,Curacao-bay,,,,UNRESOLVED,q1:bing-rss:0:0.1s|q1:bing:0:0.1s|q2:bing-rss:0:0.1s|q2:bing:0:0.1s|q3:bing-rss:0:0.1s|q3:bing:0:0.1s,no candidates
4228,2511-CHA,Chanel,Comete,,,,UNRESOLVED,q1:bing-rss:0:0.1s|q1:bing:0:0.1s|q2:bing-rss:0:0.1s|q2:bing:0:0.1s|q3:bing-rss:0:0.1s|q3:bing:0:0.1s,no candidates
4227,2506-XER,Xerjoff,Muse,,,,UNRESOLVED,q1:bing-rss:1:0.1s|q1:bing:0:0.2s|q2:bing-rss:1:0.1s|q2:bing:0:0.1s,weak best=0.361 brand=1.000 perfume=0.000 seq=0.118 second=0.000
4226,2512-BRB,Burberry,Goddess-eau-de-parfum-intense,,109082,https://www.fragrantica.com/perfume/Burberry/Goddess-Parfum-109082.html,FOUND,q1:bing-rss:0:0.2s|q1:bing:0:0.1s|q2:bing-rss:0:0.1s|q2:bing:0:0.1s|q3:bing-rss:0:0.1s|q3:bing:0:0.1s|q4:bing-rss:2:0.1s|q4:bing:0:0.2s,accepted score=0.920 margin=0.013 clean='Goddess eau de intense'
4224,2515-LAN,Lancome,LA VIE EST BELLE L'ELIXIR,,,,UNRESOLVED,q1:bing-rss:0:0.1s|q1:bing:0:0.1s|q2:bing-rss:0:0.1s|q2:bing:0:0.1s|q3:bing-rss:0:0.1s|q3:bing:0:0.1s,no candidates
4223,2501-LOE,Loewe,Agua Miami,,,,UNRESOLVED,q1:bing-rss:0:0.1s|q1:bing:0:0.2s|q2:bing-rss:0:0.1s|q2:bing:0:0.1s|q3:bing-rss:0:0.1s|q3:bing:0:0.2s,no candidates
4222,2500-BRB,Burberry,Baby Touch,,,,UNRESOLVED,q1:bing-rss:0:0.1s|q1:bing:0:0.2s|q2:bing-rss:0:0.1s|q2:bing:0:0.1s|q3:bing-rss:0:0.9s|q3:bing:0:0.1s,no candidates
4220,2484-ETLR,Etat Libre d Orange,THE AFTERNOON OF A FAUN by ETAT LIBRE D'ORANGE,,,,UNRESOLVED,q1:bing-rss:0:0.1s|q1:bing:0:0.1s|q2:bing-rss:0:0.1s|q2:bing:0:0.1s|q3:bing-rss:0:0.1s|q3:bing:0:0.1s|q4:bing-rss:0:0.1s|q4:bing:0:0.2s,no candidates
4219,2495-ETLR,Etat Libre d Orange,I AM TRASH - LES FLEURS DU DECHET by ETAT LIBRE D'ORANGE,,,,UNRESOLVED,q1:bing-rss:0:0.1s|q1:bing:0:0.1s|q2:bing-rss:0:0.1s|q2:bing:0:0.1s|q3:bing-rss:0:0.1s|q3:bing:0:0.3s|q4:bing-rss:0:0.1s|q4:bing:0:0.2s,no candidates
4218,2496-SERG,Serge Lutens,LA RELIGIEUSE by SERGE LUTENS,,,,UNRESOLVED,q1:bing-rss:0:0.1s|q1:bing:0:0.2s|q2:bing-rss:0:0.1s|q2:bing:0:0.2s|q3:bing-rss:0:0.1s|q3:bing:0:0.2s|q4:bing-rss:0:0.2s|q4:bing:0:0.1s,no candidates
4217,2507-SERG,Serge Lutens,FIVE O CLOCK AU GINGEMBRE by SERGE LUTENS,,,,UNRESOLVED,q1:bing-rss:0:0.2s|q1:bing:0:0.2s|q2:bing-rss:0:0.2s|q2:bing:0:0.3s|q3:bing-rss:0:0.1s|q3:bing:0:0.2s|q4:bing-rss:0:0.1s|q4:bing:0:0.1s,no candidates
4215,,Dior,Sauvage-eau-forte,,,,UNRESOLVED,q1:bing-rss:0:0.1s|q1:bing:0:0.2s|q2:bing-rss:0:0.2s|q2:bing:0:0.1s|q3:bing-rss:0:0.1s|q3:bing:0:0.2s,no candidates
4214,2513-PAC,Rabanne,Million Gold,,,,UNRESOLVED,q1:bing-rss:0:0.1s|q1:bing:0:0.1s|q2:bing-rss:0:0.1s|q2:bing:0:0.1s|q3:bing-rss:0:0.1s|q3:bing:0:0.2s,no candidates
4213,2509-CRIVEL,Maison Crivelli,Oud-maracuja,,,,UNRESOLVED,q1:bing-rss:0:0.2s|q1:bing:0:0.1s|q2:bing-rss:0:0.2s|q2:bing:0:0.1s|q3:bing-rss:0:0.1s|q3:bing:0:0.1s,no candidates
4212,2491-LEL,Le Labo,Baie-19,,57513,https://www.fragrantica.com/perfume/Le-Labo/Baie-19-57513.html,FOUND,q1:bing-rss:1:0.1s|q1:bing:0:0.1s|q2:bing-rss:1:0.1s|q2:bing:0:0.1s,accepted score=1.000 margin=1.000 clean='Baie 19'
4211,2497-XER,Xerjoff,Wardasina,,,,UNRESOLVED,q1:bing-rss:1:0.1s|q1:bing:0:0.3s|q2:bing-rss:1:0.1s|q2:bing:0:0.2s,weak best=0.373 brand=1.000 perfume=0.000 seq=0.182 second=0.000
4210,2474-XER,Xerjoff,Dama Bianca,,,,UNRESOLVED,q1:bing-rss:1:0.1s|q1:bing:0:0.1s|q2:bing-rss:1:0.1s|q2:bing:0:0.2s,weak best=0.355 brand=1.000 perfume=0.000 seq=0.083 second=0.000
4209,2499-VICT,Victoria s Secret,Fresh-snowfall,,,,UNRESOLVED,q1:bing-rss:0:0.2s|q1:bing:0:0.1s|q2:bing-rss:0:0.1s|q2:bing:0:0.1s|q3:bing-rss:0:0.1s|q3:bing:0:0.3s,no candidates
4208,2473-HER,Hermes,Barenia-eau-de-,,,,UNRESOLVED,q1:bing-rss:0:0.1s|q1:bing:0:0.3s|q2:bing-rss:0:0.1s|q2:bing:0:0.1s|q3:bing-rss:0:0.1s|q3:bing:0:0.1s,no candidates
4207,2470-KAY,Kayali,Maui-in-a-bottle-sweet-banana-37,,,,UNRESOLVED,q1:bing-rss:0:0.1s|q1:bing:0:0.1s|q2:bing-rss:0:0.1s|q2:bing:0:0.2s|q3:bing-rss:0:0.1s|q3:bing:0:0.1s,no candidates
4206,2471-SOS,Sospiro,Pasticcio,,,,UNRESOLVED,q1:bing-rss:1:0.1s|q1:bing:0:0.1s|q2:bing-rss:1:0.1s|q2:bing:0:0.1s,weak best=0.408 brand=1.000 perfume=0.000 seq=0.375 second=0.000
4205,2472-VIC,Viktor Rolf,Good-fortune,,,,UNRESOLVED,q1:bing-rss:0:0.2s|q1:bing:0:0.1s|q2:bing-rss:0:0.1s|q2:bing:0:0.1s|q3:bing-rss:0:0.1s|q3:bing:0:0.1s,no candidates
4204,2469-ROJ,Roja Parfums,AMBER AOUD - ROJA DOVE,,,,UNRESOLVED,q1:bing-rss:0:0.2s|q1:bing:0:0.2s|q2:bing-rss:0:0.1s|q2:bing:0:0.2s|q3:bing-rss:0:0.1s|q3:bing:0:0.1s,no candidates
4203,2468-ESPAR,Essential Parfums,Bois Impérial,,64338,https://www.fragrantica.com/perfume/Essential-Parfums/Bois-Imperial-64338.html,FOUND,q1:bing-rss:1:0.1s|q1:bing:0:0.2s|q2:bing-rss:1:0.1s|q2:bing:0:0.2s,accepted score=1.000 margin=1.000 clean='Bois Impérial'
4202,2467-NISH,Nishane,Ege,,,,UNRESOLVED,q1:bing-rss:0:0.1s|q1:bing:0:0.1s|q2:bing-rss:0:0.2s|q2:bing:0:0.1s|q3:bing-rss:0:0.1s|q3:bing:0:0.1s,no candidates
4201,2462-YZLO,Yves Saint Laurent,Libre-flowers-flames,,,,UNRESOLVED,q1:bing-rss:0:0.3s|q1:bing:0:0.2s|q2:bing-rss:0:0.1s|q2:bing:0:0.2s|q3:bing-rss:0:0.1s|q3:bing:0:0.1s,no candidates
4200,2463-GUC,Gucci,Flora-gorgeous-orchid,,,,UNRESOLVED,q1:bing-rss:0:0.2s|q1:bing:0:0.2s|q2:bing-rss:0:0.1s|q2:bing:0:0.1s|q3:bing-rss:0:0.1s|q3:bing:0:0.2s,no candidates
4199,2465-PAC,Rabanne,Strong Me,,,,UNRESOLVED,q1:bing-rss:0:0.1s|q1:bing:0:0.1s|q2:bing-rss:0:0.1s|q2:bing:0:0.1s|q3:bing-rss:0:0.1s|q3:bing:0:0.1s,no candidates
4198,2464-ZAD,Zadig  Voltaire,This-is-really-him,,,,UNRESOLVED,q1:bing-rss:0:0.1s|q1:bing:0:0.1s|q2:bing-rss:0:0.1s|q2:bing:0:0.2s|q3:bing-rss:0:0.2s|q3:bing:0:0.1s,no candidates
4190,2459-MAN,Mancera,Saharian-wind,,,,UNRESOLVED,q1:bing-rss:0:0.1s|q1:bing:0:0.1s|q2:bing-rss:0:0.2s|q2:bing:0:0.1s|q3:bing-rss:0:0.1s|q3:bing:0:0.2s,no candidates
4189,2460-PAC,Rabanne,Olympea-,,,,UNRESOLVED,q1:bing-rss:0:0.2s|q1:bing:0:0.2s|q2:bing-rss:0:0.2s|q2:bing:0:0.1s|q3:bing-rss:0:0.1s|q3:bing:0:0.2s,no candidates
4188,2461-BOD,The Body Shop,Black-musk-night-bloom-eau-de-toilette,,,,UNRESOLVED,q1:bing-rss:0:0.2s|q1:bing:0:0.1s|q2:bing-rss:0:0.1s|q2:bing:0:0.1s|q3:bing-rss:0:0.1s|q3:bing:0:0.1s,no candidates
4187,2456-PAC,Rabanne,Million-gold,,,,UNRESOLVED,q1:bing-rss:0:0.1s|q1:bing:0:0.1s|q2:bing-rss:0:0.1s|q2:bing:0:0.1s|q3:bing-rss:0:0.1s|q3:bing:0:0.1s,no candidates
4186,2455-YZLO,Yves Saint Laurent,Black-opium-eau-de-parfum-over-red,,,,UNRESOLVED,q1:bing-rss:0:0.1s|q1:bing:0:0.1s|q2:bing-rss:0:0.1s|q2:bing:0:0.1s|q3:bing-rss:0:0.1s|q3:bing:0:0.2s|q4:bing-rss:0:0.1s|q4:bing:0:0.1s,no candidates
4185,2454-KIL,Kilian,Can-t-stop-loving-you,,,,UNRESOLVED,q1:bing-rss:0:0.2s|q1:bing:0:0.1s|q2:bing-rss:0:0.1s|q2:bing:0:0.1s|q3:bing-rss:0:0.2s|q3:bing:0:0.1s,no candidates
4183,2451-LEL,Le Labo,Cedrat 37 Berlin,,,,UNRESOLVED,q1:bing-rss:0:0.2s|q1:bing:0:0.1s|q2:bing-rss:0:0.2s|q2:bing:0:0.1s|q3:bing-rss:0:0.1s|q3:bing:0:0.2s,no candidates
4182,2452-JOM,Jo Malone,Cypress-grapevine-cologne-intense,,,,UNRESOLVED,q1:bing-rss:0:0.1s|q1:bing:0:0.1s|q2:bing-rss:0:0.2s|q2:bing:0:0.1s|q3:bing-rss:0:0.1s|q3:bing:0:0.2s,no candidates
4181,2450-PEN,Penhaligons,Alula,,,,UNRESOLVED,q1:bing-rss:0:0.1s|q1:bing:0:0.1s|q2:bing-rss:0:0.1s|q2:bing:0:0.1s|q3:bing-rss:0:0.1s|q3:bing:0:0.2s,no candidates
4180,2432-ROJ,Roja Parfums,DANGER MAN - ROJA DOVE,,,,UNRESOLVED,q1:bing-rss:0:0.1s|q1:bing:0:0.2s|q2:bing-rss:0:0.2s|q2:bing:0:0.1s|q3:bing-rss:0:0.1s|q3:bing:0:0.1s,no candidates
4179,2413-ARIA,Ariana Grande,Thank-u-next-eau-de-,,,,UNRESOLVED,q1:bing-rss:0:0.1s|q1:bing:0:0.1s|q2:bing-rss:0:0.1s|q2:bing:0:0.1s|q3:bing-rss:0:0.1s|q3:bing:0:0.1s,no candidates
4178,2444-ARIA,Ariana Grande,Cloud-pink-eau-de-,,,,UNRESOLVED,q1:bing-rss:0:0.1s|q1:bing:0:0.1s|q2:bing-rss:0:0.2s|q2:bing:0:0.1s|q3:bing-rss:0:0.1s|q3:bing:0:0.2s,no candidates
4177,2446-XER,Xerjoff,Torino23,,,,UNRESOLVED,q1:bing-rss:1:0.1s|q1:bing:0:0.1s|q2:bing-rss:1:0.1s|q2:bing:0:0.1s,weak best=0.357 brand=1.000 perfume=0.000 seq=0.095 second=0.000
4176,2447-MARC,Marc-Antoine Barrois,Ganymede Extrait,,,,UNRESOLVED,q1:bing-rss:0:0.1s|q1:bing:0:0.1s|q2:bing-rss:0:0.1s|q2:bing:0:0.1s|q3:bing-rss:0:0.1s|q3:bing:0:0.1s,no candidates
4175,2445-CAR,Carolina Herrera,Good-girl-dazzling-garden,,,,UNRESOLVED,q1:bing-rss:0:0.1s|q1:bing:0:0.1s|q2:bing-rss:0:0.1s|q2:bing:0:0.1s|q3:bing-rss:0:0.1s|q3:bing:0:0.1s,no candidates
4174,2443-BRB,Burberry,Her-elixir-de-,,,,UNRESOLVED,q1:bing-rss:0:0.1s|q1:bing:0:0.2s|q2:bing-rss:0:0.1s|q2:bing:0:0.1s|q3:bing-rss:0:0.1s|q3:bing:0:0.2s,no candidates
4172,2441-PANTRO,Pantheon Roma,DOLCE PASSIONE - PANTHEON ROMA,,,,UNRESOLVED,q1:bing-rss:0:0.1s|q1:bing:0:0.1s|q2:bing-rss:0:0.2s|q2:bing:0:0.2s|q3:bing-rss:0:0.2s|q3:bing:0:0.2s,no candidates
4171,2440-MARC,Marc-Antoine Barrois,ENCELADE - MARC ANTONIE BARROIS,,,,UNRESOLVED,q1:bing-rss:0:0.1s|q1:bing:0:0.3s|q2:bing-rss:0:0.1s|q2:bing:0:0.1s|q3:bing-rss:0:0.1s|q3:bing:0:0.2s,no candidates
4170,2431-ROJ,Roja Parfums,MUSK AOUD - ROJA DOVE,,,,UNRESOLVED,q1:bing-rss:0:0.1s|q1:bing:0:0.1s|q2:bing-rss:0:0.1s|q2:bing:0:0.1s|q3:bing-rss:0:0.1s|q3:bing:0:0.2s,no candidates
4168,2442-PAC,Rabanne,Invictus-victory-elixir,,,,UNRESOLVED,q1:bing-rss:0:0.2s|q1:bing:0:0.1s|q2:bing-rss:0:0.1s|q2:bing:0:0.2s|q3:bing-rss:0:0.1s|q3:bing:0:0.1s,no candidates
4166,2437-MELA,Melanie Martinez,CRY BABY PERFUME MILK - MELANIE MARTINEZ,,,,UNRESOLVED,q1:bing-rss:0:0.1s|q1:bing:0:0.2s|q2:bing-rss:0:0.1s|q2:bing:0:0.1s|q3:bing-rss:0:0.2s|q3:bing:0:0.2s,no candidates
4165,2397-CRD,Creed,Queen-of-silk,,,,UNRESOLVED,q1:bing-rss:0:0.2s|q1:bing:0:0.1s|q2:bing-rss:0:0.1s|q2:bing:0:0.1s|q3:bing-rss:0:0.1s|q3:bing:0:0.1s,no candidates
4163,2426-MARG,Maison Margiela,Beach-walk,,,,UNRESOLVED,q1:bing-rss:0:0.1s|q1:bing:0:0.4s|q2:bing-rss:0:0.1s|q2:bing:0:0.1s|q3:bing-rss:0:0.2s|q3:bing:0:0.2s,no candidates
4162,2425-LEL,Le Labo,GAIAC 10 TOKYO - LE LABO,,,,UNRESOLVED,q1:bing-rss:0:0.1s|q1:bing:0:0.3s|q2:bing-rss:0:0.1s|q2:bing:0:0.1s|q3:bing-rss:0:0.2s|q3:bing:0:0.3s,no candidates
4161,2424-GUR,Guerlain,Aqua Allegoria Pera Granita,,,,UNRESOLVED,q1:bing-rss:0:0.1s|q1:bing:0:0.2s|q2:bing-rss:0:0.1s|q2:bing:0:0.1s|q3:bing-rss:0:0.2s|q3:bing:0:0.1s,no candidates
4160,2419-BAT,Bath Body Works,Pink Coconut Calypso,,,,UNRESOLVED,q1:bing-rss:0:0.2s|q1:bing:0:0.2s|q2:bing-rss:0:0.1s|q2:bing:0:0.3s|q3:bing-rss:0:0.1s|q3:bing:0:0.2s,no candidates
4159,2415-ESC,Escada,SEXY GRAFFITY - ESCADA,,,,UNRESOLVED,q1:bing-rss:0:0.1s|q1:bing:0:0.2s|q2:bing-rss:0:0.1s|q2:bing:0:0.2s|q3:bing-rss:0:0.1s|q3:bing:0:0.2s,no candidates
4158,2416-HER,Hermes,Un Jardin Apres La Mousson,,,,UNRESOLVED,q1:bing-rss:0:0.1s|q1:bing:0:0.2s|q2:bing-rss:0:0.1s|q2:bing:0:0.1s|q3:bing-rss:0:0.1s|q3:bing:0:0.2s,no candidates
4157,2429-JUL,Juliette Has A Gun,Musc Invisible,,,,UNRESOLVED,q1:bing-rss:0:0.2s|q1:bing:0:0.1s|q2:bing-rss:0:0.1s|q2:bing:0:0.1s|q3:bing-rss:0:0.1s|q3:bing:0:0.2s,no candidates
4156,2430-CELI,Celine,Parade,,57918,https://www.fragrantica.com/perfume/Celine/Parade-57918.html,FOUND,q1:bing-rss:1:0.1s|q1:bing:0:0.2s|q2:bing-rss:1:0.1s|q2:bing:0:0.1s,accepted score=1.000 margin=1.000 clean='Parade'
4155,2414-DIP,Diptyque,Ilio-eau-de-toilette,,,,UNRESOLVED,q1:bing-rss:0:0.1s|q1:bing:0:0.1s|q2:bing-rss:0:0.1s|q2:bing:0:0.1s|q3:bing-rss:0:0.1s|q3:bing:0:0.1s,no candidates
4154,2417-ACQ,Acqua di Parma,Arancia-di-capri,,,,UNRESOLVED,q1:bing-rss:0:0.1s|q1:bing:0:0.1s|q2:bing-rss:0:0.2s|q2:bing:0:0.2s|q3:bing-rss:0:0.1s|q3:bing:0:0.1s,no candidates
4153,2423-ACQ,Acqua di Parma,Ginepro-di-sardegna,,,,UNRESOLVED,q1:bing-rss:0:0.2s|q1:bing:0:0.1s|q2:bing-rss:0:0.1s|q2:bing:0:0.2s|q3:bing-rss:0:0.1s|q3:bing:0:0.1s,no candidates
4152,2418-ACQ,Acqua di Parma,VANIGLIA SIGNATURE,,,,UNRESOLVED,q1:bing-rss:0:0.1s|q1:bing:0:0.2s|q2:bing-rss:0:0.1s|q2:bing:0:0.1s|q3:bing-rss:0:0.1s|q3:bing:0:0.1s,no candidates
4151,2428-MARG,Maison Margiela,Coffee-break,,,,UNRESOLVED,q1:bing-rss:0:0.1s|q1:bing:0:0.1s|q2:bing-rss:0:0.1s|q2:bing:0:0.1s|q3:bing-rss:0:0.1s|q3:bing:0:0.1s,no candidates
4150,2436-PHL,Phlur,Missing Person,,,,UNRESOLVED,q1:bing-rss:0:0.2s|q1:bing:0:0.2s|q2:bing-rss:0:0.1s|q2:bing:0:0.2s|q3:bing-rss:0:0.1s|q3:bing:0:0.2s,no candidates
4149,2412-LAT,Lattafa,YARA - LATTAFA,,76880,https://www.fragrantica.com/perfume/Lattafa-Perfumes/Yara-76880.html,FOUND,q1:bing-rss:1:0.1s|q1:bing:0:0.2s|q2:bing-rss:1:0.2s|q2:bing:0:0.1s,accepted score=1.000 margin=1.000 clean='yara'
4148,2372-GUR,Guerlain,Aqua-allegoria-florabloom,,,,UNRESOLVED,q1:bing-rss:0:0.1s|q1:bing:0:0.1s|q2:bing-rss:0:0.1s|q2:bing:0:0.2s|q3:bing-rss:0:0.2s|q3:bing:0:0.1s,no candidates
4147,2411-JAME,James Heeley,COCCOBELLO - JAMES HEELEY,,,,UNRESOLVED,q1:bing-rss:0:0.1s|q1:bing:0:0.2s|q2:bing-rss:0:0.2s|q2:bing:0:0.1s|q3:bing-rss:0:0.1s|q3:bing:0:0.1s,no candidates
5083,2816-MOOD,Mood London,Blonde Maracuja Mood London,,,,UNRESOLVED,q1:bing-rss:0:0.2s|q1:ddg-html:0:0.6s|q1:bing:0:0.2s|q2:bing-rss:0:0.1s|q2:ddg-html:10:0.7s,weak best=0.387 brand=0.000 perfume=0.500 seq=0.815 second=0.360
4654,2698-SOL,Sol de Janeiro,Beijos-de-sol,,,,UNRESOLVED,q1:bing-rss:0:0.2s|q1:ddg-html:0:0.2s|q1:bing:0:0.2s|q2:bing-rss:0:0.1s|q2:ddg-html:0:0.1s|q2:bing:0:0.1s|q3:bing-rss:0:0.1s|q3:ddg-html:0:0.1s|q3:bing:0:0.1s,no candidates
4653,2692-SOL,Sol de Janeiro,Cheirosa-87-rio-radiance-tan-lines,,,,UNRESOLVED,q1:bing-rss:0:0.3s|q1:ddg-html:0:0.1s|q1:bing:0:0.2s|q2:bing-rss:0:0.1s|q2:ddg-html:0:0.1s|q2:bing:0:0.2s|q3:bing-rss:0:0.1s|q3:ddg-html:0:0.1s|q3:bing:0:0.1s,no candidates
4651,2691-SOL,Sol de Janeiro,Cheirosa-39-coco-cabana-cheirosa-39,,,,UNRESOLVED,q1:bing-rss:0:0.1s|q1:ddg-html:0:0.1s|q1:bing:0:0.2s|q2:bing-rss:0:0.1s|q2:ddg-html:0:0.1s|q2:bing:0:0.2s|q3:bing-rss:0:0.1s|q3:ddg-html:0:0.2s|q3:bing:0:0.1s,no candidates
4650,2700-BLG,Bvlgari,Le-gemme-amunae,,,,UNRESOLVED,q1:bing-rss:0:0.1s|q1:ddg-html:0:0.1s|q1:bing:0:0.1s|q2:bing-rss:0:0.2s|q2:ddg-html:0:0.2s|q2:bing:0:0.2s|q3:bing-rss:0:0.1s|q3:ddg-html:0:0.1s|q3:bing:0:0.2s,no candidates
4649,2696-AMG,Amouage,Decision,,,,UNRESOLVED,q1:bing-rss:0:0.2s|q1:ddg-html:0:0.1s|q1:bing:0:0.3s|q2:bing-rss:0:0.1s|q2:ddg-html:0:0.1s|q2:bing:0:0.1s|q3:bing-rss:0:0.2s|q3:ddg-html:0:0.1s|q3:bing:0:0.2s,no candidates
4648,2689-LAT,Lattafa,Khamrah Qahwa Lattafa Perfumes,,,,UNRESOLVED,q1:bing-rss:0:0.3s|q1:ddg-html:0:0.1s|q1:bing:0:0.1s|q2:bing-rss:0:0.1s|q2:ddg-html:0:0.2s|q2:bing:0:0.2s|q3:bing-rss:0:0.1s|q3:ddg-html:0:0.1s|q3:bing:0:0.1s,no candidates
4647,2690-NISH,Nishane,Oudous-lux-solis,,,,UNRESOLVED,q1:bing-rss:0:0.1s|q1:ddg-html:0:0.1s|q1:bing:0:0.2s|q2:bing-rss:0:0.2s|q2:ddg-html:0:0.1s|q2:bing:0:0.7s|q3:bing-rss:0:0.2s|q3:ddg-html:0:0.1s|q3:bing:0:0.1s,no candidates
4646,2699-RIT,Rituals,Ayurveda Rituals,,,,UNRESOLVED,q1:bing-rss:0:0.1s|q1:ddg-html:0:0.1s|q1:bing:0:0.1s|q2:bing-rss:0:0.1s|q2:ddg-html:0:0.1s|q2:bing:0:0.2s|q3:bing-rss:0:0.1s|q3:ddg-html:0:0.1s|q3:bing:0:0.1s,no candidates
4645,2697-RIT,Rituals,Karma Rituals,,,,UNRESOLVED,q1:bing-rss:0:0.1s|q1:ddg-html:0:0.1s|q1:bing:0:0.2s|q2:bing-rss:0:0.1s|q2:ddg-html:0:0.1s|q2:bing:0:0.2s|q3:bing-rss:0:0.1s|q3:ddg-html:0:0.1s|q3:bing:0:0.1s,no candidates
4644,2687-GRIT,Gritti,Mango-aoud,,,,UNRESOLVED,q1:bing-rss:0:0.1s|q1:ddg-html:0:0.1s|q1:bing:0:0.2s|q2:bing-rss:0:0.1s|q2:ddg-html:0:0.1s|q2:bing:0:0.2s|q3:bing-rss:0:0.2s|q3:ddg-html:0:0.1s|q3:bing:0:0.1s,no candidates
4642,2702-DIP,Diptyque,Chantilly,,,,UNRESOLVED,q1:bing-rss:0:0.1s|q1:ddg-html:0:0.1s|q1:bing:0:0.1s|q2:bing-rss:0:0.1s|q2:ddg-html:0:0.1s|q2:bing:0:0.4s|q3:bing-rss:0:0.2s|q3:ddg-html:0:0.1s|q3:bing:0:0.1s,no candidates
4640,2701-DIP,Diptyque,Cafe Verlet,,,,UNRESOLVED,q1:bing-rss:0:0.1s|q1:ddg-html:0:0.1s|q1:bing:0:0.2s|q2:bing-rss:0:0.1s|q2:ddg-html:0:0.1s|q2:bing:0:0.2s|q3:bing-rss:0:0.1s|q3:ddg-html:0:0.1s|q3:bing:0:0.1s,no candidates
4639,2686-GIV,Givenchy,L-interdit-tubereuse-noire,,,,UNRESOLVED,q1:bing-rss:0:0.1s|q1:ddg-html:0:0.1s|q1:bing:0:0.1s|q2:bing-rss:0:0.1s|q2:ddg-html:0:0.1s|q2:bing:0:0.1s|q3:bing-rss:0:0.1s|q3:ddg-html:0:0.1s|q3:bing:0:0.1s,no candidates
4638,2685-FRAG,Fragrance Du Bois,Rude-cherry,,,,UNRESOLVED,q1:bing-rss:0:0.1s|q1:ddg-html:0:0.1s|q1:bing:0:0.2s|q2:bing-rss:0:0.1s|q2:ddg-html:0:0.1s|q2:bing:0:0.1s|q3:bing-rss:0:0.2s|q3:ddg-html:0:0.1s|q3:bing:0:0.1s,no candidates
4637,2684-CLIV,Clive Christian,Jump Up And Kiss Me Hedonistic (2021) Clive Christian,,,,UNRESOLVED,q1:bing-rss:0:0.1s|q1:ddg-html:0:0.1s|q1:bing:0:0.1s|q2:bing-rss:0:0.2s|q2:ddg-html:0:0.1s|q2:bing:0:0.2s|q3:bing-rss:0:0.1s|q3:ddg-html:0:0.1s|q3:bing:0:0.2s|q4:bing-rss:0:0.1s|q4:ddg-html:0:0.1s|q4:bing:0:0.1s,no candidates
4623,1654-ACQ,Acqua di Parma,Colonia 1916,,,,UNRESOLVED,q1:bing-rss:0:0.1s|q1:ddg-html:0:0.1s|q1:bing:0:0.1s|q2:bing-rss:0:0.1s|q2:ddg-html:0:0.1s|q2:bing:0:0.2s|q3:bing-rss:0:0.1s|q3:ddg-html:0:0.1s|q3:bing:0:0.1s|q4:bing-rss:0:0.1s|q4:ddg-html:0:0.1s|q4:bing:0:0.1s,no candidates
4593,2683-CLIV,Clive Christian,E-cashmere-musk,,,,UNRESOLVED,q1:bing-rss:0:0.1s|q1:ddg-html:0:0.1s|q1:bing:0:0.1s|q2:bing-rss:0:0.1s|q2:ddg-html:ERR:HTTPError|q2:bing:0:0.1s|q3:bing-rss:0:0.1s|q3:ddg-html:ERR:HTTPError|q3:bing:0:0.1s,no candidates
4592,2682-BDIK,BDK Parfums,Gris Charnel Eau de Parfum,,,,UNRESOLVED,q1:bing-rss:0:0.1s|q1:ddg-html:ERR:HTTPError|ddg-html:DISABLED|q1:bing:0:0.2s|q2:bing-rss:0:0.2s|q2:bing:0:0.1s|q3:bing-rss:0:0.1s|q3:bing:0:0.2s|q4:bing-rss:0:0.1s|q4:bing:0:0.1s,no candidates
4591,2681-ARB,Arabian Oud,Madawi-40-years-gold-edition,,,,UNRESOLVED,q1:bing-rss:0:0.1s|q1:bing:0:0.1s|q2:bing-rss:0:0.1s|q2:bing:0:0.2s|q3:bing-rss:0:0.1s|q3:bing:0:0.2s,no candidates
4539,2678-PARF,Parfums de Marly,Palatine,,,,UNRESOLVED,q1:bing-rss:0:0.1s|q1:bing:0:0.1s|q2:bing-rss:0:0.1s|q2:bing:0:0.1s|q3:bing-rss:0:0.1s|q3:bing:0:0.1s,no candidates
4527,2674-MICA,Martine Micallef,Note Poudree,,,,UNRESOLVED,q1:bing-rss:0:0.1s|q1:bing:0:0.2s|q2:bing-rss:0:0.2s|q2:bing:0:0.2s|q3:bing-rss:0:0.1s|q3:bing:0:0.1s,no candidates
4526,2673-ARB,Arabian Oud,Al-fareed,,,,UNRESOLVED,q1:bing-rss:0:0.1s|q1:bing:0:0.1s|q2:bing-rss:0:0.1s|q2:bing:0:0.2s|q3:bing-rss:0:0.2s|q3:bing:0:0.1s,no candidates
4525,2672-MEM,memo-paris,Abu-dhabi,,,,UNRESOLVED,q1:bing-rss:0:0.1s|q1:bing:0:0.1s|q2:bing-rss:0:0.1s|q2:bing:0:0.1s|q3:bing-rss:0:0.2s|q3:bing:0:0.2s,no candidates
4524,2671-KIL,Kilian,Cruel Intentions,,,,UNRESOLVED,q1:bing-rss:0:0.1s|q1:bing:0:0.1s|q2:bing-rss:0:1.1s|q2:bing:0:0.1s|q3:bing-rss:0:0.1s|q3:bing:0:0.2s,no candidates
4523,2670-CRD,Creed,Eladaria,,,,UNRESOLVED,q1:bing-rss:0:0.1s|q1:bing:0:0.1s|q2:bing-rss:0:0.1s|q2:bing:0:0.1s|q3:bing-rss:0:0.1s|q3:bing:0:0.2s,no candidates
4522,2659-MNT,Montale,Sensual Instinct,,,,UNRESOLVED,q1:bing-rss:0:0.1s|q1:bing:0:0.2s|q2:bing-rss:0:0.1s|q2:bing:0:0.1s|q3:bing-rss:0:0.1s|q3:bing:0:0.2s,no candidates
4521,2657-CRD,Creed,Fragaria,,,,UNRESOLVED,q1:bing-rss:0:0.1s|q1:bing:0:0.1s|q2:bing-rss:0:0.1s|q2:bing:0:0.1s|q3:bing-rss:0:0.1s|q3:bing:0:0.1s,no candidates
4520,2656-LAN,Lancome,Idole-power,,,,UNRESOLVED,q1:bing-rss:0:0.1s|q1:bing:0:0.1s|q2:bing-rss:0:0.1s|q2:bing:0:0.1s|q3:bing-rss:0:0.1s|q3:bing:0:0.2s,no candidates
4519,2655-MNT,Montale,Dallachai,,,,UNRESOLVED,q1:bing-rss:0:0.1s|q1:bing:0:0.2s|q2:bing-rss:0:0.1s|q2:bing:0:0.1s|q3:bing-rss:0:0.1s|q3:bing:0:0.1s,no candidates
4518,2654-KUR,Maison Francis Kurkdjian,Kurky-eau-de-,,,,UNRESOLVED,q1:bing-rss:0:0.1s|q1:bing:0:0.2s|q2:bing-rss:0:0.1s|q2:bing:0:0.2s|q3:bing-rss:0:0.1s|q3:bing:0:0.2s,no candidates
4517,2653-YZLO,Yves Saint Laurent,Black-opium-eau-de-parfum-glitter,,,,UNRESOLVED,q1:bing-rss:0:0.1s|q1:bing:0:0.1s|q2:bing-rss:0:0.1s|q2:bing:0:0.1s|q3:bing-rss:0:0.1s|q3:bing:0:0.1s|q4:bing-rss:0:0.1s|q4:bing:0:0.1s,no candidates
4492,1145-GUC,Gucci,Gucci Pour Homme 2003,,,,UNRESOLVED,q1:bing-rss:0:0.1s|q1:bing:0:0.1s|q2:bing-rss:0:0.2s|q2:bing:0:0.1s|q3:bing-rss:0:0.1s|q3:bing:0:0.1s|q4:bing-rss:0:0.2s|q4:bing:0:0.2s,no candidates
4490,2646-PEN,Penhaligons,The Dandy,,,,UNRESOLVED,q1:bing-rss:0:0.1s|q1:bing:0:0.1s|q2:bing-rss:0:0.1s|q2:bing:0:0.2s|q3:bing-rss:0:0.2s|q3:bing:0:0.2s,no candidates
4486,2458-LTN,Louis Vuitton,LV Lovers,,,,UNRESOLVED,q1:bing-rss:0:0.1s|q1:bing:0:0.1s|q2:bing-rss:0:0.2s|q2:bing:0:0.1s|q3:bing-rss:0:0.1s|q3:bing:0:0.1s,no candidates
4485,2615-ARMA,Armaf,Odyssey-dubai-chocolat,,,,UNRESOLVED,q1:bing-rss:0:0.1s|q1:bing:0:0.2s|q2:bing-rss:0:0.1s|q2:bing:0:0.1s|q3:bing-rss:0:0.1s|q3:bing:0:0.1s,no candidates
4484,2648-FUGA,Fugazzi,Vanilla Haze Eau de Parfum,,,,UNRESOLVED,q1:bing-rss:0:0.1s|q1:bing:0:0.2s|q2:bing-rss:0:0.1s|q2:bing:0:0.1s|q3:bing-rss:0:0.1s|q3:bing:0:0.1s|q4:bing-rss:0:0.1s|q4:bing:0:0.1s,no candidates
4483,2658-CHA,Chanel,Sycomore-,,,,UNRESOLVED,q1:bing-rss:0:0.2s|q1:bing:0:0.2s|q2:bing-rss:0:0.1s|q2:bing:0:0.1s|q3:bing-rss:0:0.1s|q3:bing:0:0.2s,no candidates
4482,2616-TMU,mugler,Alien-extraintense,,,,UNRESOLVED,q1:bing-rss:0:0.1s|q1:bing:0:0.3s|q2:bing-rss:0:0.1s|q2:bing:0:0.1s|q3:bing-rss:0:0.1s|q3:bing:0:0.1s,no candidates
4480,2617-DOL,Dolce & Gabbana,Devotion Pour Homme,,,,UNRESOLVED,q1:bing-rss:0:0.2s|q1:bing:0:0.1s|q2:bing-rss:0:0.1s|q2:bing:0:0.1s|q3:bing-rss:0:0.1s|q3:bing:0:0.1s|q4:bing-rss:0:0.1s|q4:bing:0:0.1s,no candidates
4478,2621-CHAR,Charlotte Tilbury,More-sex,,,,UNRESOLVED,q1:bing-rss:0:0.1s|q1:bing:0:0.1s|q2:bing-rss:0:0.1s|q2:bing:0:0.1s|q3:bing-rss:0:0.2s|q3:bing:0:0.1s,no candidates
4444,2649-BORN,Borntostandout,Naked Laundry,,,,UNRESOLVED,q1:bing-rss:0:0.1s|q1:bing:0:0.1s|q2:bing-rss:0:0.1s|q2:bing:0:0.1s|q3:bing-rss:0:0.1s|q3:bing:0:0.1s,no candidates
4443,2620-CHAR,Charlotte Tilbury,Cosmic-power,,,,UNRESOLVED,q1:bing-rss:0:0.1s|q1:bing:0:0.1s|q2:bing-rss:0:0.2s|q2:bing:0:0.2s|q3:bing-rss:0:0.2s|q3:bing:0:0.2s,no candidates
4436,2623-NES,Nest,Santa-barbara-strawberry-eau-de-,,,,UNRESOLVED,q1:bing-rss:0:0.1s|q1:bing:0:0.2s|q2:bing-rss:0:0.1s|q2:bing:0:0.1s|q3:bing-rss:0:0.1s|q3:bing:0:0.2s,no candidates
4435,2614-AMG,Amouage,Guidance 46 Amouagee,,,,UNRESOLVED,q1:bing-rss:0:0.1s|q1:bing:0:0.1s|q2:bing-rss:0:0.1s|q2:bing:0:0.2s|q3:bing-rss:0:0.1s|q3:bing:0:0.2s,no candidates
4434,2624-BLG,Bvlgari,Rock-n-rome,,,,UNRESOLVED,q1:bing-rss:0:0.1s|q1:bing:0:0.1s|q2:bing-rss:0:0.1s|q2:bing:0:0.1s|q3:bing-rss:0:0.1s|q3:bing:0:0.1s,no candidates
4433,2626-JOM,Jo Malone,English Oak  Redcurrant,,,,UNRESOLVED,q1:bing-rss:0:0.1s|q1:bing:0:0.2s|q2:bing-rss:0:0.1s|q2:bing:0:0.1s|q3:bing-rss:0:0.1s|q3:bing:0:0.2s,no candidates
4432,2625-GUR,Guerlain,L Instant De Guerlain Pour Homme,,,,UNRESOLVED,q1:bing-rss:0:0.1s|q1:bing:0:0.1s|q2:bing-rss:0:0.2s|q2:bing:0:0.1s|q3:bing-rss:0:0.1s|q3:bing:0:0.1s|q4:bing-rss:0:0.1s|q4:bing:0:0.1s,no candidates
4431,2633-KUR,Maison Francis Kurkdjian,Petit Matin,,,,UNRESOLVED,q1:bing-rss:0:0.1s|q1:bing:0:0.1s|q2:bing-rss:0:0.1s|q2:bing:0:0.1s|q3:bing-rss:0:0.2s|q3:bing:0:0.2s,no candidates
4430,2611-KAY,Kayali,Elixir 11 Kayali Fragrances,,,,UNRESOLVED,q1:bing-rss:0:0.1s|q1:bing:0:0.1s|q2:bing-rss:0:0.1s|q2:bing:0:0.1s|q3:bing-rss:0:0.1s|q3:bing:0:0.1s,no candidates
4428,2612-LUS,Lush,Sticky Dates Lush,,,,UNRESOLVED,q1:bing-rss:0:0.1s|q1:bing:0:0.2s|q2:bing-rss:0:0.2s|q2:bing:0:0.1s|q3:bing-rss:0:0.1s|q3:bing:0:0.1s,no candidates
4424,2641-LAT,Lattafa,Eclaire Lattafa Perfumes,,,,UNRESOLVED,q1:bing-rss:0:0.1s|q1:bing:0:0.1s|q2:bing-rss:0:0.1s|q2:bing:0:0.1s|q3:bing-rss:0:0.2s|q3:bing:0:0.1s,no candidates
4423,2630-SOS,Sospiro,Erba-pura-magica,,,,UNRESOLVED,q1:bing-rss:1:0.2s|q1:bing:0:0.1s|q2:bing-rss:1:0.1s|q2:bing:0:0.1s,weak best=0.387 brand=1.000 perfume=0.000 seq=0.261 second=0.000
4422,2627-LTN,Louis Vuitton,Météore,,,,UNRESOLVED,q1:bing-rss:0:0.1s|q1:bing:0:0.2s|q2:bing-rss:0:0.2s|q2:bing:0:0.1s|q3:bing-rss:0:0.1s|q3:bing:0:0.1s,no candidates
4421,2608-KIL,Kilian,A Taste Of Heaven,,,,UNRESOLVED,q1:bing-rss:0:0.1s|q1:bing:0:0.1s|q2:bing-rss:0:0.1s|q2:bing:0:0.2s|q3:bing-rss:0:0.2s|q3:bing:0:0.1s,no candidates
4420,2609-TMFO,Tom Ford,Opaline Hyacinth,,,,UNRESOLVED,q1:bing-rss:0:0.1s|q1:bing:0:0.1s|q2:bing-rss:0:0.2s|q2:bing:0:0.1s|q3:bing-rss:0:0.1s|q3:bing:0:0.2s,no candidates
4419,2605-ARM,Giorgio Armani,Figuier Eden,,,,UNRESOLVED,q1:bing-rss:0:0.1s|q1:bing:0:0.2s|q2:bing-rss:0:0.1s|q2:bing:0:0.1s|q3:bing-rss:0:0.2s|q3:bing:0:0.1s,no candidates
4418,2610-JUL,Juliette Has a Gun,Not-a-perfume-superdose,,,,UNRESOLVED,q1:bing-rss:0:0.1s|q1:bing:0:0.1s|q2:bing-rss:0:0.1s|q2:bing:0:0.1s|q3:bing-rss:0:0.1s|q3:bing:0:0.1s|q4:bing-rss:0:0.1s|q4:bing:0:0.2s,no candidates
4417,2632-BDIK,BDK Parfums,Velvet Tonka Eau de Parfum,,,,UNRESOLVED,q1:bing-rss:0:0.1s|q1:bing:0:0.1s|q2:bing-rss:0:0.1s|q2:bing:0:0.1s|q3:bing-rss:0:0.1s|q3:bing:0:0.2s|q4:bing-rss:0:0.1s|q4:bing:0:0.1s,no candidates
4416,2629-PEN,Penhaligons,Sports-car-club,,,,UNRESOLVED,q1:bing-rss:0:0.1s|q1:bing:0:0.1s|q2:bing-rss:0:0.1s|q2:bing:0:0.1s|q3:bing-rss:0:0.1s|q3:bing:0:0.1s,no candidates
4415,2628-PEN,Penhaligons,Roaring-radcliff,,,,UNRESOLVED,q1:bing-rss:0:0.1s|q1:bing:0:0.1s|q2:bing-rss:0:0.3s|q2:bing:0:0.1s|q3:bing-rss:0:0.2s|q3:bing:0:0.2s,no candidates
4414,2631-TMFO,Tom Ford,Black-lacquer,,,,UNRESOLVED,q1:bing-rss:0:0.1s|q1:bing:0:0.1s|q2:bing-rss:0:0.2s|q2:bing:0:0.2s|q3:bing-rss:0:0.2s|q3:bing:0:0.1s,no candidates
4413,2639-TRU,Trussardi,Trussardi-donna-pink-marina,,,,UNRESOLVED,q1:bing-rss:0:0.1s|q1:bing:0:0.1s|q2:bing-rss:0:0.2s|q2:bing:0:0.1s|q3:bing-rss:0:0.1s|q3:bing:0:0.2s,no candidates
4412,2636-YZLO,Yves Saint Laurent,Black Opium Baby Cat Collector,,,,UNRESOLVED,q1:bing-rss:0:0.2s|q1:bing:0:0.2s|q2:bing-rss:0:0.1s|q2:bing:0:0.1s|q3:bing-rss:0:0.2s|q3:bing:0:0.2s,no candidates
4411,2635-SOL,Sol de Janeiro,Cheirosa-76-after-hours,,,,UNRESOLVED,q1:bing-rss:0:0.1s|q1:bing:0:0.1s|q2:bing-rss:0:0.1s|q2:bing:0:0.2s|q3:bing-rss:0:0.2s|q3:bing:0:0.1s,no candidates
4410,2634-NRO,Narciso Rodriguez,Essence,,,,UNRESOLVED,q1:bing-rss:0:0.1s|q1:bing:0:0.2s|q2:bing-rss:0:0.1s|q2:bing:0:0.1s|q3:bing-rss:0:0.2s|q3:bing:0:0.1s,no candidates
4409,2638-KEN,Kenzo,Jungle Le Tigre,,,,UNRESOLVED,q1:bing-rss:0:0.1s|q1:bing:0:0.1s|q2:bing-rss:0:0.1s|q2:bing:0:0.1s|q3:bing-rss:0:0.1s|q3:bing:0:0.1s,no candidates
4406,2603-JUL,Juliette Has a Gun,Lust-for-sun,,,,UNRESOLVED,q1:bing-rss:0:0.1s|q1:bing:0:0.1s|q2:bing-rss:0:0.1s|q2:bing:0:0.2s|q3:bing-rss:0:0.1s|q3:bing:0:0.2s,no candidates
4395,2575-XER,Xerjoff,Deified Tony Iommi Parfum,,,,UNRESOLVED,q1:bing-rss:1:0.1s|q1:bing:0:0.2s|q2:bing-rss:1:0.1s|q2:bing:0:0.1s,weak best=0.363 brand=1.000 perfume=0.000 seq=0.129 second=0.000
4392,2607-TMU,mugler,Angel Eau Croisiere,,,,UNRESOLVED,q1:bing-rss:0:0.1s|q1:bing:0:0.1s|q2:bing-rss:0:0.1s|q2:bing:0:0.1s|q3:bing-rss:0:0.1s|q3:bing:0:0.2s,no candidates
4391,2602-TMU,mugler,Angel Garden Of Stars - Violette Angel,,,,UNRESOLVED,q1:bing-rss:0:0.1s|q1:bing:0:0.1s|q2:bing-rss:0:0.1s|q2:bing:0:0.2s|q3:bing-rss:0:0.1s|q3:bing:0:0.2s,no candidates
4390,2601-TMU,mugler,Angel Passion Star,,,,UNRESOLVED,q1:bing-rss:0:0.1s|q1:bing:0:0.2s|q2:bing-rss:0:0.1s|q2:bing:0:0.1s|q3:bing-rss:0:0.1s|q3:bing:0:0.1s,no candidates
4389,2600-TMU,mugler,Angel Lily,,,,UNRESOLVED,q1:bing-rss:0:0.2s|q1:bing:0:0.2s|q2:bing-rss:0:0.1s|q2:bing:0:0.1s|q3:bing-rss:0:0.1s|q3:bing:0:0.1s,no candidates
4388,2375-ESC,Escada,Brisa Cubana Escada,,,,UNRESOLVED,q1:bing-rss:0:0.1s|q1:bing:0:0.1s|q2:bing-rss:0:0.1s|q2:bing:0:0.1s|q3:bing-rss:0:0.1s|q3:bing:0:0.1s,no candidates
4387,1702-KUR,Maison Francis Kurkdjian,Oud,,,,UNRESOLVED,q1:bing-rss:0:0.1s|q1:bing:0:0.1s|q2:bing-rss:0:0.1s|q2:bing:0:0.3s|q3:bing-rss:0:0.2s|q3:bing:0:0.1s,no candidates
4385,2438-KYLJ,kylie-cosmetics,Cosmic-kylie-jenner-eau-de-,,,,UNRESOLVED,q1:bing-rss:0:0.1s|q1:bing:0:0.1s|q2:bing-rss:0:0.1s|q2:bing:0:0.1s|q3:bing-rss:0:0.1s|q3:bing:0:0.2s,no candidates
4375,2562-JUSB,Jusbox,Beat Cafe,,,,UNRESOLVED,q1:bing-rss:0:0.1s|q1:bing:0:0.1s|q2:bing-rss:0:0.1s|q2:bing:0:0.1s|q3:bing-rss:0:0.1s|q3:bing:0:0.1s,no candidates
4374,2560-JUSB,Jusbox,Siren-amp-sailors,,,,UNRESOLVED,q1:bing-rss:0:0.1s|q1:bing:0:0.1s|q2:bing-rss:0:0.1s|q2:bing:0:0.1s|q3:bing-rss:0:0.1s|q3:bing:0:0.2s,no candidates
4373,2555-BON,Bond No 9,Tribeca,,,,UNRESOLVED,q1:bing-rss:0:0.1s|q1:bing:0:0.1s|q2:bing-rss:0:0.1s|q2:bing:0:0.2s|q3:bing-rss:0:0.1s|q3:bing:0:0.1s,no candidates
4372,2583-INI,Initio,Paragon Initio Parfums,,,,UNRESOLVED,q1:bing-rss:0:0.1s|q1:bing:0:0.1s|q2:bing-rss:0:0.1s|q2:bing:0:0.2s|q3:bing-rss:0:0.1s|q3:bing:0:0.1s,no candidates
4371,2582-PIER,Pierre Balmain,Carbone Pierre Balmain type,,,,UNRESOLVED,q1:bing-rss:0:0.2s|q1:bing:0:0.2s|q2:bing-rss:0:0.1s|q2:bing:0:0.2s|q3:bing-rss:0:0.3s|q3:bing:0:0.2s,no candidates
4370,2581-GUR,Guerlain,Vanille-planifolia-extrait-21,,,,UNRESOLVED,q1:bing-rss:0:0.1s|q1:bing:0:0.1s|q2:bing-rss:0:0.1s|q2:bing:0:0.2s|q3:bing-rss:0:0.2s|q3:bing:0:0.2s,no candidates
4369,2584-GIV,Givenchy,Eau de,,,,UNRESOLVED,q1:bing-rss:0:0.1s|q1:bing:0:0.2s|q2:bing-rss:0:0.1s|q2:bing:0:0.1s,no candidates
4368,2585-SOL,Sol de Janeiro,Summer-e-amor,,,,UNRESOLVED,q1:bing-rss:0:0.2s|q1:bing:0:0.1s|q2:bing-rss:0:0.1s|q2:bing:0:0.1s|q3:bing-rss:0:0.1s|q3:bing:0:0.2s,no candidates
4367,2586-DIP,Diptyque,Biscuit DIP,,,,UNRESOLVED,q1:bing-rss:0:0.1s|q1:bing:0:0.1s|q2:bing-rss:0:0.1s|q2:bing:0:0.3s|q3:bing-rss:0:0.1s|q3:bing:0:0.2s,no candidates
4366,2587-MAR,Marc Jacobs,Daisy Dream Sunshine,,,,UNRESOLVED,q1:bing-rss:0:0.2s|q1:bing:0:0.1s|q2:bing-rss:0:0.1s|q2:bing:0:0.2s|q3:bing-rss:0:0.1s|q3:bing:0:0.2s,no candidates
4365,2553-BON,Bond No 9,Andy Warhol,,,,UNRESOLVED,q1:bing-rss:0:0.1s|q1:bing:0:0.2s|q2:bing-rss:0:0.1s|q2:bing:0:0.2s|q3:bing-rss:0:0.1s|q3:bing:0:0.1s,no candidates
4363,2529-VER,Versace,L'Homme Eau de Toilette (Eau de Toilette),,,,UNRESOLVED,q1:bing-rss:0:0.1s|q1:bing:0:0.2s|q2:bing-rss:0:0.1s|q2:bing:0:0.1s|q3:bing-rss:0:0.1s|q3:bing:0:0.1s|q4:bing-rss:0:0.1s|q4:bing:0:0.2s,no candidates
4362,2537-DRC,Dior,Miss Parfum (2024),,,,UNRESOLVED,q1:bing-rss:0:0.1s|q1:bing:0:0.2s|q2:bing-rss:0:0.2s|q2:bing:0:0.1s|q3:bing-rss:0:0.1s|q3:bing:0:0.2s|q4:bing-rss:0:0.2s|q4:bing:0:0.2s,no candidates
4361,2535-DRC,Dior,J'adore L'Or (2023),,,,UNRESOLVED,q1:bing-rss:0:0.2s|q1:bing:0:0.2s|q2:bing-rss:0:0.1s|q2:bing:0:0.1s|q3:bing-rss:0:0.1s|q3:bing:0:0.1s|q4:bing-rss:0:0.1s|q4:bing:0:0.2s,no candidates
4360,2533-RAL,Ralph Lauren,Safari,,,,UNRESOLVED,q1:bing-rss:0:0.1s|q1:bing:0:0.1s|q2:bing-rss:0:0.1s|q2:bing:0:0.2s|q3:bing-rss:0:0.1s|q3:bing:0:0.2s,no candidates
4359,2580-KAY,Kayali,Yum Boujee Marshmallow | 81 Kayali Fragrances,,,,UNRESOLVED,q1:bing-rss:0:0.1s|q1:bing:0:0.1s|q2:bing-rss:0:0.1s|q2:bing:0:0.2s|q3:bing-rss:0:0.1s|q3:bing:0:0.1s,no candidates
4358,2579-SOS,Sospiro,Maraschino Sospiro Perfumes,,,,UNRESOLVED,q1:bing-rss:1:0.1s|q1:bing:0:0.1s|q2:bing-rss:1:0.1s|q2:bing:0:0.1s,weak best=0.372 brand=1.000 perfume=0.000 seq=0.176 second=0.000
4357,2578-DON,DKNY,Dkny-24-7,,,,UNRESOLVED,q1:bing-rss:0:0.1s|q1:bing:0:0.1s|q2:bing-rss:0:0.1s|q2:bing:0:0.2s|q3:bing-rss:0:0.1s|q3:bing:0:0.1s,no candidates
4356,2577-DOL,Dolce Gabbana,Devotion-eau-de-parfum-intense,,,,UNRESOLVED,q1:bing-rss:0:0.1s|q1:bing:0:0.1s|q2:bing-rss:0:0.1s|q2:bing:0:0.1s|q3:bing-rss:0:0.2s|q3:bing:0:0.1s|q4:bing-rss:0:0.1s|q4:bing:0:0.1s,no candidates
4355,2576-TMFO,Tom Ford,Eau-d-ombre-leather,,,,UNRESOLVED,q1:bing-rss:0:0.1s|q1:bing:0:0.2s|q2:bing-rss:0:0.1s|q2:bing:0:0.1s|q3:bing-rss:0:0.1s|q3:bing:0:0.2s,no candidates
4353,2574-MEM,memo-paris,Cappadocia,,,,UNRESOLVED,q1:bing-rss:0:0.1s|q1:bing:0:0.1s|q2:bing-rss:0:0.1s|q2:bing:0:0.1s|q3:bing-rss:0:0.2s|q3:bing:0:0.2s,no candidates
4352,2573-KAY,Kayali,Maldives in a Bottle Ylang Coco | 20 Eau de Parfum Kayali Fragrances,,,,UNRESOLVED,q1:bing-rss:0:0.1s|q1:bing:0:0.2s|q2:bing-rss:0:0.1s|q2:bing:0:0.1s|q3:bing-rss:0:0.1s|q3:bing:0:0.1s|q4:bing-rss:0:0.1s|q4:bing:0:0.2s,no candidates
4351,2572-KUR,Maison Francis Kurkdjian,APOM Eau de Parfum,,,,UNRESOLVED,q1:bing-rss:0:0.1s|q1:bing:0:0.2s|q2:bing-rss:0:0.1s|q2:bing:0:0.1s|q3:bing-rss:0:0.1s|q3:bing:0:0.1s|q4:bing-rss:0:0.1s|q4:bing:0:0.2s,no candidates
4350,2597-TMFO,Tom Ford,Amber-intrigue,,,,UNRESOLVED,q1:bing-rss:0:0.1s|q1:bing:0:0.1s|q2:bing-rss:0:0.1s|q2:bing:0:0.1s|q3:bing-rss:0:0.4s|q3:bing:0:0.1s,no candidates
4349,2596-PEN,Penhaligons,Halfeti-cedar,,,,UNRESOLVED,q1:bing-rss:0:0.1s|q1:bing:0:0.1s|q2:bing-rss:0:0.2s|q2:bing:0:0.1s|q3:bing-rss:0:0.2s|q3:bing:0:0.2s,no candidates
4348,2595-INI,Initio,Mystic Experience Initio Parfums,,,,UNRESOLVED,q1:bing-rss:0:0.1s|q1:bing:0:0.1s|q2:bing-rss:0:0.1s|q2:bing:0:0.1s|q3:bing-rss:0:0.2s|q3:bing:0:0.2s,no candidates
4347,2594-HUG,Hugo Boss,Boss Bottled Oud Saffron,,,,UNRESOLVED,q1:bing-rss:0:0.1s|q1:bing:0:0.3s|q2:bing-rss:0:0.1s|q2:bing:0:0.1s|q3:bing-rss:0:0.1s|q3:bing:0:0.2s,no candidates
4346,2593-HUG,Hugo Boss,Boss-bottled-elixir,,,,UNRESOLVED,q1:bing-rss:0:0.1s|q1:bing:0:0.2s|q2:bing-rss:0:0.1s|q2:bing:0:0.1s|q3:bing-rss:0:0.2s|q3:bing:0:0.1s,no candidates
4345,2592-GOLD,Goldfield & Banks,Pacific Rock Moss Goldfield & Banks Australia,,,,UNRESOLVED,q1:bing-rss:0:0.1s|q1:bing:0:0.1s|q2:bing-rss:0:0.1s|q2:bing:0:0.1s|q3:bing-rss:0:0.1s|q3:bing:0:0.2s,no candidates
4344,2591-CRD,Creed,Acqua Fiorentina,,,,UNRESOLVED,q1:bing-rss:0:0.1s|q1:bing:0:0.2s|q2:bing-rss:0:0.1s|q2:bing:0:0.1s|q3:bing-rss:0:0.1s|q3:bing:0:0.2s,no candidates
4343,2590-BYRP,Byron Parfums,Mula-mula-rouge-extreme,,,,UNRESOLVED,q1:bing-rss:0:0.1s|q1:bing:0:0.1s|q2:bing-rss:0:0.1s|q2:bing:0:0.1s|q3:bing-rss:0:0.2s|q3:bing:0:0.1s,no candidates
4342,2589-BYRP,Byron Parfums,Mula-mula-double-caramel,,,,UNRESOLVED,q1:bing-rss:0:0.2s|q1:bing:0:0.1s|q2:bing-rss:0:0.1s|q2:bing:0:0.1s|q3:bing-rss:0:0.2s|q3:bing:0:0.2s,no candidates
4341,2588-BLG,Bvlgari,Le Gemme  Onekh,,,,UNRESOLVED,q1:bing-rss:0:0.2s|q1:bing:0:0.1s|q2:bing-rss:0:0.1s|q2:bing:0:0.1s|q3:bing-rss:0:0.1s|q3:bing:0:0.2s,no candidates
4340,2568-GIV,Givenchy,L-interdit-eau-de-parfum-rouge-ultime,,,,UNRESOLVED,q1:bing-rss:0:0.1s|q1:bing:0:0.2s|q2:bing-rss:0:0.1s|q2:bing:0:0.3s|q3:bing-rss:0:0.2s|q3:bing:0:0.1s|q4:bing-rss:0:0.2s|q4:bing:0:0.1s,no candidates
4338,2565-GUC,Gucci,Guilty-elixir-de-parfum-pour-homme,,,,UNRESOLVED,q1:bing-rss:0:0.1s|q1:bing:0:0.2s|q2:bing-rss:0:0.1s|q2:bing:0:0.2s|q3:bing-rss:0:0.1s|q3:bing:0:0.1s|q4:bing-rss:0:0.1s|q4:bing:0:0.1s,no candidates
4337,2561-SOM,somens,Capriccio,,,,UNRESOLVED,q1:bing-rss:0:0.1s|q1:bing:0:0.1s|q2:bing-rss:0:0.1s|q2:bing:0:0.1s|q3:bing-rss:0:0.1s|q3:bing:0:0.1s,no candidates
4336,2551-PAR,paris-corner,Khair-fusion-eau-de-,,,,UNRESOLVED,q1:bing-rss:0:0.2s|q1:bing:0:0.1s|q2:bing-rss:0:0.1s|q2:bing:0:0.1s|q3:bing-rss:0:0.1s|q3:bing:0:0.1s,no candidates
4333,2544-ACQ,Acqua di Parma,Magnolia Nobile,,,,UNRESOLVED,q1:bing-rss:0:0.1s|q1:bing:0:0.1s|q2:bing-rss:0:0.1s|q2:bing:0:0.1s|q3:bing-rss:0:0.1s|q3:bing:0:0.1s,no candidates
4332,2543-HUG,Hugo Boss,The-scent-magnetic-for-him,,,,UNRESOLVED,q1:bing-rss:0:0.1s|q1:bing:0:0.2s|q2:bing-rss:0:0.1s|q2:bing:0:0.1s|q3:bing-rss:0:0.1s|q3:bing:0:0.1s,no candidates
4330,2525-CAR,Carolina Herrera,Good-girl-eau-de-parfum-supreme,,,,UNRESOLVED,q1:bing-rss:0:0.1s|q1:bing:0:0.2s|q2:bing-rss:0:0.1s|q2:bing:0:0.1s|q3:bing-rss:0:0.1s|q3:bing:0:0.2s|q4:bing-rss:0:0.1s|q4:bing:0:0.2s,no candidates
4329,2523-KIL,Kilian,Sacred Wood,,,,UNRESOLVED,q1:bing-rss:0:0.1s|q1:bing:0:0.1s|q2:bing-rss:0:0.1s|q2:bing:0:0.2s|q3:bing-rss:0:0.1s|q3:bing:0:0.1s,no candidates
4328,2548-RIT,Rituals,Hammam Rituals,,,,UNRESOLVED,q1:bing-rss:0:0.1s|q1:bing:0:0.1s|q2:bing-rss:0:0.1s|q2:bing:0:0.2s|q3:bing-rss:0:0.1s|q3:bing:0:0.2s,no candidates
4327,2547-KUR,Maison Francis Kurkdjian,Aqua Universalis Eau de Toilette,,,,UNRESOLVED,q1:bing-rss:0:0.1s|q1:bing:0:0.2s|q2:bing-rss:0:0.1s|q2:bing:0:0.2s|q3:bing-rss:0:0.1s|q3:bing:0:0.3s|q4:bing-rss:0:0.1s|q4:bing:0:0.1s,no candidates
4326,2516-GUL,Jean Paul Gaultier,Scandal-pour-homme-absolu,,,,UNRESOLVED,q1:bing-rss:0:0.1s|q1:bing:0:0.1s|q2:bing-rss:0:0.1s|q2:bing:0:0.2s|q3:bing-rss:0:0.2s|q3:bing:0:0.1s,no candidates
4325,2510-ONE,One Direction,Our-moment-eau-de-,,,,UNRESOLVED,q1:bing-rss:0:0.1s|q1:bing:0:0.1s|q2:bing-rss:0:0.1s|q2:bing:0:0.2s|q3:bing-rss:0:0.1s|q3:bing:0:0.1s,no candidates
4324,2508-DRC,Dior,Gris,,,,UNRESOLVED,q1:bing-rss:0:0.1s|q1:bing:0:0.1s|q2:bing-rss:0:0.1s|q2:bing:0:0.1s|q3:bing-rss:0:0.1s|q3:bing:0:0.1s,no candidates
4323,2502-MATIE,matiere-premiere,Parisian-musc,,,,UNRESOLVED,q1:bing-rss:0:0.1s|q1:bing:0:0.1s|q2:bing-rss:0:0.1s|q2:bing:0:0.1s|q3:bing-rss:0:0.3s|q3:bing:0:0.1s,no candidates
4322,2498-TOUZ,Tous,Baby Tous,,,,UNRESOLVED,q1:bing-rss:0:0.1s|q1:bing:0:0.1s|q2:bing-rss:0:0.1s|q2:bing:0:0.1s|q3:bing-rss:0:0.1s|q3:bing:0:0.1s,no candidates
4321,2487-PEN,Penhaligons,Terrible-teddy,,,,UNRESOLVED,q1:bing-rss:0:0.2s|q1:bing:0:0.1s|q2:bing-rss:0:0.1s|q2:bing:0:0.1s|q3:bing-rss:0:0.1s|q3:bing:0:0.1s,no candidates
4305,1194-KIL,Kilian,Gold Knight,,,,UNRESOLVED,q1:bing-rss:0:0.1s|q1:bing:0:0.1s|q2:bing-rss:0:0.1s|q2:bing:0:0.1s|q3:bing-rss:0:0.1s|q3:bing:0:0.1s,no candidates
4304,2380-CAR,Carolina Herrera,Very-good-girl-glam,,,,UNRESOLVED,q1:bing-rss:0:0.1s|q1:bing:0:0.2s|q2:bing-rss:0:0.1s|q2:bing:0:0.2s|q3:bing-rss:0:0.1s|q3:bing:0:0.1s,no candidates
4303,2526-KAY,Kayali,Capri in a Bottle Lemon Sugar | 14 Eau de Parfum by Kayali Fragrances,,,,UNRESOLVED,q1:bing-rss:0:0.1s|q1:bing:0:0.1s|q2:bing-rss:0:0.1s|q2:bing:0:0.2s|q3:bing-rss:0:0.1s|q3:bing:0:0.1s|q4:bing-rss:0:0.1s|q4:bing:0:0.2s,no candidates
4289,2524-KAY,Kayali,Marrakesh in a Bottle Orange Blossom 24,,94203,https://www.fragrantica.com/perfume/Kayali-Fragrances/Marrakesh-in-a-Bottle-Orange-Blossom-24-Eau-de-Parfum-94203.html,FOUND,q1:bing-rss:0:0.2s|q1:bing:0:0.2s|q2:bing-rss:0:0.1s|q2:bing:0:0.1s|q3:bing-rss:1:0.1s|q3:bing:0:0.1s,accepted score=0.973 margin=0.973 clean='Marrakesh in a Bottle Orange Blossom 24'
4288,2559-LAT,Lattafa,Ra'ed Silver Lattafa Perfumes,,,,UNRESOLVED,q1:bing-rss:0:0.1s|q1:bing:0:0.2s|q2:bing-rss:0:0.2s|q2:bing:0:0.2s|q3:bing-rss:0:0.1s|q3:bing:0:0.1s,no candidates
4286,2554-JOM,Jo Malone,Orange-marmalade-orange-peel,,,,UNRESOLVED,q1:bing-rss:0:0.1s|q1:bing:0:0.1s|q2:bing-rss:0:0.1s|q2:bing:0:0.1s|q3:bing-rss:0:0.1s|q3:bing:0:0.2s,no candidates
4285,2556-LAT,Lattafa,Yara Moi Lattafa Perfumes,,,,UNRESOLVED,q1:bing-rss:0:0.1s|q1:bing:0:0.2s|q2:bing-rss:0:0.1s|q2:bing:0:0.2s|q3:bing-rss:0:0.1s|q3:bing:0:0.2s,no candidates
4284,2557-ARIA,Ariana Grande,God-is-a-woman-eau-de-,,,,UNRESOLVED,q1:bing-rss:0:0.1s|q1:bing:0:0.2s|q2:bing-rss:0:0.1s|q2:bing:0:0.2s|q3:bing-rss:0:0.1s|q3:bing:0:0.2s,no candidates
4283,2567-SOL,Sol de Janeiro,Cheirosa-71,,,,UNRESOLVED,q1:bing-rss:0:0.1s|q1:bing:0:0.1s|q2:bing-rss:0:0.1s|q2:bing:0:0.1s|q3:bing-rss:0:0.2s|q3:bing:0:0.1s,no candidates
4281,2546-MEM,memo-paris,Moroccan-leather,,,,UNRESOLVED,q1:bing-rss:0:0.1s|q1:bing:0:0.2s|q2:bing-rss:0:0.2s|q2:bing:0:0.1s|q3:bing-rss:0:0.1s|q3:bing:0:0.2s,no candidates
4280,2545-MEM,memo-paris,Kedu-sesame,,,,UNRESOLVED,q1:bing-rss:0:0.1s|q1:bing:0:0.2s|q2:bing-rss:0:0.2s|q2:bing:0:0.2s|q3:bing-rss:0:0.1s|q3:bing:0:0.1s,no candidates
4279,2536-PRA,Prada,Paradoxe-virtual-flower,,,,UNRESOLVED,q1:bing-rss:0:0.1s|q1:bing:0:0.1s|q2:bing-rss:0:0.1s|q2:bing:0:0.2s|q3:bing-rss:0:0.1s|q3:bing:0:0.1s,no candidates
4278,2569-GOLD,Goldfield & Banks,Ingenious Ginger Goldfield & Banks Australia,,,,UNRESOLVED,q1:bing-rss:0:0.1s|q1:bing:0:0.1s|q2:bing-rss:0:0.1s|q2:bing:0:0.2s|q3:bing-rss:0:0.1s|q3:bing:0:0.1s,no candidates
4277,2571-GOLD,Goldfield & Banks,Silky Woods Goldfield & Banks Australia,,,,UNRESOLVED,q1:bing-rss:0:0.1s|q1:bing:0:0.2s|q2:bing-rss:0:0.1s|q2:bing:0:0.1s|q3:bing-rss:0:0.1s|q3:bing:0:0.1s,no candidates
4274,2563-TMFO,Tom Ford,Rose-exposed,,,,UNRESOLVED,q1:bing-rss:0:0.1s|q1:bing:0:0.1s|q2:bing-rss:0:0.1s|q2:bing:0:0.1s|q3:bing-rss:0:0.2s|q3:bing:0:0.1s,no candidates
4273,2558-LAT,Lattafa,Bade'e Al Oud Sublime Lattafa Perfumes,,,,UNRESOLVED,q1:bing-rss:0:0.1s|q1:bing:0:0.2s|q2:bing-rss:0:0.1s|q2:bing:0:0.1s|q3:bing-rss:0:0.1s|q3:bing:0:0.2s,no candidates
4272,2570-JOM,Jo Malone,English-pear-sweet-pea-,,,,UNRESOLVED,q1:bing-rss:0:0.1s|q1:bing:0:0.1s|q2:bing-rss:0:0.1s|q2:bing:0:0.1s|q3:bing-rss:0:0.2s|q3:bing:0:0.1s,no candidates
4270,2550-ARM,Giorgio Armani,Emporio-armani-stronger-with-you-tobacco,,,,UNRESOLVED,q1:bing-rss:0:0.1s|q1:bing:0:0.3s|q2:bing-rss:0:0.1s|q2:bing:0:0.1s|q3:bing-rss:0:0.1s|q3:bing:0:0.2s,no candidates
4269,2549-MARC,Marc Antoine Barrois,Tilia,,,,UNRESOLVED,q1:bing-rss:0:0.1s|q1:bing:0:0.2s|q2:bing-rss:0:0.1s|q2:bing:0:0.2s|q3:bing-rss:0:0.1s|q3:bing:0:0.1s,no candidates
4264,2534-ARM,Giorgio Armani,Sensi,,,,UNRESOLVED,q1:bing-rss:0:0.1s|q1:bing:0:0.1s|q2:bing-rss:0:0.1s|q2:bing:0:0.1s|q3:bing-rss:0:0.2s|q3:bing:0:0.2s,no candidates
4263,2564-NRO,Narciso Rodriguez,For-her-musc-nude,,,,UNRESOLVED,q1:bing-rss:0:0.2s|q1:bing:0:0.2s|q2:bing-rss:0:0.1s|q2:bing:0:0.1s|q3:bing-rss:0:0.1s|q3:bing:0:0.1s,no candidates
4262,2485-ETLR,Etat Libre d Orange,The-ghost-in-the-shell-1,,,,UNRESOLVED,q1:bing-rss:0:0.2s|q1:bing:0:0.1s|q2:bing-rss:0:0.1s|q2:bing:0:0.2s|q3:bing-rss:0:0.1s|q3:bing:0:0.2s,no candidates
4261,2528-JER,Jeroboam,Gozo,,,,UNRESOLVED,q1:bing-rss:0:0.1s|q1:bing:0:0.1s|q2:bing-rss:0:0.1s|q2:bing:0:0.1s|q3:bing-rss:0:0.1s|q3:bing:0:0.2s,no candidates
4260,2542-FUR,Furla,Autentica Furla for women,,,,UNRESOLVED,q1:bing-rss:0:0.2s|q1:bing:0:0.1s|q2:bing-rss:0:0.2s|q2:bing:0:0.1s|q3:bing-rss:0:0.1s|q3:bing:0:0.3s,no candidates
4259,2531-CAR,Carolina Herrera,Bad-boy-cobalt-elixir,,,,UNRESOLVED,q1:bing-rss:0:0.1s|q1:bing:0:0.1s|q2:bing-rss:0:0.1s|q2:bing:0:0.1s|q3:bing-rss:0:0.1s|q3:bing:0:0.1s,no candidates
4258,2532-PRA,Prada,Cargo-de-nuit,,,,UNRESOLVED,q1:bing-rss:0:0.1s|q1:bing:0:0.1s|q2:bing-rss:0:0.1s|q2:bing:0:0.2s|q3:bing-rss:0:0.2s|q3:bing:0:0.1s,no candidates
4257,2539-CRIVEL,Maison Crivelli,Tubereuse-astrale,,,,UNRESOLVED,q1:bing-rss:0:0.1s|q1:bing:0:0.1s|q2:bing-rss:0:0.1s|q2:bing:0:0.1s|q3:bing-rss:0:0.1s|q3:bing:0:0.2s,no candidates
4256,2538-GUL,Jean Paul Gaultier,Le-male-lover,,,,UNRESOLVED,q1:bing-rss:0:0.1s|q1:bing:0:0.1s|q2:bing-rss:0:0.1s|q2:bing:0:0.2s|q3:bing-rss:0:0.3s|q3:bing:0:0.2s,no candidates
4255,2520-PEN,Penhaligon's,Empressa Eau de Parfum,,,,UNRESOLVED,q1:bing-rss:0:0.1s|q1:bing:0:0.1s|q2:bing-rss:0:0.1s|q2:bing:0:0.2s|q3:bing-rss:0:0.1s|q3:bing:0:0.2s|q4:bing-rss:0:0.1s|q4:bing:0:0.1s,no candidates
4254,2521-SOL,Sol de Janeiro,Carioca-crush,,,,UNRESOLVED,q1:bing-rss:0:0.1s|q1:bing:0:0.1s|q2:bing-rss:0:0.1s|q2:bing:0:0.1s|q3:bing-rss:0:0.2s|q3:bing:0:0.1s,no candidates
4253,2540-COM,Comme des Garons,Concrete,,,,UNRESOLVED,q1:bing-rss:0:0.1s|q1:bing:0:0.2s|q2:bing-rss:0:0.1s|q2:bing:0:0.1s|q3:bing-rss:0:0.1s|q3:bing:0:0.1s,no candidates
4252,2541-STE,Stephane Humbert Lucas,God-of-fire,,,,UNRESOLVED,q1:bing-rss:0:0.1s|q1:bing:0:0.2s|q2:bing-rss:0:0.1s|q2:bing:0:0.1s|q3:bing-rss:0:0.1s|q3:bing:0:0.1s,no candidates
4251,2481-MARG,Maison Margiela,When-the-rain-stops-1,,,,UNRESOLVED,q1:bing-rss:0:0.1s|q1:bing:0:0.2s|q2:bing-rss:0:0.1s|q2:bing:0:0.2s|q3:bing-rss:0:0.1s|q3:bing:0:0.1s,no candidates
4250,2478-MARG,Maison Margiela,Untitled,,,,UNRESOLVED,q1:bing-rss:0:0.2s|q1:bing:0:0.2s|q2:bing-rss:0:0.1s|q2:bing:0:0.2s|q3:bing-rss:0:0.2s|q3:bing:0:0.2s,no candidates
4247,2477-MARG,Maison Margiela,Whispers-in-the-library,,,,UNRESOLVED,q1:bing-rss:0:0.1s|q1:bing:0:0.1s|q2:bing-rss:0:0.2s|q2:bing:0:0.2s|q3:bing-rss:0:0.1s|q3:bing:0:0.2s,no candidates
4246,2476-MARG,Maison Margiela,At-the-barber-s,,,,UNRESOLVED,q1:bing-rss:0:0.1s|q1:bing:0:0.1s|q2:bing-rss:0:0.1s|q2:bing:0:0.1s|q3:bing-rss:0:0.1s|q3:bing:0:0.1s,no candidates
4245,2522-VIC,Viktor Rolf,Spicebomb-dark-leather,,,,UNRESOLVED,q1:bing-rss:0:0.1s|q1:bing:0:0.1s|q2:bing-rss:0:0.2s|q2:bing:0:0.3s|q3:bing-rss:0:0.1s|q3:bing:0:0.2s,no candidates
4244,2519-MNT,Montale,Starry Nights,,,,UNRESOLVED,q1:bing-rss:0:0.1s|q1:bing:0:0.2s|q2:bing-rss:0:0.1s|q2:bing:0:0.1s|q3:bing-rss:0:0.1s|q3:bing:0:0.2s,no candidates
4243,2517-MNTB,Montblanc,Legend-blue,,,,UNRESOLVED,q1:bing-rss:0:0.1s|q1:bing:0:0.2s|q2:bing-rss:0:0.1s|q2:bing:0:0.1s|q3:bing-rss:0:0.1s|q3:bing:0:0.2s,no candidates
4241,2493-SERG,Serge Lutens,Nuit De Cellophane,,,,UNRESOLVED,q1:bing-rss:0:0.1s|q1:bing:0:0.1s|q2:bing-rss:0:0.1s|q2:bing:0:0.2s|q3:bing-rss:0:0.1s|q3:bing:0:0.3s,no candidates
4240,2492-ETLR,Etat Libre d Orange,You-or-someone-like-you,,,,UNRESOLVED,q1:bing-rss:0:0.1s|q1:bing:0:0.2s|q2:bing-rss:0:0.1s|q2:bing:0:0.1s|q3:bing-rss:0:0.1s|q3:bing:0:0.1s,no candidates
4239,2490-MARG,Maison Margiela,On-a-date-1,,,,UNRESOLVED,q1:bing-rss:0:0.1s|q1:bing:0:0.2s|q2:bing-rss:0:0.1s|q2:bing:0:0.1s|q3:bing-rss:0:0.1s|q3:bing:0:0.1s,no candidates
4238,2489-KKWI,KKW Fragrance,Red Lips,,,,UNRESOLVED,q1:bing-rss:0:0.1s|q1:bing:0:0.1s|q2:bing-rss:0:0.1s|q2:bing:0:0.1s|q3:bing-rss:0:0.1s|q3:bing:0:0.1s,no candidates
4237,2488-ANN,Anna Sui,Fantasia Mermaid,,,,UNRESOLVED,q1:bing-rss:0:0.1s|q1:bing:0:0.1s|q2:bing-rss:0:0.1s|q2:bing:0:0.2s|q3:bing-rss:0:0.1s|q3:bing:0:0.2s,no candidates
4236,2486-MA,MAC,Velvet Teddy MAC,,,,UNRESOLVED,q1:bing-rss:0:0.1s|q1:bing:0:0.2s|q2:bing-rss:0:0.2s|q2:bing:0:0.3s|q3:bing-rss:0:0.1s|q3:bing:0:0.2s,no candidates
4233,2480-JUL,Juliette Has a Gun,Anyway,,,,UNRESOLVED,q1:bing-rss:0:0.1s|q1:bing:0:0.3s|q2:bing-rss:0:0.2s|q2:bing:0:0.2s|q3:bing-rss:0:0.1s|q3:bing:0:0.1s,no candidates
4231,2503-JUL,Juliette Has a Gun,Mad Madame,,,,UNRESOLVED,q1:bing-rss:0:0.3s|q1:bing:0:0.1s|q2:bing-rss:0:0.2s|q2:bing:0:0.1s|q3:bing-rss:0:0.1s|q3:bing:0:0.1s,no candidates
4230,2504-JUL,Juliette Has a Gun,Moscow Mule,,,,UNRESOLVED,q1:bing-rss:0:0.1s|q1:bing:0:0.2s|q2:bing-rss:0:0.2s|q2:bing:0:0.2s|q3:bing-rss:0:0.1s|q3:bing:0:0.2s,no candidates
4229,2505-JACFAT,Jacques Fath,Curacao-bay,,,,UNRESOLVED,q1:bing-rss:0:0.1s|q1:bing:0:0.1s|q2:bing-rss:0:0.1s|q2:bing:0:0.2s|q3:bing-rss:0:0.2s|q3:bing:0:0.2s,no candidates
4228,2511-CHA,Chanel,Comete,,,,UNRESOLVED,q1:bing-rss:0:0.2s|q1:bing:0:0.1s|q2:bing-rss:0:0.1s|q2:bing:0:0.1s|q3:bing-rss:0:0.1s|q3:bing:0:0.2s,no candidates
4227,2506-XER,Xerjoff,Muse,,,,UNRESOLVED,q1:bing-rss:1:0.2s|q1:bing:0:0.1s|q2:bing-rss:1:0.1s|q2:bing:0:0.1s,weak best=0.361 brand=1.000 perfume=0.000 seq=0.118 second=0.000
4224,2515-LAN,Lancome,LA VIE EST BELLE L'ELIXIR,,,,UNRESOLVED,q1:bing-rss:0:0.1s|q1:bing:0:0.1s|q2:bing-rss:0:0.1s|q2:bing:0:0.1s|q3:bing-rss:0:0.1s|q3:bing:0:0.1s,no candidates
4223,2501-LOE,Loewe,Agua Miami,,,,UNRESOLVED,q1:bing-rss:0:0.1s|q1:bing:0:0.2s|q2:bing-rss:0:0.1s|q2:bing:0:0.1s|q3:bing-rss:0:0.1s|q3:bing:0:0.1s,no candidates
4222,2500-BRB,Burberry,Baby Touch,,,,UNRESOLVED,q1:bing-rss:0:0.1s|q1:bing:0:0.1s|q2:bing-rss:0:0.1s|q2:bing:0:0.1s|q3:bing-rss:0:0.1s|q3:bing:0:0.1s,no candidates
4220,2484-ETLR,Etat Libre d Orange,THE AFTERNOON OF A FAUN by ETAT LIBRE D'ORANGE,,,,UNRESOLVED,q1:bing-rss:0:0.1s|q1:bing:0:0.2s|q2:bing-rss:0:0.1s|q2:bing:0:0.1s|q3:bing-rss:0:0.1s|q3:bing:0:0.1s|q4:bing-rss:0:0.1s|q4:bing:0:0.1s,no candidates
4219,2495-ETLR,Etat Libre d Orange,I AM TRASH - LES FLEURS DU DECHET by ETAT LIBRE D'ORANGE,,,,UNRESOLVED,q1:bing-rss:0:0.1s|q1:bing:0:0.2s|q2:bing-rss:0:0.1s|q2:bing:0:0.1s|q3:bing-rss:0:0.1s|q3:bing:0:0.1s|q4:bing-rss:0:0.1s|q4:bing:0:0.1s,no candidates
4218,2496-SERG,Serge Lutens,LA RELIGIEUSE by SERGE LUTENS,,,,UNRESOLVED,q1:bing-rss:0:0.2s|q1:bing:0:0.1s|q2:bing-rss:0:0.1s|q2:bing:0:0.2s|q3:bing-rss:0:0.1s|q3:bing:0:0.1s|q4:bing-rss:0:0.1s|q4:bing:0:0.1s,no candidates
4217,2507-SERG,Serge Lutens,FIVE O CLOCK AU GINGEMBRE by SERGE LUTENS,,,,UNRESOLVED,q1:bing-rss:0:0.1s|q1:bing:0:0.2s|q2:bing-rss:0:0.1s|q2:bing:0:0.1s|q3:bing-rss:0:0.1s|q3:bing:0:0.1s|q4:bing-rss:0:0.1s|q4:bing:0:0.2s,no candidates
4215,,Dior,Sauvage-eau-forte,,,,UNRESOLVED,q1:bing-rss:0:0.1s|q1:bing:0:0.1s|q2:bing-rss:0:0.1s|q2:bing:0:0.1s|q3:bing-rss:0:0.2s|q3:bing:0:0.1s,no candidates
4214,2513-PAC,Rabanne,Million Gold,,,,UNRESOLVED,q1:bing-rss:0:0.1s|q1:bing:0:0.1s|q2:bing-rss:0:0.1s|q2:bing:0:0.1s|q3:bing-rss:0:0.1s|q3:bing:0:0.1s,no candidates
4213,2509-CRIVEL,Maison Crivelli,Oud-maracuja,,,,UNRESOLVED,q1:bing-rss:0:0.1s|q1:bing:0:0.1s|q2:bing-rss:0:0.1s|q2:bing:0:0.3s|q3:bing-rss:0:0.1s|q3:bing:0:0.1s,no candidates
4211,2497-XER,Xerjoff,Wardasina,,,,UNRESOLVED,q1:bing-rss:1:0.2s|q1:bing:0:0.1s|q2:bing-rss:1:0.1s|q2:bing:0:0.2s,weak best=0.373 brand=1.000 perfume=0.000 seq=0.182 second=0.000
4210,2474-XER,Xerjoff,Dama Bianca,,,,UNRESOLVED,q1:bing-rss:1:0.1s|q1:bing:0:0.1s|q2:bing-rss:1:0.1s|q2:bing:0:0.1s,weak best=0.355 brand=1.000 perfume=0.000 seq=0.083 second=0.000
4209,2499-VICT,Victoria s Secret,Fresh-snowfall,,,,UNRESOLVED,q1:bing-rss:0:0.1s|q1:bing:0:0.1s|q2:bing-rss:0:0.2s|q2:bing:0:0.1s|q3:bing-rss:0:0.1s|q3:bing:0:0.1s,no candidates
4208,2473-HER,Hermes,Barenia-eau-de-,,,,UNRESOLVED,q1:bing-rss:0:0.2s|q1:bing:0:0.1s|q2:bing-rss:0:0.1s|q2:bing:0:0.1s|q3:bing-rss:0:0.1s|q3:bing:0:0.1s,no candidates
4207,2470-KAY,Kayali,Maui-in-a-bottle-sweet-banana-37,,,,UNRESOLVED,q1:bing-rss:0:0.1s|q1:bing:0:0.1s|q2:bing-rss:0:0.2s|q2:bing:0:0.2s|q3:bing-rss:0:0.1s|q3:bing:0:0.2s,no candidates
4206,2471-SOS,Sospiro,Pasticcio,,,,UNRESOLVED,q1:bing-rss:1:0.2s|q1:bing:0:0.3s|q2:bing-rss:1:0.2s|q2:bing:0:0.2s,weak best=0.408 brand=1.000 perfume=0.000 seq=0.375 second=0.000
4205,2472-VIC,Viktor Rolf,Good-fortune,,,,UNRESOLVED,q1:bing-rss:0:0.1s|q1:bing:0:0.4s|q2:bing-rss:0:0.1s|q2:bing:0:0.1s|q3:bing-rss:0:0.2s|q3:bing:0:0.1s,no candidates
4204,2469-ROJ,Roja Parfums,AMBER AOUD - ROJA DOVE,,,,UNRESOLVED,q1:bing-rss:0:0.3s|q1:bing:0:0.2s|q2:bing-rss:0:0.1s|q2:bing:0:0.1s|q3:bing-rss:0:0.3s|q3:bing:0:0.2s,no candidates
4202,2467-NISH,Nishane,Ege,,,,UNRESOLVED,q1:bing-rss:0:0.1s|q1:bing:0:0.1s|q2:bing-rss:0:0.1s|q2:bing:0:0.1s|q3:bing-rss:0:0.2s|q3:bing:0:0.2s,no candidates
4201,2462-YZLO,Yves Saint Laurent,Libre-flowers-flames,,,,UNRESOLVED,q1:bing-rss:0:0.2s|q1:bing:0:0.1s|q2:bing-rss:0:0.1s|q2:bing:0:0.2s|q3:bing-rss:0:0.1s|q3:bing:0:0.2s,no candidates
4200,2463-GUC,Gucci,Flora-gorgeous-orchid,,,,UNRESOLVED,q1:bing-rss:0:0.2s|q1:bing:0:0.1s|q2:bing-rss:0:0.1s|q2:bing:0:0.1s|q3:bing-rss:0:0.1s|q3:bing:0:0.2s,no candidates
4199,2465-PAC,Rabanne,Strong Me,,,,UNRESOLVED,q1:bing-rss:0:0.2s|q1:bing:0:0.2s|q2:bing-rss:0:0.2s|q2:bing:0:0.2s|q3:bing-rss:0:0.1s|q3:bing:0:0.1s,no candidates
4198,2464-ZAD,Zadig  Voltaire,This-is-really-him,,,,UNRESOLVED,q1:bing-rss:0:0.1s|q1:bing:0:0.1s|q2:bing-rss:0:0.1s|q2:bing:0:0.1s|q3:bing-rss:0:0.1s|q3:bing:0:0.1s,no candidates
4190,2459-MAN,Mancera,Saharian-wind,,,,UNRESOLVED,q1:bing-rss:0:0.1s|q1:bing:0:0.1s|q2:bing-rss:0:0.1s|q2:bing:0:0.1s|q3:bing-rss:0:0.1s|q3:bing:0:0.1s,no candidates
4189,2460-PAC,Rabanne,Olympea-,,,,UNRESOLVED,q1:bing-rss:0:0.1s|q1:bing:0:0.2s|q2:bing-rss:0:0.1s|q2:bing:0:0.1s|q3:bing-rss:0:0.2s|q3:bing:0:0.1s,no candidates
4188,2461-BOD,The Body Shop,Black-musk-night-bloom-eau-de-toilette,,,,UNRESOLVED,q1:bing-rss:0:0.1s|q1:bing:0:0.2s|q2:bing-rss:0:0.1s|q2:bing:0:0.2s|q3:bing-rss:0:0.2s|q3:bing:0:0.1s,no candidates
4187,2456-PAC,Rabanne,Million-gold,,,,UNRESOLVED,q1:bing-rss:0:0.2s|q1:bing:0:0.2s|q2:bing-rss:0:0.1s|q2:bing:0:0.1s|q3:bing-rss:0:0.2s|q3:bing:0:0.1s,no candidates
4186,2455-YZLO,Yves Saint Laurent,Black-opium-eau-de-parfum-over-red,,,,UNRESOLVED,q1:bing-rss:0:0.1s|q1:bing:0:0.2s|q2:bing-rss:0:0.2s|q2:bing:0:0.3s|q3:bing-rss:0:0.2s|q3:bing:0:0.2s|q4:bing-rss:0:0.2s|q4:bing:0:0.1s,no candidates
4185,2454-KIL,Kilian,Can-t-stop-loving-you,,,,UNRESOLVED,q1:bing-rss:0:0.1s|q1:bing:0:0.1s|q2:bing-rss:0:0.1s|q2:bing:0:0.2s|q3:bing-rss:0:0.1s|q3:bing:0:0.2s,no candidates
4183,2451-LEL,Le Labo,Cedrat 37 Berlin,,,,UNRESOLVED,q1:bing-rss:0:0.1s|q1:bing:0:0.1s|q2:bing-rss:0:0.1s|q2:bing:0:0.1s|q3:bing-rss:0:0.2s|q3:bing:0:0.2s,no candidates
4182,2452-JOM,Jo Malone,Cypress-grapevine-cologne-intense,,,,UNRESOLVED,q1:bing-rss:0:0.1s|q1:bing:0:0.5s|q2:bing-rss:0:0.1s|q2:bing:0:0.2s|q3:bing-rss:0:0.1s|q3:bing:0:0.2s,no candidates
4181,2450-PEN,Penhaligons,Alula,,,,UNRESOLVED,q1:bing-rss:0:0.1s|q1:bing:0:0.2s|q2:bing-rss:0:0.1s|q2:bing:0:0.2s|q3:bing-rss:0:0.1s|q3:bing:0:0.4s,no candidates
4180,2432-ROJ,Roja Parfums,DANGER MAN - ROJA DOVE,,,,UNRESOLVED,q1:bing-rss:0:0.1s|q1:bing:0:0.1s|q2:bing-rss:0:0.1s|q2:bing:0:0.2s|q3:bing-rss:0:0.3s|q3:bing:0:0.1s,no candidates
4179,2413-ARIA,Ariana Grande,Thank-u-next-eau-de-,,,,UNRESOLVED,q1:bing-rss:0:0.1s|q1:bing:0:0.3s|q2:bing-rss:0:0.2s|q2:bing:0:0.1s|q3:bing-rss:0:0.2s|q3:bing:0:0.1s,no candidates
4178,2444-ARIA,Ariana Grande,Cloud-pink-eau-de-,,,,UNRESOLVED,q1:bing-rss:0:0.3s|q1:bing:0:0.2s|q2:bing-rss:0:0.5s|q2:bing:0:0.2s|q3:bing-rss:0:0.2s|q3:bing:0:0.1s,no candidates
4177,2446-XER,Xerjoff,Torino23,,,,UNRESOLVED,q1:bing-rss:1:0.2s|q1:bing:0:0.1s|q2:bing-rss:1:0.1s|q2:bing:0:0.1s,weak best=0.357 brand=1.000 perfume=0.000 seq=0.095 second=0.000
4176,2447-MARC,Marc-Antoine Barrois,Ganymede Extrait,,,,UNRESOLVED,q1:bing-rss:0:0.1s|q1:bing:0:0.1s|q2:bing-rss:0:0.1s|q2:bing:0:0.1s|q3:bing-rss:0:0.1s|q3:bing:0:0.1s,no candidates
4175,2445-CAR,Carolina Herrera,Good-girl-dazzling-garden,,,,UNRESOLVED,q1:bing-rss:0:0.1s|q1:bing:0:0.1s|q2:bing-rss:0:0.2s|q2:bing:0:0.2s|q3:bing-rss:0:0.1s|q3:bing:0:0.1s,no candidates
4174,2443-BRB,Burberry,Her-elixir-de-,,75968,https://www.fragrantica.com/perfume/Burberry/Burberry-Her-Elixir-de-Parfum-75968.html,FOUND,q1:bing-rss:0:0.1s|q1:bing:0:0.2s|q2:bing-rss:0:0.1s|q2:bing:0:0.1s|q3:bing-rss:1:0.1s|q3:bing:0:0.1s,accepted score=0.915 margin=0.915 clean='Her elixir de'
4172,2441-PANTRO,Pantheon Roma,DOLCE PASSIONE - PANTHEON ROMA,,,,UNRESOLVED,q1:bing-rss:0:0.1s|q1:bing:0:0.1s|q2:bing-rss:0:0.1s|q2:bing:0:0.1s|q3:bing-rss:0:0.1s|q3:bing:0:0.1s,no candidates
4171,2440-MARC,Marc-Antoine Barrois,ENCELADE - MARC ANTONIE BARROIS,,,,UNRESOLVED,q1:bing-rss:0:0.1s|q1:bing:0:0.2s|q2:bing-rss:0:0.1s|q2:bing:0:0.2s|q3:bing-rss:0:0.1s|q3:bing:0:0.1s,no candidates
4170,2431-ROJ,Roja Parfums,MUSK AOUD - ROJA DOVE,,,,UNRESOLVED,q1:bing-rss:0:0.1s|q1:bing:0:0.1s|q2:bing-rss:0:0.1s|q2:bing:0:0.2s|q3:bing-rss:0:0.1s|q3:bing:0:0.3s,no candidates
4168,2442-PAC,Rabanne,Invictus-victory-elixir,,,,UNRESOLVED,q1:bing-rss:0:0.1s|q1:bing:0:0.1s|q2:bing-rss:0:0.1s|q2:bing:0:0.1s|q3:bing-rss:0:0.1s|q3:bing:0:0.1s,no candidates
4166,2437-MELA,Melanie Martinez,CRY BABY PERFUME MILK - MELANIE MARTINEZ,,,,UNRESOLVED,q1:bing-rss:0:0.1s|q1:bing:0:0.2s|q2:bing-rss:0:0.1s|q2:bing:0:0.1s|q3:bing-rss:0:0.1s|q3:bing:0:0.2s,no candidates
4165,2397-CRD,Creed,Queen-of-silk,,,,UNRESOLVED,q1:bing-rss:0:0.1s|q1:bing:0:0.1s|q2:bing-rss:0:0.1s|q2:bing:0:0.1s|q3:bing-rss:0:0.1s|q3:bing:0:0.1s,no candidates
4163,2426-MARG,Maison Margiela,Beach-walk,,,,UNRESOLVED,q1:bing-rss:0:0.1s|q1:bing:0:0.1s|q2:bing-rss:0:0.1s|q2:bing:0:0.1s|q3:bing-rss:0:0.1s|q3:bing:0:0.1s,no candidates
4162,2425-LEL,Le Labo,GAIAC 10 TOKYO - LE LABO,,6335,https://www.fragrantica.com/perfume/Le-Labo/Gaiac-10-Tokyo-6335.html,FOUND,q1:bing-rss:1:0.1s|q1:bing:0:0.1s|q2:bing-rss:1:0.1s|q2:bing:0:0.1s,accepted score=1.000 margin=1.000 clean='gaiac 10 tokyo'
4161,2424-GUR,Guerlain,Aqua Allegoria Pera Granita,,,,UNRESOLVED,q1:bing-rss:0:0.1s|q1:bing:0:0.1s|q2:bing-rss:0:0.1s|q2:bing:0:0.1s|q3:bing-rss:0:0.1s|q3:bing:0:0.1s,no candidates
4160,2419-BAT,Bath Body Works,Pink Coconut Calypso,,,,UNRESOLVED,q1:bing-rss:0:0.1s|q1:bing:0:0.1s|q2:bing-rss:0:0.2s|q2:bing:0:0.2s|q3:bing-rss:0:0.2s|q3:bing:0:0.2s,no candidates
4159,2415-ESC,Escada,SEXY GRAFFITY - ESCADA,,,,UNRESOLVED,q1:bing-rss:0:0.1s|q1:bing:0:0.1s|q2:bing-rss:0:0.1s|q2:bing:0:0.2s|q3:bing-rss:0:0.2s|q3:bing:0:0.1s,no candidates
4158,2416-HER,Hermes,Un Jardin Apres La Mousson,,,,UNRESOLVED,q1:bing-rss:0:0.2s|q1:bing:0:0.2s|q2:bing-rss:0:0.1s|q2:bing:0:0.2s|q3:bing-rss:0:0.2s|q3:bing:0:0.2s,no candidates
4157,2429-JUL,Juliette Has A Gun,Musc Invisible,,,,UNRESOLVED,q1:bing-rss:0:0.1s|q1:bing:0:0.2s|q2:bing-rss:0:0.1s|q2:bing:0:0.2s|q3:bing-rss:0:0.2s|q3:bing:0:0.2s,no candidates
4155,2414-DIP,Diptyque,Ilio-eau-de-toilette,,,,UNRESOLVED,q1:bing-rss:0:0.1s|q1:bing:0:0.2s|q2:bing-rss:0:0.1s|q2:bing:0:0.2s|q3:bing-rss:0:0.1s|q3:bing:0:0.2s,no candidates
4154,2417-ACQ,Acqua di Parma,Arancia-di-capri,,,,UNRESOLVED,q1:bing-rss:0:0.1s|q1:bing:0:0.1s|q2:bing-rss:0:0.1s|q2:bing:0:0.2s|q3:bing-rss:0:0.1s|q3:bing:0:0.2s,no candidates
4153,2423-ACQ,Acqua di Parma,Ginepro-di-sardegna,,,,UNRESOLVED,q1:bing-rss:0:0.1s|q1:bing:0:0.2s|q2:bing-rss:0:0.1s|q2:bing:0:0.2s|q3:bing-rss:0:0.1s|q3:bing:0:0.1s,no candidates
4152,2418-ACQ,Acqua di Parma,VANIGLIA SIGNATURE,,,,UNRESOLVED,q1:bing-rss:0:0.1s|q1:bing:0:0.2s|q2:bing-rss:0:0.1s|q2:bing:0:0.2s|q3:bing-rss:0:0.2s|q3:bing:0:0.1s,no candidates
4151,2428-MARG,Maison Margiela,Coffee-break,,,,UNRESOLVED,q1:bing-rss:0:0.1s|q1:bing:0:0.2s|q2:bing-rss:0:0.1s|q2:bing:0:0.1s|q3:bing-rss:0:0.1s|q3:bing:0:0.1s,no candidates
4150,2436-PHL,Phlur,Missing Person,,,,UNRESOLVED,q1:bing-rss:0:0.1s|q1:bing:0:0.1s|q2:bing-rss:0:0.1s|q2:bing:0:0.1s|q3:bing-rss:0:0.1s|q3:bing:0:0.1s,no candidates
4148,2372-GUR,Guerlain,Aqua-allegoria-florabloom,,,,UNRESOLVED,q1:bing-rss:0:0.1s|q1:bing:0:0.2s|q2:bing-rss:0:0.2s|q2:bing:0:0.1s|q3:bing-rss:0:0.1s|q3:bing:0:0.2s,no candidates
4147,2411-JAME,James Heeley,COCCOBELLO - JAMES HEELEY,,,,UNRESOLVED,q1:bing-rss:0:0.1s|q1:bing:0:0.2s|q2:bing-rss:0:0.1s|q2:bing:0:0.2s|q3:bing-rss:0:0.1s|q3:bing:0:0.2s,no candidates
4146,2420-XER,Xerjoff,Laylati,,,,UNRESOLVED,q1:bing-rss:1:0.1s|q1:bing:0:0.1s|q2:bing-rss:1:0.2s|q2:bing:0:0.1s,weak best=0.358 brand=1.000 perfume=0.000 seq=0.100 second=0.000
4145,2421-XER,Xerjoff,Opera,,,,UNRESOLVED,q1:bing-rss:1:0.1s|q1:bing:0:0.2s|q2:bing-rss:1:0.1s|q2:bing:0:0.2s,weak best=0.360 brand=1.000 perfume=0.000 seq=0.111 second=0.000
4144,2422-XER,Xerjoff,Soprano,,,,UNRESOLVED,q1:bing-rss:1:0.2s|q1:bing:0:0.2s|q2:bing-rss:1:0.1s|q2:bing:0:0.2s,weak best=0.358 brand=1.000 perfume=0.000 seq=0.100 second=0.000
4142,2409-TMU,mugler,Amen Pure Malt,,,,UNRESOLVED,q1:bing-rss:0:0.1s|q1:bing:0:0.1s|q2:bing-rss:0:0.1s|q2:bing:0:0.2s|q3:bing-rss:0:0.2s|q3:bing:0:0.2s,no candidates
4141,2408-JOM,Jo Malone,Ginger Biscuit,,,,UNRESOLVED,q1:bing-rss:0:0.3s|q1:bing:0:0.2s|q2:bing-rss:0:0.2s|q2:bing:0:0.2s|q3:bing-rss:0:0.2s|q3:bing:0:0.1s,no candidates
4140,2410-GUL,Jean Paul Gaultier,Le-beau-paradise-garden,,,,UNRESOLVED,q1:bing-rss:0:0.2s|q1:bing:0:0.2s|q2:bing-rss:0:0.1s|q2:bing:0:0.2s|q3:bing-rss:0:0.2s|q3:bing:0:0.2s,no candidates
4139,2400-MORH,Morph,Antigua Bay,,,,UNRESOLVED,q1:bing-rss:0:0.1s|q1:bing:0:0.1s|q2:bing-rss:0:0.1s|q2:bing:0:0.1s|q3:bing-rss:0:0.1s|q3:bing:0:0.2s,no candidates
4138,2399-MORH,Morph,Tonkatonic,,,,UNRESOLVED,q1:bing-rss:0:0.1s|q1:bing:0:0.2s|q2:bing-rss:0:0.1s|q2:bing:0:0.2s|q3:bing-rss:0:0.1s|q3:bing:0:0.3s,no candidates
4137,2402-AKR,Akro,Bake,,,,UNRESOLVED,q1:bing-rss:0:0.1s|q1:bing:0:0.2s|q2:bing-rss:0:0.1s|q2:bing:0:0.1s|q3:bing-rss:0:0.1s|q3:bing:0:0.1s,no candidates
4136,2398-FRE,Frederic Malle,Acne Studios,,,,UNRESOLVED,q1:bing-rss:0:0.2s|q1:bing:0:0.2s|q2:bing-rss:0:0.1s|q2:bing:0:0.2s|q3:bing-rss:0:0.1s|q3:bing:0:0.2s,no candidates
4135,2404-FRANB,Francesca Bianchi,Angel S Dust,,,,UNRESOLVED,q1:bing-rss:0:0.3s|q1:bing:0:0.2s|q2:bing-rss:0:0.1s|q2:bing:0:0.2s|q3:bing-rss:0:0.1s|q3:bing:0:0.1s,no candidates
4134,2395-XER,Xerjoff,Erba Gold,,,,UNRESOLVED,q1:bing-rss:1:0.1s|q1:bing:0:0.2s|q2:bing-rss:1:0.2s|q2:bing:0:0.1s,weak best=0.373 brand=1.000 perfume=0.000 seq=0.182 second=0.000
4132,2405-JOM,Jo Malone,Yuzu Zest Cologne - Jo Malone,,,,UNRESOLVED,q1:bing-rss:0:0.1s|q1:bing:0:0.1s|q2:bing-rss:0:0.1s|q2:bing:0:0.1s|q3:bing-rss:0:0.2s|q3:bing:0:0.1s,no candidates
4131,2407-LAN,Lancome,Idole-now,,,,UNRESOLVED,q1:bing-rss:0:0.1s|q1:bing:0:0.2s|q2:bing-rss:0:0.1s|q2:bing:0:0.1s|q3:bing-rss:0:0.1s|q3:bing:0:0.2s,no candidates
5083,2816-MOOD,Mood London,Blonde Maracuja Mood London,,,,UNRESOLVED,q1:bing-rss:0:0.1s|q1:ddg-html:0:0.1s|q1:bing:0:0.2s|q2:bing-rss:0:1.0s|q2:ddg-html:0:0.1s|q2:bing:0:0.5s|q3:bing-rss:0:0.1s|q3:ddg-html:0:0.1s|q3:bing:0:0.2s,no candidates
4640,2701-DIP,Diptyque,Cafe Verlet,,,,UNRESOLVED,q1:bing-rss:0:0.2s|q1:ddg-html:0:0.1s|q1:bing:0:1.0s|q2:bing-rss:0:0.3s|q2:ddg-html:0:0.1s|q2:bing:0:0.2s|q3:bing-rss:0:0.3s|q3:ddg-html:0:0.1s|q3:bing:0:0.2s,no candidates
4367,2586-DIP,Diptyque,Biscuit DIP,,,,UNRESOLVED,q1:bing-rss:0:0.4s|q1:ddg-html:0:0.1s|q1:bing:0:0.3s|q2:bing-rss:0:0.2s|q2:ddg-html:0:0.1s|q2:bing:0:0.2s|q3:bing-rss:0:0.3s|q3:ddg-html:0:0.1s|q3:bing:0:0.5s,no candidates
3455,2085-CLIV,Clive Christian,X NEROLI LIMITED EDITION - CLIVE CHRISTIAN,,,,UNRESOLVED,q1:bing-rss:0:0.3s|q1:ddg-html:0:0.1s|q1:bing:0:0.3s|q2:bing-rss:0:0.2s|q2:ddg-html:0:0.1s|q2:bing:0:0.2s|q3:bing-rss:0:0.1s|q3:ddg-html:0:0.0s|q3:bing:0:0.3s|q4:bing-rss:0:0.2s|q4:ddg-html:0:0.1s|q4:bing:0:0.2s,no candidates
2602,1748-BYR,Byredo,Marijuana,,,,UNRESOLVED,q1:bing-rss:0:0.2s|q1:ddg-html:0:0.1s|q1:bing:0:0.2s|q2:bing-rss:0:0.3s|q2:ddg-html:0:0.1s|q2:bing:0:0.2s|q3:bing-rss:0:1.1s|q3:ddg-html:0:0.2s|q3:bing:0:0.3s,no candidates
2331,1550-YAN,Yankee Candle,HOME SWEET HOME - YANKEE,,,,UNRESOLVED,q1:bing-rss:0:0.8s|q1:ddg-html:0:0.1s|q1:bing:0:0.2s|q2:bing-rss:0:0.3s|q2:ddg-html:0:0.1s|q2:bing:0:0.3s|q3:bing-rss:0:0.3s|q3:ddg-html:0:0.1s|q3:bing:0:0.2s,no candidates
2271,,Al Haramain,Mukhallath Al Emirates Perfume Oil,,,,UNRESOLVED,q1:bing-rss:0:0.6s|q1:ddg-html:0:0.0s|q1:bing:0:0.2s|q2:bing-rss:0:0.2s|q2:ddg-html:0:0.1s|q2:bing:0:0.5s|q3:bing-rss:0:0.2s|q3:ddg-html:0:0.1s|q3:bing:0:1.5s|q4:bing-rss:0:0.4s|q4:ddg-html:0:0.0s|q4:bing:0:0.7s,no candidates
2105,383-YAN,Yankee Candle,WEDDING DAY - YANKEE,,,,UNRESOLVED,q1:bing-rss:0:0.2s|q1:ddg-html:0:0.1s|q1:bing:0:0.4s|q2:bing-rss:0:1.1s|q2:ddg-html:0:0.1s|q2:bing:0:1.3s|q3:bing-rss:0:0.1s|q3:ddg-html:0:0.1s|q3:bing:0:0.1s,no candidates
1949,130-LEL,Le Labo,SANTAL 26 - LE LABO,,,,UNRESOLVED,q1:bing-rss:0:0.1s|q1:ddg-html:0:0.1s|q1:bing:0:0.1s|q2:bing-rss:0:0.2s|q2:ddg-html:0:0.0s|q2:bing:0:0.1s|q3:bing-rss:0:0.1s|q3:ddg-html:0:0.1s|q3:bing:0:0.1s,no candidates
1937,564-DOL,Dolce & Gabbana,SEXY CHOCLATE,,,,UNRESOLVED,q1:bing-rss:0:0.1s|q1:ddg-html:0:0.1s|q1:bing:0:0.2s|q2:bing-rss:0:0.1s|q2:ddg-html:0:0.1s|q2:bing:0:0.1s|q3:bing-rss:0:0.2s|q3:ddg-html:0:0.1s|q3:bing:0:0.1s,no candidates
1904,314-MOL,Molton Brown,ZIAO JAO - MOLTON BROWN,,,,UNRESOLVED,q1:bing-rss:0:0.1s|q1:ddg-html:0:0.1s|q1:bing:0:0.2s|q2:bing-rss:0:0.2s|q2:ddg-html:0:0.2s|q2:bing:0:0.2s|q3:bing-rss:0:0.1s|q3:ddg-html:0:0.1s|q3:bing:0:0.2s,no candidates
1266,382-YAN,Yankee Candle,POMEGRANATE CIDER - YANKEE CANDLES,,,,UNRESOLVED,q1:bing-rss:0:0.1s|q1:ddg-html:0:0.1s|q1:bing:0:0.2s|q2:bing-rss:0:0.1s|q2:ddg-html:0:0.1s|q2:bing:0:0.2s|q3:bing-rss:0:0.3s|q3:ddg-html:0:0.1s|q3:bing:0:0.1s,no candidates
1265,381-YAN,Yankee Candle,FRESH CUT ROSES - YANKEE CANDLES,,,,UNRESOLVED,q1:bing-rss:0:0.1s|q1:ddg-html:0:0.1s|q1:bing:0:0.2s|q2:bing-rss:0:0.1s|q2:ddg-html:0:0.1s|q2:bing:0:0.2s|q3:bing-rss:0:0.2s|q3:ddg-html:0:0.0s|q3:bing:0:0.3s,no candidates
1264,380-YAN,Yankee Candle,FALL FESTIVAL - YANKEE CANDLES,,,,UNRESOLVED,q1:bing-rss:0:0.2s|q1:ddg-html:0:0.1s|q1:bing:0:0.2s|q2:bing-rss:0:0.2s|q2:ddg-html:0:0.0s|q2:bing:0:0.2s|q3:bing-rss:0:0.1s|q3:ddg-html:0:0.1s|q3:bing:0:0.2s,no candidates
1263,379-YAN,Yankee Candle,CLEAN COTTON - YANKEE CANDLES,,,,UNRESOLVED,q1:bing-rss:0:0.1s|q1:ddg-html:0:0.1s|q1:bing:0:0.1s|q2:bing-rss:0:0.1s|q2:ddg-html:0:0.1s|q2:bing:0:0.2s|q3:bing-rss:0:0.2s|q3:ddg-html:0:0.1s|q3:bing:0:0.1s,no candidates
1232,336-THCO,The White Company,NARCISSUS NOIR - THE WHITE COMPANY,,,,UNRESOLVED,q1:bing-rss:0:0.1s|q1:ddg-html:0:0.1s|q1:bing:0:0.1s|q2:bing-rss:0:0.1s|q2:ddg-html:0:0.1s|q2:bing:0:0.2s|q3:bing-rss:0:0.1s|q3:ddg-html:0:0.1s|q3:bing:0:0.2s,no candidates
1231,335-THCO,The White Company,CASHMERE BLANC - THE WHITE COMPANY,,,,UNRESOLVED,q1:bing-rss:0:0.1s|q1:ddg-html:0:0.1s|q1:bing:0:0.1s|q2:bing-rss:0:0.1s|q2:ddg-html:ERR:HTTPError|q2:bing:0:0.1s|q3:bing-rss:0:0.1s|q3:ddg-html:ERR:HTTPError|q3:bing:0:0.1s,no candidates
1221,326-PECK,Pecksniff's,CALM - PECKSNIFF'S,,,,UNRESOLVED,q1:bing-rss:0:0.1s|q1:ddg-html:ERR:HTTPError|ddg-html:DISABLED|q1:bing:0:0.2s|q2:bing-rss:0:0.1s|q2:bing:0:0.2s|q3:bing-rss:0:0.1s|q3:bing:0:0.1s,no candidates
1210,313-MOL,Molton Brown,thai vert-mol,,,,UNRESOLVED,q1:bing-rss:0:0.1s|q1:bing:0:0.1s|q2:bing-rss:0:0.1s|q2:bing:0:0.2s,no candidates
1208,311-MOL,Molton Brown,amber cocoon-mol,,,,UNRESOLVED,q1:bing-rss:0:0.1s|q1:bing:0:0.1s|q2:bing-rss:0:0.1s|q2:bing:0:0.2s,no candidates
1190,289-JOM,Jo Malone,SWEET ALMON & MACARRON - JO MALONE,,,,UNRESOLVED,q1:bing-rss:0:0.1s|q1:bing:0:0.2s|q2:bing-rss:0:0.1s|q2:bing:0:0.1s|q3:bing-rss:0:0.1s|q3:bing:0:0.1s|q4:bing-rss:0:0.2s|q4:bing:0:0.1s,no candidates
1167,261-JOM,Jo Malone,INCENSE & EMBERS - JO MALONE,,,,UNRESOLVED,q1:bing-rss:0:0.1s|q1:bing:0:0.1s|q2:bing-rss:0:0.1s|q2:bing:0:0.1s|q3:bing-rss:0:0.1s|q3:bing:0:0.1s|q4:bing-rss:0:0.1s|q4:bing:0:0.1s,no candidates
1164,258-JOM,Jo Malone,GREEN TOMATO LEAF - JO MALONE,,,,UNRESOLVED,q1:bing-rss:0:0.1s|q1:bing:0:0.6s|q2:bing-rss:0:0.1s|q2:bing:0:0.1s|q3:bing-rss:0:0.1s|q3:bing:0:0.2s,no candidates
1133,230-DIP,Diptyque,OPOPANAX,,,,UNRESOLVED,q1:bing-rss:0:0.1s|q1:bing:0:0.1s|q2:bing-rss:0:0.1s|q2:bing:0:0.1s|q3:bing-rss:0:0.1s|q3:bing:0:0.1s,no candidates
1131,228-DIP,Diptyque,FEUILLE DE LAVANDE,,,,UNRESOLVED,q1:bing-rss:0:0.2s|q1:bing:0:0.1s|q2:bing-rss:0:0.1s|q2:bing:0:0.1s|q3:bing-rss:0:0.1s|q3:bing:0:0.2s,no candidates
1130,227-DIP,Diptyque,FEU DE BOIS / WOOD FIRE,,,,UNRESOLVED,q1:bing-rss:0:0.1s|q1:bing:0:0.1s|q2:bing-rss:0:0.1s|q2:bing:0:0.1s|q3:bing-rss:0:0.1s|q3:bing:0:0.2s,no candidates
1126,223-DIP,Diptyque,BAIES,,,,UNRESOLVED,q1:bing-rss:0:0.1s|q1:bing:0:0.1s|q2:bing-rss:0:0.1s|q2:bing:0:0.1s|q3:bing-rss:0:0.1s|q3:bing:0:0.1s,no candidates
1125,222-DIP,Diptyque,AMBRE,,,,UNRESOLVED,q1:bing-rss:0:0.3s|q1:bing:0:0.1s|q2:bing-rss:0:0.1s|q2:bing:0:0.1s|q3:bing-rss:0:0.2s|q3:bing:0:0.2s,no candidates
