prestashop_product_id,shobi_code,inspired_by,original_brand,original_perfume,identity_status,fragrantica_status,fragrantica_id,fragrantica_url,social_card_url,local_path,card_status,bytes,sha256,error
5117,2849-STE,HARRODS RUBY NAGA,Stephane Humbert Lucas 777,Harrods Ruby Naga,CONFIRMED,FOUND,74594,https://www.fragrantica.com/perfume/Stephane-Humbert-Lucas-777/Harrods-Ruby-Naga-74594.html,https://fimgs.net/mdimg/perfume-social-cards/en-p_c_74594.jpeg,fragrantica-scraper-archive/social-cards/images/5117_2849-STE_74594.jpeg,EXISTS,107165,11204e15ecb9265ad7da5a2e94e942b8c21b437f1645f3d7e2358577d8fe4cd9,
5116,2848-PRFRO,VANITAS,Profumum Roma,Vanitas,CONFIRMED,FOUND,11220,https://www.fragrantica.com/p/11220,https://fimgs.net/mdimg/perfume-social-cards/en-p_c_11220.jpeg,fragrantica-scraper-archive/social-cards/images/5116_2848-PRFRO_11220.jpeg,EXISTS,92438,c5f0a2fdbb4ac99e5489f1cafae9f5f3b80885399120778875a9496938b907c4,
5115,2847-NISH,HUNDRED SILENT WAYS X,Nishane,Hundred Silent Ways X,CONFIRMED,FOUND,80463,https://www.fragrantica.com/perfume/Nishane/Hundred-Silent-Ways-X-80463.html,https://fimgs.net/mdimg/perfume-social-cards/en-p_c_80463.jpeg,fragrantica-scraper-archive/social-cards/images/5115_2847-NISH_80463.jpeg,EXISTS,112594,93d370b10a9efb40604b78a6ea4d4989c4032c5609b86d24ede0bd18765e94d1,
5114,2846-MIN,COUNTER PLAY,Mind Games,Counterplay,CONFIRMED,FOUND,114442,https://www.fragrantica.com/perfume/Mind-Games/Counterplay-114442.html,https://fimgs.net/mdimg/perfume-social-cards/en-p_c_114442.jpeg,fragrantica-scraper-archive/social-cards/images/5114_2846-MIN_114442.jpeg,EXISTS,95976,b321825f691884adc0a61ca34a7d27abc5c500305894974cdc46960b94149d9d,
5113,2845-LUS,WE BELIEVE IN GLINDA,Lush,We Believe in Glinda,CONFIRMED,FOUND,117589,https://www.fragrantica.com/perfume/Lush/We-Believe-in-Glinda-117589.html,https://fimgs.net/mdimg/perfume-social-cards/en-p_c_117589.jpeg,fragrantica-scraper-archive/social-cards/images/5113_2845-LUS_117589.jpeg,EXISTS,100723,1ff4e865f75593af4cbb1f509b954802af486defef642407468a1f1a06c2d891,
5112,2844-LUS,BLACK PEARL,Lush,Black Pearl,CONFIRMED,FOUND,10802,https://www.fragrantica.com/perfume/Lush/Black-Pearl-10802.html,https://fimgs.net/mdimg/perfume-social-cards/en-p_c_10802.jpeg,fragrantica-scraper-archive/social-cards/images/5112_2844-LUS_10802.jpeg,EXISTS,114169,0a1afbca20753a1eec88b3d3b74278e4a872aeacfbb9655e610bae3199aa2437,
5111,2843-LEL,LABDANUM 18,Le Labo,Labdanum 18,CONFIRMED,FOUND,7848,https://www.fragrantica.com/perfume/Le-Labo/Labdanum-18-7848.html,https://fimgs.net/mdimg/perfume-social-cards/en-p_c_7848.jpeg,fragrantica-scraper-archive/social-cards/images/5111_2843-LEL_7848.jpeg,EXISTS,101000,b228a0bddae69482f9391e1083bc5e4bccf769b646143d4745493f30837393fc,
5110,2842-KYLJ,VANILLA DEW,kylie-cosmetics,Vanilla-dew,CONFIRMED,FOUND,117345,https://www.fragrantica.com/p/117345,https://fimgs.net/mdimg/perfume-social-cards/en-p_c_117345.jpeg,fragrantica-scraper-archive/social-cards/images/5110_2842-KYLJ_117345.jpeg,EXISTS,91690,887a97645101c2d181b164cb7d2a8c40c5bb8c3525fe939e5bda556173b1c4b9,
5109,2841-KYLJ,SWEET ECLAIRE,Kylie Jenner,SWEET ECLAIRE,CONFIRMED,FOUND,117347,https://www.fragrantica.com/p/117347,https://fimgs.net/mdimg/perfume-social-cards/en-p_c_117347.jpeg,fragrantica-scraper-archive/social-cards/images/5109_2841-KYLJ_117347.jpeg,EXISTS,97343,389d0c65468baa8079b1b9156dd7c059604874bd079b4f9fb53e6d63166deef6,
5108,2840-KYLJ,CARAMEL CLOUD,kylie-cosmetics,Caramel-cloud,CONFIRMED,FOUND,117346,https://www.fragrantica.com/p/117346,https://fimgs.net/mdimg/perfume-social-cards/en-p_c_117346.jpeg,fragrantica-scraper-archive/social-cards/images/5108_2840-KYLJ_117346.jpeg,EXISTS,92977,68c8e4ab055e2cf5b88c3faa000e4e655a70ad58485eea9b46fceef8b306499f,
5107,2839-JUL,POWDER LOVE,Juliette Has A Gun,Powder Love,CONFIRMED,FOUND,113627,https://www.fragrantica.com/perfume/Juliette-Has-A-Gun/Powder-Love-113627.html,https://fimgs.net/mdimg/perfume-social-cards/en-p_c_113627.jpeg,fragrantica-scraper-archive/social-cards/images/5107_2839-JUL_113627.jpeg,EXISTS,90875,e5712754785df28b1624ec86d7675797c3bcbe1d781f540539d61234f8babf21,
5106,2838-JIM,I WANT CHOO WITH LOVE,Jimmy Choo,I Want Choo With Love,CONFIRMED,FOUND,113626,https://www.fragrantica.com/perfume/Jimmy-Choo/I-Want-Choo-With-Love-113626.html,https://fimgs.net/mdimg/perfume-social-cards/en-p_c_113626.jpeg,fragrantica-scraper-archive/social-cards/images/5106_2838-JIM_113626.jpeg,EXISTS,105127,4e512e120296b092dec9cadc8fc6d99dd9990075ad7d672cd72aa9b7bc4570bb,
5105,2837-GUL,SCANDAL POUR HOMME ELIXIR,Jean Paul Gaultier,Scandal Pour Homme Elixir,CONFIRMED,FOUND,121453,https://www.fragrantica.com/perfume/Jean-Paul-Gaultier/Scandal-Pour-Homme-Elixir-121453.html,https://fimgs.net/mdimg/perfume-social-cards/en-p_c_121453.jpeg,fragrantica-scraper-archive/social-cards/images/5105_2837-GUL_121453.jpeg,EXISTS,115956,e63233c8c9c37e8b5b60a10eea1d692047030e51c9b1ed4694955b5bc59027f0,
5104,2836-FRA,MADNESS,Franck Boclet,Madness,CONFIRMED,FOUND,90972,https://www.fragrantica.com/p/90972,https://fimgs.net/mdimg/perfume-social-cards/en-p_c_90972.jpeg,fragrantica-scraper-archive/social-cards/images/5104_2836-FRA_90972.jpeg,EXISTS,96020,6db07f2d836cbc5512a4e5f5fa6532bfbe6532b18a4262a9b2902a543e2fa74e,
5103,2835-BORN,PURPLE STAIN,BORNTOSTANDOUT,Purple Stain,CONFIRMED,FOUND,102810,https://www.fragrantica.com/perfume/BORNTOSTANDOUT/Purple-Stain-102810.html,https://fimgs.net/mdimg/perfume-social-cards/en-p_c_102810.jpeg,fragrantica-scraper-archive/social-cards/images/5103_2835-BORN_102810.jpeg,EXISTS,100969,f40bc64770d754dbcba840576eaceb08199eb357b2836daf725803ca3b31b79b,
5102,2834-AMG,SINDBAD,Amouage,Sindbad,CONFIRMED,FOUND,116626,https://www.fragrantica.com/perfume/Amouage/Sindbad-116626.html,https://fimgs.net/mdimg/perfume-social-cards/en-p_c_116626.jpeg,fragrantica-scraper-archive/social-cards/images/5102_2834-AMG_116626.jpeg,EXISTS,97068,fc60a7552db1f6687c66d11f15eed72376657d0879078b05973403a125b592f6,
5101,2833-AMG,MEANDER,Amouage,Meander,CONFIRMED,FOUND,62859,https://www.fragrantica.com/perfume/Amouage/Meander-62859.html,https://fimgs.net/mdimg/perfume-social-cards/en-p_c_62859.jpeg,fragrantica-scraper-archive/social-cards/images/5101_2833-AMG_62859.jpeg,EXISTS,104957,e01917d4f589a1c510ce0fa10354a05e77ccb6f12f60a398db28b148b7e720d8,
5099,2832-ZAD,Zadig Eau de Parfum,Zadig & Voltaire,Zadig Eau de Parfum,CONFIRMED,FOUND,103492,https://www.fragrantica.com/p/103492,https://fimgs.net/mdimg/perfume-social-cards/en-p_c_103492.jpeg,fragrantica-scraper-archive/social-cards/images/5099_2832-ZAD_103492.jpeg,EXISTS,108023,4a26576dcfcec3723b13f9fb3f1779feab8e4ecd4d2e9e0d37debd2266c52f4e,
5098,2831-GISS,Martinique Osmanthus Gissah 2025,gissah,Martinique-osmanthus-eau-de-parfum-,CONFIRMED,FOUND,126288,https://www.fragrantica.com/p/126288,https://fimgs.net/mdimg/perfume-social-cards/en-p_c_126288.jpeg,fragrantica-scraper-archive/social-cards/images/5098_2831-GISS_126288.jpeg,EXISTS,104359,0814121d94d403b7cb9fa781b2a87980eda4af6631568fd9e57b688a08ddb294,
5097,2830-VAL,Sogno In Rosso,Valentino,Sogno In Rosso,CONFIRMED,FOUND,95537,https://www.fragrantica.com/perfume/Valentino/Sogno-In-Rosso-95537.html,https://fimgs.net/mdimg/perfume-social-cards/en-p_c_95537.jpeg,fragrantica-scraper-archive/social-cards/images/5097_2830-VAL_95537.jpeg,EXISTS,99930,5f673dce269b7c17d916f78831bebb001cec41b3e99f51aa90a79d86b8b7e19e,
5096,2829-PARF,Athénaïs,Parfums de Marly,Athenais,CONFIRMED,FOUND,123716,https://www.fragrantica.com/perfume/Parfums-de-Marly/Athenais-123716.html,https://fimgs.net/mdimg/perfume-social-cards/en-p_c_123716.jpeg,fragrantica-scraper-archive/social-cards/images/5096_2829-PARF_123716.jpeg,EXISTS,103387,3049c18c9782a2b59b27a9c3e0b2b1d0e69e98dc6f477e322d52ca8ece337a70,
5095,2828-ATEL,Vanille Carbone Atelier Materi,Atelier Materi,Vanille Carbone,CONFIRMED,FOUND,104586,https://www.fragrantica.com/perfume/Atelier-Materi/Vanille-Carbone-104586.html,https://fimgs.net/mdimg/perfume-social-cards/en-p_c_104586.jpeg,fragrantica-scraper-archive/social-cards/images/5095_2828-ATEL_104586.jpeg,EXISTS,109086,a8fbf41f37da9d80fad035e4baeb5b2ea991e59189597b0cef811f8ecf81e375,
5094,2827-BYR,Bal d'Afrique Absolu,Byredo,Bal d Afrique Absolu,CONFIRMED,FOUND,108421,https://www.fragrantica.com/perfume/Byredo/Bal-d-Afrique-Absolu-108421.html,https://fimgs.net/mdimg/perfume-social-cards/en-p_c_108421.jpeg,fragrantica-scraper-archive/social-cards/images/5094_2827-BYR_108421.jpeg,EXISTS,106813,dff54002419405efdec710d5a52af9143559e35ce292f2459bddf6ad1939826e,
5093,2826-SOL,Cheirosa 91 Sol de Janeiro,Sol de Janeiro,Cheirosa 91,CONFIRMED,FOUND,119651,https://www.fragrantica.com/perfume/Sol-de-Janeiro/Cheirosa-91-119651.html,https://fimgs.net/mdimg/perfume-social-cards/en-p_c_119651.jpeg,fragrantica-scraper-archive/social-cards/images/5093_2826-SOL_119651.jpeg,EXISTS,99686,b90901619705fb38d2ae3acd5fbf896dc026e032e31ee32116ef2cedbfd7f0df,
5092,2825-RARB,Rare Beauty,Rare Beauty,Rare,CONFIRMED,FOUND,112206,https://www.fragrantica.com/p/112206,https://fimgs.net/mdimg/perfume-social-cards/en-p_c_112206.jpeg,fragrantica-scraper-archive/social-cards/images/5092_2825-RARB_112206.jpeg,EXISTS,97917,5933f5c0ab69148b5514556147aa16c3f67edcca60ca2afca7221438a83bff7c,
5091,2824-NRO,Pure Musc Blanc For Her,Narciso Rodriguez,Pure Musc Blanc For Her,CONFIRMED,FOUND,122211,https://www.fragrantica.com/perfume/Narciso-Rodriguez/Pure-Musc-Blanc-For-Her-122211.html,https://fimgs.net/mdimg/perfume-social-cards/en-p_c_122211.jpeg,fragrantica-scraper-archive/social-cards/images/5091_2824-NRO_122211.jpeg,EXISTS,94888,21658a16af453bbb9530c32623c1e827ae44717475c0adb6c234648527b065b6,
5090,2823-KAY,Eden Plush Pear | 23 Kayali,Kayali Fragrances,Eden Plush Pear 23 Eau de Parfum,CONFIRMED,FOUND,127453,https://www.fragrantica.com/perfume/Kayali-Fragrances/Eden-Plush-Pear-23-Eau-de-Parfum-127453.html,https://fimgs.net/mdimg/perfume-social-cards/en-p_c_127453.jpeg,fragrantica-scraper-archive/social-cards/images/5090_2823-KAY_127453.jpeg,EXISTS,110018,d0d05aebadf9a7a14de067d300ad6dd20c72da0a51f950f2ca5540f4d4923e95,
5089,2822-DRC,Addict Purple Glow Eau De Parfum,Dior,Addict Purple Glow Eau De Parfum,CONFIRMED,FOUND,121565,https://www.fragrantica.com/perfume/Dior/Addict-Purple-Glow-Eau-De-Parfum-121565.html,https://fimgs.net/mdimg/perfume-social-cards/en-p_c_121565.jpeg,fragrantica-scraper-archive/social-cards/images/5089_2822-DRC_121565.jpeg,EXISTS,105545,c2dcf5c3e53c35eaab623a3b155ac1b4de1cbc056dab0b3096423362260d0e8b,
5088,2821-DRC,Addict Peachy Glow Eau de Parfum,Dior,Addict Peachy Glow Eau de Parfum,CONFIRMED,FOUND,121566,https://www.fragrantica.com/perfume/Dior/Addict-Peachy-Glow-Eau-de-Parfum-121566.html,https://fimgs.net/mdimg/perfume-social-cards/en-p_c_121566.jpeg,fragrantica-scraper-archive/social-cards/images/5088_2821-DRC_121566.jpeg,EXISTS,101590,c6d2bc786ef0bcb8127e7eaa2e9046459b0be153c38d915421d5aa4b81179d38,
5087,2820-MIN,Queening Mind Games,Mind Games,Queening,CONFIRMED,FOUND,89898,https://www.fragrantica.com/perfume/Mind-Games/Queening-89898.html,https://fimgs.net/mdimg/perfume-social-cards/en-p_c_89898.jpeg,fragrantica-scraper-archive/social-cards/images/5087_2820-MIN_89898.jpeg,EXISTS,93137,24d32a20ee5e1fdaf218ef5ba69f45e284609e6a420bddc3692af8fd978e2f17,
5086,2819-AKR,Awake Akro,Akro,Awake,CONFIRMED,FOUND,51704,https://www.fragrantica.com/perfume/Akro/Awake-51704.html,https://fimgs.net/mdimg/perfume-social-cards/en-p_c_51704.jpeg,fragrantica-scraper-archive/social-cards/images/5086_2819-AKR_51704.jpeg,EXISTS,93793,610d0979fc194d5696afcf56aa7c0976a34b3d5c32ae424dedd3be2ebfbac850,
5085,2818-SWISA,Shaghaf Oud Swiss Arabian,Swiss Arabian,Shaghaf Oud,CONFIRMED,FOUND,50582,https://www.fragrantica.com/perfume/Swiss-Arabian/Shaghaf-Oud-50582.html,https://fimgs.net/mdimg/perfume-social-cards/en-p_c_50582.jpeg,fragrantica-scraper-archive/social-cards/images/5085_2818-SWISA_50582.jpeg,EXISTS,101801,3958ddbf876e83e997166d2eb1e54ff177ece9222ba61089d1beb21c7e7889ef,
5084,2817-INI,Oud for Greatness Neo Initio Parfums,Initio Parfums Prives,Oud for Greatness Neo,CONFIRMED,FOUND,93090,https://www.fragrantica.com/perfume/Initio-Parfums-Prives/Oud-for-Greatness-Neo-93090.html,https://fimgs.net/mdimg/perfume-social-cards/en-p_c_93090.jpeg,fragrantica-scraper-archive/social-cards/images/5084_2817-INI_93090.jpeg,EXISTS,119525,230d22ce49933dec33c8675d41944b9d2653c3f47be6a526f84ce24805192e48,
5083,2816-MOOD,Blonde Maracuja Mood London,Mood London,Blonde Maracuja Mood London,CONFIRMED,UNRESOLVED,,,,,NO_CONFIRMED_ID,,,
5082,2815-DOL,By for women,Dolce Gabbana,By,CONFIRMED,FOUND,489,https://www.fragrantica.com/perfume/Dolce-Gabbana/By-489.html,https://fimgs.net/mdimg/perfume-social-cards/en-p_c_489.jpeg,fragrantica-scraper-archive/social-cards/images/5082_2815-DOL_489.jpeg,EXISTS,119107,6474b735cb748acc251e85534c7600c9bfff929d786577fad86acaab5d9d5d29,
5081,2814-TMFO,Figue Erotique Tom Ford,Tom Ford,Figue Erotique,CONFIRMED,FOUND,119402,https://www.fragrantica.com/perfume/Tom-Ford/Figue-Erotique-119402.html,https://fimgs.net/mdimg/perfume-social-cards/en-p_c_119402.jpeg,fragrantica-scraper-archive/social-cards/images/5081_2814-TMFO_119402.jpeg,EXISTS,105270,d52ed3de0e2531165d58f68ddd7150ff71748c88ae2f9d88f47e3df539b512d3,
5080,2813-OMA,Caden Omanluxury,Omanluxury,Caden,CONFIRMED,FOUND,105465,https://www.fragrantica.com/p/105465,https://fimgs.net/mdimg/perfume-social-cards/en-p_c_105465.jpeg,fragrantica-scraper-archive/social-cards/images/5080_2813-OMA_105465.jpeg,EXISTS,103234,2488688a419bce9069505a46c7e3eb288970e692f848bd470fd0fb5d9c5add4f,
5079,2812-ARM,Stronger With You Powerfully,Giorgio Armani,Emporio Armani Stronger With You Powerfully,CONFIRMED,FOUND,123070,https://www.fragrantica.com/perfume/Giorgio-Armani/Emporio-Armani-Stronger-With-You-Powerfully-123070.html,https://fimgs.net/mdimg/perfume-social-cards/en-p_c_123070.jpeg,fragrantica-scraper-archive/social-cards/images/5079_2812-ARM_123070.jpeg,EXISTS,122556,215f4fed99da408ff626f288241b6bb3a9eac5f55ed61dec811b925c61a6a019,
5078,2811-DRC,Sauvage Rare Blend,Dior,Sauvage Rare Blend,CONFIRMED,FOUND,118815,https://www.fragrantica.com/perfume/Dior/Sauvage-Rare-Blend-118815.html,https://fimgs.net/mdimg/perfume-social-cards/en-p_c_118815.jpeg,fragrantica-scraper-archive/social-cards/images/5078_2811-DRC_118815.jpeg,EXISTS,99227,3e509605cbb4dc378db575c9cd539c1df0a3596ed832c73643a4a86c0d96e850,
5077,2810-MIN,Prodigy Mind Games,Mind Games,Prodigy,CONFIRMED,FOUND,101192,https://www.fragrantica.com/perfume/Mind-Games/Prodigy-101192.html,https://fimgs.net/mdimg/perfume-social-cards/en-p_c_101192.jpeg,fragrantica-scraper-archive/social-cards/images/5077_2810-MIN_101192.jpeg,EXISTS,98679,7ce2f6bad9551ed2fa00df1f272c50bb60290e4652979e5f523cdd680d2a1e6a,
5076,2809-AZZ,Forever Wanted Elixir Azzaro,Azzaro,Forever Wanted Elixir,CONFIRMED,FOUND,102882,https://www.fragrantica.com/perfume/Azzaro/Forever-Wanted-Elixir-102882.html,https://fimgs.net/mdimg/perfume-social-cards/en-p_c_102882.jpeg,fragrantica-scraper-archive/social-cards/images/5076_2809-AZZ_102882.jpeg,EXISTS,120635,45a558d0d2c7a710052bdd21f9a8166db5b052a73a775c624da3c172a99f864f,
5075,2808-LES,Roasted Tangerine Les Liquides Imaginaires,Les Liquides Imaginaires,Roasted Tangerine,CONFIRMED,FOUND,103914,https://www.fragrantica.com/perfume/Les-Liquides-Imaginaires/Roasted-Tangerine-103914.html,https://fimgs.net/mdimg/perfume-social-cards/en-p_c_103914.jpeg,fragrantica-scraper-archive/social-cards/images/5075_2808-LES_103914.jpeg,EXISTS,108323,787696df20113f59083f89a14ac6f3ecad37c71eaa35c371981791177f683661,
5074,2807-VIRT,Buttercream Haze The 7 Virtues,The 7 Virtues,Buttercream-haze,CONFIRMED,FOUND,116996,https://www.fragrantica.com/p/116996,https://fimgs.net/mdimg/perfume-social-cards/en-p_c_116996.jpeg,fragrantica-scraper-archive/social-cards/images/5074_2807-VIRT_116996.jpeg,EXISTS,107066,0d65925fceec9076334885f1e3ef2f8479372657421fba2c6724328b3f442969,
5073,2806-PHL,Afterglow Phlur,Phlur,Afterglow,CONFIRMED,FOUND,119441,https://www.fragrantica.com/perfume/Phlur/Afterglow-119441.html,https://fimgs.net/mdimg/perfume-social-cards/en-p_c_119441.jpeg,fragrantica-scraper-archive/social-cards/images/5073_2806-PHL_119441.jpeg,EXISTS,102475,5937db31482a3cbb030a1a2c4fc290022e241df4c8a89650c30456b8b944693e,
5072,2805-MARG,Never-ending Summer Margiela,Maison Martin Margiela,Never ending Summer,CONFIRMED,FOUND,103564,https://www.fragrantica.com/perfume/Maison-Martin-Margiela/Never-ending-Summer-103564.html,https://fimgs.net/mdimg/perfume-social-cards/en-p_c_103564.jpeg,fragrantica-scraper-archive/social-cards/images/5072_2805-MARG_103564.jpeg,EXISTS,113703,6ff1e856c1806576f2ab9382e4a381657c67a7af761d1ea0b47b143a35676e33,
5071,2804-BOYS,Coco Cream Boy Smells,Boy Smells,Coco Cream,CONFIRMED,FOUND,105919,https://www.fragrantica.com/perfume/Boy-Smells/Coco-Cream-105919.html,https://fimgs.net/mdimg/perfume-social-cards/en-p_c_105919.jpeg,fragrantica-scraper-archive/social-cards/images/5071_2804-BOYS_105919.jpeg,EXISTS,100939,2ca17cd24edd05b9c5b14a0dd05de1ce480dd1aadca72fe543c267f59f2b8380,
5070,2803-AKR,Crush Akro,Akro,Crush,CONFIRMED,FOUND,105831,https://www.fragrantica.com/perfume/Akro/Crush-105831.html,https://fimgs.net/mdimg/perfume-social-cards/en-p_c_105831.jpeg,fragrantica-scraper-archive/social-cards/images/5070_2803-AKR_105831.jpeg,EXISTS,93252,083ba7efa87e90caf88a1d6c8daa08b8249eacb014a1730d9c354dcbb12c87fb,
5069,2802-HER,Terre Intense for men,Hermes,Terre d Hermes Intense,CONFIRMED,FOUND,102772,https://www.fragrantica.com/perfume/Hermes/Terre-d-Hermes-Intense-102772.html,https://fimgs.net/mdimg/perfume-social-cards/en-p_c_102772.jpeg,fragrantica-scraper-archive/social-cards/images/5069_2802-HER_102772.jpeg,EXISTS,111028,1d45c7ed988cb1007948b71201ccbec66acbc73f979d2a787afe57ce75197e77,
5068,2801-DON,Cashmere & Vanilla Essence,Donna Karan,Cashmere Vanilla Essence,CONFIRMED,FOUND,103064,https://www.fragrantica.com/perfume/Donna-Karan/Cashmere-Vanilla-Essence-103064.html,https://fimgs.net/mdimg/perfume-social-cards/en-p_c_103064.jpeg,fragrantica-scraper-archive/social-cards/images/5068_2801-DON_103064.jpeg,EXISTS,108202,2ef2113d13e97be9b47fb5f629382dec714743aa10a3e3406adabb2983e29fac,
5067,2800-ACQ,Buongiorno,Acqua di Parma,Buongiorno,CONFIRMED,FOUND,103426,https://www.fragrantica.com/perfume/Acqua-di-Parma/Buongiorno-103426.html,https://fimgs.net/mdimg/perfume-social-cards/en-p_c_103426.jpeg,fragrantica-scraper-archive/social-cards/images/5067_2800-ACQ_103426.jpeg,EXISTS,106083,2778ce4bb2baf1e10d5aa957d818f6ede0bc68eb0cf377316a918139581a04a3,
5066,2799-OBVI,Milk & Matcha Obvious,obvious,Milk-matcha-un-ete,CONFIRMED,FOUND,103407,https://www.fragrantica.com/p/103407,https://fimgs.net/mdimg/perfume-social-cards/en-p_c_103407.jpeg,fragrantica-scraper-archive/social-cards/images/5066_2799-OBVI_103407.jpeg,EXISTS,105249,06426f771d3776eb7bba74affabc38c8f41f52d4f118f058b6aaea62ff828d2c,
5065,2798-NICO,Macaron Bourbon Nicolai Parfumeur Createur,Nicolaï Parfumeur-Créateur,Macaron Bourbon,CONFIRMED,FOUND,91006,https://www.fragrantica.com/p/91006,https://fimgs.net/mdimg/perfume-social-cards/en-p_c_91006.jpeg,fragrantica-scraper-archive/social-cards/images/5065_2798-NICO_91006.jpeg,EXISTS,107834,d35feea4bcde0501bb644fa2326579b9ec86aafddadaa1cd719a9fec78982d97,
5064,2795-AMG,Jubilation 40 Man Amouage for men,Amouage,Jubilation 40 Man,CONFIRMED,FOUND,87958,https://www.fragrantica.com/perfume/Amouage/Jubilation-40-Man-87958.html,https://fimgs.net/mdimg/perfume-social-cards/en-p_c_87958.jpeg,fragrantica-scraper-archive/social-cards/images/5064_2795-AMG_87958.jpeg,EXISTS,113624,00aeeafb079502b59445ebcfb3b24af169bdb532d4e32b5c24a9021cda11a5c8,
5063,2794-PAC,Lady Million Lucky,Rabanne,Lady Million Lucky,CONFIRMED,FOUND,48904,https://www.fragrantica.com/perfume/Rabanne/Lady-Million-Lucky-48904.html,https://fimgs.net/mdimg/perfume-social-cards/en-p_c_48904.jpeg,fragrantica-scraper-archive/social-cards/images/5063_2794-PAC_48904.jpeg,EXISTS,112294,3f94b92ec7d8e57ff45709d997e247e95b7ac5d889a80cf9b46f823c243edc71,
5062,2793-FRAG,Oud Noir Intense Fragrance Du Bois,Fragrance Du Bois,Oud-noir-intense,CONFIRMED,FOUND,24483,https://www.fragrantica.com/p/24483,https://fimgs.net/mdimg/perfume-social-cards/en-p_c_24483.jpeg,fragrantica-scraper-archive/social-cards/images/5062_2793-FRAG_24483.jpeg,EXISTS,112077,739ed6ac87448d491d9a3081f7723d511bb2969af34fc4ba7383ef8cbf229411,
5061,2792-AJMA,Musk Silk Ajmal,Ajmal,Musk Silk,CONFIRMED,FOUND,58837,https://www.fragrantica.com/perfume/Ajmal/Musk-Silk-58837.html,https://fimgs.net/mdimg/perfume-social-cards/en-p_c_58837.jpeg,fragrantica-scraper-archive/social-cards/images/5061_2792-AJMA_58837.jpeg,EXISTS,91475,1942fc5017686cf97183bc9395ab27e3a445a6fa7f56378351a913018805f577,
5060,2791-LTN,the fragrance notes of,,,CONFIRMED,FOUND,115408,https://www.fragrantica.com/perfume/Louis-Vuitton/Moon-Tale-115408.html,https://fimgs.net/mdimg/perfume-social-cards/en-p_c_115408.jpeg,fragrantica-scraper-archive/social-cards/images/5060_2791-LTN_115408.jpeg,DOWNLOADED,92007,12a82a7cb73e28d13e294c93f4cd93a9627b446e7ce2562865cbc8d4ceefeb8a,
5059,2790-KIL,Old Fashioned By Kilian,By Kilian,Old Fashioned,CONFIRMED,FOUND,96096,https://www.fragrantica.com/perfume/By-Kilian/Old-Fashioned-96096.html,https://fimgs.net/mdimg/perfume-social-cards/en-p_c_96096.jpeg,fragrantica-scraper-archive/social-cards/images/5059_2790-KIL_96096.jpeg,EXISTS,132662,d41ce2b46a4131570e1ee4b036dc09c8dc0bddee27b49e848a5095dfc0513434,
5058,2789-PEN,Fortuitous Finley Penhaligon's,Penhaligon s,Fortuitous Finley,CONFIRMED,FOUND,103514,https://www.fragrantica.com/perfume/Penhaligon-s/Fortuitous-Finley-103514.html,https://fimgs.net/mdimg/perfume-social-cards/en-p_c_103514.jpeg,fragrantica-scraper-archive/social-cards/images/5058_2789-PEN_103514.jpeg,EXISTS,104407,a095e32f2ff19bce1bb9d80583c75aeccaf29a0ae3c815eb2150820cb2e3a5bd,
5057,2606-ARM,Ocean di Gioia Giorgio Armani,Giorgio Armani,Ocean di Gioia,CONFIRMED,FOUND,59809,https://www.fragrantica.com/perfume/Giorgio-Armani/Ocean-di-Gioia-59809.html,https://fimgs.net/mdimg/perfume-social-cards/en-p_c_59809.jpeg,fragrantica-scraper-archive/social-cards/images/5057_2606-ARM_59809.jpeg,EXISTS,104507,0bac97252eaf6dc6712df4e7e5857e1967a84f0cfc5484e2603662ce59d87238,
5056,2788-MIN,French Defense Mind Games,Mind Games,French Defense,CONFIRMED,FOUND,88867,https://www.fragrantica.com/perfume/Mind-Games/French-Defense-88867.html,https://fimgs.net/mdimg/perfume-social-cards/en-p_c_88867.jpeg,fragrantica-scraper-archive/social-cards/images/5056_2788-MIN_88867.jpeg,EXISTS,106731,ed61471d24f7b097dc3115a9ea385904febe47a82e6ec5669093633c469f474e,
5055,2787-KAJ,Lamar Kajal,Kajal,Lamar,CONFIRMED,FOUND,62571,https://www.fragrantica.com/perfume/Kajal/Lamar-62571.html,https://fimgs.net/mdimg/perfume-social-cards/en-p_c_62571.jpeg,fragrantica-scraper-archive/social-cards/images/5055_2787-KAJ_62571.jpeg,EXISTS,104962,38515682be9e953cee302605b0baf87837990b990433fd39da0ce885e151f81c,
5054,2786-LTN,the fragrance notes,,,CONFIRMED,FOUND,115406,https://www.fragrantica.com/perfume/Louis-Vuitton/Rain-Tea-115406.html,https://fimgs.net/mdimg/perfume-social-cards/en-p_c_115406.jpeg,fragrantica-scraper-archive/social-cards/images/5054_2786-LTN_115406.jpeg,DOWNLOADED,94120,8e348956583e0c8188379295dd80644e03e289ac8298a42385ead90842f444e3,
5053,2785-VAL,Born in Roma Extradose Donna Valentino,Valentino,Born in Roma Extradose Donna,CONFIRMED,FOUND,101384,https://www.fragrantica.com/perfume/Valentino/Born-in-Roma-Extradose-Donna-101384.html,https://fimgs.net/mdimg/perfume-social-cards/en-p_c_101384.jpeg,fragrantica-scraper-archive/social-cards/images/5053_2785-VAL_101384.jpeg,EXISTS,115658,d2d25857ba8a4ffc5604cc7a23675a79862d7009ad901dfc0848dcbf32387e5e,
5052,2784-MARG,Afternoon Delight Margiela,Maison Martin Margiela,Afternoon Delight,CONFIRMED,FOUND,95923,https://www.fragrantica.com/perfume/Maison-Martin-Margiela/Afternoon-Delight-95923.html,https://fimgs.net/mdimg/perfume-social-cards/en-p_c_95923.jpeg,fragrantica-scraper-archive/social-cards/images/5052_2784-MARG_95923.jpeg,EXISTS,103722,4c48312695b6293a1d9b002cd1da71a9839480a7532053bbd95ec7e56c3adc30,
5051,2783-LTN,the fragrance notes,,,CONFIRMED,FOUND,115407,https://www.fragrantica.com/perfume/Louis-Vuitton/Ink-Mark-115407.html,https://fimgs.net/mdimg/perfume-social-cards/en-p_c_115407.jpeg,fragrantica-scraper-archive/social-cards/images/5051_2783-LTN_115407.jpeg,DOWNLOADED,88098,340c2267f329fee31431761828039b667aa7450430f1133e4080927a93d9fbf6,
5050,2782-AJMA,Musk Silk Supreme Ajmal,Ajmal,Musk Silk Supreme,CONFIRMED,FOUND,102549,https://www.fragrantica.com/perfume/Ajmal/Musk-Silk-Supreme-102549.html,https://fimgs.net/mdimg/perfume-social-cards/en-p_c_102549.jpeg,fragrantica-scraper-archive/social-cards/images/5050_2782-AJMA_102549.jpeg,EXISTS,86444,6994e81d53c5605f111d17027bf19c52c0c6a7666592b241346d5b8f221b9e14,
5049,2797-MATIE,Vanilla Powder Extrait de Parfum Matiere Premiere,Matiere Premiere,Vanilla Powder,CONFIRMED,FOUND,112581,https://www.fragrantica.com/perfume/Matiere-Premiere/Vanilla-Powder-112581.html,https://fimgs.net/mdimg/perfume-social-cards/en-p_c_112581.jpeg,fragrantica-scraper-archive/social-cards/images/5049_2797-MATIE_112581.jpeg,EXISTS,97877,e4839119b2ba935d7061b10816292b110bca9ff34e6827899eba5b5f61bb74bc,
5025,2705-KIL,Angels Share On The Rocks Kilian,By Kilian,Angel s Share On The Rocks,CONFIRMED,FOUND,113083,https://www.fragrantica.com/perfume/By-Kilian/Angel-s-Share-On-The-Rocks-113083.html,https://fimgs.net/mdimg/perfume-social-cards/en-p_c_113083.jpeg,fragrantica-scraper-archive/social-cards/images/5025_2705-KIL_113083.jpeg,EXISTS,124256,6a2b9abadbfdc7098896fe80a09d334ffc7ecfd5db92d965ccf792922622cad8,
5020,2780-LAT,Angham Lattafa Perfumes,Lattafa Perfumes,Angham,CONFIRMED,FOUND,96768,https://www.fragrantica.com/perfume/Lattafa-Perfumes/Angham-96768.html,https://fimgs.net/mdimg/perfume-social-cards/en-p_c_96768.jpeg,fragrantica-scraper-archive/social-cards/images/5020_2780-LAT_96768.jpeg,EXISTS,102330,8c2088d3eaec29976e183f6a91f85402748585a60c2739716006b212c6aaa256,
5019,2778-JOM,Fig & Lotus Flower,Jo Malone London,Fig Lotus Flower,CONFIRMED,FOUND,61929,https://www.fragrantica.com/perfume/Jo-Malone-London/Fig-Lotus-Flower-61929.html,https://fimgs.net/mdimg/perfume-social-cards/en-p_c_61929.jpeg,fragrantica-scraper-archive/social-cards/images/5019_2778-JOM_61929.jpeg,EXISTS,93643,c1148551dea0699179248e2c31cbe506db6e9f238f4074319baa0e315f71ef38,
5018,2777-GUR,Herbes Troublantes,Guerlain,Herbes Troublantes,CONFIRMED,FOUND,69275,https://www.fragrantica.com/perfume/Guerlain/Herbes-Troublantes-69275.html,https://fimgs.net/mdimg/perfume-social-cards/en-p_c_69275.jpeg,fragrantica-scraper-archive/social-cards/images/5018_2777-GUR_69275.jpeg,EXISTS,97577,e30399ec95c0db2abb8fbe1678a26228797a2971298539c87c8b7cf95644d5f9,
5017,2776-CELI,Nightclubbing Celine,Celine,Nightclubbing,CONFIRMED,FOUND,57926,https://www.fragrantica.com/perfume/Celine/Nightclubbing-57926.html,https://fimgs.net/mdimg/perfume-social-cards/en-p_c_57926.jpeg,fragrantica-scraper-archive/social-cards/images/5017_2776-CELI_57926.jpeg,EXISTS,103333,4de0b87915ba6c5bc23f091d2fdc64ed4fb77e874e417f334ed6c6a2cba5c818,
5016,2775-BOT,Illusione for Him for men,Bottega Veneta,Illusione for Him,CONFIRMED,FOUND,55301,https://www.fragrantica.com/perfume/Bottega-Veneta/Illusione-for-Him-55301.html,https://fimgs.net/mdimg/perfume-social-cards/en-p_c_55301.jpeg,fragrantica-scraper-archive/social-cards/images/5016_2775-BOT_55301.jpeg,EXISTS,109973,0149a545cc5bd320165376f8908d1510e275c9de7b8c166126ff88f126d5f269,
5015,2774-MIL,La Fumee Miller Harris,Miller Harris,La Fumee,CONFIRMED,FOUND,13410,https://www.fragrantica.com/p/13410,https://fimgs.net/mdimg/perfume-social-cards/en-p_c_13410.jpeg,fragrantica-scraper-archive/social-cards/images/5015_2774-MIL_13410.jpeg,EXISTS,120629,b2d3736945bfaac3f08acd3acc890fd11bf738abe6dedee01d5dce87d712f55b,
5014,2773-RIT,The Rituals of Mehr,,,CONFIRMED,FOUND,83081,https://www.fragrantica.com/perfume/Rituals/The-Rituals-of-Mehr-Body-Mist-83081.html,https://fimgs.net/mdimg/perfume-social-cards/en-p_c_83081.jpeg,fragrantica-scraper-archive/social-cards/images/5014_2773-RIT_83081.jpeg,DOWNLOADED,92967,95525057e732024376237005baa4003fcf0f78176fdbcadbfe7c5cca95beea3f,
5013,2771-GUR,Santal Royal,Guerlain,Santal Royal,CONFIRMED,FOUND,96470,https://www.fragrantica.com/perfume/Guerlain/Santal-Royal-96470.html,https://fimgs.net/mdimg/perfume-social-cards/en-p_c_96470.jpeg,fragrantica-scraper-archive/social-cards/images/5013_2771-GUR_96470.jpeg,EXISTS,103496,fa3b0d8430b5b754b89179bf9b4c2c48dec75bc7315ef21b39d2c239c1120428,
5012,2770-DOL,Pineapple,Dolce Gabbana,Pineapple,CONFIRMED,FOUND,59231,https://www.fragrantica.com/perfume/Dolce-Gabbana/Pineapple-59231.html,https://fimgs.net/mdimg/perfume-social-cards/en-p_c_59231.jpeg,fragrantica-scraper-archive/social-cards/images/5012_2770-DOL_59231.jpeg,EXISTS,103248,e247501654dedd94adbe18584dee5c39920c8a61b429d54bb3280ff4ca2636dc,
5011,2772-DOL,K Eau de Parfum 2020 for men,Dolce Gabbana,K by Dolce Gabbana Eau de Parfum,CONFIRMED,FOUND,62311,https://www.fragrantica.com/perfume/Dolce-Gabbana/K-by-Dolce-Gabbana-Eau-de-Parfum-62311.html,https://fimgs.net/mdimg/perfume-social-cards/en-p_c_62311.jpeg,fragrantica-scraper-archive/social-cards/images/5011_2772-DOL_62311.jpeg,EXISTS,120127,920ba0c1306e327caa17f0f8ab12b50ffce3f0ad5a31629867a1de39be6abbc1,
5003,2744-NISH,Meant To Be Seen,Nishane,Meant To Be Seen,CONFIRMED,FOUND,116224,https://www.fragrantica.com/perfume/Nishane/Meant-To-Be-Seen-116224.html,https://fimgs.net/mdimg/perfume-social-cards/en-p_c_116224.jpeg,fragrantica-scraper-archive/social-cards/images/5003_2744-NISH_116224.jpeg,EXISTS,99762,ba17b166c1172730057572d147b321604b6516a85b72daed59ba8b54bfcc70bd,
4995,2768-LAN,La Vie Est Belle Vanille Nude,Lancome,La Vie Est Belle Vanille Nude,CONFIRMED,FOUND,109311,https://www.fragrantica.com/perfume/Lancome/La-Vie-Est-Belle-Vanille-Nude-109311.html,https://fimgs.net/mdimg/perfume-social-cards/en-p_c_109311.jpeg,fragrantica-scraper-archive/social-cards/images/4995_2768-LAN_109311.jpeg,EXISTS,96521,a746e1d367191d2022b259758ad0303acd44ac7e3a5715c0539639525b74afa3,
4994,2767-MATAH,Printemps Blanc Maison Mataha,Maison Mataha,Printemps Blanc,CONFIRMED,FOUND,103992,https://www.fragrantica.com/perfume/Maison-Mataha/Printemps-Blanc-103992.html,https://fimgs.net/mdimg/perfume-social-cards/en-p_c_103992.jpeg,fragrantica-scraper-archive/social-cards/images/4994_2767-MATAH_103992.jpeg,EXISTS,102430,bf4becc71ee2585e626db0a66e6c8d872a51a6292b83fcbe4a998aff2537dffb,
4993,2766-PARF,Eragon Parfums de Marly,Parfums de Marly,Eragon,CONFIRMED,FOUND,116243,https://www.fragrantica.com/perfume/Parfums-de-Marly/Eragon-116243.html,https://fimgs.net/mdimg/perfume-social-cards/en-p_c_116243.jpeg,fragrantica-scraper-archive/social-cards/images/4993_2766-PARF_116243.jpeg,EXISTS,104570,ccf919e80be097b39f37c1ba983916b4940f1c97bb339989c940f109f05f8f54,
4992,2765-GUC,Muschio di Luce Gucci,Gucci,Muschio di Luce,CONFIRMED,FOUND,114849,https://www.fragrantica.com/perfume/Gucci/Muschio-di-Luce-114849.html,https://fimgs.net/mdimg/perfume-social-cards/en-p_c_114849.jpeg,fragrantica-scraper-archive/social-cards/images/4992_2765-GUC_114849.jpeg,EXISTS,107259,43d57d1830702b5003db76d006f92386dc722701cb61d5e9d622c8d0910fe3cd,
4991,2764-TMFO,Black Orchid Reserve,Tom Ford,Black Orchid Reserve,CONFIRMED,FOUND,107401,https://www.fragrantica.com/perfume/Tom-Ford/Black-Orchid-Reserve-107401.html,https://fimgs.net/mdimg/perfume-social-cards/en-p_c_107401.jpeg,fragrantica-scraper-archive/social-cards/images/4991_2764-TMFO_107401.jpeg,EXISTS,109907,94108e8a3c68c864f00fbcfa4e0acd46bd68163d0ee08041c01502e22d2c20ac,
4974,2732-GIV,Very Irresistible for men,Givenchy,Very Irresistible for men,CONFIRMED,FOUND,34,https://www.fragrantica.com/perfume/Givenchy/Very-Irresistible-for-men-34.html,https://fimgs.net/mdimg/perfume-social-cards/en-p_c_34.jpeg,fragrantica-scraper-archive/social-cards/images/4974_2732-GIV_34.jpeg,EXISTS,110497,77ce9648f07df6998c57c3de49b60c16496c7c3de86b1ca6c81eecfc541f0d80,
4973,2731-BYRP,Mula Mula Byron Parfums,Byron Parfums,Mula Mula,CONFIRMED,FOUND,50711,https://www.fragrantica.com/perfume/Byron-Parfums/Mula-Mula-50711.html,https://fimgs.net/mdimg/perfume-social-cards/en-p_c_50711.jpeg,fragrantica-scraper-archive/social-cards/images/4973_2731-BYRP_50711.jpeg,EXISTS,106510,51a7bf691c2350f2f6c57191bec6f0d8dadf1512d44ebfbcb9006e5489c3026f,
4972,2730-ARA,New West for Her,Aramis,New West for Her,CONFIRMED,FOUND,4857,https://www.fragrantica.com/perfume/Aramis/New-West-for-Her-4857.html,https://fimgs.net/mdimg/perfume-social-cards/en-p_c_4857.jpeg,fragrantica-scraper-archive/social-cards/images/4972_2730-ARA_4857.jpeg,EXISTS,106566,4da46acc97c8e2c6ffd3a5518414934971d949f3278a00d0afcc6223ed6e0f6e,
4971,2759-ARM,Power Of You,Giorgio Armani,Power Of You,CONFIRMED,FOUND,121870,https://www.fragrantica.com/perfume/Giorgio-Armani/Power-Of-You-121870.html,https://fimgs.net/mdimg/perfume-social-cards/en-p_c_121870.jpeg,fragrantica-scraper-archive/social-cards/images/4971_2759-ARM_121870.jpeg,EXISTS,105031,cee6d0a6866f46d30cf61887d2976c6816b685fe0ef58be1c8f2a268684728ab,
4970,2758-YZLO,Libre Berry Crush,Yves Saint Laurent,Libre Berry Crush,CONFIRMED,FOUND,120531,https://www.fragrantica.com/perfume/Yves-Saint-Laurent/Libre-Berry-Crush-120531.html,https://fimgs.net/mdimg/perfume-social-cards/en-p_c_120531.jpeg,fragrantica-scraper-archive/social-cards/images/4970_2758-YZLO_120531.jpeg,EXISTS,103208,e342004488eb43c0a5ad87eedd166ee296d78040a6eaf14b7f1b56356c471bca,
4969,2763-KAY,Freedom Musk Bouquet 27 Eau de Parfum Kayali Fragrances,Kayali Fragrances,Freedom Musk Bouquet 27 Eau de Parfum,CONFIRMED,FOUND,118621,https://www.fragrantica.com/perfume/Kayali-Fragrances/Freedom-Musk-Bouquet-27-Eau-de-Parfum-118621.html,https://fimgs.net/mdimg/perfume-social-cards/en-p_c_118621.jpeg,fragrantica-scraper-archive/social-cards/images/4969_2763-KAY_118621.jpeg,EXISTS,102915,98c45ac10f6b39010c7088f0f31819d2f3b4c66a364dca002e44983c1b94fd6d,
4968,2762-LAT,Eclaire Pistache Lattafa Perfumes,Lattafa Perfumes,Eclaire Pistache,CONFIRMED,FOUND,113777,https://www.fragrantica.com/perfume/Lattafa-Perfumes/Eclaire-Pistache-113777.html,https://fimgs.net/mdimg/perfume-social-cards/en-p_c_113777.jpeg,fragrantica-scraper-archive/social-cards/images/4968_2762-LAT_113777.jpeg,EXISTS,100444,39a92a3346ff20436fcf4a5d7530ba71f218f3efff2aa8c7304df60f6ac9fc55,
4967,2761-LAT,Asad Elixir Lattafa Perfumes,Lattafa Perfumes,Asad Elixir,CONFIRMED,FOUND,117616,https://www.fragrantica.com/perfume/Lattafa-Perfumes/Asad-Elixir-117616.html,https://fimgs.net/mdimg/perfume-social-cards/en-p_c_117616.jpeg,fragrantica-scraper-archive/social-cards/images/4967_2761-LAT_117616.jpeg,EXISTS,103005,fc05122b39378de1e9c14a2c4ddf41719c523f1dbf82d82459e923656abafd51,
4966,2760-LAT,Yara Elixir Lattafa Perfumes,Lattafa Perfumes,Yara Elixir,CONFIRMED,FOUND,117615,https://www.fragrantica.com/perfume/Lattafa-Perfumes/Yara-Elixir-117615.html,https://fimgs.net/mdimg/perfume-social-cards/en-p_c_117615.jpeg,fragrantica-scraper-archive/social-cards/images/4966_2760-LAT_117615.jpeg,EXISTS,103247,43a0f0037e28982e0769f34e20292629fe9f7dbc257bf969ac659fb9853c4473,
4965,2757-LAT,Vanilla Freak Lattafa Perfumes,Lattafa Perfumes,Vanilla Freak,CONFIRMED,FOUND,114400,https://www.fragrantica.com/perfume/Lattafa-Perfumes/Vanilla-Freak-114400.html,https://fimgs.net/mdimg/perfume-social-cards/en-p_c_114400.jpeg,fragrantica-scraper-archive/social-cards/images/4965_2757-LAT_114400.jpeg,EXISTS,99116,812f39162c04395550db53f93150908e2377759394b6f4b0934af81d90322d99,
4964,2755-ZEG,Essenza di Zegna,Ermenegildo Zegna,Essenza Di Zegna,CONFIRMED,FOUND,949,https://www.fragrantica.com/p/949,https://fimgs.net/mdimg/perfume-social-cards/en-p_c_949.jpeg,fragrantica-scraper-archive/social-cards/images/4964_2755-ZEG_949.jpeg,EXISTS,100858,f53b362ba911736a665c6345d34d0dd927defdefd5982e75a406d1f2dd3d7f2d,
4963,2754-CHL,Rose Naturelle Intense Chloe,Chloe,Chloe Rose Naturelle Intense,CONFIRMED,FOUND,76287,https://www.fragrantica.com/perfume/Chloe/Chloe-Rose-Naturelle-Intense-76287.html,https://fimgs.net/mdimg/perfume-social-cards/en-p_c_76287.jpeg,fragrantica-scraper-archive/social-cards/images/4963_2754-CHL_76287.jpeg,EXISTS,111072,153ed66ddcc05f7032608060af70481c67175b27676c6063a0ac60925d4be170,
4962,2753-YZLO,Libre Vanille Couture,Yves Saint Laurent,Libre Vanille Couture,CONFIRMED,FOUND,113623,https://www.fragrantica.com/perfume/Yves-Saint-Laurent/Libre-Vanille-Couture-113623.html,https://fimgs.net/mdimg/perfume-social-cards/en-p_c_113623.jpeg,fragrantica-scraper-archive/social-cards/images/4962_2753-YZLO_113623.jpeg,EXISTS,106956,cf2e24def9b1cc73a9ccbcaed13c560745e6ec1cb1c63d85c0f65fbf1dd223aa,
4961,2752-SAB,Sweet Tooth Caramel Dream Sabrina Carpenter,Sabrina Carpenter,Sweet Tooth Caramel Dream,CONFIRMED,FOUND,84095,https://www.fragrantica.com/perfume/Sabrina-Carpenter/Sweet-Tooth-Caramel-Dream-84095.html,https://fimgs.net/mdimg/perfume-social-cards/en-p_c_84095.jpeg,fragrantica-scraper-archive/social-cards/images/4961_2752-SAB_84095.jpeg,EXISTS,103370,2e6dee83c2610ee794df649fb07d968d608e6c15482ca06c0c6817cec67caeec,
4869,2714-BORN,Oud Candy Bornstandout,BORNTOSTANDOUT,Oud Candy,CONFIRMED,FOUND,102809,https://www.fragrantica.com/perfume/BORNTOSTANDOUT/Oud-Candy-102809.html,https://fimgs.net/mdimg/perfume-social-cards/en-p_c_102809.jpeg,fragrantica-scraper-archive/social-cards/images/4869_2714-BORN_102809.jpeg,EXISTS,100558,2386424de8696cbc9d04177eb3c9cdf6c006a9ad5a95fad823e81bd1f87ef789,
4848,2751-PRA,Paradigme,Prada,Paradigme,CONFIRMED,FOUND,110661,https://www.fragrantica.com/perfume/Prada/Paradigme-110661.html,https://fimgs.net/mdimg/perfume-social-cards/en-p_c_110661.jpeg,fragrantica-scraper-archive/social-cards/images/4848_2751-PRA_110661.jpeg,EXISTS,104590,93593e98752db68b23c39d9f58838cd06f65299e63cff1b51da9dc89ce6d1624,
4847,2750-NISH,Shem Nishane,Nishane,Shem,CONFIRMED,FOUND,66277,https://www.fragrantica.com/perfume/Nishane/Shem-66277.html,https://fimgs.net/mdimg/perfume-social-cards/en-p_c_66277.jpeg,fragrantica-scraper-archive/social-cards/images/4847_2750-NISH_66277.jpeg,EXISTS,119266,20a45cb8e5d5e3d725f86f7170abfd98a2127254f4aeb0fb9fbedf725bfac839,
4846,2748-BORN,Drunk Saffron BORNTOSTANDOUT,BORNTOSTANDOUT,Drunk Saffron,CONFIRMED,FOUND,78857,https://www.fragrantica.com/perfume/BORNTOSTANDOUT/Drunk-Saffron-78857.html,https://fimgs.net/mdimg/perfume-social-cards/en-p_c_78857.jpeg,fragrantica-scraper-archive/social-cards/images/4846_2748-BORN_78857.jpeg,EXISTS,101505,d0a4b3f79a49876f1aa2b730ffa74dff2782bad212217073348b2aedb79d1eb8,
4845,2746-DRC,Fahrenheit Le Parfum,Dior,Fahrenheit Le Parfum,CONFIRMED,FOUND,23099,https://www.fragrantica.com/perfume/Dior/Fahrenheit-Le-Parfum-23099.html,https://fimgs.net/mdimg/perfume-social-cards/en-p_c_23099.jpeg,fragrantica-scraper-archive/social-cards/images/4845_2746-DRC_23099.jpeg,EXISTS,101654,b1aa79c0ec88967a8075d3fb7f883aa007c331eae3475b6f6c2879b6e2be6044,
4844,2747-XER,Purple Accento,Xerjoff,Purple Accento,CONFIRMED,FOUND,110892,https://www.fragrantica.com/perfume/Xerjoff/Purple-Accento-110892.html,https://fimgs.net/mdimg/perfume-social-cards/en-p_c_110892.jpeg,fragrantica-scraper-archive/social-cards/images/4844_2747-XER_110892.jpeg,EXISTS,101110,be7854bd187fd94d75f22efbc48e53eb459e4316386ff04ec16b57a5252b3fce,
4842,2743-BORN,Black Guava BORNTOSTANDOUT,BORNTOSTANDOUT,Black Guava,CONFIRMED,FOUND,102807,https://www.fragrantica.com/perfume/BORNTOSTANDOUT/Black-Guava-102807.html,https://fimgs.net/mdimg/perfume-social-cards/en-p_c_102807.jpeg,fragrantica-scraper-archive/social-cards/images/4842_2743-BORN_102807.jpeg,EXISTS,103573,11a3dab6d3f3bd24fe39b2261c58f1116a2d3f50f52b9f9d36720858929b90e4,
4841,2742-XER,Torino24,Xerjoff,Torino24,CONFIRMED,FOUND,99380,https://www.fragrantica.com/perfume/Xerjoff/Torino24-99380.html,https://fimgs.net/mdimg/perfume-social-cards/en-p_c_99380.jpeg,fragrantica-scraper-archive/social-cards/images/4841_2742-XER_99380.jpeg,EXISTS,100750,4c344be356daedc2cd9c224fbeafb6209a9bc30b245d4185cda495120517c2c8,
4840,2741-ROJ,Lost In Paris Roja Dove,Roja Dove,Lost In Paris,CONFIRMED,FOUND,97481,https://www.fragrantica.com/perfume/Roja-Dove/Lost-In-Paris-97481.html,https://fimgs.net/mdimg/perfume-social-cards/en-p_c_97481.jpeg,fragrantica-scraper-archive/social-cards/images/4840_2741-ROJ_97481.jpeg,EXISTS,114366,379027710fcd05048bb9f9cec2c621059ce57ba3be10c5398235d9ba7714f999,
4839,2740-MIN,Check Please Mind Games,Mind Games,Check Please,CONFIRMED,FOUND,116343,https://www.fragrantica.com/perfume/Mind-Games/Check-Please-116343.html,https://fimgs.net/mdimg/perfume-social-cards/en-p_c_116343.jpeg,fragrantica-scraper-archive/social-cards/images/4839_2740-MIN_116343.jpeg,EXISTS,101932,86ad3317880d55de7b4bf594cc5a9d7210ddd3b31251f76e2aeb57ec7d220bad,
4838,2739-BORN,Sugar Addict BORNTOSTANDOUT,BORNTOSTANDOUT,Sugar Addict,CONFIRMED,FOUND,85084,https://www.fragrantica.com/perfume/BORNTOSTANDOUT/Sugar-Addict-85084.html,https://fimgs.net/mdimg/perfume-social-cards/en-p_c_85084.jpeg,fragrantica-scraper-archive/social-cards/images/4838_2739-BORN_85084.jpeg,EXISTS,102667,78377d28a735e16f08c5c53591c3fc2fe0d82f93b2e2b753d993d059d557e66a,
4837,2738-LUS,Super Milk Lush,Lush,Super Milk,CONFIRMED,FOUND,112787,https://www.fragrantica.com/perfume/Lush/Super-Milk-112787.html,https://fimgs.net/mdimg/perfume-social-cards/en-p_c_112787.jpeg,fragrantica-scraper-archive/social-cards/images/4837_2738-LUS_112787.jpeg,EXISTS,95714,a144371c926bcc798975fdf36dc05f387baffaa580625f1b503307e09f901087,
4836,2737-BORN,Drunk Lovers BORNTOSTANDOUT,BORNTOSTANDOUT,Drunk Lovers,CONFIRMED,FOUND,81882,https://www.fragrantica.com/perfume/BORNTOSTANDOUT/Drunk-Lovers-81882.html,https://fimgs.net/mdimg/perfume-social-cards/en-p_c_81882.jpeg,fragrantica-scraper-archive/social-cards/images/4836_2737-BORN_81882.jpeg,EXISTS,103176,f3c061bb4fcc2eccec00f9a6ebbafcc904d06ac7eb2ed601fab0404a8427899a,
4835,2736-NAV,Lost in a Dream Navitus Parfums,Navitus Parfums,Lost In A Dream,CONFIRMED,FOUND,88834,https://www.fragrantica.com/p/88834,https://fimgs.net/mdimg/perfume-social-cards/en-p_c_88834.jpeg,fragrantica-scraper-archive/social-cards/images/4835_2736-NAV_88834.jpeg,EXISTS,101607,1e88a1e3c0d71bad97c3fcb47c62dd4ae073912fd1342aabec895bea2eb8117a,
4833,2734-ELIZ,Green Tea Summer Elizabeth Arden,Elizabeth Arden,Green Tea Summer,CONFIRMED,FOUND,3090,https://www.fragrantica.com/perfume/Elizabeth-Arden/Green-Tea-Summer-3090.html,https://fimgs.net/mdimg/perfume-social-cards/en-p_c_3090.jpeg,fragrantica-scraper-archive/social-cards/images/4833_2734-ELIZ_3090.jpeg,EXISTS,112989,ce421af63739539a687bcf0a9e22c2a3bd2a16bd5400f8def4ba6b48a54e9dc8,
4832,2733-LES,Blanche Bete Les Liquides Imaginaires,Les Liquides Imaginaires,Blanche Bete,CONFIRMED,FOUND,70189,https://www.fragrantica.com/perfume/Les-Liquides-Imaginaires/Blanche-Bete-70189.html,https://fimgs.net/mdimg/perfume-social-cards/en-p_c_70189.jpeg,fragrantica-scraper-archive/social-cards/images/4832_2733-LES_70189.jpeg,EXISTS,91246,f768312fe26836b260650fc84be2d85ae6a6888fd6bc0cd5f17b3b0e66d4edd7,
4823,199-CARO,Pour Un Homme de Caron,Caron,Pour Un Homme de Caron,CONFIRMED,FOUND,3166,https://www.fragrantica.com/perfume/Caron/Pour-Un-Homme-de-Caron-3166.html,https://fimgs.net/mdimg/perfume-social-cards/en-p_c_3166.jpeg,fragrantica-scraper-archive/social-cards/images/4823_199-CARO_3166.jpeg,EXISTS,106513,8c31c51bd6fc1dfce4da2be21f7ea244b68bd8c4b96fd7cd5aebc9d27df8e93d,
4822,215-CRD,Silver Mountain Water,Creed,Silver Mountain Water,CONFIRMED,FOUND,472,https://www.fragrantica.com/perfume/Creed/Silver-Mountain-Water-472.html,https://fimgs.net/mdimg/perfume-social-cards/en-p_c_472.jpeg,fragrantica-scraper-archive/social-cards/images/4822_215-CRD_472.jpeg,EXISTS,105616,eea458114e8389870bbeb55609e4738651e8aec79d33376065a9c9b074719bb7,
4821,196-BELLA,1970 Bella Freud for women,Bella Freud,1970,CONFIRMED,FOUND,26662,https://www.fragrantica.com/perfume/Bella-Freud/1970-26662.html,https://fimgs.net/mdimg/perfume-social-cards/en-p_c_26662.jpeg,fragrantica-scraper-archive/social-cards/images/4821_196-BELLA_26662.jpeg,EXISTS,104911,b4be46d5fee9226209b308406fab3f4b4accae1b854e855ecb50d288c2548328,
4820,2726-DRC,New Look 2024,Dior,New Look 2024,CONFIRMED,FOUND,88939,https://www.fragrantica.com/perfume/Dior/New-Look-2024-88939.html,https://fimgs.net/mdimg/perfume-social-cards/en-p_c_88939.jpeg,fragrantica-scraper-archive/social-cards/images/4820_2726-DRC_88939.jpeg,EXISTS,86470,cfa0a64b1962b887754a2b19bd0348793ae084d9c5782010419a2cf4c42bbefb,
4790,2729-AMG,Sunshine Man,Amouage,Sunshine Man,CONFIRMED,FOUND,31619,https://www.fragrantica.com/perfume/Amouage/Sunshine-Man-31619.html,https://fimgs.net/mdimg/perfume-social-cards/en-p_c_31619.jpeg,fragrantica-scraper-archive/social-cards/images/4790_2729-AMG_31619.jpeg,EXISTS,108762,cf4d657438a60b130cf92b499f1b4eb12f3df04106d252019a1c8c54f33306f9,
4789,2728-PEN,The Uncompromising Sohan,Penhaligon s,The Uncompromising Sohan,CONFIRMED,FOUND,46503,https://www.fragrantica.com/perfume/Penhaligon-s/The-Uncompromising-Sohan-46503.html,https://fimgs.net/mdimg/perfume-social-cards/en-p_c_46503.jpeg,fragrantica-scraper-archive/social-cards/images/4789_2728-PEN_46503.jpeg,EXISTS,111482,7ac7105533572be93a8412ed1da667b718e8062d24a2a9d042948e9419df4d6f,
4787,2725-CELI,Reptile Celine,Celine,Reptile,CONFIRMED,FOUND,57924,https://www.fragrantica.com/perfume/Celine/Reptile-57924.html,https://fimgs.net/mdimg/perfume-social-cards/en-p_c_57924.jpeg,fragrantica-scraper-archive/social-cards/images/4787_2725-CELI_57924.jpeg,EXISTS,99236,02f88351e60ecd8bd927c74394a1dbd64205cc197684c715a9ea1434a97a1457,
4786,2724-GUR,Shalimar Souffle de Parfum 2014,Guerlain,Shalimar Souffle de Parfum,CONFIRMED,FOUND,26132,https://www.fragrantica.com/perfume/Guerlain/Shalimar-Souffle-de-Parfum-26132.html,https://fimgs.net/mdimg/perfume-social-cards/en-p_c_26132.jpeg,fragrantica-scraper-archive/social-cards/images/4786_2724-GUR_26132.jpeg,EXISTS,101404,c5c2794998429625920e7e214e6730ec4bb8b5f3e788062f7f67bd36024bbfed,
4785,2723-LTN,the fragrance notes,Louis Vuitton,Rhapsody,CONFIRMED,FOUND,68359,https://www.fragrantica.com/perfume/Louis-Vuitton/Rhapsody-68359.html,https://fimgs.net/mdimg/perfume-social-cards/en-p_c_68359.jpeg,fragrantica-scraper-archive/social-cards/images/4785_2723-LTN_68359.jpeg,EXISTS,104136,3d2282b3aa3f8b54e84a9dad460b3c5affe6573b3a0c4db2fd10ac883374e755,
4784,2722-CRIVEL,Hibiscus Mahajad Maison Crivelli,Maison Crivelli,Hibiscus Mahajad,CONFIRMED,FOUND,69069,https://www.fragrantica.com/perfume/Maison-Crivelli/Hibiscus-Mahajad-69069.html,https://fimgs.net/mdimg/perfume-social-cards/en-p_c_69069.jpeg,fragrantica-scraper-archive/social-cards/images/4784_2722-CRIVEL_69069.jpeg,EXISTS,104892,a71e67faf968209be2ade76990bc8aac4c561323875722d7c6ffef9a6222394d,
4783,2721-STE,Sand Dance Stephane Humbert,Stephane Humbert Lucas 777,Sand Dance,CONFIRMED,FOUND,72384,https://www.fragrantica.com/perfume/Stephane-Humbert-Lucas-777/Sand-Dance-72384.html,https://fimgs.net/mdimg/perfume-social-cards/en-p_c_72384.jpeg,fragrantica-scraper-archive/social-cards/images/4783_2721-STE_72384.jpeg,EXISTS,113279,6e1c93201379a8bb239c96b16acc68eceafcebeda319493bdc7c30e53c564c6e,
4782,2720-ROJ,United Arab Emirates Spirit Of The Union Roja Dove,Roja Dove,United Arab Emirates Spirit Of The Union,CONFIRMED,FOUND,29977,https://www.fragrantica.com/perfume/Roja-Dove/United-Arab-Emirates-Spirit-Of-The-Union-29977.html,https://fimgs.net/mdimg/perfume-social-cards/en-p_c_29977.jpeg,fragrantica-scraper-archive/social-cards/images/4782_2720-ROJ_29977.jpeg,EXISTS,138636,728c503155bc8714665fd0ed02f829d541a03a8ad5e91f9b4cf3f91e1d27a939,
4781,2719-FRAG,New York 5th Avenue Fragrance Du Bois,Fragrance Du Bois,New-york-5th-avenue,CONFIRMED,FOUND,61946,https://www.fragrantica.com/p/61946,https://fimgs.net/mdimg/perfume-social-cards/en-p_c_61946.jpeg,fragrantica-scraper-archive/social-cards/images/4781_2719-FRAG_61946.jpeg,EXISTS,114834,58a95654fed999bb721a4af7cc6182526c023d58442c0436287bd6e3ff0d2be0,
4780,2718-GUR,Shalimar Millesime Tonka,Guerlain,Shalimar Millesime Tonka,CONFIRMED,FOUND,76063,https://www.fragrantica.com/perfume/Guerlain/Shalimar-Millesime-Tonka-76063.html,https://fimgs.net/mdimg/perfume-social-cards/en-p_c_76063.jpeg,fragrantica-scraper-archive/social-cards/images/4780_2718-GUR_76063.jpeg,EXISTS,111571,9c1cc8ca9dd1643fcbfceba891e51ac4e3743ad669dfb2fd61df5ae06dde8f19,
4779,2717-EXN,Brompton Immortals Ex Nihilo,Ex Nihilo,Brompton Immortals,CONFIRMED,FOUND,52591,https://www.fragrantica.com/perfume/Ex-Nihilo/Brompton-Immortals-52591.html,https://fimgs.net/mdimg/perfume-social-cards/en-p_c_52591.jpeg,fragrantica-scraper-archive/social-cards/images/4779_2717-EXN_52591.jpeg,EXISTS,106532,d4cea377cd7a4be0d47d580d2e5e48ccaa70c5a248c681a3d470fadc64f83dc7,
4778,2716-ORT,Bergamask Orto Parisi,Orto Parisi,Bergamask,CONFIRMED,FOUND,24191,https://www.fragrantica.com/perfume/Orto-Parisi/Bergamask-24191.html,https://fimgs.net/mdimg/perfume-social-cards/en-p_c_24191.jpeg,fragrantica-scraper-archive/social-cards/images/4778_2716-ORT_24191.jpeg,EXISTS,99357,36d3b4e7400bd0f7c184709e8ce9ed22854ac18f6b8b9f76d6ac8265f6d74275,
4777,2715-CRD,Oud Zarian,Creed,Oud Zarian,CONFIRMED,FOUND,111224,https://www.fragrantica.com/perfume/Creed/Oud-Zarian-111224.html,https://fimgs.net/mdimg/perfume-social-cards/en-p_c_111224.jpeg,fragrantica-scraper-archive/social-cards/images/4777_2715-CRD_111224.jpeg,EXISTS,107830,51463932923f440cf3810a6e0fc63cab5e5d0811f720f60b3cb0f39e24cb1b40,
4776,2713-KAY,Sweet Diamond Pink Pepper 25 Kayali,Kayali Fragrances,Sweet Diamond Pink Pepper 25,CONFIRMED,FOUND,67023,https://www.fragrantica.com/perfume/Kayali-Fragrances/Sweet-Diamond-Pink-Pepper-25-67023.html,https://fimgs.net/mdimg/perfume-social-cards/en-p_c_67023.jpeg,fragrantica-scraper-archive/social-cards/images/4776_2713-KAY_67023.jpeg,EXISTS,113490,dc50811d317bcae42b7e8f86f50388a32c3e73abb7347aa96aa0393b22041bce,
4775,2712-TMFO,Oud Voyager,Tom Ford,Oud Voyager,CONFIRMED,FOUND,111206,https://www.fragrantica.com/perfume/Tom-Ford/Oud-Voyager-111206.html,https://fimgs.net/mdimg/perfume-social-cards/en-p_c_111206.jpeg,fragrantica-scraper-archive/social-cards/images/4775_2712-TMFO_111206.jpeg,EXISTS,107388,b485a18d921d0e3958fedf31a26d7c938c09c5ff107e0ada64a5d366f0baf36b,
4774,2711-CLIV,Matsukita Clive Christian,Clive Christian,Matsukita,CONFIRMED,FOUND,65983,https://www.fragrantica.com/perfume/Clive-Christian/Matsukita-65983.html,https://fimgs.net/mdimg/perfume-social-cards/en-p_c_65983.jpeg,fragrantica-scraper-archive/social-cards/images/4774_2711-CLIV_65983.jpeg,EXISTS,104316,2e1e9d0f5b40b4dc540102a4b0c4e5e89f94e7f84b6a6f919fbc4c4973f9ba2c,
4773,2709-STE,Le 8 Stéphane Humbert,Stephane Humbert Lucas 777,Le 8,CONFIRMED,FOUND,110493,https://www.fragrantica.com/perfume/Stephane-Humbert-Lucas-777/Le-8-110493.html,https://fimgs.net/mdimg/perfume-social-cards/en-p_c_110493.jpeg,fragrantica-scraper-archive/social-cards/images/4773_2709-STE_110493.jpeg,EXISTS,106942,02f22c255b253dcc7e65f410e028c04108eb563ec2264399f4b53185df2b42f2,
4772,2708-BORN,Black Mango BORNTOSTANDOUT,BORNTOSTANDOUT,Black Mango,CONFIRMED,FOUND,102808,https://www.fragrantica.com/perfume/BORNTOSTANDOUT/Black-Mango-102808.html,https://fimgs.net/mdimg/perfume-social-cards/en-p_c_102808.jpeg,fragrantica-scraper-archive/social-cards/images/4772_2708-BORN_102808.jpeg,EXISTS,106605,9d59a6518ebbe346cb4b6d1737a291cc9991f0f23c2648ff6fa62490ddcbe3bd,
4771,2707-ROOM,Wavechild Room 1015,Room 1015,Wavechild,CONFIRMED,FOUND,91364,https://www.fragrantica.com/p/91364,https://fimgs.net/mdimg/perfume-social-cards/en-p_c_91364.jpeg,fragrantica-scraper-archive/social-cards/images/4771_2707-ROOM_91364.jpeg,EXISTS,101257,83eaae49a5efc040b59b1d8ce2b85c7a9a125bb5c5f2f0518c6a6c122783b847,
4770,2706-LUS,Let The Good Times Roll Lush,Lush,Let The Good Times Roll,CONFIRMED,FOUND,60072,https://www.fragrantica.com/perfume/Lush/Let-The-Good-Times-Roll-60072.html,https://fimgs.net/mdimg/perfume-social-cards/en-p_c_60072.jpeg,fragrantica-scraper-archive/social-cards/images/4770_2706-LUS_60072.jpeg,EXISTS,101515,8e87fabd265f126e08fb8079c6a11a2fac6c2ace49c1dce75f2186f78cbcd15f,
4755,2704-GUR,Cherry Oud Guerl,Guerlain,Cherry Oud,CONFIRMED,FOUND,76302,https://www.fragrantica.com/perfume/Guerlain/Cherry-Oud-76302.html,https://fimgs.net/mdimg/perfume-social-cards/en-p_c_76302.jpeg,fragrantica-scraper-archive/social-cards/images/4755_2704-GUR_76302.jpeg,EXISTS,107800,30e4d061d34494d9a4f899e7b86cad4089b223eee88cd13273059599092af39a,
4754,2703-VER,Eros Najim,Versace,Eros Najim,CONFIRMED,FOUND,99116,https://www.fragrantica.com/perfume/Versace/Eros-Najim-99116.html,https://fimgs.net/mdimg/perfume-social-cards/en-p_c_99116.jpeg,fragrantica-scraper-archive/social-cards/images/4754_2703-VER_99116.jpeg,EXISTS,117921,c47ed2bc95e65a1aff7dd8820e4572ba1832c32eda0c284a80ab4dbb5e9ad600,
4753,2669-SOS,Il Padrino Sospiro Perfumes,Sospiro Perfumes,Il Padrino,CONFIRMED,FOUND,103313,https://www.fragrantica.com/perfume/Sospiro-Perfumes/Il-Padrino-103313.html,https://fimgs.net/mdimg/perfume-social-cards/en-p_c_103313.jpeg,fragrantica-scraper-archive/social-cards/images/4753_2669-SOS_103313.jpeg,EXISTS,101072,3d3c7544afac341bbed65eb5a63063517c5d2ffc8da0280bc7483b3fd0b20cad,
4752,2668-LEL,Neroli 36 Le Labo,Le Labo,Neroli 36,CONFIRMED,FOUND,6330,https://www.fragrantica.com/perfume/Le-Labo/Neroli-36-6330.html,https://fimgs.net/mdimg/perfume-social-cards/en-p_c_6330.jpeg,fragrantica-scraper-archive/social-cards/images/4752_2668-LEL_6330.jpeg,EXISTS,93913,1d3b36cb12c218bb248d1f52c1dac33c6a7db453d5a1cf2142fec93d253ba85d,
4751,2667-CHAB,Lait Concentre,Chabaud Maison de Parfum,Lait Concentre,CONFIRMED,FOUND,30551,https://www.fragrantica.com/perfume/Chabaud-Maison-de-Parfum/Lait-Concentre-30551.html,https://fimgs.net/mdimg/perfume-social-cards/en-p_c_30551.jpeg,fragrantica-scraper-archive/social-cards/images/4751_2667-CHAB_30551.jpeg,EXISTS,92790,438527b6c6cf3ebefbb960431d71040e3c027f00ae17d3845b78245b7239f17e,
4750,2666-CELI,Black Tie Celine,Celine,Black Tie,CONFIRMED,FOUND,57925,https://www.fragrantica.com/perfume/Celine/Black-Tie-57925.html,https://fimgs.net/mdimg/perfume-social-cards/en-p_c_57925.jpeg,fragrantica-scraper-archive/social-cards/images/4750_2666-CELI_57925.jpeg,EXISTS,94766,541224c330f92bcd8f0329a504e1bae2ad1fc675e89e3ded7add9eb3cbad421f,
4749,2665-KAJ,Ruby Kajal,Kajal,Ruby,CONFIRMED,FOUND,102994,https://www.fragrantica.com/p/102994,https://fimgs.net/mdimg/perfume-social-cards/en-p_c_102994.jpeg,fragrantica-scraper-archive/social-cards/images/4749_2665-KAJ_102994.jpeg,EXISTS,105993,dcc0260eced99173ba46b1223cf84bf179634bde800887dd3f65a9b53bdbb540,
4748,2664-CHA,Chance Eau Splendide,Chanel,Chance Eau Splendide,CONFIRMED,FOUND,104610,https://www.fragrantica.com/perfume/Chanel/Chance-Eau-Splendide-104610.html,https://fimgs.net/mdimg/perfume-social-cards/en-p_c_104610.jpeg,fragrantica-scraper-archive/social-cards/images/4748_2664-CHA_104610.jpeg,EXISTS,108851,308e57fde266ea054a5d58e35c1c01a71980c7b89d6b04d065d2578bde4a0c98,
4746,2663-ARM,Stronger With You Parfum,Giorgio Armani,Emporio Armani Stronger With You Parfum,CONFIRMED,FOUND,100895,https://www.fragrantica.com/perfume/Giorgio-Armani/Emporio-Armani-Stronger-With-You-Parfum-100895.html,https://fimgs.net/mdimg/perfume-social-cards/en-p_c_100895.jpeg,fragrantica-scraper-archive/social-cards/images/4746_2663-ARM_100895.jpeg,EXISTS,114715,4ab8005db08e3b55f4e2d7e6eaff264e289cf77e8bf08f398f2aac9a3bae9d5c,
4745,2662-LAT,Asad Bourbon Lattafa Perfumes for men,Lattafa Perfumes,Asad Bourbon,CONFIRMED,FOUND,101124,https://www.fragrantica.com/perfume/Lattafa-Perfumes/Asad-Bourbon-101124.html,https://fimgs.net/mdimg/perfume-social-cards/en-p_c_101124.jpeg,fragrantica-scraper-archive/social-cards/images/4745_2662-LAT_101124.jpeg,EXISTS,104718,66619e5ac9c340773ebbcd950250d720534f916bf9c39727402271b3c000624b,
4670,2688-KAY,The Wedding Silk Santal | 36 Kayali Fragrances,Kayali Fragrances,The Wedding Silk Santal 36,CONFIRMED,FOUND,83208,https://www.fragrantica.com/perfume/Kayali-Fragrances/The-Wedding-Silk-Santal-36-83208.html,https://fimgs.net/mdimg/perfume-social-cards/en-p_c_83208.jpeg,fragrantica-scraper-archive/social-cards/images/4670_2688-KAY_83208.jpeg,EXISTS,102475,86ba9268246bc71f3b9e4bcd13e224a480783eb14955f7966bbef590d75189af,
4656,2695-STE,Soleil de Jeddah - Mango Kiss Stéphane Humbert,Stephane Humbert Lucas 777,Soleil de Jeddah Mango Kiss,CONFIRMED,FOUND,81913,https://www.fragrantica.com/perfume/Stephane-Humbert-Lucas-777/Soleil-de-Jeddah-Mango-Kiss-81913.html,https://fimgs.net/mdimg/perfume-social-cards/en-p_c_81913.jpeg,fragrantica-scraper-archive/social-cards/images/4656_2695-STE_81913.jpeg,EXISTS,115710,b96422552c139856c6a91ae3d243383d0b68ccaee450eb5caf2fd75db00deb7c,
4655,2694-STE,Pink Boa Stéphane Humbert,Stephane Humbert Lucas 777,Pink Boa,CONFIRMED,FOUND,75021,https://www.fragrantica.com/perfume/Stephane-Humbert-Lucas-777/Pink-Boa-75021.html,https://fimgs.net/mdimg/perfume-social-cards/en-p_c_75021.jpeg,fragrantica-scraper-archive/social-cards/images/4655_2694-STE_75021.jpeg,EXISTS,107141,3d88e2b75b75180c0bf42c09839b1101d99b8e790cf0cb621ee4fd8134afe56d,
4654,2698-SOL,Beijos de Sol Sol de Janeiro,Sol de Janeiro,Beijos de Sol,CONFIRMED,FOUND,92620,https://www.fragrantica.com/perfume/Sol-de-Janeiro/Beijos-de-Sol-92620.html,https://fimgs.net/mdimg/perfume-social-cards/en-p_c_92620.jpeg,fragrantica-scraper-archive/social-cards/images/4654_2698-SOL_92620.jpeg,DOWNLOADED,98755,044cd0e3f8943952d5ce8fb8dc0258c794cad0826210be8687468a33c474ebab,
4653,2692-SOL,Rio Radiance Sol de Janeiro,Sol de Janeiro,Rio Radiance / Cheirosa 87,CONFIRMED,FOUND,82595,https://www.fragrantica.com/p/82595,https://fimgs.net/mdimg/perfume-social-cards/en-p_c_82595.jpeg,fragrantica-scraper-archive/social-cards/images/4653_2692-SOL_82595.jpeg,DOWNLOADED,98850,b0bf41fe3671edb20b1f87456eb79552c472e76a089f941df1e682bcea3bdf37,
4652,2693-SOL,Cheirosa '40 Sol de Janeiro,Sol de Janeiro,Cheirosa 40,CONFIRMED,FOUND,67527,https://www.fragrantica.com/perfume/Sol-de-Janeiro/Cheirosa-40-67527.html,https://fimgs.net/mdimg/perfume-social-cards/en-p_c_67527.jpeg,fragrantica-scraper-archive/social-cards/images/4652_2693-SOL_67527.jpeg,EXISTS,101567,cbe620f69749c1c9667bae03ca6757ca6533a026538b8ae5800beeca20863774,
4651,2691-SOL,Cheirosa '39 Sol de Janeiro,Sol de Janeiro,Cheirosa 39,CONFIRMED,FOUND,56681,https://www.fragrantica.com/perfume/Sol-de-Janeiro/Cheirosa-39-56681.html,https://fimgs.net/mdimg/perfume-social-cards/en-p_c_56681.jpeg,fragrantica-scraper-archive/social-cards/images/4651_2691-SOL_56681.jpeg,DOWNLOADED,91321,fcce52a867d5ef5f2607805980d2b5bc56404c8f5c6bb7feef16fcef166f99ad,
4650,2700-BLG,Amunae Bvlgari,Bvlgari,Amunae,CONFIRMED,FOUND,102120,https://www.fragrantica.com/perfume/Bvlgari/Amunae-102120.html,https://fimgs.net/mdimg/perfume-social-cards/en-p_c_102120.jpeg,fragrantica-scraper-archive/social-cards/images/4650_2700-BLG_102120.jpeg,DOWNLOADED,90426,6e5b2ae78035dc814c064d5f02e9952da338f2ef143b5c384f5a9307af76902f,
4649,2696-AMG,Decision Amouage,Amouage,Decision,CONFIRMED,FOUND,103892,https://www.fragrantica.com/perfume/Amouage/Decision-103892.html,https://fimgs.net/mdimg/perfume-social-cards/en-p_c_103892.jpeg,fragrantica-scraper-archive/social-cards/images/4649_2696-AMG_103892.jpeg,DOWNLOADED,102846,b35b59bd0d81cec1ae53a734a9ea54555b113815b85ebca562283b7af68d832b,
4648,2689-LAT,Khamrah Qahwa Lattafa Perfumes,Lattafa Perfumes,Khamrah Qahwa,CONFIRMED,FOUND,88175,https://www.fragrantica.com/perfume/Lattafa-Perfumes/Khamrah-Qahwa-88175.html,https://fimgs.net/mdimg/perfume-social-cards/en-p_c_88175.jpeg,fragrantica-scraper-archive/social-cards/images/4648_2689-LAT_88175.jpeg,DOWNLOADED,130533,5f0476ad9951464e4ac90d04e4372dc6c0f541ff8e70c87a9ade35507a35cb12,
4647,2690-NISH,Oudous Lux Solis Nishane,Nishane,Oudous Lux Solis,CONFIRMED,FOUND,111174,https://www.fragrantica.com/perfume/Nishane/Oudous-Lux-Solis-111174.html,https://fimgs.net/mdimg/perfume-social-cards/en-p_c_111174.jpeg,fragrantica-scraper-archive/social-cards/images/4647_2690-NISH_111174.jpeg,DOWNLOADED,106654,13d255e3f5fa1f65bbb2149312a60b86a56c30ed66da0a9ba7c595e58485ea50,
4646,2699-RIT,Ayurveda Rituals,Rituals,The Ritual of Ayurveda,CONFIRMED,FOUND,52638,https://www.fragrantica.com/p/52638,https://fimgs.net/mdimg/perfume-social-cards/en-p_c_52638.jpeg,fragrantica-scraper-archive/social-cards/images/4646_2699-RIT_52638.jpeg,DOWNLOADED,87823,1ab092fa44404271a69a4dc1715102811d8340bd0aec264bd436fc4b1e145c70,
4645,2697-RIT,Karma Rituals,Rituals,The Ritual of Karma Body Mist,CONFIRMED,FOUND,46391,https://www.fragrantica.com/p/46391,https://fimgs.net/mdimg/perfume-social-cards/en-p_c_46391.jpeg,fragrantica-scraper-archive/social-cards/images/4645_2697-RIT_46391.jpeg,DOWNLOADED,83070,d5ef5b37ef76803a0efe7ff91a1ef254e86f854c8536d022502a9a84fd35adb5,
4644,2687-GRIT,Mango Aoud Gritti,Gritti,Mango Aoud,CONFIRMED,FOUND,86927,https://www.fragrantica.com/p/86927,https://fimgs.net/mdimg/perfume-social-cards/en-p_c_86927.jpeg,fragrantica-scraper-archive/social-cards/images/4644_2687-GRIT_86927.jpeg,DOWNLOADED,99738,626f0a0bd0a0c6f29196d6afe6c3740fc4a9885cb31c4b42a8780cf8e15ad67a,
4642,2702-DIP,Chantilly,Dana,Chantilly,CONFIRMED,FOUND,35857,https://www.fragrantica.com/perfume/Dana/Chantilly-35857.html,https://fimgs.net/mdimg/perfume-social-cards/en-p_c_35857.jpeg,fragrantica-scraper-archive/social-cards/images/4642_2702-DIP_35857.jpeg,DOWNLOADED,103506,6cd0e0d6ce7377dadec5844ee4ef3276a628423816a6c33f687d5abf2bb14d93,
4640,2701-DIP,Cafe Verlet,Diptyque,Cafe Verlet,CONFIRMED,UNRESOLVED,,,,,NO_CONFIRMED_ID,,,
4639,2686-GIV,L'Interdit Tubéreuse Noire,Givenchy,L Interdit Tubereuse Noire,CONFIRMED,FOUND,90200,https://www.fragrantica.com/perfume/Givenchy/L-Interdit-Tubereuse-Noire-90200.html,https://fimgs.net/mdimg/perfume-social-cards/en-p_c_90200.jpeg,fragrantica-scraper-archive/social-cards/images/4639_2686-GIV_90200.jpeg,DOWNLOADED,111806,4d2045856313b59a0fb9eece409c1cce3099814a179fd417e1da1ef722bccb9b,
4638,2685-FRAG,Rude Cherry Fragrance Du Bois,Fragrance Du Bois,Rude Cherry,CONFIRMED,FOUND,110478,https://www.fragrantica.com/p/110478,https://fimgs.net/mdimg/perfume-social-cards/en-p_c_110478.jpeg,fragrantica-scraper-archive/social-cards/images/4638_2685-FRAG_110478.jpeg,DOWNLOADED,108728,7d9b046c61628ee0a2c2cf71c29548398ee00910f599c2a4c456c5608403d13b,
4637,2684-CLIV,Jump Up And Kiss Me Hedonistic (2021) Clive Christian,Clive Christian,Jump Up And Kiss Me Hedonistic 2021,CONFIRMED,FOUND,70767,https://www.fragrantica.com/perfume/Clive-Christian/Jump-Up-And-Kiss-Me-Hedonistic-2021-70767.html,https://fimgs.net/mdimg/perfume-social-cards/en-p_c_70767.jpeg,fragrantica-scraper-archive/social-cards/images/4637_2684-CLIV_70767.jpeg,DOWNLOADED,114377,b94411a330809b7f83e76c3a6548d19e036698401fe075605dfad4d0161cc64b,
4623,1654-ACQ,Colonia 1916,Acqua di Parma,Acqua di Parma Colonia,CONFIRMED,FOUND,1681,https://www.fragrantica.com/p/1681,https://fimgs.net/mdimg/perfume-social-cards/en-p_c_1681.jpeg,fragrantica-scraper-archive/social-cards/images/4623_1654-ACQ_1681.jpeg,DOWNLOADED,111813,0812790efb230e20d9e6de496e4a2d93d073be13b58687d5ef42028c6d78fda1,
4593,2683-CLIV,E Cashmere Musk Clive Christian,Clive Christian,E Cashmere Musk,CONFIRMED,FOUND,90448,https://www.fragrantica.com/perfume/Clive-Christian/E-Cashmere-Musk-90448.html,https://fimgs.net/mdimg/perfume-social-cards/en-p_c_90448.jpeg,fragrantica-scraper-archive/social-cards/images/4593_2683-CLIV_90448.jpeg,DOWNLOADED,111561,5d2c426d201c9b01bc2fdfd91f6f3741bbcf829e13fc2e25af8bd7d8cd27ff4f,
4592,2682-BDIK,Gris Charnel BDK Parfums,BDK Parfums,Gris Charnel,CONFIRMED,FOUND,57038,https://www.fragrantica.com/perfume/BDK-Parfums/Gris-Charnel-57038.html,https://fimgs.net/mdimg/perfume-social-cards/en-p_c_57038.jpeg,fragrantica-scraper-archive/social-cards/images/4592_2682-BDIK_57038.jpeg,DOWNLOADED,102627,2cf3300c579a2da4e0d519340fc3af5e44195987611609587f4362d7c10f12bc,
4591,2681-ARB,Madawi Gold Edition Arabian Oud,Arabian Oud,Madawi Gold Edition,CONFIRMED,FOUND,92704,https://www.fragrantica.com/perfume/Arabian-Oud/Madawi-Gold-Edition-92704.html,https://fimgs.net/mdimg/perfume-social-cards/en-p_c_92704.jpeg,fragrantica-scraper-archive/social-cards/images/4591_2681-ARB_92704.jpeg,DOWNLOADED,111315,12233653380953f9fa52fa75b39e2a9b86ba922a0a6267d076529472d4566086,
4590,2680-AMG,Outlands Amouage,Amouage,Outlands,CONFIRMED,FOUND,97924,https://www.fragrantica.com/perfume/Amouage/Outlands-97924.html,https://fimgs.net/mdimg/perfume-social-cards/en-p_c_97924.jpeg,fragrantica-scraper-archive/social-cards/images/4590_2680-AMG_97924.jpeg,EXISTS,99552,3fcb1f015960d56ac84b56f43354b5d9d2a25148faf6016c7be70cb43d34a078,
4579,2679-CAR,La Bomba,Carolina Herrera,La Bomba,CONFIRMED,FOUND,105931,https://www.fragrantica.com/perfume/Carolina-Herrera/La-Bomba-105931.html,https://fimgs.net/mdimg/perfume-social-cards/en-p_c_105931.jpeg,fragrantica-scraper-archive/social-cards/images/4579_2679-CAR_105931.jpeg,EXISTS,114251,d1669ce6bfdb4837764566fb8e02a0f08b2a7942460bb649c0663b3d9d6f21fd,
4539,2678-PARF,Palatine Parfums de Marly,Parfums de Marly,Palatine,CONFIRMED,FOUND,96023,https://www.fragrantica.com/perfume/Parfums-de-Marly/Palatine-96023.html,https://fimgs.net/mdimg/perfume-social-cards/en-p_c_96023.jpeg,fragrantica-scraper-archive/social-cards/images/4539_2678-PARF_96023.jpeg,DOWNLOADED,105780,29a3cbc601ffa0903a8aecd55f77c327fc58ba7ae0345496b79f6480ab364bfa,
4528,2618-TMFO,Bois Pacifique,Tom Ford,Bois Pacifique,CONFIRMED,FOUND,100411,https://www.fragrantica.com/perfume/Tom-Ford/Bois-Pacifique-100411.html,https://fimgs.net/mdimg/perfume-social-cards/en-p_c_100411.jpeg,fragrantica-scraper-archive/social-cards/images/4528_2618-TMFO_100411.jpeg,EXISTS,113319,49e45895a18d4308e1b1a5989df8d9dc22f0e7573c82c255e8837fc16c3c7f10,
4527,2674-MICA,Note Poudree Micallef,M. Micallef,Note Poudree,CONFIRMED,FOUND,4333,https://www.fragrantica.com/p/4333,https://fimgs.net/mdimg/perfume-social-cards/en-p_c_4333.jpeg,fragrantica-scraper-archive/social-cards/images/4527_2674-MICA_4333.jpeg,DOWNLOADED,118487,0ab90e9987a47a8836510dadd4f89b10fce224e2771fbab404f19131881d1851,
4526,2673-ARB,Al Fareed Arabian Oud,Arabian Oud,Al Fareed,CONFIRMED,FOUND,69012,https://www.fragrantica.com/perfume/Arabian-Oud/Al-Fareed-69012.html,https://fimgs.net/mdimg/perfume-social-cards/en-p_c_69012.jpeg,fragrantica-scraper-archive/social-cards/images/4526_2673-ARB_69012.jpeg,DOWNLOADED,110928,1cc029302817b8dafc499915080e521dd9904f6e23eea6af4f3a0aad6fe15e11,
4525,2672-MEM,Abu Dhabi Memo Paris,Memo Paris,Abu Dhabi,CONFIRMED,FOUND,99240,https://www.fragrantica.com/perfume/Memo-Paris/Abu-Dhabi-99240.html,https://fimgs.net/mdimg/perfume-social-cards/en-p_c_99240.jpeg,fragrantica-scraper-archive/social-cards/images/4525_2672-MEM_99240.jpeg,DOWNLOADED,105416,cd47d02316faa54de8e0f29ca0b6a4092a8cdb1529fb0afce06870630e7a5948,
4524,2671-KIL,Cruel Intentions - Kilian,By Kilian,Cruel Intentions,CONFIRMED,FOUND,4320,https://www.fragrantica.com/perfume/By-Kilian/Cruel-Intentions-4320.html,https://fimgs.net/mdimg/perfume-social-cards/en-p_c_4320.jpeg,fragrantica-scraper-archive/social-cards/images/4524_2671-KIL_4320.jpeg,DOWNLOADED,104516,e6e1700c0e87c906764ddea794725767e13b498705240f47757a57aa58f68fc0,
4523,2670-CRD,Eladaria,Creed,Eladaria,CONFIRMED,FOUND,103066,https://www.fragrantica.com/perfume/Creed/Eladaria-103066.html,https://fimgs.net/mdimg/perfume-social-cards/en-p_c_103066.jpeg,fragrantica-scraper-archive/social-cards/images/4523_2670-CRD_103066.jpeg,DOWNLOADED,94956,cf5ddaded25927b85f26175b27ce4c930926a20eeac03ac21f18b473b09617f8,
4522,2659-MNT,Sensual Instinct Montale,Montale,Sensual Instinct,CONFIRMED,FOUND,53675,https://www.fragrantica.com/perfume/Montale/Sensual-Instinct-53675.html,https://fimgs.net/mdimg/perfume-social-cards/en-p_c_53675.jpeg,fragrantica-scraper-archive/social-cards/images/4522_2659-MNT_53675.jpeg,DOWNLOADED,107880,0825b2596ffcc47c60a0ca3559d4f671382353578449f8806358938a36281268,
4521,2657-CRD,Fragaria,Creed,Fragaria,CONFIRMED,FOUND,100641,https://www.fragrantica.com/perfume/Creed/Fragaria-100641.html,https://fimgs.net/mdimg/perfume-social-cards/en-p_c_100641.jpeg,fragrantica-scraper-archive/social-cards/images/4521_2657-CRD_100641.jpeg,DOWNLOADED,107982,8e6e4ea379a4a143d90abd7070d4227c2f271634b90e03b3695ee00000649177,
4520,2656-LAN,Idôle Power,Lancome,Idole Power,CONFIRMED,FOUND,101224,https://www.fragrantica.com/perfume/Lancome/Idole-Power-101224.html,https://fimgs.net/mdimg/perfume-social-cards/en-p_c_101224.jpeg,fragrantica-scraper-archive/social-cards/images/4520_2656-LAN_101224.jpeg,DOWNLOADED,98070,a436e25341c65d4fe5fffa06af38851c7cad96ec11e5e8e57d97f1cdad06960a,
4519,2655-MNT,Dallachaï Montale,Montale,Dallachai,CONFIRMED,FOUND,97830,https://www.fragrantica.com/perfume/Montale/Dallachai-97830.html,https://fimgs.net/mdimg/perfume-social-cards/en-p_c_97830.jpeg,fragrantica-scraper-archive/social-cards/images/4519_2655-MNT_97830.jpeg,DOWNLOADED,98606,01cfcc3fc306ff1b088ae0364046b7434e17ae6696b2254af8d1a16b7240096a,
4518,2654-KUR,Kurky,Maison Francis Kurkdjian,Kurky,CONFIRMED,FOUND,103517,https://www.fragrantica.com/perfume/Maison-Francis-Kurkdjian/Kurky-103517.html,https://fimgs.net/mdimg/perfume-social-cards/en-p_c_103517.jpeg,fragrantica-scraper-archive/social-cards/images/4518_2654-KUR_103517.jpeg,DOWNLOADED,103848,197beefc56a39696f58c9468a80834fd3a2d4aebcee9a8bc230e51706bdea152,
4517,2653-YZLO,Black Opium Glitter,Yves Saint Laurent,Black Opium Glitter,CONFIRMED,FOUND,100628,https://www.fragrantica.com/perfume/Yves-Saint-Laurent/Black-Opium-Glitter-100628.html,https://fimgs.net/mdimg/perfume-social-cards/en-p_c_100628.jpeg,fragrantica-scraper-archive/social-cards/images/4517_2653-YZLO_100628.jpeg,DOWNLOADED,125818,511b32809f3704ed18d91200e850a7b92e3ac901f5d3ff5544e57713f97c2f81,
4492,1145-GUC,pour Homme (2003),Gucci,Gucci pour Homme 2003,CONFIRMED,FOUND,691,https://www.fragrantica.com/perfume/Gucci/Gucci-pour-Homme-2003-691.html,https://fimgs.net/mdimg/perfume-social-cards/en-p_c_691.jpeg,fragrantica-scraper-archive/social-cards/images/4492_1145-GUC_691.jpeg,DOWNLOADED,114091,e33a28447409676d181f4a5f0a679c9075aa461a108120fd29c068562ca8c74e,
4491,2637-HARM,Sacred Water,The Harmonist,Sacred Water,CONFIRMED,FOUND,36737,https://www.fragrantica.com/perfume/The-Harmonist/Sacred-Water-36737.html,https://fimgs.net/mdimg/perfume-social-cards/en-p_c_36737.jpeg,fragrantica-scraper-archive/social-cards/images/4491_2637-HARM_36737.jpeg,EXISTS,101379,e3b96675bd2669448b2a8494982ff370ae77fb956c163ad60662a2185a4673dc,
4490,2646-PEN,The Dandy,Penhaligon s,The Dandy,CONFIRMED,FOUND,95396,https://www.fragrantica.com/perfume/Penhaligon-s/The-Dandy-95396.html,https://fimgs.net/mdimg/perfume-social-cards/en-p_c_95396.jpeg,fragrantica-scraper-archive/social-cards/images/4490_2646-PEN_95396.jpeg,DOWNLOADED,104680,64d51f18e0618460849be7963d6c4a50464a65786fd466540a08b2c0f2016ff8,
4489,2645-LTN,the fragrance notes,Louis Vuitton,eLVes,CONFIRMED,FOUND,104087,https://www.fragrantica.com/perfume/Louis-Vuitton/eLVes-104087.html,https://fimgs.net/mdimg/perfume-social-cards/en-p_c_104087.jpeg,fragrantica-scraper-archive/social-cards/images/4489_2645-LTN_104087.jpeg,EXISTS,98830,af096f0d17f9fad1c5a77746341fc837c1b83039de6fce00fb3f4a42dc4c5fde,
4488,2644-PAZZ,Summer Hammer Lorenzo Pazzaglia,Lorenzo Pazzaglia,Summer Hammer,CONFIRMED,FOUND,81476,https://www.fragrantica.com/perfume/Lorenzo-Pazzaglia/Summer-Hammer-81476.html,https://fimgs.net/mdimg/perfume-social-cards/en-p_c_81476.jpeg,fragrantica-scraper-archive/social-cards/images/4488_2644-PAZZ_81476.jpeg,EXISTS,115538,20fd627914dc1e3197926a3fd5f1851459122342d9518f07abd691cd9c2349e8,
4487,2643-LEL,Iris 39 Le Labo,Le Labo,Iris 39,CONFIRMED,FOUND,6336,https://www.fragrantica.com/perfume/Le-Labo/Iris-39-6336.html,https://fimgs.net/mdimg/perfume-social-cards/en-p_c_6336.jpeg,fragrantica-scraper-archive/social-cards/images/4487_2643-LEL_6336.jpeg,EXISTS,95200,9cdcaf8438c441b8910d51597ebda5fe8902024b9041a673f8feb3685f30fd26,
4486,2458-LTN,the fragrance notes,Louis Vuitton,LV Lovers,CONFIRMED,FOUND,93785,https://www.fragrantica.com/perfume/Louis-Vuitton/LV-Lovers-93785.html,https://fimgs.net/mdimg/perfume-social-cards/en-p_c_93785.jpeg,fragrantica-scraper-archive/social-cards/images/4486_2458-LTN_93785.jpeg,DOWNLOADED,99732,035d1a3ca2ea31f73c80eeb2f7c823da7a54741352ddd12b151721362320f3ed,
4485,2615-ARMA,Odyssey Dubai Chocolat,Armaf,Odyssey Dubai Chocolat,CONFIRMED,FOUND,102117,https://www.fragrantica.com/perfume/Armaf/Odyssey-Dubai-Chocolat-102117.html,https://fimgs.net/mdimg/perfume-social-cards/en-p_c_102117.jpeg,fragrantica-scraper-archive/social-cards/images/4485_2615-ARMA_102117.jpeg,DOWNLOADED,117692,fa4cea8d3c422ae638e86f9d0f47ee7938902202be45a9a197227d61c364c219,
4484,2648-FUGA,Vanilla Haze Fugazzi,Fugazzi,Vanilla Haze,CONFIRMED,FOUND,95955,https://www.fragrantica.com/perfume/Fugazzi/Vanilla-Haze-95955.html,https://fimgs.net/mdimg/perfume-social-cards/en-p_c_95955.jpeg,fragrantica-scraper-archive/social-cards/images/4484_2648-FUGA_95955.jpeg,DOWNLOADED,98670,4735b4e6643b320cb39b3785f953e501aac5b4f10c2d28d06eee8e0a0d9bca51,
4483,2658-CHA,Sycomore Parfum,Chanel,Sycomore Parfum,CONFIRMED,FOUND,75821,https://www.fragrantica.com/perfume/Chanel/Sycomore-Parfum-75821.html,https://fimgs.net/mdimg/perfume-social-cards/en-p_c_75821.jpeg,fragrantica-scraper-archive/social-cards/images/4483_2658-CHA_75821.jpeg,DOWNLOADED,105859,04752aae6d33b7ad40bdb90edecec549a92b45b84905a9714eb10131cfbcb6a5,
4482,2616-TMU,Alien Extraintense,Mugler,Alien Extraintense,CONFIRMED,FOUND,101560,https://www.fragrantica.com/perfume/Mugler/Alien-Extraintense-101560.html,https://fimgs.net/mdimg/perfume-social-cards/en-p_c_101560.jpeg,fragrantica-scraper-archive/social-cards/images/4482_2616-TMU_101560.jpeg,DOWNLOADED,103507,d8ca93950016846f8ca3c2c65225cd6dddd18f8f5c381d2ed9448e26605a5dcb,
4481,2619-DRC,Homme Parfum 2025,Dior,Dior Homme Parfum 2025,CONFIRMED,FOUND,101016,https://www.fragrantica.com/perfume/Dior/Dior-Homme-Parfum-2025-101016.html,https://fimgs.net/mdimg/perfume-social-cards/en-p_c_101016.jpeg,fragrantica-scraper-archive/social-cards/images/4481_2619-DRC_101016.jpeg,DOWNLOADED,99453,f0e8e08be0044d382854d6bf9b62389f1ee4670db4f22017fdc2b31f55bc8851,
4480,2617-DOL,Devotion Pour Homme,Dolce Gabbana,Devotion Pour Homme,CONFIRMED,FOUND,101353,https://www.fragrantica.com/perfume/Dolce-Gabbana/Devotion-Pour-Homme-101353.html,https://fimgs.net/mdimg/perfume-social-cards/en-p_c_101353.jpeg,fragrantica-scraper-archive/social-cards/images/4480_2617-DOL_101353.jpeg,DOWNLOADED,101414,1267fe8c7facbea217fe23910eda1d9556ce2081db6cfcef8a56e64ece0d64d3,
4479,2622-PHL,Vanilla Skin Phlur,Phlur,Vanilla-skin-eau-de-,CONFIRMED,FOUND,87258,https://www.fragrantica.com/perfume/Phlur/Vanilla-Skin-87258.html,https://fimgs.net/mdimg/perfume-social-cards/en-p_c_87258.jpeg,fragrantica-scraper-archive/social-cards/images/4479_2622-PHL_87258.jpeg,EXISTS,100745,e6dbd847f9169090f3a8a66ecbc3c555f6afaa854ea2ab6ca35edcce76118e1a,
4478,2621-CHAR,More Sex,Charlotte Tilbury,More Sex,CONFIRMED,FOUND,92086,https://www.fragrantica.com/perfume/Charlotte-Tilbury/More-Sex-92086.html,https://fimgs.net/mdimg/perfume-social-cards/en-p_c_92086.jpeg,fragrantica-scraper-archive/social-cards/images/4478_2621-CHAR_92086.jpeg,DOWNLOADED,104402,1a0ff6f4e1e0c85983cfaedcc696d4de2ad622fe7bef5745ae15a45e5e3d3647,
4444,2649-BORN,Naked Laundry BORNTOSTANDOUT®,BORNTOSTANDOUT,Naked Laundry,CONFIRMED,FOUND,97132,https://www.fragrantica.com/perfume/BORNTOSTANDOUT/Naked-Laundry-97132.html,https://fimgs.net/mdimg/perfume-social-cards/en-p_c_97132.jpeg,fragrantica-scraper-archive/social-cards/images/4444_2649-BORN_97132.jpeg,DOWNLOADED,99577,004538085a120ec6349c9e453ed936ccc6b648c11f96c6a095de096f336a6a53,
4443,2620-CHAR,Cosmic Power,Charlotte Tilbury,Cosmic Power,CONFIRMED,FOUND,92088,https://www.fragrantica.com/perfume/Charlotte-Tilbury/Cosmic-Power-92088.html,https://fimgs.net/mdimg/perfume-social-cards/en-p_c_92088.jpeg,fragrantica-scraper-archive/social-cards/images/4443_2620-CHAR_92088.jpeg,DOWNLOADED,110355,ca488fa185231957405933b460c5e83f18bbd2b811353b801492d2468f572db6,
4438,2647-LTN,the fragrance notes,Louis Vuitton,Symphony,CONFIRMED,FOUND,68357,https://www.fragrantica.com/perfume/Louis-Vuitton/Symphony-68357.html,https://fimgs.net/mdimg/perfume-social-cards/en-p_c_68357.jpeg,fragrantica-scraper-archive/social-cards/images/4438_2647-LTN_68357.jpeg,EXISTS,92484,245ff95d73f8d54bc83664723b12f3a8a66226d365fad272726a0607269cd5e0,
4436,2623-NES,Santa Barbara Strawberry - Nest,Nest,Santa Barbara Strawberry,CONFIRMED,FOUND,120744,https://www.fragrantica.com/p/120744,https://fimgs.net/mdimg/perfume-social-cards/en-p_c_120744.jpeg,fragrantica-scraper-archive/social-cards/images/4436_2623-NES_120744.jpeg,DOWNLOADED,106884,ef7488cd51aa19eb72c47ac18b85ef1b527439cedb6c9c84d43318ed8ea12482,
4435,2614-AMG,Guidance 46 Amouagee,Amouage,Guidance 46,CONFIRMED,FOUND,94033,https://www.fragrantica.com/perfume/Amouage/Guidance-46-94033.html,https://fimgs.net/mdimg/perfume-social-cards/en-p_c_94033.jpeg,fragrantica-scraper-archive/social-cards/images/4435_2614-AMG_94033.jpeg,DOWNLOADED,106180,7edf7a3521c44baf22ac504ddba343cad22915bd06a3c2010c7e7959f9471239,
4434,2624-BLG,Rock N Rome,Bvlgari,Rock N Rome,CONFIRMED,FOUND,64736,https://www.fragrantica.com/perfume/Bvlgari/Rock-N-Rome-64736.html,https://fimgs.net/mdimg/perfume-social-cards/en-p_c_64736.jpeg,fragrantica-scraper-archive/social-cards/images/4434_2624-BLG_64736.jpeg,DOWNLOADED,107678,76118466bd868be998eac4cead0c54ffa30402f097f31ec8316e74b88127ac17,
4433,2626-JOM,English Oak & Redcurrant Jo Malone,Jo Malone London,English Oak Redcurrant,CONFIRMED,FOUND,46186,https://www.fragrantica.com/perfume/Jo-Malone-London/English-Oak-Redcurrant-46186.html,https://fimgs.net/mdimg/perfume-social-cards/en-p_c_46186.jpeg,fragrantica-scraper-archive/social-cards/images/4433_2626-JOM_46186.jpeg,DOWNLOADED,103734,7b05c7bf557360ebc5f2d06bd09cbc0ab3170ba35a42f0d01b86b6c8e09778ed,
4432,2625-GUR,L'Instant de pour Homme Eau Extreme,Guerlain,L Instant de Guerlain pour Homme Eau Extreme,CONFIRMED,FOUND,11570,https://www.fragrantica.com/perfume/Guerlain/L-Instant-de-Guerlain-pour-Homme-Eau-Extreme-11570.html,https://fimgs.net/mdimg/perfume-social-cards/en-p_c_11570.jpeg,fragrantica-scraper-archive/social-cards/images/4432_2625-GUR_11570.jpeg,DOWNLOADED,117101,b53314d6d7c074de86821d773aaabee5190700171ed53d63ae9b9c5728cdc88e,
4431,2633-KUR,Petit Matin,Maison Francis Kurkdjian,Petit Matin,CONFIRMED,FOUND,40817,https://www.fragrantica.com/perfume/Maison-Francis-Kurkdjian/Petit-Matin-40817.html,https://fimgs.net/mdimg/perfume-social-cards/en-p_c_40817.jpeg,fragrantica-scraper-archive/social-cards/images/4431_2633-KUR_40817.jpeg,DOWNLOADED,100242,655f3e5d3a8c8f5f7ceb7eac5bb3d3d8d9c135dc2e9e09bbe2fef550f12356e2,
4430,2611-KAY,Elixir 11 Kayali Fragrances,Kayali Fragrances,Elixir 11,CONFIRMED,FOUND,52610,https://www.fragrantica.com/perfume/Kayali-Fragrances/Elixir-11-52610.html,https://fimgs.net/mdimg/perfume-social-cards/en-p_c_52610.jpeg,fragrantica-scraper-archive/social-cards/images/4430_2611-KAY_52610.jpeg,DOWNLOADED,100555,a3a5fde3a77cfe0d725bb43b2dff9d0c4f605dc502bca89bff38d0089a00c2ef,
4429,2613-SOS,Vibrato Sospiro Perfume,Sospiro Perfumes,Vibrato,CONFIRMED,FOUND,75930,https://www.fragrantica.com/perfume/Sospiro-Perfumes/Vibrato-75930.html,https://fimgs.net/mdimg/perfume-social-cards/en-p_c_75930.jpeg,fragrantica-scraper-archive/social-cards/images/4429_2613-SOS_75930.jpeg,EXISTS,95627,9f97839371ee8b798dae823dc396a0e19916c2ef88667e3546e75966df63785e,
4428,2612-LUS,Sticky Dates Lush,Lush,Sticky Dates,CONFIRMED,FOUND,88995,https://www.fragrantica.com/perfume/Lush/Sticky-Dates-88995.html,https://fimgs.net/mdimg/perfume-social-cards/en-p_c_88995.jpeg,fragrantica-scraper-archive/social-cards/images/4428_2612-LUS_88995.jpeg,DOWNLOADED,96081,5a2ee68bb0d25c681e3591e08ad0841af75fa42b79fc418f8dc2444107553f4d,
4426,2599-ACQ,Sandalo Eau de Parfum,Acqua di Parma,Sandalo Eau de Parfum,CONFIRMED,FOUND,56002,https://www.fragrantica.com/perfume/Acqua-di-Parma/Sandalo-Eau-de-Parfum-56002.html,https://fimgs.net/mdimg/perfume-social-cards/en-p_c_56002.jpeg,fragrantica-scraper-archive/social-cards/images/4426_2599-ACQ_56002.jpeg,EXISTS,107609,22fac9c2dbdb2d16497833cc6b4a5ec82fcfa4ef5496af164551bdae30862d76,
4425,2598-GLO,You Glossier,Glossier,You,CONFIRMED,FOUND,46885,https://www.fragrantica.com/perfume/Glossier/You-46885.html,https://fimgs.net/mdimg/perfume-social-cards/en-p_c_46885.jpeg,fragrantica-scraper-archive/social-cards/images/4425_2598-GLO_46885.jpeg,EXISTS,87475,11e64e3542f70a4f622563def842c1ea57eef774783418fe9827e9ef1da090d3,
4424,2641-LAT,Eclaire Lattafa Perfumes,Lattafa Perfumes,Eclaire,CONFIRMED,FOUND,93628,https://www.fragrantica.com/perfume/Lattafa-Perfumes/Eclaire-93628.html,https://fimgs.net/mdimg/perfume-social-cards/en-p_c_93628.jpeg,fragrantica-scraper-archive/social-cards/images/4424_2641-LAT_93628.jpeg,DOWNLOADED,91526,2403b8132542413b51cd14b1ac2ab675a40782e05e9ed503b0f827768b8d6c8b,
4423,2630-SOS,Erba Pura Magica Sospiro,Sospiro Perfumes,Erba Pura Magica,CONFIRMED,FOUND,75942,https://www.fragrantica.com/perfume/Sospiro-Perfumes/Erba-Pura-Magica-75942.html,https://fimgs.net/mdimg/perfume-social-cards/en-p_c_75942.jpeg,fragrantica-scraper-archive/social-cards/images/4423_2630-SOS_75942.jpeg,DOWNLOADED,105917,bf43757c3188a8364b75f1ed86d2d47701bf4121745ff48507994a43788c0e1c,
4422,2627-LTN,the fragrance notes,Louis Vuitton,Meteore,CONFIRMED,FOUND,62251,https://www.fragrantica.com/perfume/Louis-Vuitton/Meteore-62251.html,https://fimgs.net/mdimg/perfume-social-cards/en-p_c_62251.jpeg,fragrantica-scraper-archive/social-cards/images/4422_2627-LTN_62251.jpeg,DOWNLOADED,101442,d6de4d0b9f987984d5db12dc1751dc175ece38d19cd725b4c83429e2ce68fc5b,
4421,2608-KIL,A Taste of Heaven Kilian,By Kilian,A Taste of Heaven,CONFIRMED,FOUND,4317,https://www.fragrantica.com/perfume/By-Kilian/A-Taste-of-Heaven-4317.html,https://fimgs.net/mdimg/perfume-social-cards/en-p_c_4317.jpeg,fragrantica-scraper-archive/social-cards/images/4421_2608-KIL_4317.jpeg,DOWNLOADED,105095,1982b8216ae701ec5ab5b9194cc0d3f57fbf725cf67b4ef6cea498e40a06b603,
4420,2609-TMFO,Ombre de Hyacinth,Tom Ford,Ombre de Hyacinth,CONFIRMED,FOUND,15916,https://www.fragrantica.com/perfume/Tom-Ford/Ombre-de-Hyacinth-15916.html,https://fimgs.net/mdimg/perfume-social-cards/en-p_c_15916.jpeg,fragrantica-scraper-archive/social-cards/images/4420_2609-TMFO_15916.jpeg,DOWNLOADED,118914,683dc4288ed63d6a2837f9bd55a185d80b00ef0ca1da8e086ccfb33127c7de9d,
4419,2605-ARM,Figuier Eden,Giorgio Armani,Figuier Eden,CONFIRMED,FOUND,14878,https://www.fragrantica.com/perfume/Giorgio-Armani/Figuier-Eden-14878.html,https://fimgs.net/mdimg/perfume-social-cards/en-p_c_14878.jpeg,fragrantica-scraper-archive/social-cards/images/4419_2605-ARM_14878.jpeg,DOWNLOADED,103773,6c494722282f39a676196e44d4d6711371fc0d14bd1b83427ac0341c34d4ba31,
4418,2610-JUL,Not A Perfume Superdose - Juliette Has A Gun,Juliette Has A Gun,Not A Perfume Superdose,CONFIRMED,FOUND,56679,https://www.fragrantica.com/perfume/Juliette-Has-A-Gun/Not-A-Perfume-Superdose-56679.html,https://fimgs.net/mdimg/perfume-social-cards/en-p_c_56679.jpeg,fragrantica-scraper-archive/social-cards/images/4418_2610-JUL_56679.jpeg,DOWNLOADED,90605,da0e260f0cb2d908ecd9ee827ef3d8d395cb91c4b3c326a13fc59793bc272948,
4417,2632-BDIK,Velvet Tonka BDK Parfums,BDK Parfums,Velvet Tonka,CONFIRMED,FOUND,68119,https://www.fragrantica.com/perfume/BDK-Parfums/Velvet-Tonka-68119.html,https://fimgs.net/mdimg/perfume-social-cards/en-p_c_68119.jpeg,fragrantica-scraper-archive/social-cards/images/4417_2632-BDIK_68119.jpeg,DOWNLOADED,102469,49130035fa99410746423ff23711b3afe6dde4ee0a2c54baa6f5d29682ee0482,
4416,2629-PEN,Sports Car Club,Penhaligon s,Sports Car Club,CONFIRMED,FOUND,73924,https://www.fragrantica.com/perfume/Penhaligon-s/Sports-Car-Club-73924.html,https://fimgs.net/mdimg/perfume-social-cards/en-p_c_73924.jpeg,fragrantica-scraper-archive/social-cards/images/4416_2629-PEN_73924.jpeg,DOWNLOADED,109717,f20513e3ebb6059c4c9a702aa02764c1f4474126d68ec5a900c94aa4051933de,
4415,2628-PEN,Roaring Radcliff,Penhaligon s,Roaring Radcliff,CONFIRMED,FOUND,43037,https://www.fragrantica.com/perfume/Penhaligon-s/Roaring-Radcliff-43037.html,https://fimgs.net/mdimg/perfume-social-cards/en-p_c_43037.jpeg,fragrantica-scraper-archive/social-cards/images/4415_2628-PEN_43037.jpeg,DOWNLOADED,109060,a841c98fc7082225c93536891274a858eb8d23dde5c2b8b442470bde4c3389aa,
4414,2631-TMFO,Black Lacquer,Tom Ford,Black Lacquer,CONFIRMED,FOUND,95808,https://www.fragrantica.com/perfume/Tom-Ford/Black-Lacquer-95808.html,https://fimgs.net/mdimg/perfume-social-cards/en-p_c_95808.jpeg,fragrantica-scraper-archive/social-cards/images/4414_2631-TMFO_95808.jpeg,DOWNLOADED,100746,d7a884169a9b1ad02a436035fc39cc6507da4a05992d54596b036c40f98e1d27,
4413,2639-TRU,Donna Pink Marina,Trussardi,Trussardi Donna Pink Marina,CONFIRMED,FOUND,61387,https://www.fragrantica.com/perfume/Trussardi/Trussardi-Donna-Pink-Marina-61387.html,https://fimgs.net/mdimg/perfume-social-cards/en-p_c_61387.jpeg,fragrantica-scraper-archive/social-cards/images/4413_2639-TRU_61387.jpeg,DOWNLOADED,107484,cd748706144a43e9629d93204438cf9c31e0c4b8de88af4cd1366e0344d15464,
4412,2636-YZLO,Black Opium Baby Cat Collector,Yves Saint Laurent,Black Opium Baby Cat Collector,CONFIRMED,FOUND,63448,https://www.fragrantica.com/perfume/Yves-Saint-Laurent/Black-Opium-Baby-Cat-Collector-63448.html,https://fimgs.net/mdimg/perfume-social-cards/en-p_c_63448.jpeg,fragrantica-scraper-archive/social-cards/images/4412_2636-YZLO_63448.jpeg,DOWNLOADED,131444,9c82b02ddd66b5676ace7eceeafd68b96d1927875a137a97f2884cffe053f954,
4411,2635-SOL,Cheirosa '76 Sol de Janeiro,Sol de Janeiro,Cheirosa 76,CONFIRMED,FOUND,96167,https://www.fragrantica.com/perfume/Sol-de-Janeiro/Cheirosa-76-96167.html,https://fimgs.net/mdimg/perfume-social-cards/en-p_c_96167.jpeg,fragrantica-scraper-archive/social-cards/images/4411_2635-SOL_96167.jpeg,DOWNLOADED,99232,822462fa89dc1b42824fd2abfa266af5402c566e2a41e2940013a037eb71dc42,
4410,2634-NRO,Essence Rodriguez,Narciso Rodriguez,Essence,CONFIRMED,FOUND,5321,https://www.fragrantica.com/perfume/Narciso-Rodriguez/Essence-5321.html,https://fimgs.net/mdimg/perfume-social-cards/en-p_c_5321.jpeg,fragrantica-scraper-archive/social-cards/images/4410_2634-NRO_5321.jpeg,DOWNLOADED,93920,7d6e530605ff76bfa2ffacfdc41d2c602d2c3c9ce4f0b44f59917841f3b7f8ef,
4409,2638-KEN,Jungle le Tigre Kenzo,Kenzo,Kenzo Jungle le Tigre,CONFIRMED,FOUND,435,https://www.fragrantica.com/perfume/Kenzo/Kenzo-Jungle-le-Tigre-435.html,https://fimgs.net/mdimg/perfume-social-cards/en-p_c_435.jpeg,fragrantica-scraper-archive/social-cards/images/4409_2638-KEN_435.jpeg,DOWNLOADED,114887,1b8a2ebfdf2f3c952590b1c729ab83e425ea8b9b9e7efdcf13e06559cbbb053f,
4408,2640-CRD,Delphinus,Creed,Delphinus,CONFIRMED,FOUND,95970,https://www.fragrantica.com/perfume/Creed/Delphinus-95970.html,https://fimgs.net/mdimg/perfume-social-cards/en-p_c_95970.jpeg,fragrantica-scraper-archive/social-cards/images/4408_2640-CRD_95970.jpeg,EXISTS,99217,39002886c14e054f8ca8ee0cd441b56358a6f1044dad1580f123f127f516f761,
4407,2642-CRD,Centaurus,Creed,Centaurus,CONFIRMED,FOUND,95601,https://www.fragrantica.com/perfume/Creed/Centaurus-95601.html,https://fimgs.net/mdimg/perfume-social-cards/en-p_c_95601.jpeg,fragrantica-scraper-archive/social-cards/images/4407_2642-CRD_95601.jpeg,EXISTS,101370,e72b2493949138f7ac62597f05465af607ebc7165dc22dcca132abedf08a9bbe,
4406,2603-JUL,Lust for Sun Juliette Has A Gun,Juliette Has A Gun,Lust for Sun,CONFIRMED,FOUND,80004,https://www.fragrantica.com/perfume/Juliette-Has-A-Gun/Lust-for-Sun-80004.html,https://fimgs.net/mdimg/perfume-social-cards/en-p_c_80004.jpeg,fragrantica-scraper-archive/social-cards/images/4406_2603-JUL_80004.jpeg,DOWNLOADED,99667,3744b88dde6949e152ca528d2c594d5f81fff257a65f3e069ec30c3c0f59fb48,
4395,2575-XER,Deified Tony Iommi Parfum,Xerjoff,Deified Tony Iommi Parfum,CONFIRMED,FOUND,92497,https://www.fragrantica.com/perfume/Xerjoff/Deified-Tony-Iommi-Parfum-92497.html,https://fimgs.net/mdimg/perfume-social-cards/en-p_c_92497.jpeg,fragrantica-scraper-archive/social-cards/images/4395_2575-XER_92497.jpeg,DOWNLOADED,111763,f5428cb0e5a7726f7a9d49bac29d91ff0e0c55825514e5c5395517928986e6b7,
4394,2604-JILS,Sun Men Jil Sander,,,CONFIRMED,FOUND,619,https://www.fragrantica.com/perfume/Jil-Sander/Sun-Men-619.html,https://fimgs.net/mdimg/perfume-social-cards/en-p_c_619.jpeg,fragrantica-scraper-archive/social-cards/images/4394_2604-JILS_619.jpeg,DOWNLOADED,102955,e0735631baa05126f0e88d453f06f926a8d04d9d86dacc1f5c2cd5291e4c0134,
4392,2607-TMU,Angel Eau Croisière,Mugler,Angel Eau Croisiere,CONFIRMED,FOUND,53351,https://www.fragrantica.com/perfume/Mugler/Angel-Eau-Croisiere-53351.html,https://fimgs.net/mdimg/perfume-social-cards/en-p_c_53351.jpeg,fragrantica-scraper-archive/social-cards/images/4392_2607-TMU_53351.jpeg,DOWNLOADED,108151,9e00c324502da916f2c7384bbdafb46214d7ef7a7bb93e4c31a7d2fc4ec76f72,
4391,2602-TMU,Angel Garden Of Stars - Violette Angel,Mugler,Angel Garden Of Stars Violette Angel,CONFIRMED,FOUND,712,https://www.fragrantica.com/perfume/Mugler/Angel-Garden-Of-Stars-Violette-Angel-712.html,https://fimgs.net/mdimg/perfume-social-cards/en-p_c_712.jpeg,fragrantica-scraper-archive/social-cards/images/4391_2602-TMU_712.jpeg,DOWNLOADED,110815,c4aea85e7e727e645290f313de5b2cf12ec5721129ae79f4d4c159968b539e09,
4390,2601-TMU,Angel Passion Star,Mugler,Angel Passion Star,CONFIRMED,FOUND,31849,https://www.fragrantica.com/perfume/Mugler/Angel-Passion-Star-31849.html,https://fimgs.net/mdimg/perfume-social-cards/en-p_c_31849.jpeg,fragrantica-scraper-archive/social-cards/images/4390_2601-TMU_31849.jpeg,DOWNLOADED,101557,9b9d396ef03ac246f4a77a17dc2a8ab9fcab3686a6d0aba387c8388ad27014e4,
4389,2600-TMU,Angel Lily,Mugler,Angel Garden Of Stars - Le Lys,CONFIRMED,FOUND,714,https://www.fragrantica.com/p/714,https://fimgs.net/mdimg/perfume-social-cards/en-p_c_714.jpeg,fragrantica-scraper-archive/social-cards/images/4389_2600-TMU_714.jpeg,DOWNLOADED,109547,ffee059b679fc7b66fba4c424db7d2a10c980ca4a47e3be907f8c254fa204049,
4388,2375-ESC,"Brisa Cubana Escada Woman perfume citrus, green, aromatic, fresh spicy, fresh",Escada,Brisa Cubana,CONFIRMED,FOUND,88990,https://www.fragrantica.com/p/88990,https://fimgs.net/mdimg/perfume-social-cards/en-p_c_88990.jpeg,fragrantica-scraper-archive/social-cards/images/4388_2375-ESC_88990.jpeg,DOWNLOADED,92530,2241e4c24f7bcbffc5664851423ef793aaec4213b6d8abbed4bb1076f2ee28e0,
4387,1702-KUR,Oud,Maison Francis Kurkdjian,Oud,CONFIRMED,FOUND,14610,https://www.fragrantica.com/perfume/Maison-Francis-Kurkdjian/Oud-14610.html,https://fimgs.net/mdimg/perfume-social-cards/en-p_c_14610.jpeg,fragrantica-scraper-archive/social-cards/images/4387_1702-KUR_14610.jpeg,DOWNLOADED,102803,bd7e4bdd839287cc3c5d33f8602f211e2aa8b50574c5dd6065828ec0e814932e,
4386,490-CRT,Must de Cartier,Cartier,Must de Cartier,CONFIRMED,FOUND,312,https://www.fragrantica.com/perfume/Cartier/Must-de-Cartier-312.html,https://fimgs.net/mdimg/perfume-social-cards/en-p_c_312.jpeg,fragrantica-scraper-archive/social-cards/images/4386_490-CRT_312.jpeg,DOWNLOADED,105710,40695f201bd10a734f103d6eafd07b74c4bd5b473ab3bb5ccd419f679a03c10f,
4385,2438-KYLJ,Cosmic Kylie Jenner,Kylie Cosmetics,Cosmic Kylie Jenner,CONFIRMED,FOUND,90957,https://www.fragrantica.com/p/90957,https://fimgs.net/mdimg/perfume-social-cards/en-p_c_90957.jpeg,fragrantica-scraper-archive/social-cards/images/4385_2438-KYLJ_90957.jpeg,DOWNLOADED,99754,28cc0afc533f45bf38f10b6bdd3de1b1fc5fcd89bbf22b37c4a4470f7271a25a,
4375,2562-JUSB,Beat Cafe Jusbox,Jusbox,Beat Cafe,CONFIRMED,FOUND,39041,https://www.fragrantica.com/p/39041,https://fimgs.net/mdimg/perfume-social-cards/en-p_c_39041.jpeg,fragrantica-scraper-archive/social-cards/images/4375_2562-JUSB_39041.jpeg,DOWNLOADED,110343,d1305b7f19b71d6fd0ab6d8ff30f086f2662476765a60f304b4b143211604de2,
4374,2560-JUSB,Siren & Sailors Jusbox,Jusbox,Siren & Sailors,CONFIRMED,FOUND,53042,https://www.fragrantica.com/p/53042,https://fimgs.net/mdimg/perfume-social-cards/en-p_c_53042.jpeg,fragrantica-scraper-archive/social-cards/images/4374_2560-JUSB_53042.jpeg,DOWNLOADED,110011,6cae7ebdc0fc4016b046f0aee7ca3f3505729b9da9dcdfae53aaa78ec2519950,
4373,2555-BON,TriBeCa Bond No 9,Bond No 9,TriBeCa,CONFIRMED,FOUND,59904,https://www.fragrantica.com/perfume/Bond-No-9/TriBeCa-59904.html,https://fimgs.net/mdimg/perfume-social-cards/en-p_c_59904.jpeg,fragrantica-scraper-archive/social-cards/images/4373_2555-BON_59904.jpeg,DOWNLOADED,107319,8f2780c6bceb21e4f1dd243acb0e67c1076ec15f9dc23b25fb3b27e882d3daa6,
4372,2583-INI,Paragon Initio Parfums,Initio Parfums Prives,Paragon,CONFIRMED,FOUND,76580,https://www.fragrantica.com/perfume/Initio-Parfums-Prives/Paragon-76580.html,https://fimgs.net/mdimg/perfume-social-cards/en-p_c_76580.jpeg,fragrantica-scraper-archive/social-cards/images/4372_2583-INI_76580.jpeg,DOWNLOADED,103008,dfef14b72722db59afd35440afa83c9f384e442cf4ad8a8f5357e5686d281197,
4371,2582-PIER,Carbone Pierre Balmain type,Balmain,Carbone,CONFIRMED,FOUND,96728,https://www.fragrantica.com/p/96728,https://fimgs.net/mdimg/perfume-social-cards/en-p_c_96728.jpeg,fragrantica-scraper-archive/social-cards/images/4371_2582-PIER_96728.jpeg,DOWNLOADED,110209,70e3a70dd7c809436d85f8a131b021ff30dda9890156fecfc8c9bc5146d84f05,
4370,2581-GUR,Vanille Planifolia Extrait 21,Guerlain,Vanille Planifolia Extrait 21,CONFIRMED,FOUND,87539,https://www.fragrantica.com/perfume/Guerlain/Vanille-Planifolia-Extrait-21-87539.html,https://fimgs.net/mdimg/perfume-social-cards/en-p_c_87539.jpeg,fragrantica-scraper-archive/social-cards/images/4370_2581-GUR_87539.jpeg,DOWNLOADED,117599,b8aad2f2cb5c5930f6d2d67ac6c61a2e7e69a3274cf0bf6ee26f66316a654630,
4369,2584-GIV,Eau de,Givenchy,Eau de,CONFIRMED,FOUND,1966,https://www.fragrantica.com/perfume/Givenchy/Eau-de-Givenchy-1966.html,https://fimgs.net/mdimg/perfume-social-cards/en-p_c_1966.jpeg,fragrantica-scraper-archive/social-cards/images/4369_2584-GIV_1966.jpeg,DOWNLOADED,107006,11498b7078d922e3247c270ea2aaf1e917db0a5812db4a2a54f182390a20bc41,
4368,2585-SOL,Summer e Amor Sol de Janeiro,Sol de Janeiro,Summer e Amor,CONFIRMED,FOUND,92622,https://www.fragrantica.com/perfume/Sol-de-Janeiro/Summer-e-Amor-92622.html,https://fimgs.net/mdimg/perfume-social-cards/en-p_c_92622.jpeg,fragrantica-scraper-archive/social-cards/images/4368_2585-SOL_92622.jpeg,DOWNLOADED,94557,5efb101a9148237a6c60ff720ec81eecc4558a6f17c325405572996b7745ef52,
4367,2586-DIP,Biscuit DIP,Diptyque,Biscuit DIP,CONFIRMED,UNRESOLVED,,,,,NO_CONFIRMED_ID,,,
4366,2587-MAR,Daisy Dream Sunshine Marc Jacobs,Marc Jacobs,Daisy Dream Sunshine,CONFIRMED,FOUND,52931,https://www.fragrantica.com/perfume/Marc-Jacobs/Daisy-Dream-Sunshine-52931.html,https://fimgs.net/mdimg/perfume-social-cards/en-p_c_52931.jpeg,fragrantica-scraper-archive/social-cards/images/4366_2587-MAR_52931.jpeg,DOWNLOADED,109149,f3b6cfe12d09db915eef20d051e36e76e27fc6a08cacbb61bae511f728e75770,
4365,2553-BON,Andy Warhol Bond No 9,Bond No 9,Andy Warhol,CONFIRMED,FOUND,13630,https://www.fragrantica.com/perfume/Bond-No-9/Andy-Warhol-13630.html,https://fimgs.net/mdimg/perfume-social-cards/en-p_c_13630.jpeg,fragrantica-scraper-archive/social-cards/images/4365_2553-BON_13630.jpeg,DOWNLOADED,118061,5d070aaaf8d20c5c9da610de775fb8daffdd768dce39b7ae48a0be39cb3e0f0b,
4364,2552-SOR,Night Horse (Ночная Кобыла) Siordia Parfums,,,CONFIRMED,FOUND,75119,https://www.fragrantica.com/perfume/Siordia-Parfums/Night-Horse--75119.html,https://fimgs.net/mdimg/perfume-social-cards/en-p_c_75119.jpeg,fragrantica-scraper-archive/social-cards/images/4364_2552-SOR_75119.jpeg,DOWNLOADED,126878,d32184ab69a680cf1b88da2a8e1985d609b655ca2b169928a372323b7cc68ab4,
4363,2529-VER,L'Homme,Versace,L'Homme,CONFIRMED,FOUND,647,https://www.fragrantica.com/p/647,https://fimgs.net/mdimg/perfume-social-cards/en-p_c_647.jpeg,fragrantica-scraper-archive/social-cards/images/4363_2529-VER_647.jpeg,DOWNLOADED,109546,55a50978c3f185adcfe800616aef29be430ace65105d847ee79321a1d8ed7016,
4362,2537-DRC,Miss Parfum (2024),Dior,Miss Dior Parfum 2024,CONFIRMED,FOUND,89584,https://www.fragrantica.com/perfume/Dior/Miss-Dior-Parfum-2024-89584.html,https://fimgs.net/mdimg/perfume-social-cards/en-p_c_89584.jpeg,fragrantica-scraper-archive/social-cards/images/4362_2537-DRC_89584.jpeg,DOWNLOADED,119697,c09fda2a6e2253cd6c7f2d4e0643e9210e06937c82d0fc1047963f8b92b55aad,
4361,2535-DRC,J'adore L'Or (2023),Dior,J adore L Or 2023,CONFIRMED,FOUND,84202,https://www.fragrantica.com/perfume/Dior/J-adore-L-Or-2023-84202.html,https://fimgs.net/mdimg/perfume-social-cards/en-p_c_84202.jpeg,fragrantica-scraper-archive/social-cards/images/4361_2535-DRC_84202.jpeg,DOWNLOADED,96022,b4fcd009c0881069f8b5bba17799021e17626dc29eb11727eed339b39fd3a263,
4360,2533-RAL,Safari,Ralph Lauren,Safari,CONFIRMED,FOUND,897,https://www.fragrantica.com/perfume/Ralph-Lauren/Safari-897.html,https://fimgs.net/mdimg/perfume-social-cards/en-p_c_897.jpeg,fragrantica-scraper-archive/social-cards/images/4360_2533-RAL_897.jpeg,DOWNLOADED,116759,4076e67add99bc8ffa737e607292104ce7ed8ada3b4e70fd210b52762ef60bfd,
4359,2580-KAY,,Kayali,Yum Boujee Marshmallow 81,CONFIRMED,FOUND,99254,https://www.fragrantica.com/p/99254,https://fimgs.net/mdimg/perfume-social-cards/en-p_c_99254.jpeg,fragrantica-scraper-archive/social-cards/images/4359_2580-KAY_99254.jpeg,DOWNLOADED,100575,774eae2a1e91df03e7dda315c253c372651ef736e38246f4b8d093ad32e6e61c,
4358,2579-SOS,Maraschino Sospiro Perfumes,Sospiro Perfumes,Maraschino,CONFIRMED,FOUND,89902,https://www.fragrantica.com/perfume/Sospiro-Perfumes/Maraschino-89902.html,https://fimgs.net/mdimg/perfume-social-cards/en-p_c_89902.jpeg,fragrantica-scraper-archive/social-cards/images/4358_2579-SOS_89902.jpeg,DOWNLOADED,99731,e6adfc2e07a41340befd5fd421f61dd255dab373f65b79ba3848fc0091bf288e,
4357,2578-DON,DKNY 24/7,Donna Karan,DKNY 24 7,CONFIRMED,FOUND,94958,https://www.fragrantica.com/perfume/Donna-Karan/DKNY-24-7-94958.html,https://fimgs.net/mdimg/perfume-social-cards/en-p_c_94958.jpeg,fragrantica-scraper-archive/social-cards/images/4357_2578-DON_94958.jpeg,DOWNLOADED,109868,2ac6ed1d3464ccaf78d78b90b41593c4cbe802de83eae8d5b2a72c17c3d27385,
4356,2577-DOL,Devotion Intense,Dolce Gabbana,Devotion Intense,CONFIRMED,FOUND,96028,https://www.fragrantica.com/perfume/Dolce-Gabbana/Devotion-Intense-96028.html,https://fimgs.net/mdimg/perfume-social-cards/en-p_c_96028.jpeg,fragrantica-scraper-archive/social-cards/images/4356_2577-DOL_96028.jpeg,DOWNLOADED,95755,00298f7317da87563aa3dbbfe111367b0189d7951b71fb57871eff4851d9ff40,
4355,2576-TMFO,Eau d'Ombré Leather,Tom Ford,Eau d Ombre Leather,CONFIRMED,FOUND,95389,https://www.fragrantica.com/perfume/Tom-Ford/Eau-d-Ombre-Leather-95389.html,https://fimgs.net/mdimg/perfume-social-cards/en-p_c_95389.jpeg,fragrantica-scraper-archive/social-cards/images/4355_2576-TMFO_95389.jpeg,DOWNLOADED,105647,e96fbb28ab5b224d9a20c0dfdebec236b289ffe3ebc681de2f4f5a02f0252c01,
4353,2574-MEM,Cappadocia Memo Paris,Memo Paris,Cappadocia,CONFIRMED,FOUND,88771,https://www.fragrantica.com/perfume/Memo-Paris/Cappadocia-88771.html,https://fimgs.net/mdimg/perfume-social-cards/en-p_c_88771.jpeg,fragrantica-scraper-archive/social-cards/images/4353_2574-MEM_88771.jpeg,DOWNLOADED,106783,419e92b6f44f439362e2df7fa2d09c09b779950a518ff2180af4ea1636951bb5,
4352,2573-KAY,Maldives in a Bottle Ylang Coco | 20 Eau de Parfum Kayali Fragrances,Kayali Fragrances,Maldives in a Bottle Ylang Coco 20 Eau de Parfum,CONFIRMED,FOUND,94206,https://www.fragrantica.com/perfume/Kayali-Fragrances/Maldives-in-a-Bottle-Ylang-Coco-20-Eau-de-Parfum-94206.html,https://fimgs.net/mdimg/perfume-social-cards/en-p_c_94206.jpeg,fragrantica-scraper-archive/social-cards/images/4352_2573-KAY_94206.jpeg,DOWNLOADED,106177,2684ed9b77e0089619f1b1cf205341842cb4427faed015b5141f5e406ca6ca5c,
4351,2572-KUR,APOM,Maison Francis Kurkdjian,APOM,CONFIRMED,FOUND,95969,https://www.fragrantica.com/perfume/Maison-Francis-Kurkdjian/APOM-95969.html,https://fimgs.net/mdimg/perfume-social-cards/en-p_c_95969.jpeg,fragrantica-scraper-archive/social-cards/images/4351_2572-KUR_95969.jpeg,DOWNLOADED,105498,fcc3d2f22668fc07c3646aa954e76f01a9b45b994dad2c20aa7337008616b979,
4350,2597-TMFO,Amber Intrigue,Tom Ford,Amber Intrigue,CONFIRMED,FOUND,97380,https://www.fragrantica.com/perfume/Tom-Ford/Amber-Intrigue-97380.html,https://fimgs.net/mdimg/perfume-social-cards/en-p_c_97380.jpeg,fragrantica-scraper-archive/social-cards/images/4350_2597-TMFO_97380.jpeg,DOWNLOADED,107790,6193bf1bf0182360d90a4824ba27000bfba5897efe8cd3f6f22e8b1b96cbbfb0,
4349,2596-PEN,Halfeti Cedar,Penhaligon s,Halfeti Cedar,CONFIRMED,FOUND,64560,https://www.fragrantica.com/perfume/Penhaligon-s/Halfeti-Cedar-64560.html,https://fimgs.net/mdimg/perfume-social-cards/en-p_c_64560.jpeg,fragrantica-scraper-archive/social-cards/images/4349_2596-PEN_64560.jpeg,DOWNLOADED,109723,7a39178311fad71108ac680fc5d2776e6a56696da4eda151c5ed74a07404c862,
4348,2595-INI,Mystic Experience Initio Parfums,Initio Parfums Prives,Mystic Experience,CONFIRMED,FOUND,30992,https://www.fragrantica.com/perfume/Initio-Parfums-Prives/Mystic-Experience-30992.html,https://fimgs.net/mdimg/perfume-social-cards/en-p_c_30992.jpeg,fragrantica-scraper-archive/social-cards/images/4348_2595-INI_30992.jpeg,DOWNLOADED,105216,7a1940b56446051e21b496a5781a9dd1100fbfa89729525b3043911c41e9e871,
4347,2594-HUG,Bottled Oud Saffron,Hugo Boss,Boss Bottled Oud Saffron,CONFIRMED,FOUND,53338,https://www.fragrantica.com/perfume/Hugo-Boss/Boss-Bottled-Oud-Saffron-53338.html,https://fimgs.net/mdimg/perfume-social-cards/en-p_c_53338.jpeg,fragrantica-scraper-archive/social-cards/images/4347_2594-HUG_53338.jpeg,DOWNLOADED,103480,8ef75654ddf3debc2ad367fdc9aa578727153bcf8cc405831cad4e967178c753,
4346,2593-HUG,Bottled Elixir,Hugo Boss,Boss Bottled Elixir,CONFIRMED,FOUND,84074,https://www.fragrantica.com/perfume/Hugo-Boss/Boss-Bottled-Elixir-84074.html,https://fimgs.net/mdimg/perfume-social-cards/en-p_c_84074.jpeg,fragrantica-scraper-archive/social-cards/images/4346_2593-HUG_84074.jpeg,DOWNLOADED,111027,0fa9ebdcf974b8e1838496d336a5b2261a3ce81b650e6a6269f41bfa5749e3f5,
4345,2592-GOLD,Pacific Rock Moss Goldfield & Banks Australia,Goldfield Banks Australia,Pacific Rock Moss,CONFIRMED,FOUND,44120,https://www.fragrantica.com/perfume/Goldfield-Banks-Australia/Pacific-Rock-Moss-44120.html,https://fimgs.net/mdimg/perfume-social-cards/en-p_c_44120.jpeg,fragrantica-scraper-archive/social-cards/images/4345_2592-GOLD_44120.jpeg,DOWNLOADED,104151,8e9845f4926a3fa5557082fa6e23ff374da7872b4a4790d2e2cdbd2165b47f58,
4344,2591-CRD,Acqua Fiorentina,Creed,Acqua Fiorentina,CONFIRMED,FOUND,6272,https://www.fragrantica.com/perfume/Creed/Acqua-Fiorentina-6272.html,https://fimgs.net/mdimg/perfume-social-cards/en-p_c_6272.jpeg,fragrantica-scraper-archive/social-cards/images/4344_2591-CRD_6272.jpeg,DOWNLOADED,103247,0df31c12c3ddcd5197d940ae28842b146f2439b3d627d05e545668d1980f05ad,
4343,2590-BYRP,Mula Mula Rouge Extreme Byron Parfums,Byron Parfums,Mula Mula Rouge Extreme,CONFIRMED,FOUND,62827,https://www.fragrantica.com/perfume/Byron-Parfums/Mula-Mula-Rouge-Extreme-62827.html,https://fimgs.net/mdimg/perfume-social-cards/en-p_c_62827.jpeg,fragrantica-scraper-archive/social-cards/images/4343_2590-BYRP_62827.jpeg,DOWNLOADED,113101,3bd79a90f662b51c26184054b5dd7e9f8f0549f5cedc22b16f7fd7485f04e0b6,
4342,2589-BYRP,Mula Mula Double Caramel Byron Parfums,Byron Parfums,Mula Mula Double Caramel,CONFIRMED,FOUND,88568,https://www.fragrantica.com/perfume/Byron-Parfums/Mula-Mula-Double-Caramel-88568.html,https://fimgs.net/mdimg/perfume-social-cards/en-p_c_88568.jpeg,fragrantica-scraper-archive/social-cards/images/4342_2589-BYRP_88568.jpeg,DOWNLOADED,118726,bb9438dc98de98284002c5ca634ce336f2677d8fe3bdd01e3874c1ecd71534e0,
4341,2588-BLG,Onekh,Bvlgari,Onekh,CONFIRMED,FOUND,41220,https://www.fragrantica.com/perfume/Bvlgari/Onekh-41220.html,https://fimgs.net/mdimg/perfume-social-cards/en-p_c_41220.jpeg,fragrantica-scraper-archive/social-cards/images/4341_2588-BLG_41220.jpeg,DOWNLOADED,89307,1f1a92b27be6ff64d9bccda5100e48fabc6db5ce58aef511e26592c75a675b98,
4340,2568-GIV,L'Interdit Eau de Parfum Rouge Ultime,Givenchy,L Interdit Eau de Parfum Rouge Ultime,CONFIRMED,FOUND,83865,https://www.fragrantica.com/perfume/Givenchy/L-Interdit-Eau-de-Parfum-Rouge-Ultime-83865.html,https://fimgs.net/mdimg/perfume-social-cards/en-p_c_83865.jpeg,fragrantica-scraper-archive/social-cards/images/4340_2568-GIV_83865.jpeg,DOWNLOADED,107164,189f6b8bc6e063dac2df0c990c0decf113aab5a4afce337b4b7c2b58d99446ce,
4339,2566-VER,Eros Energy,Versace,Eros Energy,CONFIRMED,FOUND,92647,https://www.fragrantica.com/perfume/Versace/Eros-Energy-92647.html,https://fimgs.net/mdimg/perfume-social-cards/en-p_c_92647.jpeg,fragrantica-scraper-archive/social-cards/images/4339_2566-VER_92647.jpeg,EXISTS,110187,2aeb670d8f8474cad73b081430bea8402e9de6b8128716bd5965736de7aad3e7,
4338,2565-GUC,Guilty Elixir de Parfum pour Homme,Gucci,Guilty Elixir de Parfum pour Homme,CONFIRMED,FOUND,84547,https://www.fragrantica.com/perfume/Gucci/Guilty-Elixir-de-Parfum-pour-Homme-84547.html,https://fimgs.net/mdimg/perfume-social-cards/en-p_c_84547.jpeg,fragrantica-scraper-archive/social-cards/images/4338_2565-GUC_84547.jpeg,DOWNLOADED,108490,da052c70e30e983b12e79da68184c71eb6819994d7f9682481bd1517657ede9d,
4337,2561-SOM,Capriccio Somens,Somens,Capriccio,CONFIRMED,FOUND,71727,https://www.fragrantica.com/p/71727,https://fimgs.net/mdimg/perfume-social-cards/en-p_c_71727.jpeg,fragrantica-scraper-archive/social-cards/images/4337_2561-SOM_71727.jpeg,DOWNLOADED,99748,150482369a4fb0caa6a43fd8a824fb917e5ad38acc05e6d866493e0ae3365e2f,
4336,2551-PAR,Khair Fusion Paris Corner,PARIS CORNER,Khair Fusion,CONFIRMED,FOUND,92768,https://www.fragrantica.com/perfume/PARIS-CORNER/Khair-Fusion-92768.html,https://fimgs.net/mdimg/perfume-social-cards/en-p_c_92768.jpeg,fragrantica-scraper-archive/social-cards/images/4336_2551-PAR_92768.jpeg,DOWNLOADED,99765,2bec6631cd1990ad5f0ed3f3db5e3aa8ba528fe593562fae5f2c19eb10cc7cd8,
4333,2544-ACQ,Magnolia Nobile,Acqua di Parma,Magnolia Nobile,CONFIRMED,FOUND,6483,https://www.fragrantica.com/p/6483,https://fimgs.net/mdimg/perfume-social-cards/en-p_c_6483.jpeg,fragrantica-scraper-archive/social-cards/images/4333_2544-ACQ_6483.jpeg,DOWNLOADED,113361,b58fc34b3e1088726c687ef5199dd9644511521bde1b40fea169ccfaf7906e4b,
4332,2543-HUG,The Scent For Him Magnetic,Hugo Boss,Boss The Scent For Him Magnetic,CONFIRMED,FOUND,78424,https://www.fragrantica.com/perfume/Hugo-Boss/Boss-The-Scent-For-Him-Magnetic-78424.html,https://fimgs.net/mdimg/perfume-social-cards/en-p_c_78424.jpeg,fragrantica-scraper-archive/social-cards/images/4332_2543-HUG_78424.jpeg,DOWNLOADED,92460,7da8e00f8eafc652a7920b41f94174ead4a11bfa40a06238c1900c7e8a19efec,
4331,2527-GUR,Angelique Noire,Guerlain,Angelique Noire,CONFIRMED,FOUND,1021,https://www.fragrantica.com/perfume/Guerlain/Angelique-Noire-1021.html,https://fimgs.net/mdimg/perfume-social-cards/en-p_c_1021.jpeg,fragrantica-scraper-archive/social-cards/images/4331_2527-GUR_1021.jpeg,EXISTS,105555,84fa26427cb3d2c2ac0875bde58bb2d23c34f186dc800f621c08e927aaaf3257,
4330,2525-CAR,Good Girl Supreme,Carolina Herrera,Good Girl Supreme,CONFIRMED,FOUND,61769,https://www.fragrantica.com/perfume/Carolina-Herrera/Good-Girl-Supreme-61769.html,https://fimgs.net/mdimg/perfume-social-cards/en-p_c_61769.jpeg,fragrantica-scraper-archive/social-cards/images/4330_2525-CAR_61769.jpeg,DOWNLOADED,108321,24a3f700f89fe7600fc854b2924f1063e6c7280a1125c5fa5de278ab277c06a9,
4329,2523-KIL,Sacred Wood - Kilian,By Kilian,Sacred Wood,CONFIRMED,FOUND,23897,https://www.fragrantica.com/perfume/By-Kilian/Sacred-Wood-23897.html,https://fimgs.net/mdimg/perfume-social-cards/en-p_c_23897.jpeg,fragrantica-scraper-archive/social-cards/images/4329_2523-KIL_23897.jpeg,DOWNLOADED,105244,c11e92998f05a4a6b601cd38c25deac6d9a50bc1f94c94dc239547df94f3b402,
4328,2548-RIT,Hammam Rituals,Avgerinos,Hammam,CONFIRMED,FOUND,63387,https://www.fragrantica.com/perfume/Avgerinos/Hammam-63387.html,https://fimgs.net/mdimg/perfume-social-cards/en-p_c_63387.jpeg,fragrantica-scraper-archive/social-cards/images/4328_2548-RIT_63387.jpeg,DOWNLOADED,96760,789c9b8417bd60cdfb86a34c54fe3db64b088e55e6637a26facf55b9cebcbef5,
4327,2547-KUR,Aqua Universalis,Maison Francis Kurkdjian,Aqua Universalis,CONFIRMED,FOUND,6804,https://www.fragrantica.com/perfume/Maison-Francis-Kurkdjian/Aqua-Universalis-6804.html,https://fimgs.net/mdimg/perfume-social-cards/en-p_c_6804.jpeg,fragrantica-scraper-archive/social-cards/images/4327_2547-KUR_6804.jpeg,DOWNLOADED,101592,33f1825ad90011a144727076e118e75ff23c88108b444c03f004d488767104e3,
4326,2516-GUL,Scandal Pour Homme Absolu,Jean Paul Gaultier,Scandal Pour Homme Absolu,CONFIRMED,FOUND,91053,https://www.fragrantica.com/perfume/Jean-Paul-Gaultier/Scandal-Pour-Homme-Absolu-91053.html,https://fimgs.net/mdimg/perfume-social-cards/en-p_c_91053.jpeg,fragrantica-scraper-archive/social-cards/images/4326_2516-GUL_91053.jpeg,DOWNLOADED,110033,900cadecd6f33d9401b4a847fb93af8a033e8b362fb8607f931755fc6a60599b,
4325,2510-ONE,Our Moment One Direction,One Direction,Our Moment,CONFIRMED,FOUND,18810,https://www.fragrantica.com/p/18810,https://fimgs.net/mdimg/perfume-social-cards/en-p_c_18810.jpeg,fragrantica-scraper-archive/social-cards/images/4325_2510-ONE_18810.jpeg,DOWNLOADED,106767,1fa8936e5a41d065d9a54b7552c3ed5ef576376fefd1c5ef8de211c7e57f2163,
4324,2508-DRC,Gris,Dior,Gris Dior,CONFIRMED,FOUND,48387,https://www.fragrantica.com/p/48387,https://fimgs.net/mdimg/perfume-social-cards/en-p_c_48387.jpeg,fragrantica-scraper-archive/social-cards/images/4324_2508-DRC_48387.jpeg,DOWNLOADED,97971,b96bc4fd4681585c093daef25a7e3894372d229b834e3ce73d50a452002c730a,
4323,2502-MATIE,Parisian Musc Matiere Premiere,Matiere Premiere,Parisian Musc,CONFIRMED,FOUND,59063,https://www.fragrantica.com/perfume/Matiere-Premiere/Parisian-Musc-59063.html,https://fimgs.net/mdimg/perfume-social-cards/en-p_c_59063.jpeg,fragrantica-scraper-archive/social-cards/images/4323_2502-MATIE_59063.jpeg,DOWNLOADED,99283,421c1a66e19cf8e75bd16bd9223db966aeb57c8c9e2d412bafa07f9561ade1a1,
4322,2498-TOUZ,Baby Tous,Tous,Baby,CONFIRMED,FOUND,2732,https://www.fragrantica.com/p/2732,https://fimgs.net/mdimg/perfume-social-cards/en-p_c_2732.jpeg,fragrantica-scraper-archive/social-cards/images/4322_2498-TOUZ_2732.jpeg,DOWNLOADED,96793,ec3ed327fd6c5ad9be07dc76cd6ccc99b086827e9025352d019e667788cc66d4,
4321,2487-PEN,Terrible Teddy,Penhaligon s,Terrible Teddy,CONFIRMED,FOUND,55441,https://www.fragrantica.com/perfume/Penhaligon-s/Terrible-Teddy-55441.html,https://fimgs.net/mdimg/perfume-social-cards/en-p_c_55441.jpeg,fragrantica-scraper-archive/social-cards/images/4321_2487-PEN_55441.jpeg,DOWNLOADED,92109,87a9a67bb17874c59c69df412f8cae5b1da806abe72bdd5f972e6630766bc430,
4305,1194-KIL,Gold Knight Kilian,By Kilian,Gold Knight,CONFIRMED,FOUND,46470,https://www.fragrantica.com/perfume/By-Kilian/Gold-Knight-46470.html,https://fimgs.net/mdimg/perfume-social-cards/en-p_c_46470.jpeg,fragrantica-scraper-archive/social-cards/images/4305_1194-KIL_46470.jpeg,DOWNLOADED,98627,1407b2538ae7f0ec8b0f6a0449bdb66da47dad526dde216743f0c8f6e97b8b73,
4304,2380-CAR,Very Good Girl Glam,Carolina Herrera,Very Good Girl Glam,CONFIRMED,FOUND,72698,https://www.fragrantica.com/perfume/Carolina-Herrera/Very-Good-Girl-Glam-72698.html,https://fimgs.net/mdimg/perfume-social-cards/en-p_c_72698.jpeg,fragrantica-scraper-archive/social-cards/images/4304_2380-CAR_72698.jpeg,DOWNLOADED,107045,0040d2255b6913c5ae73a673df011c8f0da4b5ab7f3f620e83c9ca7deaaba4cf,
4303,2526-KAY,Capri in a Bottle Lemon Sugar | 14 Eau de Parfum by Kayali Fragrances,Kayali Fragrances,Capri in a Bottle Lemon Sugar 14 Eau de Parfum,CONFIRMED,FOUND,94204,https://www.fragrantica.com/perfume/Kayali-Fragrances/Capri-in-a-Bottle-Lemon-Sugar-14-Eau-de-Parfum-94204.html,https://fimgs.net/mdimg/perfume-social-cards/en-p_c_94204.jpeg,fragrantica-scraper-archive/social-cards/images/4303_2526-KAY_94204.jpeg,DOWNLOADED,101232,62b88055d53953904e90f0b23198811641d25dfc144fdf408d1946c00f0702df,
4289,2524-KAY,Marrakesh in a Bottle Orange Blossom Kayali Fragrances,Kayali Fragrances,Marrakesh in a Bottle Orange Blossom 24 Eau de Parfum,CONFIRMED,FOUND,94203,https://www.fragrantica.com/perfume/Kayali-Fragrances/Marrakesh-in-a-Bottle-Orange-Blossom-24-Eau-de-Parfum-94203.html,https://fimgs.net/mdimg/perfume-social-cards/en-p_c_94203.jpeg,fragrantica-scraper-archive/social-cards/images/4289_2524-KAY_94203.jpeg,EXISTS,111639,0b158f3e6d72e0005df394857fd6863199932f2c6a257347783bb93f19532788,
4288,2559-LAT,Ra'ed Silver Lattafa Perfumes,Lattafa Perfumes,Ra ed Silver,CONFIRMED,FOUND,75900,https://www.fragrantica.com/perfume/Lattafa-Perfumes/Ra-ed-Silver-75900.html,https://fimgs.net/mdimg/perfume-social-cards/en-p_c_75900.jpeg,fragrantica-scraper-archive/social-cards/images/4288_2559-LAT_75900.jpeg,DOWNLOADED,109020,135d84da6ff1d82d90608e8b188b639a99846d70875f630bb71991390ae81e14,
4286,2554-JOM,Orange Marmalade Jo Malone,Jo Malone London,Orange Marmalade,CONFIRMED,FOUND,94355,https://www.fragrantica.com/perfume/Jo-Malone-London/Orange-Marmalade-94355.html,https://fimgs.net/mdimg/perfume-social-cards/en-p_c_94355.jpeg,fragrantica-scraper-archive/social-cards/images/4286_2554-JOM_94355.jpeg,DOWNLOADED,101217,5405421f53f0263a064976124d634b16aeb273b50762fa9e92b2d2d5d4728706,
4285,2556-LAT,Yara Moi Lattafa Perfumes,Lattafa Perfumes,Yara Moi,CONFIRMED,FOUND,80722,https://www.fragrantica.com/perfume/Lattafa-Perfumes/Yara-Moi-80722.html,https://fimgs.net/mdimg/perfume-social-cards/en-p_c_80722.jpeg,fragrantica-scraper-archive/social-cards/images/4285_2556-LAT_80722.jpeg,DOWNLOADED,102593,40599fe5ca66daed10b9cc9baf9028ef04975f05c19baea784a533034f4c98e6,
4284,2557-ARIA,God Is A Woman Ariana Grande,Ariana Grande,God Is A Woman,CONFIRMED,FOUND,68664,https://www.fragrantica.com/perfume/Ariana-Grande/God-Is-A-Woman-68664.html,https://fimgs.net/mdimg/perfume-social-cards/en-p_c_68664.jpeg,fragrantica-scraper-archive/social-cards/images/4284_2557-ARIA_68664.jpeg,DOWNLOADED,104654,df98ed7425875f2ed0e7051baafd25fc07067c444ee9afa42b6fb1cdea99e676,
4283,2567-SOL,Cheirosa '71 Sol de Janeiro,Sol de Janeiro,Cheirosa 71,CONFIRMED,FOUND,63079,https://www.fragrantica.com/perfume/Sol-de-Janeiro/Cheirosa-71-63079.html,https://fimgs.net/mdimg/perfume-social-cards/en-p_c_63079.jpeg,fragrantica-scraper-archive/social-cards/images/4283_2567-SOL_63079.jpeg,DOWNLOADED,97319,1bc305f2749500942168f63cd2cd3cfde8a27e8dc88506579461fe8ba33d41f2,
4281,2546-MEM,Moroccan Leather Memo Paris,Memo Paris,Moroccan Leather,CONFIRMED,FOUND,51440,https://www.fragrantica.com/perfume/Memo-Paris/Moroccan-Leather-51440.html,https://fimgs.net/mdimg/perfume-social-cards/en-p_c_51440.jpeg,fragrantica-scraper-archive/social-cards/images/4281_2546-MEM_51440.jpeg,DOWNLOADED,114456,d7d4fffdeaeed08e26264501ba8037fcc2a9c84bee2112cde9b62b7e59e7ba57,
4280,2545-MEM,Kedu Sesame Memo Paris,Memo Paris,Kedu Sesame,CONFIRMED,FOUND,46179,https://www.fragrantica.com/perfume/Memo-Paris/Kedu-Sesame-46179.html,https://fimgs.net/mdimg/perfume-social-cards/en-p_c_46179.jpeg,fragrantica-scraper-archive/social-cards/images/4280_2545-MEM_46179.jpeg,DOWNLOADED,106870,5c4c89d6ada905ee776309832f064d172c41bab9f8a463a30dde5ab23d1c2cec,
4279,2536-PRA,Paradoxe Virtual Flower Prada,Prada,Prada Paradoxe Virtual Flower,CONFIRMED,FOUND,95006,https://www.fragrantica.com/perfume/Prada/Prada-Paradoxe-Virtual-Flower-95006.html,https://fimgs.net/mdimg/perfume-social-cards/en-p_c_95006.jpeg,fragrantica-scraper-archive/social-cards/images/4279_2536-PRA_95006.jpeg,DOWNLOADED,107869,18ae285e3ada8ea30783dbce81bae0f1e60e12bd8286e1bd93d70310e6b997f8,
4278,2569-GOLD,Ingenious Ginger Goldfield & Banks Australia,Goldfield Banks Australia,Ingenious Ginger,CONFIRMED,FOUND,81895,https://www.fragrantica.com/perfume/Goldfield-Banks-Australia/Ingenious-Ginger-81895.html,https://fimgs.net/mdimg/perfume-social-cards/en-p_c_81895.jpeg,fragrantica-scraper-archive/social-cards/images/4278_2569-GOLD_81895.jpeg,DOWNLOADED,104068,92f4d36ab728cc307fe8b2b8986aeba199ccd1ef2aa43a3afe7743efd24730da,
4277,2571-GOLD,Silky Woods Goldfield & Banks Australia,Goldfield Banks Australia,Silky Woods,CONFIRMED,FOUND,66766,https://www.fragrantica.com/perfume/Goldfield-Banks-Australia/Silky-Woods-66766.html,https://fimgs.net/mdimg/perfume-social-cards/en-p_c_66766.jpeg,fragrantica-scraper-archive/social-cards/images/4277_2571-GOLD_66766.jpeg,DOWNLOADED,105293,b38f9eb1214d526da1a3a6ce8261cbfc206bca4d5cbd90d478f68afbba08f796,
4274,2563-TMFO,Rose Exposed,Tom Ford,Rose Exposed,CONFIRMED,FOUND,98669,https://www.fragrantica.com/perfume/Tom-Ford/Rose-Exposed-98669.html,https://fimgs.net/mdimg/perfume-social-cards/en-p_c_98669.jpeg,fragrantica-scraper-archive/social-cards/images/4274_2563-TMFO_98669.jpeg,DOWNLOADED,104513,f98fa3e0c4f28d6a1f147e7489e52ddb90e2582e3410579174ed617c7c2aa027,
4273,2558-LAT,Bade'e Al Oud Sublime Lattafa Perfumes,Lattafa Perfumes,Bade e Al Oud Sublime,CONFIRMED,FOUND,83309,https://www.fragrantica.com/perfume/Lattafa-Perfumes/Bade-e-Al-Oud-Sublime-83309.html,https://fimgs.net/mdimg/perfume-social-cards/en-p_c_83309.jpeg,fragrantica-scraper-archive/social-cards/images/4273_2558-LAT_83309.jpeg,DOWNLOADED,119605,015cc448028bf4b024323c46e6b886040961605f3b3f11254c4386f2c4c55199,
4272,2570-JOM,English Pear & Sweet Pea Jo Malone,Jo Malone London,English Pear Sweet Pea,CONFIRMED,FOUND,84035,https://www.fragrantica.com/perfume/Jo-Malone-London/English-Pear-Sweet-Pea-84035.html,https://fimgs.net/mdimg/perfume-social-cards/en-p_c_84035.jpeg,fragrantica-scraper-archive/social-cards/images/4272_2570-JOM_84035.jpeg,DOWNLOADED,99355,d7237d4adf088a6a92d10423e445d5f8825ba1f28aced442808a63e3f781a6d0,
4270,2550-ARM,Stronger With You Tobacco,Giorgio Armani,Emporio Armani Stronger With You Tobacco,CONFIRMED,FOUND,90333,https://www.fragrantica.com/perfume/Giorgio-Armani/Emporio-Armani-Stronger-With-You-Tobacco-90333.html,https://fimgs.net/mdimg/perfume-social-cards/en-p_c_90333.jpeg,fragrantica-scraper-archive/social-cards/images/4270_2550-ARM_90333.jpeg,DOWNLOADED,117540,27d6b4272982a914349baa7119c80399ff4b3eba95a6117fda9308d9ed08dc5f,
4269,2549-MARC,Tilia Marc-Antoine Barrois,Marc Antoine Barrois,Tilia,CONFIRMED,FOUND,91688,https://www.fragrantica.com/perfume/Marc-Antoine-Barrois/Tilia-91688.html,https://fimgs.net/mdimg/perfume-social-cards/en-p_c_91688.jpeg,fragrantica-scraper-archive/social-cards/images/4269_2549-MARC_91688.jpeg,DOWNLOADED,98467,45523f1877ea064d045775abec3539a2049212afe7cbf8c50490fe02c1968c6c,
4264,2534-ARM,Sensi,Giorgio Armani,Sensi,CONFIRMED,FOUND,557,https://www.fragrantica.com/perfume/Giorgio-Armani/Sensi-557.html,https://fimgs.net/mdimg/perfume-social-cards/en-p_c_557.jpeg,fragrantica-scraper-archive/social-cards/images/4264_2534-ARM_557.jpeg,DOWNLOADED,101756,b89450cbfff20c178e0aa39b7d967d5429dc343bb102b2b4ce4f3cb80841dcbd,
4263,2564-NRO,For Her Musc Nude Narciso Rodriguez,Narciso Rodriguez,Narciso Rodriguez For Her Musc Nude,CONFIRMED,FOUND,88936,https://www.fragrantica.com/perfume/Narciso-Rodriguez/Narciso-Rodriguez-For-Her-Musc-Nude-88936.html,https://fimgs.net/mdimg/perfume-social-cards/en-p_c_88936.jpeg,fragrantica-scraper-archive/social-cards/images/4263_2564-NRO_88936.jpeg,DOWNLOADED,102705,c76e4f8d19e6bf791f8c67ab7cf3d9139fba738136174adfcf0a6d722abe5346,
4262,2485-ETLR,The Ghost In The Shell Etat Libre d'Orange,Etat Libre d Orange,The Ghost In The Shell,CONFIRMED,FOUND,69412,https://www.fragrantica.com/perfume/Etat-Libre-d-Orange/The-Ghost-In-The-Shell-69412.html,https://fimgs.net/mdimg/perfume-social-cards/en-p_c_69412.jpeg,fragrantica-scraper-archive/social-cards/images/4262_2485-ETLR_69412.jpeg,DOWNLOADED,105466,d11419ea00d7163cfe6e9823e98be3dac88e57a7b022de677e73a4701846d1a2,
4261,2528-JER,Gozo Jeroboam,Jeroboam,Gozo,CONFIRMED,FOUND,60300,https://www.fragrantica.com/p/60300,https://fimgs.net/mdimg/perfume-social-cards/en-p_c_60300.jpeg,fragrantica-scraper-archive/social-cards/images/4261_2528-JER_60300.jpeg,DOWNLOADED,96915,bc0f46eaebc9f5b42e1a361844d8afd502415868ea9948c8bc7b3625568f472f,
4260,2542-FUR,Autentica Furla for women,Furla,Autentica,CONFIRMED,FOUND,69941,https://www.fragrantica.com/p/69941,https://fimgs.net/mdimg/perfume-social-cards/en-p_c_69941.jpeg,fragrantica-scraper-archive/social-cards/images/4260_2542-FUR_69941.jpeg,DOWNLOADED,102756,70280a8323d6eca58dff906c42c010fda9e13851485572bceba3765053377fb8,
4259,2531-CAR,Bad Boy Cobalt Elixir,Carolina Herrera,Bad Boy Cobalt Elixir,CONFIRMED,FOUND,89374,https://www.fragrantica.com/perfume/Carolina-Herrera/Bad-Boy-Cobalt-Elixir-89374.html,https://fimgs.net/mdimg/perfume-social-cards/en-p_c_89374.jpeg,fragrantica-scraper-archive/social-cards/images/4259_2531-CAR_89374.jpeg,DOWNLOADED,103452,bcc284be96686ee1b330f23b08e85c4b717e64f21f007e28973904f35b15664b,
4258,2532-PRA,Cargo de Nuit Prada,Prada,Cargo de Nuit,CONFIRMED,FOUND,32197,https://www.fragrantica.com/perfume/Prada/Cargo-de-Nuit-32197.html,https://fimgs.net/mdimg/perfume-social-cards/en-p_c_32197.jpeg,fragrantica-scraper-archive/social-cards/images/4258_2532-PRA_32197.jpeg,DOWNLOADED,102732,0e539a15fc9b60c308aa6fb6e143bb9a905b41785b9a94b9bb3ffeb3f40b5fdd,
4257,2539-CRIVEL,Tubéreuse Astrale Maison Crivelli,Maison Crivelli,Tubereuse Astrale,CONFIRMED,FOUND,90733,https://www.fragrantica.com/perfume/Maison-Crivelli/Tubereuse-Astrale-90733.html,https://fimgs.net/mdimg/perfume-social-cards/en-p_c_90733.jpeg,fragrantica-scraper-archive/social-cards/images/4257_2539-CRIVEL_90733.jpeg,DOWNLOADED,99391,ff6e471912ac210e96c53841d1efceb0868ab13a51a877adcf2bb13a092c3394,
4256,2538-GUL,Le Male Lover,Jean Paul Gaultier,Le Male Lover,CONFIRMED,FOUND,89720,https://www.fragrantica.com/perfume/Jean-Paul-Gaultier/Le-Male-Lover-89720.html,https://fimgs.net/mdimg/perfume-social-cards/en-p_c_89720.jpeg,fragrantica-scraper-archive/social-cards/images/4256_2538-GUL_89720.jpeg,DOWNLOADED,110488,71aeee6fa237a85d962ba0007ad8ca868b85280cffb230a2da8aca62fb9c1c5e,
4255,2520-PEN,Empressa,Penhaligon s,Empressa,CONFIRMED,FOUND,27037,https://www.fragrantica.com/perfume/Penhaligon-s/Empressa-27037.html,https://fimgs.net/mdimg/perfume-social-cards/en-p_c_27037.jpeg,fragrantica-scraper-archive/social-cards/images/4255_2520-PEN_27037.jpeg,DOWNLOADED,107841,5f1f668623208ad4145914e1d8d52e6c839c12c13ecdf119c0df50aa0d72c213,
4254,2521-SOL,Carioca Crush Sol de Janeiro,Sol de Janeiro,Carioca Crush,CONFIRMED,FOUND,92623,https://www.fragrantica.com/perfume/Sol-de-Janeiro/Carioca-Crush-92623.html,https://fimgs.net/mdimg/perfume-social-cards/en-p_c_92623.jpeg,fragrantica-scraper-archive/social-cards/images/4254_2521-SOL_92623.jpeg,DOWNLOADED,95690,772ef04e02eab781ac38ea7ed9c610285c619aa3545c553a1ad9b78bb6540508,
4253,2540-COM,Concrete Comme des Garcons,Comme des Garcons,Concrete,CONFIRMED,FOUND,45911,https://www.fragrantica.com/perfume/Comme-des-Garcons/Concrete-45911.html,https://fimgs.net/mdimg/perfume-social-cards/en-p_c_45911.jpeg,fragrantica-scraper-archive/social-cards/images/4253_2540-COM_45911.jpeg,DOWNLOADED,106028,f10d03b268ad26882fe2e4f04458db6c299e3250da7f52019a7003b0872444a9,
4252,2541-STE,God of Fire Stéphane Humbert,Stephane Humbert Lucas 777,God of Fire,CONFIRMED,FOUND,72381,https://www.fragrantica.com/perfume/Stephane-Humbert-Lucas-777/God-of-Fire-72381.html,https://fimgs.net/mdimg/perfume-social-cards/en-p_c_72381.jpeg,fragrantica-scraper-archive/social-cards/images/4252_2541-STE_72381.jpeg,DOWNLOADED,107776,c28c388816e3269994c50c573de5d7c32efc20fcb98391f21f068157d8eb2e3d,
4251,2481-MARG,When the Rain Stops,Maison Martin Margiela,When the Rain Stops,CONFIRMED,FOUND,70985,https://www.fragrantica.com/perfume/Maison-Martin-Margiela/When-the-Rain-Stops-70985.html,https://fimgs.net/mdimg/perfume-social-cards/en-p_c_70985.jpeg,fragrantica-scraper-archive/social-cards/images/4251_2481-MARG_70985.jpeg,DOWNLOADED,113476,5895888e7fc72357070fa9af71b159b501839e423f66a7d6fc213242c32bf446,
4250,2478-MARG,Untitled,Maison Martin Margiela,untitled,CONFIRMED,FOUND,7865,https://www.fragrantica.com/perfume/Maison-Martin-Margiela/untitled-7865.html,https://fimgs.net/mdimg/perfume-social-cards/en-p_c_7865.jpeg,fragrantica-scraper-archive/social-cards/images/4250_2478-MARG_7865.jpeg,DOWNLOADED,101802,013e0516d4c13d93be5f7d76ed89b2a844f2310189badee2d3368baea1529201,
4247,2477-MARG,Whispers in the Library,Maison Martin Margiela,Whispers in the Library,CONFIRMED,FOUND,53537,https://www.fragrantica.com/perfume/Maison-Martin-Margiela/Whispers-in-the-Library-53537.html,https://fimgs.net/mdimg/perfume-social-cards/en-p_c_53537.jpeg,fragrantica-scraper-archive/social-cards/images/4247_2477-MARG_53537.jpeg,DOWNLOADED,107603,2cb360cc35186f5854bf9fafc10d7e4e2370da1ccf19aeff7cda9760cf450097,
4246,2476-MARG,At The Barber's,Maison Martin Margiela,At The Barber s,CONFIRMED,FOUND,30262,https://www.fragrantica.com/perfume/Maison-Martin-Margiela/At-The-Barber-s-30262.html,https://fimgs.net/mdimg/perfume-social-cards/en-p_c_30262.jpeg,fragrantica-scraper-archive/social-cards/images/4246_2476-MARG_30262.jpeg,DOWNLOADED,108458,58a5959bea2000b95289a3a043cc296609d94071c0aa8235a69ab5498b19d496,
4245,2522-VIC,Spicebomb Dark Leather,Viktor Rolf,Spicebomb Dark Leather,CONFIRMED,FOUND,93116,https://www.fragrantica.com/perfume/Viktor-Rolf/Spicebomb-Dark-Leather-93116.html,https://fimgs.net/mdimg/perfume-social-cards/en-p_c_93116.jpeg,fragrantica-scraper-archive/social-cards/images/4245_2522-VIC_93116.jpeg,DOWNLOADED,117233,5f4b76158c4ae493711757562881a031ccb0eff662a9dc57ebfb8d48c0a81dde,
4244,2519-MNT,Starry Nights Montale,Montale,Starry Nights,CONFIRMED,FOUND,31771,https://www.fragrantica.com/perfume/Montale/Starry-Nights-31771.html,https://fimgs.net/mdimg/perfume-social-cards/en-p_c_31771.jpeg,fragrantica-scraper-archive/social-cards/images/4244_2519-MNT_31771.jpeg,DOWNLOADED,97492,aebc45e24c219d3f95447673f67a18bca1dac6d63c03021dde5eab4bb020c15b,
4243,2517-MNTB,Legend Blue Montblanc,Montblanc,Legend Blue,CONFIRMED,FOUND,90137,https://www.fragrantica.com/perfume/Montblanc/Legend-Blue-90137.html,https://fimgs.net/mdimg/perfume-social-cards/en-p_c_90137.jpeg,fragrantica-scraper-archive/social-cards/images/4243_2517-MNTB_90137.jpeg,DOWNLOADED,108082,03814d5ed316626368e7959daccfcb9f45a55d3e8749c52aa43d673ed139724c,
4242,2494-BYR,Super Cedar,Byredo,Super Cedar,CONFIRMED,FOUND,35530,https://www.fragrantica.com/perfume/Byredo/Super-Cedar-35530.html,https://fimgs.net/mdimg/perfume-social-cards/en-p_c_35530.jpeg,fragrantica-scraper-archive/social-cards/images/4242_2494-BYR_35530.jpeg,EXISTS,93329,256b44cbcd7e10d81b774542b3cb8c0518eccfc70af8a04df4b9ed5c4fe4e977,
4241,2493-SERG,Nuit de Cellophane Serge Lutens,Serge Lutens,Nuit de Cellophane,CONFIRMED,FOUND,5748,https://www.fragrantica.com/perfume/Serge-Lutens/Nuit-de-Cellophane-5748.html,https://fimgs.net/mdimg/perfume-social-cards/en-p_c_5748.jpeg,fragrantica-scraper-archive/social-cards/images/4241_2493-SERG_5748.jpeg,DOWNLOADED,105420,52bfdba30b8f2fdf3ef48fd4c6e2dcd53ccf60152fce18a77a5392a62bc8043e,
4240,2492-ETLR,You Or Someone Like You Etat Libre d'Orange,Etat Libre d Orange,You Or Someone Like You,CONFIRMED,FOUND,43531,https://www.fragrantica.com/perfume/Etat-Libre-d-Orange/You-Or-Someone-Like-You-43531.html,https://fimgs.net/mdimg/perfume-social-cards/en-p_c_43531.jpeg,fragrantica-scraper-archive/social-cards/images/4240_2492-ETLR_43531.jpeg,DOWNLOADED,118175,236821399317fbc33e71180d91b9f8794f52c15bde0f7443e922ba4aabe98fcc,
4239,2490-MARG,On A Date,Maison Martin Margiela,On A Date,CONFIRMED,FOUND,78292,https://www.fragrantica.com/perfume/Maison-Martin-Margiela/On-A-Date-78292.html,https://fimgs.net/mdimg/perfume-social-cards/en-p_c_78292.jpeg,fragrantica-scraper-archive/social-cards/images/4239_2490-MARG_78292.jpeg,DOWNLOADED,112341,65e11ea58613df915c6d1d14900f83112f2bb5ac37a181ed7c11ecca340a138b,
4238,2489-KKWI,Red Lips KKW,KKW Fragrance,Red Lips,CONFIRMED,FOUND,56352,https://www.fragrantica.com/p/56352,https://fimgs.net/mdimg/perfume-social-cards/en-p_c_56352.jpeg,fragrantica-scraper-archive/social-cards/images/4238_2489-KKWI_56352.jpeg,DOWNLOADED,92845,122f8dfa0fdaf45707aef6858a60cce71593b22f18b22775febf5451d4cb1da8,
4237,2488-ANN,Fantasia Mermaid Anna Sui,Anna Sui,Fantasia Mermaid,CONFIRMED,FOUND,54060,https://www.fragrantica.com/perfume/Anna-Sui/Fantasia-Mermaid-54060.html,https://fimgs.net/mdimg/perfume-social-cards/en-p_c_54060.jpeg,fragrantica-scraper-archive/social-cards/images/4237_2488-ANN_54060.jpeg,DOWNLOADED,114611,2d0757213143a66cd9fa1eb741e43f72158246e2b168f16a85b11494fb76d807,
4236,2486-MA,Velvet Teddy MAC,MAC,Velvet Teddy,CONFIRMED,FOUND,42254,https://www.fragrantica.com/p/42254,https://fimgs.net/mdimg/perfume-social-cards/en-p_c_42254.jpeg,fragrantica-scraper-archive/social-cards/images/4236_2486-MA_42254.jpeg,DOWNLOADED,93595,97001423f3cee73e78a06555e2d5337fe4096da4abc8e71a648cba743f387d8d,
4235,2483-CLEA,Clean Skin Clean,Clean,Clean Skin,CONFIRMED,FOUND,16603,https://www.fragrantica.com/perfume/Clean/Clean-Skin-16603.html,https://fimgs.net/mdimg/perfume-social-cards/en-p_c_16603.jpeg,fragrantica-scraper-archive/social-cards/images/4235_2483-CLEA_16603.jpeg,DOWNLOADED,92274,acb925cf5f08f8c32fa452ac3483e54856f0234a6b69c95a2a498f0611e8b1bc,
4234,2482-CLEA,Cool Cotton Clean,Clean,Cool Cotton,CONFIRMED,FOUND,23032,https://www.fragrantica.com/perfume/Clean/Cool-Cotton-23032.html,https://fimgs.net/mdimg/perfume-social-cards/en-p_c_23032.jpeg,fragrantica-scraper-archive/social-cards/images/4234_2482-CLEA_23032.jpeg,DOWNLOADED,96356,28d38a7ec7bb08862184e4d1cb32e18d305d5a0dfaa60b95c56a574e1204b734,
4233,2480-JUL,Anyway Juliette Has A Gun,Juliette Has A Gun,Anyway,CONFIRMED,FOUND,19894,https://www.fragrantica.com/perfume/Juliette-Has-A-Gun/Anyway-19894.html,https://fimgs.net/mdimg/perfume-social-cards/en-p_c_19894.jpeg,fragrantica-scraper-archive/social-cards/images/4233_2480-JUL_19894.jpeg,DOWNLOADED,97525,a1e0235547dd91988048e53993fc2c313111941136f83375f56f097ab7b4ff36,
4232,2479-PHL,Father Figure Phlur,Phlur,Father Figure,CONFIRMED,FOUND,83775,https://www.fragrantica.com/perfume/Phlur/Father-Figure-83775.html,https://fimgs.net/mdimg/perfume-social-cards/en-p_c_83775.jpeg,fragrantica-scraper-archive/social-cards/images/4232_2479-PHL_83775.jpeg,EXISTS,100505,1282168bd49dc8707c3d4c83e8339091b08bc6def131492d27bebcd216b905ad,
4231,2503-JUL,Mad Madame Juliette Has A Gun,Juliette Has A Gun,Mad Madame,CONFIRMED,FOUND,15563,https://www.fragrantica.com/perfume/Juliette-Has-A-Gun/Mad-Madame-15563.html,https://fimgs.net/mdimg/perfume-social-cards/en-p_c_15563.jpeg,fragrantica-scraper-archive/social-cards/images/4231_2503-JUL_15563.jpeg,DOWNLOADED,106571,3a329b12e432f4b31cca49e1676b64aaa0e01ad3477514c9cc865b2b0ce2d011,
4230,2504-JUL,Moscow Mule Juliette Has A Gun,Juliette Has A Gun,Moscow Mule,CONFIRMED,FOUND,47872,https://www.fragrantica.com/perfume/Juliette-Has-A-Gun/Moscow-Mule-47872.html,https://fimgs.net/mdimg/perfume-social-cards/en-p_c_47872.jpeg,fragrantica-scraper-archive/social-cards/images/4230_2504-JUL_47872.jpeg,DOWNLOADED,96759,0fd662b8ae1747a4d1d3a77d9c38f0c17e20459b5c2978922b04d608069252d6,
4229,2505-JACFAT,Curacao Bay Jacques Fath,Jacques Fath,Curacao Bay,CONFIRMED,FOUND,32571,https://www.fragrantica.com/p/32571,https://fimgs.net/mdimg/perfume-social-cards/en-p_c_32571.jpeg,fragrantica-scraper-archive/social-cards/images/4229_2505-JACFAT_32571.jpeg,DOWNLOADED,104028,4147db1015ad27ed8be30766e709993f18aa0ed03142ab7af49b48430ee8b339,
4228,2511-CHA,Comete,Chanel,Comete,CONFIRMED,FOUND,90434,https://www.fragrantica.com/perfume/Chanel/Comete-90434.html,https://fimgs.net/mdimg/perfume-social-cards/en-p_c_90434.jpeg,fragrantica-scraper-archive/social-cards/images/4228_2511-CHA_90434.jpeg,DOWNLOADED,90893,353be5955521b78614ad66d6fae874ef43bee227c99aaa9547a7423c51605bca,
4227,2506-XER,MUSE,Xerjoff,Muse,CONFIRMED,FOUND,55161,https://www.fragrantica.com/perfume/Xerjoff/Muse-55161.html,https://fimgs.net/mdimg/perfume-social-cards/en-p_c_55161.jpeg,fragrantica-scraper-archive/social-cards/images/4227_2506-XER_55161.jpeg,DOWNLOADED,97036,20b51a3e9578cdf0ae2c94aaffcdcf8dc9215e65541c949602e737bb18d9a6c5,
4226,2512-BRB,GODDESS INTENSE BURBERRY,Burberry,Goddess Intense,CONFIRMED,FOUND,95883,https://www.fragrantica.com/perfume/Burberry/Goddess-Intense-95883.html,https://fimgs.net/mdimg/perfume-social-cards/en-p_c_95883.jpeg,fragrantica-scraper-archive/social-cards/images/4226_2512-BRB_95883.jpeg,DOWNLOADED,101234,48c1d5aac202c4cb14c6d3c33b4ad4e8368d42b5c1f9ad86ebfe12599f02f830,
4224,2515-LAN,LA VIE EST BELLE L'ELIXIR,Lancome,La Vie est Belle L Elixir,CONFIRMED,FOUND,95856,https://www.fragrantica.com/perfume/Lancome/La-Vie-est-Belle-L-Elixir-95856.html,https://fimgs.net/mdimg/perfume-social-cards/en-p_c_95856.jpeg,fragrantica-scraper-archive/social-cards/images/4224_2515-LAN_95856.jpeg,DOWNLOADED,107581,129a06f05dbc6b9baa649c0efacf65fa4e864fe0fa618812b1f0b1b4f43f5d09,
4223,2501-LOE,AGUA MIAMI LOEWE,Loewe,Agua Miami,CONFIRMED,FOUND,50228,https://www.fragrantica.com/perfume/Loewe/Agua-Miami-50228.html,https://fimgs.net/mdimg/perfume-social-cards/en-p_c_50228.jpeg,fragrantica-scraper-archive/social-cards/images/4223_2501-LOE_50228.jpeg,DOWNLOADED,92198,c40f3c9180925c44a4bac3f27911d027a36423a144a08c5e02d6c9ee9330a5d4,
4222,2500-BRB,Baby Touch Burberry,Burberry,Baby Touch,CONFIRMED,FOUND,2550,https://www.fragrantica.com/perfume/Burberry/Baby-Touch-2550.html,https://fimgs.net/mdimg/perfume-social-cards/en-p_c_2550.jpeg,fragrantica-scraper-archive/social-cards/images/4222_2500-BRB_2550.jpeg,DOWNLOADED,104199,133e944e41199f9a29fc8a7c85960f8709f8800264d00e67b5cee07a418b1cc6,
4221,2475-DIP,TEMPO DIP,Diptyque,Tempo,CONFIRMED,FOUND,48680,https://www.fragrantica.com/perfume/Diptyque/Tempo-Eau-de-Parfum-48680.html,https://fimgs.net/mdimg/perfume-social-cards/en-p_c_48680.jpeg,fragrantica-scraper-archive/social-cards/images/4221_2475-DIP_48680.jpeg,EXISTS,122800,e94503c0aac347d2398750d5a09c800be76b9fb3557ee8df95d81caf0356c72f,
4220,2484-ETLR,THE AFTERNOON OF A FAUN by ETAT LIBRE D'ORANGE,Etat Libre d Orange,The Afternoon of a Faun,CONFIRMED,FOUND,15948,https://www.fragrantica.com/perfume/Etat-Libre-d-Orange/The-Afternoon-of-a-Faun-15948.html,https://fimgs.net/mdimg/perfume-social-cards/en-p_c_15948.jpeg,fragrantica-scraper-archive/social-cards/images/4220_2484-ETLR_15948.jpeg,DOWNLOADED,118222,f517b8565f060dde1446e31c8db4d322ad3b6ff9ba5fbf9a18824d882a3f9cd5,
4219,2495-ETLR,I AM TRASH - LES FLEURS DU DECHET by ETAT LIBRE D'ORANGE,Etat Libre d Orange,I am Trash Les Fleurs du Dechet,CONFIRMED,FOUND,50009,https://www.fragrantica.com/perfume/Etat-Libre-d-Orange/I-am-Trash-Les-Fleurs-du-Dechet-50009.html,https://fimgs.net/mdimg/perfume-social-cards/en-p_c_50009.jpeg,fragrantica-scraper-archive/social-cards/images/4219_2495-ETLR_50009.jpeg,DOWNLOADED,121024,f896a31634de610a2f63b910a417bd53183fa35e37adf43c34834ea2ec8ea248,
4218,2496-SERG,LA RELIGIEUSE by SERGE LUTENS,Serge Lutens,La Religieuse,CONFIRMED,FOUND,29636,https://www.fragrantica.com/perfume/Serge-Lutens/La-Religieuse-29636.html,https://fimgs.net/mdimg/perfume-social-cards/en-p_c_29636.jpeg,fragrantica-scraper-archive/social-cards/images/4218_2496-SERG_29636.jpeg,DOWNLOADED,91215,aefcaaa85483ff43e9ec64257aefba7e6eaf1dac9b5451a9c8a9a76fb1513e86,
4217,2507-SERG,FIVE O CLOCK AU GINGEMBRE by SERGE LUTENS,Serge Lutens,Five O Clock Au Gingembre,CONFIRMED,FOUND,2764,https://www.fragrantica.com/perfume/Serge-Lutens/Five-O-Clock-Au-Gingembre-2764.html,https://fimgs.net/mdimg/perfume-social-cards/en-p_c_2764.jpeg,fragrantica-scraper-archive/social-cards/images/4217_2507-SERG_2764.jpeg,DOWNLOADED,109869,68fc7399d518b37e3706215f88b55fd93142906be36f05f07317c9f852da0c27,
4216,2518-MATAH,ESCAPADE GOURMANDE MAISON MATAHA,maison-mataha,Escapade-gourmande,CONFIRMED,FOUND,72607,https://www.fragrantica.com/perfume/Maison-Mataha/Escapade-Gourmande-72607.html,https://fimgs.net/mdimg/perfume-social-cards/en-p_c_72607.jpeg,fragrantica-scraper-archive/social-cards/images/4216_2518-MATAH_72607.jpeg,EXISTS,105252,886cfe6e71d9bf051a3f1609888504ac29906b3ed32993d8781c69687f9e2489,
4215,,Sauvage Eau Forte,Dior,Sauvage Eau Forte,CONFIRMED,FOUND,95863,https://www.fragrantica.com/perfume/Dior/Sauvage-Eau-Forte-95863.html,https://fimgs.net/mdimg/perfume-social-cards/en-p_c_95863.jpeg,fragrantica-scraper-archive/social-cards/images/4215_unknown_95863.jpeg,DOWNLOADED,101253,6d68c46e2538798b07062e16891221b756bdb97b5867186227e51571fd21747d,
4214,2513-PAC,MILLION GOLD MAN,Rabanne,Million Gold,CONFIRMED,FOUND,95641,https://www.fragrantica.com/perfume/Rabanne/Million-Gold-95641.html,https://fimgs.net/mdimg/perfume-social-cards/en-p_c_95641.jpeg,fragrantica-scraper-archive/social-cards/images/4214_2513-PAC_95641.jpeg,DOWNLOADED,97684,a1047d0f0ec2be67b5ea884a58e9aaa29ceef6bd4aeb34802d2e4d48c5f8ac6c,
4213,2509-CRIVEL,OUD MARACUJA - CRIVELLI,Maison Crivelli,Oud Maracuja,CONFIRMED,FOUND,83842,https://www.fragrantica.com/perfume/Maison-Crivelli/Oud-Maracuja-83842.html,https://fimgs.net/mdimg/perfume-social-cards/en-p_c_83842.jpeg,fragrantica-scraper-archive/social-cards/images/4213_2509-CRIVEL_83842.jpeg,DOWNLOADED,106174,4002a9e8752e2decdd204d6c24d8fae838a56128769a6c0cfb2fb14047119042,
4212,2491-LEL,BAIE 19 - LE LABO,Le Labo,Baie 19,CONFIRMED,FOUND,57513,https://www.fragrantica.com/perfume/Le-Labo/Baie-19-57513.html,https://fimgs.net/mdimg/perfume-social-cards/en-p_c_57513.jpeg,fragrantica-scraper-archive/social-cards/images/4212_2491-LEL_57513.jpeg,EXISTS,99598,d752250b31229eced02f17f703aac6c72667287c6fff59d4dfcdd97d1dbc3cf6,
4211,2497-XER,Wardasina,Xerjoff,Wardasina,CONFIRMED,FOUND,55163,https://www.fragrantica.com/perfume/Xerjoff/Wardasina-55163.html,https://fimgs.net/mdimg/perfume-social-cards/en-p_c_55163.jpeg,fragrantica-scraper-archive/social-cards/images/4211_2497-XER_55163.jpeg,DOWNLOADED,100931,c4432c2f06c320834f035255020385aec2a097fe3e614a2b29ea24b9d0a76c63,
4210,2474-XER,Dama Bianca,Xerjoff,Dama Bianca,CONFIRMED,FOUND,15555,https://www.fragrantica.com/perfume/Xerjoff/Dama-Bianca-15555.html,https://fimgs.net/mdimg/perfume-social-cards/en-p_c_15555.jpeg,fragrantica-scraper-archive/social-cards/images/4210_2474-XER_15555.jpeg,DOWNLOADED,102079,d4dfe8736d96b835f9ade6760bbb120b26dcdcd293fc578166c23b30456b6ff1,
4209,2499-VICT,FRESH SNOWFALL VICTORIA'S SECRET,Victoria s Secret,Fresh Snowfall,CONFIRMED,FOUND,65021,https://www.fragrantica.com/perfume/Victoria-s-Secret/Fresh-Snowfall-65021.html,https://fimgs.net/mdimg/perfume-social-cards/en-p_c_65021.jpeg,fragrantica-scraper-archive/social-cards/images/4209_2499-VICT_65021.jpeg,DOWNLOADED,94291,a586e16f7665ae8526e00e5ebfb067ad078d7699519ce3154e49e9ea2c16a3c9,
4208,2473-HER,BARENIA - HERMES,Hermes,Barenia,CONFIRMED,FOUND,96428,https://www.fragrantica.com/perfume/Hermes/Barenia-96428.html,https://fimgs.net/mdimg/perfume-social-cards/en-p_c_96428.jpeg,fragrantica-scraper-archive/social-cards/images/4208_2473-HER_96428.jpeg,DOWNLOADED,104250,31da3fc0b363b5aa16322ce00c0c5d55b1d46a66fefbfa71f8670135b57f6a48,
4207,2470-KAY,MAUI IN A BOTTLE SWEET BANANA - KAYALI,Kayali Fragrances,Maui in a Bottle Sweet Banana 37 Eau de Parfum,CONFIRMED,FOUND,94205,https://www.fragrantica.com/perfume/Kayali-Fragrances/Maui-in-a-Bottle-Sweet-Banana-37-Eau-de-Parfum-94205.html,https://fimgs.net/mdimg/perfume-social-cards/en-p_c_94205.jpeg,fragrantica-scraper-archive/social-cards/images/4207_2470-KAY_94205.jpeg,DOWNLOADED,106533,c134b5d10928b87bd11e2d29fa29179be2607091bee94eef161b502861c14405,
4206,2471-SOS,PASTICCIO - SOSPIRO,Sospiro Perfumes,Pasticcio,CONFIRMED,FOUND,75940,https://www.fragrantica.com/perfume/Sospiro-Perfumes/Pasticcio-75940.html,https://fimgs.net/mdimg/perfume-social-cards/en-p_c_75940.jpeg,fragrantica-scraper-archive/social-cards/images/4206_2471-SOS_75940.jpeg,DOWNLOADED,97964,f26558ec1f8ef3d03a8f7d3b2645b94ee451397df2175b04d1ebbd08d777f045,
4205,2472-VIC,GOOD FORTUNE,Viktor Rolf,Good Fortune,CONFIRMED,FOUND,74194,https://www.fragrantica.com/perfume/Viktor-Rolf/Good-Fortune-74194.html,https://fimgs.net/mdimg/perfume-social-cards/en-p_c_74194.jpeg,fragrantica-scraper-archive/social-cards/images/4205_2472-VIC_74194.jpeg,DOWNLOADED,92510,f68ec909b7352e9a9e342148377119971c3d7c5f337cad7149815a484a4cf66f,
4204,2469-ROJ,AMBER AOUD - ROJA DOVE,Roja Dove,Amber Aoud,CONFIRMED,FOUND,17931,https://www.fragrantica.com/perfume/Roja-Dove/Amber-Aoud-17931.html,https://fimgs.net/mdimg/perfume-social-cards/en-p_c_17931.jpeg,fragrantica-scraper-archive/social-cards/images/4204_2469-ROJ_17931.jpeg,DOWNLOADED,115565,2d98e76c39b731a5e42e82b4e6689e482abd0bd3401b3e89932f3e3cce52b22d,
4203,2468-ESPAR,BOIS IMPERIAL - ESSENTIAL PARFUMS,Essential Parfums,Bois Imperial,CONFIRMED,FOUND,64338,https://www.fragrantica.com/perfume/Essential-Parfums/Bois-Imperial-64338.html,https://fimgs.net/mdimg/perfume-social-cards/en-p_c_64338.jpeg,fragrantica-scraper-archive/social-cards/images/4203_2468-ESPAR_64338.jpeg,EXISTS,102276,0c855db17757cc2fd8c89558d69d41bee452d573fcd7ed8610cfa6b13c7331ef,
4202,2467-NISH,EGE / ΑΙΓΑΙΟ - Nishane,Nishane,EGE / ΑΙΓΑΙΟ,CONFIRMED,FOUND,64092,https://www.fragrantica.com/p/64092,https://fimgs.net/mdimg/perfume-social-cards/en-p_c_64092.jpeg,fragrantica-scraper-archive/social-cards/images/4202_2467-NISH_64092.jpeg,DOWNLOADED,101869,7bdbc8363f5fbbcb19838751fa406db4278c4112e86393460f9d76c18d823877,
4201,2462-YZLO,LIBRE FLOWERS & FLAMES,Yves Saint Laurent,Libre Flowers Flames,CONFIRMED,FOUND,95623,https://www.fragrantica.com/perfume/Yves-Saint-Laurent/Libre-Flowers-Flames-95623.html,https://fimgs.net/mdimg/perfume-social-cards/en-p_c_95623.jpeg,fragrantica-scraper-archive/social-cards/images/4201_2462-YZLO_95623.jpeg,DOWNLOADED,99214,088fc9ccec60d7653fc67bfc88e8744c34ddc91006cc9cdb76229b5530033222,
4200,2463-GUC,Flora Gorgeous Orchid,Gucci,Flora Gorgeous Orchid,CONFIRMED,FOUND,94979,https://www.fragrantica.com/perfume/Gucci/Flora-Gorgeous-Orchid-94979.html,https://fimgs.net/mdimg/perfume-social-cards/en-p_c_94979.jpeg,fragrantica-scraper-archive/social-cards/images/4200_2463-GUC_94979.jpeg,DOWNLOADED,99895,0a9df79c0c813751342b2205012725706531e01d672cdaeefd416416924b80d4,
4199,2465-PAC,STRONG ME,Rabanne,Strong Me,CONFIRMED,FOUND,55189,https://www.fragrantica.com/perfume/Rabanne/Strong-Me-55189.html,https://fimgs.net/mdimg/perfume-social-cards/en-p_c_55189.jpeg,fragrantica-scraper-archive/social-cards/images/4199_2465-PAC_55189.jpeg,DOWNLOADED,106366,de97ca111b2e2378455de0f5932bfd8b814f4ba794f25673f63d7e6064c9101d,
4198,2464-ZAD,THIS IS REALLY HIM - ZADIG & VOLTAIRE,Zadig & Voltaire,This Is Really Him!,CONFIRMED,FOUND,89350,https://www.fragrantica.com/p/89350,https://fimgs.net/mdimg/perfume-social-cards/en-p_c_89350.jpeg,fragrantica-scraper-archive/social-cards/images/4198_2464-ZAD_89350.jpeg,DOWNLOADED,113770,7c807c36ff0920d04827eda86273863bd4054bcc14025bc45b5aeb6148a18af2,
4197,374-TMFO,,Tom Ford,Tobacco Vanille,CONFIRMED,FOUND,1825,https://www.fragrantica.com/perfume/Tom-Ford/Tobacco-Vanille-1825.html,https://fimgs.net/mdimg/perfume-social-cards/en-p_c_1825.jpeg,fragrantica-scraper-archive/social-cards/images/4197_374-TMFO_1825.jpeg,DOWNLOADED,111485,6201c0bf714e6ad0842f0684dbf18bbdac67618f1aeaeb8dafac0c1a428c3f18,
4191,2466-ELIZ,,Elizabeth Arden,White Tea Eau de Parfum,CONFIRMED,FOUND,76395,https://www.fragrantica.com/perfume/Elizabeth-Arden/White-Tea-Eau-de-Parfum-76395.html,https://fimgs.net/mdimg/perfume-social-cards/en-p_c_76395.jpeg,fragrantica-scraper-archive/social-cards/images/4191_2466-ELIZ_76395.jpeg,DOWNLOADED,102555,2838e3a1a229ec4690471d644a00bea709ad8c1a4822094a8fa22c7700917afb,
4190,2459-MAN,SAHARIAN WIND - MANCERA,Mancera,Saharian Wind,CONFIRMED,FOUND,61044,https://www.fragrantica.com/perfume/Mancera/Saharian-Wind-61044.html,https://fimgs.net/mdimg/perfume-social-cards/en-p_c_61044.jpeg,fragrantica-scraper-archive/social-cards/images/4190_2459-MAN_61044.jpeg,DOWNLOADED,111296,8497d011a1c13470469a6d135c67c1dc7e514bd9f7f1c02d748f722f6835f1fe,
4189,2460-PAC,OLYMPEA PARFUM,Rabanne,Olympea Parfum,CONFIRMED,FOUND,90432,https://www.fragrantica.com/perfume/Rabanne/Olympea-Parfum-90432.html,https://fimgs.net/mdimg/perfume-social-cards/en-p_c_90432.jpeg,fragrantica-scraper-archive/social-cards/images/4189_2460-PAC_90432.jpeg,DOWNLOADED,104074,0d48240173ac68a0773eda70405a5513629750373b1675b587dee1f6383a6891,
4188,2461-BOD,BLACK MUSK NIGHT BLOOM - BODY SHOP,The Body Shop,Black Musk Night Bloom,CONFIRMED,FOUND,48939,https://www.fragrantica.com/p/48939,https://fimgs.net/mdimg/perfume-social-cards/en-p_c_48939.jpeg,fragrantica-scraper-archive/social-cards/images/4188_2461-BOD_48939.jpeg,DOWNLOADED,107563,39b5977e210e30071d3b0b721020c7943eadff597152bc9f99f8e4b347f2fba3,
4187,2456-PAC,MILLION GOLD,Rabanne,Million Gold,CONFIRMED,FOUND,95641,https://www.fragrantica.com/perfume/Rabanne/Million-Gold-95641.html,https://fimgs.net/mdimg/perfume-social-cards/en-p_c_95641.jpeg,fragrantica-scraper-archive/social-cards/images/4187_2456-PAC_95641.jpeg,DOWNLOADED,97684,a1047d0f0ec2be67b5ea884a58e9aaa29ceef6bd4aeb34802d2e4d48c5f8ac6c,
4186,2455-YZLO,BLACK OPIUM OVER RED,Yves Saint Laurent,Black Opium Over Red,CONFIRMED,FOUND,88707,https://www.fragrantica.com/perfume/Yves-Saint-Laurent/Black-Opium-Over-Red-88707.html,https://fimgs.net/mdimg/perfume-social-cards/en-p_c_88707.jpeg,fragrantica-scraper-archive/social-cards/images/4186_2455-YZLO_88707.jpeg,DOWNLOADED,110885,06bed6906605b54aa3024ab27e4b489ca7adb14c54913dc526a907ba5e80910c,
4185,2454-KIL,CAN'T STOP LOVING YOU - KILIAN,By Kilian,Can t Stop Loving You,CONFIRMED,FOUND,78735,https://www.fragrantica.com/perfume/By-Kilian/Can-t-Stop-Loving-You-78735.html,https://fimgs.net/mdimg/perfume-social-cards/en-p_c_78735.jpeg,fragrantica-scraper-archive/social-cards/images/4185_2454-KIL_78735.jpeg,DOWNLOADED,107721,0f15a55727e477046554ed6ade8dc6441f005d793b3207ce3d87073a5d7112ea,
4184,2453-INI,NARCOTIC DELIGHT - INITIO,Initio Parfums Prives,Narcotic Delight,CONFIRMED,FOUND,89368,https://www.fragrantica.com/perfume/Initio-Parfums-Prives/Narcotic-Delight-89368.html,https://fimgs.net/mdimg/perfume-social-cards/en-p_c_89368.jpeg,fragrantica-scraper-archive/social-cards/images/4184_2453-INI_89368.jpeg,EXISTS,106158,52a60dae4e022165d7db5ccf7e9f82e9d9a5cf24bd7098060fff4517d511e848,
4183,2451-LEL,Cedrat 37 Berlin,Le Labo,Cedrat 37 Berlin,CONFIRMED,FOUND,68788,https://www.fragrantica.com/perfume/Le-Labo/Cedrat-37-Berlin-68788.html,https://fimgs.net/mdimg/perfume-social-cards/en-p_c_68788.jpeg,fragrantica-scraper-archive/social-cards/images/4183_2451-LEL_68788.jpeg,DOWNLOADED,95406,8632800f7c18fb799450065b6b2c95ff24b2dd3c6b8a6f5363fc4c42cd83fefc,
4182,2452-JOM,Cypress & Grapevine Cologne Intense,Jo Malone London,Cypress Grapevine Cologne Intense,CONFIRMED,FOUND,61928,https://www.fragrantica.com/perfume/Jo-Malone-London/Cypress-Grapevine-Cologne-Intense-61928.html,https://fimgs.net/mdimg/perfume-social-cards/en-p_c_61928.jpeg,fragrantica-scraper-archive/social-cards/images/4182_2452-JOM_61928.jpeg,DOWNLOADED,97528,388f1f3a5ec6bad923e7edf04f0afdcd7d3faf35001094cd9137f344022c41bd,
4181,2450-PEN,ALULA,Penhaligon's,AlUla,CONFIRMED,FOUND,90117,https://www.fragrantica.com/p/90117,https://fimgs.net/mdimg/perfume-social-cards/en-p_c_90117.jpeg,fragrantica-scraper-archive/social-cards/images/4181_2450-PEN_90117.jpeg,DOWNLOADED,107669,a03b8bf3ea874e5fbfe609e24b68bc1cdbb52933214623561a784124558ddc6c,
4180,2432-ROJ,DANGER MAN - ROJA DOVE,Roja Parfums,Danger Pour Homme,CONFIRMED,FOUND,17934,https://www.fragrantica.com/p/17934,https://fimgs.net/mdimg/perfume-social-cards/en-p_c_17934.jpeg,fragrantica-scraper-archive/social-cards/images/4180_2432-ROJ_17934.jpeg,DOWNLOADED,114570,b55bd0353e90c9c6a26bfd8708172843f9ee308ea250f72a8cb2ec74c0136f0d,
4179,2413-ARIA,THANK U NEXT - ARIANA GRANDE,Ariana Grande,Thank U Next,CONFIRMED,FOUND,56741,https://www.fragrantica.com/perfume/Ariana-Grande/Thank-U-Next-56741.html,https://fimgs.net/mdimg/perfume-social-cards/en-p_c_56741.jpeg,fragrantica-scraper-archive/social-cards/images/4179_2413-ARIA_56741.jpeg,DOWNLOADED,98067,12a26399156bfaa53d9b2498a7a051a6ff561dd822426cba4a62fc299cd6e690,
4178,2444-ARIA,CLOUD PINK - ARIANA GRANDE,Ariana Grande,Cloud Pink,CONFIRMED,FOUND,83995,https://www.fragrantica.com/perfume/Ariana-Grande/Cloud-Pink-83995.html,https://fimgs.net/mdimg/perfume-social-cards/en-p_c_83995.jpeg,fragrantica-scraper-archive/social-cards/images/4178_2444-ARIA_83995.jpeg,DOWNLOADED,101291,e36acfba4beb449a6da27a02c9e49f29da2080215f1e78f169dbe8d057902256,
4177,2446-XER,Torino 23,Xerjoff,Torino23,CONFIRMED,FOUND,87970,https://www.fragrantica.com/perfume/Xerjoff/Torino23-87970.html,https://fimgs.net/mdimg/perfume-social-cards/en-p_c_87970.jpeg,fragrantica-scraper-archive/social-cards/images/4177_2446-XER_87970.jpeg,DOWNLOADED,99989,ac9d1ff836ae1f0fa4873c23e50391a0b4a041ee8704b71cd7d23cc0f7cfeff2,
4176,2447-MARC,GANYMEDE EXTRAIT - MARC ANTONIE BARROIS,Marc Antoine Barrois,Ganymede Extrait,CONFIRMED,FOUND,79632,https://www.fragrantica.com/perfume/Marc-Antoine-Barrois/Ganymede-Extrait-79632.html,https://fimgs.net/mdimg/perfume-social-cards/en-p_c_79632.jpeg,fragrantica-scraper-archive/social-cards/images/4176_2447-MARC_79632.jpeg,DOWNLOADED,106951,29d0d60e971f31672b07e2314bb6cd38ffc1849484d811e4ca8a4231dd123784,
4175,2445-CAR,GOOD GIRL DAZZLING GARDEN,Carolina Herrera,Good Girl Dazzling Garden,CONFIRMED,FOUND,84049,https://www.fragrantica.com/perfume/Carolina-Herrera/Good-Girl-Dazzling-Garden-84049.html,https://fimgs.net/mdimg/perfume-social-cards/en-p_c_84049.jpeg,fragrantica-scraper-archive/social-cards/images/4175_2445-CAR_84049.jpeg,DOWNLOADED,111659,330b724fce15bc475789a5d25443e2a929c31ec228cafa7b061d298a794ef9d8,
4174,2443-BRB,BURBERRY HER ELIXIR DE PARFUM,Burberry,Burberry Her Elixir de Parfum,CONFIRMED,FOUND,75968,https://www.fragrantica.com/perfume/Burberry/Burberry-Her-Elixir-de-Parfum-75968.html,https://fimgs.net/mdimg/perfume-social-cards/en-p_c_75968.jpeg,fragrantica-scraper-archive/social-cards/images/4174_2443-BRB_75968.jpeg,EXISTS,100792,57ea09c8dfdc7aa84c2876374619b6266c67486aeaa4d42318d4eab407fb43ac,
4172,2441-PANTRO,,Pantheon Roma,Dolce Passione,CONFIRMED,FOUND,37468,https://www.fragrantica.com/p/37468,https://fimgs.net/mdimg/perfume-social-cards/en-p_c_37468.jpeg,fragrantica-scraper-archive/social-cards/images/4172_2441-PANTRO_37468.jpeg,DOWNLOADED,113536,6318014e8b143ef3f607ce65c6c307b1a4a5ac29ca27623a095844c35d4ca6c8,
4171,2440-MARC,ENCELADE - MARC ANTONIE BARROIS,Marc Antoine Barrois,Encelade,CONFIRMED,FOUND,74121,https://www.fragrantica.com/perfume/Marc-Antoine-Barrois/Encelade-74121.html,https://fimgs.net/mdimg/perfume-social-cards/en-p_c_74121.jpeg,fragrantica-scraper-archive/social-cards/images/4171_2440-MARC_74121.jpeg,DOWNLOADED,101613,ee5375da8148ff89c30e27b6e551ee91247f04556393d9d243aa49fc1cd8f5bf,
4170,2431-ROJ,,Roja Parfums,Musk Aoud,CONFIRMED,FOUND,23008,https://www.fragrantica.com/p/23008,https://fimgs.net/mdimg/perfume-social-cards/en-p_c_23008.jpeg,fragrantica-scraper-archive/social-cards/images/4170_2431-ROJ_23008.jpeg,DOWNLOADED,109423,8afb9b31cc1b133c0ff6a428374e325c8b44da7643dc0acfff4307d84a5d3251,
4169,2439-ZEG,,,,CONFIRMED,FOUND,16188,https://www.fragrantica.com/perfume/Ermenegildo-Zegna/Indonesian-Oud-16188.html,https://fimgs.net/mdimg/perfume-social-cards/en-p_c_16188.jpeg,fragrantica-scraper-archive/social-cards/images/4169_2439-ZEG_16188.jpeg,DOWNLOADED,112298,1aa0c4ded48e2a22df3381b4e4ee1033a3c356c9fdf434093f234f7b769a1f61,
4168,2442-PAC,INVICTUS VICTORY ELIXIR,Rabanne,Invictus Victory Elixir,CONFIRMED,FOUND,78575,https://www.fragrantica.com/perfume/Rabanne/Invictus-Victory-Elixir-78575.html,https://fimgs.net/mdimg/perfume-social-cards/en-p_c_78575.jpeg,fragrantica-scraper-archive/social-cards/images/4168_2442-PAC_78575.jpeg,DOWNLOADED,113917,b2f29edd3fb351d8f0fba9e0763641d44ebef42ffd5c19c9658670ba10fdc110,
4166,2437-MELA,,Melanie Martinez,Cry Baby Perfume Milk,CONFIRMED,FOUND,41799,https://www.fragrantica.com/p/41799,https://fimgs.net/mdimg/perfume-social-cards/en-p_c_41799.jpeg,fragrantica-scraper-archive/social-cards/images/4166_2437-MELA_41799.jpeg,DOWNLOADED,102530,3883bd2cc6350c8fc5936effa1a7ae9b25ea024b0c908f2a489f142550417e7e,
4165,2397-CRD,Queen of Silk,Creed,Queen of Silk,CONFIRMED,FOUND,89643,https://www.fragrantica.com/perfume/Creed/Queen-of-Silk-89643.html,https://fimgs.net/mdimg/perfume-social-cards/en-p_c_89643.jpeg,fragrantica-scraper-archive/social-cards/images/4165_2397-CRD_89643.jpeg,DOWNLOADED,103280,f2181d0077eca93bdba3714510fb6d87112dda0b356aa65661f01ca7dc7bc9a1,
4164,2427-CLEA,,Clean,Clean Warm Cotton,CONFIRMED,FOUND,3024,https://www.fragrantica.com/perfume/Clean/Clean-Warm-Cotton-3024.html,https://fimgs.net/mdimg/perfume-social-cards/en-p_c_3024.jpeg,fragrantica-scraper-archive/social-cards/images/4164_2427-CLEA_3024.jpeg,DOWNLOADED,100625,3244e44c4b9d510eb7c38e429c00c890c8d9d2cc66a73f7141812206d4bd2a77,
4163,2426-MARG,BEACH WALK,Maison Martin Margiela,Beach Walk,CONFIRMED,FOUND,15261,https://www.fragrantica.com/perfume/Maison-Martin-Margiela/Beach-Walk-15261.html,https://fimgs.net/mdimg/perfume-social-cards/en-p_c_15261.jpeg,fragrantica-scraper-archive/social-cards/images/4163_2426-MARG_15261.jpeg,DOWNLOADED,105591,74a6c5b41e9607ef5f3572064c8a3cc1752f6c9572f1f011b4d3b1f81dd7da19,
4162,2425-LEL,GAIAC 10 TOKYO - LE LABO,Le Labo,Gaiac 10 Tokyo,CONFIRMED,FOUND,6335,https://www.fragrantica.com/perfume/Le-Labo/Gaiac-10-Tokyo-6335.html,https://fimgs.net/mdimg/perfume-social-cards/en-p_c_6335.jpeg,fragrantica-scraper-archive/social-cards/images/4162_2425-LEL_6335.jpeg,EXISTS,96015,ac35f75b70c5f1deaf3cdde10b6775299734d57df352cfbf083304833fe7e0ae,
4161,2424-GUR,AQUA ALLEGORIA PERA GRANITA - GUERLAIN,Guerlain,Aqua Allegoria Pera Granita,CONFIRMED,FOUND,35554,https://www.fragrantica.com/perfume/Guerlain/Aqua-Allegoria-Pera-Granita-35554.html,https://fimgs.net/mdimg/perfume-social-cards/en-p_c_35554.jpeg,fragrantica-scraper-archive/social-cards/images/4161_2424-GUR_35554.jpeg,DOWNLOADED,108445,b756e16630613f4f814b3950a73d05df39202204a0862812add5fed0660b1e37,
4160,2419-BAT,PINK COCONUT CALYPSO - BATH BODY WORKS,Bath Body Works,Pink Coconut Calypso,CONFIRMED,FOUND,53363,https://www.fragrantica.com/perfume/Bath-Body-Works/Pink-Coconut-Calypso-53363.html,https://fimgs.net/mdimg/perfume-social-cards/en-p_c_53363.jpeg,fragrantica-scraper-archive/social-cards/images/4160_2419-BAT_53363.jpeg,DOWNLOADED,96927,884ca13e694c8e08555423d9a81fdedc420ee30e35d802da49869ecb6c09bb6b,
4159,2415-ESC,SEXY GRAFFITY - ESCADA,Escada,SEXY GRAFFITY - ESCADA,CONFIRMED,FOUND,1352,https://www.fragrantica.com/perfume/Escada/Sexy-Graffiti-1352.html,https://fimgs.net/mdimg/perfume-social-cards/en-p_c_1352.jpeg,fragrantica-scraper-archive/social-cards/images/4159_2415-ESC_1352.jpeg,DOWNLOADED,119428,4fa9a3b1a873013db08d00b21dc2b177c493c394621bec202af55d4e152330da,
4158,2416-HER,UN JARDIN APRES LA MOUSSON - HERMES,Hermes,Un Jardin Apres la Mousson,CONFIRMED,FOUND,2736,https://www.fragrantica.com/perfume/Hermes/Un-Jardin-Apres-la-Mousson-2736.html,https://fimgs.net/mdimg/perfume-social-cards/en-p_c_2736.jpeg,fragrantica-scraper-archive/social-cards/images/4158_2416-HER_2736.jpeg,DOWNLOADED,107863,5c88786490335f761de58221de9cc6996607c71ea770eb15ce523eaee561db1a,
4157,2429-JUL,,Juliette Has A Gun,Musc Invisible,CONFIRMED,FOUND,62377,https://www.fragrantica.com/perfume/Juliette-Has-A-Gun/Musc-Invisible-62377.html,https://fimgs.net/mdimg/perfume-social-cards/en-p_c_62377.jpeg,fragrantica-scraper-archive/social-cards/images/4157_2429-JUL_62377.jpeg,DOWNLOADED,90555,73ff763b79550c9cdc5db043af680b69601f2192cf33a9c60b830302031ea29a,
4156,2430-CELI,,Celine,Parade,CONFIRMED,FOUND,57918,https://www.fragrantica.com/perfume/Celine/Parade-57918.html,https://fimgs.net/mdimg/perfume-social-cards/en-p_c_57918.jpeg,fragrantica-scraper-archive/social-cards/images/4156_2430-CELI_57918.jpeg,EXISTS,97115,e4f875dfe6ca591230bbaa0a227af2ee5d57ca51cd25db41bc78fa41783399ee,
4155,2414-DIP,Ilio,Diptyque,Ilio,CONFIRMED,FOUND,67808,https://www.fragrantica.com/perfume/Diptyque/Ilio-67808.html,https://fimgs.net/mdimg/perfume-social-cards/en-p_c_67808.jpeg,fragrantica-scraper-archive/social-cards/images/4155_2414-DIP_67808.jpeg,DOWNLOADED,96462,e44c2b239d45b434c4bc70249446339cb446ef8b55ee01ec7c29de17864a6d34,
4154,2417-ACQ,ARANCIA DI CAPRI,Acqua di Parma,Arancia di Capri,CONFIRMED,FOUND,1685,https://www.fragrantica.com/p/1685,https://fimgs.net/mdimg/perfume-social-cards/en-p_c_1685.jpeg,fragrantica-scraper-archive/social-cards/images/4154_2417-ACQ_1685.jpeg,DOWNLOADED,109897,776e3ba0986fefc1c086aa31946560cdbc345850e0068c41db892b2487484cb0,
4153,2423-ACQ,GINEPRO DI SARDEGNA,Acqua di Parma,Acqua di Parma Blu Mediterraneo Ginepro di Sardegna,CONFIRMED,FOUND,23851,https://www.fragrantica.com/perfume/Acqua-di-Parma/Acqua-di-Parma-Blu-Mediterraneo-Ginepro-di-Sardegna-23851.html,https://fimgs.net/mdimg/perfume-social-cards/en-p_c_23851.jpeg,fragrantica-scraper-archive/social-cards/images/4153_2423-ACQ_23851.jpeg,DOWNLOADED,118053,9759912a97f8174efef93d7f58b4c39c4d5cebdccff69a5c5e7687f55aa06e47,
4152,2418-ACQ,VANIGLIA SIGNATURE,Acqua di Parma,VANIGLIA SIGNATURE,CONFIRMED,FOUND,56003,https://www.fragrantica.com/perfume/Acqua-di-Parma/Vaniglia-Eau-de-Parfum-56003.html,https://fimgs.net/mdimg/perfume-social-cards/en-p_c_56003.jpeg,fragrantica-scraper-archive/social-cards/images/4152_2418-ACQ_56003.jpeg,DOWNLOADED,98024,13d1bd308d73f22e21b0aa42fca718d7e12f2e41a8754721bb000d437a92d255,
4151,2428-MARG,COFFEE BREAK,Maison Martin Margiela,Coffee Break,CONFIRMED,FOUND,55926,https://www.fragrantica.com/perfume/Maison-Martin-Margiela/Coffee-Break-55926.html,https://fimgs.net/mdimg/perfume-social-cards/en-p_c_55926.jpeg,fragrantica-scraper-archive/social-cards/images/4151_2428-MARG_55926.jpeg,DOWNLOADED,111214,3ab022fb9d020e11c9442566febfde25ae5136358272d2de8d92d09d79b0e8f5,
4150,2436-PHL,,Phlur,Missing Person,CONFIRMED,FOUND,72665,https://www.fragrantica.com/perfume/Phlur/Missing-Person-72665.html,https://fimgs.net/mdimg/perfume-social-cards/en-p_c_72665.jpeg,fragrantica-scraper-archive/social-cards/images/4150_2436-PHL_72665.jpeg,DOWNLOADED,102137,df4827afc60803b3214dd9ccc8629ae6eba251ea644947682fd29b58bcc4f710,
4149,2412-LAT,YARA - LATTAFA,Lattafa Perfumes,Yara,CONFIRMED,FOUND,76880,https://www.fragrantica.com/perfume/Lattafa-Perfumes/Yara-76880.html,https://fimgs.net/mdimg/perfume-social-cards/en-p_c_76880.jpeg,fragrantica-scraper-archive/social-cards/images/4149_2412-LAT_76880.jpeg,EXISTS,96252,563bac9738a4ac68776e6b6493cfeb36cc92dd8d1d6e202ceb522532639ba86b,
4148,2372-GUR,AQUA ALLEGORIA FLORABLOOM - GUERLAIN,Guerlain,Aqua Allegoria Florabloom,CONFIRMED,FOUND,89854,https://www.fragrantica.com/perfume/Guerlain/Aqua-Allegoria-Florabloom-89854.html,https://fimgs.net/mdimg/perfume-social-cards/en-p_c_89854.jpeg,fragrantica-scraper-archive/social-cards/images/4148_2372-GUR_89854.jpeg,DOWNLOADED,109367,11c8c763b706751ef2af3c7ebe9ce1d7c6f5f19b973224bdce058ea6c8a14945,
4147,2411-JAME,,Heeley,Coccobello,CONFIRMED,FOUND,18470,https://www.fragrantica.com/p/18470,https://fimgs.net/mdimg/perfume-social-cards/en-p_c_18470.jpeg,fragrantica-scraper-archive/social-cards/images/4147_2411-JAME_18470.jpeg,DOWNLOADED,102180,7cfde276358e45efd80bab014fc64069815ebb0fb0a91e6680ed6526f190de6a,
4146,2420-XER,Laylati,Xerjoff,Laylati,CONFIRMED,FOUND,55159,https://www.fragrantica.com/perfume/Xerjoff/Laylati-55159.html,https://fimgs.net/mdimg/perfume-social-cards/en-p_c_55159.jpeg,fragrantica-scraper-archive/social-cards/images/4146_2420-XER_55159.jpeg,DOWNLOADED,94303,64c4358b29c7f1749d5c884a0c71ec4171447cc0251bb1d3330401b9ea996384,
4145,2421-XER,Opera,Xerjoff,Opera,CONFIRMED,FOUND,55162,https://www.fragrantica.com/perfume/Xerjoff/Opera-55162.html,https://fimgs.net/mdimg/perfume-social-cards/en-p_c_55162.jpeg,fragrantica-scraper-archive/social-cards/images/4145_2421-XER_55162.jpeg,DOWNLOADED,99562,a514edb48a9136207eff216fe65d2bb85d77251ae88aa2f4c4e88475da81f2d1,
4144,2422-XER,Soprano,Xerjoff,Soprano,CONFIRMED,FOUND,55160,https://www.fragrantica.com/perfume/Xerjoff/Soprano-55160.html,https://fimgs.net/mdimg/perfume-social-cards/en-p_c_55160.jpeg,fragrantica-scraper-archive/social-cards/images/4144_2422-XER_55160.jpeg,DOWNLOADED,96604,abb56d6786f9a1ebe9d519eef99f254518be10c6a0d9f34c42fe44816906f1ce,
4142,2409-TMU,A*MEN PURE MALT,Mugler,A Men Pure Malt,CONFIRMED,FOUND,6103,https://www.fragrantica.com/perfume/Mugler/A-Men-Pure-Malt-6103.html,https://fimgs.net/mdimg/perfume-social-cards/en-p_c_6103.jpeg,fragrantica-scraper-archive/social-cards/images/4142_2409-TMU_6103.jpeg,DOWNLOADED,106519,f9103b9c4a0ff668095e18a6615b0b0a71ca1944e722d545b80ed53b72cccb4d,
4141,2408-JOM,Ginger Biscuit Jo Malone,Jo Malone London,Ginger Biscuit,CONFIRMED,FOUND,17685,https://www.fragrantica.com/perfume/Jo-Malone-London/Ginger-Biscuit-17685.html,https://fimgs.net/mdimg/perfume-social-cards/en-p_c_17685.jpeg,fragrantica-scraper-archive/social-cards/images/4141_2408-JOM_17685.jpeg,DOWNLOADED,99812,96447a8c7d119bd7aba69f2344c4c4e8bc8293e3eeeacc48aba689bdf234084b,
4140,2410-GUL,LE BEAU PARADISE GARDEN,Jean Paul Gaultier,Le Beau Paradise Garden,CONFIRMED,FOUND,88836,https://www.fragrantica.com/perfume/Jean-Paul-Gaultier/Le-Beau-Paradise-Garden-88836.html,https://fimgs.net/mdimg/perfume-social-cards/en-p_c_88836.jpeg,fragrantica-scraper-archive/social-cards/images/4140_2410-GUL_88836.jpeg,DOWNLOADED,112308,31a0a07d9a04204186ef2feffa24bc0c9f3ae255c6ae713816c2865f057fad3b,
4139,2400-MORH,,Morph,Antigua Bay,CONFIRMED,FOUND,88416,https://www.fragrantica.com/p/88416,https://fimgs.net/mdimg/perfume-social-cards/en-p_c_88416.jpeg,fragrantica-scraper-archive/social-cards/images/4139_2400-MORH_88416.jpeg,DOWNLOADED,105840,a46df9c2299d226042489db4839c323cc636be210cec872613df55d1edec639a,
4138,2399-MORH,,Morph,Tonkatonic,CONFIRMED,FOUND,90868,https://www.fragrantica.com/p/90868,https://fimgs.net/mdimg/perfume-social-cards/en-p_c_90868.jpeg,fragrantica-scraper-archive/social-cards/images/4138_2399-MORH_90868.jpeg,DOWNLOADED,101503,71325a07af2301ba6495378b946204b6a80e6e90bd07fcb1aad781627cc78d67,
4137,2402-AKR,,Akro,Bake,CONFIRMED,FOUND,81614,https://www.fragrantica.com/perfume/Akro/Bake-81614.html,https://fimgs.net/mdimg/perfume-social-cards/en-p_c_81614.jpeg,fragrantica-scraper-archive/social-cards/images/4137_2402-AKR_81614.jpeg,DOWNLOADED,88823,b4e954a83c2b189e2a10eba8e9e292f0ae06ce55bbf9263e81acbf39088f3e34,
4136,2398-FRE,the notes of Acne Studios,Frederic Malle,Acne Studios,CONFIRMED,FOUND,91209,https://www.fragrantica.com/perfume/Frederic-Malle/Acne-Studios-91209.html,https://fimgs.net/mdimg/perfume-social-cards/en-p_c_91209.jpeg,fragrantica-scraper-archive/social-cards/images/4136_2398-FRE_91209.jpeg,DOWNLOADED,99837,6b71afd750f1e30356ce5be4f790ac1668c58bb73d92864bff7ca20a631390ec,
4135,2404-FRANB,ANGEL'S DUST - FRANCESCA BIANCHI,Francesca Bianchi,Angel s Dust,CONFIRMED,FOUND,40882,https://www.fragrantica.com/perfume/Francesca-Bianchi/Angel-s-Dust-40882.html,https://fimgs.net/mdimg/perfume-social-cards/en-p_c_40882.jpeg,fragrantica-scraper-archive/social-cards/images/4135_2404-FRANB_40882.jpeg,DOWNLOADED,106237,2ab76332be398d77cbaba74e7d50d56e09a3fe9a40a1cf783182bc28187d8218,
4134,2395-XER,Erba Gold,Xerjoff,Erba Gold,CONFIRMED,FOUND,76683,https://www.fragrantica.com/perfume/Xerjoff/Erba-Gold-76683.html,https://fimgs.net/mdimg/perfume-social-cards/en-p_c_76683.jpeg,fragrantica-scraper-archive/social-cards/images/4134_2395-XER_76683.jpeg,DOWNLOADED,91812,cf191ded3ffaa694ed4852052ad387a884b0a08e228d9d775236b35a297554b5,
4132,2405-JOM,Yuzu Zest Cologne - Jo Malone,Jo Malone London,Yuzu Zest Cologne,CONFIRMED,FOUND,90019,https://www.fragrantica.com/perfume/Jo-Malone-London/Yuzu-Zest-Cologne-90019.html,https://fimgs.net/mdimg/perfume-social-cards/en-p_c_90019.jpeg,fragrantica-scraper-archive/social-cards/images/4132_2405-JOM_90019.jpeg,DOWNLOADED,97668,be0c6f545ab7c122914f05cf7dd4f57ff041156cb1cb0f93a52a17650eb332ec,
4131,2407-LAN,IDOLE NOW,Lancome,Idole Now,CONFIRMED,FOUND,81792,https://www.fragrantica.com/perfume/Lancome/Idole-Now-81792.html,https://fimgs.net/mdimg/perfume-social-cards/en-p_c_81792.jpeg,fragrantica-scraper-archive/social-cards/images/4131_2407-LAN_81792.jpeg,DOWNLOADED,89116,c37c48285931352ed773c86f1601cb6b62e7e3cff1b68a72a6905565ebe35cdc,
4130,2403-MNT,BUBBLE FOREVER - MONTALE,Montale,Bubble Forever,CONFIRMED,FOUND,90739,https://www.fragrantica.com/perfume/Montale/Bubble-Forever-90739.html,https://fimgs.net/mdimg/perfume-social-cards/en-p_c_90739.jpeg,fragrantica-scraper-archive/social-cards/images/4130_2403-MNT_90739.jpeg,DOWNLOADED,97770,de772fde78264d5ce03e6fc8a765b6392271eb5a5ddaff9f5f3195ff964238af,
4129,2406-KIL,SUNKISSED GODDESS - KILIAN,By Kilian,Sunkissed Goddess,CONFIRMED,FOUND,90336,https://www.fragrantica.com/perfume/By-Kilian/Sunkissed-Goddess-90336.html,https://fimgs.net/mdimg/perfume-social-cards/en-p_c_90336.jpeg,fragrantica-scraper-archive/social-cards/images/4129_2406-KIL_90336.jpeg,DOWNLOADED,105585,18d9a45ff4388aa9c6fc9406ee708220648fecb999faf5c29f89256d85489ca9,
4128,2396-GUL,SCANDAL LE PARFUM,Jean Paul Gaultier,Scandal Le Parfum,CONFIRMED,FOUND,74914,https://www.fragrantica.com/perfume/Jean-Paul-Gaultier/Scandal-Le-Parfum-74914.html,https://fimgs.net/mdimg/perfume-social-cards/en-p_c_74914.jpeg,fragrantica-scraper-archive/social-cards/images/4128_2396-GUL_74914.jpeg,DOWNLOADED,92625,72b7d19c3bf132a5bf155d313ca0aed9f7630a8ff93f8c2050e833e3a8a09e79,
4127,2394-MOS,TOY 2 PEARL - MOSCHINO,Moschino,Toy 2 Pearl,CONFIRMED,FOUND,84718,https://www.fragrantica.com/perfume/Moschino/Toy-2-Pearl-84718.html,https://fimgs.net/mdimg/perfume-social-cards/en-p_c_84718.jpeg,fragrantica-scraper-archive/social-cards/images/4127_2394-MOS_84718.jpeg,DOWNLOADED,113241,1e3a6aed0ae6980c706dbf2d703f97d2110a32bab7495bda36ce3e815dbb8840,
4126,2401-KAY,VANILLA CANDY ROCK SUGAR | 44 - KAYALI,Kayali Fragrances,Vanilla Candy Rock Sugar 42,CONFIRMED,FOUND,92258,https://www.fragrantica.com/perfume/Kayali-Fragrances/Vanilla-Candy-Rock-Sugar-42-92258.html,https://fimgs.net/mdimg/perfume-social-cards/en-p_c_92258.jpeg,fragrantica-scraper-archive/social-cards/images/4126_2401-KAY_92258.jpeg,DOWNLOADED,104850,ff027dd83723c6d6b3e6073eaf654d7ed6028cd226f4bbec14c0c16e36914161,
4125,2393-KAY,EDEN SPARKLING LYCHEE | 39 KAYALI,Kayali Fragrances,Eden Sparkling Lychee 39 Eau de Parfum,CONFIRMED,FOUND,88197,https://www.fragrantica.com/perfume/Kayali-Fragrances/Eden-Sparkling-Lychee-39-Eau-de-Parfum-88197.html,https://fimgs.net/mdimg/perfume-social-cards/en-p_c_88197.jpeg,fragrantica-scraper-archive/social-cards/images/4125_2393-KAY_88197.jpeg,DOWNLOADED,103087,3774c5456af6edf4fd0208d86c2e774be6393218bc167e4a068fc1bf2d3c6410,
4123,2388-PARF,PERSEUS - PARFUMS DE MARLY,Parfums de Marly,Perseus,CONFIRMED,FOUND,90199,https://www.fragrantica.com/perfume/Parfums-de-Marly/Perseus-90199.html,https://fimgs.net/mdimg/perfume-social-cards/en-p_c_90199.jpeg,fragrantica-scraper-archive/social-cards/images/4123_2388-PARF_90199.jpeg,DOWNLOADED,102687,a8392a38a8d60ec2a04519f17c1da5a164f4ba6c48a13114a6c1648731b9e09f,
4122,2391-XER,Torino22,Xerjoff,Torino22,CONFIRMED,FOUND,77059,https://www.fragrantica.com/perfume/Xerjoff/Torino22-77059.html,https://fimgs.net/mdimg/perfume-social-cards/en-p_c_77059.jpeg,fragrantica-scraper-archive/social-cards/images/4122_2391-XER_77059.jpeg,DOWNLOADED,101877,b69f14b2287314dad357be9a22ed0d28a6507a6b4829aa0f38f3e52324440c49,
4121,2387-EXN,Blue Talisman Ex Nihilo,Ex Nihilo,Blue Talisman,CONFIRMED,FOUND,84224,https://www.fragrantica.com/perfume/Ex-Nihilo/Blue-Talisman-84224.html,https://fimgs.net/mdimg/perfume-social-cards/en-p_c_84224.jpeg,fragrantica-scraper-archive/social-cards/images/4121_2387-EXN_84224.jpeg,DOWNLOADED,99824,90c249254ccc14afb6b3b2e99d1866658b15cdd4b0f052d3a5ce571802536faa,
4120,2392-ANFAS,SALAM - ANFAS,Anfas,Salam,CONFIRMED,FOUND,44440,https://www.fragrantica.com/perfume/Anfas/Salam-44440.html,https://fimgs.net/mdimg/perfume-social-cards/en-p_c_44440.jpeg,fragrantica-scraper-archive/social-cards/images/4120_2392-ANFAS_44440.jpeg,DOWNLOADED,105664,55d1658ac3be33a7b468109cdad5ce6b843f78b8009dffbfdbd54dda04a265ff,
4119,2390-ANFAS,ISHQ - ANFAS,Anfas,Ishq,CONFIRMED,FOUND,54903,https://www.fragrantica.com/perfume/Anfas/Ishq-54903.html,https://fimgs.net/mdimg/perfume-social-cards/en-p_c_54903.jpeg,fragrantica-scraper-archive/social-cards/images/4119_2390-ANFAS_54903.jpeg,DOWNLOADED,108350,feb0127f171b76e3ba22ba1ae3088351e34d74f6c9ef8c5293f79fa2e37766c1,
4118,2389-DOL,VELVET ORIENTAL MUSK,Dolce Gabbana,Velvet Oriental Musk,CONFIRMED,FOUND,55167,https://www.fragrantica.com/perfume/Dolce-Gabbana/Velvet-Oriental-Musk-55167.html,https://fimgs.net/mdimg/perfume-social-cards/en-p_c_55167.jpeg,fragrantica-scraper-archive/social-cards/images/4118_2389-DOL_55167.jpeg,DOWNLOADED,104925,2d8e189e749f27d27c60a5707ee85b09f7f54fcdc5ec95808720f3972516ab62,
4117,2288-BAT,BLACK RASBERRY VANILLA - BATH BODY WORKS,Bath Body Works,BLACK RASBERRY VANILLA - BATH BODY WORKS,CONFIRMED,FOUND,3512,https://www.fragrantica.com/perfume/Bath-and-Body-Works/Black-Raspberry-Vanilla-3512.html,https://fimgs.net/mdimg/perfume-social-cards/en-p_c_3512.jpeg,fragrantica-scraper-archive/social-cards/images/4117_2288-BAT_3512.jpeg,DOWNLOADED,105963,9f9e6a39adbaf93dc400635edd150807cb34416f092611267d91c0763a7dfd96,
4116,2385-SOL,CHEIROSA 59 BRAZILIAN CRUSH - SOL DE JANEIRO,Sol de Janeiro,Cheirosa 59,CONFIRMED,FOUND,88722,https://www.fragrantica.com/perfume/Sol-de-Janeiro/Cheirosa-59-88722.html,https://fimgs.net/mdimg/perfume-social-cards/en-p_c_88722.jpeg,fragrantica-scraper-archive/social-cards/images/4116_2385-SOL_88722.jpeg,DOWNLOADED,95077,1725435767dd8f2632bb5083de659af30ae7cbebb44259d7fa2f34a33ce25242,
4115,2386-SOL,CHEIROSA 68 BRAZILIAN CRUSH - SOL DE JANEIRO,Sol de Janeiro,Cheirosa 68,CONFIRMED,FOUND,73990,https://www.fragrantica.com/perfume/Sol-de-Janeiro/Cheirosa-68-73990.html,https://fimgs.net/mdimg/perfume-social-cards/en-p_c_73990.jpeg,fragrantica-scraper-archive/social-cards/images/4115_2386-SOL_73990.jpeg,DOWNLOADED,101238,f07fd85a80f3789a71fc69cadadd9018143d6165c31ec653f09835a158acced8,
4114,2383-ROCCO,ROCCOBAROCCO - ROCCOBAROCCO,Roccobarocco,Roccobarocco,CONFIRMED,FOUND,2882,https://www.fragrantica.com/p/2882,https://fimgs.net/mdimg/perfume-social-cards/en-p_c_2882.jpeg,fragrantica-scraper-archive/social-cards/images/4114_2383-ROCCO_2882.jpeg,DOWNLOADED,127455,531f180455f3a2efee65b635cc403b270a195cffb3b2c13ce3c338286d5320d0,
4113,2384-MAN,FRENCH RIVIERA - MANCERA,Mancera,French Riviera,CONFIRMED,FOUND,74636,https://www.fragrantica.com/perfume/Mancera/French-Riviera-74636.html,https://fimgs.net/mdimg/perfume-social-cards/en-p_c_74636.jpeg,fragrantica-scraper-archive/social-cards/images/4113_2384-MAN_74636.jpeg,DOWNLOADED,104272,845c51f0d6d276c9b437fda0422a641841a74faf88f232f201e34a29c728442c,
4112,2379-CAR,GOOD GIRL BLUSH ELIXIR,Carolina Herrera,Good Girl Blush Elixir Eau de Parfum,CONFIRMED,FOUND,88937,https://www.fragrantica.com/perfume/Carolina-Herrera/Good-Girl-Blush-Elixir-Eau-de-Parfum-88937.html,https://fimgs.net/mdimg/perfume-social-cards/en-p_c_88937.jpeg,fragrantica-scraper-archive/social-cards/images/4112_2379-CAR_88937.jpeg,DOWNLOADED,104970,af38523d022e0586fa09940542d5e234e8153d6319ed8fe975251a7edf13f961,
4111,2377-VICT,VANILLA LACE - VICTORIA'S SECRET,Victoria s Secret,Vanilla Lace,CONFIRMED,FOUND,13033,https://www.fragrantica.com/perfume/Victoria-s-Secret/Vanilla-Lace-13033.html,https://fimgs.net/mdimg/perfume-social-cards/en-p_c_13033.jpeg,fragrantica-scraper-archive/social-cards/images/4111_2377-VICT_13033.jpeg,DOWNLOADED,90536,c01820b5f3574765784983372fc83ac749d7d333398464019535c7c94fce99fb,
4110,2376-TMU,A*MEN ULTRA ZEST,Mugler,A Men Ultra Zest,CONFIRMED,FOUND,29589,https://www.fragrantica.com/perfume/Mugler/A-Men-Ultra-Zest-29589.html,https://fimgs.net/mdimg/perfume-social-cards/en-p_c_29589.jpeg,fragrantica-scraper-archive/social-cards/images/4110_2376-TMU_29589.jpeg,DOWNLOADED,105402,3a58187376bafa817be8b8cc1e8d0c1772a0176208817b99ccd0e95c525ba9a6,
4109,2378-GOLD,,Goldfield & Banks Australia,Bohemian Lime,CONFIRMED,FOUND,60923,https://www.fragrantica.com/p/60923,https://fimgs.net/mdimg/perfume-social-cards/en-p_c_60923.jpeg,fragrantica-scraper-archive/social-cards/images/4109_2378-GOLD_60923.jpeg,DOWNLOADED,104679,84bb8f5ce7c12cb96a55baf32d7bdff636c90506fc689190e27cf8e3bef7c7d1,
4108,2374-MICA,GN TONIC - MICALLEF,M. Micallef,GNTONIC,CONFIRMED,FOUND,80353,https://www.fragrantica.com/p/80353,https://fimgs.net/mdimg/perfume-social-cards/en-p_c_80353.jpeg,fragrantica-scraper-archive/social-cards/images/4108_2374-MICA_80353.jpeg,DOWNLOADED,105244,be6dc3c07134d5676a9b9aad7f9a7c526d8d7cce265d33bd905490b4300ad5a3,
4107,2340-BON,NEW YORK OUD - BOND,Bond No 9,New York Oud,CONFIRMED,FOUND,11234,https://www.fragrantica.com/perfume/Bond-No-9/New-York-Oud-11234.html,https://fimgs.net/mdimg/perfume-social-cards/en-p_c_11234.jpeg,fragrantica-scraper-archive/social-cards/images/4107_2340-BON_11234.jpeg,DOWNLOADED,115716,2c6a0f65dc0a4e5dfa2e8a6bb4a02b0f220d868da91b6fcf32f3f62a1de7c3f0,
4106,2333-XER,Mefisto,Xerjoff,Mefisto,CONFIRMED,FOUND,6310,https://www.fragrantica.com/perfume/Xerjoff/Mefisto-6310.html,https://fimgs.net/mdimg/perfume-social-cards/en-p_c_6310.jpeg,fragrantica-scraper-archive/social-cards/images/4106_2333-XER_6310.jpeg,DOWNLOADED,104481,25624b70d1a01eab710df5b6284ddd8a640c359a8f621f32414e59edc24bf95e,
4105,2334-ROJ,,Roja Parfums,Manhattan,CONFIRMED,FOUND,69553,https://www.fragrantica.com/p/69553,https://fimgs.net/mdimg/perfume-social-cards/en-p_c_69553.jpeg,fragrantica-scraper-archive/social-cards/images/4105_2334-ROJ_69553.jpeg,DOWNLOADED,110137,7b489733240a83446393775462b78d42bd9aaaada4397fa028450d267295f40f,
4104,2335-BOA,Rose Sapphire,Boadicea the Victorious,Rose Sapphire,CONFIRMED,FOUND,42568,https://www.fragrantica.com/perfume/Boadicea-the-Victorious/Rose-Sapphire-42568.html,https://fimgs.net/mdimg/perfume-social-cards/en-p_c_42568.jpeg,fragrantica-scraper-archive/social-cards/images/4104_2335-BOA_42568.jpeg,DOWNLOADED,114339,eee6dce90bdb7dad81f543a6256cd62e8a1e0a6a0e9631b096f3a560087b5f1a,
4103,2336-THAM,CARVED OUD - THAMEEN,Thameen,Carved Oud,CONFIRMED,FOUND,49688,https://www.fragrantica.com/p/49688,https://fimgs.net/mdimg/perfume-social-cards/en-p_c_49688.jpeg,fragrantica-scraper-archive/social-cards/images/4103_2336-THAM_49688.jpeg,DOWNLOADED,95855,defafbf977a89277533d052ab5283a126d813ac38a33d29d3c27916787ff78a5,
4102,2347-AMG,Portrayal Man,Amouage,Portrayal Man,CONFIRMED,FOUND,54460,https://www.fragrantica.com/perfume/Amouage/Portrayal-Man-54460.html,https://fimgs.net/mdimg/perfume-social-cards/en-p_c_54460.jpeg,fragrantica-scraper-archive/social-cards/images/4102_2347-AMG_54460.jpeg,DOWNLOADED,97595,a6d0a61fc448069499c8d76bdb562babe0c8e697b9e8fb2d11957805fed9b31d,
4101,2367-DIP,OYEDO EDT,Diptyque,Oyedo Eau de Toilette,CONFIRMED,FOUND,3958,https://www.fragrantica.com/perfume/Diptyque/Oyedo-Eau-de-Toilette-3958.html,https://fimgs.net/mdimg/perfume-social-cards/en-p_c_3958.jpeg,fragrantica-scraper-archive/social-cards/images/4101_2367-DIP_3958.jpeg,DOWNLOADED,115236,77a7c0e82c54d04a1ba72b4df5c60b2853807c0236923f890c59160898fec48d,
4100,2370-VIC,FLOWERBOMB TIGER LILY,Viktor Rolf,Flowerbomb Tiger Lily,CONFIRMED,FOUND,88986,https://www.fragrantica.com/perfume/Viktor-Rolf/Flowerbomb-Tiger-Lily-88986.html,https://fimgs.net/mdimg/perfume-social-cards/en-p_c_88986.jpeg,fragrantica-scraper-archive/social-cards/images/4100_2370-VIC_88986.jpeg,DOWNLOADED,109523,efbf766dc5460a89f5182a331975ea087a3807de887d75bd73741e09a045be21,
4099,2363-VER,SANTAL BOISE,Versace,Santal Boise,CONFIRMED,FOUND,57700,https://www.fragrantica.com/perfume/Versace/Santal-Boise-57700.html,https://fimgs.net/mdimg/perfume-social-cards/en-p_c_57700.jpeg,fragrantica-scraper-archive/social-cards/images/4099_2363-VER_57700.jpeg,DOWNLOADED,93602,60351f10b6ea0942bccd8cd7d4c4c0b3f33f797c47a6fe3dee6e8cd3c8bcda94,
4098,2362-VER,IRIS D'ELITE,Versace,Iris d Elite,CONFIRMED,FOUND,70885,https://www.fragrantica.com/perfume/Versace/Iris-d-Elite-70885.html,https://fimgs.net/mdimg/perfume-social-cards/en-p_c_70885.jpeg,fragrantica-scraper-archive/social-cards/images/4098_2362-VER_70885.jpeg,DOWNLOADED,88493,646ffeb00bd0b31045b0e3baca34d2b3a06ab1b55077690f51157cb5968ca8d2,
4097,2371-MATIE,,Matiere Premiere,Vanilla Powder,CONFIRMED,FOUND,84933,https://www.fragrantica.com/p/84933,https://fimgs.net/mdimg/perfume-social-cards/en-p_c_84933.jpeg,fragrantica-scraper-archive/social-cards/images/4097_2371-MATIE_84933.jpeg,DOWNLOADED,96907,fccc9c808f0d87feaaefe8723d32a0179cf5c1929c37715a42e475235f7dd71f,
4096,2366-DIP,TAM DAO EDT,Diptyque,Tam Dao Eau de Toilette,CONFIRMED,FOUND,3956,https://www.fragrantica.com/perfume/Diptyque/Tam-Dao-Eau-de-Toilette-3956.html,https://fimgs.net/mdimg/perfume-social-cards/en-p_c_3956.jpeg,fragrantica-scraper-archive/social-cards/images/4096_2366-DIP_3956.jpeg,DOWNLOADED,118829,6796ee6e50bf81c865c7b798fc9b2541814c7ae460502c92e6c1069b3f057f76,
4095,2365-DIP,L'EAU PAPIER,Diptyque,L'Eau Papier,CONFIRMED,FOUND,78658,https://www.fragrantica.com/p/78658,https://fimgs.net/mdimg/perfume-social-cards/en-p_c_78658.jpeg,fragrantica-scraper-archive/social-cards/images/4095_2365-DIP_78658.jpeg,DOWNLOADED,103616,2507f5a1ebd7f79dc6c70bba440b62ac707885bf7bb3adce3d6f4d2d0a47657b,
4094,2339-KIL,GOOD GIRL GONE BAD EAU FRAICHE - KILIAN,By Kilian,Good Girl Gone Bad Eau Fraiche,CONFIRMED,FOUND,59813,https://www.fragrantica.com/perfume/By-Kilian/Good-Girl-Gone-Bad-Eau-Fraiche-59813.html,https://fimgs.net/mdimg/perfume-social-cards/en-p_c_59813.jpeg,fragrantica-scraper-archive/social-cards/images/4094_2339-KIL_59813.jpeg,DOWNLOADED,95481,68434df809ef30027e3adc72082051d0dbe1ac2467d7ff80cf170ab33e1c7b17,
4093,2368-ESC,NECTAR DE COSTA RICA - ESCADA,Escada,Nectar de Costa Rica,CONFIRMED,FOUND,88837,https://www.fragrantica.com/p/88837,https://fimgs.net/mdimg/perfume-social-cards/en-p_c_88837.jpeg,fragrantica-scraper-archive/social-cards/images/4093_2368-ESC_88837.jpeg,DOWNLOADED,102636,6672a8597830a9da159f371efba6146e9d4393f0d0c77a5174074f812efab1c8,
4092,2364-PEN,VAARA,Penhaligon s,Vaara,CONFIRMED,FOUND,18719,https://www.fragrantica.com/perfume/Penhaligon-s/Vaara-18719.html,https://fimgs.net/mdimg/perfume-social-cards/en-p_c_18719.jpeg,fragrantica-scraper-archive/social-cards/images/4092_2364-PEN_18719.jpeg,DOWNLOADED,101755,2459a45c9e9c79478cd083552616b0695c96ad13d52498619be73468b3efda52,
4091,2369-MAN,AMORE CAFFE - MANCERA,Mancera,Amore Caffe,CONFIRMED,FOUND,87409,https://www.fragrantica.com/perfume/Mancera/Amore-Caffe-87409.html,https://fimgs.net/mdimg/perfume-social-cards/en-p_c_87409.jpeg,fragrantica-scraper-archive/social-cards/images/4091_2369-MAN_87409.jpeg,DOWNLOADED,102461,365a96dc282c6d8b871143a8d5e31048aa31ad9c26fd45c9c26c87cd3beb1502,
4090,1481-EON,,Eon Productions,James Bond 007,CONFIRMED,FOUND,15944,https://www.fragrantica.com/p/15944,https://fimgs.net/mdimg/perfume-social-cards/en-p_c_15944.jpeg,fragrantica-scraper-archive/social-cards/images/4090_1481-EON_15944.jpeg,DOWNLOADED,126589,5ed330ae3334c340343ec40c09d41a86cf54f90f43c683595e89764ff6190025,
4089,2088-YZLO,Y LE PARFUM,Yves Saint Laurent,Y Le Parfum,CONFIRMED,FOUND,64718,https://www.fragrantica.com/perfume/Yves-Saint-Laurent/Y-Le-Parfum-64718.html,https://fimgs.net/mdimg/perfume-social-cards/en-p_c_64718.jpeg,fragrantica-scraper-archive/social-cards/images/4089_2088-YZLO_64718.jpeg,DOWNLOADED,96535,2dc7082109c500d134aef360bf8155282763ac5e4aebd48e0dbada10854b812e,
4088,2062-PAC,ONE MILLION ROYAL,Rabanne,1 Million Royal,CONFIRMED,FOUND,79159,https://www.fragrantica.com/perfume/Rabanne/1-Million-Royal-79159.html,https://fimgs.net/mdimg/perfume-social-cards/en-p_c_79159.jpeg,fragrantica-scraper-archive/social-cards/images/4088_2062-PAC_79159.jpeg,DOWNLOADED,107661,630f85146e8b1d967c29b25ef3dda33b717702e50af442dc1076b3bfe28558bc,
4087,2356-MARG,LAZY SUNDAY MORNING,Maison Martin Margiela,Lazy Sunday Morning,CONFIRMED,FOUND,20542,https://www.fragrantica.com/perfume/Maison-Martin-Margiela/Lazy-Sunday-Morning-20542.html,https://fimgs.net/mdimg/perfume-social-cards/en-p_c_20542.jpeg,fragrantica-scraper-archive/social-cards/images/4087_2356-MARG_20542.jpeg,DOWNLOADED,103379,916df25dfd8a6411a7f6a61696eb23642d9ad76cd58c91553d643d1944abccdd,
4086,2361-ARM,the notes of STRONGER WITH YOU AMBER,Giorgio Armani,Emporio Armani Stronger With You Amber,CONFIRMED,FOUND,79699,https://www.fragrantica.com/perfume/Giorgio-Armani/Emporio-Armani-Stronger-With-You-Amber-79699.html,https://fimgs.net/mdimg/perfume-social-cards/en-p_c_79699.jpeg,fragrantica-scraper-archive/social-cards/images/4086_2361-ARM_79699.jpeg,DOWNLOADED,103089,2c897cd59f20ab97c4ff8393eb858f9e85866fb794b4ffbe08dafec34a5b7c66,
4085,2359-XER,Accento,Xerjoff,Accento,CONFIRMED,FOUND,55156,https://www.fragrantica.com/perfume/Xerjoff/Accento-55156.html,https://fimgs.net/mdimg/perfume-social-cards/en-p_c_55156.jpeg,fragrantica-scraper-archive/social-cards/images/4085_2359-XER_55156.jpeg,DOWNLOADED,97304,da0b39c12bf9897dfcb3c6cfacd08ed2da5d257f53e24e5afda1bddd4ed07ca7,
4084,2354-CRD,White Amber,Creed,White Amber,CONFIRMED,FOUND,45599,https://www.fragrantica.com/perfume/Creed/White-Amber-45599.html,https://fimgs.net/mdimg/perfume-social-cards/en-p_c_45599.jpeg,fragrantica-scraper-archive/social-cards/images/4084_2354-CRD_45599.jpeg,DOWNLOADED,111282,286ebd2a773f2c0e01aeea53a59694b7062054d5b1edc581634769a1ce4b72fe,
4083,2355-LEL,PATCHOULI 24 - LE LABO,Le Labo,Patchouli 24,CONFIRMED,FOUND,6332,https://www.fragrantica.com/perfume/Le-Labo/Patchouli-24-6332.html,https://fimgs.net/mdimg/perfume-social-cards/en-p_c_6332.jpeg,fragrantica-scraper-archive/social-cards/images/4083_2355-LEL_6332.jpeg,DOWNLOADED,92623,5960f7ab86dc48863998a6a59f29db1e22aa55259b66ba7d5d46dcc3371e9ddc,
4082,2326-TMFO,AMBER ABSOLUTE,Tom Ford,Amber Absolute,CONFIRMED,FOUND,1821,https://www.fragrantica.com/perfume/Tom-Ford/Amber-Absolute-1821.html,https://fimgs.net/mdimg/perfume-social-cards/en-p_c_1821.jpeg,fragrantica-scraper-archive/social-cards/images/4082_2326-TMFO_1821.jpeg,DOWNLOADED,101931,2ce230bf0eab6509d0fc4f450a5d2303665ce6d3543fb185ead8fbeb68796daf,
4081,2360-ARM,CODE ABSOLU FEMME,Giorgio Armani,Armani Code Absolu Femme,CONFIRMED,FOUND,54302,https://www.fragrantica.com/perfume/Giorgio-Armani/Armani-Code-Absolu-Femme-54302.html,https://fimgs.net/mdimg/perfume-social-cards/en-p_c_54302.jpeg,fragrantica-scraper-archive/social-cards/images/4081_2360-ARM_54302.jpeg,DOWNLOADED,96495,1995ac8647c4fa6089cc5c3cfd1f8161fa304dbd796a8d700d9b0b5105ba59cd,
4080,2324-KIL,MUSK OUD - KILIAN,By Kilian,Musk Oud,CONFIRMED,FOUND,18904,https://www.fragrantica.com/perfume/By-Kilian/Musk-Oud-18904.html,https://fimgs.net/mdimg/perfume-social-cards/en-p_c_18904.jpeg,fragrantica-scraper-archive/social-cards/images/4080_2324-KIL_18904.jpeg,DOWNLOADED,102238,1dcd0991383db90bf612b2ae11267671c54703cd854cd702d8977e9e1494370d,
4038,2357-CRD,Absolu Aven,Creed,Absolu Aventus,CONFIRMED,FOUND,106624,https://www.fragrantica.com/perfume/Creed/Absolu-Aventus-106624.html,https://fimgs.net/mdimg/perfume-social-cards/en-p_c_106624.jpeg,fragrantica-scraper-archive/social-cards/images/4038_2357-CRD_106624.jpeg,DOWNLOADED,106944,960417302c87c41fd12bc87289f22deb078eb7d16f71b597108118d1c20c5a25,
4037,2358-KAY,THE WEDDING VELVET SANTAL 35 - KAYALI,Kayali Fragrances,The Wedding Velvet Santal 35,CONFIRMED,FOUND,83207,https://www.fragrantica.com/perfume/Kayali-Fragrances/The-Wedding-Velvet-Santal-35-83207.html,https://fimgs.net/mdimg/perfume-social-cards/en-p_c_83207.jpeg,fragrantica-scraper-archive/social-cards/images/4037_2358-KAY_83207.jpeg,DOWNLOADED,109090,24f5f2980bd1e4ca94c9c337b75c019f30fb1c89d83177bcba2dd5e6161d1a20,
4036,2344-LEL,MOUSSE DE CHENE 30 - LE LABO,Le Labo,Mousse de Chene 30 Amsterdam,CONFIRMED,FOUND,46295,https://www.fragrantica.com/perfume/Le-Labo/Mousse-de-Chene-30-Amsterdam-46295.html,https://fimgs.net/mdimg/perfume-social-cards/en-p_c_46295.jpeg,fragrantica-scraper-archive/social-cards/images/4036_2344-LEL_46295.jpeg,DOWNLOADED,111986,5fdfc67d70a950bcee1996f34eced13e76c9008e4fd74acd63b6a76469c77fba,
4024,2315-RAM,,Ramon Monegal,Flamenco,CONFIRMED,FOUND,44233,https://www.fragrantica.com/p/44233,https://fimgs.net/mdimg/perfume-social-cards/en-p_c_44233.jpeg,fragrantica-scraper-archive/social-cards/images/4024_2315-RAM_44233.jpeg,DOWNLOADED,108717,70ed28b91f0f34e371f4f18cdd55ad354e71091bfdae20ed7c1c7da0d36dc810,
4023,2316-ATKI,HER MAJESTY THE OUD - ATKINSONS,Atkinsons,Atkinsons Her Majesty The Oud,CONFIRMED,FOUND,38960,https://www.fragrantica.com/perfume/Atkinsons/Atkinsons-Her-Majesty-The-Oud-38960.html,https://fimgs.net/mdimg/perfume-social-cards/en-p_c_38960.jpeg,fragrantica-scraper-archive/social-cards/images/4023_2316-ATKI_38960.jpeg,DOWNLOADED,113490,41658b68933abbcfd6448220d7acb429a63c3d575678d13cf373b13a4c372039,
4022,2317-TER,ORION - TIZIANA TERENZI,Tiziana Terenzi,Orion,CONFIRMED,FOUND,32170,https://www.fragrantica.com/perfume/Tiziana-Terenzi/Orion-32170.html,https://fimgs.net/mdimg/perfume-social-cards/en-p_c_32170.jpeg,fragrantica-scraper-archive/social-cards/images/4022_2317-TER_32170.jpeg,DOWNLOADED,99755,071c503deaa2e078156882bae3065524b81988dc8a672d3d4f1cdbdb97b314bb,
4021,2318-NAS,,Nasomatto,Nudiflorum,CONFIRMED,FOUND,49223,https://www.fragrantica.com/perfume/Nasomatto/Nudiflorum-49223.html,https://fimgs.net/mdimg/perfume-social-cards/en-p_c_49223.jpeg,fragrantica-scraper-archive/social-cards/images/4021_2318-NAS_49223.jpeg,DOWNLOADED,104836,f6028c2b141305e3aeedd84240760b7f678817495ca83931f0d82b7cc9762609,
4016,2352-MOS,TOY BOY - MOSCHINO,Moschino,Toy Boy,CONFIRMED,FOUND,55858,https://www.fragrantica.com/perfume/Moschino/Toy-Boy-55858.html,https://fimgs.net/mdimg/perfume-social-cards/en-p_c_55858.jpeg,fragrantica-scraper-archive/social-cards/images/4016_2352-MOS_55858.jpeg,DOWNLOADED,106588,0a200a4349cd9eb35a5b13e5ad96eb9a38376c6068156a4df025c17632807d22,
4015,2319-LTN,the fragrance notes,Louis Vuitton,Orage,CONFIRMED,FOUND,49752,https://www.fragrantica.com/perfume/Louis-Vuitton/Orage-49752.html,https://fimgs.net/mdimg/perfume-social-cards/en-p_c_49752.jpeg,fragrantica-scraper-archive/social-cards/images/4015_2319-LTN_49752.jpeg,DOWNLOADED,97129,53ec2b696c624ba9ad1869cac0b8b125db6e96d23d9d3a0f5d45f8716505e3cf,
4014,2332-LTN,the fragrance notes,Louis Vuitton,City Of Stars,CONFIRMED,FOUND,73344,https://www.fragrantica.com/perfume/Louis-Vuitton/City-Of-Stars-73344.html,https://fimgs.net/mdimg/perfume-social-cards/en-p_c_73344.jpeg,fragrantica-scraper-archive/social-cards/images/4014_2332-LTN_73344.jpeg,DOWNLOADED,97533,d8b4ddac0e2c38e4da7f67d18aac378c7ea005f2f21292704271cd7c493a5f58,
4013,2320-LTN,the fragrance notes,Louis Vuitton,Imagination,CONFIRMED,FOUND,67370,https://www.fragrantica.com/perfume/Louis-Vuitton/Imagination-67370.html,https://fimgs.net/mdimg/perfume-social-cards/en-p_c_67370.jpeg,fragrantica-scraper-archive/social-cards/images/4013_2320-LTN_67370.jpeg,DOWNLOADED,99020,aad193f080c0c1e7a5cd6e7b127e9cf4198d6ed471ff3b0ecdcc5f26972b41fb,
4012,2321-PARF,NISEAN - PARFUMS DE MARLY,Parfums de Marly,Nisean,CONFIRMED,FOUND,36540,https://www.fragrantica.com/perfume/Parfums-de-Marly/Nisean-36540.html,https://fimgs.net/mdimg/perfume-social-cards/en-p_c_36540.jpeg,fragrantica-scraper-archive/social-cards/images/4012_2321-PARF_36540.jpeg,DOWNLOADED,103314,02f4d793184947bca7f172c3a9d4f8be42ec8ced6bae005c8b3de324ec0e749f,
4011,2322-MNT,GOLDEN SAND - MONTALE,Montale,Golden Sand,CONFIRMED,FOUND,31770,https://www.fragrantica.com/perfume/Montale/Golden-Sand-31770.html,https://fimgs.net/mdimg/perfume-social-cards/en-p_c_31770.jpeg,fragrantica-scraper-archive/social-cards/images/4011_2322-MNT_31770.jpeg,DOWNLOADED,106612,f1118515be6815f4b34addd049df7528f7bd221f18a2bc2446fcfbcd60539ac4,
4010,2323-MICA,VANILLE FLEUR - MICALLEF,M. Micallef,Vanille Fleur,CONFIRMED,FOUND,14896,https://www.fragrantica.com/p/14896,https://fimgs.net/mdimg/perfume-social-cards/en-p_c_14896.jpeg,fragrantica-scraper-archive/social-cards/images/4010_2323-MICA_14896.jpeg,DOWNLOADED,129320,90fff3193df2f9d312cb3eb02b890922602486920cc06e8d077afae7ce719ffd,
4009,2348-AMG,Guidance,Amouage,Guidance,CONFIRMED,FOUND,78656,https://www.fragrantica.com/perfume/Amouage/Guidance-78656.html,https://fimgs.net/mdimg/perfume-social-cards/en-p_c_78656.jpeg,fragrantica-scraper-archive/social-cards/images/4009_2348-AMG_78656.jpeg,DOWNLOADED,103450,44d18c3a0233386df0d0bb8856526220b18dc0a197e82a7fd2f5ed38600475a5,
3989,2351-LOU,BIKINI QUESTA SERA,Christian Louboutin,Bikini Questa Sera,CONFIRMED,FOUND,40982,https://www.fragrantica.com/perfume/Christian-Louboutin/Bikini-Questa-Sera-40982.html,https://fimgs.net/mdimg/perfume-social-cards/en-p_c_40982.jpeg,fragrantica-scraper-archive/social-cards/images/3989_2351-LOU_40982.jpeg,DOWNLOADED,109155,468674570a7c1e3a4896b6e34d6b568e18c85d882907d029552de5f83466707a,
3988,2350-LOU,Loubiraj is a Leather fragrance for women,Christian Louboutin,Loubiraj,CONFIRMED,FOUND,63440,https://www.fragrantica.com/p/63440,https://fimgs.net/mdimg/perfume-social-cards/en-p_c_63440.jpeg,fragrantica-scraper-archive/social-cards/images/3988_2350-LOU_63440.jpeg,DOWNLOADED,95335,7153c02c5b3ed908d45e81840c331909594b028cfb2a7d92543cd8861ac9582c,
3987,2349-LOU,LOUBIROUGE,Christian Louboutin,Loubirouge,CONFIRMED,FOUND,63439,https://www.fragrantica.com/perfume/Christian-Louboutin/Loubirouge-63439.html,https://fimgs.net/mdimg/perfume-social-cards/en-p_c_63439.jpeg,fragrantica-scraper-archive/social-cards/images/3987_2349-LOU_63439.jpeg,DOWNLOADED,91047,53ed3c6084b2f5c8369cd3299a0179a8aa8a204f4aa56eeed9c9196f106fcdf2,
3985,2272-TAU,Au Coeur du Desert Tauer Perfumes,Tauer Perfumes,Au Coeur du Désert,CONFIRMED,FOUND,41053,https://www.fragrantica.com/p/41053,https://fimgs.net/mdimg/perfume-social-cards/en-p_c_41053.jpeg,fragrantica-scraper-archive/social-cards/images/3985_2272-TAU_41053.jpeg,DOWNLOADED,112114,8927627f2e713c4f1e287fe3cae5d756b5dd171e4111816df1bb2480be104782,
3969,2337-LEL,TABAC 28 MIAMI- LE LABO,Le Labo,Tabac 28 Miami,CONFIRMED,FOUND,54784,https://www.fragrantica.com/perfume/Le-Labo/Tabac-28-Miami-54784.html,https://fimgs.net/mdimg/perfume-social-cards/en-p_c_54784.jpeg,fragrantica-scraper-archive/social-cards/images/3969_2337-LEL_54784.jpeg,DOWNLOADED,105840,727bc1ed24801f50f38ba514dab766395a469fb4df37b757a5000eb5d2b1e1a4,
3967,2330-JUL,LADY VENGEANCE - JULIETTE HAS A GUN,Juliette Has A Gun,Lady Vengeance,CONFIRMED,FOUND,1715,https://www.fragrantica.com/perfume/Juliette-Has-A-Gun/Lady-Vengeance-1715.html,https://fimgs.net/mdimg/perfume-social-cards/en-p_c_1715.jpeg,fragrantica-scraper-archive/social-cards/images/3967_2330-JUL_1715.jpeg,DOWNLOADED,102974,9b5791c7f2d70d776e111342d855c9753c0f89a997889b8768f8cd5a27cf97bf,
3966,2346-TMFO,VANILLA SEX,Tom Ford,Vanilla Sex,CONFIRMED,FOUND,88588,https://www.fragrantica.com/p/88588,https://fimgs.net/mdimg/perfume-social-cards/en-p_c_88588.jpeg,fragrantica-scraper-archive/social-cards/images/3966_2346-TMFO_88588.jpeg,DOWNLOADED,96957,f35518385a89262ef77dafcea350060b203aaad21cd6adb33b9e496062f98c1d,
3965,2327-SWISA,,Swiss Arabian,Noora,CONFIRMED,FOUND,19470,https://www.fragrantica.com/perfume/Swiss-Arabian/Noora-19470.html,https://fimgs.net/mdimg/perfume-social-cards/en-p_c_19470.jpeg,fragrantica-scraper-archive/social-cards/images/3965_2327-SWISA_19470.jpeg,DOWNLOADED,100528,726006dcb7ee6adb6eb3e38009f5dcb3219a70e11da2f795f01556d52274bc0d,
3964,2325-CRD,Carmina,Creed,Carmina,CONFIRMED,FOUND,84206,https://www.fragrantica.com/perfume/Creed/Carmina-84206.html,https://fimgs.net/mdimg/perfume-social-cards/en-p_c_84206.jpeg,fragrantica-scraper-archive/social-cards/images/3964_2325-CRD_84206.jpeg,DOWNLOADED,98019,292ab50893abe10b46fb00e7af7746bcf770a43c2981c07d6acae8b73ee50a2f,
3963,2312-YZLO,VINYLE,Yves Saint Laurent,Vinyle,CONFIRMED,FOUND,40933,https://www.fragrantica.com/perfume/Yves-Saint-Laurent/Vinyle-40933.html,https://fimgs.net/mdimg/perfume-social-cards/en-p_c_40933.jpeg,fragrantica-scraper-archive/social-cards/images/3963_2312-YZLO_40933.jpeg,DOWNLOADED,99974,9ef8f10f875c579edcee7a252378f44204663c7ae94f171e075951ada3a3d7c1,
3962,2311-YVRO,PLAIN SOLEIL - YVES ROCHER,Yves Rocher,Plein Soleil,CONFIRMED,FOUND,56457,https://www.fragrantica.com/p/56457,https://fimgs.net/mdimg/perfume-social-cards/en-p_c_56457.jpeg,fragrantica-scraper-archive/social-cards/images/3962_2311-YVRO_56457.jpeg,DOWNLOADED,96706,ebcaaffaf9249a83b23c3953c911efb4c84d4058a97e662d6e38e2f48bc9417e,
3961,2345-DIP,Eau Rihla EDP,Diptyque,Eau Rihla Eau de Parfum,CONFIRMED,FOUND,66765,https://www.fragrantica.com/perfume/Diptyque/Eau-Rihla-Eau-de-Parfum-66765.html,https://fimgs.net/mdimg/perfume-social-cards/en-p_c_66765.jpeg,fragrantica-scraper-archive/social-cards/images/3961_2345-DIP_66765.jpeg,DOWNLOADED,116733,29f5a7fad462975861ce41d3e75ae95871647db5b0270192586e6a2180bd3733,
3960,2303-EXN,FRENCH AFFAIR - EX NIHILO,Ex Nihilo,French Affair,CONFIRMED,FOUND,47569,https://www.fragrantica.com/perfume/Ex-Nihilo/French-Affair-47569.html,https://fimgs.net/mdimg/perfume-social-cards/en-p_c_47569.jpeg,fragrantica-scraper-archive/social-cards/images/3960_2303-EXN_47569.jpeg,DOWNLOADED,105222,6fb607d59312b278c700fd0a9ed3d80ebf10f3b355dc42779056809a395e8ad1,
3958,,Sauvage Parfum,Dior,Sauvage Parfum,CONFIRMED,FOUND,56324,https://www.fragrantica.com/perfume/Dior/Sauvage-Parfum-56324.html,https://fimgs.net/mdimg/perfume-social-cards/en-p_c_56324.jpeg,fragrantica-scraper-archive/social-cards/images/3958_unknown_56324.jpeg,DOWNLOADED,107180,a629a54609f6a29d9ed5fbf249cac61ccf914fa9b17035f48370678b440b227b,
3957,2314-CAR,UNDER THE SEA WOMAN,Carolina Herrera,UNDER THE SEA WOMAN,CONFIRMED,FOUND,65696,https://www.fragrantica.com/perfume/Carolina-Herrera/CH-Under-The-Sea-65696.html,https://fimgs.net/mdimg/perfume-social-cards/en-p_c_65696.jpeg,fragrantica-scraper-archive/social-cards/images/3957_2314-CAR_65696.jpeg,DOWNLOADED,116593,9d0c687cf6427044b5a80ae0402becc32ad4917c49cf02b3684ee3e76ee24af4,
3956,2310-CAR,UNDER THE SEA MAN,Carolina Herrera,UNDER THE SEA MAN,CONFIRMED,FOUND,65697,https://www.fragrantica.com/perfume/Carolina-Herrera/CH-Men-Under-The-Sea-65697.html,https://fimgs.net/mdimg/perfume-social-cards/en-p_c_65697.jpeg,fragrantica-scraper-archive/social-cards/images/3956_2310-CAR_65697.jpeg,DOWNLOADED,120264,c533575c9c862af1e89f48b4600f6e5835768138fecd9dd51dd842ed921cc7b8,
3955,2306-MASQ,,Masque Milano,Tango,CONFIRMED,FOUND,20693,https://www.fragrantica.com/p/20693,https://fimgs.net/mdimg/perfume-social-cards/en-p_c_20693.jpeg,fragrantica-scraper-archive/social-cards/images/3955_2306-MASQ_20693.jpeg,DOWNLOADED,104357,d048cf66ebd9f6e72d357bf88d2a807b6300bf4a6aed107b739b52067389987c,
3954,2304-YZLO,6 PLACE SAINT SULPICE,Yves Saint Laurent,6 place Saint Sulpice,CONFIRMED,FOUND,47737,https://www.fragrantica.com/perfume/Yves-Saint-Laurent/6-place-Saint-Sulpice-47737.html,https://fimgs.net/mdimg/perfume-social-cards/en-p_c_47737.jpeg,fragrantica-scraper-archive/social-cards/images/3954_2304-YZLO_47737.jpeg,DOWNLOADED,103046,512a8984a4aad81b8cfc418c68dbba502e6a91d160aadb233c95eabf3f992f0b,
3953,2308-GUL,LE MALE LE PARFUM,Jean Paul Gaultier,Le Male Le Parfum,CONFIRMED,FOUND,61856,https://www.fragrantica.com/perfume/Jean-Paul-Gaultier/Le-Male-Le-Parfum-61856.html,https://fimgs.net/mdimg/perfume-social-cards/en-p_c_61856.jpeg,fragrantica-scraper-archive/social-cards/images/3953_2308-GUL_61856.jpeg,DOWNLOADED,101286,ba4665115df9fe5931fd1f6d3f16e09dedd1a678b2ed9dbbbbba344e94b27867,
3952,2302-CARO,YATAGAN - CARON,Caron,Yatagan,CONFIRMED,FOUND,4024,https://www.fragrantica.com/perfume/Caron/Yatagan-4024.html,https://fimgs.net/mdimg/perfume-social-cards/en-p_c_4024.jpeg,fragrantica-scraper-archive/social-cards/images/3952_2302-CARO_4024.jpeg,DOWNLOADED,106389,7dc721057cc90071aba78db5bdb6a42eb8e9feb3021355c5ef1167f5396125bc,
3951,2305-ATKI,HIS MAJESTY THE OUD - ATKINSONS,Atkinsons,Atkinsons His Majesty The Oud,CONFIRMED,FOUND,38961,https://www.fragrantica.com/perfume/Atkinsons/Atkinsons-His-Majesty-The-Oud-38961.html,https://fimgs.net/mdimg/perfume-social-cards/en-p_c_38961.jpeg,fragrantica-scraper-archive/social-cards/images/3951_2305-ATKI_38961.jpeg,DOWNLOADED,114375,ce3cf70bf02214660a74a5bbee6b93819f1a0429eb1b02733f409bdaf78a977a,
3950,2309-ATKI,OUD SAVE THE QUEEN - ATKINSONS,Atkinsons,Oud Save The Queen,CONFIRMED,FOUND,22057,https://www.fragrantica.com/perfume/Atkinsons/Oud-Save-The-Queen-22057.html,https://fimgs.net/mdimg/perfume-social-cards/en-p_c_22057.jpeg,fragrantica-scraper-archive/social-cards/images/3950_2309-ATKI_22057.jpeg,DOWNLOADED,114007,35874e4182b25e86247c8e46d38babba3e8dbdf698ca62bdb88f7fc42c840461,
3949,2307-AQU,GOLD SUGAR - AQUOLINA,Aquolina,Gold Sugar,CONFIRMED,FOUND,16661,https://www.fragrantica.com/perfume/Aquolina/Gold-Sugar-16661.html,https://fimgs.net/mdimg/perfume-social-cards/en-p_c_16661.jpeg,fragrantica-scraper-archive/social-cards/images/3949_2307-AQU_16661.jpeg,DOWNLOADED,100588,14b9a75cbaf7450f237df93f5875b279c96eeacf3f2a805e309292d20dcb943b,
3943,2301-DIP,FLEUR DE PEAU,Diptyque,Fleur de Peau,CONFIRMED,FOUND,131717,https://www.fragrantica.com/perfume/Diptyque/Fleur-de-Peau-131717.html,https://fimgs.net/mdimg/perfume-social-cards/en-p_c_131717.jpeg,fragrantica-scraper-archive/social-cards/images/3943_2301-DIP_131717.jpeg,DOWNLOADED,116532,4f2e969f504e9eed151786e2dda2eb0e7dc0a77ee74ca2616721a1d78eb7a71e,
3942,2296-KAY,OUDGASM CAFÉ OUD 19 -KAYALI,Kayali Fragrances,Oudgasm Café Oud 19 Eau de Parfum Intense,CONFIRMED,FOUND,85187,https://www.fragrantica.com/p/85187,https://fimgs.net/mdimg/perfume-social-cards/en-p_c_85187.jpeg,fragrantica-scraper-archive/social-cards/images/3942_2296-KAY_85187.jpeg,DOWNLOADED,109492,2e56105999ead539aa2fd1a747fc6edfa3033208f31e517d6eba726f168a3ee0,
3941,2300-MNT,INFINITY - MONTALE,Montale,Infinity,CONFIRMED,FOUND,81773,https://www.fragrantica.com/perfume/Montale/Infinity-81773.html,https://fimgs.net/mdimg/perfume-social-cards/en-p_c_81773.jpeg,fragrantica-scraper-archive/social-cards/images/3941_2300-MNT_81773.jpeg,DOWNLOADED,113104,7231d9075776619362c0e5bd5261998d42cdb43cda029e030f2014767a8473f4,
3940,2299-LEL,VANILLE 44 PARIS - LE LABO,Le Labo,Vanille 44 Paris,CONFIRMED,FOUND,6340,https://www.fragrantica.com/perfume/Le-Labo/Vanille-44-Paris-6340.html,https://fimgs.net/mdimg/perfume-social-cards/en-p_c_6340.jpeg,fragrantica-scraper-archive/social-cards/images/3940_2299-LEL_6340.jpeg,DOWNLOADED,105262,9c29326d31af851a89f34c6a1bef64f86ff332240ae2c4ab8a56477fd7d71d81,
3939,2297-BYR,Animalique,Byredo,Animalique,CONFIRMED,FOUND,85157,https://www.fragrantica.com/perfume/Byredo/Animalique-85157.html,https://fimgs.net/mdimg/perfume-social-cards/en-p_c_85157.jpeg,fragrantica-scraper-archive/social-cards/images/3939_2297-BYR_85157.jpeg,DOWNLOADED,102064,4e2b7a1d9e93b38b6118ff846a034bd6c798ad9548a7e31c1fde3b1b375047d5,
3938,2298-ELEC,,Electimuss,Patchouli of the Underworld,CONFIRMED,FOUND,72806,https://www.fragrantica.com/p/72806,https://fimgs.net/mdimg/perfume-social-cards/en-p_c_72806.jpeg,fragrantica-scraper-archive/social-cards/images/3938_2298-ELEC_72806.jpeg,DOWNLOADED,116137,54aa7618f11896fc6428d69a23f1670d8ffbe8b2eef574c8e8d0a50bdbac7634,
3937,2295-FLOR,ONE UMBRELLA FOR TWO - FLORAIKU,Floraïku,One Umbrella for Two,CONFIRMED,FOUND,46165,https://www.fragrantica.com/p/46165,https://fimgs.net/mdimg/perfume-social-cards/en-p_c_46165.jpeg,fragrantica-scraper-archive/social-cards/images/3937_2295-FLOR_46165.jpeg,DOWNLOADED,107176,e21b813656e8ff004c813f4456e45fc122112e23b548d2a534a1c7c06d5f333b,
3936,2285-BOT,ILLUSIONE FOR HER - BOTTEGA VENETA,Bottega Veneta,Illusione for Her,CONFIRMED,FOUND,55300,https://www.fragrantica.com/perfume/Bottega-Veneta/Illusione-for-Her-55300.html,https://fimgs.net/mdimg/perfume-social-cards/en-p_c_55300.jpeg,fragrantica-scraper-archive/social-cards/images/3936_2285-BOT_55300.jpeg,DOWNLOADED,111285,ee3d9d598ee220ebcdcddcf6c44504915f1599e1747f6580869670c9a9e9973f,
3935,2277-AMG,Fate Man,Amouage,Fate Man,CONFIRMED,FOUND,18543,https://www.fragrantica.com/perfume/Amouage/Fate-Man-18543.html,https://fimgs.net/mdimg/perfume-social-cards/en-p_c_18543.jpeg,fragrantica-scraper-archive/social-cards/images/3935_2277-AMG_18543.jpeg,DOWNLOADED,109923,c7eddf537a915ce6a50d2689799538f7a7833bda8f07b14b66e2323b7b4bde40,
3934,2273-TER,ANDROMEDA - TIZIANA TERENZI,Tiziana Terenzi,Andromeda,CONFIRMED,FOUND,30623,https://www.fragrantica.com/perfume/Tiziana-Terenzi/Andromeda-30623.html,https://fimgs.net/mdimg/perfume-social-cards/en-p_c_30623.jpeg,fragrantica-scraper-archive/social-cards/images/3934_2273-TER_30623.jpeg,DOWNLOADED,103537,e105757f7395c7b750be5c7e49ba6d0e69ecab88ee0c25ab4fe103a8a6ddb8a5,
3933,2276-ATKI,OUD SAVE THE KING - ATKINSONS,Atkinsons,Oud Save The King,CONFIRMED,FOUND,22056,https://www.fragrantica.com/perfume/Atkinsons/Oud-Save-The-King-22056.html,https://fimgs.net/mdimg/perfume-social-cards/en-p_c_22056.jpeg,fragrantica-scraper-archive/social-cards/images/3933_2276-ATKI_22056.jpeg,DOWNLOADED,110545,c8b6141fd9901327b2164e18658a34e42123de68eea310bb404cec9fb7d3880d,
3932,2287-VAL,DONNA BORN IN ROMA INTENSE - VALENTINO,Valentino,Valentino Donna Born In Roma Intense,CONFIRMED,FOUND,78739,https://www.fragrantica.com/perfume/Valentino/Valentino-Donna-Born-In-Roma-Intense-78739.html,https://fimgs.net/mdimg/perfume-social-cards/en-p_c_78739.jpeg,fragrantica-scraper-archive/social-cards/images/3932_2287-VAL_78739.jpeg,DOWNLOADED,110925,32dfa6bf04a684eb137f87326227b2576d42b9dfa5a4756205084bba49b9b1df,
3931,2293-ACQ,SAKURA EAU DE PARFUM,Acqua di Parma,Sakura Eau de Parfum,CONFIRMED,FOUND,56007,https://www.fragrantica.com/perfume/Acqua-di-Parma/Sakura-Eau-de-Parfum-56007.html,https://fimgs.net/mdimg/perfume-social-cards/en-p_c_56007.jpeg,fragrantica-scraper-archive/social-cards/images/3931_2293-ACQ_56007.jpeg,DOWNLOADED,102290,62840c52e853fe484679eb2b796d5612ba400d4ff6e519a964f6e76528d6d1b4,
3930,2294-ACQ,YUZU EAU DE PARFUM,Acqua di Parma,Yuzu Eau de Parfum,CONFIRMED,FOUND,56004,https://www.fragrantica.com/perfume/Acqua-di-Parma/Yuzu-Eau-de-Parfum-56004.html,https://fimgs.net/mdimg/perfume-social-cards/en-p_c_56004.jpeg,fragrantica-scraper-archive/social-cards/images/3930_2294-ACQ_56004.jpeg,DOWNLOADED,105194,9e45a0e73b30ad306899947b5a3024934e44cabcbeb695fdd2e25d7f2e89bed0,
3929,2271-ROJ,,Roja Dove,Elysium Pour Homme Eau Intense,CONFIRMED,FOUND,81839,https://www.fragrantica.com/p/81839,https://fimgs.net/mdimg/perfume-social-cards/en-p_c_81839.jpeg,fragrantica-scraper-archive/social-cards/images/3929_2271-ROJ_81839.jpeg,DOWNLOADED,119470,092f0f3a0a1d9713b13445ffe59beec0010635930701e91fca5a9a576b90bdc4,
3928,2278-BLG,AU THE BLANC - BVLGARI,Bvlgari,Eau Parfumee au The Blanc,CONFIRMED,FOUND,145,https://www.fragrantica.com/perfume/Bvlgari/Eau-Parfumee-au-The-Blanc-145.html,https://fimgs.net/mdimg/perfume-social-cards/en-p_c_145.jpeg,fragrantica-scraper-archive/social-cards/images/3928_2278-BLG_145.jpeg,DOWNLOADED,103385,556fb1a841e4af1f9293b78b65250ebb91e7fad6b6258acf4b66ae27be7b2d57,
3926,2274-XER,Kobe,Xerjoff,Kobe,CONFIRMED,FOUND,6309,https://www.fragrantica.com/perfume/Xerjoff/Kobe-6309.html,https://fimgs.net/mdimg/perfume-social-cards/en-p_c_6309.jpeg,fragrantica-scraper-archive/social-cards/images/3926_2274-XER_6309.jpeg,DOWNLOADED,97302,3903099132d610c1be46c62a6618822c6fd3e67b984553e4dede5a76be6fa8e4,
3924,2275-ROJ,,Roja Dove,Burlington 1819,CONFIRMED,FOUND,62320,https://www.fragrantica.com/p/62320,https://fimgs.net/mdimg/perfume-social-cards/en-p_c_62320.jpeg,fragrantica-scraper-archive/social-cards/images/3924_2275-ROJ_62320.jpeg,DOWNLOADED,112257,25d0944e3a140dce735b6728609d35a3776c9b25080b13d37a595ae7d4807d93,
3923,1925-PEN,BABYLON,Penhaligon s,Babylon,CONFIRMED,FOUND,57835,https://www.fragrantica.com/perfume/Penhaligon-s/Babylon-57835.html,https://fimgs.net/mdimg/perfume-social-cards/en-p_c_57835.jpeg,fragrantica-scraper-archive/social-cards/images/3923_1925-PEN_57835.jpeg,DOWNLOADED,108882,f72d8ae499a8f54e932108773611f2167d3bc45d084f39804f81feeb3d9ebafd,
3922,2286-YZLO,the fragrance LAVALLIERE,Yves Saint Laurent,Lavalliere,CONFIRMED,FOUND,76844,https://www.fragrantica.com/perfume/Yves-Saint-Laurent/Lavalliere-76844.html,https://fimgs.net/mdimg/perfume-social-cards/en-p_c_76844.jpeg,fragrantica-scraper-archive/social-cards/images/3922_2286-YZLO_76844.jpeg,DOWNLOADED,102222,24ef8433316e836dd44c5fad36adb0e85d3d7e0ecfe89d21f644a8873d51b8d2,
3921,1532-ROJ,,Roja Dove,Elysium Pour Homme Parfum,CONFIRMED,FOUND,47480,https://www.fragrantica.com/perfume/Roja-Dove/Elysium-Pour-Homme-Parfum-47480.html,https://fimgs.net/mdimg/perfume-social-cards/en-p_c_47480.jpeg,fragrantica-scraper-archive/social-cards/images/3921_1532-ROJ_47480.jpeg,DOWNLOADED,115358,b1be8334e58e79cd2af8be8c66d09c369b6efaff62d87f6525eaa280008f3e32,
3920,2270-ORMO,,Ormonde Jayne,Montabaco,CONFIRMED,FOUND,16896,https://www.fragrantica.com/p/16896,https://fimgs.net/mdimg/perfume-social-cards/en-p_c_16896.jpeg,fragrantica-scraper-archive/social-cards/images/3920_2270-ORMO_16896.jpeg,DOWNLOADED,109823,1c49a243c0e67931761b83f097e76e44d3afad31153645cb9c417714e266c425,
3919,2269-ARB,ARABIAN KNIGHT - ARABIAN OUD,Arabian Oud,Arabian Knight,CONFIRMED,FOUND,40684,https://www.fragrantica.com/perfume/Arabian-Oud/Arabian-Knight-40684.html,https://fimgs.net/mdimg/perfume-social-cards/en-p_c_40684.jpeg,fragrantica-scraper-archive/social-cards/images/3919_2269-ARB_40684.jpeg,DOWNLOADED,108306,57d485caf8b882df7d87f9b7072d254dbd3629649b781f0278391c5b663e188a,
3918,2268-AMG,Interlude Black Iris,Amouage,Interlude Black Iris,CONFIRMED,FOUND,60929,https://www.fragrantica.com/perfume/Amouage/Interlude-Black-Iris-60929.html,https://fimgs.net/mdimg/perfume-social-cards/en-p_c_60929.jpeg,fragrantica-scraper-archive/social-cards/images/3918_2268-AMG_60929.jpeg,DOWNLOADED,109261,678f0894685b5b3f6dfa95006c0c25b28d18e974519a395c5ad9987ed17971e0,
3917,2284-HIS,,Histoires de Parfums,1889 - Moulin Rouge,CONFIRMED,FOUND,7816,https://www.fragrantica.com/perfume/Histoires-de-Parfums/1889-Moulin-Rouge-7816.html,https://fimgs.net/mdimg/perfume-social-cards/en-p_c_7816.jpeg,fragrantica-scraper-archive/social-cards/images/3917_2284-HIS_7816.jpeg,DOWNLOADED,115243,0554585a544b6171044d9c0f2040f05f155a00fd44c6bd18fc20909d238e767c,
3916,2283-XER,Gran Ballo,Xerjoff,Gran Ballo,CONFIRMED,FOUND,26708,https://www.fragrantica.com/perfume/Xerjoff/Gran-Ballo-26708.html,https://fimgs.net/mdimg/perfume-social-cards/en-p_c_26708.jpeg,fragrantica-scraper-archive/social-cards/images/3916_2283-XER_26708.jpeg,DOWNLOADED,106536,6fc4c6960139eac363a82fbe08e6283beb71e0972a045d9a9203a5e04ad4de44,
3915,,IVIERA,Dior,Dioriviera Eau de Parfum,CONFIRMED,FOUND,81847,https://www.fragrantica.com/perfume/Dior/Dioriviera-81847.html,https://fimgs.net/mdimg/perfume-social-cards/en-p_c_81847.jpeg,fragrantica-scraper-archive/social-cards/images/3915_unknown_81847.jpeg,DOWNLOADED,89667,87be8ddb95570d4c28ae1796c226c3bccadfd5e5462bcee2cbd32700691615da,
3914,2281-GUR,TOBACCO HONEY - GUERLAIN,Guerlain,Tobacco Honey,CONFIRMED,FOUND,84518,https://www.fragrantica.com/perfume/Guerlain/Tobacco-Honey-84518.html,https://fimgs.net/mdimg/perfume-social-cards/en-p_c_84518.jpeg,fragrantica-scraper-archive/social-cards/images/3914_2281-GUR_84518.jpeg,DOWNLOADED,111838,899d5ac7ae4b9dde368972c038ec3a969f5d97b076d17f5318ca416b321e10a0,
3913,2279-LEL,MYRRHE 55 - LE LABO,Le Labo,Myrrhe 55 Shanghai,CONFIRMED,FOUND,83918,https://www.fragrantica.com/perfume/Le-Labo/Myrrhe-55-Shanghai-83918.html,https://fimgs.net/mdimg/perfume-social-cards/en-p_c_83918.jpeg,fragrantica-scraper-archive/social-cards/images/3913_2279-LEL_83918.jpeg,DOWNLOADED,107866,826cf33262b7b046c64332d26d2dd6f07594c3c9ea92778366b000f54417961c,
3912,2280-XER,JTC 400,Xerjoff,JTC 400,CONFIRMED,FOUND,52181,https://www.fragrantica.com/perfume/Xerjoff/JTC-400-52181.html,https://fimgs.net/mdimg/perfume-social-cards/en-p_c_52181.jpeg,fragrantica-scraper-archive/social-cards/images/3912_2280-XER_52181.jpeg,DOWNLOADED,101207,b7695eaef42090b60fee46d093ef53c7e151fc1ce5103f43283dec8e1e043550,
3910,2257-YZLO,LIBRE L'ABSOLU PLATINE,Yves Saint Laurent,Libre L Absolu Platine,CONFIRMED,FOUND,83296,https://www.fragrantica.com/perfume/Yves-Saint-Laurent/Libre-L-Absolu-Platine-83296.html,https://fimgs.net/mdimg/perfume-social-cards/en-p_c_83296.jpeg,fragrantica-scraper-archive/social-cards/images/3910_2257-YZLO_83296.jpeg,DOWNLOADED,105892,5520f3ea110ab5a0e8918efe2f8bb6e9b150fab098e8b6cfe03065bff8560f0d,
3909,2260-BON,GREENWICH VILLAGE - BOND,Bond No 9,Greenwich Village,CONFIRMED,FOUND,54157,https://www.fragrantica.com/perfume/Bond-No-9/Greenwich-Village-54157.html,https://fimgs.net/mdimg/perfume-social-cards/en-p_c_54157.jpeg,fragrantica-scraper-archive/social-cards/images/3909_2260-BON_54157.jpeg,DOWNLOADED,105599,6a0a3946aa4ff85a7e217065f07bf2b4f2f61b0271ab1b7204d4f2b92e393960,
3908,2254-VER,VANITAS,Versace,Vanitas,CONFIRMED,FOUND,10574,https://www.fragrantica.com/perfume/Versace/Vanitas-10574.html,https://fimgs.net/mdimg/perfume-social-cards/en-p_c_10574.jpeg,fragrantica-scraper-archive/social-cards/images/3908_2254-VER_10574.jpeg,DOWNLOADED,105725,c08f1b5944ad7b64e44cf2bd922e49c07f192416b20c03f63efa052b581b5ea9,
3907,2267-KAY,MUSK 12 - KAYALI,Kayali Fragrances,Musk 12,CONFIRMED,FOUND,52615,https://www.fragrantica.com/perfume/Kayali-Fragrances/Musk-12-52615.html,https://fimgs.net/mdimg/perfume-social-cards/en-p_c_52615.jpeg,fragrantica-scraper-archive/social-cards/images/3907_2267-KAY_52615.jpeg,DOWNLOADED,97803,fc80bda2a0c69a6dd50a9f48c8bb83d1b59361be5add4796de87a246d562b107,
3906,2264-KAY,OUDGASM TOBACCO 04 - KAYALI,Kayali Fragrances,Oudgasm Tobacco Oud 04 Eau de Parfum Intense,CONFIRMED,FOUND,85185,https://www.fragrantica.com/p/85185,https://fimgs.net/mdimg/perfume-social-cards/en-p_c_85185.jpeg,fragrantica-scraper-archive/social-cards/images/3906_2264-KAY_85185.jpeg,DOWNLOADED,108805,7c40fd0405621bd22075f4bf34bf4caf1f560487ca60ac76a70647e062053250,
3905,2266-KAY,INVITE ONLY AMBER 23 - KAYALI,Kayali Fragrances,Invite Only Amber 23,CONFIRMED,FOUND,68958,https://www.fragrantica.com/perfume/Kayali-Fragrances/Invite-Only-Amber-23-68958.html,https://fimgs.net/mdimg/perfume-social-cards/en-p_c_68958.jpeg,fragrantica-scraper-archive/social-cards/images/3905_2266-KAY_68958.jpeg,DOWNLOADED,109942,a1f999b7fbfc9a474c1cd14cb160b64840006f1ee1f16156e76ddd88a90c71f2,
3904,2265-KAY,OUDGASM ROSE OUD 16 - KAYALI,Kayali Fragrances,Oudgasm Rose Oud 16 Hair Mist,CONFIRMED,FOUND,118808,https://www.fragrantica.com/perfume/Kayali-Fragrances/Oudgasm-Rose-Oud-16-Hair-Mist-118808.html,https://fimgs.net/mdimg/perfume-social-cards/en-p_c_118808.jpeg,fragrantica-scraper-archive/social-cards/images/3904_2265-KAY_118808.jpeg,MISSING,,,HTTP 404
3902,1866-GUC,Guilty Intense,Gucci,Gucci Guilty Intense,CONFIRMED,FOUND,13201,https://www.fragrantica.com/p/13201,https://fimgs.net/mdimg/perfume-social-cards/en-p_c_13201.jpeg,fragrantica-scraper-archive/social-cards/images/3902_1866-GUC_13201.jpeg,DOWNLOADED,109823,93658cf8de27d19100b526c134a14d4d65f8244db66a145f8f80c19740c32229,
3901,2262-MEM,MARFA - MEMO PARIS,Memo Paris,Marfa,CONFIRMED,FOUND,37185,https://www.fragrantica.com/perfume/Memo-Paris/Marfa-37185.html,https://fimgs.net/mdimg/perfume-social-cards/en-p_c_37185.jpeg,fragrantica-scraper-archive/social-cards/images/3901_2262-MEM_37185.jpeg,DOWNLOADED,96525,604c8916908cff83b966a435f1432a46388dc03f6301b70b1c77c95e9e57e298,
3900,2255-VER,VERSUS,Versace,Versus,CONFIRMED,FOUND,8009,https://www.fragrantica.com/perfume/Versace/Versus-8009.html,https://fimgs.net/mdimg/perfume-social-cards/en-p_c_8009.jpeg,fragrantica-scraper-archive/social-cards/images/3900_2255-VER_8009.jpeg,DOWNLOADED,98713,2172242966e4fdcc60eec50b94442c2ccc2a72a6b8132b8da407378c4f7d452d,
3899,2258-DRC,FAHRENEIT ABSOLUTE,Dior,Fahrenheit Absolute,CONFIRMED,FOUND,6555,https://www.fragrantica.com/perfume/Dior/Fahrenheit-Absolute-6555.html,https://fimgs.net/mdimg/perfume-social-cards/en-p_c_6555.jpeg,fragrantica-scraper-archive/social-cards/images/3899_2258-DRC_6555.jpeg,DOWNLOADED,94459,63dfb14b331f65885e16458cf970b552ec26003b09920a0580da26ca34123548,
3894,2263-NAS,,Nasomatto,Sadonaso,CONFIRMED,FOUND,80076,https://www.fragrantica.com/perfume/Nasomatto/Sadonaso-80076.html,https://fimgs.net/mdimg/perfume-social-cards/en-p_c_80076.jpeg,fragrantica-scraper-archive/social-cards/images/3894_2263-NAS_80076.jpeg,DOWNLOADED,96623,480c02cc8322de2d9d0c7b2d2eb2cbdbef72f3a8c970977e9dcd94e5ebdda0df,
3891,2259-GIV,GENTLEMAN RESERVE EAU DE PARFUM PRIVE,Givenchy,Gentleman Eau de Parfum Reserve Privée,CONFIRMED,FOUND,71272,https://www.fragrantica.com/p/71272,https://fimgs.net/mdimg/perfume-social-cards/en-p_c_71272.jpeg,fragrantica-scraper-archive/social-cards/images/3891_2259-GIV_71272.jpeg,DOWNLOADED,104584,40f0d829d457fc8a0c22e32303bfcefba751d50f9c1b502d5994c671c76caede,
3890,2261-PARF,ALTHAIR - PARFUMS DE MARLY,Parfums de Marly,Althair,CONFIRMED,FOUND,84109,https://www.fragrantica.com/perfume/Parfums-de-Marly/Althair-84109.html,https://fimgs.net/mdimg/perfume-social-cards/en-p_c_84109.jpeg,fragrantica-scraper-archive/social-cards/images/3890_2261-PARF_84109.jpeg,DOWNLOADED,100349,fef6ccb8853267c47d19e861b3d33a3af7e17a7b78d893372d1044a1265e89f6,
3857,2003-KIL,LOVE DON'T BE SHY EXTREME - KILIAN,By Kilian,Love Don t Be Shy Extreme,CONFIRMED,FOUND,64761,https://www.fragrantica.com/perfume/By-Kilian/Love-Don-t-Be-Shy-Extreme-64761.html,https://fimgs.net/mdimg/perfume-social-cards/en-p_c_64761.jpeg,fragrantica-scraper-archive/social-cards/images/3857_2003-KIL_64761.jpeg,DOWNLOADED,98650,8b854c7879a0aca33522b48f03393e2be051799f575f0a640c82f1109c96c0e6,
3842,2249-BYR,Rouge Chaotique,Byredo,Rouge Chaotique,CONFIRMED,FOUND,83369,https://www.fragrantica.com/perfume/Byredo/Rouge-Chaotique-83369.html,https://fimgs.net/mdimg/perfume-social-cards/en-p_c_83369.jpeg,fragrantica-scraper-archive/social-cards/images/3842_2249-BYR_83369.jpeg,DOWNLOADED,113991,929a27ecf46d8e79f0f382afac32dd1ff2b40b5691722cb44bee4b056b448590,
3841,2250-ARBAS,IN RED - ARMAND BASI,Armand Basi,In Red,CONFIRMED,FOUND,128,https://www.fragrantica.com/perfume/Armand-Basi/In-Red-128.html,https://fimgs.net/mdimg/perfume-social-cards/en-p_c_128.jpeg,fragrantica-scraper-archive/social-cards/images/3841_2250-ARBAS_128.jpeg,DOWNLOADED,100341,718efd1315e2fa8cc7e77e92f0e92ed89c0143acf8834776087d1b110b7544c7,
3840,2251-JOVP,,Jovoy Paris,Remember Me,CONFIRMED,FOUND,49435,https://www.fragrantica.com/p/49435,https://fimgs.net/mdimg/perfume-social-cards/en-p_c_49435.jpeg,fragrantica-scraper-archive/social-cards/images/3840_2251-JOVP_49435.jpeg,DOWNLOADED,99691,d3fdee71f00c2fdd88065c0dfc381d885a21a3d798f172e1e97496521a93c6ac,
3839,2248-BYR,Pulp,Byredo,Pulp,CONFIRMED,FOUND,3576,https://www.fragrantica.com/perfume/Byredo/Pulp-3576.html,https://fimgs.net/mdimg/perfume-social-cards/en-p_c_3576.jpeg,fragrantica-scraper-archive/social-cards/images/3839_2248-BYR_3576.jpeg,DOWNLOADED,101532,ab1e3985c11cc8dc4bfbc397043380c8e137c24e8e583ef02c9d4fba4ed23054,
3838,2247-LTN,the fragrance notes,Louis Vuitton,Spell On You,CONFIRMED,FOUND,68960,https://www.fragrantica.com/perfume/Louis-Vuitton/Spell-On-You-68960.html,https://fimgs.net/mdimg/perfume-social-cards/en-p_c_68960.jpeg,fragrantica-scraper-archive/social-cards/images/3838_2247-LTN_68960.jpeg,DOWNLOADED,98051,484d8e8b5f1d2e109335e2dd139e968423c4435fcee56aa4260e0051399c2499,
3837,2246-GUC,Flora Gorgeous Magnolia,Gucci,Flora Gorgeous Magnolia,CONFIRMED,FOUND,83621,https://www.fragrantica.com/perfume/Gucci/Flora-Gorgeous-Magnolia-83621.html,https://fimgs.net/mdimg/perfume-social-cards/en-p_c_83621.jpeg,fragrantica-scraper-archive/social-cards/images/3837_2246-GUC_83621.jpeg,DOWNLOADED,112739,fce0a9650ebfdd9acceb3d7f5ffc0fb96e1d484a7bcf814d6919c356ee7dbdb3,
3836,2245-KUR,AQUA MEDIA COLOGNE FORTE,Maison Francis Kurkdjian,Aqua Media Cologne Forte,CONFIRMED,FOUND,82030,https://www.fragrantica.com/perfume/Maison-Francis-Kurkdjian/Aqua-Media-Cologne-Forte-82030.html,https://fimgs.net/mdimg/perfume-social-cards/en-p_c_82030.jpeg,fragrantica-scraper-archive/social-cards/images/3836_2245-KUR_82030.jpeg,DOWNLOADED,114581,092ff7384b1c402c416f6028019f6b70ba688bfb350489a4724e749237857dd2,
3835,2244-ARM,MYRRHE IMPERIALE,Giorgio Armani,Myrrhe Imperiale,CONFIRMED,FOUND,21403,https://www.fragrantica.com/perfume/Giorgio-Armani/Myrrhe-Imperiale-21403.html,https://fimgs.net/mdimg/perfume-social-cards/en-p_c_21403.jpeg,fragrantica-scraper-archive/social-cards/images/3835_2244-ARM_21403.jpeg,DOWNLOADED,102524,5504b28223fc07e6194824659d837da5773f1d688610e38cef13035cd05331ea,
3834,2243-TMFO,MYRRHE MYSTERE,Tom Ford,Myrrhe Mystere,CONFIRMED,FOUND,83981,https://www.fragrantica.com/perfume/Tom-Ford/Myrrhe-Mystere-83981.html,https://fimgs.net/mdimg/perfume-social-cards/en-p_c_83981.jpeg,fragrantica-scraper-archive/social-cards/images/3834_2243-TMFO_83981.jpeg,DOWNLOADED,104001,bf47e6cdd5d80333187e5c547cd36390415bce3d194dba937f41acb38f7042b9,
3833,2242-THESPD,TURATH - THE SPIRIT OF DUBAI,The Spirit of Dubai,Turath,CONFIRMED,FOUND,55003,https://www.fragrantica.com/p/55003,https://fimgs.net/mdimg/perfume-social-cards/en-p_c_55003.jpeg,fragrantica-scraper-archive/social-cards/images/3833_2242-THESPD_55003.jpeg,DOWNLOADED,121614,a4647a13b386e8e29f5f1eb0fab058a9b7455e01ce60574a6b1e37d20b4aaa5c,
3832,2252-KIL,SMOKING HOT - KILIAN,By Kilian,Smoking Hot,CONFIRMED,FOUND,84413,https://www.fragrantica.com/perfume/By-Kilian/Smoking-Hot-84413.html,https://fimgs.net/mdimg/perfume-social-cards/en-p_c_84413.jpeg,fragrantica-scraper-archive/social-cards/images/3832_2252-KIL_84413.jpeg,DOWNLOADED,102323,d7ce457ed7675140527e0216e77b8e56c400e2e07038e6b0123ba14af022ba63,
3831,2253-ALEX,IMPERIAL PEACOCK - ALEXANDRE J,Alexandre J,Imperial Peacock,CONFIRMED,FOUND,72244,https://www.fragrantica.com/perfume/Alexandre-J/Imperial-Peacock-72244.html,https://fimgs.net/mdimg/perfume-social-cards/en-p_c_72244.jpeg,fragrantica-scraper-archive/social-cards/images/3831_2253-ALEX_72244.jpeg,DOWNLOADED,110418,20b577484423feeddd3eab1dd02ee9ccff0f6a9c9bbf0da92d5dc25f938e63a7,
3830,2237-VER,GINGEMBRE PETILLANT,Versace,Gingembre Petillant,CONFIRMED,FOUND,70884,https://www.fragrantica.com/perfume/Versace/Gingembre-Petillant-70884.html,https://fimgs.net/mdimg/perfume-social-cards/en-p_c_70884.jpeg,fragrantica-scraper-archive/social-cards/images/3830_2237-VER_70884.jpeg,DOWNLOADED,96360,fdedc6dc5748e687ad48c1812c8a5dd089db8d646a809848aec34b28def467f3,
3829,2236-NISH,KREDO - NISHANE,Nishane,Kredo,CONFIRMED,FOUND,74670,https://www.fragrantica.com/perfume/Nishane/Kredo-74670.html,https://fimgs.net/mdimg/perfume-social-cards/en-p_c_74670.jpeg,fragrantica-scraper-archive/social-cards/images/3829_2236-NISH_74670.jpeg,DOWNLOADED,114911,a91949b34a676bd33890f80abf32ba4fe6fd827e58098545a1cdb4cbb6243c6e,
3828,2235-PRA,PARADOXE INTENSE - PRADA,Prada,Prada Paradoxe Intense,CONFIRMED,FOUND,83988,https://www.fragrantica.com/perfume/Prada/Prada-Paradoxe-Intense-83988.html,https://fimgs.net/mdimg/perfume-social-cards/en-p_c_83988.jpeg,fragrantica-scraper-archive/social-cards/images/3828_2235-PRA_83988.jpeg,DOWNLOADED,108287,5a6ba9fc3124b65cf0ccebe267220f8d6ca2af306936ce6ff1ba9c4af0217e97,
3827,2234-MON,,Moncler,Moncler pour Femme,CONFIRMED,FOUND,69819,https://www.fragrantica.com/p/69819,https://fimgs.net/mdimg/perfume-social-cards/en-p_c_69819.jpeg,fragrantica-scraper-archive/social-cards/images/3827_2234-MON_69819.jpeg,DOWNLOADED,106287,03b0a8bceb5b50b7001b8704d980f854ba0f8c91cd211b1689231964ac1a9ba6,
3826,2241-GUL,DIVINE,Jean Paul Gaultier,Gaultier Divine,CONFIRMED,FOUND,83889,https://www.fragrantica.com/perfume/Jean-Paul-Gaultier/Gaultier-Divine-83889.html,https://fimgs.net/mdimg/perfume-social-cards/en-p_c_83889.jpeg,fragrantica-scraper-archive/social-cards/images/3826_2241-GUL_83889.jpeg,DOWNLOADED,108439,05587b761424bf630425deab4d2e13bab70f6e895cec89c20c5d6897f0ef27f1,
3825,2240-PAC,ONE MILLION ELIXIR,Rabanne,1 Million Elixir,CONFIRMED,FOUND,71708,https://www.fragrantica.com/perfume/Rabanne/1-Million-Elixir-71708.html,https://fimgs.net/mdimg/perfume-social-cards/en-p_c_71708.jpeg,fragrantica-scraper-archive/social-cards/images/3825_2240-PAC_71708.jpeg,DOWNLOADED,101915,9f7df89f333faeb532a86549a07110c33aae0f1eba5f393eae1621c2d9433d76,
3824,2229-ESCE,MOLECULE 01 + PATCHOULI - ESCENTRIC MOLECULES,Escentric Molecules,Molecule 01 + Patchouli,CONFIRMED,FOUND,66049,https://www.fragrantica.com/p/66049,https://fimgs.net/mdimg/perfume-social-cards/en-p_c_66049.jpeg,fragrantica-scraper-archive/social-cards/images/3824_2229-ESCE_66049.jpeg,DOWNLOADED,104131,c5dc8b743a3d5f6304cbd58216db84474b4933865d7e9da5f46aac5116e40acb,
3823,2228-ESCE,MOLECULE 01 + IRIS - ESCENTRIC MOLECULES,Escentric Molecules,Molecule 01 + Iris,CONFIRMED,FOUND,66048,https://www.fragrantica.com/p/66048,https://fimgs.net/mdimg/perfume-social-cards/en-p_c_66048.jpeg,fragrantica-scraper-archive/social-cards/images/3823_2228-ESCE_66048.jpeg,DOWNLOADED,96701,3bd340f2096da1ae1b6b3686aa6604fc9a0afc1162c0423fadc1969d778406e5,
3822,2223-AMG,Reflection 45 Man,Amouage,Reflection 45 Man,CONFIRMED,FOUND,69488,https://www.fragrantica.com/perfume/Amouage/Reflection-45-Man-69488.html,https://fimgs.net/mdimg/perfume-social-cards/en-p_c_69488.jpeg,fragrantica-scraper-archive/social-cards/images/3822_2223-AMG_69488.jpeg,DOWNLOADED,113238,a355a2391d5fee37ff27ba3d29a279476f869f1ac363ba43b42ae7113a732ace,
3821,2226-BON,THE SCENT OF PEACE FOR HIM - BOND,Bond No 9,The Scent of Peace for Him,CONFIRMED,FOUND,20551,https://www.fragrantica.com/perfume/Bond-No-9/The-Scent-of-Peace-for-Him-20551.html,https://fimgs.net/mdimg/perfume-social-cards/en-p_c_20551.jpeg,fragrantica-scraper-archive/social-cards/images/3821_2226-BON_20551.jpeg,DOWNLOADED,116930,7f477df21960836fcb9dd98f9e29d40e9a23ecd7e7b735879f602ea802f400f8,
3820,2225-BON,LAFAYETTE STREET - BOND,Bond No 9,Lafayette Street,CONFIRMED,FOUND,51742,https://www.fragrantica.com/perfume/Bond-No-9/Lafayette-Street-51742.html,https://fimgs.net/mdimg/perfume-social-cards/en-p_c_51742.jpeg,fragrantica-scraper-archive/social-cards/images/3820_2225-BON_51742.jpeg,DOWNLOADED,107399,7b4ed51bd83bac2f32e53444fa74d2812fb7f47875699d30b565d14d76e37775,
3819,2218-ARM,BLEU TURQUOISE,Giorgio Armani,Armani Prive Bleu Turquoise,CONFIRMED,FOUND,48060,https://www.fragrantica.com/perfume/Giorgio-Armani/Armani-Prive-Bleu-Turquoise-48060.html,https://fimgs.net/mdimg/perfume-social-cards/en-p_c_48060.jpeg,fragrantica-scraper-archive/social-cards/images/3819_2218-ARM_48060.jpeg,DOWNLOADED,106137,f068fc6e7f0a81ae2100517d7b11c8f0303ca755538c1b4c72cdfdab0849513f,
3818,2224-ARM,DIAMONDS WOMAN,Giorgio Armani,Emporio Armani Diamonds,CONFIRMED,FOUND,1292,https://www.fragrantica.com/p/1292,https://fimgs.net/mdimg/perfume-social-cards/en-p_c_1292.jpeg,fragrantica-scraper-archive/social-cards/images/3818_2224-ARM_1292.jpeg,DOWNLOADED,117260,c0a2fbaf26c60dc9e219c3cc5269f4b9be29de1abd079ac39916e3116e432517,
3817,2221-AMG,Beach Hut Man,Amouage,Beach Hut Man,CONFIRMED,FOUND,46336,https://www.fragrantica.com/perfume/Amouage/Beach-Hut-Man-46336.html,https://fimgs.net/mdimg/perfume-social-cards/en-p_c_46336.jpeg,fragrantica-scraper-archive/social-cards/images/3817_2221-AMG_46336.jpeg,DOWNLOADED,109505,5b0e6b7748b16cd461902042b86f8e2feda74612f062a179d9acb4402fd2bde3,
3816,2227-CRD,Tabarome,Creed,Tabarome,CONFIRMED,FOUND,470,https://www.fragrantica.com/perfume/Creed/Tabarome-470.html,https://fimgs.net/mdimg/perfume-social-cards/en-p_c_470.jpeg,fragrantica-scraper-archive/social-cards/images/3816_2227-CRD_470.jpeg,DOWNLOADED,103095,2c4c2308081b089d2950b5ed122ffa962dd9c7f5762bd372e42403d429901bf1,
3815,2217-NRO,ALL OF ME - RODRIG,Narciso Rodriguez,All Of Me,CONFIRMED,FOUND,84201,https://www.fragrantica.com/perfume/Narciso-Rodriguez/All-Of-Me-84201.html,https://fimgs.net/mdimg/perfume-social-cards/en-p_c_84201.jpeg,fragrantica-scraper-archive/social-cards/images/3815_2217-NRO_84201.jpeg,DOWNLOADED,93817,3d615d918d5096c85db98858ba00c98564b430b57d59dd399a46c0f412798204,
3814,2216-DOL,DEVOTION,Dolce&Gabbana,Devotion,CONFIRMED,FOUND,84951,https://www.fragrantica.com/p/84951,https://fimgs.net/mdimg/perfume-social-cards/en-p_c_84951.jpeg,fragrantica-scraper-archive/social-cards/images/3814_2216-DOL_84951.jpeg,DOWNLOADED,97251,ee33418693b370cd01bb43798bcdd69940e5e1c7185cff3bcdf5b3e3e6e86883,
3813,2213-AMG,Opus XIV – Royal Tobacco,Amouage,Opus XIV Royal Tobacco,CONFIRMED,FOUND,75064,https://www.fragrantica.com/perfume/Amouage/Opus-XIV-Royal-Tobacco-75064.html,https://fimgs.net/mdimg/perfume-social-cards/en-p_c_75064.jpeg,fragrantica-scraper-archive/social-cards/images/3813_2213-AMG_75064.jpeg,DOWNLOADED,105474,ef9b5a2600eefe08c4d071f97937a3980bcc947ac025d8970411deba23bc2539,
3812,2207-BLG,SPETTACOLORE,Bvlgari,Spettacolore,CONFIRMED,FOUND,71542,https://www.fragrantica.com/perfume/Bvlgari/Spettacolore-71542.html,https://fimgs.net/mdimg/perfume-social-cards/en-p_c_71542.jpeg,fragrantica-scraper-archive/social-cards/images/3812_2207-BLG_71542.jpeg,DOWNLOADED,90178,4fb58bbba3c749d9278c6e802c5808294bfb802a3852e75f11645375f853a999,
3811,2231-NISH,SULTAN VETIVER - NISHANE,Nishane,Sultan Vetiver,CONFIRMED,FOUND,30574,https://www.fragrantica.com/perfume/Nishane/Sultan-Vetiver-30574.html,https://fimgs.net/mdimg/perfume-social-cards/en-p_c_30574.jpeg,fragrantica-scraper-archive/social-cards/images/3811_2231-NISH_30574.jpeg,DOWNLOADED,113023,972b6ee198959e652a25cc3b68e591cf31d547b6649240d3837ee625e537c3e1,
3810,2212-AMG,Epic 56 Woman,Amouage,Epic 56 Woman,CONFIRMED,FOUND,69700,https://www.fragrantica.com/perfume/Amouage/Epic-56-Woman-69700.html,https://fimgs.net/mdimg/perfume-social-cards/en-p_c_69700.jpeg,fragrantica-scraper-archive/social-cards/images/3810_2212-AMG_69700.jpeg,DOWNLOADED,120084,14ba165308b105983b48e36f50ad143cc26cec8eaf96f5f195774ca4fa264aba,
3809,2222-AMG,Epic Woman,Amouage,Epic Woman,CONFIRMED,FOUND,6538,https://www.fragrantica.com/perfume/Amouage/Epic-Woman-6538.html,https://fimgs.net/mdimg/perfume-social-cards/en-p_c_6538.jpeg,fragrantica-scraper-archive/social-cards/images/3809_2222-AMG_6538.jpeg,DOWNLOADED,116366,052ada0499a5d5f49d9ae8ad73e66ad24702dabb95f0a353e48488082005efd5,
3808,2169-ROJ,,Roja Dove,Ti Amo,CONFIRMED,FOUND,34996,https://www.fragrantica.com/p/34996,https://fimgs.net/mdimg/perfume-social-cards/en-p_c_34996.jpeg,fragrantica-scraper-archive/social-cards/images/3808_2169-ROJ_34996.jpeg,DOWNLOADED,114211,acf472223a1d452bafaffa4e5df66a751e7e25f78e7174aa8eb2564b152bcf17,
3807,2233-YZLO,LA NUIT DE L'HOMME BLEU ELECTRIQUE,Yves Saint Laurent,La Nuit de L Homme Bleu Electrique,CONFIRMED,FOUND,67997,https://www.fragrantica.com/perfume/Yves-Saint-Laurent/La-Nuit-de-L-Homme-Bleu-Electrique-67997.html,https://fimgs.net/mdimg/perfume-social-cards/en-p_c_67997.jpeg,fragrantica-scraper-archive/social-cards/images/3807_2233-YZLO_67997.jpeg,DOWNLOADED,114616,f840c6b90ae82eddecb519f1dea051e7040edfc32b89f76e5a6aae79860fa59d,
3806,2232-PEN,CLANDESTINE CLARA,Penhaligon s,Clandestine Clara,CONFIRMED,FOUND,43808,https://www.fragrantica.com/perfume/Penhaligon-s/Clandestine-Clara-43808.html,https://fimgs.net/mdimg/perfume-social-cards/en-p_c_43808.jpeg,fragrantica-scraper-archive/social-cards/images/3806_2232-PEN_43808.jpeg,DOWNLOADED,104124,0c54287f8e252d5866fd0c36e3c5380b4d4315abf35063f0b3584b65bf8d5ee3,
3805,2230-VAR,,John Varvatos,Dark Rebel,CONFIRMED,FOUND,31760,https://www.fragrantica.com/p/31760,https://fimgs.net/mdimg/perfume-social-cards/en-p_c_31760.jpeg,fragrantica-scraper-archive/social-cards/images/3805_2230-VAR_31760.jpeg,DOWNLOADED,107588,e6a190e310483258a95c20c6a58f1f1548658a9461a8e5bac31a53469029ea41,
3804,,,,,CONFIRMED,FOUND,19607,https://www.fragrantica.com/perfume/Al-Haramain-Perfumes/Hayati-19607.html,https://fimgs.net/mdimg/perfume-social-cards/en-p_c_19607.jpeg,fragrantica-scraper-archive/social-cards/images/3804_unknown_19607.jpeg,DOWNLOADED,98453,0d6a8850838ac80ffa42cd63b2e2bc25ba00c21c7b52f968a93eef080605514c,
3803,2219-AJMA,,Ajmal,Amber Wood,CONFIRMED,FOUND,26016,https://www.fragrantica.com/perfume/Ajmal/Amber-Wood-26016.html,https://fimgs.net/mdimg/perfume-social-cards/en-p_c_26016.jpeg,fragrantica-scraper-archive/social-cards/images/3803_2219-AJMA_26016.jpeg,DOWNLOADED,105299,239f76d4553259cb1b1f21280bc5a074e8d90a93e5bf58ada6101ed5e9cc91bb,
3802,2214-CAR,STALLION LEATHER,Carolina Herrera,Stallion Leather,CONFIRMED,FOUND,79237,https://www.fragrantica.com/perfume/Carolina-Herrera/Stallion-Leather-79237.html,https://fimgs.net/mdimg/perfume-social-cards/en-p_c_79237.jpeg,fragrantica-scraper-archive/social-cards/images/3802_2214-CAR_79237.jpeg,DOWNLOADED,111725,c3718dd94653085c0d1dc5bbcbc65f9ba0a0d8f3aa99bcbddca547d35b869f41,
3799,2163-SNI,,Snif,Dead Dinosaur,CONFIRMED,FOUND,77309,https://www.fragrantica.com/p/77309,https://fimgs.net/mdimg/perfume-social-cards/en-p_c_77309.jpeg,fragrantica-scraper-archive/social-cards/images/3799_2163-SNI_77309.jpeg,DOWNLOADED,109394,b5bc6a574122afc809974a30f1a3a4480416231fcb3358cf058ba138fe85af3a,
3798,2202-ROJ,,Roja Dove,Isola Blu,CONFIRMED,FOUND,80177,https://www.fragrantica.com/p/80177,https://fimgs.net/mdimg/perfume-social-cards/en-p_c_80177.jpeg,fragrantica-scraper-archive/social-cards/images/3798_2202-ROJ_80177.jpeg,DOWNLOADED,111493,256f13f0ac91aa7a6afc62c0baee0b28191273066e91fe5ed306487a775466ac,
3797,2209-MATIE,,Matiere Premiere,Crystal Saffron,CONFIRMED,FOUND,76131,https://www.fragrantica.com/perfume/Matiere-Premiere/Crystal-Saffron-76131.html,https://fimgs.net/mdimg/perfume-social-cards/en-p_c_76131.jpeg,fragrantica-scraper-archive/social-cards/images/3797_2209-MATIE_76131.jpeg,DOWNLOADED,95595,25e41721bd6f738f5343287c927ac6d242f28f5a8fd7a8b2f87da1a25ca174e9,
3796,2168-MARG,UNDER THE LEMON TREE,Maison Martin Margiela,Under The Lemon Tree,CONFIRMED,FOUND,53379,https://www.fragrantica.com/perfume/Maison-Martin-Margiela/Under-The-Lemon-Tree-53379.html,https://fimgs.net/mdimg/perfume-social-cards/en-p_c_53379.jpeg,fragrantica-scraper-archive/social-cards/images/3796_2168-MARG_53379.jpeg,DOWNLOADED,113326,ee67fbb12dc80f15efd5ca9bf13d21f439d47dba2d43a7075ffeba54572586bc,
3795,2215-CAR,GOOD GIRL FANTASTIC PINK,Carolina Herrera,Good Girl Fantastic Pink,CONFIRMED,FOUND,58923,https://www.fragrantica.com/perfume/Carolina-Herrera/Good-Girl-Fantastic-Pink-58923.html,https://fimgs.net/mdimg/perfume-social-cards/en-p_c_58923.jpeg,fragrantica-scraper-archive/social-cards/images/3795_2215-CAR_58923.jpeg,DOWNLOADED,111033,b36fcdf7e81b5d91f65510715585c71fa2d6ab3e90bc966a40fe92c25596c648,
3794,2211-YZLO,MYSLF,Yves Saint Laurent,MYSLF Eau de Parfum,CONFIRMED,FOUND,84094,https://www.fragrantica.com/perfume/Yves-Saint-Laurent/MYSLF-Eau-de-Parfum-84094.html,https://fimgs.net/mdimg/perfume-social-cards/en-p_c_84094.jpeg,fragrantica-scraper-archive/social-cards/images/3794_2211-YZLO_84094.jpeg,DOWNLOADED,91197,5184f49e38193f797e9599108edaff5bf10326ac0113e1e3d9865df3b5c40977,
3793,2210-JOM,Orange Bitters Cologne (2023) - Jo Malone,Jo Malone London,Orange Bitters Cologne 2023,CONFIRMED,FOUND,87710,https://www.fragrantica.com/perfume/Jo-Malone-London/Orange-Bitters-Cologne-2023-87710.html,https://fimgs.net/mdimg/perfume-social-cards/en-p_c_87710.jpeg,fragrantica-scraper-archive/social-cards/images/3793_2210-JOM_87710.jpeg,DOWNLOADED,116070,92eed826c9b1bf224525372dc75bac7edc617b19ba077f32d3ee5210a2a86201,
3792,2161-GUR,AQUA ALLEGORIA MANDARINE BASILIC - Guerlain,Guerlain,Aqua Allegoria Mandarine Basilic,CONFIRMED,FOUND,2060,https://www.fragrantica.com/perfume/Guerlain/Aqua-Allegoria-Mandarine-Basilic-2060.html,https://fimgs.net/mdimg/perfume-social-cards/en-p_c_2060.jpeg,fragrantica-scraper-archive/social-cards/images/3792_2161-GUR_2060.jpeg,DOWNLOADED,112033,8f0ffa7a0ad3252684a36b0a681568b69a0ab1215f1c9ddc68afba2bb35e5e75,
3791,2206-GIA,,Giardini Di Toscana,Bianco Latte,CONFIRMED,FOUND,64757,https://www.fragrantica.com/perfume/Giardini-Di-Toscana/Bianco-Latte-64757.html,https://fimgs.net/mdimg/perfume-social-cards/en-p_c_64757.jpeg,fragrantica-scraper-archive/social-cards/images/3791_2206-GIA_64757.jpeg,DOWNLOADED,98228,d2bf9f2dd9bfcd5988d09573405d9e1ec0d56bb412f667d2fa6742452c66b4d6,
3790,2201-LTN,the fragrance notes,Louis Vuitton,Pacific Chill,CONFIRMED,FOUND,81423,https://www.fragrantica.com/perfume/Louis-Vuitton/Pacific-Chill-81423.html,https://fimgs.net/mdimg/perfume-social-cards/en-p_c_81423.jpeg,fragrantica-scraper-archive/social-cards/images/3790_2201-LTN_81423.jpeg,DOWNLOADED,101392,12a3b527a5c1c67c4dbe7527a6067ad21962659a5814476dec94a6fef0795d0d,
3789,2203-ARM,ROSE MILANO,Giorgio Armani,Rose Milano,CONFIRMED,FOUND,58911,https://www.fragrantica.com/perfume/Giorgio-Armani/Rose-Milano-58911.html,https://fimgs.net/mdimg/perfume-social-cards/en-p_c_58911.jpeg,fragrantica-scraper-archive/social-cards/images/3789_2203-ARM_58911.jpeg,DOWNLOADED,104546,f3ef6db6053803e7a406dc1678458bcb116315f4cf6410cb96d62b472d00dd97,
3788,2164-LAT,"KHAMRAH - LATTAFA Inspired Perfume  Fragrance sweet, warm spicy, amber, vanilla, cinnamon, woody, fresh spicy",Lattafa Perfumes,Khamrah,CONFIRMED,FOUND,75805,https://www.fragrantica.com/p/75805,https://fimgs.net/mdimg/perfume-social-cards/en-p_c_75805.jpeg,fragrantica-scraper-archive/social-cards/images/3788_2164-LAT_75805.jpeg,DOWNLOADED,123516,c7b6de36ead0349a07839bc637916fa37fe39cb93eb0e9bc7fd866b1ed051a00,
3787,2204-TMFO,the notes SOLEIL DE FEU,Tom Ford,Soleil de Feu,CONFIRMED,FOUND,80083,https://www.fragrantica.com/perfume/Tom-Ford/Soleil-de-Feu-80083.html,https://fimgs.net/mdimg/perfume-social-cards/en-p_c_80083.jpeg,fragrantica-scraper-archive/social-cards/images/3787_2204-TMFO_80083.jpeg,DOWNLOADED,92746,a8163ecb7d3590ae57e7652c6f6fd9573b347723583fdc0df64a424d0b078b11,
3786,2167-GUL,LE MALE ELIXIR,Jean Paul Gaultier,Le Male Elixir,CONFIRMED,FOUND,81642,https://www.fragrantica.com/perfume/Jean-Paul-Gaultier/Le-Male-Elixir-81642.html,https://fimgs.net/mdimg/perfume-social-cards/en-p_c_81642.jpeg,fragrantica-scraper-archive/social-cards/images/3786_2167-GUL_81642.jpeg,DOWNLOADED,108508,0bb62dcb890b74d4ca3c8f2b6071ce1070a30ba80115e59eb67a179e9cfb2155,
3785,2205-TMU,ALIEN GODDESS INTENSE,Mugler,Alien Goddess Intense,CONFIRMED,FOUND,74871,https://www.fragrantica.com/perfume/Mugler/Alien-Goddess-Intense-74871.html,https://fimgs.net/mdimg/perfume-social-cards/en-p_c_74871.jpeg,fragrantica-scraper-archive/social-cards/images/3785_2205-TMU_74871.jpeg,DOWNLOADED,105806,06d52dfa8c97579c252acabcf4ef05b81d986cbd2363810e76d997ce62330174,
3784,2160-ZAR,,Zara,Barbie,CONFIRMED,FOUND,83741,https://www.fragrantica.com/perfume/Zara/Barbie-83741.html,https://fimgs.net/mdimg/perfume-social-cards/en-p_c_83741.jpeg,fragrantica-scraper-archive/social-cards/images/3784_2160-ZAR_83741.jpeg,DOWNLOADED,89111,6068c30480e85fc6012fddb6d20ca3c818dc0827699e7dd4389306d1081af69c,
3732,2194-ORT,,Al Qasim Oud,ORTO,CONFIRMED,FOUND,119473,https://www.fragrantica.com/perfume/Al-Qasim-Oud/ORTO-119473.html,https://fimgs.net/mdimg/perfume-social-cards/en-p_c_119473.jpeg,fragrantica-scraper-archive/social-cards/images/3732_2194-ORT_119473.jpeg,MISSING,,,HTTP 404
3731,2197-MNT,SOLEIL DE CAPRI - MONTALE,Montale,Soleil de Capri,CONFIRMED,FOUND,3767,https://www.fragrantica.com/perfume/Montale/Soleil-de-Capri-3767.html,https://fimgs.net/mdimg/perfume-social-cards/en-p_c_3767.jpeg,fragrantica-scraper-archive/social-cards/images/3731_2197-MNT_3767.jpeg,DOWNLOADED,95051,d701888a58f5771da86cd91279e12755b047223c74dc4dc50a68b6f313476eac,
3730,2198-MNT,WOOD ON FIRE - MONTALE Inspired Perfume,Montale,Wood On Fire,CONFIRMED,FOUND,71301,https://www.fragrantica.com/p/71301,https://fimgs.net/mdimg/perfume-social-cards/en-p_c_71301.jpeg,fragrantica-scraper-archive/social-cards/images/3730_2198-MNT_71301.jpeg,DOWNLOADED,100173,858fbb8b6d47d479b60f62928e79ad483ebceedc318c698de5a21e9af770279b,
3729,2191-XER,Bouquet Ideale,Xerjoff,Bouquet Ideale,CONFIRMED,FOUND,11800,https://www.fragrantica.com/perfume/Xerjoff/Bouquet-Ideale-11800.html,https://fimgs.net/mdimg/perfume-social-cards/en-p_c_11800.jpeg,fragrantica-scraper-archive/social-cards/images/3729_2191-XER_11800.jpeg,DOWNLOADED,113379,e45c70c95c0639c99825567c855a999422273894e6d5e2597865afbb6983e2b4,
3728,2193-LTN,the fragrance notes,,,CONFIRMED,FOUND,49753,https://www.fragrantica.com/perfume/Louis-Vuitton/Nouveau-Monde-49753.html,https://fimgs.net/mdimg/perfume-social-cards/en-p_c_49753.jpeg,fragrantica-scraper-archive/social-cards/images/3728_2193-LTN_49753.jpeg,DOWNLOADED,106407,c9433c427675bf726bd5b924207de860ca89391ab0e40497f8f9a57d2c62b0c0,
3727,2192-LTN,the fragrance notes,Louis Vuitton,Fleur du Desert,CONFIRMED,FOUND,73006,https://www.fragrantica.com/perfume/Louis-Vuitton/Fleur-du-Desert-73006.html,https://fimgs.net/mdimg/perfume-social-cards/en-p_c_73006.jpeg,fragrantica-scraper-archive/social-cards/images/3727_2192-LTN_73006.jpeg,DOWNLOADED,101217,47b80913dd8e8e6559090b52a08e3e69bea56d0fe7cc1e2b0a6dd09e9a3d14dc,
3726,2195-LEL,FLEUR D'ORANGER 27 - LE LABO,Le Labo,Fleur d Oranger 27,CONFIRMED,FOUND,6331,https://www.fragrantica.com/perfume/Le-Labo/Fleur-d-Oranger-27-6331.html,https://fimgs.net/mdimg/perfume-social-cards/en-p_c_6331.jpeg,fragrantica-scraper-archive/social-cards/images/3726_2195-LEL_6331.jpeg,DOWNLOADED,95757,acebe43a2357c7d64ec01fd4fe57ee34e17534cffe8e7b75999bf88dc78e926a,
3725,2196-BYR,Open Sky,Byredo,Open Sky,CONFIRMED,FOUND,66825,https://www.fragrantica.com/perfume/Byredo/Open-Sky-66825.html,https://fimgs.net/mdimg/perfume-social-cards/en-p_c_66825.jpeg,fragrantica-scraper-archive/social-cards/images/3725_2196-BYR_66825.jpeg,DOWNLOADED,101728,3815b83d88edc456381db77ac5b41f7a7177fcb30ec397d7a555e0990cd81833,
3724,2208-TMU,Angel Elixir,Mugler,Angel Elixir,CONFIRMED,FOUND,78581,https://www.fragrantica.com/perfume/Mugler/Angel-Elixir-78581.html,https://fimgs.net/mdimg/perfume-social-cards/en-p_c_78581.jpeg,fragrantica-scraper-archive/social-cards/images/3724_2208-TMU_78581.jpeg,DOWNLOADED,103867,2c5d30050d18c27a1deccc80c38e340e5600e92243590da5ead83a4183d8c803,
3717,2199-LAT,KHALIS MUSK (PURE MUSK) - LATTAFA,Lattafa Perfumes,Khalis Musk Pure Musk,CONFIRMED,FOUND,25880,https://www.fragrantica.com/perfume/Lattafa-Perfumes/Khalis-Musk-Pure-Musk-25880.html,https://fimgs.net/mdimg/perfume-social-cards/en-p_c_25880.jpeg,fragrantica-scraper-archive/social-cards/images/3717_2199-LAT_25880.jpeg,DOWNLOADED,93470,382c107e771396a7df0f23c7f98c1545ea793d565072a3a6df2d36d89aab0401,
3687,2162-BRB,Goddess,Burberry,Goddess,CONFIRMED,FOUND,83483,https://www.fragrantica.com/perfume/Burberry/Goddess-83483.html,https://fimgs.net/mdimg/perfume-social-cards/en-p_c_83483.jpeg,fragrantica-scraper-archive/social-cards/images/3687_2162-BRB_83483.jpeg,DOWNLOADED,102936,945aa4e8154c98c52bee192393b19a44e116c7c57227f11e2eeff1757222f2c8,
3686,2190-ROJ,,,,CONFIRMED,FOUND,10109,https://www.fragrantica.com/perfume/Roja-Dove/Diaghilev-10109.html,https://fimgs.net/mdimg/perfume-social-cards/en-p_c_10109.jpeg,fragrantica-scraper-archive/social-cards/images/3686_2190-ROJ_10109.jpeg,DOWNLOADED,109428,ae9bc77e585e5480e1058efb118ae9564957b4c29a6ea668f5c5fbb55230f812,
3685,2186-PARF,GODOLPHIN - PARFUMS DE MARLY,Parfums de Marly,Godolphin,CONFIRMED,FOUND,11771,https://www.fragrantica.com/perfume/Parfums-de-Marly/Godolphin-11771.html,https://fimgs.net/mdimg/perfume-social-cards/en-p_c_11771.jpeg,fragrantica-scraper-archive/social-cards/images/3685_2186-PARF_11771.jpeg,DOWNLOADED,102769,488eba4674c2e06fc6f7a860c37042fd59b9f077280fcbbd15c7ebd122d6076b,
3684,2184-KIL,INCENSE OUD - KILIAN,By Kilian,Incense Oud,CONFIRMED,FOUND,11090,https://www.fragrantica.com/perfume/By-Kilian/Incense-Oud-11090.html,https://fimgs.net/mdimg/perfume-social-cards/en-p_c_11090.jpeg,fragrantica-scraper-archive/social-cards/images/3684_2184-KIL_11090.jpeg,DOWNLOADED,108057,1ff55bcef1fad40f28925b76f5b9eb2cf6fe7502c0bde05925bacbdf7961cd6a,
3683,2187-INI,REHAB - INITIO,Initio Parfums Prives,Rehab,CONFIRMED,FOUND,50351,https://www.fragrantica.com/perfume/Initio-Parfums-Prives/Rehab-50351.html,https://fimgs.net/mdimg/perfume-social-cards/en-p_c_50351.jpeg,fragrantica-scraper-archive/social-cards/images/3683_2187-INI_50351.jpeg,DOWNLOADED,97591,126e47275bb2287f2cbf3e1b01ed0665750a812256c60d490e33bf830e883439,
3682,2188-INI,HIGH FREQUENCY - INITIO,Initio Parfums Prives,High Frequency,CONFIRMED,FOUND,42259,https://www.fragrantica.com/perfume/Initio-Parfums-Prives/High-Frequency-42259.html,https://fimgs.net/mdimg/perfume-social-cards/en-p_c_42259.jpeg,fragrantica-scraper-archive/social-cards/images/3682_2188-INI_42259.jpeg,DOWNLOADED,100317,b8580cfc9503693af84cdf69342b3d378aedaaef303e33548d99627015dc047c,
3681,2185-DRC,EAU SAUVAGE EXTREME 2010,Dior,Eau Sauvage Extreme 2010,CONFIRMED,FOUND,72771,https://www.fragrantica.com/perfume/Dior/Eau-Sauvage-Extreme-2010-72771.html,https://fimgs.net/mdimg/perfume-social-cards/en-p_c_72771.jpeg,fragrantica-scraper-archive/social-cards/images/3681_2185-DRC_72771.jpeg,DOWNLOADED,116813,e3bd1f344dbf141f5bff2e529cfa378463abd8f61089d353d1d7753f735ac062,
3676,2180-VAL,"VOCE VIVA INTENSEPerfume white floral, citrus, vanilla, mossy, sweet, earthy, powdery",Valentino,Voce Viva,CONFIRMED,FOUND,62754,https://www.fragrantica.com/perfume/Valentino/Voce-Viva-62754.html,https://fimgs.net/mdimg/perfume-social-cards/en-p_c_62754.jpeg,fragrantica-scraper-archive/social-cards/images/3676_2180-VAL_62754.jpeg,DOWNLOADED,104490,11a0182809209e0e852a36d907efe9bb3b88cc8533bb29a9b92ab10a6cb99262,
3675,2181-AMG,Love Tuberose,Amouage,Love Tuberose,CONFIRMED,FOUND,50889,https://www.fragrantica.com/perfume/Amouage/Love-Tuberose-50889.html,https://fimgs.net/mdimg/perfume-social-cards/en-p_c_50889.jpeg,fragrantica-scraper-archive/social-cards/images/3675_2181-AMG_50889.jpeg,DOWNLOADED,91752,22cea06fe1d75b56c4f6f121bdd2e86e4f730ebf742b0565d0dae99455515bee,
3674,2182-JOM,Honeysuckle & Davana - Jo Malone,Jo Malone London,Honeysuckle Davana,CONFIRMED,FOUND,51266,https://www.fragrantica.com/perfume/Jo-Malone-London/Honeysuckle-Davana-51266.html,https://fimgs.net/mdimg/perfume-social-cards/en-p_c_51266.jpeg,fragrantica-scraper-archive/social-cards/images/3674_2182-JOM_51266.jpeg,DOWNLOADED,105163,2edb05d337d018e107c7f0e9499bdff4a656ca0f55c4de033107e43740da997f,
3673,2183-MIY,Miu Miu Fleur de Lait,Miu Miu,Miu Miu Fleur de Lait,CONFIRMED,FOUND,78755,https://www.fragrantica.com/p/78755,https://fimgs.net/mdimg/perfume-social-cards/en-p_c_78755.jpeg,fragrantica-scraper-archive/social-cards/images/3673_2183-MIY_78755.jpeg,DOWNLOADED,96457,0b92eca1c7873f433aaca9aa0e0cfb29f9de36e63f2f7f15db338d823b2eba30,
3672,2178-MON,,Moncler,Moncler pour Homme,CONFIRMED,FOUND,69818,https://www.fragrantica.com/p/69818,https://fimgs.net/mdimg/perfume-social-cards/en-p_c_69818.jpeg,fragrantica-scraper-archive/social-cards/images/3672_2178-MON_69818.jpeg,DOWNLOADED,113076,c068e900fa55d09edc269891198ef7574dff1b3628b629c952eae55805f4e076,
3671,2176-TMFO,VELVET ORCHID LUMIERE,Tom Ford,Velvet Orchid Lumiere,CONFIRMED,FOUND,40986,https://www.fragrantica.com/perfume/Tom-Ford/Velvet-Orchid-Lumiere-40986.html,https://fimgs.net/mdimg/perfume-social-cards/en-p_c_40986.jpeg,fragrantica-scraper-archive/social-cards/images/3671_2176-TMFO_40986.jpeg,DOWNLOADED,103032,524d6c50bdc745094598d6be37bc9047a79ec1f6dacdc31784b6a7b15f054e98,
3670,2177-SERG,UN BOIS VANILLE - SERGE LUTENS,Serge Lutens,Un Bois Vanille,CONFIRMED,FOUND,478,https://www.fragrantica.com/perfume/Serge-Lutens/Un-Bois-Vanille-478.html,https://fimgs.net/mdimg/perfume-social-cards/en-p_c_478.jpeg,fragrantica-scraper-archive/social-cards/images/3670_2177-SERG_478.jpeg,DOWNLOADED,102455,4c1d0017fa23dafd1b1c09e81c71862eb6f06a837cc30ab39703d9ce496a0624,
3669,2179-PEN,TRALALA,Penhaligon s,Tralala,CONFIRMED,FOUND,23081,https://www.fragrantica.com/perfume/Penhaligon-s/Tralala-23081.html,https://fimgs.net/mdimg/perfume-social-cards/en-p_c_23081.jpeg,fragrantica-scraper-archive/social-cards/images/3669_2179-PEN_23081.jpeg,DOWNLOADED,102621,43ec903020125c0607fa65c18906b1ff1ca54ef7ab2847b0da690d6608e1308c,
3667,1868-VER,Pour Homme,Versace,Versace Pour Homme,CONFIRMED,FOUND,2318,https://www.fragrantica.com/perfume/Versace/Versace-Pour-Homme-2318.html,https://fimgs.net/mdimg/perfume-social-cards/en-p_c_2318.jpeg,fragrantica-scraper-archive/social-cards/images/3667_1868-VER_2318.jpeg,DOWNLOADED,108524,fb7c81be63a3b3568a52497e504597d96dfe6d248303a8b38183beefe7481d66,
3661,2165-KAY,VANILLA ROYALE SUGARED PATCHOULI - KAYALI,Kayali Fragrances,Vanilla Royale Sugared Patchouli 64 Eau De Parfum Intense,CONFIRMED,FOUND,77430,https://www.fragrantica.com/p/77430,https://fimgs.net/mdimg/perfume-social-cards/en-p_c_77430.jpeg,fragrantica-scraper-archive/social-cards/images/3661_2165-KAY_77430.jpeg,DOWNLOADED,109780,5c805f979f8e2718181d4a99ee4e079e138686b0e5510df4ae93617e2f5467aa,
3660,887-RCAV,ACQUA - ROBERTO CAVALLI,Roberto Cavalli,Roberto Cavalli Acqua,CONFIRMED,FOUND,17310,https://www.fragrantica.com/p/17310,https://fimgs.net/mdimg/perfume-social-cards/en-p_c_17310.jpeg,fragrantica-scraper-archive/social-cards/images/3660_887-RCAV_17310.jpeg,DOWNLOADED,99072,393cb5f27235f47bc0e3ff983dbd23117c7ad58fb0d509fcc3499b6996a869cf,
3645,,,Anfasic Dokhoon,Sukar Eau de Parfum,CONFIRMED,FOUND,23000,https://www.fragrantica.com/perfume/Anfasic-Dokhoon/Sukar-23000.html,https://fimgs.net/mdimg/perfume-social-cards/en-p_c_23000.jpeg,fragrantica-scraper-archive/social-cards/images/3645_unknown_23000.jpeg,DOWNLOADED,118941,f55dcf293e182b55dffe9bd28cd4430551909f1f9c8c3afde35bf6c5108c64e0,
3641,,,Swiss Arabian,Kashkha,CONFIRMED,FOUND,19456,https://www.fragrantica.com/perfume/Swiss-Arabian/Kashkha-19456.html,https://fimgs.net/mdimg/perfume-social-cards/en-p_c_19456.jpeg,fragrantica-scraper-archive/social-cards/images/3641_unknown_19456.jpeg,DOWNLOADED,115481,17b155ad7b673962f37de17710982a4ffbb5cc74a9c525864419cf05859c8930,
3638,2174-ZIE,VANILLA BLEND,Zielinski & Rozen,Vanilla Blend,CONFIRMED,FOUND,65069,https://www.fragrantica.com/p/65069,https://fimgs.net/mdimg/perfume-social-cards/en-p_c_65069.jpeg,fragrantica-scraper-archive/social-cards/images/3638_2174-ZIE_65069.jpeg,DOWNLOADED,90236,bf23f6350181612e17664628705670b2b99f46304e52748f3e60c86cb27b52a6,
3635,1771-EMAN,DESNUDA - UNGARO EMANUEL,Emanuel Ungaro,Desnuda,CONFIRMED,FOUND,3612,https://www.fragrantica.com/p/3612,https://fimgs.net/mdimg/perfume-social-cards/en-p_c_3612.jpeg,fragrantica-scraper-archive/social-cards/images/3635_1771-EMAN_3612.jpeg,DOWNLOADED,108343,49aca44a3217845ea0d5fac8501bc3188076aa6217f407bc1e4aab672b90ffff,
3632,2175-ESCE,MOLECULE 01 + MANDARIN - ESCENTRIC MOLECULES,Escentric Molecules,Molecule 01 + Mandarin,CONFIRMED,FOUND,66047,https://www.fragrantica.com/p/66047,https://fimgs.net/mdimg/perfume-social-cards/en-p_c_66047.jpeg,fragrantica-scraper-archive/social-cards/images/3632_2175-ESCE_66047.jpeg,DOWNLOADED,102964,3db03b6cd0a9d91e1f047257f8883c8448b0bee2f01bd9767143922edb3405e7,
3630,2171-XER,,Xerjoff,Nio,CONFIRMED,FOUND,10244,https://www.fragrantica.com/perfume/Xerjoff/Nio-10244.html,https://fimgs.net/mdimg/perfume-social-cards/en-p_c_10244.jpeg,fragrantica-scraper-archive/social-cards/images/3630_2171-XER_10244.jpeg,DOWNLOADED,102423,164a514ce3381c03620dff176dd67e51075205b8cba229000e308934732f9916,
3629,2170-BOA,Ardent,Boadicea the Victorious,Ardent,CONFIRMED,FOUND,20516,https://www.fragrantica.com/perfume/Boadicea-the-Victorious/Ardent-20516.html,https://fimgs.net/mdimg/perfume-social-cards/en-p_c_20516.jpeg,fragrantica-scraper-archive/social-cards/images/3629_2170-BOA_20516.jpeg,DOWNLOADED,119907,1f39ac126da06b808aea009f01c9290498ef5652ea77603ea338b5cb04083beb,
3628,2097-ACQ,Blue Mediterraneo,Acqua di Parma,Acqua di parma Blue Mediterraneo Mirto di Panarea,CONFIRMED,FOUND,3108,https://www.fragrantica.com/perfume/Acqua-di-Parma/Acqua-di-parma-Blue-Mediterraneo-Mirto-di-Panarea-3108.html,https://fimgs.net/mdimg/perfume-social-cards/en-p_c_3108.jpeg,fragrantica-scraper-archive/social-cards/images/3628_2097-ACQ_3108.jpeg,DOWNLOADED,112869,4f54741f0a76f38d9ba57bfbac8fc69899c5e481ea8110f9e4a0208c7acda68b,
3627,412-BOD,WHITE MUSK L'EAU - BODY SHOP,The Body Shop,White Musk L'Eau,CONFIRMED,FOUND,44100,https://www.fragrantica.com/p/44100,https://fimgs.net/mdimg/perfume-social-cards/en-p_c_44100.jpeg,fragrantica-scraper-archive/social-cards/images/3627_412-BOD_44100.jpeg,DOWNLOADED,95092,3cd74ffbfeab6a0504c5af469ac86bdec39147dd6d252d4d92694e555c593de3,
3623,2157-BLG,MA MAGNIFICΑ,Bvlgari,Ma magnifica,CONFIRMED,FOUND,79715,https://www.fragrantica.com/perfume/Bvlgari/Ma-magnifica-79715.html,https://fimgs.net/mdimg/perfume-social-cards/en-p_c_79715.jpeg,fragrantica-scraper-archive/social-cards/images/3623_2157-BLG_79715.jpeg,DOWNLOADED,90853,e4eaf43ea07f670f6684e33f15edaf9d6ce8bcca63001d6471a2918f9430f0d8,
3622,2154-KAY,UTOPIA VANILLA COCO 21 - KAYALI,Kayali Fragrances,Utopia Vanilla Coco 21,CONFIRMED,FOUND,68220,https://www.fragrantica.com/perfume/Kayali-Fragrances/Utopia-Vanilla-Coco-21-68220.html,https://fimgs.net/mdimg/perfume-social-cards/en-p_c_68220.jpeg,fragrantica-scraper-archive/social-cards/images/3622_2154-KAY_68220.jpeg,DOWNLOADED,94485,6a82266552a51d10040fca34641254fc001a1d910198a9b13aeab63338b3ae2a,
3621,2153-KAY,DEJA VU WHITE FLOWER 57 - KAYALI,Kayali Fragrances,Deja Vu White Flower 57,CONFIRMED,FOUND,59093,https://www.fragrantica.com/perfume/Kayali-Fragrances/Deja-Vu-White-Flower-57-59093.html,https://fimgs.net/mdimg/perfume-social-cards/en-p_c_59093.jpeg,fragrantica-scraper-archive/social-cards/images/3621_2153-KAY_59093.jpeg,DOWNLOADED,105001,45f3e794d4be2e11c3a492da73b734c9ee79df3ee441ab34c175a87a7701cbc0,
3619,2159-CAR,CALL ME DARLING,Carolina Herrera,Call Me Darling,CONFIRMED,FOUND,77691,https://www.fragrantica.com/perfume/Carolina-Herrera/Call-Me-Darling-77691.html,https://fimgs.net/mdimg/perfume-social-cards/en-p_c_77691.jpeg,fragrantica-scraper-archive/social-cards/images/3619_2159-CAR_77691.jpeg,DOWNLOADED,97727,c57d708444eea410edd9f90db869747b777ba05c9620d606473d64def72a09ae,
3618,2155-KAY,YUM PISTACHIO GELATO - KAYALI,Kayali Fragrances,Yum Pistachio Gelato 33,CONFIRMED,FOUND,79846,https://www.fragrantica.com/perfume/Kayali-Fragrances/Yum-Pistachio-Gelato-33-79846.html,https://fimgs.net/mdimg/perfume-social-cards/en-p_c_79846.jpeg,fragrantica-scraper-archive/social-cards/images/3618_2155-KAY_79846.jpeg,DOWNLOADED,98472,076818076424d76d6bbaf1d7af21838d5a3535af9ec16c0de24b86d80a881bdc,
3617,2156-NRO,FOR HER FOREVER - RODRIGUEZ,Narciso Rodriguez,Narciso Rodriguez For Her Forever,CONFIRMED,FOUND,78835,https://www.fragrantica.com/perfume/Narciso-Rodriguez/Narciso-Rodriguez-For-Her-Forever-78835.html,https://fimgs.net/mdimg/perfume-social-cards/en-p_c_78835.jpeg,fragrantica-scraper-archive/social-cards/images/3617_2156-NRO_78835.jpeg,DOWNLOADED,97933,767040b96f3d73f8ec7dc38f8db596c3960bac812c1d6fca200834d849d0505f,
3616,2158-MNT,RENDEZ VOUS A PARIS - MONTALE,Montale,Rendez vous a Paris,CONFIRMED,FOUND,82127,https://www.fragrantica.com/perfume/Montale/Rendez-vous-a-Paris-82127.html,https://fimgs.net/mdimg/perfume-social-cards/en-p_c_82127.jpeg,fragrantica-scraper-archive/social-cards/images/3616_2158-MNT_82127.jpeg,DOWNLOADED,100556,a914b46d72497b98520f6decff8d792e8d360841ac1df9652929b479dc8ba20a,
3603,2060-BAT,WHISKEY RESERVE - BATH & BODY WORKS,Bath Body Works,Whiskey Reserve,CONFIRMED,FOUND,76785,https://www.fragrantica.com/perfume/Bath-Body-Works/Whiskey-Reserve-76785.html,https://fimgs.net/mdimg/perfume-social-cards/en-p_c_76785.jpeg,fragrantica-scraper-archive/social-cards/images/3603_2060-BAT_76785.jpeg,DOWNLOADED,94199,67491f6f238de80329d10b6986c17e3f83e16ea91dad804227790c2a73a74e76,
3602,2151-GIV,GENTLEMAN SOCIETY,Givenchy,Gentleman Society,CONFIRMED,FOUND,78639,https://www.fragrantica.com/perfume/Givenchy/Gentleman-Society-78639.html,https://fimgs.net/mdimg/perfume-social-cards/en-p_c_78639.jpeg,fragrantica-scraper-archive/social-cards/images/3602_2151-GIV_78639.jpeg,DOWNLOADED,102013,35b2aca632b71ae5c5be384d8b830e6155f9c0444e839f7643b30b66805777fa,
3601,2063-MNT,HERBAL AQUATICA - MONTALE,Montale,Herbal Aquatica,CONFIRMED,FOUND,78379,https://www.fragrantica.com/perfume/Montale/Herbal-Aquatica-78379.html,https://fimgs.net/mdimg/perfume-social-cards/en-p_c_78379.jpeg,fragrantica-scraper-archive/social-cards/images/3601_2063-MNT_78379.jpeg,DOWNLOADED,104328,dd989421ed4eeb62e0185cb9307a32589c81a1c3cbd2ccb569a70ca4612a807b,
3600,2059-NARC,,Narcotica,Dulce Diablo,CONFIRMED,FOUND,73265,https://www.fragrantica.com/p/73265,https://fimgs.net/mdimg/perfume-social-cards/en-p_c_73265.jpeg,fragrantica-scraper-archive/social-cards/images/3600_2059-NARC_73265.jpeg,DOWNLOADED,111483,5cdd681b2edde4d70e08ce4ef3aa0fd1f5240cc047838d298b5fb5909625ef90,
3599,2061-YZLO,BLACK OPIUM LE PARFUM,Yves Saint Laurent,Black Opium Le Parfum,CONFIRMED,FOUND,78427,https://www.fragrantica.com/perfume/Yves-Saint-Laurent/Black-Opium-Le-Parfum-78427.html,https://fimgs.net/mdimg/perfume-social-cards/en-p_c_78427.jpeg,fragrantica-scraper-archive/social-cards/images/3599_2061-YZLO_78427.jpeg,DOWNLOADED,110683,32d53691f742f1b9b5af8f6462251e0a21690ad4d99b1f08c44f8c3eba533c5d,
3597,2152-XER,Apollonia,Xerjoff,Apollonia,CONFIRMED,FOUND,55970,https://www.fragrantica.com/perfume/Xerjoff/Apollonia-55970.html,https://fimgs.net/mdimg/perfume-social-cards/en-p_c_55970.jpeg,fragrantica-scraper-archive/social-cards/images/3597_2152-XER_55970.jpeg,DOWNLOADED,88038,11d874735a7c7f345606e242c07c373ac44f8a1b5d94c1b264da4c942891b690,
3596,2148-BAT,PURE WONDER - BATH & BODY WORKS,Bath Body Works,Pure-wonder-eau-de-,CONFIRMED,FOUND,70500,https://www.fragrantica.com/perfume/Bath-Body-Works/Pure-Wonder-70500.html,https://fimgs.net/mdimg/perfume-social-cards/en-p_c_70500.jpeg,fragrantica-scraper-archive/social-cards/images/3596_2148-BAT_70500.jpeg,DOWNLOADED,96304,3d953dc202f67a49173bc6636b6aee5bd11f3755b21c07bcf726e3a5eef03e38,
3595,2149-ESC,SANTORINI SUNRISE - ESCADA,Escada,Santorini Sunrise,CONFIRMED,FOUND,78425,https://www.fragrantica.com/p/78425,https://fimgs.net/mdimg/perfume-social-cards/en-p_c_78425.jpeg,fragrantica-scraper-archive/social-cards/images/3595_2149-ESC_78425.jpeg,DOWNLOADED,100211,c0f5ad24135956ed354f2ebe4963d4758518b308cd6e5e528ed8af577418b8d1,
3593,2150-LEL,THE MATCHA 26 - LE LABO,Le Labo,The Matcha 26,CONFIRMED,FOUND,69731,https://www.fragrantica.com/perfume/Le-Labo/The-Matcha-26-69731.html,https://fimgs.net/mdimg/perfume-social-cards/en-p_c_69731.jpeg,fragrantica-scraper-archive/social-cards/images/3593_2150-LEL_69731.jpeg,DOWNLOADED,101210,a28b1fc72338c1094f958cc16faaebf2f9e594c4d5a66dc71cdfb8a4ba133c4c,
3592,2147-TMFO,ELECTRIC CHERRY,Tom Ford,Electric Cherry,CONFIRMED,FOUND,78583,https://www.fragrantica.com/perfume/Tom-Ford/Electric-Cherry-78583.html,https://fimgs.net/mdimg/perfume-social-cards/en-p_c_78583.jpeg,fragrantica-scraper-archive/social-cards/images/3592_2147-TMFO_78583.jpeg,DOWNLOADED,107512,0aa811bdaf825a20a0e1f0ba4dc69056ee99a0c5c69476213de4d49f5b2a1a28,
3590,2057-ESCE,MOLECULE 01 + BLACK TEA - ESCENTRIC,Escentric Molecules,Molecule 01 + Black Tea,CONFIRMED,FOUND,79414,https://www.fragrantica.com/p/79414,https://fimgs.net/mdimg/perfume-social-cards/en-p_c_79414.jpeg,fragrantica-scraper-archive/social-cards/images/3590_2057-ESCE_79414.jpeg,DOWNLOADED,106899,8abe02912fed9a2476609c8731607fb0244fa304de03bc9cc9884c6d29552bc7,
3589,2143-XER,Amber Star,Xerjoff,Amber Star,CONFIRMED,FOUND,21618,https://www.fragrantica.com/perfume/Xerjoff/Amber-Star-21618.html,https://fimgs.net/mdimg/perfume-social-cards/en-p_c_21618.jpeg,fragrantica-scraper-archive/social-cards/images/3589_2143-XER_21618.jpeg,DOWNLOADED,99283,5d1010c468a7a22c90ebf48c9c0f22aba277d4c83fbbe752db7a6a20d705f837,
3588,2141-LTN,the fragrance notes,Louis Vuitton,Stellar Times,CONFIRMED,FOUND,68356,https://www.fragrantica.com/perfume/Louis-Vuitton/Stellar-Times-68356.html,https://fimgs.net/mdimg/perfume-social-cards/en-p_c_68356.jpeg,fragrantica-scraper-archive/social-cards/images/3588_2141-LTN_68356.jpeg,DOWNLOADED,99995,d98b3691cddb579367483d2818e71655ad9747bb5299e3e4cda16f199490fc42,
3587,2144-ARM,STRONGER WITH YOU LIMITED EDITION,Giorgio Armani,Stronger With You Limited Edition,CONFIRMED,FOUND,79166,https://www.fragrantica.com/perfume/Giorgio-Armani/Stronger-With-You-Limited-Edition-79166.html,https://fimgs.net/mdimg/perfume-social-cards/en-p_c_79166.jpeg,fragrantica-scraper-archive/social-cards/images/3587_2144-ARM_79166.jpeg,DOWNLOADED,111990,023b5f95cf3a28c0bc9fc9d9287697794bcfcf6dec19b1a6b7e9d5f8f670d4ed,
3574,2142-PARF,PEGASUS EXCLUSIVE - PARFUMS DE MARLY,Parfums de Marly,Pegasus Exclusif,CONFIRMED,FOUND,63100,https://www.fragrantica.com/perfume/Parfums-de-Marly/Pegasus-Exclusif-63100.html,https://fimgs.net/mdimg/perfume-social-cards/en-p_c_63100.jpeg,fragrantica-scraper-archive/social-cards/images/3574_2142-PARF_63100.jpeg,DOWNLOADED,103478,3349d736bdaed13c439089db8b25f646989d7b68d2f55f4b3ca8bbb8590712c4,
3573,2140-XER,Starlight,Xerjoff,Starlight,CONFIRMED,FOUND,58246,https://www.fragrantica.com/perfume/Xerjoff/Starlight-58246.html,https://fimgs.net/mdimg/perfume-social-cards/en-p_c_58246.jpeg,fragrantica-scraper-archive/social-cards/images/3573_2140-XER_58246.jpeg,DOWNLOADED,103054,f135d52a211e90f5edd5e82c2b02851f89e5955e2a2ff978285481ba6041d170,
3572,2139-XER,Cruz del Sur I,Xerjoff,Cruz del Sur I,CONFIRMED,FOUND,46097,https://www.fragrantica.com/perfume/Xerjoff/Cruz-del-Sur-I-46097.html,https://fimgs.net/mdimg/perfume-social-cards/en-p_c_46097.jpeg,fragrantica-scraper-archive/social-cards/images/3572_2139-XER_46097.jpeg,DOWNLOADED,106543,5969268d34b3c1f6f316314f2478877627e0059c3369ddd7784c808efb3beed9,
3571,2138-TMFO,LONDON,Tom Ford,London,CONFIRMED,FOUND,18883,https://www.fragrantica.com/perfume/Tom-Ford/London-18883.html,https://fimgs.net/mdimg/perfume-social-cards/en-p_c_18883.jpeg,fragrantica-scraper-archive/social-cards/images/3571_2138-TMFO_18883.jpeg,DOWNLOADED,102476,a6c1b6b1770734a69395fba94ba415f6746014019019da59b29a581ca9201b84,
3570,2137-ROJ,,Roja Parfums,GREAT BRITAIN - ROJA DOVE,CONFIRMED,FOUND,32537,https://www.fragrantica.com/perfume/Roja-Dove/Great-Britain-32537.html,https://fimgs.net/mdimg/perfume-social-cards/en-p_c_32537.jpeg,fragrantica-scraper-archive/social-cards/images/3570_2137-ROJ_32537.jpeg,DOWNLOADED,113070,7b64f7e599147e3a5ee97dd42dde9679e2feca85ce542a08fd75f1f266ae1ca9,
3569,2135-KUR,AQUA CELESTIA,Maison Francis Kurkdjian,Aqua Celestia,CONFIRMED,FOUND,42268,https://www.fragrantica.com/perfume/Maison-Francis-Kurkdjian/Aqua-Celestia-42268.html,https://fimgs.net/mdimg/perfume-social-cards/en-p_c_42268.jpeg,fragrantica-scraper-archive/social-cards/images/3569_2135-KUR_42268.jpeg,DOWNLOADED,106128,6c6c7ada8774d7d73f066d6331d2ec78a0b83281d846e55cf469612eed8a89e3,
3568,2134-MEM,OCEAN LEATHER - MEMO PARIS,Memo Paris,Ocean Leather,CONFIRMED,FOUND,60587,https://www.fragrantica.com/perfume/Memo-Paris/Ocean-Leather-60587.html,https://fimgs.net/mdimg/perfume-social-cards/en-p_c_60587.jpeg,fragrantica-scraper-archive/social-cards/images/3568_2134-MEM_60587.jpeg,DOWNLOADED,102756,8df12faaa12a5583a92d78a92e6dd8b20d640c87d17416c1f499d446b80d2b73,
3567,,,Frédéric Malle,Lipstick Rose Eau de Parfum,CONFIRMED,FOUND,2799,https://www.fragrantica.com/perfume/Frederic-Malle/Lipstick-Rose-2799.html,https://fimgs.net/mdimg/perfume-social-cards/en-p_c_2799.jpeg,fragrantica-scraper-archive/social-cards/images/3567_unknown_2799.jpeg,DOWNLOADED,101563,ea7801f2b3ff41e2ea327dbeaa0b52d5a74be4e41b467550d65d26d11c029cc1,
3566,2132-DRC,OUD ROSEWOOD,Dior,Oud Rosewood,CONFIRMED,FOUND,60318,https://www.fragrantica.com/perfume/Dior/Oud-Rosewood-60318.html,https://fimgs.net/mdimg/perfume-social-cards/en-p_c_60318.jpeg,fragrantica-scraper-archive/social-cards/images/3566_2132-DRC_60318.jpeg,DOWNLOADED,104722,113a8b19849e1a1a564d4cd2f17e91f3ee9532a010cbeb0b0df25270d33b4620,
3565,2131-CRD,Neroli Sauvage,Creed,Neroli Sauvage,CONFIRMED,FOUND,475,https://www.fragrantica.com/perfume/Creed/Neroli-Sauvage-475.html,https://fimgs.net/mdimg/perfume-social-cards/en-p_c_475.jpeg,fragrantica-scraper-archive/social-cards/images/3565_2131-CRD_475.jpeg,DOWNLOADED,100224,ba0eccd5841bfe3429a350371331fab2635547544d0aff1c74ea58058827fa77,
3564,2130-AMG,REFLECTION MAN - AMOUAGE,Amouage,Reflection Man,CONFIRMED,FOUND,920,https://www.fragrantica.com/perfume/Amouage/Reflection-Man-920.html,https://fimgs.net/mdimg/perfume-social-cards/en-p_c_920.jpeg,fragrantica-scraper-archive/social-cards/images/3564_2130-AMG_920.jpeg,DOWNLOADED,106742,6ff8abd69200a3f8bbba299bef0eedb6d0f2900284934bf4bdad374742aacad8,
3563,2136-PARF,,Parfums de Marly,Valaya,CONFIRMED,FOUND,78574,https://www.fragrantica.com/perfume/Parfums-de-Marly/Valaya-78574.html,https://fimgs.net/mdimg/perfume-social-cards/en-p_c_78574.jpeg,fragrantica-scraper-archive/social-cards/images/3563_2136-PARF_78574.jpeg,DOWNLOADED,91011,27616b6c8398ee47966f98c999fb615edac9d6e02ef609079853168ae695ed99,
3538,2128-BEN,,Benetton,We Are Tribe,CONFIRMED,FOUND,77611,https://www.fragrantica.com/perfume/Benetton/We-Are-Tribe-77611.html,https://fimgs.net/mdimg/perfume-social-cards/en-p_c_77611.jpeg,fragrantica-scraper-archive/social-cards/images/3538_2128-BEN_77611.jpeg,DOWNLOADED,107994,379d810fd27f67c7cc2b8ab3e2590134a2a9b5b531c8001ed19d40d611c59f8e,
3537,2127-HUG,BOSS BOTTLED PACIFIC,Hugo Boss,Boss Bottled Pacific,CONFIRMED,FOUND,79762,https://www.fragrantica.com/perfume/Hugo-Boss/Boss-Bottled-Pacific-79762.html,https://fimgs.net/mdimg/perfume-social-cards/en-p_c_79762.jpeg,fragrantica-scraper-archive/social-cards/images/3537_2127-HUG_79762.jpeg,DOWNLOADED,102222,f53df005b867d724acceec2bac52ee0f6232623049fd0c3605b17b343e768672,
3536,2125-TRU,THE ITALIAN ARTISTS OF VIA SOLFERINO,Trussardi,The Italian Artists of Via Solferino,CONFIRMED,FOUND,73547,https://www.fragrantica.com/perfume/Trussardi/The-Italian-Artists-of-Via-Solferino-73547.html,https://fimgs.net/mdimg/perfume-social-cards/en-p_c_73547.jpeg,fragrantica-scraper-archive/social-cards/images/3536_2125-TRU_73547.jpeg,DOWNLOADED,103436,4de7f4266cbfb6c3ec764144613312072ac9f0b29c1be99c89ac1b04155c0857,
3535,2126-GIV,MMW,Givenchy,MMW,CONFIRMED,FOUND,74819,https://www.fragrantica.com/perfume/Givenchy/MMW-74819.html,https://fimgs.net/mdimg/perfume-social-cards/en-p_c_74819.jpeg,fragrantica-scraper-archive/social-cards/images/3535_2126-GIV_74819.jpeg,DOWNLOADED,94550,ece2d6b7dc1d207ec126fbff0305be17bf6ed7547f48504ee8a3f6ee9272cf90,
3534,2056-ARIA,MOD BLUSH - ARIANA GRANDE,Ariana Grande,Mod Blush,CONFIRMED,FOUND,77800,https://www.fragrantica.com/perfume/Ariana-Grande/Mod-Blush-77800.html,https://fimgs.net/mdimg/perfume-social-cards/en-p_c_77800.jpeg,fragrantica-scraper-archive/social-cards/images/3534_2056-ARIA_77800.jpeg,DOWNLOADED,93434,9c06365f7db55f38c180a0ca27e3d6923bfbfc80f6433a6eb95fdba7a8ec6641,
3533,2055-BAT,DREAM BRIGHT - BATH & BODY WORKS,Bath Body Works,Dream-bright-eau-de-,CONFIRMED,FOUND,78849,https://www.fragrantica.com/p/78849,https://fimgs.net/mdimg/perfume-social-cards/en-p_c_78849.jpeg,fragrantica-scraper-archive/social-cards/images/3533_2055-BAT_78849.jpeg,DOWNLOADED,98623,ff9d45a37811b801f2a975c02b4a4923ebe9511ab3ba4f83be32871cb980275b,
3532,2054-CAR,BAD BOY GOLD FANTASY,Carolina Herrera,Bad Boy Gold Fantasy,CONFIRMED,FOUND,76365,https://www.fragrantica.com/perfume/Carolina-Herrera/Bad-Boy-Gold-Fantasy-76365.html,https://fimgs.net/mdimg/perfume-social-cards/en-p_c_76365.jpeg,fragrantica-scraper-archive/social-cards/images/3532_2054-CAR_76365.jpeg,DOWNLOADED,112599,d5499b48aa788d861ec58c669bf5c134e6216f8c67ea889d4a82e719013e7e1c,
3531,2048-KIL,MADLY IN LOVE - KILIAN,By Kilian,Yes I Was Madly In Love But That Was Yesterday,CONFIRMED,FOUND,50933,https://www.fragrantica.com/perfume/By-Kilian/Yes-I-Was-Madly-In-Love-But-That-Was-Yesterday-50933.html,https://fimgs.net/mdimg/perfume-social-cards/en-p_c_50933.jpeg,fragrantica-scraper-archive/social-cards/images/3531_2048-KIL_50933.jpeg,DOWNLOADED,104353,4febf6bc8b11f755f59a04c2245b6cd5bb2a12967a0e8d72c77e4e6382e14215,
3530,2046-VICT,VERY SEXY OASIS - VICTORIA'S SECRET,Victoria s Secret,Very Sexy Oasis,CONFIRMED,FOUND,72836,https://www.fragrantica.com/perfume/Victoria-s-Secret/Very-Sexy-Oasis-72836.html,https://fimgs.net/mdimg/perfume-social-cards/en-p_c_72836.jpeg,fragrantica-scraper-archive/social-cards/images/3530_2046-VICT_72836.jpeg,DOWNLOADED,90464,24278d221d203ceea9b4b6fe5df7eb44fca6c04da9a49668d0265094a25e74d2,
3529,2045-HER,EAU D'ORANGE VERTE - HERMES,Hermes,Eau d Orange Verte,CONFIRMED,FOUND,6065,https://www.fragrantica.com/perfume/Hermes/Eau-d-Orange-Verte-6065.html,https://fimgs.net/mdimg/perfume-social-cards/en-p_c_6065.jpeg,fragrantica-scraper-archive/social-cards/images/3529_2045-HER_6065.jpeg,DOWNLOADED,102572,5ea9a557a35778ded7f582e30002aefff76bb066e125d07e579a983537d62c08,
3528,2053-BDIK,GRIS CHARNEL EXTRAIT - BDK,BDK Parfums,Gris Charnel Extrait,CONFIRMED,FOUND,73645,https://www.fragrantica.com/perfume/BDK-Parfums/Gris-Charnel-Extrait-73645.html,https://fimgs.net/mdimg/perfume-social-cards/en-p_c_73645.jpeg,fragrantica-scraper-archive/social-cards/images/3528_2053-BDIK_73645.jpeg,DOWNLOADED,103317,837d9e3645eef6dc513cae7533e739d4d63213f46a76d6dc252ba8cd8d9990c7,
3527,2040-AMG,Dia Woman,Amouage,Dia Woman,CONFIRMED,FOUND,1109,https://www.fragrantica.com/perfume/Amouage/Dia-Woman-1109.html,https://fimgs.net/mdimg/perfume-social-cards/en-p_c_1109.jpeg,fragrantica-scraper-archive/social-cards/images/3527_2040-AMG_1109.jpeg,DOWNLOADED,105039,3508f0666b1fb2674b0947dd7b7726c521e126a64b70082b9a861126e6f2a13c,
3526,2038-TMFO,CHERRY SMOKE,Tom Ford,Cherry Smoke,CONFIRMED,FOUND,78578,https://www.fragrantica.com/perfume/Tom-Ford/Cherry-Smoke-78578.html,https://fimgs.net/mdimg/perfume-social-cards/en-p_c_78578.jpeg,fragrantica-scraper-archive/social-cards/images/3526_2038-TMFO_78578.jpeg,DOWNLOADED,106227,cfabf7dd585e081deb6d2768f478faaf0e38d2a1a87acfc8c2f111e1dff5e019,
3525,2037-VICT,COCONUT MILK & ROSE - V,Victoria s Secret,Coconut Milk Rose,CONFIRMED,FOUND,122346,https://www.fragrantica.com/perfume/Victoria-s-Secret/Coconut-Milk-Rose-122346.html,https://fimgs.net/mdimg/perfume-social-cards/en-p_c_122346.jpeg,fragrantica-scraper-archive/social-cards/images/3525_2037-VICT_122346.jpeg,DOWNLOADED,85824,c7d22fe835295d66e2718d700dd74f1d3b59eb6a9720bf78a6c0dd696e1511e3,
3524,2119-ARM,MY WAY PARFUM,Giorgio Armani,My Way Parfum,CONFIRMED,FOUND,78561,https://www.fragrantica.com/perfume/Giorgio-Armani/My-Way-Parfum-78561.html,https://fimgs.net/mdimg/perfume-social-cards/en-p_c_78561.jpeg,fragrantica-scraper-archive/social-cards/images/3524_2119-ARM_78561.jpeg,DOWNLOADED,101020,33329c76844da6b58fb123b4b9d42cd1eade5bc6fa644158ef68d2927ac0c821,
3523,2116-ARM,MY WAY FLORAL,Giorgio Armani,My Way Floral,CONFIRMED,FOUND,73284,https://www.fragrantica.com/perfume/Giorgio-Armani/My-Way-Floral-73284.html,https://fimgs.net/mdimg/perfume-social-cards/en-p_c_73284.jpeg,fragrantica-scraper-archive/social-cards/images/3523_2116-ARM_73284.jpeg,DOWNLOADED,98107,62dbb2dd62b3674ff1ecf74c93840ed9603f7d4df4d8ed85cf0ba207b3515c3b,
3522,2117-YZLO,LIBRE LE PARFUM,Yves Saint Laurent,Libre Le Parfum,CONFIRMED,FOUND,75676,https://www.fragrantica.com/perfume/Yves-Saint-Laurent/Libre-Le-Parfum-75676.html,https://fimgs.net/mdimg/perfume-social-cards/en-p_c_75676.jpeg,fragrantica-scraper-archive/social-cards/images/3522_2117-YZLO_75676.jpeg,DOWNLOADED,106539,8b6fdf31a848d2492c3a0fa4f5c308ea19c82df1ca11b9adbeb58b076a1c0aab,
3521,2115-EST,OASIS DAWN - ESTEE LAUDER,Estee Lauder,Oasis Dawn,CONFIRMED,FOUND,76833,https://www.fragrantica.com/perfume/Estee-Lauder/Oasis-Dawn-76833.html,https://fimgs.net/mdimg/perfume-social-cards/en-p_c_76833.jpeg,fragrantica-scraper-archive/social-cards/images/3521_2115-EST_76833.jpeg,DOWNLOADED,108458,dcac497e28dbad67e4283fdcad0c5719d1ef5da438e89622eb911b11072b0fc9,
3520,2118-GUC,Bloom Intense,Gucci,Gucci Bloom Intense,CONFIRMED,FOUND,79602,https://www.fragrantica.com/perfume/Gucci/Gucci-Bloom-Intense-79602.html,https://fimgs.net/mdimg/perfume-social-cards/en-p_c_79602.jpeg,fragrantica-scraper-archive/social-cards/images/3520_2118-GUC_79602.jpeg,DOWNLOADED,109413,96af9ec9acad659dc79c17f0552689929a27b7684bfa970b91af3c59ff97339f,
3519,2124-CAR,ALEGRIA DE VIVIR,Carolina Herrera,Alegria de Vivir,CONFIRMED,FOUND,77692,https://www.fragrantica.com/perfume/Carolina-Herrera/Alegria-de-Vivir-77692.html,https://fimgs.net/mdimg/perfume-social-cards/en-p_c_77692.jpeg,fragrantica-scraper-archive/social-cards/images/3519_2124-CAR_77692.jpeg,DOWNLOADED,104614,68c9096c05df6f02ffc6663606bc7126f26cde2be5018c1ff86509eb93acd072,
3518,2121-CAR,MAD WORLD,Carolina Herrera,Mad World,CONFIRMED,FOUND,77688,https://www.fragrantica.com/perfume/Carolina-Herrera/Mad-World-77688.html,https://fimgs.net/mdimg/perfume-social-cards/en-p_c_77688.jpeg,fragrantica-scraper-archive/social-cards/images/3518_2121-CAR_77688.jpeg,DOWNLOADED,107448,8fa4baa39716af92cbb33370283b01cd28ea42bb40ce71df92d655635de35390,
3517,2120-CAR,LUCKY CHARM,Carolina Herrera,Lucky Charm,CONFIRMED,FOUND,77689,https://www.fragrantica.com/perfume/Carolina-Herrera/Lucky-Charm-77689.html,https://fimgs.net/mdimg/perfume-social-cards/en-p_c_77689.jpeg,fragrantica-scraper-archive/social-cards/images/3517_2120-CAR_77689.jpeg,DOWNLOADED,100081,29213ab76cf6d6c8406fa61dbd94b709dae11184af6297a513f8a00155f584e6,
3516,2122-GUR,ROSA ROSSA HARVEST - GUERLAIN,Guerlain,Rosa Rossa Harvest,CONFIRMED,FOUND,79472,https://www.fragrantica.com/perfume/Guerlain/Rosa-Rossa-Harvest-79472.html,https://fimgs.net/mdimg/perfume-social-cards/en-p_c_79472.jpeg,fragrantica-scraper-archive/social-cards/images/3516_2122-GUR_79472.jpeg,DOWNLOADED,100770,003436da48f7536207bc2f7019edcd31d89cc11c5a42e1e43093b68e23313a50,
3515,2114-HER,UN JARDIN A CYTHERE - HERMES,Hermes,Un Jardin a Cythere,CONFIRMED,FOUND,79225,https://www.fragrantica.com/perfume/Hermes/Un-Jardin-a-Cythere-79225.html,https://fimgs.net/mdimg/perfume-social-cards/en-p_c_79225.jpeg,fragrantica-scraper-archive/social-cards/images/3515_2114-HER_79225.jpeg,DOWNLOADED,97579,76010f0e8d7248611ae118eba5edb5d19c4c8a80979534620efdc3efa4d32e70,
3514,2123-KIL,BLUE MOON GINGER DASH - KILIAN,By Kilian,Blue Moon Ginger Dash,CONFIRMED,FOUND,79731,https://www.fragrantica.com/perfume/By-Kilian/Blue-Moon-Ginger-Dash-79731.html,https://fimgs.net/mdimg/perfume-social-cards/en-p_c_79731.jpeg,fragrantica-scraper-archive/social-cards/images/3514_2123-KIL_79731.jpeg,DOWNLOADED,122572,2ad3da408ef0876ac162cfbe2133835ee961de158dc46f309fc10a1135695bcf,
3513,2052-CAR,GOOD GIRL BLUSH,Carolina Herrera,Good Girl Blush,CONFIRMED,FOUND,78576,https://www.fragrantica.com/perfume/Carolina-Herrera/Good-Girl-Blush-78576.html,https://fimgs.net/mdimg/perfume-social-cards/en-p_c_78576.jpeg,fragrantica-scraper-archive/social-cards/images/3513_2052-CAR_78576.jpeg,DOWNLOADED,93349,c50ec61c4a59cddec977da2e0aff2c2f4aeb6aba982a9b759cac039458b6b9cd,
3512,2129-SOL,BRAZILIAN CRUSH CHEIROSA 62 - SOL DE JANEIRO,Sol de Janeiro,Cheirosa 62,CONFIRMED,FOUND,56062,https://www.fragrantica.com/perfume/Sol-de-Janeiro/Cheirosa-62-56062.html,https://fimgs.net/mdimg/perfume-social-cards/en-p_c_56062.jpeg,fragrantica-scraper-archive/social-cards/images/3512_2129-SOL_56062.jpeg,DOWNLOADED,100947,f089e1e4a9229726ba47bfac3e4794c530b13434735e04e17d64b3f38e0cd79d,
3510,2112-GUC,Rush Man,Gucci,Gucci Rush for Men,CONFIRMED,FOUND,693,https://www.fragrantica.com/perfume/Gucci/Gucci-Rush-for-Men-693.html,https://fimgs.net/mdimg/perfume-social-cards/en-p_c_693.jpeg,fragrantica-scraper-archive/social-cards/images/3510_2112-GUC_693.jpeg,DOWNLOADED,101747,faf2f23494635934bfdee503c62311b31fb5687acb9226c6a11df901d330b4b9,
3509,2090-MNT,CRAZY IN LOVE - MONTALE,Montale,Crazy In Love,CONFIRMED,FOUND,67108,https://www.fragrantica.com/perfume/Montale/Crazy-In-Love-67108.html,https://fimgs.net/mdimg/perfume-social-cards/en-p_c_67108.jpeg,fragrantica-scraper-archive/social-cards/images/3509_2090-MNT_67108.jpeg,DOWNLOADED,104018,3e476e18843610347990fe7cd13bf09411870c24c046446880dbf9325246e271,
3508,2092-MAN,HINDU KUSH - MANCERA,Mancera,Hindu Kush,CONFIRMED,FOUND,49030,https://www.fragrantica.com/perfume/Mancera/Hindu-Kush-49030.html,https://fimgs.net/mdimg/perfume-social-cards/en-p_c_49030.jpeg,fragrantica-scraper-archive/social-cards/images/3508_2092-MAN_49030.jpeg,DOWNLOADED,109220,0811abf3a25e1afb2634f74527b1bc1fa0401b2db7b8f291f7e5c0f5b68a16af,
3507,2091-AMG,Material,Amouage,Material,CONFIRMED,FOUND,66527,https://www.fragrantica.com/perfume/Amouage/Material-66527.html,https://fimgs.net/mdimg/perfume-social-cards/en-p_c_66527.jpeg,fragrantica-scraper-archive/social-cards/images/3507_2091-AMG_66527.jpeg,DOWNLOADED,102775,273ce7a9a56e6e757044ca863a46ba66291c2a1ada8fc926b539307120174da1,
3506,2032-CAR,TRUE OUD,Carolina Herrera,True Oud,CONFIRMED,FOUND,72619,https://www.fragrantica.com/perfume/Carolina-Herrera/True-Oud-72619.html,https://fimgs.net/mdimg/perfume-social-cards/en-p_c_72619.jpeg,fragrantica-scraper-archive/social-cards/images/3506_2032-CAR_72619.jpeg,DOWNLOADED,108362,b57114c3ac3aa36ac5ba011cce5868acbfad13caf0b90736a71bdbd51e8bffba,
3505,2036-GIS,,Gisada,Ambassador Men Eau de Parfum,CONFIRMED,FOUND,58226,https://www.fragrantica.com/perfume/Gisada/Ambassador-Men-58226.html,https://fimgs.net/mdimg/perfume-social-cards/en-p_c_58226.jpeg,fragrantica-scraper-archive/social-cards/images/3505_2036-GIS_58226.jpeg,DOWNLOADED,111128,1c9bf2babacf171993a272caa4c47118c850ebc46ce0d4c210704c86123fd8a9,
3504,2033-ARM,MAGENTA TANZANITE,Giorgio Armani,Magenta Tanzanite,CONFIRMED,FOUND,71536,https://www.fragrantica.com/perfume/Giorgio-Armani/Magenta-Tanzanite-71536.html,https://fimgs.net/mdimg/perfume-social-cards/en-p_c_71536.jpeg,fragrantica-scraper-archive/social-cards/images/3504_2033-ARM_71536.jpeg,DOWNLOADED,109756,d6f8c6f67c2658c56ae6ec08173463ca49f70658a28dc7f23b805b6f9d475286,
3503,2034-MAN,MELODY OF THE SUN - MANCERA,Mancera,Melody Of The Sun,CONFIRMED,FOUND,72736,https://www.fragrantica.com/perfume/Mancera/Melody-Of-The-Sun-72736.html,https://fimgs.net/mdimg/perfume-social-cards/en-p_c_72736.jpeg,fragrantica-scraper-archive/social-cards/images/3503_2034-MAN_72736.jpeg,DOWNLOADED,104653,51bf5fe0c5df506c380ca6aba9c9110c489c990fb8c21436c16ec7785ee05643,
3502,2035-HER,EAU DE BASILIC POURPRE - HERMES,Hermes,Eau de Basilic Pourpre,CONFIRMED,FOUND,74600,https://www.fragrantica.com/perfume/Hermes/Eau-de-Basilic-Pourpre-74600.html,https://fimgs.net/mdimg/perfume-social-cards/en-p_c_74600.jpeg,fragrantica-scraper-archive/social-cards/images/3502_2035-HER_74600.jpeg,DOWNLOADED,98919,8be199fad13570326e0f243850ce1c16aae8ba7eacbf504357b0ea74a11302ac,
3501,2113-XER,Uden,Xerjoff,Uden,CONFIRMED,FOUND,6306,https://www.fragrantica.com/perfume/Xerjoff/Uden-6306.html,https://fimgs.net/mdimg/perfume-social-cards/en-p_c_6306.jpeg,fragrantica-scraper-archive/social-cards/images/3501_2113-XER_6306.jpeg,DOWNLOADED,91701,12191c07a4d5a57cc82a51b9d5a5bf6de39c7ed3bd0b29d2518b0b2e661d72c3,
3500,2111-BLG,Aqva Pour Homme Atlantiqve,Bvlgari,Aqva Pour Homme Atlantiqve,CONFIRMED,FOUND,42856,https://www.fragrantica.com/perfume/Bvlgari/Aqva-Pour-Homme-Atlantiqve-42856.html,https://fimgs.net/mdimg/perfume-social-cards/en-p_c_42856.jpeg,fragrantica-scraper-archive/social-cards/images/3500_2111-BLG_42856.jpeg,DOWNLOADED,105065,8ccb3f5a2821b4a2538002f846dec8b958f1caabfe7a71bc3b41edea62c471d7,
3499,2110-AMG,Interlude 53 Man,Amouage,Interlude 53 Man,CONFIRMED,FOUND,64153,https://www.fragrantica.com/perfume/Amouage/Interlude-53-Man-64153.html,https://fimgs.net/mdimg/perfume-social-cards/en-p_c_64153.jpeg,fragrantica-scraper-archive/social-cards/images/3499_2110-AMG_64153.jpeg,DOWNLOADED,107013,25eda7e0d9c3afa15c203508b87e592bebdead8e4aabe1588b3d9051add7dc32,
3498,2101-KUR,MASCULIN PLURIEL,Maison Francis Kurkdjian,Masculin Pluriel,CONFIRMED,FOUND,26252,https://www.fragrantica.com/perfume/Maison-Francis-Kurkdjian/Masculin-Pluriel-26252.html,https://fimgs.net/mdimg/perfume-social-cards/en-p_c_26252.jpeg,fragrantica-scraper-archive/social-cards/images/3498_2101-KUR_26252.jpeg,DOWNLOADED,108782,987f752ec5957c1faac4b5bdde3eef068534150d819cccfdec8bc2afd61b1a83,
3497,2093-MNTB,LADY EMBLEM - MONTBLANC,Montblanc,Lady Emblem,CONFIRMED,FOUND,31425,https://www.fragrantica.com/perfume/Montblanc/Lady-Emblem-31425.html,https://fimgs.net/mdimg/perfume-social-cards/en-p_c_31425.jpeg,fragrantica-scraper-archive/social-cards/images/3497_2093-MNTB_31425.jpeg,DOWNLOADED,111204,0c034caf140d196e8d5a83e50bd17d8b27c2455fb9d1370dc94625565b437c79,
3496,2108-BDIK,CREME DE CUIR - BDK,BDK Parfums,Creme de Cuir,CONFIRMED,FOUND,51469,https://www.fragrantica.com/perfume/BDK-Parfums/Creme-de-Cuir-51469.html,https://fimgs.net/mdimg/perfume-social-cards/en-p_c_51469.jpeg,fragrantica-scraper-archive/social-cards/images/3496_2108-BDIK_51469.jpeg,DOWNLOADED,99962,2812f3e13cb022b4a6acbaaa83aed4aa500247ca044a145095c9ff0edf7f0f89,
3495,2103-EXN,VETIVER MOLOKO - EX NIHILO,Ex Nihilo,Vetiver Moloko,CONFIRMED,FOUND,27564,https://www.fragrantica.com/perfume/Ex-Nihilo/Vetiver-Moloko-27564.html,https://fimgs.net/mdimg/perfume-social-cards/en-p_c_27564.jpeg,fragrantica-scraper-archive/social-cards/images/3495_2103-EXN_27564.jpeg,DOWNLOADED,104092,dfb17641cdf22426f9d36f1ab7007d45e7554d60c2d0542cac8ae8e76faba3e1,
3494,2094-SHIS,,Shiseido,Ever Bloom,CONFIRMED,FOUND,31202,https://www.fragrantica.com/perfume/Shiseido/Ever-Bloom-31202.html,https://fimgs.net/mdimg/perfume-social-cards/en-p_c_31202.jpeg,fragrantica-scraper-archive/social-cards/images/3494_2094-SHIS_31202.jpeg,DOWNLOADED,96961,43c242d8ae4bb88ddf7620c549f0783331b31c56b170b6281a5ca6194c9919e7,
3493,2098-MIC,TWILIGHT SHIMMER - MICHAEL KORS,Michael Kors,Twilight Shimmer,CONFIRMED,FOUND,50396,https://www.fragrantica.com/perfume/Michael-Kors/Twilight-Shimmer-50396.html,https://fimgs.net/mdimg/perfume-social-cards/en-p_c_50396.jpeg,fragrantica-scraper-archive/social-cards/images/3493_2098-MIC_50396.jpeg,DOWNLOADED,126178,8396739eb0abd9452b0b4f70c0972ab97f50d7e74be8f00bdc99308bfb77d842,
3492,2100-MARG,SAILING DAY,Maison Martin Margiela,Sailing Day,CONFIRMED,FOUND,47891,https://www.fragrantica.com/perfume/Maison-Martin-Margiela/Sailing-Day-47891.html,https://fimgs.net/mdimg/perfume-social-cards/en-p_c_47891.jpeg,fragrantica-scraper-archive/social-cards/images/3492_2100-MARG_47891.jpeg,DOWNLOADED,112135,187f64b25ea7b81ab2364b1afae94152c317e185c8c1661a24ba07558e7c968f,
3491,2099-MARG,AUTUMN VIBES,Maison Martin Margiela,Autumn Vibes,CONFIRMED,FOUND,67789,https://www.fragrantica.com/perfume/Maison-Martin-Margiela/Autumn-Vibes-67789.html,https://fimgs.net/mdimg/perfume-social-cards/en-p_c_67789.jpeg,fragrantica-scraper-archive/social-cards/images/3491_2099-MARG_67789.jpeg,DOWNLOADED,114960,27bac8ffafbb1e58b87aff240b0c467c200260874ea64cb11327467ceae8fdb5,
3490,2109-LTN,the fragrance notes,Louis Vuitton,Cactus Garden,CONFIRMED,FOUND,53946,https://www.fragrantica.com/perfume/Louis-Vuitton/Cactus-Garden-53946.html,https://fimgs.net/mdimg/perfume-social-cards/en-p_c_53946.jpeg,fragrantica-scraper-archive/social-cards/images/3490_2109-LTN_53946.jpeg,DOWNLOADED,93843,1512b379949c38883880097861598eb1da461a001ebde7970ef81de4a4dfa6b5,
3489,2096-KEN,PARFUM D'ETE - KENZO,Kenzo,Parfum d'Ete 1992,CONFIRMED,FOUND,3402,https://www.fragrantica.com/perfume/Kenzo/Parfum-d-Ete-1992-3402.html,https://fimgs.net/mdimg/perfume-social-cards/en-p_c_3402.jpeg,fragrantica-scraper-archive/social-cards/images/3489_2096-KEN_3402.jpeg,DOWNLOADED,96953,838d68c8f99b6d83efa8bdc0e54b77f73a9a27015fd0307292f54c4c54de65b9,
3488,2095-VICT,STRAWBERRIES & CHAMPAGNE - VICTORIA'S SECRET,Victoria s Secret,Strawberries and Champagne,CONFIRMED,FOUND,8000,https://www.fragrantica.com/perfume/Victoria-s-Secret/Strawberries-and-Champagne-8000.html,https://fimgs.net/mdimg/perfume-social-cards/en-p_c_8000.jpeg,fragrantica-scraper-archive/social-cards/images/3488_2095-VICT_8000.jpeg,DOWNLOADED,101382,979019209a231bea799e047440db2bad5d760827173702d7b2235bed62476db0,
3487,2102-MOS,FRESH COUTURE - MOSCHINO,Moschino,Fresh Couture,CONFIRMED,FOUND,32393,https://www.fragrantica.com/perfume/Moschino/Fresh-Couture-32393.html,https://fimgs.net/mdimg/perfume-social-cards/en-p_c_32393.jpeg,fragrantica-scraper-archive/social-cards/images/3487_2102-MOS_32393.jpeg,DOWNLOADED,104818,6aad72b88ffa1428bebf40e1fe541c552eeb98ddc73ee7627cb1866427a738f3,
3486,2104-CHA,1957,Chanel,1957 Eau de Parfum,CONFIRMED,FOUND,52483,https://www.fragrantica.com/perfume/Chanel/1957-Eau-de-Parfum-52483.html,https://fimgs.net/mdimg/perfume-social-cards/en-p_c_52483.jpeg,fragrantica-scraper-archive/social-cards/images/3486_2104-CHA_52483.jpeg,DOWNLOADED,93742,1cbb5567276311aa6d4a4aa9ae68608701db61016d7e9df8d398a65edcbb974b,
3485,,,Marc-Antoine Barrois,B683 Eau de Parfum,CONFIRMED,FOUND,46802,https://www.fragrantica.com/perfume/Marc-Antoine-Barrois/B683-46802.html,https://fimgs.net/mdimg/perfume-social-cards/en-p_c_46802.jpeg,fragrantica-scraper-archive/social-cards/images/3485_unknown_46802.jpeg,DOWNLOADED,98706,1e9cd827c792f7fdc8c4383896c5f6a80eb17092f1092f2e67aad4a4133d1320,
3484,2107-GUR,TONKA IMPERIALE - GUERLAIN,Guerlain,Tonka Imperiale,CONFIRMED,FOUND,8705,https://www.fragrantica.com/perfume/Guerlain/Tonka-Imperiale-8705.html,https://fimgs.net/mdimg/perfume-social-cards/en-p_c_8705.jpeg,fragrantica-scraper-archive/social-cards/images/3484_2107-GUR_8705.jpeg,DOWNLOADED,110557,e5a2d0a47aaef0b99d6c6f6797c1e74ad7249c35063a575855217f757e738a7a,
3483,2105-MNT,OUD PASHMINA - MONTALE,Montale,Oud Pashmina,CONFIRMED,FOUND,64641,https://www.fragrantica.com/perfume/Montale/Oud-Pashmina-64641.html,https://fimgs.net/mdimg/perfume-social-cards/en-p_c_64641.jpeg,fragrantica-scraper-archive/social-cards/images/3483_2105-MNT_64641.jpeg,DOWNLOADED,92284,319864c237282bcdcf8d03eaf66b4b2218e374d694f2f6750de0641af394c100,
3482,1983-ATTAR,THE QUEEN OF SHEBA - ATTAR,Attar Collection,The Queen of Sheba,CONFIRMED,FOUND,33414,https://www.fragrantica.com/perfume/Attar-Collection/The-Queen-of-Sheba-33414.html,https://fimgs.net/mdimg/perfume-social-cards/en-p_c_33414.jpeg,fragrantica-scraper-archive/social-cards/images/3482_1983-ATTAR_33414.jpeg,DOWNLOADED,111214,79eed6c3d6bdb21e6fb5fd2cff71c02a4712cb8cca2eca5431a4bf5b6b0a6054,
3481,2086-VICT,BARE - VICTORIA'S SECRET,Victoria s Secret,Bare,CONFIRMED,FOUND,75277,https://www.fragrantica.com/perfume/Victoria-s-Secret/Bare-75277.html,https://fimgs.net/mdimg/perfume-social-cards/en-p_c_75277.jpeg,fragrantica-scraper-archive/social-cards/images/3481_2086-VICT_75277.jpeg,DOWNLOADED,94428,94ee4fbbe42dd4d2a6c4351e946d37b5f58e41534ca08fa6d487dc5192ac2acb,
3480,2041-TMFO,NOIR EXTREME PARFUM,Tom Ford,Noir Extreme Parfum,CONFIRMED,FOUND,75489,https://www.fragrantica.com/perfume/Tom-Ford/Noir-Extreme-Parfum-75489.html,https://fimgs.net/mdimg/perfume-social-cards/en-p_c_75489.jpeg,fragrantica-scraper-archive/social-cards/images/3480_2041-TMFO_75489.jpeg,DOWNLOADED,108115,28f0021710f24a00be69936fecdf9e99c601a045177b02b83e4d858d0d9ea469,
3479,2071-LAN,LA VIE EST BELLE IRIS ABSOLU,Lancome,La Vie Est Belle Iris Absolu,CONFIRMED,FOUND,79245,https://www.fragrantica.com/perfume/Lancome/La-Vie-Est-Belle-Iris-Absolu-79245.html,https://fimgs.net/mdimg/perfume-social-cards/en-p_c_79245.jpeg,fragrantica-scraper-archive/social-cards/images/3479_2071-LAN_79245.jpeg,DOWNLOADED,118960,b02131243a75d175783645155722369294a144d6d2dc60fd84b2ce2040b26ea2,
3478,2051-PRFRO,ACQUA DI SALE - PROFUMUM ROMA,Profumum Roma,Acqua Di Sale,CONFIRMED,FOUND,3886,https://www.fragrantica.com/perfume/Profumum-Roma/Acqua-di-Sale-3886.html,https://fimgs.net/mdimg/perfume-social-cards/en-p_c_3886.jpeg,fragrantica-scraper-archive/social-cards/images/3478_2051-PRFRO_3886.jpeg,DOWNLOADED,96347,d410a53dd41ceea9c492b6beaf66fb3dfd7114a5af6178aae3175f72ecf6c8e8,
3477,2050-NISH,TEMPFLUO - NISHANE,Nishane,Tempfluo,CONFIRMED,FOUND,74668,https://www.fragrantica.com/perfume/Nishane/Tempfluo-74668.html,https://fimgs.net/mdimg/perfume-social-cards/en-p_c_74668.jpeg,fragrantica-scraper-archive/social-cards/images/3477_2050-NISH_74668.jpeg,DOWNLOADED,115479,c75d729d5f8e144b47c9e419585a5c17edb51732614b0265a982f969a87f77c7,
3476,2049-NISH,PAPILEFIKO - NISHANE,Nishane,Papilefiko,CONFIRMED,FOUND,74667,https://www.fragrantica.com/perfume/Nishane/Papilefiko-74667.html,https://fimgs.net/mdimg/perfume-social-cards/en-p_c_74667.jpeg,fragrantica-scraper-archive/social-cards/images/3476_2049-NISH_74667.jpeg,DOWNLOADED,116993,7d7cda097c1afce93d7106b881224e36d8ab4f024fbace788a54315f66b957b5,
3475,2047-KIL,L'HEURE VERTE - KILIAN,By Kilian,L Heure Verte,CONFIRMED,FOUND,68324,https://www.fragrantica.com/perfume/By-Kilian/L-Heure-Verte-68324.html,https://fimgs.net/mdimg/perfume-social-cards/en-p_c_68324.jpeg,fragrantica-scraper-archive/social-cards/images/3475_2047-KIL_68324.jpeg,DOWNLOADED,129041,0fb7dc7471f1053b873a3c870871ce88b1dd9d1ad3a87acd4c8aee1fb992a324,
3474,2043-VER,DYLAN PURPLE,Versace,Versace Pour Femme Dylan Purple,CONFIRMED,FOUND,76274,https://www.fragrantica.com/perfume/Versace/Versace-Pour-Femme-Dylan-Purple-76274.html,https://fimgs.net/mdimg/perfume-social-cards/en-p_c_76274.jpeg,fragrantica-scraper-archive/social-cards/images/3474_2043-VER_76274.jpeg,DOWNLOADED,113032,f0c150852a0bfeb31e4f2149e169725ae10325b95efe86159cf9e6ae53e852f9,
3473,2039-KAY,LOVEFEST BURNING CHERRY - KAYALI,Kayali Fragrances,Lovefest Burning Cherry 48 All Over Body Spray,CONFIRMED,FOUND,118806,https://www.fragrantica.com/perfume/Kayali-Fragrances/Lovefest-Burning-Cherry-48-All-Over-Body-Spray-118806.html,https://fimgs.net/mdimg/perfume-social-cards/en-p_c_118806.jpeg,fragrantica-scraper-archive/social-cards/images/3473_2039-KAY_118806.jpeg,DOWNLOADED,106855,7bb02e4fefd5887f5f06ae3ec0c8afab9a20224dd4585401cfccaac7b131dc5d,
3472,2075-TMFO,COSTA AZZURA ACQUA,Tom Ford,Costa Azzurra Acqua,CONFIRMED,FOUND,52789,https://www.fragrantica.com/perfume/Tom-Ford/Costa-Azzurra-Acqua-52789.html,https://fimgs.net/mdimg/perfume-social-cards/en-p_c_52789.jpeg,fragrantica-scraper-archive/social-cards/images/3472_2075-TMFO_52789.jpeg,DOWNLOADED,107010,d5f593ad3bc4fbd429117939e1c1ff46a73eb26a55446d03670a0750f182c7b8,
3471,2067-ROJ,,Roja Dove,Risque Pour Femme Essence De Parfum,CONFIRMED,FOUND,65869,https://www.fragrantica.com/perfume/Roja-Dove/Risque-Pour-Femme-Essence-De-Parfum-65869.html,https://fimgs.net/mdimg/perfume-social-cards/en-p_c_65869.jpeg,fragrantica-scraper-archive/social-cards/images/3471_2067-ROJ_65869.jpeg,DOWNLOADED,130425,5528f036963185226ea991868d89c3e994e4905fa1d468ea4ff6014a2725863f,
3470,2074-MAN,INSTANT CRUSH - MANCERA,Mancera,Instant Crush,CONFIRMED,FOUND,54885,https://www.fragrantica.com/perfume/Mancera/Instant-Crush-54885.html,https://fimgs.net/mdimg/perfume-social-cards/en-p_c_54885.jpeg,fragrantica-scraper-archive/social-cards/images/3470_2074-MAN_54885.jpeg,DOWNLOADED,103714,ff40f445eaf092dac5bc1c5c00586f4b5e36200d7493813d5eed4dbceec8efd1,
3469,2073-LTN,the fragrance notes,Louis Vuitton,Etoile Filante,CONFIRMED,FOUND,64314,https://www.fragrantica.com/perfume/Louis-Vuitton/Etoile-Filante-64314.html,https://fimgs.net/mdimg/perfume-social-cards/en-p_c_64314.jpeg,fragrantica-scraper-archive/social-cards/images/3469_2073-LTN_64314.jpeg,DOWNLOADED,98707,6bef7d470ef8062f4d9271d031b01d3bcf54ae1a0bcd129ce56b849b534b64d0,
3468,2066-LEL,LIMETTE 37 - LE LABO,Le Labo,Limette 37 San Francisco,CONFIRMED,FOUND,20560,https://www.fragrantica.com/perfume/Le-Labo/Limette-37-San-Francisco-20560.html,https://fimgs.net/mdimg/perfume-social-cards/en-p_c_20560.jpeg,fragrantica-scraper-archive/social-cards/images/3468_2066-LEL_20560.jpeg,DOWNLOADED,101138,1c7b5a81f3b25b5c1f871c46f3c3ed0a5bd2f65ca4bf0a9da077c0d004bc695f,
3467,2072-KIL,APPLE BRANDY ON THE ROCKS - KILIAN,By Kilian,Apple Brandy on the Rocks,CONFIRMED,FOUND,68326,https://www.fragrantica.com/perfume/By-Kilian/Apple-Brandy-on-the-Rocks-68326.html,https://fimgs.net/mdimg/perfume-social-cards/en-p_c_68326.jpeg,fragrantica-scraper-archive/social-cards/images/3467_2072-KIL_68326.jpeg,DOWNLOADED,132281,ac61a6b2ec5caee01bbb01443b852d7eb35ca30c47dc720080e8af0f72f7e16e,
3462,2065-FRA,,d grayi,Sugar,CONFIRMED,FOUND,87109,https://www.fragrantica.com/perfume/d-grayi/Sugar-87109.html,https://fimgs.net/mdimg/perfume-social-cards/en-p_c_87109.jpeg,fragrantica-scraper-archive/social-cards/images/3462_2065-FRA_87109.jpeg,DOWNLOADED,119768,b89a422f99b2a754d55fc5b8a116d9bad03373048279ac9f59929137e4ae0094,
3461,1931-TMFO,LAVENDER EXTREME,Tom Ford,Lavender Extreme,CONFIRMED,FOUND,54381,https://www.fragrantica.com/perfume/Tom-Ford/Lavender-Extreme-54381.html,https://fimgs.net/mdimg/perfume-social-cards/en-p_c_54381.jpeg,fragrantica-scraper-archive/social-cards/images/3461_1931-TMFO_54381.jpeg,DOWNLOADED,100084,69d6db3e0b9d7aaa4b2d50d6afbb9b0f91ca91be51443e79fc18d56b967bacb3,
3460,2044-LORV,,,,CONFIRMED,FOUND,5079,https://www.fragrantica.com/perfume/Lorenzo-Villoresi/Teint-de-Neige-5079.html,https://fimgs.net/mdimg/perfume-social-cards/en-p_c_5079.jpeg,fragrantica-scraper-archive/social-cards/images/3460_2044-LORV_5079.jpeg,DOWNLOADED,98400,7eec27d0069714bb3a78b42ea102fb31b5b0feeec68477a610ad71091584d132,
3455,2085-CLIV,X NEROLI LIMITED EDITION - CLIVE CHRISTIAN,Clive Christian,X NEROLI LIMITED EDITION - CLIVE CHRISTIAN,CONFIRMED,UNRESOLVED,,,,,NO_CONFIRMED_ID,,,
3454,2069-NISH,KARAGOZ - NISHANE,Nishane,Karagoz,CONFIRMED,FOUND,44176,https://www.fragrantica.com/perfume/Nishane/Karagoz-44176.html,https://fimgs.net/mdimg/perfume-social-cards/en-p_c_44176.jpeg,fragrantica-scraper-archive/social-cards/images/3454_2069-NISH_44176.jpeg,DOWNLOADED,103254,c8a410c6744c0bd60664a761facd98968be7160330d54b533c4369e10fa7db7b,
3453,2028-ZARK,YOUTH - ZARKOPERFUME,Zarko Perfume,Youth,CONFIRMED,FOUND,75594,https://www.fragrantica.com/perfume/ZARKOPERFUME/Youth-75594.html,https://fimgs.net/mdimg/perfume-social-cards/en-p_c_75594.jpeg,fragrantica-scraper-archive/social-cards/images/3453_2028-ZARK_75594.jpeg,DOWNLOADED,101179,52f2561b26cda864689d22071414d358ecb9e0462049f655b751650689de35bf,
3451,2022-ANN,,Anna Sui,Lucky Wish,CONFIRMED,FOUND,38258,https://www.fragrantica.com/perfume/Anna-Sui/Lucky-Wish-38258.html,https://fimgs.net/mdimg/perfume-social-cards/en-p_c_38258.jpeg,fragrantica-scraper-archive/social-cards/images/3451_2022-ANN_38258.jpeg,DOWNLOADED,101278,c1c22df24c263ffeb073f83d5d4d31b955335120d9f070e684dfc6d940725e10,
3450,2027-VICT,TEASE SUGAR FLEUR - VICTORIA'S SECRET,Victoria s Secret,Tease Sugar Fleur,CONFIRMED,FOUND,76967,https://www.fragrantica.com/perfume/Victoria-s-Secret/Tease-Sugar-Fleur-76967.html,https://fimgs.net/mdimg/perfume-social-cards/en-p_c_76967.jpeg,fragrantica-scraper-archive/social-cards/images/3450_2027-VICT_76967.jpeg,DOWNLOADED,103712,9b83d469b55577abaca3e9a56d34a0c7839f166951430874b52a1ea6c995b5b8,
3449,2026-HER,EAU DE CITRON NOIR - HERMES,Hermes,Eau de Citron Noir,CONFIRMED,FOUND,49231,https://www.fragrantica.com/perfume/Hermes/Eau-de-Citron-Noir-49231.html,https://fimgs.net/mdimg/perfume-social-cards/en-p_c_49231.jpeg,fragrantica-scraper-archive/social-cards/images/3449_2026-HER_49231.jpeg,DOWNLOADED,96071,3d04cc90cfcdad8a9d653cba39e4ab7caa239a9016b174f0fc5ac7b4b9a2ea2f,
3448,2029-GUC,Tears from the Moon,Gucci,Tears From The Moon,CONFIRMED,FOUND,73560,https://www.fragrantica.com/perfume/Gucci/Tears-From-The-Moon-73560.html,https://fimgs.net/mdimg/perfume-social-cards/en-p_c_73560.jpeg,fragrantica-scraper-archive/social-cards/images/3448_2029-GUC_73560.jpeg,DOWNLOADED,94305,b13922013448b42850bf9e34780d58fec8111ea5d6c27bc38ae545c60f53212c,
3446,2019-GUC,Flora Gorgeous Jasmine,Gucci,Flora Gorgeous Jasmine,CONFIRMED,FOUND,75190,https://www.fragrantica.com/perfume/Gucci/Flora-Gorgeous-Jasmine-75190.html,https://fimgs.net/mdimg/perfume-social-cards/en-p_c_75190.jpeg,fragrantica-scraper-archive/social-cards/images/3446_2019-GUC_75190.jpeg,DOWNLOADED,113392,7c051b05813c73459012106e79ea1fc802353910b38a2eaa4f865c1b5afd4c75,
3445,2023-PEN,LEGACY OF PETRA,Penhaligon s,Legacy of Petra,CONFIRMED,FOUND,75584,https://www.fragrantica.com/perfume/Penhaligon-s/Legacy-of-Petra-75584.html,https://fimgs.net/mdimg/perfume-social-cards/en-p_c_75584.jpeg,fragrantica-scraper-archive/social-cards/images/3445_2023-PEN_75584.jpeg,DOWNLOADED,112150,c15b59566d289bcfe22661b28dcf700d123b0c586dd0fed0aad5c8dc8c7c554c,
3444,2025-TER,DRACO - TIZIANA TERENZI,Tiziana Terenzi,Draco,CONFIRMED,FOUND,30626,https://www.fragrantica.com/perfume/Tiziana-Terenzi/Draco-30626.html,https://fimgs.net/mdimg/perfume-social-cards/en-p_c_30626.jpeg,fragrantica-scraper-archive/social-cards/images/3444_2025-TER_30626.jpeg,DOWNLOADED,98653,5f0ccfbc11d20659c5e2b148c53cca16a03a0a8fd3d2205423a7aa9bb0d08b16,
3443,2024-DRC,FEVE DELICIEUSE,Dior,Feve Delicieuse,CONFIRMED,FOUND,30164,https://www.fragrantica.com/perfume/Dior/Feve-Delicieuse-30164.html,https://fimgs.net/mdimg/perfume-social-cards/en-p_c_30164.jpeg,fragrantica-scraper-archive/social-cards/images/3443_2024-DRC_30164.jpeg,DOWNLOADED,96606,6cc335d2aee211cd31b457b7c8a05dee8b8a69fd47cf10efb970e0467f524567,
3441,2020-VICT,VELVET PETALS SUNKISSED - VICTORIA'S SECRET,Victoria s Secret,Velvet Petals Sunkissed,CONFIRMED,FOUND,70512,https://www.fragrantica.com/perfume/Victoria-s-Secret/Velvet-Petals-Sunkissed-70512.html,https://fimgs.net/mdimg/perfume-social-cards/en-p_c_70512.jpeg,fragrantica-scraper-archive/social-cards/images/3441_2020-VICT_70512.jpeg,DOWNLOADED,91392,ea039bf55efe57fc552189ca1a22887cab08e033626067a276d101fded5bdff7,
3440,2021-ROJ,,Roja Parfums,Apex Roja Dove,CONFIRMED,FOUND,72723,https://www.fragrantica.com/perfume/Roja-Dove/Apex-72723.html,https://fimgs.net/mdimg/perfume-social-cards/en-p_c_72723.jpeg,fragrantica-scraper-archive/social-cards/images/3440_2021-ROJ_72723.jpeg,DOWNLOADED,104926,2de184c003471f70973cac3faf17e64b275703c77e10330199e6d1fe65a8d8a9,
3376,1984-ATTAR,MUSK KASHMIR - ATTAR,Attar Collection,Musk Kashmir,CONFIRMED,FOUND,38134,https://www.fragrantica.com/perfume/Attar-Collection/Musk-Kashmir-38134.html,https://fimgs.net/mdimg/perfume-social-cards/en-p_c_38134.jpeg,fragrantica-scraper-archive/social-cards/images/3376_1984-ATTAR_38134.jpeg,DOWNLOADED,106869,c163a9816e0273993d86bc13ebb69e3e6962203efff0f61e40f1bf629362af8c,
3375,2014-AZZ,MOST WANTED,Azzaro,The Most Wanted,CONFIRMED,FOUND,66826,https://www.fragrantica.com/perfume/Azzaro/The-Most-Wanted-66826.html,https://fimgs.net/mdimg/perfume-social-cards/en-p_c_66826.jpeg,fragrantica-scraper-archive/social-cards/images/3375_2014-AZZ_66826.jpeg,DOWNLOADED,103321,2b464c407bf79a70f57c3453d123d7f111026dbbaed6233bfab27eb6e442e9bf,
3374,2016-PARELM,,Parfums d'Elmar,Elixir d'Amour,CONFIRMED,FOUND,50275,https://www.fragrantica.com/perfume/Parfums-d-Elmar/Elixir-d-Amour-50275.html,https://fimgs.net/mdimg/perfume-social-cards/en-p_c_50275.jpeg,fragrantica-scraper-archive/social-cards/images/3374_2016-PARELM_50275.jpeg,DOWNLOADED,148670,9855820a9497046aa8251593c70ac5d926bc05750405ef67479b3e48cb9b1f6a,
3373,1920-XER,40 KNOTS,Xerjoff,40 Knots,CONFIRMED,FOUND,16445,https://www.fragrantica.com/perfume/Xerjoff/40-Knots-16445.html,https://fimgs.net/mdimg/perfume-social-cards/en-p_c_16445.jpeg,fragrantica-scraper-archive/social-cards/images/3373_1920-XER_16445.jpeg,DOWNLOADED,96953,a6061d699c0afb9ea3ff94daaea3f02b81f79d1fb686873b195e4fdc8bd6d283,
3372,1926-KOS,,Thomas Kosmala,No. 4 Après l’Amour Eau de Parfum,CONFIRMED,FOUND,53742,https://www.fragrantica.com/perfume/Thomas-Kosmala/No-4-Apres-l-Amour-Eau-de-Parfum-53742.html,https://fimgs.net/mdimg/perfume-social-cards/en-p_c_53742.jpeg,fragrantica-scraper-archive/social-cards/images/3372_1926-KOS_53742.jpeg,DOWNLOADED,109405,ca0be6e6e4ad2d4212ea24a3404f65db842ab682cb707474ee9f9a59f145f189,
3371,1990-MNT,MUKHALAT - MONTALE,Montale,Mukhallat,CONFIRMED,FOUND,3241,https://www.fragrantica.com/perfume/Montale/Mukhallat-3241.html,https://fimgs.net/mdimg/perfume-social-cards/en-p_c_3241.jpeg,fragrantica-scraper-archive/social-cards/images/3371_1990-MNT_3241.jpeg,DOWNLOADED,94773,9039183a3d9713f6601cf7a0f2b012c7a6e7db947b7aa9bc874c7b56d05be37a,
3370,1989-VERT,NARCOS'IS,,,CONFIRMED,FOUND,47923,https://www.fragrantica.com/perfume/Vertus/Narcos-is-47923.html,https://fimgs.net/mdimg/perfume-social-cards/en-p_c_47923.jpeg,fragrantica-scraper-archive/social-cards/images/3370_1989-VERT_47923.jpeg,DOWNLOADED,110569,bf8f354b7c1bc58c88b93a7c90389a0011eae59aa8d042acb52e7b06b5788179,
3369,1988-THEVE,,The Merchant Of Venice,Arabesque,CONFIRMED,FOUND,32670,https://www.fragrantica.com/perfume/The-Merchant-of-Venice/Arabesque-32670.html,https://fimgs.net/mdimg/perfume-social-cards/en-p_c_32670.jpeg,fragrantica-scraper-archive/social-cards/images/3369_1988-THEVE_32670.jpeg,DOWNLOADED,119995,4bf1196fe242e136447f5a38dc592584191c57d03ae30945203f8f2edf5d844f,
3368,1987-SON,,Sonia Rykiel,Le Parfum,CONFIRMED,FOUND,4655,https://www.fragrantica.com/perfume/Sonia-Rykiel/Le-Parfum-4655.html,https://fimgs.net/mdimg/perfume-social-cards/en-p_c_4655.jpeg,fragrantica-scraper-archive/social-cards/images/3368_1987-SON_4655.jpeg,DOWNLOADED,100806,2942b7a60975f5376ce45bb71282197d5caacaa886cc34a4104a7d351bd3ae51,
3367,1986-SOO,,,,CONFIRMED,FOUND,10016,https://www.fragrantica.com/perfume/SoOud/Nur-10016.html,https://fimgs.net/mdimg/perfume-social-cards/en-p_c_10016.jpeg,fragrantica-scraper-archive/social-cards/images/3367_1986-SOO_10016.jpeg,DOWNLOADED,97249,e4935f1cbf820d2fc0430395a2dc992c2d32f07a48b34582e4fa66e3e0084f70,
3366,1985-WID,GOLD II SAHARA - WIDIAN,Widian,GOLD II SAHARA - WIDIAN,CONFIRMED,FOUND,54883,https://www.fragrantica.com/perfume/WIDIAN/Gold-II-Sahara-54883.html,https://fimgs.net/mdimg/perfume-social-cards/en-p_c_54883.jpeg,fragrantica-scraper-archive/social-cards/images/3366_1985-WID_54883.jpeg,DOWNLOADED,122092,97a547d9a4d00f3d2637424530f3bfd87c4b7758bed20e8f8130ec29f0fadf8d,
3364,1958-DRC,,,,CONFIRMED,FOUND,1377,https://www.fragrantica.com/perfume/Dior/Bois-D-argent-1377.html,https://fimgs.net/mdimg/perfume-social-cards/en-p_c_1377.jpeg,fragrantica-scraper-archive/social-cards/images/3364_1958-DRC_1377.jpeg,DOWNLOADED,97367,f8ed99c9693a87798fc8e815255945ae83bcf543462003cb4584b5b391923707,
3363,1982-ALEX,ZAFEER OUD VANILLE - ALEXANDRE J,Alexandre J,Zafeer Oud Vanille,CONFIRMED,FOUND,22361,https://www.fragrantica.com/perfume/Alexandre-J/Zafeer-Oud-Vanille-22361.html,https://fimgs.net/mdimg/perfume-social-cards/en-p_c_22361.jpeg,fragrantica-scraper-archive/social-cards/images/3363_1982-ALEX_22361.jpeg,DOWNLOADED,110870,12a14fe486e5b595e202eced41a2f2e1955d905edf529cbda6a2d4a6988ced92,
3362,1981-KHAL,,Khaltat,Grá,CONFIRMED,FOUND,22907,https://www.fragrantica.com/perfume/Khaltat/Gra-22907.html,https://fimgs.net/mdimg/perfume-social-cards/en-p_c_22907.jpeg,fragrantica-scraper-archive/social-cards/images/3362_1981-KHAL_22907.jpeg,DOWNLOADED,95935,f8fc99f39a23ed4157cf3560487adae0d57b87765d4925aa85fe7d081caa10fa,
3361,1980-HIND,EMARATI MUSK PARFUM - HIND AL OUD,Hind Al Oud,Emarati Musk Parfum,CONFIRMED,FOUND,87692,https://www.fragrantica.com/perfume/Hind-Al-Oud/Emarati-Musk-87692.html,https://fimgs.net/mdimg/perfume-social-cards/en-p_c_87692.jpeg,fragrantica-scraper-archive/social-cards/images/3361_1980-HIND_87692.jpeg,DOWNLOADED,85965,cded90c48b9631d97de13fcccd6d0a633b5455fe804da4f678c3627418bc95d8,
3360,1979-RAS,,Rasasi,Arba Wardat,CONFIRMED,FOUND,19663,https://www.fragrantica.com/perfume/Rasasi/Arba-Wardat-19663.html,https://fimgs.net/mdimg/perfume-social-cards/en-p_c_19663.jpeg,fragrantica-scraper-archive/social-cards/images/3360_1979-RAS_19663.jpeg,DOWNLOADED,102035,2f08052dfac62253f9914ea07a0ae6be022e397818bbae62ef671bfdeb280716,
3359,1978-ARM,STRONGER WITH YOU INTENSENLY,Giorgio Armani,Emporio Armani Stronger With You Intensely,CONFIRMED,FOUND,52802,https://www.fragrantica.com/perfume/Giorgio-Armani/Emporio-Armani-Stronger-With-You-Intensely-52802.html,https://fimgs.net/mdimg/perfume-social-cards/en-p_c_52802.jpeg,fragrantica-scraper-archive/social-cards/images/3359_1978-ARM_52802.jpeg,DOWNLOADED,119700,bf10c14d057aff225eb97ba5d3f7d0c55f031d6abe4adb550e206cd58c525f79,
3358,1977-SHIS,,Shiseido,Ginza (2021),CONFIRMED,FOUND,65234,https://www.fragrantica.com/perfume/Shiseido/Ginza-65234.html,https://fimgs.net/mdimg/perfume-social-cards/en-p_c_65234.jpeg,fragrantica-scraper-archive/social-cards/images/3358_1977-SHIS_65234.jpeg,DOWNLOADED,98343,25455e877058b36b5c30cdae2705a5e280485537f172320ecb49c2c9f6962987,
3357,1975-ZARK,PINK MOLECULE 090,ZARKOPERFUME,PINK MOLéCULE 090.09 Eau de Parfum,CONFIRMED,FOUND,25474,https://www.fragrantica.com/perfume/ZARKOPERFUME/PINK-MOL-CULE-090-09-25474.html,https://fimgs.net/mdimg/perfume-social-cards/en-p_c_25474.jpeg,fragrantica-scraper-archive/social-cards/images/3357_1975-ZARK_25474.jpeg,DOWNLOADED,111686,09c2dd6a4ad94f3486760c07922a43d50314a4f0632a6fdb6d1939d4fe781cda,
3356,1974-MARG,BUBBLE BATH,Maison Martin Margiela,Bubble Bath,CONFIRMED,FOUND,60105,https://www.fragrantica.com/perfume/Maison-Martin-Margiela/Bubble-Bath-60105.html,https://fimgs.net/mdimg/perfume-social-cards/en-p_c_60105.jpeg,fragrantica-scraper-archive/social-cards/images/3356_1974-MARG_60105.jpeg,DOWNLOADED,99020,f106f03b2cd41a75a3ce22eb256b4301a9475272002bab2cd60d259e26f2a74e,
3355,1973-ETLR,ARCHIVES 69 - ETAT LIBRE D'ORANGE,Etat Libre d Orange,Archives 69,CONFIRMED,FOUND,11411,https://www.fragrantica.com/perfume/Etat-Libre-d-Orange/Archives-69-11411.html,https://fimgs.net/mdimg/perfume-social-cards/en-p_c_11411.jpeg,fragrantica-scraper-archive/social-cards/images/3355_1973-ETLR_11411.jpeg,DOWNLOADED,108596,877888abb41ba6264882e757baef2a6bddeb6a6e5a4680f34504f93d93b0eea9,
3354,2015-MAN,TONKA COLA - MANCERA,Mancera,Tonka Cola,CONFIRMED,FOUND,76893,https://www.fragrantica.com/perfume/Mancera/Tonka-Cola-76893.html,https://fimgs.net/mdimg/perfume-social-cards/en-p_c_76893.jpeg,fragrantica-scraper-archive/social-cards/images/3354_2015-MAN_76893.jpeg,DOWNLOADED,105172,a754e316bf240cfeddf44b705aadb17d527ed7d16a8fb465e52eb6c38b8ac110,
3353,1972-KAY,EDEN JUICY APPLE 01 EDP - KAYALI,Kayali Fragrances,Eden Juicy Apple 01 Eau De Parfum,CONFIRMED,FOUND,70875,https://www.fragrantica.com/perfume/Kayali-Fragrances/Eden-Juicy-Apple-01-Eau-De-Parfum-70875.html,https://fimgs.net/mdimg/perfume-social-cards/en-p_c_70875.jpeg,fragrantica-scraper-archive/social-cards/images/3353_1972-KAY_70875.jpeg,DOWNLOADED,107748,4cf3596ed458a8d321fd335119f8d2415e0e1320478755c21bed328b85720ebd,
3341,924-TMU,Innocent,Mugler,Innocent,CONFIRMED,FOUND,709,https://www.fragrantica.com/perfume/Mugler/Innocent-709.html,https://fimgs.net/mdimg/perfume-social-cards/en-p_c_709.jpeg,fragrantica-scraper-archive/social-cards/images/3341_924-TMU_709.jpeg,DOWNLOADED,97100,f66faf9198b0a2ec29b353b09278974b9dad1c5290baeb2d10b465ddd13cc45e,
3337,251-JOM,,Jo Malone London,English Pear Freesia,CONFIRMED,FOUND,10314,https://www.fragrantica.com/perfume/Jo-Malone-London/English-Pear-Freesia-10314.html,https://fimgs.net/mdimg/perfume-social-cards/en-p_c_10314.jpeg,fragrantica-scraper-archive/social-cards/images/3337_251-JOM_10314.jpeg,DOWNLOADED,106792,245bd51485319cc9c0bec7a5305ff0a0a7f0db137bb2dce6b915293877789b61,
3336,1958-DRC,BOIS D'ARGENT,Dior,Bois-d-argent-eau-de-,CONFIRMED,FOUND,1377,https://www.fragrantica.com/perfume/Dior/Bois-D-argent-1377.html,https://fimgs.net/mdimg/perfume-social-cards/en-p_c_1377.jpeg,fragrantica-scraper-archive/social-cards/images/3336_1958-DRC_1377.jpeg,DOWNLOADED,97367,f8ed99c9693a87798fc8e815255945ae83bcf543462003cb4584b5b391923707,
3315,401-ARIA,,,,CONFIRMED,FOUND,50384,https://www.fragrantica.com/perfume/Ariana-Grande/Cloud-50384.html,https://fimgs.net/mdimg/perfume-social-cards/en-p_c_50384.jpeg,fragrantica-scraper-archive/social-cards/images/3315_401-ARIA_50384.jpeg,DOWNLOADED,88620,4c810fba7b681525d4394a69ecb18f9123c0b07589833c1df2de97eef3daaedd,
3312,1156-HER,,Hermes,Terre d Hermes,CONFIRMED,FOUND,17,https://www.fragrantica.com/perfume/Hermes/Terre-d-Hermes-17.html,https://fimgs.net/mdimg/perfume-social-cards/en-p_c_17.jpeg,fragrantica-scraper-archive/social-cards/images/3312_1156-HER_17.jpeg,DOWNLOADED,103847,f7c3a29347887b5bbea1584bf3c748a056b0a0c4c8d3faf7c4b0b0787ac9c794,
3301,1930-VIC,,Viktor Rolf,Spicebomb Extreme,CONFIRMED,FOUND,30499,https://www.fragrantica.com/perfume/Viktor-Rolf/Spicebomb-Extreme-30499.html,https://fimgs.net/mdimg/perfume-social-cards/en-p_c_30499.jpeg,fragrantica-scraper-archive/social-cards/images/3301_1930-VIC_30499.jpeg,DOWNLOADED,111920,44eb22d5f1a57869a5ca4ee2406855319ffcc8afc57f86c2e8cc9f0349df0d13,
3295,111-BAC,,,,CONFIRMED,FOUND,33519,https://www.fragrantica.com/perfume/Maison-Francis-Kurkdjian/Baccarat-Rouge-540-33519.html,https://fimgs.net/mdimg/perfume-social-cards/en-p_c_33519.jpeg,fragrantica-scraper-archive/social-cards/images/3295_111-BAC_33519.jpeg,DOWNLOADED,115005,329b0fdfdc9da71d690de64fbc2ba6933b743d5b0332136ee243a93e080545cc,
3281,1065-CHA,,Chanel,Allure Homme Sport,CONFIRMED,FOUND,607,https://www.fragrantica.com/perfume/Chanel/Allure-Homme-Sport-607.html,https://fimgs.net/mdimg/perfume-social-cards/en-p_c_607.jpeg,fragrantica-scraper-archive/social-cards/images/3281_1065-CHA_607.jpeg,DOWNLOADED,101627,669045637377d5ffcc46e8739275da0c38864e4998d9326296c0fe3f9dd4887c,
3242,2013-CAC,YES I AM DELICIOUS,Cacharel,Yes I Am Delicious,CONFIRMED,FOUND,71610,https://www.fragrantica.com/perfume/Cacharel/Yes-I-Am-Delicious-71610.html,https://fimgs.net/mdimg/perfume-social-cards/en-p_c_71610.jpeg,fragrantica-scraper-archive/social-cards/images/3242_2013-CAC_71610.jpeg,DOWNLOADED,104601,ce4e5a42f91debd315e20e70644cbeb0255539c760772f2f0590eff20f6c6db6,
3241,2012-DOL,Q QUEEN,Dolce & Gabbana,Q QUEEN,CONFIRMED,FOUND,78873,https://www.fragrantica.com/perfume/Dolce-Gabbana/Q-by-Dolce-Gabbana-78873.html,https://fimgs.net/mdimg/perfume-social-cards/en-p_c_78873.jpeg,fragrantica-scraper-archive/social-cards/images/3241_2012-DOL_78873.jpeg,DOWNLOADED,108359,05930338686fc3fe846c0379728b0179616d0f69f9a206c9fac0c2a301dfb53a,
3233,2011-LTN,the fragrance notes,Louis Vuitton,Dans la Peau,CONFIRMED,FOUND,40500,https://www.fragrantica.com/perfume/Louis-Vuitton/Dans-la-Peau-40500.html,https://fimgs.net/mdimg/perfume-social-cards/en-p_c_40500.jpeg,fragrantica-scraper-archive/social-cards/images/3233_2011-LTN_40500.jpeg,DOWNLOADED,101886,cb0cdae307baf9e2ad7d1ff4f20f5962a04d4687886d58a266c8154bee058fdb,
3218,2010-LART,MONT DE NARCISSE,L Artisan Parfumeur,Mont de Narcisse,CONFIRMED,FOUND,51203,https://www.fragrantica.com/perfume/L-Artisan-Parfumeur/Mont-de-Narcisse-51203.html,https://fimgs.net/mdimg/perfume-social-cards/en-p_c_51203.jpeg,fragrantica-scraper-archive/social-cards/images/3218_2010-LART_51203.jpeg,DOWNLOADED,109015,041afd738a94e0b19aa042526d4473212be43e442d9d320faa1f521b436dcf6d,
3217,2008-EXN,FLEUR NARCOTIQUE EXTRAIT DE PARFUM - EX NIHILO,Ex Nihilo,Fleur Narcotique Extrait de Parfum,CONFIRMED,FOUND,75061,https://www.fragrantica.com/perfume/Ex-Nihilo/Fleur-Narcotique-Extrait-de-Parfum-75061.html,https://fimgs.net/mdimg/perfume-social-cards/en-p_c_75061.jpeg,fragrantica-scraper-archive/social-cards/images/3217_2008-EXN_75061.jpeg,DOWNLOADED,105081,ed1ab0d553d8549387ecec0b2ae79ec7d6c9c87c4dee6b682a9d418886af3d0a,
3215,2017-DIE,D - DIESEL,Diesel,D,CONFIRMED,FOUND,74965,https://www.fragrantica.com/perfume/Diesel/D-by-Diesel-74965.html,https://fimgs.net/mdimg/perfume-social-cards/en-p_c_74965.jpeg,fragrantica-scraper-archive/social-cards/images/3215_2017-DIE_74965.jpeg,DOWNLOADED,107031,22f2c0d65ff2482f8cfdf681322fbe6cc0b992e28a960977311e06b22cbb029b,
3214,2018-ARM,the notes CODE PARFUM,Giorgio Armani,the notes CODE PARFUM,CONFIRMED,FOUND,75126,https://www.fragrantica.com/perfume/Giorgio-Armani/Armani-Code-Parfum-75126.html,https://fimgs.net/mdimg/perfume-social-cards/en-p_c_75126.jpeg,fragrantica-scraper-archive/social-cards/images/3214_2018-ARM_75126.jpeg,DOWNLOADED,99083,ff589e77e5ed0bfd6adb3db195caa7af6f026f87a17b94169a41e84027dc1a8a,
3207,2009-MNT,HONEY AOUD - MONTALE,Montale,Honey Aoud,CONFIRMED,FOUND,30509,https://www.fragrantica.com/perfume/Montale/Honey-Aoud-30509.html,https://fimgs.net/mdimg/perfume-social-cards/en-p_c_30509.jpeg,fragrantica-scraper-archive/social-cards/images/3207_2009-MNT_30509.jpeg,DOWNLOADED,105446,98ac86edd2fa3dc222d6713ae42b15baecda2313fe1a004ed00470f20ced5251,
3199,2007-SWISA,,Swiss Arabian,Habeitak,CONFIRMED,FOUND,10845,https://www.fragrantica.com/perfume/Swiss-Arabian/Habeitak-10845.html,https://fimgs.net/mdimg/perfume-social-cards/en-p_c_10845.jpeg,fragrantica-scraper-archive/social-cards/images/3199_2007-SWISA_10845.jpeg,DOWNLOADED,114236,f87df07e588297f2e4dcda4fd6bc55fe8753920258f04cc1d42a5be2f8faa973,
3192,2006-NISH,HACIVAT - NISHANE,Nishane,Hacivat,CONFIRMED,FOUND,44174,https://www.fragrantica.com/perfume/Nishane/Hacivat-44174.html,https://fimgs.net/mdimg/perfume-social-cards/en-p_c_44174.jpeg,fragrantica-scraper-archive/social-cards/images/3192_2006-NISH_44174.jpeg,DOWNLOADED,99129,dff72b34a480d0bc6351eefe148f7df97cbcdc12dfc61d6fc5b6dc5ad3d63311,
3175,1167-HUG,HUGO - HUGO BOSS,Hugo Boss,Hugo,CONFIRMED,FOUND,570,https://www.fragrantica.com/perfume/Hugo-Boss/Hugo-570.html,https://fimgs.net/mdimg/perfume-social-cards/en-p_c_570.jpeg,fragrantica-scraper-archive/social-cards/images/3175_1167-HUG_570.jpeg,DOWNLOADED,102101,e939d90e09427b4fccdf20bd41941ed45b243f5a5f53b217b89b00b27f0c4f2f,
3138,2002-DRC,J'ADORE PARFUM D'EAU,Dior,J adore Parfum d Eau,CONFIRMED,FOUND,75642,https://www.fragrantica.com/perfume/Dior/J-adore-Parfum-d-Eau-75642.html,https://fimgs.net/mdimg/perfume-social-cards/en-p_c_75642.jpeg,fragrantica-scraper-archive/social-cards/images/3138_2002-DRC_75642.jpeg,DOWNLOADED,98497,283289ebbf81ef7d3a873173f6808ead9f8329e72632d52b8d404f880c909cd9,
3121,2004-BYR,Eyes Closed,Byredo,Eyes Closed,CONFIRMED,FOUND,76339,https://www.fragrantica.com/perfume/Byredo/Eyes-Closed-76339.html,https://fimgs.net/mdimg/perfume-social-cards/en-p_c_76339.jpeg,fragrantica-scraper-archive/social-cards/images/3121_2004-BYR_76339.jpeg,DOWNLOADED,106218,f36473b0d64f18ccafa6cfa0708bf0569d1ff2825df0f952abd0904916160eaa,
3120,2005-EXN,SANTAL CALLING - EX NIHILO,Ex Nihilo,Santal Calling,CONFIRMED,FOUND,75961,https://www.fragrantica.com/perfume/Ex-Nihilo/Santal-Calling-75961.html,https://fimgs.net/mdimg/perfume-social-cards/en-p_c_75961.jpeg,fragrantica-scraper-archive/social-cards/images/3120_2005-EXN_75961.jpeg,DOWNLOADED,97046,b29d0109b2332c9bbcbc41dff157ee4ba902f09bc5c432f7fe8cc2e2374b1164,
3119,1997-LTN,the fragrance notes,Louis Vuitton,On The Beach,CONFIRMED,FOUND,66060,https://www.fragrantica.com/perfume/Louis-Vuitton/On-The-Beach-66060.html,https://fimgs.net/mdimg/perfume-social-cards/en-p_c_66060.jpeg,fragrantica-scraper-archive/social-cards/images/3119_1997-LTN_66060.jpeg,DOWNLOADED,104824,db5341e966c78e33c6aec4e0b72c45dc5fe7d529ddb90a633e3d2b6ffaf796fc,
3118,1996-LTN,the fragrance notes,Louis Vuitton,Heures d’Absence (2020),CONFIRMED,FOUND,59485,https://www.fragrantica.com/perfume/Louis-Vuitton/Heures-d-Absence-59485.html,https://fimgs.net/mdimg/perfume-social-cards/en-p_c_59485.jpeg,fragrantica-scraper-archive/social-cards/images/3118_1996-LTN_59485.jpeg,DOWNLOADED,102559,665e8bcccaf026f77e55b24b2cf0cdf47890f45321a33dc0796857de19698f47,
3117,1998-LTN,Citrus fragrance for women and men,Louis Vuitton,Citrus fragrance for women and men,CONFIRMED,FOUND,53947,https://www.fragrantica.com/perfume/Louis-Vuitton/Afternoon-Swim-53947.html,https://fimgs.net/mdimg/perfume-social-cards/en-p_c_53947.jpeg,fragrantica-scraper-archive/social-cards/images/3117_1998-LTN_53947.jpeg,DOWNLOADED,101696,3656667aaffa9b59f7d385a7d1f120c33df4de3af00715b31af690720225c72b,
3116,1929-BLG,Le Gemme Tygar Eau de Parfum,Bvlgari,Le-gemme-tygar-eau-de-,CONFIRMED,FOUND,41222,https://www.fragrantica.com/perfume/Bvlgari/Tygar-41222.html,https://fimgs.net/mdimg/perfume-social-cards/en-p_c_41222.jpeg,fragrantica-scraper-archive/social-cards/images/3116_1929-BLG_41222.jpeg,DOWNLOADED,96403,94989983674c9a893764decba8e7135baf1d8ebb29b9db263ea52f852c0750d0,
3115,2000-BLG,Kobraa,Bvlgari,Kobraa,CONFIRMED,FOUND,59754,https://www.fragrantica.com/perfume/Bvlgari/Kobraa-59754.html,https://fimgs.net/mdimg/perfume-social-cards/en-p_c_59754.jpeg,fragrantica-scraper-archive/social-cards/images/3115_2000-BLG_59754.jpeg,DOWNLOADED,89716,28ae01c282e7cda608ae59708744a61bbd68b0e6b17ac8f4353a01648b9664e0,
3114,1999-MAN,AOUD LEMON MINT - MANCERA,Mancera,Aoud Lemon Mint,CONFIRMED,FOUND,39181,https://www.fragrantica.com/perfume/Mancera/Aoud-Lemon-Mint-39181.html,https://fimgs.net/mdimg/perfume-social-cards/en-p_c_39181.jpeg,fragrantica-scraper-archive/social-cards/images/3114_1999-MAN_39181.jpeg,DOWNLOADED,103612,b1117778d34cfd8fdb6646a78d99eec237a126b7fdf8b769e68c1bc7cafea3c5,
3113,2001-TMFO,NEROLI PORTOFINO FORTE,Tom Ford,Neroli Portofino Forte,CONFIRMED,FOUND,35575,https://www.fragrantica.com/perfume/Tom-Ford/Neroli-Portofino-Forte-35575.html,https://fimgs.net/mdimg/perfume-social-cards/en-p_c_35575.jpeg,fragrantica-scraper-archive/social-cards/images/3113_2001-TMFO_35575.jpeg,DOWNLOADED,106678,cf82cceeb362ddb32f72d99fdd77b9c4aab8fb6be5fad12c99b688ff886404a1,
3112,1995-YZLO,CABAN,Yves Saint Laurent,Caban,CONFIRMED,FOUND,32267,https://www.fragrantica.com/perfume/Yves-Saint-Laurent/Caban-32267.html,https://fimgs.net/mdimg/perfume-social-cards/en-p_c_32267.jpeg,fragrantica-scraper-archive/social-cards/images/3112_1995-YZLO_32267.jpeg,DOWNLOADED,104522,53a21bdc453cca9f22bfa38d49c231765ec414da07f4719f8ad8e32936c6b39d,
3111,1994-ROJ,,Roja Dove,Aoud,CONFIRMED,FOUND,17930,https://www.fragrantica.com/perfume/Roja-Dove/Aoud-17930.html,https://fimgs.net/mdimg/perfume-social-cards/en-p_c_17930.jpeg,fragrantica-scraper-archive/social-cards/images/3111_1994-ROJ_17930.jpeg,DOWNLOADED,111711,ff5da247c1f4efaadd1b11550b6d465f196523556ea4b7eb08d0c63aca751d77,
3110,1992-ACQ,ZAFFERANO,Acqua di Parma,Zafferano,CONFIRMED,FOUND,73365,https://www.fragrantica.com/perfume/Acqua-di-Parma/Zafferano-73365.html,https://fimgs.net/mdimg/perfume-social-cards/en-p_c_73365.jpeg,fragrantica-scraper-archive/social-cards/images/3110_1992-ACQ_73365.jpeg,DOWNLOADED,109360,ec06ac2ed0ff3fce249b2aa0302d62442ace5c230f87ecd0784ba97b9b1dc9e1,
3108,1993-DRIE,JARDIN DE L'ORANGERIE,Dries Van Noten,Jardin de L Orangerie,CONFIRMED,FOUND,72594,https://www.fragrantica.com/perfume/Dries-Van-Noten/Jardin-de-L-Orangerie-72594.html,https://fimgs.net/mdimg/perfume-social-cards/en-p_c_72594.jpeg,fragrantica-scraper-archive/social-cards/images/3108_1993-DRIE_72594.jpeg,DOWNLOADED,98436,7741cf94240c1ce8053bb480cabf8aa14e2d97ad492c0f013d046e4ab2afe0a6,
3107,1941-ARIA,CLOUD INTENSE - ARIANA GRANDE,Ariana Grande,Cloud Intense,CONFIRMED,FOUND,69296,https://www.fragrantica.com/perfume/Ariana-Grande/Cloud-Intense-69296.html,https://fimgs.net/mdimg/perfume-social-cards/en-p_c_69296.jpeg,fragrantica-scraper-archive/social-cards/images/3107_1941-ARIA_69296.jpeg,DOWNLOADED,97803,fdd3d80e40a0d480c18c55010bb885db4928721d8d6250bbc30e5fe9211df969,
3106,1991-CHL,NOMADE NATURELLE EDP - CHLOE,Chloe,Nomade Naturelle Eau de Parfum,CONFIRMED,FOUND,71597,https://www.fragrantica.com/perfume/Chloe/Nomade-Naturelle-Eau-de-Parfum-71597.html,https://fimgs.net/mdimg/perfume-social-cards/en-p_c_71597.jpeg,fragrantica-scraper-archive/social-cards/images/3106_1991-CHL_71597.jpeg,DOWNLOADED,108622,3788bbfd98eebda2751a7b9cb7523636c56d0bbd40ef9ea0b7fe5d60d2ced129,
2987,1967-XER,CORO,Xerjoff,Coro,CONFIRMED,FOUND,110891,https://www.fragrantica.com/perfume/Xerjoff/Coro-110891.html,https://fimgs.net/mdimg/perfume-social-cards/en-p_c_110891.jpeg,fragrantica-scraper-archive/social-cards/images/2987_1967-XER_110891.jpeg,DOWNLOADED,95262,281aef5f0b79d34f8ada2ab030f033d5e357ca561eb4f6e742ca8676b2a4af96,
2986,1966-XER,ALEXANDRIA ORIENTALE,Xerjoff,Alexandria Orientale,CONFIRMED,FOUND,51439,https://www.fragrantica.com/perfume/Xerjoff/Alexandria-Orientale-51439.html,https://fimgs.net/mdimg/perfume-social-cards/en-p_c_51439.jpeg,fragrantica-scraper-archive/social-cards/images/2986_1966-XER_51439.jpeg,DOWNLOADED,106811,086d716f16b4b6c4a1d98ab14f78a51e70d5c414d072bd7d5da044249fb35657,
2985,1965-BYRP,THE CHRONIC - BYRON PARFUMS,Byron Parfums,The Chronic,CONFIRMED,FOUND,53452,https://www.fragrantica.com/perfume/Byron-Parfums/The-Chronic-53452.html,https://fimgs.net/mdimg/perfume-social-cards/en-p_c_53452.jpeg,fragrantica-scraper-archive/social-cards/images/2985_1965-BYRP_53452.jpeg,DOWNLOADED,110322,cf592a27ce05cfd25c650737862e1402a8abe576e491809d60dee297fc6361da,
2984,1921-VIV,BOUDOIR - VIVIENNE WESTWOOD,Vivienne Westwood,Boudoir-,CONFIRMED,FOUND,1532,https://www.fragrantica.com/perfume/Vivienne-Westwood/Boudoir-1532.html,https://fimgs.net/mdimg/perfume-social-cards/en-p_c_1532.jpeg,fragrantica-scraper-archive/social-cards/images/2984_1921-VIV_1532.jpeg,DOWNLOADED,103691,adcf1c2fa7eafd95cd27870b578795a66edbfc9a907880abec7d6f858b89526d,
2983,1964-ARB,MADAWI - ARABIAN OUD,Arabian Oud,Madawi,CONFIRMED,FOUND,51307,https://www.fragrantica.com/perfume/Arabian-Oud/Madawi-51307.html,https://fimgs.net/mdimg/perfume-social-cards/en-p_c_51307.jpeg,fragrantica-scraper-archive/social-cards/images/2983_1964-ARB_51307.jpeg,DOWNLOADED,98365,ad889b3ab653c427f6808d58a05a23474db3603473fa583128096c941f65884d,
2982,1930-VIC,SPICEBOMB EXTREME,Viktor Rolf,Spicebomb Extreme,CONFIRMED,FOUND,30499,https://www.fragrantica.com/perfume/Viktor-Rolf/Spicebomb-Extreme-30499.html,https://fimgs.net/mdimg/perfume-social-cards/en-p_c_30499.jpeg,fragrantica-scraper-archive/social-cards/images/2982_1930-VIC_30499.jpeg,DOWNLOADED,111920,44eb22d5f1a57869a5ca4ee2406855319ffcc8afc57f86c2e8cc9f0349df0d13,
2978,1970-CHA,PARIS PARIS,Chanel,Paris Paris,CONFIRMED,FOUND,73411,https://www.fragrantica.com/perfume/Chanel/Paris-Paris-73411.html,https://fimgs.net/mdimg/perfume-social-cards/en-p_c_73411.jpeg,fragrantica-scraper-archive/social-cards/images/2978_1970-CHA_73411.jpeg,DOWNLOADED,97873,db7fac7ce432958b6e25dacd64dca75eaf7c0d0f5e56e03b9b6bf0f869d395d5,
2977,1971-PAC,INVICTUS PLATINUM,Rabanne,Invictus Platinum,CONFIRMED,FOUND,72557,https://www.fragrantica.com/perfume/Rabanne/Invictus-Platinum-72557.html,https://fimgs.net/mdimg/perfume-social-cards/en-p_c_72557.jpeg,fragrantica-scraper-archive/social-cards/images/2977_1971-PAC_72557.jpeg,DOWNLOADED,114307,c881d725f64e9a3226bac2820287f65c59026480eeb2d4d237934948f3831808,
2976,1969-DOL,LIGHT BLUE ITALIAN LOVE POUR HOMME,Dolce Gabbana,Light Blue pour Homme Italian Love,CONFIRMED,FOUND,72622,https://www.fragrantica.com/perfume/Dolce-Gabbana/Light-Blue-pour-Homme-Italian-Love-72622.html,https://fimgs.net/mdimg/perfume-social-cards/en-p_c_72622.jpeg,fragrantica-scraper-archive/social-cards/images/2976_1969-DOL_72622.jpeg,DOWNLOADED,111505,7bd8a82717cbe1f20a60cb77d44ee5aa005f747addc4fe22ac506069e7db4742,
2975,1968-DOL,LIGHT BLUE ITALIAN LOVE W,Dolce & Gabbana,LIGHT BLUE ITALIAN LOVE W,CONFIRMED,FOUND,72621,https://www.fragrantica.com/perfume/Dolce-Gabbana/Light-Blue-Italian-Love-72621.html,https://fimgs.net/mdimg/perfume-social-cards/en-p_c_72621.jpeg,fragrantica-scraper-archive/social-cards/images/2975_1968-DOL_72621.jpeg,DOWNLOADED,101646,bf55c136fe730c8c5efc0806f3bb4230b9f59076c1dc5847d37db7c35b4526ab,
2974,1937-BIL,Eilish Billie Eilish,Billie Eilish,Eilish,CONFIRMED,FOUND,70052,https://www.fragrantica.com/perfume/Billie-Eilish/Eilish-70052.html,https://fimgs.net/mdimg/perfume-social-cards/en-p_c_70052.jpeg,fragrantica-scraper-archive/social-cards/images/2974_1937-BIL_70052.jpeg,DOWNLOADED,108478,6bd2d39b8818099f3fd2f532399c6584c38760a8d4539d360c5179023edb58e2,
2973,1954-CARN,PALO SANTO - CARNER BARCELONA,Carner Barcelona,Palo Santo,CONFIRMED,FOUND,31035,https://www.fragrantica.com/perfume/Carner-Barcelona/Palo-Santo-31035.html,https://fimgs.net/mdimg/perfume-social-cards/en-p_c_31035.jpeg,fragrantica-scraper-archive/social-cards/images/2973_1954-CARN_31035.jpeg,DOWNLOADED,106098,98ab48174d1dfb13deae6271e305d1fadc9f5e53978acfc7ee359a840fec17a1,
2972,1953-PEN,CHANGING CONSTANCE,Penhaligon s,Changing Constance,CONFIRMED,FOUND,50256,https://www.fragrantica.com/perfume/Penhaligon-s/Changing-Constance-50256.html,https://fimgs.net/mdimg/perfume-social-cards/en-p_c_50256.jpeg,fragrantica-scraper-archive/social-cards/images/2972_1953-PEN_50256.jpeg,DOWNLOADED,105352,da13058439ba2a847da6e15e986746e5b84de227622726c93f05439a10c09c48,
2971,1956-JOM,Scarlet Poppy Intense Jo Malone,Jo Malone London,Scarlet Poppy Intense,CONFIRMED,FOUND,64551,https://www.fragrantica.com/perfume/Jo-Malone-London/Scarlet-Poppy-Intense-64551.html,https://fimgs.net/mdimg/perfume-social-cards/en-p_c_64551.jpeg,fragrantica-scraper-archive/social-cards/images/2971_1956-JOM_64551.jpeg,DOWNLOADED,108428,4e721f74a4e5e3d8f5888002f0613d5a4cd03dcc20791576baf1bd3e2dc651ff,
2970,1957-PEN,SAVOY STEAM,Penhaligon s,Savoy Steam,CONFIRMED,FOUND,42702,https://www.fragrantica.com/perfume/Penhaligon-s/Savoy-Steam-42702.html,https://fimgs.net/mdimg/perfume-social-cards/en-p_c_42702.jpeg,fragrantica-scraper-archive/social-cards/images/2970_1957-PEN_42702.jpeg,DOWNLOADED,110757,3ea2abb222752a3d801583c21c30311de31e0564617af4e5194557363d12759e,
2968,1939-BYR,Vanille Antique,Byredo,Vanille Antique,CONFIRMED,FOUND,73438,https://www.fragrantica.com/perfume/Byredo/Vanille-Antique-73438.html,https://fimgs.net/mdimg/perfume-social-cards/en-p_c_73438.jpeg,fragrantica-scraper-archive/social-cards/images/2968_1939-BYR_73438.jpeg,DOWNLOADED,107429,ccd21bb623f6a131be11b1d534a82120a38473601a6f13cb9e2d44510e7a4cd9,
2967,1935-PARF,HALTANE - PARFUMS DE MARLY,Parfums de Marly,Haltane,CONFIRMED,FOUND,70776,https://www.fragrantica.com/perfume/Parfums-de-Marly/Haltane-70776.html,https://fimgs.net/mdimg/perfume-social-cards/en-p_c_70776.jpeg,fragrantica-scraper-archive/social-cards/images/2967_1935-PARF_70776.jpeg,DOWNLOADED,103357,d3ee5b960777635adb4507b4312b0e6e2e77a2df84a2484e16ee68a6df3acaf5,
2966,1936-AMG,Vanilla Barka,Amouage,Vanilla Barka,CONFIRMED,FOUND,71111,https://www.fragrantica.com/perfume/Amouage/Vanilla-Barka-71111.html,https://fimgs.net/mdimg/perfume-social-cards/en-p_c_71111.jpeg,fragrantica-scraper-archive/social-cards/images/2966_1936-AMG_71111.jpeg,DOWNLOADED,97753,dbaa3ee0bdca0aa1546e3d7566ee2c90fd91b217844622b0d86c91bcbc5eea97,
2965,1938-YZLO,BABY CAT,Yves Saint Laurent,Babycat,CONFIRMED,FOUND,73149,https://www.fragrantica.com/perfume/Yves-Saint-Laurent/Babycat-73149.html,https://fimgs.net/mdimg/perfume-social-cards/en-p_c_73149.jpeg,fragrantica-scraper-archive/social-cards/images/2965_1938-YZLO_73149.jpeg,DOWNLOADED,103061,8c0e6b4838111e87b43e872005bf878403598bf5c39b1b8ee976809cd79ccec7,
2964,1940-FRE,the notes of SYNTHETIC JUNGLE,Frederic Malle,Synthetic Jungle,CONFIRMED,FOUND,68794,https://www.fragrantica.com/perfume/Frederic-Malle/Synthetic-Jungle-68794.html,https://fimgs.net/mdimg/perfume-social-cards/en-p_c_68794.jpeg,fragrantica-scraper-archive/social-cards/images/2964_1940-FRE_68794.jpeg,DOWNLOADED,110635,8d58eda713e7c66ef11dd58cb0195ab5ee0f3cc4002490c273421d98afd90aba,
2950,1944-KUR,724,Maison Francis Kurkdjian,724,CONFIRMED,FOUND,75754,https://www.fragrantica.com/perfume/Maison-Francis-Kurkdjian/724-75754.html,https://fimgs.net/mdimg/perfume-social-cards/en-p_c_75754.jpeg,fragrantica-scraper-archive/social-cards/images/2950_1944-KUR_75754.jpeg,DOWNLOADED,96236,ed7404d5074f29bf4c5a59591b2723d430a48c6cd04f4d78310b04d87c4037fb,
2949,1943-TMFO,ROSE DE CHINE,Tom Ford,Rose de Chine,CONFIRMED,FOUND,71539,https://www.fragrantica.com/perfume/Tom-Ford/Rose-de-Chine-71539.html,https://fimgs.net/mdimg/perfume-social-cards/en-p_c_71539.jpeg,fragrantica-scraper-archive/social-cards/images/2949_1943-TMFO_71539.jpeg,DOWNLOADED,96619,11ee4af383263f6535ad2565baa05be81b5471fa2be603325f882d279091d491,
2948,1942-LAN,IDOLE NECTAR,Lancome,Idole Nectar,CONFIRMED,FOUND,74137,https://www.fragrantica.com/perfume/Lancome/Idole-Nectar-74137.html,https://fimgs.net/mdimg/perfume-social-cards/en-p_c_74137.jpeg,fragrantica-scraper-archive/social-cards/images/2948_1942-LAN_74137.jpeg,DOWNLOADED,92975,7a4b5f73ce35e7c1460f9092b72c3c6de066896f8110ae560a3371fe6303200c,
2944,1951-LAT,RAGHBA - LATTAFA,Lattafa Perfumes,Raghba,CONFIRMED,FOUND,25807,https://www.fragrantica.com/perfume/Lattafa-Perfumes/Raghba-25807.html,https://fimgs.net/mdimg/perfume-social-cards/en-p_c_25807.jpeg,fragrantica-scraper-archive/social-cards/images/2944_1951-LAT_25807.jpeg,DOWNLOADED,104346,04b7e8ecd2ac456ba9b9b6b6c0d273941d83cca27e1c0286c67afc0429396e69,
2943,1870-ARDAL,,Ard Al Zaafaran,Ameerat Al Ehsaas,CONFIRMED,FOUND,70365,https://www.fragrantica.com/perfume/Ard-Al-Zaafaran/Ameerat-Al-Ehsaas-70365.html,https://fimgs.net/mdimg/perfume-social-cards/en-p_c_70365.jpeg,fragrantica-scraper-archive/social-cards/images/2943_1870-ARDAL_70365.jpeg,DOWNLOADED,114338,e7bd8fd486bbb45f8bd7d3817192e06b0c24d9d85296bf21ead90b16348c00a6,
2942,,,,,AMBIGUOUS,NOT_FOUND,,,,,NO_CONFIRMED_ID,,,
2941,,AL AMAKEN - SWISS ARABIAN,Swiss Arabian,Al Amaken,CONFIRMED,FOUND,22928,https://www.fragrantica.com/perfume/Swiss-Arabian/Al-Amaken-22928.html,https://fimgs.net/mdimg/perfume-social-cards/en-p_c_22928.jpeg,fragrantica-scraper-archive/social-cards/images/2941_unknown_22928.jpeg,DOWNLOADED,115483,2d86d9c9114b3eb23eae99ca5b563f3664f45fc05ed44a1526be062077569528,
2940,1922-ORT,,Orto Parisi,Megamare,CONFIRMED,FOUND,53471,https://www.fragrantica.com/perfume/Orto-Parisi/Megamare-53471.html,https://fimgs.net/mdimg/perfume-social-cards/en-p_c_53471.jpeg,fragrantica-scraper-archive/social-cards/images/2940_1922-ORT_53471.jpeg,DOWNLOADED,98299,31d485863b765e7f5b60c718fd61e403abc18c92f5857309b63eee8cc73c58da,
2939,1946-MARC,GANYMEDE - MARC ANTOINE BARROIS,Marc Antoine Barrois,Ganymede,CONFIRMED,FOUND,54720,https://www.fragrantica.com/perfume/Marc-Antoine-Barrois/Ganymede-54720.html,https://fimgs.net/mdimg/perfume-social-cards/en-p_c_54720.jpeg,fragrantica-scraper-archive/social-cards/images/2939_1946-MARC_54720.jpeg,DOWNLOADED,105251,1f231a7856392ba0b7d4f4895134441791ef8b79ebb192a24f7b089c1f5cced1,
2938,1945-XER,RENAISSANCE XJ 1861,Xerjoff,XJ 1861 Renaissance,CONFIRMED,FOUND,12126,https://www.fragrantica.com/perfume/Xerjoff/XJ-1861-Renaissance-12126.html,https://fimgs.net/mdimg/perfume-social-cards/en-p_c_12126.jpeg,fragrantica-scraper-archive/social-cards/images/2938_1945-XER_12126.jpeg,DOWNLOADED,100942,d0989cabd3b1b816b277263aa17d0d3f4604b1088f52efc4bea5e4f2fdc58482,
2936,1928-ROJ,OLIGARCH - ROJA DOVE,Roja Dove,Oligarch,CONFIRMED,FOUND,40687,https://www.fragrantica.com/perfume/Roja-Dove/Oligarch-40687.html,https://fimgs.net/mdimg/perfume-social-cards/en-p_c_40687.jpeg,fragrantica-scraper-archive/social-cards/images/2936_1928-ROJ_40687.jpeg,DOWNLOADED,112105,a2358b819268546d1bc8b78288dee5745257e8d9bc5901fd250182fe052bb75a,
2935,1924-PARF,SEDLEY - PARFUMS DE MARLY,Parfums de Marly,Sedley,CONFIRMED,FOUND,56273,https://www.fragrantica.com/perfume/Parfums-de-Marly/Sedley-56273.html,https://fimgs.net/mdimg/perfume-social-cards/en-p_c_56273.jpeg,fragrantica-scraper-archive/social-cards/images/2935_1924-PARF_56273.jpeg,DOWNLOADED,103740,a37a10849bc2461908b6845e280c671b93dac97de23be9e58a50cdad86bd6982,
2934,1923-NISH,AMBRA CALABRIA - NISHANE,Nishane,Ambra Calabria,CONFIRMED,FOUND,30568,https://www.fragrantica.com/perfume/Nishane/Ambra-Calabria-30568.html,https://fimgs.net/mdimg/perfume-social-cards/en-p_c_30568.jpeg,fragrantica-scraper-archive/social-cards/images/2934_1923-NISH_30568.jpeg,DOWNLOADED,109666,03cb1a38d42ccf2fdd8047f198eff528c07eb174715527ee042ef7de9bd1713f,
2933,1927-AMG,,Amouage,HONOUR - AMOUAGE,CONFIRMED,FOUND,12762,https://www.fragrantica.com/perfume/Amouage/Honour-Woman-12762.html,https://fimgs.net/mdimg/perfume-social-cards/en-p_c_12762.jpeg,fragrantica-scraper-archive/social-cards/images/2933_1927-AMG_12762.jpeg,DOWNLOADED,102595,4a26b51e32caf89bcddb234fa16bad21dadc8b97911648ab949356b16b8af156,
2911,,,Al Haramain Perfumes,Sultan,CONFIRMED,FOUND,19846,https://www.fragrantica.com/perfume/Al-Haramain-Perfumes/Sultan-19846.html,https://fimgs.net/mdimg/perfume-social-cards/en-p_c_19846.jpeg,fragrantica-scraper-archive/social-cards/images/2911_unknown_19846.jpeg,DOWNLOADED,103808,542bc1afa4ef02d24c7d08c40235dd615554c58ac5a8b9392ba4bbb35335c6d3,
2886,1913-CAR,SAFFRON LAZULI,Carolina Herrera,Saffron Lazuli,CONFIRMED,FOUND,59562,https://www.fragrantica.com/perfume/Carolina-Herrera/Saffron-Lazuli-59562.html,https://fimgs.net/mdimg/perfume-social-cards/en-p_c_59562.jpeg,fragrantica-scraper-archive/social-cards/images/2886_1913-CAR_59562.jpeg,DOWNLOADED,111211,cd10de84c7049f075e702e5165eeb39e5c6a022818e35903fc8863eee359f9df,
2885,1911-KIL,SINGLE MALT - KILIAN,By Kilian,Single Malt,CONFIRMED,FOUND,30821,https://www.fragrantica.com/perfume/By-Kilian/Single-Malt-30821.html,https://fimgs.net/mdimg/perfume-social-cards/en-p_c_30821.jpeg,fragrantica-scraper-archive/social-cards/images/2885_1911-KIL_30821.jpeg,DOWNLOADED,96198,ffaeca220c008986f9e47e348f898eed27277b667cb8de411de25582a0775457,
2884,1909-XER,TORINO 21,Xerjoff,Torino21,CONFIRMED,FOUND,70424,https://www.fragrantica.com/perfume/Xerjoff/Torino21-70424.html,https://fimgs.net/mdimg/perfume-social-cards/en-p_c_70424.jpeg,fragrantica-scraper-archive/social-cards/images/2884_1909-XER_70424.jpeg,DOWNLOADED,99913,28955bd6346d23539e503bb0fb83ebfad6cf3af760fbaee23b6819f2ed1cdb71,
2883,1908-XER,TONY IOMMI MONKEY SPECIAL,Xerjoff,Tony Iommi Monkey Special,CONFIRMED,FOUND,70789,https://www.fragrantica.com/perfume/Xerjoff/Tony-Iommi-Monkey-Special-70789.html,https://fimgs.net/mdimg/perfume-social-cards/en-p_c_70789.jpeg,fragrantica-scraper-archive/social-cards/images/2883_1908-XER_70789.jpeg,DOWNLOADED,111547,e12497d50aa932c9c8d1f6da1b59b51bcf6b69f6a172899dacb5c318db90bb3b,
2882,1906-XER,SYMPHONIUM,Xerjoff,Symphonium,CONFIRMED,FOUND,59707,https://www.fragrantica.com/perfume/Xerjoff/Symphonium-59707.html,https://fimgs.net/mdimg/perfume-social-cards/en-p_c_59707.jpeg,fragrantica-scraper-archive/social-cards/images/2882_1906-XER_59707.jpeg,DOWNLOADED,108264,5531de3a84120675281338ed041ea33a2514f3c328997a78b264ba8573be3019,
2881,1912-AMG,Myths Man,Amouage,Myths Man,CONFIRMED,FOUND,38259,https://www.fragrantica.com/perfume/Amouage/Myths-Man-38259.html,https://fimgs.net/mdimg/perfume-social-cards/en-p_c_38259.jpeg,fragrantica-scraper-archive/social-cards/images/2881_1912-AMG_38259.jpeg,DOWNLOADED,100918,0b16d6e1cfaa439bb86dc773939bec84368228a98554a956a521b80c86b309fc,
2880,1905-AMG,Saffron Hamra,Amouage,Saffron Hamra,CONFIRMED,FOUND,71113,https://www.fragrantica.com/perfume/Amouage/Saffron-Hamra-71113.html,https://fimgs.net/mdimg/perfume-social-cards/en-p_c_71113.jpeg,fragrantica-scraper-archive/social-cards/images/2880_1905-AMG_71113.jpeg,DOWNLOADED,94529,11efe5b8a74289afd22a986e2c24454724979014e43955703e301585ecb4ab3f,
2879,1900-AMG,Orris Wakan,Amouage,Orris Wakan,CONFIRMED,FOUND,71109,https://www.fragrantica.com/perfume/Amouage/Orris-Wakan-71109.html,https://fimgs.net/mdimg/perfume-social-cards/en-p_c_71109.jpeg,fragrantica-scraper-archive/social-cards/images/2879_1900-AMG_71109.jpeg,DOWNLOADED,92204,e80324da4f60595dd1ae1b9a94741602aa98f48fcc63b0710c7b1624cf9532f9,
2878,1899-ZARK,THE MUSE - ZARKOPERFUME,Zarko Perfume,The-muse,CONFIRMED,FOUND,60665,https://www.fragrantica.com/perfume/ZARKOPERFUME/The-Muse-60665.html,https://fimgs.net/mdimg/perfume-social-cards/en-p_c_60665.jpeg,fragrantica-scraper-archive/social-cards/images/2878_1899-ZARK_60665.jpeg,DOWNLOADED,89715,0023f366ca4d9e0b47e4288bffc9379676f354dcb9b86f3888726a5602a25c4a,
2877,1897-VICT,BOMBSHELL SUNDRENCHED - VICTORIAS SECRET,Victoria s Secret,Bombshell Sundrenched,CONFIRMED,FOUND,73276,https://www.fragrantica.com/perfume/Victoria-s-Secret/Bombshell-Sundrenched-73276.html,https://fimgs.net/mdimg/perfume-social-cards/en-p_c_73276.jpeg,fragrantica-scraper-archive/social-cards/images/2877_1897-VICT_73276.jpeg,DOWNLOADED,100201,d1a55fd670e0a5232a3f0084e9ea59ba069f8b2e74e631691fe893db7a3a4ee8,
2876,1902-CRD,Wind Flowers,Creed,Wind Flowers,CONFIRMED,FOUND,70182,https://www.fragrantica.com/perfume/Creed/Wind-Flowers-70182.html,https://fimgs.net/mdimg/perfume-social-cards/en-p_c_70182.jpeg,fragrantica-scraper-archive/social-cards/images/2876_1902-CRD_70182.jpeg,DOWNLOADED,105305,5bcb7272c4cc053b29c06ce1efc59efba070b0e5f3118aee72d49b9cc946b6fd,
2875,1907-PEN,THE WORLD ACCORDING TO ARTHUR,Penhaligon s,The World According to Arthur,CONFIRMED,FOUND,71646,https://www.fragrantica.com/perfume/Penhaligon-s/The-World-According-to-Arthur-71646.html,https://fimgs.net/mdimg/perfume-social-cards/en-p_c_71646.jpeg,fragrantica-scraper-archive/social-cards/images/2875_1907-PEN_71646.jpeg,DOWNLOADED,110642,779a63140afba80796be4e5d853c261b2151bc6f1ef6d9cc5857f3313cc9b9fd,
2874,1904-ARM,A MILANO,Giorgio Armani,A Milano,CONFIRMED,FOUND,69489,https://www.fragrantica.com/perfume/Giorgio-Armani/A-Milano-69489.html,https://fimgs.net/mdimg/perfume-social-cards/en-p_c_69489.jpeg,fragrantica-scraper-archive/social-cards/images/2874_1904-ARM_69489.jpeg,DOWNLOADED,100830,e7d80659898980e53dc139545fbbe0f7629510b3727a2b967a14148569ff62e4,
2873,1901-MOS,TOY 2 BUBBLE GUM - MOSCHINO,Moschino,Toy 2 Bubble Gum,CONFIRMED,FOUND,66098,https://www.fragrantica.com/perfume/Moschino/Toy-2-Bubble-Gum-66098.html,https://fimgs.net/mdimg/perfume-social-cards/en-p_c_66098.jpeg,fragrantica-scraper-archive/social-cards/images/2873_1901-MOS_66098.jpeg,DOWNLOADED,106658,9db78871fe8f409619803ae2afa7fd71cc80a1f37ea98746572879323ecd6dc7,
2872,1932-YZLO,BLACK OPIUM ILLICIT GREEN,Yves Saint Laurent,Black Opium Illicit Green,CONFIRMED,FOUND,71193,https://www.fragrantica.com/perfume/Yves-Saint-Laurent/Black-Opium-Illicit-Green-71193.html,https://fimgs.net/mdimg/perfume-social-cards/en-p_c_71193.jpeg,fragrantica-scraper-archive/social-cards/images/2872_1932-YZLO_71193.jpeg,DOWNLOADED,129930,9fdb06c31a4b21562b9fec3164b2f01552894b3d7dc5cc26dd153b9d66e51ce3,
2861,1903-BYR,De Los Santos,Byredo,De Los Santos,CONFIRMED,FOUND,72693,https://www.fragrantica.com/perfume/Byredo/De-Los-Santos-72693.html,https://fimgs.net/mdimg/perfume-social-cards/en-p_c_72693.jpeg,fragrantica-scraper-archive/social-cards/images/2861_1903-BYR_72693.jpeg,DOWNLOADED,102892,c97786fe14c8683599b25d6a0d2b559736e4d9259dc0356014e63d4e8a6d5e7e,
2860,1910-PRA,INFUSION DE VANILLE - PRADA,Prada,Infusion de Vanille,CONFIRMED,FOUND,74476,https://www.fragrantica.com/perfume/Prada/Infusion-de-Vanille-74476.html,https://fimgs.net/mdimg/perfume-social-cards/en-p_c_74476.jpeg,fragrantica-scraper-archive/social-cards/images/2860_1910-PRA_74476.jpeg,DOWNLOADED,95893,18b0aace85bb92db4b1df8e897430f39eb2e7512590018e9a43f1e6736226112,
2859,1898-NRO,CRISTAL EAU DE PARFUM - RODRIGUEZ,Narciso Rodriguez,Narciso Eau de Parfum Cristal,CONFIRMED,FOUND,73075,https://www.fragrantica.com/perfume/Narciso-Rodriguez/Narciso-Eau-de-Parfum-Cristal-73075.html,https://fimgs.net/mdimg/perfume-social-cards/en-p_c_73075.jpeg,fragrantica-scraper-archive/social-cards/images/2859_1898-NRO_73075.jpeg,DOWNLOADED,109745,b6600e04aef0fae31366a993e53732a015d4c202c9ecefd8460f48b60dca6d0d,
2858,1918-PAC,FAME,Rabanne,Fame,CONFIRMED,FOUND,74962,https://www.fragrantica.com/perfume/Rabanne/Fame-74962.html,https://fimgs.net/mdimg/perfume-social-cards/en-p_c_74962.jpeg,fragrantica-scraper-archive/social-cards/images/2858_1918-PAC_74962.jpeg,DOWNLOADED,111808,9e9eb40931e785a69381ac303f303ccb23df0391b4e0be19ec51ffd4b490d38d,
2857,1919-PRA,PARADOXE - PRADA,Prada,Prada Paradoxe,CONFIRMED,FOUND,75668,https://www.fragrantica.com/perfume/Prada/Prada-Paradoxe-75668.html,https://fimgs.net/mdimg/perfume-social-cards/en-p_c_75668.jpeg,fragrantica-scraper-archive/social-cards/images/2857_1919-PRA_75668.jpeg,DOWNLOADED,107661,d32bbff4ed621e1066d75953153d8bda7acc1acea702f9934a632304471bc785,
2826,1756-LBI,,Laura Biagiotti,ROMA - LAURA BIAGIOTTI,CONFIRMED,FOUND,628,https://www.fragrantica.com/perfume/Laura-Biagiotti/Roma-628.html,https://fimgs.net/mdimg/perfume-social-cards/en-p_c_628.jpeg,fragrantica-scraper-archive/social-cards/images/2826_1756-LBI_628.jpeg,DOWNLOADED,100456,cfac1720a7d37d2ad689f36754841e77b04080093d146125575b3628e5c7d76d,
2825,1743-LBI,,Laura Biagiotti,Sotto Voce,CONFIRMED,FOUND,1185,https://www.fragrantica.com/perfume/Laura-Biagiotti/Sotto-Voce-1185.html,https://fimgs.net/mdimg/perfume-social-cards/en-p_c_1185.jpeg,fragrantica-scraper-archive/social-cards/images/2825_1743-LBI_1185.jpeg,DOWNLOADED,104831,edd74cd77778fed0e6a410d49c8ccc59d0d2435427af7e6b0c7748edd6061af3,
2824,1753-TEDL,,,,CONFIRMED,FOUND,5942,https://www.fragrantica.com/perfume/Ted-Lapidus/Ted-5942.html,https://fimgs.net/mdimg/perfume-social-cards/en-p_c_5942.jpeg,fragrantica-scraper-archive/social-cards/images/2824_1753-TEDL_5942.jpeg,DOWNLOADED,96350,3614837b09b5c3a2c8b1af82f46bfac4ee99e1d4eca864695c25f7237e28e661,
2823,998-ABE,,Abercrombie Fitch,Fierce Icon,CONFIRMED,FOUND,38014,https://www.fragrantica.com/perfume/Abercrombie-Fitch/Fierce-Icon-38014.html,https://fimgs.net/mdimg/perfume-social-cards/en-p_c_38014.jpeg,fragrantica-scraper-archive/social-cards/images/2823_998-ABE_38014.jpeg,DOWNLOADED,89477,c18bfbbedf600adeffb233d75b6bf0227fca69de3080eb4a841c35a67aaec059,
2820,1917-MNTB,LEGEND RED - MONT BLANC,Montblanc,Legend Red,CONFIRMED,FOUND,71652,https://www.fragrantica.com/perfume/Montblanc/Legend-Red-71652.html,https://fimgs.net/mdimg/perfume-social-cards/en-p_c_71652.jpeg,fragrantica-scraper-archive/social-cards/images/2820_1917-MNTB_71652.jpeg,DOWNLOADED,109103,6c72dd333a6e86d11869dde97fc241d59a11fbbba4dd91c5abb346dbe25ae4e4,
2819,1916-VICT,BLISSFUL GARDEN - VICTORIA'S SECRET,Victoria s Secret,Blissful Garden,CONFIRMED,FOUND,91949,https://www.fragrantica.com/perfume/Victoria-s-Secret/Blissful-Garden-91949.html,https://fimgs.net/mdimg/perfume-social-cards/en-p_c_91949.jpeg,fragrantica-scraper-archive/social-cards/images/2819_1916-VICT_91949.jpeg,DOWNLOADED,116823,4358a5adfab1b8c9ad9e41e4bd95c022b64cebff6fa13845fc77261c8c69d2c5,
2818,1915-PAC,OLYMPEA SOLAR,Rabanne,Olympea Solar,CONFIRMED,FOUND,72556,https://www.fragrantica.com/perfume/Rabanne/Olympea-Solar-72556.html,https://fimgs.net/mdimg/perfume-social-cards/en-p_c_72556.jpeg,fragrantica-scraper-archive/social-cards/images/2818_1915-PAC_72556.jpeg,DOWNLOADED,119845,4636dddcd76a2747d23a1670444ceecc8029a4070f37285a43e7e4e0453c2f00,
2805,1894-MNT,FANTASTIC OUD - MONTALE,Montale,Fantastic Oud,CONFIRMED,FOUND,48945,https://www.fragrantica.com/perfume/Montale/Fantastic-Oud-48945.html,https://fimgs.net/mdimg/perfume-social-cards/en-p_c_48945.jpeg,fragrantica-scraper-archive/social-cards/images/2805_1894-MNT_48945.jpeg,DOWNLOADED,106561,bb48de17ea68c0973f24a773a288249a059142f508a60212701384187796edfd,
2804,1872-DOL,LIGHT BLUE EAU INTENSE,Dolce Gabbana,Light Blue Eau Intense,CONFIRMED,FOUND,44034,https://www.fragrantica.com/perfume/Dolce-Gabbana/Light-Blue-Eau-Intense-44034.html,https://fimgs.net/mdimg/perfume-social-cards/en-p_c_44034.jpeg,fragrantica-scraper-archive/social-cards/images/2804_1872-DOL_44034.jpeg,DOWNLOADED,99776,ed4e1d37926ced2a9f42ac4be788c3575bf2da81292ac43e6bf5cd1d449e2bba,
2803,1828-LAN,"O OUI! Fragrance floral, white floral, fruity, fresh, citrus, aquatic",Lancome,O OUI!,CONFIRMED,FOUND,186,https://www.fragrantica.com/perfume/Lancome/O-Oui-186.html,https://fimgs.net/mdimg/perfume-social-cards/en-p_c_186.jpeg,fragrantica-scraper-archive/social-cards/images/2803_1828-LAN_186.jpeg,DOWNLOADED,97197,094a11082593cd5cdded638b7e5aca8ee799cc5d7af2433991cec9810b2c6c49,
2802,1895-HER,TERRE D'HERMES EAU GIVREE,Hermes,Terre d Hermes Eau Givree,CONFIRMED,FOUND,72439,https://www.fragrantica.com/perfume/Hermes/Terre-d-Hermes-Eau-Givree-72439.html,https://fimgs.net/mdimg/perfume-social-cards/en-p_c_72439.jpeg,fragrantica-scraper-archive/social-cards/images/2802_1895-HER_72439.jpeg,DOWNLOADED,104199,a33443affc8743d5feadee4acec352fa747651f4b932c27a27d251ee1b36503b,
2801,1896-ESC,CHERRY IN JAPAN - ESCADA,Escada,Cherry-in-japan,CONFIRMED,FOUND,70279,https://www.fragrantica.com/perfume/Escada/Cherry-In-Japan-70279.html,https://fimgs.net/mdimg/perfume-social-cards/en-p_c_70279.jpeg,fragrantica-scraper-archive/social-cards/images/2801_1896-ESC_70279.jpeg,DOWNLOADED,83849,ab3a0e8f81ccfadd051cad76889998eb7fc22991ccb43a8ef98f0dfd53f0e688,
2800,1892-NRO,MUSC NOIR ROSE FOR HER - RODRIGUEZ,Narciso Rodriguez,Musc Noir Rose For Her,CONFIRMED,FOUND,71596,https://www.fragrantica.com/perfume/Narciso-Rodriguez/Musc-Noir-Rose-For-Her-71596.html,https://fimgs.net/mdimg/perfume-social-cards/en-p_c_71596.jpeg,fragrantica-scraper-archive/social-cards/images/2800_1892-NRO_71596.jpeg,DOWNLOADED,104585,7b6c181649e841bfe56932a17918968b54e6cf8996b80fb407c5d3ff5ad89b89,
2799,1887-XER,ERBA PURA,Xerjoff,Erba Pura,CONFIRMED,FOUND,55157,https://www.fragrantica.com/perfume/Xerjoff/Erba-Pura-55157.html,https://fimgs.net/mdimg/perfume-social-cards/en-p_c_55157.jpeg,fragrantica-scraper-archive/social-cards/images/2799_1887-XER_55157.jpeg,DOWNLOADED,96119,dbae9651110ebb354e8b00f81707591c3acb7fe882f2bc0cb16c01530f5de5c5,
2798,1885-WID,LONDON - WIDIAN,,,CONFIRMED,FOUND,47781,https://www.fragrantica.com/perfume/Widian/Widian-London-47781.html,https://fimgs.net/mdimg/perfume-social-cards/en-p_c_47781.jpeg,fragrantica-scraper-archive/social-cards/images/2798_1885-WID_47781.jpeg,DOWNLOADED,105797,58b6f5a9f5f994658eede2987dfb2beddde102b8fa22ead82dcc9f0c310fd446,
2797,1886-PARF,DELINA LA ROSE - PDM,Parfums de Marly,DELINA LA ROSE - PDM,CONFIRMED,FOUND,64667,https://www.fragrantica.com/perfume/Parfums-de-Marly/Delina-La-Ros-e-64667.html,https://fimgs.net/mdimg/perfume-social-cards/en-p_c_64667.jpeg,fragrantica-scraper-archive/social-cards/images/2797_1886-PARF_64667.jpeg,DOWNLOADED,106606,28fb62548ee13cd48cc9179472137e2525e128a8045529ff7a2c2a1770db9c7c,
2796,1883-NISH,Fragrance WULONG CHA - NISHANE,Nishane,Wulong Cha,CONFIRMED,FOUND,30567,https://www.fragrantica.com/perfume/Nishane/Wulong-Cha-30567.html,https://fimgs.net/mdimg/perfume-social-cards/en-p_c_30567.jpeg,fragrantica-scraper-archive/social-cards/images/2796_1883-NISH_30567.jpeg,DOWNLOADED,109830,2d5621679ccb257f3cece109833de9c0fbd803fb33e82f4e5cff2823e2b4ec76,
2795,1884-NISH,FAN YOUR FLAMES - NISHANE,Nishane,Fan Your Flames,CONFIRMED,FOUND,37603,https://www.fragrantica.com/perfume/Nishane/Fan-Your-Flames-37603.html,https://fimgs.net/mdimg/perfume-social-cards/en-p_c_37603.jpeg,fragrantica-scraper-archive/social-cards/images/2795_1884-NISH_37603.jpeg,DOWNLOADED,113118,c28271690655ea473ef079f2d8d0197b84354f07581f667ad9822b258c63440f,
2794,1888-MOR,,Moresque,Contessa,CONFIRMED,FOUND,35669,https://www.fragrantica.com/perfume/Moresque/Contessa-35669.html,https://fimgs.net/mdimg/perfume-social-cards/en-p_c_35669.jpeg,fragrantica-scraper-archive/social-cards/images/2794_1888-MOR_35669.jpeg,DOWNLOADED,108790,777a59a9f81bbe2768d9799d61a114a20a8c94487af0c3057eeb7497c508e940,
2793,1893-CHA,No 1 LEAU ROUGE,Chanel,N-1-l-eau-rouge,CONFIRMED,FOUND,71442,https://www.fragrantica.com/perfume/Chanel/N-1-de-Chanel-L-Eau-Rouge-71442.html,https://fimgs.net/mdimg/perfume-social-cards/en-p_c_71442.jpeg,fragrantica-scraper-archive/social-cards/images/2793_1893-CHA_71442.jpeg,DOWNLOADED,102161,db3da42ff2c6fafea008afb731e072777208b1353f720026dea51688c8ac1902,
2792,1882-MARG,BY THE FIRE PLACE,Maison Martin Margiela,By the Fireplace,CONFIRMED,FOUND,31623,https://www.fragrantica.com/perfume/Maison-Martin-Margiela/By-the-Fireplace-31623.html,https://fimgs.net/mdimg/perfume-social-cards/en-p_c_31623.jpeg,fragrantica-scraper-archive/social-cards/images/2792_1882-MARG_31623.jpeg,DOWNLOADED,113984,fc6274cf2690800a912eb1f3f8fcab5795c5397ddebc3ad64173c4343b1c63d1,
2791,1880-KIL,KISSES DON’T LIE - KILIAN,By Kilian,Kisses Don t Lie,CONFIRMED,FOUND,23339,https://www.fragrantica.com/perfume/By-Kilian/Kisses-Don-t-Lie-23339.html,https://fimgs.net/mdimg/perfume-social-cards/en-p_c_23339.jpeg,fragrantica-scraper-archive/social-cards/images/2791_1880-KIL_23339.jpeg,DOWNLOADED,105792,a526b18568fc393c28523d6f3cbed9cc7c0d8e7c40c6a2dd5919d54957c90cfd,
2790,1879-KIL,GOOD GIRL GONE BAD EXTREME - KILIAN,By Kilian,Good Girl Gone Bad Extreme,CONFIRMED,FOUND,43810,https://www.fragrantica.com/perfume/By-Kilian/Good-Girl-Gone-Bad-Extreme-43810.html,https://fimgs.net/mdimg/perfume-social-cards/en-p_c_43810.jpeg,fragrantica-scraper-archive/social-cards/images/2790_1879-KIL_43810.jpeg,DOWNLOADED,100831,26fb36944260f002aa09c29232349e3cd122f506df4d3cc4d1e21400c9baf7ac,
2789,1878-KIL,A KISS FROM A ROSE - KILIAN,By Kilian,A Kiss from a Rose,CONFIRMED,FOUND,66726,https://www.fragrantica.com/perfume/By-Kilian/A-Kiss-from-a-Rose-66726.html,https://fimgs.net/mdimg/perfume-social-cards/en-p_c_66726.jpeg,fragrantica-scraper-archive/social-cards/images/2789_1878-KIL_66726.jpeg,DOWNLOADED,108352,413f8a8baf587efa4ebade5e38d2198338a9aeee7411e3ede1f47deb359b8a3d,
2788,1877-INI,OUD FOR HAPPINESS - INITIO PARFUMS,Initio Parfums Prives,Oud for Happiness,CONFIRMED,FOUND,69224,https://www.fragrantica.com/perfume/Initio-Parfums-Prives/Oud-for-Happiness-69224.html,https://fimgs.net/mdimg/perfume-social-cards/en-p_c_69224.jpeg,fragrantica-scraper-archive/social-cards/images/2788_1877-INI_69224.jpeg,DOWNLOADED,127935,ac228cb3959f6c815e6d763e8c10ba6029713761fffdf55caef79c3d95fbb533,
2787,1881-INI,MUSK THERAPY - INITIO PARFUMS,Initio Parfums Prives,Musk Therapy,CONFIRMED,FOUND,66097,https://www.fragrantica.com/perfume/Initio-Parfums-Prives/Musk-Therapy-66097.html,https://fimgs.net/mdimg/perfume-social-cards/en-p_c_66097.jpeg,fragrantica-scraper-archive/social-cards/images/2787_1881-INI_66097.jpeg,DOWNLOADED,102271,dd64d0f0016372ee04b49a1053277d4d8b726f4bee595385c0b8faf80447df2b,
2786,1876-INI,ADDICTIVE VIBRATION - INITIO PARFUMS,Initio Parfums Prives,Addictive Vibration,CONFIRMED,FOUND,38666,https://www.fragrantica.com/perfume/Initio-Parfums-Prives/Addictive-Vibration-38666.html,https://fimgs.net/mdimg/perfume-social-cards/en-p_c_38666.jpeg,fragrantica-scraper-archive/social-cards/images/2786_1876-INI_38666.jpeg,DOWNLOADED,102359,93d02cb0b37808c85f39c31f1583d9a85bacfa417bfea7acdc7ca3c4d2ebe4f0,
2785,1875-ESCE,,Escentric Molecules,Molecule 05,CONFIRMED,FOUND,58969,https://www.fragrantica.com/p/58969,https://fimgs.net/mdimg/perfume-social-cards/en-p_c_58969.jpeg,fragrantica-scraper-archive/social-cards/images/2785_1875-ESCE_58969.jpeg,DOWNLOADED,85383,6216dab0c879f1481aed5fca99517ce4aa2bc5ba59446734f1f9494539df6dfe,
2784,1873-MAN,ROSES AND CHOCOLATE - MANCERA,Mancera,Roses Chocolate,CONFIRMED,FOUND,18043,https://www.fragrantica.com/perfume/Mancera/Roses-Chocolate-18043.html,https://fimgs.net/mdimg/perfume-social-cards/en-p_c_18043.jpeg,fragrantica-scraper-archive/social-cards/images/2784_1873-MAN_18043.jpeg,DOWNLOADED,107768,c37a0b87f9c0ba68e0190966fedeb4ad94a35bf94864e149c68229c5745593a0,
2783,1874-LTN,CALIFORNIA Citrus fragrance for women and men,Louis Vuitton,CALIFORNIA Citrus fragrance for women and men,CONFIRMED,FOUND,60388,https://www.fragrantica.com/perfume/Louis-Vuitton/California-Dream-60388.html,https://fimgs.net/mdimg/perfume-social-cards/en-p_c_60388.jpeg,fragrantica-scraper-archive/social-cards/images/2783_1874-LTN_60388.jpeg,DOWNLOADED,102766,cd0a58139ee0bc65f94b485f1baca98984355050d1d3ccf1edb3643052b8eed1,
2782,1891-LEL,TONKA 25 - LE LABO,Le Labo,Tonka 25,CONFIRMED,FOUND,51697,https://www.fragrantica.com/perfume/Le-Labo/Tonka-25-51697.html,https://fimgs.net/mdimg/perfume-social-cards/en-p_c_51697.jpeg,fragrantica-scraper-archive/social-cards/images/2782_1891-LEL_51697.jpeg,DOWNLOADED,100160,bd1cb27d24b3d301a6683025c8015dcf911a0c6eb74d5113cce2ae8c3c98e696,
2781,1889-PEN,LUNA,Penhaligon s,Luna,CONFIRMED,FOUND,38351,https://www.fragrantica.com/perfume/Penhaligon-s/Luna-38351.html,https://fimgs.net/mdimg/perfume-social-cards/en-p_c_38351.jpeg,fragrantica-scraper-archive/social-cards/images/2781_1889-PEN_38351.jpeg,DOWNLOADED,99039,58058333c938ea977abbcbf3f133b269153f694a668752951ea0ac1cf08ba41e,
2780,1861-ACQ,BLU MEDITERRANEO BERGAMOTTO DI CALABRIA,Acqua di Parma,Acqua di Parma Blu Mediterraneo Bergamotto di Calabria,CONFIRMED,FOUND,7826,https://www.fragrantica.com/perfume/Acqua-di-Parma/Acqua-di-Parma-Blu-Mediterraneo-Bergamotto-di-Calabria-7826.html,https://fimgs.net/mdimg/perfume-social-cards/en-p_c_7826.jpeg,fragrantica-scraper-archive/social-cards/images/2780_1861-ACQ_7826.jpeg,DOWNLOADED,113823,36c84ca8cb1176e7abfaad69befd223b26fb63f316ed933d8d8000b82e087d99,
2773,1203-LOE,,Loewe,Solo Loewe,CONFIRMED,FOUND,3643,https://www.fragrantica.com/perfume/Loewe/Solo-Loewe-3643.html,https://fimgs.net/mdimg/perfume-social-cards/en-p_c_3643.jpeg,fragrantica-scraper-archive/social-cards/images/2773_1203-LOE_3643.jpeg,DOWNLOADED,100640,4d14b49f7153b3246afc83bc5248d91cf2598710ed475bd3b3cf958ea47a03ae,
2772,1890-LEL,,Abercrombie Fitch,41,CONFIRMED,FOUND,3510,https://www.fragrantica.com/perfume/Abercrombie-Fitch/41-3510.html,https://fimgs.net/mdimg/perfume-social-cards/en-p_c_3510.jpeg,fragrantica-scraper-archive/social-cards/images/2772_1890-LEL_3510.jpeg,MISSING,,,HTTP 404
2771,1853-KIL,KILLING ME SLOWLY - KILIAN,By Kilian,Killing Me Slowly,CONFIRMED,FOUND,23337,https://www.fragrantica.com/perfume/By-Kilian/Killing-Me-Slowly-23337.html,https://fimgs.net/mdimg/perfume-social-cards/en-p_c_23337.jpeg,fragrantica-scraper-archive/social-cards/images/2771_1853-KIL_23337.jpeg,DOWNLOADED,99207,32dba2c9f69c6dc136eb0f31e65c0b3c10a12b26cbcf5ff8706f4f0c340bec73,
2770,1862-PRA,PRADA L'HOMME,Prada,Prada L Homme,CONFIRMED,FOUND,39029,https://www.fragrantica.com/perfume/Prada/Prada-L-Homme-39029.html,https://fimgs.net/mdimg/perfume-social-cards/en-p_c_39029.jpeg,fragrantica-scraper-archive/social-cards/images/2770_1862-PRA_39029.jpeg,DOWNLOADED,107759,0108eb1bc1563a55a6e6413ed470263ea9600d031ecf250860f36e0ae86e9cb0,
2769,1863-LAC,POUR FEMME - LACOSTE,Lacoste Fragrances,Lacoste Pour Femme,CONFIRMED,FOUND,669,https://www.fragrantica.com/p/669,https://fimgs.net/mdimg/perfume-social-cards/en-p_c_669.jpeg,fragrantica-scraper-archive/social-cards/images/2769_1863-LAC_669.jpeg,DOWNLOADED,108077,540969d1557f5d6bdf9dd4fc547af88250b8d0ac66a383c43a083159741a69f6,
2768,1848-LEL,,Le Labo,Ambrette 9,CONFIRMED,FOUND,6334,https://www.fragrantica.com/perfume/Le-Labo/Ambrette-9-6334.html,https://fimgs.net/mdimg/perfume-social-cards/en-p_c_6334.jpeg,fragrantica-scraper-archive/social-cards/images/2768_1848-LEL_6334.jpeg,DOWNLOADED,100507,38e66ac8b68b3f3af2577f93eb560d08774373f61a55012ec759949441d220c5,
2767,1854-EXN,LUST IN PARADISE - EXNIHILO,Ex Nihilo,Lust in Paradise,CONFIRMED,FOUND,53588,https://www.fragrantica.com/perfume/Ex-Nihilo/Lust-in-Paradise-53588.html,https://fimgs.net/mdimg/perfume-social-cards/en-p_c_53588.jpeg,fragrantica-scraper-archive/social-cards/images/2767_1854-EXN_53588.jpeg,DOWNLOADED,102309,0c7dc5b5719a96e903be6e3eccf0a052256b003c6c48498f903d010a053aebbb,
2766,1859-XER,UDEN OVERDOSE,Xerjoff,Uden Overdose,CONFIRMED,FOUND,52433,https://www.fragrantica.com/perfume/Xerjoff/Uden-Overdose-52433.html,https://fimgs.net/mdimg/perfume-social-cards/en-p_c_52433.jpeg,fragrantica-scraper-archive/social-cards/images/2766_1859-XER_52433.jpeg,DOWNLOADED,98797,ae9e83222cb379a113ac046a275bf52a7e87ba812efc10e504b05d4270d94b58,
2765,1860-NAS,,Nasomatto,Absinth,CONFIRMED,FOUND,4293,https://www.fragrantica.com/p/4293,https://fimgs.net/mdimg/perfume-social-cards/en-p_c_4293.jpeg,fragrantica-scraper-archive/social-cards/images/2765_1860-NAS_4293.jpeg,DOWNLOADED,92895,61334d38f4092a94b2a922641ad0d21ec2baaa0fb8c77100207be673452eda39,
2764,583-DON,PURE DKNY - DONNA KARAN,Donna Karan,Pure DKNY,CONFIRMED,FOUND,7973,https://www.fragrantica.com/perfume/Donna-Karan/Pure-DKNY-7973.html,https://fimgs.net/mdimg/perfume-social-cards/en-p_c_7973.jpeg,fragrantica-scraper-archive/social-cards/images/2764_583-DON_7973.jpeg,DOWNLOADED,97518,5eda72ac524a1a70c842201823eea9e137d2e6dcf0e7c7bde86a3457196c3bb2,
2763,1865-YZLO,MAGNIFICENT GOLD,Yves Saint Laurent,Magnificent Gold,CONFIRMED,FOUND,46243,https://www.fragrantica.com/perfume/Yves-Saint-Laurent/Magnificent-Gold-46243.html,https://fimgs.net/mdimg/perfume-social-cards/en-p_c_46243.jpeg,fragrantica-scraper-archive/social-cards/images/2763_1865-YZLO_46243.jpeg,DOWNLOADED,100872,ac6cdef7e11ee3b16d8b9ca8333eadb67994faa97277d1f5cefc6415f2d81487,
2762,1518-RAL,ROMANCE,Ralph Lauren,Romance,CONFIRMED,FOUND,825,https://www.fragrantica.com/perfume/Ralph-Lauren/Romance-825.html,https://fimgs.net/mdimg/perfume-social-cards/en-p_c_825.jpeg,fragrantica-scraper-archive/social-cards/images/2762_1518-RAL_825.jpeg,DOWNLOADED,97380,87c2078e48312ae0f38576567f7e963a34a0fada3eeebf9e6448a0eb7b4dd1cb,
2760,1867-VER,EROS FLAME,Versace,Eros Flame,CONFIRMED,FOUND,52180,https://www.fragrantica.com/perfume/Versace/Eros-Flame-52180.html,https://fimgs.net/mdimg/perfume-social-cards/en-p_c_52180.jpeg,fragrantica-scraper-archive/social-cards/images/2760_1867-VER_52180.jpeg,DOWNLOADED,118265,a17fa14d6b8e05f05f572b1a95f8fabc43002066d215864a898b6bde69f21da8,
2759,1864-GUC,Rush 2,Gucci,Gucci Rush 2,CONFIRMED,FOUND,687,https://www.fragrantica.com/perfume/Gucci/Gucci-Rush-2-687.html,https://fimgs.net/mdimg/perfume-social-cards/en-p_c_687.jpeg,fragrantica-scraper-archive/social-cards/images/2759_1864-GUC_687.jpeg,DOWNLOADED,94620,b2bdc1a11440d74720dedb8ec7d83bd2db26749d0811b47ca6744f3fa9d7087c,
2758,1858-KUR,AQUA UNIVERSALIS FORTE,Maison Francis Kurkdjian,Aqua Universalis Forte,CONFIRMED,FOUND,12710,https://www.fragrantica.com/perfume/Maison-Francis-Kurkdjian/Aqua-Universalis-Forte-12710.html,https://fimgs.net/mdimg/perfume-social-cards/en-p_c_12710.jpeg,fragrantica-scraper-archive/social-cards/images/2758_1858-KUR_12710.jpeg,DOWNLOADED,108534,2244117489696139ef3373cf60fba7dab4e39dae93c4b90999a2b1f0ce0b9b4e,
2757,1871-PEN,CONSTANTINOPLE,Penhaligon s,Constantinople,CONFIRMED,FOUND,68998,https://www.fragrantica.com/perfume/Penhaligon-s/Constantinople-68998.html,https://fimgs.net/mdimg/perfume-social-cards/en-p_c_68998.jpeg,fragrantica-scraper-archive/social-cards/images/2757_1871-PEN_68998.jpeg,DOWNLOADED,110814,da4813ded6fbb9274c5426875882ca739b5e2ba404f80a1aa0be10578cb5eb5a,
2756,1855-LTN,,Louis Vuitton,L Immensite,CONFIRMED,FOUND,49751,https://www.fragrantica.com/perfume/Louis-Vuitton/L-Immensite-49751.html,https://fimgs.net/mdimg/perfume-social-cards/en-p_c_49751.jpeg,fragrantica-scraper-archive/social-cards/images/2756_1855-LTN_49751.jpeg,DOWNLOADED,101620,eda5ea81fdeb43305f63aa47a66ee6955b498793934189e49d6d7cef28091f34,
2755,1851-ARM,JASMIN KUSAMONO,Giorgio Armani,Jasmin Kusamono,CONFIRMED,FOUND,58909,https://www.fragrantica.com/perfume/Giorgio-Armani/Jasmin-Kusamono-58909.html,https://fimgs.net/mdimg/perfume-social-cards/en-p_c_58909.jpeg,fragrantica-scraper-archive/social-cards/images/2755_1851-ARM_58909.jpeg,DOWNLOADED,104994,98cf209d1bba503c0512085d0ce3fea5839353ef918df7dff9ada36386e007a1,
2754,1857-ESCE,ESCENTRIC 05 - ESCENTRIC MOLECULES,Escentric Molecules,Escentric 05,CONFIRMED,FOUND,58970,https://www.fragrantica.com/p/58970,https://fimgs.net/mdimg/perfume-social-cards/en-p_c_58970.jpeg,fragrantica-scraper-archive/social-cards/images/2754_1857-ESCE_58970.jpeg,DOWNLOADED,110041,fa7a2af0731afb07a3dac9044c8f578c9d118f7abe663637305ed46fcc40e2d5,
2753,1856-PARF,MELIORA - PARFUMS DE MARLY,Parfums de Marly,Meliora,CONFIRMED,FOUND,18750,https://www.fragrantica.com/perfume/Parfums-de-Marly/Meliora-18750.html,https://fimgs.net/mdimg/perfume-social-cards/en-p_c_18750.jpeg,fragrantica-scraper-archive/social-cards/images/2753_1856-PARF_18750.jpeg,DOWNLOADED,98302,1c15fd67f12e8b0ee6a07a9bd2f7e66cce5aabd6659135a0e285cf6a79c8f6c6,
2752,1852-PRFRO,BATTITO D'ALI - PROFUMUM ROMA,Profumum Roma,Battito d'Ali,CONFIRMED,FOUND,11701,https://www.fragrantica.com/p/11701,https://fimgs.net/mdimg/perfume-social-cards/en-p_c_11701.jpeg,fragrantica-scraper-archive/social-cards/images/2752_1852-PRFRO_11701.jpeg,DOWNLOADED,105373,eb394a01610680188fae79aab40105747043d4151faf5f2536db629dc3ddb4ed,
2751,1849-PRFRO,ACQUA E ZUCCHERO - PROFUMUM ROMA,Profumum Roma,Acqua e Zucchero,CONFIRMED,FOUND,3887,https://www.fragrantica.com/p/3887,https://fimgs.net/mdimg/perfume-social-cards/en-p_c_3887.jpeg,fragrantica-scraper-archive/social-cards/images/2751_1849-PRFRO_3887.jpeg,DOWNLOADED,97528,fe736e0abe6d374e12d92930624dad06f9e83613af074a099ab11fd9d0d90f5e,
2750,1850-LEL,ANOTHER 13 - LE LABO,Le Labo,Another 13,CONFIRMED,FOUND,10131,https://www.fragrantica.com/perfume/Le-Labo/Another-13-10131.html,https://fimgs.net/mdimg/perfume-social-cards/en-p_c_10131.jpeg,fragrantica-scraper-archive/social-cards/images/2750_1850-LEL_10131.jpeg,DOWNLOADED,102265,6d88451ed8a2441fc300fda67bed53a06cbbd9fcbd7bd4af2f9d3fd35256171f,
2748,1844-BYR,Oud Immortel,Byredo,Oud Immortel,CONFIRMED,FOUND,10759,https://www.fragrantica.com/perfume/Byredo/Oud-Immortel-10759.html,https://fimgs.net/mdimg/perfume-social-cards/en-p_c_10759.jpeg,fragrantica-scraper-archive/social-cards/images/2748_1844-BYR_10759.jpeg,DOWNLOADED,106555,05d867fb1b2a0fe7455978c82e64a922267c9296d35f561031c9bb1d38bb8bab,
2747,1845-BYR,Black Saffron,Byredo,Black Saffron,CONFIRMED,FOUND,16220,https://www.fragrantica.com/perfume/Byredo/Black-Saffron-16220.html,https://fimgs.net/mdimg/perfume-social-cards/en-p_c_16220.jpeg,fragrantica-scraper-archive/social-cards/images/2747_1845-BYR_16220.jpeg,DOWNLOADED,106842,6cacd176ad6ef8bec87eef92205445b2d8ccb3c6b5571b35e8c1816a65d6aeb6,
2746,1846-MAN,COCO VANILLE - MANCERA,Mancera,Coco Vanille,CONFIRMED,FOUND,42782,https://www.fragrantica.com/perfume/Mancera/Coco-Vanille-42782.html,https://fimgs.net/mdimg/perfume-social-cards/en-p_c_42782.jpeg,fragrantica-scraper-archive/social-cards/images/2746_1846-MAN_42782.jpeg,DOWNLOADED,100147,01e3862fcf7d0e69a2820afd67fa1d23017480d01f2bf4bd72ea51f9c928d07b,
2745,1847-LAN,OUI LA VIE EST BELLE,Lancome,Oui La Vie est Belle,CONFIRMED,FOUND,72050,https://www.fragrantica.com/perfume/Lancome/Oui-La-Vie-est-Belle-72050.html,https://fimgs.net/mdimg/perfume-social-cards/en-p_c_72050.jpeg,fragrantica-scraper-archive/social-cards/images/2745_1847-LAN_72050.jpeg,DOWNLOADED,112240,4475c0684e1277149b98e9ab13549de0659de53e4333654372e0ada51edd7d90,
2743,543-DRC,SOUFFLE DE SOIE,Dior,Souffle De Soie,CONFIRMED,FOUND,48377,https://www.fragrantica.com/perfume/Dior/Souffle-De-Soie-48377.html,https://fimgs.net/mdimg/perfume-social-cards/en-p_c_48377.jpeg,fragrantica-scraper-archive/social-cards/images/2743_543-DRC_48377.jpeg,DOWNLOADED,89143,0c89ffe0556984849d5de1a382e0dc72ba329fdfea7e200714adfd4142890c77,
2742,1631-DRC,VANILLA ORAMA,Dior,Vanilla Diorama,CONFIRMED,FOUND,68198,https://www.fragrantica.com/perfume/Dior/Vanilla-Diorama-68198.html,https://fimgs.net/mdimg/perfume-social-cards/en-p_c_68198.jpeg,fragrantica-scraper-archive/social-cards/images/2742_1631-DRC_68198.jpeg,DOWNLOADED,102014,a3d3bd4b6bc02d673471bcd55706b41ef62adc50fc061c55cbaa190440f17a0d,
2741,317-MNT,BLACK AOUD - MONTALE,Montale,Black Aoud,CONFIRMED,FOUND,1142,https://www.fragrantica.com/perfume/Montale/Black-Aoud-1142.html,https://fimgs.net/mdimg/perfume-social-cards/en-p_c_1142.jpeg,fragrantica-scraper-archive/social-cards/images/2741_317-MNT_1142.jpeg,DOWNLOADED,100399,4fe72c02330daa20066b9547c06e69fdabea2d340cfdb270735fcffebaf8434b,
2740,1542-JOM,English Oak & Redcurrant by Jo Malone London,Jo Malone London,English Oak Redcurrant,CONFIRMED,FOUND,46186,https://www.fragrantica.com/perfume/Jo-Malone-London/English-Oak-Redcurrant-46186.html,https://fimgs.net/mdimg/perfume-social-cards/en-p_c_46186.jpeg,fragrantica-scraper-archive/social-cards/images/2740_1542-JOM_46186.jpeg,DOWNLOADED,103734,7b05c7bf557360ebc5f2d06bd09cbc0ab3170ba35a42f0d01b86b6c8e09778ed,
2738,212-CRD,Royal Mayfair,Creed,Royal Mayfair,CONFIRMED,FOUND,31562,https://www.fragrantica.com/perfume/Creed/Royal-Mayfair-31562.html,https://fimgs.net/mdimg/perfume-social-cards/en-p_c_31562.jpeg,fragrantica-scraper-archive/social-cards/images/2738_212-CRD_31562.jpeg,DOWNLOADED,104581,7f47de5d45ccbb6120d6b93d7e50224231c85b859159d0ce9fe71a1e66dfcadc,
2737,209-CRD,Fleurissimo,Creed,Fleurissimo,CONFIRMED,FOUND,4250,https://www.fragrantica.com/perfume/Creed/Fleurissimo-4250.html,https://fimgs.net/mdimg/perfume-social-cards/en-p_c_4250.jpeg,fragrantica-scraper-archive/social-cards/images/2737_209-CRD_4250.jpeg,DOWNLOADED,99822,40d4286b00394a704e2fda275cd36ae7f09a1e2bda7cd391670ef68ba41e4a01,
2736,206-CRD,Bois du Portu,Creed,Bois du Portugal,CONFIRMED,FOUND,3805,https://www.fragrantica.com/perfume/Creed/Bois-du-Portugal-3805.html,https://fimgs.net/mdimg/perfume-social-cards/en-p_c_3805.jpeg,fragrantica-scraper-archive/social-cards/images/2736_206-CRD_3805.jpeg,DOWNLOADED,104598,5c86616c30f4c2397eebb154827ad3dfd2d892e9731ae4e233f69fafb851c8d9,
2735,1706-KIL,PLAYING WITH THE DEVIL - KILIAN,By Kilian,Playing With The Devil,CONFIRMED,FOUND,18931,https://www.fragrantica.com/perfume/By-Kilian/Playing-With-The-Devil-18931.html,https://fimgs.net/mdimg/perfume-social-cards/en-p_c_18931.jpeg,fragrantica-scraper-archive/social-cards/images/2735_1706-KIL_18931.jpeg,DOWNLOADED,110354,f13af6415edf5f8e939adebc25fce4ae9a5d774c61facf02e271c171bd289443,
2734,997-ABE,,Abercrombie Fitch,Fierce,CONFIRMED,FOUND,3508,https://www.fragrantica.com/perfume/Abercrombie-Fitch/Fierce-3508.html,https://fimgs.net/mdimg/perfume-social-cards/en-p_c_3508.jpeg,fragrantica-scraper-archive/social-cards/images/2734_997-ABE_3508.jpeg,DOWNLOADED,103129,d42ee8332f881c5bdde9fab4d0ea390169aa429f6fe94df61a122cb910bd75c2,
2733,191-ARM,ROSE ALEXANDRIE,Giorgio Armani,Rose Alexandrie,CONFIRMED,FOUND,2699,https://www.fragrantica.com/perfume/Giorgio-Armani/Rose-Alexandrie-2699.html,https://fimgs.net/mdimg/perfume-social-cards/en-p_c_2699.jpeg,fragrantica-scraper-archive/social-cards/images/2733_191-ARM_2699.jpeg,DOWNLOADED,104202,a326dcf503d1831e4c78cba3a65c4e3d8e552e59190188148d595d2761eb3f4c,
2732,194-ARM,THE YULONG,Giorgio Armani,The Yulong,CONFIRMED,FOUND,58907,https://www.fragrantica.com/perfume/Giorgio-Armani/The-Yulong-58907.html,https://fimgs.net/mdimg/perfume-social-cards/en-p_c_58907.jpeg,fragrantica-scraper-archive/social-cards/images/2732_194-ARM_58907.jpeg,DOWNLOADED,105695,2b782fc9766007c636025a82d2c849cac77474250e25fae99b22d6b549d368f1,
2731,190-ARM,PIVOINE SUZHOU,Giorgio Armani,Pivoine Suzhou,CONFIRMED,FOUND,29301,https://www.fragrantica.com/perfume/Giorgio-Armani/Pivoine-Suzhou-29301.html,https://fimgs.net/mdimg/perfume-social-cards/en-p_c_29301.jpeg,fragrantica-scraper-archive/social-cards/images/2731_190-ARM_29301.jpeg,DOWNLOADED,106313,440f51af2635c5cc967ef46b89f071dc36bd1f34505fe32c513d05e61b034534,
2730,1833-SALV,,Salvador Dali,Dalimania,CONFIRMED,FOUND,3923,https://www.fragrantica.com/p/3923,https://fimgs.net/mdimg/perfume-social-cards/en-p_c_3923.jpeg,fragrantica-scraper-archive/social-cards/images/2730_1833-SALV_3923.jpeg,DOWNLOADED,94724,6978ff30d1a4ee12003216ce0e6da48a29fb1ecbb7a71c26893bcc7b7aa235e3,
2729,1842-YZLO,Baby Doll,Yves Saint Laurent,Baby Doll,CONFIRMED,FOUND,99,https://www.fragrantica.com/perfume/Yves-Saint-Laurent/Baby-Doll-99.html,https://fimgs.net/mdimg/perfume-social-cards/en-p_c_99.jpeg,fragrantica-scraper-archive/social-cards/images/2729_1842-YZLO_99.jpeg,DOWNLOADED,99904,f8d634f463f4e0fc61c4b4ad1f759f65f09740c49e09db16e5ce1633a0e1e7c6,
2728,1841-BAN,,Banana Republic,Rosewood,CONFIRMED,FOUND,2803,https://www.fragrantica.com/perfume/Banana-Republic/Rosewood-2803.html,https://fimgs.net/mdimg/perfume-social-cards/en-p_c_2803.jpeg,fragrantica-scraper-archive/social-cards/images/2728_1841-BAN_2803.jpeg,DOWNLOADED,88644,757e7630c1e75ecd3e42c0466bf295961fed66077a8a0d1d99c5c5e2d11001e8,
2727,198-BON,HARRODS SWAROVSKI LIMITED EDITION - BOND,Bond No 9,Harrods Swarovski Limited Edition,CONFIRMED,FOUND,7166,https://www.fragrantica.com/perfume/Bond-No-9/Harrods-Swarovski-Limited-Edition-7166.html,https://fimgs.net/mdimg/perfume-social-cards/en-p_c_7166.jpeg,fragrantica-scraper-archive/social-cards/images/2727_198-BON_7166.jpeg,DOWNLOADED,151805,bb7ca8932460ed858168e10b435383cce059b2c0254338be958cbec352d29a8c,
2726,197-BON,HARRODS ROYAL ROSE - BOND,Bond No 9,Harrods Royal Rose,CONFIRMED,FOUND,27420,https://www.fragrantica.com/perfume/Bond-No-9/Harrods-Royal-Rose-27420.html,https://fimgs.net/mdimg/perfume-social-cards/en-p_c_27420.jpeg,fragrantica-scraper-archive/social-cards/images/2726_197-BON_27420.jpeg,DOWNLOADED,132003,314df16c6a183b734a7f1a6984720f72e4703cb43cc481760faf396abcdf5dfc,
2725,322-NAS,,Nasomatto,Blamage,CONFIRMED,FOUND,25575,https://www.fragrantica.com/perfume/Nasomatto/Blamage-25575.html,https://fimgs.net/mdimg/perfume-social-cards/en-p_c_25575.jpeg,fragrantica-scraper-archive/social-cards/images/2725_322-NAS_25575.jpeg,DOWNLOADED,96969,dcc006ed2a2dc0eec9e7e80003e16c0339219c29b1253ccb483ba5d2d216f90f,
2724,329-PEN,JUNIPER SLING,Penhaligon s,Juniper Sling,CONFIRMED,FOUND,13266,https://www.fragrantica.com/perfume/Penhaligon-s/Juniper-Sling-13266.html,https://fimgs.net/mdimg/perfume-social-cards/en-p_c_13266.jpeg,fragrantica-scraper-archive/social-cards/images/2724_329-PEN_13266.jpeg,DOWNLOADED,108602,6f96ae2ec27e26eae980da8be2405e92a2de25c76706c5722f38997a0a6a55d6,
2722,328-PEN,IRIS PRIMA,Penhaligon s,Iris Prima,CONFIRMED,FOUND,18488,https://www.fragrantica.com/perfume/Penhaligon-s/Iris-Prima-18488.html,https://fimgs.net/mdimg/perfume-social-cards/en-p_c_18488.jpeg,fragrantica-scraper-archive/social-cards/images/2722_328-PEN_18488.jpeg,DOWNLOADED,101348,d043313e1b40deb67c414a8720a6d9a89c0077e8456514340fac69a7761f2dd6,
2720,201-CLIV,No,Clive Christian,No. 1 for Men,CONFIRMED,FOUND,4648,https://www.fragrantica.com/p/4648,https://fimgs.net/mdimg/perfume-social-cards/en-p_c_4648.jpeg,fragrantica-scraper-archive/social-cards/images/2720_201-CLIV_4648.jpeg,DOWNLOADED,101031,38609e4afc17c201289cd654cf50adceebc76112176c8ab86d3d94f06b1622a3,
2719,1840-JOO,,Joop!,All About Eve,CONFIRMED,FOUND,660,https://www.fragrantica.com/p/660,https://fimgs.net/mdimg/perfume-social-cards/en-p_c_660.jpeg,fragrantica-scraper-archive/social-cards/images/2719_1840-JOO_660.jpeg,DOWNLOADED,96887,450d62f7bc5187c81ca2d603057be2f043593cbc0a11245801ed16105c9bb53a,
2718,1839-JOV,,Jovoy Paris,Incident Diplomatique,CONFIRMED,FOUND,44237,https://www.fragrantica.com/p/44237,https://fimgs.net/mdimg/perfume-social-cards/en-p_c_44237.jpeg,fragrantica-scraper-archive/social-cards/images/2718_1839-JOV_44237.jpeg,DOWNLOADED,106523,c4401befe47292578626dda758d063c373b309c0ebd06e35ad330beffacb31cc,
2717,1838-TAU,02 L'AIR DU DESERT MAROCAIN - TAUER PERFUMES,Tauer Perfumes,L'Air du Desert Marocain,CONFIRMED,FOUND,4573,https://www.fragrantica.com/p/4573,https://fimgs.net/mdimg/perfume-social-cards/en-p_c_4573.jpeg,fragrantica-scraper-archive/social-cards/images/2717_1838-TAU_4573.jpeg,DOWNLOADED,115053,b7716518a98af49352d5f459a9584b3017d7a1ed80d7cfab9b532e93e17b7be4,
2716,1837-KEI,,Keiko Mecheri,Loukhoum,CONFIRMED,FOUND,2708,https://www.fragrantica.com/p/2708,https://fimgs.net/mdimg/perfume-social-cards/en-p_c_2708.jpeg,fragrantica-scraper-archive/social-cards/images/2716_1837-KEI_2708.jpeg,DOWNLOADED,96093,130a0797d383369d5378641861a045a621153dfa56ffdc5d8bb296e8fc09f70b,
2715,1836-COT,,Coty,Vanilla Fields,CONFIRMED,FOUND,6029,https://www.fragrantica.com/perfume/Coty/Vanilla-Fields-6029.html,https://fimgs.net/mdimg/perfume-social-cards/en-p_c_6029.jpeg,fragrantica-scraper-archive/social-cards/images/2715_1836-COT_6029.jpeg,DOWNLOADED,98654,6fc2e206124e1d9af7763a5499df2ffad2bc00af708787ba7e9a16fc3eb5d5e8,
2713,1835-JUL,,Juliette Has A Gun,Mmmm,CONFIRMED,FOUND,40461,https://www.fragrantica.com/perfume/Juliette-Has-A-Gun/Mmmm-40461.html,https://fimgs.net/mdimg/perfume-social-cards/en-p_c_40461.jpeg,fragrantica-scraper-archive/social-cards/images/2713_1835-JUL_40461.jpeg,DOWNLOADED,101956,140c124fee99871b7a1ab5a7aada404e77cd818e6e32c569168027c9847c05e9,
2712,1834-TMFO,VIOLET BLONDE,Tom Ford,Violet Blonde,CONFIRMED,FOUND,12767,https://www.fragrantica.com/perfume/Tom-Ford/Violet-Blonde-12767.html,https://fimgs.net/mdimg/perfume-social-cards/en-p_c_12767.jpeg,fragrantica-scraper-archive/social-cards/images/2712_1834-TMFO_12767.jpeg,DOWNLOADED,105260,d5b0c221c5d7c6dea04d08dda0d9ff1f79248f209a21a80e697a376773b9eda5,
2711,1832-TMFO,MUSK PURE,Tom Ford,Musk Pure,CONFIRMED,FOUND,6385,https://www.fragrantica.com/perfume/Tom-Ford/Musk-Pure-6385.html,https://fimgs.net/mdimg/perfume-social-cards/en-p_c_6385.jpeg,fragrantica-scraper-archive/social-cards/images/2711_1832-TMFO_6385.jpeg,DOWNLOADED,101959,90a93ecb1983848cd7a593e6b6afb9819f94467dc5e829c3bbbaabda9386bbf3,
2710,1831-TMFO,URBAN MUSK,Tom Ford,Urban Musk,CONFIRMED,FOUND,6384,https://www.fragrantica.com/perfume/Tom-Ford/Urban-Musk-6384.html,https://fimgs.net/mdimg/perfume-social-cards/en-p_c_6384.jpeg,fragrantica-scraper-archive/social-cards/images/2710_1831-TMFO_6384.jpeg,DOWNLOADED,101400,4279ae444a22c6b17831690cf868cdd686e5522decedea6f9da1d8da1b47d0b9,
2709,1830-TMFO,JASMINE MUSK,Tom Ford,Jasmine Musk,CONFIRMED,FOUND,6383,https://www.fragrantica.com/perfume/Tom-Ford/Jasmine-Musk-6383.html,https://fimgs.net/mdimg/perfume-social-cards/en-p_c_6383.jpeg,fragrantica-scraper-archive/social-cards/images/2709_1830-TMFO_6383.jpeg,DOWNLOADED,95094,77d4ccff12843858c34fe6c7d0cfb62477a97d4b1c4e4fb18ee3c9d7ac94f834,
2708,1829-BOB,Bath,Bobbi Brown,Bath,CONFIRMED,FOUND,11983,https://www.fragrantica.com/perfume/Bobbi-Brown/Bath-11983.html,https://fimgs.net/mdimg/perfume-social-cards/en-p_c_11983.jpeg,fragrantica-scraper-archive/social-cards/images/2708_1829-BOB_11983.jpeg,DOWNLOADED,96177,25cdfb0306df543fcc7745a17d313c1c4ae3aa9574b9d89f99575e94a1d9be60,
2706,1827-JOM,Tropical Cherimoya by Jo Malone London,Jo Malone London,Tropical Cherimoya Cologne,CONFIRMED,FOUND,49602,https://www.fragrantica.com/perfume/Jo-Malone-London/Tropical-Cherimoya-Cologne-49602.html,https://fimgs.net/mdimg/perfume-social-cards/en-p_c_49602.jpeg,fragrantica-scraper-archive/social-cards/images/2706_1827-JOM_49602.jpeg,DOWNLOADED,109842,1e7aab76cc1f0171a32a0800955da6573853ee5e2921ff3117d4c055ab1df29e,
2705,1822-MNT,ORCHID POWDER - MONTALE,Montale,Orchid Powder,CONFIRMED,FOUND,48947,https://www.fragrantica.com/perfume/Montale/Orchid-Powder-48947.html,https://fimgs.net/mdimg/perfume-social-cards/en-p_c_48947.jpeg,fragrantica-scraper-archive/social-cards/images/2705_1822-MNT_48947.jpeg,DOWNLOADED,100254,26f53672604319632877840da50093f91d789592d7bb92c24d21f79f17319765,
2704,1820-KUR,AMYRIS FEMME,Maison Francis Kurkdjian,Amyris Femme,CONFIRMED,FOUND,15565,https://www.fragrantica.com/perfume/Maison-Francis-Kurkdjian/Amyris-Femme-15565.html,https://fimgs.net/mdimg/perfume-social-cards/en-p_c_15565.jpeg,fragrantica-scraper-archive/social-cards/images/2704_1820-KUR_15565.jpeg,DOWNLOADED,104736,47f4fc06a7212fcb88dbd8ba222e2baf86e45abca86418916b1efcb040dddee7,
2703,1826-JOM,Iris & White Musk by Jo Malone London,Jo Malone London,Iris White Musk,CONFIRMED,FOUND,12926,https://www.fragrantica.com/perfume/Jo-Malone-London/Iris-White-Musk-12926.html,https://fimgs.net/mdimg/perfume-social-cards/en-p_c_12926.jpeg,fragrantica-scraper-archive/social-cards/images/2703_1826-JOM_12926.jpeg,DOWNLOADED,87873,5d4485f32d3597538b8425ab88e9c900a788148831ca0fffacddd23e0a8f5420,
2702,1825-CRD,Millesime Imperial,Creed,Millesime Imperial,CONFIRMED,FOUND,466,https://www.fragrantica.com/perfume/Creed/Millesime-Imperial-466.html,https://fimgs.net/mdimg/perfume-social-cards/en-p_c_466.jpeg,fragrantica-scraper-archive/social-cards/images/2702_1825-CRD_466.jpeg,DOWNLOADED,103131,62c8dfdbcab0a3a3733de76786090abe12d8067da8b500ce535f0e6c67a32f98,
2701,1824-VAR,,John Varvatos,Artisan,CONFIRMED,FOUND,5534,https://www.fragrantica.com/p/5534,https://fimgs.net/mdimg/perfume-social-cards/en-p_c_5534.jpeg,fragrantica-scraper-archive/social-cards/images/2701_1824-VAR_5534.jpeg,DOWNLOADED,117597,39286b4cf93a6740c36dc15520ba6342b78d5b48731ba0a0b0854fc89cb07ce3,
2700,1819-MIC,Midnight Shimmer,Michael Kors,Midnight Shimmer,CONFIRMED,FOUND,38989,https://www.fragrantica.com/p/38989,https://fimgs.net/mdimg/perfume-social-cards/en-p_c_38989.jpeg,fragrantica-scraper-archive/social-cards/images/2700_1819-MIC_38989.jpeg,DOWNLOADED,106092,81b8d11ff0676d29b79920368cfb066e7099cba72902fa14c07efea91bcda3d4,
2699,1823-DOL,LIGHT BLUE SUN,Dolce Gabbana,Light Blue Sun,CONFIRMED,FOUND,54493,https://www.fragrantica.com/perfume/Dolce-Gabbana/Light-Blue-Sun-54493.html,https://fimgs.net/mdimg/perfume-social-cards/en-p_c_54493.jpeg,fragrantica-scraper-archive/social-cards/images/2699_1823-DOL_54493.jpeg,DOWNLOADED,93733,76a7b3e7b31b54d36fed4c10141b09e4744238ef71c1090c4bd5ac4e222d2731,
2698,1821-TMFO,JASMIN ROUGE,Tom Ford,Jasmin Rouge,CONFIRMED,FOUND,12765,https://www.fragrantica.com/perfume/Tom-Ford/Jasmin-Rouge-12765.html,https://fimgs.net/mdimg/perfume-social-cards/en-p_c_12765.jpeg,fragrantica-scraper-archive/social-cards/images/2698_1821-TMFO_12765.jpeg,DOWNLOADED,98668,448a515bc90a577fed4ed79f3936d78504e5f30cf48f007a2bd10f65d9b6bfcd,
2697,1818-FRE,the notes of MUSC RAVAGEUR,Frederic Malle,Musc Ravageur,CONFIRMED,FOUND,1801,https://www.fragrantica.com/perfume/Frederic-Malle/Musc-Ravageur-1801.html,https://fimgs.net/mdimg/perfume-social-cards/en-p_c_1801.jpeg,fragrantica-scraper-archive/social-cards/images/2697_1818-FRE_1801.jpeg,DOWNLOADED,103568,7c0dea688d7fc098db43f1ef66cf992333b06656283773042337665dfeaed87b,
2696,1801-JUL,NOT A PERFUME - JULIETTE HAS A GUN,Juliette Has A Gun,Not A Perfume,CONFIRMED,FOUND,10296,https://www.fragrantica.com/perfume/Juliette-Has-A-Gun/Not-A-Perfume-10296.html,https://fimgs.net/mdimg/perfume-social-cards/en-p_c_10296.jpeg,fragrantica-scraper-archive/social-cards/images/2696_1801-JUL_10296.jpeg,DOWNLOADED,84904,062abfb3d382c85f10317526ef80af2f8786a68cf469661ca14d28a8fbadb916,
2695,1817-JUL,SUNNY SIDE UP - JULIETTE HAS A GUN,Juliette Has A Gun,Sunny Side Up,CONFIRMED,FOUND,46128,https://www.fragrantica.com/perfume/Juliette-Has-A-Gun/Sunny-Side-Up-46128.html,https://fimgs.net/mdimg/perfume-social-cards/en-p_c_46128.jpeg,fragrantica-scraper-archive/social-cards/images/2695_1817-JUL_46128.jpeg,DOWNLOADED,96849,0f1dda0fcd2c8af163f092fa97b56fff2ef75561cecdd7e4ec506d023f13ff17,
2694,1816-TER,BIANCO PURO - TIZIANA TERENZI,Tiziana Terenzi,Bianco Puro,CONFIRMED,FOUND,53039,https://www.fragrantica.com/perfume/Tiziana-Terenzi/Bianco-Puro-53039.html,https://fimgs.net/mdimg/perfume-social-cards/en-p_c_53039.jpeg,fragrantica-scraper-archive/social-cards/images/2694_1816-TER_53039.jpeg,DOWNLOADED,102750,ecdc8401116d4cebcf8bbee98ef296e0f21dc5cd647f139b115ddc7da1f3d53a,
2693,1815-PAC,BLOSSOM ME,Rabanne,Blossom Me,CONFIRMED,FOUND,68724,https://www.fragrantica.com/perfume/Rabanne/Blossom-Me-68724.html,https://fimgs.net/mdimg/perfume-social-cards/en-p_c_68724.jpeg,fragrantica-scraper-archive/social-cards/images/2693_1815-PAC_68724.jpeg,DOWNLOADED,106148,b1cd863f19cff322eab5025dd776e4ab82b53f109f4495031de8254dc3cb9a2b,
2692,810-LTN,the fragrance notes,Louis Vuitton,Matiere Noire,CONFIRMED,FOUND,40496,https://www.fragrantica.com/perfume/Louis-Vuitton/Matiere-Noire-40496.html,https://fimgs.net/mdimg/perfume-social-cards/en-p_c_40496.jpeg,fragrantica-scraper-archive/social-cards/images/2692_810-LTN_40496.jpeg,DOWNLOADED,104989,f3e05729b4f3eedd2c69446a6592bc778aa6843deca3a4aea73bcc21b9f1dd0c,
2691,809-LTN,the fragrance notes,Louis Vuitton,Apogee,CONFIRMED,FOUND,40498,https://www.fragrantica.com/perfume/Louis-Vuitton/Apogee-40498.html,https://fimgs.net/mdimg/perfume-social-cards/en-p_c_40498.jpeg,fragrantica-scraper-archive/social-cards/images/2691_809-LTN_40498.jpeg,DOWNLOADED,94772,8b772249222dafb6e9df57b8d8b6c6f4e057b067c8f74b610b343fbc97616c6a,
2690,333-ROJ,,Roja Dove,A Goodnight Kiss,CONFIRMED,FOUND,30776,https://www.fragrantica.com/perfume/Roja-Dove/A-Goodnight-Kiss-30776.html,https://fimgs.net/mdimg/perfume-social-cards/en-p_c_30776.jpeg,fragrantica-scraper-archive/social-cards/images/2690_333-ROJ_30776.jpeg,DOWNLOADED,108055,58e4fbe7ffb9b958a7116755ae905ede3d349d99aca9daee2be1c9cc8d91406b,
2689,1814-AJMA,,Ajmal,Mizyaan,CONFIRMED,FOUND,15083,https://www.fragrantica.com/p/15083,https://fimgs.net/mdimg/perfume-social-cards/en-p_c_15083.jpeg,fragrantica-scraper-archive/social-cards/images/2689_1814-AJMA_15083.jpeg,DOWNLOADED,107413,1ee3bf21aebd744453622577f50a95039946fc12f95fb3799287b92630ed5d97,
2688,,,Ajmal,Danat Al Duniya,CONFIRMED,FOUND,45398,https://www.fragrantica.com/perfume/Ajmal/Danat-Al-Duniya-45398.html,https://fimgs.net/mdimg/perfume-social-cards/en-p_c_45398.jpeg,fragrantica-scraper-archive/social-cards/images/2688_unknown_45398.jpeg,DOWNLOADED,100947,467753f0101d4b9b431e739b7f6799815535b155a66d674c22890771f7127e7b,
2687,1812-ALJA,,Al Jazeera Perfumes,Palace,CONFIRMED,FOUND,74402,https://www.fragrantica.com/perfume/Al-Jazeera-Perfumes/Palace-74402.html,https://fimgs.net/mdimg/perfume-social-cards/en-p_c_74402.jpeg,fragrantica-scraper-archive/social-cards/images/2687_1812-ALJA_74402.jpeg,DOWNLOADED,101217,bf1c406e1caec9492caf50523dcae1fd6e13201c6ca5449657d387f8d20f6f89,
2686,1811-ALJA,,Al Jazeera Perfumes,Magic,CONFIRMED,FOUND,74353,https://www.fragrantica.com/perfume/Al-Jazeera-Perfumes/Magic-74353.html,https://fimgs.net/mdimg/perfume-social-cards/en-p_c_74353.jpeg,fragrantica-scraper-archive/social-cards/images/2686_1811-ALJA_74353.jpeg,DOWNLOADED,110162,42b7cb2a65200cd6bd8d2e5d466f994730c173ff332d21c5dd8c6e6a4b99d97f,
2685,1810-RAS,,Rasasi,La Yuqawam Tobacco Blaze,CONFIRMED,FOUND,21365,https://www.fragrantica.com/perfume/Rasasi/La-Yuqawam-Tobacco-Blaze-21365.html,https://fimgs.net/mdimg/perfume-social-cards/en-p_c_21365.jpeg,fragrantica-scraper-archive/social-cards/images/2685_1810-RAS_21365.jpeg,DOWNLOADED,105771,36f323e613c5b1a4b4f8c086ea84747adeaf4a1186533c01161690e43e4f5595,
2684,320-NAS,,Nasomatto,Baraonda,CONFIRMED,FOUND,40200,https://www.fragrantica.com/perfume/Nasomatto/Baraonda-40200.html,https://fimgs.net/mdimg/perfume-social-cards/en-p_c_40200.jpeg,fragrantica-scraper-archive/social-cards/images/2684_320-NAS_40200.jpeg,DOWNLOADED,103751,0a346f644c35f5e54a68221b61a170fd889ffeb67c7954bf085eb9f3991b183e,
2683,1809-PEN,SARTORIAL,Penhaligon s,Sartorial,CONFIRMED,FOUND,10559,https://www.fragrantica.com/perfume/Penhaligon-s/Sartorial-10559.html,https://fimgs.net/mdimg/perfume-social-cards/en-p_c_10559.jpeg,fragrantica-scraper-archive/social-cards/images/2683_1809-PEN_10559.jpeg,DOWNLOADED,106270,047fc691b322f1474469e4fc69ae242113624f02aa937684b4514251dcf8491e,
2681,1807-PARF,DARCY - PARFUMS DE MARLY,Parfums de Marly,Darcy,CONFIRMED,FOUND,23270,https://www.fragrantica.com/perfume/Parfums-de-Marly/Darcy-23270.html,https://fimgs.net/mdimg/perfume-social-cards/en-p_c_23270.jpeg,fragrantica-scraper-archive/social-cards/images/2681_1807-PARF_23270.jpeg,DOWNLOADED,103120,d1f49d8ebe6df10f6ba6b35b5ff4462144c2161bcbd6a0d6bca6febafc579a15,
2680,1806-PARF,ORIANA - PARFUMS DE MARLY,Parfums de Marly,Oriana,CONFIRMED,FOUND,69117,https://www.fragrantica.com/perfume/Parfums-de-Marly/Oriana-69117.html,https://fimgs.net/mdimg/perfume-social-cards/en-p_c_69117.jpeg,fragrantica-scraper-archive/social-cards/images/2680_1806-PARF_69117.jpeg,DOWNLOADED,102023,a4c44ba571a82d6a1b7ad558e2da221db493734649f09eba2056f3b0700b7d34,
2677,1804-DRC,TOBACOLOR,Dior,Tobacolor,CONFIRMED,FOUND,65551,https://www.fragrantica.com/perfume/Dior/Tobacolor-65551.html,https://fimgs.net/mdimg/perfume-social-cards/en-p_c_65551.jpeg,fragrantica-scraper-archive/social-cards/images/2677_1804-DRC_65551.jpeg,DOWNLOADED,98371,3c0a32376d6d75ddf0c5c682ce7c79741ee936a14789bf1a6e4df588549d2044,
2676,1803-DRC,J'ADORE INFINISSIME,Dior,J Adore Infinissime,CONFIRMED,FOUND,62638,https://www.fragrantica.com/perfume/Dior/J-Adore-Infinissime-62638.html,https://fimgs.net/mdimg/perfume-social-cards/en-p_c_62638.jpeg,fragrantica-scraper-archive/social-cards/images/2676_1803-DRC_62638.jpeg,DOWNLOADED,120676,f49142fdff5a2cd5c0c9050dd0d66b7f067b5b02d559a218e5e5bcdfadca27f8,
2672,1802-JOM,Midnight Musk & Amber by Jo Malone London,Jo Malone London,Midnight Musk Amber,CONFIRMED,FOUND,63920,https://www.fragrantica.com/perfume/Jo-Malone-London/Midnight-Musk-Amber-63920.html,https://fimgs.net/mdimg/perfume-social-cards/en-p_c_63920.jpeg,fragrantica-scraper-archive/social-cards/images/2672_1802-JOM_63920.jpeg,DOWNLOADED,100184,f2c492bd380ac9b019e8794b781687a99bfd226f2daf52eaec75efd838d0f51b,
2670,1492-ABE,,Abercrombie & Fitch,A&F Beacon,CONFIRMED,FOUND,40775,https://www.fragrantica.com/p/40775,https://fimgs.net/mdimg/perfume-social-cards/en-p_c_40775.jpeg,fragrantica-scraper-archive/social-cards/images/2670_1492-ABE_40775.jpeg,DOWNLOADED,106302,e7d969746cf4e1b1fe2ca35ead9c474ba6e258c5af11aa0f60e9d49683974b98,
2662,1800-XER,DOLCE AMALFI,Xerjoff,Dolce Amalfi,CONFIRMED,FOUND,42988,https://www.fragrantica.com/perfume/Xerjoff/Dolce-Amalfi-42988.html,https://fimgs.net/mdimg/perfume-social-cards/en-p_c_42988.jpeg,fragrantica-scraper-archive/social-cards/images/2662_1800-XER_42988.jpeg,DOWNLOADED,107634,236dd3e66c8f86734282da7c91ea7a35772bbb5374ffa144611f421a38c46927,
2661,1799-MAN,AOUD VANILLE - MANCERA,Mancera,Aoud Vanille,CONFIRMED,FOUND,32907,https://www.fragrantica.com/perfume/Mancera/Aoud-Vanille-32907.html,https://fimgs.net/mdimg/perfume-social-cards/en-p_c_32907.jpeg,fragrantica-scraper-archive/social-cards/images/2661_1799-MAN_32907.jpeg,DOWNLOADED,105690,63f4f9526848eb37e6cefe8e256a84682cff7f7b3f0ebbc7df8e441a4086289d,
2660,1798-AMG,Journey Man,Amouage,Journey Man,CONFIRMED,FOUND,25251,https://www.fragrantica.com/perfume/Amouage/Journey-Man-25251.html,https://fimgs.net/mdimg/perfume-social-cards/en-p_c_25251.jpeg,fragrantica-scraper-archive/social-cards/images/2660_1798-AMG_25251.jpeg,DOWNLOADED,105632,e296afda3aaf89404e223691d33cba3e79a3e9a9b2e1a132baf1cc4b0c772f2e,
2659,1797-INI,BLESSED BARAKA - INITIO PARFUMS,Initio Parfums Prives,Blessed Baraka,CONFIRMED,FOUND,30991,https://www.fragrantica.com/perfume/Initio-Parfums-Prives/Blessed-Baraka-30991.html,https://fimgs.net/mdimg/perfume-social-cards/en-p_c_30991.jpeg,fragrantica-scraper-archive/social-cards/images/2659_1797-INI_30991.jpeg,DOWNLOADED,100790,6a72e4030f0a86d263cd4c9fd30da5056143560cc8883a748ca9494acc419fd4,
2658,1796-SERG,Jeux de Peau Serge Lutens,Serge Lutens,Jeux de Peau,CONFIRMED,FOUND,11350,https://www.fragrantica.com/perfume/Serge-Lutens/Jeux-de-Peau-11350.html,https://fimgs.net/mdimg/perfume-social-cards/en-p_c_11350.jpeg,fragrantica-scraper-archive/social-cards/images/2658_1796-SERG_11350.jpeg,DOWNLOADED,101759,bd363ee5d5eeb58baa20e4b5781902a1ad5666ee5088ba9ad163c0cd85038a99,
2657,1795-MARG,Jazz Club edt,Maison Martin Margiela,Jazz Club,CONFIRMED,FOUND,20541,https://www.fragrantica.com/perfume/Maison-Martin-Margiela/Jazz-Club-20541.html,https://fimgs.net/mdimg/perfume-social-cards/en-p_c_20541.jpeg,fragrantica-scraper-archive/social-cards/images/2657_1795-MARG_20541.jpeg,DOWNLOADED,108271,965e98914018005446f7c8d70e6fc2983f25ce29f9979ed7b06c434b916aaa88,
2655,1794-ISS,L'Eau d'Issey Pure Nectar,Issey Miyake,L'Eau d'Issey Pure Nectar de Parfum,CONFIRMED,FOUND,47780,https://www.fragrantica.com/p/47780,https://fimgs.net/mdimg/perfume-social-cards/en-p_c_47780.jpeg,fragrantica-scraper-archive/social-cards/images/2655_1794-ISS_47780.jpeg,DOWNLOADED,106689,1e8225f0c547cda01bdbd6b020bdb2ae4ddd194c021b69749f89b6409658d85a,
2654,1787-JIM,,Jimmy Choo,I Want Choo,CONFIRMED,FOUND,64015,https://www.fragrantica.com/perfume/Jimmy-Choo/I-Want-Choo-64015.html,https://fimgs.net/mdimg/perfume-social-cards/en-p_c_64015.jpeg,fragrantica-scraper-archive/social-cards/images/2654_1787-JIM_64015.jpeg,DOWNLOADED,96786,66051899b06a1a1c2660e8d7be94cfbe25951b563f89eba5a41f3ccbe1151011,
2653,1785-LAN,IDOLE L'INTENSE,Lancome,Idole L Intense,CONFIRMED,FOUND,62333,https://www.fragrantica.com/perfume/Lancome/Idole-L-Intense-62333.html,https://fimgs.net/mdimg/perfume-social-cards/en-p_c_62333.jpeg,fragrantica-scraper-archive/social-cards/images/2653_1785-LAN_62333.jpeg,DOWNLOADED,101850,dc3192bdee42c40dda3b88bb5b10917867472a143b1971645fbf2d69c16eecba,
2648,1788-YZLO,BLACK OPIUM EXTREME,Yves Saint Laurent,Black Opium Extreme,CONFIRMED,FOUND,68506,https://www.fragrantica.com/perfume/Yves-Saint-Laurent/Black-Opium-Extreme-68506.html,https://fimgs.net/mdimg/perfume-social-cards/en-p_c_68506.jpeg,fragrantica-scraper-archive/social-cards/images/2648_1788-YZLO_68506.jpeg,DOWNLOADED,131976,3004573519445bc8ce991ff064be3902a4eb8bdb4e1589a82471f0b825874cc6,
2647,1789-GUC,Flora Gorgeous Gardenia EDP,Gucci,Flora Gorgeous Gardenia,CONFIRMED,FOUND,68578,https://www.fragrantica.com/perfume/Gucci/Flora-Gorgeous-Gardenia-68578.html,https://fimgs.net/mdimg/perfume-social-cards/en-p_c_68578.jpeg,fragrantica-scraper-archive/social-cards/images/2647_1789-GUC_68578.jpeg,DOWNLOADED,115250,568944691513ca4e4966b6dbf3f78bba91476cf749d1b1cb77b154a07a01d0e5,
2646,1786-COUR,,Courreges,Slogan,CONFIRMED,FOUND,70283,https://www.fragrantica.com/perfume/Courreges/Slogan-70283.html,https://fimgs.net/mdimg/perfume-social-cards/en-p_c_70283.jpeg,fragrantica-scraper-archive/social-cards/images/2646_1786-COUR_70283.jpeg,DOWNLOADED,83110,aa484c0bc939325ad816e51dbc6d49f19ed922fda7941d9c80f023db1bf4cf38,
2645,1784-ESC,SUMMER FESTIVAL - ESCADA,Escada,Escada Summer Festival,CONFIRMED,FOUND,64643,https://www.fragrantica.com/p/64643,https://fimgs.net/mdimg/perfume-social-cards/en-p_c_64643.jpeg,fragrantica-scraper-archive/social-cards/images/2645_1784-ESC_64643.jpeg,DOWNLOADED,97965,d3aada99ececa3afc8752f00b35bcc35d0a9d04495ab7ceabe413b4ba0d4f995,
2637,1782-DIP,KYOTO,Diptyque,Kyoto,CONFIRMED,FOUND,69014,https://www.fragrantica.com/perfume/Diptyque/Kyoto-69014.html,https://fimgs.net/mdimg/perfume-social-cards/en-p_c_69014.jpeg,fragrantica-scraper-archive/social-cards/images/2637_1782-DIP_69014.jpeg,DOWNLOADED,106287,b827b0e109d863b2a83479a76e1c99a1fa9e7a55554ac2d6b71c836326cd2b0a,
2634,1766-PEN,THE BLAZING MR SAM,Penhaligon s,The Blazing Mr Sam,CONFIRMED,FOUND,50255,https://www.fragrantica.com/perfume/Penhaligon-s/The-Blazing-Mr-Sam-50255.html,https://fimgs.net/mdimg/perfume-social-cards/en-p_c_50255.jpeg,fragrantica-scraper-archive/social-cards/images/2634_1766-PEN_50255.jpeg,DOWNLOADED,109759,a7b13dc1c2ce33f0e79bd61ceb30e0b7bdb11183ff41e3d55f8521aef909eb17,
2633,1762-ETLR,PUTAIN DES PALACES - ETAT LIBRE D'ORANGE,Etat Libre d Orange,Putain des Palaces,CONFIRMED,FOUND,4521,https://www.fragrantica.com/perfume/Etat-Libre-d-Orange/Putain-des-Palaces-4521.html,https://fimgs.net/mdimg/perfume-social-cards/en-p_c_4521.jpeg,fragrantica-scraper-archive/social-cards/images/2633_1762-ETLR_4521.jpeg,DOWNLOADED,112288,c810e0454d254bd57d1c82ffcb2b5d5b68f092e3f93f0172bc1fb93c7379455a,
2632,1761-DIP,L' EAU DES HESPERIDES,Diptyque,L eau des Hesperides,CONFIRMED,FOUND,3836,https://www.fragrantica.com/perfume/Diptyque/L-eau-des-Hesperides-3836.html,https://fimgs.net/mdimg/perfume-social-cards/en-p_c_3836.jpeg,fragrantica-scraper-archive/social-cards/images/2632_1761-DIP_3836.jpeg,DOWNLOADED,112886,fb7991dd9ba14413dc41b32f5d27cabecfa8b6730dd597f12562059eccb702de,
2631,1758-MNT,ROSES MUSK - MONTALE,Montale,Roses Musk,CONFIRMED,FOUND,1148,https://www.fragrantica.com/perfume/Montale/Roses-Musk-1148.html,https://fimgs.net/mdimg/perfume-social-cards/en-p_c_1148.jpeg,fragrantica-scraper-archive/social-cards/images/2631_1758-MNT_1148.jpeg,DOWNLOADED,86067,56cfbf50272aa44bc9acc7c5ef016039ba4ca0389c3a102c36e96322e024c587,
2630,1759-LTN,LES,Boy Smells,Les,CONFIRMED,FOUND,81501,https://www.fragrantica.com/perfume/Boy-Smells/Les-81501.html,https://fimgs.net/mdimg/perfume-social-cards/en-p_c_81501.jpeg,fragrantica-scraper-archive/social-cards/images/2630_1759-LTN_81501.jpeg,DOWNLOADED,98983,01780d440bec46c4850e6354765626a630095c6a6f3aea975544b02f5bda1c0c,
2629,1780-RCAV,JUST - CAVALLI,Roberto Cavalli,Just Cavalli for Her,CONFIRMED,FOUND,16760,https://www.fragrantica.com/p/16760,https://fimgs.net/mdimg/perfume-social-cards/en-p_c_16760.jpeg,fragrantica-scraper-archive/social-cards/images/2629_1780-RCAV_16760.jpeg,DOWNLOADED,102746,beead5f7d686bc23d04ca446ca07f3768cad368bee6b767d3bc2fe27b4cd00c1,
2628,1776-MNT,DARK VANILLA - MONTALE,Montale,Dark Vanilla,CONFIRMED,FOUND,64050,https://www.fragrantica.com/perfume/Montale/Dark-Vanilla-64050.html,https://fimgs.net/mdimg/perfume-social-cards/en-p_c_64050.jpeg,fragrantica-scraper-archive/social-cards/images/2628_1776-MNT_64050.jpeg,DOWNLOADED,108947,12fa08fc0ae9080119df5654b97daa1fca5f2f6a6eac7c865836da0439bfd559,
2627,1774-ARM,a TERRA DI GIOIA,Giorgio Armani,Terra di Gioia,CONFIRMED,FOUND,66409,https://www.fragrantica.com/perfume/Giorgio-Armani/Terra-di-Gioia-66409.html,https://fimgs.net/mdimg/perfume-social-cards/en-p_c_66409.jpeg,fragrantica-scraper-archive/social-cards/images/2627_1774-ARM_66409.jpeg,DOWNLOADED,109179,5d93939d4a6d550ef22a6703546dd25ec52e1c54b1d49faff87513a7ef356aab,
2626,1772-TER,BURDEL - TIZIANA TERENZI,Tiziana Terenzi,Burdel,CONFIRMED,FOUND,66816,https://www.fragrantica.com/perfume/Tiziana-Terenzi/Burdel-66816.html,https://fimgs.net/mdimg/perfume-social-cards/en-p_c_66816.jpeg,fragrantica-scraper-archive/social-cards/images/2626_1772-TER_66816.jpeg,DOWNLOADED,100459,c6b063ea13ca755b42988505a61da05d42bdb06ee5859d99fa76867547b3b7cc,
2625,1770-BON,NEW YORK NIGHTS - BOND,Bond No 9,New York Nights,CONFIRMED,FOUND,46057,https://www.fragrantica.com/perfume/Bond-No-9/New-York-Nights-46057.html,https://fimgs.net/mdimg/perfume-social-cards/en-p_c_46057.jpeg,fragrantica-scraper-archive/social-cards/images/2625_1770-BON_46057.jpeg,DOWNLOADED,118552,fa3e97c2753762b00f5ae952b997a32266c91ed0c05ec7a641d1584cd39e40b9,
2624,1769-LTN,the fragrance notes Roses,Louis Vuitton,the fragrance notes Roses,CONFIRMED,FOUND,40495,https://www.fragrantica.com/perfume/Louis-Vuitton/Rose-des-Vents-40495.html,https://fimgs.net/mdimg/perfume-social-cards/en-p_c_40495.jpeg,fragrantica-scraper-archive/social-cards/images/2624_1769-LTN_40495.jpeg,DOWNLOADED,98508,064d7db1ec5a8832fbd5181f661d77f16bcf35c59b3dc793f35200064fa37c8f,
2623,1768-LTN,the fragrance notes,Louis Vuitton,Contre Moi,CONFIRMED,FOUND,40501,https://www.fragrantica.com/perfume/Louis-Vuitton/Contre-Moi-40501.html,https://fimgs.net/mdimg/perfume-social-cards/en-p_c_40501.jpeg,fragrantica-scraper-archive/social-cards/images/2623_1768-LTN_40501.jpeg,DOWNLOADED,100894,9c525365fed395ae49acbd1c9aafa3c7626cdcae21c3222cd7e3edaad6499c4d,
2622,,,Louis Vuitton,Attrape-Rêves,CONFIRMED,FOUND,51016,https://www.fragrantica.com/perfume/Louis-Vuitton/Attrape-Reves-51016.html,https://fimgs.net/mdimg/perfume-social-cards/en-p_c_51016.jpeg,fragrantica-scraper-archive/social-cards/images/2622_unknown_51016.jpeg,DOWNLOADED,101392,dcfe6cfb38474626e254e68ab6f9233d574f0ced1f777a8207facac7c49f51b5,
2620,1764-GUR,AQUA ALLEGORIA COCONUT FIZZ - GUERLAIN,Guerlain,Aqua Allegoria Coconut Fizz,CONFIRMED,FOUND,53806,https://www.fragrantica.com/perfume/Guerlain/Aqua-Allegoria-Coconut-Fizz-53806.html,https://fimgs.net/mdimg/perfume-social-cards/en-p_c_53806.jpeg,fragrantica-scraper-archive/social-cards/images/2620_1764-GUR_53806.jpeg,DOWNLOADED,109222,266fb32dd10861001780a3afb8262420144b2be8a824be769fd92fe61cb0c8ed,
2619,1760-FRE,the notes of IRIS POUDRE,Frederic Malle,Iris Poudre,CONFIRMED,FOUND,4771,https://www.fragrantica.com/perfume/Frederic-Malle/Iris-Poudre-4771.html,https://fimgs.net/mdimg/perfume-social-cards/en-p_c_4771.jpeg,fragrantica-scraper-archive/social-cards/images/2619_1760-FRE_4771.jpeg,DOWNLOADED,100283,ff87eefeeb539e90c40fe3681adaf15d3e48bb65c83623bd4557644ce5809c77,
2618,1755-MNT,VANILLA CAKE - MONTALE,Montale,Vanilla Cake,CONFIRMED,FOUND,48948,https://www.fragrantica.com/perfume/Montale/Vanilla-Cake-48948.html,https://fimgs.net/mdimg/perfume-social-cards/en-p_c_48948.jpeg,fragrantica-scraper-archive/social-cards/images/2618_1755-MNT_48948.jpeg,DOWNLOADED,89018,e1f53b5270935ecc157c4f884165571a790f10737c50a2d7ea94cc73489e0d88,
2613,1751-GUL,MADAME,Cortina 1224,Madame,CONFIRMED,FOUND,12088,https://www.fragrantica.com/perfume/Cortina-1224/Madame-12088.html,https://fimgs.net/mdimg/perfume-social-cards/en-p_c_12088.jpeg,fragrantica-scraper-archive/social-cards/images/2613_1751-GUL_12088.jpeg,MISSING,,,HTTP 404
2612,1763-JILS,,,,CONFIRMED,FOUND,618,https://www.fragrantica.com/perfume/Jil-Sander/Sun-618.html,https://fimgs.net/mdimg/perfume-social-cards/en-p_c_618.jpeg,fragrantica-scraper-archive/social-cards/images/2612_1763-JILS_618.jpeg,DOWNLOADED,94489,05b43b4247e4d44795cac3e65dc1eb79b4d735fe73481be073bbee45f9049cf1,
2611,1765-JEN,,Jennifer Lopez,Miami Glow,CONFIRMED,FOUND,870,https://www.fragrantica.com/p/870,https://fimgs.net/mdimg/perfume-social-cards/en-p_c_870.jpeg,fragrantica-scraper-archive/social-cards/images/2611_1765-JEN_870.jpeg,DOWNLOADED,93052,3ea79e9b2118f6e2a83c3096dc6c26a9bed4aa906a5e1b9cd1ab7c8f1c9945a9,
2610,1757-DIP,EAU DUELLE EAU DE PARFUM,Diptyque,Eau Duelle Eau de Parfum,CONFIRMED,FOUND,49100,https://www.fragrantica.com/perfume/Diptyque/Eau-Duelle-Eau-de-Parfum-49100.html,https://fimgs.net/mdimg/perfume-social-cards/en-p_c_49100.jpeg,fragrantica-scraper-archive/social-cards/images/2610_1757-DIP_49100.jpeg,DOWNLOADED,111613,e98a97ce2fae386b36fff0ea6f02307aca1207f95e7d75a82481e13052ff9741,
2609,1754-HER,VANILLE GALANTE HERMESSENCE - HERMES,Hermes,Hermessence Vanille Galante,CONFIRMED,FOUND,5213,https://www.fragrantica.com/perfume/Hermes/Hermessence-Vanille-Galante-5213.html,https://fimgs.net/mdimg/perfume-social-cards/en-p_c_5213.jpeg,fragrantica-scraper-archive/social-cards/images/2609_1754-HER_5213.jpeg,DOWNLOADED,106158,4b34877bdc0b5526e858db54270edf1ed1d91aea4c4aed34478e455db83ac1bd,
2607,1775-DIP,ORPHEON EAU DE PARFUM,Diptyque,Orpheon Eau de Parfum,CONFIRMED,FOUND,65738,https://www.fragrantica.com/perfume/Diptyque/Orpheon-Eau-de-Parfum-65738.html,https://fimgs.net/mdimg/perfume-social-cards/en-p_c_65738.jpeg,fragrantica-scraper-archive/social-cards/images/2607_1775-DIP_65738.jpeg,DOWNLOADED,119308,183e4d207fe71624cdabf9cf8fb0044ec96258a58a42e054e82c0c2c8f651a1d,
2606,1752-JUL,VANILLA VIBES - JULIETTE HAS A GUN,Juliette Has A Gun,Vanilla Vibes,CONFIRMED,FOUND,54878,https://www.fragrantica.com/perfume/Juliette-Has-A-Gun/Vanilla-Vibes-54878.html,https://fimgs.net/mdimg/perfume-social-cards/en-p_c_54878.jpeg,fragrantica-scraper-archive/social-cards/images/2606_1752-JUL_54878.jpeg,DOWNLOADED,97628,132e0c2f7daf461ea636686664961d6301572b0ae659d9ac2579931a73189ed8,
2605,1773-PRA,LUNA ROSSA OCEAN - PRADA,Prada,Luna Rossa Ocean,CONFIRMED,FOUND,68753,https://www.fragrantica.com/perfume/Prada/Luna-Rossa-Ocean-68753.html,https://fimgs.net/mdimg/perfume-social-cards/en-p_c_68753.jpeg,fragrantica-scraper-archive/social-cards/images/2605_1773-PRA_68753.jpeg,DOWNLOADED,97814,94a61f578551cf9847b9210f111b2bfae083ec086a32d95290e3ead259ea1b11,
2604,1750-LTN,the fragrance notes,Louis Vuitton,Sun Song,CONFIRMED,FOUND,53945,https://www.fragrantica.com/perfume/Louis-Vuitton/Sun-Song-53945.html,https://fimgs.net/mdimg/perfume-social-cards/en-p_c_53945.jpeg,fragrantica-scraper-archive/social-cards/images/2604_1750-LTN_53945.jpeg,DOWNLOADED,90159,8dc27deafe4e18d9ddf94843ca296a3dd031f7421d0eded01162e153ecf3f16b,
2603,1749-BLG,Gyan,Bvlgari,Gyan,CONFIRMED,FOUND,41221,https://www.fragrantica.com/perfume/Bvlgari/Gyan-41221.html,https://fimgs.net/mdimg/perfume-social-cards/en-p_c_41221.jpeg,fragrantica-scraper-archive/social-cards/images/2603_1749-BLG_41221.jpeg,DOWNLOADED,86207,8bf793a6cc0552ffeb24eaeccc1378eb76e4fd7d15ecc23414bed4aa1fd51388,
2602,1748-BYR,Marijuana,Byredo,Marijuana,CONFIRMED,UNRESOLVED,,,,,NO_CONFIRMED_ID,,,
2601,1747-VICT,BARE VANILLA - VICTORIA SECRET,Victoria s Secret,Bare Vanilla,CONFIRMED,FOUND,56836,https://www.fragrantica.com/perfume/Victoria-s-Secret/Bare-Vanilla-56836.html,https://fimgs.net/mdimg/perfume-social-cards/en-p_c_56836.jpeg,fragrantica-scraper-archive/social-cards/images/2601_1747-VICT_56836.jpeg,DOWNLOADED,84714,38527cfa777b87a7944aa47f08c1dfe053faa57b35c9f840ec22300ac54edc4c,
2600,1746-XER,ALEXANDRIA III,Xerjoff,Alexandria III,CONFIRMED,FOUND,57363,https://www.fragrantica.com/perfume/Xerjoff/Alexandria-III-57363.html,https://fimgs.net/mdimg/perfume-social-cards/en-p_c_57363.jpeg,fragrantica-scraper-archive/social-cards/images/2600_1746-XER_57363.jpeg,DOWNLOADED,112067,442002b119aa9a5e0fc51b2d56eaa39b5f5afe53bcb94d5efed333c389c8d92b,
2599,1745-SERG,Chergui Serge Lutens,Serge Lutens,Chergui,CONFIRMED,FOUND,2762,https://www.fragrantica.com/perfume/Serge-Lutens/Chergui-2762.html,https://fimgs.net/mdimg/perfume-social-cards/en-p_c_2762.jpeg,fragrantica-scraper-archive/social-cards/images/2599_1745-SERG_2762.jpeg,DOWNLOADED,100150,3151bc4a47039058d49f038173a683ddf5e68fec64bff7c876eb7262a9acbe54,
2598,1744-CLI,AROMATICS IN BLACK - CLINIQUE,Clinique,Aromatics in Black,CONFIRMED,FOUND,31761,https://www.fragrantica.com/perfume/Clinique/Aromatics-in-Black-31761.html,https://fimgs.net/mdimg/perfume-social-cards/en-p_c_31761.jpeg,fragrantica-scraper-archive/social-cards/images/2598_1744-CLI_31761.jpeg,DOWNLOADED,98837,f8550503bf1a69c0f697a768cc589be9bb3cbfb28fead3bc477a4f0d29e3546e,
2563,451-BYR,Blanche,Byredo,Blanche,CONFIRMED,FOUND,6686,https://www.fragrantica.com/perfume/Byredo/Blanche-6686.html,https://fimgs.net/mdimg/perfume-social-cards/en-p_c_6686.jpeg,fragrantica-scraper-archive/social-cards/images/2563_451-BYR_6686.jpeg,DOWNLOADED,91604,ba723f87d9d3aca133b8bf4b2503b9c633ff07ebffcedfa8e38f392aea25065f,
2555,1737-GIV,L INTERDIT ROUGE EDP,Givenchy,L Interdit Eau de Parfum Rouge,CONFIRMED,FOUND,68404,https://www.fragrantica.com/perfume/Givenchy/L-Interdit-Eau-de-Parfum-Rouge-68404.html,https://fimgs.net/mdimg/perfume-social-cards/en-p_c_68404.jpeg,fragrantica-scraper-archive/social-cards/images/2555_1737-GIV_68404.jpeg,DOWNLOADED,107235,649bb454e2331ef7595e84b9c20ad0cb56f9794a201fb7faed564cddccc3ef8d,
2553,1736-PRFRO,ARSO - PROFUMUM ROMA,Profumum Roma,Arso,CONFIRMED,FOUND,11700,https://www.fragrantica.com/p/11700,https://fimgs.net/mdimg/perfume-social-cards/en-p_c_11700.jpeg,fragrantica-scraper-archive/social-cards/images/2553_1736-PRFRO_11700.jpeg,DOWNLOADED,98484,7bbf60163fa86e7ac366402260ab1f753efc482068a397be0f87a6d1b534c0a0,
2552,1735-XER,ITALICA,Xerjoff,Italica,CONFIRMED,FOUND,41149,https://www.fragrantica.com/perfume/Xerjoff/Italica-41149.html,https://fimgs.net/mdimg/perfume-social-cards/en-p_c_41149.jpeg,fragrantica-scraper-archive/social-cards/images/2552_1735-XER_41149.jpeg,DOWNLOADED,93245,d96b9b8c652dcb49a9fe3e4960d78fdbf411958ad19b2e7773b6700bf896fa87,
2518,1732-MIC,SUPER GORGEOUS! - MICHAEL KORS,Michael Kors,Super Gorgeous,CONFIRMED,FOUND,68626,https://www.fragrantica.com/perfume/Michael-Kors/Super-Gorgeous-68626.html,https://fimgs.net/mdimg/perfume-social-cards/en-p_c_68626.jpeg,fragrantica-scraper-archive/social-cards/images/2518_1732-MIC_68626.jpeg,DOWNLOADED,106934,d90ada9679a03c05ad7fb9a30f4aa372d3b77d7904cc5191f3707df04bfd5e95,
2516,1731-VICT,TEASE CREAM CLOUD - VICTORIA'S SECRET,Victoria s Secret,Tease Creme Cloud,CONFIRMED,FOUND,68550,https://www.fragrantica.com/perfume/Victoria-s-Secret/Tease-Creme-Cloud-68550.html,https://fimgs.net/mdimg/perfume-social-cards/en-p_c_68550.jpeg,fragrantica-scraper-archive/social-cards/images/2516_1731-VICT_68550.jpeg,DOWNLOADED,94654,60ab3f7ce5def125ee8b80bfeadd129fa7b5cbe980922bed2eb74ebcabd090af,
2515,1734-TMFO,Ebene Fume,Tom Ford,Ebene Fume,CONFIRMED,FOUND,69008,https://www.fragrantica.com/perfume/Tom-Ford/Ebene-Fume-69008.html,https://fimgs.net/mdimg/perfume-social-cards/en-p_c_69008.jpeg,fragrantica-scraper-archive/social-cards/images/2515_1734-TMFO_69008.jpeg,DOWNLOADED,104214,846612538310d7750ee43b0218d64601d9eb13d7325c5c5699aba916a0f75e8c,
2506,1733-BYR,MUMBAI NOISE,Byredo,Mumbai Noise,CONFIRMED,FOUND,69858,https://www.fragrantica.com/perfume/Byredo/Mumbai-Noise-69858.html,https://fimgs.net/mdimg/perfume-social-cards/en-p_c_69858.jpeg,fragrantica-scraper-archive/social-cards/images/2506_1733-BYR_69858.jpeg,DOWNLOADED,109489,75296493cc4a6a5cbfe88eae4d30c2b3eb78ed0a91d1da958ece47092f708275,
2458,1730-HER,TWILLY EAU GINGER - HERMES,Hermes,Twilly d Hermes Eau Ginger,CONFIRMED,FOUND,67667,https://www.fragrantica.com/perfume/Hermes/Twilly-d-Hermes-Eau-Ginger-67667.html,https://fimgs.net/mdimg/perfume-social-cards/en-p_c_67667.jpeg,fragrantica-scraper-archive/social-cards/images/2458_1730-HER_67667.jpeg,DOWNLOADED,106528,cf14697d7e878185556227645254e5a3f5015c294f37dfc82c83bb02cf7ed732,
2457,1728-ARM,MY WAY INTENSE,Giorgio Armani,My Way Intense,CONFIRMED,FOUND,68596,https://www.fragrantica.com/perfume/Giorgio-Armani/My-Way-Intense-68596.html,https://fimgs.net/mdimg/perfume-social-cards/en-p_c_68596.jpeg,fragrantica-scraper-archive/social-cards/images/2457_1728-ARM_68596.jpeg,DOWNLOADED,97048,9e0e903d924e9af527461e48f7d939ef1fa70195ad6e139c43ce75c2b2a85b96,
2456,1727-LAN,IDOLE AURA,Lancome,Idole Aura,CONFIRMED,FOUND,67578,https://www.fragrantica.com/perfume/Lancome/Idole-Aura-67578.html,https://fimgs.net/mdimg/perfume-social-cards/en-p_c_67578.jpeg,fragrantica-scraper-archive/social-cards/images/2456_1727-LAN_67578.jpeg,DOWNLOADED,97087,0765a5879db101e6feedf939cf569dbd5e9bedcb1e04d110dd3bbe872507627d,
2455,1729-CAR,VERY GOOD GIRL,Carolina Herrera,Very Good Girl,CONFIRMED,FOUND,65560,https://www.fragrantica.com/perfume/Carolina-Herrera/Very-Good-Girl-65560.html,https://fimgs.net/mdimg/perfume-social-cards/en-p_c_65560.jpeg,fragrantica-scraper-archive/social-cards/images/2455_1729-CAR_65560.jpeg,DOWNLOADED,97156,a7afc42b7e861ea2047236022c75ea39d52725c905baf0e9e3ee103163a105e1,
2454,1726-MNTB,,Montblanc,Signature,CONFIRMED,FOUND,60962,https://www.fragrantica.com/perfume/Montblanc/Signature-60962.html,https://fimgs.net/mdimg/perfume-social-cards/en-p_c_60962.jpeg,fragrantica-scraper-archive/social-cards/images/2454_1726-MNTB_60962.jpeg,DOWNLOADED,95224,6fb0c91fb8f02c74e79690cc1497303416fc6417f1d41460fd59601c1ba07fd5,
2453,1721-BLG,Azaran,Bvlgari,Azaran,CONFIRMED,FOUND,66122,https://www.fragrantica.com/perfume/Bvlgari/Azaran-66122.html,https://fimgs.net/mdimg/perfume-social-cards/en-p_c_66122.jpeg,fragrantica-scraper-archive/social-cards/images/2453_1721-BLG_66122.jpeg,DOWNLOADED,103851,7d2d1f8871f8720ed333a58b9aac1ce249814a6073ca2a6643509ae8885672f5,
2452,1718-TER,CASSIOPEA - TIZIANA TERENZI,Tiziana Terenzi,Cassiopea,CONFIRMED,FOUND,30624,https://www.fragrantica.com/perfume/Tiziana-Terenzi/Cassiopea-30624.html,https://fimgs.net/mdimg/perfume-social-cards/en-p_c_30624.jpeg,fragrantica-scraper-archive/social-cards/images/2452_1718-TER_30624.jpeg,DOWNLOADED,104991,a7b045ea0b00a0063307130cd2471fd0483b27e683e145b178fcad9a35adf93a,
2451,1719-MEM,CORFU - MEMO PARIS,Memo Paris,Corfu,CONFIRMED,FOUND,68292,https://www.fragrantica.com/perfume/Memo-Paris/Corfu-68292.html,https://fimgs.net/mdimg/perfume-social-cards/en-p_c_68292.jpeg,fragrantica-scraper-archive/social-cards/images/2451_1719-MEM_68292.jpeg,DOWNLOADED,101781,d533528c899c05f9c1f0bfa42a89d692a12ea923e8c3c6d982df998d071d498d,
2450,1720-LEL,VETIVER 46 - LE LABO,Le Labo,Vetiver 46,CONFIRMED,FOUND,6328,https://www.fragrantica.com/perfume/Le-Labo/Vetiver-46-6328.html,https://fimgs.net/mdimg/perfume-social-cards/en-p_c_6328.jpeg,fragrantica-scraper-archive/social-cards/images/2450_1720-LEL_6328.jpeg,DOWNLOADED,106971,83ef2180338891aca856ddd8c80c6a9265feb2335a9fab387713868964732845,
2449,1722-CRD,White Flowers,Creed,White Flowers,CONFIRMED,FOUND,13390,https://www.fragrantica.com/perfume/Creed/White-Flowers-13390.html,https://fimgs.net/mdimg/perfume-social-cards/en-p_c_13390.jpeg,fragrantica-scraper-archive/social-cards/images/2449_1722-CRD_13390.jpeg,DOWNLOADED,110824,fa4eb3def879e60a7a31a110d7d61b7ed998ede0dba8bf78f888fd7cb1963894,
2448,1723-TMFO,VERT DES BOIS,Tom Ford,Vert des Bois,CONFIRMED,FOUND,40089,https://www.fragrantica.com/perfume/Tom-Ford/Vert-des-Bois-40089.html,https://fimgs.net/mdimg/perfume-social-cards/en-p_c_40089.jpeg,fragrantica-scraper-archive/social-cards/images/2448_1723-TMFO_40089.jpeg,DOWNLOADED,105780,933d8917cb56b4ae6112f4d7c4c1df81351cf142308255d8cffa865f83687aca,
2440,1703-CAL,DEFY - CALVIN KLEIN,Calvin Klein,Defy,CONFIRMED,FOUND,68225,https://www.fragrantica.com/perfume/Calvin-Klein/Defy-68225.html,https://fimgs.net/mdimg/perfume-social-cards/en-p_c_68225.jpeg,fragrantica-scraper-archive/social-cards/images/2440_1703-CAL_68225.jpeg,DOWNLOADED,92574,5fffda58c5b633c6ef754e19d57f3628444930d5dd458e645cb49d9e4659674d,
2439,1704-CAR,212 HEROES,Carolina Herrera,212 Heroes,CONFIRMED,FOUND,65988,https://www.fragrantica.com/perfume/Carolina-Herrera/212-Heroes-65988.html,https://fimgs.net/mdimg/perfume-social-cards/en-p_c_65988.jpeg,fragrantica-scraper-archive/social-cards/images/2439_1704-CAR_65988.jpeg,DOWNLOADED,104232,2e30b3b419efd42a5760e9fb37c9a1a7061fd12b6db984768c9acd8d36adb175,
2438,1700-MNT,MUSK TO MUSK - MONTALE,Montale,Musk to Musk,CONFIRMED,FOUND,12299,https://www.fragrantica.com/perfume/Montale/Musk-to-Musk-12299.html,https://fimgs.net/mdimg/perfume-social-cards/en-p_c_12299.jpeg,fragrantica-scraper-archive/social-cards/images/2438_1700-MNT_12299.jpeg,DOWNLOADED,104005,d6b646f9987cf94ff4efee8224aa3a3babbe634ab5e2a758d0e93dc85298b149,
2437,1701-TOSC,,,,CONFIRMED,FOUND,5796,https://www.fragrantica.com/perfume/Tosca/Tosca-5796.html,https://fimgs.net/mdimg/perfume-social-cards/en-p_c_5796.jpeg,fragrantica-scraper-archive/social-cards/images/2437_1701-TOSC_5796.jpeg,DOWNLOADED,102416,b58d72a6bea9b34ab8feffe9a39487fb781af90736aa5736290385e39024c7a2,
2436,1694-TMFO,,Tom Ford,Oud Fleur,CONFIRMED,FOUND,21401,https://www.fragrantica.com/perfume/Tom-Ford/Oud-Fleur-21401.html,https://fimgs.net/mdimg/perfume-social-cards/en-p_c_21401.jpeg,fragrantica-scraper-archive/social-cards/images/2436_1694-TMFO_21401.jpeg,DOWNLOADED,99968,4d907439013ac1b0c24b97c13d251d751c7411a8e8c556cfe15bf41958c426fc,
2430,1697-LEL,THE NOIR 29 - LE LABO,Le Labo,The Noir 29,CONFIRMED,FOUND,31872,https://www.fragrantica.com/perfume/Le-Labo/The-Noir-29-31872.html,https://fimgs.net/mdimg/perfume-social-cards/en-p_c_31872.jpeg,fragrantica-scraper-archive/social-cards/images/2430_1697-LEL_31872.jpeg,DOWNLOADED,103688,f77d27ed359395e7490ab31b6d7367307bf92f26407c15f8370fe091779de09e,
2429,1698-LEL,OUD 27 - LE LABO,Le Labo,Oud 27,CONFIRMED,FOUND,6329,https://www.fragrantica.com/perfume/Le-Labo/Oud-27-6329.html,https://fimgs.net/mdimg/perfume-social-cards/en-p_c_6329.jpeg,fragrantica-scraper-archive/social-cards/images/2429_1698-LEL_6329.jpeg,DOWNLOADED,103039,9b3fa38e5b2485153645320bb8b245ef84afbfd46cde5368c309f9b81cb6f29b,
2428,1699-LTN,the fragrance notes,Louis Vuitton,Nuit de Feu,CONFIRMED,FOUND,60031,https://www.fragrantica.com/perfume/Louis-Vuitton/Nuit-de-Feu-60031.html,https://fimgs.net/mdimg/perfume-social-cards/en-p_c_60031.jpeg,fragrantica-scraper-archive/social-cards/images/2428_1699-LTN_60031.jpeg,DOWNLOADED,98050,529456afb6eca7a9790ed47f597afbf3415d16f6654c61b9037dafb2bfec630f,
2427,1693-BYR,MIXED EMOTIONS,Byredo,Mixed Emotions,CONFIRMED,FOUND,65525,https://www.fragrantica.com/perfume/Byredo/Mixed-Emotions-65525.html,https://fimgs.net/mdimg/perfume-social-cards/en-p_c_65525.jpeg,fragrantica-scraper-archive/social-cards/images/2427_1693-BYR_65525.jpeg,DOWNLOADED,109618,6c40cf30ce377b6acb6e7b9f00407f6c197d2748fdfa2be16335616d95e32065,
2426,1695-TMFO,SOLEIL BRULANT,Tom Ford,Soleil Brulant,CONFIRMED,FOUND,66125,https://www.fragrantica.com/perfume/Tom-Ford/Soleil-Brulant-66125.html,https://fimgs.net/mdimg/perfume-social-cards/en-p_c_66125.jpeg,fragrantica-scraper-archive/social-cards/images/2426_1695-TMFO_66125.jpeg,DOWNLOADED,103942,6637c39492928ef89a43c0ac9ab95aa4be47a7f94775d5ab95e36ff0ec7f2ab5,
2425,1696-CRD,Royal Water,Creed,Royal Water,CONFIRMED,FOUND,7510,https://www.fragrantica.com/perfume/Creed/Royal-Water-7510.html,https://fimgs.net/mdimg/perfume-social-cards/en-p_c_7510.jpeg,fragrantica-scraper-archive/social-cards/images/2425_1696-CRD_7510.jpeg,DOWNLOADED,97730,238f8b614d547abf1424adcdded98fcc405a9415f386e762666ce96cfe215086,
2416,1685-FRE,the notes of EN PASSANT Woman's perfume,Frederic Malle,En Passant,CONFIRMED,FOUND,2793,https://www.fragrantica.com/p/2793,https://fimgs.net/mdimg/perfume-social-cards/en-p_c_2793.jpeg,fragrantica-scraper-archive/social-cards/images/2416_1685-FRE_2793.jpeg,DOWNLOADED,96733,04583ebf99bd090532074ec8abc7812ec26ef31e3f21945f4b25a3935c403e5a,
2415,1682-HER,24 FAUBOURG - HERMES,Hermes,24 Faubourg,CONFIRMED,FOUND,27,https://www.fragrantica.com/perfume/Hermes/24-Faubourg-27.html,https://fimgs.net/mdimg/perfume-social-cards/en-p_c_27.jpeg,fragrantica-scraper-archive/social-cards/images/2415_1682-HER_27.jpeg,DOWNLOADED,112556,0ce736a3d16e5054e63ee97a3757ed1cdb729f1d4bcf4fc8f855d8659bf803e3,
2414,1683-HER,UN JARDIN SUR LA LAGUNE - HERMES,Hermes,Un Jardin Sur La Lagune,CONFIRMED,FOUND,53373,https://www.fragrantica.com/perfume/Hermes/Un-Jardin-Sur-La-Lagune-53373.html,https://fimgs.net/mdimg/perfume-social-cards/en-p_c_53373.jpeg,fragrantica-scraper-archive/social-cards/images/2414_1683-HER_53373.jpeg,DOWNLOADED,102238,50d03b4a779e80bc0eee726876cab37da1572245c65b581ea5f7c83879fe0ca5,
2413,1686-PRA,LUNA ROSSA BLACK - PRADA,Prada,Luna Rossa Black,CONFIRMED,FOUND,48682,https://www.fragrantica.com/perfume/Prada/Luna-Rossa-Black-48682.html,https://fimgs.net/mdimg/perfume-social-cards/en-p_c_48682.jpeg,fragrantica-scraper-archive/social-cards/images/2413_1686-PRA_48682.jpeg,DOWNLOADED,95946,518fa3593dfb0c6998985428e8b4510bdd6c3d77986299b6a522ac902035755b,
2412,1684-GIV,YSATIS,Givenchy,Ysatis,CONFIRMED,FOUND,36,https://www.fragrantica.com/perfume/Givenchy/Ysatis-36.html,https://fimgs.net/mdimg/perfume-social-cards/en-p_c_36.jpeg,fragrantica-scraper-archive/social-cards/images/2412_1684-GIV_36.jpeg,DOWNLOADED,94401,01fef8174602ff416a2c3f466711121b2041244e03770b8b11b94fe0ec325ee6,
2411,1675-NRO,AMBREE - NARCISO RODRIGUEZ,Narciso Rodriguez,Narciso Eau de Parfum Ambree,CONFIRMED,FOUND,60867,https://www.fragrantica.com/perfume/Narciso-Rodriguez/Narciso-Eau-de-Parfum-Ambree-60867.html,https://fimgs.net/mdimg/perfume-social-cards/en-p_c_60867.jpeg,fragrantica-scraper-archive/social-cards/images/2411_1675-NRO_60867.jpeg,DOWNLOADED,106937,0e244777b7da71e7dae078e3eabf7d54229dace5e27556995b20f56c9d8a8c8e,
2410,1676-CAL,EUPHORIA BLUSH - CALVIN KLEIN,Calvin Klein,Euphoria Blush,CONFIRMED,FOUND,60172,https://www.fragrantica.com/perfume/Calvin-Klein/Euphoria-Blush-60172.html,https://fimgs.net/mdimg/perfume-social-cards/en-p_c_60172.jpeg,fragrantica-scraper-archive/social-cards/images/2410_1676-CAL_60172.jpeg,DOWNLOADED,100190,7d768fd044b5cac0764f36b1a528734fabaca1718bd71117efad50c7a62dc90e,
2409,1680-DRC,ROUGE TRAFALGAR,Dior,Rouge Trafalgar,CONFIRMED,FOUND,58665,https://www.fragrantica.com/perfume/Dior/Rouge-Trafalgar-58665.html,https://fimgs.net/mdimg/perfume-social-cards/en-p_c_58665.jpeg,fragrantica-scraper-archive/social-cards/images/2409_1680-DRC_58665.jpeg,DOWNLOADED,97366,19e7f9fa454f277609c4fa701f78e9ce2612380f0929cb778b42cf7e8b7eb794,
2408,1681-MNT,INTENSE CAFE - MONTALE,Montale,Intense Cafe,CONFIRMED,FOUND,18021,https://www.fragrantica.com/perfume/Montale/Intense-Cafe-18021.html,https://fimgs.net/mdimg/perfume-social-cards/en-p_c_18021.jpeg,fragrantica-scraper-archive/social-cards/images/2408_1681-MNT_18021.jpeg,DOWNLOADED,101436,f76f31212129d3b5aa69ef81a0c1e7a5f0a451a90b1faa813b61b92eeec07f3f,
2407,1679-BYR,ROSE OF NO MAN'S LAND,Byredo,Rose Of No Man s Land,CONFIRMED,FOUND,31931,https://www.fragrantica.com/perfume/Byredo/Rose-Of-No-Man-s-Land-31931.html,https://fimgs.net/mdimg/perfume-social-cards/en-p_c_31931.jpeg,fragrantica-scraper-archive/social-cards/images/2407_1679-BYR_31931.jpeg,DOWNLOADED,108529,96096a4f95e29c3562abc06352f86cc8350d461aa2186d3b79722f6c06359564,
2406,1677-BYR,ELEVENTH HOUR,Byredo,Eleventh Hour,CONFIRMED,FOUND,50934,https://www.fragrantica.com/perfume/Byredo/Eleventh-Hour-50934.html,https://fimgs.net/mdimg/perfume-social-cards/en-p_c_50934.jpeg,fragrantica-scraper-archive/social-cards/images/2406_1677-BYR_50934.jpeg,DOWNLOADED,105041,75583106adbdf9c1c880e4ed15547f41087c7622da612d7a611079f7b8b61542,
2405,1678-BYR,SELLIER,Byredo,Sellier,CONFIRMED,FOUND,58572,https://www.fragrantica.com/perfume/Byredo/Sellier-58572.html,https://fimgs.net/mdimg/perfume-social-cards/en-p_c_58572.jpeg,fragrantica-scraper-archive/social-cards/images/2405_1678-BYR_58572.jpeg,DOWNLOADED,101815,1e049c0882fbae6087e62978892b56b3917fef92b7334b2db783f3a142113252,
2404,1672-KIL,VODKA ON THE ROCKS - KILIAN,By Kilian,Vodka on the Rocks,CONFIRMED,FOUND,23899,https://www.fragrantica.com/perfume/By-Kilian/Vodka-on-the-Rocks-23899.html,https://fimgs.net/mdimg/perfume-social-cards/en-p_c_23899.jpeg,fragrantica-scraper-archive/social-cards/images/2404_1672-KIL_23899.jpeg,DOWNLOADED,103272,3741dd0123865ac87f7370bcff7b22e536dad4bb89d7cc68b70eb57a5492620d,
2403,1656-LOC,,L'Occitane en Provence,Terre de Lumiere,CONFIRMED,FOUND,41970,https://www.fragrantica.com/p/41970,https://fimgs.net/mdimg/perfume-social-cards/en-p_c_41970.jpeg,fragrantica-scraper-archive/social-cards/images/2403_1656-LOC_41970.jpeg,DOWNLOADED,110490,7195111c6ee3327fcd98bb5add8b32c3b3881ba161a2d64afed7dbebe8d12fdc,
2402,1657-TMU,A*MEN PURE TONKA,Mugler,A Men Pure Tonka,CONFIRMED,FOUND,35590,https://www.fragrantica.com/perfume/Mugler/A-Men-Pure-Tonka-35590.html,https://fimgs.net/mdimg/perfume-social-cards/en-p_c_35590.jpeg,fragrantica-scraper-archive/social-cards/images/2402_1657-TMU_35590.jpeg,DOWNLOADED,110283,a6ab0314a1f0cb0b9dba190c37148532c33f2e45174620d95ee079b616aab7b0,
2401,1659-CHRA,,,,CONFIRMED,FOUND,6714,https://www.fragrantica.com/perfume/Christina-Aguilera/Christina-Aguilera-by-Night-6714.html,https://fimgs.net/mdimg/perfume-social-cards/en-p_c_6714.jpeg,fragrantica-scraper-archive/social-cards/images/2401_1659-CHRA_6714.jpeg,DOWNLOADED,109186,897bcf5d8f73dcd6f6cceaa0f2521df9d11f8b6992d3d3f2d0af603d1f65eb35,
2400,1655-JOM,Oat & Cornflower by Jo Malone London,Jo Malone London,Oat Cornflower,CONFIRMED,FOUND,48318,https://www.fragrantica.com/perfume/Jo-Malone-London/Oat-Cornflower-48318.html,https://fimgs.net/mdimg/perfume-social-cards/en-p_c_48318.jpeg,fragrantica-scraper-archive/social-cards/images/2400_1655-JOM_48318.jpeg,DOWNLOADED,92046,d5ce2a31290daf984511a3afe203ce4ec1905e2e35224e3e787b935d12bff9f2,
2399,1658-GUR,LA PETITE ROBE NOIRE - GUERLAIN,Guerlain,La Petite Robe Noire,CONFIRMED,FOUND,14681,https://www.fragrantica.com/perfume/Guerlain/La-Petite-Robe-Noir-14681.html,https://fimgs.net/mdimg/perfume-social-cards/en-p_c_14681.jpeg,fragrantica-scraper-archive/social-cards/images/2399_1658-GUR_14681.jpeg,DOWNLOADED,113812,d30cc6ef757e67e9e7d5cd02ffe3d96a611377fc319e8be7a61c8ca8c5770fcc,
2398,1671-KIL,ROLLING IN LOVE - KILIAN,By Kilian,Rolling in Love,CONFIRMED,FOUND,56402,https://www.fragrantica.com/perfume/By-Kilian/Rolling-in-Love-56402.html,https://fimgs.net/mdimg/perfume-social-cards/en-p_c_56402.jpeg,fragrantica-scraper-archive/social-cards/images/2398_1671-KIL_56402.jpeg,DOWNLOADED,99540,3999a107c946652bda7741ad17a9a3f8b250d7e8c020eb0cc1134fa02ab66384,
2397,1670-NAS,,Nasomatto,Narcotic Venus,CONFIRMED,FOUND,4292,https://www.fragrantica.com/perfume/Nasomatto/Narcotic-Venus-4292.html,https://fimgs.net/mdimg/perfume-social-cards/en-p_c_4292.jpeg,fragrantica-scraper-archive/social-cards/images/2397_1670-NAS_4292.jpeg,DOWNLOADED,95105,bd0162570e175bde569b1b835159c951035b2385fb36d8db383d52b43d8dde83,
2396,1669-PARF,GREENLEY - PARFUMS DE MARLY,Parfums de Marly,Greenley,CONFIRMED,FOUND,62101,https://www.fragrantica.com/perfume/Parfums-de-Marly/Greenley-62101.html,https://fimgs.net/mdimg/perfume-social-cards/en-p_c_62101.jpeg,fragrantica-scraper-archive/social-cards/images/2396_1669-PARF_62101.jpeg,DOWNLOADED,107779,1950b33bc443078e493ef9b44800343cc6e398920c771ba91b7098c90ca82ca7,
2395,1673-XER,MORE THAN WORDS,Xerjoff,More Than Words,CONFIRMED,FOUND,16450,https://www.fragrantica.com/perfume/Xerjoff/More-Than-Words-16450.html,https://fimgs.net/mdimg/perfume-social-cards/en-p_c_16450.jpeg,fragrantica-scraper-archive/social-cards/images/2395_1673-XER_16450.jpeg,DOWNLOADED,109039,574ba7a4d6bb391e9a8d53d152533dec44079a45cbecbc91d66596a5646fefcd,
2394,1674-KUR,L'HOMME A LA ROSE,Maison Francis Kurkdjian,L Homme A la Rose,CONFIRMED,FOUND,61779,https://www.fragrantica.com/perfume/Maison-Francis-Kurkdjian/L-Homme-A-la-Rose-61779.html,https://fimgs.net/mdimg/perfume-social-cards/en-p_c_61779.jpeg,fragrantica-scraper-archive/social-cards/images/2394_1674-KUR_61779.jpeg,DOWNLOADED,109476,5a23ee3c298ed08aa0edd36ac39fec5614ee01a11869a4c7ab30990c9dff6b15,
2393,1660-ESCE,MOLECULE 01,Escentric Molecules,Molecule 01,CONFIRMED,FOUND,845,https://www.fragrantica.com/p/845,https://fimgs.net/mdimg/perfume-social-cards/en-p_c_845.jpeg,fragrantica-scraper-archive/social-cards/images/2393_1660-ESCE_845.jpeg,DOWNLOADED,93984,008784ae8d508c706063dbe52aa89e5cf973ec6f578b9c7769885685c53252d5,
2386,1653-MAN,ROSES VANILLE - MANCERA,Mancera,Roses Vanille,CONFIRMED,FOUND,15210,https://www.fragrantica.com/perfume/Mancera/Roses-Vanille-15210.html,https://fimgs.net/mdimg/perfume-social-cards/en-p_c_15210.jpeg,fragrantica-scraper-archive/social-cards/images/2386_1653-MAN_15210.jpeg,DOWNLOADED,92019,75e31d09710f8a8e545221dc9f5a76796e2101b2b33903a13d00ffaa84e0f488,
2385,1648-FRE,the notes of CARNAL FLOWER,Frederic Malle,Carnal Flower,CONFIRMED,FOUND,1024,https://www.fragrantica.com/perfume/Frederic-Malle/Carnal-Flower-1024.html,https://fimgs.net/mdimg/perfume-social-cards/en-p_c_1024.jpeg,fragrantica-scraper-archive/social-cards/images/2385_1648-FRE_1024.jpeg,DOWNLOADED,103618,ca0d61960406c505662ddb806b28ac4bcff3aec580dd8b3214940693922282d7,
2384,1652-DRC,MISS EAU DE PARFUM 2021,Dior,Miss Dior Eau de Parfum 2021,CONFIRMED,FOUND,68905,https://www.fragrantica.com/perfume/Dior/Miss-Dior-Eau-de-Parfum-2021-68905.html,https://fimgs.net/mdimg/perfume-social-cards/en-p_c_68905.jpeg,fragrantica-scraper-archive/social-cards/images/2384_1652-DRC_68905.jpeg,DOWNLOADED,115501,23f0f16b10bf5d3c282a41f4909a202a3d65f526d1d88aee4178bc1ea8928b51,
2383,1651-TMU,ALIEN GODDESS,Mugler,Alien Goddess,CONFIRMED,FOUND,68354,https://www.fragrantica.com/perfume/Mugler/Alien-Goddess-68354.html,https://fimgs.net/mdimg/perfume-social-cards/en-p_c_68354.jpeg,fragrantica-scraper-archive/social-cards/images/2383_1651-TMU_68354.jpeg,DOWNLOADED,99001,990392cb928b2a8625e2b22ef2f4a0935b9b369171edfff26da5c4eebfa8ff0b,
2382,1504-DON,BE DELICIOUS ΜΑΙ ΤΑΙ - DKNY,Donna Karan,DKNY Be Delicious,CONFIRMED,FOUND,498,https://www.fragrantica.com/perfume/Donna-Karan/DKNY-Be-Delicious-498.html,https://fimgs.net/mdimg/perfume-social-cards/en-p_c_498.jpeg,fragrantica-scraper-archive/social-cards/images/2382_1504-DON_498.jpeg,DOWNLOADED,105209,13400e563d777d8cb36a958eda5ab7fb9c144f353c856234e9ef594e6a06b515,
2381,1650-LAN,LA VIE EST BELLE SOLEIL CRISTAL,Lancome,La Vie Est Belle Soleil Cristal,CONFIRMED,FOUND,65156,https://www.fragrantica.com/perfume/Lancome/La-Vie-Est-Belle-Soleil-Cristal-65156.html,https://fimgs.net/mdimg/perfume-social-cards/en-p_c_65156.jpeg,fragrantica-scraper-archive/social-cards/images/2381_1650-LAN_65156.jpeg,DOWNLOADED,107933,b016aa297aafc90b54110e84f84afd28af8c8ce6403cb575b18745f7b8d5fbb2,
2377,1639-TER,,Tiziana Terenzi,Casanova,CONFIRMED,FOUND,25120,https://www.fragrantica.com/perfume/Tiziana-Terenzi/Casanova-25120.html,https://fimgs.net/mdimg/perfume-social-cards/en-p_c_25120.jpeg,fragrantica-scraper-archive/social-cards/images/2377_1639-TER_25120.jpeg,DOWNLOADED,103136,6900a89528503c685f1ccdd70560fdb40db4f488c91e15d3139337ee3d15174e,
2376,1641-KHAL,,Khaltat,Aloha Parfum,CONFIRMED,FOUND,22911,https://www.fragrantica.com/perfume/Khaltat/Aloha-22911.html,https://fimgs.net/mdimg/perfume-social-cards/en-p_c_22911.jpeg,fragrantica-scraper-archive/social-cards/images/2376_1641-KHAL_22911.jpeg,DOWNLOADED,89041,7769bf0336c799a96d3278dfcd73a23ec2515d406a67b79b90c955ced9b7dc52,
2375,1640-GUC,the Voice of the Snake,Gucci,The Voice Of The Snake,CONFIRMED,FOUND,53088,https://www.fragrantica.com/perfume/Gucci/The-Voice-Of-The-Snake-53088.html,https://fimgs.net/mdimg/perfume-social-cards/en-p_c_53088.jpeg,fragrantica-scraper-archive/social-cards/images/2375_1640-GUC_53088.jpeg,DOWNLOADED,100305,a14fcfe8b7c7221a35360adba498617eff1ee97a9d6535158db553e17f702bc2,
2374,1638-XER,STAR MUSK,Xerjoff,Star Musk,CONFIRMED,FOUND,21617,https://www.fragrantica.com/perfume/Xerjoff/Star-Musk-21617.html,https://fimgs.net/mdimg/perfume-social-cards/en-p_c_21617.jpeg,fragrantica-scraper-archive/social-cards/images/2374_1638-XER_21617.jpeg,DOWNLOADED,98323,86749be496fc2872194a8d58cf8fddb89822b710ff1eecc51a4aa00fae78fa7d,
2371,,SAUVAGE ELIXIR,Dior,Sauvage Elixir,CONFIRMED,FOUND,68415,https://www.fragrantica.com/perfume/Dior/Sauvage-Elixir-68415.html,https://fimgs.net/mdimg/perfume-social-cards/en-p_c_68415.jpeg,fragrantica-scraper-archive/social-cards/images/2371_unknown_68415.jpeg,DOWNLOADED,107422,631e7683eaaec7b31b869cf1092e6f9561f97fe2a77ebaa693bac50a9e0db765,
2370,1643-GUL,CLASSIQUE CABARET,Jean Paul Gaultier,Classique Cabaret Eau de Parfum,CONFIRMED,FOUND,53187,https://www.fragrantica.com/perfume/Jean-Paul-Gaultier/Classique-Cabaret-Eau-de-Parfum-53187.html,https://fimgs.net/mdimg/perfume-social-cards/en-p_c_53187.jpeg,fragrantica-scraper-archive/social-cards/images/2370_1643-GUL_53187.jpeg,DOWNLOADED,109814,8198a53340a09e7cff8ffec1d62494afc0ae963cdb633f1eef1763a1a60fed5a,
2369,1642-VICT,ROSE CARAMEL - VICTORIA'S SECRET,Victoria s Secret,Rose Caramel,CONFIRMED,FOUND,37895,https://www.fragrantica.com/perfume/Victoria-s-Secret/Rose-Caramel-37895.html,https://fimgs.net/mdimg/perfume-social-cards/en-p_c_37895.jpeg,fragrantica-scraper-archive/social-cards/images/2369_1642-VICT_37895.jpeg,DOWNLOADED,96976,601854a21cbfb547d358139951e46e7c7b86a7079e5d1fa6ed72dbab77417659,
2368,1637-CRD,Love in Black,Creed,Love in Black,CONFIRMED,FOUND,4261,https://www.fragrantica.com/perfume/Creed/Love-in-Black-4261.html,https://fimgs.net/mdimg/perfume-social-cards/en-p_c_4261.jpeg,fragrantica-scraper-archive/social-cards/images/2368_1637-CRD_4261.jpeg,DOWNLOADED,102311,9297764f57683c725e83a4ac9ff8c85a6615953ecc898c02b8280200451df76e,
2366,1616-MDI,,Parfums MDCI,Invasion Barbare,CONFIRMED,FOUND,5937,https://www.fragrantica.com/p/5937,https://fimgs.net/mdimg/perfume-social-cards/en-p_c_5937.jpeg,fragrantica-scraper-archive/social-cards/images/2366_1616-MDI_5937.jpeg,DOWNLOADED,102635,d0295defe4d49ac19bedf5fa41ee7928078989407df0da9694540f88e194462a,
2365,1625-KIL,APPLE BRANDY - KILIAN,By Kilian,Apple Brandy,CONFIRMED,FOUND,22614,https://www.fragrantica.com/perfume/By-Kilian/Apple-Brandy-22614.html,https://fimgs.net/mdimg/perfume-social-cards/en-p_c_22614.jpeg,fragrantica-scraper-archive/social-cards/images/2365_1625-KIL_22614.jpeg,DOWNLOADED,102370,91e40a22e1f2873e63bae692badff24050982175e1dae5470c1fed66c4494362,
2352,1622-FRA,the notes of COCAINE-FRANCK BOCLET,Franck Boclet,Cocaine,CONFIRMED,FOUND,44128,https://www.fragrantica.com/p/44128,https://fimgs.net/mdimg/perfume-social-cards/en-p_c_44128.jpeg,fragrantica-scraper-archive/social-cards/images/2352_1622-FRA_44128.jpeg,DOWNLOADED,94345,5c4384a031db5b6f38ec843ccf0a898edb7587c0ebd1233dec210cda53e9169a,
2351,1624-XER,LA CAPITALE,Xerjoff,La Capitale,CONFIRMED,FOUND,55782,https://www.fragrantica.com/perfume/Xerjoff/La-Capitale-55782.html,https://fimgs.net/mdimg/perfume-social-cards/en-p_c_55782.jpeg,fragrantica-scraper-archive/social-cards/images/2351_1624-XER_55782.jpeg,DOWNLOADED,103228,9bde691dda19b945bfb68a14d1c894c8d25deae6a2bf265ad3503e13ec55be3a,
2350,1626-BON,NEW HAARLEM - BOND,Bond No 9,New Haarlem,CONFIRMED,FOUND,3258,https://www.fragrantica.com/perfume/Bond-No-9/New-Haarlem-3258.html,https://fimgs.net/mdimg/perfume-social-cards/en-p_c_3258.jpeg,fragrantica-scraper-archive/social-cards/images/2350_1626-BON_3258.jpeg,DOWNLOADED,113362,2d2ddef722f8f21b112958d77a53f3893dd383e9c468e125327f03dd4f83e395,
2349,1635-XER,LIRA,Xerjoff,Lira,CONFIRMED,FOUND,11801,https://www.fragrantica.com/perfume/Xerjoff/Lira-11801.html,https://fimgs.net/mdimg/perfume-social-cards/en-p_c_11801.jpeg,fragrantica-scraper-archive/social-cards/images/2349_1635-XER_11801.jpeg,DOWNLOADED,105454,962edecd1ea5f8f54c3fd29938bc7cc04d6975345b4aa2d80d91ec0d636d8c17,
2348,1627-CLIV,,Clive Christian,VANILLA ORCHID XXI ART DECO - CLIVE CHRISTIAN,CONFIRMED,FOUND,50752,https://www.fragrantica.com/perfume/Clive-Christian/XXI-Art-Deco-Vanilla-Orchid-50752.html,https://fimgs.net/mdimg/perfume-social-cards/en-p_c_50752.jpeg,fragrantica-scraper-archive/social-cards/images/2348_1627-CLIV_50752.jpeg,DOWNLOADED,101321,254f60373a06b4456f128632fb051574a265b2b330b9c057bd38076c3600d302,
2347,1621-NAS,,Nasomatto,Fantomas,CONFIRMED,FOUND,62775,https://www.fragrantica.com/perfume/Nasomatto/Fantomas-62775.html,https://fimgs.net/mdimg/perfume-social-cards/en-p_c_62775.jpeg,fragrantica-scraper-archive/social-cards/images/2347_1621-NAS_62775.jpeg,DOWNLOADED,95659,0b082f48d460961451119358508533a583f1c3bbed208046d0f5cba305b6c05d,
2346,1623-ARM,AMBRE ECCENTRICO,Giorgio Armani,Ambre Eccentrico,CONFIRMED,FOUND,31209,https://www.fragrantica.com/perfume/Giorgio-Armani/Ambre-Eccentrico-31209.html,https://fimgs.net/mdimg/perfume-social-cards/en-p_c_31209.jpeg,fragrantica-scraper-archive/social-cards/images/2346_1623-ARM_31209.jpeg,DOWNLOADED,108441,20b7ab8915334e34ca4f16d40d10112ec8e220b5988b24e83b2e5eb76926e4a2,
2343,1620-GUR,SPIRITUESE DOUBLE VANILLA,Guerlain,Spiritueuse Double Vanille,CONFIRMED,FOUND,3345,https://www.fragrantica.com/perfume/Guerlain/Spiritueuse-Double-Vanille-3345.html,https://fimgs.net/mdimg/perfume-social-cards/en-p_c_3345.jpeg,fragrantica-scraper-archive/social-cards/images/2343_1620-GUR_3345.jpeg,DOWNLOADED,114845,527fbda9ec3e149cad55b4e6a3b094d22bbf6b77cc1888c4c489bc7ef202b507,
2341,1630-GUL,SCANDAL POUR HOMME,Jean Paul Gaultier,Scandal Pour Homme,CONFIRMED,FOUND,68074,https://www.fragrantica.com/perfume/Jean-Paul-Gaultier/Scandal-Pour-Homme-68074.html,https://fimgs.net/mdimg/perfume-social-cards/en-p_c_68074.jpeg,fragrantica-scraper-archive/social-cards/images/2341_1630-GUL_68074.jpeg,DOWNLOADED,115260,d3744474caa0f1c774e2b04ad232db31190f3a7aa0f07accb8c415ddc94cd413,
2340,1634-BRB,HERO,Burberry,Hero,CONFIRMED,FOUND,68627,https://www.fragrantica.com/perfume/Burberry/Hero-68627.html,https://fimgs.net/mdimg/perfume-social-cards/en-p_c_68627.jpeg,fragrantica-scraper-archive/social-cards/images/2340_1634-BRB_68627.jpeg,DOWNLOADED,95391,8acdd9f351b8c3197b85faba38b8ddc1bc80bf60cac933cffdec38d2ff2e2a8b,
2339,1632-PAC,PHANTOM,Rabanne,Phantom,CONFIRMED,FOUND,68226,https://www.fragrantica.com/perfume/Rabanne/Phantom-68226.html,https://fimgs.net/mdimg/perfume-social-cards/en-p_c_68226.jpeg,fragrantica-scraper-archive/social-cards/images/2339_1632-PAC_68226.jpeg,DOWNLOADED,101430,3c6f781bdf128f2510e3a3e768edbfc031b24b08b2ec751c240b31a3bad9deed,
2338,1633-PAC,INVICTUS VICTORY,Rabanne,Invictus Victory,CONFIRMED,FOUND,65177,https://www.fragrantica.com/perfume/Rabanne/Invictus-Victory-65177.html,https://fimgs.net/mdimg/perfume-social-cards/en-p_c_65177.jpeg,fragrantica-scraper-archive/social-cards/images/2338_1633-PAC_65177.jpeg,DOWNLOADED,112750,c5fcbc2849b161a0798bebf8fa7532534355dc5ac2a4d43568044c1b07c038d1,
2337,1619-NISH,HUNDRED SILENT WAYS - NISHANE,Nishane,Hundred Silent Ways,CONFIRMED,FOUND,37602,https://www.fragrantica.com/perfume/Nishane/Hundred-Silent-Ways-37602.html,https://fimgs.net/mdimg/perfume-social-cards/en-p_c_37602.jpeg,fragrantica-scraper-archive/social-cards/images/2337_1619-NISH_37602.jpeg,DOWNLOADED,106045,eb5e41a7a139c9011281a17230c4afd1d0be564010f043e5290683d11964ae46,
2336,1618-NISH,ANI - NISHANE,Nishane,Ani,CONFIRMED,FOUND,54785,https://www.fragrantica.com/perfume/Nishane/Ani-54785.html,https://fimgs.net/mdimg/perfume-social-cards/en-p_c_54785.jpeg,fragrantica-scraper-archive/social-cards/images/2336_1618-NISH_54785.jpeg,DOWNLOADED,106847,bc182f3272c18825a806a607210d10f03132e853bb2e6deb59c96d2ca1329a07,
2334,,,Al Haramain Perfumes,Wardia,CONFIRMED,FOUND,19945,https://www.fragrantica.com/perfume/Al-Haramain-Perfumes/Wardia-19945.html,https://fimgs.net/mdimg/perfume-social-cards/en-p_c_19945.jpeg,fragrantica-scraper-archive/social-cards/images/2334_unknown_19945.jpeg,DOWNLOADED,101297,b1405d4b0962ad0e200a2d080fd0825e3cce000d3f07e8536eda8e0f8cee9cf2,
2333,1617-MNT,VANILLA EXTASY - MONTALE,Montale,Vanilla Extasy,CONFIRMED,FOUND,4059,https://www.fragrantica.com/perfume/Montale/Vanilla-Extasy-4059.html,https://fimgs.net/mdimg/perfume-social-cards/en-p_c_4059.jpeg,fragrantica-scraper-archive/social-cards/images/2333_1617-MNT_4059.jpeg,DOWNLOADED,102661,26bd973685061521a2a98b8902601c1382e1f6405c8c2c93cb9b56f061444939,
2331,1550-YAN,,Yankee Candle,HOME SWEET HOME - YANKEE,CONFIRMED,UNRESOLVED,,,,,NO_CONFIRMED_ID,,,
2329,100-AMG,JUBILATION XXV MAN,Amouage,Jubilation XXV Man,CONFIRMED,FOUND,2366,https://www.fragrantica.com/perfume/Amouage/Jubilation-XXV-Man-2366.html,https://fimgs.net/mdimg/perfume-social-cards/en-p_c_2366.jpeg,fragrantica-scraper-archive/social-cards/images/2329_100-AMG_2366.jpeg,DOWNLOADED,114674,4e635041826e351d3dda4871084b72258b0d622f8f9cb96b7a0a8057f8715b51,
2328,1614-FRE,the notes of DAWN,Frederic Malle,Dawn,CONFIRMED,FOUND,52195,https://www.fragrantica.com/perfume/Frederic-Malle/Dawn-52195.html,https://fimgs.net/mdimg/perfume-social-cards/en-p_c_52195.jpeg,fragrantica-scraper-archive/social-cards/images/2328_1614-FRE_52195.jpeg,DOWNLOADED,107337,168e9df7ae4d9b4cdade7e62719a1f7f8e95108f92cc2726671e1e93336e3d3a,
2327,1615-FRE,the notes of PROMISE,Frederic Malle,Promise,CONFIRMED,FOUND,47332,https://www.fragrantica.com/perfume/Frederic-Malle/Promise-47332.html,https://fimgs.net/mdimg/perfume-social-cards/en-p_c_47332.jpeg,fragrantica-scraper-archive/social-cards/images/2327_1615-FRE_47332.jpeg,DOWNLOADED,107099,56a26ae5b58aae124fa4adef432a8f99ba16e4b096bc44228fce828084f57602,
2326,323-NAS,,Nasomatto,Duro,CONFIRMED,FOUND,4291,https://www.fragrantica.com/perfume/Nasomatto/Duro-4291.html,https://fimgs.net/mdimg/perfume-social-cards/en-p_c_4291.jpeg,fragrantica-scraper-archive/social-cards/images/2326_323-NAS_4291.jpeg,DOWNLOADED,90948,e50e64c714feaba2e158d99a10f2f66b01edae098d02ebc1dc26e1dbbfca0917,
2325,1612-LTN,the fragrance notes,Louis Vuitton,Turbulences,CONFIRMED,FOUND,40499,https://www.fragrantica.com/perfume/Louis-Vuitton/Turbulences-40499.html,https://fimgs.net/mdimg/perfume-social-cards/en-p_c_40499.jpeg,fragrantica-scraper-archive/social-cards/images/2325_1612-LTN_40499.jpeg,DOWNLOADED,99769,2be67b54a96852c77adaba0dcc0f9dd5d053116b14d850201e9785f6379a3b24,
2324,1613-FRE,the notes of THE NIGHT,Frederic Malle,The Night,CONFIRMED,FOUND,28407,https://www.fragrantica.com/perfume/Frederic-Malle/The-Night-28407.html,https://fimgs.net/mdimg/perfume-social-cards/en-p_c_28407.jpeg,fragrantica-scraper-archive/social-cards/images/2324_1613-FRE_28407.jpeg,DOWNLOADED,106733,7d13b55fb953d32be81606d9acdeade1321cb478a909f0d5ad7e898f65fdf948,
2323,1558-TMFO,TUBEREUSE NUE,Tom Ford,Tubereuse Nue,CONFIRMED,FOUND,64698,https://www.fragrantica.com/perfume/Tom-Ford/Tubereuse-Nue-64698.html,https://fimgs.net/mdimg/perfume-social-cards/en-p_c_64698.jpeg,fragrantica-scraper-archive/social-cards/images/2323_1558-TMFO_64698.jpeg,DOWNLOADED,94295,711ceae890da85beab9983db0e693ef2e77aa527b6c650ccf1585fb0082de3d3,
2322,1559-VICT,ANGEL GOLD - VICTORIA'S SECRET,Victoria s Secret,Angel Gold,CONFIRMED,FOUND,32693,https://www.fragrantica.com/perfume/Victoria-s-Secret/Angel-Gold-32693.html,https://fimgs.net/mdimg/perfume-social-cards/en-p_c_32693.jpeg,fragrantica-scraper-archive/social-cards/images/2322_1559-VICT_32693.jpeg,DOWNLOADED,105868,ae198a7e58d39c6368d3bcde9b1f4c3174243bc947eacfc74971e8054a93c9ec,
2321,1556-CHA,COROMANDEL PARFUM,Chanel,Coromandel Parfum,CONFIRMED,FOUND,56712,https://www.fragrantica.com/perfume/Chanel/Coromandel-Parfum-56712.html,https://fimgs.net/mdimg/perfume-social-cards/en-p_c_56712.jpeg,fragrantica-scraper-archive/social-cards/images/2321_1556-CHA_56712.jpeg,DOWNLOADED,117861,87703175daf604655cf81b748483a52bac0ea417ad205dd132d4ebb6f51b4aef,
2320,1557-FRE,the notes of ROSE & CUIR,Frederic Malle,Rose & Cuir,CONFIRMED,FOUND,56516,https://www.fragrantica.com/p/56516,https://fimgs.net/mdimg/perfume-social-cards/en-p_c_56516.jpeg,fragrantica-scraper-archive/social-cards/images/2320_1557-FRE_56516.jpeg,DOWNLOADED,111002,b816459fbd31fa526a85d5f39d4451a0f1d21e805e4d2d063c52a7f01c8669f6,
2319,1555-GUR,SHALIMAR PHILTRE DE PARFUM - GUERLAIN,Guerlain,Shalimar Philtre de Parfum,CONFIRMED,FOUND,62811,https://www.fragrantica.com/perfume/Guerlain/Shalimar-Philtre-de-Parfum-62811.html,https://fimgs.net/mdimg/perfume-social-cards/en-p_c_62811.jpeg,fragrantica-scraper-archive/social-cards/images/2319_1555-GUR_62811.jpeg,DOWNLOADED,106434,3a52b4e07b3e4fc10802ba29df67426c14ab5e4b49515768c08abe115a0b1867,
2318,1554-VICT,BOMBSHELL GOLD - VICTORIA'S SECRET,Victoria s Secret,Bombshell Gold,CONFIRMED,FOUND,63685,https://www.fragrantica.com/perfume/Victoria-s-Secret/Bombshell-Gold-63685.html,https://fimgs.net/mdimg/perfume-social-cards/en-p_c_63685.jpeg,fragrantica-scraper-archive/social-cards/images/2318_1554-VICT_63685.jpeg,DOWNLOADED,104874,5c7a4a0817535f1154a85d3dc1f1012a1cbf9a6f7dbc9c62697bb0652a4e4c15,
2317,1551-VICT,TEASE DREAMER - VICTORIA'S SECRET,Victoria s Secret,Tease-dreamer-eau-de-,CONFIRMED,FOUND,54073,https://www.fragrantica.com/perfume/Victoria-s-Secret/Tease-Dreamer-54073.html,https://fimgs.net/mdimg/perfume-social-cards/en-p_c_54073.jpeg,fragrantica-scraper-archive/social-cards/images/2317_1551-VICT_54073.jpeg,DOWNLOADED,103681,f3482cfd5daa0617450061aed90b68e6703abab85fc332558af2558468a1bc3f,
2316,1552-VER,YELLOW DIAMOND,Versace,Yellow Diamond,CONFIRMED,FOUND,13064,https://www.fragrantica.com/perfume/Versace/Yellow-Diamond-13064.html,https://fimgs.net/mdimg/perfume-social-cards/en-p_c_13064.jpeg,fragrantica-scraper-archive/social-cards/images/2316_1552-VER_13064.jpeg,DOWNLOADED,108524,304278cdc9b1235af1591c748c59d5cd4a8c014d853f58433c09b7c0a6ff07c8,
2315,1553-MNT,ARABIANS TONKA - MONTALE,Montale,Arabians Tonka,CONFIRMED,FOUND,57384,https://www.fragrantica.com/perfume/Montale/Arabians-Tonka-57384.html,https://fimgs.net/mdimg/perfume-social-cards/en-p_c_57384.jpeg,fragrantica-scraper-archive/social-cards/images/2315_1553-MNT_57384.jpeg,DOWNLOADED,108539,b29d0c90beaa0e20021907ca7849f0dc6c7439a8c23d4767f182243e5300e6a8,
2312,1476-NRO,MUSC NOIR FOR HER - NARCISO RODRIGUEZ,Narciso Rodriguez,Musc Noir For Her,CONFIRMED,FOUND,64730,https://www.fragrantica.com/perfume/Narciso-Rodriguez/Musc-Noir-For-Her-64730.html,https://fimgs.net/mdimg/perfume-social-cards/en-p_c_64730.jpeg,fragrantica-scraper-archive/social-cards/images/2312_1476-NRO_64730.jpeg,DOWNLOADED,94788,2aa2adbde7b70a3428ff607a6e5dd1208a9cb77d8712a6703972ce32babbc694,
2311,1477-HER,H24 - HERMES,Hermes,H24,CONFIRMED,FOUND,65147,https://www.fragrantica.com/perfume/Hermes/H24-65147.html,https://fimgs.net/mdimg/perfume-social-cards/en-p_c_65147.jpeg,fragrantica-scraper-archive/social-cards/images/2311_1477-HER_65147.jpeg,DOWNLOADED,93911,cf5600b6b1fd81cf8526de29af38232761cb546bf3a9f8ca288e05c9ea285e34,
2310,1537-CHA,LE LION,Chanel,Le Lion Eau de Parfum,CONFIRMED,FOUND,61036,https://www.fragrantica.com/perfume/Chanel/Le-Lion-Eau-de-Parfum-61036.html,https://fimgs.net/mdimg/perfume-social-cards/en-p_c_61036.jpeg,fragrantica-scraper-archive/social-cards/images/2310_1537-CHA_61036.jpeg,DOWNLOADED,97882,ab527780b7b4e5742eab8115a4b89a9ab78630b0971cef2eae4ff6f82373f23d,
2309,1539-ORT,,Orto Parisi,Terroni,CONFIRMED,FOUND,45475,https://www.fragrantica.com/perfume/Orto-Parisi/Terroni-45475.html,https://fimgs.net/mdimg/perfume-social-cards/en-p_c_45475.jpeg,fragrantica-scraper-archive/social-cards/images/2309_1539-ORT_45475.jpeg,DOWNLOADED,101133,bbf1522d08ca4f1d09fb382e778fa1cf4992f5d809d1b0e0a332ba4fb77047b3,
2308,1524-AMG,INTERLUDE WOMAN,Amouage,Interlude Woman,CONFIRMED,FOUND,15295,https://www.fragrantica.com/perfume/Amouage/Interlude-Woman-15295.html,https://fimgs.net/mdimg/perfume-social-cards/en-p_c_15295.jpeg,fragrantica-scraper-archive/social-cards/images/2308_1524-AMG_15295.jpeg,DOWNLOADED,111930,c4580d98181517c399bfbb5cb2335c3a423e7ccb1d568c043942535b8f65c871,
2307,1525-AMG,REFLECTION WOMAN,Amouage,Reflection Woman,CONFIRMED,FOUND,919,https://www.fragrantica.com/perfume/Amouage/Reflection-Woman-919.html,https://fimgs.net/mdimg/perfume-social-cards/en-p_c_919.jpeg,fragrantica-scraper-archive/social-cards/images/2307_1525-AMG_919.jpeg,DOWNLOADED,106473,efcb9c25df7197417a1606fc2ab0d601824e6e3af7be395e8aa928c62529ca0f,
2306,1514-KIL,WATER CALIGRAPHY - KILIAN,By Kilian,Water Calligraphy,CONFIRMED,FOUND,14329,https://www.fragrantica.com/perfume/By-Kilian/Water-Calligraphy-14329.html,https://fimgs.net/mdimg/perfume-social-cards/en-p_c_14329.jpeg,fragrantica-scraper-archive/social-cards/images/2306_1514-KIL_14329.jpeg,DOWNLOADED,103201,0010f7ce9c6914b105c7eac64c8e7afeaa3311a010d930a103c6db3800baa359,
2305,1498-BYR,GYPSY WATER,Byredo,Gypsy Water,CONFIRMED,FOUND,3575,https://www.fragrantica.com/perfume/Byredo/Gypsy-Water-3575.html,https://fimgs.net/mdimg/perfume-social-cards/en-p_c_3575.jpeg,fragrantica-scraper-archive/social-cards/images/2305_1498-BYR_3575.jpeg,DOWNLOADED,104975,5ffe27eee7763f4bab4cf252647511e6572df1995f1df523715fb9b5a4072ffe,
2304,1512-KIL,IN THE CITY OF SIN - KILIAN,By Kilian,In the City of Sin,CONFIRMED,FOUND,15926,https://www.fragrantica.com/perfume/By-Kilian/In-the-City-of-Sin-15926.html,https://fimgs.net/mdimg/perfume-social-cards/en-p_c_15926.jpeg,fragrantica-scraper-archive/social-cards/images/2304_1512-KIL_15926.jpeg,DOWNLOADED,106907,014fe7b654d9ce627fdec3d5543c1cdd8c84704c30d4a85c6b321a083858e79d,
2303,1497-BYR,CASABLANCA LILY,Byredo,Casablanca Lily,CONFIRMED,FOUND,32777,https://www.fragrantica.com/perfume/Byredo/Casablanca-Lily-32777.html,https://fimgs.net/mdimg/perfume-social-cards/en-p_c_32777.jpeg,fragrantica-scraper-archive/social-cards/images/2303_1497-BYR_32777.jpeg,DOWNLOADED,99657,52db87b4a94f7e71db4832fcd19de0d82973dd0d4d8781c5966d91be9f69a8ef,
2302,1511-KIL,FORBIDDEN GAMES - KILIAN,By Kilian,Forbidden Games,CONFIRMED,FOUND,15925,https://www.fragrantica.com/perfume/By-Kilian/Forbidden-Games-15925.html,https://fimgs.net/mdimg/perfume-social-cards/en-p_c_15925.jpeg,fragrantica-scraper-archive/social-cards/images/2302_1511-KIL_15925.jpeg,DOWNLOADED,100725,7c8232e5d5591e3fd688b19d9bb0a1bad5b1246b1ed3ecae6f46cf230ce29700,
2300,1510-KIL,BAMBOO HARMONY - KILIAN,By Kilian,Bamboo Harmony,CONFIRMED,FOUND,14330,https://www.fragrantica.com/perfume/By-Kilian/Bamboo-Harmony-14330.html,https://fimgs.net/mdimg/perfume-social-cards/en-p_c_14330.jpeg,fragrantica-scraper-archive/social-cards/images/2300_1510-KIL_14330.jpeg,DOWNLOADED,105065,0aa108ac0084ec6555f3968a23b556695e42228e27aa2ea6c1088c0643f02fc6,
2299,1499-BYR,MOJAVE GHOST,Byredo,Mojave Ghost,CONFIRMED,FOUND,27040,https://www.fragrantica.com/perfume/Byredo/Mojave-Ghost-27040.html,https://fimgs.net/mdimg/perfume-social-cards/en-p_c_27040.jpeg,fragrantica-scraper-archive/social-cards/images/2299_1499-BYR_27040.jpeg,DOWNLOADED,105746,de35538cf97c1dddfd615dbe4cf349361bae2354f8f964cff12e1817e3b3dffd,
2298,1547-TMFO,SANTAL BLUSH,Tom Ford,Santal Blush,CONFIRMED,FOUND,12766,https://www.fragrantica.com/perfume/Tom-Ford/Santal-Blush-12766.html,https://fimgs.net/mdimg/perfume-social-cards/en-p_c_12766.jpeg,fragrantica-scraper-archive/social-cards/images/2298_1547-TMFO_12766.jpeg,DOWNLOADED,103687,004d609ab0c50221c30664503074265ecbcd04c87c5cb34b76403896ccb47dbf,
2296,1535-BOA,BLUE SAPPHIRE,Boadicea the Victorious,Blue Sapphire,CONFIRMED,FOUND,18518,https://www.fragrantica.com/p/18518,https://fimgs.net/mdimg/perfume-social-cards/en-p_c_18518.jpeg,fragrantica-scraper-archive/social-cards/images/2296_1535-BOA_18518.jpeg,DOWNLOADED,115252,fdc7bae27796e7e5a75a5e03100e1f3029f91669b9b28b003de6b62482842bde,
2295,1536-BOA,HEROINE for women,Boadicea the Victorious,Heroine,CONFIRMED,FOUND,55770,https://www.fragrantica.com/p/55770,https://fimgs.net/mdimg/perfume-social-cards/en-p_c_55770.jpeg,fragrantica-scraper-archive/social-cards/images/2295_1536-BOA_55770.jpeg,DOWNLOADED,109684,14d7e6e27e59a70e5c267fb9d85db363beaf0d11520bcab43f5d56329786769d,
2294,1538-FRE,the notes of THE MOON,Frederic Malle,The Moon,CONFIRMED,FOUND,56095,https://www.fragrantica.com/perfume/Frederic-Malle/The-Moon-56095.html,https://fimgs.net/mdimg/perfume-social-cards/en-p_c_56095.jpeg,fragrantica-scraper-archive/social-cards/images/2294_1538-FRE_56095.jpeg,DOWNLOADED,107748,f2818bdc955b0071bf51e7c3777ba2ef4d559f0ab7e235c22ec0fdecc108a66d,
2287,1484-VAL,UOMO BORN IN ROMA - VALENTINO,Valentino,Valentino Uomo Born in Roma,CONFIRMED,FOUND,55963,https://www.fragrantica.com/perfume/Valentino/Valentino-Uomo-Born-in-Roma-55963.html,https://fimgs.net/mdimg/perfume-social-cards/en-p_c_55963.jpeg,fragrantica-scraper-archive/social-cards/images/2287_1484-VAL_55963.jpeg,DOWNLOADED,118747,472f3f6e42f521f826c550bf513eece04d534b77f893019c8cf2d74555d9c42f,
2286,1487-PAC,BLACK XS L'APHRODISIAQUE for men,Rabanne,Black XS L Aphrodisiaque for Men,CONFIRMED,FOUND,18899,https://www.fragrantica.com/perfume/Rabanne/Black-XS-L-Aphrodisiaque-for-Men-18899.html,https://fimgs.net/mdimg/perfume-social-cards/en-p_c_18899.jpeg,fragrantica-scraper-archive/social-cards/images/2286_1487-PAC_18899.jpeg,DOWNLOADED,111921,1d13d9691ed64accd6db39fc0945d453ebae7fbedadca11c5c270cc6de4f1529,
2285,1488-LBI,,Laura Biagiotti,Roma Uomo,CONFIRMED,FOUND,629,https://www.fragrantica.com/p/629,https://fimgs.net/mdimg/perfume-social-cards/en-p_c_629.jpeg,fragrantica-scraper-archive/social-cards/images/2285_1488-LBI_629.jpeg,DOWNLOADED,103777,9f8fdb360d0708fdf33bd527484aa6bc77ef2b832277eda75fbf9a8f33e60f57,
2284,1480-ARM,STRONGER WITH YOU ABSOLUTELY,Giorgio Armani,Emporio Armani Stronger With You Absolutely,CONFIRMED,FOUND,64501,https://www.fragrantica.com/perfume/Giorgio-Armani/Emporio-Armani-Stronger-With-You-Absolutely-64501.html,https://fimgs.net/mdimg/perfume-social-cards/en-p_c_64501.jpeg,fragrantica-scraper-archive/social-cards/images/2284_1480-ARM_64501.jpeg,DOWNLOADED,114124,c91ea4694544527bc87a2efeb404e31f172f04c9ba83a76c509a3272e10f8685,
2283,1483-DSQ,,,,CONFIRMED,FOUND,12937,https://www.fragrantica.com/perfume/DSQUARED2/Potion-12937.html,https://fimgs.net/mdimg/perfume-social-cards/en-p_c_12937.jpeg,fragrantica-scraper-archive/social-cards/images/2283_1483-DSQ_12937.jpeg,DOWNLOADED,110461,3ce4dbbffc1b4e3a6bff268136215633e55541f59c7b3b3e18c5edbaabdbc9d1,
2282,1490-DRC,HOMME 2020,Dior,Dior Homme 2020,CONFIRMED,FOUND,58714,https://www.fragrantica.com/perfume/Dior/Dior-Homme-2020-58714.html,https://fimgs.net/mdimg/perfume-social-cards/en-p_c_58714.jpeg,fragrantica-scraper-archive/social-cards/images/2282_1490-DRC_58714.jpeg,DOWNLOADED,103043,23a9ddcc56ff4695bdb047224e1e05730ae59ffe03c391a8585c7b6ac4cb5866,
2281,1478-HUG,BOSS BOTTLED EAU DE PARFUM - BOSS,Hugo Boss,Boss Bottled Eau de Parfum,CONFIRMED,FOUND,62744,https://www.fragrantica.com/perfume/Hugo-Boss/Boss-Bottled-Eau-de-Parfum-62744.html,https://fimgs.net/mdimg/perfume-social-cards/en-p_c_62744.jpeg,fragrantica-scraper-archive/social-cards/images/2281_1478-HUG_62744.jpeg,DOWNLOADED,108415,89a376b358014c5e6dadcac18752d419d48194c43a873bcaa28459c495676f32,
2280,1520-YZLO,LIBRE INTENSE,Yves Saint Laurent,Libre Intense,CONFIRMED,FOUND,62318,https://www.fragrantica.com/perfume/Yves-Saint-Laurent/Libre-Intense-62318.html,https://fimgs.net/mdimg/perfume-social-cards/en-p_c_62318.jpeg,fragrantica-scraper-archive/social-cards/images/2280_1520-YZLO_62318.jpeg,DOWNLOADED,99465,43d5d3d31af6690291464390110ba91394d899057a48d8d082bd1a07f610b9a1,
2279,1517-MOS,TOY 2 - MOSCHINO,Moschino,Toy 2,CONFIRMED,FOUND,51589,https://www.fragrantica.com/perfume/Moschino/Toy-2-51589.html,https://fimgs.net/mdimg/perfume-social-cards/en-p_c_51589.jpeg,fragrantica-scraper-archive/social-cards/images/2279_1517-MOS_51589.jpeg,DOWNLOADED,98791,ba929d3a1d46326fc94da4b3b8736925ef4f9fb997ede8f9fda4df597fb2b677,
2278,1515-LAN,LA NUIT TRESOR DENTELLE DE ROSES,Lancome,La Nuit Tresor Dentelle de Roses,CONFIRMED,FOUND,64639,https://www.fragrantica.com/perfume/Lancome/La-Nuit-Tresor-Dentelle-de-Roses-64639.html,https://fimgs.net/mdimg/perfume-social-cards/en-p_c_64639.jpeg,fragrantica-scraper-archive/social-cards/images/2278_1515-LAN_64639.jpeg,DOWNLOADED,118716,731d161cd6e91371199ea020d7734d490cec68be2bd4a9ea2cec5120ff9fefcf,
2277,1503-DRC,HYPNOTIC POISON EAU SECRETE,Dior,Hypnotic Poison Eau Secrete,CONFIRMED,FOUND,17218,https://www.fragrantica.com/perfume/Dior/Hypnotic-Poison-Eau-Secrete-17218.html,https://fimgs.net/mdimg/perfume-social-cards/en-p_c_17218.jpeg,fragrantica-scraper-archive/social-cards/images/2277_1503-DRC_17218.jpeg,DOWNLOADED,109335,78f90183c35f9678bac234b99dce7879ce87d12ab47abd7901987be006faeb21,
2276,1502-CHA,the fragrance COCON MADEM L'EAU PRIVEE,Chanel,Coco Mademoiselle L'Eau Privee,CONFIRMED,FOUND,62194,https://www.fragrantica.com/p/62194,https://fimgs.net/mdimg/perfume-social-cards/en-p_c_62194.jpeg,fragrantica-scraper-archive/social-cards/images/2276_1502-CHA_62194.jpeg,DOWNLOADED,101311,877def06a26724e610a7d6e6263051775988b4ecfc3675e7bc266ae877488da9,
2275,1495-BRB,Her London Dream,Burberry,Burberry Her London Dream,CONFIRMED,FOUND,60795,https://www.fragrantica.com/perfume/Burberry/Burberry-Her-London-Dream-60795.html,https://fimgs.net/mdimg/perfume-social-cards/en-p_c_60795.jpeg,fragrantica-scraper-archive/social-cards/images/2275_1495-BRB_60795.jpeg,DOWNLOADED,103095,d117eb455ebd7f4454f2f3d00ec73563c2ba2ee7903ebf3874d29916dcfa7701,
2274,1522-ZAD,THIS IS US! - ZADIG & VOLTAIRE TYPE PERFUMEAmber Woody fragrance for women and men,Zadig & Voltaire,This Is Us!,CONFIRMED,FOUND,64313,https://www.fragrantica.com/p/64313,https://fimgs.net/mdimg/perfume-social-cards/en-p_c_64313.jpeg,fragrantica-scraper-archive/social-cards/images/2274_1522-ZAD_64313.jpeg,DOWNLOADED,102736,7afc2e46079b8b94ee1c601d195669aa6f0fb853ebb3aa0d0ddf950480e4eb36,
2271,,,Al Haramain,Mukhallath Al Emirates Perfume Oil,CONFIRMED,UNRESOLVED,,,,,NO_CONFIRMED_ID,,,
2270,1479-HER,L'OMBRE DES MERVEILLES - HERMES,Hermes,L Ombre Des Merveilles,CONFIRMED,FOUND,59799,https://www.fragrantica.com/perfume/Hermes/L-Ombre-Des-Merveilles-59799.html,https://fimgs.net/mdimg/perfume-social-cards/en-p_c_59799.jpeg,fragrantica-scraper-archive/social-cards/images/2270_1479-HER_59799.jpeg,DOWNLOADED,110123,3aca56f4de472184b70637149c8aac586d96ba70ab843a91ab5637253100399b,
2269,1528-KUR,BACCARAT ROUGE 540 EXTRAIT,Maison Francis Kurkdjian,Baccarat Rouge 540 Extrait de Parfum,CONFIRMED,FOUND,46066,https://www.fragrantica.com/p/46066,https://fimgs.net/mdimg/perfume-social-cards/en-p_c_46066.jpeg,fragrantica-scraper-archive/social-cards/images/2269_1528-KUR_46066.jpeg,DOWNLOADED,116852,b37685d1a8bdd2de861f3a867baaf6b02914a1522a1878b542908f696956e214,
2267,1507-HUG,ALIVE EAU DE PARFUM - BOSS,Hugo Boss,Boss Alive Eau de Parfum,CONFIRMED,FOUND,59228,https://www.fragrantica.com/perfume/Hugo-Boss/Boss-Alive-Eau-de-Parfum-59228.html,https://fimgs.net/mdimg/perfume-social-cards/en-p_c_59228.jpeg,fragrantica-scraper-archive/social-cards/images/2267_1507-HUG_59228.jpeg,DOWNLOADED,107535,34a47c444aa3fb461ea6cb945a704a96f08e44cff16f47076d9ec217b49d04e3,
2266,1508-KIL,ANGELS SHARE - KILIAN,By Kilian,Angels Share,CONFIRMED,FOUND,62615,https://www.fragrantica.com/perfume/By-Kilian/Angels-Share-62615.html,https://fimgs.net/mdimg/perfume-social-cards/en-p_c_62615.jpeg,fragrantica-scraper-archive/social-cards/images/2266_1508-KIL_62615.jpeg,DOWNLOADED,131735,96cb3bf070ede5fadc94260c63d3d23a39d54176f1b5e9fc6a431871742763a2,
2254,1533-SERG,AMBRE SULTAN - SERGE LUTENS,Serge Lutens,Ambre Sultan,CONFIRMED,FOUND,2760,https://www.fragrantica.com/perfume/Serge-Lutens/Ambre-Sultan-2760.html,https://fimgs.net/mdimg/perfume-social-cards/en-p_c_2760.jpeg,fragrantica-scraper-archive/social-cards/images/2254_1533-SERG_2760.jpeg,DOWNLOADED,102201,10aec9585cfdab69b23139ee5c043c2ebdd33474eb578cf9ed858d509bc51e4e,
2252,1530-INI,DIVINE ATTRACTION - INITIO PARFUMS (U) PERFUME,Initio Parfums Prives,Divine Attraction,CONFIRMED,FOUND,30993,https://www.fragrantica.com/perfume/Initio-Parfums-Prives/Divine-Attraction-30993.html,https://fimgs.net/mdimg/perfume-social-cards/en-p_c_30993.jpeg,fragrantica-scraper-archive/social-cards/images/2252_1530-INI_30993.jpeg,DOWNLOADED,92259,d27e9356112cd8194ce9fb0251abd35082e523ef8e95837ec5e3735a83ce0c2a,
2251,1516-LAN,LA NUIT TRESOR NUDE,Lancome,La Nuit Tresor Nude,CONFIRMED,FOUND,58825,https://www.fragrantica.com/perfume/Lancome/La-Nuit-Tresor-Nude-58825.html,https://fimgs.net/mdimg/perfume-social-cards/en-p_c_58825.jpeg,fragrantica-scraper-archive/social-cards/images/2251_1516-LAN_58825.jpeg,DOWNLOADED,96904,f84176185bbcc094709ecfdbb95085fd7f6351be981cf11fc9ccd174c2f76baa,
2250,1531-PARF,KALAN - PARFUMS DE MARLY,Parfums de Marly,Kalan,CONFIRMED,FOUND,56036,https://www.fragrantica.com/perfume/Parfums-de-Marly/Kalan-56036.html,https://fimgs.net/mdimg/perfume-social-cards/en-p_c_56036.jpeg,fragrantica-scraper-archive/social-cards/images/2250_1531-PARF_56036.jpeg,DOWNLOADED,109845,812f0257171304e2dee6c60a908d45d9954b32204fd606134c24696fc56da998,
2249,1500-BYR,TOBACCO MANDARIN,Byredo,Tobacco Mandarin,CONFIRMED,FOUND,63031,https://www.fragrantica.com/perfume/Byredo/Tobacco-Mandarin-63031.html,https://fimgs.net/mdimg/perfume-social-cards/en-p_c_63031.jpeg,fragrantica-scraper-archive/social-cards/images/2249_1500-BYR_63031.jpeg,DOWNLOADED,116801,72aa73c984358b130c2653f1c6e3b86d8662f7b75b57178f77f1bb9673aa1467,
2248,1521-ZAD,GIRLS CAN BE CRAZY - ZADIG & VOLTAIRE,Zadig & Voltaire,Girls Can Be Crazy,CONFIRMED,FOUND,60794,https://www.fragrantica.com/p/60794,https://fimgs.net/mdimg/perfume-social-cards/en-p_c_60794.jpeg,fragrantica-scraper-archive/social-cards/images/2248_1521-ZAD_60794.jpeg,DOWNLOADED,116532,814df240b12b8bc8b4da4e0f85de2e5b0e1b06cff55fa601ffc222ff4ba4e3bd,
2247,1529-BDIK,ROUGE SMOKING - BDK,BDK Parfums,Rouge Smoking,CONFIRMED,FOUND,51468,https://www.fragrantica.com/perfume/BDK-Parfums/Rouge-Smoking-51468.html,https://fimgs.net/mdimg/perfume-social-cards/en-p_c_51468.jpeg,fragrantica-scraper-archive/social-cards/images/2247_1529-BDIK_51468.jpeg,DOWNLOADED,105305,1c54679774f3c9ca35a7a91abbd83b2573184f1dc1e05fbc7b7dec9d2fc6591e,
2246,1519-YZLO,CAPELINE,Yves Saint Laurent,Capeline,CONFIRMED,FOUND,60081,https://www.fragrantica.com/perfume/Yves-Saint-Laurent/Capeline-60081.html,https://fimgs.net/mdimg/perfume-social-cards/en-p_c_60081.jpeg,fragrantica-scraper-archive/social-cards/images/2246_1519-YZLO_60081.jpeg,DOWNLOADED,94358,d470120b73bc1d44f35805cd2a36797f7580e038569a464fe15eac21873738bd,
2245,1546-TMFO,BITTER PEACH,Tom Ford,Bitter Peach,CONFIRMED,FOUND,62707,https://www.fragrantica.com/perfume/Tom-Ford/Bitter-Peach-62707.html,https://fimgs.net/mdimg/perfume-social-cards/en-p_c_62707.jpeg,fragrantica-scraper-archive/social-cards/images/2245_1546-TMFO_62707.jpeg,DOWNLOADED,103702,b6afc44665be88191c694607b4bb17c8a30e81f7ef66b9c8c0e4bb15bc275772,
2244,1548-TMFO,SOLEIL NIEGE,Tom Ford,Soleil Neige,CONFIRMED,FOUND,56737,https://www.fragrantica.com/perfume/Tom-Ford/Soleil-Neige-56737.html,https://fimgs.net/mdimg/perfume-social-cards/en-p_c_56737.jpeg,fragrantica-scraper-archive/social-cards/images/2244_1548-TMFO_56737.jpeg,DOWNLOADED,95976,4b7d70a4e0f2e40b0d1be6a044c7df87ebb9cff20c48d2df045597a7c3683738,
2243,1545-MNT,INTENSE TIARE - MONTALE,Montale,Intense Tiare,CONFIRMED,FOUND,3763,https://www.fragrantica.com/perfume/Montale/Intense-Tiare-3763.html,https://fimgs.net/mdimg/perfume-social-cards/en-p_c_3763.jpeg,fragrantica-scraper-archive/social-cards/images/2243_1545-MNT_3763.jpeg,DOWNLOADED,100566,d033b24e3613580d5252db435eedd56ff68948c77cdb6a912d59dcfdedef82d6,
2242,1513-KIL,PRINCESS - KILIAN PERFUME,By Kilian,Princess,CONFIRMED,FOUND,90174,https://www.fragrantica.com/perfume/By-Kilian/Princess-90174.html,https://fimgs.net/mdimg/perfume-social-cards/en-p_c_90174.jpeg,fragrantica-scraper-archive/social-cards/images/2242_1513-KIL_90174.jpeg,DOWNLOADED,92238,f43b76d198145e760de52752fc302c9c213055711085299f66ec91ad37d8afac,
2241,1549-TMFO,VENETIAN BERGAMOT,Tom Ford,Venetian Bergamot,CONFIRMED,FOUND,31696,https://www.fragrantica.com/perfume/Tom-Ford/Venetian-Bergamot-31696.html,https://fimgs.net/mdimg/perfume-social-cards/en-p_c_31696.jpeg,fragrantica-scraper-archive/social-cards/images/2241_1549-TMFO_31696.jpeg,DOWNLOADED,103219,d2a2e47edd579ac3756eb01d064a654bf8fce8564b9cc92c280e6daebc2f00c7,
2240,164-PEN,HALFETI LEATHER,Penhaligon s,Halfeti Leather,CONFIRMED,FOUND,61523,https://www.fragrantica.com/perfume/Penhaligon-s/Halfeti-Leather-61523.html,https://fimgs.net/mdimg/perfume-social-cards/en-p_c_61523.jpeg,fragrantica-scraper-archive/social-cards/images/2240_164-PEN_61523.jpeg,DOWNLOADED,107134,e4cf265159c643a9d9b32f027f4e423d2aeff0749325a2629d8f29101ff875b7,
2239,114-CRD,EROLFA,Creed,Erolfa,CONFIRMED,FOUND,4248,https://www.fragrantica.com/perfume/Creed/Erolfa-4248.html,https://fimgs.net/mdimg/perfume-social-cards/en-p_c_4248.jpeg,fragrantica-scraper-archive/social-cards/images/2239_114-CRD_4248.jpeg,DOWNLOADED,98069,b947bb8c965b21b6d31c8f91dc2ec4bef0e89fe5b6e02ab72880f7c57b4b5739,
2238,134-KUR,AMYRIS HOMME,Maison Francis Kurkdjian,Amyris Homme,CONFIRMED,FOUND,15566,https://www.fragrantica.com/perfume/Maison-Francis-Kurkdjian/Amyris-Homme-15566.html,https://fimgs.net/mdimg/perfume-social-cards/en-p_c_15566.jpeg,fragrantica-scraper-archive/social-cards/images/2238_134-KUR_15566.jpeg,DOWNLOADED,111197,740fb922e8123cb6621111cb65a7ec7d324af11c09029a72dbae3e709d6de0aa,
2237,147-NAS,,Nasomatto,Pardon,CONFIRMED,FOUND,12130,https://www.fragrantica.com/perfume/Nasomatto/Pardon-12130.html,https://fimgs.net/mdimg/perfume-social-cards/en-p_c_12130.jpeg,fragrantica-scraper-archive/social-cards/images/2237_147-NAS_12130.jpeg,DOWNLOADED,103059,71f203435407ec748d0d8460d8d0267f6a39b3e428c918d0033bbaac28a20494,
2236,176-THAM,PEREGRINA - THAMEEN,Thameen,Peregrina,CONFIRMED,FOUND,59756,https://www.fragrantica.com/p/59756,https://fimgs.net/mdimg/perfume-social-cards/en-p_c_59756.jpeg,fragrantica-scraper-archive/social-cards/images/2236_176-THAM_59756.jpeg,DOWNLOADED,104632,34615b76ab34089387ed1c5754be0d7e1728eea1393dd652f6addbba90c3c700,
2235,170-ROJ,,Roja Parfums,ENIGMA WOMAN - ROJA DOVE,CONFIRMED,FOUND,20558,https://www.fragrantica.com/perfume/Roja-Dove/Enigma-20558.html,https://fimgs.net/mdimg/perfume-social-cards/en-p_c_20558.jpeg,fragrantica-scraper-archive/social-cards/images/2235_170-ROJ_20558.jpeg,DOWNLOADED,108684,0e78dc26579ecd0ea01b97ae831b3a9ad86872fdf002181551c7703decd0b012,
2234,169-ROJ,,Roja Dove,Britannia,CONFIRMED,FOUND,38675,https://www.fragrantica.com/p/38675,https://fimgs.net/mdimg/perfume-social-cards/en-p_c_38675.jpeg,fragrantica-scraper-archive/social-cards/images/2234_169-ROJ_38675.jpeg,DOWNLOADED,109675,dcd9d33de7def086bb771083e3fa4f57b076c7c4ef2d0beb04e8a8ef0c9f8f98,
2233,161-PEN,CAIRO,Penhaligon s,Cairo,CONFIRMED,FOUND,54665,https://www.fragrantica.com/perfume/Penhaligon-s/Cairo-54665.html,https://fimgs.net/mdimg/perfume-social-cards/en-p_c_54665.jpeg,fragrantica-scraper-archive/social-cards/images/2233_161-PEN_54665.jpeg,DOWNLOADED,108206,616ac5a4c6934be52226b629236875f1a9bc78d5f2e039382a4291673b32250c,
2232,129-LEL,ROSE 31 - LE LABO,Le Labo,Rose 31,CONFIRMED,FOUND,3678,https://www.fragrantica.com/perfume/Le-Labo/Rose-31-3678.html,https://fimgs.net/mdimg/perfume-social-cards/en-p_c_3678.jpeg,fragrantica-scraper-archive/social-cards/images/2232_129-LEL_3678.jpeg,DOWNLOADED,101594,9d228b7a4b968dcc33240460f600987646d8f30739eea19064f935818b9e6087,
2231,128-LEL,BERGAMOTE 22 - LE LABO,Le Labo,Bergamote 22,CONFIRMED,FOUND,6327,https://www.fragrantica.com/perfume/Le-Labo/Bergamote-22-6327.html,https://fimgs.net/mdimg/perfume-social-cards/en-p_c_6327.jpeg,fragrantica-scraper-archive/social-cards/images/2231_128-LEL_6327.jpeg,DOWNLOADED,102347,d4c5bbc0a80b0fefbd4cb5d44479d27b11870156af62485eb47f610b56cb3944,
2230,155-PARF,LAYTON EXCLUSIF - PARFUMS DE MARLY,Parfums de Marly,Layton Exclusif,CONFIRMED,FOUND,46633,https://www.fragrantica.com/perfume/Parfums-de-Marly/Layton-Exclusif-46633.html,https://fimgs.net/mdimg/perfume-social-cards/en-p_c_46633.jpeg,fragrantica-scraper-archive/social-cards/images/2230_155-PARF_46633.jpeg,DOWNLOADED,102877,4b1f95a352dabd7da6654051f506ef683059af53ffa34007d140f1361b5d6917,
2229,151-PARF,DELINA - PARFUMS DE MARLY,Parfums de Marly,Delina,CONFIRMED,FOUND,43871,https://www.fragrantica.com/perfume/Parfums-de-Marly/Delina-43871.html,https://fimgs.net/mdimg/perfume-social-cards/en-p_c_43871.jpeg,fragrantica-scraper-archive/social-cards/images/2229_151-PARF_43871.jpeg,DOWNLOADED,96013,441a0ee9da421ba5841f635129d76d7b849bd9744b72b346b185494dbe88db23,
2228,158-PARF,PERCIVAL - PARFUMS DE MARLY,Parfums de Marly,Percival,CONFIRMED,FOUND,51037,https://www.fragrantica.com/perfume/Parfums-de-Marly/Percival-51037.html,https://fimgs.net/mdimg/perfume-social-cards/en-p_c_51037.jpeg,fragrantica-scraper-archive/social-cards/images/2228_158-PARF_51037.jpeg,DOWNLOADED,100409,c821dd95da6482fcfdaa314bbfab9047f06a794f926c2b555d88f76cfa713887,
2227,137-KUR,GRAND SOIR,Maison Francis Kurkdjian,Grand Soir,CONFIRMED,FOUND,40816,https://www.fragrantica.com/perfume/Maison-Francis-Kurkdjian/Grand-Soir-40816.html,https://fimgs.net/mdimg/perfume-social-cards/en-p_c_40816.jpeg,fragrantica-scraper-archive/social-cards/images/2227_137-KUR_40816.jpeg,DOWNLOADED,104714,0dc5f68449fd124cd8e474dfd85c4dc2940e7e177fbec343228b005c40fe712b,
2226,140-KUR,OUD SILK MOOD,Maison Francis Kurkdjian,Oud Silk Mood,CONFIRMED,FOUND,48456,https://www.fragrantica.com/perfume/Maison-Francis-Kurkdjian/Oud-Silk-Mood-48456.html,https://fimgs.net/mdimg/perfume-social-cards/en-p_c_48456.jpeg,fragrantica-scraper-archive/social-cards/images/2226_140-KUR_48456.jpeg,DOWNLOADED,109282,8cd5c85206f93abea6fdab47dbc7323407627ab7162467d745d4263327dd4e1f,
2224,121-INI,ATOMIC ROSE - INITIO PERFUME,Initio Parfums Prives,Atomic Rose,CONFIRMED,FOUND,57587,https://www.fragrantica.com/perfume/Initio-Parfums-Prives/Atomic-Rose-57587.html,https://fimgs.net/mdimg/perfume-social-cards/en-p_c_57587.jpeg,fragrantica-scraper-archive/social-cards/images/2224_121-INI_57587.jpeg,DOWNLOADED,98896,50c0a7975abbd090cc6281219a592e6c55f57e20417973aca94dc22caa64afc1,
2223,124-INI,Side Effect - Initio Parfums Prives,Initio Parfums Prives,Side Effect,CONFIRMED,FOUND,42260,https://www.fragrantica.com/perfume/Initio-Parfums-Prives/Side-Effect-42260.html,https://fimgs.net/mdimg/perfume-social-cards/en-p_c_42260.jpeg,fragrantica-scraper-archive/social-cards/images/2223_124-INI_42260.jpeg,DOWNLOADED,104380,d9594dff92e1a84f229b90922dbd19e90e132ffd205068d22e2cb49279c4ed89,
2220,461-CAC,GLORIA,Cacharel,Gloria,CONFIRMED,FOUND,246,https://www.fragrantica.com/perfume/Cacharel/Gloria-246.html,https://fimgs.net/mdimg/perfume-social-cards/en-p_c_246.jpeg,fragrantica-scraper-archive/social-cards/images/2220_461-CAC_246.jpeg,DOWNLOADED,91947,169f103df170e9c9943e83ad6b1a643686f9a67d79db545cbd706fa41ccf2a59,
2219,1261-TMU,B*MEN,Mugler,B Men,CONFIRMED,FOUND,706,https://www.fragrantica.com/perfume/Mugler/B-Men-706.html,https://fimgs.net/mdimg/perfume-social-cards/en-p_c_706.jpeg,fragrantica-scraper-archive/social-cards/images/2219_1261-TMU_706.jpeg,DOWNLOADED,103653,b8f960106cc095e51d8f9987652d0824e34d727aaa3baea53536dc14cfa91eba,
2218,826-MIS,,Missguided,Babe Power,CONFIRMED,FOUND,45063,https://www.fragrantica.com/p/45063,https://fimgs.net/mdimg/perfume-social-cards/en-p_c_45063.jpeg,fragrantica-scraper-archive/social-cards/images/2218_826-MIS_45063.jpeg,DOWNLOADED,99573,f835a136da777c6027f7bd10d9239a5ff648d58b5d915bed4ed5b65addc30c5a,
2217,1217-MONT,,Montana,Montana Homme,CONFIRMED,FOUND,2381,https://www.fragrantica.com/p/2381,https://fimgs.net/mdimg/perfume-social-cards/en-p_c_2381.jpeg,fragrantica-scraper-archive/social-cards/images/2217_1217-MONT_2381.jpeg,DOWNLOADED,107184,adc1dc72804060c2ab4b8d379647c981afe86bbb980c9894791c8b56c21f06a4,
2216,609-ESC,,Escada,Sentiment,CONFIRMED,FOUND,1179,https://www.fragrantica.com/p/1179,https://fimgs.net/mdimg/perfume-social-cards/en-p_c_1179.jpeg,fragrantica-scraper-archive/social-cards/images/2216_609-ESC_1179.jpeg,DOWNLOADED,97940,355bf1a37193c9c9438e1a3f84fc3a735db2c17c8b31b01d1936844c103d357c,
2215,1003-ACQ,COLONIA CLUB,Acqua di Parma,Colonia Club,CONFIRMED,FOUND,31424,https://www.fragrantica.com/perfume/Acqua-di-Parma/Colonia-Club-31424.html,https://fimgs.net/mdimg/perfume-social-cards/en-p_c_31424.jpeg,fragrantica-scraper-archive/social-cards/images/2215_1003-ACQ_31424.jpeg,DOWNLOADED,104642,a0accf1268ae524dd33b33c647cf295f1f6d0421bfa0ce0e2ca06cc298c099d1,
2214,125-JUL,LIQUID ILLUSION - JULIETTE HAS A GUN,Juliette Has A Gun,Liquid Illusion,CONFIRMED,FOUND,51055,https://www.fragrantica.com/p/51055,https://fimgs.net/mdimg/perfume-social-cards/en-p_c_51055.jpeg,fragrantica-scraper-archive/social-cards/images/2214_125-JUL_51055.jpeg,DOWNLOADED,101057,fc4120d3d146a6929eaf70b52e1fb55a59b19d0cc8282b1f0001b7c409845533,
2213,896-RCAV,SPLENDID VANILLA - ROBERTO CAVALLI,Roberto Cavalli,Splendid-vanilla,CONFIRMED,FOUND,58538,https://www.fragrantica.com/perfume/Roberto-Cavalli/Splendid-Vanilla-58538.html,https://fimgs.net/mdimg/perfume-social-cards/en-p_c_58538.jpeg,fragrantica-scraper-archive/social-cards/images/2213_896-RCAV_58538.jpeg,DOWNLOADED,103132,0fcd3d1e19a5018362fbc89361497afcd60b69d6bc7526220e57acc6495aa68b,
2212,919-TMU,ALIEN ESSENCE ABSOLUE,Mugler,Alien Essence Absolue,CONFIRMED,FOUND,15452,https://www.fragrantica.com/perfume/Mugler/Alien-Essence-Absolue-15452.html,https://fimgs.net/mdimg/perfume-social-cards/en-p_c_15452.jpeg,fragrantica-scraper-archive/social-cards/images/2212_919-TMU_15452.jpeg,DOWNLOADED,105086,bf539ca542995f1717036cb4f40f193b7c1d5c9c338ca2582cd21cc9a4887d50,
2211,454-BYR,SUNDAZED,Byredo,Sundazed,CONFIRMED,FOUND,54747,https://www.fragrantica.com/perfume/Byredo/Sundazed-54747.html,https://fimgs.net/mdimg/perfume-social-cards/en-p_c_54747.jpeg,fragrantica-scraper-archive/social-cards/images/2211_454-BYR_54747.jpeg,DOWNLOADED,99967,0a669c2aa98f97e51ba6519cb161cfea2d3160cb8df799f47e7385fca9539838,
2210,803-LAU,,Laura Mercier,Eau Gourmande Ambre Vanille,CONFIRMED,FOUND,18364,https://www.fragrantica.com/perfume/Laura-Mercier/Eau-Gourmande-Ambre-Vanille-18364.html,https://fimgs.net/mdimg/perfume-social-cards/en-p_c_18364.jpeg,fragrantica-scraper-archive/social-cards/images/2210_803-LAU_18364.jpeg,DOWNLOADED,103763,98c4cef793306c55d6ca921bd60b1a1866207b94404bb3180ff644ec048895bd,
2209,136-KUR,GENTLE FLUIDITY SILVER,Maison Francis Kurkdjian,Gentle Fluidity Silver,CONFIRMED,FOUND,53400,https://www.fragrantica.com/perfume/Maison-Francis-Kurkdjian/Gentle-Fluidity-Silver-53400.html,https://fimgs.net/mdimg/perfume-social-cards/en-p_c_53400.jpeg,fragrantica-scraper-archive/social-cards/images/2209_136-KUR_53400.jpeg,DOWNLOADED,114004,c1c28f80e084afea77e4d331f17ec90112cb6cc1aa3fa7e22cbb5c163fac18ed,
2208,246-JOM,Bronze Wood & Leather by Jo Malone London,Jo Malone London,Bronze Wood Leather,CONFIRMED,FOUND,52803,https://www.fragrantica.com/perfume/Jo-Malone-London/Bronze-Wood-Leather-52803.html,https://fimgs.net/mdimg/perfume-social-cards/en-p_c_52803.jpeg,fragrantica-scraper-archive/social-cards/images/2208_246-JOM_52803.jpeg,DOWNLOADED,103967,98c3c444156d8e48df74e37d022374d10d9c75dfee53a96004b2ab2b24945f1d,
2207,180-XER,CASAMORATI 1888,Fragrance World,Casamorati 1888,CONFIRMED,FOUND,104515,https://www.fragrantica.com/perfume/Fragrance-World/Casamorati-1888-104515.html,https://fimgs.net/mdimg/perfume-social-cards/en-p_c_104515.jpeg,fragrantica-scraper-archive/social-cards/images/2207_180-XER_104515.jpeg,DOWNLOADED,109724,4b455c2d2fdf7162e1389fbd16d49f88c4a5ac04e4e38f6fc755208c3a2881bc,
2206,703-HER,KELLY CALECHE - HERMES,Hermes,Kelly Caleche,CONFIRMED,FOUND,1335,https://www.fragrantica.com/perfume/Hermes/Kelly-Caleche-1335.html,https://fimgs.net/mdimg/perfume-social-cards/en-p_c_1335.jpeg,fragrantica-scraper-archive/social-cards/images/2206_703-HER_1335.jpeg,DOWNLOADED,98057,9a8e4f7937bdffe1d98e3940459a78085dfa1c945ac9733a6943391b65b6884e,
2205,126-KIL,LIGHT MY FIRE - KILIAN PERFUME,By Kilian,Light My Fire,CONFIRMED,FOUND,25992,https://www.fragrantica.com/perfume/By-Kilian/Light-My-Fire-25992.html,https://fimgs.net/mdimg/perfume-social-cards/en-p_c_25992.jpeg,fragrantica-scraper-archive/social-cards/images/2205_126-KIL_25992.jpeg,DOWNLOADED,104915,f768c4ff55339ec8ee902f633406b65449a99f9e61283c93e1de5f5bf39305a2,
2204,171-DUP,,S T Dupont,Souvenirs De Malles Oud Oriental,CONFIRMED,FOUND,21459,https://www.fragrantica.com/perfume/S-T-Dupont/Dupont-Oud-Oriental-21459.html,https://fimgs.net/mdimg/perfume-social-cards/en-p_c_21459.jpeg,fragrantica-scraper-archive/social-cards/images/2204_171-DUP_21459.jpeg,DOWNLOADED,84145,3bf1b23fd7dd2e92c2842d9633ea2b3773679a6070d32c92d60b01d1f175d133,
2201,1501-CAR,MYSTERY TOBACCO,Carolina Herrera,Mystery Tobacco,CONFIRMED,FOUND,40373,https://www.fragrantica.com/perfume/Carolina-Herrera/Mystery-Tobacco-40373.html,https://fimgs.net/mdimg/perfume-social-cards/en-p_c_40373.jpeg,fragrantica-scraper-archive/social-cards/images/2201_1501-CAR_40373.jpeg,DOWNLOADED,111558,fdddfb880fcf576c8e08cc68b5d4284459149f420f8650ab8db3c128eb197db3,
2200,1126-ARM,ACQUA DI GIO PROFONDO,Giorgio Armani,Acqua di Gio Profondo,CONFIRMED,FOUND,59532,https://www.fragrantica.com/perfume/Giorgio-Armani/Acqua-di-Gio-Profondo-59532.html,https://fimgs.net/mdimg/perfume-social-cards/en-p_c_59532.jpeg,fragrantica-scraper-archive/social-cards/images/2200_1126-ARM_59532.jpeg,DOWNLOADED,105707,8d8e4da274172bf6f456bc0ea54126119a51f04528093bbc39242a6f92fa9e08,
2199,786-LAN,LA VIE EST BELLE INTENSEMENT,Lancome,La Vie Est Belle Intensement,CONFIRMED,FOUND,59326,https://www.fragrantica.com/perfume/Lancome/La-Vie-Est-Belle-Intensement-59326.html,https://fimgs.net/mdimg/perfume-social-cards/en-p_c_59326.jpeg,fragrantica-scraper-archive/social-cards/images/2199_786-LAN_59326.jpeg,DOWNLOADED,111610,ccc3a396717b9bfbaca736b8356b78564a4912a67c961a93145acbfe8291075f,
2198,937-VAL,DONNA BORN IN ROMA - VALENTINO,Valentino,Valentino Donna Born In Roma,CONFIRMED,FOUND,55805,https://www.fragrantica.com/perfume/Valentino/Valentino-Donna-Born-In-Roma-55805.html,https://fimgs.net/mdimg/perfume-social-cards/en-p_c_55805.jpeg,fragrantica-scraper-archive/social-cards/images/2198_937-VAL_55805.jpeg,DOWNLOADED,133975,cfde34c8718872dca92e4813c70e3e86fe8d07a73686b62d0e1f6f6350eb1531,
2196,109-ARM,MUSC SHAMAL,Giorgio Armani,Musc Shamal,CONFIRMED,FOUND,55282,https://www.fragrantica.com/perfume/Giorgio-Armani/Musc-Shamal-55282.html,https://fimgs.net/mdimg/perfume-social-cards/en-p_c_55282.jpeg,fragrantica-scraper-archive/social-cards/images/2196_109-ARM_55282.jpeg,DOWNLOADED,92766,c7f98aa62b1d9c1c1e45370c237f1acafb93b3ae51d06cb80e6aefd419868e40,
2194,725-GUL,Scandal by night,Jean Paul Gaultier,Scandal By Night,CONFIRMED,FOUND,50715,https://www.fragrantica.com/perfume/Jean-Paul-Gaultier/Scandal-By-Night-50715.html,https://fimgs.net/mdimg/perfume-social-cards/en-p_c_50715.jpeg,fragrantica-scraper-archive/social-cards/images/2194_725-GUL_50715.jpeg,DOWNLOADED,100445,6da9be15a47922329b2be8bd4a6daa51b96bb4e70d72c90830cc667a7de1f5c9,
2193,367-TMFO,ROSE PRICK,Tom Ford,Rose Prick,CONFIRMED,FOUND,58781,https://www.fragrantica.com/perfume/Tom-Ford/Rose-Prick-58781.html,https://fimgs.net/mdimg/perfume-social-cards/en-p_c_58781.jpeg,fragrantica-scraper-archive/social-cards/images/2193_367-TMFO_58781.jpeg,DOWNLOADED,99159,83b11d38e637967be246c8a42dec9471c17dbf47a6e048dc3b80b8ddacfb26da,
2192,135-KUR,GENTLE FLUIDITY GOLD,Maison Francis Kurkdjian,Gentle Fluidity Gold,CONFIRMED,FOUND,53401,https://www.fragrantica.com/perfume/Maison-Francis-Kurkdjian/Gentle-Fluidity-Gold-53401.html,https://fimgs.net/mdimg/perfume-social-cards/en-p_c_53401.jpeg,fragrantica-scraper-archive/social-cards/images/2192_135-KUR_53401.jpeg,DOWNLOADED,105812,f74e3782b535082cdb939b8508dd31571afe3cb73a46e2c5a1e12cd27ddc412d,
2191,120-INI,ABSOLUTE APHRODISIAC - INITIO PARFUMS,Initio Parfums Prives,Absolute Aphrodisiac,CONFIRMED,FOUND,30989,https://www.fragrantica.com/perfume/Initio-Parfums-Prives/Absolute-Aphrodisiac-30989.html,https://fimgs.net/mdimg/perfume-social-cards/en-p_c_30989.jpeg,fragrantica-scraper-archive/social-cards/images/2191_120-INI_30989.jpeg,DOWNLOADED,106613,446cdad7e173ee4290db36acac676e5f29609d2cc0de74853ae5c5961e02636c,
2190,123-INI,PSYCHEDELIC LOVE - INITIO PARFUMS PRIVES,Initio Parfums Prives,Psychedelic Love,CONFIRMED,FOUND,45977,https://www.fragrantica.com/perfume/Initio-Parfums-Prives/Psychedelic-Love-45977.html,https://fimgs.net/mdimg/perfume-social-cards/en-p_c_45977.jpeg,fragrantica-scraper-archive/social-cards/images/2190_123-INI_45977.jpeg,DOWNLOADED,106809,80b0b3d9630059cab7ee0e0c8ed3206589025151c0da48627e12a86fb70112d1,
2150,922-TMU,ANGEL NOVA,Mugler,Angel Nova,CONFIRMED,FOUND,61519,https://www.fragrantica.com/perfume/Mugler/Angel-Nova-61519.html,https://fimgs.net/mdimg/perfume-social-cards/en-p_c_61519.jpeg,fragrantica-scraper-archive/social-cards/images/2150_922-TMU_61519.jpeg,DOWNLOADED,104446,9fa2c9512d273488b464f762a77827c71febabc45a19a6fd6e909cf9640aa92d,
2149,689-GUR,,Guerlain,MITSOUKO EAU DE PARFUM - GUERLAIN,CONFIRMED,FOUND,25316,https://www.fragrantica.com/perfume/Guerlain/Mitsouko-Eau-de-Parfum-25316.html,https://fimgs.net/mdimg/perfume-social-cards/en-p_c_25316.jpeg,fragrantica-scraper-archive/social-cards/images/2149_689-GUR_25316.jpeg,DOWNLOADED,119453,4d580cc87b975b13e3381ba953b64ab10f8215ad759fa9b34f8bdf95de301e0e,
2148,966-VICT,TEASE - VICTORIA'S SECRET,Victoria's Secret,Sexy Little Things Noir Tease,CONFIRMED,FOUND,9730,https://www.fragrantica.com/perfume/Victoria-s-Secret/Sexy-Little-Things-Noir-Tease-9730.html,https://fimgs.net/mdimg/perfume-social-cards/en-p_c_9730.jpeg,fragrantica-scraper-archive/social-cards/images/2148_966-VICT_9730.jpeg,DOWNLOADED,124822,0d0aa78ad6a65b8e364f392dbf8a8755da22ca782957eaca766a657fcaa8c9c3,
2146,410-BOD,BLACK MUSK - BODY SHOP,,,CONFIRMED,FOUND,32247,https://www.fragrantica.com/perfume/The-Body-Shop/Black-Musk-32247.html,https://fimgs.net/mdimg/perfume-social-cards/en-p_c_32247.jpeg,fragrantica-scraper-archive/social-cards/images/2146_410-BOD_32247.jpeg,DOWNLOADED,93584,4d636e3dfdcad5a1bd25f37d9772300d8e7765705b494cc32c35e4707fc90228,
2145,637-EST,SPELLBOUND - ESTEE LAUDER,Estee Lauder,Spellbound,CONFIRMED,FOUND,552,https://www.fragrantica.com/perfume/Est-e-Lauder/SpellBound-552.html,https://fimgs.net/mdimg/perfume-social-cards/en-p_c_552.jpeg,fragrantica-scraper-archive/social-cards/images/2145_637-EST_552.jpeg,DOWNLOADED,100551,cc15fc590bdff4b07eab34d39aeac5e4303d45d5c3f4e313a16393421bf65fb4,
2142,1209-MNTB,EXPLORER - MONT BLANC,Montblanc,Explorer,CONFIRMED,FOUND,52002,https://www.fragrantica.com/perfume/Montblanc/Explorer-52002.html,https://fimgs.net/mdimg/perfume-social-cards/en-p_c_52002.jpeg,fragrantica-scraper-archive/social-cards/images/2142_1209-MNTB_52002.jpeg,DOWNLOADED,110783,4b1b0c5701682ad113dbf0a861de019bf448de906f42cf1fc74de437ec9b2add,
2141,1505-EST,BRONZE GODDESS AZUR - ESTEE LAUDER,Estee Lauder,Bronze Goddess Azur,CONFIRMED,FOUND,59242,https://www.fragrantica.com/perfume/Estee-Lauder/Bronze-Goddess-Azur-59242.html,https://fimgs.net/mdimg/perfume-social-cards/en-p_c_59242.jpeg,fragrantica-scraper-archive/social-cards/images/2141_1505-EST_59242.jpeg,DOWNLOADED,107700,5ec40a74b42c444b5f84d6b3d6f83d2b91dacea533751d49f7f957c30401f474,
2140,165-PEN,THE TRAGEDY OF LORD GEORGE,Penhaligon s,The Tragedy of Lord George,CONFIRMED,FOUND,40716,https://www.fragrantica.com/perfume/Penhaligon-s/The-Tragedy-of-Lord-George-40716.html,https://fimgs.net/mdimg/perfume-social-cards/en-p_c_40716.jpeg,fragrantica-scraper-archive/social-cards/images/2140_165-PEN_40716.jpeg,DOWNLOADED,101344,b12031cc6d6dfe8aa8e827d2078af31fb81cbc2dfb552b98b576dc78a8874f27,
2133,142-MAN,CEDRAT BOISE - MANCERA,Mancera,Cedrat Boise,CONFIRMED,FOUND,15211,https://www.fragrantica.com/perfume/Mancera/Cedrat-Boise-15211.html,https://fimgs.net/mdimg/perfume-social-cards/en-p_c_15211.jpeg,fragrantica-scraper-archive/social-cards/images/2133_142-MAN_15211.jpeg,DOWNLOADED,106232,48fb905efd8bf11b003d4f0646f0556f357241810ef3255b0624c88a7826ed29,
2132,122-INI,OUD FOR GREATNESS - INITIO PARFUMS PRIVES (U) PERFUME,Initio Parfums Prives,Oud for Greatness,CONFIRMED,FOUND,53641,https://www.fragrantica.com/perfume/Initio-Parfums-Prives/Oud-for-Greatness-53641.html,https://fimgs.net/mdimg/perfume-social-cards/en-p_c_53641.jpeg,fragrantica-scraper-archive/social-cards/images/2132_122-INI_53641.jpeg,DOWNLOADED,124892,5c365b2f9d377bcc8d9d177ec3110874a88da01c7264c2601ce9a702841335a9,
2131,132-LTN,the fragrance notes,Louis Vuitton,Ombre Nomade,CONFIRMED,FOUND,49755,https://www.fragrantica.com/perfume/Louis-Vuitton/Ombre-Nomade-49755.html,https://fimgs.net/mdimg/perfume-social-cards/en-p_c_49755.jpeg,fragrantica-scraper-archive/social-cards/images/2131_132-LTN_49755.jpeg,DOWNLOADED,102946,2c927b0704426e9fc095f17086937b571fddd15a4bf19325c535573248bcdae8,
2127,178-VIL,MANGO SKIN - VILHELM PARFUMERIE,Vilhelm Parfumerie,Mango Skin,CONFIRMED,FOUND,49305,https://www.fragrantica.com/perfume/Vilhelm-Parfumerie/Mango-Skin-49305.html,https://fimgs.net/mdimg/perfume-social-cards/en-p_c_49305.jpeg,fragrantica-scraper-archive/social-cards/images/2127_178-VIL_49305.jpeg,DOWNLOADED,109787,7a1bc330af3f051db0ab314014e942a61bbaf49b2071d2297ca2ee710bafead1,
2126,133-MICA,YLANG IN GOLD - M,M. Micallef,YLANG IN GOLD - M,CONFIRMED,FOUND,14409,https://www.fragrantica.com/perfume/M-Micallef/Ylang-in-Gold-14409.html,https://fimgs.net/mdimg/perfume-social-cards/en-p_c_14409.jpeg,fragrantica-scraper-archive/social-cards/images/2126_133-MICA_14409.jpeg,DOWNLOADED,103814,211326482b7114b0ec898aaddbbb9bcada92ebb89b4a90d78be02838b170cafb,
2125,159-PARF,SAFANAD - PARFUMS DE MARLY,Parfums de Marly,Safanad,CONFIRMED,FOUND,18749,https://www.fragrantica.com/perfume/Parfums-de-Marly/Safanad-18749.html,https://fimgs.net/mdimg/perfume-social-cards/en-p_c_18749.jpeg,fragrantica-scraper-archive/social-cards/images/2125_159-PARF_18749.jpeg,DOWNLOADED,99043,bd2a1a28cc305b3def772411056611059518605b59e81e0c49bfc4c3254ddae9,
2124,112-BON,BLEECKER STREET - BOND,Bond No 9,Bleecker Street,CONFIRMED,FOUND,1301,https://www.fragrantica.com/perfume/Bond-No-9/Bleecker-Street-1301.html,https://fimgs.net/mdimg/perfume-social-cards/en-p_c_1301.jpeg,fragrantica-scraper-archive/social-cards/images/2124_112-BON_1301.jpeg,DOWNLOADED,125546,4317538512db4cb5514cf0714e9e7225e8da58eb6008c0487e6c7d7b7dd3d0b4,
2123,654-ARM,MY WAY,Giorgio Armani,My Way,CONFIRMED,FOUND,62036,https://www.fragrantica.com/perfume/Giorgio-Armani/My-Way-62036.html,https://fimgs.net/mdimg/perfume-social-cards/en-p_c_62036.jpeg,fragrantica-scraper-archive/social-cards/images/2123_654-ARM_62036.jpeg,DOWNLOADED,94748,58783f3f48f49dae8249151a755d46a85dc2a7ad07b3a91c530c4e9d5515c446,
2122,150-PARF,CASSILI - PARFUMS DE MARLY,Parfums de Marly,Cassili,CONFIRMED,FOUND,54660,https://www.fragrantica.com/perfume/Parfums-de-Marly/Cassili-54660.html,https://fimgs.net/mdimg/perfume-social-cards/en-p_c_54660.jpeg,fragrantica-scraper-archive/social-cards/images/2122_150-PARF_54660.jpeg,DOWNLOADED,103282,ab16cbc91f40e1f06d05d42dad82865363274373517f1d0ba1ee6f191af076eb,
2120,157-PARF,PEGASUS - PARFUMS DE MARLY,Parfums de Marly,Pegasus,CONFIRMED,FOUND,16938,https://www.fragrantica.com/perfume/Parfums-de-Marly/Pegasus-16938.html,https://fimgs.net/mdimg/perfume-social-cards/en-p_c_16938.jpeg,fragrantica-scraper-archive/social-cards/images/2120_157-PARF_16938.jpeg,DOWNLOADED,96774,ba00c23bbb1bf7e825ec854acfe1e28d6de43a10939a17a820a60645ed7f8b43,
2119,119-HIS,1725 - HISTOIRES DE PARFUMS,Histoires de Parfums,1725,CONFIRMED,FOUND,4491,https://www.fragrantica.com/perfume/Histoires-de-Parfums/1725-4491.html,https://fimgs.net/mdimg/perfume-social-cards/en-p_c_4491.jpeg,fragrantica-scraper-archive/social-cards/images/2119_119-HIS_4491.jpeg,DOWNLOADED,105503,ee278fde8cb445c4b0d97aa30af2b6e317471fcd23fe2f547a96902cd8e83f32,
2118,179-XER,1861 NAXOS,Xerjoff,XJ 1861 Naxos,CONFIRMED,FOUND,30529,https://www.fragrantica.com/perfume/Xerjoff/XJ-1861-Naxos-30529.html,https://fimgs.net/mdimg/perfume-social-cards/en-p_c_30529.jpeg,fragrantica-scraper-archive/social-cards/images/2118_179-XER_30529.jpeg,DOWNLOADED,98495,513a8cf0eae5eade7933323fdb06e842b1e7a65f242624968d0feb8e8930b7e8,
2117,144-MAN,VANILLE EXCLUSIF - MANCERA,Mancera,Vanille Exclusive,CONFIRMED,FOUND,51494,https://www.fragrantica.com/perfume/Mancera/Vanille-Exclusive-51494.html,https://fimgs.net/mdimg/perfume-social-cards/en-p_c_51494.jpeg,fragrantica-scraper-archive/social-cards/images/2117_144-MAN_51494.jpeg,DOWNLOADED,103893,c0867ea76a34dda03747a66ff8d5750646c82862aeae01879e24bab397f508e2,
2116,1288-YZLO,TUXEDO,Yves Saint Laurent,Tuxedo,CONFIRMED,FOUND,32269,https://www.fragrantica.com/perfume/Yves-Saint-Laurent/Tuxedo-32269.html,https://fimgs.net/mdimg/perfume-social-cards/en-p_c_32269.jpeg,fragrantica-scraper-archive/social-cards/images/2116_1288-YZLO_32269.jpeg,DOWNLOADED,101105,6780f325e8b1fb873912d02ae7b3125ddf97a83bdd63e976a0978f12e240daa5,
2115,370-TMFO,SOLE DI POSITANO,Tom Ford,Sole di Positano,CONFIRMED,FOUND,44106,https://www.fragrantica.com/perfume/Tom-Ford/Sole-di-Positano-44106.html,https://fimgs.net/mdimg/perfume-social-cards/en-p_c_44106.jpeg,fragrantica-scraper-archive/social-cards/images/2115_370-TMFO_44106.jpeg,DOWNLOADED,107042,93ec1e8dd04a8617b4a94eefc1860c97676a08f25419b7c225e524b4cd61fd55,
2114,306-LAN,,Lancome,Oud Bouquet,CONFIRMED,FOUND,39739,https://www.fragrantica.com/perfume/Lancome/Oud-Bouquet-39739.html,https://fimgs.net/mdimg/perfume-social-cards/en-p_c_39739.jpeg,fragrantica-scraper-archive/social-cards/images/2114_306-LAN_39739.jpeg,DOWNLOADED,110348,63eb24091c991ceffad3810a1afd73519ab3bdd3ff0f762b37a4ecd74528395f,
2113,203-CLIV,X FOR MEN - CLIVE CHRISTIAN,Clive Christian,X For Men,CONFIRMED,FOUND,4650,https://www.fragrantica.com/perfume/Clive-Christian/X-For-Men-4650.html,https://fimgs.net/mdimg/perfume-social-cards/en-p_c_4650.jpeg,fragrantica-scraper-archive/social-cards/images/2113_203-CLIV_4650.jpeg,DOWNLOADED,107029,aa05164bd5c1700625e47dd149270f5233ad67573ea09b963bc7e8660a8d33f4,
2112,108-ARM,BLEU LAZULI,Giorgio Armani,Armani Prive Bleu Lazuli,CONFIRMED,FOUND,48059,https://www.fragrantica.com/perfume/Giorgio-Armani/Armani-Prive-Bleu-Lazuli-48059.html,https://fimgs.net/mdimg/perfume-social-cards/en-p_c_48059.jpeg,fragrantica-scraper-archive/social-cards/images/2112_108-ARM_48059.jpeg,DOWNLOADED,109122,492b982329055d3d718fdee82344c36313b66765292127ed067d2c57abcbbe44,
2111,,,Al Haramain Perfumes,Red African,CONFIRMED,FOUND,61372,https://www.fragrantica.com/perfume/Al-Haramain-Perfumes/Red-African-61372.html,https://fimgs.net/mdimg/perfume-social-cards/en-p_c_61372.jpeg,fragrantica-scraper-archive/social-cards/images/2111_unknown_61372.jpeg,DOWNLOADED,107075,ece6a59764514e8d84f855c8def6e57398994158e0ab37123d98ba6f4d50f43f,
2109,143-MAN,RED TOBACCO - MANCERA,Mancera,Red Tobacco,CONFIRMED,FOUND,46663,https://www.fragrantica.com/perfume/Mancera/Red-Tobacco-46663.html,https://fimgs.net/mdimg/perfume-social-cards/en-p_c_46663.jpeg,fragrantica-scraper-archive/social-cards/images/2109_143-MAN_46663.jpeg,DOWNLOADED,108536,3b659a6216d57f75f79224a19834d6ba2c2b9acb4b79256f00c4e0a9adba1905,
2108,117-EXN,SWEET MORPHINE - EX NIHILO,Ex Nihilo,Sweet Morphine,CONFIRMED,FOUND,33574,https://www.fragrantica.com/perfume/Ex-Nihilo/Sweet-Morphine-33574.html,https://fimgs.net/mdimg/perfume-social-cards/en-p_c_33574.jpeg,fragrantica-scraper-archive/social-cards/images/2108_117-EXN_33574.jpeg,DOWNLOADED,101712,ec7a966545f1f9641b5cf6a07df104d19be0344fb86cac7081efa0ab13888a52,
2105,383-YAN,,Yankee Candle,WEDDING DAY - YANKEE,CONFIRMED,UNRESOLVED,,,,,NO_CONFIRMED_ID,,,
2104,1017-AZZ,CHROME,Azzaro,Chrome,CONFIRMED,FOUND,788,https://www.fragrantica.com/perfume/Azzaro/Chrome-788.html,https://fimgs.net/mdimg/perfume-social-cards/en-p_c_788.jpeg,fragrantica-scraper-archive/social-cards/images/2104_1017-AZZ_788.jpeg,DOWNLOADED,101591,93163c35f871ca8f921195262c894238538822917f52f86f61aa9af781d26f24,
2103,975-YZLO,ATLAS GARDEN,Yves Saint Laurent,Atlas Garden,CONFIRMED,FOUND,58274,https://www.fragrantica.com/perfume/Yves-Saint-Laurent/Atlas-Garden-58274.html,https://fimgs.net/mdimg/perfume-social-cards/en-p_c_58274.jpeg,fragrantica-scraper-archive/social-cards/images/2103_975-YZLO_58274.jpeg,DOWNLOADED,98601,da314fe069d1d93b0f2b38ec3d9129002a60c791a30740790dc820eac21fa61c,
2101,402-ARIA,SWEET LIKE CANDY - ARIANA GRANDE,Ariana Grande,Sweet Like Candy,CONFIRMED,FOUND,39970,https://www.fragrantica.com/perfume/Ariana-Grande/Sweet-Like-Candy-39970.html,https://fimgs.net/mdimg/perfume-social-cards/en-p_c_39970.jpeg,fragrantica-scraper-archive/social-cards/images/2101_402-ARIA_39970.jpeg,DOWNLOADED,95585,2e085b554bf6531df4185dac47f5dc9e89fa48c8e8b26a542bb3f2f25e68c5f2,
2100,291-JOM,Tuberose Angelica by Jo Malone London,Jo Malone London,Tuberose Angelica,CONFIRMED,FOUND,25069,https://www.fragrantica.com/perfume/Jo-Malone-London/Tuberose-Angelica-25069.html,https://fimgs.net/mdimg/perfume-social-cards/en-p_c_25069.jpeg,fragrantica-scraper-archive/social-cards/images/2100_291-JOM_25069.jpeg,DOWNLOADED,94556,1863a4c3819613a21c3e93d84c7196a2a82536352ef67010c2ea475c2088f975,
2099,1205-LOL,,Lolita Lempicka,Au Masculin,CONFIRMED,FOUND,458,https://www.fragrantica.com/perfume/Lolita-Lempicka/Lolita-Lempicka-Au-Masculin-458.html,https://fimgs.net/mdimg/perfume-social-cards/en-p_c_458.jpeg,fragrantica-scraper-archive/social-cards/images/2099_1205-LOL_458.jpeg,DOWNLOADED,113046,2be25edf570e330395b1530d5f93b4dc253b2ecdc961bc33e8872be39677bec3,
2098,972-VICT,WARM COCONUT SUGAR - VICTORIA'S SECRET,Victoria s Secret,Warm Coconut Sugar,CONFIRMED,FOUND,38834,https://www.fragrantica.com/perfume/Victoria-s-Secret/Warm-Coconut-Sugar-38834.html,https://fimgs.net/mdimg/perfume-social-cards/en-p_c_38834.jpeg,fragrantica-scraper-archive/social-cards/images/2098_972-VICT_38834.jpeg,DOWNLOADED,90759,ed31f56dbc01b526a2436e249f36bb46490d70d581a0c07afd0f5070d1ca4cc9,
2097,1234-PAC,PURE XS NIGHT,Rabanne,Pure XS Night,CONFIRMED,FOUND,53453,https://www.fragrantica.com/perfume/Rabanne/Pure-XS-Night-53453.html,https://fimgs.net/mdimg/perfume-social-cards/en-p_c_53453.jpeg,fragrantica-scraper-archive/social-cards/images/2097_1234-PAC_53453.jpeg,DOWNLOADED,110649,a6d402c0f222a5580e00b383ced60477d08d3059c9e17c4ede6b316c6c4e66fe,
2096,166-AZ,,The Perfumer’s Story by Azzi,Sequoia Wood Eau de Parfum,CONFIRMED,FOUND,40007,https://www.fragrantica.com/perfume/The-Perfumer-s-Story-by-Azzi/Sequoia-Wood-40007.html,https://fimgs.net/mdimg/perfume-social-cards/en-p_c_40007.jpeg,fragrantica-scraper-archive/social-cards/images/2096_166-AZ_40007.jpeg,DOWNLOADED,113104,adfaacdfa9a7ad3ed0b2eff1217199411633db41863ce024e39c63b613d93772,
2095,1228-PAC,INVICTUS LEGEND,Rabanne,Invictus Legend,CONFIRMED,FOUND,54323,https://www.fragrantica.com/perfume/Rabanne/Invictus-Legend-54323.html,https://fimgs.net/mdimg/perfume-social-cards/en-p_c_54323.jpeg,fragrantica-scraper-archive/social-cards/images/2095_1228-PAC_54323.jpeg,DOWNLOADED,109728,f549b8f66a57ccbc7dc8aba5e6e9e512e26f3aa4d9e05831f799934dab738b53,
2094,160-PEN,BEWITCHING YASMINE,Penhaligon s,The Bewitching Yasmine,CONFIRMED,FOUND,46504,https://www.fragrantica.com/perfume/Penhaligon-s/The-Bewitching-Yasmine-46504.html,https://fimgs.net/mdimg/perfume-social-cards/en-p_c_46504.jpeg,fragrantica-scraper-archive/social-cards/images/2094_160-PEN_46504.jpeg,DOWNLOADED,106952,87454a3f35848d8820ec719fad3b4d97809fc150c5ee58e867a7363dbb185a7c,
2093,163-PEN,HALFETI,Penhaligon s,Halfeti,CONFIRMED,FOUND,31396,https://www.fragrantica.com/perfume/Penhaligon-s/Halfeti-31396.html,https://fimgs.net/mdimg/perfume-social-cards/en-p_c_31396.jpeg,fragrantica-scraper-archive/social-cards/images/2093_163-PEN_31396.jpeg,DOWNLOADED,108111,0a535c5bc4ed39eb92194606a8cc3e0ee96ced2adb309ca1ed70b7ad19fac826,
2092,162-PEN,ENDYMION CONCENTRE,Penhaligon s,Endymion Concentre,CONFIRMED,FOUND,38352,https://www.fragrantica.com/perfume/Penhaligon-s/Endymion-Concentre-38352.html,https://fimgs.net/mdimg/perfume-social-cards/en-p_c_38352.jpeg,fragrantica-scraper-archive/social-cards/images/2092_162-PEN_38352.jpeg,DOWNLOADED,108754,3a436ba5757a9445ec2023abaa23ab5b6e0fe5daf7138a89457099b5a35efce3,
2091,1046-CAL,EVERYONE - CK,,,CONFIRMED,FOUND,59021,https://www.fragrantica.com/perfume/Calvin-Klein/CK-Everyone-Eau-de-Toilette-59021.html,https://fimgs.net/mdimg/perfume-social-cards/en-p_c_59021.jpeg,fragrantica-scraper-archive/social-cards/images/2091_1046-CAL_59021.jpeg,DOWNLOADED,105900,12036e56591c5ae16a78d9be0ea89256b6479a2e12b6aa98d7d2de6d2fbacf05,
2090,347-TMFO,GREY VETIVER (M),Tom Ford,Grey Vetiver,CONFIRMED,FOUND,6697,https://www.fragrantica.com/perfume/Tom-Ford/Grey-Vetiver-6697.html,https://fimgs.net/mdimg/perfume-social-cards/en-p_c_6697.jpeg,fragrantica-scraper-archive/social-cards/images/2090_347-TMFO_6697.jpeg,DOWNLOADED,103130,5c6283e81d3e54f4a69430abdf1e3f39d6d47983fe0655d7c07ca8e9dfaaad61,
2089,341-TMFO,BLACK ORCHID OUD,Tom Ford,Black Orchid Oud,CONFIRMED,FOUND,42432,https://www.fragrantica.com/perfume/Tom-Ford/Black-Orchid-Oud-42432.html,https://fimgs.net/mdimg/perfume-social-cards/en-p_c_42432.jpeg,fragrantica-scraper-archive/social-cards/images/2089_341-TMFO_42432.jpeg,DOWNLOADED,109204,929c50ff10c8745158a6be485cb422dfb04705e31b51d673839a73185d04e86c,
2087,276-JOM,Oud & Bergamot by Jo Malone London,Jo Malone London,Oud Bergamot,CONFIRMED,FOUND,12928,https://www.fragrantica.com/perfume/Jo-Malone-London/Oud-Bergamot-12928.html,https://fimgs.net/mdimg/perfume-social-cards/en-p_c_12928.jpeg,fragrantica-scraper-archive/social-cards/images/2087_276-JOM_12928.jpeg,DOWNLOADED,98302,3b0a64e8eaa7c6339f2b15fd439dd0cdca5a3b53977d6168ace19fa06e94d2e7,
2086,296-JOM,Vetiver & Golden Vanilla Jo Malone,Jo Malone London,Vetiver Golden Vanilla,CONFIRMED,FOUND,58393,https://www.fragrantica.com/perfume/Jo-Malone-London/Vetiver-Golden-Vanilla-58393.html,https://fimgs.net/mdimg/perfume-social-cards/en-p_c_58393.jpeg,fragrantica-scraper-archive/social-cards/images/2086_296-JOM_58393.jpeg,DOWNLOADED,104202,104528495fbb04cf33248f3be2e2848c8823ea04ca05d6311a3ff44d4efa0ae3,
2085,208-CRD,Fantasia de Fleurs,Creed,Fantasia de Fleurs,CONFIRMED,FOUND,4249,https://www.fragrantica.com/perfume/Creed/Fantasia-de-Fleurs-4249.html,https://fimgs.net/mdimg/perfume-social-cards/en-p_c_4249.jpeg,fragrantica-scraper-archive/social-cards/images/2085_208-CRD_4249.jpeg,DOWNLOADED,97696,d0031ac11cbc78b11618212e41ac803f0645f988dd890270ac4493af4b862982,
2084,172-SHALM,MOROCCAN MUSK - SCENT SALIM,scent-salim,Moroccan-musk,CONFIRMED,FOUND,47982,https://www.fragrantica.com/perfume/Scent-Salim/Moroccan-Musk-47982.html,https://fimgs.net/mdimg/perfume-social-cards/en-p_c_47982.jpeg,fragrantica-scraper-archive/social-cards/images/2084_172-SHALM_47982.jpeg,DOWNLOADED,95335,60628d8b4adc1ccfd40e968f9352bd8f7a0a56d335234e333029d920a50b0d6a,
2083,932-TRU,INSIDE DELIGHT,Trussardi,Trussardi Inside Delight,CONFIRMED,FOUND,3058,https://www.fragrantica.com/perfume/Trussardi/Trussardi-Inside-Delight-3058.html,https://fimgs.net/mdimg/perfume-social-cards/en-p_c_3058.jpeg,fragrantica-scraper-archive/social-cards/images/2083_932-TRU_3058.jpeg,DOWNLOADED,108523,d20e35daa6e3b3472c7be1f7555fa1e00385dbceec57a8cc04dde05147e31549,
2082,861-PAC,LADY MILLION EMPIRE,Rabanne,Lady Million Empire,CONFIRMED,FOUND,55787,https://www.fragrantica.com/perfume/Rabanne/Lady-Million-Empire-55787.html,https://fimgs.net/mdimg/perfume-social-cards/en-p_c_55787.jpeg,fragrantica-scraper-archive/social-cards/images/2082_861-PAC_55787.jpeg,DOWNLOADED,108696,aa7689e3e64ffb0c24a9086db93c60fdb36982eddfa4091073b4b8304f497e29,
2081,789-LAN,MAGNOLIA ROSAE,Lancome,Magnolia Rosae,CONFIRMED,FOUND,54193,https://www.fragrantica.com/perfume/Lancome/Magnolia-Rosae-54193.html,https://fimgs.net/mdimg/perfume-social-cards/en-p_c_54193.jpeg,fragrantica-scraper-archive/social-cards/images/2081_789-LAN_54193.jpeg,DOWNLOADED,99631,619d619b67977cb4cd40c4bd9625905c7b925e371a744d83bcfe7465efa94dd4,
2080,726-GUL,SO SCANDAL,Jean Paul Gaultier,So Scandal,CONFIRMED,FOUND,60942,https://www.fragrantica.com/perfume/Jean-Paul-Gaultier/So-Scandal-60942.html,https://fimgs.net/mdimg/perfume-social-cards/en-p_c_60942.jpeg,fragrantica-scraper-archive/social-cards/images/2080_726-GUL_60942.jpeg,DOWNLOADED,96246,09d3ce73fec56ce3920316b42023999eb3126020738b249b7483da1cd7c93e24,
2079,683-GUR,,Guerlain,Aqua Allegoria Passiflora,CONFIRMED,FOUND,48678,https://www.fragrantica.com/perfume/Guerlain/Aqua-Allegoria-Passiflora-48678.html,https://fimgs.net/mdimg/perfume-social-cards/en-p_c_48678.jpeg,fragrantica-scraper-archive/social-cards/images/2079_683-GUR_48678.jpeg,DOWNLOADED,109355,6f8fd55da0d0df5a29effbecfe9b365d62e72ab3192cd538aa3bd60c7a1c54d1,
2078,677-GUC,G by G,Gucci,G by G,CONFIRMED,FOUND,1150,https://www.fragrantica.com/perfume/Gucci/Gucci-by-Gucci-1150.html,https://fimgs.net/mdimg/perfume-social-cards/en-p_c_1150.jpeg,fragrantica-scraper-archive/social-cards/images/2078_677-GUC_1150.jpeg,DOWNLOADED,114738,6fcb1385d64593e274f67f447c939bd445dd19e423064014299f7d6d2f7481ab,
2077,659-ARM,SI PASSIONE INTENSE,Giorgio Armani,Si Passione Intense,CONFIRMED,FOUND,58737,https://www.fragrantica.com/perfume/Giorgio-Armani/Si-Passione-Intense-58737.html,https://fimgs.net/mdimg/perfume-social-cards/en-p_c_58737.jpeg,fragrantica-scraper-archive/social-cards/images/2077_659-ARM_58737.jpeg,DOWNLOADED,98040,adfba5fb2d651c045982eb8fe95e11a929eb8e93f98ad12aa79d53225c57b9ae,
2075,539-DRC,MISS ROSE & ROSES,Dior,MISS ROSE & ROSES,CONFIRMED,FOUND,58562,https://www.fragrantica.com/perfume/Dior/Miss-Dior-Rose-N-Roses-58562.html,https://fimgs.net/mdimg/perfume-social-cards/en-p_c_58562.jpeg,fragrantica-scraper-archive/social-cards/images/2075_539-DRC_58562.jpeg,DOWNLOADED,105147,b1c391b4464ba7b05aa4e024c6f6b4f71e5620e9c958f0a2d6293c2e30a52f22,
2062,685-GUR,CHAMPS ELYSEES EAU DE PARFUM - GUERLAIN,Guerlain,Champs Elysees Eau de Parfum,CONFIRMED,FOUND,25330,https://www.fragrantica.com/perfume/Guerlain/Champs-Elysees-Eau-de-Parfum-25330.html,https://fimgs.net/mdimg/perfume-social-cards/en-p_c_25330.jpeg,fragrantica-scraper-archive/social-cards/images/2062_685-GUR_25330.jpeg,DOWNLOADED,108359,b8fa973db8fe400261073ea7d85b5d6c1b86405d34f33ed3f2cadd52e7c5bb3b,
2061,401-ARIA,CLOUD - ARIANA GRANDE,Ariana Grande,Cloud-eau-de-,CONFIRMED,FOUND,50384,https://www.fragrantica.com/perfume/Ariana-Grande/Cloud-50384.html,https://fimgs.net/mdimg/perfume-social-cards/en-p_c_50384.jpeg,fragrantica-scraper-archive/social-cards/images/2061_401-ARIA_50384.jpeg,DOWNLOADED,88620,4c810fba7b681525d4394a69ecb18f9123c0b07589833c1df2de97eef3daaedd,
2059,283-JOM,Poppy & Barley Jo Malone,Jo Malone London,Poppy & Barley,CONFIRMED,FOUND,48316,https://www.fragrantica.com/perfume/Jo-Malone-London/Poppy-Barley-48316.html,https://fimgs.net/mdimg/perfume-social-cards/en-p_c_48316.jpeg,fragrantica-scraper-archive/social-cards/images/2059_283-JOM_48316.jpeg,DOWNLOADED,96154,145d7cfadb1fab02477fed7d1c8c5d71b5ecf04c26c8fa632dc36db57795aeae,
2058,141-MAN,BLACK VANILLA - MANCERA,Mancera,Black Vanilla,CONFIRMED,FOUND,46662,https://www.fragrantica.com/perfume/Mancera/Black-Vanilla-46662.html,https://fimgs.net/mdimg/perfume-social-cards/en-p_c_46662.jpeg,fragrantica-scraper-archive/social-cards/images/2058_141-MAN_46662.jpeg,DOWNLOADED,103126,86d7b4ea2fa69cd3ede0e3bc6fe0f447a69a8847f5f49a526977627f6d7bf56e,
2057,152-PARF,DELINA EXCLUSIF - PARFUMS DE MARLY,Parfums de Marly,Delina Exclusif,CONFIRMED,FOUND,50370,https://www.fragrantica.com/perfume/Parfums-de-Marly/Delina-Exclusif-50370.html,https://fimgs.net/mdimg/perfume-social-cards/en-p_c_50370.jpeg,fragrantica-scraper-archive/social-cards/images/2057_152-PARF_50370.jpeg,DOWNLOADED,104566,9924941e403f59bdb623548e42be6abbdf685841c77bb0f26dad2a7dbe1a7baa,
2053,1178-GUL,LE BEAU,Jean Paul Gaultier,Le Beau,CONFIRMED,FOUND,55785,https://www.fragrantica.com/perfume/Jean-Paul-Gaultier/Le-Beau-55785.html,https://fimgs.net/mdimg/perfume-social-cards/en-p_c_55785.jpeg,fragrantica-scraper-archive/social-cards/images/2053_1178-GUL_55785.jpeg,DOWNLOADED,95568,70f7e65ebe14ae3ad4b347f431429856036b1a28586648ad899d4c5397906d99,
2052,601-ESC,FLOR DEL SOL - ESCADA,Escada,Flor-del-sol,CONFIRMED,FOUND,58398,https://www.fragrantica.com/perfume/Escada/Flor-del-Sol-58398.html,https://fimgs.net/mdimg/perfume-social-cards/en-p_c_58398.jpeg,fragrantica-scraper-archive/social-cards/images/2052_601-ESC_58398.jpeg,DOWNLOADED,94192,9d41e505575e640a07d6910441f74dc29c7cb4a542a41c95a91bc4875e7652c2,
2051,174-SOS,ERBA PURA - SOSPIRO,Sospiro Perfumes,Erba Pura,CONFIRMED,FOUND,18652,https://www.fragrantica.com/perfume/Sospiro-Perfumes/Erba-Pura-18652.html,https://fimgs.net/mdimg/perfume-social-cards/en-p_c_18652.jpeg,fragrantica-scraper-archive/social-cards/images/2051_174-SOS_18652.jpeg,DOWNLOADED,97723,0572d102f00f1edc6c2f006123df4ae20fc4ef67bf42fd421bd6b27e6a3e9ac6,
2050,231-DIP,Oud Palao,Diptyque,Oud Palao Eau de Parfum,CONFIRMED,FOUND,31738,https://www.fragrantica.com/perfume/Diptyque/Oud-Palao-Eau-de-Parfum-31738.html,https://fimgs.net/mdimg/perfume-social-cards/en-p_c_31738.jpeg,fragrantica-scraper-archive/social-cards/images/2050_231-DIP_31738.jpeg,DOWNLOADED,119831,0f468ce4608396cbf0e12defcebbb1286aa00a910208ca3adbd90b65e4a1140e,
1950,145-MEM,AFRICAN LEATHER - MEMO PARIS,Memo Paris,African Leather,CONFIRMED,FOUND,31383,https://www.fragrantica.com/perfume/Memo-Paris/African-Leather-31383.html,https://fimgs.net/mdimg/perfume-social-cards/en-p_c_31383.jpeg,fragrantica-scraper-archive/social-cards/images/1950_145-MEM_31383.jpeg,DOWNLOADED,106231,737ab9d6b3778aa6cb994d485e38bf6c496c20496e434568ff4d4dc7b020a195,
1949,130-LEL,SANTAL 26 - LE LABO,Le Labo,SANTAL 26 - LE LABO,CONFIRMED,UNRESOLVED,,,,,NO_CONFIRMED_ID,,,
1948,102-AMG,Interlude Man,Amouage,Interlude Man,CONFIRMED,FOUND,15294,https://www.fragrantica.com/perfume/Amouage/Interlude-Man-15294.html,https://fimgs.net/mdimg/perfume-social-cards/en-p_c_15294.jpeg,fragrantica-scraper-archive/social-cards/images/1948_102-AMG_15294.jpeg,DOWNLOADED,105107,db94c184d0c20d902adfa0d24282718c5f862daba2b6fed2633da13533e512d9,
1945,385-YAR,,Yardley,Lily of the Valley,CONFIRMED,FOUND,9012,https://www.fragrantica.com/perfume/Yardley/Lily-of-the-Valley-9012.html,https://fimgs.net/mdimg/perfume-social-cards/en-p_c_9012.jpeg,fragrantica-scraper-archive/social-cards/images/1945_385-YAR_9012.jpeg,DOWNLOADED,97214,17b28307598df9443c9e2ef001d1261d203e1d230dbd87b0102c0069731a53f4,
1944,357-TMFO,NOIR MEN,Tom Ford,Noir,CONFIRMED,FOUND,15727,https://www.fragrantica.com/perfume/Tom-Ford/Noir-15727.html,https://fimgs.net/mdimg/perfume-social-cards/en-p_c_15727.jpeg,fragrantica-scraper-archive/social-cards/images/1944_357-TMFO_15727.jpeg,DOWNLOADED,98081,54017b71354cfe284e1a3245b978ba148c473cea102a13dcaaeadf908c48da63,
1943,356-TMFO,Neroli Portofino Acqua,Tom Ford,Neroli Portofino Acqua,CONFIRMED,FOUND,32614,https://www.fragrantica.com/perfume/Tom-Ford/Neroli-Portofino-Acqua-32614.html,https://fimgs.net/mdimg/perfume-social-cards/en-p_c_32614.jpeg,fragrantica-scraper-archive/social-cards/images/1943_356-TMFO_32614.jpeg,DOWNLOADED,103777,f938f7a644595dc368aa962381d33ace40302735720ee3d357aae615c5619196,
1940,523-DRC,ISSIMO,Dior,ISSIMO,CONFIRMED,FOUND,224,https://www.fragrantica.com/perfume/Christian-Dior/Diorissimo-224.html,https://fimgs.net/mdimg/perfume-social-cards/en-p_c_224.jpeg,fragrantica-scraper-archive/social-cards/images/1940_523-DRC_224.jpeg,DOWNLOADED,101704,e2eb6efdfee006d4da61430b6c2db10abb3914b3a5fe85ad0ae52cb022ca5780,
1939,1100-DOL,THE ONE GREY,Dolce Gabbana,The One Grey,CONFIRMED,FOUND,50611,https://www.fragrantica.com/perfume/Dolce-Gabbana/The-One-Grey-50611.html,https://fimgs.net/mdimg/perfume-social-cards/en-p_c_50611.jpeg,fragrantica-scraper-archive/social-cards/images/1939_1100-DOL_50611.jpeg,DOWNLOADED,110818,3be3b61d93da2dafefc8b719bc50c7c76359b12786304e8a3e9d1c8ac0a967c9,
1938,1097-DOL,LIGHT BLUE DISCOVER VULCANO,Dolce&Gabbana,Light Blue Discover Vulcano Pour Homme,CONFIRMED,FOUND,23619,https://www.fragrantica.com/perfume/Dolce-Gabbana/Light-Blue-Discover-Vulcano-Pour-Homme-23619.html,https://fimgs.net/mdimg/perfume-social-cards/en-p_c_23619.jpeg,fragrantica-scraper-archive/social-cards/images/1938_1097-DOL_23619.jpeg,DOWNLOADED,112867,6d252fbd014266a944666e60b05f982432bd71d48ab2c049f62463b67c5c3fe8,
1937,564-DOL,SEXY CHOCLATE,Dolce & Gabbana,SEXY CHOCLATE,CONFIRMED,UNRESOLVED,,,,,NO_CONFIRMED_ID,,,
1936,589-ELI,,Elie Saab,Girl of Now,CONFIRMED,FOUND,45686,https://www.fragrantica.com/perfume/Elie-Saab/Girl-of-Now-45686.html,https://fimgs.net/mdimg/perfume-social-cards/en-p_c_45686.jpeg,fragrantica-scraper-archive/social-cards/images/1936_589-ELI_45686.jpeg,DOWNLOADED,107452,df6b43461755b41410c395257e7974db905ad3ce46f6341f8e0c7d4bc4f58dcf,
1935,1088-COM,,Comme des Garcons,Odeur 53,CONFIRMED,FOUND,395,https://www.fragrantica.com/perfume/Comme-des-Garcons/Odeur-53-395.html,https://fimgs.net/mdimg/perfume-social-cards/en-p_c_395.jpeg,fragrantica-scraper-archive/social-cards/images/1935_1088-COM_395.jpeg,DOWNLOADED,94742,c3a111cd626202d5628c8d1d347eb2bc743e82df7c65a42d1def7428b2e66a14,
1934,1072-DRC,BALADE SAUVAGE,Dior,Balade Sauvage,CONFIRMED,FOUND,48398,https://www.fragrantica.com/perfume/Dior/Balade-Sauvage-48398.html,https://fimgs.net/mdimg/perfume-social-cards/en-p_c_48398.jpeg,fragrantica-scraper-archive/social-cards/images/1934_1072-DRC_48398.jpeg,DOWNLOADED,101979,377acf78655cc922ee5e2bdcc288484f38092c698ec0518ab781524adce508af,
1933,1509-KIL,AMBER OUD - KILIAN,By Kilian,Amber Oud,CONFIRMED,FOUND,14206,https://www.fragrantica.com/perfume/By-Kilian/Amber-Oud-14206.html,https://fimgs.net/mdimg/perfume-social-cards/en-p_c_14206.jpeg,fragrantica-scraper-archive/social-cards/images/1933_1509-KIL_14206.jpeg,DOWNLOADED,96176,7243be800512dff60c9ebed2aaa2099363498efaab97264cf1369ab1b2f1843b,
1932,608-ESC,,Escada,Moon Sparkle,CONFIRMED,FOUND,1887,https://www.fragrantica.com/perfume/Escada/Escada-Moon-Sparkle-1887.html,https://fimgs.net/mdimg/perfume-social-cards/en-p_c_1887.jpeg,fragrantica-scraper-archive/social-cards/images/1932_608-ESC_1887.jpeg,DOWNLOADED,102615,d71463dab268a01cfb952b641d11dffa90d04b1f4ad1705ea449dbb38ed06c47,
1931,993-ZAD,JUST ROCK FOR HER - ZADIG & VOLTAIRE,Zadig & Voltaire,JUST ROCK FOR HER - ZADIG & VOLTAIRE,CONFIRMED,FOUND,45862,https://www.fragrantica.com/perfume/Zadig-Voltaire/Just-Rock-for-Her-45862.html,https://fimgs.net/mdimg/perfume-social-cards/en-p_c_45862.jpeg,fragrantica-scraper-archive/social-cards/images/1931_993-ZAD_45862.jpeg,DOWNLOADED,91511,910c98abe9e70d5e65e218faa1103cf7c6b17739a6bc28901cf0c1aaaf73618c,
1930,967-VICT,VELVET PETALS- VICTORIA'S SECRET,Victoria's Secret,Velvet Petals,CONFIRMED,FOUND,56837,https://www.fragrantica.com/perfume/Victoria-s-Secret/Velvet-Petals-56837.html,https://fimgs.net/mdimg/perfume-social-cards/en-p_c_56837.jpeg,fragrantica-scraper-archive/social-cards/images/1930_967-VICT_56837.jpeg,DOWNLOADED,85851,243001b54c9870ee21e163efe3c85908d1d56861bc6c8a7327b39c2787f90e40,
1929,970-VICT,VERY SEXY NOW WILD PALM,Victoria s Secret,Very Sexy Now Wild Palm,CONFIRMED,FOUND,49008,https://www.fragrantica.com/perfume/Victoria-s-Secret/Very-Sexy-Now-Wild-Palm-49008.html,https://fimgs.net/mdimg/perfume-social-cards/en-p_c_49008.jpeg,fragrantica-scraper-archive/social-cards/images/1929_970-VICT_49008.jpeg,DOWNLOADED,108539,d4e32847be39e0e3235c72cc00c99ad1fa1d268c4bae97eec24d35d21f6cb524,
1928,969-VICT,VERY SEXY NOW BEACH - VICTORIA'S SECRET,Victoria s Secret,Very Sexy Now Beach,CONFIRMED,FOUND,49007,https://www.fragrantica.com/perfume/Victoria-s-Secret/Very-Sexy-Now-Beach-49007.html,https://fimgs.net/mdimg/perfume-social-cards/en-p_c_49007.jpeg,fragrantica-scraper-archive/social-cards/images/1928_969-VICT_49007.jpeg,DOWNLOADED,97206,b6ef4a34b08b21d6e0562ba5108b01f3811e3a895a6b36f2b21ef848b3d2bb39,
1927,952-VICT,BOMBSHELL - VICTORIA'S SECRET,Victoria s Secret,Bombshell,CONFIRMED,FOUND,10190,https://www.fragrantica.com/perfume/Victoria-s-Secret/Bombshell-10190.html,https://fimgs.net/mdimg/perfume-social-cards/en-p_c_10190.jpeg,fragrantica-scraper-archive/social-cards/images/1927_952-VICT_10190.jpeg,DOWNLOADED,107932,2d0a42cd6f38e6190b25ba5087416eeab0fd91f18ed4b0d1d5b63b7e1acf7af3,
1926,1482-VIC,ANTIDOTE,Viktor Rolf,Antidote,CONFIRMED,FOUND,1461,https://www.fragrantica.com/perfume/Viktor-Rolf/Antidote-1461.html,https://fimgs.net/mdimg/perfume-social-cards/en-p_c_1461.jpeg,fragrantica-scraper-archive/social-cards/images/1926_1482-VIC_1461.jpeg,DOWNLOADED,105713,ab66440ba8ec18d2d20c3635584137bf68feb049c88826b801f1e05c4efd7e5c,
1924,1485-TMU,ALIEN MAN,Mugler,Alien Man,CONFIRMED,FOUND,49503,https://www.fragrantica.com/perfume/Mugler/Alien-Man-49503.html,https://fimgs.net/mdimg/perfume-social-cards/en-p_c_49503.jpeg,fragrantica-scraper-archive/social-cards/images/1924_1485-TMU_49503.jpeg,DOWNLOADED,102062,f997517f3841f9cd39fa305c30354ddc2b638b8d0f1258f38a5a525223c90dac,
1923,173-SOS,,Sospiro Perfumes,Accento,CONFIRMED,FOUND,13816,https://www.fragrantica.com/perfume/Sospiro-Perfumes/Accento-13816.html,https://fimgs.net/mdimg/perfume-social-cards/en-p_c_13816.jpeg,fragrantica-scraper-archive/social-cards/images/1923_173-SOS_13816.jpeg,DOWNLOADED,100260,5616a5fbd6cea9a18479a68cfe6004fb5723f3924b0ce826c0a858766d87022a,
1922,1157-HER,TERRE D'HERMES EAU INTENSE VETIVER - HERMES,Hermes,Terre D Hermes Eau Intense Vetiver,CONFIRMED,FOUND,50672,https://www.fragrantica.com/perfume/Hermes/Terre-D-Hermes-Eau-Intense-Vetiver-50672.html,https://fimgs.net/mdimg/perfume-social-cards/en-p_c_50672.jpeg,fragrantica-scraper-archive/social-cards/images/1922_1157-HER_50672.jpeg,DOWNLOADED,108848,a5f7d1cab77e268467a45dadc695339f45ffc8f9903ea1a3207374d7745dff0c,
1921,687-GUR,L'INSTANT DE GUERLAIN - GUERLAIN,Guerlain,L Instant de Guerlain,CONFIRMED,FOUND,51,https://www.fragrantica.com/perfume/Guerlain/L-Instant-de-Guerlain-51.html,https://fimgs.net/mdimg/perfume-social-cards/en-p_c_51.jpeg,fragrantica-scraper-archive/social-cards/images/1921_687-GUR_51.jpeg,DOWNLOADED,109421,1c8d8ddf09f2ea8d77200329d1f2e104b1612a6ac13de6efee5ba872ff6edbad,
1920,679-GUC,Guilty Black Pour Femme,Gucci,Gucci Guilty Black Pour Femme,CONFIRMED,FOUND,17321,https://www.fragrantica.com/perfume/Gucci/Gucci-Guilty-Black-Pour-Femme-17321.html,https://fimgs.net/mdimg/perfume-social-cards/en-p_c_17321.jpeg,fragrantica-scraper-archive/social-cards/images/1920_679-GUC_17321.jpeg,DOWNLOADED,112535,c171e1ee755fb078d8b1c7e6d41417077f494d268caf3c5f695e2ac530bc9a88,
1919,903-SALV,the fragrance notes LAGUNA - SALVADOR DALI,Salvador Dali,Laguna,CONFIRMED,FOUND,768,https://www.fragrantica.com/perfume/Salvador-Dali/Laguna-768.html,https://fimgs.net/mdimg/perfume-social-cards/en-p_c_768.jpeg,fragrantica-scraper-archive/social-cards/images/1919_903-SALV_768.jpeg,DOWNLOADED,95485,4ef36261934a4eb45e6fa7e6ff072d4057f492c509cf419ae7dd156df9854ce3,
1918,1236-PAL,,Paloma Picasso,Minotaure,CONFIRMED,FOUND,1695,https://www.fragrantica.com/perfume/Paloma-Picasso/Minotaure-1695.html,https://fimgs.net/mdimg/perfume-social-cards/en-p_c_1695.jpeg,fragrantica-scraper-archive/social-cards/images/1918_1236-PAL_1695.jpeg,DOWNLOADED,101424,b8c747f7a613e72a768f98963839d68ca39b977535525b6cf0366c374452fd9a,
1917,884-RAL,BIG PONY 2,Ralph Lauren,Big Pony 2,CONFIRMED,FOUND,9006,https://www.fragrantica.com/perfume/Ralph-Lauren/Big-Pony-2-9006.html,https://fimgs.net/mdimg/perfume-social-cards/en-p_c_9006.jpeg,fragrantica-scraper-archive/social-cards/images/1917_884-RAL_9006.jpeg,DOWNLOADED,97124,fd6a044b5582edbdd4a780b285b37e1c63f81b1369640b212c5eff2930eab77d,
1916,1230-PAC,ONE MILLION LUCKY,Rabanne,1 Million Lucky,CONFIRMED,FOUND,48903,https://www.fragrantica.com/perfume/Rabanne/1-Million-Lucky-48903.html,https://fimgs.net/mdimg/perfume-social-cards/en-p_c_48903.jpeg,fragrantica-scraper-archive/social-cards/images/1916_1230-PAC_48903.jpeg,DOWNLOADED,103035,c2517c9b966948dea6e98817c81a6ee1b1917288a26d1c89148ac505746adb62,
1915,808-LOL,,Lolita Lempicka,Sweet,CONFIRMED,FOUND,28177,https://www.fragrantica.com/perfume/Lolita-Lempicka/Sweet-28177.html,https://fimgs.net/mdimg/perfume-social-cards/en-p_c_28177.jpeg,fragrantica-scraper-archive/social-cards/images/1915_808-LOL_28177.jpeg,DOWNLOADED,103025,ab796252c5a603bb95b42fec7f03ddad8f8356e174ce9a40bf64f5ec4ac6320d,
1914,1201-LBI,,Laura Biagiotti,Venezia Uomo,CONFIRMED,FOUND,3002,https://www.fragrantica.com/perfume/Laura-Biagiotti/Venezia-Uomo-3002.html,https://fimgs.net/mdimg/perfume-social-cards/en-p_c_3002.jpeg,fragrantica-scraper-archive/social-cards/images/1914_1201-LBI_3002.jpeg,DOWNLOADED,105512,0177868d7ad2574d40cd0ca02782bdbdff5e27ca9897372ca7ee9c9b9221b652,
1913,802-LBI,,Laura Biagiotti,VENEZIA - LAURA BIAGIOTTI,CONFIRMED,FOUND,625,https://www.fragrantica.com/perfume/Laura-Biagiotti/Venezia-625.html,https://fimgs.net/mdimg/perfume-social-cards/en-p_c_625.jpeg,fragrantica-scraper-archive/social-cards/images/1913_802-LBI_625.jpeg,DOWNLOADED,107885,ea823c01c6527c4449e77b052ea78d2d36e8fee26c788f6680ffdb505256f230,
1912,795-LAN,LA NUIT TRESOR MUSC DIAMANT,Lancome,La Nuit Tresor Musc Diamant,CONFIRMED,FOUND,52788,https://www.fragrantica.com/perfume/Lancome/La-Nuit-Tresor-Musc-Diamant-52788.html,https://fimgs.net/mdimg/perfume-social-cards/en-p_c_52788.jpeg,fragrantica-scraper-archive/social-cards/images/1912_795-LAN_52788.jpeg,DOWNLOADED,108661,26680f7e263240fbc13a68696410b5532954981659f32bc3b595998f96504ee1,
1911,775-LAL,,Lalique,Perles De Lalique,CONFIRMED,FOUND,1833,https://www.fragrantica.com/perfume/Lalique/Perles-De-Lalique-1833.html,https://fimgs.net/mdimg/perfume-social-cards/en-p_c_1833.jpeg,fragrantica-scraper-archive/social-cards/images/1911_775-LAL_1833.jpeg,DOWNLOADED,100652,a6bc1a6b9193bdf9650be31296a759386c4514cdab90e7c01c3cc11860c4d2dc,
1910,740-JUI,,Juicy Couture,VIVA LA JUICY LUXE PARFUM - JUICY COUTURE,CONFIRMED,FOUND,22574,https://www.fragrantica.com/perfume/Juicy-Couture/Viva-La-Juicy-Luxe-Parfum-22574.html,https://fimgs.net/mdimg/perfume-social-cards/en-p_c_22574.jpeg,fragrantica-scraper-archive/social-cards/images/1910_740-JUI_22574.jpeg,DOWNLOADED,112680,c5a4d7d047d3b962e053a12cae50358ab57cd81202c80a4e1e1a74058fb39bf9,
1909,318-MNT,,Montale,Chocolate Greedy,CONFIRMED,FOUND,2186,https://www.fragrantica.com/perfume/Montale/Chocolate-Greedy-2186.html,https://fimgs.net/mdimg/perfume-social-cards/en-p_c_2186.jpeg,fragrantica-scraper-archive/social-cards/images/1909_318-MNT_2186.jpeg,DOWNLOADED,109792,cb28d10c79c741bc9d21e5cb6cf61665e43b5cc1c6db0b50ad5ffe0656c24218,
1908,265-JOM,Lotus Blossom and Water Lily Jo Malone,Jo Malone London,Lotus Blossom Water Lily,CONFIRMED,FOUND,3784,https://www.fragrantica.com/perfume/Jo-Malone-London/Lotus-Blossom-Water-Lily-3784.html,https://fimgs.net/mdimg/perfume-social-cards/en-p_c_3784.jpeg,fragrantica-scraper-archive/social-cards/images/1908_265-JOM_3784.jpeg,DOWNLOADED,109733,5eebb3d5b9a60aed27b432c471778a3bb036c9a5b4206e06884644a2c1ea61bc,
1907,269-JOM,Nashi Blossom Jo Malone,Jo Malone,Nashi Blossom,CONFIRMED,FOUND,37551,https://www.fragrantica.com/perfume/Jo-Malone-London/Nashi-Blossom-37551.html,https://fimgs.net/mdimg/perfume-social-cards/en-p_c_37551.jpeg,fragrantica-scraper-archive/social-cards/images/1907_269-JOM_37551.jpeg,DOWNLOADED,100293,613cc70481dd609261e8adb6f23ed132f2a8c9946e2fb43b1684ffdd32d1522e,
1904,314-MOL,,Molton Brown,ZIAO JAO - MOLTON BROWN,CONFIRMED,UNRESOLVED,,,,,NO_CONFIRMED_ID,,,
1903,538-DRC,MISS EAU DE PARFUM (2017),Dior,Miss Dior Eau de Parfum 2017,CONFIRMED,FOUND,45202,https://www.fragrantica.com/perfume/Dior/Miss-Dior-Eau-de-Parfum-2017-45202.html,https://fimgs.net/mdimg/perfume-social-cards/en-p_c_45202.jpeg,fragrantica-scraper-archive/social-cards/images/1903_538-DRC_45202.jpeg,DOWNLOADED,120309,992b24907e68f49a9f81f259356392c1f5baab0fd8c1994bbf8217f1c0eb53db,
1902,522-DRC,ADDICT EAU DE TOILETTE,Dior,Dior Addict Eau de Toilette,CONFIRMED,FOUND,25159,https://www.fragrantica.com/perfume/Dior/Dior-Addict-Eau-de-Toilette-25159.html,https://fimgs.net/mdimg/perfume-social-cards/en-p_c_25159.jpeg,fragrantica-scraper-archive/social-cards/images/1902_522-DRC_25159.jpeg,DOWNLOADED,101045,9e4a1f1edc78dc068fb3725a20a156460a89efa923b26810f3ba6954f2a5ed36,
1901,1053-CAR,212 MEN,Carolina Herrera,212 Men,CONFIRMED,FOUND,297,https://www.fragrantica.com/perfume/Carolina-Herrera/212-Men-297.html,https://fimgs.net/mdimg/perfume-social-cards/en-p_c_297.jpeg,fragrantica-scraper-archive/social-cards/images/1901_1053-CAR_297.jpeg,DOWNLOADED,101226,a6914d18e4343c169b6a501cdc9dad2ddd541beabb365e71bcd939c3e7933a14,
1900,486-CAR,Good Girl Légère,Carolina Herrera,Good Girl Legere,CONFIRMED,FOUND,48103,https://www.fragrantica.com/perfume/Carolina-Herrera/Good-Girl-Legere-48103.html,https://fimgs.net/mdimg/perfume-social-cards/en-p_c_48103.jpeg,fragrantica-scraper-archive/social-cards/images/1900_486-CAR_48103.jpeg,DOWNLOADED,97856,b997c88ac9c3d732077c2be9c51d4c439174aaf92c34dbaf1b46716216a7acd8,
1899,479-CAR,212,Carolina Herrera,212,CONFIRMED,FOUND,296,https://www.fragrantica.com/perfume/Carolina-Herrera/212-296.html,https://fimgs.net/mdimg/perfume-social-cards/en-p_c_296.jpeg,fragrantica-scraper-archive/social-cards/images/1899_479-CAR_296.jpeg,DOWNLOADED,86726,66cd928775908e950d9996cf817f1c4dd7ae2c9bdffa39dc424e8d18ee02d9a3,
1898,452-BYR,LA TULIPE,Byredo,La Tulipe,CONFIRMED,FOUND,8441,https://www.fragrantica.com/perfume/Byredo/La-Tulipe-8441.html,https://fimgs.net/mdimg/perfume-social-cards/en-p_c_8441.jpeg,fragrantica-scraper-archive/social-cards/images/1898_452-BYR_8441.jpeg,DOWNLOADED,100855,f475bda3faa884df9e80af1edefb5e0c53b1fd6e66f8f88f04f197e50b32aa6c,
1897,1037-BLG,Bvl Man,Bvlgari,Bvl Man,CONFIRMED,FOUND,148,https://www.fragrantica.com/perfume/Bvlgari/BLV-Pour-Homme-148.html,https://fimgs.net/mdimg/perfume-social-cards/en-p_c_148.jpeg,fragrantica-scraper-archive/social-cards/images/1897_1037-BLG_148.jpeg,DOWNLOADED,108763,dd777a963da2b6131b3e2e5f0a2b829ea730bca015a715dc897e810b927643ff,
1896,444-BLG,Omnia,Bvlgari,Omnia,CONFIRMED,FOUND,151,https://www.fragrantica.com/perfume/Bvlgari/Omnia-151.html,https://fimgs.net/mdimg/perfume-social-cards/en-p_c_151.jpeg,fragrantica-scraper-archive/social-cards/images/1896_444-BLG_151.jpeg,DOWNLOADED,111140,032ea3305185754527123a5eda057d293d39b995581fd90ed3a30094cc4f0985,
1895,999-ABE,,Abercrombie Fitch,First Instinct,CONFIRMED,FOUND,37753,https://www.fragrantica.com/perfume/Abercrombie-Fitch/First-Instinct-37753.html,https://fimgs.net/mdimg/perfume-social-cards/en-p_c_37753.jpeg,fragrantica-scraper-archive/social-cards/images/1895_999-ABE_37753.jpeg,DOWNLOADED,99048,ffbc7cb909ccd9169a2b50333c151154a62e270480d762302510d7d7432b8f75,
1894,1006-ACQ,COLONIA INTENSA OUD,Acqua di Parma,COLONIA INTENSA OUD,CONFIRMED,FOUND,15519,https://www.fragrantica.com/perfume/Acqua-di-Parma/Colonia-Intensa-Oud-Eau-de-Cologne-Concentree-15519.html,https://fimgs.net/mdimg/perfume-social-cards/en-p_c_15519.jpeg,fragrantica-scraper-archive/social-cards/images/1894_1006-ACQ_15519.jpeg,DOWNLOADED,112761,49e91da2b6dea82ffc088e594956993aa80abbb5c866a3915ffb91ac2c2e1d19,
1893,1127-ARM,ACQUA DI GIO PROFUMO,Giorgio Armani,Acqua di Gio Profumo,CONFIRMED,FOUND,29727,https://www.fragrantica.com/perfume/Giorgio-Armani/Acqua-di-Gio-Profumo-29727.html,https://fimgs.net/mdimg/perfume-social-cards/en-p_c_29727.jpeg,fragrantica-scraper-archive/social-cards/images/1893_1127-ARM_29727.jpeg,DOWNLOADED,106572,986e46210652cddc66961b91997da448102fddd54cea587ad4ee9c0ab03b0b4d,
1891,353-TMFO,METALLIQUE,Tom Ford,Metallique,CONFIRMED,FOUND,55766,https://www.fragrantica.com/perfume/Tom-Ford/Metallique-55766.html,https://fimgs.net/mdimg/perfume-social-cards/en-p_c_55766.jpeg,fragrantica-scraper-archive/social-cards/images/1891_353-TMFO_55766.jpeg,DOWNLOADED,97980,e522af25e0cb82c51811cae094c4784ae681da2a322ae3e790539db2a1bd113e,
1890,834-MOS,So Real Cheap & Chic Moschino,Moschino,So Real Cheap Chic,CONFIRMED,FOUND,46867,https://www.fragrantica.com/perfume/Moschino/So-Real-Cheap-Chic-46867.html,https://fimgs.net/mdimg/perfume-social-cards/en-p_c_46867.jpeg,fragrantica-scraper-archive/social-cards/images/1890_834-MOS_46867.jpeg,DOWNLOADED,106528,d737bcf9bb4ca1bbe3331e013034b9e97b2734346031660da339f6f6c7ed9bfc,
1889,762-KIL,INTOXICATED - KILIAN,By Kilian,Intoxicated,CONFIRMED,FOUND,25991,https://www.fragrantica.com/perfume/By-Kilian/Intoxicated-25991.html,https://fimgs.net/mdimg/perfume-social-cards/en-p_c_25991.jpeg,fragrantica-scraper-archive/social-cards/images/1889_762-KIL_25991.jpeg,DOWNLOADED,102830,265c7a331380adf9d347a3dbd88b5d463ddf400b76a8b597e1b3c68e51145de7,
1888,252-JOM,Frangipani Flower Cologne Jo Malone,Jo Malone London,Frangipani Flower Cologne,CONFIRMED,FOUND,54458,https://www.fragrantica.com/perfume/Jo-Malone-London/Frangipani-Flower-Cologne-54458.html,https://fimgs.net/mdimg/perfume-social-cards/en-p_c_54458.jpeg,fragrantica-scraper-archive/social-cards/images/1888_252-JOM_54458.jpeg,DOWNLOADED,109391,ef8830bb62c4ed53cc8b5a7de9a2d9fe3469a64c6c9f91ed8d4c4cd865803643,
1883,652-ARM,IN LOVE WITH YOU,Giorgio Armani,Emporio Armani In Love With You,CONFIRMED,FOUND,52801,https://www.fragrantica.com/perfume/Giorgio-Armani/Emporio-Armani-In-Love-With-You-52801.html,https://fimgs.net/mdimg/perfume-social-cards/en-p_c_52801.jpeg,fragrantica-scraper-archive/social-cards/images/1883_652-ARM_52801.jpeg,DOWNLOADED,112562,16a9eb1b028cc58e9d1769c67ddfa68367e7752481364d6ed996f486f08100d0,
1882,1090-COS,,,,CONFIRMED,FOUND,7047,https://www.fragrantica.com/perfume/CoSTUME-NATIONAL/Costume-National-Homme-7047.html,https://fimgs.net/mdimg/perfume-social-cards/en-p_c_7047.jpeg,fragrantica-scraper-archive/social-cards/images/1882_1090-COS_7047.jpeg,DOWNLOADED,113631,ec1e1b3a1d4fc6b45e25a78706957c5420f4e061262123d5e303fda38ecb18dc,
1881,1091-COS,,CoSTUME NATIONAL,Scent Intense,CONFIRMED,FOUND,2305,https://www.fragrantica.com/perfume/CoSTUME-NATIONAL/Scent-Intense-2305.html,https://fimgs.net/mdimg/perfume-social-cards/en-p_c_2305.jpeg,fragrantica-scraper-archive/social-cards/images/1881_1091-COS_2305.jpeg,DOWNLOADED,98006,63b73986217bb8550124c6286999f106da583c0c7626455e3fa4e7007448f6f7,
1880,177-TER,KIRKE - TIZIANA TERENZI,Tiziana Terenzi,Kirke,CONFIRMED,FOUND,32172,https://www.fragrantica.com/perfume/Tiziana-Terenzi/Kirke-32172.html,https://fimgs.net/mdimg/perfume-social-cards/en-p_c_32172.jpeg,fragrantica-scraper-archive/social-cards/images/1880_177-TER_32172.jpeg,DOWNLOADED,96755,9d699af5a72655ead74b4ed0bc2506af7ffb9552608dbe5b51effafba0dbca98,
1879,305-KAY,VANILLA 28 - KAYALI,Kayali Fragrances,Vanilla 28,CONFIRMED,FOUND,52616,https://www.fragrantica.com/perfume/Kayali-Fragrances/Vanilla-28-52616.html,https://fimgs.net/mdimg/perfume-social-cards/en-p_c_52616.jpeg,fragrantica-scraper-archive/social-cards/images/1879_305-KAY_52616.jpeg,DOWNLOADED,105641,934ec80146119300a7305690da948438a31b84b464a3b3c4e2587a023c0ba2b7,
1878,337-TIFF,SHEER - TIFFANY & CO,Tiffany Co,Tiffany  Co Sheer,CONFIRMED,FOUND,12922,https://www.fragrantica.com/perfume/Tiffany/Sheer-Tiffany-12922.html,https://fimgs.net/mdimg/perfume-social-cards/en-p_c_12922.jpeg,fragrantica-scraper-archive/social-cards/images/1878_337-TIFF_12922.jpeg,DOWNLOADED,94672,be6ecb13cb4fd32861019cfe97d2558478ca40daec0b651c1e2abb2e5417e9dc,
1877,453-BYR,Slow Dance,Byredo,Slow Dance,CONFIRMED,FOUND,57007,https://www.fragrantica.com/perfume/Byredo/Slow-Dance-57007.html,https://fimgs.net/mdimg/perfume-social-cards/en-p_c_57007.jpeg,fragrantica-scraper-archive/social-cards/images/1877_453-BYR_57007.jpeg,DOWNLOADED,103780,2e02939bf49e6c836b29668603af5022f3cd770f01f20f8585121afedc4308dc,
1839,233-ESCE,,Escentric Molecules,Molecule 02,CONFIRMED,FOUND,3606,https://www.fragrantica.com/perfume/Escentric-Molecules/Molecule-02-3606.html,https://fimgs.net/mdimg/perfume-social-cards/en-p_c_3606.jpeg,fragrantica-scraper-archive/social-cards/images/1839_233-ESCE_3606.jpeg,DOWNLOADED,84326,aded6d2871e18f706943a9f0149b45e6ba6557139cc91a70f8093cba977c23a5,
1833,271-JOM,Nectarine Blossom & Honey,Jo Malone London,Nectarine Blossom Honey,CONFIRMED,FOUND,3782,https://www.fragrantica.com/perfume/Jo-Malone-London/Nectarine-Blossom-Honey-3782.html,https://fimgs.net/mdimg/perfume-social-cards/en-p_c_3782.jpeg,fragrantica-scraper-archive/social-cards/images/1833_271-JOM_3782.jpeg,DOWNLOADED,113501,b0e3f743b279b1d35eed469675f5b4d7b933fffd7fb4359dd89bbec8455bfcae,
1832,116-EXN,midnight special-ex nihilo,Ex Nihilo,Midnight Special,CONFIRMED,FOUND,45957,https://www.fragrantica.com/perfume/Ex-Nihilo/Midnight-Special-45957.html,https://fimgs.net/mdimg/perfume-social-cards/en-p_c_45957.jpeg,fragrantica-scraper-archive/social-cards/images/1832_116-EXN_45957.jpeg,DOWNLOADED,107618,2ff762197024e36dd57d8171864c740c73632450fc1b060364a5d0f1b62c2054,
1831,115-EXN,fleur narcotique-ex nihilo,Ex Nihilo,Fleur Narcotique,CONFIRMED,FOUND,27571,https://www.fragrantica.com/perfume/Ex-Nihilo/Fleur-Narcotique-27571.html,https://fimgs.net/mdimg/perfume-social-cards/en-p_c_27571.jpeg,fragrantica-scraper-archive/social-cards/images/1831_115-EXN_27571.jpeg,DOWNLOADED,102755,c4b308bb6a8468f8aa75d5b07fb2d5099cb679c57cde521abc211866e06825a9,
1822,722-GUL,La Belle,Jean Paul Gaultier,La Belle,CONFIRMED,FOUND,55786,https://www.fragrantica.com/perfume/Jean-Paul-Gaultier/La-Belle-55786.html,https://fimgs.net/mdimg/perfume-social-cards/en-p_c_55786.jpeg,fragrantica-scraper-archive/social-cards/images/1822_722-GUL_55786.jpeg,DOWNLOADED,101434,c01f5997034405cf5114a4f1aafe94be391fd92a7d8f963a478d3416744b2daf,
1821,339-TMFO,BEAU DE JOUR,Tom Ford,Beau de Jour,CONFIRMED,FOUND,52790,https://www.fragrantica.com/perfume/Tom-Ford/Beau-de-Jour-52790.html,https://fimgs.net/mdimg/perfume-social-cards/en-p_c_52790.jpeg,fragrantica-scraper-archive/social-cards/images/1821_339-TMFO_52790.jpeg,DOWNLOADED,103977,4f483ab2eec4b58decb8998af8fa9c49fe0c1c911497aa5527cefe8bb8072146,
1819,854-NIN,the fragrance otes of NINA ROUGE,Nina Ricci,the fragrance otes of NINA ROUGE,CONFIRMED,FOUND,56162,https://www.fragrantica.com/perfume/Nina-Ricci/Nina-Rouge-56162.html,https://fimgs.net/mdimg/perfume-social-cards/en-p_c_56162.jpeg,fragrantica-scraper-archive/social-cards/images/1819_854-NIN_56162.jpeg,DOWNLOADED,101491,06ec963a56d8a89df5185ce255286c521ed290b3b412b0e75557bebe649baf13,
1818,352-TMFO,MEN EXTREME,Tom Ford,Tom Ford for Men Extreme,CONFIRMED,FOUND,1820,https://www.fragrantica.com/perfume/Tom-Ford/Tom-Ford-for-Men-Extreme-1820.html,https://fimgs.net/mdimg/perfume-social-cards/en-p_c_1820.jpeg,fragrantica-scraper-archive/social-cards/images/1818_352-TMFO_1820.jpeg,DOWNLOADED,101920,e6986af8cf0e7eaea313142c9938a93279ebab300828027d2242369e4c54c00b,
1817,1094-DOL,K KING (2019),Dolce & Gabbana,K KING (2019),CONFIRMED,FOUND,56358,https://www.fragrantica.com/perfume/Dolce-Gabbana/K-by-Dolce-Gabbana-56358.html,https://fimgs.net/mdimg/perfume-social-cards/en-p_c_56358.jpeg,fragrantica-scraper-archive/social-cards/images/1817_1094-DOL_56358.jpeg,DOWNLOADED,118872,241e63cf9b75de13dbf04d13f9cd9c2381795f8f7bc92c053d61ba3d09942774,
1816,181-XER,ALEXANDRIA II,Xerjoff,Alexandria II,CONFIRMED,FOUND,17786,https://www.fragrantica.com/perfume/Xerjoff/Alexandria-II-17786.html,https://fimgs.net/mdimg/perfume-social-cards/en-p_c_17786.jpeg,fragrantica-scraper-archive/social-cards/images/1816_181-XER_17786.jpeg,DOWNLOADED,102070,b4b10f3c9fa44dfd6523a83893532434e658f346e6a6c45fb0b845e060a1f434,
1815,131-LEL,Le Labo Santal 33,Le Labo,Santal 33,CONFIRMED,FOUND,12201,https://www.fragrantica.com/perfume/Le-Labo/Santal-33-12201.html,https://fimgs.net/mdimg/perfume-social-cards/en-p_c_12201.jpeg,fragrantica-scraper-archive/social-cards/images/1815_131-LEL_12201.jpeg,DOWNLOADED,102901,9bc81625416f27ac6559adfe9daa828a8ec62d9dcd5c667dc9505744df2374a0,
1814,153-PARF,Straigh to Heaven,,,CONFIRMED,FOUND,4323,https://www.fragrantica.com/perfume/By-Kilian/Straight-to-Heaven-4323.html,https://fimgs.net/mdimg/perfume-social-cards/en-p_c_4323.jpeg,fragrantica-scraper-archive/social-cards/images/1814_153-PARF_4323.jpeg,DOWNLOADED,104008,d54b186d9e64f99407e54715c9db84f18bbe9a6812433e9eb6d869cdcebbe8a6,
1813,694-GUR,TERRACOTTA LE PARFUM - GUERLAIN,Guerlain,Terracotta Le Parfum,CONFIRMED,FOUND,24785,https://www.fragrantica.com/perfume/Guerlain/Terracotta-Le-Parfum-24785.html,https://fimgs.net/mdimg/perfume-social-cards/en-p_c_24785.jpeg,fragrantica-scraper-archive/social-cards/images/1813_694-GUR_24785.jpeg,DOWNLOADED,111466,da60cc03de3e792d587a80e6568a3110b37407755316a04afd09e05236074753,
1811,449-BYR,BAL D'AFRIQUE,Byredo,Bal d Afrique,CONFIRMED,FOUND,6458,https://www.fragrantica.com/perfume/Byredo/Bal-d-Afrique-6458.html,https://fimgs.net/mdimg/perfume-social-cards/en-p_c_6458.jpeg,fragrantica-scraper-archive/social-cards/images/1811_449-BYR_6458.jpeg,DOWNLOADED,105116,f3f497cca809538ba1ce3c72d6d0ce3373c28ee6e18ad167b33bd0e7328a2327,
1810,1161-HUG,BOSS BOTTLED OUD - HUGO BOSS,Hugo Boss,Boss Bottled Oud,CONFIRMED,FOUND,31141,https://www.fragrantica.com/perfume/Hugo-Boss/Boss-Bottled-Oud-31141.html,https://fimgs.net/mdimg/perfume-social-cards/en-p_c_31141.jpeg,fragrantica-scraper-archive/social-cards/images/1810_1161-HUG_31141.jpeg,DOWNLOADED,102676,03d27c196ee24a67e98a37018f50fd6cfc903bf08cd0c26626955fbd55b11a01,
1808,127-KIL,STRAIGHT TO HEAVEN - KILIAN,By Kilian,Straight to Heaven,CONFIRMED,FOUND,4323,https://www.fragrantica.com/perfume/By-Kilian/Straight-to-Heaven-4323.html,https://fimgs.net/mdimg/perfume-social-cards/en-p_c_4323.jpeg,fragrantica-scraper-archive/social-cards/images/1808_127-KIL_4323.jpeg,DOWNLOADED,104008,d54b186d9e64f99407e54715c9db84f18bbe9a6812433e9eb6d869cdcebbe8a6,
1807,111-BAC,ROUGE 540 - BACCARAT,Baccarat,Rouge 540,CONFIRMED,FOUND,33519,https://www.fragrantica.com/perfume/Maison-Francis-Kurkdjian/Baccarat-Rouge-540-33519.html,https://fimgs.net/mdimg/perfume-social-cards/en-p_c_33519.jpeg,fragrantica-scraper-archive/social-cards/images/1807_111-BAC_33519.jpeg,DOWNLOADED,115005,329b0fdfdc9da71d690de64fbc2ba6933b743d5b0332136ee243a93e080545cc,
1806,195-ARM,VERT MALACHITE,Giorgio Armani,Armani Prive Vert Malachite,CONFIRMED,FOUND,34588,https://www.fragrantica.com/perfume/Giorgio-Armani/Armani-Prive-Vert-Malachite-34588.html,https://fimgs.net/mdimg/perfume-social-cards/en-p_c_34588.jpeg,fragrantica-scraper-archive/social-cards/images/1806_195-ARM_34588.jpeg,DOWNLOADED,105941,85de7698b393057e672e0b8f4e26ea78a7c3d27ed31bc7343f42ab40209883d4,
1805,763-KIL,KISSING BURNS 6,By Kilian,Kissing Burns 6 4 Calories A Minute Wanna Workout,CONFIRMED,FOUND,50496,https://www.fragrantica.com/perfume/By-Kilian/Kissing-Burns-6-4-Calories-A-Minute-Wanna-Workout-50496.html,https://fimgs.net/mdimg/perfume-social-cards/en-p_c_50496.jpeg,fragrantica-scraper-archive/social-cards/images/1805_763-KIL_50496.jpeg,DOWNLOADED,111475,6d0ba01248c1407102b831315dbbab468d5113b3906e41cb73a7a2788a2a3d98,
1804,767-KIL,VOULEZ-VOUS COUCHER AVEC MOI - KILIAN,By Kilian,Voulez Vous Coucher Avec Moi,CONFIRMED,FOUND,31625,https://www.fragrantica.com/perfume/By-Kilian/Voulez-Vous-Coucher-Avec-Moi-31625.html,https://fimgs.net/mdimg/perfume-social-cards/en-p_c_31625.jpeg,fragrantica-scraper-archive/social-cards/images/1804_767-KIL_31625.jpeg,DOWNLOADED,105631,7fa8fa7e56cf800146525043b9e49a73a1ab39939979830134f24f4b8845d6ac,
1803,759-KIL,BAD BOYS ARE NO GOOD BUT GOOD BOYS ARE NO FUN-KILIAN,By Kilian,Bad Boys Are No Good But Good Boys Are No Fun,CONFIRMED,FOUND,50495,https://www.fragrantica.com/perfume/By-Kilian/Bad-Boys-Are-No-Good-But-Good-Boys-Are-No-Fun-50495.html,https://fimgs.net/mdimg/perfume-social-cards/en-p_c_50495.jpeg,fragrantica-scraper-archive/social-cards/images/1803_759-KIL_50495.jpeg,DOWNLOADED,120633,f4bae4f1aae8b5e567c8482519d9d1520c834581632d713a6e69ec1171915db1,
1802,781-LAN,JASMINS MARZIPANE,Lancome,Jasmins Marzipane,CONFIRMED,FOUND,39737,https://www.fragrantica.com/perfume/Lancome/Jasmins-Marzipane-39737.html,https://fimgs.net/mdimg/perfume-social-cards/en-p_c_39737.jpeg,fragrantica-scraper-archive/social-cards/images/1802_781-LAN_39737.jpeg,DOWNLOADED,107242,01d787afa8be81f5448526beb98f2598642ab5386f7fe195be8eb852c7afb7cb,
1801,765-KIL,LOVE DONT BE SHY - KILIAN,By Kilian,Love Don t Be Shy,CONFIRMED,FOUND,4322,https://www.fragrantica.com/perfume/By-Kilian/Love-Don-t-Be-Shy-4322.html,https://fimgs.net/mdimg/perfume-social-cards/en-p_c_4322.jpeg,fragrantica-scraper-archive/social-cards/images/1801_765-KIL_4322.jpeg,DOWNLOADED,96414,b52e9f58de4c9bf01a689430601b083019f49b71ac79f63e97b5d13802790827,
1796,110-ARM,ROSE D'ARABIE,Giorgio Armani,ROSE D'ARABIE,CONFIRMED,FOUND,10886,https://www.fragrantica.com/perfume/Giorgio-Armani/Armani-Prive-Rose-d-Arabie-10886.html,https://fimgs.net/mdimg/perfume-social-cards/en-p_c_10886.jpeg,fragrantica-scraper-archive/social-cards/images/1796_110-ARM_10886.jpeg,DOWNLOADED,98843,28f07af3c1d39281f18f0046d1da030f421b6b926862724166f990edf0a5cce1,
1795,1058-CAR,BAD BOY,Carolina Herrera,Bad Boy,CONFIRMED,FOUND,55449,https://www.fragrantica.com/perfume/Carolina-Herrera/Bad-Boy-55449.html,https://fimgs.net/mdimg/perfume-social-cards/en-p_c_55449.jpeg,fragrantica-scraper-archive/social-cards/images/1795_1058-CAR_55449.jpeg,DOWNLOADED,103667,53f412732f99483a3cc233c63d26c430ba82d573d111c1eace0261a6d6705b3d,
1794,780-LAN,IDOLE,Lancome,Idole,CONFIRMED,FOUND,55795,https://www.fragrantica.com/perfume/Lancome/Idole-55795.html,https://fimgs.net/mdimg/perfume-social-cards/en-p_c_55795.jpeg,fragrantica-scraper-archive/social-cards/images/1794_780-LAN_55795.jpeg,DOWNLOADED,92381,272b279017ae902124944138f07a9586897937877b46646bbb67a5bdf859b8ea,
1793,981-YZLO,LIBRE,Yves Saint Laurent,Libre,CONFIRMED,FOUND,56077,https://www.fragrantica.com/perfume/Yves-Saint-Laurent/Libre-56077.html,https://fimgs.net/mdimg/perfume-social-cards/en-p_c_56077.jpeg,fragrantica-scraper-archive/social-cards/images/1793_981-YZLO_56077.jpeg,DOWNLOADED,100321,f9942a008e314de14df2bb71e87f50243a2681375e3f7c8e0d172df38aff57d5,
1792,760-KIL,BLACK PHANTOM - KILIAN,By Kilian,Black Phantom,CONFIRMED,FOUND,43632,https://www.fragrantica.com/perfume/By-Kilian/Black-Phantom-43632.html,https://fimgs.net/mdimg/perfume-social-cards/en-p_c_43632.jpeg,fragrantica-scraper-archive/social-cards/images/1792_760-KIL_43632.jpeg,DOWNLOADED,105227,4473c86a66e683fd99fa90638b4ff6a953ad560a7b630a66fb4cffcbdf06ce11,
1791,138-KUR,OUD CASHMERE MOOD,Maison Francis Kurkdjian,Oud Cashmere Mood,CONFIRMED,FOUND,17661,https://www.fragrantica.com/perfume/Maison-Francis-Kurkdjian/Oud-Cashmere-Mood-17661.html,https://fimgs.net/mdimg/perfume-social-cards/en-p_c_17661.jpeg,fragrantica-scraper-archive/social-cards/images/1791_138-KUR_17661.jpeg,DOWNLOADED,105854,f69db25e09f8b1e6fa993350779f03b8b2ac215143617f3a69f00aaa1d356490,
1790,139-KUR,OUD SATIN MOOD,Maison Francis Kurkdjian,Oud Satin Mood,CONFIRMED,FOUND,30352,https://www.fragrantica.com/perfume/Maison-Francis-Kurkdjian/Oud-Satin-Mood-30352.html,https://fimgs.net/mdimg/perfume-social-cards/en-p_c_30352.jpeg,fragrantica-scraper-archive/social-cards/images/1790_139-KUR_30352.jpeg,DOWNLOADED,108211,873e6239fef47f75c47622a20c3173ea4a0d0d25fc312a5deb3fa8fa0319dc84,
1789,495-CHA,ALLURE SENSUELLE,Chanel,Allure Sensuelle,CONFIRMED,FOUND,606,https://www.fragrantica.com/perfume/Chanel/Allure-Sensuelle-606.html,https://fimgs.net/mdimg/perfume-social-cards/en-p_c_606.jpeg,fragrantica-scraper-archive/social-cards/images/1789_495-CHA_606.jpeg,DOWNLOADED,105577,14676231a0f6fee646eb5247446038dfbb39854f4cea46086dcb508934f89422,
1788,350-TMFO,LOST CHERRY,Tom Ford,Lost Cherry,CONFIRMED,FOUND,51411,https://www.fragrantica.com/perfume/Tom-Ford/Lost-Cherry-51411.html,https://fimgs.net/mdimg/perfume-social-cards/en-p_c_51411.jpeg,fragrantica-scraper-archive/social-cards/images/1788_350-TMFO_51411.jpeg,DOWNLOADED,103728,d137084880734ceba5ff07f7125a0825224fc9b2d5435c1105572f67d9af2dcf,
1787,792-LAN,OUD AMBROISIE,Lancome,Oud Ambroisie,CONFIRMED,FOUND,39740,https://www.fragrantica.com/perfume/Lancome/Oud-Ambroisie-39740.html,https://fimgs.net/mdimg/perfume-social-cards/en-p_c_39740.jpeg,fragrantica-scraper-archive/social-cards/images/1787_792-LAN_39740.jpeg,DOWNLOADED,128197,19e721a21b74de11bc24d194bd1fea99471c6e94482bff2cd33cc776e39ba888,
1786,154-PARF,LAYTON - PARFUMS DE MARLY,Parfums de Marly,Layton,CONFIRMED,FOUND,39314,https://www.fragrantica.com/perfume/Parfums-de-Marly/Layton-39314.html,https://fimgs.net/mdimg/perfume-social-cards/en-p_c_39314.jpeg,fragrantica-scraper-archive/social-cards/images/1786_154-PARF_39314.jpeg,DOWNLOADED,103286,3833b2a72db5433cae804ba2a6e6e54f859ed824f5045ca00251edaccf93fbfb,
1782,757-KIL,ADULTS - KILIAN,By Kilian,Let s Settle This Argument Like Adults In The Bedroom Naked,CONFIRMED,FOUND,50498,https://www.fragrantica.com/perfume/By-Kilian/Let-s-Settle-This-Argument-Like-Adults-In-The-Bedroom-Naked-50498.html,https://fimgs.net/mdimg/perfume-social-cards/en-p_c_50498.jpeg,fragrantica-scraper-archive/social-cards/images/1782_757-KIL_50498.jpeg,DOWNLOADED,115920,2713f057e62fe1d16e18263f87467c9025e8dffd4eff058a9307f50c7638962e,
1781,408-BAT,WARM VANILLA SUGAR,,,CONFIRMED,FOUND,3545,https://www.fragrantica.com/perfume/Bath-Body-Works/Warm-Vanilla-Sugar-3545.html,https://fimgs.net/mdimg/perfume-social-cards/en-p_c_3545.jpeg,fragrantica-scraper-archive/social-cards/images/1781_408-BAT_3545.jpeg,DOWNLOADED,104073,d036eea468da52419d23af355a1143773674492a048c67461450c267db6efdbe,
1780,699-HER,EAU DES MERVEILLES BLEUE - HERMES,Hermes,Eau des Merveilles Bleue,CONFIRMED,FOUND,42747,https://www.fragrantica.com/perfume/Hermes/Eau-des-Merveilles-Bleue-42747.html,https://fimgs.net/mdimg/perfume-social-cards/en-p_c_42747.jpeg,fragrantica-scraper-archive/social-cards/images/1780_699-HER_42747.jpeg,DOWNLOADED,107349,3bc05ae9c97e374ba6a5bcc0da2430048bf966d3b578187bae92d1cc5e28613b,
1779,466-CAL,CALVIN KLEIN WOMEN - CALVIN KLEIN,Calvin Klein,Calvin Klein Women,CONFIRMED,FOUND,50662,https://www.fragrantica.com/perfume/Calvin-Klein/Calvin-Klein-Women-50662.html,https://fimgs.net/mdimg/perfume-social-cards/en-p_c_50662.jpeg,fragrantica-scraper-archive/social-cards/images/1779_466-CAL_50662.jpeg,DOWNLOADED,108819,ffe56948129f6d4b7298524dbd1a0db49e1870c31f16389e0a72b8926dcf4e30,
1778,990-YZLO,Supreme Bouquet,Yves Saint Laurent,Supreme Bouquet,CONFIRMED,FOUND,18369,https://www.fragrantica.com/perfume/Yves-Saint-Laurent/Supreme-Bouquet-18369.html,https://fimgs.net/mdimg/perfume-social-cards/en-p_c_18369.jpeg,fragrantica-scraper-archive/social-cards/images/1778_990-YZLO_18369.jpeg,DOWNLOADED,109754,b1f65cdc4789dc06b2ca1b2677f020bf3378f1171ea74c82a8fb537b555acacb,
1777,615-EST,BEAUTIFUL BELLE - ESTEE LAUDER,Estee Lauder,Beautiful Belle,CONFIRMED,FOUND,50793,https://www.fragrantica.com/perfume/Estee-Lauder/Beautiful-Belle-50793.html,https://fimgs.net/mdimg/perfume-social-cards/en-p_c_50793.jpeg,fragrantica-scraper-archive/social-cards/images/1777_615-EST_50793.jpeg,DOWNLOADED,102420,fe1771322f5ab9bc4ac0fa123393471b97f6f09fe736a1e8d3e5a2d07bc08f46,
1776,1187-JOV,,Jōvan,White Musk for Women,CONFIRMED,FOUND,7524,https://www.fragrantica.com/perfume/Jovan/White-Musk-7524.html,https://fimgs.net/mdimg/perfume-social-cards/en-p_c_7524.jpeg,fragrantica-scraper-archive/social-cards/images/1776_1187-JOV_7524.jpeg,DOWNLOADED,103621,2bf611124b0e94307dc43d4f82ec70bdb5785a8c47a777f0835440e19176b54e,
1775,848-NRO,,Narciso Rodriguez,Narciso Rodriguez For Her,CONFIRMED,FOUND,209,https://www.fragrantica.com/perfume/Narciso-Rodriguez/Narciso-Rodriguez-For-Her-209.html,https://fimgs.net/mdimg/perfume-social-cards/en-p_c_209.jpeg,fragrantica-scraper-archive/social-cards/images/1775_848-NRO_209.jpeg,DOWNLOADED,95402,eaeaaa3392287835fccb0000d1d644bb77e996748a2a3e3dba8b78b3e9762c1c,
1774,647-ARM,CODE CASHMERE,Giorgio Armani,Armani Code Cashmere,CONFIRMED,FOUND,42278,https://www.fragrantica.com/perfume/Giorgio-Armani/Armani-Code-Cashmere-42278.html,https://fimgs.net/mdimg/perfume-social-cards/en-p_c_42278.jpeg,fragrantica-scraper-archive/social-cards/images/1774_647-ARM_42278.jpeg,DOWNLOADED,94988,22800269ffac095d090c8c8d3ed6891ef8280b8e922cf96c6069929ad70dc003,
1771,731-JIM,,Jimmy Choo,Fever,CONFIRMED,FOUND,49615,https://www.fragrantica.com/perfume/Jimmy-Choo/Jimmy-Choo-Fever-49615.html,https://fimgs.net/mdimg/perfume-social-cards/en-p_c_49615.jpeg,fragrantica-scraper-archive/social-cards/images/1771_731-JIM_49615.jpeg,DOWNLOADED,114141,0f6e6c6fee933506066e9af0a550f7fd21448f499904da2046ae31f094d889c6,
1769,656-ARM,SI FIORI,Giorgio Armani,Si Fiori,CONFIRMED,FOUND,53243,https://www.fragrantica.com/perfume/Giorgio-Armani/Si-Fiori-53243.html,https://fimgs.net/mdimg/perfume-social-cards/en-p_c_53243.jpeg,fragrantica-scraper-archive/social-cards/images/1769_656-ARM_53243.jpeg,DOWNLOADED,96128,6c1023910047066bf4fc70227b01b6c990d4a2a8da38328daac5247dec9de506,
1768,785-LAN,LA VIE EST BELLE EN ROSE,Lancome,La Vie est Belle en Rose,CONFIRMED,FOUND,53345,https://www.fragrantica.com/perfume/Lancome/La-Vie-est-Belle-en-Rose-53345.html,https://fimgs.net/mdimg/perfume-social-cards/en-p_c_53345.jpeg,fragrantica-scraper-archive/social-cards/images/1768_785-LAN_53345.jpeg,DOWNLOADED,109341,b30d14dc5e5cff0a847a50f3fc52f98cc71842617db0fe299f78d3d1feb203ca,
1766,605-ESC,MIAMI BLOSSOM - ESCADA,Escada,Miami Blossom,CONFIRMED,FOUND,53054,https://www.fragrantica.com/perfume/Escada/Miami-Blossom-53054.html,https://fimgs.net/mdimg/perfume-social-cards/en-p_c_53054.jpeg,fragrantica-scraper-archive/social-cards/images/1766_605-ESC_53054.jpeg,DOWNLOADED,98531,9cce79757af42f99ec62680586cdecab8dbf0525313845562406b9c7c8b7b06e,
1765,936-VAL,DONNA - VALENTINO,Valentino,Valentino Donna,CONFIRMED,FOUND,31411,https://www.fragrantica.com/perfume/Valentino/Valentino-Donna-31411.html,https://fimgs.net/mdimg/perfume-social-cards/en-p_c_31411.jpeg,fragrantica-scraper-archive/social-cards/images/1765_936-VAL_31411.jpeg,DOWNLOADED,116566,fe9aea3ef19b268ff958dd603c584f2ac598aced6b1f38f5f188b0a2cce95f6b,
1764,345-TMFO,FOUGERE D ARGENT,Tom Ford,Fougere d Argent,CONFIRMED,FOUND,50458,https://www.fragrantica.com/perfume/Tom-Ford/Fougere-d-Argent-50458.html,https://fimgs.net/mdimg/perfume-social-cards/en-p_c_50458.jpeg,fragrantica-scraper-archive/social-cards/images/1764_345-TMFO_50458.jpeg,DOWNLOADED,107104,5b79d66e03e6fb1c77c40df80468b5dbd8a603c24e890580b099dc7b7aa6e06d,
1763,391-ACQ,peonia nobile,Acqua di Parma,Peonia Nobile,CONFIRMED,FOUND,40154,https://www.fragrantica.com/perfume/Acqua-di-Parma/Peonia-Nobile-40154.html,https://fimgs.net/mdimg/perfume-social-cards/en-p_c_40154.jpeg,fragrantica-scraper-archive/social-cards/images/1763_391-ACQ_40154.jpeg,DOWNLOADED,108171,6f34079a37a3b1d0271ff20985c9aa6838c9f3b8c809c8c14a4c5185b23dd31a,
1762,1188-KAR,,Karl Lagerfeld,Bois de Vetiver,CONFIRMED,FOUND,45857,https://www.fragrantica.com/perfume/Karl-Lagerfeld/Bois-de-Vetiver-45857.html,https://fimgs.net/mdimg/perfume-social-cards/en-p_c_45857.jpeg,fragrantica-scraper-archive/social-cards/images/1762_1188-KAR_45857.jpeg,DOWNLOADED,103118,f7779c7c78c4b9203cdb83e678c465f6e413576d1b9dd88e223863cc0b1b72ac,
1419,,,,,CONFIRMED,FOUND,28237,https://www.fragrantica.com/perfume/Yas-Perfumes/Huboob-Yas-28237.html,https://fimgs.net/mdimg/perfume-social-cards/en-p_c_28237.jpeg,fragrantica-scraper-archive/social-cards/images/1419_unknown_28237.jpeg,DOWNLOADED,107879,ffb4ea0a70730f10d4fd3784cd5e41c71d0309a6235726e2da1c5463ef11dd97,
1418,182-XER,Comandante,Xerjoff,Comandante,CONFIRMED,FOUND,16448,https://www.fragrantica.com/perfume/Xerjoff/Comandante-16448.html,https://fimgs.net/mdimg/perfume-social-cards/en-p_c_16448.jpeg,fragrantica-scraper-archive/social-cards/images/1418_182-XER_16448.jpeg,DOWNLOADED,102860,d7b2618286894cf3e7a950ca401f8da9d965998e66a84044e6ef43096de3ddd5,
1417,183-XER,Don,Xerjoff,Don,CONFIRMED,FOUND,26709,https://www.fragrantica.com/perfume/Xerjoff/Don-26709.html,https://fimgs.net/mdimg/perfume-social-cards/en-p_c_26709.jpeg,fragrantica-scraper-archive/social-cards/images/1417_183-XER_26709.jpeg,DOWNLOADED,94918,47f6ec968e3798f10d2646f110a92cdcde7f1758e61685635e33480c954c8bb0,
1416,175-SHA,,Shaik,Opulent Shaik Classic No 33,CONFIRMED,FOUND,2776,https://www.fragrantica.com/perfume/Shaik/Opulent-Shaik-Classic-No-33-2776.html,https://fimgs.net/mdimg/perfume-social-cards/en-p_c_2776.jpeg,fragrantica-scraper-archive/social-cards/images/1416_175-SHA_2776.jpeg,DOWNLOADED,109887,8ee372f1fc59244b951e8778f4a2b61e53cb63388ec71e68434d9623cdc79b09,
1415,168-RAS,,Rasasi,Daarej pour Femme,CONFIRMED,FOUND,19687,https://www.fragrantica.com/perfume/Rasasi/Dareej-19687.html,https://fimgs.net/mdimg/perfume-social-cards/en-p_c_19687.jpeg,fragrantica-scraper-archive/social-cards/images/1415_168-RAS_19687.jpeg,DOWNLOADED,106634,9e2101f198c4636ea98c11b27494d6a9500e169fd074b8f573fa2f376942233d,
1414,167-RAS,,Rasasi,Daarej pour Homme,CONFIRMED,FOUND,19688,https://www.fragrantica.com/perfume/Rasasi/Daarej-19688.html,https://fimgs.net/mdimg/perfume-social-cards/en-p_c_19688.jpeg,fragrantica-scraper-archive/social-cards/images/1414_167-RAS_19688.jpeg,DOWNLOADED,109808,e326885b949e0e6b69f3da2a37b0dfc4d0976d655794b77c93f52ee5886a94bd,
1413,156-PARF,OAJAN (U) - Parfums de Marly,Parfums de Marly,Oajan,CONFIRMED,FOUND,21548,https://www.fragrantica.com/perfume/Parfums-de-Marly/Oajan-21548.html,https://fimgs.net/mdimg/perfume-social-cards/en-p_c_21548.jpeg,fragrantica-scraper-archive/social-cards/images/1413_156-PARF_21548.jpeg,DOWNLOADED,100319,3f51d3caee82ec5460e7b137f3319fac223eaf4ef8c4b02d8ffbb5fec9ef5670,
1412,149-PARF,CARLISLE (U) - PARFUMS DE MARLY,Parfums de Marly,Carlisle,CONFIRMED,FOUND,33514,https://www.fragrantica.com/perfume/Parfums-de-Marly/Carlisle-33514.html,https://fimgs.net/mdimg/perfume-social-cards/en-p_c_33514.jpeg,fragrantica-scraper-archive/social-cards/images/1412_149-PARF_33514.jpeg,DOWNLOADED,101567,1292f38c8acab725fe703eeb468693ebff35899f06266e4e119daf5687f17f74,
1411,148-PARF,ATHALIA (W) - PARFUMS DE MARLY,Parfums de Marly,Athalia,CONFIRMED,FOUND,36539,https://www.fragrantica.com/perfume/Parfums-de-Marly/Athalia-36539.html,https://fimgs.net/mdimg/perfume-social-cards/en-p_c_36539.jpeg,fragrantica-scraper-archive/social-cards/images/1411_148-PARF_36539.jpeg,DOWNLOADED,95042,eff2462dd9ce494f0aa5cdf690b242e8a367339c4edfb2550ac175d3d2f1914e,
1410,146-MEM,RUSSIAN LEATHER - MEMO PARIS,Memo Paris,Russian Leather,CONFIRMED,FOUND,40544,https://www.fragrantica.com/perfume/Memo-Paris/Russian-Leather-40544.html,https://fimgs.net/mdimg/perfume-social-cards/en-p_c_40544.jpeg,fragrantica-scraper-archive/social-cards/images/1410_146-MEM_40544.jpeg,DOWNLOADED,112220,6048ee368ed3232baf396adbc34bfebb90ca8d276a5c3f8fed0bf13ffc34df71,
1409,118-HAM,REHAN - HAMIDI OUD,Hamidi Oud Perfumes,REHAN - HAMIDI OUD,CONFIRMED,FOUND,27808,https://www.fragrantica.com/perfume/Hamidi-Oud-Perfumes/Rehan-27808.html,https://fimgs.net/mdimg/perfume-social-cards/en-p_c_27808.jpeg,fragrantica-scraper-archive/social-cards/images/1409_118-HAM_27808.jpeg,MISSING,,,HTTP 404
1408,113-DRC,OUD ISPAHAN,Dior,Oud Ispahan,CONFIRMED,FOUND,15231,https://www.fragrantica.com/perfume/Dior/Oud-Ispahan-15231.html,https://fimgs.net/mdimg/perfume-social-cards/en-p_c_15231.jpeg,fragrantica-scraper-archive/social-cards/images/1408_113-DRC_15231.jpeg,DOWNLOADED,101972,e1c786201b4588afc10ffe166e168151b7e0eb701080eab62e3ded84e0d91f16,
1407,107-ARB,TITANIUM - ARABIAN OUD,Arabian Oud,Titanium,CONFIRMED,FOUND,127709,https://www.fragrantica.com/perfume/Arabian-Oud/Titanium-127709.html,https://fimgs.net/mdimg/perfume-social-cards/en-p_c_127709.jpeg,fragrantica-scraper-archive/social-cards/images/1407_107-ARB_127709.jpeg,MISSING,,,HTTP 404
1406,106-ARB,SULTAN - ARABIAN OUD,Arabian Oud,SULTAN - ARABIAN OUD,CONFIRMED,FOUND,21560,https://www.fragrantica.com/parfem/Arabian-Oud/Sultan-Blend-21560.html,https://fimgs.net/mdimg/perfume-social-cards/en-p_c_21560.jpeg,fragrantica-scraper-archive/social-cards/images/1406_106-ARB_21560.jpeg,DOWNLOADED,118177,ca41a73f311e733fb0830a1d4eb7a4292b71e8c968a2784e615fe90527861000,
1405,105-ARB,PRESTIGE CLASSIC - ARABIAN OUD,Arabian Oud,Arabian Prestige Classic,CONFIRMED,FOUND,21602,https://www.fragrantica.com/perfume/Arabian-Oud/Arabian-Prestige-Classic-21602.html,https://fimgs.net/mdimg/perfume-social-cards/en-p_c_21602.jpeg,fragrantica-scraper-archive/social-cards/images/1405_105-ARB_21602.jpeg,DOWNLOADED,99462,2ee1bcd98bc49a563798783c6670a7339d9d099bf97117eadcbcd0713706760c,
1404,104-ARB,KASHMIR - ARABIAN OUD,Arabian Oud,Kashmir,CONFIRMED,FOUND,63057,https://www.fragrantica.com/perfume/Arabian-Oud/Kashmir-63057.html,https://fimgs.net/mdimg/perfume-social-cards/en-p_c_63057.jpeg,fragrantica-scraper-archive/social-cards/images/1404_104-ARB_63057.jpeg,DOWNLOADED,97682,1d50911e35b0890718e142fb3056fe41f2388de893816637a2a8b6921ab2a848,
1403,103-ARB,KALEMAT - ARABIAN OUD,Arabian Oud,Kalemat,CONFIRMED,FOUND,21623,https://www.fragrantica.com/perfume/Arabian-Oud/Kalemat-21623.html,https://fimgs.net/mdimg/perfume-social-cards/en-p_c_21623.jpeg,fragrantica-scraper-archive/social-cards/images/1403_103-ARB_21623.jpeg,DOWNLOADED,106136,f9ac6e35e2b592737f884ed2e0b788be4f74f6a1ee961e0796026047a3496868,
1402,101-AHW,KING'S HAREM - AHWAZ,Ahwaz Fragrance,King s Harem,CONFIRMED,FOUND,42972,https://www.fragrantica.com/perfume/Ahwaz-Fragrance/King-s-Harem-42972.html,https://fimgs.net/mdimg/perfume-social-cards/en-p_c_42972.jpeg,fragrantica-scraper-archive/social-cards/images/1402_101-AHW_42972.jpeg,DOWNLOADED,105987,0dc6d8a8671a41b2d7d359483273be8150214bb5b5bbd66663da94245f48bdaa,
1267,384-YAR,,Yardley,English Rose,CONFIRMED,FOUND,9010,https://www.fragrantica.com/perfume/Yardley/English-Rose-9010.html,https://fimgs.net/mdimg/perfume-social-cards/en-p_c_9010.jpeg,fragrantica-scraper-archive/social-cards/images/1267_384-YAR_9010.jpeg,DOWNLOADED,103624,4027a1c773deb2bae91d32aa38516d1c49e9b846db429fa15c41df35b9935537,
1266,382-YAN,,Yankee Candle,POMEGRANATE CIDER - YANKEE CANDLES,CONFIRMED,UNRESOLVED,,,,,NO_CONFIRMED_ID,,,
1265,381-YAN,,Yankee Candle,FRESH CUT ROSES - YANKEE CANDLES,CONFIRMED,UNRESOLVED,,,,,NO_CONFIRMED_ID,,,
1264,380-YAN,,Yankee Candle,FALL FESTIVAL - YANKEE CANDLES,CONFIRMED,UNRESOLVED,,,,,NO_CONFIRMED_ID,,,
1263,379-YAN,,Yankee Candle,CLEAN COTTON - YANKEE CANDLES,CONFIRMED,UNRESOLVED,,,,,NO_CONFIRMED_ID,,,
1262,378-TMFO,WHITE SUEDE,Tom Ford,White Suede,CONFIRMED,FOUND,6386,https://www.fragrantica.com/perfume/Tom-Ford/White-Suede-6386.html,https://fimgs.net/mdimg/perfume-social-cards/en-p_c_6386.jpeg,fragrantica-scraper-archive/social-cards/images/1262_378-TMFO_6386.jpeg,DOWNLOADED,98060,c92a10d9c6e02d771b678956bad1c580fc8d711c7d4ce3dff2f8d9df51002694,
1261,377-TMFO,WHITE PATCHOULI,Tom Ford,White Patchouli,CONFIRMED,FOUND,3797,https://www.fragrantica.com/perfume/Tom-Ford/White-Patchouli-3797.html,https://fimgs.net/mdimg/perfume-social-cards/en-p_c_3797.jpeg,fragrantica-scraper-archive/social-cards/images/1261_377-TMFO_3797.jpeg,DOWNLOADED,105954,5f15d555131f52e5ff61e1c9ea2a326188653607bd6c8953d9f9065da5a21a16,
1260,376-TMFO,VELVET ORCHID,Tom Ford,Velvet Orchid,CONFIRMED,FOUND,22963,https://www.fragrantica.com/perfume/Tom-Ford/Velvet-Orchid-22963.html,https://fimgs.net/mdimg/perfume-social-cards/en-p_c_22963.jpeg,fragrantica-scraper-archive/social-cards/images/1260_376-TMFO_22963.jpeg,DOWNLOADED,102132,1c4998379603e53dcee8185cb442b3d179559c8cf04951468fcf8d54b67cb34d,
1259,375-TMFO,TUSCAN LEATHER,Tom Ford,Tuscan Leather,CONFIRMED,FOUND,1849,https://www.fragrantica.com/perfume/Tom-Ford/Tuscan-Leather-1849.html,https://fimgs.net/mdimg/perfume-social-cards/en-p_c_1849.jpeg,fragrantica-scraper-archive/social-cards/images/1259_375-TMFO_1849.jpeg,DOWNLOADED,104572,d3fdb23587aea1471e515a880ebe10557a8e7011e99c0c7f0c66c59414897645,
1258,374-TMFO,TOBACCO VANILLE,Tom Ford,Tobacco Vanille,CONFIRMED,FOUND,1825,https://www.fragrantica.com/perfume/Tom-Ford/Tobacco-Vanille-1825.html,https://fimgs.net/mdimg/perfume-social-cards/en-p_c_1825.jpeg,fragrantica-scraper-archive/social-cards/images/1258_374-TMFO_1825.jpeg,DOWNLOADED,111485,6201c0bf714e6ad0842f0684dbf18bbdac67618f1aeaeb8dafac0c1a428c3f18,
1257,373-TMFO,TOBACCO OUD,Tom Ford,Tobacco Oud,CONFIRMED,FOUND,21402,https://www.fragrantica.com/perfume/Tom-Ford/Tobacco-Oud-21402.html,https://fimgs.net/mdimg/perfume-social-cards/en-p_c_21402.jpeg,fragrantica-scraper-archive/social-cards/images/1257_373-TMFO_21402.jpeg,DOWNLOADED,108755,bfde42e9c20ab16d3e6ea29a94952e88a5a7a8f133cf8441537bd7d60ea5d933,
1256,372-TMFO,VANILLE FATALE,Tom Ford,Vanille Fatale,CONFIRMED,FOUND,48029,https://www.fragrantica.com/perfume/Tom-Ford/Vanille-Fatale-48029.html,https://fimgs.net/mdimg/perfume-social-cards/en-p_c_48029.jpeg,fragrantica-scraper-archive/social-cards/images/1256_372-TMFO_48029.jpeg,DOWNLOADED,104737,4bbf86497f39fc18c553f6b2dd1a9ee9c4ef1bf395785079e0cf488b5c3ebd77,
1255,371-TMFO,SOLEIL BLANC,Tom Ford,Soleil Blanc,CONFIRMED,FOUND,34893,https://www.fragrantica.com/perfume/Tom-Ford/Soleil-Blanc-34893.html,https://fimgs.net/mdimg/perfume-social-cards/en-p_c_34893.jpeg,fragrantica-scraper-archive/social-cards/images/1255_371-TMFO_34893.jpeg,DOWNLOADED,95192,a68141d0d119f59cfb0dedecd2bf48af17927bb80ef3dfb7c6b695990a3d56b2,
1254,369-TMFO,SHANGHAI LILY,Tom Ford,Shanghai Lily,CONFIRMED,FOUND,17220,https://www.fragrantica.com/perfume/Tom-Ford/Shanghai-Lily-17220.html,https://fimgs.net/mdimg/perfume-social-cards/en-p_c_17220.jpeg,fragrantica-scraper-archive/social-cards/images/1254_369-TMFO_17220.jpeg,DOWNLOADED,107397,14f1f9f3f40ad3ea11e67569baa0631c21ad6b0d6281e1cefb105b904f44e90e,
1253,368-TMFO,SAHARA NOIR,Tom Ford,Sahara Noir,CONFIRMED,FOUND,17333,https://www.fragrantica.com/perfume/Tom-Ford/Sahara-Noir-17333.html,https://fimgs.net/mdimg/perfume-social-cards/en-p_c_17333.jpeg,fragrantica-scraper-archive/social-cards/images/1253_368-TMFO_17333.jpeg,DOWNLOADED,110683,9f3d0c7f330ead29a8e428cff959c2fd1b0d3f751b3be26e7c17dd2712a396ec,
1252,366-TMFO,PLUM JAPONAIS,Tom Ford,Plum Japonais,CONFIRMED,FOUND,18490,https://www.fragrantica.com/perfume/Tom-Ford/Plum-Japonais-18490.html,https://fimgs.net/mdimg/perfume-social-cards/en-p_c_18490.jpeg,fragrantica-scraper-archive/social-cards/images/1252_366-TMFO_18490.jpeg,DOWNLOADED,103890,0de363c8727297e3c2ebcda8a540a8d7b1fc037ba9b0aa3d484c62c1a62da1d1,
1251,365-TMFO,PATCHOULI ABSOLU,Tom Ford,Patchouli Absolu,CONFIRMED,FOUND,28009,https://www.fragrantica.com/perfume/Tom-Ford/Patchouli-Absolu-28009.html,https://fimgs.net/mdimg/perfume-social-cards/en-p_c_28009.jpeg,fragrantica-scraper-archive/social-cards/images/1251_365-TMFO_28009.jpeg,DOWNLOADED,107589,93993845e32d0eaf2536def769990e65c1414e670407bb87b9df8d3b7283003f,
1250,364-TMFO,OUD WOOD,Tom Ford,Oud Wood,CONFIRMED,FOUND,1826,https://www.fragrantica.com/perfume/Tom-Ford/Oud-Wood-1826.html,https://fimgs.net/mdimg/perfume-social-cards/en-p_c_1826.jpeg,fragrantica-scraper-archive/social-cards/images/1250_364-TMFO_1826.jpeg,DOWNLOADED,104690,b3659e1c29dbeff11b2a81ae8a2fd129f9a4e7c5d77c242c24d15724190aa36d,
1249,363-TMFO,OUD MINERALΕ,Tom Ford,Oud Minerale,CONFIRMED,FOUND,45192,https://www.fragrantica.com/perfume/Tom-Ford/Oud-Minerale-45192.html,https://fimgs.net/mdimg/perfume-social-cards/en-p_c_45192.jpeg,fragrantica-scraper-archive/social-cards/images/1249_363-TMFO_45192.jpeg,DOWNLOADED,102549,10b85ab84bc0e27ad2fab063197724ec36eae95ff05a2be111b6373a04867308,
1247,361-TMFO,OMBRE LEATHER,Tom Ford,Ombré Leather (2018),CONFIRMED,FOUND,50239,https://www.fragrantica.com/perfume/Tom-Ford/Ombre-Leather-2018-50239.html,https://fimgs.net/mdimg/perfume-social-cards/en-p_c_50239.jpeg,fragrantica-scraper-archive/social-cards/images/1247_361-TMFO_50239.jpeg,DOWNLOADED,105483,04fceaffe6623d04ebd2c0f54ea68a64546ff400a4d17cd2462ca7bb23511c21,
1246,360-TMFO,NOIR POUR FEMME,Tom Ford,Noir Pour Femme,CONFIRMED,FOUND,30957,https://www.fragrantica.com/perfume/Tom-Ford/Noir-Pour-Femme-30957.html,https://fimgs.net/mdimg/perfume-social-cards/en-p_c_30957.jpeg,fragrantica-scraper-archive/social-cards/images/1246_360-TMFO_30957.jpeg,DOWNLOADED,112405,45a7c39ec555ef9f6c7ac028d83d0dab71b789a98284ed823f673d5f856f7734,
1245,359-TMFO,NOIR EXTREME,Tom Ford,Noir Extreme,CONFIRMED,FOUND,29675,https://www.fragrantica.com/perfume/Tom-Ford/Noir-Extreme-29675.html,https://fimgs.net/mdimg/perfume-social-cards/en-p_c_29675.jpeg,fragrantica-scraper-archive/social-cards/images/1245_359-TMFO_29675.jpeg,DOWNLOADED,105550,b5f0003cc300059a3f904cc556fe366e32c4f6aa19152e2ce21dd2e6fc3b58c3,
1244,358-TMFO,NOIR DE NOIR,Tom Ford,Noir de Noir,CONFIRMED,FOUND,1822,https://www.fragrantica.com/perfume/Tom-Ford/Noir-de-Noir-1822.html,https://fimgs.net/mdimg/perfume-social-cards/en-p_c_1822.jpeg,fragrantica-scraper-archive/social-cards/images/1244_358-TMFO_1822.jpeg,DOWNLOADED,102772,c65cad20fdeb13d20948480956fec6fab7cd32fdafd98f4c51c1d33833bf2eca,
1243,355-TMFO,NEROLI PORTOFINO,Tom Ford,Neroli Portofino,CONFIRMED,FOUND,12192,https://www.fragrantica.com/perfume/Tom-Ford/Neroli-Portofino-12192.html,https://fimgs.net/mdimg/perfume-social-cards/en-p_c_12192.jpeg,fragrantica-scraper-archive/social-cards/images/1243_355-TMFO_12192.jpeg,DOWNLOADED,106252,d63611f0028f9b1466e3265aa533d61de7dc90f541f536e3af8729cbee42b0f1,
1242,354-TMFO,NOIR ANTHRACITE,Tom Ford,Noir Anthracite,CONFIRMED,FOUND,45691,https://www.fragrantica.com/perfume/Tom-Ford/Noir-Anthracite-45691.html,https://fimgs.net/mdimg/perfume-social-cards/en-p_c_45691.jpeg,fragrantica-scraper-archive/social-cards/images/1242_354-TMFO_45691.jpeg,DOWNLOADED,113037,22066cfce4dfc58f85b5d18d3e09fda0463632d975e255e2fcd0a3023a11602c,
1241,351-TMFO,MANDARINO DI AMALFI,Tom Ford,Mandarino di Amalfi,CONFIRMED,FOUND,25481,https://www.fragrantica.com/perfume/Tom-Ford/Mandarino-di-Amalfi-25481.html,https://fimgs.net/mdimg/perfume-social-cards/en-p_c_25481.jpeg,fragrantica-scraper-archive/social-cards/images/1241_351-TMFO_25481.jpeg,DOWNLOADED,106754,bd57d453937114a8b56cac5f43713e9bf5ded60f81c175d039a2f98af3941f86,
1240,349-TMFO,JAPON NOIR,Tom Ford,Japon Noir,CONFIRMED,FOUND,1851,https://www.fragrantica.com/perfume/Tom-Ford/Japon-Noir-1851.html,https://fimgs.net/mdimg/perfume-social-cards/en-p_c_1851.jpeg,fragrantica-scraper-archive/social-cards/images/1240_349-TMFO_1851.jpeg,DOWNLOADED,100969,60a1d2a5a575c02db105db2067ee67537b4bda0f34c7c55e98c1a1000b181aa1,
1239,348-TMFO,ITALIAN CYPRESS,Tom Ford,Italian Cypress,CONFIRMED,FOUND,4329,https://www.fragrantica.com/perfume/Tom-Ford/Italian-Cypress-4329.html,https://fimgs.net/mdimg/perfume-social-cards/en-p_c_4329.jpeg,fragrantica-scraper-archive/social-cards/images/1239_348-TMFO_4329.jpeg,DOWNLOADED,102971,0f8fafb92dcbf2475c8c3488f1ee27c8de156939e7f6fb8f64c81a2a79f93806,
1238,346-TMFO,FUCKING FABULOUS,Tom Ford,Fucking Fabulous,CONFIRMED,FOUND,46513,https://www.fragrantica.com/perfume/Tom-Ford/Fucking-Fabulous-46513.html,https://fimgs.net/mdimg/perfume-social-cards/en-p_c_46513.jpeg,fragrantica-scraper-archive/social-cards/images/1238_346-TMFO_46513.jpeg,DOWNLOADED,96377,551a65c3a5c34a714a0dc97b749ed6c060a6b9f19017e66ebeb4599e59ba49c9,
1237,344-TMFO,COSTA AZZURA,Tom Ford,COSTA AZZURA,CONFIRMED,FOUND,25482,https://www.fragrantica.com/perfume/Tom-Ford/Costa-Azzurra-25482.html,https://fimgs.net/mdimg/perfume-social-cards/en-p_c_25482.jpeg,fragrantica-scraper-archive/social-cards/images/1237_344-TMFO_25482.jpeg,DOWNLOADED,105900,84d37923d82aa683c3d40af46187d2031e29347e9c31ff4b9218a99ba73d9f3a,
1236,343-TMFO,CAFÉ ROSE,Tom Ford,Cafe Rose,CONFIRMED,FOUND,15913,https://www.fragrantica.com/perfume/Tom-Ford/Cafe-Rose-15913.html,https://fimgs.net/mdimg/perfume-social-cards/en-p_c_15913.jpeg,fragrantica-scraper-archive/social-cards/images/1236_343-TMFO_15913.jpeg,DOWNLOADED,101630,2f1727f22e33a2ed454f86756795d8e776e2ef989bb68cddafec6d964eaf2a81,
1235,342-TMFO,BLACK VIOLET,Tom Ford,Black Violet,CONFIRMED,FOUND,1823,https://www.fragrantica.com/perfume/Tom-Ford/Black-Violet-1823.html,https://fimgs.net/mdimg/perfume-social-cards/en-p_c_1823.jpeg,fragrantica-scraper-archive/social-cards/images/1235_342-TMFO_1823.jpeg,DOWNLOADED,103117,0dbebf1c4c8235fd2563b71ce2ea56140e54fbe6332fd2981418230916b09106,
1234,340-TMFO,BLACK ORCHID,Tom Ford,Black Orchid,CONFIRMED,FOUND,1018,https://www.fragrantica.com/perfume/Tom-Ford/Black-Orchid-1018.html,https://fimgs.net/mdimg/perfume-social-cards/en-p_c_1018.jpeg,fragrantica-scraper-archive/social-cards/images/1234_340-TMFO_1018.jpeg,DOWNLOADED,108189,409f0445e418a82ba39e64107241a0b5ea2d40eaa74fc478f5ba02cbd31f94e9,
1233,338-TMFO,ARABIAN WOOD,Tom Ford,Arabian Wood,CONFIRMED,FOUND,6363,https://www.fragrantica.com/perfume/Tom-Ford/Arabian-Wood-6363.html,https://fimgs.net/mdimg/perfume-social-cards/en-p_c_6363.jpeg,fragrantica-scraper-archive/social-cards/images/1233_338-TMFO_6363.jpeg,DOWNLOADED,101028,5f0d84b3a6734984bd22d69d2c6920f63c2baaef03ae9557759355f5d0f41c3c,
1232,336-THCO,NARCISSUS NOIR - THE WHITE COMPANY,The White Company,NARCISSUS NOIR - THE WHITE COMPANY,CONFIRMED,UNRESOLVED,,,,,NO_CONFIRMED_ID,,,
1231,335-THCO,CASHMERE BLANC - THE WHITE COMPANY,The White Company,CASHMERE BLANC - THE WHITE COMPANY,CONFIRMED,UNRESOLVED,,,,,NO_CONFIRMED_ID,,,
1230,334-SHI,,,,AMBIGUOUS,NOT_FOUND,,,,,NO_CONFIRMED_ID,,,
1226,332-RAM,,Ramon Monegal,Dry Wood,CONFIRMED,FOUND,15503,https://www.fragrantica.com/perfume/Ramon-Monegal/Dry-Wood-15503.html,https://fimgs.net/mdimg/perfume-social-cards/en-p_c_15503.jpeg,fragrantica-scraper-archive/social-cards/images/1226_332-RAM_15503.jpeg,DOWNLOADED,105178,c282edc044b0a86666fbc3899959d0e54df80c84fb12bdcae0c00c76b2205247,
1225,331-PG,,,,AMBIGUOUS,NOT_FOUND,,,,,NO_CONFIRMED_ID,,,
1224,330-PG,,,,AMBIGUOUS,NOT_FOUND,,,,,NO_CONFIRMED_ID,,,
1222,327-PECK,,Pecksniff's,MISTRAAL - PECKSNIFF'S Perfumes,CONFIRMED,FOUND,31584,https://www.fragrantica.com/perfume/Pecksniff-s/Mistraal-31584.html,https://fimgs.net/mdimg/perfume-social-cards/en-p_c_31584.jpeg,fragrantica-scraper-archive/social-cards/images/1222_327-PECK_31584.jpeg,DOWNLOADED,126615,c801eb55fc1ebd4b64c3b4609a86897679d0b85cb7e2c67d90de1ac42394c9a3,
1221,326-PECK,,Pecksniff's,CALM - PECKSNIFF'S,CONFIRMED,UNRESOLVED,,,,,NO_CONFIRMED_ID,,,
1220,325-PECK,,Pecksniff's,BLACK OAK & CEDAR - PECKSNIFF'S,CONFIRMED,FOUND,31590,https://www.fragrantica.com/perfume/Pecksniff-s/Black-Oak-Cedar-31590.html,https://fimgs.net/mdimg/perfume-social-cards/en-p_c_31590.jpeg,fragrantica-scraper-archive/social-cards/images/1220_325-PECK_31590.jpeg,MISSING,,,HTTP 404
1219,324-PARFD,BOIS DE PARADIS - PARFUMS DELRAE,Parfums DelRae,Bois de Paradis,CONFIRMED,FOUND,2662,https://www.fragrantica.com/perfume/Parfums-DelRae/Bois-de-Paradis-2662.html,https://fimgs.net/mdimg/perfume-social-cards/en-p_c_2662.jpeg,fragrantica-scraper-archive/social-cards/images/1219_324-PARFD_2662.jpeg,DOWNLOADED,111275,abf3100adc47ba299d06937819dc52f5ab441c39c6f445b5a663c71413f92a68,
1216,321-NAS,,Nasomatto,Black Afgano,CONFIRMED,FOUND,6472,https://www.fragrantica.com/perfume/Nasomatto/Black-Afgano-6472.html,https://fimgs.net/mdimg/perfume-social-cards/en-p_c_6472.jpeg,fragrantica-scraper-archive/social-cards/images/1216_321-NAS_6472.jpeg,DOWNLOADED,102659,fd326ab4be88ca8b0554cbbf8e813dddb7245127f472939999b7e01dd45257f0,
1214,319-MNT,THE NEW ROSE - MONTALE,Montale,The New Rose,CONFIRMED,FOUND,40906,https://www.fragrantica.com/perfume/Montale/The-New-Rose-40906.html,https://fimgs.net/mdimg/perfume-social-cards/en-p_c_40906.jpeg,fragrantica-scraper-archive/social-cards/images/1214_319-MNT_40906.jpeg,DOWNLOADED,105955,ecd5275d39c6378ad5eec7600adc122f221b5472a3d163859441887390863c45,
1213,316-MNT,,Montale,Aoud Velvet,CONFIRMED,FOUND,3786,https://www.fragrantica.com/perfume/Montale/Aoud-Velvet-3786.html,https://fimgs.net/mdimg/perfume-social-cards/en-p_c_3786.jpeg,fragrantica-scraper-archive/social-cards/images/1213_316-MNT_3786.jpeg,DOWNLOADED,108134,ca34de14a0ad7f9d51f59d90d885f836f295e0a29cac6117e974a1a0b1612f15,
1212,315-MNT,AOUD ORANGE - MONTALE,Montale,Orange Aoud,CONFIRMED,FOUND,23365,https://www.fragrantica.com/perfume/Montale/Orange-Aoud-23365.html,https://fimgs.net/mdimg/perfume-social-cards/en-p_c_23365.jpeg,fragrantica-scraper-archive/social-cards/images/1212_315-MNT_23365.jpeg,DOWNLOADED,101824,6aed0f2accb78074d55fc77b5f77f0bc3c1aa7d7797991eb1a3adfe49a6f8397,
1210,313-MOL,,Molton Brown,thai vert-mol,CONFIRMED,UNRESOLVED,,,,,NO_CONFIRMED_ID,,,
1209,312-MOL,,Molton Brown,black pepper-molΞυλώδες Πικάντικο,CONFIRMED,FOUND,951,https://www.fragrantica.com/perfume/Molton-Brown/Black-Pepper-951.html,https://fimgs.net/mdimg/perfume-social-cards/en-p_c_951.jpeg,fragrantica-scraper-archive/social-cards/images/1209_312-MOL_951.jpeg,DOWNLOADED,118140,fea6b81712159ecde6760181364a9ab80cb765b1f5a2d7ee363bc16bfba86de6,
1208,311-MOL,amber cocoon-mol,Molton Brown,amber cocoon-mol,CONFIRMED,UNRESOLVED,,,,,NO_CONFIRMED_ID,,,
1206,309-LOC,,L'Occitane,MAGNOLIA & MURE - L' OCCITANE,CONFIRMED,FOUND,17836,https://www.fragrantica.com/perfume/L-Occitane/Magnolia-Mure-17836.html,https://fimgs.net/mdimg/perfume-social-cards/en-p_c_17836.jpeg,fragrantica-scraper-archive/social-cards/images/1206_309-LOC_17836.jpeg,DOWNLOADED,118504,10d3f892850cc7c7b8b41c77083529f36271bb955fba05d642c85210a564ad85,
1205,308-LOC,,L'Occitane,CITRUS VERBENA - L' OCCITANE,CONFIRMED,FOUND,2224,https://www.fragrantica.com/perfume/-2224.html,https://fimgs.net/mdimg/perfume-social-cards/en-p_c_2224.jpeg,fragrantica-scraper-archive/social-cards/images/1205_308-LOC_2224.jpeg,DOWNLOADED,122789,96edb154776e11145d6703ab51b8db658faf83e6044bbaa8ecc97f50a89a9ed3,
1204,307-LOC,,L'Occitane,PEONY - L' OCCITANE,CONFIRMED,FOUND,8458,https://www.fragrantica.com/perfume/L-Occitane-en-Provence/Peony-8458.html,https://fimgs.net/mdimg/perfume-social-cards/en-p_c_8458.jpeg,fragrantica-scraper-archive/social-cards/images/1204_307-LOC_8458.jpeg,DOWNLOADED,95130,9de1e1a042bb43733dec6c69d6eb5196c24405aa96ef007df71d030cb5aa1b38,
1203,304-KIE,ORIGINAL MUSK - KIEHL'S,,,CONFIRMED,FOUND,6188,https://www.fragrantica.com/perfume/Kiehl-s/Original-Musk-6188.html,https://fimgs.net/mdimg/perfume-social-cards/en-p_c_6188.jpeg,fragrantica-scraper-archive/social-cards/images/1203_304-KIE_6188.jpeg,DOWNLOADED,105246,30cbc93d5f6087dc44012b9b7c8c0f2fd95e135230ac1d0f3d425c7649fa79de,
1202,303-JOM,Wood Sage & Sea Salt Jo Malone,Jo Malone London,Wood Sage Sea Salt,CONFIRMED,FOUND,25529,https://www.fragrantica.com/perfume/Jo-Malone-London/Wood-Sage-Sea-Salt-25529.html,https://fimgs.net/mdimg/perfume-social-cards/en-p_c_25529.jpeg,fragrantica-scraper-archive/social-cards/images/1202_303-JOM_25529.jpeg,DOWNLOADED,107264,87e53b3e420f3f14e602e871cf9be8b206482617b39cb6ee3b2515b4caf4e7a1,
1201,302-JOM,WISTERIA VIOLET - JO MALONE Clone,Jo Malone London,London Rain Wisteria Violet,CONFIRMED,FOUND,22503,https://www.fragrantica.com/perfume/Jo-Malone-London/London-Rain-Wisteria-Violet-22503.html,https://fimgs.net/mdimg/perfume-social-cards/en-p_c_22503.jpeg,fragrantica-scraper-archive/social-cards/images/1201_302-JOM_22503.jpeg,DOWNLOADED,104605,f399dd129652416371f19534aadcd6db972f041d986f6c0c0e9561fd41196388,
1200,301-JOM,"Wild Fig & Cassis Jo Malone Fragrance green, woody, fresh, fruity",Jo Malone London,Wild Fig & Cassis,CONFIRMED,FOUND,4579,https://www.fragrantica.com/perfume/Jo-Malone-London/Wild-Fig-Cassis-4579.html,https://fimgs.net/mdimg/perfume-social-cards/en-p_c_4579.jpeg,fragrantica-scraper-archive/social-cards/images/1200_301-JOM_4579.jpeg,DOWNLOADED,108919,f00d232c6377527695d5b53c707a71e7436c2fb28cc44d23e5619adf61814f55,
1199,300-JOM,WILD BLUEBELL - JO MALONE Type,Jo Malone London,Wild Bluebell,CONFIRMED,FOUND,12310,https://www.fragrantica.com/perfume/Jo-Malone-London/Wild-Bluebell-12310.html,https://fimgs.net/mdimg/perfume-social-cards/en-p_c_12310.jpeg,fragrantica-scraper-archive/social-cards/images/1199_300-JOM_12310.jpeg,DOWNLOADED,104243,98d030a4d1b71424142f21657c6d89f1aa4f6ed45bd159ca7102b3f5c44c9547,
1198,299-JOM,WHITE LILAC & RHUBARB - JO MALONE Clone,Jo Malone London,White Lilac Rhubarb,CONFIRMED,FOUND,14134,https://www.fragrantica.com/perfume/Jo-Malone-London/White-Lilac-Rhubarb-14134.html,https://fimgs.net/mdimg/perfume-social-cards/en-p_c_14134.jpeg,fragrantica-scraper-archive/social-cards/images/1198_299-JOM_14134.jpeg,DOWNLOADED,107508,655cb5dc7b71daec702ab87f50cd7a65c03d03239449694fd229716980a72d5f,
1197,298-JOM,WHITE JASMINE & MINT - JO MALONE,Jo Malone London,White Jasmine Mint,CONFIRMED,FOUND,2278,https://www.fragrantica.com/perfume/Jo-Malone-London/White-Jasmine-Mint-2278.html,https://fimgs.net/mdimg/perfume-social-cards/en-p_c_2278.jpeg,fragrantica-scraper-archive/social-cards/images/1197_298-JOM_2278.jpeg,DOWNLOADED,106342,fc6e72277b9c6e709b1391a0b7745c0bcdcdb98241bf0f232b4280afc7d5ab25,
1196,297-JOM,VINTAGE GARDENIA - JO MALONE type is a Floral fragrance for women,Jo Malone London,Vintage Gardenia,CONFIRMED,FOUND,2289,https://www.fragrantica.com/perfume/Jo-Malone-London/Vintage-Gardenia-2289.html,https://fimgs.net/mdimg/perfume-social-cards/en-p_c_2289.jpeg,fragrantica-scraper-archive/social-cards/images/1196_297-JOM_2289.jpeg,DOWNLOADED,107780,1a3c2eaab0ef7cebe452a289a5dfc69ef2d400722f82abfbec7c12607c8acb57,
1195,295-JOM,VETYVER - JO MALONE is a Woody Aromatic fragrance for women and men,Jo Malone London,Vetyver,CONFIRMED,FOUND,2291,https://www.fragrantica.com/perfume/Jo-Malone-London/Vetyver-2291.html,https://fimgs.net/mdimg/perfume-social-cards/en-p_c_2291.jpeg,fragrantica-scraper-archive/social-cards/images/1195_295-JOM_2291.jpeg,DOWNLOADED,96774,450d43ab06963b750e83f096c1522d42dc5101c7da0143b77e6307a532a73255,
1194,294-JOM,VERBENAS OF PROVENCE - JO MALONE is a Citrus Aromatic fragrance for women,Jo Malone London,Verbenas of Provence,CONFIRMED,FOUND,8922,https://www.fragrantica.com/perfume/Jo-Malone-London/Verbenas-of-Provence-8922.html,https://fimgs.net/mdimg/perfume-social-cards/en-p_c_8922.jpeg,fragrantica-scraper-archive/social-cards/images/1194_294-JOM_8922.jpeg,DOWNLOADED,107140,629250f998f1daa10b184c59fb7e7a6d3e0e9fe8ce57fe973ac3cbf9e38ddd97,
1193,293-JOM,VELVET ROSE OUD - JO MALONE Type is a Oriental Floral fragrance for women and men,Jo Malone London,Velvet Rose Oud,CONFIRMED,FOUND,15286,https://www.fragrantica.com/perfume/Jo-Malone-London/Velvet-Rose-Oud-15286.html,https://fimgs.net/mdimg/perfume-social-cards/en-p_c_15286.jpeg,fragrantica-scraper-archive/social-cards/images/1193_293-JOM_15286.jpeg,DOWNLOADED,98236,436c7e869b1eee0c8c6b40819df587020f3ece428ac3c9c5414dc856c2550585,
1192,292-JOM,VANILLA & ANISE - JO MALONE,Jo Malone London,Vanilla Anise,CONFIRMED,FOUND,6459,https://www.fragrantica.com/perfume/Jo-Malone-London/Vanilla-Anise-6459.html,https://fimgs.net/mdimg/perfume-social-cards/en-p_c_6459.jpeg,fragrantica-scraper-archive/social-cards/images/1192_292-JOM_6459.jpeg,DOWNLOADED,101566,5cc8a7d566a7bc50e85cd7883f67aede7cf99ce99016f361d8881847fd65f035,
1191,290-JOM,SWEET LIME & CEDAR - JO MALONE,Jo Malone London,Sweet Lime Cedar,CONFIRMED,FOUND,5031,https://www.fragrantica.com/perfume/Jo-Malone-London/Sweet-Lime-Cedar-5031.html,https://fimgs.net/mdimg/perfume-social-cards/en-p_c_5031.jpeg,fragrantica-scraper-archive/social-cards/images/1191_290-JOM_5031.jpeg,DOWNLOADED,107584,05b01223d88b357399c233dde5e9226cf479c6ff35fa8848657c7a22cdb9188a,
1190,289-JOM,SWEET ALMON & MACARRON - JO MALONE,Jo Malone,SWEET ALMON & MACARRON - JO MALONE,CONFIRMED,UNRESOLVED,,,,,NO_CONFIRMED_ID,,,
1189,288-JOM,SORREL & LEMON THYME - JO MALONE,Jo Malone London,Sorrel Lemon Thyme,CONFIRMED,FOUND,35878,https://www.fragrantica.com/perfume/Jo-Malone-London/Sorrel-Lemon-Thyme-35878.html,https://fimgs.net/mdimg/perfume-social-cards/en-p_c_35878.jpeg,fragrantica-scraper-archive/social-cards/images/1189_288-JOM_35878.jpeg,DOWNLOADED,105300,23146d8fd5931951a676f239aef0ccf76653f03bb3a4872e9f9ab12624209387,
1188,287-JOM,SILK BLOSSOM - JO MALONE,Jo Malone,Silk Blossom,CONFIRMED,FOUND,24717,https://www.fragrantica.com/perfume/Jo-Malone/Silk-Blossom-24717.html,https://fimgs.net/mdimg/perfume-social-cards/en-p_c_24717.jpeg,fragrantica-scraper-archive/social-cards/images/1188_287-JOM_24717.jpeg,DOWNLOADED,112824,8a60b7ea2b686fb23f650ccdf8841aaf8ce179911e2cedc080a198c544e09020,
1187,286-JOM,SHARDS OF CEDAR & RED THYME - JO MALONE,Jo Malone,SHARDS OF CEDAR & RED THYME - JO MALONE,CONFIRMED,FOUND,37578,https://www.fragrantica.com/perfume/Jo-Loves/Shards-of-Cedar-Red-Thyme-37578.html,https://fimgs.net/mdimg/perfume-social-cards/en-p_c_37578.jpeg,fragrantica-scraper-archive/social-cards/images/1187_286-JOM_37578.jpeg,DOWNLOADED,96262,2b9875b574ebd1aa9083e0da581a58a7e960bb5cf64b9c4618234f382251a023,
1186,285-JOM,SAFFRON - JO MALONE,Jo Malone London,Saffron,CONFIRMED,FOUND,18546,https://www.fragrantica.com/perfume/Jo-Malone-London/Saffron-18546.html,https://fimgs.net/mdimg/perfume-social-cards/en-p_c_18546.jpeg,fragrantica-scraper-archive/social-cards/images/1186_285-JOM_18546.jpeg,DOWNLOADED,105604,72abb439a5356aca132ac7a5a6223626082c2a8c2065cc979bffcda8c1578f1c,
1185,284-JOM,RED ROSES - JO MALONE,Jo Malone London,Red Roses,CONFIRMED,FOUND,5484,https://www.fragrantica.com/perfume/Jo-Malone-London/Red-Roses-5484.html,https://fimgs.net/mdimg/perfume-social-cards/en-p_c_5484.jpeg,fragrantica-scraper-archive/social-cards/images/1185_284-JOM_5484.jpeg,DOWNLOADED,100164,7707d85b816515a6e9f2c6ac2db32315c32690b7054999a7933a90a62829093d,
1184,282-JOM,POMELO - JO MALONE,Jo Malone,POMELO - JO MALONE,CONFIRMED,FOUND,13826,https://www.fragrantica.com/perfume/Jo-Loves/Pomelo-13826.html,https://fimgs.net/mdimg/perfume-social-cards/en-p_c_13826.jpeg,fragrantica-scraper-archive/social-cards/images/1184_282-JOM_13826.jpeg,DOWNLOADED,101750,38ca2e8001350e1ca21be9d9d9425874ede842291b382cb6a76451590a2b74aa,
1183,281-JOM,POMEGRANATE NOIR - JO MALONE,Jo Malone London,Pomegranate Noir,CONFIRMED,FOUND,5581,https://www.fragrantica.com/perfume/Jo-Malone-London/Pomegranate-Noir-5581.html,https://fimgs.net/mdimg/perfume-social-cards/en-p_c_5581.jpeg,fragrantica-scraper-archive/social-cards/images/1183_281-JOM_5581.jpeg,DOWNLOADED,113206,615582f3801172f0cac465731b55cfdfa38c6ade72bfafbc52a281732dcd07c0,
1182,280-JOM,PLUM BLOSSOM - JO MALONE,Jo Malone London,Plum Blossom,CONFIRMED,FOUND,15005,https://www.fragrantica.com/perfume/Jo-Malone-London/Plum-Blossom-15005.html,https://fimgs.net/mdimg/perfume-social-cards/en-p_c_15005.jpeg,fragrantica-scraper-archive/social-cards/images/1182_280-JOM_15005.jpeg,DOWNLOADED,96125,3c396f04ba730f91567d862ec0dda8b7fc5a039bad750117278b2c2c9328acb9,
1181,279-JOM,PINK VETIVER - JO MALONE,Jo Malone,PINK VETIVER - JO MALONE,CONFIRMED,FOUND,16433,https://www.fragrantica.com/perfume/Jo-Loves/Pink-Vetiver-16433.html,https://fimgs.net/mdimg/perfume-social-cards/en-p_c_16433.jpeg,fragrantica-scraper-archive/social-cards/images/1181_279-JOM_16433.jpeg,DOWNLOADED,105558,01f9b9cc655d99a649e2877eb6161071c447696a2890113fe78a98dd632b2f9b,
1180,278-JOM,PEONY & MOSS - JO MALONE,Jo Malone London,Peony Moss,CONFIRMED,FOUND,14135,https://www.fragrantica.com/perfume/Jo-Malone-London/Peony-Moss-14135.html,https://fimgs.net/mdimg/perfume-social-cards/en-p_c_14135.jpeg,fragrantica-scraper-archive/social-cards/images/1180_278-JOM_14135.jpeg,DOWNLOADED,110566,a267d716c1e14be5be05824bb481619f8e6138394599e4b2cb54c17839768558,
1179,277-JOM,PEONY & BLUSH SUEDE - JO MALONE,Jo Malone London,Peony Blush Suede,CONFIRMED,FOUND,18767,https://www.fragrantica.com/perfume/Jo-Malone-London/Peony-Blush-Suede-18767.html,https://fimgs.net/mdimg/perfume-social-cards/en-p_c_18767.jpeg,fragrantica-scraper-archive/social-cards/images/1179_277-JOM_18767.jpeg,DOWNLOADED,107265,2e56e4e57f5500f492d4825ad6b91c8f62bca4385e1c9e54980089ef06e45111,
1178,275-JOM,ORRIS & SANDALWOOD LIMITED EDITION - JO MALONE,Jo Malone London,Orris Sandalwood Limited Edition,CONFIRMED,FOUND,39183,https://www.fragrantica.com/perfume/Jo-Malone-London/Orris-Sandalwood-Limited-Edition-39183.html,https://fimgs.net/mdimg/perfume-social-cards/en-p_c_39183.jpeg,fragrantica-scraper-archive/social-cards/images/1178_275-JOM_39183.jpeg,DOWNLOADED,109036,e352eca992c7b9f1682127f7be695a2a1c0b6825746f84e283d79f2921638cc4,
1177,274-JOM,ORANGE BLOSSOM - JO MALONE,Jo Malone London,Orange Blossom,CONFIRMED,FOUND,2279,https://www.fragrantica.com/perfume/Jo-Malone-London/Orange-Blossom-2279.html,https://fimgs.net/mdimg/perfume-social-cards/en-p_c_2279.jpeg,fragrantica-scraper-archive/social-cards/images/1177_274-JOM_2279.jpeg,DOWNLOADED,105745,78bc617b407bd70148c921ffc388309cf5ecc2c40915c9ff23fd07f6c22c4996,
1176,273-JOM,OOLONG TEA - JO MALONE,Jo Malone London,Oolong Tea,CONFIRMED,FOUND,36749,https://www.fragrantica.com/perfume/Jo-Malone-London/Oolong-Tea-36749.html,https://fimgs.net/mdimg/perfume-social-cards/en-p_c_36749.jpeg,fragrantica-scraper-archive/social-cards/images/1176_273-JOM_36749.jpeg,DOWNLOADED,100992,dac9021cba2043cad197ef2391f0c8e33fd1cc8612e29c2eeb689d00406f3484,
1175,272-JOM,NUTMEG & GINGER - JO MALONE,Jo Malone London,Nutmeg Ginger,CONFIRMED,FOUND,2290,https://www.fragrantica.com/perfume/Jo-Malone-London/Nutmeg-Ginger-2290.html,https://fimgs.net/mdimg/perfume-social-cards/en-p_c_2290.jpeg,fragrantica-scraper-archive/social-cards/images/1175_272-JOM_2290.jpeg,DOWNLOADED,98927,e36db50dc63f9ffade73c118370a26be63eadb7c211e0982704016233726d1ab,
1174,270-JOM,NASTURTIUM & CLOVER - JO MALONE,Jo Malone London,Nasturtium Clover,CONFIRMED,FOUND,35880,https://www.fragrantica.com/perfume/Jo-Malone-London/Nasturtium-Clover-35880.html,https://fimgs.net/mdimg/perfume-social-cards/en-p_c_35880.jpeg,fragrantica-scraper-archive/social-cards/images/1174_270-JOM_35880.jpeg,DOWNLOADED,106736,12a45f3d06660322820738a41cd580378862993426fba335249105ffa46975ce,
1173,268-JOM,MYRRH & TONKA - JO MALONE,Jo Malone London,Myrrh Tonka,CONFIRMED,FOUND,42027,https://www.fragrantica.com/perfume/Jo-Malone-London/Myrrh-Tonka-42027.html,https://fimgs.net/mdimg/perfume-social-cards/en-p_c_42027.jpeg,fragrantica-scraper-archive/social-cards/images/1173_268-JOM_42027.jpeg,DOWNLOADED,101778,8e77422823b41bf1adc015fd684b9f542b6dbffab27b228215463c3e9028b073,
1172,267-JOM,MIMOSA & CARDAMON - JO MALONE,Jo Malone London,Mimosa & Cardamom,CONFIRMED,FOUND,31825,https://www.fragrantica.com/perfume/Jo-Malone-London/Mimosa-Cardamom-31825.html,https://fimgs.net/mdimg/perfume-social-cards/en-p_c_31825.jpeg,fragrantica-scraper-archive/social-cards/images/1172_267-JOM_31825.jpeg,DOWNLOADED,103509,754fd30b3f71d6ef7bf0be7f5deb920a554c49b81da3aa7eacf81d91395bc172,
1171,266-JOM,MIDNIGHT BLACK TEA - JO MALONE,Jo Malone London,Midnight Black Tea,CONFIRMED,FOUND,36750,https://www.fragrantica.com/perfume/Jo-Malone-London/Midnight-Black-Tea-36750.html,https://fimgs.net/mdimg/perfume-social-cards/en-p_c_36750.jpeg,fragrantica-scraper-archive/social-cards/images/1171_266-JOM_36750.jpeg,DOWNLOADED,91313,517719216066863b517ed437c8b1a948d7ce755ac2e63366d0366e1fb694f6c2,
1170,264-JOM,LIME BASIL & MANDARIN - JO MALONE,Jo Malone London,Lime Basil Mandarin,CONFIRMED,FOUND,5585,https://www.fragrantica.com/perfume/Jo-Malone-London/Lime-Basil-Mandarin-5585.html,https://fimgs.net/mdimg/perfume-social-cards/en-p_c_5585.jpeg,fragrantica-scraper-archive/social-cards/images/1170_264-JOM_5585.jpeg,DOWNLOADED,109561,e5026f5b0b4d29e12bd224213c3df47e774ef98b7ee54652c32750da923d083d,
1169,263-JOM,JADE LEAF TEA - JO MALONE,Jo Malone London,Jade Leaf Tea,CONFIRMED,FOUND,36751,https://www.fragrantica.com/perfume/Jo-Malone-London/Jade-Leaf-Tea-36751.html,https://fimgs.net/mdimg/perfume-social-cards/en-p_c_36751.jpeg,fragrantica-scraper-archive/social-cards/images/1169_263-JOM_36751.jpeg,DOWNLOADED,100626,ff32b73bb2b12585f1b9eb49b0c36cf89a007b97a3dccb4e61f9db7b641a074d,
1168,262-JOM,IRIS & LADY MOORE - JO MALONE,Jo Malone London,Iris Lady Moore,CONFIRMED,FOUND,14136,https://www.fragrantica.com/perfume/Jo-Malone-London/Iris-Lady-Moore-14136.html,https://fimgs.net/mdimg/perfume-social-cards/en-p_c_14136.jpeg,fragrantica-scraper-archive/social-cards/images/1168_262-JOM_14136.jpeg,DOWNLOADED,123655,dd28be0be87b6303cbf29d30d755895f0e2949f69972114a54db20a79bb947ab,
1167,261-JOM,INCENSE & EMBERS - JO MALONE,Jo Malone,INCENSE & EMBERS - JO MALONE,CONFIRMED,UNRESOLVED,,,,,NO_CONFIRMED_ID,,,
1166,260-JOM,INCENSE CEDRAT - JO MALONE,Jo Malone London,Incense Cedrat,CONFIRMED,FOUND,29737,https://www.fragrantica.com/perfume/Jo-Malone-London/Incense-Cedrat-29737.html,https://fimgs.net/mdimg/perfume-social-cards/en-p_c_29737.jpeg,fragrantica-scraper-archive/social-cards/images/1166_260-JOM_29737.jpeg,DOWNLOADED,106447,6387a9eb584a12206f29d80c21cd8b63cd87cc8d167417825291bfa93f886cf2,
1165,259-JOM,HONEYSUCKLE & JASMINE - JO MALONE,Jo Malone London,Honeysuckle Jasmine,CONFIRMED,FOUND,9554,https://www.fragrantica.com/perfume/Jo-Malone-London/Honeysuckle-Jasmine-9554.html,https://fimgs.net/mdimg/perfume-social-cards/en-p_c_9554.jpeg,fragrantica-scraper-archive/social-cards/images/1165_259-JOM_9554.jpeg,DOWNLOADED,109512,67139ebcfbbda8d5d9f6113428c1606a2fa229d2dde79bd582d87a3eb758cd10,
1164,258-JOM,GREEN TOMATO LEAF - JO MALONE,Jo Malone,GREEN TOMATO LEAF - JO MALONE,CONFIRMED,UNRESOLVED,,,,,NO_CONFIRMED_ID,,,
1163,257-JOM,GREEN ORANGE & CORIANDER - JO MALONE,Jo Malone,GREEN ORANGE & CORIANDER - JO MALONE,CONFIRMED,FOUND,13827,https://www.fragrantica.com/perfume/Jo-Loves/Green-Orange-Coriander-13827.html,https://fimgs.net/mdimg/perfume-social-cards/en-p_c_13827.jpeg,fragrantica-scraper-archive/social-cards/images/1163_257-JOM_13827.jpeg,DOWNLOADED,109985,c63769a28d323fe83a0f14a08ac22d9da06d6d391e414bab7c9f6f45838ad342,
1162,256-JOM,GRAPEFRUIT - JO MALONE,Jo Malone London,Grapefruit,CONFIRMED,FOUND,5584,https://www.fragrantica.com/perfume/Jo-Malone-London/Grapefruit-5584.html,https://fimgs.net/mdimg/perfume-social-cards/en-p_c_5584.jpeg,fragrantica-scraper-archive/social-cards/images/1162_256-JOM_5584.jpeg,DOWNLOADED,107354,ac280cb6f856e4587ab529df04191bcbc45577c85d3f39a196af464221d2e259,
1161,255-JOM,GOLDEN NEEDLE TEA - JO MALONE,Jo Malone London,Golden Needle Tea,CONFIRMED,FOUND,36752,https://www.fragrantica.com/perfume/Jo-Malone-London/Golden-Needle-Tea-36752.html,https://fimgs.net/mdimg/perfume-social-cards/en-p_c_36752.jpeg,fragrantica-scraper-archive/social-cards/images/1161_255-JOM_36752.jpeg,DOWNLOADED,99645,bc82fd35dc91ff614f60fa5dc5f5f51fe98a4ac9884faf04e2433d7d0bcd528b,
1160,254-JOM,GARDENIA - JO MALONE,Jo Malone,GARDENIA - JO MALONE,CONFIRMED,FOUND,13829,https://www.fragrantica.com/perfume/Jo-Loves/Gardenia-13829.html,https://fimgs.net/mdimg/perfume-social-cards/en-p_c_13829.jpeg,fragrantica-scraper-archive/social-cards/images/1160_254-JOM_13829.jpeg,DOWNLOADED,100675,ee2ccf1d49f54168c4cc46d0e719e52d8d139286707c750c8401f1d937da171e,
1159,253-JOM,FRENCH LIME BLOSSOM - JO MALONE,Jo Malone London,French Lime Blossom,CONFIRMED,FOUND,5580,https://www.fragrantica.com/perfume/Jo-Malone-London/French-Lime-Blossom-5580.html,https://fimgs.net/mdimg/perfume-social-cards/en-p_c_5580.jpeg,fragrantica-scraper-archive/social-cards/images/1159_253-JOM_5580.jpeg,DOWNLOADED,108997,13bb0128d31d31646220ce937645b87d52fc4b4e00a78824c797fa4b82847efa,
1158,251-JOM,ENGLISH PEAR & FREESIA - JO MALONE,Jo Malone London,English Pear Freesia,CONFIRMED,FOUND,10314,https://www.fragrantica.com/perfume/Jo-Malone-London/English-Pear-Freesia-10314.html,https://fimgs.net/mdimg/perfume-social-cards/en-p_c_10314.jpeg,fragrantica-scraper-archive/social-cards/images/1158_251-JOM_10314.jpeg,DOWNLOADED,106792,245bd51485319cc9c0bec7a5305ff0a0a7f0db137bb2dce6b915293877789b61,
1157,250-JOM,English Oak & Hazelnut - Jo Malone,Jo Malone London,English Oak Hazelnut,CONFIRMED,FOUND,46187,https://www.fragrantica.com/perfume/Jo-Malone-London/English-Oak-Hazelnut-46187.html,https://fimgs.net/mdimg/perfume-social-cards/en-p_c_46187.jpeg,fragrantica-scraper-archive/social-cards/images/1157_250-JOM_46187.jpeg,DOWNLOADED,97166,d63599eea17b482216878bc37af767665f40444340f3494be4b880d491ef1c07,
1156,249-JOM,Earl Grey & Cucumber - Jo Malone,Jo Malone,Earl Grey  Cucumber,CONFIRMED,FOUND,11488,https://www.fragrantica.com/perfume/Jo-Malone-London/Earl-Grey-Cucumber-11488.html,https://fimgs.net/mdimg/perfume-social-cards/en-p_c_11488.jpeg,fragrantica-scraper-archive/social-cards/images/1156_249-JOM_11488.jpeg,DOWNLOADED,101294,d30fca90385ee9454bcf5bef654c8458e496c3b5f77057d407a91702622d2028,
1155,248-JOM,Dark Amber & Ginger Lily - Jo Malone,Jo Malone London,Dark Amber Ginger Lily,CONFIRMED,FOUND,3783,https://www.fragrantica.com/perfume/Jo-Malone-London/Dark-Amber-Ginger-Lily-3783.html,https://fimgs.net/mdimg/perfume-social-cards/en-p_c_3783.jpeg,fragrantica-scraper-archive/social-cards/images/1155_248-JOM_3783.jpeg,DOWNLOADED,109387,ac49a98686a36b4c223171a327ce9068d2446117c8def3ec30f41edcabde13bc,
1154,247-JOM,Carrot blossom & Fennel - Jo Malone,Jo Malone,The Herb Garden  Carrot Blossom  Fennel,CONFIRMED,FOUND,35881,https://www.fragrantica.com/perfume/Jo-Malone-London/Carrot-Blossom-Fennel-35881.html,https://fimgs.net/mdimg/perfume-social-cards/en-p_c_35881.jpeg,fragrantica-scraper-archive/social-cards/images/1154_247-JOM_35881.jpeg,DOWNLOADED,105709,06a574a8658f1f84a0243f6b924536d50a4fb7296121fcf6fa1405beeae6be92,
1153,245-JOM,Blue Agava & Cacao - Jo Malone,Jo Malone London,Blue Agava Cacao,CONFIRMED,FOUND,2280,https://www.fragrantica.com/perfume/Jo-Malone-London/Blue-Agava-Cacao-2280.html,https://fimgs.net/mdimg/perfume-social-cards/en-p_c_2280.jpeg,fragrantica-scraper-archive/social-cards/images/1153_245-JOM_2280.jpeg,DOWNLOADED,113049,4b775ec1c4b24ace0ac76858d663cf5968da24f5b91bde56f704ac5f25f50f01,
1152,244-JOM,Black Vetyver Cafe - Jo Malone,Jo Malone London,Black Vetyver Cafe,CONFIRMED,FOUND,8278,https://www.fragrantica.com/perfume/Jo-Malone-London/Black-Vetyver-Cafe-8278.html,https://fimgs.net/mdimg/perfume-social-cards/en-p_c_8278.jpeg,fragrantica-scraper-archive/social-cards/images/1152_244-JOM_8278.jpeg,DOWNLOADED,111454,93604e50951c373b96dad49d237d4cee0a212e45cb9e2e4e71ee64176db54675,
1151,243-JOM,Black Cedarwood & Juniper - Jo Malone,Jo Malone London,London Rain Black Cedarwood & Juniper,CONFIRMED,FOUND,22504,https://www.fragrantica.com/perfume/Jo-Malone/Black-Cedarwood-Juniper-22504.html,https://fimgs.net/mdimg/perfume-social-cards/en-p_c_22504.jpeg,fragrantica-scraper-archive/social-cards/images/1151_243-JOM_22504.jpeg,DOWNLOADED,106804,b878c132c316c47699401213db95b20e17c6729dfe5ae5879fc89ef6bf83f0cb,
1150,242-JOM,Blackberry & Bay - Jo Malone,Jo Malone London,Blackberry Bay,CONFIRMED,FOUND,15134,https://www.fragrantica.com/perfume/Jo-Malone-London/Blackberry-Bay-15134.html,https://fimgs.net/mdimg/perfume-social-cards/en-p_c_15134.jpeg,fragrantica-scraper-archive/social-cards/images/1150_242-JOM_15134.jpeg,DOWNLOADED,109605,82374d309fb04f9f7503f54066b17ab830ead1a5229c9ca2234d52169c6fc75e,
1149,241-JOM,Basil & Neroli Jo Malone,Jo Malone London,Basil Neroli,CONFIRMED,FOUND,40419,https://www.fragrantica.com/perfume/Jo-Malone-London/Basil-Neroli-40419.html,https://fimgs.net/mdimg/perfume-social-cards/en-p_c_40419.jpeg,fragrantica-scraper-archive/social-cards/images/1149_241-JOM_40419.jpeg,DOWNLOADED,99901,a1da5e9a0cec9bf80e35f096ff200902fcc0f95850d2f9801cd6374955944526,
1148,240-JOM,Amber & Patchouli - Jo Malone,Jo Malone,Amber & Patchouli - Jo Malone,CONFIRMED,FOUND,12927,https://www.fragrantica.com/perfume/Jo-Malone-London/Amber-Patchouli-12927.html,https://fimgs.net/mdimg/perfume-social-cards/en-p_c_12927.jpeg,fragrantica-scraper-archive/social-cards/images/1148_240-JOM_12927.jpeg,DOWNLOADED,98553,dbc86629ad8c9bdca5d60835de8f93e2b5ee151b9a6b2cefef718cccaddeea0d,
1147,239-JOM,Amber & Lavender - Jo Malone,Jo Malone London,Amber Lavender,CONFIRMED,FOUND,5582,https://www.fragrantica.com/perfume/Jo-Malone-London/Amber-Lavender-5582.html,https://fimgs.net/mdimg/perfume-social-cards/en-p_c_5582.jpeg,fragrantica-scraper-archive/social-cards/images/1147_239-JOM_5582.jpeg,DOWNLOADED,111420,4e50c458736bd50981766fe73ec0ccd83defefa20e7b3f55a592799b6c52d5ea,
1146,238-JOM,A Shot Of Oud Over Mango - Jo Malone,Jo Malone,A Shot Of Oud Over Mango - Jo Malone,CONFIRMED,FOUND,16434,https://www.fragrantica.com/perfume/Jo-Loves/A-Shot-Of-Oud-Over-Mango-16434.html,https://fimgs.net/mdimg/perfume-social-cards/en-p_c_16434.jpeg,fragrantica-scraper-archive/social-cards/images/1146_238-JOM_16434.jpeg,DOWNLOADED,112934,1175ce685ccdf97fc3e31bac37d40912bc29764c33cbec7ff625b4b106e21ffd,
1145,237-JOM,A Shot Of Thai Over Mango - Jo Malone,Jo Malone,A Shot Of Thai Over Mango - Jo Malone,CONFIRMED,FOUND,16436,https://www.fragrantica.com/perfume/Jo-Loves/Mango-Thai-Lime-16436.html,https://fimgs.net/mdimg/perfume-social-cards/en-p_c_16436.jpeg,fragrantica-scraper-archive/social-cards/images/1145_237-JOM_16436.jpeg,DOWNLOADED,107651,93187273f2dda0cd430b1c8a4f392c4c941194677c804b4ab3ad3aaae6691aeb,
1144,236-IND,,,,CONFIRMED,FOUND,42046,https://www.fragrantica.com/perfume/Indigo-Wild/Zum-Mist-Frankincense-Myrrh-42046.html,https://fimgs.net/mdimg/perfume-social-cards/en-p_c_42046.jpeg,fragrantica-scraper-archive/social-cards/images/1144_236-IND_42046.jpeg,DOWNLOADED,123616,62055d1deb1ecc3602e585b1c195d9fe486d6438de6a5a5144be50031b9099b4,
1143,235-HOLL,,,,CONFIRMED,FOUND,4307,https://www.fragrantica.com/perfume/Hollister/Socal-4307.html,https://fimgs.net/mdimg/perfume-social-cards/en-p_c_4307.jpeg,fragrantica-scraper-archive/social-cards/images/1143_235-HOLL_4307.jpeg,MISSING,,,HTTP 404
1142,193-ARM,ROYAL OUD,Giorgio Armani,ROYAL OUD,CONFIRMED,FOUND,10884,https://www.fragrantica.com/perfume/Giorgio-Armani/Armani-Prive-Oud-Royal-10884.html,https://fimgs.net/mdimg/perfume-social-cards/en-p_c_10884.jpeg,fragrantica-scraper-archive/social-cards/images/1142_193-ARM_10884.jpeg,DOWNLOADED,107167,5d01abf62045878f89d15684856cabc187ee81abc0b5711766e78429ce863e8b,
1140,189-ARM,CUIR NOIR,Giorgio Armani,Cuir Noir,CONFIRMED,FOUND,14205,https://www.fragrantica.com/perfume/Giorgio-Armani/Cuir-Noir-14205.html,https://fimgs.net/mdimg/perfume-social-cards/en-p_c_14205.jpeg,fragrantica-scraper-archive/social-cards/images/1140_189-ARM_14205.jpeg,DOWNLOADED,100714,ac8c6c4bb5b61910edaa57b8e95c33ebacc88f38fd4f77dad4f0ef108c1ea007,
1139,188-ARM,CUIR AMETHYSTE,Giorgio Armani,Cuir Amethyste,CONFIRMED,FOUND,408,https://www.fragrantica.com/perfume/Giorgio-Armani/Cuir-Amethyste-408.html,https://fimgs.net/mdimg/perfume-social-cards/en-p_c_408.jpeg,fragrantica-scraper-archive/social-cards/images/1139_188-ARM_408.jpeg,DOWNLOADED,104810,8c1a02022fce270874725e716c36db241402b3a2d3888b6ff561b00300148a34,
1138,187-ARM,BOIS D'ENCENS,Giorgio Armani,Bois d Encens,CONFIRMED,FOUND,406,https://www.fragrantica.com/perfume/Giorgio-Armani/Bois-d-Encens-406.html,https://fimgs.net/mdimg/perfume-social-cards/en-p_c_406.jpeg,fragrantica-scraper-archive/social-cards/images/1138_187-ARM_406.jpeg,DOWNLOADED,99516,b309965b87456c69ece048ba711e9c60455984cc1e00ff068e04ada2b417245c,
1137,192-ARM,ROUGE MALACHITE,Giorgio Armani,Armani Prive Rouge Malachite,CONFIRMED,FOUND,34589,https://www.fragrantica.com/perfume/Giorgio-Armani/Armani-Prive-Rouge-Malachite-34589.html,https://fimgs.net/mdimg/perfume-social-cards/en-p_c_34589.jpeg,fragrantica-scraper-archive/social-cards/images/1137_192-ARM_34589.jpeg,DOWNLOADED,108979,7149e114b357a49a991cdf87d2a8a5a9fad2cc06076146c2177e7bd10d298d73,
1136,186-ARM,AMBRE SOIE,Giorgio Armani,Ambre Soie,CONFIRMED,FOUND,405,https://www.fragrantica.com/perfume/Giorgio-Armani/Ambre-Soie-405.html,https://fimgs.net/mdimg/perfume-social-cards/en-p_c_405.jpeg,fragrantica-scraper-archive/social-cards/images/1136_186-ARM_405.jpeg,DOWNLOADED,100259,c37a0d305563aaa4e103dbb0d164b45bc25a24839ac4d2858ecd23f354a9dcbd,
1135,234-ESCE,ESCENTRIC 04,Escentric Molecules,Escentric 04,CONFIRMED,FOUND,42995,https://www.fragrantica.com/perfume/Escentric-Molecules/Escentric-04-42995.html,https://fimgs.net/mdimg/perfume-social-cards/en-p_c_42995.jpeg,fragrantica-scraper-archive/social-cards/images/1135_234-ESCE_42995.jpeg,DOWNLOADED,115444,a30b2e7cfb6674d807b9a553028978fe3baa17d7b6e8e2754443951273a534f0,
1134,232-ESCE,ESCENTRIC 01 - ESCENTRIC MOLECULES,Escentric Molecules,Escentric 01,CONFIRMED,FOUND,846,https://www.fragrantica.com/perfume/Escentric-Molecules/Escentric-01-846.html,https://fimgs.net/mdimg/perfume-social-cards/en-p_c_846.jpeg,fragrantica-scraper-archive/social-cards/images/1134_232-ESCE_846.jpeg,DOWNLOADED,100583,012e263167a8fb9f5ec8e89be711e6db37386cdd844ef75394d5c2bcd594414f,
1133,230-DIP,OPOPANAX,Diptyque,OPOPANAX,CONFIRMED,UNRESOLVED,,,,,NO_CONFIRMED_ID,,,
1132,229-DIP,Philosykos Eau de Parfum,Diptyque,Philosykos Eau de Parfum,CONFIRMED,FOUND,3865,https://www.fragrantica.com/perfume/Diptyque/Philosykos-Eau-de-Parfum-3865.html,https://fimgs.net/mdimg/perfume-social-cards/en-p_c_3865.jpeg,fragrantica-scraper-archive/social-cards/images/1132_229-DIP_3865.jpeg,DOWNLOADED,118608,b860a5d004f591cc9330acda77e9e1222f0c6f168ed751ed556bb6c1bf6821e0,
1131,228-DIP,FEUILLE DE LAVANDE,Diptyque,FEUILLE DE LAVANDE,CONFIRMED,UNRESOLVED,,,,,NO_CONFIRMED_ID,,,
1130,227-DIP,FEU DE BOIS / WOOD FIRE,Diptyque,FEU DE BOIS / WOOD FIRE,CONFIRMED,UNRESOLVED,,,,,NO_CONFIRMED_ID,,,
1129,226-DIP,EAU LENTE,Diptyque,Eau Lente Eau de Toilette,CONFIRMED,FOUND,3829,https://www.fragrantica.com/perfume/Diptyque/Eau-Lente-Eau-de-Toilette-3829.html,https://fimgs.net/mdimg/perfume-social-cards/en-p_c_3829.jpeg,fragrantica-scraper-archive/social-cards/images/1129_226-DIP_3829.jpeg,DOWNLOADED,114085,1946405791fee032671a404fa046d717dfa9fe144891bbc9ab5d8d6824933510,
1128,225-DIP,EL EAU DES SENS,Diptyque,EL EAU DES SENS,CONFIRMED,FOUND,35678,https://www.fragrantica.com/perfume/Diptyque/Eau-des-Sens-Eau-de-Toilette-35678.html,https://fimgs.net/mdimg/perfume-social-cards/en-p_c_35678.jpeg,fragrantica-scraper-archive/social-cards/images/1128_225-DIP_35678.jpeg,DOWNLOADED,112218,0c70c517cb7c6de8cb5893d6e44b53f865020040a08769b6a2b0697f182dd9c2,
1127,224-DIP,Do Son Eau de Toilette,Diptyque,Do Son Eau de Toilette,CONFIRMED,FOUND,6501,https://www.fragrantica.com/perfume/Diptyque/Do-Son-Eau-de-Toilette-6501.html,https://fimgs.net/mdimg/perfume-social-cards/en-p_c_6501.jpeg,fragrantica-scraper-archive/social-cards/images/1127_224-DIP_6501.jpeg,DOWNLOADED,109170,423eaf0b43b5542b55a907e7d105d4c7b139a886f4424da58ad93d472e45ccaf,
1126,223-DIP,BAIES,Diptyque,BAIES,CONFIRMED,UNRESOLVED,,,,,NO_CONFIRMED_ID,,,
1125,222-DIP,AMBRE,Diptyque,AMBRE,CONFIRMED,UNRESOLVED,,,,,NO_CONFIRMED_ID,,,
1124,221-DIP,34 BOULEVARD SAINT GERMAIN 2011,Diptyque,34 Boulevard Saint Germain,CONFIRMED,FOUND,12208,https://www.fragrantica.com/perfume/Diptyque/34-Boulevard-Saint-Germain-12208.html,https://fimgs.net/mdimg/perfume-social-cards/en-p_c_12208.jpeg,fragrantica-scraper-archive/social-cards/images/1124_221-DIP_12208.jpeg,DOWNLOADED,120831,ff9ca71d7ecd518d2abc113383317331d3b06026378e696b651b8d0927ac1c76,
1123,220-CRD,Virgin Island Water,Creed,Virgin Island Water,CONFIRMED,FOUND,111515,https://www.fragrantica.com/perfume/Creed/Virgin-Island-Water-111515.html,https://fimgs.net/mdimg/perfume-social-cards/en-p_c_111515.jpeg,fragrantica-scraper-archive/social-cards/images/1123_220-CRD_111515.jpeg,DOWNLOADED,106882,18886095ff8b6d6fb9a6fd6dd71422ee2e14d39e7427188b95d568366d7c7da1,
1122,219-CRD,Viking,Creed,Viking,CONFIRMED,FOUND,41698,https://www.fragrantica.com/perfume/Creed/Viking-41698.html,https://fimgs.net/mdimg/perfume-social-cards/en-p_c_41698.jpeg,fragrantica-scraper-archive/social-cards/images/1122_219-CRD_41698.jpeg,DOWNLOADED,107021,f3eade597b440052886f30a6d744faaf8cc4d8b5668ac07f934157c1c0f5f5df,
1121,218-CRD,VETIVER,Creed,Vetiver,CONFIRMED,FOUND,7515,https://www.fragrantica.com/perfume/Creed/Vetiver-7515.html,https://fimgs.net/mdimg/perfume-social-cards/en-p_c_7515.jpeg,fragrantica-scraper-archive/social-cards/images/1121_218-CRD_7515.jpeg,DOWNLOADED,100215,7fdaba7ebb7ff6ca17eb099550d9fc90af9223c9c5e87172094eb622fa7f7bf4,
1120,217-CRD,the notes of SUBLIME VANILLE,Creed,Sublime Vanille,CONFIRMED,FOUND,7024,https://www.fragrantica.com/perfume/Creed/Sublime-Vanille-7024.html,https://fimgs.net/mdimg/perfume-social-cards/en-p_c_7024.jpeg,fragrantica-scraper-archive/social-cards/images/1120_217-CRD_7024.jpeg,DOWNLOADED,106011,e4fc6052a0857f4533ed563c2c64645739e5d75a2324ac49be07291628121b38,
1119,216-CRD,Spring Flower,Creed,Spring Flower,CONFIRMED,FOUND,471,https://www.fragrantica.com/perfume/Creed/Spring-Flower-471.html,https://fimgs.net/mdimg/perfume-social-cards/en-p_c_471.jpeg,fragrantica-scraper-archive/social-cards/images/1119_216-CRD_471.jpeg,DOWNLOADED,94019,4e3fbfdf3ac875f95266b98954af1b6e5284e91e193cf34e1e7f554adffa193e,
1117,214-CRD,Original Santal,Creed,Original Santal,CONFIRMED,FOUND,473,https://www.fragrantica.com/perfume/Creed/Original-Santal-473.html,https://fimgs.net/mdimg/perfume-social-cards/en-p_c_473.jpeg,fragrantica-scraper-archive/social-cards/images/1117_214-CRD_473.jpeg,DOWNLOADED,106166,d0ae3b97888456d9252346a0914c58c8f5958b2a8b1c1d00808da0a8445388a5,
1116,213-CRD,ROYAL OUD,Creed,Royal Oud,CONFIRMED,FOUND,12317,https://www.fragrantica.com/perfume/Creed/Royal-Oud-12317.html,https://fimgs.net/mdimg/perfume-social-cards/en-p_c_12317.jpeg,fragrantica-scraper-archive/social-cards/images/1116_213-CRD_12317.jpeg,DOWNLOADED,102606,2a37abbfc8dafd0a2cce81bb39d8dab44f44b68a9a95a6ec967b0da55afe3d86,
1115,211-CRD,LOVE IN WHITE,Creed,Love in White,CONFIRMED,FOUND,4262,https://www.fragrantica.com/perfume/Creed/Love-in-White-4262.html,https://fimgs.net/mdimg/perfume-social-cards/en-p_c_4262.jpeg,fragrantica-scraper-archive/social-cards/images/1115_211-CRD_4262.jpeg,DOWNLOADED,96783,6d54da1077946fdd8b5cfeb009436101ab18bea3ddaf81a98d4db9b2c491da0f,
1114,210-CRD,GREEN IRISH TWEED,Creed,Green Irish Tweed,CONFIRMED,FOUND,474,https://www.fragrantica.com/perfume/Creed/Green-Irish-Tweed-474.html,https://fimgs.net/mdimg/perfume-social-cards/en-p_c_474.jpeg,fragrantica-scraper-archive/social-cards/images/1114_210-CRD_474.jpeg,DOWNLOADED,97152,5de13d61b4e936c588b6d786baf506df00461cb62cd072ef357cc402357c3f53,
1113,207-CRD,HIMALAYIA,Creed,Himalaya,CONFIRMED,FOUND,465,https://www.fragrantica.com/perfume/Creed/Himalaya-465.html,https://fimgs.net/mdimg/perfume-social-cards/en-p_c_465.jpeg,fragrantica-scraper-archive/social-cards/images/1113_207-CRD_465.jpeg,DOWNLOADED,96269,8bfa2a7fa0184c31063f28af3732c410da854f4dd5f59c6bbd1a97957c0072a3,
1111,205-CRD,aven for her,Creed,Aventus for Her,CONFIRMED,FOUND,38497,https://www.fragrantica.com/perfume/Creed/Aventus-for-Her-38497.html,https://fimgs.net/mdimg/perfume-social-cards/en-p_c_38497.jpeg,fragrantica-scraper-archive/social-cards/images/1111_205-CRD_38497.jpeg,DOWNLOADED,103696,ccaabba65bbefbe64ce03660b5516d1ebc611e1d34d5352f4d1917b19e89cbc0,
1110,204-CRD,Avent,Creed,Avent,CONFIRMED,FOUND,9828,https://www.fragrantica.com/perfume/Creed/Aventus-9828.html,https://fimgs.net/mdimg/perfume-social-cards/en-p_c_9828.jpeg,fragrantica-scraper-archive/social-cards/images/1110_204-CRD_9828.jpeg,DOWNLOADED,102785,050475d241e21dcbc31f9e1e213c1423d7893c70b788ca5a5e39102235d36b17,
1106,200-CIR,,,,AMBIGUOUS,NOT_FOUND,,,,,NO_CONFIRMED_ID,,,
1015,994-ZAD,THIS IS HER - ZADIG & VOLTAIRE,Zadig  Voltaire,This Is Her,CONFIRMED,FOUND,39358,https://www.fragrantica.com/perfume/Zadig-Voltaire/This-is-Her-39358.html,https://fimgs.net/mdimg/perfume-social-cards/en-p_c_39358.jpeg,fragrantica-scraper-archive/social-cards/images/1015_994-ZAD_39358.jpeg,DOWNLOADED,102239,b963e7c35e017a67dab4e9c12fc782e78f78250dff874cc99ad522aa07257400,
1014,992-ZAD,GIRLS CAN DO ANYTHING - ZADIG & VOLTAIRE,Zadig  Voltaire,Girls Can Do Anything,CONFIRMED,FOUND,51198,https://www.fragrantica.com/perfume/Zadig-Voltaire/Girls-Can-Do-Anything-51198.html,https://fimgs.net/mdimg/perfume-social-cards/en-p_c_51198.jpeg,fragrantica-scraper-archive/social-cards/images/1014_992-ZAD_51198.jpeg,DOWNLOADED,109286,17604c45a9ab26aee5bb25cd8342080700d480d80f00132fcdf0da339859fd35,
1013,991-YZLO,YVRESSE (CHAMPAGNE),Yves Saint Laurent,Yvresse Champagne,CONFIRMED,FOUND,101,https://www.fragrantica.com/perfume/Yves-Saint-Laurent/Yvresse-Champagne-101.html,https://fimgs.net/mdimg/perfume-social-cards/en-p_c_101.jpeg,fragrantica-scraper-archive/social-cards/images/1013_991-YZLO_101.jpeg,DOWNLOADED,115547,43aa1794bf08e81c4c1b798a976f0cea9255b197a37d612dfd86a0fdb5d1574e,
1012,989-YZLO,RIVE GAUCHE,Yves Saint Laurent,Rive Gauche,CONFIRMED,FOUND,96,https://www.fragrantica.com/perfume/Yves-Saint-Laurent/Rive-Gauche-96.html,https://fimgs.net/mdimg/perfume-social-cards/en-p_c_96.jpeg,fragrantica-scraper-archive/social-cards/images/1012_989-YZLO_96.jpeg,DOWNLOADED,101566,0d83c81aa3748db95fb7ce073e16480ed18befb28e49fe76e76e88f3cbe40f12,
1011,988-YZLO,PARISIENNE,Yves Saint Laurent,Parisienne,CONFIRMED,FOUND,6493,https://www.fragrantica.com/perfume/Yves-Saint-Laurent/Parisienne-6493.html,https://fimgs.net/mdimg/perfume-social-cards/en-p_c_6493.jpeg,fragrantica-scraper-archive/social-cards/images/1011_988-YZLO_6493.jpeg,DOWNLOADED,104784,dea51b19df96a993b994c866ce121dc0ebdf3ebc0f4a7ad720f549158c7ad5f2,
1010,987-YZLO,PARIS,Yves Saint Laurent,Paris,CONFIRMED,FOUND,94,https://www.fragrantica.com/perfume/Yves-Saint-Laurent/Paris-94.html,https://fimgs.net/mdimg/perfume-social-cards/en-p_c_94.jpeg,fragrantica-scraper-archive/social-cards/images/1010_987-YZLO_94.jpeg,DOWNLOADED,105302,ea45e3c8c7732fa3421775e9b7b24ae8a4998dfc18ab0692ff30f8e930dfcf4f,
1009,986-YZLO,OPIUM,Yves Saint Laurent,OPIUM,CONFIRMED,FOUND,93,https://www.fragrantica.com/perfume/Yves-Saint-Laurent/Opium-1977-93.html,https://fimgs.net/mdimg/perfume-social-cards/en-p_c_93.jpeg,fragrantica-scraper-archive/social-cards/images/1009_986-YZLO_93.jpeg,DOWNLOADED,104806,0d62a6311850938820353bf6d5059d811a53f57bfd9b5de177f22eabe14d1f8a,
1008,985-YZLO,MON PARIS,Yves Saint Laurent,Mon Paris,CONFIRMED,FOUND,38914,https://www.fragrantica.com/perfume/Yves-Saint-Laurent/Mon-Paris-38914.html,https://fimgs.net/mdimg/perfume-social-cards/en-p_c_38914.jpeg,fragrantica-scraper-archive/social-cards/images/1008_985-YZLO_38914.jpeg,DOWNLOADED,105415,6fdccbf0d1ff8f93661d0e9b430ea9d8d736c5ecccf9654aad0483accd83008d,
1007,984-YZLO,MANIFESTO L' ELIXIR,Yves Saint Laurent,Manifesto l Elixir,CONFIRMED,FOUND,18785,https://www.fragrantica.com/perfume/Yves-Saint-Laurent/Manifesto-l-Elixir-18785.html,https://fimgs.net/mdimg/perfume-social-cards/en-p_c_18785.jpeg,fragrantica-scraper-archive/social-cards/images/1007_984-YZLO_18785.jpeg,DOWNLOADED,95903,fee43a5023c709938ad1014a26ad2a9a70d0f1d1a27d69fea1262106e596f07f,
1006,983-YZLO,MANIFESTO,Yves Saint Laurent,Manifesto,CONFIRMED,FOUND,15540,https://www.fragrantica.com/perfume/Yves-Saint-Laurent/Manifesto-15540.html,https://fimgs.net/mdimg/perfume-social-cards/en-p_c_15540.jpeg,fragrantica-scraper-archive/social-cards/images/1006_983-YZLO_15540.jpeg,DOWNLOADED,102083,2f5ae1cc30874d43b171d4db853b9626c6de439eb2eceddc7c5003f0626bfdac,
1005,1285-YZLO,MAGNIFICENT BLOSSOM,Yves Saint Laurent,Magnificent Blossom,CONFIRMED,FOUND,31050,https://www.fragrantica.com/perfume/Yves-Saint-Laurent/Magnificent-Blossom-31050.html,https://fimgs.net/mdimg/perfume-social-cards/en-p_c_31050.jpeg,fragrantica-scraper-archive/social-cards/images/1005_1285-YZLO_31050.jpeg,DOWNLOADED,135856,607942290aa36d6dc7b43d614408cca31b8381cc19e5ff5e8a83d39d28670b42,
1004,980-YZLO,ELLE,Yves Saint Laurent,Elle,CONFIRMED,FOUND,1574,https://www.fragrantica.com/perfume/Yves-Saint-Laurent/Elle-1574.html,https://fimgs.net/mdimg/perfume-social-cards/en-p_c_1574.jpeg,fragrantica-scraper-archive/social-cards/images/1004_980-YZLO_1574.jpeg,DOWNLOADED,95421,c4b7934c7ea05dc531de86105e1cdddc2e807e98f5ffd43b4a42dd4ffa4f9da2,
1003,979-YZLO,CINEMA,Yves Saint Laurent,Cinema,CONFIRMED,FOUND,92,https://www.fragrantica.com/perfume/Yves-Saint-Laurent/Cinema-92.html,https://fimgs.net/mdimg/perfume-social-cards/en-p_c_92.jpeg,fragrantica-scraper-archive/social-cards/images/1003_979-YZLO_92.jpeg,DOWNLOADED,113855,8d6cf4499083a2ab5f06343b8533fd92324dfb8da4ccf2eec536b7201f805446,
1002,978-YZLO,the notes of the fragrance BLACK OPIUM NUIT BLANCHE,Yves Saint Laurent,Black Opium Nuit Blanche,CONFIRMED,FOUND,34503,https://www.fragrantica.com/perfume/Yves-Saint-Laurent/Black-Opium-Nuit-Blanche-34503.html,https://fimgs.net/mdimg/perfume-social-cards/en-p_c_34503.jpeg,fragrantica-scraper-archive/social-cards/images/1002_978-YZLO_34503.jpeg,DOWNLOADED,126240,99a3883929980f6abe64fcb9319d7380d874808cf3fa912e3c591a2886f72b3a,
1001,977-YZLO,BLACK OPIUM,Yves Saint Laurent,Black Opium,CONFIRMED,FOUND,25324,https://www.fragrantica.com/perfume/Yves-Saint-Laurent/Black-Opium-25324.html,https://fimgs.net/mdimg/perfume-social-cards/en-p_c_25324.jpeg,fragrantica-scraper-archive/social-cards/images/1001_977-YZLO_25324.jpeg,DOWNLOADED,118709,78deaf3a51850cb2518d14c11f5a0b69cebbf091c78e94885da0808e260f3fb8,
1000,976-YZLO,BELLE D'OPIUM,Yves Saint Laurent,Belle d Opium,CONFIRMED,FOUND,9394,https://www.fragrantica.com/perfume/Yves-Saint-Laurent/Belle-d-Opium-9394.html,https://fimgs.net/mdimg/perfume-social-cards/en-p_c_9394.jpeg,fragrantica-scraper-archive/social-cards/images/1000_976-YZLO_9394.jpeg,DOWNLOADED,112997,96ca411ff8643f967cf506f7a93fcbe0b94202ed439c76cd886b5777ae7aa995,
999,,,,,AMBIGUOUS,NOT_FOUND,,,,,NO_CONFIRMED_ID,,,
998,973-VICT,WICKED - VICTORIA'S SECRET,Victoria s Secret,Wicked,CONFIRMED,FOUND,133200,https://www.fragrantica.com/perfume/Victoria-s-Secret/Wicked-133200.html,https://fimgs.net/mdimg/perfume-social-cards/en-p_c_133200.jpeg,fragrantica-scraper-archive/social-cards/images/998_973-VICT_133200.jpeg,MISSING,,,HTTP 404
997,971-VICT,VERY SEXY TOUCH - VICTORIA'S SECRET,Victoria s Secret,Very Sexy Touch,CONFIRMED,FOUND,14635,https://www.fragrantica.com/perfume/Victoria-s-Secret/Very-Sexy-Touch-14635.html,https://fimgs.net/mdimg/perfume-social-cards/en-p_c_14635.jpeg,fragrantica-scraper-archive/social-cards/images/997_971-VICT_14635.jpeg,DOWNLOADED,117113,a8a18b73c117012688fb6a8db23b62d4ff279fd2c0371016438a280e8df298a3,
996,968-VICT,VERY SEXY NOW - VICTORIAS SECRET,Victoria s Secret,Very Sexy,CONFIRMED,FOUND,114425,https://www.fragrantica.com/perfume/Victoria-s-Secret/Very-Sexy-114425.html,https://fimgs.net/mdimg/perfume-social-cards/en-p_c_114425.jpeg,fragrantica-scraper-archive/social-cards/images/996_968-VICT_114425.jpeg,DOWNLOADED,92004,0a1e866c2ded4a4aa03566c28cb28a130e4f4e70f532acd6cb7aede80b41dece,
995,965-VICT,the fragrance notes ofSEXY LITTLE THINGS-NOIR TEASE TEMPTATION - VICTORIA'S SECRET,Victoria's Secret,SEXY LITTLE THINGS-NOIR TEASE TEMPTATION - VICTORIA'S SECRET,CONFIRMED,FOUND,13261,https://www.fragrantica.com/perfume/Victoria-s-Secret/Sexy-Little-Things-Noir-Tease-Temptation-13261.html,https://fimgs.net/mdimg/perfume-social-cards/en-p_c_13261.jpeg,fragrantica-scraper-archive/social-cards/images/995_965-VICT_13261.jpeg,DOWNLOADED,103577,2d640f8f24dbeb38e0752ee5fbf39925e0b9e693c7185435abe25970e70dbe8e,
994,964-VICT,SCANDALOUS - VICTORIA'S SECRET,Victoria s Secret,Scandalous,CONFIRMED,FOUND,28256,https://www.fragrantica.com/perfume/Victoria-s-Secret/Scandalous-28256.html,https://fimgs.net/mdimg/perfume-social-cards/en-p_c_28256.jpeg,fragrantica-scraper-archive/social-cards/images/994_964-VICT_28256.jpeg,DOWNLOADED,106446,2ba840ba75b27047533d3bf9ace78bba065289575e49d625e14fb6d75a759ffd,
993,963-VICT,PURE SEDUCTION - VICTORIA'S SECRET,Victoria s Secret,Pure Seduction,CONFIRMED,FOUND,7989,https://www.fragrantica.com/perfume/Victoria-s-Secret/Pure-Seduction-7989.html,https://fimgs.net/mdimg/perfume-social-cards/en-p_c_7989.jpeg,fragrantica-scraper-archive/social-cards/images/993_963-VICT_7989.jpeg,DOWNLOADED,87800,80e16b606d231817cac300dab40314bb5c6d25c8cb045137ceed7cebcecab6d3,
992,962-VICT,No1 FEATHERED MUSK - VICTORIA'S SECRET,Victoria s Secret,No1 Feathered Musk,CONFIRMED,FOUND,19029,https://www.fragrantica.com/perfume/Victoria-s-Secret/No1-Feathered-Musk-19029.html,https://fimgs.net/mdimg/perfume-social-cards/en-p_c_19029.jpeg,fragrantica-scraper-archive/social-cards/images/992_962-VICT_19029.jpeg,DOWNLOADED,99306,c038666bc9bd03fe9f411ed4c3a066ddef44d110418c0267ab0ea07496749ae3,
991,961-VICT,LOVE SPELL - VICTORIA'S SECRΕΤ,Victoria s Secret,Love Spell,CONFIRMED,FOUND,7988,https://www.fragrantica.com/perfume/Victoria-s-Secret/Love-Spell-7988.html,https://fimgs.net/mdimg/perfume-social-cards/en-p_c_7988.jpeg,fragrantica-scraper-archive/social-cards/images/991_961-VICT_7988.jpeg,DOWNLOADED,93869,dc33625fb1439733c584f43dfc96584911f2a28f8aa8735da2d900b789dd65e8,
990,960-VICT,the fragrance notes ofLOVE ME - VICTORIA'S SECRET,Victoria's Secret,LOVE ME - VICTORIA'S SECRET,CONFIRMED,FOUND,29526,https://www.fragrantica.com/perfume/Victoria-s-Secret/Love-Me-29526.html,https://fimgs.net/mdimg/perfume-social-cards/en-p_c_29526.jpeg,fragrantica-scraper-archive/social-cards/images/990_960-VICT_29526.jpeg,DOWNLOADED,98723,c3d79bb6de5c5b734ef3559e4ee235dd19a75d4bfd67899b05fe73c63f0e26b6,
989,959-VICT,FORBIDDEN  - VICTORIA'S SECRET,Victoria s Secret,Forbidden,CONFIRMED,FOUND,23244,https://www.fragrantica.com/perfume/Victoria-s-Secret/Victoria-s-Secret-Forbidden-23244.html,https://fimgs.net/mdimg/perfume-social-cards/en-p_c_23244.jpeg,fragrantica-scraper-archive/social-cards/images/989_959-VICT_23244.jpeg,DOWNLOADED,103399,18ad3a7c0c4eddb2798f0a9eb0fe7063aa18628c0dd05f62e9f824879cdfc243,
988,958-VICT,FABULOUS - VICTORIA'S SECRET,Victoria s Secret,Fabulous-eau-de-,CONFIRMED,FOUND,17699,https://www.fragrantica.com/perfume/Victoria-s-Secret/Fabulous-17699.html,https://fimgs.net/mdimg/perfume-social-cards/en-p_c_17699.jpeg,fragrantica-scraper-archive/social-cards/images/988_958-VICT_17699.jpeg,DOWNLOADED,100102,1c8aac678d162f8b9698482cbb2fe256ed1b740b45e0dc29b5bf94334da6ff76,
987,957-VICT,DREAM ANGELS GLOW - VICTORIA'S SECRET,Victoria s Secret,Dream Angels Glow,CONFIRMED,FOUND,16003,https://www.fragrantica.com/perfume/Victoria-s-Secret/Dream-Angels-Glow-16003.html,https://fimgs.net/mdimg/perfume-social-cards/en-p_c_16003.jpeg,fragrantica-scraper-archive/social-cards/images/987_957-VICT_16003.jpeg,DOWNLOADED,104719,43a1d7c52dd2e000c3863f9434361d3619451d8707d9a27d02de9edb5e4b8ca1,
986,956-VICT,CRUSH - VICTORIA'S SECRET,Victoria s Secret,Crush,CONFIRMED,FOUND,40201,https://www.fragrantica.com/perfume/Victoria-s-Secret/Crush-40201.html,https://fimgs.net/mdimg/perfume-social-cards/en-p_c_40201.jpeg,fragrantica-scraper-archive/social-cards/images/986_956-VICT_40201.jpeg,DOWNLOADED,101235,a474c9fc4834b41c84113e2653fecfeb5a59b16e1c349fbd43643d6cff64ec4e,
985,955-VICT,COCONUT PASSION - VICTORIA'S SECRET,Victoria s Secret,Coconut Passion,CONFIRMED,FOUND,7993,https://www.fragrantica.com/perfume/Victoria-s-Secret/Coconut-Passion-7993.html,https://fimgs.net/mdimg/perfume-social-cards/en-p_c_7993.jpeg,fragrantica-scraper-archive/social-cards/images/985_955-VICT_7993.jpeg,DOWNLOADED,95287,d2c490a5dcafcaebc7fca2ba3faa588b3f58d03c6eb597b88028660a4c0639fc,
984,954-VICT,BOMBSHELL PINK DIAMOND - VICTORIA'S SECRET,Victoria s Secret,Bombshell Pink Diamond,CONFIRMED,FOUND,28811,https://www.fragrantica.com/perfume/Victoria-s-Secret/Bombshell-Pink-Diamond-28811.html,https://fimgs.net/mdimg/perfume-social-cards/en-p_c_28811.jpeg,fragrantica-scraper-archive/social-cards/images/984_954-VICT_28811.jpeg,DOWNLOADED,103699,a7983a3666e88a29074a1182ebb62ea6bd72df2b569c5189e5e771b9a4f17580,
983,953-VICT,BOMBSHELL FOREVER - VICTORIA'S SECRET,Victoria s Secret,Bombshell Forever,CONFIRMED,FOUND,18315,https://www.fragrantica.com/perfume/Victoria-s-Secret/Bombshell-Forever-18315.html,https://fimgs.net/mdimg/perfume-social-cards/en-p_c_18315.jpeg,fragrantica-scraper-archive/social-cards/images/983_953-VICT_18315.jpeg,DOWNLOADED,101304,6aed927e65392e33028ff99523c2cc5fa2c390101b541443bda59488bed70f39,
981,950-VICT,AMBER ROMANCE - VICTORIA'S SECRET,Victoria s Secret,Amber Romance,CONFIRMED,FOUND,7990,https://www.fragrantica.com/perfume/Victoria-s-Secret/Amber-Romance-7990.html,https://fimgs.net/mdimg/perfume-social-cards/en-p_c_7990.jpeg,fragrantica-scraper-archive/social-cards/images/981_950-VICT_7990.jpeg,DOWNLOADED,96375,4642a274dc32e72141e69758b91a2ecd1bb73d37185a645bce70830400f12030,
980,949-VIC,FLOWER BOMB BLOOM,Viktor Rolf,Flowerbomb Bloom,CONFIRMED,FOUND,42905,https://www.fragrantica.com/perfume/Viktor-Rolf/Flowerbomb-Bloom-42905.html,https://fimgs.net/mdimg/perfume-social-cards/en-p_c_42905.jpeg,fragrantica-scraper-archive/social-cards/images/980_949-VIC_42905.jpeg,DOWNLOADED,109564,b1df5b64ab58194e32f2d0bd88bb34d82674a5dee3f2bf7b2455f0cd130d2835,
979,948-VIC,FLOWER BOMB,Viktor Rolf,Flowerbomb,CONFIRMED,FOUND,1460,https://www.fragrantica.com/perfume/Viktor-Rolf/Flowerbomb-1460.html,https://fimgs.net/mdimg/perfume-social-cards/en-p_c_1460.jpeg,fragrantica-scraper-archive/social-cards/images/979_948-VIC_1460.jpeg,DOWNLOADED,102609,3e88f7076a0dd2c11cee7324568166b048504985dff192d25df60b504edbff24,
978,947-VIC,BON BON,Armaf,Bon Bon,CONFIRMED,FOUND,123334,https://www.fragrantica.com/perfume/Armaf/Bon-Bon-123334.html,https://fimgs.net/mdimg/perfume-social-cards/en-p_c_123334.jpeg,fragrantica-scraper-archive/social-cards/images/978_947-VIC_123334.jpeg,DOWNLOADED,96297,b3c4c5dacf787984a879b97eff08e3b2a28c647c4d3b880a50c7e662ae724180,
977,946-VER,ORIENTAL OUD,Versace,ORIENTAL OUD,CONFIRMED,FOUND,22819,https://www.fragrantica.com/perfume/Versace/Versace-Pour-Femme-Oud-Oriental-22819.html,https://fimgs.net/mdimg/perfume-social-cards/en-p_c_22819.jpeg,fragrantica-scraper-archive/social-cards/images/977_946-VER_22819.jpeg,DOWNLOADED,115897,d9cfb3ce3813e5e49ced283a693a243debc6ebe6bc2d0bbe433e2ce6837d7a97,
976,945-VER,EROS POUR FEMME,Versace,Eros Pour Femme,CONFIRMED,FOUND,28958,https://www.fragrantica.com/perfume/Versace/Eros-Pour-Femme-28958.html,https://fimgs.net/mdimg/perfume-social-cards/en-p_c_28958.jpeg,fragrantica-scraper-archive/social-cards/images/976_945-VER_28958.jpeg,DOWNLOADED,117588,f81f3d8202d16856f7218e5c89c60a6e0ef2f9f68313cfa302950e6949e19324,
975,944-VER,CRYSTAL NOIR,Versace,Crystal Noir,CONFIRMED,FOUND,631,https://www.fragrantica.com/perfume/Versace/Crystal-Noir-631.html,https://fimgs.net/mdimg/perfume-social-cards/en-p_c_631.jpeg,fragrantica-scraper-archive/social-cards/images/975_944-VER_631.jpeg,DOWNLOADED,105057,be39d63a0835aa275de503ebd8239f0726c43847094e20378a2038cd3d69a82f,
974,943-VER,BRIGHT CRYSTAL,Versace,Bright Crystal,CONFIRMED,FOUND,632,https://www.fragrantica.com/perfume/Versace/Bright-Crystal-632.html,https://fimgs.net/mdimg/perfume-social-cards/en-p_c_632.jpeg,fragrantica-scraper-archive/social-cards/images/974_943-VER_632.jpeg,DOWNLOADED,108423,bddbe08171b3756e8863319d51050973c6135b86d65732d22b137d7e260b2aad,
973,942-VERW,PRINCESS,Vera Wang,Princess,CONFIRMED,FOUND,1596,https://www.fragrantica.com/perfume/Vera-Wang/Princess-1596.html,https://fimgs.net/mdimg/perfume-social-cards/en-p_c_1596.jpeg,fragrantica-scraper-archive/social-cards/images/973_942-VERW_1596.jpeg,DOWNLOADED,110649,678d245e790355b70f8207012f7743e54eed9893a53eda72131e6891a97e4297,
972,941-VAN,,Van Cleef Arpels,Van Cleef,CONFIRMED,FOUND,1102,https://www.fragrantica.com/perfume/Van-Cleef-Arpels/Van-Cleef-1102.html,https://fimgs.net/mdimg/perfume-social-cards/en-p_c_1102.jpeg,fragrantica-scraper-archive/social-cards/images/972_941-VAN_1102.jpeg,DOWNLOADED,105118,0d13cda446a85fddeaa7f34dff7a71103ce71441207863010bbb0341775aef20,
971,1270-VAN,,Van Cleef Arpels,Bois Dore,CONFIRMED,FOUND,44864,https://www.fragrantica.com/perfume/Van-Cleef-Arpels/Bois-Dore-44864.html,https://fimgs.net/mdimg/perfume-social-cards/en-p_c_44864.jpeg,fragrantica-scraper-archive/social-cards/images/971_1270-VAN_44864.jpeg,DOWNLOADED,101615,594129913275e49db61abd154ca63b0a02617ba3a51532ff42d19ae10230ba88,
970,939-VAL,VALENTINA PINK - VALENTINO,Valentino,Valentina Pink,CONFIRMED,FOUND,29901,https://www.fragrantica.com/perfume/Valentino/Valentina-Pink-29901.html,https://fimgs.net/mdimg/perfume-social-cards/en-p_c_29901.jpeg,fragrantica-scraper-archive/social-cards/images/970_939-VAL_29901.jpeg,DOWNLOADED,100869,7d74ca579e0fc6d88adc4fa4bd135dc09536b9dd25bcb074f27e1faf6a0f03a6,
969,938-VAL,VALENTINA - VALENTINO,Valentino,Valentina,CONFIRMED,FOUND,12770,https://www.fragrantica.com/perfume/Valentino/Valentina-12770.html,https://fimgs.net/mdimg/perfume-social-cards/en-p_c_12770.jpeg,fragrantica-scraper-archive/social-cards/images/969_938-VAL_12770.jpeg,DOWNLOADED,104591,b51be192d2238a52a484e4a1736353d1bacfb4b6a096f93ec9e491c5a2476dbe,
968,935-TRU,SKIN,Trussardi,Skin,CONFIRMED,FOUND,1038,https://www.fragrantica.com/perfume/Trussardi/Trussardi-Skin-1038.html,https://fimgs.net/mdimg/perfume-social-cards/en-p_c_1038.jpeg,fragrantica-scraper-archive/social-cards/images/968_935-TRU_1038.jpeg,DOWNLOADED,105611,fd671092ada9dd107216fb9ff46e6038baf62125e9bcc405fb709565d6856042,
967,934-TRU,MY SCENT,Trussardi,My Scent,CONFIRMED,FOUND,31030,https://www.fragrantica.com/perfume/Trussardi/My-Scent-31030.html,https://fimgs.net/mdimg/perfume-social-cards/en-p_c_31030.jpeg,fragrantica-scraper-archive/social-cards/images/967_934-TRU_31030.jpeg,DOWNLOADED,105895,d11733abdb79d7c9e4dc9e4e40cad1a754d74a8408de60c7c8fce9886e361ef1,
966,933-TRU,MY NAME,Trussardi,My Name,CONFIRMED,FOUND,18802,https://www.fragrantica.com/perfume/Trussardi/My-Name-18802.html,https://fimgs.net/mdimg/perfume-social-cards/en-p_c_18802.jpeg,fragrantica-scraper-archive/social-cards/images/966_933-TRU_18802.jpeg,DOWNLOADED,111921,490fbda25bd1fd84800133f74b305c8c0dd6a8be68531d4b2270efca39d6f588,
965,931-TRU,INSIDE,Trussardi,INSIDE,CONFIRMED,FOUND,883,https://www.fragrantica.com/perfume/Trussardi/Trussardi-Inside-for-women-883.html,https://fimgs.net/mdimg/perfume-social-cards/en-p_c_883.jpeg,fragrantica-scraper-archive/social-cards/images/965_931-TRU_883.jpeg,DOWNLOADED,112104,c51e066d70035ce96868149b5e4f1a20b4fc6b8b923cc43990c5a95633693ab4,
964,930-TRU,ESSENZA DEL TEMPO,Trussardi,Essenza del Tempo,CONFIRMED,FOUND,3667,https://www.fragrantica.com/perfume/Trussardi/Essenza-del-Tempo-3667.html,https://fimgs.net/mdimg/perfume-social-cards/en-p_c_3667.jpeg,fragrantica-scraper-archive/social-cards/images/964_930-TRU_3667.jpeg,DOWNLOADED,126775,a9557bb9730bc91472131839c896020e6dcc042be065536eb30644be1896aec9,
963,929-TRU,DONNA,Trussardi,Donna,CONFIRMED,FOUND,13066,https://www.fragrantica.com/perfume/Trussardi/Donna-Trussardi-2011-13066.html,https://fimgs.net/mdimg/perfume-social-cards/en-p_c_13066.jpeg,fragrantica-scraper-archive/social-cards/images/963_929-TRU_13066.jpeg,DOWNLOADED,104176,1d83f7e2a1d905bb09b8415fd36ac310cbefaf1778e4cb47856db0cb66b364e4,
962,928-TRU,DELICATE ROSE,Aurora Scents,Delicate Rose,CONFIRMED,FOUND,93471,https://www.fragrantica.com/perfume/Aurora-Scents/Delicate-Rose-93471.html,https://fimgs.net/mdimg/perfume-social-cards/en-p_c_93471.jpeg,fragrantica-scraper-archive/social-cards/images/962_928-TRU_93471.jpeg,MISSING,,,HTTP 404
961,927-TOUZ,,Tous,Rosa,CONFIRMED,FOUND,17827,https://www.fragrantica.com/perfume/Tous/Rosa-17827.html,https://fimgs.net/mdimg/perfume-social-cards/en-p_c_17827.jpeg,fragrantica-scraper-archive/social-cards/images/961_927-TOUZ_17827.jpeg,DOWNLOADED,96680,a8e5d39f526d2c49df098ea0181f3a2742a15782cb0a45d5c3f4129f9af04e35,
960,926-TOM,,,,CONFIRMED,FOUND,3016,https://www.fragrantica.com/perfume/Tommy-Hilfiger/Tommy-Girl-3016.html,https://fimgs.net/mdimg/perfume-social-cards/en-p_c_3016.jpeg,fragrantica-scraper-archive/social-cards/images/960_926-TOM_3016.jpeg,DOWNLOADED,96988,45398e07929b2a5b7f57d959a4015da49491ff7a5bee843610cd49faf6f6cf75,
959,925-TMU,WOMANITY,Mugler,Womanity,CONFIRMED,FOUND,8766,https://www.fragrantica.com/perfume/Mugler/Womanity-8766.html,https://fimgs.net/mdimg/perfume-social-cards/en-p_c_8766.jpeg,fragrantica-scraper-archive/social-cards/images/959_925-TMU_8766.jpeg,DOWNLOADED,97583,d68c8abcaa1ea1572ae714497c623ccbdd4545f94d687cabc5f01c366ebf04ee,
957,923-TMU,notes AURA,mugler,notes AURA,CONFIRMED,FOUND,45639,https://www.fragrantica.com/perfume/Mugler/Aura-Mugler-45639.html,https://fimgs.net/mdimg/perfume-social-cards/en-p_c_45639.jpeg,fragrantica-scraper-archive/social-cards/images/957_923-TMU_45639.jpeg,DOWNLOADED,116446,2ae705743b7cd62b58616c056790f9f0c9db197a31891e86340674d76a4a531e,
956,921-TMU,ANGEL MUSE,Mugler,Angel Muse,CONFIRMED,FOUND,36416,https://www.fragrantica.com/perfume/Mugler/Angel-Muse-36416.html,https://fimgs.net/mdimg/perfume-social-cards/en-p_c_36416.jpeg,fragrantica-scraper-archive/social-cards/images/956_921-TMU_36416.jpeg,DOWNLOADED,107798,69ec5c855cf2e942ec062530fe6b6c7274b132fd796f793e88654dfde9e86ab7,
955,920-TMU,ANGEL,Mugler,Angel,CONFIRMED,FOUND,704,https://www.fragrantica.com/perfume/Mugler/Angel-704.html,https://fimgs.net/mdimg/perfume-social-cards/en-p_c_704.jpeg,fragrantica-scraper-archive/social-cards/images/955_920-TMU_704.jpeg,DOWNLOADED,103974,da31a8faa24dcf8eb29fc4f45103d17793e86cd3b0aaad4c59279e912fefcc59,
954,918-TMU,ALIEN Eau de Toilette,Mugler,Alien Eau de Toilette,CONFIRMED,FOUND,6616,https://www.fragrantica.com/perfume/Mugler/Alien-Eau-de-Toilette-6616.html,https://fimgs.net/mdimg/perfume-social-cards/en-p_c_6616.jpeg,fragrantica-scraper-archive/social-cards/images/954_918-TMU_6616.jpeg,DOWNLOADED,110517,4214ff78d662561a283c2390fc696d1f4f08c672993a3d302abdbfaff6395b12,
953,917-SWA,,Swarovski,Aura,CONFIRMED,FOUND,11258,https://www.fragrantica.com/perfume/Swarovski/Aura-11258.html,https://fimgs.net/mdimg/perfume-social-cards/en-p_c_11258.jpeg,fragrantica-scraper-archive/social-cards/images/953_917-SWA_11258.jpeg,DOWNLOADED,101365,c9df477e06caad34bf6d9c2d22b78dba80f7b986a616f985cb3ee33c75e0dbf7,
952,916-SOF,,Sofía Vergara,Love,CONFIRMED,FOUND,31662,https://www.fragrantica.com/perfume/Sofia-Vergara/Love-31662.html,https://fimgs.net/mdimg/perfume-social-cards/en-p_c_31662.jpeg,fragrantica-scraper-archive/social-cards/images/952_916-SOF_31662.jpeg,DOWNLOADED,96381,b1784a3369870d049a31e8c860923604bbd96b7d2efab2ae515dfc011d33363a,
951,915-SIS,,Sisley,Izia,CONFIRMED,FOUND,42935,https://www.fragrantica.com/perfume/Sisley/Izia-42935.html,https://fimgs.net/mdimg/perfume-social-cards/en-p_c_42935.jpeg,fragrantica-scraper-archive/social-cards/images/951_915-SIS_42935.jpeg,DOWNLOADED,104335,264be8264aab30542da4d67021d723464814eccd3a18d5273e162a18548060a6,
950,914-SIS,,Sisley,Eau Tropicale,CONFIRMED,FOUND,23324,https://www.fragrantica.com/perfume/Sisley/Eau-Tropicale-23324.html,https://fimgs.net/mdimg/perfume-social-cards/en-p_c_23324.jpeg,fragrantica-scraper-archive/social-cards/images/950_914-SIS_23324.jpeg,DOWNLOADED,98255,3cfe745cf21afb94d2cccc39bcd20782d36b2c3be964111e5e22f91ace2a85bb,
949,913-SIS,,Sisley,Eau du Soir,CONFIRMED,FOUND,1002,https://www.fragrantica.com/perfume/Sisley/Eau-du-Soir-1002.html,https://fimgs.net/mdimg/perfume-social-cards/en-p_c_1002.jpeg,fragrantica-scraper-archive/social-cards/images/949_913-SIS_1002.jpeg,DOWNLOADED,103340,8783c3169d0efbc89677564154792ee13c6b8e46f6e3ed6b024d1163ce99ab3c,
948,912-SHIS,,,,CONFIRMED,FOUND,1499,https://www.fragrantica.com/perfume/Shiseido/Zen-1499.html,https://fimgs.net/mdimg/perfume-social-cards/en-p_c_1499.jpeg,fragrantica-scraper-archive/social-cards/images/948_912-SHIS_1499.jpeg,DOWNLOADED,98206,9c3f93e2923649eb7edb6ce4ebf5b7ce85a3b80b42437dd9ca5c1d16d1c4de44,
947,911-SEPH,,Sephora,Fleur de Coton / Cotton Flower,CONFIRMED,FOUND,37955,https://www.fragrantica.com/perfume/Sephora/Fleur-de-Coton-Cotton-Flower-37955.html,https://fimgs.net/mdimg/perfume-social-cards/en-p_c_37955.jpeg,fragrantica-scraper-archive/social-cards/images/947_911-SEPH_37955.jpeg,DOWNLOADED,94539,b027ce32627792444a3a533d581f37b63c7b529f8db1cf538b74c7ffd65982d7,
946,910-SARJ,,,,CONFIRMED,FOUND,993,https://www.fragrantica.com/perfume/Sarah-Jessica-Parker/Lovely-993.html,https://fimgs.net/mdimg/perfume-social-cards/en-p_c_993.jpeg,fragrantica-scraper-archive/social-cards/images/946_910-SARJ_993.jpeg,DOWNLOADED,97965,0d87296352213b920499a4728af443839fc5bbdf6b2a1e86b368945360e27f49,
945,909-SFER,,Salvatore Ferragamo,TUSCAN SCENT WHITE MIMOSA - FERRAGAMO,CONFIRMED,FOUND,26777,https://www.fragrantica.com/perfume/Salvatore-Ferragamo/White-Mimosa-26777.html,https://fimgs.net/mdimg/perfume-social-cards/en-p_c_26777.jpeg,fragrantica-scraper-archive/social-cards/images/945_909-SFER_26777.jpeg,DOWNLOADED,100836,11508a91b68b1102c3e6db0d06638ac24a3ca747f87c972a743a3b5fd7303d7a,
944,908-SFER,,Salvatore Ferragamo,SIGNORINA MISTERIOSA - FERRAGAMO,CONFIRMED,FOUND,32646,https://www.fragrantica.com/perfume/Salvatore-Ferragamo/Signorina-Misteriosa-32646.html,https://fimgs.net/mdimg/perfume-social-cards/en-p_c_32646.jpeg,fragrantica-scraper-archive/social-cards/images/944_908-SFER_32646.jpeg,DOWNLOADED,107964,0e2b6ffa51a62f6d7c542d8a094618564241a46a75bd4ad2feaeac969900aba8,
943,907-SFER,,Salvatore Ferragamo,SIGNORINA - FERRAGAMO,CONFIRMED,FOUND,13639,https://www.fragrantica.com/perfume/Salvatore-Ferragamo/Signorina-13639.html,https://fimgs.net/mdimg/perfume-social-cards/en-p_c_13639.jpeg,fragrantica-scraper-archive/social-cards/images/943_907-SFER_13639.jpeg,DOWNLOADED,103780,4dcf6ed107e8d50f75093745eaae8d2bced37dd7b937781b68e146b987531083,
942,906-SFER,,Salvatore Ferragamo,EMOZIONE - S.FERRAGAMO,CONFIRMED,FOUND,28117,https://www.fragrantica.com/perfume/Salvatore-Ferragamo/Emozione-28117.html,https://fimgs.net/mdimg/perfume-social-cards/en-p_c_28117.jpeg,fragrantica-scraper-archive/social-cards/images/942_906-SFER_28117.jpeg,DOWNLOADED,95856,201bdabb9f4140a41cb2d8aac23c6fbdc7af5bca8690e24102919cd8a7949e0e,
941,905-SFER,,Salvatore Ferragamo,AMO - S.FERRAGAMO,CONFIRMED,FOUND,46832,https://www.fragrantica.com/perfume/Salvatore-Ferragamo/Amo-Ferragamo-46832.html,https://fimgs.net/mdimg/perfume-social-cards/en-p_c_46832.jpeg,fragrantica-scraper-archive/social-cards/images/941_905-SFER_46832.jpeg,DOWNLOADED,107066,11b6191a159446bf2a4bd24091d52568e1bbf1d30a0a02eab4ff35075e109021,
940,902-SALV,,Salvador Dali,Dalissime,CONFIRMED,FOUND,970,https://www.fragrantica.com/perfume/Salvador-Dali/Dalissime-970.html,https://fimgs.net/mdimg/perfume-social-cards/en-p_c_970.jpeg,fragrantica-scraper-archive/social-cards/images/940_902-SALV_970.jpeg,DOWNLOADED,96246,b97b2af7a1a819f8d296387d1721c438adcf6ad996ca5c4637e4b4423825f0dd,
939,904-SALV,,Salvador Dali,SALVADOR DALI fragrances,CONFIRMED,FOUND,765,https://www.fragrantica.com/perfume/Salvador-Dali/Salvador-Dali-765.html,https://fimgs.net/mdimg/perfume-social-cards/en-p_c_765.jpeg,fragrantica-scraper-archive/social-cards/images/939_904-SALV_765.jpeg,DOWNLOADED,107832,3b60506e803af9658c848250b9151b8b23496d5948340df28bbbbaa664eb4a12,
938,901-ROG,ROSE - ROGER & GALLET Type,,,CONFIRMED,FOUND,3482,https://www.fragrantica.com/perfume/Roger-Gallet/Rose-3482.html,https://fimgs.net/mdimg/perfume-social-cards/en-p_c_3482.jpeg,fragrantica-scraper-archive/social-cards/images/938_901-ROG_3482.jpeg,DOWNLOADED,99716,ca10fa4b373940a39dcc0667eea6ea5d9d92b9e3f8b16f994fa3f50e83148429,
936,899-ROC,MADEMOISSELE - ROCHAS,Rochas,MADEMOISSELE - ROCHAS,CONFIRMED,FOUND,43205,https://www.fragrantica.com/perfume/Rochas/Mademoiselle-Rochas-43205.html,https://fimgs.net/mdimg/perfume-social-cards/en-p_c_43205.jpeg,fragrantica-scraper-archive/social-cards/images/936_899-ROC_43205.jpeg,DOWNLOADED,114545,b2b0c7a0491c77ecfa2b8513b44abc4d80bf93f4e3af4e7c90cde9fc51ecb726,
935,898-ROC,AQUA WOMAN - ROCHAS,Rochas,AQUA WOMAN - ROCHAS,CONFIRMED,FOUND,1427,https://www.fragrantica.com/perfume/Rochas/Aquawoman-1427.html,https://fimgs.net/mdimg/perfume-social-cards/en-p_c_1427.jpeg,fragrantica-scraper-archive/social-cards/images/935_898-ROC_1427.jpeg,DOWNLOADED,110107,5b315d58d48346da8a77c7619ab897000f2b5a5f443b48554a79a90d53a99629,
934,897-RCAV,TIGER OUD - ROBERTO CAVALLI,Roberto Cavalli,Tiger Oud,CONFIRMED,FOUND,22194,https://www.fragrantica.com/perfume/Roberto-Cavalli/Roberto-Cavalli-Tiger-Oud-22194.html,https://fimgs.net/mdimg/perfume-social-cards/en-p_c_22194.jpeg,fragrantica-scraper-archive/social-cards/images/934_897-RCAV_22194.jpeg,DOWNLOADED,96269,3fc5ce3c74241e24b4388e7521b07c5611943d74fdfe8485a1b16847f1506143,
933,895-RCAV,SERPENTINE - CAVALLI,Roberto Cavalli,SERPENTINE - CAVALLI,CONFIRMED,FOUND,837,https://www.fragrantica.com/perfume/Roberto-Cavalli/Serpentine-837.html,https://fimgs.net/mdimg/perfume-social-cards/en-p_c_837.jpeg,fragrantica-scraper-archive/social-cards/images/933_895-RCAV_837.jpeg,DOWNLOADED,113436,a255df7f75f471762e602ecfd415a4cb2a708c05b7c5f082727a9ecce4d9756e,
932,894-RCAV,PARADISO - ROBERTO CAVALLI,Roberto Cavalli,Paradiso,CONFIRMED,FOUND,28609,https://www.fragrantica.com/perfume/Roberto-Cavalli/Paradiso-28609.html,https://fimgs.net/mdimg/perfume-social-cards/en-p_c_28609.jpeg,fragrantica-scraper-archive/social-cards/images/932_894-RCAV_28609.jpeg,DOWNLOADED,110691,71021d9efcc5f6da211c2e2688e2b8106f13cd805c259f02439052ff6b8576e1,
931,893-RCAV,NERO ASSOLUTO - CAVALLI,Roberto Cavalli,Roberto Cavalli Nero Assoluto,CONFIRMED,FOUND,18833,https://www.fragrantica.com/perfume/Roberto-Cavalli/Roberto-Cavalli-Nero-Assoluto-18833.html,https://fimgs.net/mdimg/perfume-social-cards/en-p_c_18833.jpeg,fragrantica-scraper-archive/social-cards/images/931_893-RCAV_18833.jpeg,DOWNLOADED,105153,5e6d79137eb6d2e3fef48e1717af186622ff3dd327623a1007d6a3ffa76f1f8d,
930,892-RCAV,JUST HER - ROBERTO CAVALLI,Roberto Cavalli,Just Cavalli Her,CONFIRMED,FOUND,847,https://www.fragrantica.com/perfume/Roberto-Cavalli/Just-Cavalli-Her-847.html,https://fimgs.net/mdimg/perfume-social-cards/en-p_c_847.jpeg,fragrantica-scraper-archive/social-cards/images/930_892-RCAV_847.jpeg,DOWNLOADED,113926,7c96a1d02648739bda56fb1aedc75612aaf392229037433801c6374d4c88d4ed,
929,891-RCAV,JUST GOLD FOR HER - ROBERTO CAVALLI,Roberto Cavalli,Just Cavalli Gold for Her,CONFIRMED,FOUND,26216,https://www.fragrantica.com/perfume/Roberto-Cavalli/Just-Cavalli-Gold-for-Her-26216.html,https://fimgs.net/mdimg/perfume-social-cards/en-p_c_26216.jpeg,fragrantica-scraper-archive/social-cards/images/929_891-RCAV_26216.jpeg,DOWNLOADED,114168,3f659e3bb25034a9b77eca678fdcf8f48c5b6da8650ce030f307270ac7939730,
928,890-RCAV,EXOTICA - CAVALLI,Roberto Cavalli,Roberto Cavalli Exotica,CONFIRMED,FOUND,22902,https://www.fragrantica.com/perfume/Roberto-Cavalli/Roberto-Cavalli-Exotica-22902.html,https://fimgs.net/mdimg/perfume-social-cards/en-p_c_22902.jpeg,fragrantica-scraper-archive/social-cards/images/928_890-RCAV_22902.jpeg,DOWNLOADED,117939,fe4e3a9aa0c47f58f360ac29356931e963456bab12650250d3e9f7f81e606b9e,
927,889-RCAV,ESSENZA - ROBERTO CAVALLI,Roberto Cavalli,Roberto Cavalli Essenza,CONFIRMED,FOUND,31459,https://www.fragrantica.com/perfume/Roberto-Cavalli/Roberto-Cavalli-Essenza-31459.html,https://fimgs.net/mdimg/perfume-social-cards/en-p_c_31459.jpeg,fragrantica-scraper-archive/social-cards/images/927_889-RCAV_31459.jpeg,DOWNLOADED,93003,1a0c36a23f6d26dcd4405ad663e06561eafa38653879c7bc422c808ffa077255,
926,888-RCAV,DIVINE OUD (U) - ROBERTO CAVALLI,Roberto Cavalli,Divine Oud,CONFIRMED,FOUND,41717,https://www.fragrantica.com/perfume/Roberto-Cavalli/Divine-Oud-41717.html,https://fimgs.net/mdimg/perfume-social-cards/en-p_c_41717.jpeg,fragrantica-scraper-archive/social-cards/images/926_888-RCAV_41717.jpeg,DOWNLOADED,96669,7b7bf9beec472e741b0fe5a4671652bb14e47bb287c46c2aafb390054aae74be,
924,886-RIH,RIRI - RIHANNA,Rihanna,RiRi,CONFIRMED,FOUND,31629,https://www.fragrantica.com/perfume/Rihanna/RiRi-31629.html,https://fimgs.net/mdimg/perfume-social-cards/en-p_c_31629.jpeg,fragrantica-scraper-archive/social-cards/images/924_886-RIH_31629.jpeg,DOWNLOADED,102895,60a645ed2430f0cbc0acab057e67fb132d64085a59f18fcc38e4ae3ce8bbdee4,
923,885-REP,,Repetto,Repetto Eau Florale,CONFIRMED,FOUND,30159,https://www.fragrantica.com/perfume/Repetto/Repetto-L-Eau-Florale-30159.html,https://fimgs.net/mdimg/perfume-social-cards/en-p_c_30159.jpeg,fragrantica-scraper-archive/social-cards/images/923_885-REP_30159.jpeg,DOWNLOADED,110242,2a36ef3387600833958653778ca0f23d387b52c4c2f26f1cdf658a96e3a45604,
921,883-PRA,PRADA LA FEMME,Prada,Prada La Femme,CONFIRMED,FOUND,39030,https://www.fragrantica.com/perfume/Prada/Prada-La-Femme-39030.html,https://fimgs.net/mdimg/perfume-social-cards/en-p_c_39030.jpeg,fragrantica-scraper-archive/social-cards/images/921_883-PRA_39030.jpeg,DOWNLOADED,105230,73324b057b0182dcf39e7d07e179ebd67331bddd4ed565e81863e88d3b927a7a,
920,882-PRA,PRADA AMBER MAN,Prada,Prada Amber Pour Homme Prada Man,CONFIRMED,FOUND,1044,https://www.fragrantica.com/perfume/Prada/Prada-Amber-Pour-Homme-Prada-Man-1044.html,https://fimgs.net/mdimg/perfume-social-cards/en-p_c_1044.jpeg,fragrantica-scraper-archive/social-cards/images/920_882-PRA_1044.jpeg,DOWNLOADED,107783,0b4e1a2fa3d0f7254e299d2b6004c5548f193832fd4067aadd516be979b4040e,
919,881-PRA,L'EAU AMBREE,Prada,L Eau Ambree,CONFIRMED,FOUND,6524,https://www.fragrantica.com/perfume/Prada/L-Eau-Ambree-6524.html,https://fimgs.net/mdimg/perfume-social-cards/en-p_c_6524.jpeg,fragrantica-scraper-archive/social-cards/images/919_881-PRA_6524.jpeg,DOWNLOADED,105513,bdab251abec673fb794f183391712955a5d8d86d377ab466c5ab6d150e80e96e,
918,1239-PRA,INFUSION D'OEILLET - PRADA,Prada,Infusion d Oeillet,CONFIRMED,FOUND,31045,https://www.fragrantica.com/perfume/Prada/Infusion-d-Oeillet-31045.html,https://fimgs.net/mdimg/perfume-social-cards/en-p_c_31045.jpeg,fragrantica-scraper-archive/social-cards/images/918_1239-PRA_31045.jpeg,DOWNLOADED,106114,1eabbad55158e0afb5b11103b84f16630b5a692f5ec602072bc41f6fd19da94d,
917,879-PRA,INFUSION D'IRIS - PRADA,Prada,Infusion d Iris,CONFIRMED,FOUND,1795,https://www.fragrantica.com/perfume/Prada/Infusion-d-Iris-1795.html,https://fimgs.net/mdimg/perfume-social-cards/en-p_c_1795.jpeg,fragrantica-scraper-archive/social-cards/images/917_879-PRA_1795.jpeg,DOWNLOADED,101573,3eb68062e1a11b4ff77bc912d6acf7685563a698387b4b8e0e6a12f677070530,
916,878-PRA,INFUSION DE MIMOSA - PRADA,Prada,Infusion de Mimosa,CONFIRMED,FOUND,38347,https://www.fragrantica.com/perfume/Prada/Infusion-de-Mimosa-38347.html,https://fimgs.net/mdimg/perfume-social-cards/en-p_c_38347.jpeg,fragrantica-scraper-archive/social-cards/images/916_878-PRA_38347.jpeg,DOWNLOADED,106185,ff28c555a2f6460b7bf0a890f3a81a5ffa957ac94e566ae6952e4b2b607d331b,
915,875-PRA,CANDY KISS - PRADA,Prada,Prada Candy Kiss,CONFIRMED,FOUND,34973,https://www.fragrantica.com/perfume/Prada/Prada-Candy-Kiss-34973.html,https://fimgs.net/mdimg/perfume-social-cards/en-p_c_34973.jpeg,fragrantica-scraper-archive/social-cards/images/915_875-PRA_34973.jpeg,DOWNLOADED,81749,2aacbc552837b481b0d5ba5ff59abf8c8c54feec2decf798ad780e55640dcf09,
914,874-PRA,,Prada,Prada Candy Gloss,CONFIRMED,FOUND,44534,https://www.fragrantica.com/perfume/Prada/Prada-Candy-Gloss-44534.html,https://fimgs.net/mdimg/perfume-social-cards/en-p_c_44534.jpeg,fragrantica-scraper-archive/social-cards/images/914_874-PRA_44534.jpeg,DOWNLOADED,103505,ba1e61c132a0e19432eb518cb293b694d147182f836426693ebd40110a54b34b,
913,873-PRA,CANDY FLORALE - PRADA,Prada,Prada Candy Florale,CONFIRMED,FOUND,24487,https://www.fragrantica.com/perfume/Prada/Prada-Candy-Florale-24487.html,https://fimgs.net/mdimg/perfume-social-cards/en-p_c_24487.jpeg,fragrantica-scraper-archive/social-cards/images/913_873-PRA_24487.jpeg,DOWNLOADED,97654,c14bdbe5ab7a6ac1179f9cc2a9893bbd8f3fa41e92359bf716453644b865517a,
912,872-PRA,Candy,Prada,Candy,CONFIRMED,FOUND,12426,https://www.fragrantica.com/perfume/Prada/Prada-Candy-12426.html,https://fimgs.net/mdimg/perfume-social-cards/en-p_c_12426.jpeg,fragrantica-scraper-archive/social-cards/images/912_872-PRA_12426.jpeg,DOWNLOADED,95015,9f0ccdc4368e5d531a9df36febb94bcbfdf5f3d102fa945c1636315a2f97093e,
911,871-PIER,,Pierre Balmain,IVOIRE - PIERRE BALMAIN,CONFIRMED,FOUND,15557,https://www.fragrantica.com/perfume/Pierre-Balmain/Ivoire-15557.html,https://fimgs.net/mdimg/perfume-social-cards/en-p_c_15557.jpeg,fragrantica-scraper-archive/social-cards/images/911_871-PIER_15557.jpeg,DOWNLOADED,99813,2fde723cbbee36908b3de64dd3f26de04ae87117b22a5b2c65f4b48790d4dfff,
910,870-PIER,,Pierre Balmain,EXTATIC INTENSE GOLD - PIERRE BALMAIN,CONFIRMED,FOUND,28047,https://www.fragrantica.com/perfume/Pierre-Balmain/Extatic-Intense-Gold-28047.html,https://fimgs.net/mdimg/perfume-social-cards/en-p_c_28047.jpeg,fragrantica-scraper-archive/social-cards/images/910_870-PIER_28047.jpeg,DOWNLOADED,97397,283c06b8c8a6d280bd22c928d028aa1a457a64452fe04e02dcf02d0f0c0dfd2e,
909,869-PIER,,Pierre Balmain,EXTATIC - PIERRE BALMAIN,CONFIRMED,FOUND,22817,https://www.fragrantica.com/perfume/Pierre-Balmain/Extatic-22817.html,https://fimgs.net/mdimg/perfume-social-cards/en-p_c_22817.jpeg,fragrantica-scraper-archive/social-cards/images/909_869-PIER_22817.jpeg,DOWNLOADED,99068,0a666d5786f74ec6fafb1966feed09ba5642dad50fc94d52284e15b5521617b9,
908,868-PARH,,Paris Hilton,Heiress Limited Edition Eau de Parfum (2015),CONFIRMED,FOUND,32365,https://www.fragrantica.com/perfume/Paris-Hilton/Heiress-Limited-Edition-32365.html,https://fimgs.net/mdimg/perfume-social-cards/en-p_c_32365.jpeg,fragrantica-scraper-archive/social-cards/images/908_868-PARH_32365.jpeg,DOWNLOADED,113277,d018cffe0eb1d65be0939983e82f3e9150d7aef84553d88a90c4afe05b408cbc,
907,867-PAL,,,,CONFIRMED,FOUND,1009,https://www.fragrantica.com/perfume/Paloma-Picasso/Paloma-Picasso-1009.html,https://fimgs.net/mdimg/perfume-social-cards/en-p_c_1009.jpeg,fragrantica-scraper-archive/social-cards/images/907_867-PAL_1009.jpeg,DOWNLOADED,101823,df712460a0993cd27a8ad4cce592dd16e8aa9017c0072e9c7b782b77817b4e6e,
906,866-PAC,ULTRA VIOLET for women,Be Style Perfumes,Ultra Violet,CONFIRMED,FOUND,52121,https://www.fragrantica.com/perfume/Be-Style-Perfumes/Ultra-Violet-52121.html,https://fimgs.net/mdimg/perfume-social-cards/en-p_c_52121.jpeg,fragrantica-scraper-archive/social-cards/images/906_866-PAC_52121.jpeg,MISSING,,,HTTP 404
905,865-PAC,PURE XS FOR HER,Rabanne,Pure XS For Her,CONFIRMED,FOUND,51424,https://www.fragrantica.com/perfume/Rabanne/Pure-XS-For-Her-51424.html,https://fimgs.net/mdimg/perfume-social-cards/en-p_c_51424.jpeg,fragrantica-scraper-archive/social-cards/images/905_865-PAC_51424.jpeg,DOWNLOADED,110959,340f6d031376dd4ee9ec5eaf3b2ca768afac2e31159a308bfca3eefc2dd4353e,
904,864-PAC,OLYMPEA INTENSE,Rabanne,Olympea Intense,CONFIRMED,FOUND,42890,https://www.fragrantica.com/perfume/Rabanne/Olympea-Intense-42890.html,https://fimgs.net/mdimg/perfume-social-cards/en-p_c_42890.jpeg,fragrantica-scraper-archive/social-cards/images/904_864-PAC_42890.jpeg,DOWNLOADED,103053,682659896a255c0fb93935f48e135884e150531920241194b5295e5eb309cb44,
903,863-PAC,OLYMPEA,Rabanne,Olympea,CONFIRMED,FOUND,31666,https://www.fragrantica.com/perfume/Rabanne/Olympea-31666.html,https://fimgs.net/mdimg/perfume-social-cards/en-p_c_31666.jpeg,fragrantica-scraper-archive/social-cards/images/903_863-PAC_31666.jpeg,DOWNLOADED,100471,2ccabf3bc91f8088b5a0fb1be33873a0ff3e530840c4a7b2674fc8d2b115d4da,
902,862-PAC,LADY MILLION PRIVE,Rabanne,Lady Million Prive,CONFIRMED,FOUND,37699,https://www.fragrantica.com/perfume/Rabanne/Lady-Million-Prive-37699.html,https://fimgs.net/mdimg/perfume-social-cards/en-p_c_37699.jpeg,fragrantica-scraper-archive/social-cards/images/902_862-PAC_37699.jpeg,DOWNLOADED,112771,4bc0359ca8499bfeb788965200624ed019c04de66bcc85c8582441c973a13a6b,
901,860-PAC,LADY MILLION,Rabanne,Lady Million,CONFIRMED,FOUND,9045,https://www.fragrantica.com/perfume/Rabanne/Lady-Million-9045.html,https://fimgs.net/mdimg/perfume-social-cards/en-p_c_9045.jpeg,fragrantica-scraper-archive/social-cards/images/901_860-PAC_9045.jpeg,DOWNLOADED,108346,94806e723ec95f1db28ff851598361d930655ac1346234539db39a76e93ce529,
900,859-PAC,Black XS L'Aphrodisiaque for Women,Rabanne,Black XS L Aphrodisiaque for Women,CONFIRMED,FOUND,18898,https://www.fragrantica.com/perfume/Rabanne/Black-XS-L-Aphrodisiaque-for-Women-18898.html,https://fimgs.net/mdimg/perfume-social-cards/en-p_c_18898.jpeg,fragrantica-scraper-archive/social-cards/images/900_859-PAC_18898.jpeg,DOWNLOADED,123365,2bd0897ee020251cc1aa735ab211291c051434ac1dadf118aaa2f517253d7420,
899,858-PAC,BLACK XS FOR HER,Rabanne,Black XS for Her,CONFIRMED,FOUND,1138,https://www.fragrantica.com/perfume/Rabanne/Black-XS-for-Her-1138.html,https://fimgs.net/mdimg/perfume-social-cards/en-p_c_1138.jpeg,fragrantica-scraper-archive/social-cards/images/899_858-PAC_1138.jpeg,DOWNLOADED,109748,58b8f08f50e604d54275d5e8ad45b83da9450cf22bd26f086774cfce9fe9fd2a,
898,857-ONE,YOU & I - ONE DIRECTION,One Direction,You  I,CONFIRMED,FOUND,26663,https://www.fragrantica.com/perfume/One-Direction/You-I-26663.html,https://fimgs.net/mdimg/perfume-social-cards/en-p_c_26663.jpeg,fragrantica-scraper-archive/social-cards/images/898_857-ONE_26663.jpeg,DOWNLOADED,100075,a5924023261f2ea28be5450950508029c8438d117c6ae909b1bd7d859361c47f,
897,856-NIN,RICCI RICCI,Nina Ricci,Ricci Ricci,CONFIRMED,FOUND,6382,https://www.fragrantica.com/perfume/Nina-Ricci/Ricci-Ricci-6382.html,https://fimgs.net/mdimg/perfume-social-cards/en-p_c_6382.jpeg,fragrantica-scraper-archive/social-cards/images/897_856-NIN_6382.jpeg,DOWNLOADED,104577,0aa39fa7287335b5d27699eaf769a0e89270c46b42d5425f6bf93333961ad039,
896,855-NIN,PREMIER JOUR,Nina Ricci,Premier Jour,CONFIRMED,FOUND,520,https://www.fragrantica.com/perfume/Nina-Ricci/Premier-jour-520.html,https://fimgs.net/mdimg/perfume-social-cards/en-p_c_520.jpeg,fragrantica-scraper-archive/social-cards/images/896_855-NIN_520.jpeg,DOWNLOADED,99026,8bc21fd4069028ebf5d93a0adedaaff71abb9f61a86459158affbfadd2bcd2b9,
895,853-NIN,NINA,Nina Ricci,NINA,CONFIRMED,FOUND,147,https://www.fragrantica.com/perfume/Nina-Ricci/Nina-147.html,https://fimgs.net/mdimg/perfume-social-cards/en-p_c_147.jpeg,fragrantica-scraper-archive/social-cards/images/895_853-NIN_147.jpeg,DOWNLOADED,101741,e0df7cbbfcb56bfbd0c72508d697c4f90135b3168b9a32413fe5f75026fbb883,
894,852-NIN,LUNA,Nina Ricci,Luna,CONFIRMED,FOUND,39376,https://www.fragrantica.com/perfume/Nina-Ricci/Luna-39376.html,https://fimgs.net/mdimg/perfume-social-cards/en-p_c_39376.jpeg,fragrantica-scraper-archive/social-cards/images/894_852-NIN_39376.jpeg,DOWNLOADED,103182,61eecd6e7dabf449e9eb0aec58319a02f37bd0a38d37209952881319b2404b61,
893,851-NIN,L'EXTASE,Nina Ricci,L Extase,CONFIRMED,FOUND,29668,https://www.fragrantica.com/perfume/Nina-Ricci/L-Extase-29668.html,https://fimgs.net/mdimg/perfume-social-cards/en-p_c_29668.jpeg,fragrantica-scraper-archive/social-cards/images/893_851-NIN_29668.jpeg,DOWNLOADED,107035,22e00732bbf9382818749be8578af303fa385a32148da765d4ad304c706dbca3,
892,850-NIN,L'AIR DU TEMPS,,,CONFIRMED,FOUND,1014,https://www.fragrantica.com/perfume/Nina-Ricci/L-Air-du-Temps-1014.html,https://fimgs.net/mdimg/perfume-social-cards/en-p_c_1014.jpeg,fragrantica-scraper-archive/social-cards/images/892_850-NIN_1014.jpeg,DOWNLOADED,115401,ea9e8c7ce0e63f3b0cb7d650bcdd76066b370f4ae5d8bb240af9b854040e56f8,
891,849-NRO,ROSE MUSC - RODRIGUEZ,Narciso Rodriguez,Rose Musc,CONFIRMED,FOUND,35713,https://www.fragrantica.com/perfume/Narciso-Rodriguez/Rose-Musc-35713.html,https://fimgs.net/mdimg/perfume-social-cards/en-p_c_35713.jpeg,fragrantica-scraper-archive/social-cards/images/891_849-NRO_35713.jpeg,DOWNLOADED,104653,c9143fc8489d32375a303f34c6e2050e3f53b0a3de616552d8fe961f37851511,
890,847-NRO,POUDREE NARCISO - NARCISO RODRIGUEZ,Asia Perfumes,Poudree,CONFIRMED,FOUND,101576,https://www.fragrantica.com/perfume/Asia-Perfumes/Poudree-101576.html,https://fimgs.net/mdimg/perfume-social-cards/en-p_c_101576.jpeg,fragrantica-scraper-archive/social-cards/images/890_847-NRO_101576.jpeg,MISSING,,,HTTP 404
889,846-NRO,NARCISO ROUGE - RODRIGUEZ,Narciso Rodriguez,Narciso Rouge,CONFIRMED,FOUND,49331,https://www.fragrantica.com/perfume/Narciso-Rodriguez/Narciso-Rouge-49331.html,https://fimgs.net/mdimg/perfume-social-cards/en-p_c_49331.jpeg,fragrantica-scraper-archive/social-cards/images/889_846-NRO_49331.jpeg,DOWNLOADED,96487,14516bdcca9e5bafc5ecff273033be9ae213e1974e5ebff2d10b9e2677f66f8e,
888,845-NRO,NARCISO (WHITE) - NARCISO RODRIGUEZ,Narciso Rodriguez,Narciso,CONFIRMED,FOUND,26127,https://www.fragrantica.com/perfume/Narciso-Rodriguez/Narciso-26127.html,https://fimgs.net/mdimg/perfume-social-cards/en-p_c_26127.jpeg,fragrantica-scraper-archive/social-cards/images/888_845-NRO_26127.jpeg,DOWNLOADED,91539,5a8aecb08030b1b1ff689b6cd2f376095ebd44bc7e6fb9e0548d3bf57732ab2c,
887,843-NRO,FOR HER PINK EAU DE TOILETTE - RODRIGUEZ,Narciso Rodriguez,FOR HER PINK EAU DE TOILETTE - RODRIGUEZ,CONFIRMED,FOUND,209,https://www.fragrantica.com/perfume/Narciso-Rodriguez/Narciso-Rodriguez-For-Her-209.html,https://fimgs.net/mdimg/perfume-social-cards/en-p_c_209.jpeg,fragrantica-scraper-archive/social-cards/images/887_843-NRO_209.jpeg,DOWNLOADED,95402,eaeaaa3392287835fccb0000d1d644bb77e996748a2a3e3dba8b78b3e9762c1c,
886,844-NRO,L'ABSOLU FOR HER  - NARCISO RODRIGUEZ,Narciso Rodriguez,Narciso Rodriguez For Her L Absolu,CONFIRMED,FOUND,31509,https://www.fragrantica.com/perfume/Narciso-Rodriguez/Narciso-Rodriguez-For-Her-L-Absolu-31509.html,https://fimgs.net/mdimg/perfume-social-cards/en-p_c_31509.jpeg,fragrantica-scraper-archive/social-cards/images/886_844-NRO_31509.jpeg,DOWNLOADED,98969,ca0c240da75e03b5aee107ab50bda56fecd86bdd56ffbeeaaba52125555ff76d,
885,841-NRO,FLEUR MUSK FOR HER - RODRIGUEZ,Narciso Rodriguez,FLEUR MUSK FOR HER - RODRIGUEZ,CONFIRMED,FOUND,42580,https://www.fragrantica.com/perfume/Narciso-Rodriguez/Fleur-Musc-for-Her-42580.html,https://fimgs.net/mdimg/perfume-social-cards/en-p_c_42580.jpeg,fragrantica-scraper-archive/social-cards/images/885_841-NRO_42580.jpeg,DOWNLOADED,99370,2121002d22ecd341befd3cc1bcaa874bf9ea31b8c1a023d8741b52963910f367,
884,842-NRO,FOR HER BLACK EDP - NARCISO RODRIGUEZ,Narciso Rodriguez,Narciso Rodriguez for Her Eau de Parfum,CONFIRMED,FOUND,14319,https://www.fragrantica.com/perfume/Narciso-Rodriguez/Narciso-Rodriguez-for-Her-Eau-de-Parfum-14319.html,https://fimgs.net/mdimg/perfume-social-cards/en-p_c_14319.jpeg,fragrantica-scraper-archive/social-cards/images/884_842-NRO_14319.jpeg,DOWNLOADED,105207,5c197635fc68fbf893b5ba1c1ec3579f360b5de71497d883acd71c7baa8a5589,
883,840-NAO,NAOMI - CAMPBELL,Naomi Campbell,Naomi Campbell,CONFIRMED,FOUND,905,https://www.fragrantica.com/perfume/Naomi-Campbell/Naomi-Campbell-905.html,https://fimgs.net/mdimg/perfume-social-cards/en-p_c_905.jpeg,fragrantica-scraper-archive/social-cards/images/883_840-NAO_905.jpeg,DOWNLOADED,97147,0d8b5acb314e4e2f7e27281fddfe41f8ce53f3b247c5e6cba41ced3c6bae61ef,
881,838-MOS,STARS - MOSCHINO,Moschino,Stars,CONFIRMED,FOUND,27957,https://www.fragrantica.com/perfume/Moschino/Stars-27957.html,https://fimgs.net/mdimg/perfume-social-cards/en-p_c_27957.jpeg,fragrantica-scraper-archive/social-cards/images/881_838-MOS_27957.jpeg,DOWNLOADED,107250,4121b362ab247ed2164e034f2413ef40b8c90d69713e285171c04ee0cb45aa32,
880,837-MOS,PINK BOUQUET - MOSCHINO,Moschino,Pink Bouquet,CONFIRMED,FOUND,15209,https://www.fragrantica.com/perfume/Moschino/Pink-Bouquet-15209.html,https://fimgs.net/mdimg/perfume-social-cards/en-p_c_15209.jpeg,fragrantica-scraper-archive/social-cards/images/880_837-MOS_15209.jpeg,DOWNLOADED,109018,a831b492dcbc9393a7d2bc62362ed510472fc522b554e4062a3e4f6a447ace64,
879,836-MOS,L'EAU CHEAP & CHIC - MOSCHINO,Moschino,L Eau Cheap and Chic,CONFIRMED,FOUND,1616,https://www.fragrantica.com/perfume/Moschino/L-Eau-Cheap-and-Chic-1616.html,https://fimgs.net/mdimg/perfume-social-cards/en-p_c_1616.jpeg,fragrantica-scraper-archive/social-cards/images/879_836-MOS_1616.jpeg,DOWNLOADED,99708,32a27e1f9c32afa88ef895acd6dc418667ed2840e011774073539dd33f82e22e,
878,835-MOS,FUNNY MOSCHINO,Moschino,Moschino Funny,CONFIRMED,FOUND,1215,https://www.fragrantica.com/perfume/Moschino/Moschino-Funny-1215.html,https://fimgs.net/mdimg/perfume-social-cards/en-p_c_1215.jpeg,fragrantica-scraper-archive/social-cards/images/878_835-MOS_1215.jpeg,DOWNLOADED,110150,3135372282f08e7ec360e51886c9dc4acd970bd712df89092dc9438ad943c8cd,
877,833-MOS,CHEAP & CHIC LIGHT CLOUDS - MOSCHINO,Moschino,Cheap Chic Light Clouds,CONFIRMED,FOUND,6146,https://www.fragrantica.com/perfume/Moschino/Cheap-Chic-Light-Clouds-6146.html,https://fimgs.net/mdimg/perfume-social-cards/en-p_c_6146.jpeg,fragrantica-scraper-archive/social-cards/images/877_833-MOS_6146.jpeg,DOWNLOADED,95121,b414f5025a3914e1f07f13bb1189806ed429b8e4e2a96187b1194319b670f628,
876,832-MOS,CHEAP & CHIC I LOVE LOVE - MOSCHINO,Moschino,Cheap Chic I Love Love,CONFIRMED,FOUND,728,https://www.fragrantica.com/perfume/Moschino/Cheap-Chic-I-Love-Love-728.html,https://fimgs.net/mdimg/perfume-social-cards/en-p_c_728.jpeg,fragrantica-scraper-archive/social-cards/images/876_832-MOS_728.jpeg,DOWNLOADED,100670,f9fe76b0c7490c9e8a989f48229580719f1732747875eee677c1f95c35f6c9ef,
875,831-MOS,CHEAP & CHIC - MOSCHINO,Moschino,Cheap And Chic,CONFIRMED,FOUND,727,https://www.fragrantica.com/perfume/Moschino/Cheap-Chic-727.html,https://fimgs.net/mdimg/perfume-social-cards/en-p_c_727.jpeg,fragrantica-scraper-archive/social-cards/images/875_831-MOS_727.jpeg,DOWNLOADED,91942,792a6d61e2853c4a69aa78f26d048d0cdca81859f221f92e8ca0f090435a74c9,
874,830-MNTB,LEGEND POUR FEMME - MONT BLANC,Montblanc,Legend Pour Femme,CONFIRMED,FOUND,16059,https://www.fragrantica.com/perfume/Montblanc/Legend-Pour-Femme-16059.html,https://fimgs.net/mdimg/perfume-social-cards/en-p_c_16059.jpeg,fragrantica-scraper-archive/social-cards/images/874_830-MNTB_16059.jpeg,DOWNLOADED,99792,aee76e101afe69b4cb75fa6d1bd97b869e84cfe24fc7a33484ae0b1f5c2cd5ff,
873,829-MNTB,FEMME - MONT BLANC,Montblanc,FEMME - MONT BLANC,CONFIRMED,FOUND,833,https://www.fragrantica.com/perfume/Mont-Blanc/Femme-de-Montblanc-833.html,https://fimgs.net/mdimg/perfume-social-cards/en-p_c_833.jpeg,fragrantica-scraper-archive/social-cards/images/873_829-MNTB_833.jpeg,DOWNLOADED,118505,65bf0e4f912303620a5cb515b40486c47f0e011bd8deb123936701619b7b7252,
872,828-MIY,L’Eau Bleue Miu Miu,,,CONFIRMED,FOUND,42720,https://www.fragrantica.com/perfume/Miu-Miu/Miu-Miu-L-Eau-Bleue-42720.html,https://fimgs.net/mdimg/perfume-social-cards/en-p_c_42720.jpeg,fragrantica-scraper-archive/social-cards/images/872_828-MIY_42720.jpeg,DOWNLOADED,110343,260ddc72a5ea59ada03047d18f2008bd35feab098f7cdc8a71e418e7292ca69e,
871,827-MISN,MISSONI - MISSONI,Missoni,Missoni,CONFIRMED,FOUND,1069,https://www.fragrantica.com/perfume/Missoni/Missoni-1069.html,https://fimgs.net/mdimg/perfume-social-cards/en-p_c_1069.jpeg,fragrantica-scraper-archive/social-cards/images/871_827-MISN_1069.jpeg,DOWNLOADED,103342,5875df445bd5e4163f0a4b7814ce62975dd704ae5b2602cc71e12d56cc9b35f6,
870,825-MIC,WONDERLUST - MICHAEL KORS,Michael Kors,Wonderlust,CONFIRMED,FOUND,39459,https://www.fragrantica.com/perfume/Michael-Kors/Wonderlust-39459.html,https://fimgs.net/mdimg/perfume-social-cards/en-p_c_39459.jpeg,fragrantica-scraper-archive/social-cards/images/870_825-MIC_39459.jpeg,DOWNLOADED,104184,321575ccfa86ec86a2fd797648de2e61acaadd4e1076b4c65aacbc7be002be8c,
869,824-MIC,WHITE LUMINOUS GOLD - MICHAEL KORS,Michael Kors,Gold Collection  White Luminous Gold,CONFIRMED,FOUND,31343,https://www.fragrantica.com/perfume/Michael-Kors/White-Luminous-Gold-31343.html,https://fimgs.net/mdimg/perfume-social-cards/en-p_c_31343.jpeg,fragrantica-scraper-archive/social-cards/images/869_824-MIC_31343.jpeg,DOWNLOADED,93416,3b790ff2a0d264fa571d66a6fbcab4d16538b51f5666030f90a7268304c82304,
868,823-MIC,SPORTY CITRUS - MICHAEL KORS,Michael Kors,Sporty Citrus,CONFIRMED,FOUND,18160,https://www.fragrantica.com/perfume/Michael-Kors/Sporty-Citrus-18160.html,https://fimgs.net/mdimg/perfume-social-cards/en-p_c_18160.jpeg,fragrantica-scraper-archive/social-cards/images/868_823-MIC_18160.jpeg,DOWNLOADED,86200,7ab4a23136317e9a0d6705f51f0cd58564fe20614a8509836f71cb9dc79f3c16,
867,822-MIC,SEXY RUBY - KORS,Michael Kors,Sexy-ruby-glam-ruby,CONFIRMED,FOUND,46182,https://www.fragrantica.com/perfume/Michael-Kors/Sexy-Ruby-46182.html,https://fimgs.net/mdimg/perfume-social-cards/en-p_c_46182.jpeg,fragrantica-scraper-archive/social-cards/images/867_822-MIC_46182.jpeg,DOWNLOADED,102584,d3a87a58e20160a8f792c1d5c1eb65e6497471cdcb8d1c797742e121e68dff4c,
866,821-MIC,SEXY SUNSET - KORS,Michael Kors,SEXY SUNSET - KORS,CONFIRMED,FOUND,34276,https://www.fragrantica.com/perfume/Michael-Kors/Sexy-Sunset-34276.html,https://fimgs.net/mdimg/perfume-social-cards/en-p_c_34276.jpeg,fragrantica-scraper-archive/social-cards/images/866_821-MIC_34276.jpeg,DOWNLOADED,95313,0ad059fc78e5afffb48e07796d61aa3c62c885830c0c75eeb40077aba6b70da3,
865,820-MIC,SEXY RIO DE JANEIRO KORS,Michael Kors,SEXY RIO DE JANEIRO KORS,CONFIRMED,FOUND,27497,https://www.fragrantica.com/perfume/Michael-Kors/Sexy-Rio-de-Janeiro-27497.html,https://fimgs.net/mdimg/perfume-social-cards/en-p_c_27497.jpeg,fragrantica-scraper-archive/social-cards/images/865_820-MIC_27497.jpeg,DOWNLOADED,95343,459105aae0f4ef798801a4e90f817b49d2d0104cff22093a431f8ecb0329f68b,
864,819-MIC,SEXY AMBER - KORS,Michael Kors,SEXY AMBER - KORS,CONFIRMED,FOUND,18161,https://www.fragrantica.com/perfume/Michael-Kors/Sexy-Amber-18161.html,https://fimgs.net/mdimg/perfume-social-cards/en-p_c_18161.jpeg,fragrantica-scraper-archive/social-cards/images/864_819-MIC_18161.jpeg,DOWNLOADED,90215,322d437ef5116de5daa104745253689597f7c656621fd45eba586a845f5c0533,
863,818-MIC,CORAL - KORS,Michael Kors,Michael Kors Coral,CONFIRMED,FOUND,32739,https://www.fragrantica.com/perfume/Michael-Kors/Coral-32739.html,https://fimgs.net/mdimg/perfume-social-cards/en-p_c_32739.jpeg,fragrantica-scraper-archive/social-cards/images/863_818-MIC_32739.jpeg,DOWNLOADED,98896,5b49019075dd2b5aad0f481cf8a7563250393ed3b81f01972d54515e22366937,
862,817-MIC,24K BRILLIANT GOLD - KORS,Michael Kors,Gold Collection  24k Brilliant Gold,CONFIRMED,FOUND,31341,https://www.fragrantica.com/perfume/Michael-Kors/24K-Brilliant-Gold-31341.html,https://fimgs.net/mdimg/perfume-social-cards/en-p_c_31341.jpeg,fragrantica-scraper-archive/social-cards/images/862_817-MIC_31341.jpeg,DOWNLOADED,95684,d74943ec258c632ec7126c23fd5b6593dda4444caaabdf19af2f040c5635c7d0,
861,816-MAX,MAX MARA,Max Mara,MAX MARA,CONFIRMED,FOUND,204,https://www.fragrantica.com/perfume/Max-Mara/Max-Mara-204.html,https://fimgs.net/mdimg/perfume-social-cards/en-p_c_204.jpeg,fragrantica-scraper-archive/social-cards/images/861_816-MAX_204.jpeg,DOWNLOADED,103178,e2b084c8516dd33f693895a63e9b0b187871718ece53cd89be59451939723390,
860,815-MAR,HONEY - MARC JACOBS,Marc Jacobs,Honey,CONFIRMED,FOUND,18272,https://www.fragrantica.com/perfume/Marc-Jacobs/Honey-18272.html,https://fimgs.net/mdimg/perfume-social-cards/en-p_c_18272.jpeg,fragrantica-scraper-archive/social-cards/images/860_815-MAR_18272.jpeg,DOWNLOADED,100680,fdb1267a1b5a067f891f4ac441c24e9cf17abeeff0e514f7ea0c99afeea5328f,
859,814-MAR,DOT - MARC JACOBS,Marc Jacobs,Dot,CONFIRMED,FOUND,14781,https://www.fragrantica.com/perfume/Marc-Jacobs/Dot-14781.html,https://fimgs.net/mdimg/perfume-social-cards/en-p_c_14781.jpeg,fragrantica-scraper-archive/social-cards/images/859_814-MAR_14781.jpeg,DOWNLOADED,103749,c299e4f6c14b0a705fd338ae3e6f6283063b93be757d62993725c63a96471729,
858,813-MAR,DECADENCE - MARC JACOBS,Marc Jacobs,Decadence,CONFIRMED,FOUND,31226,https://www.fragrantica.com/perfume/Marc-Jacobs/Decadence-31226.html,https://fimgs.net/mdimg/perfume-social-cards/en-p_c_31226.jpeg,fragrantica-scraper-archive/social-cards/images/858_813-MAR_31226.jpeg,DOWNLOADED,112514,0d684cc0a019b54bb9dd7c666b6092883dda6114ce60fe622dab1e88ae2ca63d,
856,812-MAR,DAISY DREAM - MARC JACOBS,Marc Jacobs,Daisy Dream,CONFIRMED,FOUND,25289,https://www.fragrantica.com/perfume/Marc-Jacobs/Daisy-Dream-25289.html,https://fimgs.net/mdimg/perfume-social-cards/en-p_c_25289.jpeg,fragrantica-scraper-archive/social-cards/images/856_812-MAR_25289.jpeg,DOWNLOADED,105554,dc30c011592ac22cac8ddfa9c43c513670cd63d8c1649dac2b85927eefaa03d3,
855,811-MAR,DAISY - MARC JACOBS,Marc Jacobs,Daisy,CONFIRMED,FOUND,1361,https://www.fragrantica.com/perfume/Marc-Jacobs/Daisy-1361.html,https://fimgs.net/mdimg/perfume-social-cards/en-p_c_1361.jpeg,fragrantica-scraper-archive/social-cards/images/855_811-MAR_1361.jpeg,DOWNLOADED,101018,2c9c140c55247a2891970ed1951d46258771357c797057d814e54269cba3f029,
852,807-LOL,LOLITA - LOLITA LEMPICKA,Lolita Lempicka,LOLITA - LOLITA LEMPICKA,CONFIRMED,FOUND,456,https://www.fragrantica.com/perfume/Lolita-Lempicka/Lolita-Lempicka-456.html,https://fimgs.net/mdimg/perfume-social-cards/en-p_c_456.jpeg,fragrantica-scraper-archive/social-cards/images/852_807-LOL_456.jpeg,DOWNLOADED,114088,d5341105180be87dc6b4521489d8a2e6ea792b3837219a7069057b5da559f2c7,
851,806-LOL,L'EAU JOLIE - LOLITA LEMPICKA,Lolita Lempicka,L Eau Jolie,CONFIRMED,FOUND,17936,https://www.fragrantica.com/perfume/Lolita-Lempicka/L-Eau-Jolie-17936.html,https://fimgs.net/mdimg/perfume-social-cards/en-p_c_17936.jpeg,fragrantica-scraper-archive/social-cards/images/851_806-LOL_17936.jpeg,DOWNLOADED,106235,955c2f51f23a5b12f47935d7e0a0ef1659b1c85ec05bb31464c3aa5a0cfe74ee,
850,805-LOL,L DE LOLITA LEMPICKA,Lolita Lempicka,L DE LOLITA LEMPICKA,CONFIRMED,FOUND,455,https://www.fragrantica.com/perfume/Lolita-Lempicka/L-de-Lolita-Lempicka-455.html,https://fimgs.net/mdimg/perfume-social-cards/en-p_c_455.jpeg,fragrantica-scraper-archive/social-cards/images/850_805-LOL_455.jpeg,DOWNLOADED,118469,7b122c52eec57b041aaf0f1d6467cfc46b1ef59ddbc6cfc1185cc7b70eaaf1a6,
849,804-LOE,,Loewe,A Mi Aire,CONFIRMED,FOUND,6292,https://www.fragrantica.com/perfume/Loewe/A-Mi-Aire-6292.html,https://fimgs.net/mdimg/perfume-social-cards/en-p_c_6292.jpeg,fragrantica-scraper-archive/social-cards/images/849_804-LOE_6292.jpeg,DOWNLOADED,99092,981dc0f514d028b7a5e15275433410531ad9471cb5459b81e20775fb43c175d5,
848,801-LANV,MARRY ME,Lanvin,Marry Me,CONFIRMED,FOUND,9405,https://www.fragrantica.com/perfume/Lanvin/Marry-Me-9405.html,https://fimgs.net/mdimg/perfume-social-cards/en-p_c_9405.jpeg,fragrantica-scraper-archive/social-cards/images/848_801-LANV_9405.jpeg,DOWNLOADED,96879,411605fcfe8fbab3b585b5d2d2815586908129d8c0c9513f51d855b40e5ee6b3,
847,800-LANV,LANVIN ME,Lanvin,Me,CONFIRMED,FOUND,17701,https://www.fragrantica.com/perfume/Lanvin/Lanvin-Me-17701.html,https://fimgs.net/mdimg/perfume-social-cards/en-p_c_17701.jpeg,fragrantica-scraper-archive/social-cards/images/847_800-LANV_17701.jpeg,DOWNLOADED,108125,743bf5de3f288e44fd191c71bcb975256d27b436557daeca23436f38526cbc8b,
846,799-LANV,ECLAT D'ARPEGE,Lanvin,Eclat-d-arpege-eau-de-,CONFIRMED,FOUND,988,https://www.fragrantica.com/perfume/Lanvin/Eclat-d-Arpege-988.html,https://fimgs.net/mdimg/perfume-social-cards/en-p_c_988.jpeg,fragrantica-scraper-archive/social-cards/images/846_799-LANV_988.jpeg,DOWNLOADED,103189,7df52c4a72897f8e69815b84beac6a7ae439c8d0161777a7abfb742d815fa17c,
845,798-LAN,TRESOR MIDNIGHT ROSE,Lancome,Tresor Midnight Rose,CONFIRMED,FOUND,11721,https://www.fragrantica.com/perfume/Lancome/Tresor-Midnight-Rose-11721.html,https://fimgs.net/mdimg/perfume-social-cards/en-p_c_11721.jpeg,fragrantica-scraper-archive/social-cards/images/845_798-LAN_11721.jpeg,DOWNLOADED,107651,3c7238878e75b803a4c3aff2e37b9ad2ceeaf6cf0a1ec5b74f7e97333bda28a8,
844,797-LAN,TRESOR,Lancome,Tresor,CONFIRMED,FOUND,172,https://www.fragrantica.com/perfume/Lancome/Tresor-172.html,https://fimgs.net/mdimg/perfume-social-cards/en-p_c_172.jpeg,fragrantica-scraper-archive/social-cards/images/844_797-LAN_172.jpeg,DOWNLOADED,104466,73d8244f62f08e24ef9ed11d51900f3c57462842849a9b011102ec4f74e5fed1,
843,796-LAN,POEME,Lancome,Poeme,CONFIRMED,FOUND,171,https://www.fragrantica.com/perfume/Lancome/Poeme-171.html,https://fimgs.net/mdimg/perfume-social-cards/en-p_c_171.jpeg,fragrantica-scraper-archive/social-cards/images/843_796-LAN_171.jpeg,DOWNLOADED,98616,9d250807b4afc5ea4b903c24de20c09e7d353007c8f6975d1f8371d85c7682ba,
842,794-LAN,LA NUIT TRESOR A LA FOLIE,Lancome,La Nuit Tresor a la Folie,CONFIRMED,FOUND,48019,https://www.fragrantica.com/perfume/Lancome/La-Nuit-Tresor-a-la-Folie-48019.html,https://fimgs.net/mdimg/perfume-social-cards/en-p_c_48019.jpeg,fragrantica-scraper-archive/social-cards/images/842_794-LAN_48019.jpeg,DOWNLOADED,109682,ab8a6037978e569a632839ac18f57ad0c36e369d78cd98a7129707535036e463,
841,793-LAN,LA NUIT TRESOR,Lancome,La Nuit Tresor,CONFIRMED,FOUND,29157,https://www.fragrantica.com/perfume/Lancome/La-Nuit-Tresor-29157.html,https://fimgs.net/mdimg/perfume-social-cards/en-p_c_29157.jpeg,fragrantica-scraper-archive/social-cards/images/841_793-LAN_29157.jpeg,DOWNLOADED,108444,6b534916743371df92ba15021169c013eb9648d1fc0d9fa031d316aff0aefe2d,
840,791-LAN,O DE L'ORANGERIE,Lancome,O de L Orangerie,CONFIRMED,FOUND,11345,https://www.fragrantica.com/perfume/Lancome/O-de-L-Orangerie-11345.html,https://fimgs.net/mdimg/perfume-social-cards/en-p_c_11345.jpeg,fragrantica-scraper-archive/social-cards/images/840_791-LAN_11345.jpeg,DOWNLOADED,105542,5f3af4d762a5081be82cb0999c09076686f8692483db05c3f86479509a240774,
839,790-LAN,MIRACLE,Lancome,Miracle,CONFIRMED,FOUND,184,https://www.fragrantica.com/perfume/Lancome/Miracle-184.html,https://fimgs.net/mdimg/perfume-social-cards/en-p_c_184.jpeg,fragrantica-scraper-archive/social-cards/images/839_790-LAN_184.jpeg,DOWNLOADED,96029,a847eb7babdc2aca06ecafa88daec5c360d942e673c205a4aff2a38c99f80f18,
838,788-LAN,MAGNIFIQUE,Lancome,Magnifique,CONFIRMED,FOUND,3746,https://www.fragrantica.com/perfume/Lancome/Magnifique-3746.html,https://fimgs.net/mdimg/perfume-social-cards/en-p_c_3746.jpeg,fragrantica-scraper-archive/social-cards/images/838_788-LAN_3746.jpeg,DOWNLOADED,106199,b032f4696084a45f009f875fe0a5b8c8ac00d04edde27f1565f96e7dd7d52b46,
837,787-LAN,MAGIE NOIRE,Lancome,Magie Noire,CONFIRMED,FOUND,174,https://www.fragrantica.com/perfume/Lancome/Magie-Noire-174.html,https://fimgs.net/mdimg/perfume-social-cards/en-p_c_174.jpeg,fragrantica-scraper-archive/social-cards/images/837_787-LAN_174.jpeg,DOWNLOADED,108426,f0f6ac690954d0ffcb2cc14fc860d29cee3e1aef7c8be9f8cde5b777a6df199e,
836,784-LAN,LA VIE EST BELLE L'ECLAT,Lancome,La Vie est Belle L Eclat,CONFIRMED,FOUND,45892,https://www.fragrantica.com/perfume/Lancome/La-Vie-est-Belle-L-Eclat-45892.html,https://fimgs.net/mdimg/perfume-social-cards/en-p_c_45892.jpeg,fragrantica-scraper-archive/social-cards/images/836_784-LAN_45892.jpeg,DOWNLOADED,111077,6eb6c4fdbf25c62ffe46eb3f528b03fcad8a244ecfb7f56ae69826c018dda80a,
835,783-LAN,LA VIE EST BELLE L'EAU DE TOILETTE FLORALE,Lancome,La Vie Est Belle L Eau de Toilette Florale,CONFIRMED,FOUND,35493,https://www.fragrantica.com/perfume/Lancome/La-Vie-Est-Belle-L-Eau-de-Toilette-Florale-35493.html,https://fimgs.net/mdimg/perfume-social-cards/en-p_c_35493.jpeg,fragrantica-scraper-archive/social-cards/images/835_783-LAN_35493.jpeg,DOWNLOADED,106724,c3709aba64b9531c87b73054e4425ea7da46f2d3d584a9c02460a3ea3b80e9bc,
834,782-LAN,LA VIE EST BELLE,Lancome,La Vie Est Belle,CONFIRMED,FOUND,14982,https://www.fragrantica.com/perfume/Lancome/La-Vie-Est-Belle-14982.html,https://fimgs.net/mdimg/perfume-social-cards/en-p_c_14982.jpeg,fragrantica-scraper-archive/social-cards/images/834_782-LAN_14982.jpeg,DOWNLOADED,103312,db3c62a00ee8dd8a7bc014523834b12780f14882b1256afd840a3661a846c82f,
833,779-LAN,HYPNOSE,Lancome,Hypnose,CONFIRMED,FOUND,170,https://www.fragrantica.com/perfume/Lancome/Hypnose-170.html,https://fimgs.net/mdimg/perfume-social-cards/en-p_c_170.jpeg,fragrantica-scraper-archive/social-cards/images/833_779-LAN_170.jpeg,DOWNLOADED,95227,c89f11039defcd34392cb05cfe9c5c55909c7dd331ab008004db6b9c8eaf64ec,
832,778-LAN,CLIMAT,Lancome,Climat,CONFIRMED,FOUND,180,https://www.fragrantica.com/perfume/Lancome/Climat-180.html,https://fimgs.net/mdimg/perfume-social-cards/en-p_c_180.jpeg,fragrantica-scraper-archive/social-cards/images/832_778-LAN_180.jpeg,DOWNLOADED,98524,6cb4cf73c5fce8528140687c0c886256eabc4c2256b4ea932c61217f0e6ab0b5,
831,777-LAL,SCULPTEUR D' EPICES - LALIQUE,Lalique,Sculpteur d Epices,CONFIRMED,FOUND,28250,https://www.fragrantica.com/perfume/Lalique/Sculpteur-d-Epices-28250.html,https://fimgs.net/mdimg/perfume-social-cards/en-p_c_28250.jpeg,fragrantica-scraper-archive/social-cards/images/831_777-LAL_28250.jpeg,DOWNLOADED,108250,0a014995bb01f6489815e4beafe5293ab2b2153fd20a967148c6aba25af5a0c9,
830,776-LAL,SATINE - LALIQUE,Lalique,Satine,CONFIRMED,FOUND,17840,https://www.fragrantica.com/perfume/Lalique/Satine-17840.html,https://fimgs.net/mdimg/perfume-social-cards/en-p_c_17840.jpeg,fragrantica-scraper-archive/social-cards/images/830_776-LAL_17840.jpeg,DOWNLOADED,109904,3ae94d81fbd11c58cdda5828018da1edd656cff8090ff01fe145b1885c7d7253,
829,774-LAL,LIVING LALIQUE - LALIQUE,Lalique,Living Lalique,CONFIRMED,FOUND,29816,https://www.fragrantica.com/perfume/Lalique/Living-Lalique-29816.html,https://fimgs.net/mdimg/perfume-social-cards/en-p_c_29816.jpeg,fragrantica-scraper-archive/social-cards/images/829_774-LAL_29816.jpeg,DOWNLOADED,108592,602b34186a1851c730917fbae04eff0f5439b3dc6b6138916e0c8f59fbdc529b,
828,773-LAL,AMETHYST - LALIQUE,Lalique,Amethyst,CONFIRMED,FOUND,1835,https://www.fragrantica.com/perfume/Lalique/Amethyst-1835.html,https://fimgs.net/mdimg/perfume-social-cards/en-p_c_1835.jpeg,fragrantica-scraper-archive/social-cards/images/828_773-LAL_1835.jpeg,DOWNLOADED,102291,786559e0eb38520e42175754a14687f3d38fd15958fa00433cccff7bc4682b19,
827,772-LAD,,Lady Gaga,Fame,CONFIRMED,FOUND,15338,https://www.fragrantica.com/perfume/Lady-Gaga/Fame-15338.html,https://fimgs.net/mdimg/perfume-social-cards/en-p_c_15338.jpeg,fragrantica-scraper-archive/social-cards/images/827_772-LAD_15338.jpeg,DOWNLOADED,100024,3ade8adc869a718fa86b2bb5c66706e97ec2e2f3f6627ecea147b160fc214545,
826,771-LAP,,La Prairie,Silver Rain,CONFIRMED,FOUND,823,https://www.fragrantica.com/perfume/La-Prairie/Silver-Rain-823.html,https://fimgs.net/mdimg/perfume-social-cards/en-p_c_823.jpeg,fragrantica-scraper-archive/social-cards/images/826_771-LAP_823.jpeg,DOWNLOADED,95988,24a2ebd2eac66063e58df2de22f20c6f6f2f6f3cf2a47508edb500be44e048f6,
825,770-LAP,,La Prairie,Midnight Rain,CONFIRMED,FOUND,824,https://www.fragrantica.com/perfume/La-Prairie/Midnight-Rain-824.html,https://fimgs.net/mdimg/perfume-social-cards/en-p_c_824.jpeg,fragrantica-scraper-archive/social-cards/images/825_770-LAP_824.jpeg,DOWNLOADED,118229,29343811fbd7d8cff86cc7de27ffc917674aa8feb6baee21347e877b9f56e13c,
824,1195-LART,PREMIER FIGUIER,L Artisan Parfumeur,Premier Figuier,CONFIRMED,FOUND,1261,https://www.fragrantica.com/perfume/L-Artisan-Parfumeur/Premier-Figuier-1261.html,https://fimgs.net/mdimg/perfume-social-cards/en-p_c_1261.jpeg,fragrantica-scraper-archive/social-cards/images/824_1195-LART_1261.jpeg,DOWNLOADED,109032,67517cf40ceff7cc6da6713183ca5b7591f6ebd6e691726b2edd0ad472fa47ec,
823,768-KIL,WOMAN IN GOLD - KILIAN,By Kilian,Woman in Gold,CONFIRMED,FOUND,46469,https://www.fragrantica.com/perfume/By-Kilian/Woman-in-Gold-46469.html,https://fimgs.net/mdimg/perfume-social-cards/en-p_c_46469.jpeg,fragrantica-scraper-archive/social-cards/images/823_768-KIL_46469.jpeg,DOWNLOADED,102931,d3cd504552c01e39d23f0e4dccb78fe4cf88729c19e17278cfe73d559c133974,
822,766-KIL,MOONLIGHT IN HEAVEN - KILIAN,By Kilian,Moonlight in Heaven,CONFIRMED,FOUND,35973,https://www.fragrantica.com/perfume/By-Kilian/Moonlight-in-Heaven-35973.html,https://fimgs.net/mdimg/perfume-social-cards/en-p_c_35973.jpeg,fragrantica-scraper-archive/social-cards/images/822_766-KIL_35973.jpeg,DOWNLOADED,107612,ddcfc08e618a3af9e690d6c6ba73fe2cbe722a85d77ea04ab7d4563e832acac3,
821,764-KIL,LIAISONS DANGEREUSES - KILIAN,By Kilian,Liaisons Dangereuses,CONFIRMED,FOUND,4321,https://www.fragrantica.com/perfume/By-Kilian/Liaisons-Dangereuses-4321.html,https://fimgs.net/mdimg/perfume-social-cards/en-p_c_4321.jpeg,fragrantica-scraper-archive/social-cards/images/821_764-KIL_4321.jpeg,DOWNLOADED,105728,996fb5ea73825b15c206f058cd173fe707e5944fd514b1faa68c49d2de4da512,
820,761-KIL,GOOD GIRL GONE BAD - KILIAN,By Kilian,Good Girl Gone Bad,CONFIRMED,FOUND,15924,https://www.fragrantica.com/perfume/By-Kilian/Good-Girl-Gone-Bad-15924.html,https://fimgs.net/mdimg/perfume-social-cards/en-p_c_15924.jpeg,fragrantica-scraper-archive/social-cards/images/820_761-KIL_15924.jpeg,DOWNLOADED,102503,ed258a054c0824bb7b4bf3a2a8958b4742b0350deb40dea7d15096a5838fb975,
819,758-KIL,BACK TO BLACK - KILIAN,By Kilian,Back to Black,CONFIRMED,FOUND,6457,https://www.fragrantica.com/perfume/By-Kilian/Back-to-Black-6457.html,https://fimgs.net/mdimg/perfume-social-cards/en-p_c_6457.jpeg,fragrantica-scraper-archive/social-cards/images/819_758-KIL_6457.jpeg,DOWNLOADED,101683,7cea79138519f802d36b5e7ebb3cb9045571782639c18d4568b43b5aa060a3eb,
818,756-KEN,WORLD - KENZO,Kenzo,Kenzo World,CONFIRMED,FOUND,40278,https://www.fragrantica.com/perfume/Kenzo/Kenzo-World-40278.html,https://fimgs.net/mdimg/perfume-social-cards/en-p_c_40278.jpeg,fragrantica-scraper-archive/social-cards/images/818_756-KEN_40278.jpeg,DOWNLOADED,94629,0f221e0ad50c15acae180488c1b49242f37eba5d4e31eb67e8f4d6cff1dc5830,
817,755-KEN,SUMMER - KENZO,Kenzo,SUMMER - KENZO,CONFIRMED,FOUND,76,https://www.fragrantica.com/perfume/Kenzo/Summer-by-Kenzo-76.html,https://fimgs.net/mdimg/perfume-social-cards/en-p_c_76.jpeg,fragrantica-scraper-archive/social-cards/images/817_755-KEN_76.jpeg,DOWNLOADED,99069,a43af20c6ea6f67f7643dc74c389764e86ceb21d9c25c06cd6a314c0e62e87eb,
816,754-KEN,L'EAU PAR -KENZO,Kenzo,L Eau par Kenzo,CONFIRMED,FOUND,78,https://www.fragrantica.com/perfume/Kenzo/L-Eau-par-Kenzo-78.html,https://fimgs.net/mdimg/perfume-social-cards/en-p_c_78.jpeg,fragrantica-scraper-archive/social-cards/images/816_754-KEN_78.jpeg,DOWNLOADED,105324,0b36a41c63477baa577ef9a68352ce6e719018c1d850b19f33831c3e94af8113,
815,753-KEN,KENZO-ΚΕΝΖΟ,Kenzo,Kenzo,CONFIRMED,FOUND,3403,https://www.fragrantica.com/perfume/Kenzo/Kenzo-3403.html,https://fimgs.net/mdimg/perfume-social-cards/en-p_c_3403.jpeg,fragrantica-scraper-archive/social-cards/images/815_753-KEN_3403.jpeg,DOWNLOADED,99568,919b8f579207734b8e851a1f1ecd0b90e62f736628314507b78c61f90d09e728,
814,752-KEN,JUNGLE L'ELEPHANT - KENZO,Kenzo,Kenzo Jungle L Elephant,CONFIRMED,FOUND,70,https://www.fragrantica.com/perfume/Kenzo/Kenzo-Jungle-L-Elephant-70.html,https://fimgs.net/mdimg/perfume-social-cards/en-p_c_70.jpeg,fragrantica-scraper-archive/social-cards/images/814_752-KEN_70.jpeg,DOWNLOADED,112517,be0e2e9649272d006f5732453c0b7f2f6bc31646cc4dff1ebf5e5d28b17aec79,
813,751-KEN,JEU D'AMOUR - KENZO,Kenzo,Jeu d Amour,CONFIRMED,FOUND,25866,https://www.fragrantica.com/perfume/Kenzo/Jeu-d-Amour-25866.html,https://fimgs.net/mdimg/perfume-social-cards/en-p_c_25866.jpeg,fragrantica-scraper-archive/social-cards/images/813_751-KEN_25866.jpeg,DOWNLOADED,94394,2808183ff55680102b4085a494fa7e2738182269442c54264237e035ed3fe484,
812,750-KEN,FLOWER L ELIXIR - KENZO,Kenzo,Flower by Kenzo L Elixir,CONFIRMED,FOUND,31539,https://www.fragrantica.com/perfume/Kenzo/Flower-by-Kenzo-L-Elixir-31539.html,https://fimgs.net/mdimg/perfume-social-cards/en-p_c_31539.jpeg,fragrantica-scraper-archive/social-cards/images/812_750-KEN_31539.jpeg,DOWNLOADED,105793,e449c6e4bb118cfd9dae742fbef65f5daa741625aff54f70900bbf6c88617d67,
811,749-KEN,FLOWER - KENZO,Ciclo Cosmeticos,Flower,CONFIRMED,FOUND,68655,https://www.fragrantica.com/perfume/Ciclo-Cosmeticos/Flower-68655.html,https://fimgs.net/mdimg/perfume-social-cards/en-p_c_68655.jpeg,fragrantica-scraper-archive/social-cards/images/811_749-KEN_68655.jpeg,DOWNLOADED,109713,57bfa2e881512f1a2156ba4db66cab85c282161bdfc9e879e1b992dc9db1d0f6,
810,748-KEN,COULEUR VIOLET - KENZO,Kenzo,Couleur Kenzo Violet,CONFIRMED,FOUND,23315,https://www.fragrantica.com/perfume/Kenzo/Couleur-Kenzo-Violet-23315.html,https://fimgs.net/mdimg/perfume-social-cards/en-p_c_23315.jpeg,fragrantica-scraper-archive/social-cards/images/810_748-KEN_23315.jpeg,DOWNLOADED,104287,e03fbfaf27978afd25c93170a798a7cfd658088719d37f0e2db9030bcaacae62,
809,747-KEN,AMOUR LE PARFUM - KENZO,Kenzo,Kenzo Amour Le Parfum,CONFIRMED,FOUND,4696,https://www.fragrantica.com/perfume/Kenzo/Kenzo-Amour-Le-Parfum-4696.html,https://fimgs.net/mdimg/perfume-social-cards/en-p_c_4696.jpeg,fragrantica-scraper-archive/social-cards/images/809_747-KEN_4696.jpeg,DOWNLOADED,100439,c7f398087142cc4493d8ba48578fb35e58204ccd6d99e9ad7816cc78bd8c7d80,
808,746-KAR,,Karl Lagerfeld,Ocean View,CONFIRMED,FOUND,35570,https://www.fragrantica.com/perfume/Karl-Lagerfeld/Ocean-View-for-Women-35570.html,https://fimgs.net/mdimg/perfume-social-cards/en-p_c_35570.jpeg,fragrantica-scraper-archive/social-cards/images/808_746-KAR_35570.jpeg,DOWNLOADED,113912,3c883ab58f8f72dd9af06ff9583c75fb9d8b1e0a157fb66af8819c8be5130862,
807,745-KAR,,Karl Lagerfeld,Karl Lagerfeld for Her Eau de Parfum,CONFIRMED,FOUND,24068,https://www.fragrantica.com/perfume/Karl-Lagerfeld/Karl-Lagerfeld-for-Her-24068.html,https://fimgs.net/mdimg/perfume-social-cards/en-p_c_24068.jpeg,fragrantica-scraper-archive/social-cards/images/807_745-KAR_24068.jpeg,DOWNLOADED,117253,ff53dc841e71559ebb7e8b5b981079779b4dfae7dc90a433ea2af9d4dfc215ea,
806,744-JUS,,Justin Bieber,The Key,CONFIRMED,FOUND,18665,https://www.fragrantica.com/perfume/Justin-Bieber/The-Key-18665.html,https://fimgs.net/mdimg/perfume-social-cards/en-p_c_18665.jpeg,fragrantica-scraper-archive/social-cards/images/806_744-JUS_18665.jpeg,DOWNLOADED,88348,f5ca71ec8921f3223034264ba67766984b7f3a5ffb1f3ab551a5c3727a7a029c,
805,743-JUS,,Justin Bieber,Girlfriend,CONFIRMED,FOUND,15287,https://www.fragrantica.com/perfume/Justin-Bieber/Girlfriend-15287.html,https://fimgs.net/mdimg/perfume-social-cards/en-p_c_15287.jpeg,fragrantica-scraper-archive/social-cards/images/805_743-JUS_15287.jpeg,DOWNLOADED,106876,01a6599da0051d3de0f0abba983af55b9364d5828cd2ad13c184069854f97579,
804,742-JUI,,Juicy Couture,VIVA LA JUICY SUCRE - COUTURE,CONFIRMED,FOUND,42053,https://www.fragrantica.com/perfume/Juicy-Couture/Viva-La-Juicy-Sucre-42053.html,https://fimgs.net/mdimg/perfume-social-cards/en-p_c_42053.jpeg,fragrantica-scraper-archive/social-cards/images/804_742-JUI_42053.jpeg,DOWNLOADED,115197,76d36dee9df4dd0ce175f0693d43a88f9a77a02943012d9998bcb109a84305de,
803,741-JUI,,Juicy Couture,Viva La Juicy Rosé,CONFIRMED,FOUND,33567,https://www.fragrantica.com/perfume/Juicy-Couture/Viva-La-Juicy-Rose-33567.html,https://fimgs.net/mdimg/perfume-social-cards/en-p_c_33567.jpeg,fragrantica-scraper-archive/social-cards/images/803_741-JUI_33567.jpeg,DOWNLOADED,107936,de5a8fc9c72eb22f6b44cfaf11b74aba38a24bc153acb4826eace3d1ff9550e3,
802,739-JUI,,Juicy Couture,Viva La Juicy Gold Couture,CONFIRMED,FOUND,25753,https://www.fragrantica.com/perfume/Juicy-Couture/Viva-la-Juicy-Gold-Couture-25753.html,https://fimgs.net/mdimg/perfume-social-cards/en-p_c_25753.jpeg,fragrantica-scraper-archive/social-cards/images/802_739-JUI_25753.jpeg,DOWNLOADED,125253,f9b2ad8cbd0764347533d6126109a8aa68b16d3032add03b2588b9178f744c8e,
801,738-JUI,,,,CONFIRMED,FOUND,4410,https://www.fragrantica.com/perfume/Juicy-Couture/Viva-la-Juicy-4410.html,https://fimgs.net/mdimg/perfume-social-cards/en-p_c_4410.jpeg,fragrantica-scraper-archive/social-cards/images/801_738-JUI_4410.jpeg,DOWNLOADED,108505,c061dc812beb5ac289f000dfa6aae5be8a12278762501683635b537246f358f8,
800,737-JUI,,Juicy Couture,Malibu,CONFIRMED,FOUND,22956,https://www.fragrantica.com/perfume/Juicy-Couture/Juicy-Couture-Malibu-22956.html,https://fimgs.net/mdimg/perfume-social-cards/en-p_c_22956.jpeg,fragrantica-scraper-archive/social-cards/images/800_737-JUI_22956.jpeg,DOWNLOADED,106371,e39532669390fbf033f74ed6fa31081b8140f9a7f223581bb424e1d8a766be00,
799,736-JUI,,Juicy Couture,Couture Couture,CONFIRMED,FOUND,6496,https://www.fragrantica.com/perfume/Juicy-Couture/Couture-Couture-6496.html,https://fimgs.net/mdimg/perfume-social-cards/en-p_c_6496.jpeg,fragrantica-scraper-archive/social-cards/images/799_736-JUI_6496.jpeg,DOWNLOADED,104018,d342f1621d91f6bad974dd9d9f4655478adfd691856ed8b1fc2c86dea2852ec9,
798,735-JIM,,Jimmy Choo,Jimmy Choo,CONFIRMED,FOUND,10573,https://www.fragrantica.com/perfume/Jimmy-Choo/Jimmy-Choo-10573.html,https://fimgs.net/mdimg/perfume-social-cards/en-p_c_10573.jpeg,fragrantica-scraper-archive/social-cards/images/798_735-JIM_10573.jpeg,DOWNLOADED,113335,7d45f757ccb045457214b6b482734f72d89b519a0d930eb86ff1b901caf10688,
797,734-JIM,,Jimmy Choo,Jimmy Choo,CONFIRMED,FOUND,10573,https://www.fragrantica.com/perfume/Jimmy-Choo/Jimmy-Choo-10573.html,https://fimgs.net/mdimg/perfume-social-cards/en-p_c_10573.jpeg,fragrantica-scraper-archive/social-cards/images/797_734-JIM_10573.jpeg,DOWNLOADED,113335,7d45f757ccb045457214b6b482734f72d89b519a0d930eb86ff1b901caf10688,
796,733-JIM,,Jimmy Choo,Illicit,CONFIRMED,FOUND,31233,https://www.fragrantica.com/perfume/Jimmy-Choo/Illicit-31233.html,https://fimgs.net/mdimg/perfume-social-cards/en-p_c_31233.jpeg,fragrantica-scraper-archive/social-cards/images/796_733-JIM_31233.jpeg,DOWNLOADED,103557,a4d586785a16a7a0b3ea290a7eb1d603a61b8c7f25bd4246106d79310ce59318,
795,732-JIM,,Jimmy Choo,Flash,CONFIRMED,FOUND,17223,https://www.fragrantica.com/perfume/Jimmy-Choo/Flash-17223.html,https://fimgs.net/mdimg/perfume-social-cards/en-p_c_17223.jpeg,fragrantica-scraper-archive/social-cards/images/795_732-JIM_17223.jpeg,DOWNLOADED,117904,2d070c0721b88bf86b55f829dc645aa63f8b14db3dc22a9a909a0bb0fce24b47,
794,730-JIM,,Jimmy Choo,Jimmy Choo Exotic,CONFIRMED,FOUND,18386,https://www.fragrantica.com/perfume/Jimmy-Choo/Jimmy-Choo-Exotic-18386.html,https://fimgs.net/mdimg/perfume-social-cards/en-p_c_18386.jpeg,fragrantica-scraper-archive/social-cards/images/794_730-JIM_18386.jpeg,DOWNLOADED,110482,1633a928046328a1a1fe2f6f5ae9b09ca615b07744f7e6cd904217cf95528153,
793,729-JIM,,Jimmy Choo,Blossom,CONFIRMED,FOUND,29165,https://www.fragrantica.com/perfume/Jimmy-Choo/Jimmy-Choo-Blossom-29165.html,https://fimgs.net/mdimg/perfume-social-cards/en-p_c_29165.jpeg,fragrantica-scraper-archive/social-cards/images/793_729-JIM_29165.jpeg,DOWNLOADED,117604,edadcaae69a3f94adccde490f9a5576ceaf3a81131b09c3613b55e493e390065,
791,727-JEN,,Jennifer Lopez,JLuxe,CONFIRMED,FOUND,29758,https://www.fragrantica.com/perfume/Jennifer-Lopez/JLuxe-29758.html,https://fimgs.net/mdimg/perfume-social-cards/en-p_c_29758.jpeg,fragrantica-scraper-archive/social-cards/images/791_727-JEN_29758.jpeg,DOWNLOADED,103986,2acf28764ef703f9bd0ae6d13673634bb5d2f845b504189852c75a7d693d86a5,
790,724-GUL,SCANDAL,Jean Paul Gaultier,Scandal,CONFIRMED,FOUND,45651,https://www.fragrantica.com/perfume/Jean-Paul-Gaultier/Scandal-45651.html,https://fimgs.net/mdimg/perfume-social-cards/en-p_c_45651.jpeg,fragrantica-scraper-archive/social-cards/images/790_724-GUL_45651.jpeg,DOWNLOADED,101133,790b6772bcc5b790ad91b5c795c530d93f80065d418e4ee34106c954e410d3ef,
789,723-GUL,X CLASSIQUE,Jean Paul Gaultier,Classique X,CONFIRMED,FOUND,7800,https://www.fragrantica.com/perfume/Jean-Paul-Gaultier/Classique-X-7800.html,https://fimgs.net/mdimg/perfume-social-cards/en-p_c_7800.jpeg,fragrantica-scraper-archive/social-cards/images/789_723-GUL_7800.jpeg,DOWNLOADED,109220,87cfb0a2a0362b1c7f8034ace80b2cc965687188e21236cae565cc8a03dfd3b4,
788,721-GUL,CLASSIQUE ESSENCE DE PARFUM,Jean Paul Gaultier,Classique Essence de Parfum,CONFIRMED,FOUND,39582,https://www.fragrantica.com/perfume/Jean-Paul-Gaultier/Classique-Essence-de-Parfum-39582.html,https://fimgs.net/mdimg/perfume-social-cards/en-p_c_39582.jpeg,fragrantica-scraper-archive/social-cards/images/788_721-GUL_39582.jpeg,DOWNLOADED,106549,a5dbfe78d6c6db91255c6ff2363297718e8d823204b10a49db210509b14979fd,
786,719-ISS,PLEATS PLEASE - ISSEY MIYAKE,Issey Miyake,Pleats Please,CONFIRMED,FOUND,15464,https://www.fragrantica.com/perfume/Issey-Miyake/Pleats-Please-15464.html,https://fimgs.net/mdimg/perfume-social-cards/en-p_c_15464.jpeg,fragrantica-scraper-archive/social-cards/images/786_719-ISS_15464.jpeg,DOWNLOADED,109068,27bd11fb2aac36391bbdb96c9a9faf71e39cc13ab21fe75d5e2704fe691ce666,
785,718-ISS,L'EAU D' ISSEY,Issey Miyake,L eau d Issey,CONFIRMED,FOUND,720,https://www.fragrantica.com/perfume/Issey-Miyake/L-eau-d-Issey-720.html,https://fimgs.net/mdimg/perfume-social-cards/en-p_c_720.jpeg,fragrantica-scraper-archive/social-cards/images/785_718-ISS_720.jpeg,DOWNLOADED,85749,9448e69a01fea68fe94fd77ae5326c8d679ba4e2c16e60b19c82d903bc4cafa3,
784,717-ISS,CLASSIC - ISSEY MIYAKE,Issey Miyake,CLASSIC - ISSEY MIYAKE,CONFIRMED,FOUND,720,https://www.fragrantica.com/perfume/Issey-Miyake/L-eau-d-Issey-720.html,https://fimgs.net/mdimg/perfume-social-cards/en-p_c_720.jpeg,fragrantica-scraper-archive/social-cards/images/784_717-ISS_720.jpeg,DOWNLOADED,85749,9448e69a01fea68fe94fd77ae5326c8d679ba4e2c16e60b19c82d903bc4cafa3,
783,716-ISS,A SCENT - ISSEY MIYAKE,Accessorize,A Scent,CONFIRMED,FOUND,40294,https://www.fragrantica.com/perfume/Accessorize/A-Scent-40294.html,https://fimgs.net/mdimg/perfume-social-cards/en-p_c_40294.jpeg,fragrantica-scraper-archive/social-cards/images/783_716-ISS_40294.jpeg,MISSING,,,HTTP 404
782,715-HUG,WOMAN EXTREME - HUGO BOSS,Hugo Boss,Hugo Woman Extreme,CONFIRMED,FOUND,34870,https://www.fragrantica.com/perfume/Hugo-Boss/Hugo-Woman-Extreme-34870.html,https://fimgs.net/mdimg/perfume-social-cards/en-p_c_34870.jpeg,fragrantica-scraper-archive/social-cards/images/782_715-HUG_34870.jpeg,DOWNLOADED,108169,5ed92d792b70669e3ee992100894528e258f13427055749e8cb6b5ef5923deb0,
781,714-HUG,THE SCENT FOR HER - HUGO BOSS,Hugo Boss,BOSS The Scent for Her Eau de Parfum,CONFIRMED,FOUND,38998,https://www.fragrantica.com/perfume/Hugo-Boss/Boss-The-Scent-For-Her-38998.html,https://fimgs.net/mdimg/perfume-social-cards/en-p_c_38998.jpeg,fragrantica-scraper-archive/social-cards/images/781_714-HUG_38998.jpeg,DOWNLOADED,106235,65317e0e062d90a1aac046734638c45f41be9afc9786be4e15b21335b4c4376d,
780,713-HUG,MA VIE - HUGO BOSS,Hugo Boss,MA VIE - HUGO BOSS,CONFIRMED,FOUND,25298,https://www.fragrantica.com/perfume/Hugo-Boss/Boss-Ma-Vie-Pour-Femme-25298.html,https://fimgs.net/mdimg/perfume-social-cards/en-p_c_25298.jpeg,fragrantica-scraper-archive/social-cards/images/780_713-HUG_25298.jpeg,DOWNLOADED,102387,fef84ef061dd152efca83e19b06b0347a19f70d04b80a0309d5bad3050cefef0,
779,712-HUG,HUGO BOSS WOMAN,Hugo Boss,Boss Woman,CONFIRMED,FOUND,381,https://www.fragrantica.com/perfume/Hugo-Boss/Boss-Woman-381.html,https://fimgs.net/mdimg/perfume-social-cards/en-p_c_381.jpeg,fragrantica-scraper-archive/social-cards/images/779_712-HUG_381.jpeg,DOWNLOADED,100124,fa7c27ec2ffa3b04f124ea42be9a63e3ad0c4bea362c65d40e4e6403a6a4f863,
778,711-HUG,BOSS ORANGE FEMME - HUGO BOSS,Hugo Boss,Boss Orange,CONFIRMED,FOUND,5979,https://www.fragrantica.com/perfume/Hugo-Boss/Boss-Orange-5979.html,https://fimgs.net/mdimg/perfume-social-cards/en-p_c_5979.jpeg,fragrantica-scraper-archive/social-cards/images/778_711-HUG_5979.jpeg,DOWNLOADED,105295,c9031747017e436531cac41e0877c986bf47e5beaa4134232b22634472375bf0,
777,710-HUG,BOSS JOUR - HUGO BOSS,Hugo Boss,BOSS JOUR - HUGO BOSS,CONFIRMED,FOUND,18385,https://www.fragrantica.com/perfume/Hugo-Boss/Boss-Jour-Pour-Femme-18385.html,https://fimgs.net/mdimg/perfume-social-cards/en-p_c_18385.jpeg,fragrantica-scraper-archive/social-cards/images/777_710-HUG_18385.jpeg,DOWNLOADED,98370,d67fa49f009336dd4cd3c8936f8e390980e557659c633c9eec9189ea987a735f,
776,709-HER,VOYAGE D'HERMES - HERMES,Hermes,Voyage d Hermes,CONFIRMED,FOUND,7916,https://www.fragrantica.com/perfume/Hermes/Voyage-d-Hermes-7916.html,https://fimgs.net/mdimg/perfume-social-cards/en-p_c_7916.jpeg,fragrantica-scraper-archive/social-cards/images/776_709-HER_7916.jpeg,DOWNLOADED,113499,ef6180434c6e685959173291c108b076e8e9e6fe1b940259b0765b0c0403d86d,
775,708-HER,UN JARDIN SUR LE NIL - HERMES Unisex,Hermes,Un Jardin Sur Le Nil,CONFIRMED,FOUND,18,https://www.fragrantica.com/perfume/Hermes/Un-Jardin-Sur-Le-Nil-18.html,https://fimgs.net/mdimg/perfume-social-cards/en-p_c_18.jpeg,fragrantica-scraper-archive/social-cards/images/775_708-HER_18.jpeg,DOWNLOADED,100346,d128afe950e94ef0547cd3f44787e0166afd1038a30d427e70b0c32a64c13c3f,
774,707-HER,TWILLY D'HERMES,Hermes,Twilly d Hermes,CONFIRMED,FOUND,46145,https://www.fragrantica.com/perfume/Hermes/Twilly-d-Hermes-46145.html,https://fimgs.net/mdimg/perfume-social-cards/en-p_c_46145.jpeg,fragrantica-scraper-archive/social-cards/images/774_707-HER_46145.jpeg,DOWNLOADED,105801,5b8410b8775b067131daec59922846bdd0de36733c7911424ccc61084b981bef,
773,706-HER,OSMANTHE YUNNAN - HERMES,Hermes,Hermessence Osmanthe Yunnan,CONFIRMED,FOUND,2674,https://www.fragrantica.com/perfume/Hermes/Hermessence-Osmanthe-Yunnan-2674.html,https://fimgs.net/mdimg/perfume-social-cards/en-p_c_2674.jpeg,fragrantica-scraper-archive/social-cards/images/773_706-HER_2674.jpeg,DOWNLOADED,104629,ceff7db1679fb6fb307868c43814cee7cef138b230028f3a486f09cf787a457a,
772,705-HER,LE JARDIN DE MONSIEUR LI - HERMES,Hermes,Le Jardin de Monsieur Li,CONFIRMED,FOUND,29818,https://www.fragrantica.com/perfume/Hermes/Le-Jardin-de-Monsieur-Li-29818.html,https://fimgs.net/mdimg/perfume-social-cards/en-p_c_29818.jpeg,fragrantica-scraper-archive/social-cards/images/772_705-HER_29818.jpeg,DOWNLOADED,95381,65c2e3a10ddf15a340e3e5e2578a8a29e380cc67bea2a22a463b8fb691da6ccb,
771,704-HER,L'AMBRE DES MERVEILLES - HERMES,Hermes,L Ambre des Merveilles,CONFIRMED,FOUND,15949,https://www.fragrantica.com/perfume/Hermes/L-Ambre-des-Merveilles-15949.html,https://fimgs.net/mdimg/perfume-social-cards/en-p_c_15949.jpeg,fragrantica-scraper-archive/social-cards/images/771_704-HER_15949.jpeg,DOWNLOADED,106698,eeba45283bf79e13271118e9eb6faddb019aa98b77c7c7738dbaab4a5781fbfb,
770,702-HER,JOUR D'HERMES,Hermes,Jour d Hermes,CONFIRMED,FOUND,17076,https://www.fragrantica.com/perfume/Hermes/Jour-d-Hermes-17076.html,https://fimgs.net/mdimg/perfume-social-cards/en-p_c_17076.jpeg,fragrantica-scraper-archive/social-cards/images/770_702-HER_17076.jpeg,DOWNLOADED,96990,6adc8fc64451fdc42c9c773949dead90f947fd086756c274fa8a099228cfab00,
769,701-HER,GALOP D'HERMES,Hermes,Galop d Hermes,CONFIRMED,FOUND,39584,https://www.fragrantica.com/perfume/Hermes/Galop-d-Hermes-39584.html,https://fimgs.net/mdimg/perfume-social-cards/en-p_c_39584.jpeg,fragrantica-scraper-archive/social-cards/images/769_701-HER_39584.jpeg,DOWNLOADED,110821,5ba42c6c324699cc8cf426cd4cb9759403cf12971b97402ce66d2d6ec68939e6,
768,700-HER,ELIXIR DES MERVEILLES - HERMES,Hermes,Elixir des Merveilles,CONFIRMED,FOUND,3168,https://www.fragrantica.com/perfume/Hermes/Elixir-des-Merveilles-3168.html,https://fimgs.net/mdimg/perfume-social-cards/en-p_c_3168.jpeg,fragrantica-scraper-archive/social-cards/images/768_700-HER_3168.jpeg,DOWNLOADED,111270,de12969dfd951795a1640a5f2ab6d666bf2cf13f693ef39731e834547cc5eafd,
767,698-HER,EAU DES MERVEILLES,Hermes,Eau des Merveilles,CONFIRMED,FOUND,9,https://www.fragrantica.com/perfume/Hermes/Eau-des-Merveilles-9.html,https://fimgs.net/mdimg/perfume-social-cards/en-p_c_9.jpeg,fragrantica-scraper-archive/social-cards/images/767_698-HER_9.jpeg,DOWNLOADED,112512,f030af6beaac16c37bb5cd305f85335b190378bace1a186158f668a7e9ea6b76,
766,697-HER,AMBRE NARGUILE - HERMES,Hermes,Hermessence Ambre Narguile,CONFIRMED,FOUND,2669,https://www.fragrantica.com/perfume/Hermes/Hermessence-Ambre-Narguile-2669.html,https://fimgs.net/mdimg/perfume-social-cards/en-p_c_2669.jpeg,fragrantica-scraper-archive/social-cards/images/766_697-HER_2669.jpeg,DOWNLOADED,104884,8e851f73d1b87e30bd0c3614d3d762bafaef08271fc8e70fc335787a4524e4ec,
765,696-GLA,,,,CONFIRMED,FOUND,2068,https://www.fragrantica.com/perfume/guy-laroche/fidji-2068.html,https://fimgs.net/mdimg/perfume-social-cards/en-p_c_2068.jpeg,fragrantica-scraper-archive/social-cards/images/765_696-GLA_2068.jpeg,DOWNLOADED,109802,fc70b77a24bc1b90f962b7a562e3e9042ad7974de9b71a3edb840d9f2dcb5edc,
764,695-GUE,,Guess,Dare,CONFIRMED,FOUND,26415,https://www.fragrantica.com/perfume/Guess/Guess-Dare-26415.html,https://fimgs.net/mdimg/perfume-social-cards/en-p_c_26415.jpeg,fragrantica-scraper-archive/social-cards/images/764_695-GUE_26415.jpeg,DOWNLOADED,98951,766e1e53ab847114988b51f0639d26a670821c37418816e181fdce05d310ab31,
763,693-GUR,SHALIMAR PARFUM - GUERLAIN,Guerlain,Shalimar Parfum,CONFIRMED,FOUND,33557,https://www.fragrantica.com/perfume/Guerlain/Shalimar-Parfum-33557.html,https://fimgs.net/mdimg/perfume-social-cards/en-p_c_33557.jpeg,fragrantica-scraper-archive/social-cards/images/763_693-GUR_33557.jpeg,DOWNLOADED,111544,9fe5c98f8ee36580905ca7a7756abbc88cdd6be3826c65f374d730d6e2171fd5,
762,692-GUR,SAMSARA - GUERLAIN,,,CONFIRMED,FOUND,55,https://www.fragrantica.com/perfume/Guerlain/Samsara-Eau-de-Parfum-55.html,https://fimgs.net/mdimg/perfume-social-cards/en-p_c_55.jpeg,fragrantica-scraper-archive/social-cards/images/762_692-GUR_55.jpeg,DOWNLOADED,102646,785254fd6ffc4bf18f715894b1394bea03d5160763f3f60dd9ac4eeb714b7956,
761,691-GUR,MUGUET - GUERLAIN,Guerlain,Muguet,CONFIRMED,FOUND,5993,https://www.fragrantica.com/perfume/Guerlain/Muguet-5993.html,https://fimgs.net/mdimg/perfume-social-cards/en-p_c_5993.jpeg,fragrantica-scraper-archive/social-cards/images/761_691-GUR_5993.jpeg,DOWNLOADED,100836,95b8c1494b12054c49299ee9076426cfc96fa1d71693528ea37ebd01949c6a00,
760,690-GUR,MON GUERLAIN - GUERLAIN,Guerlain,Mon Guerlain,CONFIRMED,FOUND,43297,https://www.fragrantica.com/perfume/Guerlain/Mon-Guerlain-43297.html,https://fimgs.net/mdimg/perfume-social-cards/en-p_c_43297.jpeg,fragrantica-scraper-archive/social-cards/images/760_690-GUR_43297.jpeg,DOWNLOADED,110575,e653cb1a62957e7f00510257dc39451baad321400aebe5ea0771d2c63bec30b0,
759,688-GUR,L'INSTANT MAGIC - GUERLAIN,Guerlain,L Instant Magic,CONFIRMED,FOUND,1106,https://www.fragrantica.com/perfume/Guerlain/L-Instant-Magic-1106.html,https://fimgs.net/mdimg/perfume-social-cards/en-p_c_1106.jpeg,fragrantica-scraper-archive/social-cards/images/759_688-GUR_1106.jpeg,DOWNLOADED,102381,350dbaa58c430e825050829b36ca1354b12a30c2fb89a46e74787b2f0f3c7299,
758,686-GUR,INSOLENCE - GUERLAIN,Guerlain,Insolence,CONFIRMED,FOUND,667,https://www.fragrantica.com/perfume/Guerlain/Insolence-667.html,https://fimgs.net/mdimg/perfume-social-cards/en-p_c_667.jpeg,fragrantica-scraper-archive/social-cards/images/758_686-GUR_667.jpeg,DOWNLOADED,106315,d3fe122521b3e04746232dcbb2b19adb99bd744c5c87d11eb275e618ff6e6913,
757,684-GUR,BAISER DE RUSSIE - GUERLAIN,Guerlain,Baiser de Russie,CONFIRMED,FOUND,48679,https://www.fragrantica.com/perfume/Guerlain/Baiser-de-Russie-48679.html,https://fimgs.net/mdimg/perfume-social-cards/en-p_c_48679.jpeg,fragrantica-scraper-archive/social-cards/images/757_684-GUR_48679.jpeg,DOWNLOADED,112243,866c2409b560383efc7f7b9b89f060c7adce6afcf9057dd22d6aa7776b54429a,
756,682-GUR,AQUA ALLEGORIA FLORA ROSA - GUERLAIN,Guerlain,Aqua Allegoria Flora Rosa,CONFIRMED,FOUND,18061,https://www.fragrantica.com/perfume/Guerlain/Aqua-Allegoria-Flora-Rosa-18061.html,https://fimgs.net/mdimg/perfume-social-cards/en-p_c_18061.jpeg,fragrantica-scraper-archive/social-cards/images/756_682-GUR_18061.jpeg,DOWNLOADED,100301,02b02b8815d42b003259d1a583a9085abab3d692d675d7c5cf59cd46c92178b7,
755,681-GUC,Rush,Gucci,Rush,CONFIRMED,FOUND,686,https://www.fragrantica.com/perfume/Gucci/Gucci-Rush-686.html,https://fimgs.net/mdimg/perfume-social-cards/en-p_c_686.jpeg,fragrantica-scraper-archive/social-cards/images/755_681-GUC_686.jpeg,DOWNLOADED,93603,be4af544a4c8ef9b8ac4e9522ff12aa95130925280b4ef8ef47ca9b12a92ccc5,
754,680-GUC,G,Gucci,Gucci Premiere,CONFIRMED,FOUND,15449,https://www.fragrantica.com/perfume/Gucci/Gucci-Premiere-15449.html,https://fimgs.net/mdimg/perfume-social-cards/en-p_c_15449.jpeg,fragrantica-scraper-archive/social-cards/images/754_680-GUC_15449.jpeg,DOWNLOADED,109554,7e2a8b2dfcb95a526c7bfcbd7119bfcfe2858c61d72420cf8aab0b218fe998df,
753,678-GUC,Guilty,Gucci,Guilty,CONFIRMED,FOUND,9677,https://www.fragrantica.com/perfume/Gucci/Gucci-Guilty-9677.html,https://fimgs.net/mdimg/perfume-social-cards/en-p_c_9677.jpeg,fragrantica-scraper-archive/social-cards/images/753_678-GUC_9677.jpeg,DOWNLOADED,110368,b6a3685c48aac07845547fb36a2d0ca76486f1a32393aed0e2fbc14905f384d1,
752,676-GUC,Flora,Anthropologie,Flora,CONFIRMED,FOUND,138007,https://www.fragrantica.com/perfume/Anthropologie/Flora-138007.html,https://fimgs.net/mdimg/perfume-social-cards/en-p_c_138007.jpeg,fragrantica-scraper-archive/social-cards/images/752_676-GUC_138007.jpeg,MISSING,,,HTTP 404
751,675-GUC,Bloom,Gucci,Bloom,CONFIRMED,FOUND,44894,https://www.fragrantica.com/perfume/Gucci/Gucci-Bloom-44894.html,https://fimgs.net/mdimg/perfume-social-cards/en-p_c_44894.jpeg,fragrantica-scraper-archive/social-cards/images/751_675-GUC_44894.jpeg,DOWNLOADED,89873,1fbf595a0d335780217dc96ca37745182cbad4b25a22ef3645edf806959be193,
750,674-GUC,Bamboo,,,CONFIRMED,FOUND,30815,https://www.fragrantica.com/perfume/Gucci/Gucci-Bamboo-30815.html,https://fimgs.net/mdimg/perfume-social-cards/en-p_c_30815.jpeg,fragrantica-scraper-archive/social-cards/images/750_674-GUC_30815.jpeg,DOWNLOADED,107198,9479f3ba3c09ed5a41394e72c4d05f858f88259e6f37539a8896e362f04e636f,
749,673-GRS,,,,CONFIRMED,FOUND,1061,https://www.fragrantica.com/perfume/Gres/Cabotine-1061.html,https://fimgs.net/mdimg/perfume-social-cards/en-p_c_1061.jpeg,fragrantica-scraper-archive/social-cards/images/749_673-GRS_1061.jpeg,DOWNLOADED,101503,9302332f1adaaeeb130b7017e56f85aaf7ec903a9de5cab362f685b8662c96f7,
747,671-GIV,PLAY FOR HER,Givenchy,Play For Her,CONFIRMED,FOUND,9369,https://www.fragrantica.com/perfume/Givenchy/Play-For-Her-9369.html,https://fimgs.net/mdimg/perfume-social-cards/en-p_c_9369.jpeg,fragrantica-scraper-archive/social-cards/images/747_671-GIV_9369.jpeg,DOWNLOADED,99273,1cd99305905e26d2fbdfcc6c461d52317d98248b191d2cb93951bf2b67a761cd,
746,670-GIV,ORGANZA,Givenchy,Organza,CONFIRMED,FOUND,4,https://www.fragrantica.com/perfume/Givenchy/Organza-4.html,https://fimgs.net/mdimg/perfume-social-cards/en-p_c_4.jpeg,fragrantica-scraper-archive/social-cards/images/746_670-GIV_4.jpeg,DOWNLOADED,96999,db99aef7666f1f698e62e6620f5fdaea66741ae69b5da668c0f49f620a7906a2,
745,669-GIV,L'INTERDIT,Givenchy,L Interdit,CONFIRMED,FOUND,4695,https://www.fragrantica.com/perfume/Givenchy/L-Interdit-4695.html,https://fimgs.net/mdimg/perfume-social-cards/en-p_c_4695.jpeg,fragrantica-scraper-archive/social-cards/images/745_669-GIV_4695.jpeg,DOWNLOADED,105269,c99b475ae6347d59967db669ddbb90df5f9eafe215c1f3f9a70fa7c82e884cc8,
744,668-GIV,HOT COUTURE,Givenchy,Hot Couture,CONFIRMED,FOUND,35,https://www.fragrantica.com/perfume/Givenchy/Hot-Couture-35.html,https://fimgs.net/mdimg/perfume-social-cards/en-p_c_35.jpeg,fragrantica-scraper-archive/social-cards/images/744_668-GIV_35.jpeg,DOWNLOADED,101062,759606381c467f35b2e0def122203be54c7f0cccaf4b0788dfefbeb086d9888c,
743,667-GIV,Dahlia Noir,Givenchy,Dahlia Noir,CONFIRMED,FOUND,12146,https://www.fragrantica.com/perfume/Givenchy/Dahlia-Noir-12146.html,https://fimgs.net/mdimg/perfume-social-cards/en-p_c_12146.jpeg,fragrantica-scraper-archive/social-cards/images/743_667-GIV_12146.jpeg,DOWNLOADED,100921,cdb1377f26dc5a967d7cdab1dd027624d246e27a1559b3a8020ba5415425199d,
742,666-GIV,DAHLIA DIVIN,Givenchy,Dahlia Divin,CONFIRMED,FOUND,25972,https://www.fragrantica.com/perfume/Givenchy/Dahlia-Divin-25972.html,https://fimgs.net/mdimg/perfume-social-cards/en-p_c_25972.jpeg,fragrantica-scraper-archive/social-cards/images/742_666-GIV_25972.jpeg,DOWNLOADED,107175,4a708ac3f1ce1336e16f6307238d93f48682e8e4bc2221b3ff7a622b1736a712,
741,665-GIV,BLOOM,Givenchy,Bloom,CONFIRMED,FOUND,17610,https://www.fragrantica.com/perfume/Givenchy/Bloom-17610.html,https://fimgs.net/mdimg/perfume-social-cards/en-p_c_17610.jpeg,fragrantica-scraper-archive/social-cards/images/741_665-GIV_17610.jpeg,DOWNLOADED,117470,73a990cc11d05bc6981a7b1ef44c8c617afa666c104fe1152e8d29b214650020,
740,664-GIV,ANGE OU DEMON,Givenchy,Ange ou Demon,CONFIRMED,FOUND,701,https://www.fragrantica.com/perfume/Givenchy/Ange-ou-Demon-701.html,https://fimgs.net/mdimg/perfume-social-cards/en-p_c_701.jpeg,fragrantica-scraper-archive/social-cards/images/740_664-GIV_701.jpeg,DOWNLOADED,101337,159b02b58dbeafa72dd2c08ed7b65c02ef838f9e4d62899f6f84795c22cc4f6d,
739,663-GIV,the fragrance Amarige Mariage,Givenchy,Amarige Mariage,CONFIRMED,FOUND,757,https://www.fragrantica.com/perfume/Givenchy/Amarige-Mariage-757.html,https://fimgs.net/mdimg/perfume-social-cards/en-p_c_757.jpeg,fragrantica-scraper-archive/social-cards/images/739_663-GIV_757.jpeg,DOWNLOADED,112019,78cde7cefc2c57b0a337b0d0bdf21cac02a17d928f40f3e198e5184e58bba9f4,
738,662-GIV,AMARIGE,Givenchy,Amarige,CONFIRMED,FOUND,3,https://www.fragrantica.com/perfume/Givenchy/Amarige-3.html,https://fimgs.net/mdimg/perfume-social-cards/en-p_c_3.jpeg,fragrantica-scraper-archive/social-cards/images/738_662-GIV_3.jpeg,DOWNLOADED,99622,02b0c155441e73de6ef9a3d53eccf7763edda0ffec95282f8c590ac3cf1219a1,
737,661-ARM,SUN DI GIOIA,Giorgio Armani,Sun di Gioia,CONFIRMED,FOUND,36600,https://www.fragrantica.com/perfume/Giorgio-Armani/Sun-di-Gioia-36600.html,https://fimgs.net/mdimg/perfume-social-cards/en-p_c_36600.jpeg,fragrantica-scraper-archive/social-cards/images/737_661-ARM_36600.jpeg,DOWNLOADED,103098,a4469c72ad54a32e6d1f514bb0238254fed709f29ae7b6fb78ca385787bd006b,
736,660-ARM,SI ROSE SIGNATURE,Giorgio Armani,Si Rose Signature,CONFIRMED,FOUND,35248,https://www.fragrantica.com/perfume/Giorgio-Armani/Si-Rose-Signature-35248.html,https://fimgs.net/mdimg/perfume-social-cards/en-p_c_35248.jpeg,fragrantica-scraper-archive/social-cards/images/736_660-ARM_35248.jpeg,DOWNLOADED,102198,4585e6e9318e2726650b881f0cbcd44a7ffa2571e10657eaf815eaa74b1a1680,
735,658-ARM,SI PASSIONE,Giorgio Armani,Si Passione,CONFIRMED,FOUND,48002,https://www.fragrantica.com/perfume/Giorgio-Armani/Si-Passione-48002.html,https://fimgs.net/mdimg/perfume-social-cards/en-p_c_48002.jpeg,fragrantica-scraper-archive/social-cards/images/735_658-ARM_48002.jpeg,DOWNLOADED,101382,5d50c19e1cebea181ec8d29a4a22a6b57be3c6b9e1545eeb4458f689603d29bc,
734,657-ARM,SI INTENSE,Giorgio Armani,Si Intense,CONFIRMED,FOUND,25947,https://www.fragrantica.com/perfume/Giorgio-Armani/Si-Intense-25947.html,https://fimgs.net/mdimg/perfume-social-cards/en-p_c_25947.jpeg,fragrantica-scraper-archive/social-cards/images/734_657-ARM_25947.jpeg,DOWNLOADED,101949,a1b27208e7d175fa640dc52fe298356115107c4cdebb54a3146c758c27dd7e1e,
733,655-ARM,SI,Giorgio Armani,Si,CONFIRMED,FOUND,18453,https://www.fragrantica.com/perfume/Giorgio-Armani/Si-18453.html,https://fimgs.net/mdimg/perfume-social-cards/en-p_c_18453.jpeg,fragrantica-scraper-archive/social-cards/images/733_655-ARM_18453.jpeg,DOWNLOADED,97279,94ede9c211c93770906b5351c4e5e8bbcd05d6c25ebee82b0c3a9f559fd8342b,
732,653-ARM,MANIA,Giorgio Armani,Mania,CONFIRMED,FOUND,423,https://www.fragrantica.com/perfume/Giorgio-Armani/Mania-423.html,https://fimgs.net/mdimg/perfume-social-cards/en-p_c_423.jpeg,fragrantica-scraper-archive/social-cards/images/732_653-ARM_423.jpeg,DOWNLOADED,92761,5058956c5b2742f3749c17e8857aa5ecd1b9d7a009dcb99c7b1898b374e2ef44,
731,651-ARM,LEI/ELLE/SHE/ELLA,Giorgio Armani,Emporio Armani Lei,CONFIRMED,FOUND,417,https://www.fragrantica.com/p/417,https://fimgs.net/mdimg/perfume-social-cards/en-p_c_417.jpeg,fragrantica-scraper-archive/social-cards/images/731_651-ARM_417.jpeg,DOWNLOADED,97938,56cfd0e2663fca9de0a9518eaff5f1b0fba7ab870aa8c4ebd97fd1d7a424f003,
730,650-ARM,BECAUSE IT'S YOU,Giorgio Armani,Emporio Armani Because It s You,CONFIRMED,FOUND,45257,https://www.fragrantica.com/perfume/Giorgio-Armani/Emporio-Armani-Because-It-s-You-45257.html,https://fimgs.net/mdimg/perfume-social-cards/en-p_c_45257.jpeg,fragrantica-scraper-archive/social-cards/images/730_650-ARM_45257.jpeg,DOWNLOADED,111947,320824206c638a26861141f999595588a96fade080da074c931fca284cd04320,
729,649-ARM,CODE TURQUOISE,Giorgio Armani,Armani Code Turquoise,CONFIRMED,FOUND,30323,https://www.fragrantica.com/perfume/Giorgio-Armani/Armani-Code-Turquoise-for-Women-30323.html,https://fimgs.net/mdimg/perfume-social-cards/en-p_c_30323.jpeg,fragrantica-scraper-archive/social-cards/images/729_649-ARM_30323.jpeg,DOWNLOADED,95424,3423dce4ae6d75564f152bcc09084f038f935b2ab8c8cbcebb8fb1779f6fd16d,
728,648-ARM,CODE SATIN,Giorgio Armani,Armani Code Satin,CONFIRMED,FOUND,31664,https://www.fragrantica.com/perfume/Giorgio-Armani/Armani-Code-Satin-31664.html,https://fimgs.net/mdimg/perfume-social-cards/en-p_c_31664.jpeg,fragrantica-scraper-archive/social-cards/images/728_648-ARM_31664.jpeg,DOWNLOADED,96232,55130e505097572aea63f3aff400b7bf1573085719e116479987c541a43a815e,
727,646-ARM,CODE,Aqua Arabia,Code,CONFIRMED,FOUND,101026,https://www.fragrantica.com/perfume/Aqua-Arabia/Code-101026.html,https://fimgs.net/mdimg/perfume-social-cards/en-p_c_101026.jpeg,fragrantica-scraper-archive/social-cards/images/727_646-ARM_101026.jpeg,MISSING,,,HTTP 404
726,645-ARM,ACQUA DI GIOIA JASMINE,Giorgio Armani,Acqua Di Gioia Jasmine,CONFIRMED,FOUND,30621,https://www.fragrantica.com/perfume/Giorgio-Armani/Acqua-Di-Gioia-Jasmine-30621.html,https://fimgs.net/mdimg/perfume-social-cards/en-p_c_30621.jpeg,fragrantica-scraper-archive/social-cards/images/726_645-ARM_30621.jpeg,DOWNLOADED,112977,b175e52d0fa0c6e5b285c8d2ecc2e24530e900d1b57c99e39752fc8637821852,
725,644-ARM,ACQUA DI GIOIA ESSENZA,Giorgio Armani,Acqua di Gioia Essenza,CONFIRMED,FOUND,12402,https://www.fragrantica.com/perfume/Giorgio-Armani/Acqua-di-Gioia-Essenza-12402.html,https://fimgs.net/mdimg/perfume-social-cards/en-p_c_12402.jpeg,fragrantica-scraper-archive/social-cards/images/725_644-ARM_12402.jpeg,DOWNLOADED,113187,a9cc851ebc92a514fd5f9a7d4cad57efa062663df6d0989f2e39e18904101772,
724,643-ARM,ACQUA DI GIOIA,Giorgio Armani,Acqua di Gioia,CONFIRMED,FOUND,8442,https://www.fragrantica.com/perfume/Giorgio-Armani/Acqua-di-Gioia-8442.html,https://fimgs.net/mdimg/perfume-social-cards/en-p_c_8442.jpeg,fragrantica-scraper-archive/social-cards/images/724_643-ARM_8442.jpeg,DOWNLOADED,107700,d0e5a826499b5b74629b5033acffb3efcb471e474482ce11e4b7ac890087174f,
723,641-FRE,the notes of PORTRAIT OF A LADY,Frederic Malle,Portrait of a Lady,CONFIRMED,FOUND,10464,https://www.fragrantica.com/perfume/Frederic-Malle/Portrait-of-a-Lady-10464.html,https://fimgs.net/mdimg/perfume-social-cards/en-p_c_10464.jpeg,fragrantica-scraper-archive/social-cards/images/723_641-FRE_10464.jpeg,DOWNLOADED,110571,3470a3b3d809639e4f5b0b17d48344928d86d0f31c99f3a2fafc44753448fdb1,
722,640-FEN,,Fendi,L'Acquarossa,CONFIRMED,FOUND,18706,https://www.fragrantica.com/p/18706,https://fimgs.net/mdimg/perfume-social-cards/en-p_c_18706.jpeg,fragrantica-scraper-archive/social-cards/images/722_640-FEN_18706.jpeg,DOWNLOADED,116441,20c179228d3a5f2edcd5ca331738f8cfa71bb3c9b4bdefa7633ac67ae1f0f8e4,
721,639-FEN,,Fendi,FENDI Woman,CONFIRMED,FOUND,200,https://www.fragrantica.com/perfume/Fendi/Fendi-200.html,https://fimgs.net/mdimg/perfume-social-cards/en-p_c_200.jpeg,fragrantica-scraper-archive/social-cards/images/721_639-FEN_200.jpeg,DOWNLOADED,99747,9f8bb6a231b45ec6e070bfe34ea4a37d18234df5480cf85b23d4ebe39900205b,
720,638-EST,WHITE LINEN - ESTEE LAUDER,Estee Lauder,White Linen,CONFIRMED,FOUND,542,https://www.fragrantica.com/perfume/Estee-Lauder/White-Linen-542.html,https://fimgs.net/mdimg/perfume-social-cards/en-p_c_542.jpeg,fragrantica-scraper-archive/social-cards/images/720_638-EST_542.jpeg,DOWNLOADED,102644,af30c072dea3116faefc5f3dc9309050c0e1275d40f17cc1ea098cb4ccf6ca46,
719,636-EST,SENSUOUS NUDE - ESTEE LAUDER,Estee Lauder,Sensuous Nude,CONFIRMED,FOUND,12219,https://www.fragrantica.com/perfume/Estee-Lauder/Sensuous-Nude-12219.html,https://fimgs.net/mdimg/perfume-social-cards/en-p_c_12219.jpeg,fragrantica-scraper-archive/social-cards/images/719_636-EST_12219.jpeg,DOWNLOADED,111878,92c59d61e3398e4e86afaec6eb12523a6d0bf2a86a23f70c24b89837263a4b98,
718,635-EST,SENSUOUS NOIR - ESTEE LAUDER,Estee Lauder,Sensuous Noir,CONFIRMED,FOUND,9895,https://www.fragrantica.com/perfume/Estee-Lauder/Sensuous-Noir-9895.html,https://fimgs.net/mdimg/perfume-social-cards/en-p_c_9895.jpeg,fragrantica-scraper-archive/social-cards/images/718_635-EST_9895.jpeg,DOWNLOADED,124582,52524e9f3226d7cd90b2bbeacb213ead4b38b830586bf122291b1995e740a596,
717,634-EST,sensuous,Estee Lauder,Sensuous,CONFIRMED,FOUND,2938,https://www.fragrantica.com/perfume/Estee-Lauder/Sensuous-2938.html,https://fimgs.net/mdimg/perfume-social-cards/en-p_c_2938.jpeg,fragrantica-scraper-archive/social-cards/images/717_634-EST_2938.jpeg,DOWNLOADED,113306,3d3bab9b54a0eabedc15d926256b44f53b59cda7538fa7aee1370235cbe564b2,
716,633-EST,TUBEROSE GARDENIA - ESTEE LAUDER,Aerin,Tuberose Gardenia,CONFIRMED,FOUND,101277,https://www.fragrantica.com/perfume/Aerin/Tuberose-Gardenia-101277.html,https://fimgs.net/mdimg/perfume-social-cards/en-p_c_101277.jpeg,fragrantica-scraper-archive/social-cards/images/716_633-EST_101277.jpeg,DOWNLOADED,99908,11b2f18d71ce6f09480a1f8f1731ef74f0969b0a9b16d1216661d2ac90233663,
715,632-EST,JASMIN WHITE MOSS - ESTEE LAUDER,Estee Lauder,Private Collection Jasmin White Moss,CONFIRMED,FOUND,6066,https://www.fragrantica.com/perfume/Estee-Lauder/Private-Collection-Jasmin-White-Moss-6066.html,https://fimgs.net/mdimg/perfume-social-cards/en-p_c_6066.jpeg,fragrantica-scraper-archive/social-cards/images/715_632-EST_6066.jpeg,DOWNLOADED,111678,b42a5a861880c47e0dd1139c11d2d9ede13570324a88b36f54744661fe2c9daf,
714,631-EST,PRIVATE COLLECTION - ESTEE LAUDER,Estee Lauder,Private Collection,CONFIRMED,FOUND,547,https://www.fragrantica.com/perfume/Estee-Lauder/Private-Collection-547.html,https://fimgs.net/mdimg/perfume-social-cards/en-p_c_547.jpeg,fragrantica-scraper-archive/social-cards/images/714_631-EST_547.jpeg,DOWNLOADED,105044,ce0770784af46b44a0530a948a09736a137b1fb6d7b55b4e0064f27454d58072,
713,630-EST,PLEASURES DELIGHT - ESTEE LAUDER,Estee Lauder,Pleasures Delight,CONFIRMED,FOUND,1988,https://www.fragrantica.com/perfume/Estee-Lauder/Pleasures-Delight-1988.html,https://fimgs.net/mdimg/perfume-social-cards/en-p_c_1988.jpeg,fragrantica-scraper-archive/social-cards/images/713_630-EST_1988.jpeg,DOWNLOADED,97483,0ee279eabd3bc316f3343ee379556af6c3a930438c521fbb310a2af05b212437,
712,629-EST,PLEASURES - ESTEE LAUDER,Estee Lauder,Pleasures,CONFIRMED,FOUND,536,https://www.fragrantica.com/perfume/Estee-Lauder/Pleasures-536.html,https://fimgs.net/mdimg/perfume-social-cards/en-p_c_536.jpeg,fragrantica-scraper-archive/social-cards/images/712_629-EST_536.jpeg,DOWNLOADED,92678,7605e372c7b976c22921062c66c9cb96bdf01ac408c92e1929a270b893782844,
711,628-EST,MODERN MUSE NUIT,Estee Lauder,Modern Muse Nuit,CONFIRMED,FOUND,40455,https://www.fragrantica.com/perfume/Estee-Lauder/Modern-Muse-Nuit-40455.html,https://fimgs.net/mdimg/perfume-social-cards/en-p_c_40455.jpeg,fragrantica-scraper-archive/social-cards/images/711_628-EST_40455.jpeg,DOWNLOADED,102398,a48558d524aeafb2045b3435cfa1de578033863b53e1a1f1d58b9db05907980c,
710,627-EST,MODERN MUSE LE ROUGE - ESTEE LAUDER,Estee Lauder,Modern Muse Le Rouge,CONFIRMED,FOUND,31293,https://www.fragrantica.com/perfume/Estee-Lauder/Modern-Muse-Le-Rouge-31293.html,https://fimgs.net/mdimg/perfume-social-cards/en-p_c_31293.jpeg,fragrantica-scraper-archive/social-cards/images/710_627-EST_31293.jpeg,DOWNLOADED,109673,530537f182203f09153f679495f032e7816a7cfd2cf249b08d57da66768e8ca3,
709,626-EST,MODERN MUSE - ESTEE LAUDER,Estee Lauder,Modern Muse,CONFIRMED,FOUND,18319,https://www.fragrantica.com/perfume/Estee-Lauder/Modern-Muse-18319.html,https://fimgs.net/mdimg/perfume-social-cards/en-p_c_18319.jpeg,fragrantica-scraper-archive/social-cards/images/709_626-EST_18319.jpeg,DOWNLOADED,95309,80574e9b60f04d50e91254dfba902a17c350e07c1e01f072792c565145d02645,
708,625-EST,KNOWING  - ESTEE LAUDER,Estee Lauder,Knowing,CONFIRMED,FOUND,548,https://www.fragrantica.com/perfume/Estee-Lauder/Knowing-548.html,https://fimgs.net/mdimg/perfume-social-cards/en-p_c_548.jpeg,fragrantica-scraper-archive/social-cards/images/708_625-EST_548.jpeg,DOWNLOADED,101666,37f9f23a891b8f49123ede428c1d43575a56074655ae351ab480f7800fd81bb9,
707,624-EST,INTUITION - ESTEE LAUDER,,,CONFIRMED,FOUND,541,https://www.fragrantica.com/perfume/Estee-Lauder/Intuition-541.html,https://fimgs.net/mdimg/perfume-social-cards/en-p_c_541.jpeg,fragrantica-scraper-archive/social-cards/images/707_624-EST_541.jpeg,DOWNLOADED,100447,6bef4555d2e932094199ccb3dc917373d93dc9e02ec83e6aab93cb190034816a,
706,623-EST,ESTEE - ESTEE LAUDER,Estée Lauder,ESTEE - ESTEE LAUDER,CONFIRMED,FOUND,544,https://www.fragrantica.com/perfume/Estee-Lauder/Estee-544.html,https://fimgs.net/mdimg/perfume-social-cards/en-p_c_544.jpeg,fragrantica-scraper-archive/social-cards/images/706_623-EST_544.jpeg,DOWNLOADED,108981,79781d5bb2669e61cc8f0e8b819bb835a541aa95a91b6b33d34d601a4fa73f0e,
705,622-EST,CINNABAR - ESTEE LAUDER,Estée Lauder,Cinnabar Eau de Parfum,CONFIRMED,FOUND,546,https://www.fragrantica.com/perfume/Estee-Lauder/Cinnabar-546.html,https://fimgs.net/mdimg/perfume-social-cards/en-p_c_546.jpeg,fragrantica-scraper-archive/social-cards/images/705_622-EST_546.jpeg,DOWNLOADED,104037,625163ed03a0e41f5ee358a6d52af21c4598cd7375842778635299552e1c6e9a,
704,621-EST,BR,,,CONFIRMED,FOUND,11538,https://www.fragrantica.com/perfume/Estee-Lauder/Bronze-Goddess-2011-11538.html,https://fimgs.net/mdimg/perfume-social-cards/en-p_c_11538.jpeg,fragrantica-scraper-archive/social-cards/images/704_621-EST_11538.jpeg,DOWNLOADED,118648,5cfd8dd6fe93ac088cd5c23be4e630a7470b521748408ba255e094ff181b585a,
703,620-EST,BRONZE GODDESS SOLEIL - ESTEE LAUDER,Estee Lauder,Bronze Goddess Soleil,CONFIRMED,FOUND,11537,https://www.fragrantica.com/perfume/Estee-Lauder/Bronze-Goddess-Soleil-11537.html,https://fimgs.net/mdimg/perfume-social-cards/en-p_c_11537.jpeg,fragrantica-scraper-archive/social-cards/images/703_620-EST_11537.jpeg,DOWNLOADED,107153,fc5d6723b3fd2b24e697fc635cfe81040f3b9eb8d2823ab01dc6038b80255ec6,
702,619-EST,BR,Estée Lauder,Bronze Goddess Eau Fraîche Skinscent,CONFIRMED,FOUND,2857,https://www.fragrantica.com/p/2857,https://fimgs.net/mdimg/perfume-social-cards/en-p_c_2857.jpeg,fragrantica-scraper-archive/social-cards/images/702_619-EST_2857.jpeg,DOWNLOADED,108666,9883156304e11f6a5ae99d0c8fbc5a21b04b8afd7d568e18f75d8e08717aa135,
701,618-EST,BRONZE GODDESS CAPRI - ESTEE LAUDER,Estee Lauder,Bronze Goddess Capri,CONFIRMED,FOUND,14309,https://www.fragrantica.com/perfume/Estee-Lauder/Bronze-Goddess-Capri-14309.html,https://fimgs.net/mdimg/perfume-social-cards/en-p_c_14309.jpeg,fragrantica-scraper-archive/social-cards/images/701_618-EST_14309.jpeg,DOWNLOADED,104934,993aabc056342dcb5e8fa884297a014de1941c12984cff0cfa8d0fdb1ffd6f3c,
700,617-EST,BRASIL DREAM - ESTEE LAUDER,Estee Lauder,Brasil Dream,CONFIRMED,FOUND,4942,https://www.fragrantica.com/perfume/Estee-Lauder/Brasil-Dream-4942.html,https://fimgs.net/mdimg/perfume-social-cards/en-p_c_4942.jpeg,fragrantica-scraper-archive/social-cards/images/700_617-EST_4942.jpeg,DOWNLOADED,107835,4db85ff5aacd7bca4773f39730c7b14c9311a8f427fb97aade47a920124344c2,
699,616-EST,BEYOND PARADISE - ESTEE LAUDER,Estee Lauder,Beyond Paradise,CONFIRMED,FOUND,530,https://www.fragrantica.com/perfume/Estee-Lauder/Beyond-Paradise-530.html,https://fimgs.net/mdimg/perfume-social-cards/en-p_c_530.jpeg,fragrantica-scraper-archive/social-cards/images/699_616-EST_530.jpeg,DOWNLOADED,101038,0976c74ce50f32a9494ceacfa466c2d7be82b98e4ed59c2b710a86e9d59ef8f1,
698,614-EST,BEAUTIFUL - ESTEE LAUDER,Estee Lauder,Beautiful,CONFIRMED,FOUND,528,https://www.fragrantica.com/perfume/Estee-Lauder/Beautiful-528.html,https://fimgs.net/mdimg/perfume-social-cards/en-p_c_528.jpeg,fragrantica-scraper-archive/social-cards/images/698_614-EST_528.jpeg,DOWNLOADED,98303,b25c794ea271509ea04860876f5c7d728f566bcddbffe30c60175ac0c6ae26d3,
697,613-ESC,,Escada,Turquoise Summer,CONFIRMED,FOUND,28630,https://www.fragrantica.com/p/28630,https://fimgs.net/mdimg/perfume-social-cards/en-p_c_28630.jpeg,fragrantica-scraper-archive/social-cards/images/697_613-ESC_28630.jpeg,DOWNLOADED,96733,50ee71bfc5868b0159787e8bbeced82754d12290bd31a8a24bce96da2fc173c4,
696,612-ESC,,Escada,TURQUOISE - ESCADA,CONFIRMED,FOUND,28630,https://www.fragrantica.com/perfume/Escada/Turquoise-Summer-28630.html,https://fimgs.net/mdimg/perfume-social-cards/en-p_c_28630.jpeg,fragrantica-scraper-archive/social-cards/images/696_612-ESC_28630.jpeg,DOWNLOADED,96733,50ee71bfc5868b0159787e8bbeced82754d12290bd31a8a24bce96da2fc173c4,
695,611-ESC,TAJ SUNSET - ESCADA,Escada,Taj Sunset,CONFIRMED,FOUND,10611,https://www.fragrantica.com/p/10611,https://fimgs.net/mdimg/perfume-social-cards/en-p_c_10611.jpeg,fragrantica-scraper-archive/social-cards/images/695_611-ESC_10611.jpeg,DOWNLOADED,98993,409c1cf936b5df3a43b10e689f0e6c34aeb28072b689eacfc8981085c1eca278,
694,610-ESC,SORBETTO ROSSO - ESCADA,Escada,Sorbetto Rosso,CONFIRMED,FOUND,47255,https://www.fragrantica.com/p/47255,https://fimgs.net/mdimg/perfume-social-cards/en-p_c_47255.jpeg,fragrantica-scraper-archive/social-cards/images/694_610-ESC_47255.jpeg,DOWNLOADED,98048,2821bf589c19bd3b0147a6dddf7e852fbd8931f772ca60fc87166ef25cf2505f,
693,607-ESC,MARINE GROOVE - ESCADA,Escada,Escada Marine Groove,CONFIRMED,FOUND,7303,https://www.fragrantica.com/p/7303,https://fimgs.net/mdimg/perfume-social-cards/en-p_c_7303.jpeg,fragrantica-scraper-archive/social-cards/images/693_607-ESC_7303.jpeg,DOWNLOADED,96606,3a0a8c1cda5bdd8bac5afb2f6f478a309a2febcac796684985112110bea963f1,
692,606-ESC,MARGARETHA LEY (CLASSIC) - ESCADA,Escada,Escada Margaretha Ley,CONFIRMED,FOUND,1365,https://www.fragrantica.com/p/1365,https://fimgs.net/mdimg/perfume-social-cards/en-p_c_1365.jpeg,fragrantica-scraper-archive/social-cards/images/692_606-ESC_1365.jpeg,DOWNLOADED,112989,f1c8cc94727fb8b0f092eecf0022fa8c40f695953eae08d93c0d32b1d8454a1e,
691,604-ESC,MAGNETISM - ESCADA,Escada,Escada Magnetism,CONFIRMED,FOUND,1036,https://www.fragrantica.com/p/1036,https://fimgs.net/mdimg/perfume-social-cards/en-p_c_1036.jpeg,fragrantica-scraper-archive/social-cards/images/691_604-ESC_1036.jpeg,DOWNLOADED,101203,fb115d14ac26100e9f83cd643355716f4886143a8aa70544830c794f6f2bed2c,
690,603-ESC,INCREDIBLE ME - ESCADA,Escada,Incredible Me,CONFIRMED,FOUND,3861,https://www.fragrantica.com/p/3861,https://fimgs.net/mdimg/perfume-social-cards/en-p_c_3861.jpeg,fragrantica-scraper-archive/social-cards/images/690_603-ESC_3861.jpeg,DOWNLOADED,104063,2b57579a764916c257c0bfd554412aafcf92a6df069b67657356d7896b8ffcf7,
689,602-ESC,JOYFUL - ESCADA,Escada,Joyful,CONFIRMED,FOUND,25459,https://www.fragrantica.com/p/25459,https://fimgs.net/mdimg/perfume-social-cards/en-p_c_25459.jpeg,fragrantica-scraper-archive/social-cards/images/689_602-ESC_25459.jpeg,DOWNLOADED,109884,5d4e6c2af7d570806cabc1dbad922bfc70aa92e00911bdf9b8a375d2012a7dfe,
688,600-ESC,FIESTA CARIOCA - ESCADA,Escada,Fiesta Carioca,CONFIRMED,FOUND,41897,https://www.fragrantica.com/p/41897,https://fimgs.net/mdimg/perfume-social-cards/en-p_c_41897.jpeg,fragrantica-scraper-archive/social-cards/images/688_600-ESC_41897.jpeg,DOWNLOADED,102782,4a638b3e990f849c6b066b15e8f3560874e2466e2284b1fb80af2e2d60c3426e,
687,599-ESC,CHERRY IN THE AIR - ESCADA,Escada,Cherry in the Air,CONFIRMED,FOUND,17129,https://www.fragrantica.com/p/17129,https://fimgs.net/mdimg/perfume-social-cards/en-p_c_17129.jpeg,fragrantica-scraper-archive/social-cards/images/687_599-ESC_17129.jpeg,DOWNLOADED,100510,c3e082c67449eb1728c6184c2b29145e7fd0c94171387f9497e930a8dd8e27ff,
686,598-ESC,the fragrance notes ofCELEBRATE NOW - ESCADA,Escada,Celebrate N.O.W.,CONFIRMED,FOUND,46180,https://www.fragrantica.com/p/46180,https://fimgs.net/mdimg/perfume-social-cards/en-p_c_46180.jpeg,fragrantica-scraper-archive/social-cards/images/686_598-ESC_46180.jpeg,DOWNLOADED,107274,f1754de55c1c0194fa5a5b39baf303cec4a7b22e37ac0a2eea862042d481c7b3,
685,597-ESC,BORN IN PARADISE,Escada,Born in Paradise,CONFIRMED,FOUND,22106,https://www.fragrantica.com/p/22106,https://fimgs.net/mdimg/perfume-social-cards/en-p_c_22106.jpeg,fragrantica-scraper-archive/social-cards/images/685_597-ESC_22106.jpeg,DOWNLOADED,101483,8fdde6993130607c24f4baf14bada31cb409d3ca62a6c5dd9f7b7181efc34d81,
684,596-ESC,AGUA DEL SOL,Escada,Agua del Sol,CONFIRMED,FOUND,32741,https://www.fragrantica.com/p/32741,https://fimgs.net/mdimg/perfume-social-cards/en-p_c_32741.jpeg,fragrantica-scraper-archive/social-cards/images/684_596-ESC_32741.jpeg,DOWNLOADED,96366,56e07374ff593d8ed64026e9bfdc0a74c7465007a531d81ffd6eef32f3b40843,
683,595-EMIL,EMILIO PUCCI,Emilio Pucci,EMILIO PUCCI,CONFIRMED,FOUND,21762,https://www.fragrantica.com/perfume/Emilio-Pucci/Pucci-21762.html,https://fimgs.net/mdimg/perfume-social-cards/en-p_c_21762.jpeg,fragrantica-scraper-archive/social-cards/images/683_595-EMIL_21762.jpeg,DOWNLOADED,134968,a1074d88b2a61ad84c5b30f8b10cfd6df52de2a2864ebf7be2f73d0fc6971c72,
682,594-EMAN,DIVA - EMANOUEL UNGARO,Emanuel Ungaro,Diva,CONFIRMED,FOUND,901,https://www.fragrantica.com/p/901,https://fimgs.net/mdimg/perfume-social-cards/en-p_c_901.jpeg,fragrantica-scraper-archive/social-cards/images/682_594-EMAN_901.jpeg,DOWNLOADED,104972,c5d3222df9411d446bcbf7413d48e830344a7ca251d87bdb7fac6f651e09aa31,
681,593-ELZT,,Elizabeth Taylor,White Diamonds,CONFIRMED,FOUND,887,https://www.fragrantica.com/p/887,https://fimgs.net/mdimg/perfume-social-cards/en-p_c_887.jpeg,fragrantica-scraper-archive/social-cards/images/681_593-ELZT_887.jpeg,DOWNLOADED,96117,12e00437081c7c525d24a15e1f5da7a949881324469b437c4135f13213d18f51,
680,592-ELIZ,,Elizabeth Arden,Red Door,CONFIRMED,FOUND,86,https://www.fragrantica.com/perfume/Elizabeth-Arden/Red-Door-86.html,https://fimgs.net/mdimg/perfume-social-cards/en-p_c_86.jpeg,fragrantica-scraper-archive/social-cards/images/680_592-ELIZ_86.jpeg,DOWNLOADED,101557,1bdf6d4974b7f8600916f0376abf5f7c246c176b925ff7cc2dfdd05631e9c319,
679,591-ELIZ,,Elizabeth Arden,Green Tea Yuzu,CONFIRMED,FOUND,24471,https://www.fragrantica.com/perfume/Elizabeth-Arden/Green-Tea-Yuzu-24471.html,https://fimgs.net/mdimg/perfume-social-cards/en-p_c_24471.jpeg,fragrantica-scraper-archive/social-cards/images/679_591-ELIZ_24471.jpeg,DOWNLOADED,101982,f0f3249271317c94cb83b936000bae5d8f83ad00f94d33a94c096923168b277b,
678,590-ELIZ,,Elizabeth Arden,5th Avenue,CONFIRMED,FOUND,81,https://www.fragrantica.com/p/81,https://fimgs.net/mdimg/perfume-social-cards/en-p_c_81.jpeg,fragrantica-scraper-archive/social-cards/images/678_590-ELIZ_81.jpeg,DOWNLOADED,95471,dd55cda68e16df17a6841210f3e9284c09fe0a9ec2c560a20f0f23a995e49e0b,
677,588-ELI,,Elie Saab,Le Parfum,CONFIRMED,FOUND,12258,https://www.fragrantica.com/p/12258,https://fimgs.net/mdimg/perfume-social-cards/en-p_c_12258.jpeg,fragrantica-scraper-archive/social-cards/images/677_588-ELI_12258.jpeg,DOWNLOADED,112303,b3f9f127bc62bf05ae2500e6a246572975ca36685b1df5cc1a91a740d206d83f,
676,587-DSQ,,DSQUARED2,Want Pink Ginger,CONFIRMED,FOUND,40156,https://www.fragrantica.com/perfume/DSQUARED2/Want-Pink-Ginger-40156.html,https://fimgs.net/mdimg/perfume-social-cards/en-p_c_40156.jpeg,fragrantica-scraper-archive/social-cards/images/676_587-DSQ_40156.jpeg,DOWNLOADED,106334,2aaf5969194411aac4e67ae6f222d0322d4421317b1bfd86fc8b205de0129f25,
675,586-DSQ,,DSQUARED2,Want,CONFIRMED,FOUND,31292,https://www.fragrantica.com/perfume/DSQUARED2/Want-31292.html,https://fimgs.net/mdimg/perfume-social-cards/en-p_c_31292.jpeg,fragrantica-scraper-archive/social-cards/images/675_586-DSQ_31292.jpeg,DOWNLOADED,98998,f33ef892a9fef47d3d4c30d472274b0f7e3d0b6c6306f02de076f2748c523da4,
674,585-DSQ,,DSQUARED2,She Wood,CONFIRMED,FOUND,3552,https://www.fragrantica.com/perfume/DSQUARED2/She-Wood-3552.html,https://fimgs.net/mdimg/perfume-social-cards/en-p_c_3552.jpeg,fragrantica-scraper-archive/social-cards/images/674_585-DSQ_3552.jpeg,DOWNLOADED,102343,7f0d20237418fd16037935767274cccad7717c06b55e88a10083d81d35a7cea1,
673,584-DSQ,,DSQUARED²,Potion for Women,CONFIRMED,FOUND,15481,https://www.fragrantica.com/p/15481,https://fimgs.net/mdimg/perfume-social-cards/en-p_c_15481.jpeg,fragrantica-scraper-archive/social-cards/images/673_584-DSQ_15481.jpeg,DOWNLOADED,109081,e731db8fcc3353bbfa1197d7ae7bb8f10d92ac998d29d0c193f90b02ea76cb10,
671,582-DON,,Donna Karan,DKNY Nectar Love,CONFIRMED,FOUND,45499,https://www.fragrantica.com/perfume/Donna-Karan/DKNY-Nectar-Love-45499.html,https://fimgs.net/mdimg/perfume-social-cards/en-p_c_45499.jpeg,fragrantica-scraper-archive/social-cards/images/671_582-DON_45499.jpeg,DOWNLOADED,111243,29c2f5e1315b96cdbd8b781ba7307962eb5e7fda890aec2e5ad8ef43f4fe0c16,
670,581-DON,MY NY - Donna Karan,Donna Karan,DKNY My NY,CONFIRMED,FOUND,25948,https://www.fragrantica.com/p/25948,https://fimgs.net/mdimg/perfume-social-cards/en-p_c_25948.jpeg,fragrantica-scraper-archive/social-cards/images/670_581-DON_25948.jpeg,DOWNLOADED,104850,4bc75c0dc0b0d4cb3884a517bf4a4113a9e822135c13ee88933f3a60e366f4ab,
669,580-DON,GOLDEN DELICIOUS - DKNY,Donna Karan,DKNY Golden Delicious,CONFIRMED,FOUND,10914,https://www.fragrantica.com/perfume/Donna-Karan/DKNY-Golden-Delicious-10914.html,https://fimgs.net/mdimg/perfume-social-cards/en-p_c_10914.jpeg,fragrantica-scraper-archive/social-cards/images/669_580-DON_10914.jpeg,DOWNLOADED,102681,f6a614acdb2c7f3a15b8af0fc0e2f4492e99c771193acea6784d7d792b4a358b,
668,579-DON,FRUITY ROOTY - DKNY,Donna Karan,DKNY Delicious Delights Fruity Rooty,CONFIRMED,FOUND,29370,https://www.fragrantica.com/perfume/Donna-Karan/DKNY-Delicious-Delights-Fruity-Rooty-29370.html,https://fimgs.net/mdimg/perfume-social-cards/en-p_c_29370.jpeg,fragrantica-scraper-archive/social-cards/images/668_579-DON_29370.jpeg,DOWNLOADED,102155,3e053fc7b4ae3cab80479d47c4fa2c108850b0257416709f4c1cee4df74b0c07,
667,578-DON,DKNY,Donna Karan,DKNY Women,CONFIRMED,FOUND,504,https://www.fragrantica.com/p/504,https://fimgs.net/mdimg/perfume-social-cards/en-p_c_504.jpeg,fragrantica-scraper-archive/social-cards/images/667_578-DON_504.jpeg,DOWNLOADED,106968,e9e1a719326e22765c69eddc152e45eb3f043687b112e39b6cfeb5b2701053fe,
666,577-DON,CASHMERE MIST - DKNY,DKNY,CASHMERE MIST - DKNY,CONFIRMED,FOUND,496,https://www.fragrantica.com/perfume/Donna-Karan/Cashmere-Mist-496.html,https://fimgs.net/mdimg/perfume-social-cards/en-p_c_496.jpeg,fragrantica-scraper-archive/social-cards/images/666_577-DON_496.jpeg,DOWNLOADED,101329,fb592abcd1d7c7168512ed92299cb31d54a173c2f07429bee3417655c61d9410,
665,576-DON,,Donna Karan,Black Cashmere,CONFIRMED,FOUND,495,https://www.fragrantica.com/perfume/Donna-Karan/Black-Cashmere-495.html,https://fimgs.net/mdimg/perfume-social-cards/en-p_c_495.jpeg,fragrantica-scraper-archive/social-cards/images/665_576-DON_495.jpeg,DOWNLOADED,105996,6eb4faf642589598a63dbaeef6cef963fbf983025b161fccceb1f5ab19611df9,
664,575-DON,BE TEMPTED - DKNY,Donna Karan,DKNY Be Tempted,CONFIRMED,FOUND,39240,https://www.fragrantica.com/perfume/Donna-Karan/DKNY-Be-Tempted-39240.html,https://fimgs.net/mdimg/perfume-social-cards/en-p_c_39240.jpeg,fragrantica-scraper-archive/social-cards/images/664_575-DON_39240.jpeg,DOWNLOADED,99069,c14dfc22b8f9f1e7577d599c1e4b47eaf6b3eeb70697d8f409cd849e6a4523af,
663,574-DON,BE DELICIOUS - DKNY,Donna Karan,DKNY Be Delicious,CONFIRMED,FOUND,498,https://www.fragrantica.com/perfume/Donna-Karan/DKNY-Be-Delicious-498.html,https://fimgs.net/mdimg/perfume-social-cards/en-p_c_498.jpeg,fragrantica-scraper-archive/social-cards/images/663_574-DON_498.jpeg,DOWNLOADED,105209,13400e563d777d8cb36a958eda5ab7fb9c144f353c856234e9ef594e6a06b515,
662,573-DIE,LOVERDOSE RED KISS - DIESEL,Diesel,Loverdose Red Kiss,CONFIRMED,FOUND,29771,https://www.fragrantica.com/perfume/Diesel/Loverdose-Red-Kiss-29771.html,https://fimgs.net/mdimg/perfume-social-cards/en-p_c_29771.jpeg,fragrantica-scraper-archive/social-cards/images/662_573-DIE_29771.jpeg,DOWNLOADED,112142,149c2f6dd07abd28be449ccc5d4900f36438d3f716b560aeff6488fd9e0a4cf6,
661,572-DIE,LOVERDOS,Diesel,Loverdose,CONFIRMED,FOUND,12446,https://www.fragrantica.com/perfume/Diesel/Loverdose-12446.html,https://fimgs.net/mdimg/perfume-social-cards/en-p_c_12446.jpeg,fragrantica-scraper-archive/social-cards/images/661_572-DIE_12446.jpeg,DOWNLOADED,102723,ef0dab4e8790e38b8ad4e7d33481cf73f8a9a9a9cb8a8223cb4a957d68f30c83,
660,571-DAV,,,,CONFIRMED,FOUND,508,https://www.fragrantica.com/perfume/Davidoff/Cool-Water-508.html,https://fimgs.net/mdimg/perfume-social-cards/en-p_c_508.jpeg,fragrantica-scraper-archive/social-cards/images/660_571-DAV_508.jpeg,DOWNLOADED,99796,e3563de4f4b527510a463a46826deac6e31f2c8430c7f4f26fb898c3529ae3cc,
659,570-DOL,(RED CUP),Dolce & Gabbana,(RED CUP),CONFIRMED,FOUND,484,https://www.fragrantica.com/perfume/Dolce-Gabbana/D-G-484.html,https://fimgs.net/mdimg/perfume-social-cards/en-p_c_484.jpeg,fragrantica-scraper-archive/social-cards/images/659_570-DOL_484.jpeg,DOWNLOADED,98560,9f01463cb19ac13a39223d45089c5c4becdf23a734842003f08d657b7c093e57,
658,569-DOL,THE ONLY ONE,Dolce Gabbana,The Only One,CONFIRMED,FOUND,51249,https://www.fragrantica.com/perfume/Dolce-Gabbana/The-Only-One-51249.html,https://fimgs.net/mdimg/perfume-social-cards/en-p_c_51249.jpeg,fragrantica-scraper-archive/social-cards/images/658_569-DOL_51249.jpeg,DOWNLOADED,102810,d103de5edc0685ad2f6097d35ef52a615849300d7f9980211da3ca7b57c8f6f6,
657,568-DOL,THE ONE ESSENCE,Dolce Gabbana,The One Essence,CONFIRMED,FOUND,31968,https://www.fragrantica.com/perfume/Dolce-Gabbana/The-One-Essence-31968.html,https://fimgs.net/mdimg/perfume-social-cards/en-p_c_31968.jpeg,fragrantica-scraper-archive/social-cards/images/657_568-DOL_31968.jpeg,DOWNLOADED,106193,ccf4d1286418e9e3099006ffca0cfad25a607e1388969f0c69a3143f2a64828b,
656,567-DOL,THE ONE DESIRE,Dolce Gabbana,The One Desire,CONFIRMED,FOUND,17124,https://www.fragrantica.com/perfume/Dolce-Gabbana/The-One-Desire-17124.html,https://fimgs.net/mdimg/perfume-social-cards/en-p_c_17124.jpeg,fragrantica-scraper-archive/social-cards/images/656_567-DOL_17124.jpeg,DOWNLOADED,98463,6ad519984696a0decf1d7e4303adb2b24bc59dc667764d47f414ecb5f05ba23f,
655,566-DOL,The One,Dolce Gabbana,The One,CONFIRMED,FOUND,698,https://www.fragrantica.com/perfume/Dolce-Gabbana/The-One-698.html,https://fimgs.net/mdimg/perfume-social-cards/en-p_c_698.jpeg,fragrantica-scraper-archive/social-cards/images/655_566-DOL_698.jpeg,DOWNLOADED,95003,bb2ae21aacbc01b00018f49047c75d86b75614c3010423a41c9910db5a55f81d,
654,565-DOL,SICILY,Dolce Gabbana,Sicily,CONFIRMED,FOUND,486,https://www.fragrantica.com/perfume/Dolce-Gabbana/Sicily-486.html,https://fimgs.net/mdimg/perfume-social-cards/en-p_c_486.jpeg,fragrantica-scraper-archive/social-cards/images/654_565-DOL_486.jpeg,DOWNLOADED,97962,15ce4331dd917332e55baf70e594ae1bfde789e62e406d61d3e3c27c8750127e,
653,563-DOL,ROSE THE ONE,Dolce Gabbana,Rose The One,CONFIRMED,FOUND,6461,https://www.fragrantica.com/perfume/Dolce-Gabbana/Rose-The-One-6461.html,https://fimgs.net/mdimg/perfume-social-cards/en-p_c_6461.jpeg,fragrantica-scraper-archive/social-cards/images/653_563-DOL_6461.jpeg,DOWNLOADED,101454,84e94d5762d4b6755a2c1c6beb0915ce2bfb0756e101a38e7e50c3517bfc009c,
652,562-DOL,POUR FEMME INTENSE,Dolce Gabbana,Dolce Gabbana Pour Femme Intense,CONFIRMED,FOUND,18837,https://www.fragrantica.com/perfume/Dolce-Gabbana/Dolce-Gabbana-Pour-Femme-Intense-18837.html,https://fimgs.net/mdimg/perfume-social-cards/en-p_c_18837.jpeg,fragrantica-scraper-archive/social-cards/images/652_562-DOL_18837.jpeg,DOWNLOADED,107111,deb9a98c1d14b6d1a157754ca5f046f260e2beb5d9b3ca083a241586d24982aa,
651,561-DOL,Pour Femme,Dolce Gabbana,Dolce Gabbana Pour Femme,CONFIRMED,FOUND,15335,https://www.fragrantica.com/perfume/Dolce-Gabbana/Dolce-Gabbana-Pour-Femme-15335.html,https://fimgs.net/mdimg/perfume-social-cards/en-p_c_15335.jpeg,fragrantica-scraper-archive/social-cards/images/651_561-DOL_15335.jpeg,DOWNLOADED,105260,e2af04afba983ad68cff205c679a7a20bb507de92b324fefbb33a805acbe72f1,
650,560-DOL,LIGHT BLUE SUNSET IN SALINA,Dolce Gabbana,Light Blue Sunset in Salina,CONFIRMED,FOUND,29959,https://www.fragrantica.com/perfume/Dolce-Gabbana/Light-Blue-Sunset-in-Salina-29959.html,https://fimgs.net/mdimg/perfume-social-cards/en-p_c_29959.jpeg,fragrantica-scraper-archive/social-cards/images/650_560-DOL_29959.jpeg,DOWNLOADED,106013,78dd910d18fa578600dd5b7223d3ebd456fb75b3a05cfc3040b74ae1552d8d63,
649,559-DOL,LIGHT BLUE LOVE IN CAPRI,Dolce Gabbana,Light Blue Love in Capri,CONFIRMED,FOUND,36601,https://www.fragrantica.com/perfume/Dolce-Gabbana/Light-Blue-Love-in-Capri-36601.html,https://fimgs.net/mdimg/perfume-social-cards/en-p_c_36601.jpeg,fragrantica-scraper-archive/social-cards/images/649_559-DOL_36601.jpeg,DOWNLOADED,97373,827d418012b5bece645505a302368fce10c78a96fe676e5dce90c65ac20f95c5,
648,558-DOL,LIGHT BLUE ESCAPE TO PANAREA,Dolce Gabbana,Light Blue Escape to Panarea,CONFIRMED,FOUND,23620,https://www.fragrantica.com/perfume/Dolce-Gabbana/Light-Blue-Escape-to-Panarea-23620.html,https://fimgs.net/mdimg/perfume-social-cards/en-p_c_23620.jpeg,fragrantica-scraper-archive/social-cards/images/648_558-DOL_23620.jpeg,DOWNLOADED,103550,5ae71408b81971860d8e0ec72116eb5bc8f86a863a3eda4b1baf0afe376f0225,
647,557-DOL,LIGHT BLUE,Dolce Gabbana,Light Blue,CONFIRMED,FOUND,485,https://www.fragrantica.com/perfume/Dolce-Gabbana/Light-Blue-485.html,https://fimgs.net/mdimg/perfume-social-cards/en-p_c_485.jpeg,fragrantica-scraper-archive/social-cards/images/647_557-DOL_485.jpeg,DOWNLOADED,95075,db33b2499b69d07e27a55d8ac6745795ecc252013e0cb36e4ddaf4a9c4fddc48,
646,556-DOL,L' EAU THE ONE,Dolce Gabbana,L eau The One,CONFIRMED,FOUND,4494,https://www.fragrantica.com/perfume/Dolce-Gabbana/L-eau-The-One-4494.html,https://fimgs.net/mdimg/perfume-social-cards/en-p_c_4494.jpeg,fragrantica-scraper-archive/social-cards/images/646_556-DOL_4494.jpeg,DOWNLOADED,100945,6449c3607624d227ec05bb7f19739f7cecd38d5eb90c83ef7461c0ce7de91cdc,
645,555-DOL,DOLCE GARDEN,Dolce Gabbana,Dolce Garden,CONFIRMED,FOUND,48151,https://www.fragrantica.com/perfume/Dolce-Gabbana/Dolce-Garden-48151.html,https://fimgs.net/mdimg/perfume-social-cards/en-p_c_48151.jpeg,fragrantica-scraper-archive/social-cards/images/645_555-DOL_48151.jpeg,DOWNLOADED,100747,1809c20f75b02385068c8009add70211bd223f9542e19ca6ddbdd652d9f8d30d,
644,554-DOL,DOLCE FLORAL DROPS,Dolce Gabbana,Dolce Floral Drops,CONFIRMED,FOUND,29524,https://www.fragrantica.com/perfume/Dolce-Gabbana/Dolce-Floral-Drops-29524.html,https://fimgs.net/mdimg/perfume-social-cards/en-p_c_29524.jpeg,fragrantica-scraper-archive/social-cards/images/644_554-DOL_29524.jpeg,DOWNLOADED,100637,b532ba132324b0c6477119308d547efc3625fdaec8821c25f4e81fc5bf6beac1,
642,552-DOL,ANTHOLOGY L'IMPERATRICE 3,Dolce&Gabbana,D&G Anthology L'Imperatrice 3,CONFIRMED,FOUND,6086,https://www.fragrantica.com/p/6086,https://fimgs.net/mdimg/perfume-social-cards/en-p_c_6086.jpeg,fragrantica-scraper-archive/social-cards/images/642_552-DOL_6086.jpeg,DOWNLOADED,107275,e7048859839625188a378117da8b4864dabca38d1cd1c2df7e00c88a0cc8e7f7,
641,551-COUR,HYPERBOLE - COURREGES,Courreges,Hyperbole,CONFIRMED,FOUND,40170,https://www.fragrantica.com/perfume/Courreges/Hyperbole-40170.html,https://fimgs.net/mdimg/perfume-social-cards/en-p_c_40170.jpeg,fragrantica-scraper-archive/social-cards/images/641_551-COUR_40170.jpeg,DOWNLOADED,124273,a2f3c4d5d8cd72993df03dc6288a518b56cdc68b35bc05aa90062485ef2317b9,
640,550-COA,COACH THE FRAGRANCE - COACH,Coach,Coach the Fragrance,CONFIRMED,FOUND,38855,https://www.fragrantica.com/perfume/Coach/Coach-the-Fragrance-38855.html,https://fimgs.net/mdimg/perfume-social-cards/en-p_c_38855.jpeg,fragrantica-scraper-archive/social-cards/images/640_550-COA_38855.jpeg,DOWNLOADED,110495,21a330506d2cdd3719228752a227e3264bca6adeeae762c6f1b257de94686b84,
639,549-CLI,SIMPLY - CLINIQUE,Clinique,Simply Clinique,CONFIRMED,FOUND,379,https://www.fragrantica.com/perfume/Clinique/Simply-Clinique-379.html,https://fimgs.net/mdimg/perfume-social-cards/en-p_c_379.jpeg,fragrantica-scraper-archive/social-cards/images/639_549-CLI_379.jpeg,DOWNLOADED,95815,22261340a0b718c77b2b0a34aa58863fcc5e720e96a77f8fcd92cb32fedb89fb,
638,548-CLI,HAPPY - CLINIQUE,The Dua Brand,Happy,CONFIRMED,FOUND,66133,https://www.fragrantica.com/perfume/The-Dua-Brand/Happy-66133.html,https://fimgs.net/mdimg/perfume-social-cards/en-p_c_66133.jpeg,fragrantica-scraper-archive/social-cards/images/638_548-CLI_66133.jpeg,MISSING,,,HTTP 404
637,547-CLI,BEYOND ROSE - CLINIQUE,Clinique,Beyond Rose,CONFIRMED,FOUND,25726,https://www.fragrantica.com/perfume/Clinique/Beyond-Rose-25726.html,https://fimgs.net/mdimg/perfume-social-cards/en-p_c_25726.jpeg,fragrantica-scraper-archive/social-cards/images/637_547-CLI_25726.jpeg,DOWNLOADED,113243,48472aeabae53f9fee670b23f4e8e93755a4591f651355f71c47125fb310ca38,
636,546-CLI,AROMATICS IN WHITE - CLINIQUE,Clinique,Aromatics in White,CONFIRMED,FOUND,28532,https://www.fragrantica.com/perfume/Clinique/Aromatics-in-White-28532.html,https://fimgs.net/mdimg/perfume-social-cards/en-p_c_28532.jpeg,fragrantica-scraper-archive/social-cards/images/636_546-CLI_28532.jpeg,DOWNLOADED,98463,76e285ca06b9626ac25c50181f99602ea706db7572f18a9473921686e892c684,
635,545-CLI,AROMATICS ELIXIR - CLINIQUE,Clinique,Aromatics Elixir,CONFIRMED,FOUND,371,https://www.fragrantica.com/perfume/Clinique/Aromatics-Elixir-371.html,https://fimgs.net/mdimg/perfume-social-cards/en-p_c_371.jpeg,fragrantica-scraper-archive/social-cards/images/635_545-CLI_371.jpeg,DOWNLOADED,99833,055e95b4cf4bbeea6a5111df34adbda7842e9e54e1b1883739440bb3d170414a,
634,544-DRC,TENDRE POISON,Dior,Tendre Poison,CONFIRMED,FOUND,220,https://www.fragrantica.com/perfume/Dior/Tendre-Poison-220.html,https://fimgs.net/mdimg/perfume-social-cards/en-p_c_220.jpeg,fragrantica-scraper-archive/social-cards/images/634_544-DRC_220.jpeg,DOWNLOADED,103128,8176955d79387179e60275ae8319034958f8d52b5fbdfca5946974bc9c269704,
633,542-DRC,PURE POISON,Dior,Pure Poison,CONFIRMED,FOUND,214,https://www.fragrantica.com/perfume/Dior/Pure-Poison-214.html,https://fimgs.net/mdimg/perfume-social-cards/en-p_c_214.jpeg,fragrantica-scraper-archive/social-cards/images/633_542-DRC_214.jpeg,DOWNLOADED,100913,d3d11b694a617cbf2e628b536abc96640d4caacf1f71cbcdabd8d9d8fd2d4146,
632,541-DRC,POISON GIRL,Dior,Poison Girl,CONFIRMED,FOUND,35561,https://www.fragrantica.com/perfume/Dior/Poison-Girl-35561.html,https://fimgs.net/mdimg/perfume-social-cards/en-p_c_35561.jpeg,fragrantica-scraper-archive/social-cards/images/632_541-DRC_35561.jpeg,DOWNLOADED,107783,83a6926ab11ff6a7341a99793fa3317441ccb4fa1ebafdc80c9be263f52dc53a,
631,540-DRC,POISON,Dior,Poison,CONFIRMED,FOUND,218,https://www.fragrantica.com/perfume/Dior/Poison-218.html,https://fimgs.net/mdimg/perfume-social-cards/en-p_c_218.jpeg,fragrantica-scraper-archive/social-cards/images/631_540-DRC_218.jpeg,DOWNLOADED,103852,5471ecc894a5408edd1418eab8da5aaac95cf9d3680ead9efc9f3271da7523de,
630,537-DRC,Fragrance MISS CHERIE,Dior,Miss Dior Cherie,CONFIRMED,FOUND,213,https://www.fragrantica.com/p/213,https://fimgs.net/mdimg/perfume-social-cards/en-p_c_213.jpeg,fragrantica-scraper-archive/social-cards/images/630_537-DRC_213.jpeg,DOWNLOADED,114760,e961f39f853b07b7335fe1f44fa5de796e40d79815c891e11954d7f79eadcf00,
629,536-DRC,BLOOMING BOUQUET,Dior,Miss Dior Blooming Bouquet,CONFIRMED,FOUND,23280,https://www.fragrantica.com/p/23280,https://fimgs.net/mdimg/perfume-social-cards/en-p_c_23280.jpeg,fragrantica-scraper-archive/social-cards/images/629_536-DRC_23280.jpeg,DOWNLOADED,118329,ec67000fb00c658c8090f23787094868c49d2d12c9ef181d5922d8dd55f24993,
628,535-DRC,MISS ABSOLUTELY BLOOMING,Dior,Miss Dior Absolutely Blooming,CONFIRMED,FOUND,39070,https://www.fragrantica.com/perfume/Dior/Miss-Dior-Absolutely-Blooming-39070.html,https://fimgs.net/mdimg/perfume-social-cards/en-p_c_39070.jpeg,fragrantica-scraper-archive/social-cards/images/628_535-DRC_39070.jpeg,DOWNLOADED,118328,6ca1bcc0d7379dc9604c849e2a3812b0e306b2e86b724d3eb79a83aeb118009c,
627,534-DRC,MISS,Dior,MISS,CONFIRMED,FOUND,223,https://www.fragrantica.com/perfume/Christian-Dior/Miss-Dior-223.html,https://fimgs.net/mdimg/perfume-social-cards/en-p_c_223.jpeg,fragrantica-scraper-archive/social-cards/images/627_534-DRC_223.jpeg,DOWNLOADED,104839,be5c792c4eafccfee82609bba1ef8c5b79f92c98eed4f35d10fc9b1e175537b1,
626,533-DRC,MIDNIGHT POISON,Dior,Midnight Poison,CONFIRMED,FOUND,1282,https://www.fragrantica.com/perfume/Dior/Midnight-Poison-1282.html,https://fimgs.net/mdimg/perfume-social-cards/en-p_c_1282.jpeg,fragrantica-scraper-archive/social-cards/images/626_533-DRC_1282.jpeg,DOWNLOADED,109461,c89c35049fef4d56d052f74417bbb85acf6fce2f302b90479ac94accd4470a9e,
625,532-DRC,JOY,Dior,Joy by Dior,CONFIRMED,FOUND,51285,https://www.fragrantica.com/p/51285,https://fimgs.net/mdimg/perfume-social-cards/en-p_c_51285.jpeg,fragrantica-scraper-archive/social-cards/images/625_532-DRC_51285.jpeg,DOWNLOADED,101919,799b673ee0eb25f0727f29d8db9772aa5bdd5a1171e988b21687db4b0e7bd8e1,
624,531-DRC,J' ADORE IN JOY,Dior,J Adore In Joy,CONFIRMED,FOUND,43704,https://www.fragrantica.com/perfume/Dior/J-Adore-In-Joy-43704.html,https://fimgs.net/mdimg/perfume-social-cards/en-p_c_43704.jpeg,fragrantica-scraper-archive/social-cards/images/624_531-DRC_43704.jpeg,DOWNLOADED,95698,65f069e5d34a96aee7be5f733ff7cc2f8b085ada8442c99048e4f734064ac4e7,
623,530-DRC,J' ADORE,Dior,J adore,CONFIRMED,FOUND,210,https://www.fragrantica.com/perfume/Dior/J-adore-210.html,https://fimgs.net/mdimg/perfume-social-cards/en-p_c_210.jpeg,fragrantica-scraper-archive/social-cards/images/623_530-DRC_210.jpeg,DOWNLOADED,94585,683b692266c89162142ea21a99c8ec5a6a40e1b2ed530fae53a4d69131d88b58,
622,529-DRC,HYPNOTIC POISON EAU SENSUELLE,Dior,Hypnotic Poison Eau Sensuelle,CONFIRMED,FOUND,9600,https://www.fragrantica.com/perfume/Dior/Hypnotic-Poison-Eau-Sensuelle-9600.html,https://fimgs.net/mdimg/perfume-social-cards/en-p_c_9600.jpeg,fragrantica-scraper-archive/social-cards/images/622_529-DRC_9600.jpeg,DOWNLOADED,116474,99777f5f4591ed968bacc57f2a0a7a55a2aae0955d6079b3aef2bfe1d27d2882,
621,528-DRC,HYPNOTIC POISON,Dior,Hypnotic Poison,CONFIRMED,FOUND,219,https://www.fragrantica.com/perfume/Dior/Hypnotic-Poison-219.html,https://fimgs.net/mdimg/perfume-social-cards/en-p_c_219.jpeg,fragrantica-scraper-archive/social-cards/images/621_528-DRC_219.jpeg,DOWNLOADED,102413,14f2d880fe1aa6c7480bb608520843279ee1aff32cb44bf1d367102343cec6ea,
620,527-DRC,GRAND BAL,Dior,Dior Grand Bal,CONFIRMED,FOUND,14984,https://www.fragrantica.com/p/14984,https://fimgs.net/mdimg/perfume-social-cards/en-p_c_14984.jpeg,fragrantica-scraper-archive/social-cards/images/620_527-DRC_14984.jpeg,DOWNLOADED,100011,bf5d01b270c103d96ddeae5f19f3a984457f8ca9e50a044b8e24bd5765dffc1d,
619,526-DRC,ESCALE A PORTOFINO,Dior,Cruise Collection Escale a Portofino,CONFIRMED,FOUND,3291,https://www.fragrantica.com/perfume/Dior/Cruise-Collection-Escale-a-Portofino-3291.html,https://fimgs.net/mdimg/perfume-social-cards/en-p_c_3291.jpeg,fragrantica-scraper-archive/social-cards/images/619_526-DRC_3291.jpeg,DOWNLOADED,108945,8aed4938305f40d84f1945e4eb8b90b5aba87ad9e1c6bd240674fd04ab7c72aa,
618,525-DRC,DUNE,Dior,Dune,CONFIRMED,FOUND,221,https://www.fragrantica.com/perfume/Dior/Dune-221.html,https://fimgs.net/mdimg/perfume-social-cards/en-p_c_221.jpeg,fragrantica-scraper-archive/social-cards/images/618_525-DRC_221.jpeg,DOWNLOADED,107869,be7bd89e7e01ca6ffd7da9268066ef1afc1c6d94b96c6e505fcb1f5059952127,
617,524-DRC,DOLCE VITA,Dior,Dolce Vita,CONFIRMED,FOUND,222,https://www.fragrantica.com/perfume/Dior/Dolce-Vita-222.html,https://fimgs.net/mdimg/perfume-social-cards/en-p_c_222.jpeg,fragrantica-scraper-archive/social-cards/images/617_524-DRC_222.jpeg,DOWNLOADED,109621,d33186553b4fa95b0988e91b9d2fd98d55934bf5b84505e7d2f0738fa068e0fe,
616,521-DRC,ADDICT,Create Scent,Addict,CONFIRMED,FOUND,136549,https://www.fragrantica.com/perfume/Create-Scent/Addict-136549.html,https://fimgs.net/mdimg/perfume-social-cards/en-p_c_136549.jpeg,fragrantica-scraper-archive/social-cards/images/616_521-DRC_136549.jpeg,MISSING,,,HTTP 404
615,520-CHO,WISH - CHOPARD,Chopard,Wish,CONFIRMED,FOUND,353,https://www.fragrantica.com/perfume/Chopard/Wish-353.html,https://fimgs.net/mdimg/perfume-social-cards/en-p_c_353.jpeg,fragrantica-scraper-archive/social-cards/images/615_520-CHO_353.jpeg,DOWNLOADED,103382,9e62bfe0eafae6dfd83ce93051aff727fb731269f4bd20ede4505fc4ba9e788a,
614,519-CHO,HAPPY SPIRIT AMIRA D'AMOUR - CHOPARD,Chopard,Happy Spirit Amira d Amour,CONFIRMED,FOUND,30520,https://www.fragrantica.com/perfume/Chopard/Happy-Spirit-Amira-d-Amour-30520.html,https://fimgs.net/mdimg/perfume-social-cards/en-p_c_30520.jpeg,fragrantica-scraper-archive/social-cards/images/614_519-CHO_30520.jpeg,DOWNLOADED,129366,500dd7849f3b52659558bdfac1ac4b679f3b5038cfba23fe0824c30b39282dea,
613,518-CHO,CASMIR - CHOPARD,Chopard,Casmir,CONFIRMED,FOUND,348,https://www.fragrantica.com/perfume/Chopard/Casmir-348.html,https://fimgs.net/mdimg/perfume-social-cards/en-p_c_348.jpeg,fragrantica-scraper-archive/social-cards/images/613_518-CHO_348.jpeg,DOWNLOADED,100991,30d9339634971b8e6a2f55da14d10a8034b12816977bd00146600889b29da34f,
612,517-CHL,SEE - CHLOE,Chloe,See By Chloe,CONFIRMED,FOUND,17123,https://www.fragrantica.com/perfume/Chloe/See-By-Chloe-17123.html,https://fimgs.net/mdimg/perfume-social-cards/en-p_c_17123.jpeg,fragrantica-scraper-archive/social-cards/images/612_517-CHL_17123.jpeg,DOWNLOADED,100305,c5bda0158c2a1c635022c456a14229072614307d6320806d177a576efb7b0d8b,
611,516-CHL,ROSES DE CHLOE - CHLOE,Chloe,Chloe Roses de Chloe,CONFIRMED,FOUND,18702,https://www.fragrantica.com/perfume/Chloe/Chloe-Roses-de-Chloe-18702.html,https://fimgs.net/mdimg/perfume-social-cards/en-p_c_18702.jpeg,fragrantica-scraper-archive/social-cards/images/611_516-CHL_18702.jpeg,DOWNLOADED,101317,9f822ee873c0f3e7db18c6c4f1d2e7da23a3d2aa0ce07679c6b2fefe4879b7f7,
610,515-CHL,NOMADE - CHLOE,Chloe,Nomade,CONFIRMED,FOUND,48434,https://www.fragrantica.com/perfume/Chloe/Nomade-48434.html,https://fimgs.net/mdimg/perfume-social-cards/en-p_c_48434.jpeg,fragrantica-scraper-archive/social-cards/images/610_515-CHL_48434.jpeg,DOWNLOADED,99637,79b30acbe39d796f37bffc39a5c424f6340ed2d6b21300934d88ac415139208d,
609,514-CHL,LOVE STORY - CHLOE,Chloe,Love Story,CONFIRMED,FOUND,26227,https://www.fragrantica.com/perfume/Chloe/Love-Story-26227.html,https://fimgs.net/mdimg/perfume-social-cards/en-p_c_26227.jpeg,fragrantica-scraper-archive/social-cards/images/609_514-CHL_26227.jpeg,DOWNLOADED,99730,f5d01e9a6b3818be290c6099a827342464cc8306fdc75c41c91d03b988857f02,
608,513-CHL,LOVE - CHLOE,Chloe,Love,CONFIRMED,FOUND,9370,https://www.fragrantica.com/perfume/Chloe/Love-9370.html,https://fimgs.net/mdimg/perfume-social-cards/en-p_c_9370.jpeg,fragrantica-scraper-archive/social-cards/images/608_513-CHL_9370.jpeg,DOWNLOADED,91737,c73fd4c784d721f048f7f638b5692df876fe144117758c6a92d64eb853413223,
607,512-CHL,L'EAU DE CHLOE,Chloe,L Eau de Chloe,CONFIRMED,FOUND,14000,https://www.fragrantica.com/perfume/Chloe/L-Eau-de-Chloe-14000.html,https://fimgs.net/mdimg/perfume-social-cards/en-p_c_14000.jpeg,fragrantica-scraper-archive/social-cards/images/607_512-CHL_14000.jpeg,DOWNLOADED,103195,32ed66543003a75598eeefff95861a97d123da0c04bb91fbf96be1111dcc04b6,
606,511-CHL,FLEUR DE PARFUM - CHLOE,Chloe,Chloe Fleur de Parfum,CONFIRMED,FOUND,39632,https://www.fragrantica.com/perfume/Chloe/Chloe-Fleur-de-Parfum-39632.html,https://fimgs.net/mdimg/perfume-social-cards/en-p_c_39632.jpeg,fragrantica-scraper-archive/social-cards/images/606_511-CHL_39632.jpeg,DOWNLOADED,104968,7c80bb18c0a1a9b1b036146a2376f191cda77b77f644eef1636fd0c1f7073ec3,
605,510-CHL,Chloé,Chloe,Chloé,CONFIRMED,FOUND,1733,https://www.fragrantica.com/perfume/Chloe/Chloe-Eau-de-Parfum-1733.html,https://fimgs.net/mdimg/perfume-social-cards/en-p_c_1733.jpeg,fragrantica-scraper-archive/social-cards/images/605_510-CHL_1733.jpeg,DOWNLOADED,103610,f1f460a686403a112bed5c7ecb23e96e801de8210f52fe4d3def1effad739e74,
604,509-CHA,GABRIELLE,Chanel,Gabrielle,CONFIRMED,FOUND,43718,https://www.fragrantica.com/perfume/Chanel/Gabrielle-43718.html,https://fimgs.net/mdimg/perfume-social-cards/en-p_c_43718.jpeg,fragrantica-scraper-archive/social-cards/images/604_509-CHA_43718.jpeg,DOWNLOADED,105469,fc6c0cfe4a21223b31e2c258be055b4614bb7cc78dc1c49512ea118444204596,
603,508-CHA,the fragrance Coco Black,Chanel,Coco Noir,CONFIRMED,FOUND,15963,https://www.fragrantica.com/p/15963,https://fimgs.net/mdimg/perfume-social-cards/en-p_c_15963.jpeg,fragrantica-scraper-archive/social-cards/images/603_508-CHA_15963.jpeg,DOWNLOADED,105504,5952b19e8e06b21f170bdf02f44aad98958a150a615e80556b127223c5edc751,
602,507-CHA,COCON MADEM INTENSE,Chanel,Coco Mademoiselle Intense,CONFIRMED,FOUND,48310,https://www.fragrantica.com/p/48310,https://fimgs.net/mdimg/perfume-social-cards/en-p_c_48310.jpeg,fragrantica-scraper-archive/social-cards/images/602_507-CHA_48310.jpeg,DOWNLOADED,114091,5f4483acde6974230776bfddddce77620100f60de3f4b9aa31a67900827b8644,
601,506-CHA,COCON MADEM,Chanel,Coco Mademoiselle,CONFIRMED,FOUND,611,https://www.fragrantica.com/p/611,https://fimgs.net/mdimg/perfume-social-cards/en-p_c_611.jpeg,fragrantica-scraper-archive/social-cards/images/601_506-CHA_611.jpeg,DOWNLOADED,105025,6bab4e020a826437a71a40e6f9ee7c8d5f0cd5e09de068f5892292d60e75aaab,
600,505-CHA,COCO EAUDEPARFUM,Chanel,Coco Eau de Parfum,CONFIRMED,FOUND,609,https://www.fragrantica.com/p/609,https://fimgs.net/mdimg/perfume-social-cards/en-p_c_609.jpeg,fragrantica-scraper-archive/social-cards/images/600_505-CHA_609.jpeg,DOWNLOADED,111849,b5d5efb8553ce09655eee8eb57ae12290ac6241b6eb5a9e401de8a4e38d78de8,
599,504-CHA,Five L'EAU,Chanel,Chanel No 5 L'Eau,CONFIRMED,FOUND,38543,https://www.fragrantica.com/p/38543,https://fimgs.net/mdimg/perfume-social-cards/en-p_c_38543.jpeg,fragrantica-scraper-archive/social-cards/images/599_504-CHA_38543.jpeg,DOWNLOADED,96833,6a86f79a6ae02ce85494f815157b6c2f03bca62089567a5b83886b640eedbfa7,
598,503-CHA,No 5 EAU PREMIER,Chanel,No 5 EAU PREMIER,CONFIRMED,FOUND,1360,https://www.fragrantica.com/perfume/Chanel/Chanel-N05-Eau-Premiere-1360.html,https://fimgs.net/mdimg/perfume-social-cards/en-p_c_1360.jpeg,fragrantica-scraper-archive/social-cards/images/598_503-CHA_1360.jpeg,DOWNLOADED,101602,48fabd86008cd3b7d4bedf18848ccbb1df13c8e10c417c0d957545d8ebe344ea,
597,502-CHA,No 5,Chanel,No 5,CONFIRMED,FOUND,608,https://www.fragrantica.com/perfume/Chanel/Chanel-N--5-608.html,https://fimgs.net/mdimg/perfume-social-cards/en-p_c_608.jpeg,fragrantica-scraper-archive/social-cards/images/597_502-CHA_608.jpeg,DOWNLOADED,101374,5de0b0139ed384f13ca72494841be1ab5f32e6a523e5c496948af03093a9a0cc,
596,501-CHA,No 19 POUDRE,Chanel,Chanel No 19 Poudre,CONFIRMED,FOUND,12424,https://www.fragrantica.com/perfume/Chanel/Chanel-No-19-Poudre-12424.html,https://fimgs.net/mdimg/perfume-social-cards/en-p_c_12424.jpeg,fragrantica-scraper-archive/social-cards/images/596_501-CHA_12424.jpeg,DOWNLOADED,106561,359c2e1557b61c2b8d927c31199fca175717f230673bffe81af0e8ca9876f75c,
595,500-CHA,No 19,Chanel,Chanel No 19 Poudre,CONFIRMED,FOUND,12424,https://www.fragrantica.com/perfume/Chanel/Chanel-No-19-Poudre-12424.html,https://fimgs.net/mdimg/perfume-social-cards/en-p_c_12424.jpeg,fragrantica-scraper-archive/social-cards/images/595_500-CHA_12424.jpeg,DOWNLOADED,106561,359c2e1557b61c2b8d927c31199fca175717f230673bffe81af0e8ca9876f75c,
594,499-CHA,CHANCE EAU TENDRE,Chanel,Chance Eau Tendre,CONFIRMED,FOUND,8069,https://www.fragrantica.com/perfume/Chanel/Chance-Eau-Tendre-8069.html,https://fimgs.net/mdimg/perfume-social-cards/en-p_c_8069.jpeg,fragrantica-scraper-archive/social-cards/images/594_499-CHA_8069.jpeg,DOWNLOADED,104632,77155d2e38c0b0607b6940de5b382a57b4744672ed0ecb19ecb1c3c3b6800cca,
593,498-CHA,CHANCE EAU FRAICHE,Chanel,Chance Eau Fraiche,CONFIRMED,FOUND,1483,https://www.fragrantica.com/perfume/Chanel/Chance-Eau-Fraiche-1483.html,https://fimgs.net/mdimg/perfume-social-cards/en-p_c_1483.jpeg,fragrantica-scraper-archive/social-cards/images/593_498-CHA_1483.jpeg,DOWNLOADED,103425,bda7ff85aa4358fc4c3f0603b010594a29ccf69a817fae881ddf6137b1a19182,
592,497-CHA,CHANCE,,,CONFIRMED,FOUND,610,https://www.fragrantica.com/perfume/Chanel/Chance-610.html,https://fimgs.net/mdimg/perfume-social-cards/en-p_c_610.jpeg,fragrantica-scraper-archive/social-cards/images/592_497-CHA_610.jpeg,DOWNLOADED,105969,bda9d8ae889febb1a8e0f2a4ce5d9b07673a5a1856e0e11be96e4060731d9f00,
591,1068-CHA,Boy,Chanel,Boy Eau de Parfum,CONFIRMED,FOUND,37473,https://www.fragrantica.com/perfume/Chanel/Boy-Eau-de-Parfum-37473.html,https://fimgs.net/mdimg/perfume-social-cards/en-p_c_37473.jpeg,fragrantica-scraper-archive/social-cards/images/591_1068-CHA_37473.jpeg,DOWNLOADED,100472,5d6bfa32dc296e26d77a55fe6ffcc74780198400fc087da9efad85616c851211,
590,494-CHA,Allure,Chanel,Allure,CONFIRMED,FOUND,502,https://www.fragrantica.com/perfume/Chanel/Allure-502.html,https://fimgs.net/mdimg/perfume-social-cards/en-p_c_502.jpeg,fragrantica-scraper-archive/social-cards/images/590_494-CHA_502.jpeg,DOWNLOADED,91727,52e6b29d5998218dadedef90bca50be44cb6e651308c3f08323b03b2e23672e3,
589,493-CER,the aromatic notes of 1881 CERRUTI FOR WOMEN,,,CONFIRMED,FOUND,327,https://www.fragrantica.com/perfume/Cerruti/1881-327.html,https://fimgs.net/mdimg/perfume-social-cards/en-p_c_327.jpeg,fragrantica-scraper-archive/social-cards/images/589_493-CER_327.jpeg,DOWNLOADED,95009,4dd097033108e1d87c8389dc1e673bf74d89bed3b1d93332dba897ca7b8be8d5,
588,492-CARV,LE PARFUM - CARVEN,Carven,Carven Le Parfum,CONFIRMED,FOUND,17744,https://www.fragrantica.com/perfume/Carven/Carven-Le-Parfum-17744.html,https://fimgs.net/mdimg/perfume-social-cards/en-p_c_17744.jpeg,fragrantica-scraper-archive/social-cards/images/588_492-CARV_17744.jpeg,DOWNLOADED,103266,02bf18aae8899d748ad197db70d2859bb6c0d337c03a2e666725ee72684c9f86,
585,489-CRT,LA PANTHERE - CARTIER,Cartier,La Panthere,CONFIRMED,FOUND,23295,https://www.fragrantica.com/perfume/Cartier/La-Panthere-23295.html,https://fimgs.net/mdimg/perfume-social-cards/en-p_c_23295.jpeg,fragrantica-scraper-archive/social-cards/images/585_489-CRT_23295.jpeg,DOWNLOADED,104318,464ef333d79df8009f854476849409bb117126ff6db5f28d9b76b3f3b6846259,
584,488-CRT,CARAT - CARTIER,Cartier,Carat,CONFIRMED,FOUND,50748,https://www.fragrantica.com/perfume/Cartier/Carat-50748.html,https://fimgs.net/mdimg/perfume-social-cards/en-p_c_50748.jpeg,fragrantica-scraper-archive/social-cards/images/584_488-CRT_50748.jpeg,DOWNLOADED,101665,6b5cb7df137660805a5a90d0d85bcc50ade824be633d2e443137daaf5bd9cf99,
583,487-CRT,BAISER VOLE - CARTIER,Cartier,Baiser Vole,CONFIRMED,FOUND,12878,https://www.fragrantica.com/perfume/Cartier/Baiser-Vole-12878.html,https://fimgs.net/mdimg/perfume-social-cards/en-p_c_12878.jpeg,fragrantica-scraper-archive/social-cards/images/583_487-CRT_12878.jpeg,DOWNLOADED,89266,d6f89c134ea3e90c3990de9af9afb4c2f50cdcc25ac33bbb80eba0c007e50941,
582,485-CAR,GOOD GIRL,Carolina Herrera,Good Girl,CONFIRMED,FOUND,39681,https://www.fragrantica.com/perfume/Carolina-Herrera/Good-Girl-39681.html,https://fimgs.net/mdimg/perfume-social-cards/en-p_c_39681.jpeg,fragrantica-scraper-archive/social-cards/images/582_485-CAR_39681.jpeg,DOWNLOADED,102220,7312a04408e902d9e2d4356e84f6fa7b48764b955c7af9536bec0624b0bd08b5,
581,484-CAR,212 WHITE,Carolina Herrera,212 White,CONFIRMED,FOUND,13618,https://www.fragrantica.com/perfume/Carolina-Herrera/212-White-13618.html,https://fimgs.net/mdimg/perfume-social-cards/en-p_c_13618.jpeg,fragrantica-scraper-archive/social-cards/images/581_484-CAR_13618.jpeg,DOWNLOADED,103555,dabf9babb7a4a92bea83f7e0e75f76dc3ed21f4e3144b3edd3fd0d126a85caae,
580,483-CAR,212 VIP WILD PARTY,Carolina Herrera,212 VIP Wild Party,CONFIRMED,FOUND,35780,https://www.fragrantica.com/perfume/Carolina-Herrera/212-VIP-Wild-Party-35780.html,https://fimgs.net/mdimg/perfume-social-cards/en-p_c_35780.jpeg,fragrantica-scraper-archive/social-cards/images/580_483-CAR_35780.jpeg,DOWNLOADED,102963,8591fd34409e8642780c3f7f13bccab913524212dafece73b749ea0986ac0685,
579,482-CAR,212 vip rose,Carolina Herrera,212 VIP Rose,CONFIRMED,FOUND,22857,https://www.fragrantica.com/perfume/Carolina-Herrera/212-VIP-Rose-22857.html,https://fimgs.net/mdimg/perfume-social-cards/en-p_c_22857.jpeg,fragrantica-scraper-archive/social-cards/images/579_482-CAR_22857.jpeg,DOWNLOADED,100870,5816b9b85354e1f4b3179d4052bce4de12cb244b96e65c22d0b25c9db14c7683,
578,481-CAR,212 VIP,Carolina Herrera,212 VIP,CONFIRMED,FOUND,10126,https://www.fragrantica.com/perfume/Carolina-Herrera/212-VIP-10126.html,https://fimgs.net/mdimg/perfume-social-cards/en-p_c_10126.jpeg,fragrantica-scraper-archive/social-cards/images/578_481-CAR_10126.jpeg,DOWNLOADED,100074,57a91c8d811c24ac2c1fee4dfecdb7bc52403166170b696fb4da4ada27bf2867,
577,480-CAR,212 SEXY,Carolina Herrera,212 Sexy,CONFIRMED,FOUND,306,https://www.fragrantica.com/perfume/Carolina-Herrera/212-Sexy-306.html,https://fimgs.net/mdimg/perfume-social-cards/en-p_c_306.jpeg,fragrantica-scraper-archive/social-cards/images/577_480-CAR_306.jpeg,DOWNLOADED,93779,7be145c95b2d2958b5c63bc1d10616cf5b321911c80bb3098cea15ef7d1b4eb3,
576,478-CAL,SECRET OBSESSION - CALVIN KLEIN,Calvin Klein,Secret Obsession,CONFIRMED,FOUND,3592,https://www.fragrantica.com/perfume/Calvin-Klein/Secret-Obsession-3592.html,https://fimgs.net/mdimg/perfume-social-cards/en-p_c_3592.jpeg,fragrantica-scraper-archive/social-cards/images/576_478-CAL_3592.jpeg,DOWNLOADED,103718,426747512cccd279ef9110be2178c2a8364faf2227ca0db848bdd74fe14205f1,
575,477-CAL,REVEAL - CALVIN KLEIN,Calvin Klein,Reveal,CONFIRMED,FOUND,26372,https://www.fragrantica.com/perfume/Calvin-Klein/Reveal-26372.html,https://fimgs.net/mdimg/perfume-social-cards/en-p_c_26372.jpeg,fragrantica-scraper-archive/social-cards/images/575_477-CAL_26372.jpeg,DOWNLOADED,96884,836c96a2645c520b52f27a59cf57682c6371dd097a79725ce5cf9d45b1c3d291,
574,1052-CAL,ONE SUMMER 2014 - CALVIN KLEIN,Calvin Klein,CK One Summer 2014,CONFIRMED,FOUND,23436,https://www.fragrantica.com/perfume/Calvin-Klein/CK-One-Summer-2014-23436.html,https://fimgs.net/mdimg/perfume-social-cards/en-p_c_23436.jpeg,fragrantica-scraper-archive/social-cards/images/574_1052-CAL_23436.jpeg,DOWNLOADED,103164,c381b2681e67ddd3b5ef3a2f763f7fde9c5b7a6a3f3a651fc462e83ff2153d6f,
573,475-CAL,OBSESSION - CALVIN KLEIN,Calvin Klein,Obsession,CONFIRMED,FOUND,248,https://www.fragrantica.com/perfume/Calvin-Klein/Obsession-248.html,https://fimgs.net/mdimg/perfume-social-cards/en-p_c_248.jpeg,fragrantica-scraper-archive/social-cards/images/573_475-CAL_248.jpeg,DOWNLOADED,103330,fe96480a551f570fa0fd905b7a7f394fbaaa958356244c34b9ec5589370b0f08,
572,474-CAL,OBSESSED - CALVIN KLEIN,We Pink,Obsessed,CONFIRMED,FOUND,79356,https://www.fragrantica.com/perfume/We-Pink/Obsessed-79356.html,https://fimgs.net/mdimg/perfume-social-cards/en-p_c_79356.jpeg,fragrantica-scraper-archive/social-cards/images/572_474-CAL_79356.jpeg,DOWNLOADED,92340,26f249cc24e65cccb77dabffd74d79dc83b9c37b1aeee35c668a1955cdfc8516,
571,473-CAL,EUPHORIA GOLD-CK,Calvin Klein,Euphoria Gold,CONFIRMED,FOUND,25812,https://www.fragrantica.com/perfume/Calvin-Klein/Euphoria-Gold-25812.html,https://fimgs.net/mdimg/perfume-social-cards/en-p_c_25812.jpeg,fragrantica-scraper-archive/social-cards/images/571_473-CAL_25812.jpeg,DOWNLOADED,98150,5c3309b0a60e14ec08a6530cb1b1c5883d1e79de2f13580c2417d920d4c66bfa,
570,472-CAL,EUPHORIA - CALVIN KLEIN,Calvin Klein,Euphoria,CONFIRMED,FOUND,253,https://www.fragrantica.com/perfume/Calvin-Klein/Euphoria-253.html,https://fimgs.net/mdimg/perfume-social-cards/en-p_c_253.jpeg,fragrantica-scraper-archive/social-cards/images/570_472-CAL_253.jpeg,DOWNLOADED,96690,7f701fc5466981c34545bb32a58350c1748995f1282d0dbc2bff7f213c2cb037,
569,470-CAL,ETERNITY - CALVIN KLEIN,Calvin Klein,Eternity,CONFIRMED,FOUND,257,https://www.fragrantica.com/perfume/Calvin-Klein/Eternity-257.html,https://fimgs.net/mdimg/perfume-social-cards/en-p_c_257.jpeg,fragrantica-scraper-archive/social-cards/images/569_470-CAL_257.jpeg,DOWNLOADED,99341,6718d6d11cd38ef1f210fd44d14b96bb0d2e0635e282639dc537d9c67f46ba56,
568,469-CAL,ESCAPE - CALVIN KLEIN,Calvin Klein,Escape,CONFIRMED,FOUND,271,https://www.fragrantica.com/perfume/Calvin-Klein/Escape-271.html,https://fimgs.net/mdimg/perfume-social-cards/en-p_c_271.jpeg,fragrantica-scraper-archive/social-cards/images/568_469-CAL_271.jpeg,DOWNLOADED,96818,945d19d9bacb880effe7eb2e81a0bfec26723c23c379d7cb510624296dfb1d7d,
567,468-CAL,DOWN TOWN - CALVIN KLEIN,Calvin Klein,Calvin Klein,CONFIRMED,FOUND,14606,https://www.fragrantica.com/perfume/Calvin-Klein/Calvin-Klein-14606.html,https://fimgs.net/mdimg/perfume-social-cards/en-p_c_14606.jpeg,fragrantica-scraper-archive/social-cards/images/567_468-CAL_14606.jpeg,DOWNLOADED,104430,f35240599ac351dcc9efc3a00215e7e9570a32826ba646d5fe680850ba5d0454,
566,467-CAL,CONTRADICTION - CALVIN KLEIN,Calvin Klein,Contradiction,CONFIRMED,FOUND,255,https://www.fragrantica.com/p/255,https://fimgs.net/mdimg/perfume-social-cards/en-p_c_255.jpeg,fragrantica-scraper-archive/social-cards/images/566_467-CAL_255.jpeg,DOWNLOADED,94249,e840b6575d1fa48d6911dd123a0dbf5a0de1e153c2fa17a3eafcb35c7bb0defd,
565,465-CAL,BEAUTY - CALVIN KLEIN,Calvin Klein,Beauty,CONFIRMED,FOUND,8840,https://www.fragrantica.com/perfume/Calvin-Klein/Beauty-8840.html,https://fimgs.net/mdimg/perfume-social-cards/en-p_c_8840.jpeg,fragrantica-scraper-archive/social-cards/images/565_465-CAL_8840.jpeg,DOWNLOADED,95271,cd911f8b8b97b4f69b031bd43c2a39500e0861b53568c920fce198a44aa908da,
564,464-CAC,YES I AM,Cacharel,Yes I Am,CONFIRMED,FOUND,48112,https://www.fragrantica.com/perfume/Cacharel/Yes-I-Am-48112.html,https://fimgs.net/mdimg/perfume-social-cards/en-p_c_48112.jpeg,fragrantica-scraper-archive/social-cards/images/564_464-CAC_48112.jpeg,DOWNLOADED,90228,059e8f4ed09612d6aa6075725fe025076abd559da455f75807a5d912b410ec69,
563,463-CAC,NOA,Cacharel,Noa,CONFIRMED,FOUND,242,https://www.fragrantica.com/perfume/Cacharel/Noa-242.html,https://fimgs.net/mdimg/perfume-social-cards/en-p_c_242.jpeg,fragrantica-scraper-archive/social-cards/images/563_463-CAC_242.jpeg,DOWNLOADED,88497,d6bc2cd8395fb263d6386a4364a798a198f27c492f9694eab5b0f2fa60732c5c,
562,462-CAC,LOULOU,Cacharel,LouLou,CONFIRMED,FOUND,1276,https://www.fragrantica.com/perfume/Cacharel/LouLou-1276.html,https://fimgs.net/mdimg/perfume-social-cards/en-p_c_1276.jpeg,fragrantica-scraper-archive/social-cards/images/562_462-CAC_1276.jpeg,DOWNLOADED,96279,87bf750efb735beaa4835a4d23a9abf2265e93abe15045f1627abf297eb5a70d,
561,460-CAC,EDEN,Cacharel,Eden,CONFIRMED,FOUND,244,https://www.fragrantica.com/perfume/Cacharel/Eden-244.html,https://fimgs.net/mdimg/perfume-social-cards/en-p_c_244.jpeg,fragrantica-scraper-archive/social-cards/images/561_460-CAC_244.jpeg,DOWNLOADED,93026,dfb20cbf138ed00ff7a0d86e20e1e41317b28b06ca24085190e52d6dd8e5c157,
560,459-CAC,ANAIS ANAIS PREMIER DELICE,Cacharel,Anais Anais Premier Delice,CONFIRMED,FOUND,23871,https://www.fragrantica.com/perfume/Cacharel/Anais-Anais-Premier-Delice-23871.html,https://fimgs.net/mdimg/perfume-social-cards/en-p_c_23871.jpeg,fragrantica-scraper-archive/social-cards/images/560_459-CAC_23871.jpeg,DOWNLOADED,112359,3c08b55e469774dfdbba954da8ed5952c5f7a91149732eb60e38246e0fa7df7e,
559,458-CAC,ANAIS ANAIS,Cacharel,Anais Anais,CONFIRMED,FOUND,236,https://www.fragrantica.com/perfume/Cacharel/Anais-Anais-236.html,https://fimgs.net/mdimg/perfume-social-cards/en-p_c_236.jpeg,fragrantica-scraper-archive/social-cards/images/559_458-CAC_236.jpeg,DOWNLOADED,101693,283e102f00652a0edf8638fab2cc7bd88e4de27da68fa1d3b81962c49ef6023b,
558,457-CAC,AMOR AMOR,Cacharel,Amor Amor,CONFIRMED,FOUND,238,https://www.fragrantica.com/perfume/Cacharel/Amor-Amor-238.html,https://fimgs.net/mdimg/perfume-social-cards/en-p_c_238.jpeg,fragrantica-scraper-archive/social-cards/images/558_457-CAC_238.jpeg,DOWNLOADED,103564,ccbf929063e574e665e7105eefd53f35d44c56fcf754d60789325ba2a8064c29,
556,455-BYR,VELVET HAZE,Byredo,Velvet Haze,CONFIRMED,FOUND,46358,https://www.fragrantica.com/perfume/Byredo/Velvet-Haze-46358.html,https://fimgs.net/mdimg/perfume-social-cards/en-p_c_46358.jpeg,fragrantica-scraper-archive/social-cards/images/556_455-BYR_46358.jpeg,DOWNLOADED,102332,9c6525594915a38a7ec3d835a5da57145bb835ed4b939e0660c6933fa07f54a7,
554,450-BYR,BIBLIOTHEQUE,Byredo,Bibliotheque,CONFIRMED,FOUND,43324,https://www.fragrantica.com/perfume/Byredo/Bibliotheque-43324.html,https://fimgs.net/mdimg/perfume-social-cards/en-p_c_43324.jpeg,fragrantica-scraper-archive/social-cards/images/554_450-BYR_43324.jpeg,DOWNLOADED,101771,04bade6d641d5a3af0969bfb990cb1c1b544b33965728769d116d1876c6986b5,
553,448-BLG,Petits et Mamans,Bvlgari,Petits et Mamans,CONFIRMED,FOUND,155,https://www.fragrantica.com/perfume/Bvlgari/Petits-et-Mamans-155.html,https://fimgs.net/mdimg/perfume-social-cards/en-p_c_155.jpeg,fragrantica-scraper-archive/social-cards/images/553_448-BLG_155.jpeg,DOWNLOADED,93652,9c5fc25b14ff1ff64a810cccd51e98e62536e22f27ce713ec81ccfa9a6b9a523,
552,447-BLG,OMNIA INDIAN GARNET,Bvlgari,Omnia Indian Garnet,CONFIRMED,FOUND,23709,https://www.fragrantica.com/perfume/Bvlgari/Omnia-Indian-Garnet-23709.html,https://fimgs.net/mdimg/perfume-social-cards/en-p_c_23709.jpeg,fragrantica-scraper-archive/social-cards/images/552_447-BLG_23709.jpeg,DOWNLOADED,112919,6643bcfcfd3a85debb3533d82ab4c2c5f9d014f8f71c13045b83ed64ac17eaae,
551,446-BLG,OMNIA CRYSTALLINE,Bvlgari,Omnia Crystalline,CONFIRMED,FOUND,152,https://www.fragrantica.com/perfume/Bvlgari/Omnia-Crystalline-152.html,https://fimgs.net/mdimg/perfume-social-cards/en-p_c_152.jpeg,fragrantica-scraper-archive/social-cards/images/551_446-BLG_152.jpeg,DOWNLOADED,108459,5420306843ef65d435bd6ffe2c391ff01f5f03267921f86b766472022ed9e9c2,
550,445-BLG,OMNIA AMETHYST,Bvlgari,Omnia Amethyste,CONFIRMED,FOUND,780,https://www.fragrantica.com/perfume/Bvlgari/Omnia-Amethyste-780.html,https://fimgs.net/mdimg/perfume-social-cards/en-p_c_780.jpeg,fragrantica-scraper-archive/social-cards/images/550_445-BLG_780.jpeg,DOWNLOADED,108122,1b9f8a9a8b75f131f20874cafc0e569ae0ec902466e644538736bf90091e9c18,
549,443-BLG,BLV NOTTE POUR FEMME,Bvlgari,BLV Notte Pour Femme,CONFIRMED,FOUND,149,https://www.fragrantica.com/perfume/Bvlgari/BLV-Notte-Pour-Femme-149.html,https://fimgs.net/mdimg/perfume-social-cards/en-p_c_149.jpeg,fragrantica-scraper-archive/social-cards/images/549_443-BLG_149.jpeg,DOWNLOADED,103642,5e791424ab3b59b48520ad2b33e4e4bc6c37e39bcde5472a9156dc70ab7b396c,
548,442-BLG,MON JASMIN NOIR,Bvlgari,Mon Jasmin Noir,CONFIRMED,FOUND,11512,https://www.fragrantica.com/perfume/Bvlgari/Mon-Jasmin-Noir-11512.html,https://fimgs.net/mdimg/perfume-social-cards/en-p_c_11512.jpeg,fragrantica-scraper-archive/social-cards/images/548_442-BLG_11512.jpeg,DOWNLOADED,106665,066b21251b88c07defc2833899cd5d07e9970f3234a346816cae55a822b3cd8a,
547,441-BLG,JASMIN NOIR,Bvlgari,Jasmin Noir,CONFIRMED,FOUND,3750,https://www.fragrantica.com/perfume/Bvlgari/Jasmin-Noir-3750.html,https://fimgs.net/mdimg/perfume-social-cards/en-p_c_3750.jpeg,fragrantica-scraper-archive/social-cards/images/547_441-BLG_3750.jpeg,DOWNLOADED,99688,a767ce23bcc962bc54d7380763e2db17f5e83094f71e302fdda68d18218ad299,
546,440-BLG,GOLDEA THE ROMAN NIGHT,Bvlgari,Goldea The Roman Night,CONFIRMED,FOUND,45241,https://www.fragrantica.com/perfume/Bvlgari/Goldea-The-Roman-Night-45241.html,https://fimgs.net/mdimg/perfume-social-cards/en-p_c_45241.jpeg,fragrantica-scraper-archive/social-cards/images/546_440-BLG_45241.jpeg,DOWNLOADED,107230,ac35e59869437b0eb87c1a55828ba1e9df8ae3a98810b024e6cc6ea221679e56,
545,439-BLG,GOLDEA,Bvlgari,Goldea,CONFIRMED,FOUND,31538,https://www.fragrantica.com/perfume/Bvlgari/Goldea-31538.html,https://fimgs.net/mdimg/perfume-social-cards/en-p_c_31538.jpeg,fragrantica-scraper-archive/social-cards/images/545_439-BLG_31538.jpeg,DOWNLOADED,105399,c07b8ac906a04eda9000b9e23af9ee75984e40398df0f100202a1d08374023e7,
544,438-BLG,CORAL OMNIA,Bvlgari,Omnia Coral,CONFIRMED,FOUND,14297,https://www.fragrantica.com/perfume/Bvlgari/Omnia-Coral-14297.html,https://fimgs.net/mdimg/perfume-social-cards/en-p_c_14297.jpeg,fragrantica-scraper-archive/social-cards/images/544_438-BLG_14297.jpeg,DOWNLOADED,110630,e85f1b5e85962bba3b02db39fafe792273923673dd629e42140a353f78cb086a,
543,437-BLG,,Bvlgari,Bvlgari Pour Femme,CONFIRMED,FOUND,142,https://www.fragrantica.com/p/142,https://fimgs.net/mdimg/perfume-social-cards/en-p_c_142.jpeg,fragrantica-scraper-archive/social-cards/images/543_437-BLG_142.jpeg,DOWNLOADED,103444,6921fa53225550c890760127892d6d1d0aeba38ebf89a921cd57308a25ffb82e,
542,436-BLG,BLV for Women,Bvlgari,BLV,CONFIRMED,FOUND,156,https://www.fragrantica.com/perfume/Bvlgari/BLV-156.html,https://fimgs.net/mdimg/perfume-social-cards/en-p_c_156.jpeg,fragrantica-scraper-archive/social-cards/images/542_436-BLG_156.jpeg,DOWNLOADED,98825,ddcb5bc9303d503bbe7d7eb63d6461dc819dcc519de99a72025cbf4bdbc38f22,
541,435-BLG,,Bvlgari,Aqva Divina,CONFIRMED,FOUND,29442,https://www.fragrantica.com/perfume/Bvlgari/Aqva-Divina-29442.html,https://fimgs.net/mdimg/perfume-social-cards/en-p_c_29442.jpeg,fragrantica-scraper-archive/social-cards/images/541_435-BLG_29442.jpeg,DOWNLOADED,101384,58f6b39303eb5b265d4f8ba4d98afe128247e470b4d3a4af4a90edc9e53a8dc7,
540,434-BRB,MY BURBERRY BLUSH,Burberry,My Burberry Blush,CONFIRMED,FOUND,45820,https://www.fragrantica.com/perfume/Burberry/My-Burberry-Blush-45820.html,https://fimgs.net/mdimg/perfume-social-cards/en-p_c_45820.jpeg,fragrantica-scraper-archive/social-cards/images/540_434-BRB_45820.jpeg,DOWNLOADED,108163,c83ebd3bcd5e990e61fa350a18bc27dc1f57542a5ac9a8927f73f15f518b3c5a,
539,433-BRB,MY BURBERRY BLACK,Burberry,My Burberry Black,CONFIRMED,FOUND,32566,https://www.fragrantica.com/perfume/Burberry/My-Burberry-Black-32566.html,https://fimgs.net/mdimg/perfume-social-cards/en-p_c_32566.jpeg,fragrantica-scraper-archive/social-cards/images/539_433-BRB_32566.jpeg,DOWNLOADED,103904,8935175bc4033a60bc5d000e8f8377c998ce85251930c1786073bc8b422b208a,
538,1496-BRB,BURBERRY WEEKEND,Burberry,BURBERRY WEEKEND,CONFIRMED,FOUND,1000,https://www.fragrantica.com/perfume/Burberry/Weekend-for-Women-1000.html,https://fimgs.net/mdimg/perfume-social-cards/en-p_c_1000.jpeg,fragrantica-scraper-archive/social-cards/images/538_1496-BRB_1000.jpeg,DOWNLOADED,103906,741f1630655c324ce9c60b79a8c89196ed8c236dea224fc012ca5c616824edb9,
537,431-BRB,BURBERRY TOUCH,Burberry,BURBERRY TOUCH,CONFIRMED,FOUND,814,https://www.fragrantica.com/p/814,https://fimgs.net/mdimg/perfume-social-cards/en-p_c_814.jpeg,fragrantica-scraper-archive/social-cards/images/537_431-BRB_814.jpeg,DOWNLOADED,109204,5b4b9f9b1567d1655e2efdef3ec1aac66e76c02497516adfe74655904319695d,
536,430-BRB,The Beat EDT,Burberry,The Beat EDT,CONFIRMED,FOUND,5946,https://www.fragrantica.com/perfume/Burberry/The-Beat-EDT-5946.html,https://fimgs.net/mdimg/perfume-social-cards/en-p_c_5946.jpeg,fragrantica-scraper-archive/social-cards/images/536_430-BRB_5946.jpeg,DOWNLOADED,101548,396b1722ac5fed862a4c3fddf333ffc5a867fe895a7957b8e36095a328e606b4,
535,429-BRB,BURBERRY SUMMER WOMEN,Burberry,Burberry Summer,CONFIRMED,FOUND,930,https://www.fragrantica.com/perfume/Burberry/Burberry-Summer-930.html,https://fimgs.net/mdimg/perfume-social-cards/en-p_c_930.jpeg,fragrantica-scraper-archive/social-cards/images/535_429-BRB_930.jpeg,DOWNLOADED,100409,ef2ec87621a2d61f0921931d900894f41c955cbde283046f7a9252c38bf2a8fc,
534,428-BRB,BURBERRY SPORT,Burberry,BURBERRY SPORT,CONFIRMED,FOUND,7613,https://www.fragrantica.com/perfume/Burberry/Burberry-Sport-for-Women-7613.html,https://fimgs.net/mdimg/perfume-social-cards/en-p_c_7613.jpeg,fragrantica-scraper-archive/social-cards/images/534_428-BRB_7613.jpeg,DOWNLOADED,98828,ecc4c7af9a608d18b47d3a248f6ba4348a48739d84514c82d3efe80fa155090f,
533,427-BRB,MY BURBERRY,Burberry,My Burberry,CONFIRMED,FOUND,25836,https://www.fragrantica.com/perfume/Burberry/My-Burberry-25836.html,https://fimgs.net/mdimg/perfume-social-cards/en-p_c_25836.jpeg,fragrantica-scraper-archive/social-cards/images/533_427-BRB_25836.jpeg,DOWNLOADED,104857,73f4255e84cc2e89138777e022127d98672698381add5b2da9d4a4eab496fc80,
532,426-BRB,BURBERRY LONDON,Burberry,London,CONFIRMED,FOUND,813,https://www.fragrantica.com/perfume/Burberry/London-813.html,https://fimgs.net/mdimg/perfume-social-cards/en-p_c_813.jpeg,fragrantica-scraper-archive/social-cards/images/532_426-BRB_813.jpeg,DOWNLOADED,110780,9c195048641c9930e8107220fb02009167506e36a7597f5d4d3a3fa80a7e5ac2,
531,425-BRB,Burberry Her,Burberry,Burberry Her,CONFIRMED,FOUND,51694,https://www.fragrantica.com/perfume/Burberry/Burberry-Her-51694.html,https://fimgs.net/mdimg/perfume-social-cards/en-p_c_51694.jpeg,fragrantica-scraper-archive/social-cards/images/531_425-BRB_51694.jpeg,DOWNLOADED,97996,9cd50328f251befb47859695fd95da210e2f8cb2aea58470268cb32903a2a414,
530,424-BRB,BURBERRY CLASSIC,Burberry,BURBERRY CLASSIC,CONFIRMED,FOUND,818,https://www.fragrantica.com/perfume/Burberry/Burberry-Women-818.html,https://fimgs.net/mdimg/perfume-social-cards/en-p_c_818.jpeg,fragrantica-scraper-archive/social-cards/images/530_424-BRB_818.jpeg,DOWNLOADED,99940,2282831eb3ccc7792deee9eb97720f0f5beebb1454d800a99c3deaf138c268b8,
529,423-BRB,BURBERRY BRIT,Burberry,Burberry Brit,CONFIRMED,FOUND,819,https://www.fragrantica.com/perfume/Burberry/Burberry-Brit-819.html,https://fimgs.net/mdimg/perfume-social-cards/en-p_c_819.jpeg,fragrantica-scraper-archive/social-cards/images/529_423-BRB_819.jpeg,DOWNLOADED,106989,476a8cc213405c94470a938fb12ff5908193099dc027436c554874442f32b8b5,
528,422-BRB,BURBERRY BODY TENDER,Burberry,Body Tender,CONFIRMED,FOUND,17320,https://www.fragrantica.com/perfume/Burberry/Body-Tender-17320.html,https://fimgs.net/mdimg/perfume-social-cards/en-p_c_17320.jpeg,fragrantica-scraper-archive/social-cards/images/528_422-BRB_17320.jpeg,DOWNLOADED,96852,3386998eb79fe14d45a641d15d5a87e3662e7ffab824b1761e016e19409e0d27,
527,421-BRB,BURBERRY BODY,Burberry,Body,CONFIRMED,FOUND,13014,https://www.fragrantica.com/perfume/Burberry/Body-13014.html,https://fimgs.net/mdimg/perfume-social-cards/en-p_c_13014.jpeg,fragrantica-scraper-archive/social-cards/images/527_421-BRB_13014.jpeg,DOWNLOADED,92249,433545fab94bf5fa56964dc12218926454edb3f96896a8db85b32ea115d2806d,
525,419-BRI,ROCKER FEMME FANTASY - BRITNEY SPEARS,Britney Spears,Rocker Femme Fantasy,CONFIRMED,FOUND,28607,https://www.fragrantica.com/perfume/Britney-Spears/Rocker-Femme-Fantasy-28607.html,https://fimgs.net/mdimg/perfume-social-cards/en-p_c_28607.jpeg,fragrantica-scraper-archive/social-cards/images/525_419-BRI_28607.jpeg,DOWNLOADED,101399,88e9f7c1093214da19bb8bb35eae671686d68fdcfdddf633d8d0f6a463c4daa6,
524,418-BRI,FANTASY - BRITNEY SPEARS,Britney Spears,Fantasy,CONFIRMED,FOUND,600,https://www.fragrantica.com/perfume/Britney-Spears/Fantasy-600.html,https://fimgs.net/mdimg/perfume-social-cards/en-p_c_600.jpeg,fragrantica-scraper-archive/social-cards/images/524_418-BRI_600.jpeg,DOWNLOADED,101923,a015cd06ec435b973a9f6f07097354c86850a0c0f11d202f39f632fc998fefee,
523,417-BOUR,SOIR DE PARIS - BOURJOIS,Bourjois,Soir de Paris Evening in Paris,CONFIRMED,FOUND,3604,https://www.fragrantica.com/perfume/Bourjois/Soir-de-Paris-Evening-in-Paris-3604.html,https://fimgs.net/mdimg/perfume-social-cards/en-p_c_3604.jpeg,fragrantica-scraper-archive/social-cards/images/523_417-BOUR_3604.jpeg,DOWNLOADED,109955,ca178415879f02dcbf0b9651f7758a8179af3ebf9ee2907db0f786253b4cde19,
522,416-BOU,PLACE VENDOME WHITE GOLD - BOUCHERON,Boucheron,Place Vendome White Gold,CONFIRMED,FOUND,31618,https://www.fragrantica.com/perfume/Boucheron/Place-Vendome-White-Gold-31618.html,https://fimgs.net/mdimg/perfume-social-cards/en-p_c_31618.jpeg,fragrantica-scraper-archive/social-cards/images/522_416-BOU_31618.jpeg,DOWNLOADED,115166,eb5841b68a22e531dd339eaed8f45250a833931a8fb942f8638d34007001e725,
521,415-BOU,BOUCHERON QUATRE,Boucheron,Boucheron Quatre,CONFIRMED,FOUND,29443,https://www.fragrantica.com/perfume/Boucheron/Boucheron-Quatre-29443.html,https://fimgs.net/mdimg/perfume-social-cards/en-p_c_29443.jpeg,fragrantica-scraper-archive/social-cards/images/521_415-BOU_29443.jpeg,DOWNLOADED,107437,e1711ec53c193a45f92403365c06b1cbe39cfe220c05b250dc792c9efe25d86c,
520,414-BOT,KNOT - BOTTEGA VENETA,Bottega Veneta,Knot,CONFIRMED,FOUND,26465,https://www.fragrantica.com/perfume/Bottega-Veneta/Knot-26465.html,https://fimgs.net/mdimg/perfume-social-cards/en-p_c_26465.jpeg,fragrantica-scraper-archive/social-cards/images/520_414-BOT_26465.jpeg,DOWNLOADED,112574,e68b1397d962e743c1daaeb34d80cd07b8d264d7f2a5a2592877c5479b593033,
519,413-BOT,BOTTEGA VENETA-BOTTEGA VENETA,Bottega Veneta,Bottega Veneta,CONFIRMED,FOUND,12863,https://www.fragrantica.com/perfume/Bottega-Veneta/Bottega-Veneta-12863.html,https://fimgs.net/mdimg/perfume-social-cards/en-p_c_12863.jpeg,fragrantica-scraper-archive/social-cards/images/519_413-BOT_12863.jpeg,DOWNLOADED,105861,9d0ef5e60045cdf23fa22af792b0a64b1cc1ebdb5e0a38a88a510f9576a335ad,
518,411-BOD,WHITE MUSK - BODY SHOP,,,CONFIRMED,FOUND,2432,https://www.fragrantica.com/perfume/The-Body-Shop/White-Musk-2432.html,https://fimgs.net/mdimg/perfume-social-cards/en-p_c_2432.jpeg,fragrantica-scraper-archive/social-cards/images/518_411-BOD_2432.jpeg,DOWNLOADED,95869,3756c6a0e3ab3e92d3a3efb718311b3448d0ad56cf8bee5d66c10e07f768233b,
517,409-BOB,BEACH - BOBBI BROWN,Bobbi Brown,Beach,CONFIRMED,FOUND,10456,https://www.fragrantica.com/perfume/Bobbi-Brown/Beach-10456.html,https://fimgs.net/mdimg/perfume-social-cards/en-p_c_10456.jpeg,fragrantica-scraper-archive/social-cards/images/517_409-BOB_10456.jpeg,DOWNLOADED,92934,5120c78855686ec160d76f2b4e9070d792c387eb7255849980b84bf20efe291d,
516,407-BAT,PINK AMBER  & MOROCCO ORCHID  - BATH & BODY WORKS,Bath Body Works,Morocco Orchid Pink Amber,CONFIRMED,FOUND,25388,https://www.fragrantica.com/perfume/Bath-Body-Works/Morocco-Orchid-Pink-Amber-25388.html,https://fimgs.net/mdimg/perfume-social-cards/en-p_c_25388.jpeg,fragrantica-scraper-archive/social-cards/images/516_407-BAT_25388.jpeg,DOWNLOADED,124877,101a7bdf8d3d6fc2bb08620d4775f30560ceef6b877f58d7e3d8db472994bc35,
515,406-BAL,ROSABOTANICA,Balenciaga,Rosabotanica,CONFIRMED,FOUND,21987,https://www.fragrantica.com/perfume/Balenciaga/Rosabotanica-21987.html,https://fimgs.net/mdimg/perfume-social-cards/en-p_c_21987.jpeg,fragrantica-scraper-archive/social-cards/images/515_406-BAL_21987.jpeg,DOWNLOADED,112865,1aeb2878d13de2747c45422a125f46c6fa39847a50b72d6a3e422f65de875b70,
514,405-BAL,FLORABOTANICA,Balenciaga,Florabotanica,CONFIRMED,FOUND,15512,https://www.fragrantica.com/perfume/Balenciaga/Florabotanica-15512.html,https://fimgs.net/mdimg/perfume-social-cards/en-p_c_15512.jpeg,fragrantica-scraper-archive/social-cards/images/514_405-BAL_15512.jpeg,DOWNLOADED,107141,e391dfdf46e7340796d307d6dd754797cc843c30ba281b0f57f39de87256bef0,
513,404-BAL,BALE PARIS,Balenciaga,BALE PARIS,CONFIRMED,FOUND,7247,https://www.fragrantica.com/perfume/Balenciaga/Balenciaga-Paris-7247.html,https://fimgs.net/mdimg/perfume-social-cards/en-p_c_7247.jpeg,fragrantica-scraper-archive/social-cards/images/513_404-BAL_7247.jpeg,DOWNLOADED,104046,7fede5b656ebcb3f124397e552b73c9df6a9275b8d47a5fc4db922f091739233,
512,403-BAL,CRISTOBAL,Balenciaga,Cristobal,CONFIRMED,FOUND,397,https://www.fragrantica.com/perfume/Balenciaga/Cristobal-397.html,https://fimgs.net/mdimg/perfume-social-cards/en-p_c_397.jpeg,fragrantica-scraper-archive/social-cards/images/512_403-BAL_397.jpeg,DOWNLOADED,107802,495fc323aa54d57384361d9a31464ff0b46c9eaaf506b9987792e9814ec99956,
511,400-ARIA,Ari Ariana Grande,Ariana Grande,Ari,CONFIRMED,FOUND,31661,https://www.fragrantica.com/perfume/Ariana-Grande/Ari-31661.html,https://fimgs.net/mdimg/perfume-social-cards/en-p_c_31661.jpeg,fragrantica-scraper-archive/social-cards/images/511_400-ARIA_31661.jpeg,DOWNLOADED,100617,00fe4b027bc57a2595d35fa744a968ee1dcb678efe6b6ada9132a39050beb534,
510,399-ARA,TUSCANY PER DONNA,Aramis,Tuscany Per Donna,CONFIRMED,FOUND,122,https://www.fragrantica.com/perfume/Aramis/Tuscany-Per-Donna-122.html,https://fimgs.net/mdimg/perfume-social-cards/en-p_c_122.jpeg,fragrantica-scraper-archive/social-cards/images/510_399-ARA_122.jpeg,DOWNLOADED,111771,0687ad0914e839d2e26e122765952f0e66e81935b84aa3d5a9ae19bd9f5bc6dc,
509,398-AQU,PINK SUGAR - AQUOLINA,Aquolina,Pink Sugar,CONFIRMED,FOUND,975,https://www.fragrantica.com/perfume/Aquolina/Pink-Sugar-975.html,https://fimgs.net/mdimg/perfume-social-cards/en-p_c_975.jpeg,fragrantica-scraper-archive/social-cards/images/509_398-AQU_975.jpeg,DOWNLOADED,104733,6edf0f80c7858ef99b7bc9689856fabac359d2ef1c296f655222f04a4e52feed,
508,397-ANT,QUEEN OF SEDUCTION,Antonio Banderas,Queen of Seduction,CONFIRMED,FOUND,37470,https://www.fragrantica.com/perfume/Antonio-Banderas/Queen-of-Seduction-37470.html,https://fimgs.net/mdimg/perfume-social-cards/en-p_c_37470.jpeg,fragrantica-scraper-archive/social-cards/images/508_397-ANT_37470.jpeg,DOWNLOADED,110738,a51d2a99697f25026314855d47e5cc5a99556ea78c71635ca672778527140757,
507,396-ANT,BLUE SEDUCTION,Antonio Banderas,Blue Seduction for Women Eau de Toilette,CONFIRMED,FOUND,3751,https://www.fragrantica.com/perfume/Antonio-Banderas/Blue-Seduction-3751.html,https://fimgs.net/mdimg/perfume-social-cards/en-p_c_3751.jpeg,fragrantica-scraper-archive/social-cards/images/507_396-ANT_3751.jpeg,DOWNLOADED,101328,e8c3c589c45d6b8ccc28f02727dbfb02a2904ec06aebbfea023b5f91e955ce38,
506,395-AGE,FATALE PINK - AGENT PROVOCATEUR,Agent Provocateur,Fatale Pink,CONFIRMED,FOUND,25352,https://www.fragrantica.com/perfume/Agent-Provocateur/Fatale-Pink-25352.html,https://fimgs.net/mdimg/perfume-social-cards/en-p_c_25352.jpeg,fragrantica-scraper-archive/social-cards/images/506_395-AGE_25352.jpeg,DOWNLOADED,105320,07c76e59498deea5e97d262a76e30992825dae5d57c5a0feb29ab68102f10288,
505,394-AGE,APHRODISIAQUE - AGENT PROVOCATEUR,Agent Provocateur,Aphrodisiaque,CONFIRMED,FOUND,45363,https://www.fragrantica.com/perfume/Agent-Provocateur/Aphrodisiaque-45363.html,https://fimgs.net/mdimg/perfume-social-cards/en-p_c_45363.jpeg,fragrantica-scraper-archive/social-cards/images/505_394-AGE_45363.jpeg,DOWNLOADED,111147,b0abea03eb4e9b6b6ae723b0e54026182984e3906cbc36b2884ad961d49e89df,
504,393-AER,LILAC PATH,Aerin,Lilac Path,CONFIRMED,FOUND,19057,https://www.fragrantica.com/perfume/Aerin/Lilac-Path-19057.html,https://fimgs.net/mdimg/perfume-social-cards/en-p_c_19057.jpeg,fragrantica-scraper-archive/social-cards/images/504_393-AER_19057.jpeg,DOWNLOADED,101046,7d2bd1fae9399fe335ec2e21c1d62ed7f0d66bd602b2dc67ecc89bc8f9952f77,
503,392-AER,AMBER MUSK,Aerin,Amber Musk,CONFIRMED,FOUND,19056,https://www.fragrantica.com/perfume/Aerin/Amber-Musk-19056.html,https://fimgs.net/mdimg/perfume-social-cards/en-p_c_19056.jpeg,fragrantica-scraper-archive/social-cards/images/503_392-AER_19056.jpeg,DOWNLOADED,101728,f75e16cefd20707e350b5fb92d2d6f24493a52cef449196d9dc0c706e0b8f4ff,
502,390-ACQ,Mandorlo di Sicilia,Acqua di Parma,Acqua di Parma Blu Mediterraneo Mandorlo di Sicilia,CONFIRMED,FOUND,1688,https://www.fragrantica.com/perfume/Acqua-di-Parma/Acqua-di-Parma-Blu-Mediterraneo-Mandorlo-di-Sicilia-1688.html,https://fimgs.net/mdimg/perfume-social-cards/en-p_c_1688.jpeg,fragrantica-scraper-archive/social-cards/images/502_390-ACQ_1688.jpeg,DOWNLOADED,113694,a6e4bbd22b532a97334af5a2507074e6e873a313c12b20b05f0d4b1212e69a55,
501,1493-ACQ,FICO DI AMALFI,Acqua di Parma,Blu Mediterraneo - Fico di Amalfi,CONFIRMED,FOUND,1687,https://www.fragrantica.com/p/1687,https://fimgs.net/mdimg/perfume-social-cards/en-p_c_1687.jpeg,fragrantica-scraper-archive/social-cards/images/501_1493-ACQ_1687.jpeg,DOWNLOADED,114159,5fc7e072f6f5001601e3b039f8e076a0c22114f184242042a6bbea8b12580fd0,
365,1290-ZAD,THIS IS HIM - ZADIG & VOLTAIRE Type,Zadig Voltaire,This is Him,CONFIRMED,FOUND,39359,https://www.fragrantica.com/perfume/Zadig-Voltaire/This-is-Him-39359.html,https://fimgs.net/mdimg/perfume-social-cards/en-p_c_39359.jpeg,fragrantica-scraper-archive/social-cards/images/365_1290-ZAD_39359.jpeg,DOWNLOADED,101179,b54448694f41a542004ec4b760f0b73cc637754ab2884096bb8b8fd074070061,
364,1289-YZLO,Y,Yves Saint Laurent,Y,CONFIRMED,FOUND,100,https://www.fragrantica.com/perfume/Yves-Saint-Laurent/Y-100.html,https://fimgs.net/mdimg/perfume-social-cards/en-p_c_100.jpeg,fragrantica-scraper-archive/social-cards/images/364_1289-YZLO_100.jpeg,DOWNLOADED,104601,8d33832ce59ac2554c9c0145154bd2e703cf750b62ee4927f30c62463edd8eab,
363,1287-YZLO,Rive Gauche pour Homme,Yves Saint Laurent,Rive Gauche pour Homme,CONFIRMED,FOUND,1032,https://www.fragrantica.com/perfume/Yves-Saint-Laurent/Rive-Gauche-pour-Homme-1032.html,https://fimgs.net/mdimg/perfume-social-cards/en-p_c_1032.jpeg,fragrantica-scraper-archive/social-cards/images/363_1287-YZLO_1032.jpeg,DOWNLOADED,107853,ec1c72d0bb77cca3d405a94d53c9df7e78bb4afa2909181f6ebb4b01a9c6b2c0,
362,1286-YZLO,OPIUM POUR HOMME,Yves Saint Laurent,Opium Pour Homme,CONFIRMED,FOUND,562,https://www.fragrantica.com/perfume/Yves-Saint-Laurent/Opium-Pour-Homme-562.html,https://fimgs.net/mdimg/perfume-social-cards/en-p_c_562.jpeg,fragrantica-scraper-archive/social-cards/images/362_1286-YZLO_562.jpeg,DOWNLOADED,104230,645ae655cad49d690855d42d4501f0c85a8635052c1e199f9dc76ce82e4aaeb6,
360,1284-YZLO,M7,Yves Saint Laurent,M7,CONFIRMED,FOUND,1031,https://www.fragrantica.com/perfume/Yves-Saint-Laurent/M7-1031.html,https://fimgs.net/mdimg/perfume-social-cards/en-p_c_1031.jpeg,fragrantica-scraper-archive/social-cards/images/360_1284-YZLO_1031.jpeg,DOWNLOADED,100329,b0c4ffb8eb92d34c2d73a699453742d2547cd3bd2f5069d69d8dbfb0d0251213,
359,1283-YZLO,L'HOMME SPORT,Yves Saint Laurent,L Homme Sport,CONFIRMED,FOUND,24473,https://www.fragrantica.com/perfume/Yves-Saint-Laurent/L-Homme-Sport-24473.html,https://fimgs.net/mdimg/perfume-social-cards/en-p_c_24473.jpeg,fragrantica-scraper-archive/social-cards/images/359_1283-YZLO_24473.jpeg,DOWNLOADED,109572,e1df3fa3b4a8bbba99fb506d3413dda92b89bb344872d62346589923f62b43b5,
358,1282-YZLO,L'HOMME LIBRE,Yves Saint Laurent,L Homme Libre,CONFIRMED,FOUND,12602,https://www.fragrantica.com/perfume/Yves-Saint-Laurent/L-Homme-Libre-12602.html,https://fimgs.net/mdimg/perfume-social-cards/en-p_c_12602.jpeg,fragrantica-scraper-archive/social-cards/images/358_1282-YZLO_12602.jpeg,DOWNLOADED,106902,10470fb90c91756ade84e529d8f3a5a277c12f47f5db2757f28f1111bdbb95d8,
357,1281-YZLO,L'HOMME INTENSE,Alan Bray,L Homme Intense,CONFIRMED,FOUND,118000,https://www.fragrantica.com/perfume/Alan-Bray/L-Homme-Intense-118000.html,https://fimgs.net/mdimg/perfume-social-cards/en-p_c_118000.jpeg,fragrantica-scraper-archive/social-cards/images/357_1281-YZLO_118000.jpeg,MISSING,,,HTTP 404
356,1280-YZLO,LA NUIT DEL'HOMME,Yves Saint Laurent,La Nuit de l Homme,CONFIRMED,FOUND,5521,https://www.fragrantica.com/perfume/Yves-Saint-Laurent/La-Nuit-de-l-Homme-5521.html,https://fimgs.net/mdimg/perfume-social-cards/en-p_c_5521.jpeg,fragrantica-scraper-archive/social-cards/images/356_1280-YZLO_5521.jpeg,DOWNLOADED,109594,08f435c2cb6de9b81eca7e2c3de50ac2af4f10b50a320661ff6c89865328be7f,
355,1279-YZLO,KOUROS SILVER,Yves Saint Laurent,Yves Saint Laurent Kouros Silver,CONFIRMED,FOUND,30240,https://www.fragrantica.com/perfume/Yves-Saint-Laurent/Yves-Saint-Laurent-Kouros-Silver-30240.html,https://fimgs.net/mdimg/perfume-social-cards/en-p_c_30240.jpeg,fragrantica-scraper-archive/social-cards/images/355_1279-YZLO_30240.jpeg,DOWNLOADED,103386,fd951e6b4a0f456555c5c6b1b4b4736b4336167046254cb4fad538106e116024,
354,1278-YZLO,KOUROS,Yves Saint Laurent,Kouros,CONFIRMED,FOUND,735,https://www.fragrantica.com/perfume/Yves-Saint-Laurent/Kouros-735.html,https://fimgs.net/mdimg/perfume-social-cards/en-p_c_735.jpeg,fragrantica-scraper-archive/social-cards/images/354_1278-YZLO_735.jpeg,DOWNLOADED,94116,d2b5d0d30bdfcd8fddb9947efd00888f94f61dff6e73b3a9d856674a0f14ab40,
353,1277-YZLO,BODY KOUROS,Yves Saint Laurent,Body Kouros,CONFIRMED,FOUND,736,https://www.fragrantica.com/perfume/Yves-Saint-Laurent/Body-Kouros-736.html,https://fimgs.net/mdimg/perfume-social-cards/en-p_c_736.jpeg,fragrantica-scraper-archive/social-cards/images/353_1277-YZLO_736.jpeg,DOWNLOADED,100036,8945f3e959b36c1da0ca3918450a850b8ac56d5144804a21653a536a02c622bf,
352,1276-VIC,SPICEBOMB,Viktor Rolf,Spicebomb,CONFIRMED,FOUND,13857,https://www.fragrantica.com/perfume/Viktor-Rolf/Spicebomb-13857.html,https://fimgs.net/mdimg/perfume-social-cards/en-p_c_13857.jpeg,fragrantica-scraper-archive/social-cards/images/352_1276-VIC_13857.jpeg,DOWNLOADED,108789,ecb242b0337a8bc78efa0e8894a9f8acc321a1bb74b95bd246ff28227526bb77,
351,1275-VER,Eros,Versace,Eros,CONFIRMED,FOUND,16657,https://www.fragrantica.com/perfume/Versace/Eros-16657.html,https://fimgs.net/mdimg/perfume-social-cards/en-p_c_16657.jpeg,fragrantica-scraper-archive/social-cards/images/351_1275-VER_16657.jpeg,DOWNLOADED,114309,fec177345aeadcf4291b1966cfa77ed8fcafe00c49c129ff38310e066a83429f,
350,1274-VER,DYLAN BLUE,Versace,Versace Pour Homme Dylan Blue,CONFIRMED,FOUND,40031,https://www.fragrantica.com/perfume/Versace/Versace-Pour-Homme-Dylan-Blue-40031.html,https://fimgs.net/mdimg/perfume-social-cards/en-p_c_40031.jpeg,fragrantica-scraper-archive/social-cards/images/350_1274-VER_40031.jpeg,DOWNLOADED,106880,d41bc7a5fb61015edaff35a479a82d615cc6b743f03dc3b566757828fb5cc675,
349,1273-VER,DREAMER,Versace,The Dreamer,CONFIRMED,FOUND,59417,https://www.fragrantica.com/perfume/Versace/Versace-The-Dreamer-59417.html,https://fimgs.net/mdimg/perfume-social-cards/en-p_c_59417.jpeg,fragrantica-scraper-archive/social-cards/images/349_1273-VER_59417.jpeg,DOWNLOADED,96802,75be412d2f0166c8c67e81b53c971ca8c6b935bce9fbccb9ae0e0591be6877db,
348,1272-VER,BLUE JEANS,Versace,Blue Jeans,CONFIRMED,FOUND,637,https://www.fragrantica.com/perfume/Versace/Blue-Jeans-637.html,https://fimgs.net/mdimg/perfume-social-cards/en-p_c_637.jpeg,fragrantica-scraper-archive/social-cards/images/348_1272-VER_637.jpeg,DOWNLOADED,104115,151b0df6c7eb54ac29eec63f2966578a5740cc727396dd3718292dee7c29f8b4,
347,1271-VAN,,Van Cleef Arpels,Tsar,CONFIRMED,FOUND,1098,https://www.fragrantica.com/perfume/Van-Cleef-Arpels/Tsar-1098.html,https://fimgs.net/mdimg/perfume-social-cards/en-p_c_1098.jpeg,fragrantica-scraper-archive/social-cards/images/347_1271-VAN_1098.jpeg,DOWNLOADED,100139,7faaa87fa9ded4842c049c0ad610ef032f3bc21e1e444e0229d7645521c682c7,
346,1270-VAN,,Van Cleef Arpels,Bois Dore,CONFIRMED,FOUND,44864,https://www.fragrantica.com/perfume/Van-Cleef-Arpels/Bois-Dore-44864.html,https://fimgs.net/mdimg/perfume-social-cards/en-p_c_44864.jpeg,fragrantica-scraper-archive/social-cards/images/346_1270-VAN_44864.jpeg,DOWNLOADED,101615,594129913275e49db61abd154ca63b0a02617ba3a51532ff42d19ae10230ba88,
345,1269-VAL,VALENTINO UOMO EDITION NOIR,Valentino,Valentino Uomo Edition Noire,CONFIRMED,FOUND,29601,https://www.fragrantica.com/p/29601,https://fimgs.net/mdimg/perfume-social-cards/en-p_c_29601.jpeg,fragrantica-scraper-archive/social-cards/images/345_1269-VAL_29601.jpeg,DOWNLOADED,117256,cce2fefcd34abc51b2f399b76b6ddc45e5b37eff4599f393946d6a20cc54a08d,
344,1268-VAL,"VALENTINO UOMO - VALENTINO Perfume with rich roast coffee, hazelnut, and chocolate",Valentino,Valentino Uomo,CONFIRMED,FOUND,19558,https://www.fragrantica.com/perfume/Valentino/Valentino-Uomo-19558.html,https://fimgs.net/mdimg/perfume-social-cards/en-p_c_19558.jpeg,fragrantica-scraper-archive/social-cards/images/344_1268-VAL_19558.jpeg,DOWNLOADED,124693,c4698f7ac8927924fd2674212d0e1ca73978d30b0b79a89c25691a699d1e8cf5,
343,1267-TRU,UOMO THE RED,Trussardi,Trussardi Uomo The Red,CONFIRMED,FOUND,39678,https://www.fragrantica.com/perfume/Trussardi/Trussardi-Uomo-The-Red-39678.html,https://fimgs.net/mdimg/perfume-social-cards/en-p_c_39678.jpeg,fragrantica-scraper-archive/social-cards/images/343_1267-TRU_39678.jpeg,DOWNLOADED,112075,c73ab5c2487a6ebd6a7c7006b8be6888a8fd4215f1b1924d2ee4867a99716a84,
342,1266-TRU,RIFLESSO,Trussardi,Riflesso,CONFIRMED,FOUND,46287,https://www.fragrantica.com/perfume/Trussardi/Riflesso-46287.html,https://fimgs.net/mdimg/perfume-social-cards/en-p_c_46287.jpeg,fragrantica-scraper-archive/social-cards/images/342_1266-TRU_46287.jpeg,DOWNLOADED,111622,90c7a28bfff7f1b3d6869c4dfd23f6beb349784494ddb7e38626e9f0816c778a,
341,1265-TRU,MY LAND,Trussardi,My Land,CONFIRMED,FOUND,16027,https://www.fragrantica.com/perfume/Trussardi/My-Land-16027.html,https://fimgs.net/mdimg/perfume-social-cards/en-p_c_16027.jpeg,fragrantica-scraper-archive/social-cards/images/341_1265-TRU_16027.jpeg,DOWNLOADED,113073,b6f9caa02bd9d3d0e39eb713984c78c314491bf2b0b850ac69cfe907d705d82c,
340,1264-TRU,BLUE LAND,Trussardi,Blue Land,CONFIRMED,FOUND,30050,https://www.fragrantica.com/perfume/Trussardi/Blue-Land-30050.html,https://fimgs.net/mdimg/perfume-social-cards/en-p_c_30050.jpeg,fragrantica-scraper-archive/social-cards/images/340_1264-TRU_30050.jpeg,DOWNLOADED,111775,759894568a42e9918415177d633d2a2265257165e36c0f4280c53bc9a173d5c4,
339,1263-TRU,A WAY FOR HIM,Trussardi,Trussardi A Way for Him,CONFIRMED,FOUND,24719,https://www.fragrantica.com/perfume/Trussardi/Trussardi-A-Way-for-Him-24719.html,https://fimgs.net/mdimg/perfume-social-cards/en-p_c_24719.jpeg,fragrantica-scraper-archive/social-cards/images/339_1263-TRU_24719.jpeg,DOWNLOADED,112113,4a7cf7553e4070ef12f7cfeca6d10a98d4f769382b83352aa4df3eb3a0fad6ea,
338,1262-TMU,ANGEL,Mugler,Angel,CONFIRMED,FOUND,704,https://www.fragrantica.com/perfume/Mugler/Angel-704.html,https://fimgs.net/mdimg/perfume-social-cards/en-p_c_704.jpeg,fragrantica-scraper-archive/social-cards/images/338_1262-TMU_704.jpeg,DOWNLOADED,103974,da31a8faa24dcf8eb29fc4f45103d17793e86cd3b0aaad4c59279e912fefcc59,
337,1260-TMU,A*MEN,Mugler,A Men,CONFIRMED,FOUND,705,https://www.fragrantica.com/perfume/Mugler/A-Men-705.html,https://fimgs.net/mdimg/perfume-social-cards/en-p_c_705.jpeg,fragrantica-scraper-archive/social-cards/images/337_1260-TMU_705.jpeg,DOWNLOADED,106808,99cbac26f6a3bb41b2ec315ff4ba0749068c94c83e0eaf5d3fa3b52395af3e33,
336,1259-SHU,,,,CONFIRMED,FOUND,14746,https://www.fragrantica.com/perfume/Shulton-Company/Old-Spice-Original-14746.html,https://fimgs.net/mdimg/perfume-social-cards/en-p_c_14746.jpeg,fragrantica-scraper-archive/social-cards/images/336_1259-SHU_14746.jpeg,DOWNLOADED,106170,dd01c5a7f59e2ad734a0088c5e70a496f0b4524bcdcf6ce1fb624ae925e2de07,
335,1258-SFER,,Salvatore Ferragamo,White Mimosa,CONFIRMED,FOUND,26777,https://www.fragrantica.com/perfume/Salvatore-Ferragamo/White-Mimosa-26777.html,https://fimgs.net/mdimg/perfume-social-cards/en-p_c_26777.jpeg,fragrantica-scraper-archive/social-cards/images/335_1258-SFER_26777.jpeg,DOWNLOADED,100836,11508a91b68b1102c3e6db0d06638ac24a3ca747f87c972a743a3b5fd7303d7a,
334,1257-SFER,,Salvatore Ferragamo,Salvatore Ferragamo Pour Homme,CONFIRMED,FOUND,659,https://www.fragrantica.com/p/659,https://fimgs.net/mdimg/perfume-social-cards/en-p_c_659.jpeg,fragrantica-scraper-archive/social-cards/images/334_1257-SFER_659.jpeg,DOWNLOADED,113625,03080beb55e5c5d3f91b709519788f989f4243ea195e51c149ea5e8a0d539e6f,
333,1256-ROC,ROCHAS MAN,Rochas,Rochas Man,CONFIRMED,FOUND,1426,https://www.fragrantica.com/perfume/Rochas/Rochas-Man-1426.html,https://fimgs.net/mdimg/perfume-social-cards/en-p_c_1426.jpeg,fragrantica-scraper-archive/social-cards/images/333_1256-ROC_1426.jpeg,DOWNLOADED,95649,0e482fd8349b4e06a1013ce01b299482ae4cc24fc9b7ad4f77ab300418cccea9,
331,1254-RCAV,JUST HIM - ROBERTO CAVALLI,Roberto Cavalli,Just Cavalli Him,CONFIRMED,FOUND,848,https://www.fragrantica.com/perfume/Roberto-Cavalli/Just-Cavalli-Him-848.html,https://fimgs.net/mdimg/perfume-social-cards/en-p_c_848.jpeg,fragrantica-scraper-archive/social-cards/images/331_1254-RCAV_848.jpeg,DOWNLOADED,111259,9a5f9f85708fba3a1e43b92228342f4b4e435d4893162465d519220eeffde6f0,
330,1253-RCAV,JUST CAVALLI GOLD FOR HIM - ROBERTO CAVALLI,Roberto Cavalli,Just Cavalli Gold for Him,CONFIRMED,FOUND,26217,https://www.fragrantica.com/perfume/Roberto-Cavalli/Just-Cavalli-Gold-for-Him-26217.html,https://fimgs.net/mdimg/perfume-social-cards/en-p_c_26217.jpeg,fragrantica-scraper-archive/social-cards/images/330_1253-RCAV_26217.jpeg,DOWNLOADED,114697,ae50c7c0c98f9358064a5df1dadc0f546243d0dde884ddd381247a98a0cfed97,
329,1252-RCAV,BLACK - ROBERTO CAVALLI,Roberto Cavalli,Roberto Cavalli Black,CONFIRMED,FOUND,838,https://www.fragrantica.com/perfume/Roberto-Cavalli/Roberto-Cavalli-Black-838.html,https://fimgs.net/mdimg/perfume-social-cards/en-p_c_838.jpeg,fragrantica-scraper-archive/social-cards/images/329_1252-RCAV_838.jpeg,DOWNLOADED,105100,25c9b1618973cb0f31d8037b09fb8a64beeea62cb8660eaba7d827a361c42ae1,
328,1251-ROM,,,,CONFIRMED,FOUND,21103,https://www.fragrantica.com/perfume/Romane/Royal-Blue-21103.html,https://fimgs.net/mdimg/perfume-social-cards/en-p_c_21103.jpeg,fragrantica-scraper-archive/social-cards/images/328_1251-ROM_21103.jpeg,MISSING,,,HTTP 404
327,1250-RAL,SAFARI,Ralph Lauren,Safari,CONFIRMED,FOUND,897,https://www.fragrantica.com/perfume/Ralph-Lauren/Safari-897.html,https://fimgs.net/mdimg/perfume-social-cards/en-p_c_897.jpeg,fragrantica-scraper-archive/social-cards/images/327_1250-RAL_897.jpeg,DOWNLOADED,116759,4076e67add99bc8ffa737e607292104ce7ed8ada3b4e70fd210b52762ef60bfd,
326,1249-RAL,POLO SPORT,Ralph Lauren,Polo Sport,CONFIRMED,FOUND,894,https://www.fragrantica.com/perfume/Ralph-Lauren/Polo-Sport-894.html,https://fimgs.net/mdimg/perfume-social-cards/en-p_c_894.jpeg,fragrantica-scraper-archive/social-cards/images/326_1249-RAL_894.jpeg,DOWNLOADED,101019,8056ec9f2455cbce750db8f7aeada8a2022ecfc8866267c7350d557385c0925b,
325,1248-RAL,POLO RED INTENSE,Ralph Lauren,Polo Red Intense,CONFIRMED,FOUND,29738,https://www.fragrantica.com/perfume/Ralph-Lauren/Polo-Red-Intense-29738.html,https://fimgs.net/mdimg/perfume-social-cards/en-p_c_29738.jpeg,fragrantica-scraper-archive/social-cards/images/325_1248-RAL_29738.jpeg,DOWNLOADED,104379,18366365e60d9ad7e14a1fde4f59ba43f0ac2d38f2f40634a6660cd43ba205f8,
324,1247-RAL,POLO RED,Ralph Lauren,Polo Red,CONFIRMED,FOUND,18598,https://www.fragrantica.com/perfume/Ralph-Lauren/Polo-Red-18598.html,https://fimgs.net/mdimg/perfume-social-cards/en-p_c_18598.jpeg,fragrantica-scraper-archive/social-cards/images/324_1247-RAL_18598.jpeg,DOWNLOADED,100694,e921bee37d7c4b79ca95a72bb5775c8c1ac073bb87c277ad93b74986baefcff2,
323,1246-RAL,POLO BLUE,Ralph Lauren,Polo Blue,CONFIRMED,FOUND,1198,https://www.fragrantica.com/perfume/Ralph-Lauren/Polo-Blue-1198.html,https://fimgs.net/mdimg/perfume-social-cards/en-p_c_1198.jpeg,fragrantica-scraper-archive/social-cards/images/323_1246-RAL_1198.jpeg,DOWNLOADED,103185,9a5feaff0c740aba84700093f3a0d7ecad77d1155c015cb0533ab5cdf6ea1121,
322,1245-PRA,PRADA AMBER,Prada,PRADA AMBER,CONFIRMED,FOUND,1045,https://www.fragrantica.com/perfume/Prada/Prada-Amber-1045.html,https://fimgs.net/mdimg/perfume-social-cards/en-p_c_1045.jpeg,fragrantica-scraper-archive/social-cards/images/322_1245-PRA_1045.jpeg,DOWNLOADED,101001,93a09c7709d715db5a4ef9e437df658b30ac6cb79631f391ec8dffe5be79a357,
320,1243-PRA,LUNA ROSSA SPORT PRADA,Prada,Luna Rossa Sport,CONFIRMED,FOUND,31116,https://www.fragrantica.com/perfume/Prada/Luna-Rossa-Sport-31116.html,https://fimgs.net/mdimg/perfume-social-cards/en-p_c_31116.jpeg,fragrantica-scraper-archive/social-cards/images/320_1243-PRA_31116.jpeg,DOWNLOADED,101434,9a3b239c5cd99ff43975bfcb149298ad5e2c8c415b28e6cd9fafbec01f0439f3,
319,1242-PRA,LUNA ROSSA EXTREME PRADA,Prada,Luna Rossa Extreme,CONFIRMED,FOUND,18882,https://www.fragrantica.com/perfume/Prada/Luna-Rossa-Extreme-18882.html,https://fimgs.net/mdimg/perfume-social-cards/en-p_c_18882.jpeg,fragrantica-scraper-archive/social-cards/images/319_1242-PRA_18882.jpeg,DOWNLOADED,108329,cc5a0a05cb33ae5628eda5c400a995b037b82d716042accd4e36624de5a9668e,
318,1241-PRA,LUNA ROSSA CARBON - PRADA,Prada,Luna Rossa Carbon,CONFIRMED,FOUND,43402,https://www.fragrantica.com/perfume/Prada/Luna-Rossa-Carbon-43402.html,https://fimgs.net/mdimg/perfume-social-cards/en-p_c_43402.jpeg,fragrantica-scraper-archive/social-cards/images/318_1241-PRA_43402.jpeg,DOWNLOADED,103735,02b11c4aa3378d5cfdeeafb1966f1a97b91a1d6301953773f1830fae5963e630,
317,1240-PRA,LUNA ROSSA - PRADA,Prada,Luna Rossa,CONFIRMED,FOUND,15754,https://www.fragrantica.com/perfume/Prada/Luna-Rossa-15754.html,https://fimgs.net/mdimg/perfume-social-cards/en-p_c_15754.jpeg,fragrantica-scraper-archive/social-cards/images/317_1240-PRA_15754.jpeg,DOWNLOADED,108164,aeeaee79f00027e7449ff4858d5cd444e923278b2cc2808360d02a2e08dfe21d,
316,880-PRA,INFUSION D'OEILLET,Prada,Infusion d Oeillet,CONFIRMED,FOUND,31045,https://www.fragrantica.com/perfume/Prada/Infusion-d-Oeillet-31045.html,https://fimgs.net/mdimg/perfume-social-cards/en-p_c_31045.jpeg,fragrantica-scraper-archive/social-cards/images/316_880-PRA_31045.jpeg,DOWNLOADED,106114,1eabbad55158e0afb5b11103b84f16630b5a692f5ec602072bc41f6fd19da94d,
315,1238-PRA,INFUSION D'HOMME - PRADA,Prada,Infusion d Homme,CONFIRMED,FOUND,3794,https://www.fragrantica.com/perfume/Prada/Infusion-d-Homme-3794.html,https://fimgs.net/mdimg/perfume-social-cards/en-p_c_3794.jpeg,fragrantica-scraper-archive/social-cards/images/315_1238-PRA_3794.jpeg,DOWNLOADED,106324,b958ac7170fdb7b575af9eb789f7ab8de2f34f4f8f6495ec1121144b8070e368,
314,1237-PIN,,Pino Silvestre,Pino Silvestre Original,CONFIRMED,FOUND,1522,https://www.fragrantica.com/perfume/Pino-Silvestre/Pino-Silvestre-Original-1522.html,https://fimgs.net/mdimg/perfume-social-cards/en-p_c_1522.jpeg,fragrantica-scraper-archive/social-cards/images/314_1237-PIN_1522.jpeg,DOWNLOADED,111709,61f5dba1c50f878c5b674fd5ac18c06bcfe6144691c7519a47d21dd3f4045004,
313,1235-PAC,ULTRAVIOLET for men,Rabanne,Ultraviolet Man,CONFIRMED,FOUND,521,https://www.fragrantica.com/perfume/Paco-Rabanne/Ultraviolet-521.html,https://fimgs.net/mdimg/perfume-social-cards/en-p_c_521.jpeg,fragrantica-scraper-archive/social-cards/images/313_1235-PAC_521.jpeg,DOWNLOADED,102398,e70a15bf3ff4de424f5c1805293e2acc751fe3f998ff7909b2fb14e5e0543e9a,
312,1233-PAC,PURE XS EDT,Rabanne,Pure XS,CONFIRMED,FOUND,46038,https://www.fragrantica.com/perfume/Rabanne/Pure-XS-46038.html,https://fimgs.net/mdimg/perfume-social-cards/en-p_c_46038.jpeg,fragrantica-scraper-archive/social-cards/images/312_1233-PAC_46038.jpeg,DOWNLOADED,104962,aed0e9a05faca792d4736f18c549d79578102ed576c3d56cb36bf2c8837a8b67,
311,1232-PAC,,Rabanne,Paco Rabanne Pour Homme,CONFIRMED,FOUND,526,https://www.fragrantica.com/perfume/Rabanne/Paco-Rabanne-Pour-Homme-526.html,https://fimgs.net/mdimg/perfume-social-cards/en-p_c_526.jpeg,fragrantica-scraper-archive/social-cards/images/311_1232-PAC_526.jpeg,DOWNLOADED,106065,cbf3b35df70fb3a583862360ce401ddb2e9d06eaae345e66d40ccdeb617e3544,
310,1231-PAC,ONE MILLION PRIVE,Rabanne,1 Million Prive,CONFIRMED,FOUND,37698,https://www.fragrantica.com/perfume/Rabanne/1-Million-Prive-37698.html,https://fimgs.net/mdimg/perfume-social-cards/en-p_c_37698.jpeg,fragrantica-scraper-archive/social-cards/images/310_1231-PAC_37698.jpeg,DOWNLOADED,107064,2362f80e34c888fa5ed2f815820e14cec07a0feb251d233fb9352599426e721c,
309,1229-PAC,ONE MILLION,Rabanne,1 Million,CONFIRMED,FOUND,3747,https://www.fragrantica.com/p/3747,https://fimgs.net/mdimg/perfume-social-cards/en-p_c_3747.jpeg,fragrantica-scraper-archive/social-cards/images/309_1229-PAC_3747.jpeg,DOWNLOADED,105654,f3f9688f7dc4f15e7d7778dd02cbe37b41fae306552d88737f3bde2d862ae01b,
308,1227-PAC,Invictus aqua,Rabanne,Invictus Aqua,CONFIRMED,FOUND,34506,https://www.fragrantica.com/perfume/Rabanne/Invictus-Aqua-34506.html,https://fimgs.net/mdimg/perfume-social-cards/en-p_c_34506.jpeg,fragrantica-scraper-archive/social-cards/images/308_1227-PAC_34506.jpeg,DOWNLOADED,106931,d0d8ee5d626302f75261761dcdd9a361d8f06354bdb6a77a0654cb2c67f9e55e,
307,1226-PAC,INVICTUS,Rabanne,Invictus,CONFIRMED,FOUND,18471,https://www.fragrantica.com/perfume/Rabanne/Invictus-18471.html,https://fimgs.net/mdimg/perfume-social-cards/en-p_c_18471.jpeg,fragrantica-scraper-archive/social-cards/images/307_1226-PAC_18471.jpeg,DOWNLOADED,105867,76e8b3d77817ead58bde345d60864241895b97b1c84b1f287f33bff0d7da0599,
306,1225-PAC,BLACK XS for men,Rabanne,Black XS,CONFIRMED,FOUND,514,https://www.fragrantica.com/perfume/Rabanne/Black-XS-514.html,https://fimgs.net/mdimg/perfume-social-cards/en-p_c_514.jpeg,fragrantica-scraper-archive/social-cards/images/306_1225-PAC_514.jpeg,DOWNLOADED,105000,61d0a176acdad30649eb5ce7324e9856ec53201c4525ba69e8eefa708f00109f,
305,1224-APO,SCULPTURE - NIKOS APOSTOLOPOULOS,,,CONFIRMED,FOUND,925,https://www.fragrantica.com/perfume/Nikos/Sculpture-Homme-925.html,https://fimgs.net/mdimg/perfume-social-cards/en-p_c_925.jpeg,fragrantica-scraper-archive/social-cards/images/305_1224-APO_925.jpeg,DOWNLOADED,101270,fbc3b29cc192e31a9ef391d868569b1f4df9b4f683159e6c5f87f50e8deae3c8,
304,1223-NRO,NARCISO POUR HOMME - RODRIGUEZ,Narciso Rodriguez,Narciso Rodriguez for Him,CONFIRMED,FOUND,1063,https://www.fragrantica.com/perfume/Narciso-Rodriguez/Narciso-Rodriguez-for-Him-1063.html,https://fimgs.net/mdimg/perfume-social-cards/en-p_c_1063.jpeg,fragrantica-scraper-archive/social-cards/images/304_1223-NRO_1063.jpeg,DOWNLOADED,96974,cced2e9ce9af6f07273ba0133752c9dbc3007ca2bf938b436a4e74c00adfe885,
303,1222-NRO,BLEU NOIR,Narciso Rodriguez,Narciso Rodriguez for Him Bleu Noir,CONFIRMED,FOUND,31247,https://www.fragrantica.com/perfume/Narciso-Rodriguez/Narciso-Rodriguez-for-Him-Bleu-Noir-31247.html,https://fimgs.net/mdimg/perfume-social-cards/en-p_c_31247.jpeg,fragrantica-scraper-archive/social-cards/images/303_1222-NRO_31247.jpeg,DOWNLOADED,111555,45b4442ca746cb7b877bcea657942187db8dd5f1af38a984d97e9205087129ee,
302,1221-MOS,UOMO? - MOSCHINO,Moschino,Uomo,CONFIRMED,FOUND,730,https://www.fragrantica.com/perfume/Moschino/Uomo-730.html,https://fimgs.net/mdimg/perfume-social-cards/en-p_c_730.jpeg,fragrantica-scraper-archive/social-cards/images/302_1221-MOS_730.jpeg,DOWNLOADED,98805,265e4e7d1f7d488401114c45dee85c0cf809ca37b61339d52a088dba35d358be,
300,1219-MOS,POUR HOMME - MOSCHINO,Moschino,Moschino Pour Homme,CONFIRMED,FOUND,5951,https://www.fragrantica.com/perfume/Moschino/Moschino-Pour-Homme-5951.html,https://fimgs.net/mdimg/perfume-social-cards/en-p_c_5951.jpeg,fragrantica-scraper-archive/social-cards/images/300_1219-MOS_5951.jpeg,DOWNLOADED,128121,76577eb8952cf30d5cccb372c9d2b507cb1b59b56a6f54c341d4e9fb6c65ace9,
299,1218-MOS,FOREVER  - MOSCHINO,Moschino,Moschino Forever,CONFIRMED,FOUND,11613,https://www.fragrantica.com/perfume/Moschino/Moschino-Forever-11613.html,https://fimgs.net/mdimg/perfume-social-cards/en-p_c_11613.jpeg,fragrantica-scraper-archive/social-cards/images/299_1218-MOS_11613.jpeg,DOWNLOADED,118868,d5bd2b29e4dc3d254dab779a54f537413feaa113f348493a749b2fd9fe9b9f42,
298,1216-MNTB,Starwalker,Montblanc,Starwalker,CONFIRMED,FOUND,4023,https://www.fragrantica.com/perfume/Montblanc/Starwalker-4023.html,https://fimgs.net/mdimg/perfume-social-cards/en-p_c_4023.jpeg,fragrantica-scraper-archive/social-cards/images/298_1216-MNTB_4023.jpeg,DOWNLOADED,102517,4cbeccbe27df4a959cfaa4cdd3dddab0a048fecfde2f292ac28261d03c0246a9,
297,1215-MNTB,PRESENCE - MONT BLANC,Montblanc,Presence,CONFIRMED,FOUND,832,https://www.fragrantica.com/perfume/Montblanc/Presence-832.html,https://fimgs.net/mdimg/perfume-social-cards/en-p_c_832.jpeg,fragrantica-scraper-archive/social-cards/images/297_1215-MNTB_832.jpeg,DOWNLOADED,103484,baada0b3a85ef52077dda399d361b6b7aa5039c297aaa14bfe08f3b61c2cc2ce,
296,1214-MNTB,LEGEND SPIRIT - MONT BLANC,Montblanc,Legend Spirit,CONFIRMED,FOUND,33443,https://www.fragrantica.com/perfume/Montblanc/Legend-Spirit-33443.html,https://fimgs.net/mdimg/perfume-social-cards/en-p_c_33443.jpeg,fragrantica-scraper-archive/social-cards/images/296_1214-MNTB_33443.jpeg,DOWNLOADED,97436,a0c840b47b367bec37b9f0afd6ade5faf4acc593e2e088f9a3e1d0388b3c0db7,
295,1213-MNTB,LEGEND NIGHT - MONT BLANC,Montblanc,Legend Night,CONFIRMED,FOUND,45692,https://www.fragrantica.com/perfume/Montblanc/Legend-Night-45692.html,https://fimgs.net/mdimg/perfume-social-cards/en-p_c_45692.jpeg,fragrantica-scraper-archive/social-cards/images/295_1213-MNTB_45692.jpeg,DOWNLOADED,105355,8febb5f3b1fd5c0b56cce33641a2558e59cc5948c3d35760f3f0fca0642fa829,
294,1212-MNTB,LEGEND INTENSE - MONT BLANC,Montblanc,Legend Intense,CONFIRMED,FOUND,18861,https://www.fragrantica.com/perfume/Montblanc/Legend-Intense-18861.html,https://fimgs.net/mdimg/perfume-social-cards/en-p_c_18861.jpeg,fragrantica-scraper-archive/social-cards/images/294_1212-MNTB_18861.jpeg,DOWNLOADED,105391,79903072eb8096dce1522f747ce0b5af5bdde640803d99beb6041f791e81c153,
293,1211-MNTB,LEGEND FOR MEN - MONT BLANC,Montblanc,Legend,CONFIRMED,FOUND,11784,https://www.fragrantica.com/perfume/Montblanc/Legend-11784.html,https://fimgs.net/mdimg/perfume-social-cards/en-p_c_11784.jpeg,fragrantica-scraper-archive/social-cards/images/293_1211-MNTB_11784.jpeg,DOWNLOADED,102417,bfa94ba61f0c4a367cc2b01cbc25920de8ec78059fb55280f6a48cacac9c4fe1,
292,1210-MNTB,INDIVIDUEL - MONT BLANC,Montblanc,Individuel,CONFIRMED,FOUND,4193,https://www.fragrantica.com/perfume/Montblanc/Individuel-4193.html,https://fimgs.net/mdimg/perfume-social-cards/en-p_c_4193.jpeg,fragrantica-scraper-archive/social-cards/images/292_1210-MNTB_4193.jpeg,DOWNLOADED,104933,237d2ccea9a2bd7835782850c514909ecb53eda9138c4bb22475ca889edcfd1e,
291,1208-MNTB,EMBLEM - MONT BLANC,Montblanc,Emblem,CONFIRMED,FOUND,23711,https://www.fragrantica.com/perfume/Montblanc/Emblem-23711.html,https://fimgs.net/mdimg/perfume-social-cards/en-p_c_23711.jpeg,fragrantica-scraper-archive/social-cards/images/291_1208-MNTB_23711.jpeg,DOWNLOADED,100527,b33579b593ab930dc37dec7fdbeb2d46e31a6b3c37c691894543de5604624f48,
290,1207-MIC,KORS FOR MEN,Michael Kors,Michael Kors for Men,CONFIRMED,FOUND,26264,https://www.fragrantica.com/p/26264,https://fimgs.net/mdimg/perfume-social-cards/en-p_c_26264.jpeg,fragrantica-scraper-archive/social-cards/images/290_1207-MIC_26264.jpeg,DOWNLOADED,110706,4e3bf2fbc483555af68249114eb5e594d3a71416e36a51544c992d1e41cd7b7a,
289,1206-MAR,BANG - MARC JACOBS,Marc Jacobs,Bang,CONFIRMED,FOUND,8968,https://www.fragrantica.com/perfume/Marc-Jacobs/Bang-8968.html,https://fimgs.net/mdimg/perfume-social-cards/en-p_c_8968.jpeg,fragrantica-scraper-archive/social-cards/images/289_1206-MAR_8968.jpeg,DOWNLOADED,105058,22ed98dfb611c8d4e90a701318c7c5550270f08910e4b63f8ff3ec6099465e0c,
288,1204-LOE,,Loewe,Solo Loewe Cedro,CONFIRMED,FOUND,30321,https://www.fragrantica.com/perfume/Loewe/Solo-Loewe-Cedro-30321.html,https://fimgs.net/mdimg/perfume-social-cards/en-p_c_30321.jpeg,fragrantica-scraper-archive/social-cards/images/288_1204-LOE_30321.jpeg,DOWNLOADED,108757,92064d82b62d4e401425277f47ca4025b28ac269aa1b58b1ec19f99b4115f9e8,
286,1202-LOE,,Loewe,Esencia pour Homme,CONFIRMED,FOUND,6291,https://www.fragrantica.com/perfume/Loewe/Esencia-pour-Homme-6291.html,https://fimgs.net/mdimg/perfume-social-cards/en-p_c_6291.jpeg,fragrantica-scraper-archive/social-cards/images/286_1202-LOE_6291.jpeg,DOWNLOADED,103718,182022560494c9302c30970f911ff471da53ea95a919a43d6faf4540914ca031,
285,1200-LAN,HYPNOSE HOMME,Lancome,Hypnose Homme,CONFIRMED,FOUND,992,https://www.fragrantica.com/perfume/Lancome/Hypnose-Homme-992.html,https://fimgs.net/mdimg/perfume-social-cards/en-p_c_992.jpeg,fragrantica-scraper-archive/social-cards/images/285_1200-LAN_992.jpeg,DOWNLOADED,113583,d6222bcd81b728d99fe0d3ae9c70a3d60f9be837606934fa1f2715249eb108fd,
284,777-LAL,,Lalique,Sculpteur d Epices,CONFIRMED,FOUND,28250,https://www.fragrantica.com/perfume/Lalique/Sculpteur-d-Epices-28250.html,https://fimgs.net/mdimg/perfume-social-cards/en-p_c_28250.jpeg,fragrantica-scraper-archive/social-cards/images/284_777-LAL_28250.jpeg,DOWNLOADED,108250,0a014995bb01f6489815e4beafe5293ab2b2153fd20a967148c6aba25af5a0c9,
283,1198-LAL,,Lalique,Encre Noire,CONFIRMED,FOUND,1834,https://www.fragrantica.com/p/1834,https://fimgs.net/mdimg/perfume-social-cards/en-p_c_1834.jpeg,fragrantica-scraper-archive/social-cards/images/283_1198-LAL_1834.jpeg,DOWNLOADED,91654,4f097f92efb0d339da5d1f8a8268a9b674dc07e1b84bf260a33af6c7f910547e,
282,1197-LAC,LACOSTE HOMME,Lacoste,LACOSTE HOMME,CONFIRMED,FOUND,670,https://www.fragrantica.com/perfume/Lacoste-Fragrances/Lacoste-Pour-Homme-670.html,https://fimgs.net/mdimg/perfume-social-cards/en-p_c_670.jpeg,fragrantica-scraper-archive/social-cards/images/282_1197-LAC_670.jpeg,DOWNLOADED,111900,2a635b77bf3ffafb6aa7977c555d45e081b8a0cb8a8fa42d298139ba713d33c5,
280,769-LART,PREMIER FIGUIER,L Artisan Parfumeur,Premier Figuier,CONFIRMED,FOUND,1261,https://www.fragrantica.com/perfume/L-Artisan-Parfumeur/Premier-Figuier-1261.html,https://fimgs.net/mdimg/perfume-social-cards/en-p_c_1261.jpeg,fragrantica-scraper-archive/social-cards/images/280_769-LART_1261.jpeg,DOWNLOADED,109032,67517cf40ceff7cc6da6713183ca5b7591f6ebd6e691726b2edd0ad472fa47ec,
278,1193-KEN,TOTEM ORANGE - KENZO,Kenzo,Totem Orange,CONFIRMED,FOUND,31206,https://www.fragrantica.com/perfume/Kenzo/Totem-Orange-31206.html,https://fimgs.net/mdimg/perfume-social-cards/en-p_c_31206.jpeg,fragrantica-scraper-archive/social-cards/images/278_1193-KEN_31206.jpeg,DOWNLOADED,100349,a099b016c64492dfadd1128f34b336d67680597a5459025c3c45ada177ef54b0,
277,1192-KEN,TOKYO,Kenzo,Tokyo by Kenzo,CONFIRMED,FOUND,1673,https://www.fragrantica.com/p/1673,https://fimgs.net/mdimg/perfume-social-cards/en-p_c_1673.jpeg,fragrantica-scraper-archive/social-cards/images/277_1192-KEN_1673.jpeg,DOWNLOADED,106707,9b9d265e82d49fb78da7d2ae7ec62d49a59f81cd6638d8f7fcd429e0a6c1b4fb,
276,1191-KEN,L' EAU PAR ELECTRIC WAVE -KENZO,Kenzo,L'Eau par Kenzo Electric Wave pour Homme,CONFIRMED,FOUND,35459,https://www.fragrantica.com/p/35459,https://fimgs.net/mdimg/perfume-social-cards/en-p_c_35459.jpeg,fragrantica-scraper-archive/social-cards/images/276_1191-KEN_35459.jpeg,DOWNLOADED,110354,8d389a009b1147c1f17c3491bbba22ba0c0bccf9df6cf03267cf4576aefae3ca,
275,1190-KEN,KENZO - KENZO,Kenzo,Kenzo,CONFIRMED,FOUND,3403,https://www.fragrantica.com/perfume/Kenzo/Kenzo-3403.html,https://fimgs.net/mdimg/perfume-social-cards/en-p_c_3403.jpeg,fragrantica-scraper-archive/social-cards/images/275_1190-KEN_3403.jpeg,DOWNLOADED,99568,919b8f579207734b8e851a1f1ecd0b90e62f736628314507b78c61f90d09e728,
274,1189-KEN,HOMME SPORT EXTREME - KENZO,Bellerive,Homme Sport Extreme,CONFIRMED,FOUND,110164,https://www.fragrantica.com/perfume/Bellerive/Homme-Sport-Extreme-110164.html,https://fimgs.net/mdimg/perfume-social-cards/en-p_c_110164.jpeg,fragrantica-scraper-archive/social-cards/images/274_1189-KEN_110164.jpeg,MISSING,,,HTTP 404
273,1186-JOO,,Joop!,WOW - JOOP,CONFIRMED,FOUND,42887,https://www.fragrantica.com/perfume/Joop-/Wow--42887.html,https://fimgs.net/mdimg/perfume-social-cards/en-p_c_42887.jpeg,fragrantica-scraper-archive/social-cards/images/273_1186-JOO_42887.jpeg,DOWNLOADED,104586,e1eec3590949f56192405d9af82829e8557235448ebef247bc1040e4f6250636,
272,1185-JOO,,Joop!,Nightflight,CONFIRMED,FOUND,1721,https://www.fragrantica.com/p/1721,https://fimgs.net/mdimg/perfume-social-cards/en-p_c_1721.jpeg,fragrantica-scraper-archive/social-cards/images/272_1185-JOO_1721.jpeg,DOWNLOADED,106220,3632e17cf68d0e6c282d2931c03b37d1a3a2bb3c61f269171f2476ff45bc5737,
271,1184-JOO,,Joop!,Joop! Homme,CONFIRMED,FOUND,1251,https://www.fragrantica.com/p/1251,https://fimgs.net/mdimg/perfume-social-cards/en-p_c_1251.jpeg,fragrantica-scraper-archive/social-cards/images/271_1184-JOO_1251.jpeg,DOWNLOADED,104697,971853dc1c145a250b4a6584001153abcd38a7d48fd8c98323937e5be479e439,
270,1183-VAR,,John Varvatos,John Varvatos,CONFIRMED,FOUND,2355,https://www.fragrantica.com/p/2355,https://fimgs.net/mdimg/perfume-social-cards/en-p_c_2355.jpeg,fragrantica-scraper-archive/social-cards/images/270_1183-VAR_2355.jpeg,DOWNLOADED,106892,62263227c2e41a9ffadb5e4d4b702ed2566badee98a622e8434522b3301116fa,
269,1182-JIM,,,,CONFIRMED,FOUND,25977,https://www.fragrantica.com/perfume/Jimmy-Choo/Jimmy-Choo-Man-25977.html,https://fimgs.net/mdimg/perfume-social-cards/en-p_c_25977.jpeg,fragrantica-scraper-archive/social-cards/images/269_1182-JIM_25977.jpeg,DOWNLOADED,104761,dd757fe9f30b17bbf5bec5ea519bf8e58b201cfaee7322ec32bca13db0ba830d,
268,1181-GUL,ULTRA MALE,Jean Paul Gaultier,Ultra Male,CONFIRMED,FOUND,30947,https://www.fragrantica.com/perfume/Jean-Paul-Gaultier/Ultra-Male-30947.html,https://fimgs.net/mdimg/perfume-social-cards/en-p_c_30947.jpeg,fragrantica-scraper-archive/social-cards/images/268_1181-GUL_30947.jpeg,DOWNLOADED,100836,44fc5a4b607bca8603c763307318731bef685814bc1e08c9fea0a0d63c798262,
267,1180-GUL,LE MALE TERRIBLE,Jean Paul Gaultier,Le Male Terrible,CONFIRMED,FOUND,9502,https://www.fragrantica.com/perfume/Jean-Paul-Gaultier/Le-Male-Terrible-9502.html,https://fimgs.net/mdimg/perfume-social-cards/en-p_c_9502.jpeg,fragrantica-scraper-archive/social-cards/images/267_1180-GUL_9502.jpeg,DOWNLOADED,105061,bdbf8b62f28c023c5d40f46942d82372b663cb0de0d8a577ee14a611afa70c40,
266,1179-GUL,LE MALE,Jean Paul Gaultier,Le Male,CONFIRMED,FOUND,430,https://www.fragrantica.com/perfume/Jean-Paul-Gaultier/Le-Male-430.html,https://fimgs.net/mdimg/perfume-social-cards/en-p_c_430.jpeg,fragrantica-scraper-archive/social-cards/images/266_1179-GUL_430.jpeg,DOWNLOADED,100467,e80fabe383c877ac66a6a7a58e97709d203c7ac77509089954e4d530f5cb91ad,
265,1177-GUL,KOKORICO,Jean Paul Gaultier,Kokorico,CONFIRMED,FOUND,12711,https://www.fragrantica.com/perfume/Jean-Paul-Gaultier/Kokorico-12711.html,https://fimgs.net/mdimg/perfume-social-cards/en-p_c_12711.jpeg,fragrantica-scraper-archive/social-cards/images/265_1177-GUL_12711.jpeg,DOWNLOADED,102756,a03f7d6621d48d43547bae77b90bb64afe331fec085de6922fa3bd61fa1ba929,
264,1176-GUL,GAULT 2,Jean Paul Gaultier,Gaultier 2,CONFIRMED,FOUND,433,https://www.fragrantica.com/perfume/Jean-Paul-Gaultier/Gaultier-2-433.html,https://fimgs.net/mdimg/perfume-social-cards/en-p_c_433.jpeg,fragrantica-scraper-archive/social-cards/images/264_1176-GUL_433.jpeg,DOWNLOADED,95831,4cdc1b12206b452255ceb33540ab97f3e2ccb9c9880d0c0c017bd30d36c9e563,
263,1175-JAC,,Jacomo,Paradox for Men,CONFIRMED,FOUND,1454,https://www.fragrantica.com/p/1454,https://fimgs.net/mdimg/perfume-social-cards/en-p_c_1454.jpeg,fragrantica-scraper-archive/social-cards/images/263_1175-JAC_1454.jpeg,DOWNLOADED,108885,5796465c28a89d5c22e9e7d7b99dd50da27c3beda2b5fec2959e81cb5d7a7df8,
261,1174-JAC,,Jacomo,Jacomo de Jacomo,CONFIRMED,FOUND,3804,https://www.fragrantica.com/p/3804,https://fimgs.net/mdimg/perfume-social-cards/en-p_c_3804.jpeg,fragrantica-scraper-archive/social-cards/images/261_1174-JAC_3804.jpeg,DOWNLOADED,99398,c842cadcaca5dd360ffd9286eaf9dff3b4f1e43d665dd86b623126dcf5f8a30d,
260,1173-ISS,Nuit d'Issey Bleu Astral - ISSEY MIYAKE,Issey Miyake,Nuit d Issey Bleu Astral,CONFIRMED,FOUND,43311,https://www.fragrantica.com/perfume/Issey-Miyake/Nuit-d-Issey-Bleu-Astral-43311.html,https://fimgs.net/mdimg/perfume-social-cards/en-p_c_43311.jpeg,fragrantica-scraper-archive/social-cards/images/260_1173-ISS_43311.jpeg,DOWNLOADED,104517,9b76e2b95d5409369818ad7cc0a037a62627f765efd0eb8e488a389855801d1b,
259,1172-ISS,EAU D'ISSEY HOMME - ISSEY MIYAKE,Issey Miyake,L'Eau d'Issey Pour Homme,CONFIRMED,FOUND,79,https://www.fragrantica.com/p/79,https://fimgs.net/mdimg/perfume-social-cards/en-p_c_79.jpeg,fragrantica-scraper-archive/social-cards/images/259_1172-ISS_79.jpeg,DOWNLOADED,102932,3920c3863d5c59d087a9f972a6d06da9cb72564f673b377ed6f45e1e64e1ed64,
258,1171-HUG,UNLIMITED - HUGO BOSS,Hugo Boss,Boss Bottled Unlimited,CONFIRMED,FOUND,22528,https://www.fragrantica.com/perfume/Hugo-Boss/Boss-Bottled-Unlimited-22528.html,https://fimgs.net/mdimg/perfume-social-cards/en-p_c_22528.jpeg,fragrantica-scraper-archive/social-cards/images/258_1171-HUG_22528.jpeg,DOWNLOADED,105668,be0cb2228744d6f8880592efd8bf2c26450a0938652f306d2220306fef19fbd1,
256,1169-HUG,THE SCENT - HUGO BOSS,Hugo Boss,Boss The Scent,CONFIRMED,FOUND,31445,https://www.fragrantica.com/p/31445,https://fimgs.net/mdimg/perfume-social-cards/en-p_c_31445.jpeg,fragrantica-scraper-archive/social-cards/images/256_1169-HUG_31445.jpeg,DOWNLOADED,108929,83c5f6d2eac311725a38aa65eb7243b67fb457e0c9740ddb23e5e1d1613f41c0,
255,1168-HUG,HUGO ICED - BOSS,Hugo Boss,Hugo Iced,CONFIRMED,FOUND,42484,https://www.fragrantica.com/perfume/Hugo-Boss/Hugo-Iced-42484.html,https://fimgs.net/mdimg/perfume-social-cards/en-p_c_42484.jpeg,fragrantica-scraper-archive/social-cards/images/255_1168-HUG_42484.jpeg,DOWNLOADED,99303,c6a83f24567390b6c2979e622c9b3c3e7dca75d5e924163ef62e7478e6a975ef,
254,1166-HUG,HUGO DARK BLUE - HUGO BOSS,Hugo Boss,Hugo Dark Blue,CONFIRMED,FOUND,564,https://www.fragrantica.com/perfume/Hugo-Boss/Hugo-Dark-Blue-564.html,https://fimgs.net/mdimg/perfume-social-cards/en-p_c_564.jpeg,fragrantica-scraper-archive/social-cards/images/254_1166-HUG_564.jpeg,DOWNLOADED,98647,6a7735ab1c2967676f7b1cdbaedca92fa6b3ff9be568d280296d2173ecac03f3,
253,1165-HUG,ENERGISE - HUGO BOSS,Avon,Energise,CONFIRMED,FOUND,77736,https://www.fragrantica.com/perfume/Avon/Energise-77736.html,https://fimgs.net/mdimg/perfume-social-cards/en-p_c_77736.jpeg,fragrantica-scraper-archive/social-cards/images/253_1165-HUG_77736.jpeg,MISSING,,,HTTP 404
252,1164-HUG,ELEMENTS - HUGO BOSS,Hugo Boss,Boss Elements,CONFIRMED,FOUND,571,https://www.fragrantica.com/perfume/Hugo-Boss/Boss-Elements-571.html,https://fimgs.net/mdimg/perfume-social-cards/en-p_c_571.jpeg,fragrantica-scraper-archive/social-cards/images/252_1164-HUG_571.jpeg,DOWNLOADED,107934,2c8a6750f5656b3fc094ce787f4b10c045d4b74190601daea3a7fcf6195ccba5,
251,1163-HUG,BOSS ORANGE - HUGO BOSS,Hugo Boss,Boss Orange,CONFIRMED,FOUND,5979,https://www.fragrantica.com/perfume/Hugo-Boss/Boss-Orange-5979.html,https://fimgs.net/mdimg/perfume-social-cards/en-p_c_5979.jpeg,fragrantica-scraper-archive/social-cards/images/251_1163-HUG_5979.jpeg,DOWNLOADED,105295,c9031747017e436531cac41e0877c986bf47e5beaa4134232b22634472375bf0,
250,1162-HUG,BOSS BOTTLED TONIC - HUGO,Hugo Boss,Boss Bottled Tonic,CONFIRMED,FOUND,43331,https://www.fragrantica.com/perfume/Hugo-Boss/Boss-Bottled-Tonic-43331.html,https://fimgs.net/mdimg/perfume-social-cards/en-p_c_43331.jpeg,fragrantica-scraper-archive/social-cards/images/250_1162-HUG_43331.jpeg,DOWNLOADED,102918,3766dc33fc064fc8970314b151e8c8f1821612ba06b304e0f8f538a46571497e,
249,1160-HUG,,Hugo Boss,Boss Bottled,CONFIRMED,FOUND,383,https://www.fragrantica.com/perfume/Hugo-Boss/Boss-Bottled-383.html,https://fimgs.net/mdimg/perfume-social-cards/en-p_c_383.jpeg,fragrantica-scraper-archive/social-cards/images/249_1160-HUG_383.jpeg,DOWNLOADED,100801,6b98030d77776645c9c7240dd55d0ffe9007891d6a2b629cafd434ecc0f39215,
248,1159-HUG,BALDESSARINI - HUGO BOSS,Baldessarini,Baldessarini Hugo Boss,CONFIRMED,FOUND,385,https://www.fragrantica.com/perfume/Baldessarini/Baldessarini-Hugo-Boss-385.html,https://fimgs.net/mdimg/perfume-social-cards/en-p_c_385.jpeg,fragrantica-scraper-archive/social-cards/images/248_1159-HUG_385.jpeg,DOWNLOADED,112792,7292bdd6c587f7f3e7bc781294b9bab10d40400a8cb97a339961aad344689371,
247,1158-HER,TERRE EAU TRES FRAICHE - HERMES,Hermes,Terre d Hermes Eau Tres Fraiche,CONFIRMED,FOUND,24060,https://www.fragrantica.com/perfume/Hermes/Terre-d-Hermes-Eau-Tres-Fraiche-24060.html,https://fimgs.net/mdimg/perfume-social-cards/en-p_c_24060.jpeg,fragrantica-scraper-archive/social-cards/images/247_1158-HER_24060.jpeg,DOWNLOADED,106485,a067fee9c2bd1850b6e00d427e7bb8188ce4c32a631bd4e829d572c2fe4765e0,
246,1156-HER,TERRE D'HERMES - HERMES,Hermes,Terre d Hermes,CONFIRMED,FOUND,17,https://www.fragrantica.com/perfume/Hermes/Terre-d-Hermes-17.html,https://fimgs.net/mdimg/perfume-social-cards/en-p_c_17.jpeg,fragrantica-scraper-archive/social-cards/images/246_1156-HER_17.jpeg,DOWNLOADED,103847,f7c3a29347887b5bbea1584bf3c748a056b0a0c4c8d3faf7c4b0b0787ac9c794,
245,1155-HER,POIVRE SAMARCANDE HERMES,Hermes,Hermessence Poivre Samarcande,CONFIRMED,FOUND,2671,https://www.fragrantica.com/perfume/Hermes/Hermessence-Poivre-Samarcande-2671.html,https://fimgs.net/mdimg/perfume-social-cards/en-p_c_2671.jpeg,fragrantica-scraper-archive/social-cards/images/245_1155-HER_2671.jpeg,DOWNLOADED,112153,953cef3be2620aa2de8807b58db19e5d5cd21784036721491a9ea98de264e4ff,
244,1154-HER,UN JARDIN EN MEDITERRANEE - HERMES,Hermes,Un Jardin en Mediterranee,CONFIRMED,FOUND,19,https://www.fragrantica.com/perfume/Hermes/Un-Jardin-en-Mediterranee-19.html,https://fimgs.net/mdimg/perfume-social-cards/en-p_c_19.jpeg,fragrantica-scraper-archive/social-cards/images/244_1154-HER_19.jpeg,DOWNLOADED,108436,bdb61a14d3f5ac2267276489a7581141a39b32edb8597dd68863194275a147e7,
243,1153-HER,EAU DE MANDARINE AMBREE - HERMES,Hermes,Eau de Mandarine Ambree,CONFIRMED,FOUND,18183,https://www.fragrantica.com/perfume/Hermes/Eau-de-Mandarine-Ambree-18183.html,https://fimgs.net/mdimg/perfume-social-cards/en-p_c_18183.jpeg,fragrantica-scraper-archive/social-cards/images/243_1153-HER_18183.jpeg,DOWNLOADED,98237,a874155af4298fba12d50badcfba46e03ec61caf7810fb2b93150e20af256dad,
242,1152-HER,BEL AMI - HERMES,Hermes,Bel Ami,CONFIRMED,FOUND,25,https://www.fragrantica.com/perfume/Hermes/Bel-Ami-25.html,https://fimgs.net/mdimg/perfume-social-cards/en-p_c_25.jpeg,fragrantica-scraper-archive/social-cards/images/242_1152-HER_25.jpeg,DOWNLOADED,96296,a912195bbd6d509d2eff59ff3687662aaba9b4d304cd34f8c4721a3aed0da65d,
241,1151-HAL,,Halston,Halston Z14,CONFIRMED,FOUND,3697,https://www.fragrantica.com/p/3697,https://fimgs.net/mdimg/perfume-social-cards/en-p_c_3697.jpeg,fragrantica-scraper-archive/social-cards/images/241_1151-HAL_3697.jpeg,DOWNLOADED,103786,c4502d8180d8e6c0268deb7919ebd55224d648ea25f10e375dbd7a0ac4e81350,
240,1150-GLA,,Guy Laroche,Drakkar Noir,CONFIRMED,FOUND,2069,https://www.fragrantica.com/p/2069,https://fimgs.net/mdimg/perfume-social-cards/en-p_c_2069.jpeg,fragrantica-scraper-archive/social-cards/images/240_1150-GLA_2069.jpeg,DOWNLOADED,104568,e1807e77d6ef971f62f2bdd980be10b4f5661ef1f6ea2bf30523d1a875bdb4ff,
239,1149-GUR,L' HOMME IDEAL - GUERLAIN,Guerlain,L Homme Ideal,CONFIRMED,FOUND,25780,https://www.fragrantica.com/perfume/Guerlain/L-Homme-Ideal-25780.html,https://fimgs.net/mdimg/perfume-social-cards/en-p_c_25780.jpeg,fragrantica-scraper-archive/social-cards/images/239_1149-GUR_25780.jpeg,DOWNLOADED,117188,9aa5dcb01812517907bce6c04484f7fe5bd9671b6c6187af5ad90fe86eccbc01,
238,1148-GUC,OUD,Gucci,Gucci Oud,CONFIRMED,FOUND,25946,https://www.fragrantica.com/p/25946,https://fimgs.net/mdimg/perfume-social-cards/en-p_c_25946.jpeg,fragrantica-scraper-archive/social-cards/images/238_1148-GUC_25946.jpeg,DOWNLOADED,104052,1e25e36e28c5075f7f8c598428fb62fd42726dd7ff0d217063dcf71e7f433719,
237,1147-GUC,Guilty pour Homme,Gucci,Guilty Pour Homme,CONFIRMED,FOUND,11037,https://www.fragrantica.com/perfume/Gucci/Guilty-Pour-Homme-11037.html,https://fimgs.net/mdimg/perfume-social-cards/en-p_c_11037.jpeg,fragrantica-scraper-archive/social-cards/images/237_1147-GUC_11037.jpeg,DOWNLOADED,103620,eac785cc209d5538494e85e1eb4bc72eb3c1810f3dda85682b1159f9cf135d0b,
236,1146-GUC,Guilty Intense,Gucci,Guilty Intense,CONFIRMED,FOUND,13075,https://www.fragrantica.com/perfume/Gucci/Gucci-Guilty-Intense-Pour-Homme-13075.html,https://fimgs.net/mdimg/perfume-social-cards/en-p_c_13075.jpeg,fragrantica-scraper-archive/social-cards/images/236_1146-GUC_13075.jpeg,DOWNLOADED,105725,a0c8296ec7e3fb0c974d8ebc8c33f506646a239e1302ddd5de844bbbf7cdfc44,
234,1144-GUC,G,Gucci,Gucci by Gucci Pour Homme,CONFIRMED,FOUND,3792,https://www.fragrantica.com/perfume/Gucci/Gucci-by-Gucci-Pour-Homme-3792.html,https://fimgs.net/mdimg/perfume-social-cards/en-p_c_3792.jpeg,fragrantica-scraper-archive/social-cards/images/234_1144-GUC_3792.jpeg,DOWNLOADED,110851,cd8f53c276c93951c62575defad806f9f30ab9c4dce191843ece3babe84e4585,
233,1143-GUC,Envy for Men,Gucci,Envy for Men,CONFIRMED,FOUND,688,https://www.fragrantica.com/perfume/Gucci/Envy-for-Men-688.html,https://fimgs.net/mdimg/perfume-social-cards/en-p_c_688.jpeg,fragrantica-scraper-archive/social-cards/images/233_1143-GUC_688.jpeg,DOWNLOADED,100621,4bbb85caa753b34e3f335a9a80b5704c9353bfe3dc4395dff1042b189322e68e,
232,1142-GIV,PLAY,Lattafa Perfumes,Play,CONFIRMED,FOUND,98247,https://www.fragrantica.com/perfume/Lattafa-Perfumes/Play-98247.html,https://fimgs.net/mdimg/perfume-social-cards/en-p_c_98247.jpeg,fragrantica-scraper-archive/social-cards/images/232_1142-GIV_98247.jpeg,DOWNLOADED,110443,2257e806b5108f80e09b94326bc4a554ce8f54e9fa8a0ae2ef8612c24d675194,
231,1141-GIV,P,,,CONFIRMED,FOUND,39,https://www.fragrantica.com/perfume/Givenchy/Pi-39.html,https://fimgs.net/mdimg/perfume-social-cards/en-p_c_39.jpeg,fragrantica-scraper-archive/social-cards/images/231_1141-GIV_39.jpeg,DOWNLOADED,113780,0392fe7f9402bf328bf99ef0580321549e13764551daa50ee42b7bb11fb8246a,
230,1140-GIV,INSENSE ULTRAMARINE,Givenchy,Insense Ultramarine,CONFIRMED,FOUND,858,https://www.fragrantica.com/perfume/Givenchy/Insense-Ultramarine-858.html,https://fimgs.net/mdimg/perfume-social-cards/en-p_c_858.jpeg,fragrantica-scraper-archive/social-cards/images/230_1140-GIV_858.jpeg,DOWNLOADED,108090,8c8d25d24fdc10e8bd442a6457fca7e8a1a0e8baf4c8539f6f9e8e0db2376bae,
229,1139-GIV,GENTLEMEN ONLY,Givenchy,Gentlemen Only,CONFIRMED,FOUND,17259,https://www.fragrantica.com/perfume/Givenchy/Gentlemen-Only-17259.html,https://fimgs.net/mdimg/perfume-social-cards/en-p_c_17259.jpeg,fragrantica-scraper-archive/social-cards/images/229_1139-GIV_17259.jpeg,DOWNLOADED,101606,45d2ff8895332564e6fec129ef9433423ff0c25a6e6ec0138e1b39e1d4d8e63c,
228,1138-GIV,GENTLEMAN,Givenchy,Gentleman Eau de Parfum,CONFIRMED,FOUND,48476,https://www.fragrantica.com/perfume/Givenchy/Gentleman-Eau-de-Parfum-48476.html,https://fimgs.net/mdimg/perfume-social-cards/en-p_c_48476.jpeg,fragrantica-scraper-archive/social-cards/images/228_1138-GIV_48476.jpeg,DOWNLOADED,108916,781102745ca1abdccbed06113c93f82eecd7f79eca21981834532c4e815c7df1,
227,1136-ARM,STRONGER WITH YOU,,,CONFIRMED,FOUND,45258,https://www.fragrantica.com/perfume/Giorgio-Armani/Emporio-Armani-Stronger-With-You-45258.html,https://fimgs.net/mdimg/perfume-social-cards/en-p_c_45258.jpeg,fragrantica-scraper-archive/social-cards/images/227_1136-ARM_45258.jpeg,DOWNLOADED,110708,af25530ab068613cec5437034a9464962f57209a2cc4f3e50fa2bdc4c489e0b3,
226,1134-ARM,DIAMONDS,Giorgio Armani,Emporio Armani Diamonds,CONFIRMED,FOUND,1292,https://www.fragrantica.com/perfume/Giorgio-Armani/Emporio-Armani-Diamonds-1292.html,https://fimgs.net/mdimg/perfume-social-cards/en-p_c_1292.jpeg,fragrantica-scraper-archive/social-cards/images/226_1134-ARM_1292.jpeg,DOWNLOADED,117260,c0a2fbaf26c60dc9e219c3cc5269f4b9be29de1abd079ac39916e3116e432517,
225,1133-ARM,BLACK CODE,Giorgio Armani,Armani Code,CONFIRMED,FOUND,412,https://www.fragrantica.com/p/412,https://fimgs.net/mdimg/perfume-social-cards/en-p_c_412.jpeg,fragrantica-scraper-archive/social-cards/images/225_1133-ARM_412.jpeg,DOWNLOADED,97528,12d084fc2663707f2145feeb55444ef2d69de42c7fbd9331d2e41a9129b66cb4,
224,1132-ARM,ATTITUDE,Giorgio Armani,Armani Attitude,CONFIRMED,FOUND,1067,https://www.fragrantica.com/p/1067,https://fimgs.net/mdimg/perfume-social-cards/en-p_c_1067.jpeg,fragrantica-scraper-archive/social-cards/images/224_1132-ARM_1067.jpeg,DOWNLOADED,104490,60a3c45018f6cdf5797701e2f0838d610db98ac2168f9e4fd5afc8f92da61e61,
223,1131-ARM,Mania,Giorgio Armani,Mania,CONFIRMED,FOUND,423,https://www.fragrantica.com/perfume/Giorgio-Armani/Mania-423.html,https://fimgs.net/mdimg/perfume-social-cards/en-p_c_423.jpeg,fragrantica-scraper-archive/social-cards/images/223_1131-ARM_423.jpeg,DOWNLOADED,92761,5058956c5b2742f3749c17e8857aa5ecd1b9d7a009dcb99c7b1898b374e2ef44,
222,1130-ARM,CODE PROFUMO,Giorgio Armani,Armani Code Profumo,CONFIRMED,FOUND,34761,https://www.fragrantica.com/perfume/Giorgio-Armani/Armani-Code-Profumo-34761.html,https://fimgs.net/mdimg/perfume-social-cards/en-p_c_34761.jpeg,fragrantica-scraper-archive/social-cards/images/222_1130-ARM_34761.jpeg,DOWNLOADED,105717,342ef75695b89f283ffaec9b999c61192271c3d658af9c89c3b83d1d0951767b,
221,1129-ARM,CODE ICE,Giorgio Armani,Armani Code Ice,CONFIRMED,FOUND,24601,https://www.fragrantica.com/perfume/Giorgio-Armani/Armani-Code-Ice-24601.html,https://fimgs.net/mdimg/perfume-social-cards/en-p_c_24601.jpeg,fragrantica-scraper-archive/social-cards/images/221_1129-ARM_24601.jpeg,DOWNLOADED,101186,7b339450a346e7a541c6e3e6a64b9044af15a9867134f7c8a605ce752640151d,
220,1128-ARM,CODE COLONIA,Giorgio Armani,Armani Code Colonia,CONFIRMED,FOUND,42895,https://www.fragrantica.com/perfume/Giorgio-Armani/Armani-Code-Colonia-42895.html,https://fimgs.net/mdimg/perfume-social-cards/en-p_c_42895.jpeg,fragrantica-scraper-archive/social-cards/images/220_1128-ARM_42895.jpeg,DOWNLOADED,104122,d0c8345db0939f2ae659271ac72bc2170100471837f0f0a4067a33c5f2436cad,
218,1125-ARM,ACQUA DI GIO ESSENZA,Giorgio Armani,Acqua di Gio Essenza,CONFIRMED,FOUND,14825,https://www.fragrantica.com/perfume/Giorgio-Armani/Acqua-di-Gio-Essenza-14825.html,https://fimgs.net/mdimg/perfume-social-cards/en-p_c_14825.jpeg,fragrantica-scraper-archive/social-cards/images/218_1125-ARM_14825.jpeg,DOWNLOADED,105245,3d39d7681b0e62348f15c941242a656e0288e0a15b70b5ed458a0fb03590087c,
217,1124-ARM,ACQUA DI GIO ABSOLU,Giorgio Armani,Acqua di Gio Absolu,CONFIRMED,FOUND,48138,https://www.fragrantica.com/perfume/Giorgio-Armani/Acqua-di-Gio-Absolu-48138.html,https://fimgs.net/mdimg/perfume-social-cards/en-p_c_48138.jpeg,fragrantica-scraper-archive/social-cards/images/217_1124-ARM_48138.jpeg,DOWNLOADED,108362,055bd36853034159ee9289f33a50b4fc50803c78812d142a57db8ded95d1bcf8,
216,1123-ARM,ACQUA DI GIO,,,CONFIRMED,FOUND,410,https://www.fragrantica.com/perfume/Giorgio-Armani/Acqua-di-Gio-410.html,https://fimgs.net/mdimg/perfume-social-cards/en-p_c_410.jpeg,fragrantica-scraper-archive/social-cards/images/216_1123-ARM_410.jpeg,DOWNLOADED,99721,bb035200c33c546f8120411e28f4176e13e23dcfe52ac706f920d3b605a4e8b9,
215,1122-GFE,,Gianfranco Ferré,In the Mood for Love,CONFIRMED,FOUND,6530,https://www.fragrantica.com/p/6530,https://fimgs.net/mdimg/perfume-social-cards/en-p_c_6530.jpeg,fragrantica-scraper-archive/social-cards/images/215_1122-GFE_6530.jpeg,DOWNLOADED,102262,63bc02c634c6fc4ea7ef00348cf818e98d85ced103244725f695e5076e03ce34,
213,1120-FER,,Ferrari,Cedar Essence,CONFIRMED,FOUND,24450,https://www.fragrantica.com/perfume/-24450.html,https://fimgs.net/mdimg/perfume-social-cards/en-p_c_24450.jpeg,fragrantica-scraper-archive/social-cards/images/213_1120-FER_24450.jpeg,DOWNLOADED,103811,549dd357a296309d77f704a1417a33ead36e0f9f09a9ba4142eb9d0aac64fd8a,
212,1119-FEN,,Fendi,Fan di Fendi pour Homme Acqua,CONFIRMED,FOUND,18154,https://www.fragrantica.com/perfume/Fendi/Fan-di-Fendi-pour-Homme-Acqua-18154.html,https://fimgs.net/mdimg/perfume-social-cards/en-p_c_18154.jpeg,fragrantica-scraper-archive/social-cards/images/212_1119-FEN_18154.jpeg,DOWNLOADED,115498,a318794022a91eb9f8806b69c74ebcf905944ee74ac90d1455820005fa3c00f3,
211,1118-FAB,,,,CONFIRMED,FOUND,38206,https://www.fragrantica.com/perfume/Faberge/Brut-38206.html,https://fimgs.net/mdimg/perfume-social-cards/en-p_c_38206.jpeg,fragrantica-scraper-archive/social-cards/images/211_1118-FAB_38206.jpeg,DOWNLOADED,99787,bd7b1e631e23abe46a13a13df505d003440aa5ce1e3cde18f48d8b03c8f81903,
210,1117-EST,INTUITION - ESTEE LAUDER,Estée Lauder,Intuition for Men,CONFIRMED,FOUND,533,https://www.fragrantica.com/p/533,https://fimgs.net/mdimg/perfume-social-cards/en-p_c_533.jpeg,fragrantica-scraper-archive/social-cards/images/210_1117-EST_533.jpeg,DOWNLOADED,113014,e193027416deed5d9f74411084e2b456cfb4f33a7ff0914e6ba7031989c90ec7,
209,1116-ZEG,,Ermenegildo Zegna,Uomo Absolute,CONFIRMED,FOUND,28142,https://www.fragrantica.com/perfume/Ermenegildo-Zegna/Uomo-Absolute-28142.html,https://fimgs.net/mdimg/perfume-social-cards/en-p_c_28142.jpeg,fragrantica-scraper-archive/social-cards/images/209_1116-ZEG_28142.jpeg,DOWNLOADED,112185,8cf8dc8d82deaba0ffcceb11c429afe2e13fd9d7fcc4a0c4e287fd01e355bd73,
208,1115-ZEG,,Cremo,Bourbon Vanilla,CONFIRMED,FOUND,95947,https://www.fragrantica.com/perfume/Cremo/Bourbon-Vanilla-95947.html,https://fimgs.net/mdimg/perfume-social-cards/en-p_c_95947.jpeg,fragrantica-scraper-archive/social-cards/images/208_1115-ZEG_95947.jpeg,DOWNLOADED,94197,5d5144bdc8e1991ab39a5ea5e5c51940e62a54f1a5ec32d6816a788330e2c796,
207,1137-ARM,WHITE,Giorgio Armani,WHITE,CONFIRMED,FOUND,419,https://www.fragrantica.com/perfume/Giorgio-Armani/Emporio-Armani-White-For-Him-419.html,https://fimgs.net/mdimg/perfume-social-cards/en-p_c_419.jpeg,fragrantica-scraper-archive/social-cards/images/207_1137-ARM_419.jpeg,DOWNLOADED,98565,f341280f8f1f15a5a6bdb9a4a5110144bb544ff44b72d6398751fc1390f8242a,
206,1135-ARM,LUI/IL/HE/EL,Giorgio Armani,Emporio Armani Lui,CONFIRMED,FOUND,416,https://www.fragrantica.com/p/416,https://fimgs.net/mdimg/perfume-social-cards/en-p_c_416.jpeg,fragrantica-scraper-archive/social-cards/images/206_1135-ARM_416.jpeg,DOWNLOADED,99049,f90426936010c310a381b582efb53f5ca22136e670d09d5f1d3c9f2ef5471b09,
205,1114-DUN,,Alfred Dunhill,Icon Elite,CONFIRMED,FOUND,38982,https://www.fragrantica.com/perfume/Alfred-Dunhill/Icon-Elite-38982.html,https://fimgs.net/mdimg/perfume-social-cards/en-p_c_38982.jpeg,fragrantica-scraper-archive/social-cards/images/205_1114-DUN_38982.jpeg,DOWNLOADED,124664,f5d22c2f0da2f0e675a0be417484aecd3e455a74156b6a5ec347cc4cc40af7fa,
204,1113-DSQ,,DSQUARED2,Wild,CONFIRMED,FOUND,27438,https://www.fragrantica.com/perfume/DSQUARED2/Wild-27438.html,https://fimgs.net/mdimg/perfume-social-cards/en-p_c_27438.jpeg,fragrantica-scraper-archive/social-cards/images/204_1113-DSQ_27438.jpeg,DOWNLOADED,102449,2b8a15d2c051a15df25fe62998cd1153b34bd0671b816c6f6eea3676f2202ef4,
203,1112-DSQ,,DSQUARED2,He Wood Rocky Mountain Wood,CONFIRMED,FOUND,5862,https://www.fragrantica.com/perfume/DSQUARED2/He-Wood-Rocky-Mountain-Wood-5862.html,https://fimgs.net/mdimg/perfume-social-cards/en-p_c_5862.jpeg,fragrantica-scraper-archive/social-cards/images/203_1112-DSQ_5862.jpeg,DOWNLOADED,118867,ce918b3dbe6c8b4ca03609ac4135be17a991f907d7aa5106e2e98208ba46511b,
202,1111-DSQ,,DSQUARED2,He Wood,CONFIRMED,FOUND,1936,https://www.fragrantica.com/perfume/DSQUARED2/He-Wood-1936.html,https://fimgs.net/mdimg/perfume-social-cards/en-p_c_1936.jpeg,fragrantica-scraper-archive/social-cards/images/202_1111-DSQ_1936.jpeg,DOWNLOADED,104952,0f2a1bd5924c66cbe841bae146ccae4d4b57e32dbecb6894d365fdff587792cd,
201,1110-DSQ,,Dsquared2,BLACK POTION - DSQUARED,CONFIRMED,FOUND,18592,https://www.fragrantica.com/perfume/DSQUARED2/Potion-Royal-Black-18592.html,https://fimgs.net/mdimg/perfume-social-cards/en-p_c_18592.jpeg,fragrantica-scraper-archive/social-cards/images/201_1110-DSQ_18592.jpeg,DOWNLOADED,109563,fd07128e7bc1a26462a92c3ca9d798a5605486a7d2793ab4ca3bbbe8c3852515,
200,1109-DIE,,Diesel,Only The Brave Wild,CONFIRMED,FOUND,26131,https://www.fragrantica.com/perfume/Diesel/Only-The-Brave-Wild-26131.html,https://fimgs.net/mdimg/perfume-social-cards/en-p_c_26131.jpeg,fragrantica-scraper-archive/social-cards/images/200_1109-DIE_26131.jpeg,DOWNLOADED,105268,122c52f1ca593d71b79930625b28f7b9e75241ffb9508e8e90e891c3bc79db12,
199,1108-DIE,ONLY THE BRAVE - DIESEL,Diesel,Only The Brave,CONFIRMED,FOUND,5532,https://www.fragrantica.com/perfume/Diesel/Only-The-Brave-5532.html,https://fimgs.net/mdimg/perfume-social-cards/en-p_c_5532.jpeg,fragrantica-scraper-archive/social-cards/images/199_1108-DIE_5532.jpeg,DOWNLOADED,110892,71b2b3071b9c25e5021a27260bf3f15d422440c8b000c78a5f6a0f84776f5af3,
198,1107-DIE,BAD - DIESEL,Diesel,Bad,CONFIRMED,FOUND,39383,https://www.fragrantica.com/perfume/Diesel/Bad-39383.html,https://fimgs.net/mdimg/perfume-social-cards/en-p_c_39383.jpeg,fragrantica-scraper-archive/social-cards/images/198_1107-DIE_39383.jpeg,DOWNLOADED,107131,3675e7b4ab4bcb247a58438acbbdbf853e28b6e40f5f502ef12a4057006df47f,
197,1106-DAV,,Davidoff,Zino Davidoff,CONFIRMED,FOUND,590,https://www.fragrantica.com/perfume/Davidoff/Zino-Davidoff-590.html,https://fimgs.net/mdimg/perfume-social-cards/en-p_c_590.jpeg,fragrantica-scraper-archive/social-cards/images/197_1106-DAV_590.jpeg,DOWNLOADED,99770,5e305f1b9d748492364b03b71485394f40fd571b34890c51fbe40b6936f0189a,
196,1105-DAV,,Davidoff,The Brilliant Game,CONFIRMED,FOUND,28801,https://www.fragrantica.com/perfume/Davidoff/The-Brilliant-Game-28801.html,https://fimgs.net/mdimg/perfume-social-cards/en-p_c_28801.jpeg,fragrantica-scraper-archive/social-cards/images/196_1105-DAV_28801.jpeg,DOWNLOADED,110348,8121e3e68e98fd8f30bc255f6b7e3db40f68b253b26b72df36b1a05b6a26098c,
195,1104-DAV,,Davidoff,PURE PACIFIC - DAVIDOFF,CONFIRMED,FOUND,14564,https://www.fragrantica.com/perfume/Davidoff/Cool-Water-Pure-Pacific-for-Him-14564.html,https://fimgs.net/mdimg/perfume-social-cards/en-p_c_14564.jpeg,fragrantica-scraper-archive/social-cards/images/195_1104-DAV_14564.jpeg,DOWNLOADED,106499,5222f1d97d9d7b03504095fc89dc8c2f26b0566460e0477a0110605e70a2e909,
194,1103-DAV,,Davidoff,Hot Water,CONFIRMED,FOUND,6282,https://www.fragrantica.com/perfume/Davidoff/Hot-Water-6282.html,https://fimgs.net/mdimg/perfume-social-cards/en-p_c_6282.jpeg,fragrantica-scraper-archive/social-cards/images/194_1103-DAV_6282.jpeg,DOWNLOADED,105714,dd2ea084d4c3c0a399087531919ad2473f4c94938b92f0848eef4e46df1b6730,
193,1102-DAV,,,,CONFIRMED,FOUND,507,https://www.fragrantica.com/perfume/Davidoff/Cool-Water-507.html,https://fimgs.net/mdimg/perfume-social-cards/en-p_c_507.jpeg,fragrantica-scraper-archive/social-cards/images/193_1102-DAV_507.jpeg,DOWNLOADED,108976,2d9450a80a2bc6ebdb9655aa8daa04f8f405246b9f4b4a915fbce58a9794d073,
192,1101-DOL,VELVET BERGAMOT,Dolce Gabbana,Velvet Bergamot,CONFIRMED,FOUND,25154,https://www.fragrantica.com/perfume/Dolce-Gabbana/Velvet-Bergamot-25154.html,https://fimgs.net/mdimg/perfume-social-cards/en-p_c_25154.jpeg,fragrantica-scraper-archive/social-cards/images/192_1101-DOL_25154.jpeg,DOWNLOADED,107666,372547b17e94b4bc00a21a0086c5bf6c4d8cd52a0c7050c4bc133cdf61432332,
191,1099-DOL,The One,Dolce Gabbana,The One,CONFIRMED,FOUND,698,https://www.fragrantica.com/perfume/Dolce-Gabbana/The-One-698.html,https://fimgs.net/mdimg/perfume-social-cards/en-p_c_698.jpeg,fragrantica-scraper-archive/social-cards/images/191_1099-DOL_698.jpeg,DOWNLOADED,95003,bb2ae21aacbc01b00018f49047c75d86b75614c3010423a41c9910db5a55f81d,
190,1098-DOL,Pour Homme 1994,Dolce Gabbana,Dolce Gabbana pour Homme 1994,CONFIRMED,FOUND,483,https://www.fragrantica.com/perfume/Dolce-Gabbana/Dolce-Gabbana-pour-Homme-1994-483.html,https://fimgs.net/mdimg/perfume-social-cards/en-p_c_483.jpeg,fragrantica-scraper-archive/social-cards/images/190_1098-DOL_483.jpeg,DOWNLOADED,113197,2f5eb49a957e3fa9f63143f9d5dae862a04ba7729d616c7e4f046958ef80ebe2,
188,1096-DOL,LIGHT BLUE EAU INTENSE,Dolce Gabbana,Light Blue Eau Intense,CONFIRMED,FOUND,44034,https://www.fragrantica.com/perfume/Dolce-Gabbana/Light-Blue-Eau-Intense-44034.html,https://fimgs.net/mdimg/perfume-social-cards/en-p_c_44034.jpeg,fragrantica-scraper-archive/social-cards/images/188_1096-DOL_44034.jpeg,DOWNLOADED,99776,ed4e1d37926ced2a9f42ac4be788c3575bf2da81292ac43e6bf5cd1d449e2bba,
187,1095-DOL,LIGHT BLUE MAN,Dolce Gabbana,Light Blue,CONFIRMED,FOUND,485,https://www.fragrantica.com/perfume/Dolce-Gabbana/Light-Blue-485.html,https://fimgs.net/mdimg/perfume-social-cards/en-p_c_485.jpeg,fragrantica-scraper-archive/social-cards/images/187_1095-DOL_485.jpeg,DOWNLOADED,95075,db33b2499b69d07e27a55d8ac6745795ecc252013e0cb36e4ddaf4a9c4fddc48,
186,1093-DOL,INTENSO,Dolce&Gabbana,Dolce&Gabbana Pour Homme Intenso,CONFIRMED,FOUND,28935,https://www.fragrantica.com/perfume/Dolce-Gabbana/Dolce-Gabbana-Pour-Homme-Intenso-28935.html,https://fimgs.net/mdimg/perfume-social-cards/en-p_c_28935.jpeg,fragrantica-scraper-archive/social-cards/images/186_1093-DOL_28935.jpeg,DOWNLOADED,107697,a2b32c3cf5a5bf897d650ed63d054d39831a95d3eef0a2e5c2643996f5352c24,
185,1092-DOL,BY,Dolce & Gabbana,By Man Eau de Toilette,CONFIRMED,FOUND,490,https://www.fragrantica.com/perfume/Dolce-Gabbana/By-490.html,https://fimgs.net/mdimg/perfume-social-cards/en-p_c_490.jpeg,fragrantica-scraper-archive/social-cards/images/185_1092-DOL_490.jpeg,DOWNLOADED,124840,f2ebb0f4ffc0701fd0a1eff7910f6f3c91462634d367899da8604b1832e477d6,
184,1089-COM,,Comme des Garcons,Wonderwood,CONFIRMED,FOUND,8991,https://www.fragrantica.com/perfume/Comme-des-Garcons/Wonderwood-8991.html,https://fimgs.net/mdimg/perfume-social-cards/en-p_c_8991.jpeg,fragrantica-scraper-archive/social-cards/images/184_1089-COM_8991.jpeg,DOWNLOADED,103600,3a854a1f3553d1328c162c910f3606cc8abc4794dfe394029ec7e7cd11f11639,
183,1087-COM,,Comme des Garcons,Comme des Garcons,CONFIRMED,FOUND,389,https://www.fragrantica.com/perfume/Comme-des-Garcons/Comme-des-Garcons-389.html,https://fimgs.net/mdimg/perfume-social-cards/en-p_c_389.jpeg,fragrantica-scraper-archive/social-cards/images/183_1087-COM_389.jpeg,DOWNLOADED,110523,a5f7d335ae3f0bfc6ef5239461edb82a3fed895c690ed4997a6b935d52f563eb,
182,1086-CLI,HAPPY - CLINIQUE,The Dua Brand,Happy,CONFIRMED,FOUND,66133,https://www.fragrantica.com/perfume/The-Dua-Brand/Happy-66133.html,https://fimgs.net/mdimg/perfume-social-cards/en-p_c_66133.jpeg,fragrantica-scraper-archive/social-cards/images/182_1086-CLI_66133.jpeg,MISSING,,,HTTP 404
181,1085-DRC,SAUVAGE,Dior,Sauvage,CONFIRMED,FOUND,31861,https://www.fragrantica.com/perfume/Dior/Sauvage-31861.html,https://fimgs.net/mdimg/perfume-social-cards/en-p_c_31861.jpeg,fragrantica-scraper-archive/social-cards/images/181_1085-DRC_31861.jpeg,DOWNLOADED,102055,05441c9d9da322a6cc7f10c20a20dbd5a47a2844717c73b7b1c951c933796fcf,
179,1083-DRC,INTENSE HOMME,The Dua Brand,Intense Homme,CONFIRMED,FOUND,86301,https://www.fragrantica.com/perfume/The-Dua-Brand/Intense-Homme-86301.html,https://fimgs.net/mdimg/perfume-social-cards/en-p_c_86301.jpeg,fragrantica-scraper-archive/social-cards/images/179_1083-DRC_86301.jpeg,DOWNLOADED,104274,22c9281e782404dc207fd18bf0f910b830f5d4274b0d703cead4a70ee772dcc1,
178,1082-DRC,HOMME SPORT,Dior,HOMME SPORT,CONFIRMED,FOUND,4033,https://www.fragrantica.com/perfume/Dior/Dior-Homme-Sport-4033.html,https://fimgs.net/mdimg/perfume-social-cards/en-p_c_4033.jpeg,fragrantica-scraper-archive/social-cards/images/178_1082-DRC_4033.jpeg,DOWNLOADED,105776,47d6a4b67f3d99ba370bad98064fa8dd6db2e186ac4f5ddf6574b72781859d7c,
176,1080-DRC,HOMME,Dior,HOMME,CONFIRMED,FOUND,230,https://www.fragrantica.com/perfume/Dior/Dior-Homme-230.html,https://fimgs.net/mdimg/perfume-social-cards/en-p_c_230.jpeg,fragrantica-scraper-archive/social-cards/images/176_1080-DRC_230.jpeg,DOWNLOADED,109888,60dd102f4e18a4278829d3bf4aa86fed878c5f02b02cd58d74bc0a4098985ad8,
175,1079-DRC,HIGHER ENERGY,Dior,Higher Energy,CONFIRMED,FOUND,234,https://www.fragrantica.com/perfume/Dior/Higher-Energy-234.html,https://fimgs.net/mdimg/perfume-social-cards/en-p_c_234.jpeg,fragrantica-scraper-archive/social-cards/images/175_1079-DRC_234.jpeg,DOWNLOADED,105601,24121ac0d880d52c9fd93a44ff731fc35b16a0d48ff38d2207a6b4f1b8329123,
174,1078-DRC,HIGHER,Dior,Higher,CONFIRMED,FOUND,233,https://www.fragrantica.com/perfume/Dior/Higher-233.html,https://fimgs.net/mdimg/perfume-social-cards/en-p_c_233.jpeg,fragrantica-scraper-archive/social-cards/images/174_1078-DRC_233.jpeg,DOWNLOADED,100241,8ede7c4dc46b3f4175acc1eccf383aae6c8c3a8e7648077227fde577c58a3c33,
173,1077-DRC,FAHRENEIT 32,Dior,Fahrenheit 32,CONFIRMED,FOUND,987,https://www.fragrantica.com/perfume/Dior/Fahrenheit-32-987.html,https://fimgs.net/mdimg/perfume-social-cards/en-p_c_987.jpeg,fragrantica-scraper-archive/social-cards/images/173_1077-DRC_987.jpeg,DOWNLOADED,88902,1bca15116310f3f2bbc91dccb1addeebff776a3b4fb35ce5c096fc0fc1359cbd,
172,,Fahrenheit,Dior,Fahrenheit,CONFIRMED,FOUND,228,https://www.fragrantica.com/perfume/Dior/Fahrenheit-228.html,https://fimgs.net/mdimg/perfume-social-cards/en-p_c_228.jpeg,fragrantica-scraper-archive/social-cards/images/172_unknown_228.jpeg,DOWNLOADED,100932,acfe9b70e5e8720453352115d7b8c71c685d8706fefe6b9faec594fd699362c4,
171,1075-DRC,EAU SAUVAGE,Dior,Eau Sauvage,CONFIRMED,FOUND,231,https://www.fragrantica.com/perfume/Dior/Eau-Sauvage-231.html,https://fimgs.net/mdimg/perfume-social-cards/en-p_c_231.jpeg,fragrantica-scraper-archive/social-cards/images/171_1075-DRC_231.jpeg,DOWNLOADED,123005,657dc2799a65bbdd30daabe0a9fe390b46e2e2d6872717051ee93c0f7a0467b9,
170,1074-DRC,DUNE,Dior,Dune,CONFIRMED,FOUND,221,https://www.fragrantica.com/perfume/Dior/Dune-221.html,https://fimgs.net/mdimg/perfume-social-cards/en-p_c_221.jpeg,fragrantica-scraper-archive/social-cards/images/170_1074-DRC_221.jpeg,DOWNLOADED,107869,be7bd89e7e01ca6ffd7da9268066ef1afc1c6d94b96c6e505fcb1f5059952127,
169,1073-DRC,HOMME PARFUM,Dior,Dior Homme Parfum,CONFIRMED,FOUND,27417,https://www.fragrantica.com/perfume/Dior/Dior-Homme-Parfum-27417.html,https://fimgs.net/mdimg/perfume-social-cards/en-p_c_27417.jpeg,fragrantica-scraper-archive/social-cards/images/169_1073-DRC_27417.jpeg,DOWNLOADED,110678,ee73977d6098f5018bbe5f9a65e92c87fa9cb9cace48bd7976d2122b7a561a7b,
168,1071-DRC,AMBRE NUIT,Dior,Ambre Nuit,CONFIRMED,FOUND,7092,https://www.fragrantica.com/perfume/Dior/Ambre-Nuit-7092.html,https://fimgs.net/mdimg/perfume-social-cards/en-p_c_7092.jpeg,fragrantica-scraper-archive/social-cards/images/168_1071-DRC_7092.jpeg,DOWNLOADED,101067,035fb2bda57bfa594de89831f84b2ceebeebc71885c553373c7f1e3cc03a7144,
167,1070-CHA,EGOISTE PLATINUM,Chanel,Egoiste Platinum,CONFIRMED,FOUND,614,https://www.fragrantica.com/perfume/Chanel/Egoiste-Platinum-614.html,https://fimgs.net/mdimg/perfume-social-cards/en-p_c_614.jpeg,fragrantica-scraper-archive/social-cards/images/167_1070-CHA_614.jpeg,DOWNLOADED,113087,c1b3970a700120c8c94084b2432ad421ea7ed5993cd04938897ea54ef77e8f96,
166,1069-CHA,Egoiste,Chanel,Egoiste,CONFIRMED,FOUND,613,https://www.fragrantica.com/perfume/Chanel/Egoiste-613.html,https://fimgs.net/mdimg/perfume-social-cards/en-p_c_613.jpeg,fragrantica-scraper-archive/social-cards/images/166_1069-CHA_613.jpeg,DOWNLOADED,106248,65736942ac9aa4abbac5058c3efaacbedf357da990944c545b04c8578b4fe645,
165,1068-CHA,Boy,Chanel,Boy Eau de Parfum,CONFIRMED,FOUND,37473,https://www.fragrantica.com/perfume/Chanel/Boy-Eau-de-Parfum-37473.html,https://fimgs.net/mdimg/perfume-social-cards/en-p_c_37473.jpeg,fragrantica-scraper-archive/social-cards/images/165_1068-CHA_37473.jpeg,DOWNLOADED,100472,5d6bfa32dc296e26d77a55fe6ffcc74780198400fc087da9efad85616c851211,
164,1067-CHA,BLEU,Chanel,Bleu de Chanel,CONFIRMED,FOUND,9099,https://www.fragrantica.com/perfume/Chanel/Bleu-de-Chanel-9099.html,https://fimgs.net/mdimg/perfume-social-cards/en-p_c_9099.jpeg,fragrantica-scraper-archive/social-cards/images/164_1067-CHA_9099.jpeg,DOWNLOADED,103471,fa69ab492acb4744496ead8b6463b7de9d64905596de0be6f8a904a499674a71,
163,1066-CHA,Antaeus,Chanel,Antaeus,CONFIRMED,FOUND,616,https://www.fragrantica.com/perfume/Chanel/Antaeus-616.html,https://fimgs.net/mdimg/perfume-social-cards/en-p_c_616.jpeg,fragrantica-scraper-archive/social-cards/images/163_1066-CHA_616.jpeg,DOWNLOADED,120364,91ccfc862fea444e2f9d697e52d287ea038b1ddf8bd7e8e6d4abde2ad578bab6,
162,1065-CHA,ALLURE HOMME SPORT,Chanel,Allure Homme Sport,CONFIRMED,FOUND,607,https://www.fragrantica.com/perfume/Chanel/Allure-Homme-Sport-607.html,https://fimgs.net/mdimg/perfume-social-cards/en-p_c_607.jpeg,fragrantica-scraper-archive/social-cards/images/162_1065-CHA_607.jpeg,DOWNLOADED,101627,669045637377d5ffcc46e8739275da0c38864e4998d9326296c0fe3f9dd4887c,
161,1064-CHA,ALLURE FOR MEN,Chanel,Allure,CONFIRMED,FOUND,502,https://www.fragrantica.com/perfume/Chanel/Allure-502.html,https://fimgs.net/mdimg/perfume-social-cards/en-p_c_502.jpeg,fragrantica-scraper-archive/social-cards/images/161_1064-CHA_502.jpeg,DOWNLOADED,91727,52e6b29d5998218dadedef90bca50be44cb6e651308c3f08323b03b2e23672e3,
160,1063-CER,,Cerruti,Cerruti Pour Homme,CONFIRMED,FOUND,1441,https://www.fragrantica.com/perfume/Cerruti/Cerruti-Pour-Homme-1441.html,https://fimgs.net/mdimg/perfume-social-cards/en-p_c_1441.jpeg,fragrantica-scraper-archive/social-cards/images/160_1063-CER_1441.jpeg,DOWNLOADED,110405,f69ccc2937c8f81cdc8fbb60b54672b7f03905572d8df8d299c1622c2c5abf68,
159,1062-CRT,ROADSTER - CARTIER,Cartier,Roadster,CONFIRMED,FOUND,3474,https://www.fragrantica.com/perfume/Cartier/Roadster-3474.html,https://fimgs.net/mdimg/perfume-social-cards/en-p_c_3474.jpeg,fragrantica-scraper-archive/social-cards/images/159_1062-CRT_3474.jpeg,DOWNLOADED,102420,33c6dfc61e437b0cf38be350c8465676e8304f7c4a9e4cc5b021bd3821df80f5,
158,1061-CRT,PASHA DE CARTIER - CARTIER,Cartier,Pasha de Cartier Fraicheur Menthe,CONFIRMED,FOUND,2446,https://www.fragrantica.com/perfume/Cartier/Pasha-de-Cartier-Fraicheur-Menthe-2446.html,https://fimgs.net/mdimg/perfume-social-cards/en-p_c_2446.jpeg,fragrantica-scraper-archive/social-cards/images/158_1061-CRT_2446.jpeg,DOWNLOADED,128255,7f3ad45dd5a2732eea118ef4841e022a7b77979e42c422597712d2ab4b221c3e,
157,1060-CRT,L'ENVOL DE CARTIER,,,CONFIRMED,FOUND,39885,https://www.fragrantica.com/perfume/Cartier/L-Envol-de-Cartier-39885.html,https://fimgs.net/mdimg/perfume-social-cards/en-p_c_39885.jpeg,fragrantica-scraper-archive/social-cards/images/157_1060-CRT_39885.jpeg,DOWNLOADED,100331,0dd955d511ac6a945e7580fdaf3315dcd8b0ea3a25e821c23c9bcbe8e05805b5,
156,1059-CRT,DECLARATION - CARTIER,Cartier,Declaration,CONFIRMED,FOUND,307,https://www.fragrantica.com/perfume/Cartier/Declaration-307.html,https://fimgs.net/mdimg/perfume-social-cards/en-p_c_307.jpeg,fragrantica-scraper-archive/social-cards/images/156_1059-CRT_307.jpeg,DOWNLOADED,104018,4d648ceabf689e38df954bbe5ccb21627e279b2c72f4e7625f7d41cd20076dee,
155,1057-CAR,212 VIP WILD PARTY,Carolina Herrera,212 VIP Wild Party,CONFIRMED,FOUND,35780,https://www.fragrantica.com/perfume/Carolina-Herrera/212-VIP-Wild-Party-35780.html,https://fimgs.net/mdimg/perfume-social-cards/en-p_c_35780.jpeg,fragrantica-scraper-archive/social-cards/images/155_1057-CAR_35780.jpeg,DOWNLOADED,102963,8591fd34409e8642780c3f7f13bccab913524212dafece73b749ea0986ac0685,
154,1056-CAR,212 VIP MEN,Carolina Herrera,212 VIP Men,CONFIRMED,FOUND,12865,https://www.fragrantica.com/perfume/Carolina-Herrera/212-VIP-Men-12865.html,https://fimgs.net/mdimg/perfume-social-cards/en-p_c_12865.jpeg,fragrantica-scraper-archive/social-cards/images/154_1056-CAR_12865.jpeg,DOWNLOADED,97314,8552e67dfea05d375484cca5acce3e7035aa9fb4801d205f101585cfd03806f3,
153,1055-CAR,212 VIP CLUB EDITION,Carolina Herrera,212 VIP Club Edition,CONFIRMED,FOUND,30424,https://www.fragrantica.com/perfume/Carolina-Herrera/212-VIP-Club-Edition-30424.html,https://fimgs.net/mdimg/perfume-social-cards/en-p_c_30424.jpeg,fragrantica-scraper-archive/social-cards/images/153_1055-CAR_30424.jpeg,DOWNLOADED,98816,5e2a30c78ca67ad0efb4e29779ecaf4121e7bc8f080a6cf697c23541482297e8,
152,1054-CAR,212 SEXY MEN,Carolina Herrera,212 Sexy Men,CONFIRMED,FOUND,1054,https://www.fragrantica.com/perfume/Carolina-Herrera/212-Sexy-Men-1054.html,https://fimgs.net/mdimg/perfume-social-cards/en-p_c_1054.jpeg,fragrantica-scraper-archive/social-cards/images/152_1054-CAR_1054.jpeg,DOWNLOADED,103975,1678e84a1accba5e038c23466c0af99122aff6aa325f42c74bfbcafc124691fd,
151,476-CAL,ONE SUMMER 2016 CALVIN KLEIN,Calvin Klein,CK One Summer 2016,CONFIRMED,FOUND,35568,https://www.fragrantica.com/perfume/Calvin-Klein/CK-One-Summer-2016-35568.html,https://fimgs.net/mdimg/perfume-social-cards/en-p_c_35568.jpeg,fragrantica-scraper-archive/social-cards/images/151_476-CAL_35568.jpeg,DOWNLOADED,110335,7814f2f581b03e4b87e492e5ac29dec2a055804276537b0f9904738c2056db36,
150,1051-CAL,ONE SHOCK FOR HIM  - CALVIN KLEIN,Calvin Klein,CK One Shock For Him,CONFIRMED,FOUND,12520,https://www.fragrantica.com/perfume/Calvin-Klein/CK-One-Shock-For-Him-12520.html,https://fimgs.net/mdimg/perfume-social-cards/en-p_c_12520.jpeg,fragrantica-scraper-archive/social-cards/images/150_1051-CAL_12520.jpeg,DOWNLOADED,110438,7f0f5602e37aa6c357ee580873f996b3bf6f93625ecd393d420462fa832631e6,
149,1050-CAL,ONE RED EDITION FOR HIM - CALVIN KLEIN,Calvin Klein,CK One Red Edition for Him,CONFIRMED,FOUND,22327,https://www.fragrantica.com/perfume/Calvin-Klein/CK-One-Red-Edition-for-Him-22327.html,https://fimgs.net/mdimg/perfume-social-cards/en-p_c_22327.jpeg,fragrantica-scraper-archive/social-cards/images/149_1050-CAL_22327.jpeg,DOWNLOADED,110182,e48f190d8a01cb50ce441a5b7358c16a87f14c71f81a8697c793a76118466dbf,
148,1049-CAL,ONE - CK,Calvin Klein,CK One,CONFIRMED,FOUND,276,https://www.fragrantica.com/perfume/Calvin-Klein/CK-One-276.html,https://fimgs.net/mdimg/perfume-social-cards/en-p_c_276.jpeg,fragrantica-scraper-archive/social-cards/images/148_1049-CAL_276.jpeg,DOWNLOADED,97858,b3bd820c326c5e8f0576881491459b01077309427d1c082ab8ac6fea48ecab4d,
147,1048-CAL,OBSESSION - CALVIN KLEIN,Calvin Klein,Obsession,CONFIRMED,FOUND,248,https://www.fragrantica.com/perfume/Calvin-Klein/Obsession-248.html,https://fimgs.net/mdimg/perfume-social-cards/en-p_c_248.jpeg,fragrantica-scraper-archive/social-cards/images/147_1048-CAL_248.jpeg,DOWNLOADED,103330,fe96480a551f570fa0fd905b7a7f394fbaaa958356244c34b9ec5589370b0f08,
146,1047-CAL,EUPHORIA MEN - CALVIN KLEIN,Calvin Klein,Euphoria Men,CONFIRMED,FOUND,799,https://www.fragrantica.com/perfume/Calvin-Klein/Euphoria-Men-799.html,https://fimgs.net/mdimg/perfume-social-cards/en-p_c_799.jpeg,fragrantica-scraper-archive/social-cards/images/146_1047-CAL_799.jpeg,DOWNLOADED,107141,2f61e1a9f578b6578e543adfaf3788faa492ab369ff87f69fa7b2461717d24f2,
145,1045-CAL,ETERNITY NOW - CALVIN KLEIN,Calvin Klein,Eternity,CONFIRMED,FOUND,257,https://www.fragrantica.com/perfume/Calvin-Klein/Eternity-257.html,https://fimgs.net/mdimg/perfume-social-cards/en-p_c_257.jpeg,fragrantica-scraper-archive/social-cards/images/145_1045-CAL_257.jpeg,DOWNLOADED,99341,6718d6d11cd38ef1f210fd44d14b96bb0d2e0635e282639dc537d9c67f46ba56,
143,1043-CAL,BE  - CALVIN KLEIN,Calvin Klein,Calvin Klein,CONFIRMED,FOUND,14606,https://www.fragrantica.com/perfume/Calvin-Klein/Calvin-Klein-14606.html,https://fimgs.net/mdimg/perfume-social-cards/en-p_c_14606.jpeg,fragrantica-scraper-archive/social-cards/images/143_1043-CAL_14606.jpeg,DOWNLOADED,104430,f35240599ac351dcc9efc3a00215e7e9570a32826ba646d5fe680850ba5d0454,
142,1042-CAC,POUR HOMME,Cacharel,POUR HOMME,CONFIRMED,FOUND,2036,https://www.fragrantica.com/perfume/Cacharel/Cacharel-Pour-L-Homme-2036.html,https://fimgs.net/mdimg/perfume-social-cards/en-p_c_2036.jpeg,fragrantica-scraper-archive/social-cards/images/142_1042-CAC_2036.jpeg,DOWNLOADED,108066,ce9a081e6ccdcde0d778e3d2196ade5f3462eed618641b5fdc68104dea00200b,
141,1041-BLG,POUR HOMME BLG,Bvlgari,POUR HOMME BLG,CONFIRMED,FOUND,143,https://www.fragrantica.com/perfume/Bvlgari/Bvlgari-Pour-Homme-143.html,https://fimgs.net/mdimg/perfume-social-cards/en-p_c_143.jpeg,fragrantica-scraper-archive/social-cards/images/141_1041-BLG_143.jpeg,DOWNLOADED,107976,0c0024681b3372837057893faf0230c55f6b9d6a7d5aa12e544d1b9ccacc4a40,
140,1040-BLG,NOTTE POUR HOMME,Bvlgari,BLV Notte Pour Homme,CONFIRMED,FOUND,150,https://www.fragrantica.com/perfume/Bvlgari/BLV-Notte-Pour-Homme-150.html,https://fimgs.net/mdimg/perfume-social-cards/en-p_c_150.jpeg,fragrantica-scraper-archive/social-cards/images/140_1040-BLG_150.jpeg,DOWNLOADED,112270,9a6e7b1b112925f418ad691b7a0fd756a87b59c02c7b5b133f1c4be357eec316,
139,1039-BLG,MAN IN BLACK - BVLGARI,Bvlgari,Bvlgari Man In Black,CONFIRMED,FOUND,26358,https://www.fragrantica.com/perfume/Bvlgari/Bvlgari-Man-In-Black-26358.html,https://fimgs.net/mdimg/perfume-social-cards/en-p_c_26358.jpeg,fragrantica-scraper-archive/social-cards/images/139_1039-BLG_26358.jpeg,DOWNLOADED,108579,a0936a1e1739ecf9cb8ccb56e8a78e7d0d5922968c24326b14964534dc25eab3,
138,1038-BLG,MAN EXTREME - BVLGARI,Bvlgari,Bvlgari Man Extreme,CONFIRMED,FOUND,17373,https://www.fragrantica.com/perfume/Bvlgari/Bvlgari-Man-Extreme-17373.html,https://fimgs.net/mdimg/perfume-social-cards/en-p_c_17373.jpeg,fragrantica-scraper-archive/social-cards/images/138_1038-BLG_17373.jpeg,DOWNLOADED,106033,c5e4de4a611ab8fcfff09ab7319fa202392435d53bc81e63eaaa6b6dcffce8a8,
137,1036-BLG,BLV Pour Homme,Bvlgari,BLV Pour Homme,CONFIRMED,FOUND,148,https://www.fragrantica.com/perfume/Bvlgari/BLV-Pour-Homme-148.html,https://fimgs.net/mdimg/perfume-social-cards/en-p_c_148.jpeg,fragrantica-scraper-archive/social-cards/images/137_1036-BLG_148.jpeg,DOWNLOADED,108763,dd777a963da2b6131b3e2e5f0a2b829ea730bca015a715dc897e810b927643ff,
136,1035-BLG,BLACK - BVLGARI,Bvlgari,Black,CONFIRMED,FOUND,154,https://www.fragrantica.com/perfume/Bvlgari/Black-154.html,https://fimgs.net/mdimg/perfume-social-cards/en-p_c_154.jpeg,fragrantica-scraper-archive/social-cards/images/136_1035-BLG_154.jpeg,DOWNLOADED,98018,e7862fa70e0d95639614755969bf5d358c0f8e4d094af7ed2d9ce40ca3c37a67,
135,1034-BLG,AQUA - BVLGARI,Bvlgari,Aqva Pour Homme,CONFIRMED,FOUND,153,https://www.fragrantica.com/perfume/Bvlgari/Aqva-Pour-Homme-153.html,https://fimgs.net/mdimg/perfume-social-cards/en-p_c_153.jpeg,fragrantica-scraper-archive/social-cards/images/135_1034-BLG_153.jpeg,DOWNLOADED,104199,28150c7e6c4f49151087515100d5cdc01c0e9a45961d458388d8b89f17adb9f4,
134,1033-BRB,Touch for Men,Burberry,Touch for Men,CONFIRMED,FOUND,815,https://www.fragrantica.com/perfume/Burberry/Touch-for-Men-815.html,https://fimgs.net/mdimg/perfume-social-cards/en-p_c_815.jpeg,fragrantica-scraper-archive/social-cards/images/134_1033-BRB_815.jpeg,DOWNLOADED,94401,0d5a333e61fdeed49ee0d309ed9b3031bb3c9cda5923e15db95e433c2434ef17,
133,1032-BRB,The Beat for Men,Burberry,The Beat for Men,CONFIRMED,FOUND,4509,https://www.fragrantica.com/perfume/Burberry/The-Beat-for-Men-4509.html,https://fimgs.net/mdimg/perfume-social-cards/en-p_c_4509.jpeg,fragrantica-scraper-archive/social-cards/images/133_1032-BRB_4509.jpeg,DOWNLOADED,114552,c2886da06e63cc55b872d86403c59eb7e1a2f71f9498aa6ff1a4a1da3da0287c,
132,1031-BRB,RHYTHM BRIT - BURBERRY,Burberry,Burberry Brit Rhythm,CONFIRMED,FOUND,18903,https://www.fragrantica.com/perfume/Burberry/Burberry-Brit-Rhythm-18903.html,https://fimgs.net/mdimg/perfume-social-cards/en-p_c_18903.jpeg,fragrantica-scraper-archive/social-cards/images/132_1031-BRB_18903.jpeg,DOWNLOADED,123875,1107a4b57a2f9e6c7d1f9f8a504e3e3f5b5b42abc2b719229307424fbf4835f1,
131,1030-BRB,MR,Burberry,Mr Burberry Indigo,CONFIRMED,FOUND,49095,https://www.fragrantica.com/perfume/Burberry/Mr-Burberry-Indigo-49095.html,https://fimgs.net/mdimg/perfume-social-cards/en-p_c_49095.jpeg,fragrantica-scraper-archive/social-cards/images/131_1030-BRB_49095.jpeg,DOWNLOADED,105922,98da84957deb84e596527bca1efab54581471209c61370b2e1f18d223129ace7,
130,1029-BRB,MR BURBERRY - BURBERRY,Burberry,Mr Burberry,CONFIRMED,FOUND,32565,https://www.fragrantica.com/perfume/Burberry/Mr-Burberry-32565.html,https://fimgs.net/mdimg/perfume-social-cards/en-p_c_32565.jpeg,fragrantica-scraper-archive/social-cards/images/130_1029-BRB_32565.jpeg,DOWNLOADED,102884,bf793c81adb6e831d80ae82aa568cefe9c592c7a4ad4f2de8bd92a5ab4a9f211,
129,1028-BRB,Sport for Men,Burberry,Sport For Men,CONFIRMED,FOUND,7614,https://www.fragrantica.com/perfume/Burberry/Burberry-Sport-for-Men-7614.html,https://fimgs.net/mdimg/perfume-social-cards/en-p_c_7614.jpeg,fragrantica-scraper-archive/social-cards/images/129_1028-BRB_7614.jpeg,DOWNLOADED,98145,dcafeb6bb00d38bbc7aa0229ee448134dce3be12587d2eee383301dc2f64aa4e,
128,1027-BRB,LONDON,Burberry,London,CONFIRMED,FOUND,813,https://www.fragrantica.com/perfume/Burberry/London-813.html,https://fimgs.net/mdimg/perfume-social-cards/en-p_c_813.jpeg,fragrantica-scraper-archive/social-cards/images/128_1027-BRB_813.jpeg,DOWNLOADED,110780,9c195048641c9930e8107220fb02009167506e36a7597f5d4d3a3fa80a7e5ac2,
127,1026-BRB,Brit,Burberry,Brit,CONFIRMED,FOUND,1115,https://www.fragrantica.com/perfume/Burberry/Burberry-Brit-for-Men-1115.html,https://fimgs.net/mdimg/perfume-social-cards/en-p_c_1115.jpeg,fragrantica-scraper-archive/social-cards/images/127_1026-BRB_1115.jpeg,DOWNLOADED,114588,a68fe02a76755aebd6755995c754361e0ab7999c37c2ac6323df3c770b92c7d7,
126,1025-BRB,Brit Rhythm Intense,Burberry,Brit Rhythm for Him Intense,CONFIRMED,FOUND,29561,https://www.fragrantica.com/perfume/Burberry/Brit-Rhythm-for-Him-Intense-29561.html,https://fimgs.net/mdimg/perfume-social-cards/en-p_c_29561.jpeg,fragrantica-scraper-archive/social-cards/images/126_1025-BRB_29561.jpeg,DOWNLOADED,125771,77bc18adc8caecaf8a2c542381c9457d0d3911d22dcc5ca1ddd486c2bb3f617e,
125,1024-BOU,VANILLE DE ZANZIBAR (u),Boucheron,Vanille de Zanzibar,CONFIRMED,FOUND,44720,https://www.fragrantica.com/perfume/Boucheron/Vanille-de-Zanzibar-44720.html,https://fimgs.net/mdimg/perfume-social-cards/en-p_c_44720.jpeg,fragrantica-scraper-archive/social-cards/images/125_1024-BOU_44720.jpeg,DOWNLOADED,104971,39d01f6525438c447077d4408ab93d17318ce19ad45ecda79d748ccdeb42cf8d,
124,1023-BOT,,Bottega Veneta,Bottega Veneta Pour Homme Extreme,CONFIRMED,FOUND,29351,https://www.fragrantica.com/perfume/Bottega-Veneta/Bottega-Veneta-Pour-Homme-Extreme-29351.html,https://fimgs.net/mdimg/perfume-social-cards/en-p_c_29351.jpeg,fragrantica-scraper-archive/social-cards/images/124_1023-BOT_29351.jpeg,DOWNLOADED,111771,39cbe34923b27a2b390b95e1aa785d672e44e6629de59c7a318d644b4577968a,
123,1022-BOT,,Bottega Veneta,Bottega Veneta Essence Aromatique,CONFIRMED,FOUND,23524,https://www.fragrantica.com/perfume/Bottega-Veneta/Bottega-Veneta-Essence-Aromatique-23524.html,https://fimgs.net/mdimg/perfume-social-cards/en-p_c_23524.jpeg,fragrantica-scraper-archive/social-cards/images/123_1022-BOT_23524.jpeg,DOWNLOADED,107577,7729b8174a769a2567a380c07a83ce2747dcc87ee8ffd630584d68501124535a,
122,1021-BOG,,Jacques Bogart,One Man Show Eau de Toilette,CONFIRMED,FOUND,7795,https://www.fragrantica.com/perfume/Jacques-Bogart/One-Man-Show-7795.html,https://fimgs.net/mdimg/perfume-social-cards/en-p_c_7795.jpeg,fragrantica-scraper-archive/social-cards/images/122_1021-BOG_7795.jpeg,DOWNLOADED,109272,190731ea3f354175c8fe32e40a6031d97e24a36afdc4f9d3e281b7801d836ee9,
121,1020-AZZ,WANTED,Azzaro,Wanted,CONFIRMED,FOUND,38686,https://www.fragrantica.com/perfume/Azzaro/Wanted-38686.html,https://fimgs.net/mdimg/perfume-social-cards/en-p_c_38686.jpeg,fragrantica-scraper-archive/social-cards/images/121_1020-AZZ_38686.jpeg,DOWNLOADED,108299,e09715f15409f11952b48e24db63fa315b1c9246248e3421714b0e7b90597123,
120,1019-AZZ,CHROME PURE,Azzaro,Chrome Pure,CONFIRMED,FOUND,43131,https://www.fragrantica.com/perfume/Azzaro/Chrome-Pure-43131.html,https://fimgs.net/mdimg/perfume-social-cards/en-p_c_43131.jpeg,fragrantica-scraper-archive/social-cards/images/120_1019-AZZ_43131.jpeg,DOWNLOADED,101274,5c8a5a0b5f6dc3ed05a63e2883680c35c73f053284ab5a301706533c9a063dd5,
119,1018-AZZ,CHROME LEGEND,Azzaro,Chrome Legend,CONFIRMED,FOUND,2959,https://www.fragrantica.com/perfume/Azzaro/Chrome-Legend-2959.html,https://fimgs.net/mdimg/perfume-social-cards/en-p_c_2959.jpeg,fragrantica-scraper-archive/social-cards/images/119_1018-AZZ_2959.jpeg,DOWNLOADED,102277,b6bc654da97689e1a8e1c841bfda98745bd3244b69b2a41dbb65771985b32ad3,
118,1016-AZZ,VISIT AZZARO,Azzaro,VISIT AZZARO,CONFIRMED,FOUND,598,https://www.fragrantica.com/perfume/Azzaro/Visit-For-Men-598.html,https://fimgs.net/mdimg/perfume-social-cards/en-p_c_598.jpeg,fragrantica-scraper-archive/social-cards/images/118_1016-AZZ_598.jpeg,DOWNLOADED,102364,b961f9390e0dae610fde70891242e0ba40aac8552a3de865e9d9c7f4ba2d214d,
117,1015-AZZ,Night Time,Azzaro,Azzaro Pour Homme Night Time,CONFIRMED,FOUND,13965,https://www.fragrantica.com/perfume/Azzaro/Azzaro-Pour-Homme-Night-Time-13965.html,https://fimgs.net/mdimg/perfume-social-cards/en-p_c_13965.jpeg,fragrantica-scraper-archive/social-cards/images/117_1015-AZZ_13965.jpeg,DOWNLOADED,109836,11efb554f20c77097fa4343717cf597c838f40f8e3b39542dcd0760578f86d43,
116,1014-AZZ,CLASSIC,Azzaro,CLASSIC,CONFIRMED,FOUND,829,https://www.fragrantica.com/perfume/Azzaro/Azzaro-pour-Homme-829.html,https://fimgs.net/mdimg/perfume-social-cards/en-p_c_829.jpeg,fragrantica-scraper-archive/social-cards/images/116_1014-AZZ_829.jpeg,DOWNLOADED,108334,921111e6769f77641a6eb23d5798708060100d349b850ec24f1bee39d43014ba,
115,1013-ARA,VOYAGER,Aramis,Voyager,CONFIRMED,FOUND,39608,https://www.fragrantica.com/perfume/Aramis/Voyager-39608.html,https://fimgs.net/mdimg/perfume-social-cards/en-p_c_39608.jpeg,fragrantica-scraper-archive/social-cards/images/115_1013-ARA_39608.jpeg,DOWNLOADED,121467,f2a7739434dc54a1e7d80c8ca0db78b359cdb1eeef136d8c5e66d1d59ce9f6ef,
114,1012-ARA,HAVANA,Aramis,Havana,CONFIRMED,FOUND,599,https://www.fragrantica.com/perfume/Aramis/Havana-599.html,https://fimgs.net/mdimg/perfume-social-cards/en-p_c_599.jpeg,fragrantica-scraper-archive/social-cards/images/114_1012-ARA_599.jpeg,DOWNLOADED,113622,d8b07d3684e588adc8abcdbbaa65e183099d3059b621488ae18a4968ff9bd2ee,
113,1011-ARA,ADVENTURER,Aramis,Adventurer,CONFIRMED,FOUND,27572,https://www.fragrantica.com/perfume/Aramis/Adventurer-27572.html,https://fimgs.net/mdimg/perfume-social-cards/en-p_c_27572.jpeg,fragrantica-scraper-archive/social-cards/images/113_1011-ARA_27572.jpeg,DOWNLOADED,104331,485a94c905fddea40ba48d6c21817294ab6331b67445a4d18d9777097fd89204,
112,1010-ACQ,Essenza di Colonia,Acqua di Parma,Essenza di Colonia,CONFIRMED,FOUND,9829,https://www.fragrantica.com/perfume/Acqua-di-Parma/Essenza-di-Colonia-9829.html,https://fimgs.net/mdimg/perfume-social-cards/en-p_c_9829.jpeg,fragrantica-scraper-archive/social-cards/images/112_1010-ACQ_9829.jpeg,DOWNLOADED,102418,fcad354b77dc95c73663a5ac25700bdfa79315a569ea5fc3835e0b2ba8632631,
111,1009-ACQ,COLONIA QUERCIA,Acqua di Parma,Colonia Quercia,CONFIRMED,FOUND,38674,https://www.fragrantica.com/perfume/Acqua-di-Parma/Colonia-Quercia-38674.html,https://fimgs.net/mdimg/perfume-social-cards/en-p_c_38674.jpeg,fragrantica-scraper-archive/social-cards/images/111_1009-ACQ_38674.jpeg,DOWNLOADED,109229,a9a9579241f8fda96e3cfc0fe2027e9b660d75f7d0ef16d412cf1842feaab69f,
110,1008-ACQ,COLONIA PURA (U),Acqua di Parma,Acqua di Parma Colonia Pura,CONFIRMED,FOUND,45876,https://www.fragrantica.com/perfume/Acqua-di-Parma/Acqua-di-Parma-Colonia-Pura-45876.html,https://fimgs.net/mdimg/perfume-social-cards/en-p_c_45876.jpeg,fragrantica-scraper-archive/social-cards/images/110_1008-ACQ_45876.jpeg,DOWNLOADED,105794,b7b8511180c7b477329e4e88db9074dc96ed4406c3ffcc0b70c1fc403faf78cb,
109,1007-ACQ,COLONIA LEATHER,Acqua di Parma,Colonia Leather Eau de Cologne Concentree,CONFIRMED,FOUND,25349,https://www.fragrantica.com/perfume/Acqua-di-Parma/Colonia-Leather-Eau-de-Cologne-Concentree-25349.html,https://fimgs.net/mdimg/perfume-social-cards/en-p_c_25349.jpeg,fragrantica-scraper-archive/social-cards/images/109_1007-ACQ_25349.jpeg,DOWNLOADED,111508,433a1cc7f0c9149e0eb59f804bb7de91f34ea696c8d99b13788bdecfdea92713,
108,1005-ACQ,COLONIA INTENSA,Acqua di Parma,Colonia Intensa,CONFIRMED,FOUND,1684,https://www.fragrantica.com/perfume/Acqua-di-Parma/Colonia-Intensa-1684.html,https://fimgs.net/mdimg/perfume-social-cards/en-p_c_1684.jpeg,fragrantica-scraper-archive/social-cards/images/108_1005-ACQ_1684.jpeg,DOWNLOADED,109687,6209687efa6ebc84a63116ac14a1e511e11cfa9248931a83390e14896929b9eb,
107,1004-ACQ,COLONIA EBANO,Acqua di Parma,Colonia Ebano,CONFIRMED,FOUND,43409,https://www.fragrantica.com/perfume/Acqua-di-Parma/Colonia-Ebano-43409.html,https://fimgs.net/mdimg/perfume-social-cards/en-p_c_43409.jpeg,fragrantica-scraper-archive/social-cards/images/107_1004-ACQ_43409.jpeg,DOWNLOADED,105229,c344a900b96a472757b43bd892cb09011c6f66ca4cd0a22d99d90babdd481191,
106,390-ACQ,BLU MEDITERRANEO MANDORLO DI SICILIA,Acqua di Parma,Acqua di Parma Blu Mediterraneo Mandorlo di Sicilia,CONFIRMED,FOUND,1688,https://www.fragrantica.com/perfume/Acqua-di-Parma/Acqua-di-Parma-Blu-Mediterraneo-Mandorlo-di-Sicilia-1688.html,https://fimgs.net/mdimg/perfume-social-cards/en-p_c_1688.jpeg,fragrantica-scraper-archive/social-cards/images/106_390-ACQ_1688.jpeg,DOWNLOADED,113694,a6e4bbd22b532a97334af5a2507074e6e873a313c12b20b05f0d4b1212e69a55,
