prestashop_product_id,shobi_code,fragrantica_id,gender,gender_source,gender_ocr_text,winter,spring,summer,fall,main_season,season_confidence,season_margin,local_path,actual_longest,actual_longest_value,runner_up,runner_up_value,actual_margin
5110,2842-KYLJ,117345,female,SOCIAL_CARD_OCR,vanilla dew oo sone es kylie cosmetics re cl for women main accords vanilla vanilla dew kylie cosmetics for women main accords vanilla,0.3370,0.3432,0.2741,0.2878,TIE,TIE,0.0061,fragrantica-scraper-archive/social-cards/images/5110_2842-KYLJ_117345.jpeg,spring,0.3432,winter,0.3370,0.0062
5109,2841-KYLJ,117347,female,SOCIAL_CARD_OCR,sweet e clalr kylie cosmetics bereta for women main accords vanilla fs ra sweet eclair kylie cosmetics for women main accords vanilla,0.3370,0.3653,0.1593,0.3616,TIE,TIE,0.0037,fragrantica-scraper-archive/social-cards/images/5109_2841-KYLJ_117347.jpeg,spring,0.3653,fall,0.3616,0.0037
5108,2840-KYLJ,117346,female,SOCIAL_CARD_OCR,caramel cloud kylie cosmetics pees ees for women a main accords fy caramel cloud kylie cosmetics for women main accords sea,0.5074,0.1218,0.1074,0.5018,TIE,TIE,0.0056,fragrantica-scraper-archive/social-cards/images/5108_2840-KYLJ_117346.jpeg,winter,0.5074,fall,0.5018,0.0056
5102,2834-AMG,116626,unisex,SOCIAL_CARD_OCR,pias amouage eee for women and men main accords fs ad sindbad sa nt amouage ay ee ogee ol for women and men main accords fs,0.3741,0.2362,0.1074,0.3764,TIE,TIE,0.0023,fragrantica-scraper-archive/social-cards/images/5102_2834-AMG_116626.jpeg,fall,0.3764,winter,0.3741,0.0023
5101,2833-AMG,62859,unisex,SOCIAL_CARD_OCR,meander bernat amouage oe ity palaedis feage for women and men geese main accords woody tah ett meander i ag amouage ote for women and men main accords,0.2185,0.3210,0.2074,0.3247,TIE,TIE,0.0037,fragrantica-scraper-archive/social-cards/images/5101_2833-AMG_62859.jpeg,fall,0.3247,spring,0.3210,0.0037
5098,2831-GISS,126288,unisex,SOCIAL_CARD_OCR,martinique osmanthus gissah ar ae om for women and men main accords au gissah martinique osmanthus al a ayo for women and men main accords,0.1296,0.3653,0.3481,0.2878,TIE,TIE,0.0172,fragrantica-scraper-archive/social-cards/images/5098_2831-GISS_126288.jpeg,spring,0.3653,summer,0.3481,0.0172
5090,2823-KAY,127453,female,SOCIAL_CARD_OCR,hk den plusn pear kau de partum ae kayali fragrances ee for women s main accords voy white floral fn rkden fiusn pear kau de partum kayali fragrances for women s main accords craig white floral fn,0.1259,0.4908,0.4852,0.1439,TIE,TIE,0.0056,fragrantica-scraper-archive/social-cards/images/5090_2823-KAY_127453.jpeg,spring,0.4908,summer,0.4852,0.0056
5084,2817-INI,93090,unisex,SOCIAL_CARD_OCR,oud tor greatness neo initio parfums prives sane for women and men main accords ee eee oud tor greatness neo initio parfums prives or ae for women and men main accords,0.3556,0.3653,0.1222,0.3616,TIE,TIE,0.0037,fragrantica-scraper-archive/social-cards/images/5084_2817-INI_93090.jpeg,spring,0.3653,fall,0.3616,0.0037
5082,2815-DOL,489,female,SOCIAL_CARD_OCR,fe he el by g ene dolce gabbana pee for women py a main accords if f i i ils py t i tae powdery ro ty tt b okey ie dolce gabbana er ae ret ol for women i main accords i i powdery,0.3593,0.2362,0.1370,0.3764,TIE,TIE,0.0171,fragrantica-scraper-archive/social-cards/images/5082_2815-DOL_489.jpeg,fall,0.3764,winter,0.3593,0.0171
5075,2808-LES,103914,unisex,SOCIAL_CARD_OCR,roasted langerine les liquides imaginaires ae for women and men main accords i i citrus e ee he roasted langerine les liquides imaginaires obes for women and men it main accords citrus ee,0.1296,0.3653,0.3593,0.2878,TIE,TIE,0.0061,fragrantica-scraper-archive/social-cards/images/5075_2808-LES_103914.jpeg,spring,0.3653,summer,0.3593,0.0060
5073,2806-PHL,119441,unisex,SOCIAL_CARD_OCR,ayn ee mere phlur ae for women and men main accords woody ce ee ig bee an ec aiterglow phlur for women and men main accords,0.3370,0.3653,0.2741,0.3616,TIE,TIE,0.0037,fragrantica-scraper-archive/social-cards/images/5073_2806-PHL_119441.jpeg,spring,0.3653,fall,0.3616,0.0037
5065,2798-NICO,91006,unisex,SOCIAL_CARD_OCR,macaron bourpon nicolai parfumeur createur seit for women and men main accords macaron bourbon nicolai parfumeur createur for women and men main accords ll a,0.3741,0.3653,0.1074,0.3875,TIE,TIE,0.0134,fragrantica-scraper-archive/social-cards/images/5065_2798-NICO_91006.jpeg,fall,0.3875,winter,0.3741,0.0134
5064,2795-AMG,87958,male,SOCIAL_CARD_OCR,wat ete epee jubilation man amouage ee ieans for men p main accords jubilation man amouage opti formen main accords a,0.3741,0.3653,0.1074,0.3875,TIE,TIE,0.0134,fragrantica-scraper-archive/social-cards/images/5064_2795-AMG_87958.jpeg,fall,0.3875,winter,0.3741,0.0134
5059,2790-KIL,96096,unisex,SOCIAL_CARD_OCR,sete ta olid fashioned atone by kilian sats for women and men ie e ae a main accords ww sn hr ey ed bf al seat riv ne hy yw i if yf fs we rh it y siz oooo old fashioned by kilian for women and men sa ie sse main accords ia i wa cee pees v ss tah ca i bs bsc oul it we of air iw,0.4593,0.1439,0.1074,0.4649,TIE,TIE,0.0057,fragrantica-scraper-archive/social-cards/images/5059_2790-KIL_96096.jpeg,fall,0.4649,winter,0.4593,0.0056
5056,2788-MIN,88867,unisex,SOCIAL_CARD_OCR,french detense a mind games looe for women and men main accords es pt aes french detense mind games af te for women and men main accords cherry,0.3741,0.3653,0.1074,0.3875,TIE,TIE,0.0134,fragrantica-scraper-archive/social-cards/images/5056_2788-MIN_88867.jpeg,fall,0.3875,winter,0.3741,0.0134
5053,2785-VAL,101384,female,SOCIAL_CARD_OCR,born in roma extradose donna valentino eee for women main accords vanilla born in roma extradose donna valentino ope can for women main accords vanilla ee,0.3556,0.2435,0.1593,0.3616,TIE,TIE,0.0061,fragrantica-scraper-archive/social-cards/images/5053_2785-VAL_101384.jpeg,fall,0.3616,winter,0.3556,0.0060
5050,2782-AJMA,102549,unisex,SOCIAL_CARD_OCR,musk suk supreme ajmal eas for women and men main accords musky musk silk supreme meee sango ajmal for women and men oy main accords musky,0.3370,0.3653,0.3481,0.2103,TIE,TIE,0.0172,fragrantica-scraper-archive/social-cards/images/5050_2782-AJMA_102549.jpeg,spring,0.3653,summer,0.3481,0.0172
5020,2780-LAT,96768,unisex,SOCIAL_CARD_OCR,ee ge lepte cogct f lattafa perfumes oe for women and men main accords vanilla fs angham ae lattafa perfumes for women and men main accords vanilla fs,0.3370,0.3653,0.1815,0.3616,TIE,TIE,0.0037,fragrantica-scraper-archive/social-cards/images/5020_2780-LAT_96768.jpeg,spring,0.3653,fall,0.3616,0.0037
5016,2775-BOT,55301,male,SOCIAL_CARD_OCR,iiiusione tor him bottega veneta sora ae for men main accords lilusione tor him bottega veneta for men main accords,0.1259,0.3764,0.3815,0.2325,TIE,TIE,0.0051,fragrantica-scraper-archive/social-cards/images/5016_2775-BOT_55301.jpeg,summer,0.3815,spring,0.3764,0.0051
5011,2772-DOL,62311,,OCR_UNRESOLVED,k dy d olce g dolce appan j fornien gabbana a hau ae partum wat oy et eae yao oat accords eee k dy voice gabbdana kau de paritum dolce gabbana ae formen visor main accords ff ps ee hie ene ls hy ee,0.1259,0.3432,0.3481,0.3616,TIE,TIE,0.0135,fragrantica-scraper-archive/social-cards/images/5011_2772-DOL_62311.jpeg,fall,0.3616,summer,0.3481,0.0135
5003,2744-NISH,116224,unisex,SOCIAL_CARD_OCR,meant lo be seen oe nishane sees for women and men main accords fy hog a meant fo be seen fs ee nishane for women and men main accords powdery fy,0.3370,0.3210,0.2741,0.3063,TIE,TIE,0.0160,fragrantica-scraper-archive/social-cards/images/5003_2744-NISH_116224.jpeg,winter,0.3370,spring,0.3210,0.0160
4995,2768-LAN,109311,female,SOCIAL_CARD_OCR,la vie est belle vanille nude lancome peg for women main accords la vie est belle vanilie nude sea eons thea ean for women lancome on main accords ra vanilla,0.3370,0.3653,0.1593,0.3616,TIE,TIE,0.0037,fragrantica-scraper-archive/social-cards/images/4995_2768-LAN_109311.jpeg,spring,0.3653,fall,0.3616,0.0037
4993,2766-PARF,116243,unisex,SOCIAL_CARD_OCR,kragon parfums de marly eee for women and men a main accords kragon parfums de marly for women and men main accords i,0.4185,0.1882,0.1074,0.3985,TIE,TIE,0.0200,fragrantica-scraper-archive/social-cards/images/4993_2766-PARF_116243.jpeg,winter,0.4185,fall,0.3985,0.0200
4966,2760-LAT,117615,female,SOCIAL_CARD_OCR,yara khxir lattafa perfumes recat for women main accords vanilla ft yara bklxir lattafa perfumes for women main accords vanilla ft,0.3074,0.2989,0.1704,0.2989,TIE,TIE,0.0085,fragrantica-scraper-archive/social-cards/images/4966_2760-LAT_117615.jpeg,winter,0.3074,spring,0.2989,0.0085
4965,2757-LAT,114400,female,SOCIAL_CARD_OCR,vanilla kkreak lattafa perfumes sana for women main accords vanilla kreak ph lattafa perfumes ols for women main accords v,0.3741,0.2362,0.1074,0.3764,TIE,TIE,0.0023,fragrantica-scraper-archive/social-cards/images/4965_2757-LAT_114400.jpeg,fall,0.3764,winter,0.3741,0.0023
4840,2741-ROJ,97481,unisex,SOCIAL_CARD_OCR,lost in paris roja dove aint for women and men as main accords hb j musky ts lost in paris roja dove eh aiea for women and men main accords a musky ts,0.3556,0.3653,0.1704,0.3616,TIE,TIE,0.0037,fragrantica-scraper-archive/social-cards/images/4840_2741-ROJ_97481.jpeg,spring,0.3653,fall,0.3616,0.0037
4835,2736-NAV,88834,unisex,SOCIAL_CARD_OCR,reseieeem cet lostin a dream navitus parfums ae for women and men lk main accords lostin a dream navitus parfums for women and men main accords,0.3741,0.2362,0.1074,0.3764,TIE,TIE,0.0023,fragrantica-scraper-archive/social-cards/images/4835_2736-NAV_88834.jpeg,fall,0.3764,winter,0.3741,0.0023
4832,2733-LES,70189,unisex,SOCIAL_CARD_OCR,fes ost bel eenate blanche bete ee les liquides imaginaires sear for women and men main accords vanilla fat blanche bete les liquides imaginaires for women and men main accords vanilla,0.3370,0.3653,0.1593,0.3616,TIE,TIE,0.0037,fragrantica-scraper-archive/social-cards/images/4832_2733-LES_70189.jpeg,spring,0.3653,fall,0.3616,0.0037
4822,215-CRD,472,unisex,SOCIAL_CARD_OCR,sliver mountain water oe eeeae creed heese for women and men rw main accords citrus fs siiver mountain water creed wee for women and men main accords citrus fs,0.1259,0.4244,0.4407,0.1328,TIE,TIE,0.0164,fragrantica-scraper-archive/social-cards/images/4822_215-CRD_472.jpeg,summer,0.4407,spring,0.4244,0.0163
4786,2724-GUR,26132,female,SOCIAL_CARD_OCR,shalimar soutile de partum guerlain sean for women main accords citrus shalimar soutite de partum oe for women guerlain main accords citrus a,0.3370,0.3653,0.2741,0.3616,TIE,TIE,0.0037,fragrantica-scraper-archive/social-cards/images/4786_2724-GUR_26132.jpeg,spring,0.3653,fall,0.3616,0.0037
4781,2719-FRAG,61946,unisex,SOCIAL_CARD_OCR,new york th avenue fragrance du bois ae for women and men main accords fs new york th avenue fragrance du bois for women and men main accords woody,0.3815,0.2103,0.1074,0.3985,TIE,TIE,0.0170,fragrantica-scraper-archive/social-cards/images/4781_2719-FRAG_61946.jpeg,fall,0.3985,winter,0.3815,0.0170
4778,2716-ORT,24191,unisex,SOCIAL_CARD_OCR,iar eer ese bergamask orto parisi sena for women and men main accords citrus bergamask orto parisi for women and men main accords citrus,0.1259,0.3653,0.3815,0.2214,TIE,TIE,0.0162,fragrantica-scraper-archive/social-cards/images/4778_2716-ORT_24191.jpeg,summer,0.3815,spring,0.3653,0.0162
4775,2712-TMFO,111206,unisex,SOCIAL_CARD_OCR,oud voyager oe tom ford lite for women and men main accords warm spicy oy oud voyager coe tom ford ee sane ine for women and men main accords,0.3963,0.2325,0.1074,0.3838,TIE,TIE,0.0125,fragrantica-scraper-archive/social-cards/images/4775_2712-TMFO_111206.jpeg,winter,0.3963,fall,0.3838,0.0125
4774,2711-CLIV,65983,unisex,SOCIAL_CARD_OCR,cabs matsukita ae et oars clive christian eae for women and men ee main accords al al nn rear fe matsukita fe clive christian yeaa for women and men oe main accords pe i at so nn,0.2444,0.2989,0.2741,0.3063,TIE,TIE,0.0074,fragrantica-scraper-archive/social-cards/images/4774_2711-CLIV_65983.jpeg,fall,0.3063,spring,0.2989,0.0074
4772,2708-BORN,102808,unisex,SOCIAL_CARD_OCR,black mango borntostandout sete for women and men main accords oo al black mango borntostandout rete f for women and men main accords,0.3074,0.2620,0.1926,0.3100,TIE,TIE,0.0026,fragrantica-scraper-archive/social-cards/images/4772_2708-BORN_102808.jpeg,fall,0.3100,winter,0.3074,0.0026
4750,2666-CELI,57925,unisex,SOCIAL_CARD_OCR,saha en black tle celine beene for women and men main accords powdery black lle on celine at a eroe os acl for women and men main accords powdery,0.3741,0.2362,0.1074,0.3875,TIE,TIE,0.0134,fragrantica-scraper-archive/social-cards/images/4750_2666-CELI_57925.jpeg,fall,0.3875,winter,0.3741,0.0134
4749,2665-KAJ,102994,unisex,SOCIAL_CARD_OCR,oe kajal jae eeaete for women and men ag edi main accords ie ic ai ath om rudyy ose toh kajal for women and men main accords sr eee,0.1963,0.2989,0.2852,0.3137,TIE,TIE,0.0148,fragrantica-scraper-archive/social-cards/images/4749_2665-KAJ_102994.jpeg,fall,0.3137,spring,0.2989,0.0148
4748,2664-CHA,104610,female,SOCIAL_CARD_OCR,chance kau splendide chanel cone for women main accords chance kau splendide chanel for women mies main accords,0.1259,0.4797,0.4704,0.1439,TIE,TIE,0.0093,fragrantica-scraper-archive/social-cards/images/4748_2664-CHA_104610.jpeg,spring,0.4797,summer,0.4704,0.0093
4670,2688-KAY,83208,female,SOCIAL_CARD_OCR,the wedding silk santal kayali fragrances ee for women main accords p the wedding suk santal for women kayali fragrances main accords p,0.2444,0.3653,0.2741,0.3616,TIE,TIE,0.0037,fragrantica-scraper-archive/social-cards/images/4670_2688-KAY_83208.jpeg,spring,0.3653,fall,0.3616,0.0037
4650,2700-BLG,102120,unisex,SOCIAL_CARD_OCR,amunae bvlgari rreeee for women and men main accords musky els ee amunae fs fee bvlgari for women and men main accords musky,0.1296,0.3875,0.3778,0.2214,TIE,TIE,0.0097,fragrantica-scraper-archive/social-cards/images/4650_2700-BLG_102120.jpeg,spring,0.3875,summer,0.3778,0.0097
4639,2686-GIV,90200,female,SOCIAL_CARD_OCR,l interdit lubereuse noire givenchy eins for women l ri main accords a white floral t l interdit ftubereuse noire bade for women givenchy main accords ile white floral,0.3519,0.2768,0.1074,0.3616,TIE,TIE,0.0098,fragrantica-scraper-archive/social-cards/images/4639_2686-GIV_90200.jpeg,fall,0.3616,winter,0.3519,0.0097
4579,2679-CAR,105931,female,SOCIAL_CARD_OCR,la bomba ed carolina herrera pusher a tan for women tv a t a la bompba a ot carolina herrera ob for women main accords eo,0.1370,0.3653,0.3815,0.1882,TIE,TIE,0.0162,fragrantica-scraper-archive/social-cards/images/4579_2679-CAR_105931.jpeg,summer,0.3815,spring,0.3653,0.0162
4525,2672-MEM,99240,unisex,SOCIAL_CARD_OCR,a d d n d poe nad ed memo paris leal for women and men main accords ae i ee abu dhabi tee ices ons rt memo paris for women and men main accords ee,0.4111,0.1771,0.1111,0.3985,TIE,TIE,0.0126,fragrantica-scraper-archive/social-cards/images/4525_2672-MEM_99240.jpeg,winter,0.4111,fall,0.3985,0.0126
4522,2659-MNT,53675,unisex,SOCIAL_CARD_OCR,sensual instinct montale beata for women and men e main accords x sa f a fhe wr ee sensual instinct montale for women and men main accords a,0.3741,0.2362,0.1111,0.3875,TIE,TIE,0.0134,fragrantica-scraper-archive/social-cards/images/4522_2659-MNT_53675.jpeg,fall,0.3875,winter,0.3741,0.0134
4489,2645-LTN,104087,female,SOCIAL_CARD_OCR,elves oe louis vuitton et ate ae for women main accords oe ie fy elves louis vuitton at for women main accords se,0.1963,0.3653,0.3481,0.2878,TIE,TIE,0.0172,fragrantica-scraper-archive/social-cards/images/4489_2645-LTN_104087.jpeg,spring,0.3653,summer,0.3481,0.0172
4486,2458-LTN,93785,,OCR_UNRESOLVED,hoare wh a pega ers lv lovers oe ee pala pose ae j j teat parad louis vuitton se formen main accords woody a ar lv lovers tes ae louis vuitton formen main accords ee,0.2444,0.3653,0.3481,0.2878,TIE,TIE,0.0172,fragrantica-scraper-archive/social-cards/images/4486_2458-LTN_93785.jpeg,spring,0.3653,summer,0.3481,0.0172
4484,2648-FUGA,95955,unisex,SOCIAL_CARD_OCR,vanilla haze ae pee fugazzi bo aati for women and men main accords vanilla ee vanilla haze atl cee aan erat ts fugazzzli for women and men main accords vanilla ee,0.4111,0.1771,0.1074,0.3985,TIE,TIE,0.0126,fragrantica-scraper-archive/social-cards/images/4484_2648-FUGA_95955.jpeg,winter,0.4111,fall,0.3985,0.0126
4479,2622-PHL,87258,unisex,SOCIAL_CARD_OCR,sh meg tate phlur cree for women and men main accords vanilla fy re ane ak vanilla skin cd reat ro phlur for women and men main accords vanilla fy,0.3815,0.1661,0.1370,0.3985,TIE,TIE,0.0170,fragrantica-scraper-archive/social-cards/images/4479_2622-PHL_87258.jpeg,fall,0.3985,winter,0.3815,0.0170
4478,2621-CHAR,92086,unisex,SOCIAL_CARD_OCR,ve se ete ee charlotte tilbury a for women and men main accords more sex au ey charlotte tilbury ais ot for women and men main accords,0.4778,0.1218,0.1074,0.4797,TIE,TIE,0.0019,fragrantica-scraper-archive/social-cards/images/4478_2621-CHAR_92086.jpeg,fall,0.4797,winter,0.4778,0.0019
4444,2649-BORN,97132,unisex,SOCIAL_CARD_OCR,naked laundry oo borntostandout emer for women and men main accords aldehydic fs i naked laundry ha borntostandout eee for women and men main accords aldehydic fs,0.3370,0.3432,0.2741,0.3616,TIE,TIE,0.0185,fragrantica-scraper-archive/social-cards/images/4444_2649-BORN_97132.jpeg,fall,0.3616,spring,0.3432,0.0184
4443,2620-CHAR,92088,unisex,SOCIAL_CARD_OCR,cosmic power charlotte tilbury pe for women and men main accords sn cosmic power charlotte tilbury for women and men main accords sn,0.4778,0.1218,0.1074,0.4649,TIE,TIE,0.0128,fragrantica-scraper-archive/social-cards/images/4443_2620-CHAR_92088.jpeg,winter,0.4778,fall,0.4649,0.0129
4435,2614-AMG,94033,unisex,SOCIAL_CARD_OCR,saas guidance amouage ee for women and men yy an main accords tn guidance amouage for women and men main accords tn el a,0.3370,0.3653,0.1704,0.3616,TIE,TIE,0.0037,fragrantica-scraper-archive/social-cards/images/4435_2614-AMG_94033.jpeg,spring,0.3653,fall,0.3616,0.0037
4434,2624-BLG,64736,female,SOCIAL_CARD_OCR,rock n home ee bvlgari eacatre for women wisin main accords el rock n rome of bvlgari at for women main accords il,0.1815,0.3653,0.2741,0.3764,TIE,TIE,0.0111,fragrantica-scraper-archive/social-cards/images/4434_2624-BLG_64736.jpeg,fall,0.3764,spring,0.3653,0.0111
4423,2630-SOS,75942,unisex,SOCIAL_CARD_OCR,erba pura magica sospiro perfumes eases for women and men ry main accords gaiao erba pura magica aan sospiro perfumes for women and men me main accords eo,0.1370,0.3875,0.3741,0.2214,TIE,TIE,0.0134,fragrantica-scraper-archive/social-cards/images/4423_2630-SOS_75942.jpeg,spring,0.3875,summer,0.3741,0.0134
4422,2627-LTN,62251,,OCR_UNRESOLVED,ratan ear ane ee meteore louis vuitton pie formen main accords citrus aa pp is meteore louis vuitton formen main accords citrus oy,0.1259,0.3542,0.3741,0.2214,TIE,TIE,0.0198,fragrantica-scraper-archive/social-cards/images/4422_2627-LTN_62251.jpeg,summer,0.3741,spring,0.3542,0.0199
4417,2632-BDIK,68119,unisex,SOCIAL_CARD_OCR,velvet lonka bdk parfums pte ie for women and men main accords vanilla j a aa ba velvet lonkka her bdk parfums nee eke for women and men main accords vanilla rey,0.4333,0.1550,0.1074,0.4354,TIE,TIE,0.0021,fragrantica-scraper-archive/social-cards/images/4417_2632-BDIK_68119.jpeg,fall,0.4354,winter,0.4333,0.0021
4416,2629-PEN,73924,unisex,SOCIAL_CARD_OCR,sports car club penhaligon s psiaeion ss for women and men main accords nae aal sports car club for women and men penhaligon s main accords,0.1370,0.3432,0.3481,0.3063,TIE,TIE,0.0050,fragrantica-scraper-archive/social-cards/images/4416_2629-PEN_73924.jpeg,summer,0.3481,spring,0.3432,0.0049
4414,2631-TMFO,95808,unisex,SOCIAL_CARD_OCR,black lacquer tom ford eee ee for women and men main accords nn black lacquer tom ford ee for women and men main accords nn,0.4778,0.1218,0.1074,0.4649,TIE,TIE,0.0128,fragrantica-scraper-archive/social-cards/images/4414_2631-TMFO_95808.jpeg,winter,0.4778,fall,0.4649,0.0129
4410,2634-NRO,5321,female,SOCIAL_CARD_OCR,ssence narciso rodriguez rae sao for women main accords uh f ee musky ax hkssence narciso rodriguez for women phon a sag iv main accords l a i musky,0.1963,0.3432,0.3481,0.2878,TIE,TIE,0.0050,fragrantica-scraper-archive/social-cards/images/4410_2634-NRO_5321.jpeg,summer,0.3481,spring,0.3432,0.0049
4408,2640-CRD,95970,unisex,SOCIAL_CARD_OCR,ke neue delphinus creed eee es for women and men oa j main accords i i i vanilla be delphinus ath creed ic a a ax eae for women and men ss s main accords vil a i vanilla,0.3741,0.2435,0.1074,0.3764,TIE,TIE,0.0023,fragrantica-scraper-archive/social-cards/images/4408_2640-CRD_95970.jpeg,fall,0.3764,winter,0.3741,0.0023
4391,2602-TMU,712,female,SOCIAL_CARD_OCR,angel garden of stars violette angel cs for women main accords vy f ngel garden of stars violette angel eae for women mugler main accords il ii ee,0.3556,0.3653,0.1370,0.3616,TIE,TIE,0.0037,fragrantica-scraper-archive/social-cards/images/4391_2602-TMU_712.jpeg,spring,0.3653,fall,0.3616,0.0037
4374,2560-JUSB,53042,unisex,SOCIAL_CARD_OCR,siren sallors jusbox es for women and men main accords ds ered siren sailors faa jusbox meee mt for women and men main accords,0.2444,0.3653,0.2741,0.3616,TIE,TIE,0.0037,fragrantica-scraper-archive/social-cards/images/4374_2560-JUSB_53042.jpeg,spring,0.3653,fall,0.3616,0.0037
4373,2555-BON,59904,unisex,SOCIAL_CARD_OCR,t yl b e c a ope bond no ae for women and men a main accords z we amber fs tribeca te es bond no oe peels f for women and men main accords a fs,0.3593,0.2362,0.1222,0.3764,TIE,TIE,0.0171,fragrantica-scraper-archive/social-cards/images/4373_2555-BON_59904.jpeg,fall,0.3764,winter,0.3593,0.0171
4372,2583-INI,76580,unisex,SOCIAL_CARD_OCR,paragon oe initio parfums prives oe for women and men main accords se at paragon he initio parfums prives for women and men main accords i fy,0.3370,0.3653,0.1704,0.3616,TIE,TIE,0.0037,fragrantica-scraper-archive/social-cards/images/4372_2583-INI_76580.jpeg,spring,0.3653,fall,0.3616,0.0037
4356,2577-DOL,96028,female,SOCIAL_CARD_OCR,devotion intense dolce gabbana pas for women main accords vanilla fy a oe an devotion intense dolce gabbana for women main accords vanilla fy,0.4111,0.1661,0.1074,0.3985,TIE,TIE,0.0126,fragrantica-scraper-archive/social-cards/images/4356_2577-DOL_96028.jpeg,winter,0.4111,fall,0.3985,0.0126
4353,2574-MEM,88771,unisex,SOCIAL_CARD_OCR,cappadocia memo paris eon for women and men main accords warm spicy po fy fae st cappadocia sa memo paris for women and men main accords,0.4111,0.1661,0.1074,0.4244,TIE,TIE,0.0132,fragrantica-scraper-archive/social-cards/images/4353_2574-MEM_88771.jpeg,fall,0.4244,winter,0.4111,0.0133
4351,2572-KUR,95969,unisex,SOCIAL_CARD_OCR,aie maison francis kurkdjian so for women and men main accords white floral fy apom sa fee aye maison francis kurkdjian a arabe for women and men main accords white floral fy,0.1963,0.3432,0.2741,0.3616,TIE,TIE,0.0185,fragrantica-scraper-archive/social-cards/images/4351_2572-KUR_95969.jpeg,fall,0.3616,spring,0.3432,0.0184
4344,2591-CRD,6272,female,SOCIAL_CARD_OCR,b st fea acqua fiorentina creed nana for women main accords citrus rs a acqua fiorentina creed ras fe for women main accords citrus a,0.1259,0.4576,0.4741,0.1587,TIE,TIE,0.0165,fragrantica-scraper-archive/social-cards/images/4344_2591-CRD_6272.jpeg,summer,0.4741,spring,0.4576,0.0165
4337,2561-SOM,71727,unisex,SOCIAL_CARD_OCR,xt aad ge tee capriccio somens res for women and men il i main accords ds capriccio somens for women and men main accords wy,0.1519,0.3653,0.3778,0.2878,TIE,TIE,0.0125,fragrantica-scraper-archive/social-cards/images/4337_2561-SOM_71727.jpeg,summer,0.3778,spring,0.3653,0.0125
4328,2548-RIT,63387,female,SOCIAL_CARD_OCR,hammam avgerinos aaa for women main accords vanilla fy a on hammam gn avgerinos for women a main accords vanilla,0.5519,0.1218,0.1074,0.5461,TIE,TIE,0.0057,fragrantica-scraper-archive/social-cards/images/4328_2548-RIT_63387.jpeg,winter,0.5519,fall,0.5461,0.0058
4325,2510-ONE,18810,female,SOCIAL_CARD_OCR,scere our moment one direction ese for women main accords iyig our moment one direction for women main accords p,0.1259,0.3985,0.4185,0.1550,TIE,TIE,0.0200,fragrantica-scraper-archive/social-cards/images/4325_2510-ONE_18810.jpeg,summer,0.4185,spring,0.3985,0.0200
4324,2508-DRC,48387,unisex,SOCIAL_CARD_OCR,fe a a gris dior pears ea pee dior ae for women and men main accords aes gris dior dior for women and men main accords a,0.3370,0.3653,0.2741,0.3616,TIE,TIE,0.0037,fragrantica-scraper-archive/social-cards/images/4324_2508-DRC_48387.jpeg,spring,0.3653,fall,0.3616,0.0037
4322,2498-TOUZ,2732,unisex,SOCIAL_CARD_OCR,ene roa tous sree for women and men yo main accords k citrus mee baby st foro tous for women and men main accords citrus,0.1259,0.4354,0.4185,0.1550,TIE,TIE,0.0169,fragrantica-scraper-archive/social-cards/images/4322_2498-TOUZ_2732.jpeg,spring,0.4354,summer,0.4185,0.0169
4321,2487-PEN,55441,male,SOCIAL_CARD_OCR,terrible teddy penhaligon s ee eee de for men yp main accords ee ace ey a terrible leddy ithe formen penhaligon s main accords ee,0.4111,0.2362,0.1074,0.4133,TIE,TIE,0.0022,fragrantica-scraper-archive/social-cards/images/4321_2487-PEN_55441.jpeg,fall,0.4133,winter,0.4111,0.0022
4288,2559-LAT,75900,unisex,SOCIAL_CARD_OCR,raed silver lattafa perfumes see for women and men ar main accords raed silver lattafa perfumes for women and men main accords ar le,0.2593,0.2989,0.2148,0.3100,TIE,TIE,0.0111,fragrantica-scraper-archive/social-cards/images/4288_2559-LAT_75900.jpeg,fall,0.3100,spring,0.2989,0.0111
4285,2556-LAT,80722,female,SOCIAL_CARD_OCR,phos aa yara mol eee lattafa perfumes oe for women ny fm yara mol a lattafa perfumes el for women main accords,0.2222,0.3653,0.2741,0.3616,TIE,TIE,0.0037,fragrantica-scraper-archive/social-cards/images/4285_2556-LAT_80722.jpeg,spring,0.3653,fall,0.3616,0.0037
4278,2569-GOLD,81895,unisex,SOCIAL_CARD_OCR,aa eases rea ingenious ginger goldfield banks australia ot for women and men main accords j citrus ey ay ee eee ingenious ginger goldfield banks australia for women and men main accords citrus ne,0.1259,0.3875,0.4037,0.2214,TIE,TIE,0.0162,fragrantica-scraper-archive/social-cards/images/4278_2569-GOLD_81895.jpeg,summer,0.4037,spring,0.3875,0.0162
4259,2531-CAR,89374,male,SOCIAL_CARD_OCR,bad boy cobalt enxir eee pee carolina herrera ess a faat le for men main accords sn bad boy cobalt enxx r formen carolina herrera ke main accords,0.3370,0.3653,0.1481,0.3616,TIE,TIE,0.0037,fragrantica-scraper-archive/social-cards/images/4259_2531-CAR_89374.jpeg,spring,0.3653,fall,0.3616,0.0037
4258,2532-PRA,32197,unisex,SOCIAL_CARD_OCR,cargo de nuit pees prada oe for women and men main accords woody s ss woody se ctehis ene oh cargo de nuit ee prada ope ag inl for women and men main accords a,0.3370,0.3653,0.2741,0.3616,TIE,TIE,0.0037,fragrantica-scraper-archive/social-cards/images/4258_2532-PRA_32197.jpeg,spring,0.3653,fall,0.3616,0.0037
4246,2476-MARG,30262,male,SOCIAL_CARD_OCR,y permcets ee at lhe barber s maison martin margiela ees for men ie main accords es fresh spicy at he barber s formen maison martin margiela main accords,0.1259,0.3542,0.3481,0.2878,TIE,TIE,0.0061,fragrantica-scraper-archive/social-cards/images/4246_2476-MARG_30262.jpeg,spring,0.3542,summer,0.3481,0.0061
4245,2522-VIC,93116,male,SOCIAL_CARD_OCR,spicebomb dark leather viktor rolf eee for men main accords ee spicebomb dark leather eat formen viktor rolf main accords ee,0.4556,0.1550,0.1074,0.4428,TIE,TIE,0.0128,fragrantica-scraper-archive/social-cards/images/4245_2522-VIC_93116.jpeg,winter,0.4556,fall,0.4428,0.0128
4244,2519-MNT,31771,unisex,SOCIAL_CARD_OCR,starry nights montale sea for women and men id main accords e fe powdery montale starry nights for women and men main accords ite powdery,0.3370,0.3653,0.1815,0.3616,TIE,TIE,0.0037,fragrantica-scraper-archive/social-cards/images/4244_2519-MNT_31771.jpeg,spring,0.3653,fall,0.3616,0.0037
4233,2480-JUL,19894,unisex,SOCIAL_CARD_OCR,eae etc anyway inves juliette has a gun ss for women and men main accords citrus sa fr a anyway ata juliette has a gun ente on for women and men main accords citrus,0.1259,0.4354,0.4296,0.1328,TIE,TIE,0.0058,fragrantica-scraper-archive/social-cards/images/4233_2480-JUL_19894.jpeg,spring,0.4354,summer,0.4296,0.0058
4226,2512-BRB,95883,female,SOCIAL_CARD_OCR,goddess intense burberry ea for women e main accords vanilla e i eo fray goddess intense ere ese for women burberry main accords vanilla ee a,0.4185,0.1550,0.1074,0.4244,TIE,TIE,0.0058,fragrantica-scraper-archive/social-cards/images/4226_2512-BRB_95883.jpeg,fall,0.4244,winter,0.4185,0.0059
4224,2515-LAN,95856,female,SOCIAL_CARD_OCR,la vie est belle l kirxir lancoome sia for women main accords ly fy ea la vie est belle l enxir for women lancome mex main accords,0.3370,0.3653,0.1481,0.3616,TIE,TIE,0.0037,fragrantica-scraper-archive/social-cards/images/4224_2515-LAN_95856.jpeg,spring,0.3653,fall,0.3616,0.0037
4218,2496-SERG,29636,unisex,SOCIAL_CARD_OCR,ww dsl pig ot sent ae la religieuse as eae serge lutens ss for women and men main accords ss ae white floral pile ee la religieuse on serge lutens ee for women and men main accords white floral la,0.3370,0.3432,0.1370,0.3616,TIE,TIE,0.0185,fragrantica-scraper-archive/social-cards/images/4218_2496-SERG_29636.jpeg,fall,0.3616,spring,0.3432,0.0184
4216,2518-MATAH,72607,unisex,SOCIAL_CARD_OCR,escapade gourmande maison mataha peak for women and men f main accords vanilla i rh e scapade gourmande ee maison mataha for women and men main accords vanilla,0.4000,0.1771,0.1074,0.3875,TIE,TIE,0.0125,fragrantica-scraper-archive/social-cards/images/4216_2518-MATAH_72607.jpeg,winter,0.4000,fall,0.3875,0.0125
4215,,95863,male,SOCIAL_CARD_OCR,sauvage au forte dior eat ge for men main accords dy ae dior sauvage au forte ee giee formen main accords,0.2407,0.2989,0.2481,0.2878,TIE,TIE,0.0111,fragrantica-scraper-archive/social-cards/images/4215_unknown_95863.jpeg,spring,0.2989,fall,0.2878,0.0111
4211,2497-XER,55163,unisex,SOCIAL_CARD_OCR,iz pighre tg he dasina cae cee ee serres xerjoff pcos for women and men main accords salen l tobacco the wardasina salant ofa mig xerjoft for women and men main accords wt fs,0.3593,0.3653,0.1074,0.3764,TIE,TIE,0.0111,fragrantica-scraper-archive/social-cards/images/4211_2497-XER_55163.jpeg,fall,0.3764,spring,0.3653,0.0111
4210,2474-XER,15555,female,SOCIAL_CARD_OCR,tove iene dama bianca casamorati eae for women main accords powdery dama blanca casamorati oe for women main accords powdery,0.1963,0.3653,0.2741,0.3616,TIE,TIE,0.0037,fragrantica-scraper-archive/social-cards/images/4210_2474-XER_15555.jpeg,spring,0.3653,fall,0.3616,0.0037
4200,2463-GUC,94979,female,SOCIAL_CARD_OCR,flora gorgeous orchid resi eae gucci ae ed for women main accords vanilla j flora gorgeous orchid ef ee for women guccl main accords vanilla,0.1259,0.3985,0.3926,0.1882,TIE,TIE,0.0059,fragrantica-scraper-archive/social-cards/images/4200_2463-GUC_94979.jpeg,spring,0.3985,summer,0.3926,0.0059
4191,2466-ELIZ,76395,female,SOCIAL_CARD_OCR,white lea kau de partum elizabeth arden le for women main accords ee amie white lea kau de partum scher a pats os for women elizabeth arden main accords ee ee a,0.1481,0.3985,0.3815,0.2030,TIE,TIE,0.0170,fragrantica-scraper-archive/social-cards/images/4191_2466-ELIZ_76395.jpeg,spring,0.3985,summer,0.3815,0.0170
4188,2461-BOD,48939,female,SOCIAL_CARD_OCR,black musk night bloom the body shop one for women ys main accords fy black musk night bloom for women the body shop main accords ys,0.3741,0.1882,0.1481,0.3764,TIE,TIE,0.0023,fragrantica-scraper-archive/social-cards/images/4188_2461-BOD_48939.jpeg,fall,0.3764,winter,0.3741,0.0023
4181,2450-PEN,90117,unisex,SOCIAL_CARD_OCR,eee cise penhaligon s a ee for women and men f main accords et z warm spicy o alula a hop seh ro penhaligon s for women and men main accords oy,0.4185,0.1550,0.1074,0.4244,TIE,TIE,0.0058,fragrantica-scraper-archive/social-cards/images/4181_2450-PEN_90117.jpeg,fall,0.4244,winter,0.4185,0.0059
4170,2431-ROJ,23008,unisex,SOCIAL_CARD_OCR,musk aoud roja dove peruse for women and men semis k dewee main accords we musky a enn musk aoud roja dove ons for women and men main accords aah a musky a,0.3963,0.1993,0.1074,0.3764,TIE,TIE,0.0199,fragrantica-scraper-archive/social-cards/images/4170_2431-ROJ_23008.jpeg,winter,0.3963,fall,0.3764,0.0199
4169,2439-ZEG,16188,male,SOCIAL_CARD_OCR,indonesian oud eau de louette ermenegildo zegna as for men main accords ee indonesian oud eau de louette for men ermenegildo zegna main accords,0.4111,0.1771,0.1074,0.3985,TIE,TIE,0.0126,fragrantica-scraper-archive/social-cards/images/4169_2439-ZEG_16188.jpeg,winter,0.4111,fall,0.3985,0.0126
4157,2429-JUL,62377,female,SOCIAL_CARD_OCR,musc invisible juliette has a gun es se for women main accords powdery mele res coh ci muse invisible juliette has a gun for women main accords powdery,0.3370,0.3210,0.2741,0.2878,TIE,TIE,0.0160,fragrantica-scraper-archive/social-cards/images/4157_2429-JUL_62377.jpeg,winter,0.3370,spring,0.3210,0.0160
4144,2422-XER,55160,unisex,SOCIAL_CARD_OCR,soprano oe i hen meigs xerjoft eae for women and men main accords a bey os soprano fa xerjoft ee for women and men main accords l,0.3370,0.3653,0.1481,0.3616,TIE,TIE,0.0037,fragrantica-scraper-archive/social-cards/images/4144_2422-XER_55160.jpeg,spring,0.3653,fall,0.3616,0.0037
4138,2399-MORH,90868,unisex,SOCIAL_CARD_OCR,tonkatonic as morph ear for women and men main accords a almond j lonkatonic morph ra pore for women and men main accords almond j,0.3148,0.2620,0.1926,0.3137,TIE,TIE,0.0012,fragrantica-scraper-archive/social-cards/images/4138_2399-MORH_90868.jpeg,winter,0.3148,fall,0.3137,0.0011
4137,2402-AKR,81614,unisex,SOCIAL_CARD_OCR,sites bake sens akro raita for women and men main accords sweet e akro ope for women and men main accords,0.3370,0.3653,0.2741,0.3616,TIE,TIE,0.0037,fragrantica-scraper-archive/social-cards/images/4137_2402-AKR_81614.jpeg,spring,0.3653,fall,0.3616,0.0037
4122,2391-XER,77059,unisex,SOCIAL_CARD_OCR,at eo lormo xerjoff eigen for women and men main accords pan iy dy lorino xerjoft for women and men main accords ax ww dy,0.1815,0.3653,0.2741,0.3616,TIE,TIE,0.0037,fragrantica-scraper-archive/social-cards/images/4122_2391-XER_77059.jpeg,spring,0.3653,fall,0.3616,0.0037
4121,2387-EXN,84224,unisex,SOCIAL_CARD_OCR,blue lalisman ex nihilo eee for women and men main accords a z citrus fs ae blue lalisman ex nihilo for women and men main accords citrus fs,0.1259,0.3875,0.3926,0.2030,TIE,TIE,0.0051,fragrantica-scraper-archive/social-cards/images/4121_2387-EXN_84224.jpeg,summer,0.3926,spring,0.3875,0.0051
4111,2377-VICT,13033,female,SOCIAL_CARD_OCR,s fits coat vanilla lace victoria s secret for women main accords vanilla n a ae ar vanilla lace victoria s secret bat for women main accords vanilla ae,0.3741,0.1882,0.1481,0.3875,TIE,TIE,0.0134,fragrantica-scraper-archive/social-cards/images/4111_2377-VICT_13033.jpeg,fall,0.3875,winter,0.3741,0.0134
4104,2335-BOA,42568,unisex,SOCIAL_CARD_OCR,rose sapphire boadicea the victorious peepee for women and men main accords a rose sapphire boadicea the victorious for women and men main accords warm spicy a,0.3370,0.3653,0.2741,0.3616,TIE,TIE,0.0037,fragrantica-scraper-archive/social-cards/images/4104_2335-BOA_42568.jpeg,spring,0.3653,fall,0.3616,0.0037
4099,2363-VER,57700,unisex,SOCIAL_CARD_OCR,a ry ipo eee a santal boise versace spee for women and men ze i main accords i fl lj heri ene santal boise hee versace meee for women and men a ese bs main accords a,0.4000,0.1882,0.1074,0.4133,TIE,TIE,0.0133,fragrantica-scraper-archive/social-cards/images/4099_2363-VER_57700.jpeg,fall,0.4133,winter,0.4000,0.0133
4095,2365-DIP,78658,unisex,SOCIAL_CARD_OCR,a ieee l kau papler oe diptyque ss emak for women and men main accords musky hy l kau papler diptyque ela for women and men main accords musky,0.2444,0.3210,0.2741,0.3063,TIE,TIE,0.0148,fragrantica-scraper-archive/social-cards/images/4095_2365-DIP_78658.jpeg,spring,0.3210,fall,0.3063,0.0147
4089,2088-YZLO,64718,male,SOCIAL_CARD_OCR,yves saint laurent eto acti for men a a at y le partum lit yves saint laurent at formen main accords es,0.3370,0.3653,0.2741,0.3616,TIE,TIE,0.0037,fragrantica-scraper-archive/social-cards/images/4089_2088-YZLO_64718.jpeg,spring,0.3653,fall,0.3616,0.0037
4084,2354-CRD,45599,unisex,SOCIAL_CARD_OCR,as babee white amber a creed see for women and men gq main accords aes white floral white amber creed for women and men main accords white floral i r ss a ee,0.1926,0.3432,0.3481,0.3616,TIE,TIE,0.0135,fragrantica-scraper-archive/social-cards/images/4084_2354-CRD_45599.jpeg,fall,0.3616,summer,0.3481,0.0135
4083,2355-LEL,6332,unisex,SOCIAL_CARD_OCR,patchoull le labo soin hag for women and men main accords ee ey patchoull a le labo for women and men main accords il ee,0.4593,0.1218,0.1074,0.4649,TIE,TIE,0.0057,fragrantica-scraper-archive/social-cards/images/4083_2355-LEL_6332.jpeg,fall,0.4649,winter,0.4593,0.0056
4080,2324-KIL,18904,unisex,SOCIAL_CARD_OCR,musk oud face eae eb ite bearers f fe by kilian a for women and men main accords oo ee siget aut musk oud for ats bed by kilian ops pred afi for women and men main accords a,0.3556,0.3653,0.1111,0.3616,TIE,TIE,0.0037,fragrantica-scraper-archive/social-cards/images/4080_2324-KIL_18904.jpeg,spring,0.3653,fall,0.3616,0.0037
4038,2357-CRD,106624,male,SOCIAL_CARD_OCR,absolu aventus creed laos for men main accords absolu aventus a creed ote ae for men main accords st,0.2630,0.2768,0.2704,0.2768,TIE,TIE,0.0000,fragrantica-scraper-archive/social-cards/images/4038_2357-CRD_106624.jpeg,spring,0.2768,fall,0.2768,0.0000
4024,2315-RAM,44233,unisex,SOCIAL_CARD_OCR,peas gcey flamenco ramon monegal eee for women and men eo fy flamenco ramon monegal ay for women and men main accords fy ee,0.2444,0.2989,0.2741,0.2878,TIE,TIE,0.0111,fragrantica-scraper-archive/social-cards/images/4024_2315-RAM_44233.jpeg,spring,0.2989,fall,0.2878,0.0111
4022,2317-TER,32170,unisex,SOCIAL_CARD_OCR,a caper a ae orion ae tiziana terenzi recor for women and men es main accords a ire orion tiziana terenzi opi ala for women and men main accords,0.1519,0.3653,0.3481,0.3616,TIE,TIE,0.0037,fragrantica-scraper-archive/social-cards/images/4022_2317-TER_32170.jpeg,spring,0.3653,fall,0.3616,0.0037
4009,2348-AMG,78656,unisex,SOCIAL_CARD_OCR,gen satie guidance amouage ke for women and men iit main accords guidance jest amouage for women and men main accords a y a,0.3370,0.3653,0.1481,0.3616,TIE,TIE,0.0037,fragrantica-scraper-archive/social-cards/images/4009_2348-AMG_78656.jpeg,spring,0.3653,fall,0.3616,0.0037
3962,2311-YVRO,56457,unisex,SOCIAL_CARD_OCR,ot ort pee oy plein soleil yves rocher beane for women and men main accords ln tuberose ad piein solel yves rocher iar for women and men main accords tuberose a,0.1296,0.3875,0.3741,0.2214,TIE,TIE,0.0134,fragrantica-scraper-archive/social-cards/images/3962_2311-YVRO_56457.jpeg,spring,0.3875,summer,0.3741,0.0134
3958,,56324,,OCR_UNRESOLVED,y feige co sauvage partum dior heer res formen main accords citrus fs sauvage partum dior ier formen main accords citrus fs,0.3074,0.2768,0.1704,0.3247,TIE,TIE,0.0173,fragrantica-scraper-archive/social-cards/images/3958_unknown_56324.jpeg,fall,0.3247,winter,0.3074,0.0173
3950,2309-ATKI,22057,female,SOCIAL_CARD_OCR,pe reae oud save ihe queen atkinsons ae reroee for women main accords we white floral a oud save ihe queen atkinsons for women main accords white floral a,0.4037,0.1771,0.1074,0.3985,TIE,TIE,0.0052,fragrantica-scraper-archive/social-cards/images/3950_2309-ATKI_22057.jpeg,winter,0.4037,fall,0.3985,0.0052
3942,2296-KAY,85187,unisex,SOCIAL_CARD_OCR,oudgasm cate oud lau de partum intense ee kayali fragrances for women and men main accords es ny oudgasm cate oud lau de partum intense kayali fragrances for women and men main accords war,0.0000,0.0000,0.4556,0.4539,TIE,TIE,0.0017,fragrantica-scraper-archive/social-cards/images/3942_2296-KAY_85187.jpeg,summer,0.4556,fall,0.4539,0.0017
3941,2300-MNT,81773,unisex,SOCIAL_CARD_OCR,my beet ee intimnity aoe montale pee for women and men e main accords a ie i fs at i bie has ime a inhnity a montale nett for women and men main accords pld que fs,0.3963,0.2103,0.1074,0.3764,TIE,TIE,0.0199,fragrantica-scraper-archive/social-cards/images/3941_2300-MNT_81773.jpeg,winter,0.3963,fall,0.3764,0.0199
3940,2299-LEL,6340,unisex,SOCIAL_CARD_OCR,vanille paris le labo se eee for women and men main accords vanilla f a vanille paris le labo for women and men main accords vanilla atin a,0.3741,0.1882,0.1222,0.3875,TIE,TIE,0.0134,fragrantica-scraper-archive/social-cards/images/3940_2299-LEL_6340.jpeg,fall,0.3875,winter,0.3741,0.0134
3938,2298-ELEC,72806,unisex,SOCIAL_CARD_OCR,patchoull of the underworld electimuss pee for women and men main accords my a patchoull of the underworld be ae for women and men electimuss main accords,0.4000,0.2435,0.1074,0.3875,TIE,TIE,0.0125,fragrantica-scraper-archive/social-cards/images/3938_2298-ELEC_72806.jpeg,winter,0.4000,fall,0.3875,0.0125
3937,2295-FLOR,46165,unisex,SOCIAL_CARD_OCR,one umbrella tor wo floraiku ee for women and men main accords pees uy cae one umbrella tor wo for women and men floraiku up as main accords on elem ea,0.3370,0.3653,0.1815,0.3616,TIE,TIE,0.0037,fragrantica-scraper-archive/social-cards/images/3937_2295-FLOR_46165.jpeg,spring,0.3653,fall,0.3616,0.0037
3936,2285-BOT,55300,female,SOCIAL_CARD_OCR,iitusione tor her bottega veneta eae for women main accords lilusione tor her bottega veneta or for women main accords,0.1259,0.3875,0.3815,0.2878,TIE,TIE,0.0060,fragrantica-scraper-archive/social-cards/images/3936_2285-BOT_55300.jpeg,spring,0.3875,summer,0.3815,0.0060
3935,2277-AMG,18543,male,SOCIAL_CARD_OCR,bi ee aaba kate man eee ze aeap eareeea cael arr a amouage ears for men main accords amber te en big hic a pe nc kate man bt scars amouage formen ss main accords wad eee en,0.4111,0.1771,0.1074,0.4133,TIE,TIE,0.0022,fragrantica-scraper-archive/social-cards/images/3935_2277-AMG_18543.jpeg,fall,0.4133,winter,0.4111,0.0022
3933,2276-ATKI,22056,unisex,SOCIAL_CARD_OCR,oud save he king le atkinsons el dp phen oh r g for women and men see es a main accor ete bess ieee powdery nl i oud save ihe king atkinsons io for women and men main accords powdery,0.4185,0.1771,0.1074,0.4244,TIE,TIE,0.0058,fragrantica-scraper-archive/social-cards/images/3933_2276-ATKI_22056.jpeg,fall,0.4244,winter,0.4185,0.0059
3932,2287-VAL,78739,female,SOCIAL_CARD_OCR,valentino donna born in koma intense a valentino a for women main accords valenuno donna born in koma intense valentino for women main accords,0.4000,0.1882,0.1222,0.3875,TIE,TIE,0.0125,fragrantica-scraper-archive/social-cards/images/3932_2287-VAL_78739.jpeg,winter,0.4000,fall,0.3875,0.0125
3924,2275-ROJ,62320,unisex,SOCIAL_CARD_OCR,pear burlington oe roja dove seaton for women and men sas main accords a citrus fy pare burlington roja dove for women and men ws main accords uy citrus fy,0.1259,0.3653,0.3815,0.2878,TIE,TIE,0.0162,fragrantica-scraper-archive/social-cards/images/3924_2275-ROJ_62320.jpeg,summer,0.3815,spring,0.3653,0.0162
3923,1925-PEN,57835,unisex,SOCIAL_CARD_OCR,babylon pone a o ae seat a ea dal penhaligon s oe yee for women and men f main accords site woody e babylon ta penhaligon s for women and men main accords ez ey a oe a,0.4593,0.1328,0.1074,0.4649,TIE,TIE,0.0057,fragrantica-scraper-archive/social-cards/images/3923_1925-PEN_57835.jpeg,fall,0.4649,winter,0.4593,0.0056
3912,2280-XER,52181,unisex,SOCIAL_CARD_OCR,y g a xerjoff apenas for women and men main accords il citrus ee ore yig be et as xerjoft for women and men main accords pan citrus,0.3074,0.2878,0.1593,0.3247,TIE,TIE,0.0173,fragrantica-scraper-archive/social-cards/images/3912_2280-XER_52181.jpeg,fall,0.3247,winter,0.3074,0.0173
3910,2257-YZLO,83296,female,SOCIAL_CARD_OCR,libre labdsolu platine yves saint laurent eee for women a main accords citrus libre labsolu piatine ene ae for women yves saint laurent ae seg main accords citrus fy,0.3370,0.3653,0.2741,0.3616,TIE,TIE,0.0037,fragrantica-scraper-archive/social-cards/images/3910_2257-YZLO_83296.jpeg,spring,0.3653,fall,0.3616,0.0037
3905,2266-KAY,68958,unisex,SOCIAL_CARD_OCR,invite only amber kayali fragrances ec oa for women and men main accords dig yy durt csosc o wow sm ll invite only amber kayali fragrances baek for women and men main accords sig yy durt csosc o wow sm a,0.4963,0.1218,0.1074,0.5018,TIE,TIE,0.0055,fragrantica-scraper-archive/social-cards/images/3905_2266-KAY_68958.jpeg,fall,0.5018,winter,0.4963,0.0055
3902,1866-GUC,13201,female,SOCIAL_CARD_OCR,gucci guilty intense gucci eee for women main accords flot ee gucci guilty intense eat gucci be ata for women main accords ma,0.4000,0.1882,0.1074,0.4133,TIE,TIE,0.0133,fragrantica-scraper-archive/social-cards/images/3902_1866-GUC_13201.jpeg,fall,0.4133,winter,0.4000,0.0133
3901,2262-MEM,37185,unisex,SOCIAL_CARD_OCR,fe ed ee memo paris ee for women and men main accords white floral ee rat a v on marta on memo paris for women and men main accords white floral,0.2185,0.3100,0.2370,0.3100,TIE,TIE,0.0000,fragrantica-scraper-archive/social-cards/images/3901_2262-MEM_37185.jpeg,spring,0.3100,fall,0.3100,0.0000
3900,2255-VER,8009,female,SOCIAL_CARD_OCR,versus el versace ais for women main accords poe citrus versus versace for women main accords it i a citrus so,0.1963,0.3875,0.3778,0.2030,TIE,TIE,0.0097,fragrantica-scraper-archive/social-cards/images/3900_2255-VER_8009.jpeg,spring,0.3875,summer,0.3778,0.0097
3894,2263-NAS,80076,unisex,SOCIAL_CARD_OCR,sadonaso ee nasomatto ee for women and men main accords vanilla saqdonaso nasomatto for women and men main accords vanilla,0.3963,0.1993,0.1074,0.3875,TIE,TIE,0.0088,fragrantica-scraper-archive/social-cards/images/3894_2263-NAS_80076.jpeg,winter,0.3963,fall,0.3875,0.0088
3840,2251-JOVP,49435,unisex,SOCIAL_CARD_OCR,early remember me eae ae ele jovoy paris vee for women and men main accords hemempber me jovoy paris for women and men main accords citrus a,0.3370,0.3653,0.1074,0.3764,TIE,TIE,0.0111,fragrantica-scraper-archive/social-cards/images/3840_2251-JOVP_49435.jpeg,fall,0.3764,spring,0.3653,0.0111
3835,2244-ARM,21403,unisex,SOCIAL_CARD_OCR,myrrhe imperiale giorgio armani se for women and men main accords j fs myrrhe imperiale for women and men giorgio armani main accords ome fs,0.4778,0.1218,0.1074,0.4649,TIE,TIE,0.0128,fragrantica-scraper-archive/social-cards/images/3835_2244-ARM_21403.jpeg,winter,0.4778,fall,0.4649,0.0129
3834,2243-TMFO,83981,unisex,SOCIAL_CARD_OCR,myrrnhe mystere tom ford oe ec for women and men main accords fy myrrnhe mystere tom ford emg for women and men main accords,0.4778,0.1218,0.1074,0.4649,TIE,TIE,0.0128,fragrantica-scraper-archive/social-cards/images/3834_2243-TMFO_83981.jpeg,winter,0.4778,fall,0.4649,0.0129
3833,2242-THESPD,55003,unisex,SOCIAL_CARD_OCR,turath seema the spirit of dubai oo for women and men mm main accords wl i a of lurath ere the spirit of dubai ae a pa x for women and men os main accords dit sat,0.3593,0.2546,0.1111,0.3616,TIE,TIE,0.0024,fragrantica-scraper-archive/social-cards/images/3833_2242-THESPD_55003.jpeg,fall,0.3616,winter,0.3593,0.0023
3832,2252-KIL,84413,unisex,SOCIAL_CARD_OCR,smoking hot by kilian cetoee for women and men main accords ate smoking hot by kilian for women and men main accords ny,0.4778,0.1218,0.1074,0.4649,TIE,TIE,0.0128,fragrantica-scraper-archive/social-cards/images/3832_2252-KIL_84413.jpeg,winter,0.4778,fall,0.4649,0.0129
3829,2236-NISH,74670,unisex,SOCIAL_CARD_OCR,kredo poaee j pcie sty nishane a ewmeaee for women and men main accords a kredo obs cea ma nishane eg ao for women and men main accords ay,0.3815,0.2546,0.1074,0.3838,TIE,TIE,0.0023,fragrantica-scraper-archive/social-cards/images/3829_2236-NISH_74670.jpeg,fall,0.3838,winter,0.3815,0.0023
3828,2235-PRA,83988,female,SOCIAL_CARD_OCR,prada paradoxe intense prada pseeeacy tse for women main accords an a white floral i prada paradoxe intense prada opanatee seed for women main accords white floral i,0.3370,0.3653,0.1704,0.3616,TIE,TIE,0.0037,fragrantica-scraper-archive/social-cards/images/3828_2235-PRA_83988.jpeg,spring,0.3653,fall,0.3616,0.0037
3827,2234-MON,69819,female,SOCIAL_CARD_OCR,monclier pour kemme moncler ere for women main accords yy powdery a at ark moncler pour femme ies moncler for women main accords a yy powdery,0.3593,0.3653,0.1222,0.3616,TIE,TIE,0.0037,fragrantica-scraper-archive/social-cards/images/3827_2234-MON_69819.jpeg,spring,0.3653,fall,0.3616,0.0037
3826,2241-GUL,83889,female,SOCIAL_CARD_OCR,gaultier divine jean paul gaultier eee for women b main accords white floral y ae a eee gaultier divine jean paul gaultier for women main accords white floral dda ee,0.1519,0.3653,0.3815,0.2103,TIE,TIE,0.0162,fragrantica-scraper-archive/social-cards/images/3826_2241-GUL_83889.jpeg,summer,0.3815,spring,0.3653,0.0162
3823,2228-ESCE,66048,unisex,SOCIAL_CARD_OCR,molecule iris co escentric molecules eare oman for women and men il main accords eee ay a molecule iris escentric molecules mist for women and men il main accords a,0.1926,0.3432,0.3481,0.2878,TIE,TIE,0.0050,fragrantica-scraper-archive/social-cards/images/3823_2228-ESCE_66048.jpeg,summer,0.3481,spring,0.3432,0.0049
3821,2226-BON,20551,,OCR_UNRESOLVED,the scent of peace tor him bond no see formen ps main accords lhe scent of peace tor him bond no eae ee formen main accords a,0.1259,0.3875,0.3704,0.2214,TIE,TIE,0.0171,fragrantica-scraper-archive/social-cards/images/3821_2226-BON_20551.jpeg,spring,0.3875,summer,0.3704,0.0171
3820,2225-BON,51742,unisex,SOCIAL_CARD_OCR,latayette street cont ei ge bond no eee ee for women and men main accords it e latayette street bond no oe for women and men main accords,0.2444,0.2989,0.2741,0.2878,TIE,TIE,0.0111,fragrantica-scraper-archive/social-cards/images/3820_2225-BON_51742.jpeg,spring,0.2989,fall,0.2878,0.0111
3819,2218-ARM,48060,unisex,SOCIAL_CARD_OCR,armani prive bleu lurquoise iorgio armani ae for women and men aa main accords c arman prive bleu lurquolse giorgio armani for women and men main accords,0.1370,0.3653,0.3593,0.2878,TIE,TIE,0.0061,fragrantica-scraper-archive/social-cards/images/3819_2218-ARM_48060.jpeg,spring,0.3653,summer,0.3593,0.0060
3818,2224-ARM,1292,female,SOCIAL_CARD_OCR,emporio arman diamonds giorgio armani econo for women main accords es oo oc eeeeeee ui emporio armani diamonds giorgio armani for women ew main accords as,0.3370,0.3432,0.2741,0.2878,TIE,TIE,0.0061,fragrantica-scraper-archive/social-cards/images/3818_2224-ARM_1292.jpeg,spring,0.3432,winter,0.3370,0.0062
3810,2212-AMG,69700,female,SOCIAL_CARD_OCR,igre es pean bech amouage a for women ie main accords fs e pic woman er amouage for women op main accords da,0.3741,0.2435,0.1074,0.3542,TIE,TIE,0.0198,fragrantica-scraper-archive/social-cards/images/3810_2212-AMG_69700.jpeg,winter,0.3741,fall,0.3542,0.0199
3806,2232-PEN,43808,female,SOCIAL_CARD_OCR,clandestine clara penhaligon s ee for women main accords ee peano clandestine clara penhaligon s for women main accords,0.4778,0.1218,0.1074,0.4797,TIE,TIE,0.0019,fragrantica-scraper-archive/social-cards/images/3806_2232-PEN_43808.jpeg,fall,0.4797,winter,0.4778,0.0019
3805,2230-VAR,31760,,OCR_UNRESOLVED,dark rebel john varvatos leas formen a main accords a dark rebel john varvatos oe formen main accords ad dm dark sebel a,0.4778,0.1218,0.1074,0.4649,TIE,TIE,0.0128,fragrantica-scraper-archive/social-cards/images/3805_2230-VAR_31760.jpeg,winter,0.4778,fall,0.4649,0.0129
3803,2219-AJMA,26016,unisex,SOCIAL_CARD_OCR,amber wood ae of ere o a ajmal ee for women and men main accords ee e eeeee ena amber wood re ee on ajmal ott for women and men main accords fs woody ee,0.4111,0.1882,0.1074,0.3985,TIE,TIE,0.0126,fragrantica-scraper-archive/social-cards/images/3803_2219-AJMA_26016.jpeg,winter,0.4111,fall,0.3985,0.0126
3799,2163-SNI,77309,unisex,SOCIAL_CARD_OCR,pag te sabe dead dinosaur ss snif see for women and men ore i main accords a flom ad py wps se a dead dinosaur ae snif be for women and men i main accords why i lt a ul mee eal,0.1963,0.2768,0.3037,0.2989,TIE,TIE,0.0048,fragrantica-scraper-archive/social-cards/images/3799_2163-SNI_77309.jpeg,summer,0.3037,fall,0.2989,0.0048
3797,2209-MATIE,76131,unisex,SOCIAL_CARD_OCR,hy eee ene crystal satiron matiere premiere pipette for women and men main accords crystal satiron matiere premiere for women and men main accords,0.3741,0.2362,0.1074,0.3764,TIE,TIE,0.0023,fragrantica-scraper-archive/social-cards/images/3797_2209-MATIE_76131.jpeg,fall,0.3764,winter,0.3741,0.0023
3794,2211-YZLO,84094,male,SOCIAL_CARD_OCR,mysle kau de partum yves saint laurent ects for men main accords citrus mysle eau de partum es for men yves saint laurent main accords citrus a,0.1370,0.3653,0.3778,0.2878,TIE,TIE,0.0125,fragrantica-scraper-archive/social-cards/images/3794_2211-YZLO_84094.jpeg,summer,0.3778,spring,0.3653,0.0125
3793,2210-JOM,87710,unisex,SOCIAL_CARD_OCR,orange bitters cologne jo malone london ae for women and men e main accords atel citrus f a se ieee tty jo malone london orange bitters cologne for women and men main accords citrus zt ee,0.3370,0.3653,0.2741,0.3616,TIE,TIE,0.0037,fragrantica-scraper-archive/social-cards/images/3793_2210-JOM_87710.jpeg,spring,0.3653,fall,0.3616,0.0037
3784,2160-ZAR,83741,female,SOCIAL_CARD_OCR,nee py zara oe for women main accords vanilla barbie zara es for women main accords vanilla,0.1370,0.3653,0.3481,0.2214,TIE,TIE,0.0172,fragrantica-scraper-archive/social-cards/images/3784_2160-ZAR_83741.jpeg,spring,0.3653,summer,0.3481,0.0172
3727,2192-LTN,73006,unisex,SOCIAL_CARD_OCR,fleur du desert louis vuitton oes for women and men main accords white floral a kleur du desert louis vuitton meee for women and men main accords white floral a,0.3074,0.2620,0.2074,0.3137,TIE,TIE,0.0062,fragrantica-scraper-archive/social-cards/images/3727_2192-LTN_73006.jpeg,fall,0.3137,winter,0.3074,0.0063
3725,2196-BYR,66825,unisex,SOCIAL_CARD_OCR,open sk ee byredo vee for women and men rn a a open sky ope fig byredo for women and men main accords as,0.1259,0.3653,0.3815,0.2214,TIE,TIE,0.0162,fragrantica-scraper-archive/social-cards/images/3725_2196-BYR_66825.jpeg,summer,0.3815,spring,0.3653,0.0162
3724,2208-TMU,78581,female,SOCIAL_CARD_OCR,hb ta retake angel knxir oe mugler erie for women main accords white floral a reas angel knhxxir ae tt ons ek bee sects ol mugler for women main accords white floral,0.3741,0.2214,0.1222,0.3616,TIE,TIE,0.0125,fragrantica-scraper-archive/social-cards/images/3724_2208-TMU_78581.jpeg,winter,0.3741,fall,0.3616,0.0125
3717,2199-LAT,25880,unisex,SOCIAL_CARD_OCR,khalis musk pure musk ce lattafa perfumes cere for women and men main accords musky khalis musk pure musk ber for women and men lattafa perfumes ar main accords a musky,0.2037,0.3210,0.3037,0.2878,TIE,TIE,0.0173,fragrantica-scraper-archive/social-cards/images/3717_2199-LAT_25880.jpeg,spring,0.3210,summer,0.3037,0.0173
3687,2162-BRB,83483,female,SOCIAL_CARD_OCR,goddess ene ees burberry ener ee for women main accords vanilla coo etic sate goddess rane ie ped pape burberry ae for women main accords vanilla,0.3556,0.2214,0.1481,0.3690,TIE,TIE,0.0134,fragrantica-scraper-archive/social-cards/images/3687_2162-BRB_83483.jpeg,fall,0.3690,winter,0.3556,0.0134
3685,2186-PARF,11771,male,SOCIAL_CARD_OCR,godolphin parfums de marly ae caer for men main accords a get godolphin a parfums de marly ea ser for men main accords fs,0.4000,0.3653,0.1074,0.3875,TIE,TIE,0.0125,fragrantica-scraper-archive/social-cards/images/3685_2186-PARF_11771.jpeg,winter,0.4000,fall,0.3875,0.0125
3681,2185-DRC,72771,male,SOCIAL_CARD_OCR,kau sauvage extreme dior ee for men j main accords aii l mom fey i kau sauvage i xtreme dior a for men main accords ass,0.1926,0.3210,0.2741,0.3063,TIE,TIE,0.0148,fragrantica-scraper-archive/social-cards/images/3681_2185-DRC_72771.jpeg,spring,0.3210,fall,0.3063,0.0147
3670,2177-SERG,478,unisex,SOCIAL_CARD_OCR,fb bebe are un boils vanille serge lutens aoa for women and men main accords f vanilla nn ee fen med un bols vanilile cat serge lutens ea for women and men main accords vanilla z ee,0.4407,0.1328,0.1074,0.4244,TIE,TIE,0.0164,fragrantica-scraper-archive/social-cards/images/3670_2177-SERG_478.jpeg,winter,0.4407,fall,0.4244,0.0163
3629,2170-BOA,20516,unisex,SOCIAL_CARD_OCR,ardent aoe yenied boadicea the victorious baars for women and men main accords amber fs sy ardent boadicea the victorious for women and men main accords amber,0.4111,0.2362,0.1074,0.3985,TIE,TIE,0.0126,fragrantica-scraper-archive/social-cards/images/3629_2170-BOA_20516.jpeg,winter,0.4111,fall,0.3985,0.0126
3627,412-BOD,44100,unisex,SOCIAL_CARD_OCR,white musk l kau the body shop cg for women and men main accords white floral wa white musk l kau pap dene fee the body shop for women and men main accords white floral uy,0.1259,0.4686,0.4704,0.1439,TIE,TIE,0.0017,fragrantica-scraper-archive/social-cards/images/3627_412-BOD_44100.jpeg,summer,0.4704,spring,0.4686,0.0018
3618,2155-KAY,79846,unisex,SOCIAL_CARD_OCR,yum pistachio gelato kayali fragrances be cee for women and men main accords yum pistachio gelato kayali fragrances for women and men main accords,0.1926,0.3653,0.3481,0.2140,TIE,TIE,0.0172,fragrantica-scraper-archive/social-cards/images/3618_2155-KAY_79846.jpeg,spring,0.3653,summer,0.3481,0.0172
3617,2156-NRO,78835,female,SOCIAL_CARD_OCR,narciso hodriguez for her rorever ae narciso rodriguez oe for women main accords white floral py narciso rodriguez for her forever narciso rodriguez for women main accords white floral py,0.2037,0.3432,0.2741,0.3616,TIE,TIE,0.0185,fragrantica-scraper-archive/social-cards/images/3617_2156-NRO_78835.jpeg,fall,0.3616,spring,0.3432,0.0184
3597,2152-XER,55970,unisex,SOCIAL_CARD_OCR,apollonia ee soa ie xerjoff ere for women and men main accords eee feb apollonia lard xerjoft nivat eral for women and men main accords ye powdery lay,0.2037,0.3653,0.2741,0.3616,TIE,TIE,0.0037,fragrantica-scraper-archive/social-cards/images/3597_2152-XER_55970.jpeg,spring,0.3653,fall,0.3616,0.0037
3592,2147-TMFO,78583,unisex,SOCIAL_CARD_OCR,klectric cherry tom ford corre for women and men main accords electric cherry am tom ford saen for women and men main accords musky,0.1926,0.3653,0.3481,0.2214,TIE,TIE,0.0172,fragrantica-scraper-archive/social-cards/images/3592_2147-TMFO_78583.jpeg,spring,0.3653,summer,0.3481,0.0172
3590,2057-ESCE,79414,unisex,SOCIAL_CARD_OCR,ee rt ae molecule black lea escentric molecules lacan for women and men il main accords molecule black lea escentric molecules mee for women and men il main accords bly tt ee mw a,0.1259,0.3432,0.3481,0.2878,TIE,TIE,0.0050,fragrantica-scraper-archive/social-cards/images/3590_2057-ESCE_79414.jpeg,summer,0.3481,spring,0.3432,0.0049
3574,2142-PARF,63100,,OCR_UNRESOLVED,pegasus exclusii parfums de marly ze ones formen main accords pegasus exclusit parfums de marly formen main accords,0.4037,0.2103,0.1074,0.3875,TIE,TIE,0.0162,fragrantica-scraper-archive/social-cards/images/3574_2142-PARF_63100.jpeg,winter,0.4037,fall,0.3875,0.0162
3572,2139-XER,46097,unisex,SOCIAL_CARD_OCR,pieces cruz del sur xerjoff tae enue for women and men main accords t a cruz del sur i he xerjoft for women and men main accords la a,0.4185,0.1882,0.1074,0.4133,TIE,TIE,0.0052,fragrantica-scraper-archive/social-cards/images/3572_2139-XER_46097.jpeg,winter,0.4185,fall,0.4133,0.0052
3571,2138-TMFO,18883,unisex,SOCIAL_CARD_OCR,london oe tom ford die hee for women and men main accords warm spicy oy vn h london da oe o ie tom ford lee for women and men main accords,0.4593,0.1328,0.1074,0.4649,TIE,TIE,0.0057,fragrantica-scraper-archive/social-cards/images/3571_2138-TMFO_18883.jpeg,fall,0.4649,winter,0.4593,0.0056
3532,2054-CAR,76365,male,SOCIAL_CARD_OCR,bad boy gold fantasy carolina herrera prope de for men main accords a te bad boy gold fantasy formen carolina herrera main accords p,0.3963,0.2325,0.1074,0.3838,TIE,TIE,0.0125,fragrantica-scraper-archive/social-cards/images/3532_2054-CAR_76365.jpeg,winter,0.3963,fall,0.3838,0.0125
3528,2053-BDIK,73645,unisex,SOCIAL_CARD_OCR,bast ao baca gris charnel extrait bdk parfums braga for women and men main accords fs gris charnel extrait tats lo bdk parfums bw pe for women and men main accords woody fs,0.4111,0.2362,0.1074,0.3985,TIE,TIE,0.0126,fragrantica-scraper-archive/social-cards/images/3528_2053-BDIK_73645.jpeg,winter,0.4111,fall,0.3985,0.0126
3526,2038-TMFO,78578,unisex,SOCIAL_CARD_OCR,fate teeaenes cherry smoke oe tom ford lay for women and men main accords fs re cherry smoke ree cee ek ae tom ford ott for women and men main accords,0.4333,0.1439,0.1074,0.4354,TIE,TIE,0.0021,fragrantica-scraper-archive/social-cards/images/3526_2038-TMFO_78578.jpeg,fall,0.4354,winter,0.4333,0.0021
3524,2119-ARM,78561,female,SOCIAL_CARD_OCR,my way partum giorgio armani peas cee ees for women ei main accords a white floral my way partum giorgio armani for women main accords white floral,0.2704,0.3210,0.1704,0.3247,TIE,TIE,0.0037,fragrantica-scraper-archive/social-cards/images/3524_2119-ARM_78561.jpeg,fall,0.3247,spring,0.3210,0.0037
3522,2117-YZLO,75676,female,SOCIAL_CARD_OCR,bre le partum ee ae ae yves saint laurent see for women vanilla libre le partum yves saint laurent for women main accords vanilla ee,0.4556,0.1328,0.1074,0.4428,TIE,TIE,0.0128,fragrantica-scraper-archive/social-cards/images/3522_2117-YZLO_75676.jpeg,winter,0.4556,fall,0.4428,0.0128
3520,2118-GUC,79602,female,SOCIAL_CARD_OCR,gucci bloom intense gucci eae a for women main accords white floral fs hee ce guccl bloom intense gucci eee for women main accords white floral fs,0.2037,0.3542,0.2741,0.3616,TIE,TIE,0.0074,fragrantica-scraper-archive/social-cards/images/3520_2118-GUC_79602.jpeg,fall,0.3616,spring,0.3542,0.0074
3510,2112-GUC,693,,OCR_UNRESOLVED,guccl rush tor men gucci ee formen a main accords oy guccl rush tor men aed gucci io be steet teed formen main accords oy,0.2444,0.3653,0.2741,0.3616,TIE,TIE,0.0037,fragrantica-scraper-archive/social-cards/images/3510_2112-GUC_693.jpeg,spring,0.3653,fall,0.3616,0.0037
3505,2036-GIS,58226,,OCR_UNRESOLVED,ieee ambassador men gisada aan formen main accords ambassador men gisada formen se main accords,0.3370,0.3653,0.1704,0.3616,TIE,TIE,0.0037,fragrantica-scraper-archive/social-cards/images/3505_2036-GIS_58226.jpeg,spring,0.3653,fall,0.3616,0.0037
3501,2113-XER,6306,male,SOCIAL_CARD_OCR,pa vate be u a fe aa bie en eee xerjoft bier for men main accords lay citrus ol uden xerjoft formen main accords citrus lay fy,0.1296,0.3432,0.3481,0.3616,TIE,TIE,0.0135,fragrantica-scraper-archive/social-cards/images/3501_2113-XER_6306.jpeg,fall,0.3616,summer,0.3481,0.0135
3495,2103-EXN,27564,unisex,SOCIAL_CARD_OCR,eae ee vetiver molokko ex nihilo a sy ea for women and men t soe main accords vetiver molokoo ex nihilo for women and men main accords g fy,0.1370,0.3653,0.3481,0.3616,TIE,TIE,0.0037,fragrantica-scraper-archive/social-cards/images/3495_2103-EXN_27564.jpeg,spring,0.3653,fall,0.3616,0.0037
3493,2098-MIC,50396,female,SOCIAL_CARD_OCR,twilight shimmer a ay michael kors zs for women main accords aa iy es twilight shimmer michael kors o for women e mic ors main accords,0.4741,0.1033,0.1074,0.4576,TIE,TIE,0.0165,fragrantica-scraper-archive/social-cards/images/3493_2098-MIC_50396.jpeg,winter,0.4741,fall,0.4576,0.0165
3486,2104-CHA,52483,unisex,SOCIAL_CARD_OCR,kau de partum chanel i for women and men main accords powdery vi f au de partum ae chanel oe for women and men main accords powdery ag,0.1963,0.3432,0.3481,0.2878,TIE,TIE,0.0050,fragrantica-scraper-archive/social-cards/images/3486_2104-CHA_52483.jpeg,summer,0.3481,spring,0.3432,0.0049
3485,,46802,,OCR_UNRESOLVED,rab sereds tea b oe marc antoine barrois bide asta formen main accords warm spicy a oo ed oo atts marc antoine barrois formen main accords tn a,0.3370,0.3653,0.1074,0.3764,TIE,TIE,0.0111,fragrantica-scraper-archive/social-cards/images/3485_unknown_46802.jpeg,fall,0.3764,spring,0.3653,0.0111
3483,2105-MNT,64641,unisex,SOCIAL_CARD_OCR,oud pashmina montale ea is for women and men main accords oud pashmina montale for women and men main accords fs,0.4000,0.2362,0.1074,0.3875,TIE,TIE,0.0125,fragrantica-scraper-archive/social-cards/images/3483_2105-MNT_64641.jpeg,winter,0.4000,fall,0.3875,0.0125
3482,1983-ATTAR,33414,female,SOCIAL_CARD_OCR,the queen of sheba attar collection aeeeat for women main accords eee the queen of sheba for women attar collection main accords cs,0.2444,0.3653,0.2741,0.3616,TIE,TIE,0.0037,fragrantica-scraper-archive/social-cards/images/3482_1983-ATTAR_33414.jpeg,spring,0.3653,fall,0.3616,0.0037
3481,2086-VICT,75277,female,SOCIAL_CARD_OCR,bare a i ew puaie victoria s secret ae raed for women main accords ve a oe bare e es victoria s secret for women main accords,0.3370,0.3653,0.2741,0.3616,TIE,TIE,0.0037,fragrantica-scraper-archive/social-cards/images/3481_2086-VICT_75277.jpeg,spring,0.3653,fall,0.3616,0.0037
3479,2071-LAN,79245,female,SOCIAL_CARD_OCR,la vie st belle iris adsolu lanc me ee for women eee main accords i le la vie est belle ris adsoiu ee for women lancome se main accords il,0.3519,0.2620,0.1074,0.3542,TIE,TIE,0.0024,fragrantica-scraper-archive/social-cards/images/3479_2071-LAN_79245.jpeg,fall,0.3542,winter,0.3519,0.0023
3477,2050-NISH,74668,unisex,SOCIAL_CARD_OCR,tre eaagie tempiuo nishane ei a for women and men main accords citrus pare nore fa a tempiuo rate tte nishane spek oe ee for women and men main accords citrus,0.2407,0.3100,0.2074,0.3247,TIE,TIE,0.0148,fragrantica-scraper-archive/social-cards/images/3477_2050-NISH_74668.jpeg,fall,0.3247,spring,0.3100,0.0147
3476,2049-NISH,74667,unisex,SOCIAL_CARD_OCR,a oe tea bares seba p ap ll e liiko ae nishane ee for women and men ill oo loh s papulellko le nishane ote ote for women and men main accords ay,0.3370,0.3653,0.1481,0.3616,TIE,TIE,0.0037,fragrantica-scraper-archive/social-cards/images/3476_2049-NISH_74667.jpeg,spring,0.3653,fall,0.3616,0.0037
3471,2067-ROJ,65869,female,SOCIAL_CARD_OCR,hisque pour kemme essence de partum roja dove be oo for women ied main accords ee hisque pour kemme essence de partum roja dove for women main accords am,0.3370,0.3432,0.1074,0.3616,TIE,TIE,0.0185,fragrantica-scraper-archive/social-cards/images/3471_2067-ROJ_65869.jpeg,fall,0.3616,spring,0.3432,0.0184
3470,2074-MAN,54885,unisex,SOCIAL_CARD_OCR,instant crusn ae sra dn mancera es for women and men iy main accords ss fit instant crush mancera fi bey for women and men main accords t a,0.3741,0.2362,0.1074,0.3875,TIE,TIE,0.0134,fragrantica-scraper-archive/social-cards/images/3470_2074-MAN_54885.jpeg,fall,0.3875,winter,0.3741,0.0134
3462,2065-FRA,87109,unisex,SOCIAL_CARD_OCR,pte vae sugar ee d grayi ea ated for women and men main accords woody fs et sugar rah by d grayi che for women and men main accords woody,0.4185,0.1328,0.1370,0.4133,TIE,TIE,0.0052,fragrantica-scraper-archive/social-cards/images/3462_2065-FRA_87109.jpeg,winter,0.4185,fall,0.4133,0.0052
3461,1931-TMFO,54381,unisex,SOCIAL_CARD_OCR,lavender extreme tom ford ege for women and men main accords ce oe ee nmnr v c cro e oo lavender extreme tom ford for women and men main accords rf,0.3370,0.3653,0.2741,0.3616,TIE,TIE,0.0037,fragrantica-scraper-archive/social-cards/images/3461_1931-TMFO_54381.jpeg,spring,0.3653,fall,0.3616,0.0037
3374,2016-PARELM,50275,unisex,SOCIAL_CARD_OCR,oo bie eine peg red ay eee khixir damour os parfums d elmar paribas for women and men cegiod main accords oe aorere a ee eet oe ei eens sane oody ay saieass ee klxir damour parfums d elmar for women and men seg wo a tae main accords oo derere ererty a ad of ene p ae ae kv ocho es es gs cea apay ep a,0.3593,0.3653,0.1074,0.3764,TIE,TIE,0.0111,fragrantica-scraper-archive/social-cards/images/3374_2016-PARELM_50275.jpeg,fall,0.3764,spring,0.3653,0.0111
3373,1920-XER,16445,unisex,SOCIAL_CARD_OCR,knots peas xerjoft eatin d for women and men main accords ey fue knots foe ik xerjoft agosrai a for women and men main accords fs,0.1370,0.3210,0.3259,0.2878,TIE,TIE,0.0049,fragrantica-scraper-archive/social-cards/images/3373_1920-XER_16445.jpeg,summer,0.3259,spring,0.3210,0.0049
3371,1990-MNT,3241,unisex,SOCIAL_CARD_OCR,mukhatlat pees eh ar ane ele montale for women and men p main accords a ta a muknallat bi as ta nc tt montale eae for women and men main accords,0.3741,0.2362,0.2741,0.3616,TIE,TIE,0.0125,fragrantica-scraper-archive/social-cards/images/3371_1990-MNT_3241.jpeg,winter,0.3741,fall,0.3616,0.0125
3370,1989-VERT,47923,unisex,SOCIAL_CARD_OCR,i ees ee narcos s vertus ee for women and men iz main accords oy bia narcos is vertus for women and men main accords,0.3370,0.3653,0.2741,0.3616,TIE,TIE,0.0037,fragrantica-scraper-archive/social-cards/images/3370_1989-VERT_47923.jpeg,spring,0.3653,fall,0.3616,0.0037
3362,1981-KHAL,22907,unisex,SOCIAL_CARD_OCR,gra eee kh a tat ie penal for women and men main accords py eso px gra khaltat el ot re of for women and men main accords ee,0.3370,0.3653,0.1815,0.3616,TIE,TIE,0.0037,fragrantica-scraper-archive/social-cards/images/3362_1981-KHAL_22907.jpeg,spring,0.3653,fall,0.3616,0.0037
3354,2015-MAN,76893,unisex,SOCIAL_CARD_OCR,on a o a fer caeeetnd mancera tages for women and men main accords warm spicy ae we ee ltt tonka cola i fies mancera it for women and men main accords ee,0.4037,0.1771,0.1074,0.3985,TIE,TIE,0.0052,fragrantica-scraper-archive/social-cards/images/3354_2015-MAN_76893.jpeg,winter,0.4037,fall,0.3985,0.0052
3341,924-TMU,709,female,SOCIAL_CARD_OCR,innocent mugler st for women at main accords a innocent mugler ea for women main accords ss,0.3074,0.2878,0.2074,0.2768,TIE,TIE,0.0196,fragrantica-scraper-archive/social-cards/images/3341_924-TMU_709.jpeg,winter,0.3074,spring,0.2878,0.0196
3241,2012-DOL,78873,female,SOCIAL_CARD_OCR,qo by dolce gabbana dolce gabbana ay for women lia bs main accords eon citrus si sss of o by dolce gabbana fates for women dolce gabbana n main accords citrus,0.1259,0.4170,0.4296,0.1550,TIE,TIE,0.0127,fragrantica-scraper-archive/social-cards/images/3241_2012-DOL_78873.jpeg,summer,0.4296,spring,0.4170,0.0126
3217,2008-EXN,75061,unisex,SOCIAL_CARD_OCR,fleur narcotique extrait de partum oe ex nihilo aie for women and men main accords fleur narcouque extrait de parlum ex nihilo for women and men f ss es main accords,0.1519,0.3432,0.3481,0.2878,TIE,TIE,0.0050,fragrantica-scraper-archive/social-cards/images/3217_2008-EXN_75061.jpeg,summer,0.3481,spring,0.3432,0.0049
3214,2018-ARM,75126,,OCR_UNRESOLVED,armani code parfum giorgio armani ena formen main accords fy el arman code partum h giorgio armani formen main accords,0.3074,0.2878,0.1704,0.3100,TIE,TIE,0.0026,fragrantica-scraper-archive/social-cards/images/3214_2018-ARM_75126.jpeg,fall,0.3100,winter,0.3074,0.0026
3207,2009-MNT,30509,unisex,SOCIAL_CARD_OCR,boa hy te honey aoud mele one for women and men main accords honey aoud montale for women and men aa main accords se bd,0.4778,0.1218,0.1074,0.4649,TIE,TIE,0.0128,fragrantica-scraper-archive/social-cards/images/3207_2009-MNT_30509.jpeg,winter,0.4778,fall,0.4649,0.0129
3192,2006-NISH,44174,unisex,SOCIAL_CARD_OCR,l en seen haclivat nishane ae for women and men main accords haclivat nishane ot oe mad for women and men main accords,0.1259,0.3653,0.3741,0.2878,TIE,TIE,0.0088,fragrantica-scraper-archive/social-cards/images/3192_2006-NISH_44174.jpeg,summer,0.3741,spring,0.3653,0.0088
3118,1996-LTN,59485,female,SOCIAL_CARD_OCR,q gate eres saati heures d absence louis vuitton esa for women main accords it white floral z a a oe ae heures dad absence louis vuitton see for women main accords white floral,0.1519,0.3875,0.3741,0.2030,TIE,TIE,0.0134,fragrantica-scraper-archive/social-cards/images/3118_1996-LTN_59485.jpeg,spring,0.3875,summer,0.3741,0.0134
3115,2000-BLG,59754,,OCR_UNRESOLVED,kobraa bvlgari bie ey formen a main accords ee e e e e e eeee n rg kopraa pe bh ers bvlgari ae om formen a main accords a,0.3370,0.3653,0.1704,0.3616,TIE,TIE,0.0037,fragrantica-scraper-archive/social-cards/images/3115_2000-BLG_59754.jpeg,spring,0.3653,fall,0.3616,0.0037
3114,1999-MAN,39181,unisex,SOCIAL_CARD_OCR,aoud lemon mint mancera be cua for women and men s main accords i a citrus i dy aoud lemon mint mancera for women and men main accords qt citrus es dy,0.1259,0.3542,0.3481,0.2878,TIE,TIE,0.0061,fragrantica-scraper-archive/social-cards/images/3114_1999-MAN_39181.jpeg,spring,0.3542,summer,0.3481,0.0061
3111,1994-ROJ,17930,unisex,SOCIAL_CARD_OCR,aoud oe benne roja dove barer for women and men main accords he rose sj a rg aoud roja dove tae hag for women and men main accords a,0.3963,0.2103,0.1074,0.3838,TIE,TIE,0.0125,fragrantica-scraper-archive/social-cards/images/3111_1994-ROJ_17930.jpeg,winter,0.3963,fall,0.3838,0.0125
3110,1992-ACQ,73365,unisex,SOCIAL_CARD_OCR,te facies zatterano acqua di parma ae as for women and men j main accords citrus zaiterano acqua di parma for women and men main accords citrus ft,0.1815,0.3321,0.2370,0.3247,TIE,TIE,0.0074,fragrantica-scraper-archive/social-cards/images/3110_1992-ACQ_73365.jpeg,spring,0.3321,fall,0.3247,0.0074
3108,1993-DRIE,72594,unisex,SOCIAL_CARD_OCR,eae seaticaty jardin de l orangerie dries van noten teens for women and men main accords va white floral e a jardin de l orangerie ie dries van noten at for women and men main accords white floral bp f fy,0.1259,0.4797,0.4704,0.1587,TIE,TIE,0.0093,fragrantica-scraper-archive/social-cards/images/3108_1993-DRIE_72594.jpeg,spring,0.4797,summer,0.4704,0.0093
2985,1965-BYRP,53452,unisex,SOCIAL_CARD_OCR,the chronic se escaiy byron parfums soe hee for women and men tte main accords warm spicy a me the chronic byron parfums for women and men ey main accords re al ll sn a,0.3556,0.3653,0.1593,0.3616,TIE,TIE,0.0037,fragrantica-scraper-archive/social-cards/images/2985_1965-BYRP_53452.jpeg,spring,0.3653,fall,0.3616,0.0037
2983,1964-ARB,51307,female,SOCIAL_CARD_OCR,madawl oe arabian oud teats for women ae main accords pet ae madawl arabian oud eee for women wt main accords he,0.3556,0.3653,0.1815,0.3063,TIE,TIE,0.0098,fragrantica-scraper-archive/social-cards/images/2983_1964-ARB_51307.jpeg,spring,0.3653,winter,0.3556,0.0097
2977,1971-PAC,72557,male,SOCIAL_CARD_OCR,invictus platinum rabanne een for men ne j i main accords aa be oo qn invictus platinum fe rese aah rabanne et formen main accords,0.1259,0.3875,0.3815,0.2214,TIE,TIE,0.0060,fragrantica-scraper-archive/social-cards/images/2977_1971-PAC_72557.jpeg,spring,0.3875,summer,0.3815,0.0060
2974,1937-BIL,70052,female,SOCIAL_CARD_OCR,tht pamagitis ica kush billie eilish ae aie for women main accords fs kish billie eilish for women main accords vanilla fs,0.4407,0.1070,0.1074,0.4465,TIE,TIE,0.0058,fragrantica-scraper-archive/social-cards/images/2974_1937-BIL_70052.jpeg,fall,0.4465,winter,0.4407,0.0058
2968,1939-BYR,73438,unisex,SOCIAL_CARD_OCR,vanille antique peer byredo ee for women and men main accords hips at s nae vanille antique for women and men byredo main accords,0.4778,0.1218,0.1074,0.4649,TIE,TIE,0.0128,fragrantica-scraper-archive/social-cards/images/2968_1939-BYR_73438.jpeg,winter,0.4778,fall,0.4649,0.0129
2966,1936-AMG,71111,unisex,SOCIAL_CARD_OCR,ees lila barka ae amouage ce for women and men main accords vanilla fs acd s vanilla barka amouage for women and men main accords vanilla fs,0.4000,0.2362,0.1074,0.3875,TIE,TIE,0.0125,fragrantica-scraper-archive/social-cards/images/2966_1936-AMG_71111.jpeg,winter,0.4000,fall,0.3875,0.0125
2944,1951-LAT,25807,unisex,SOCIAL_CARD_OCR,raghba bee lattafa perfumes baeearne for women and men cil main accords im td vanilla ii fa raghba part lattafa perfumes aay eon eat for women and men main accords vanilla ei fa,0.4778,0.1218,0.1074,0.4649,TIE,TIE,0.0128,fragrantica-scraper-archive/social-cards/images/2944_1951-LAT_25807.jpeg,winter,0.4778,fall,0.4649,0.0129
2936,1928-ROJ,40687,male,SOCIAL_CARD_OCR,psec nue oligarch roja dove noe for men dr ae main accords af citrus is fs oligarcn kat roja dove formen main accords b citrus fs,0.1259,0.3542,0.3481,0.2768,TIE,TIE,0.0061,fragrantica-scraper-archive/social-cards/images/2936_1928-ROJ_40687.jpeg,spring,0.3542,summer,0.3481,0.0061
2886,1913-CAR,59562,unisex,SOCIAL_CARD_OCR,saliron lazull carolina herrera cance for women and men main accords ee satiron lazull carolina herrera for women and men main accords,0.3815,0.2325,0.1074,0.3875,TIE,TIE,0.0060,fragrantica-scraper-archive/social-cards/images/2886_1913-CAR_59562.jpeg,fall,0.3875,winter,0.3815,0.0060
2882,1906-XER,59707,unisex,SOCIAL_CARD_OCR,a emkaeay symphonium eer eat xerjoft etre sha for women and men main accords j citrus ee symphonium pri xerjoft for women and men main accords yn citrus i ee,0.3741,0.2325,0.1074,0.3838,TIE,TIE,0.0097,fragrantica-scraper-archive/social-cards/images/2882_1906-XER_59707.jpeg,fall,0.3838,winter,0.3741,0.0097
2881,1912-AMG,38259,male,SOCIAL_CARD_OCR,myths man ee cece amouage oe for men q main accords smoky ds myths man ie pot ae amouage formen main accords ds,0.4000,0.2362,0.1074,0.3985,TIE,TIE,0.0015,fragrantica-scraper-archive/social-cards/images/2881_1912-AMG_38259.jpeg,winter,0.4000,fall,0.3985,0.0015
2879,1900-AMG,71109,unisex,SOCIAL_CARD_OCR,orris wakan oe amouage rote for women and men main accords powdery ne orris wakan amouage ela for women and men main accords powdery,0.3370,0.3653,0.2741,0.3616,TIE,TIE,0.0037,fragrantica-scraper-archive/social-cards/images/2879_1900-AMG_71109.jpeg,spring,0.3653,fall,0.3616,0.0037
2878,1899-ZARK,60665,female,SOCIAL_CARD_OCR,the muse zarkoperfume a ete for women main accords powdery the muse zarkoperfume ops taetee for women main accords powdery,0.2444,0.3432,0.3481,0.1882,TIE,TIE,0.0050,fragrantica-scraper-archive/social-cards/images/2878_1899-ZARK_60665.jpeg,summer,0.3481,spring,0.3432,0.0049
2875,1907-PEN,71646,unisex,SOCIAL_CARD_OCR,the world according to arthur penhaligon s ee for women and men x a main accords vanilla the world according to arthur for women and men penhaligon s x aa main accords j vanilla fy,0.4333,0.1550,0.1074,0.4428,TIE,TIE,0.0095,fragrantica-scraper-archive/social-cards/images/2875_1907-PEN_71646.jpeg,fall,0.4428,winter,0.4333,0.0095
2873,1901-MOS,66098,female,SOCIAL_CARD_OCR,loy bubble gum moschino ee for women i main accords ft be loy bubble gum ie y for women moschino main accords a,0.1296,0.4170,0.4185,0.1328,TIE,TIE,0.0015,fragrantica-scraper-archive/social-cards/images/2873_1901-MOS_66098.jpeg,summer,0.4185,spring,0.4170,0.0015
2872,1932-YZLO,71193,female,SOCIAL_CARD_OCR,black opium illicit green yves saint laurent eae for women main accords es ou vanilla hess wni mre eeoooo eee eee yves saint laurent black opium illicit green for women main accords vanilla fessaini u fy,0.3556,0.3653,0.1074,0.3764,TIE,TIE,0.0111,fragrantica-scraper-archive/social-cards/images/2872_1932-YZLO_71193.jpeg,fall,0.3764,spring,0.3653,0.0111
2861,1903-BYR,72693,unisex,SOCIAL_CARD_OCR,de los santos byredo oan for women and men main accords de los santos byredo for women and men main accords,0.1519,0.3653,0.2741,0.3616,TIE,TIE,0.0037,fragrantica-scraper-archive/social-cards/images/2861_1903-BYR_72693.jpeg,spring,0.3653,fall,0.3616,0.0037
2798,1885-WID,47781,unisex,SOCIAL_CARD_OCR,ae ee london soeaker ta ir widian see for women and men main accords es yt london is widian he tats for women and men main accords,0.3741,0.3653,0.1074,0.3764,TIE,TIE,0.0023,fragrantica-scraper-archive/social-cards/images/2798_1885-WID_47781.jpeg,fall,0.3764,winter,0.3741,0.0023
2797,1886-PARF,64667,female,SOCIAL_CARD_OCR,delina la kosee a parfums de marly eae for women ly main accords om fo me delina la rosee parfums de marly for women a cs main accords los na,0.1259,0.4576,0.4704,0.1439,TIE,TIE,0.0128,fragrantica-scraper-archive/social-cards/images/2797_1886-PARF_64667.jpeg,summer,0.4704,spring,0.4576,0.0128
2793,1893-CHA,71442,female,SOCIAL_CARD_OCR,n de chanel l kau rouge chanel gee for women main accords n de chanel l kau rouge ie chanel for women main accords,0.1370,0.3875,0.3778,0.2103,TIE,TIE,0.0097,fragrantica-scraper-archive/social-cards/images/2793_1893-CHA_71442.jpeg,spring,0.3875,summer,0.3778,0.0097
2787,1881-INI,66097,unisex,SOCIAL_CARD_OCR,musk iherapy ae adua at rene et aa initio parfums prives pane ta casey for women and men rc main accords g citrus hart meee mac musk iherapy an initio parfums prives mo ri eso any for women and men main accords citrus an,0.1370,0.3542,0.3741,0.2325,TIE,TIE,0.0198,fragrantica-scraper-archive/social-cards/images/2787_1881-INI_66097.jpeg,summer,0.3741,spring,0.3542,0.0199
2773,1203-LOE,3643,male,SOCIAL_CARD_OCR,solo loewe ce loewe cree for men main accords j citrus fy solo loewe vn fe oan hh loewe rah aiers lad formen main accords citrus fy,0.1963,0.3321,0.2259,0.3247,TIE,TIE,0.0074,fragrantica-scraper-archive/social-cards/images/2773_1203-LOE_3643.jpeg,spring,0.3321,fall,0.3247,0.0074
2770,1862-PRA,39029,,OCR_UNRESOLVED,een prada lhomme ae prada ees formen main accords powdery prada l homme prada formen main accords powdery a,0.1519,0.3432,0.3481,0.3616,TIE,TIE,0.0135,fragrantica-scraper-archive/social-cards/images/2770_1862-PRA_39029.jpeg,fall,0.3616,summer,0.3481,0.0135
2769,1863-LAC,669,female,SOCIAL_CARD_OCR,soy neg the ag lacoste pour femme pate aa ne lacoste fragrances petlelretc for women i main accords yo a lacoste pour femme lacoste fragrances for women main accords pi,0.1963,0.3653,0.2741,0.3616,TIE,TIE,0.0037,fragrantica-scraper-archive/social-cards/images/2769_1863-LAC_669.jpeg,spring,0.3653,fall,0.3616,0.0037
2765,1860-NAS,4293,unisex,SOCIAL_CARD_OCR,per ao get pact ata aa peed ded nasomatto for women and men hy main accords ss rr rrr hol fa absinth bins cee pet mene tt nasomatto oc meat for women and men main accords a,0.1370,0.3875,0.2741,0.3875,TIE,TIE,0.0000,fragrantica-scraper-archive/social-cards/images/2765_1860-NAS_4293.jpeg,spring,0.3875,fall,0.3875,0.0000
2763,1865-YZLO,46243,unisex,SOCIAL_CARD_OCR,magniticent gold yves saint laurent seo eel for women and men main accords vanilla rata magniticent gold yves saint laurent for women and men main accords vanilla,0.4185,0.1771,0.1074,0.4354,TIE,TIE,0.0169,fragrantica-scraper-archive/social-cards/images/2763_1865-YZLO_46243.jpeg,fall,0.4354,winter,0.4185,0.0169
2760,1867-VER,52180,,OCR_UNRESOLVED,am sire versace paani formen main accords citrus a a eros flame versace formen ct main accords citrus a,0.3148,0.2620,0.1704,0.3247,TIE,TIE,0.0099,fragrantica-scraper-archive/social-cards/images/2760_1867-VER_52180.jpeg,fall,0.3247,winter,0.3148,0.0099
2757,1871-PEN,68998,unisex,SOCIAL_CARD_OCR,constantinople one penhaligon s ee resae for women and men main accords fy sere constantinople fae penhaligon s elis rag for women and men main accords fy,0.4111,0.1882,0.1074,0.4244,TIE,TIE,0.0132,fragrantica-scraper-archive/social-cards/images/2757_1871-PEN_68998.jpeg,fall,0.4244,winter,0.4111,0.0133
2756,1855-LTN,49751,,OCR_UNRESOLVED,i ite ee eed limmensite louis vuitton ee formen main accords limmensite mu fil louis vuitton ee ee formen main accords,0.1259,0.3432,0.3593,0.2878,TIE,TIE,0.0161,fragrantica-scraper-archive/social-cards/images/2756_1855-LTN_49751.jpeg,summer,0.3593,spring,0.3432,0.0161
2754,1857-ESCE,58970,unisex,SOCIAL_CARD_OCR,evicran tet escentric escentric molecules cpaegen toe for women and men main accords n ccutkalee o weeeeeeeeeee escentric escentric molecules for women and men main accords t ened fy,0.1296,0.3653,0.3815,0.2214,TIE,TIE,0.0162,fragrantica-scraper-archive/social-cards/images/2754_1857-ESCE_58970.jpeg,summer,0.3815,spring,0.3653,0.0162
2751,1849-PRFRO,3887,unisex,SOCIAL_CARD_OCR,acqua e zucchero profumum roma cee for women and men main accords vanilla apg fate witie acqua e zucchero profumum roma for women and men main accords vanilla ee,0.3370,0.3653,0.1704,0.3616,TIE,TIE,0.0037,fragrantica-scraper-archive/social-cards/images/2751_1849-PRFRO_3887.jpeg,spring,0.3653,fall,0.3616,0.0037
2745,1847-LAN,72050,female,SOCIAL_CARD_OCR,oui la vie est belle lanc me ee for women main accords if s oui la vie est belle lancome for women main accords ns,0.3370,0.3653,0.1704,0.3616,TIE,TIE,0.0037,fragrantica-scraper-archive/social-cards/images/2745_1847-LAN_72050.jpeg,spring,0.3653,fall,0.3616,0.0037
2742,1631-DRC,68198,unisex,SOCIAL_CARD_OCR,nav ehettaaan vanilla diorama dior oe for women and men main accords in vanilla diorama re dior for women and men main accords,0.4778,0.1218,0.1074,0.4649,TIE,TIE,0.0128,fragrantica-scraper-archive/social-cards/images/2742_1631-DRC_68198.jpeg,winter,0.4778,fall,0.4649,0.0129
2738,212-CRD,31562,unisex,SOCIAL_CARD_OCR,oy cesta haliyat es royal maytair ok seat creed aetna for women and men g main accords royal maytair ea creed adwi ae fs for women and men main accords bed fy,0.1296,0.3653,0.2926,0.3616,TIE,TIE,0.0037,fragrantica-scraper-archive/social-cards/images/2738_212-CRD_31562.jpeg,spring,0.3653,fall,0.3616,0.0037
2732,194-ARM,58907,unisex,SOCIAL_CARD_OCR,reape aa the yulong poeee giorgio armani peers for women and men main accords citrus fs pt the yulong i eho giorgio armani ob for women and men main accords citrus fs,0.1259,0.4465,0.4407,0.1328,TIE,TIE,0.0058,fragrantica-scraper-archive/social-cards/images/2732_194-ARM_58907.jpeg,spring,0.4465,summer,0.4407,0.0058
2720,201-CLIV,4648,male,SOCIAL_CARD_OCR,aerate clive christian sateen for men main accords fe supa powdery ete el er no clive christian el formen main accords powdery fy,0.3074,0.2878,0.1593,0.3247,TIE,TIE,0.0173,fragrantica-scraper-archive/social-cards/images/2720_201-CLIV_4648.jpeg,fall,0.3247,winter,0.3074,0.0173
2719,1840-JOO,660,female,SOCIAL_CARD_OCR,all about eve joop aia for women jaan main accords ag ec all about eve is joop co faas for women main accords i,0.1370,0.3653,0.3481,0.2878,TIE,TIE,0.0172,fragrantica-scraper-archive/social-cards/images/2719_1840-JOO_660.jpeg,spring,0.3653,summer,0.3481,0.0172
2718,1839-JOV,44237,unisex,SOCIAL_CARD_OCR,incident diplomatique jovoy paris for women and men main accords oat ia ea ry incident diplomatique a jovoy paris for women and men main accords,0.3370,0.3653,0.1074,0.3764,TIE,TIE,0.0111,fragrantica-scraper-archive/social-cards/images/2718_1839-JOV_44237.jpeg,fall,0.3764,spring,0.3653,0.0111
2717,1838-TAU,4573,unisex,SOCIAL_CARD_OCR,a i eee at ied o latr du desert marocain tauer perfumes eee for women and men main accords oy o lair du desert marocain tauer perfumes for women and men main accords woody,0.3741,0.1882,0.1370,0.3875,TIE,TIE,0.0134,fragrantica-scraper-archive/social-cards/images/2717_1838-TAU_4573.jpeg,fall,0.3875,winter,0.3741,0.0134
2715,1836-COT,6029,female,SOCIAL_CARD_OCR,vanilla fields ee ee coty eee i for women a main accords vanilla vanilla flelds eieu sha ea oat for women coty main accords vanilla ot,0.3556,0.2435,0.1704,0.3616,TIE,TIE,0.0061,fragrantica-scraper-archive/social-cards/images/2715_1836-COT_6029.jpeg,fall,0.3616,winter,0.3556,0.0060
2710,1831-TMFO,6384,female,SOCIAL_CARD_OCR,urban musk tom ford eats for women main accords musky ee fu urban musk tom ford pari for women main accords musky ee,0.1963,0.3653,0.2741,0.3764,TIE,TIE,0.0111,fragrantica-scraper-archive/social-cards/images/2710_1831-TMFO_6384.jpeg,fall,0.3764,spring,0.3653,0.0111
2700,1819-MIC,38989,female,SOCIAL_CARD_OCR,midnight shimmer larg sake peed michael kors eons for women i main accords ces midnight shimmer michael kors for women main accords,0.4407,0.1181,0.1074,0.4354,TIE,TIE,0.0053,fragrantica-scraper-archive/social-cards/images/2700_1819-MIC_38989.jpeg,winter,0.4407,fall,0.4354,0.0053
2698,1821-TMFO,12765,female,SOCIAL_CARD_OCR,jasmin rouge tom ford cel for women main accords white floral jasmin rouge tom ford sear for women main accords white floral,0.2037,0.3653,0.2741,0.3616,TIE,TIE,0.0037,fragrantica-scraper-archive/social-cards/images/2698_1821-TMFO_12765.jpeg,spring,0.3653,fall,0.3616,0.0037
2696,1801-JUL,10296,female,SOCIAL_CARD_OCR,nota perfume a baton juliette has a gun spivak for women main accords a spite ef nota perfume juliette has a gun east for women main accords,0.2037,0.3653,0.3481,0.2878,TIE,TIE,0.0172,fragrantica-scraper-archive/social-cards/images/2696_1801-JUL_10296.jpeg,spring,0.3653,summer,0.3481,0.0172
2692,810-LTN,40496,female,SOCIAL_CARD_OCR,pe ent babee matere noire louis vuitton see for women main accords ae a qe matiere noire louis vuitton for women main accords se fs fem,0.3556,0.2546,0.1370,0.3616,TIE,TIE,0.0061,fragrantica-scraper-archive/social-cards/images/2692_810-LTN_40496.jpeg,fall,0.3616,winter,0.3556,0.0060
2684,320-NAS,40200,unisex,SOCIAL_CARD_OCR,beatae ear baraonda ae nasomatto a eee for women and men we ae ar main accords baraonda at ae nasomatto et ah for women and men main accords sn,0.4333,0.1550,0.1074,0.4244,TIE,TIE,0.0090,fragrantica-scraper-archive/social-cards/images/2684_320-NAS_40200.jpeg,winter,0.4333,fall,0.4244,0.0089
2662,1800-XER,42988,unisex,SOCIAL_CARD_OCR,echeeeaee dolce amal casamorati eee rer for women and men main accords greece rad dolce amalil casamorati for women and men ao main accords ee,0.1963,0.3653,0.2741,0.3616,TIE,TIE,0.0037,fragrantica-scraper-archive/social-cards/images/2662_1800-XER_42988.jpeg,spring,0.3653,fall,0.3616,0.0037
2660,1798-AMG,25251,,OCR_UNRESOLVED,journey man amouage eee formen main accords journey man amouage ae formen main accords fs fresh spicy,0.3593,0.2546,0.1074,0.3764,TIE,TIE,0.0171,fragrantica-scraper-archive/social-cards/images/2660_1798-AMG_25251.jpeg,fall,0.3764,winter,0.3593,0.0171
2659,1797-INI,30991,unisex,SOCIAL_CARD_OCR,es e ar a ce hea initio parfums prives nee tl for women and men main accords blessed baraka it a rapes initio parfums prives rete for women and men main accords,0.4593,0.1439,0.1074,0.4649,TIE,TIE,0.0057,fragrantica-scraper-archive/social-cards/images/2659_1797-INI_30991.jpeg,fall,0.4649,winter,0.4593,0.0056
2657,1795-MARG,20541,male,SOCIAL_CARD_OCR,jazz club oe maison martin margiela ees for men main accords es a as ii taal ia sae jazz club pay wes maison martin margiela formen s main accords le ft e ps y fy,0.4778,0.1218,0.1074,0.4686,TIE,TIE,0.0091,fragrantica-scraper-archive/social-cards/images/2657_1795-MARG_20541.jpeg,winter,0.4778,fall,0.4686,0.0092
2646,1786-COUR,70283,unisex,SOCIAL_CARD_OCR,aera slogan ae ae courreges tenia for women and men main accords ate fe a slogan rc pape courreges as for women and men main accords musky ee,0.3370,0.3653,0.2741,0.3616,TIE,TIE,0.0037,fragrantica-scraper-archive/social-cards/images/2646_1786-COUR_70283.jpeg,spring,0.3653,fall,0.3616,0.0037
2625,1770-BON,46057,unisex,SOCIAL_CARD_OCR,new york nights oo bond no cers for women and men t main accords new york nights ne for women and men bond no main accords,0.4111,0.1771,0.1074,0.3985,TIE,TIE,0.0126,fragrantica-scraper-archive/social-cards/images/2625_1770-BON_46057.jpeg,winter,0.4111,fall,0.3985,0.0126
2622,,51016,female,SOCIAL_CARD_OCR,oo pea attrape reves ee louis vuitton bee eed for women main accords a bb dee eee eal ee attrape reves louis vuitton for women main accords eee,0.2037,0.3653,0.3481,0.2878,TIE,TIE,0.0172,fragrantica-scraper-archive/social-cards/images/2622_unknown_51016.jpeg,spring,0.3653,summer,0.3481,0.0172
2619,1760-FRE,4771,female,SOCIAL_CARD_OCR,eds ei iris poudre frederic malle editions de parfums ea raesth for women main accords powdery fs iris poudre frederic malle editions de parfums for women main accords powdery fs,0.3370,0.3653,0.1481,0.3616,TIE,TIE,0.0037,fragrantica-scraper-archive/social-cards/images/2619_1760-FRE_4771.jpeg,spring,0.3653,fall,0.3616,0.0037
2610,1757-DIP,49100,unisex,SOCIAL_CARD_OCR,kau duelle kau de partum diptyque aeons for women and men main accords vanilla ee kau duelle kau de partum fe aas for women and men diptyque main accords vanilla ee,0.4185,0.1550,0.1074,0.4354,TIE,TIE,0.0169,fragrantica-scraper-archive/social-cards/images/2610_1757-DIP_49100.jpeg,fall,0.4354,winter,0.4185,0.0169
2603,1749-BLG,41221,male,SOCIAL_CARD_OCR,sed aia b meamerecre bvlgari es ees for men main accords ez patchouli gyan ed bvlgari carga for men main accords e ve,0.3370,0.3653,0.1593,0.3616,TIE,TIE,0.0037,fragrantica-scraper-archive/social-cards/images/2603_1749-BLG_41221.jpeg,spring,0.3653,fall,0.3616,0.0037
2600,1746-XER,57363,unisex,SOCIAL_CARD_OCR,alexandria lil xerjoff eee es for women and men main accords lt a ie alexandria itl tote xerjoft tele for women and men main accords tt a,0.3815,0.2435,0.1074,0.3838,TIE,TIE,0.0023,fragrantica-scraper-archive/social-cards/images/2600_1746-XER_57363.jpeg,fall,0.3838,winter,0.3815,0.0023
2555,1737-GIV,68404,female,SOCIAL_CARD_OCR,l interdit kau de partum khouge givenchy pay for women main accords white floral l interdit kau de partum rouge for women givenchy main accords white floral fy,0.4778,0.1218,0.1074,0.4649,TIE,TIE,0.0128,fragrantica-scraper-archive/social-cards/images/2555_1737-GIV_68404.jpeg,winter,0.4778,fall,0.4649,0.0129
2516,1731-VICT,68550,female,SOCIAL_CARD_OCR,tease creme cloud victoria s secret ee for women main accords lease creme cloud victoria s secret jogs for women main accords,0.3370,0.3653,0.1815,0.3616,TIE,TIE,0.0037,fragrantica-scraper-archive/social-cards/images/2516_1731-VICT_68550.jpeg,spring,0.3653,fall,0.3616,0.0037
2515,1734-TMFO,69008,unisex,SOCIAL_CARD_OCR,r a bere hee ebene kume a ca ey eas om tom ford pees faa for women and men main accords r ee for hs hkbene fume ee er g natal tom ford mee tn it for women and men a main accords ee,0.4630,0.1218,0.1074,0.4649,TIE,TIE,0.0020,fragrantica-scraper-archive/social-cards/images/2515_1734-TMFO_69008.jpeg,fall,0.4649,winter,0.4630,0.0019
2458,1730-HER,67667,female,SOCIAL_CARD_OCR,twwilly d hermes kau ginger hermes for women main accords fresh hin ee ahs pr twwily d hermes i au ginger s for women hermes main accords fresh fs,0.1296,0.3875,0.3741,0.2878,TIE,TIE,0.0134,fragrantica-scraper-archive/social-cards/images/2458_1730-HER_67667.jpeg,spring,0.3875,summer,0.3741,0.0134
2452,1718-TER,30624,unisex,SOCIAL_CARD_OCR,casslopea rd arenas in tiziana terenzi meer ae for women and men ss main accords fs iad ld casslopea tiziana terenzi ae for women and men main accords,0.1926,0.3653,0.3481,0.2214,TIE,TIE,0.0172,fragrantica-scraper-archive/social-cards/images/2452_1718-TER_30624.jpeg,spring,0.3653,summer,0.3481,0.0172
2439,1704-CAR,65988,,OCR_UNRESOLVED,heroes carolina herrera ie cna formen main accords sn heroes carolina herrera formen main accords,0.1259,0.3985,0.3926,0.1882,TIE,TIE,0.0059,fragrantica-scraper-archive/social-cards/images/2439_1704-CAR_65988.jpeg,spring,0.3985,summer,0.3926,0.0059
2437,1701-TOSC,5796,female,SOCIAL_CARD_OCR,eae eae tosca on eee for women main accords citrus ere ee aka losca re ro tosca a for women main accords citrus,0.3370,0.3210,0.2741,0.3063,TIE,TIE,0.0160,fragrantica-scraper-archive/social-cards/images/2437_1701-TOSC_5796.jpeg,winter,0.3370,spring,0.3210,0.0160
2429,1698-LEL,6329,unisex,SOCIAL_CARD_OCR,pe ote re ba go o ud zz vi aoe ear ee le labo eas for women and men r main accords musky ae nt oud ae lyi le labo bat sol for women and men main accords musky fy,0.4111,0.1550,0.1111,0.3985,TIE,TIE,0.0126,fragrantica-scraper-archive/social-cards/images/2429_1698-LEL_6329.jpeg,winter,0.4111,fall,0.3985,0.0126
2411,1675-NRO,60867,female,SOCIAL_CARD_OCR,narciso kau de partum ambree narciso rodriguez ee for women main accords musky narciso kau de partum ambree ret narciso rodriguez for women main accords musky,0.1519,0.2989,0.3148,0.3100,TIE,TIE,0.0049,fragrantica-scraper-archive/social-cards/images/2411_1675-NRO_60867.jpeg,summer,0.3148,fall,0.3100,0.0048
2409,1680-DRC,58665,female,SOCIAL_CARD_OCR,houge lrataligar dior pera as for women rl r main accords ry aan oe houge lratalgar dior sy li for women main accords,0.1259,0.4170,0.4037,0.1771,TIE,TIE,0.0133,fragrantica-scraper-archive/social-cards/images/2409_1680-DRC_58665.jpeg,spring,0.4170,summer,0.4037,0.0133
2405,1678-BYR,58572,unisex,SOCIAL_CARD_OCR,fe eel tear ear seller ates pee byredo ear er for women and men main accords leather ee tt seller be oh ot byredo for women and men main accords,0.4185,0.1771,0.1074,0.4133,TIE,TIE,0.0052,fragrantica-scraper-archive/social-cards/images/2405_1678-BYR_58572.jpeg,winter,0.4185,fall,0.4133,0.0052
2399,1658-GUR,14681,female,SOCIAL_CARD_OCR,la petite robe noire en guerlain ona for women vi ip an d ass main accords sar i j la petite robe noire eee guerlain eon for women main accords lie s zs i ee,0.3963,0.1993,0.1074,0.3764,TIE,TIE,0.0199,fragrantica-scraper-archive/social-cards/images/2399_1658-GUR_14681.jpeg,winter,0.3963,fall,0.3764,0.0199
2386,1653-MAN,15210,female,SOCIAL_CARD_OCR,od rea roses vanille ae loreen mancera ae for women main accords in sid s etait ee hoses vanille mancera ca for women main accords in ae,0.3741,0.2362,0.1111,0.3875,TIE,TIE,0.0134,fragrantica-scraper-archive/social-cards/images/2386_1653-MAN_15210.jpeg,fall,0.3875,winter,0.3741,0.0134
2385,1648-FRE,1024,unisex,SOCIAL_CARD_OCR,pinceeaeer carnal flower frederic malle editions de parfums fc cert for women and men main accords carnal klower frederic malle editions de parfums for women and men main accords,0.1926,0.3653,0.3481,0.2878,TIE,TIE,0.0172,fragrantica-scraper-archive/social-cards/images/2385_1648-FRE_1024.jpeg,spring,0.3653,summer,0.3481,0.0172
2377,1639-TER,25120,unisex,SOCIAL_CARD_OCR,sean eke casanova reger urte tiziana terenzi see for women and men ke main accords casanova tiziana terenzi oe for women and men main accords,0.2037,0.3653,0.2741,0.3616,TIE,TIE,0.0037,fragrantica-scraper-archive/social-cards/images/2377_1639-TER_25120.jpeg,spring,0.3653,fall,0.3616,0.0037
2374,1638-XER,21617,unisex,SOCIAL_CARD_OCR,peace tate xerjoft for women and men main accords ni amber a nit ci star musk aa aay om xerjoft for women and men main accords,0.3556,0.2989,0.1222,0.3616,TIE,TIE,0.0061,fragrantica-scraper-archive/social-cards/images/2374_1638-XER_21617.jpeg,fall,0.3616,winter,0.3556,0.0060
2352,1622-FRA,44128,unisex,SOCIAL_CARD_OCR,si rate s er cocaine ae franck boclet leer for women and men main accords white floral fete cocaine ae tae franck boclet for women and men main accords white floral,0.4000,0.1882,0.1222,0.3875,TIE,TIE,0.0125,fragrantica-scraper-archive/social-cards/images/2352_1622-FRA_44128.jpeg,winter,0.4000,fall,0.3875,0.0125
2351,1624-XER,55782,unisex,SOCIAL_CARD_OCR,sr la capitale oe xerjoff he cred for women and men y main accords fy crt filet la capitale fea xerjoft bais for women and men main accords,0.3370,0.3653,0.1481,0.3616,TIE,TIE,0.0037,fragrantica-scraper-archive/social-cards/images/2351_1624-XER_55782.jpeg,spring,0.3653,fall,0.3616,0.0037
2349,1635-XER,11801,female,SOCIAL_CARD_OCR,ear ghee lira casamorati aie ae for women main accords vanilla ira aie he casamorati for women main accords vanilla il an,0.3741,0.2362,0.1222,0.3764,TIE,TIE,0.0023,fragrantica-scraper-archive/social-cards/images/2349_1635-XER_11801.jpeg,fall,0.3764,winter,0.3741,0.0023
2348,1627-CLIV,50752,female,SOCIAL_CARD_OCR,axl art deco vanilla orchid clive christian a seat for women main accords ee aai art deco vanilla orchid for women clive christian main accords green od,0.2037,0.3653,0.3481,0.3063,TIE,TIE,0.0172,fragrantica-scraper-archive/social-cards/images/2348_1627-CLIV_50752.jpeg,spring,0.3653,summer,0.3481,0.0172
2347,1621-NAS,62775,unisex,SOCIAL_CARD_OCR,pree ene baci eth rarer ae t stir aha kantomas es paguea nasomatto ae ages for women and men main accords sweet fy ae cae fantomas les nasomatto me oul for women and men main accords fy,0.3370,0.3653,0.2741,0.3616,TIE,TIE,0.0037,fragrantica-scraper-archive/social-cards/images/2347_1621-NAS_62775.jpeg,spring,0.3653,fall,0.3616,0.0037
2346,1623-ARM,31209,unisex,SOCIAL_CARD_OCR,ambre eccentrico giorgio armani sete for women and men main accords a ambre eccentrico giorgio armani for women and men main accords,0.4407,0.1181,0.1074,0.4465,TIE,TIE,0.0058,fragrantica-scraper-archive/social-cards/images/2346_1623-ARM_31209.jpeg,fall,0.4465,winter,0.4407,0.0058
2339,1632-PAC,68226,male,SOCIAL_CARD_OCR,phantom ae raccpuee rabanne one eee for men main accords citrus phantom be a rabanne ope for men main accords citrus,0.2630,0.3100,0.2074,0.3100,TIE,TIE,0.0000,fragrantica-scraper-archive/social-cards/images/2339_1632-PAC_68226.jpeg,spring,0.3100,fall,0.3100,0.0000
2337,1619-NISH,37602,unisex,SOCIAL_CARD_OCR,hundred suient ways oe nishane ies for women and men br main accords white floral eee hundred silent ways nishane iets for women and men main accords white floral pil,0.3370,0.3653,0.1593,0.3616,TIE,TIE,0.0037,fragrantica-scraper-archive/social-cards/images/2337_1619-NISH_37602.jpeg,spring,0.3653,fall,0.3616,0.0037
2333,1617-MNT,4059,female,SOCIAL_CARD_OCR,vanilla extasy montale biceps for women e main accords vanilla ff ny vanilla extasy montale op for women main accords vanilla ny,0.3741,0.2362,0.1370,0.3875,TIE,TIE,0.0134,fragrantica-scraper-archive/social-cards/images/2333_1617-MNT_4059.jpeg,fall,0.3875,winter,0.3741,0.0134
2329,100-AMG,2366,male,SOCIAL_CARD_OCR,jubilation xaxv man amouage ee for men main accords pe eoeoeeueeeeeeee mek jubilation xaxv man ioe formen amouage main accords,0.3815,0.2325,0.1074,0.3764,TIE,TIE,0.0051,fragrantica-scraper-archive/social-cards/images/2329_100-AMG_2366.jpeg,winter,0.3815,fall,0.3764,0.0051
2326,323-NAS,4291,male,SOCIAL_CARD_OCR,duro eee daas nasomatto aapenmeaes for men main accords ee duro ni a brie nasomatto i for men main accords,0.4185,0.1771,0.1074,0.4244,TIE,TIE,0.0058,fragrantica-scraper-archive/social-cards/images/2326_323-NAS_4291.jpeg,fall,0.4244,winter,0.4185,0.0059
2325,1612-LTN,40499,female,SOCIAL_CARD_OCR,peep oi turbulences louis vuitton ais for women main accords white floral a er ims ed lurbulences louis vuitton for women main accords white floral,0.3370,0.3653,0.2741,0.3616,TIE,TIE,0.0037,fragrantica-scraper-archive/social-cards/images/2325_1612-LTN_40499.jpeg,spring,0.3653,fall,0.3616,0.0037
2316,1552-VER,13064,female,SOCIAL_CARD_OCR,yellow diamond aes versace sr oeaes for women main accords truss ig ey at ns at i f a parked ee rd yellow diamond an eg cera al versace med for women main accords citrus if ee,0.1259,0.4576,0.4704,0.1587,TIE,TIE,0.0128,fragrantica-scraper-archive/social-cards/images/2316_1552-VER_13064.jpeg,summer,0.4704,spring,0.4576,0.0128
2311,1477-HER,65147,,OCR_UNRESOLVED,ack ws cerca at ee a fete coe tare hermes gareeeree formen ht main accords y z hi hermes bae a formen main accords a,0.1259,0.3985,0.3815,0.2103,TIE,TIE,0.0170,fragrantica-scraper-archive/social-cards/images/2311_1477-HER_65147.jpeg,spring,0.3985,summer,0.3815,0.0170
2306,1514-KIL,14329,unisex,SOCIAL_CARD_OCR,water calligraphy by kilian see ae for women and men ss main accords water calligraphy ae for women and men by kilian main accords fem,0.1259,0.5018,0.4852,0.1439,TIE,TIE,0.0167,fragrantica-scraper-archive/social-cards/images/2306_1514-KIL_14329.jpeg,spring,0.5018,summer,0.4852,0.0166
2305,1498-BYR,3575,unisex,SOCIAL_CARD_OCR,gypsy water bowe we ates by red o eae ee for women and men main accords woody dy gypsy water ey ie byredo for women and men main accords,0.1370,0.3432,0.3481,0.2878,TIE,TIE,0.0050,fragrantica-scraper-archive/social-cards/images/2305_1498-BYR_3575.jpeg,summer,0.3481,spring,0.3432,0.0049
2296,1535-BOA,18518,unisex,SOCIAL_CARD_OCR,blue sapphire boadicea the victorious pate agg es for women and men ww main accords oy blue sapphire boadicea the victorious for women and men main accords oy a,0.3556,0.3653,0.1222,0.3616,TIE,TIE,0.0037,fragrantica-scraper-archive/social-cards/images/2296_1535-BOA_18518.jpeg,spring,0.3653,fall,0.3616,0.0037
2295,1536-BOA,55770,female,SOCIAL_CARD_OCR,sripreouttel herome of boadicea the victorious sp aneat for women main accords il powdery heroime ae boadicea the victorious for women az a main accords powdery i,0.2037,0.3653,0.3481,0.2878,TIE,TIE,0.0172,fragrantica-scraper-archive/social-cards/images/2295_1536-BOA_55770.jpeg,spring,0.3653,summer,0.3481,0.0172
2287,1484-VAL,55963,,OCR_UNRESOLVED,valentino uomo born in koma valentine a een main accords valentino uomo born in roma re ea valentino formen main accords ss,0.1370,0.3432,0.3481,0.2878,TIE,TIE,0.0050,fragrantica-scraper-archive/social-cards/images/2287_1484-VAL_55963.jpeg,summer,0.3481,spring,0.3432,0.0049
2285,1488-LBI,629,,OCR_UNRESOLVED,roma uomo laura biagiotti eee formen main accords citrus fy homa uomo laura biagiotti ce formen main accords citrus,0.2000,0.3653,0.2741,0.3616,TIE,TIE,0.0037,fragrantica-scraper-archive/social-cards/images/2285_1488-LBI_629.jpeg,spring,0.3653,fall,0.3616,0.0037
2282,1490-DRC,58714,male,SOCIAL_CARD_OCR,dior homme dior eee for men j main accords dior homme dior for men main accords vie,0.2444,0.2989,0.2741,0.3063,TIE,TIE,0.0074,fragrantica-scraper-archive/social-cards/images/2282_1490-DRC_58714.jpeg,fall,0.3063,spring,0.2989,0.0074
2280,1520-YZLO,62318,female,SOCIAL_CARD_OCR,lipre intense yves saint laurent pesaee ne for women ie main accords ro i vanilla a ee libre intense yves saint laurent me for women main accords vanilla,0.4185,0.1550,0.1074,0.4354,TIE,TIE,0.0169,fragrantica-scraper-archive/social-cards/images/2280_1520-YZLO_62318.jpeg,fall,0.4354,winter,0.4185,0.0169
2270,1479-HER,59799,unisex,SOCIAL_CARD_OCR,my gered i ees l ombre des mervellles hermes ree for women and men main accords amber es ee cc nee lombre des mervelilles hermes for women and men main accords,0.2222,0.3653,0.2741,0.3616,TIE,TIE,0.0037,fragrantica-scraper-archive/social-cards/images/2270_1479-HER_59799.jpeg,spring,0.3653,fall,0.3616,0.0037
2269,1528-KUR,46066,unisex,SOCIAL_CARD_OCR,baccarat houge extrait de partum oe maison francis kurkdjian ce for women and men eh main accords baccarat houge extrait de partum maison francis kurkdjian my for women and men main accords,0.3741,0.3653,0.1111,0.3875,TIE,TIE,0.0134,fragrantica-scraper-archive/social-cards/images/2269_1528-KUR_46066.jpeg,fall,0.3875,winter,0.3741,0.0134
2245,1546-TMFO,62707,unisex,SOCIAL_CARD_OCR,teaioy ce a bitter peacn tom ford ceeee for women and men main accords a oo ues son cose bitter peach tom ford bal for women and men ss main accords,0.1963,0.3653,0.2741,0.3616,TIE,TIE,0.0037,fragrantica-scraper-archive/social-cards/images/2245_1546-TMFO_62707.jpeg,spring,0.3653,fall,0.3616,0.0037
2244,1548-TMFO,56737,unisex,SOCIAL_CARD_OCR,w capa neat soleil ne ge eee or a srt tom ford erie for women and men main accords white floral es soleil nergze bay tom ford at mal for women and men main accords white floral es,0.2926,0.3100,0.2481,0.2325,TIE,TIE,0.0174,fragrantica-scraper-archive/social-cards/images/2244_1548-TMFO_56737.jpeg,spring,0.3100,winter,0.2926,0.0174
2241,1549-TMFO,31696,unisex,SOCIAL_CARD_OCR,venetian bergamot tom ford erat for women and men main accords es fy hia venetian bergamot ee tom ford at for women and men main accords fy,0.1259,0.3875,0.3778,0.2878,TIE,TIE,0.0097,fragrantica-scraper-archive/social-cards/images/2241_1549-TMFO_31696.jpeg,spring,0.3875,summer,0.3778,0.0097
2238,134-KUR,15566,male,SOCIAL_CARD_OCR,shae page amyris homme exter hao maison francis kurkdjian sears for men i main accords amat fs amyris homme maison francis kurkdjian formen main accords,0.1259,0.3653,0.3481,0.2768,TIE,TIE,0.0172,fragrantica-scraper-archive/social-cards/images/2238_134-KUR_15566.jpeg,spring,0.3653,summer,0.3481,0.0172
2237,147-NAS,12130,male,SOCIAL_CARD_OCR,sa ah pardon oo nasomatto eunden for men main accords warm spicy a net a he on pardon ee on nasomatto for men main accords,0.4556,0.1550,0.1074,0.4428,TIE,TIE,0.0128,fragrantica-scraper-archive/social-cards/images/2237_147-NAS_12130.jpeg,winter,0.4556,fall,0.4428,0.0128
2233,161-PEN,54665,unisex,SOCIAL_CARD_OCR,cairo penhaligon s pata ira for women and men main accords r cairo ah pal fadl penhaligon s for women and men main accords,0.4185,0.1550,0.1074,0.4244,TIE,TIE,0.0058,fragrantica-scraper-archive/social-cards/images/2233_161-PEN_54665.jpeg,fall,0.4244,winter,0.4185,0.0059
2232,129-LEL,3678,unisex,SOCIAL_CARD_OCR,fe aa ard rose wee le labo ated pecs for women and men main accords iio od wz bata rose met sy ht le labo a rat for women and men main accords,0.2000,0.3653,0.2741,0.3616,TIE,TIE,0.0037,fragrantica-scraper-archive/social-cards/images/2232_129-LEL_3678.jpeg,spring,0.3653,fall,0.3616,0.0037
2227,137-KUR,40816,unisex,SOCIAL_CARD_OCR,pata grand soir maison francis kurkdjian sa for women and men main accords grand soir maison francis kurkdjian for women and men main accords,0.4778,0.1218,0.1074,0.4649,TIE,TIE,0.0128,fragrantica-scraper-archive/social-cards/images/2227_137-KUR_40816.jpeg,winter,0.4778,fall,0.4649,0.0129
2226,140-KUR,48456,unisex,SOCIAL_CARD_OCR,oud silk mood cs u maison francis kurkdjian arene for women and men main accords a oud suk mood maison francis kurkdjian for women and men main accords rose a,0.3963,0.2103,0.1074,0.3764,TIE,TIE,0.0199,fragrantica-scraper-archive/social-cards/images/2226_140-KUR_48456.jpeg,winter,0.3963,fall,0.3764,0.0199
2220,461-CAC,246,female,SOCIAL_CARD_OCR,pane apt cm gloria os se ciaie e etia cacharel at rao em for women main accords ore almond i gloria bee a cacharel fot for women main accords almond a a,0.3741,0.2362,0.1370,0.3764,TIE,TIE,0.0023,fragrantica-scraper-archive/social-cards/images/2220_461-CAC_246.jpeg,fall,0.3764,winter,0.3741,0.0023
2218,826-MIS,45063,female,SOCIAL_CARD_OCR,fae een babe power missguided ae for women q main accords vi i ei aa babe power missguided for women main accords oy,0.3556,0.3653,0.2741,0.3616,TIE,TIE,0.0037,fragrantica-scraper-archive/social-cards/images/2218_826-MIS_45063.jpeg,spring,0.3653,fall,0.3616,0.0037
2217,1217-MONT,2381,male,SOCIAL_CARD_OCR,ee cigar montana homme montana bs sain for men mains main accords pa citrus sa montana homme montana rag for men main accords mee citrus sa,0.1296,0.3542,0.3481,0.3616,TIE,TIE,0.0074,fragrantica-scraper-archive/social-cards/images/2217_1217-MONT_2381.jpeg,fall,0.3616,spring,0.3542,0.0074
2215,1003-ACQ,31424,unisex,SOCIAL_CARD_OCR,ip gare cotonia club as acqua di parma hear on for women and men ie ae colonia club acqua di parma a for women and men main accords ss,0.1259,0.4244,0.4185,0.1882,TIE,TIE,0.0058,fragrantica-scraper-archive/social-cards/images/2215_1003-ACQ_31424.jpeg,spring,0.4244,summer,0.4185,0.0059
2209,136-KUR,53400,unisex,SOCIAL_CARD_OCR,gentle fluidity silver maison francis kurkdjian cc for women and men main accords gentle fluidity silver for women and men maison francis kurkdjian main accords,0.1259,0.3653,0.3704,0.2214,TIE,TIE,0.0051,fragrantica-scraper-archive/social-cards/images/2209_136-KUR_53400.jpeg,summer,0.3704,spring,0.3653,0.0051
2206,703-HER,1335,female,SOCIAL_CARD_OCR,kelly caleche hermes vue for women main accords cs a ate a kelly caleche ic for women hermes main accords leather a,0.1519,0.3875,0.1815,0.3875,TIE,TIE,0.0000,fragrantica-scraper-archive/social-cards/images/2206_703-HER_1335.jpeg,spring,0.3875,fall,0.3875,0.0000
2196,109-ARM,55282,unisex,SOCIAL_CARD_OCR,giorgio armani os for women and men main accords a musky ate oe ete muse shamal red ey ore giorgio armani ee ol for women and men main accords musky,0.3370,0.3653,0.1704,0.3616,TIE,TIE,0.0037,fragrantica-scraper-archive/social-cards/images/2196_109-ARM_55282.jpeg,spring,0.3653,fall,0.3616,0.0037
2191,120-INI,30989,unisex,SOCIAL_CARD_OCR,cy oe sete absolute aphrodisiac initio parfums prives sees for women and men main accords vanilla ee rd absolute aphrodisiac initio parfums prives for women and men main accords vanilla ee,0.4778,0.1218,0.1074,0.4649,TIE,TIE,0.0128,fragrantica-scraper-archive/social-cards/images/2191_120-INI_30989.jpeg,winter,0.4778,fall,0.4649,0.0129
2190,123-INI,45977,unisex,SOCIAL_CARD_OCR,psychedelic love ae initio parfums prives eee for women and men a main accords powdery a psychedelic love initio parfums prives for women and men main accords powdery a,0.4000,0.2435,0.1074,0.3875,TIE,TIE,0.0125,fragrantica-scraper-archive/social-cards/images/2190_123-INI_45977.jpeg,winter,0.4000,fall,0.3875,0.0125
2150,922-TMU,61519,female,SOCIAL_CARD_OCR,angel nova mugler ae for women main accords wy f eee angel nova mugler ts for women main accords,0.1519,0.3653,0.3741,0.1771,TIE,TIE,0.0088,fragrantica-scraper-archive/social-cards/images/2150_922-TMU_61519.jpeg,summer,0.3741,spring,0.3653,0.0088
2148,966-VICT,9730,female,SOCIAL_CARD_OCR,sexy little hings noir lease victoria s secret scere for women gt main accords ee bate sexy little hings noir lease victoria s secret eifsseeawacle een for women main accords,0.3370,0.3653,0.2741,0.3616,TIE,TIE,0.0037,fragrantica-scraper-archive/social-cards/images/2148_966-VICT_9730.jpeg,spring,0.3653,fall,0.3616,0.0037
2146,410-BOD,32247,female,SOCIAL_CARD_OCR,black musk the body shop beeeenee for women main accords black mussk the body shop oe enea cae for women main accords,0.4333,0.1439,0.1074,0.4428,TIE,TIE,0.0095,fragrantica-scraper-archive/social-cards/images/2146_410-BOD_32247.jpeg,fall,0.4428,winter,0.4333,0.0095
2145,637-EST,552,female,SOCIAL_CARD_OCR,spellbound estee lauder ree for women main accords warm spicy a spelibound estee lauder for women main accords warm spicy a,0.4778,0.1218,0.1074,0.4649,TIE,TIE,0.0128,fragrantica-scraper-archive/social-cards/images/2145_637-EST_552.jpeg,winter,0.4778,fall,0.4649,0.0129
2140,165-PEN,40716,male,SOCIAL_CARD_OCR,ihe tragedy of lord george penhaligon s ee for men main accords z the lragedy ot lord george en formen penhaligon s main accords f fy,0.4000,0.1882,0.1074,0.4133,TIE,TIE,0.0133,fragrantica-scraper-archive/social-cards/images/2140_165-PEN_40716.jpeg,fall,0.4133,winter,0.4000,0.0133
2133,142-MAN,15211,unisex,SOCIAL_CARD_OCR,paka uciy ca cedrat boise ee mancera mao for women and men main accords pa ae cedrat boise mancera i sat for women and men main accords in a,0.1481,0.3432,0.3481,0.2768,TIE,TIE,0.0050,fragrantica-scraper-archive/social-cards/images/2133_142-MAN_15211.jpeg,summer,0.3481,spring,0.3432,0.0049
2126,133-MICA,14409,female,SOCIAL_CARD_OCR,ylang in gold m micallef louie for women main accords deon tr ylang in gold for women m micallef main accords,0.2222,0.3653,0.2926,0.3616,TIE,TIE,0.0037,fragrantica-scraper-archive/social-cards/images/2126_133-MICA_14409.jpeg,spring,0.3653,fall,0.3616,0.0037
2125,159-PARF,18749,female,SOCIAL_CARD_OCR,ie eae ssaranad parfums de marly es pee for women main accords a hee salanad a erin parfums de marly for women main accords gn,0.3370,0.3653,0.2741,0.3616,TIE,TIE,0.0037,fragrantica-scraper-archive/social-cards/images/2125_159-PARF_18749.jpeg,spring,0.3653,fall,0.3616,0.0037
2103,975-YZLO,58274,unisex,SOCIAL_CARD_OCR,yves saint laurent cae for women and men main accords sweet atlas garden yves saint laurent for women and men ae main accords sweet,0.2630,0.3210,0.1704,0.3247,TIE,TIE,0.0037,fragrantica-scraper-archive/social-cards/images/2103_975-YZLO_58274.jpeg,fall,0.3247,spring,0.3210,0.0037
2099,1205-LOL,458,male,SOCIAL_CARD_OCR,lolita lempicka au masculin lolita lempicka bee for men ww ee t main accords fy lolita lempicka au masculin ae formen lolita lempicka main accords ee,0.4000,0.2362,0.1074,0.3875,TIE,TIE,0.0125,fragrantica-scraper-archive/social-cards/images/2099_1205-LOL_458.jpeg,winter,0.4000,fall,0.3875,0.0125
2098,972-VICT,38834,female,SOCIAL_CARD_OCR,warm coconut sugar victoria s secret sate ae for women main accords ji ae as warm coconut sugar ue victoria s secret pr sagtae for women main accords yt,0.1519,0.3653,0.3741,0.3616,TIE,TIE,0.0088,fragrantica-scraper-archive/social-cards/images/2098_972-VICT_38834.jpeg,summer,0.3741,spring,0.3653,0.0088
2095,1228-PAC,54323,male,SOCIAL_CARD_OCR,invictus legend es rabanne os for men ae e r main accords lm fy paca a invictus legend rabanne pee ee formen main accords,0.1259,0.3875,0.3926,0.2103,TIE,TIE,0.0051,fragrantica-scraper-archive/social-cards/images/2095_1228-PAC_54323.jpeg,summer,0.3926,spring,0.3875,0.0051
2094,160-PEN,46504,female,SOCIAL_CARD_OCR,the bewitching yasmine penhaligon s eee for women i r main accords the bewitching yasmine penhaligon s ope ees for women main accords,0.4778,0.1218,0.1074,0.4649,TIE,TIE,0.0128,fragrantica-scraper-archive/social-cards/images/2094_160-PEN_46504.jpeg,winter,0.4778,fall,0.4649,0.0129
2093,163-PEN,31396,unisex,SOCIAL_CARD_OCR,haltet pa hitn sree penhaligon s for women and men main accords ne haltetl ra ay penhaligon s for women and men main accords lige al ee,0.4185,0.1771,0.1074,0.3985,TIE,TIE,0.0200,fragrantica-scraper-archive/social-cards/images/2093_163-PEN_31396.jpeg,winter,0.4185,fall,0.3985,0.0200
2089,341-TMFO,42432,female,SOCIAL_CARD_OCR,black orchid oud sea weey tom ford reas ren for women ie main accords ee black orchid oud a tom ford for women main accords ee,0.3815,0.2103,0.1074,0.3985,TIE,TIE,0.0170,fragrantica-scraper-archive/social-cards/images/2089_341-TMFO_42432.jpeg,fall,0.3985,winter,0.3815,0.0170
2085,208-CRD,4249,female,SOCIAL_CARD_OCR,fantasia de fleurs creed se aiees for women main accords fy tees ee fantasia de fleurs va creed el a for women main accords rose fy,0.1963,0.3653,0.2741,0.3616,TIE,TIE,0.0037,fragrantica-scraper-archive/social-cards/images/2085_208-CRD_4249.jpeg,spring,0.3653,fall,0.3616,0.0037
2084,172-SHALM,47982,unisex,SOCIAL_CARD_OCR,moroccan musk ee scent salim boren for women and men main accords musky a lt ny ne moroccan musk scent salim pcr for women and men main accords musky a y lt ny,0.3370,0.3653,0.3481,0.3063,TIE,TIE,0.0172,fragrantica-scraper-archive/social-cards/images/2084_172-SHALM_47982.jpeg,spring,0.3653,summer,0.3481,0.0172
1950,145-MEM,31383,unisex,SOCIAL_CARD_OCR,african leather memo paris bana for women and men main accords alrican leather ies i memo paris ite for women and men main accords,0.4000,0.1882,0.1074,0.4133,TIE,TIE,0.0133,fragrantica-scraper-archive/social-cards/images/1950_145-MEM_31383.jpeg,fall,0.4133,winter,0.4000,0.0133
1939,1100-DOL,50611,male,SOCIAL_CARD_OCR,has aay the one grey dolce gabbana as for men as st eee the one grey dolce gabbana formen main accords i a bit,0.1259,0.3653,0.3481,0.3616,TIE,TIE,0.0037,fragrantica-scraper-archive/social-cards/images/1939_1100-DOL_50611.jpeg,spring,0.3653,fall,0.3616,0.0037
1936,589-ELI,45686,female,SOCIAL_CARD_OCR,girl of now elie saab ea for women main accords almond fy eat girl of now aie elie saab oye pout for women main accords almond,0.4037,0.1882,0.1074,0.3911,TIE,TIE,0.0126,fragrantica-scraper-archive/social-cards/images/1936_589-ELI_45686.jpeg,winter,0.4037,fall,0.3911,0.0126
1923,173-SOS,13816,unisex,SOCIAL_CARD_OCR,accento sospiro perfumes eee for women and men main accords musky ee ere eh accento sospiro perfumes ions for women and men main accords musky ee,0.1926,0.3653,0.3481,0.2878,TIE,TIE,0.0172,fragrantica-scraper-archive/social-cards/images/1923_173-SOS_13816.jpeg,spring,0.3653,summer,0.3481,0.0172
1918,1236-PAL,1695,male,SOCIAL_CARD_OCR,muinotaure paloma picasso i oes for men main accords minotaure paloma picasso elen an for men main accords,0.2444,0.3653,0.2741,0.3616,TIE,TIE,0.0037,fragrantica-scraper-archive/social-cards/images/1918_1236-PAL_1695.jpeg,spring,0.3653,fall,0.3616,0.0037
1912,795-LAN,52788,female,SOCIAL_CARD_OCR,la nuit tresor muse diamant lancome ene y for women main accords as is la nuit lresor musc diamant lancome for women main accords a,0.3370,0.3432,0.2741,0.3616,TIE,TIE,0.0185,fragrantica-scraper-archive/social-cards/images/1912_795-LAN_52788.jpeg,fall,0.3616,spring,0.3432,0.0184
1907,269-JOM,37551,unisex,SOCIAL_CARD_OCR,nashi blossom jo malone london se for women and men af main accords rt eta nashi blossom jo malone london for women and men main accords,0.1259,0.4686,0.4704,0.1550,TIE,TIE,0.0017,fragrantica-scraper-archive/social-cards/images/1907_269-JOM_37551.jpeg,summer,0.4704,spring,0.4686,0.0018
1903,538-DRC,45202,female,SOCIAL_CARD_OCR,muss dior kau de partum dior ee for women main accords miss dior kau de partum at for women dior main accords fll dy citrus,0.2630,0.3432,0.1593,0.3247,TIE,TIE,0.0185,fragrantica-scraper-archive/social-cards/images/1903_538-DRC_45202.jpeg,spring,0.3432,fall,0.3247,0.0185
1901,1053-CAR,297,male,SOCIAL_CARD_OCR,yoann ieee carolina herrera ee for men main accords citrus a rece men aoe rt carolina herrera ops formen main accords citrus a,0.1259,0.3875,0.3926,0.1882,TIE,TIE,0.0051,fragrantica-scraper-archive/social-cards/images/1901_1053-CAR_297.jpeg,summer,0.3926,spring,0.3875,0.0051
1900,486-CAR,48103,female,SOCIAL_CARD_OCR,good giri legere carolina herrera eee for women main accords bae good girl legere carolina herrera for women main accords sweet,0.3519,0.2546,0.1111,0.3690,TIE,TIE,0.0172,fragrantica-scraper-archive/social-cards/images/1900_486-CAR_48103.jpeg,fall,0.3690,winter,0.3519,0.0171
1893,1127-ARM,29727,male,SOCIAL_CARD_OCR,acqua di g o profumo giorgio armani ny for men s main accords a ae acqua d gio proftumo oe formen giorgio armani main accords ee,0.1259,0.3653,0.3593,0.2878,TIE,TIE,0.0061,fragrantica-scraper-archive/social-cards/images/1893_1127-ARM_29727.jpeg,spring,0.3653,summer,0.3593,0.0060
1889,762-KIL,25991,unisex,SOCIAL_CARD_OCR,intoxicated co ili nes by kilian laramie for women and men main accords intoxicated by kilian ote for women and men main accords ee,0.4333,0.1661,0.1074,0.4244,TIE,TIE,0.0090,fragrantica-scraper-archive/social-cards/images/1889_762-KIL_25991.jpeg,winter,0.4333,fall,0.4244,0.0089
1882,1090-COS,7047,male,SOCIAL_CARD_OCR,costume national homme costume national easier for men il main accords ee w e eee costume national homme i costume national copa it formen main accords,0.4111,0.2362,0.1074,0.3985,TIE,TIE,0.0126,fragrantica-scraper-archive/social-cards/images/1882_1090-COS_7047.jpeg,winter,0.4111,fall,0.3985,0.0126
1881,1091-COS,2305,unisex,SOCIAL_CARD_OCR,scent intense ce costume national pe s for women and men main accords lep scent intense costume national crt te for women and men main accords bp feat,0.3741,0.2362,0.1074,0.3764,TIE,TIE,0.0023,fragrantica-scraper-archive/social-cards/images/1881_1091-COS_2305.jpeg,fall,0.3764,winter,0.3741,0.0023
1880,177-TER,32172,unisex,SOCIAL_CARD_OCR,q rke a yh x ee ea pad oes tiziana terenzi a for women and men ae fy oe ars kirke tiziana terenzi ite pins stil for women and men main accords ss,0.2444,0.2989,0.2741,0.2878,TIE,TIE,0.0111,fragrantica-scraper-archive/social-cards/images/1880_177-TER_32172.jpeg,spring,0.2989,fall,0.2878,0.0111
1879,305-KAY,52616,unisex,SOCIAL_CARD_OCR,sei i vanilla a hee kayali fragrances be avin tee for women and men main accords wh st ae vanilla kayali fragrances is for women and men main accords wl a,0.4333,0.1439,0.1074,0.4244,TIE,TIE,0.0090,fragrantica-scraper-archive/social-cards/images/1879_305-KAY_52616.jpeg,winter,0.4333,fall,0.4244,0.0089
1833,271-JOM,3782,unisex,SOCIAL_CARD_OCR,nectarine blossom honey jo malone london beh aren for women and men he main accords ahh es lata nectarine blossom honey jo malone london obes ee for women and men main accords at m,0.1259,0.4797,0.4741,0.1255,TIE,TIE,0.0056,fragrantica-scraper-archive/social-cards/images/1833_271-JOM_3782.jpeg,spring,0.4797,summer,0.4741,0.0056
1832,116-EXN,45957,unisex,SOCIAL_CARD_OCR,midnight special oe ex nihilo ee for women and men snes ess main accord e a a ae ae ae warm spicy midnight special ae a al ex nihilo el a a ier for women and men ss a i main accords a a ae,0.4000,0.1882,0.1074,0.3985,TIE,TIE,0.0015,fragrantica-scraper-archive/social-cards/images/1832_116-EXN_45957.jpeg,winter,0.4000,fall,0.3985,0.0015
1821,339-TMFO,52790,,OCR_UNRESOLVED,mae caer beau de jour tom ford ae formen main accords wy fy beau de jour tom ford iow ae formen main accords,0.3370,0.3653,0.2741,0.3616,TIE,TIE,0.0037,fragrantica-scraper-archive/social-cards/images/1821_339-TMFO_52790.jpeg,spring,0.3653,fall,0.3616,0.0037
1818,352-TMFO,1820,male,SOCIAL_CARD_OCR,tom ford tor men extreme tom ford ee for men iil main accords al lom ford tor men extreme aa ee tom ford for men main accords,0.4111,0.1882,0.1074,0.3985,TIE,TIE,0.0126,fragrantica-scraper-archive/social-cards/images/1818_352-TMFO_1820.jpeg,winter,0.4111,fall,0.3985,0.0126
1817,1094-DOL,56358,male,SOCIAL_CARD_OCR,z eee ed pate k by dolce gabbana dolce gabbana be for men a sf merkel m main accords kk dy dolce gabbana dolce gabbana for men main accords wr hae ea vara,0.1259,0.3875,0.3926,0.2214,TIE,TIE,0.0051,fragrantica-scraper-archive/social-cards/images/1817_1094-DOL_56358.jpeg,summer,0.3926,spring,0.3875,0.0051
1811,449-BYR,6458,unisex,SOCIAL_CARD_OCR,a l pe aiee mates bal ad airique oe aa heen ae byredo eee for women and men main accords oe bal d alrique byredo for women and men main accords,0.1259,0.3875,0.3741,0.2214,TIE,TIE,0.0134,fragrantica-scraper-archive/social-cards/images/1811_449-BYR_6458.jpeg,spring,0.3875,summer,0.3741,0.0134
1802,781-LAN,39737,unisex,SOCIAL_CARD_OCR,a a ecoematit jasmins marzipane lancome rraro eth for women and men main accords ti white floral jasmins marzipane pe lancome for women and men main accords white floral,0.1963,0.3653,0.2741,0.3616,TIE,TIE,0.0037,fragrantica-scraper-archive/social-cards/images/1802_781-LAN_39737.jpeg,spring,0.3653,fall,0.3616,0.0037
1795,1058-CAR,55449,male,SOCIAL_CARD_OCR,bad boy oe carolina herrera erate for men main accords warm spicy fy o bad boy a ay rag aa carolina herrera formen main accords,0.3815,0.2214,0.1074,0.3764,TIE,TIE,0.0051,fragrantica-scraper-archive/social-cards/images/1795_1058-CAR_55449.jpeg,winter,0.3815,fall,0.3764,0.0051
1788,350-TMFO,51411,unisex,SOCIAL_CARD_OCR,pangani cee lost cherry eg tom ford crete for women and men main accords a lost cherry revs eb he tom ford been le pi for women and men main accords,0.3741,0.1993,0.1222,0.3764,TIE,TIE,0.0023,fragrantica-scraper-archive/social-cards/images/1788_350-TMFO_51411.jpeg,fall,0.3764,winter,0.3741,0.0023
1787,792-LAN,39740,unisex,SOCIAL_CARD_OCR,i ah fr oud ambproisie lancome eee for women and men ji main accords a oud ambrolsie lancome blt for women and men main accords a,0.4778,0.1218,0.1074,0.4649,TIE,TIE,0.0128,fragrantica-scraper-archive/social-cards/images/1787_792-LAN_39740.jpeg,winter,0.4778,fall,0.4649,0.0129
1786,154-PARF,39314,unisex,SOCIAL_CARD_OCR,vi ee parfums de marly eter for women and men main accords warm spicy a on te layton se parfums de marly for women and men main accords,0.3556,0.3653,0.1111,0.3616,TIE,TIE,0.0037,fragrantica-scraper-archive/social-cards/images/1786_154-PARF_39314.jpeg,spring,0.3653,fall,0.3616,0.0037
1779,466-CAL,50662,female,SOCIAL_CARD_OCR,calvin klein women oe calvin klein eee a for women main accords a gece citrus ee calvin kieln women calvin klein ey for women main accords citrus,0.1259,0.4170,0.4037,0.1771,TIE,TIE,0.0133,fragrantica-scraper-archive/social-cards/images/1779_466-CAL_50662.jpeg,spring,0.4170,summer,0.4037,0.0133
1771,731-JIM,49615,female,SOCIAL_CARD_OCR,jimmy choo fever oean jimmy choo eae for women vanilla jimmy choo fever jimmy choo oy for women main accords vanilla a,0.4185,0.1550,0.1074,0.4133,TIE,TIE,0.0052,fragrantica-scraper-archive/social-cards/images/1771_731-JIM_49615.jpeg,winter,0.4185,fall,0.4133,0.0052
1762,1188-KAR,45857,,OCR_UNRESOLVED,bois de vetiver karl lagerfeld peeks formen main accords citrus fy ral bois de vetiver karl lagerfeld formen main accords citrus fy,0.1259,0.3985,0.3815,0.2214,TIE,TIE,0.0170,fragrantica-scraper-archive/social-cards/images/1762_1188-KAR_45857.jpeg,spring,0.3985,summer,0.3815,0.0170
1419,,28237,unisex,SOCIAL_CARD_OCR,huboob yas rae eane yas perfumes aa camen for women and men main accords citrus huboop yas yas perfumes te for women and men main accords citrus,0.3593,0.3542,0.1111,0.2878,TIE,TIE,0.0050,fragrantica-scraper-archive/social-cards/images/1419_unknown_28237.jpeg,winter,0.3593,spring,0.3542,0.0051
1418,182-XER,16448,unisex,SOCIAL_CARD_OCR,comandante xerjoft tene for women and men ia main accords fy comandante it xerjoft ope for women and men yan main accords fy,0.3370,0.3653,0.1481,0.3616,TIE,TIE,0.0037,fragrantica-scraper-archive/social-cards/images/1418_182-XER_16448.jpeg,spring,0.3653,fall,0.3616,0.0037
1415,168-RAS,19687,female,SOCIAL_CARD_OCR,sethe tobi daare pour kemme rasasi breanne for women main accords powdery se aa i etre a daare pour kkemme rasasi ele acne for women main accords powdery ers,0.3370,0.3653,0.1704,0.3616,TIE,TIE,0.0037,fragrantica-scraper-archive/social-cards/images/1415_168-RAS_19687.jpeg,spring,0.3653,fall,0.3616,0.0037
1411,148-PARF,36539,female,SOCIAL_CARD_OCR,ae ae parfums de marly gace for women main accords f ay s powdery fs athalia bi a parfums de marly for women main accords powdery fs,0.3556,0.3653,0.1074,0.3764,TIE,TIE,0.0111,fragrantica-scraper-archive/social-cards/images/1411_148-PARF_36539.jpeg,fall,0.3764,spring,0.3653,0.0111
1410,146-MEM,40544,unisex,SOCIAL_CARD_OCR,ape eat russian leather memo paris aoess for women and men main accords a ae hussian leather memo paris for women and men main accords a,0.3370,0.3653,0.1111,0.3764,TIE,TIE,0.0111,fragrantica-scraper-archive/social-cards/images/1410_146-MEM_40544.jpeg,fall,0.3764,spring,0.3653,0.0111
1406,106-ARB,21560,,OCR_UNRESOLVED,sultan blend arabian oud anes formen main accords white floral ft sultan blend arabian oud a formen main accords white floral ft,0.2704,0.2620,0.2704,0.2768,TIE,TIE,0.0064,fragrantica-scraper-archive/social-cards/images/1406_106-ARB_21560.jpeg,fall,0.2768,winter,0.2704,0.0064
1260,376-TMFO,22963,female,SOCIAL_CARD_OCR,velvet orchid tom ford re for women fi main accords ds velvet orchid tom ford for women main accords is,0.4185,0.1550,0.1074,0.4244,TIE,TIE,0.0058,fragrantica-scraper-archive/social-cards/images/1260_376-TMFO_22963.jpeg,fall,0.4244,winter,0.4185,0.0059
1256,372-TMFO,48029,unisex,SOCIAL_CARD_OCR,beare vanille fatale a tom ford weer art for women and men main accords vanilla ee vanille katale i tom ford oh evoda oo for women and men main accords vanilla ee,0.4593,0.1328,0.1074,0.4649,TIE,TIE,0.0057,fragrantica-scraper-archive/social-cards/images/1256_372-TMFO_48029.jpeg,fall,0.4649,winter,0.4593,0.0056
1250,364-TMFO,1826,unisex,SOCIAL_CARD_OCR,oud wood soe u oo eee eee tom ford seed for women and men main accords i woody s io ed ee oud wood tom ford pat for women and men main accords ee,0.3963,0.1993,0.1074,0.3985,TIE,TIE,0.0022,fragrantica-scraper-archive/social-cards/images/1250_364-TMFO_1826.jpeg,fall,0.3985,winter,0.3963,0.0022
1249,363-TMFO,45192,unisex,SOCIAL_CARD_OCR,oud minerale tom ford eee for women and men main accords fre ir wero ores oud minerale tom ford ope for women and men main accords,0.1963,0.3653,0.3481,0.3616,TIE,TIE,0.0037,fragrantica-scraper-archive/social-cards/images/1249_363-TMFO_45192.jpeg,spring,0.3653,fall,0.3616,0.0037
1245,359-TMFO,29675,,OCR_UNRESOLVED,faerie st noir extreme tom ford reece formen main accords fy ses noir extreme tom ford formen main accords fy,0.4778,0.1328,0.1074,0.4649,TIE,TIE,0.0128,fragrantica-scraper-archive/social-cards/images/1245_359-TMFO_29675.jpeg,winter,0.4778,fall,0.4649,0.0129
1242,354-TMFO,45691,male,SOCIAL_CARD_OCR,noir anthracite tom ford ee for men main accords mn fy noir anthracite tom ford wa for men main accords mn,0.4111,0.2362,0.1074,0.3985,TIE,TIE,0.0126,fragrantica-scraper-archive/social-cards/images/1242_354-TMFO_45691.jpeg,winter,0.4111,fall,0.3985,0.0126
1238,346-TMFO,46513,unisex,SOCIAL_CARD_OCR,fabulous pceonen netcast aia tom ford seis for women and men wy main accords fs fabulous ho tom ford br wr ot for women and men main accords ss,0.3741,0.2362,0.1074,0.3875,TIE,TIE,0.0134,fragrantica-scraper-archive/social-cards/images/1238_346-TMFO_46513.jpeg,fall,0.3875,winter,0.3741,0.0134
1236,343-TMFO,15913,unisex,SOCIAL_CARD_OCR,betes ape i a aoe cea big cia cate rose tom ford cee for women and men main accords zz warm spicy a cate rose ae tom ford tat gl for women and men main accords a,0.4111,0.1882,0.1074,0.4244,TIE,TIE,0.0132,fragrantica-scraper-archive/social-cards/images/1236_343-TMFO_15913.jpeg,fall,0.4244,winter,0.4111,0.0133
1226,332-RAM,15503,unisex,SOCIAL_CARD_OCR,dry wood ae ramon monegal ae at for women and men main accords fy a a dry wood a hear oy bea ae ramon monegal for women and men main accords,0.3370,0.3653,0.2741,0.3616,TIE,TIE,0.0037,fragrantica-scraper-archive/social-cards/images/1226_332-RAM_15503.jpeg,spring,0.3653,fall,0.3616,0.0037
1212,315-MNT,23365,unisex,SOCIAL_CARD_OCR,boo aero orange aoud on montale acta for women and men e main accords e he orange aoud montale regia for women and men main accords pi te,0.3370,0.3653,0.2741,0.3616,TIE,TIE,0.0037,fragrantica-scraper-archive/social-cards/images/1212_315-MNT_23365.jpeg,spring,0.3653,fall,0.3616,0.0037
1192,292-JOM,6459,unisex,SOCIAL_CARD_OCR,ha pa ee vanilla anise jo malone london ene for women and men asia main accords oe ae vanilla anise jo malone london for women and men main accords sotspey,0.3370,0.3653,0.1704,0.3616,TIE,TIE,0.0037,fragrantica-scraper-archive/social-cards/images/1192_292-JOM_6459.jpeg,spring,0.3653,fall,0.3616,0.0037
1181,279-JOM,16433,unisex,SOCIAL_CARD_OCR,bad b geter aaa pink vetiver ae jo loves cae for women and men fl main accords j ee pink vetiver jo loves ae for women and men main accords i s a,0.1519,0.3653,0.2926,0.3616,TIE,TIE,0.0037,fragrantica-scraper-archive/social-cards/images/1181_279-JOM_16433.jpeg,spring,0.3653,fall,0.3616,0.0037
1173,268-JOM,42027,unisex,SOCIAL_CARD_OCR,myrrh ltonka jo malone london for women and men main accords e ap see myrrh lonka jo malone london for women and men main accords ae,0.4630,0.1218,0.1074,0.4649,TIE,TIE,0.0020,fragrantica-scraper-archive/social-cards/images/1173_268-JOM_42027.jpeg,fall,0.4649,winter,0.4630,0.0019
1138,187-ARM,406,unisex,SOCIAL_CARD_OCR,frain bos d encens giorgio armani ae ena for women and men main accords ss bois d kncens at giorgio armani for women and men main accords,0.4185,0.1550,0.1074,0.4244,TIE,TIE,0.0058,fragrantica-scraper-archive/social-cards/images/1138_187-ARM_406.jpeg,fall,0.4244,winter,0.4185,0.0059
1135,234-ESCE,42995,unisex,SOCIAL_CARD_OCR,pisos ast escentric oe escentric molecules seat at for women and men il main accords pi eg se pom ama ttt in fae escentric escentric molecules for women and men il main accords a s oltec ei a tmnt ttt ttt,0.1259,0.3875,0.4037,0.2103,TIE,TIE,0.0162,fragrantica-scraper-archive/social-cards/images/1135_234-ESCE_42995.jpeg,summer,0.4037,spring,0.3875,0.0162
1122,219-CRD,41698,,OCR_UNRESOLVED,lil pig etm seer creed areas formen main accords oy viiking ee creed anes formen main accords,0.3370,0.3653,0.2741,0.3616,TIE,TIE,0.0037,fragrantica-scraper-archive/social-cards/images/1122_219-CRD_41698.jpeg,spring,0.3653,fall,0.3616,0.0037
1121,218-CRD,7515,,OCR_UNRESOLVED,peart vetiver creed ee ts formen main accords citrus a vetiver creed oes formen main accords citrus,0.1259,0.3875,0.3741,0.2878,TIE,TIE,0.0134,fragrantica-scraper-archive/social-cards/images/1121_218-CRD_7515.jpeg,spring,0.3875,summer,0.3741,0.0134
1113,207-CRD,465,male,SOCIAL_CARD_OCR,himalaya ee pease ne creee a bias for men pa main accords citrus nd as red himalaya creed formen main accords citrus i fy,0.1259,0.3653,0.3778,0.2878,TIE,TIE,0.0125,fragrantica-scraper-archive/social-cards/images/1113_207-CRD_465.jpeg,summer,0.3778,spring,0.3653,0.0125
1111,205-CRD,38497,female,SOCIAL_CARD_OCR,aventus tor her creed se for women main accords aventus tor her creed fou ke for women be main accords ns,0.1370,0.3653,0.3778,0.2878,TIE,TIE,0.0125,fragrantica-scraper-archive/social-cards/images/1111_205-CRD_38497.jpeg,summer,0.3778,spring,0.3653,0.0125
1110,204-CRD,9828,,OCR_UNRESOLVED,eee aeatale teh ems hy aventus creed aig eaees formen main accords aaa aventus creed formen main accords om,0.1519,0.3653,0.3741,0.2878,TIE,TIE,0.0088,fragrantica-scraper-archive/social-cards/images/1110_204-CRD_9828.jpeg,summer,0.3741,spring,0.3653,0.0088
1015,994-ZAD,39358,female,SOCIAL_CARD_OCR,as teas this her zadig voltaire re siete for women main accords vanilla fy ft this s her ste ete ria zadig voltaire for women main accords vanilla if ft,0.3741,0.2362,0.1111,0.3875,TIE,TIE,0.0134,fragrantica-scraper-archive/social-cards/images/1015_994-ZAD_39358.jpeg,fall,0.3875,winter,0.3741,0.0134
1012,989-YZLO,96,female,SOCIAL_CARD_OCR,hive gauche oe j fe yves saint laurent ea ice for women if main accords aldehydic rive gauche pa ee yves saint laurent bet for women main accords aldehydic,0.3370,0.3653,0.1704,0.3616,TIE,TIE,0.0037,fragrantica-scraper-archive/social-cards/images/1012_989-YZLO_96.jpeg,spring,0.3653,fall,0.3616,0.0037
1006,983-YZLO,15540,female,SOCIAL_CARD_OCR,ww ehiserone rae fa manitesto yves saint laurent cee for women main accords vanilla ny manifesto yves saint laurent yet for women main accords vanilla ny,0.4333,0.1661,0.1074,0.4354,TIE,TIE,0.0021,fragrantica-scraper-archive/social-cards/images/1006_983-YZLO_15540.jpeg,fall,0.4354,winter,0.4333,0.0021
1000,976-YZLO,9394,female,SOCIAL_CARD_OCR,retiiten ae and belle dopium eae fob er eerie j poe arent yves saint laurent ect for women main accords ft white floral ee belle dopilum yves saint laurent ont gia for women main accords white floral ee,0.4407,0.1328,0.1074,0.4244,TIE,TIE,0.0164,fragrantica-scraper-archive/social-cards/images/1000_976-YZLO_9394.jpeg,winter,0.4407,fall,0.4244,0.0163
995,965-VICT,13261,female,SOCIAL_CARD_OCR,sexy little hings noir lease lemptation victoria s secret aes for women main accords ee sexy little lhings noir lease lemptavion victoria s secret for women main accords ns,0.2222,0.3653,0.3593,0.2878,TIE,TIE,0.0061,fragrantica-scraper-archive/social-cards/images/995_965-VICT_13261.jpeg,spring,0.3653,summer,0.3593,0.0060
991,961-VICT,7988,female,SOCIAL_CARD_OCR,ove ope oe see victoria s secret ae aati for women main accords eee oe fae ae love spell t victoria s secret ope kops for women main accords ss,0.1259,0.4354,0.4185,0.1550,TIE,TIE,0.0169,fragrantica-scraper-archive/social-cards/images/991_961-VICT_7988.jpeg,spring,0.4354,summer,0.4185,0.0169
989,959-VICT,23244,female,SOCIAL_CARD_OCR,victorias secret forbidden victoria s secret pen for women main accords victoria s secret forbidden pe eae i bee for women victoria s secret main accords,0.3370,0.3653,0.2741,0.3616,TIE,TIE,0.0037,fragrantica-scraper-archive/social-cards/images/989_959-VICT_23244.jpeg,spring,0.3653,fall,0.3616,0.0037
988,958-VICT,17699,female,SOCIAL_CARD_OCR,fabulous rt sep iy ey victoria s secret ea aen a for women las main accords en co fabulous victoria s secret cy for women ee main accords a,0.1259,0.4465,0.4407,0.1255,TIE,TIE,0.0058,fragrantica-scraper-archive/social-cards/images/988_958-VICT_17699.jpeg,spring,0.4465,summer,0.4407,0.0058
974,943-VER,632,female,SOCIAL_CARD_OCR,bb n eet f right crysta cael pa versace eee for women main accords pes he s sd ws gere bie a ee bright crystal rabies he versace el for women main accords a ee fem fap i,0.1259,0.4797,0.4704,0.1439,TIE,TIE,0.0093,fragrantica-scraper-archive/social-cards/images/974_943-VER_632.jpeg,spring,0.4797,summer,0.4704,0.0093
971,1270-VAN,44864,unisex,SOCIAL_CARD_OCR,a berra chee bos dore ee pera tases van cleef arpels cee for women and men main accords vanilla bois dore fol van cleef arpels for women and men main accords vanilla,0.4333,0.1661,0.1074,0.4428,TIE,TIE,0.0095,fragrantica-scraper-archive/social-cards/images/971_1270-VAN_44864.jpeg,fall,0.4428,winter,0.4333,0.0095
964,930-TRU,3667,unisex,SOCIAL_CARD_OCR,pera i ssenza del lempo trussardi ee for women and men main accords at i fe powdery a trussardi oh r ssenza del lempo trussardi for women and men main accords tin powdery mnt an trussardi a,0.1296,0.2989,0.3741,0.3616,TIE,TIE,0.0125,fragrantica-scraper-archive/social-cards/images/964_930-TRU_3667.jpeg,summer,0.3741,fall,0.3616,0.0125
959,925-TMU,8766,female,SOCIAL_CARD_OCR,oii womanity mugler ae for women th main accords es x woody f i a ae womanity oo or mugler io for women my main accords yy oy,0.1815,0.3653,0.3593,0.2878,TIE,TIE,0.0061,fragrantica-scraper-archive/social-cards/images/959_925-TMU_8766.jpeg,spring,0.3653,summer,0.3593,0.0060
954,918-TMU,6616,female,SOCIAL_CARD_OCR,a a alien eau de loutette es mugler oes for women main accords white floral cme alien kau de louette ef mugler elie for women main accords white floral,0.2630,0.3210,0.1704,0.3247,TIE,TIE,0.0037,fragrantica-scraper-archive/social-cards/images/954_918-TMU_6616.jpeg,fall,0.3247,spring,0.3210,0.0037
952,916-SOF,31662,female,SOCIAL_CARD_OCR,ae qs fa oe ks ru love eliaee as sofia vergara es for women main accords aa aan sess d love a sofia vergara for women main accords,0.4111,0.1661,0.1074,0.4133,TIE,TIE,0.0022,fragrantica-scraper-archive/social-cards/images/952_916-SOF_31662.jpeg,fall,0.4133,winter,0.4111,0.0022
944,908-SFER,32646,female,SOCIAL_CARD_OCR,paes att slgnorina mister osa salvatore ferragamo ae for women main accords vanilla y on l y y on qe slgnorina misteriosa salvatore ferragamo mee for women main accords vanilla,0.4037,0.1882,0.1074,0.3875,TIE,TIE,0.0162,fragrantica-scraper-archive/social-cards/images/944_908-SFER_32646.jpeg,winter,0.4037,fall,0.3875,0.0162
941,905-SFER,46832,female,SOCIAL_CARD_OCR,amo ferragamo salvatore ferragamo ae se for women nn main accords ety coa amo ferragamo salvatore ferragamo for women main accords sass,0.3370,0.3653,0.2741,0.3616,TIE,TIE,0.0037,fragrantica-scraper-archive/social-cards/images/941_905-SFER_46832.jpeg,spring,0.3653,fall,0.3616,0.0037
940,902-SALV,970,female,SOCIAL_CARD_OCR,dalissime sheer ae salvador dali ee ba for women w main accords yt fd dalissime salvador dali for women main accords vii fd ss,0.1926,0.3432,0.2741,0.3616,TIE,TIE,0.0185,fragrantica-scraper-archive/social-cards/images/940_902-SALV_970.jpeg,fall,0.3616,spring,0.3432,0.0184
933,895-RCAV,837,female,SOCIAL_CARD_OCR,es pear aa serpentine roberto cavalli oar for women main accords fs pete serpentine roberto cavalli eo for women main accords,0.3556,0.1993,0.1704,0.3542,TIE,TIE,0.0013,fragrantica-scraper-archive/social-cards/images/933_895-RCAV_837.jpeg,winter,0.3556,fall,0.3542,0.0014
931,893-RCAV,18833,female,SOCIAL_CARD_OCR,fees tic a roberto cavalli nero assoluto roberto cavalli cere for women rx main accords wy roberto cavalli nero assotuto ee roberto cavalli for women an main accords an,0.4333,0.1439,0.1074,0.4354,TIE,TIE,0.0021,fragrantica-scraper-archive/social-cards/images/931_893-RCAV_18833.jpeg,fall,0.4354,winter,0.4333,0.0021
930,892-RCAV,847,female,SOCIAL_CARD_OCR,petar just cavalli her roberto cavalli tec iren for women ci main accords val eae i we nis xo ae pie saat vanilla face epee ll ea i ree just cavalli her roberto cavalli for women itd main accords vanilla fy,0.2444,0.3653,0.3481,0.2878,TIE,TIE,0.0172,fragrantica-scraper-archive/social-cards/images/930_892-RCAV_847.jpeg,spring,0.3653,summer,0.3481,0.0172
921,883-PRA,39030,female,SOCIAL_CARD_OCR,prada la femme prada sarge for women main accords prada la femme prada rite lap e for women main accords ii a,0.1815,0.3432,0.2741,0.3616,TIE,TIE,0.0185,fragrantica-scraper-archive/social-cards/images/921_883-PRA_39030.jpeg,fall,0.3616,spring,0.3432,0.0184
912,872-PRA,12426,female,SOCIAL_CARD_OCR,pa ain id prada candy ee prada sae for women main accords ii ome prada prada candy ots prada for women ve main accords il i same prada,0.3741,0.1882,0.1370,0.3875,TIE,TIE,0.0134,fragrantica-scraper-archive/social-cards/images/912_872-PRA_12426.jpeg,fall,0.3875,winter,0.3741,0.0134
908,868-PARH,32365,female,SOCIAL_CARD_OCR,heiress limited edition paris hilton ee for women main accords heiress eeaerese ds heiress limited edition paris hilton for women main accords taitrless,0.1259,0.3875,0.4037,0.1771,TIE,TIE,0.0162,fragrantica-scraper-archive/social-cards/images/908_868-PARH_32365.jpeg,summer,0.4037,spring,0.3875,0.0162
907,867-PAL,1009,female,SOCIAL_CARD_OCR,paloma p casso oo reena paloma picasso sct for women main accords paloma p casso paloma picasso mss ed for women main accords,0.4333,0.1439,0.1074,0.4244,TIE,TIE,0.0090,fragrantica-scraper-archive/social-cards/images/907_867-PAL_1009.jpeg,winter,0.4333,fall,0.4244,0.0089
905,865-PAC,51424,female,SOCIAL_CARD_OCR,pure xs for her rabanne oe for women main accords le vanilla fy pure xs for her rabanne for women main accords a vanilla fy,0.4185,0.1661,0.1074,0.4354,TIE,TIE,0.0169,fragrantica-scraper-archive/social-cards/images/905_865-PAC_51424.jpeg,fall,0.4354,winter,0.4185,0.0169
904,864-PAC,42890,female,SOCIAL_CARD_OCR,olympea intense rabanne see for women main accords olympea intense rabanne for women main accords,0.4000,0.1439,0.1370,0.3985,TIE,TIE,0.0015,fragrantica-scraper-archive/social-cards/images/904_864-PAC_42890.jpeg,winter,0.4000,fall,0.3985,0.0015
903,863-PAC,31666,female,SOCIAL_CARD_OCR,olympea oe rabanne mee eee for women main accords vanilla olympea an ie ae rabanne id pa for women main accords vanilla,0.3370,0.3653,0.2741,0.3616,TIE,TIE,0.0037,fragrantica-scraper-archive/social-cards/images/903_863-PAC_31666.jpeg,spring,0.3653,fall,0.3616,0.0037
902,862-PAC,37699,female,SOCIAL_CARD_OCR,lady million prive rabanne ee for women main accords d ee lady million prive ee tk for women rabanne ee main accords ai ee,0.4741,0.1033,0.1074,0.4576,TIE,TIE,0.0165,fragrantica-scraper-archive/social-cards/images/902_862-PAC_37699.jpeg,winter,0.4741,fall,0.4576,0.0165
893,851-NIN,29668,female,SOCIAL_CARD_OCR,fey craters ad l extase le aba eine nina ricci eee for women main accords ae a febru ae l extase lange rp keer nina ricci ath for women main accords pg a,0.4185,0.1661,0.1074,0.4133,TIE,TIE,0.0052,fragrantica-scraper-archive/social-cards/images/893_851-NIN_29668.jpeg,winter,0.4185,fall,0.4133,0.0052
880,837-MOS,15209,female,SOCIAL_CARD_OCR,pink bouquet moschino pepe ila for women main accords a cc pink bouquet pu moschino opt for women main accords,0.1259,0.4686,0.4704,0.1439,TIE,TIE,0.0017,fragrantica-scraper-archive/social-cards/images/880_837-MOS_15209.jpeg,summer,0.4704,spring,0.4686,0.0018
875,831-MOS,727,female,SOCIAL_CARD_OCR,searhces cheap chic pa a user moschino ee for women main accords eae me cheap chic moschino for women main accords feat,0.3370,0.3653,0.2741,0.3616,TIE,TIE,0.0037,fragrantica-scraper-archive/social-cards/images/875_831-MOS_727.jpeg,spring,0.3653,fall,0.3616,0.0037
874,830-MNTB,16059,female,SOCIAL_CARD_OCR,legend pour femme montblanc ein an for women pant main accords a jee a white floral py legend pour femme a oe montblanc ae for women main accords i white floral,0.1963,0.3653,0.2741,0.3616,TIE,TIE,0.0037,fragrantica-scraper-archive/social-cards/images/874_830-MNTB_16059.jpeg,spring,0.3653,fall,0.3616,0.0037
873,829-MNTB,833,female,SOCIAL_CARD_OCR,femme de montblanc montblanc uae tp for women main accords if a femme de montblanc sme seit montblanc for women main accords i im fs,0.4185,0.1771,0.1074,0.4133,TIE,TIE,0.0052,fragrantica-scraper-archive/social-cards/images/873_829-MNTB_833.jpeg,winter,0.4185,fall,0.4133,0.0052
870,825-MIC,39459,female,SOCIAL_CARD_OCR,wonderlust aoe are michael kors sere ian for women main accords almond ts anaes hal wonderlust bal michael kors ca for women main accords almond ts,0.1926,0.3653,0.2741,0.3616,TIE,TIE,0.0037,fragrantica-scraper-archive/social-cards/images/870_825-MIC_39459.jpeg,spring,0.3653,fall,0.3616,0.0037
869,824-MIC,31343,female,SOCIAL_CARD_OCR,l i eee et white luminous gold michael kors ate for women main accords eee white luminous gold en michael kors ret for women qo main accords michael kors q est,0.4111,0.1771,0.1074,0.4244,TIE,TIE,0.0132,fragrantica-scraper-archive/social-cards/images/869_824-MIC_31343.jpeg,fall,0.4244,winter,0.4111,0.0133
858,813-MAR,31226,female,SOCIAL_CARD_OCR,decadence ingore marc jacobs lara for women main accords jo wewweee rn wweeeeeeeeywye decadence marc jacobs ea for women main accords aya a a a a oe ae a ds,0.4407,0.1439,0.1074,0.4244,TIE,TIE,0.0164,fragrantica-scraper-archive/social-cards/images/858_813-MAR_31226.jpeg,winter,0.4407,fall,0.4244,0.0163
845,798-LAN,11721,female,SOCIAL_CARD_OCR,tresor midnight hose lanc me ce for women tse an main accords or rag i fy ot tresor midnight rose lancome for women main accords y fii,0.4037,0.1993,0.1074,0.3838,TIE,TIE,0.0199,fragrantica-scraper-archive/social-cards/images/845_798-LAN_11721.jpeg,winter,0.4037,fall,0.3838,0.0199
838,788-LAN,3746,female,SOCIAL_CARD_OCR,magnitique lancome ee for women os woody pwoodty magnitique re lat lancome for women ey ke main accords a pst,0.4111,0.1661,0.1074,0.4133,TIE,TIE,0.0022,fragrantica-scraper-archive/social-cards/images/838_788-LAN_3746.jpeg,fall,0.4133,winter,0.4111,0.0022
826,771-LAP,823,female,SOCIAL_CARD_OCR,as en petts ad sliver rain la prairie cre cei for women a main accords ee sliver rain la prairie li for women main accords cs,0.3556,0.2435,0.1481,0.3616,TIE,TIE,0.0061,fragrantica-scraper-archive/social-cards/images/826_771-LAP_823.jpeg,fall,0.3616,winter,0.3556,0.0060
821,764-KIL,4321,unisex,SOCIAL_CARD_OCR,liaisons dangereuses by kilian saeatee for women and men main accords ee liaisons dangereuses by kilian in for women and men main accords a,0.1815,0.3432,0.2741,0.3616,TIE,TIE,0.0185,fragrantica-scraper-archive/social-cards/images/821_764-KIL_4321.jpeg,fall,0.3616,spring,0.3432,0.0184
815,753-KEN,3403,female,SOCIAL_CARD_OCR,kenzo oe kenzo ee for women main accords white floral forme et ae kenzo kenzo bes oeie ol for women main accords white floral,0.3370,0.3653,0.2741,0.3616,TIE,TIE,0.0037,fragrantica-scraper-archive/social-cards/images/815_753-KEN_3403.jpeg,spring,0.3653,fall,0.3616,0.0037
812,750-KEN,31539,female,SOCIAL_CARD_OCR,flower dy kenzo l enxx r kenzo ce for women main accords flower by kenzo l khxir for women kenzo main accords ie,0.4037,0.1882,0.1074,0.3985,TIE,TIE,0.0052,fragrantica-scraper-archive/social-cards/images/812_750-KEN_31539.jpeg,winter,0.4037,fall,0.3985,0.0052
793,729-JIM,29165,female,SOCIAL_CARD_OCR,jlmmy choo blossom oe jimmy choo ap aaemecessr for women rp ss a main accords ee sh eee rst at an lam mee jlmmy choo blossom jimmy choo for women sh ee dx main accords a,0.1259,0.4576,0.4556,0.1255,TIE,TIE,0.0020,fragrantica-scraper-archive/social-cards/images/793_729-JIM_29165.jpeg,spring,0.4576,summer,0.4556,0.0020
788,721-GUL,39582,female,SOCIAL_CARD_OCR,classique essence de partum jean paul gaultier cenged for women z main accords he vanilla foot wer classique essence de partum jean paul gaultier for women is main accords ny vanilla ya,0.4111,0.1771,0.1074,0.3985,TIE,TIE,0.0126,fragrantica-scraper-archive/social-cards/images/788_721-GUL_39582.jpeg,winter,0.4111,fall,0.3985,0.0126
785,718-ISS,720,female,SOCIAL_CARD_OCR,peep ats leau d issey issey miyake benne for women fl main accords reg ii leau d issey issey miyake aie for women main accords feat,0.1259,0.4354,0.4296,0.1550,TIE,TIE,0.0058,fragrantica-scraper-archive/social-cards/images/785_718-ISS_720.jpeg,spring,0.4354,summer,0.4296,0.0058
784,717-ISS,720,female,SOCIAL_CARD_OCR,peep ats leau d issey issey miyake benne for women fl main accords reg ii leau d issey issey miyake aie for women main accords feat,0.1259,0.4354,0.4296,0.1550,TIE,TIE,0.0058,fragrantica-scraper-archive/social-cards/images/784_717-ISS_720.jpeg,spring,0.4354,summer,0.4296,0.0058
778,711-HUG,5979,female,SOCIAL_CARD_OCR,ua ion ot boss orange bee hugo boss eas ane for women or ae m main accords was a white floral zils ate boss orange fia hugo boss for women main accords xs white floral iis,0.1370,0.3432,0.3593,0.2214,TIE,TIE,0.0161,fragrantica-scraper-archive/social-cards/images/778_711-HUG_5979.jpeg,summer,0.3593,spring,0.3432,0.0161
767,698-HER,9,female,SOCIAL_CARD_OCR,rece tess atte kau des mervelilles oat hermes e me for women z main accords dy enh kau des merveilles hermes raat for women main accords,0.2222,0.3653,0.2741,0.3616,TIE,TIE,0.0037,fragrantica-scraper-archive/social-cards/images/767_698-HER_9.jpeg,spring,0.3653,fall,0.3616,0.0037
766,697-HER,2669,unisex,SOCIAL_CARD_OCR,hermessence ambre nargulle hermes ee for women and men main accords a rk hermessence ambre narguile hermes for women and men main accords a,0.4630,0.1218,0.1074,0.4649,TIE,TIE,0.0020,fragrantica-scraper-archive/social-cards/images/766_697-HER_2669.jpeg,fall,0.4649,winter,0.4630,0.0019
765,696-GLA,2068,female,SOCIAL_CARD_OCR,fidjl kau de louette guy laroche one for women main accords a a fidjl kau de louette for women guy laroche main accords,0.1370,0.3542,0.3741,0.2878,TIE,TIE,0.0198,fragrantica-scraper-archive/social-cards/images/765_696-GLA_2068.jpeg,summer,0.3741,spring,0.3542,0.0199
764,695-GUE,26415,female,SOCIAL_CARD_OCR,pect sas guess dare coe ee guess peay for women main accords citrus fee e nc guess dare ae guess pots ud for women main accords citrus,0.1259,0.4354,0.4296,0.1771,TIE,TIE,0.0058,fragrantica-scraper-archive/social-cards/images/764_695-GUE_26415.jpeg,spring,0.4354,summer,0.4296,0.0058
757,684-GUR,48679,female,SOCIAL_CARD_OCR,balser de hussie moe guerlain beene ae for women ea aay main accords wy s s s ens res balser de russie guerlain pe for women main accords ae,0.3370,0.3432,0.2741,0.2878,TIE,TIE,0.0061,fragrantica-scraper-archive/social-cards/images/757_684-GUR_48679.jpeg,spring,0.3432,winter,0.3370,0.0062
756,682-GUR,18061,female,SOCIAL_CARD_OCR,aqua allegoria flora rosa guerlain es for women main accords peat be aqua allegoria flora rosa for women guerlain oe main accords f ii,0.1259,0.4908,0.4741,0.1439,TIE,TIE,0.0167,fragrantica-scraper-archive/social-cards/images/756_682-GUR_18061.jpeg,spring,0.4908,summer,0.4741,0.0167
746,670-GIV,4,female,SOCIAL_CARD_OCR,organza a givenchy mis aaeens for women main accords d ae white floral a ee organza rake givenchy is for women main accords ay ee white floral ij ee,0.4000,0.1550,0.1074,0.4133,TIE,TIE,0.0133,fragrantica-scraper-archive/social-cards/images/746_670-GIV_4.jpeg,fall,0.4133,winter,0.4000,0.0133
745,669-GIV,4695,female,SOCIAL_CARD_OCR,interdit ae a i i pa hy l interdl ee givenchy passe ee for women main accords powdery l interdit i givenchy el er a for women main accords powdery,0.3370,0.3542,0.1111,0.3616,TIE,TIE,0.0074,fragrantica-scraper-archive/social-cards/images/745_669-GIV_4695.jpeg,fall,0.3616,spring,0.3542,0.0074
739,663-GIV,757,female,SOCIAL_CARD_OCR,i bit eae amarige mariage givenchy eae for women fe main accords y ny amarige marlage givenchy for women main accords a,0.4185,0.1771,0.1074,0.3985,TIE,TIE,0.0200,fragrantica-scraper-archive/social-cards/images/739_663-GIV_757.jpeg,winter,0.4185,fall,0.3985,0.0200
723,641-FRE,10464,female,SOCIAL_CARD_OCR,os sra gene portrait of a lady frederic malle editions de parfums for women main accords od ae portrait of a lady frederic malle editions de parfums rina for women main accords,0.4000,0.2362,0.1074,0.3875,TIE,TIE,0.0125,fragrantica-scraper-archive/social-cards/images/723_641-FRE_10464.jpeg,winter,0.4000,fall,0.3875,0.0125
721,639-FEN,200,female,SOCIAL_CARD_OCR,ih tn rd fendl os fendi ee for women main accords fy fkendl fendi for women main accords fy,0.4185,0.1328,0.1074,0.4244,TIE,TIE,0.0058,fragrantica-scraper-archive/social-cards/images/721_639-FEN_200.jpeg,fall,0.4244,winter,0.4185,0.0059
719,636-EST,12219,female,SOCIAL_CARD_OCR,sensuous nude est e lauder eae for women main accords wi sei sensuous nude estee lauder yer for women main accords woody,0.1963,0.2362,0.3481,0.3616,TIE,TIE,0.0135,fragrantica-scraper-archive/social-cards/images/719_636-EST_12219.jpeg,fall,0.3616,summer,0.3481,0.0135
707,624-EST,541,female,SOCIAL_CARD_OCR,ww ww see ae intuition g estee lauder ene for women main accords y citrus i eee intuition estee lauder for women main accords citrus eee,0.2444,0.3653,0.1815,0.3764,TIE,TIE,0.0111,fragrantica-scraper-archive/social-cards/images/707_624-EST_541.jpeg,fall,0.3764,spring,0.3653,0.0111
706,623-EST,544,female,SOCIAL_CARD_OCR,saree hsstee ne eae est e lauder eres for women main accords it white floral ae wag ae ri ro is pe ey ie h stee ey ah estee lauder for women main accords white floral ini ps,0.3593,0.3653,0.1370,0.3616,TIE,TIE,0.0037,fragrantica-scraper-archive/social-cards/images/706_623-EST_544.jpeg,spring,0.3653,fall,0.3616,0.0037
689,602-ESC,25459,female,SOCIAL_CARD_OCR,jyoyilul oo pantie ieee escada setar ot for women a a a main accords ib ey fr fe foret a sn jyoyilul vd escada el soe for women o s main accords at ee ji o eat,0.1259,0.4797,0.4704,0.1439,TIE,TIE,0.0093,fragrantica-scraper-archive/social-cards/images/689_602-ESC_25459.jpeg,spring,0.4797,summer,0.4704,0.0093
686,598-ESC,46180,female,SOCIAL_CARD_OCR,celebrate n o w escada les for women ad tat main accords a ul vanilla i sssss w celebrate n o w any escada at be poae for women main accords a i vanilla sssss w,0.1296,0.3875,0.3741,0.1882,TIE,TIE,0.0134,fragrantica-scraper-archive/social-cards/images/686_598-ESC_46180.jpeg,spring,0.3875,summer,0.3741,0.0134
682,594-EMAN,901,female,SOCIAL_CARD_OCR,se saeepnaes diva eee berg nee eee os ee emanuel ungaro ai for women main accords n woody r eee dt diva dike emanuel ungaro for women main accords sa,0.4111,0.1771,0.1074,0.3985,TIE,TIE,0.0126,fragrantica-scraper-archive/social-cards/images/682_594-EMAN_901.jpeg,winter,0.4111,fall,0.3985,0.0126
671,582-DON,45499,female,SOCIAL_CARD_OCR,dkny nectar love oe donna karan eiaicnen tts for women main accords of ere dkny nectar love donna karan aes for women main accords,0.1296,0.3432,0.3593,0.2878,TIE,TIE,0.0161,fragrantica-scraper-archive/social-cards/images/671_582-DON_45499.jpeg,summer,0.3593,spring,0.3432,0.0161
670,581-DON,25948,female,SOCIAL_CARD_OCR,dikny my ny ee donna karan see eee for women main accords e oo sweet lan a i ee fy fy in dkny my ny donna karan baga aa for women main accords fy,0.2037,0.3653,0.1815,0.3764,TIE,TIE,0.0111,fragrantica-scraper-archive/social-cards/images/670_581-DON_25948.jpeg,fall,0.3764,spring,0.3653,0.0111
669,580-DON,10914,female,SOCIAL_CARD_OCR,dkny golden delicious donna karan roane for women main accords white floral x fo le dkny golden delicious for women donna karan main accords white floral le,0.1259,0.3653,0.3481,0.3063,TIE,TIE,0.0172,fragrantica-scraper-archive/social-cards/images/669_580-DON_10914.jpeg,spring,0.3653,summer,0.3481,0.0172
661,572-DIE,12446,female,SOCIAL_CARD_OCR,loverdose ee diesel ee for women main accords a ple ei loverdose diesel ee see for women main accords o sotspey,0.4333,0.1328,0.1074,0.4244,TIE,TIE,0.0090,fragrantica-scraper-archive/social-cards/images/661_572-DIE_12446.jpeg,winter,0.4333,fall,0.4244,0.0089
657,568-DOL,31968,female,SOCIAL_CARD_OCR,the one essence ee dolce gabbana beer for women main accords fp white floral ee os the one essence dolce gabbana art for women main accords white floral ee,0.4111,0.1882,0.1074,0.4133,TIE,TIE,0.0022,fragrantica-scraper-archive/social-cards/images/657_568-DOL_31968.jpeg,fall,0.4133,winter,0.4111,0.0022
655,566-DOL,698,female,SOCIAL_CARD_OCR,the one one dolce gabbana eres for women main accords the one dolce gabbana for women main accords ss,0.3741,0.2362,0.1111,0.3875,TIE,TIE,0.0134,fragrantica-scraper-archive/social-cards/images/655_566-DOL_698.jpeg,fall,0.3875,winter,0.3741,0.0134
646,556-DOL,4494,female,SOCIAL_CARD_OCR,etree te leau he one dolce gabbana res for women main accords a fs eee pie leau he one ey dolce gabbana i er for women main accords white floral fs,0.3370,0.3653,0.1704,0.3616,TIE,TIE,0.0037,fragrantica-scraper-archive/social-cards/images/646_556-DOL_4494.jpeg,spring,0.3653,fall,0.3616,0.0037
639,549-CLI,379,female,SOCIAL_CARD_OCR,simply clinique clinique ea oe for women main accords vanilla simply clinique for women clinique opr main accords vanilla,0.2037,0.3653,0.3481,0.3616,TIE,TIE,0.0037,fragrantica-scraper-archive/social-cards/images/639_549-CLI_379.jpeg,spring,0.3653,fall,0.3616,0.0037
635,545-CLI,371,female,SOCIAL_CARD_OCR,aromatics enxir clinique ee for women main accords fy penal ey aromatics elwxir clinique ni aeneas for women main accords,0.4000,0.1661,0.1222,0.3985,TIE,TIE,0.0015,fragrantica-scraper-archive/social-cards/images/635_545-CLI_371.jpeg,winter,0.4000,fall,0.3985,0.0015
633,542-DRC,214,female,SOCIAL_CARD_OCR,fe la pure poison loe dior ee for women main accords white floral pure polson dior for women main accords white floral,0.3370,0.3210,0.1704,0.2878,TIE,TIE,0.0160,fragrantica-scraper-archive/social-cards/images/633_542-DRC_214.jpeg,winter,0.3370,spring,0.3210,0.0160
610,515-CHL,48434,female,SOCIAL_CARD_OCR,se ine piace ane chloe meer for women main accords a woody nomade sr ba aly ta chloe chr suf for women main accords ae ooo,0.1926,0.3432,0.2741,0.3616,TIE,TIE,0.0185,fragrantica-scraper-archive/social-cards/images/610_515-CHL_48434.jpeg,fall,0.3616,spring,0.3432,0.0184
608,513-CHL,9370,female,SOCIAL_CARD_OCR,love com aoe eae ae chloe be eet for women main accords zi powdery ae cee love chiee oh of for women main accords powdery a,0.3370,0.3653,0.1222,0.3764,TIE,TIE,0.0111,fragrantica-scraper-archive/social-cards/images/608_513-CHL_9370.jpeg,fall,0.3764,spring,0.3653,0.0111
603,508-CHA,15963,female,SOCIAL_CARD_OCR,coco noir chanel es ae for women an main accords er se coco noir a chanel pay ee for women main accords eel a,0.4111,0.1550,0.1074,0.4244,TIE,TIE,0.0132,fragrantica-scraper-archive/social-cards/images/603_508-CHA_15963.jpeg,fall,0.4244,winter,0.4111,0.0133
602,507-CHA,48310,female,SOCIAL_CARD_OCR,coco mademoiselle intense oe chanel oe for women fakes fines evi main accords ran itrus coco mademoiselle intense chanel ae a oe for women main accords cy sees ie citrus ran,0.3370,0.3653,0.1481,0.3616,TIE,TIE,0.0037,fragrantica-scraper-archive/social-cards/images/602_507-CHA_48310.jpeg,spring,0.3653,fall,0.3616,0.0037
601,506-CHA,611,female,SOCIAL_CARD_OCR,coco mademolselle chanel sens for women f main accords citrus ny coco mademoiselle chanel aa for women main accords citrus ny,0.3370,0.3210,0.1815,0.3063,TIE,TIE,0.0160,fragrantica-scraper-archive/social-cards/images/601_506-CHA_611.jpeg,winter,0.3370,spring,0.3210,0.0160
597,502-CHA,608,female,SOCIAL_CARD_OCR,cnanel n vintage chanel es for women main accords aldehydic et ie cnanel n vintage for women chanel arches main accords aldehydic,0.3556,0.2362,0.2741,0.3616,TIE,TIE,0.0061,fragrantica-scraper-archive/social-cards/images/597_502-CHA_608.jpeg,fall,0.3616,winter,0.3556,0.0060
591,1068-CHA,37473,unisex,SOCIAL_CARD_OCR,pi acer ara boy kau de partum chanel bie for women and men a main accords no va a boy kau de partum chanel op pay ang for women and men main accords,0.1926,0.3432,0.3481,0.3063,TIE,TIE,0.0050,fragrantica-scraper-archive/social-cards/images/591_1068-CHA_37473.jpeg,summer,0.3481,spring,0.3432,0.0049
581,484-CAR,13618,female,SOCIAL_CARD_OCR,white oe perp oat carolina herrera ee ee for women main accords musky sss tt te white carolina herrera ss on for women main accords musky,0.1963,0.3653,0.3481,0.2878,TIE,TIE,0.0172,fragrantica-scraper-archive/social-cards/images/581_484-CAR_13618.jpeg,spring,0.3653,summer,0.3481,0.0172
580,483-CAR,35780,female,SOCIAL_CARD_OCR,vip wid party oe ee entiane carolina herrera saar for women main accords m i will fe iii hy vip wud party al carolina herrera for women main accords eal iii,0.1519,0.3210,0.3481,0.3616,TIE,TIE,0.0135,fragrantica-scraper-archive/social-cards/images/580_483-CAR_35780.jpeg,fall,0.3616,summer,0.3481,0.0135
577,480-CAR,306,female,SOCIAL_CARD_OCR,pene sexy ae ies carolina herrera be ah for women main accords re fl ify or te sexy ar carolina herrera for women main accords,0.3556,0.2435,0.1481,0.3542,TIE,TIE,0.0013,fragrantica-scraper-archive/social-cards/images/577_480-CAR_306.jpeg,winter,0.3556,fall,0.3542,0.0014
573,475-CAL,248,female,SOCIAL_CARD_OCR,obsession calvin klein eae for women main accords obsession calvin klein el for women main accords,0.4778,0.1218,0.1074,0.4649,TIE,TIE,0.0128,fragrantica-scraper-archive/social-cards/images/573_475-CAL_248.jpeg,winter,0.4778,fall,0.4649,0.0129
568,469-CAL,271,female,SOCIAL_CARD_OCR,escape calvin klein paces for women main accords fy sath escape sii re calvin klein copes ord for women main accords,0.1815,0.3653,0.3481,0.3616,TIE,TIE,0.0037,fragrantica-scraper-archive/social-cards/images/568_469-CAL_271.jpeg,spring,0.3653,fall,0.3616,0.0037
558,457-CAC,238,female,SOCIAL_CARD_OCR,amor amor cacharel ete for women main accords citrus fs eu ne amor amor nae mato mas be cacharel for women main accords citrus,0.2852,0.2989,0.2148,0.2878,TIE,TIE,0.0111,fragrantica-scraper-archive/social-cards/images/558_457-CAC_238.jpeg,spring,0.2989,fall,0.2878,0.0111
556,455-BYR,46358,unisex,SOCIAL_CARD_OCR,eee ear velvet haze byredo ie ae for women and men main accords musky velvet haze byredo for women and men main accords musky,0.3370,0.3653,0.1593,0.3764,TIE,TIE,0.0111,fragrantica-scraper-archive/social-cards/images/556_455-BYR_46358.jpeg,fall,0.3764,spring,0.3653,0.0111
551,446-BLG,152,female,SOCIAL_CARD_OCR,omnia crystalline eet ee bvlgari ae for women je mifeuews main accords ea ail heed omnia crystalline bvlgari ees for women iy y main accords f t cm fhe ee,0.1259,0.4170,0.4296,0.1328,TIE,TIE,0.0127,fragrantica-scraper-archive/social-cards/images/551_446-BLG_152.jpeg,summer,0.4296,spring,0.4170,0.0126
549,443-BLG,149,female,SOCIAL_CARD_OCR,blv notte pour kemme bvlgari kre e for women a main accords blv notte pour femme pesca peat ren rege si ty rn fol for women bvlgari main accords,0.3741,0.2362,0.1370,0.3875,TIE,TIE,0.0134,fragrantica-scraper-archive/social-cards/images/549_443-BLG_149.jpeg,fall,0.3875,winter,0.3741,0.0134
536,430-BRB,5946,female,SOCIAL_CARD_OCR,the beat edi burberry ee for women ya main accords citrus pr the beat edi fatie for women burberry main accords a citrus a,0.1259,0.4354,0.4185,0.1550,TIE,TIE,0.0169,fragrantica-scraper-archive/social-cards/images/536_430-BRB_5946.jpeg,spring,0.4354,summer,0.4185,0.0169
534,428-BRB,7613,female,SOCIAL_CARD_OCR,burberry sport tor women burberry po eee for women j main accords citrus burberry sport tor women aa for women burberry a main accords citrus,0.1259,0.3985,0.4037,0.1771,TIE,TIE,0.0052,fragrantica-scraper-archive/social-cards/images/534_428-BRB_7613.jpeg,summer,0.4037,spring,0.3985,0.0052
523,417-BOUR,3604,female,SOCIAL_CARD_OCR,soir de paris evening in paris ae bourjois pees for women main accords solr ee soir de paris evening in paris bourjois ors feet ad rs for women main accords powdery solr ee,0.3370,0.3653,0.1704,0.3616,TIE,TIE,0.0037,fragrantica-scraper-archive/social-cards/images/523_417-BOUR_3604.jpeg,spring,0.3653,fall,0.3616,0.0037
506,395-AGE,25352,female,SOCIAL_CARD_OCR,fatale pink agent provocateur sara for women i main accords kk s citrus ey ss lmceal fatale pink agent provocateur for women main accords citrus ss,0.1259,0.4576,0.4704,0.1550,TIE,TIE,0.0128,fragrantica-scraper-archive/social-cards/images/506_395-AGE_25352.jpeg,summer,0.4704,spring,0.4576,0.0128
365,1290-ZAD,39359,,OCR_UNRESOLVED,this is him zadig voltaire aoe formen main accords fy this s him zadig voltaire formen main accords,0.4111,0.1882,0.1074,0.4244,TIE,TIE,0.0132,fragrantica-scraper-archive/social-cards/images/365_1290-ZAD_39359.jpeg,fall,0.4244,winter,0.4111,0.0133
356,1280-YZLO,5521,male,SOCIAL_CARD_OCR,la nuit de homme yves saint laurent ae for men a main accords ee la nuit de homme yves saint laurent for men main accords pa,0.3741,0.2362,0.1074,0.3764,TIE,TIE,0.0023,fragrantica-scraper-archive/social-cards/images/356_1280-YZLO_5521.jpeg,fall,0.3764,winter,0.3741,0.0023
350,1274-VER,40031,male,SOCIAL_CARD_OCR,versace pour homme dylan blue versace ee for men main accords versace pour homme dylan blue versace io for men main accords,0.1519,0.3653,0.3778,0.2878,TIE,TIE,0.0125,fragrantica-scraper-archive/social-cards/images/350_1274-VER_40031.jpeg,summer,0.3778,spring,0.3653,0.0125
349,1273-VER,59417,male,SOCIAL_CARD_OCR,fae ious the dreamer pba meiic versace ae for men main accords wes rr white floral ee af it the dreamer a arp oo versace a formen main accords y white floral jy pe se se a,0.1963,0.3542,0.2741,0.3616,TIE,TIE,0.0074,fragrantica-scraper-archive/social-cards/images/349_1273-VER_59417.jpeg,fall,0.3616,spring,0.3542,0.0074
348,1272-VER,637,,OCR_UNRESOLVED,bl are sime minnalt versace oe formen g main accords a arad blue jeans versace formen main accords es,0.1259,0.3875,0.3778,0.2878,TIE,TIE,0.0097,fragrantica-scraper-archive/social-cards/images/348_1272-VER_637.jpeg,spring,0.3875,summer,0.3778,0.0097
347,1271-VAN,1098,male,SOCIAL_CARD_OCR,tsar es eneana van cleef arpels poe for men main accords j xx ii ow ae s tsar alae ai van cleef arpels formen main accords,0.3370,0.3653,0.1593,0.3616,TIE,TIE,0.0037,fragrantica-scraper-archive/social-cards/images/347_1271-VAN_1098.jpeg,spring,0.3653,fall,0.3616,0.0037
346,1270-VAN,44864,unisex,SOCIAL_CARD_OCR,a berra chee bos dore ee pera tases van cleef arpels cee for women and men main accords vanilla bois dore fol van cleef arpels for women and men main accords vanilla,0.4333,0.1661,0.1074,0.4428,TIE,TIE,0.0095,fragrantica-scraper-archive/social-cards/images/346_1270-VAN_44864.jpeg,fall,0.4428,winter,0.4333,0.0095
344,1268-VAL,19558,,OCR_UNRESOLVED,sas valentino uomo valentino pie a formen main accords valentino uomo valentino formen main accords,0.4185,0.1771,0.1074,0.4244,TIE,TIE,0.0058,fragrantica-scraper-archive/social-cards/images/344_1268-VAL_19558.jpeg,fall,0.4244,winter,0.4185,0.0059
341,1265-TRU,16027,,OCR_UNRESOLVED,my land ae paar nt trussardi rs formen main accords li citrus a ote a a my land trussardi cape formen main accords citrus a,0.1963,0.3542,0.2741,0.3616,TIE,TIE,0.0074,fragrantica-scraper-archive/social-cards/images/341_1265-TRU_16027.jpeg,fall,0.3616,spring,0.3542,0.0074
336,1259-SHU,14746,male,SOCIAL_CARD_OCR,old spice original shulton company oy runt for men main accords ae ad old spice original formen shulton company main accords,0.3370,0.3653,0.2741,0.3616,TIE,TIE,0.0037,fragrantica-scraper-archive/social-cards/images/336_1259-SHU_14746.jpeg,spring,0.3653,fall,0.3616,0.0037
330,1253-RCAV,26217,male,SOCIAL_CARD_OCR,just cavalli gold tor him roberto cavalli aes for men a main accords lae tt i fa etree just cavalli gold tor him roberto cavalli formen a es main accords am th we ee,0.4333,0.1439,0.1074,0.4244,TIE,TIE,0.0090,fragrantica-scraper-archive/social-cards/images/330_1253-RCAV_26217.jpeg,winter,0.4333,fall,0.4244,0.0089
329,1252-RCAV,838,male,SOCIAL_CARD_OCR,roberto cavalll black roberto cavalli seaeae for men if main accords rae bomiie roberto cavalll black feat cae iis formen roberto cavalli main accords,0.3741,0.2435,0.1111,0.3875,TIE,TIE,0.0134,fragrantica-scraper-archive/social-cards/images/329_1252-RCAV_838.jpeg,fall,0.3875,winter,0.3741,0.0134
322,1245-PRA,1045,female,SOCIAL_CARD_OCR,prada prada rare for women main accords ml i a prada prada el for women main accords a it a,0.4407,0.1328,0.1074,0.4244,TIE,TIE,0.0164,fragrantica-scraper-archive/social-cards/images/322_1245-PRA_1045.jpeg,winter,0.4407,fall,0.4244,0.0163
318,1241-PRA,43402,male,SOCIAL_CARD_OCR,luna rossa carpon kau de lollette oe for men main accords luna kossa carbon au de lollette prada for men eee main accords hd pe,0.1370,0.3432,0.3481,0.2878,TIE,TIE,0.0050,fragrantica-scraper-archive/social-cards/images/318_1241-PRA_43402.jpeg,summer,0.3481,spring,0.3432,0.0049
317,1240-PRA,15754,,OCR_UNRESOLVED,pane kee ie luna rossa prada eee formen main accords f oy ee luna rossa a prada mee err formen main accords jl ss,0.1259,0.4133,0.4037,0.2066,TIE,TIE,0.0096,fragrantica-scraper-archive/social-cards/images/317_1240-PRA_15754.jpeg,spring,0.4133,summer,0.4037,0.0096
313,1235-PAC,521,male,SOCIAL_CARD_OCR,ultraviolet man rabanne a for men oy oa ultraviolet man rabanne ote formen main accords,0.3370,0.3432,0.2741,0.3063,TIE,TIE,0.0061,fragrantica-scraper-archive/social-cards/images/313_1235-PAC_521.jpeg,spring,0.3432,winter,0.3370,0.0062
305,1224-APO,925,male,SOCIAL_CARD_OCR,sculpture homme oe nikos oe for men main accords citrus sculpture homme nikos for men main accords citrus,0.1259,0.4244,0.4296,0.1771,TIE,TIE,0.0053,fragrantica-scraper-archive/social-cards/images/305_1224-APO_925.jpeg,summer,0.4296,spring,0.4244,0.0052
302,1221-MOS,730,male,SOCIAL_CARD_OCR,e bearer ies uomo a moschino sees for men rn main accords te uomo c moschino formen main accords,0.1296,0.3653,0.3481,0.3616,TIE,TIE,0.0037,fragrantica-scraper-archive/social-cards/images/302_1221-MOS_730.jpeg,spring,0.3653,fall,0.3616,0.0037
295,1213-MNTB,45692,male,SOCIAL_CARD_OCR,paseeeen ty legend night coe montblanc ein for men m main accords a iors ho e an ne legend night montblanc pane ag formen main accords es,0.4000,0.2362,0.1074,0.3985,TIE,TIE,0.0015,fragrantica-scraper-archive/social-cards/images/295_1213-MNTB_45692.jpeg,winter,0.4000,fall,0.3985,0.0015
294,1212-MNTB,18861,,OCR_UNRESOLVED,pere aa legend intense montblanc ge formen main accords kd fs pen ar legend intense montblanc else formen main accords,0.2444,0.3653,0.2741,0.3616,TIE,TIE,0.0037,fragrantica-scraper-archive/social-cards/images/294_1212-MNTB_18861.jpeg,spring,0.3653,fall,0.3616,0.0037
292,1210-MNTB,4193,,OCR_UNRESOLVED,indtividuel montblanc se rae formen iq i main accords ana fy individuel montblanc op formen main accords fy,0.3370,0.3653,0.1704,0.3616,TIE,TIE,0.0037,fragrantica-scraper-archive/social-cards/images/292_1210-MNTB_4193.jpeg,spring,0.3653,fall,0.3616,0.0037
290,1207-MIC,26264,male,SOCIAL_CARD_OCR,michael kors tor men michael kors ea for men aa main accords ss ee michael kors tor men michael kors for men main accords,0.4111,0.2362,0.1074,0.4133,TIE,TIE,0.0022,fragrantica-scraper-archive/social-cards/images/290_1207-MIC_26264.jpeg,fall,0.4133,winter,0.4111,0.0022
288,1204-LOE,30321,,OCR_UNRESOLVED,solo loewe cedro loewe sata formen main accords solo loewe cedro loewe rie formen main accords,0.1963,0.3432,0.2741,0.3616,TIE,TIE,0.0185,fragrantica-scraper-archive/social-cards/images/288_1204-LOE_30321.jpeg,fall,0.3616,spring,0.3432,0.0184
275,1190-KEN,3403,female,SOCIAL_CARD_OCR,kenzo oe kenzo ee for women main accords white floral forme et ae kenzo kenzo bes oeie ol for women main accords white floral,0.3370,0.3653,0.2741,0.3616,TIE,TIE,0.0037,fragrantica-scraper-archive/social-cards/images/275_1190-KEN_3403.jpeg,spring,0.3653,fall,0.3616,0.0037
269,1182-JIM,25977,male,SOCIAL_CARD_OCR,jimmy choo man jimmy choo ae for men main accords pa as jimmy choo man jimmy choo formen main accords,0.1259,0.3875,0.3778,0.2878,TIE,TIE,0.0097,fragrantica-scraper-archive/social-cards/images/269_1182-JIM_25977.jpeg,spring,0.3875,summer,0.3778,0.0097
265,1177-GUL,12711,male,SOCIAL_CARD_OCR,kokori co jean paul gaultier eae ha for men main accords a kokori cco er jean paul gaultier for men main accords a,0.4185,0.1661,0.1074,0.4244,TIE,TIE,0.0058,fragrantica-scraper-archive/social-cards/images/265_1177-GUL_12711.jpeg,fall,0.4244,winter,0.4185,0.0059
260,1173-ISS,43311,male,SOCIAL_CARD_OCR,nuit d issey bleu astral issey miyake oe for men main accords nuit d issey bleu astral for men issey miyake main accords,0.1259,0.3875,0.3741,0.2878,TIE,TIE,0.0134,fragrantica-scraper-archive/social-cards/images/260_1173-ISS_43311.jpeg,spring,0.3875,summer,0.3741,0.0134
251,1163-HUG,5979,female,SOCIAL_CARD_OCR,ua ion ot boss orange bee hugo boss eas ane for women or ae m main accords was a white floral zils ate boss orange fia hugo boss for women main accords xs white floral iis,0.1370,0.3432,0.3593,0.2214,TIE,TIE,0.0161,fragrantica-scraper-archive/social-cards/images/251_1163-HUG_5979.jpeg,summer,0.3593,spring,0.3432,0.0161
249,1160-HUG,383,male,SOCIAL_CARD_OCR,boss bottled oe hugo boss sie ter iad for men main accords a inci y stay boss bottled rites hugo boss formen main accords inci y,0.2037,0.3432,0.2741,0.3616,TIE,TIE,0.0185,fragrantica-scraper-archive/social-cards/images/249_1160-HUG_383.jpeg,fall,0.3616,spring,0.3432,0.0184
248,1159-HUG,385,male,SOCIAL_CARD_OCR,h ance lalt baldessarini hugo boss baldessarini eres for men main accords lt citrus a aa amina os baldessarini huugo boss baldessarini ay ot rao for men main accords iat ee citrus ai ve aaa os,0.2222,0.3653,0.2741,0.3616,TIE,TIE,0.0037,fragrantica-scraper-archive/social-cards/images/248_1159-HUG_385.jpeg,spring,0.3653,fall,0.3616,0.0037
240,1150-GLA,2069,,OCR_UNRESOLVED,eee dra nooir guy laroche re aaeees formen y main accords ts drakkar noir guy laroche formen main accords ee,0.3370,0.3653,0.1815,0.3616,TIE,TIE,0.0037,fragrantica-scraper-archive/social-cards/images/240_1150-GLA_2069.jpeg,spring,0.3653,fall,0.3616,0.0037
239,1149-GUR,25780,male,SOCIAL_CARD_OCR,lh ideal ee peart omme ide guerlain he ars for men main accords citrus l homme deal guerlain ue for men main accords citrus,0.3519,0.2546,0.1111,0.3542,TIE,TIE,0.0024,fragrantica-scraper-archive/social-cards/images/239_1149-GUR_25780.jpeg,fall,0.3542,winter,0.3519,0.0023
238,1148-GUC,25946,unisex,SOCIAL_CARD_OCR,gucci oud cane gucci cars for women and men main accords a guccl oud guccl bir ee stra for women and men main accords a va a,0.4407,0.1328,0.1074,0.4244,TIE,TIE,0.0164,fragrantica-scraper-archive/social-cards/images/238_1148-GUC_25946.jpeg,winter,0.4407,fall,0.4244,0.0163
236,1146-GUC,13075,male,SOCIAL_CARD_OCR,gucci guilty intense pour homme ae for men main accords citrus ee gucci guilty intense pour homme gucci formen main accords citrus ee,0.3370,0.3653,0.1593,0.3616,TIE,TIE,0.0037,fragrantica-scraper-archive/social-cards/images/236_1146-GUC_13075.jpeg,spring,0.3653,fall,0.3616,0.0037
227,1136-ARM,45258,male,SOCIAL_CARD_OCR,kmporio armani stronger with you ee giorgio armani re for men main accords vanilla ee kmporio armani stronger with you giorgio armani formen main accords vanilla ee,0.4778,0.1439,0.1074,0.4649,TIE,TIE,0.0128,fragrantica-scraper-archive/social-cards/images/227_1136-ARM_45258.jpeg,winter,0.4778,fall,0.4649,0.0129
226,1134-ARM,1292,female,SOCIAL_CARD_OCR,emporio arman diamonds giorgio armani econo for women main accords es oo oc eeeeeee ui emporio armani diamonds giorgio armani for women ew main accords as,0.3370,0.3432,0.2741,0.2878,TIE,TIE,0.0061,fragrantica-scraper-archive/social-cards/images/226_1134-ARM_1292.jpeg,spring,0.3432,winter,0.3370,0.0062
225,1133-ARM,412,,OCR_UNRESOLVED,armani code ag giorgio armani peta formen main accords citrus a armani code apfiaeie eee giorgio armani formen main accords citrus,0.3815,0.1993,0.1111,0.3764,TIE,TIE,0.0051,fragrantica-scraper-archive/social-cards/images/225_1133-ARM_412.jpeg,winter,0.3815,fall,0.3764,0.0051
221,1129-ARM,24601,,OCR_UNRESOLVED,armani code ice a giorgio armani acsenn formen lf main accords i fs armani code ice giorgio armani formen main accords,0.1296,0.3653,0.3815,0.2878,TIE,TIE,0.0162,fragrantica-scraper-archive/social-cards/images/221_1129-ARM_24601.jpeg,summer,0.3815,spring,0.3653,0.0162
220,1128-ARM,42895,,OCR_UNRESOLVED,armani code colonia sabet atebe bene fae giorgio armani ere formen main accords citrus fy oe armani code colonia ii giorgio armani formen main accords citrus fy,0.1259,0.3764,0.3593,0.2325,TIE,TIE,0.0171,fragrantica-scraper-archive/social-cards/images/220_1128-ARM_42895.jpeg,spring,0.3764,summer,0.3593,0.0171
217,1124-ARM,48138,male,SOCIAL_CARD_OCR,acqua di glo absolu giorgio armani eo for men fq main accords ny acqua di g absolu giorgio armani aie formen main accords a,0.1259,0.3653,0.3481,0.3616,TIE,TIE,0.0037,fragrantica-scraper-archive/social-cards/images/217_1124-ARM_48138.jpeg,spring,0.3653,fall,0.3616,0.0037
207,1137-ARM,419,male,SOCIAL_CARD_OCR,emporio armani white for him giorgio armani ne for men eo main accords citrus fy tires emporio armani white for him formen giorgio armani a main accords citrus fy,0.1259,0.4170,0.4185,0.1771,TIE,TIE,0.0015,fragrantica-scraper-archive/social-cards/images/207_1137-ARM_419.jpeg,summer,0.4185,spring,0.4170,0.0015
206,1135-ARM,416,male,SOCIAL_CARD_OCR,apc egate emporio armani lul aee dae re giorgio armani ae for men main accords emporio armani lul giorgio armani on for men main accords woody,0.1963,0.3432,0.2741,0.3616,TIE,TIE,0.0185,fragrantica-scraper-archive/social-cards/images/206_1135-ARM_416.jpeg,fall,0.3616,spring,0.3432,0.0184
202,1111-DSQ,1936,,OCR_UNRESOLVED,he wood dsquared ree formen main accords he wood rance mien ea dsquared formen main accords,0.1370,0.3653,0.2741,0.3616,TIE,TIE,0.0037,fragrantica-scraper-archive/social-cards/images/202_1111-DSQ_1936.jpeg,spring,0.3653,fall,0.3616,0.0037
197,1106-DAV,590,,OCR_UNRESOLVED,zino davidolt a davidoff aorta formen main accords x yt zino davidot cn davidoff oitire i formen main accords yt,0.4000,0.2362,0.1074,0.3875,TIE,TIE,0.0125,fragrantica-scraper-archive/social-cards/images/197_1106-DAV_590.jpeg,winter,0.4000,fall,0.3875,0.0125
196,1105-DAV,28801,,OCR_UNRESOLVED,the brilliant game davidoff sega formen main accords l wut the brilliant game davidoff formen timi ul main accords winn all u wu tr fy,0.3963,0.1993,0.1074,0.3764,TIE,TIE,0.0199,fragrantica-scraper-archive/social-cards/images/196_1105-DAV_28801.jpeg,winter,0.3963,fall,0.3764,0.0199
194,1103-DAV,6282,male,SOCIAL_CARD_OCR,a wis ied hot water bee davidoff ere for men main accords ls warm spicy fy eng st ee hot water acti iar davidoff pease formen main accords,0.4000,0.1771,0.1111,0.3875,TIE,TIE,0.0125,fragrantica-scraper-archive/social-cards/images/194_1103-DAV_6282.jpeg,winter,0.4000,fall,0.3875,0.0125
191,1099-DOL,698,female,SOCIAL_CARD_OCR,the one one dolce gabbana eres for women main accords the one dolce gabbana for women main accords ss,0.3741,0.2362,0.1111,0.3875,TIE,TIE,0.0134,fragrantica-scraper-archive/social-cards/images/191_1099-DOL_698.jpeg,fall,0.3875,winter,0.3741,0.0134
176,1080-DRC,230,,OCR_UNRESOLVED,dior homme dior rte formen main accords po s fs ta et dior homme dior oye formen main accords po,0.3741,0.2435,0.1074,0.3875,TIE,TIE,0.0134,fragrantica-scraper-archive/social-cards/images/176_1080-DRC_230.jpeg,fall,0.3875,winter,0.3741,0.0134
168,1071-DRC,7092,unisex,SOCIAL_CARD_OCR,hf pn ee ambre nuit dior mine een for women and men main accords ambre nuit dior for women and men main accords,0.3741,0.2103,0.1074,0.3875,TIE,TIE,0.0134,fragrantica-scraper-archive/social-cards/images/168_1071-DRC_7092.jpeg,fall,0.3875,winter,0.3741,0.0134
167,1070-CHA,614,male,SOCIAL_CARD_OCR,kzgoiste platinum chanel cae for men ia main accords a chanel kgoiste platinum formen main accords ia es,0.1519,0.3542,0.3481,0.2878,TIE,TIE,0.0061,fragrantica-scraper-archive/social-cards/images/167_1070-CHA_614.jpeg,spring,0.3542,summer,0.3481,0.0061
165,1068-CHA,37473,unisex,SOCIAL_CARD_OCR,pi acer ara boy kau de partum chanel bie for women and men a main accords no va a boy kau de partum chanel op pay ang for women and men main accords,0.1926,0.3432,0.3481,0.3063,TIE,TIE,0.0050,fragrantica-scraper-archive/social-cards/images/165_1068-CHA_37473.jpeg,summer,0.3481,spring,0.3432,0.0049
157,1060-CRT,39885,male,SOCIAL_CARD_OCR,l envol de cartier kau de partum oe cartier be for men oo fi i i main accords oe l knvol de cartier kau de partum cartier formen main accords aa,0.3370,0.3653,0.1074,0.3764,TIE,TIE,0.0111,fragrantica-scraper-archive/social-cards/images/157_1060-CRT_39885.jpeg,fall,0.3764,spring,0.3653,0.0111
155,1057-CAR,35780,female,SOCIAL_CARD_OCR,vip wid party oe ee entiane carolina herrera saar for women main accords m i will fe iii hy vip wud party al carolina herrera for women main accords eal iii,0.1519,0.3210,0.3481,0.3616,TIE,TIE,0.0135,fragrantica-scraper-archive/social-cards/images/155_1057-CAR_35780.jpeg,fall,0.3616,summer,0.3481,0.0135
150,1051-CAL,12520,male,SOCIAL_CARD_OCR,ck one shock for him calvin klein seal for men main accords ck one shock for him formen calvin klein ite main accords a,0.4185,0.1771,0.1074,0.4244,TIE,TIE,0.0058,fragrantica-scraper-archive/social-cards/images/150_1051-CAL_12520.jpeg,fall,0.4244,winter,0.4185,0.0059
149,1050-CAL,22327,male,SOCIAL_CARD_OCR,ck one red earion tor him calvin klein ce as for men main accords fresh ck one red edition tor him calvin klein a formen main accords fresh ft,0.1259,0.3653,0.3481,0.2878,TIE,TIE,0.0172,fragrantica-scraper-archive/social-cards/images/149_1050-CAL_22327.jpeg,spring,0.3653,summer,0.3481,0.0172
147,1048-CAL,248,female,SOCIAL_CARD_OCR,obsession calvin klein eae for women main accords obsession calvin klein el for women main accords,0.4778,0.1218,0.1074,0.4649,TIE,TIE,0.0128,fragrantica-scraper-archive/social-cards/images/147_1048-CAL_248.jpeg,winter,0.4778,fall,0.4649,0.0129
140,1040-BLG,150,male,SOCIAL_CARD_OCR,blv notte pour homme bvlgari ses for men ltr ow main accords anni is h amie ee lv notte pour homme aa formen bvlgari main accords ie a,0.3370,0.3653,0.1593,0.3616,TIE,TIE,0.0037,fragrantica-scraper-archive/social-cards/images/140_1040-BLG_150.jpeg,spring,0.3653,fall,0.3616,0.0037
136,1035-BLG,154,unisex,SOCIAL_CARD_OCR,black ee oe ahares a ea bvlgari peres for women and men main accords y a ee ee black re bvlgari for women and men main accords y,0.4185,0.1661,0.1074,0.4133,TIE,TIE,0.0052,fragrantica-scraper-archive/social-cards/images/136_1035-BLG_154.jpeg,winter,0.4185,fall,0.4133,0.0052
131,1030-BRB,49095,male,SOCIAL_CARD_OCR,mr burberry indigo burberry meen for men main accords fy os mr burberry indigo oem formen burberry main accords es,0.1259,0.3985,0.4037,0.2030,TIE,TIE,0.0052,fragrantica-scraper-archive/social-cards/images/131_1030-BRB_49095.jpeg,summer,0.4037,spring,0.3985,0.0052
125,1024-BOU,44720,unisex,SOCIAL_CARD_OCR,vanille de zanzibar boucheron seer for women and men main accords vanilla s vanille de zanzibar ty boucheron for women and men e eevee oonorasens main accords vanilla sa,0.4111,0.1661,0.1074,0.4133,TIE,TIE,0.0022,fragrantica-scraper-archive/social-cards/images/125_1024-BOU_44720.jpeg,fall,0.4133,winter,0.4111,0.0022
120,1019-AZZ,43131,,OCR_UNRESOLVED,aces chrome pure es azzaro eeaee ray formen main accords nn citrus fs chrome pure azzaro oye formen main accords citrus in fs,0.1259,0.3875,0.3926,0.2140,TIE,TIE,0.0051,fragrantica-scraper-archive/social-cards/images/120_1019-AZZ_43131.jpeg,summer,0.3926,spring,0.3875,0.0051
115,1013-ARA,39608,male,SOCIAL_CARD_OCR,voyager pee wowantad i aad es aramis oe for men main accords ol zf voyager aramis el to formen main accords hi,0.1815,0.3100,0.2704,0.3100,TIE,TIE,0.0000,fragrantica-scraper-archive/social-cards/images/115_1013-ARA_39608.jpeg,spring,0.3100,fall,0.3100,0.0000
113,1011-ARA,27572,,OCR_UNRESOLVED,adventurer aramis be ae formen i main accords rl yt adventurer aramis formen main accords yt es,0.1259,0.3875,0.4037,0.2103,TIE,TIE,0.0162,fragrantica-scraper-archive/social-cards/images/113_1011-ARA_27572.jpeg,summer,0.4037,spring,0.3875,0.0162
111,1009-ACQ,38674,male,SOCIAL_CARD_OCR,colonia quercia acqua di parma ee for men main accords colonia quercia acqua di parma for men main accords,0.1963,0.3653,0.2741,0.3616,TIE,TIE,0.0037,fragrantica-scraper-archive/social-cards/images/111_1009-ACQ_38674.jpeg,spring,0.3653,fall,0.3616,0.0037
108,1005-ACQ,1684,,OCR_UNRESOLVED,colonia intensa acqua di parma sae formen main accords citrus yt erik colonia intensa acqua di parma es formen main accords citrus yt,0.1259,0.3875,0.3926,0.2214,TIE,TIE,0.0051,fragrantica-scraper-archive/social-cards/images/108_1005-ACQ_1684.jpeg,summer,0.3926,spring,0.3875,0.0051
